instance_id,base_instance_id,arm,gate,component_size,separation,separation_status,coverage,base_wrongness,n_tiers,seed,x,y,n_k,shd_truth,shd_cpdag,k_g0,undirected_fraction,z_size,z_star,phi_1,phi_1_n_broken,phi_1_n_inconsistent,r_claim,r_claim_censored,r_claim_cap,s0_ok,r_val,r_status,r_method,r_oracle,r_exact,r_assumes,r_witness,r_search_seconds,r_ladder_seconds,r_total_seconds,wall_until_timeout_s,r_stat_elements_visited,r_stat_closures,r_stat_validity_checks,r_stat_extensions_enumerated,AUC_frac,AUC_abs,n_depths_evaluated,n_depths_all_contradictory
c10_s01_cov050_seed00000000_bw000,c10_s01_cov050_seed00000000,flip,fast_gate,10,1,measured,0.5,0.0,,0,X,Y,6,2,9,9,0.7857142857142857,2,"C00,W",0.16666666666666666,1,0,1,0,3,True,1,ok,local_up_fast,mpdag_criterion,True,"Conjecture 2 (hence Anti-Exchange Case B, verified not proved)",C00->C02 C00->C03 C00->C04 C00->Y C03->C05 C04->C07 C04->C08 C05->C06 C06->C09 W->Y X->Y C00-X C02-X C03-X,0.0005959580000003406,0.0,0.0005959580000003406,,1,9,2,0,0.2518997224149896,1.2594986120749478,6,3
c10_s01_cov050_seed00000001_bw000,c10_s01_cov050_seed00000001,flip,fast_gate,10,1,measured,0.5,0.0,,1,X,Y,5,1,9,9,0.7692307692307693,2,"C00,W",0.2,1,0,1,0,3,True,1,ok,local_up_fast,mpdag_criterion,True,"Conjecture 2 (hence Anti-Exchange Case B, verified not proved)",C00->C02 C00->C03 C00->C08 C00->C09 C00->Y C03->C04 C04->C05 C05->C07 W->Y X->C06 X->Y C00-X C03-X,0.000429291999999748,0.0,0.000429291999999748,,1,9,2,0,0.24659999999999999,0.822,5,3
c10_s01_cov050_seed00000002_bw000,c10_s01_cov050_seed00000002,flip,fast_gate,10,1,measured,0.5,0.0,,2,X,Y,6,3,9,9,0.8,2,"C00,W",0.16666666666666666,1,0,1,0,3,True,1,ok,local_up_fast,mpdag_criterion,True,"Conjecture 2 (hence Anti-Exchange Case B, verified not proved)",C00->C02 C00->C03 C00->C05 C00->C06 C00->C07 C00->Y C02->C09 C05->C08 W->Y X->C04 X->Y C00-X C02-X C05-C06 C07-X,0.0006867090000000076,0.0,0.0006867090000000076,,1,9,2,0,0.44829014084507046,1.185112676056338,6,4
c10_s01_cov050_seed00000003_bw000,c10_s01_cov050_seed00000003,flip,fast_gate,10,1,measured,0.5,0.0,,3,X,Y,6,3,10,10,0.8125,2,"C00,W",0.16666666666666666,1,0,1,0,3,True,1,ok,local_up_fast,mpdag_criterion,True,"Conjecture 2 (hence Anti-Exchange Case B, verified not proved)",C00->C02 C00->C03 C00->C04 C00->C06 C00->Y C02->C05 C03->C07 C03->C08 C03->C09 C04->C07 W->Y X->Y C00-X C02-X C03-C04 C03-C06,0.0007522920000013755,0.0,0.0007522920000013755,,1,10,2,0,0.3104272652576004,1.552136326288002,6,3
c10_s01_cov050_seed00000004_bw000,c10_s01_cov050_seed00000004,flip,fast_gate,10,1,measured,0.5,0.0,,4,X,Y,5,1,9,9,0.7692307692307693,2,"C00,W",0.2,1,0,1,0,3,True,1,ok,local_up_fast,mpdag_criterion,True,"Conjecture 2 (hence Anti-Exchange Case B, verified not proved)",C00->C05 C00->C09 C00->Y C02->C03 C03->C04 C03->C06 C04->C07 C06->C08 W->Y X->C02 X->Y C00-X C04-C06,0.00044945800000029124,0.0,0.00044945800000029124,,1,9,2,0,0.21350906095551894,0.7116968698517299,5,2
c10_s01_cov050_seed00000005_bw000,c10_s01_cov050_seed00000005,flip,fast_gate,10,1,measured,0.5,0.0,,5,X,Y,6,1,11,11,0.8,2,"C00,W",0.16666666666666666,1,0,1,0,3,True,1,ok,local_up_fast,mpdag_criterion,True,"Conjecture 2 (hence Anti-Exchange Case B, verified not proved)",C00->C07 C00->Y C02->C03 C02->C04 C02->C06 C02->C09 W->Y X->C02 X->C04 X->C05 X->C06 X->C08 X->Y C00-X C05-C08,0.0006287920000005442,0.0,0.0006287920000005442,,1,11,4,0,0.41156969579999103,1.0785738676009917,6,4
c10_s01_cov050_seed00000006_bw000,c10_s01_cov050_seed00000006,flip,fast_gate,10,1,measured,0.5,0.0,,6,X,Y,5,0,10,10,0.7692307692307693,2,"C00,W",0.2,1,0,1,0,3,True,1,ok,local_up_fast,mpdag_criterion,True,"Conjecture 2 (hence Anti-Exchange Case B, verified not proved)",C00->C02 C00->Y C02->C04 C02->C06 C03->C08 C04->C07 W->Y X->C03 X->C05 X->C08 X->C09 X->Y C00-X,0.00045558399999734434,0.0,0.00045558399999734434,,1,10,3,0,0.8466903043134455,2.398443146357847,5,2
c10_s01_cov050_seed00000007_bw000,c10_s01_cov050_seed00000007,flip,fast_gate,10,1,measured,0.5,0.0,,7,X,Y,5,1,9,9,0.7692307692307693,2,"C00,W",0.2,1,0,1,0,3,True,1,ok,local_up_fast,mpdag_criterion,True,"Conjecture 2 (hence Anti-Exchange Case B, verified not proved)",C00->C07 C00->C08 C00->Y C03->C04 C03->C09 C05->C06 W->Y X->C02 X->C03 X->C05 X->Y C00-X C04-C09,0.00044833399999788526,0.0,0.00044833399999788526,,1,9,2,0,0.1920583468395462,0.640194489465154,5,2
c10_s01_cov050_seed00000008_bw000,c10_s01_cov050_seed00000008,flip,fast_gate,10,1,measured,0.5,0.0,,8,X,Y,6,2,10,10,0.8,2,"C00,W",0.16666666666666666,1,0,1,0,3,True,1,ok,local_up_fast,mpdag_criterion,True,"Conjecture 2 (hence Anti-Exchange Case B, verified not proved)",C00->C03 C00->Y C02->C04 C02->C09 C03->C05 C03->C06 C03->C07 C03->C08 W->Y X->C02 X->C09 X->Y C00-X C05-C07 C07-C08,0.0006968339999993134,0.0,0.0006968339999993134,,1,10,3,0,0.8518873278587892,2.259436639293946,6,3
c10_s01_cov050_seed00000009_bw000,c10_s01_cov050_seed00000009,flip,fast_gate,10,1,measured,0.5,0.0,,9,X,Y,6,3,9,9,0.8,2,"C00,W",0.16666666666666666,1,0,1,0,3,True,1,ok,local_up_fast,mpdag_criterion,True,"Conjecture 2 (hence Anti-Exchange Case B, verified not proved)",C00->C02 C00->Y C02->C03 C02->C04 C03->C05 C03->C09 C05->C06 C05->C07 C06->C08 W->Y X->Y C00-X C02-X C05-C09 C06-C07,0.0007090410000003544,0.0,0.0007090410000003544,,1,9,2,0,0.34362734738905354,1.9693805180397954,6,1
c10_s01_cov050_seed00000010_bw000,c10_s01_cov050_seed00000010,flip,fast_gate,10,1,measured,0.5,0.0,,10,X,Y,6,2,9,9,0.7857142857142857,2,"C00,W",0.16666666666666666,1,0,1,0,3,True,1,ok,local_up_fast,mpdag_criterion,True,"Conjecture 2 (hence Anti-Exchange Case B, verified not proved)",C00->C02 C00->C05 C00->C07 C00->C09 C00->Y C02->C03 C02->C04 C03->C08 C04->C06 W->Y X->Y C00-X C02-X C05-X,0.0005942499999989082,0.0,0.0005942499999989082,,1,9,2,0,0.23455872664505759,1.172793633225288,6,3
c10_s01_cov050_seed00000011_bw000,c10_s01_cov050_seed00000011,flip,fast_gate,10,1,measured,0.5,0.0,,11,X,Y,6,4,7,7,0.7857142857142857,2,"C00,W",0.16666666666666666,1,0,1,0,3,True,1,ok,local_up_fast,mpdag_criterion,True,"Conjecture 2 (hence Anti-Exchange Case B, verified not proved)",C00->C02 C00->C03 C00->C04 C00->C05 C00->C06 C00->Y C05->C09 W->Y X->Y C00-C07 C00-X C02-C04 C03-C06 C07-C08,0.0008935420000000249,0.0,0.0008935420000000249,,1,7,2,0,0.9708,1.854,6,4
c10_s01_cov050_seed00000012_bw000,c10_s01_cov050_seed00000012,flip,fast_gate,10,1,measured,0.5,0.0,,12,X,Y,6,4,9,9,0.8125,2,"C00,W",0.16666666666666666,1,0,1,0,3,True,1,ok,local_up_fast,mpdag_criterion,True,"Conjecture 2 (hence Anti-Exchange Case B, verified not proved)",C00->C03 C00->C04 C00->C05 C00->C06 C00->C09 C00->Y C06->C07 C06->C08 W->Y X->C02 X->Y C00-X C03-X C04-C05 C04-C06 C05-C09,0.0007896669999993833,0.0,0.0007896669999993833,,1,9,2,0,0.7600360153256706,1.5702950191570881,6,4
c10_s01_cov050_seed00000013_bw000,c10_s01_cov050_seed00000013,flip,fast_gate,10,1,measured,0.5,0.0,,13,X,Y,6,1,12,12,0.8125,2,"C00,W",0.16666666666666666,1,0,1,0,3,True,1,ok,local_up_fast,mpdag_criterion,True,"Conjecture 2 (hence Anti-Exchange Case B, verified not proved)",C00->Y C02->C03 C02->C04 C03->C04 C03->C06 C04->C06 C04->C09 C05->C07 C05->C08 C06->C09 W->Y X->C02 X->C05 X->Y C00-X C07-C08,0.0015723339999951236,0.0,0.0015723339999951236,,1,12,3,0,0.10961538461538463,0.5480769230769231,6,0
c10_s01_cov050_seed00000014_bw000,c10_s01_cov050_seed00000014,flip,fast_gate,10,1,measured,0.5,0.0,,14,X,Y,5,1,9,9,0.7692307692307693,2,"C00,W",0.2,1,0,1,0,3,True,1,ok,local_up_fast,mpdag_criterion,True,"Conjecture 2 (hence Anti-Exchange Case B, verified not proved)",C00->C02 C00->C06 C00->Y C02->C03 C04->C05 C04->C09 C05->C07 C06->C08 W->Y X->C04 X->Y C00-X C05-C09,0.0004886250000026848,0.0,0.0004886250000026848,,1,9,2,0,0.5310344827586209,1.1330049261083743,5,3
c10_s01_cov050_seed00000015_bw000,c10_s01_cov050_seed00000015,flip,fast_gate,10,1,measured,0.5,0.0,,15,X,Y,5,1,9,9,0.7692307692307693,2,"C00,W",0.2,1,0,1,0,3,True,1,ok,local_up_fast,mpdag_criterion,True,"Conjecture 2 (hence Anti-Exchange Case B, verified not proved)",C00->C04 C00->C05 C00->C09 C00->Y C02->C03 C03->C08 C04->C06 C04->C07 W->Y X->C02 X->Y C00-X C04-C05,0.00047308399999934636,0.0,0.00047308399999934636,,1,9,2,0,0.5807812195597115,1.273037210208455,5,3
c10_s01_cov050_seed00000016_bw000,c10_s01_cov050_seed00000016,flip,fast_gate,10,1,measured,0.5,0.0,,16,X,Y,6,2,10,10,0.8,2,"C00,W",0.16666666666666666,1,0,1,0,3,True,1,ok,local_up_fast,mpdag_criterion,True,"Conjecture 2 (hence Anti-Exchange Case B, verified not proved)",C00->C06 C00->C08 C00->C09 C00->Y C02->C03 C02->C05 C06->C07 W->Y X->C02 X->C03 X->C04 X->Y C00-X C06-C08 C06-C09,0.0006948750000006498,0.0,0.0006948750000006498,,1,10,3,0,0.9052012055375964,2.5260060276879823,6,3
c10_s01_cov050_seed00000017_bw000,c10_s01_cov050_seed00000017,flip,fast_gate,10,1,measured,0.5,0.0,,17,X,Y,6,3,10,10,0.8125,2,"C00,W",0.16666666666666666,1,0,1,0,3,True,1,ok,local_up_fast,mpdag_criterion,True,"Conjecture 2 (hence Anti-Exchange Case B, verified not proved)",C00->C02 C00->C08 C00->Y C02->C03 C02->C04 C02->C07 C03->C09 C04->C09 C05->C06 W->Y X->C05 X->Y C00-X C02-X C03-C04 C08-X,0.0010899580000014453,0.0,0.0010899580000014453,,1,10,2,0,0.2643540609005305,1.425936971169319,6,2
c10_s01_cov050_seed00000018_bw000,c10_s01_cov050_seed00000018,flip,fast_gate,10,1,measured,0.5,0.0,,18,X,Y,6,2,9,9,0.7857142857142857,2,"C00,W",0.16666666666666666,1,0,1,0,3,True,1,ok,local_up_fast,mpdag_criterion,True,"Conjecture 2 (hence Anti-Exchange Case B, verified not proved)",C00->C03 C00->C04 C00->Y C03->C05 C03->C06 C03->C07 C03->C08 C05->C09 W->Y X->C02 X->Y C00-X C03-X C05-C07,0.0006291669999995975,0.0,0.0006291669999995975,,1,9,2,0,0.3116416447104349,1.667431524523048,6,2
c10_s01_cov050_seed00000019_bw000,c10_s01_cov050_seed00000019,flip,fast_gate,10,1,measured,0.5,0.0,,19,X,Y,5,0,10,10,0.7692307692307693,2,"C00,W",0.2,1,0,1,0,3,True,1,ok,local_up_fast,mpdag_criterion,True,"Conjecture 2 (hence Anti-Exchange Case B, verified not proved)",C00->C04 C00->C05 C00->Y C02->C03 C02->C08 C04->C06 C05->C07 C06->C09 W->Y X->C02 X->C03 X->Y C00-X,0.00045724999999663396,0.0,0.00045724999999663396,,1,10,3,0,0.6000108134086267,1.287840922744203,5,3
c10_s01_cov050_seed00000020_bw000,c10_s01_cov050_seed00000020,flip,fast_gate,10,1,measured,0.5,0.0,,20,X,Y,6,3,9,9,0.8,2,"C00,W",0.16666666666666666,1,0,1,0,3,True,1,ok,local_up_fast,mpdag_criterion,True,"Conjecture 2 (hence Anti-Exchange Case B, verified not proved)",C00->C03 C00->C04 C00->C06 C00->C07 C00->C09 C00->Y C07->C08 W->Y X->C02 X->C05 X->Y C00-X C02-C05 C03-X C04-C09,0.0010852500000027021,0.0,0.0010852500000027021,,1,9,2,0,0.5775884892086331,1.3339856115107913,6,4
c10_s01_cov050_seed00000021_bw000,c10_s01_cov050_seed00000021,flip,fast_gate,10,1,measured,0.5,0.0,,21,X,Y,6,2,9,9,0.7857142857142857,2,"C00,W",0.16666666666666666,1,0,1,0,3,True,1,ok,local_up_fast,mpdag_criterion,True,"Conjecture 2 (hence Anti-Exchange Case B, verified not proved)",C00->C02 C00->C05 C00->C06 C00->Y C02->C03 C04->C07 C04->C08 C06->C09 W->Y X->C04 X->Y C00-X C06-X C07-C08,0.0007531250000027967,0.0,0.0007531250000027967,,1,9,2,0,0.21495310245310245,1.0747655122655122,6,3
c10_s01_cov050_seed00000022_bw000,c10_s01_cov050_seed00000022,flip,fast_gate,10,1,measured,0.5,0.0,,22,X,Y,6,2,9,9,0.7857142857142857,2,"C00,W",0.16666666666666666,1,0,1,0,3,True,1,ok,local_up_fast,mpdag_criterion,True,"Conjecture 2 (hence Anti-Exchange Case B, verified not proved)",C00->C02 C00->C03 C00->C05 C00->C07 C00->C08 C00->Y C02->C04 C04->C09 C05->C06 W->Y X->Y C00-X C02-X C03-X,0.0005939580000102751,0.0,0.0005939580000102751,,1,9,2,0,0.1664,0.832,6,4
c10_s01_cov050_seed00000023_bw000,c10_s01_cov050_seed00000023,flip,fast_gate,10,1,measured,0.5,0.0,,23,X,Y,6,4,8,8,0.8,2,"C00,W",0.16666666666666666,1,0,1,0,3,True,1,ok,local_up_fast,mpdag_criterion,True,"Conjecture 2 (hence Anti-Exchange Case B, verified not proved)",C00->C02 C00->C03 C00->C05 C00->C06 C00->C07 C00->Y C02->C04 C05->C08 W->Y X->Y C00-C09 C00-X C02-C03 C02-C06 C06-C09,0.0006446249999925158,0.0,0.0006446249999925158,,1,8,2,0,0.9655999999999999,1.8279999999999998,6,4
c10_s01_cov050_seed00000024_bw000,c10_s01_cov050_seed00000024,flip,fast_gate,10,1,measured,0.5,0.0,,24,X,Y,5,1,9,9,0.7692307692307693,2,"C00,W",0.2,1,0,1,0,3,True,1,ok,local_up_fast,mpdag_criterion,True,"Conjecture 2 (hence Anti-Exchange Case B, verified not proved)",C00->C02 C00->C03 C00->C04 C00->C06 C00->Y C02->C05 C03->C08 C06->C07 C07->C09 W->Y X->Y C00-X C03-C06,0.0004245410000009997,0.0,0.0004245410000009997,,1,9,2,0,0.9388,1.796,5,3
c10_s01_cov050_seed00000025_bw000,c10_s01_cov050_seed00000025,flip,fast_gate,10,1,measured,0.5,0.0,,25,X,Y,6,1,12,12,0.8125,2,"C00,W",0.16666666666666666,1,0,1,0,3,True,1,ok,local_up_fast,mpdag_criterion,True,"Conjecture 2 (hence Anti-Exchange Case B, verified not proved)",C00->C02 C00->C03 C00->C05 C00->Y C02->C03 C02->C04 C02->C06 C02->C09 C03->C06 W->Y X->C04 X->C07 X->C08 X->Y C00-X C02-X,0.0008399169999933065,0.0,0.0008399169999933065,,1,12,3,0,0.6054909911540735,2.038207643942411,6,3
c10_s01_cov050_seed00000026_bw000,c10_s01_cov050_seed00000026,flip,fast_gate,10,1,measured,0.5,0.0,,26,X,Y,6,2,11,11,0.8125,2,"C00,W",0.16666666666666666,1,0,1,0,3,True,1,ok,local_up_fast,mpdag_criterion,True,"Conjecture 2 (hence Anti-Exchange Case B, verified not proved)",C00->C02 C00->C03 C00->C09 C00->Y C02->C04 C02->C05 C03->C06 C03->C07 C04->C08 C06->C07 W->Y X->C06 X->Y C00-X C02-X C03-X,0.0015258340000059434,0.0,0.0015258340000059434,,1,11,2,0,0.2604689335923431,1.3023446679617154,6,3
c10_s01_cov050_seed00000027_bw000,c10_s01_cov050_seed00000027,flip,fast_gate,10,1,measured,0.5,0.0,,27,X,Y,6,1,11,11,0.8,2,"C00,W",0.16666666666666666,1,0,1,0,3,True,1,ok,local_up_fast,mpdag_criterion,True,"Conjecture 2 (hence Anti-Exchange Case B, verified not proved)",C00->C02 C00->C03 C00->C07 C00->Y C02->C03 C02->C04 C02->C06 C03->C07 C05->C09 C07->C08 W->Y X->C05 X->Y C00-X C04-C06,0.0006544999999960055,0.0,0.0006544999999960055,,1,11,3,0,0.8971853618080032,2.4859268090400164,6,3
c10_s01_cov050_seed00000028_bw000,c10_s01_cov050_seed00000028,flip,fast_gate,10,1,measured,0.5,0.0,,28,X,Y,5,1,9,9,0.7692307692307693,2,"C00,W",0.2,1,0,1,0,3,True,1,ok,local_up_fast,mpdag_criterion,True,"Conjecture 2 (hence Anti-Exchange Case B, verified not proved)",C00->C05 C00->Y C02->C03 C02->C04 C02->C06 C06->C07 C06->C08 C07->C09 W->Y X->C02 X->Y C00-X C03-C04,0.00045737499999631837,0.0,0.00045737499999631837,,1,9,2,0,0.14234693877551022,0.4744897959183674,5,2
c10_s01_cov050_seed00000029_bw000,c10_s01_cov050_seed00000029,flip,fast_gate,10,1,measured,0.5,0.0,,29,X,Y,6,0,12,12,0.8,2,"C00,W",0.16666666666666666,1,0,1,0,3,True,1,ok,local_up_fast,mpdag_criterion,True,"Conjecture 2 (hence Anti-Exchange Case B, verified not proved)",C00->C03 C00->Y C02->C04 C02->C05 C02->C06 C04->C07 C07->C09 W->Y X->C02 X->C04 X->C05 X->C07 X->C08 X->Y C00-X,0.0006423330000018268,0.0,0.0006423330000018268,,1,12,4,0,0.5855548547018035,1.8143722116533476,6,3
c10_s01_cov050_seed00000030_bw000,c10_s01_cov050_seed00000030,flip,fast_gate,10,1,measured,0.5,0.0,,30,X,Y,6,3,9,9,0.8,2,"C00,W",0.16666666666666666,1,0,1,0,3,True,1,ok,local_up_fast,mpdag_criterion,True,"Conjecture 2 (hence Anti-Exchange Case B, verified not proved)",C00->C02 C00->C03 C00->C05 C00->C06 C00->C08 C00->Y C02->C04 C05->C09 W->Y X->C07 X->Y C00-X C02-C03 C03-C08 C05-C06,0.0006026249999990796,0.0,0.0006026249999990796,,1,9,2,0,0.9663999999999999,1.8319999999999999,6,4
c10_s01_cov050_seed00000031_bw000,c10_s01_cov050_seed00000031,flip,fast_gate,10,1,measured,0.5,0.0,,31,X,Y,6,3,9,9,0.8,2,"C00,W",0.16666666666666666,1,0,1,0,3,True,1,ok,local_up_fast,mpdag_criterion,True,"Conjecture 2 (hence Anti-Exchange Case B, verified not proved)",C00->C02 C00->C04 C00->C05 C00->C06 C00->Y C02->C03 C02->C08 C05->C09 C06->C07 W->Y X->Y C00-X C02-C05 C02-X C05-C06,0.0008365000000054579,0.0,0.0008365000000054579,,1,9,2,0,0.6841244158227378,2.164808125625316,6,3
c10_s01_cov050_seed00000032_bw000,c10_s01_cov050_seed00000032,flip,fast_gate,10,1,measured,0.5,0.0,,32,X,Y,4,0,9,9,0.75,2,"C00,W",0.25,1,0,1,0,3,True,1,ok,local_up_fast,mpdag_criterion,True,"Conjecture 2 (hence Anti-Exchange Case B, verified not proved)",C00->C03 C00->Y C04->C06 C04->C09 C06->C07 C07->C08 W->Y X->C02 X->C04 X->C05 X->Y C00-X,0.0004028749999918091,0.0,0.0004028749999918091,,1,9,2,0,0.14645669291338584,0.4881889763779528,4,2
c10_s01_cov050_seed00000033_bw000,c10_s01_cov050_seed00000033,flip,fast_gate,10,1,measured,0.5,0.0,,33,X,Y,6,0,12,12,0.8,2,"C00,W",0.16666666666666666,1,0,1,0,3,True,1,ok,local_up_fast,mpdag_criterion,True,"Conjecture 2 (hence Anti-Exchange Case B, verified not proved)",C00->Y C04->C08 C04->C09 C05->C06 C05->C07 C06->C07 W->Y X->C02 X->C03 X->C04 X->C05 X->C08 X->C09 X->Y C00-X,0.0006369580000011865,0.0,0.0006369580000011865,,1,12,5,0,0.22551236349233297,1.1275618174616646,6,1
c10_s01_cov050_seed00000034_bw000,c10_s01_cov050_seed00000034,flip,fast_gate,10,1,measured,0.5,0.0,,34,X,Y,5,1,9,9,0.7692307692307693,2,"C00,W",0.2,1,0,1,0,3,True,1,ok,local_up_fast,mpdag_criterion,True,"Conjecture 2 (hence Anti-Exchange Case B, verified not proved)",C00->C02 C00->C03 C00->Y C02->C04 C03->C07 C04->C06 C04->C08 C06->C09 W->Y X->C05 X->Y C00-X C03-X,0.0005180410000065194,0.0,0.0005180410000065194,,1,9,2,0,0.3135884481037924,1.2458936294078509,5,2
c10_s01_cov050_seed00000035_bw000,c10_s01_cov050_seed00000035,flip,fast_gate,10,1,measured,0.5,0.0,,35,X,Y,5,0,10,10,0.7692307692307693,2,"C00,W",0.2,1,0,1,0,3,True,1,ok,local_up_fast,mpdag_criterion,True,"Conjecture 2 (hence Anti-Exchange Case B, verified not proved)",C00->C02 C00->C04 C00->C06 C00->Y C02->C04 C02->C05 C06->C08 C08->C09 W->Y X->C03 X->C07 X->Y C00-X,0.0004519170000065742,0.0,0.0004519170000065742,,1,10,3,0,0.8785824749788451,2.517755536751189,5,2
c10_s01_cov050_seed00000036_bw000,c10_s01_cov050_seed00000036,flip,fast_gate,10,1,measured,0.5,0.0,,36,X,Y,5,1,9,9,0.7692307692307693,2,"C00,W",0.2,1,0,1,0,3,True,1,ok,local_up_fast,mpdag_criterion,True,"Conjecture 2 (hence Anti-Exchange Case B, verified not proved)",C00->C02 C00->C03 C00->C07 C00->Y C02->C05 C03->C04 C05->C06 W->Y X->C08 X->C09 X->Y C00-X C03-C07,0.0005381249999913962,0.0,0.0005381249999913962,,1,9,2,0,0.9275600505689001,1.7585335018963337,5,3
c10_s01_cov050_seed00000037_bw000,c10_s01_cov050_seed00000037,flip,fast_gate,10,1,measured,0.5,0.0,,37,X,Y,6,1,12,12,0.8125,2,"C00,W",0.16666666666666666,1,0,1,0,3,True,1,ok,local_up_fast,mpdag_criterion,True,"Conjecture 2 (hence Anti-Exchange Case B, verified not proved)",C00->C02 C00->C03 C00->C08 C00->Y C02->C03 C03->C04 C03->C05 C03->C06 C05->C07 C06->C07 C06->C09 C07->C09 W->Y X->Y C00-X C05-C06,0.0006603340000026492,0.0,0.0006603340000026492,,1,12,3,0,0.9046873569532181,3.5234367847660897,6,2
c10_s01_cov050_seed00000038_bw000,c10_s01_cov050_seed00000038,flip,fast_gate,10,1,measured,0.5,0.0,,38,X,Y,6,1,11,11,0.8,2,"C00,W",0.16666666666666666,1,0,1,0,3,True,1,ok,local_up_fast,mpdag_criterion,True,"Conjecture 2 (hence Anti-Exchange Case B, verified not proved)",C00->C02 C00->Y C03->C05 C03->C06 C03->C08 C05->C07 C05->C08 W->Y X->C03 X->C04 X->C05 X->C09 X->Y C00-X C02-X,0.0008633340000017142,0.0,0.0008633340000017142,,1,11,3,0,0.16998519292744535,0.8499259646372267,6,1
c10_s01_cov050_seed00000039_bw000,c10_s01_cov050_seed00000039,flip,fast_gate,10,1,measured,0.5,0.0,,39,X,Y,6,2,10,10,0.8,2,"C00,W",0.16666666666666666,1,0,1,0,3,True,1,ok,local_up_fast,mpdag_criterion,True,"Conjecture 2 (hence Anti-Exchange Case B, verified not proved)",C00->C03 C00->Y C02->C08 C04->C05 C05->C06 C05->C09 W->Y X->C02 X->C04 X->C05 X->C07 X->Y C00-X C03-X C06-C09,0.0008270409999937556,0.0,0.0008270409999937556,,1,10,3,0,0.18077753141167774,0.9038876570583888,6,1
c10_s01_cov050_seed00000000_bw010,c10_s01_cov050_seed00000000,flip,fast_gate,10,1,measured,0.5,0.1,,0,X,Y,6,5,8,8,0.7857142857142857,2,"C00,W",0.0,0,0,2,0,3,True,2,ok,local_up_fast,mpdag_criterion,True,"Conjecture 2 (hence Anti-Exchange Case B, verified not proved)",C00->C02 C00->C03 C00->Y C03->C05 C04->C07 C05->C06 C06->C09 W->Y X->Y C00-C04 C00-X C02-X C03-X C04-C08,0.0023472920000244812,0.0,0.0023472920000244812,,3,22,5,0,0.3774778652238072,2.0551524840137727,6,2
c10_s01_cov050_seed00000001_bw010,c10_s01_cov050_seed00000001,flip,fast_gate,10,1,measured,0.5,0.1,,1,X,Y,5,1,9,9,0.7692307692307693,2,"C00,W",0.2,1,0,1,0,3,True,1,ok,local_up_fast,mpdag_criterion,True,"Conjecture 2 (hence Anti-Exchange Case B, verified not proved)",C00->C02 C00->C03 C00->C08 C00->C09 C00->Y C03->C04 C04->C05 C05->C07 W->Y X->C06 X->Y C00-X C03-X,0.000749582999986842,0.0,0.000749582999986842,,1,9,2,0,0.2403,0.801,5,3
c10_s01_cov050_seed00000002_bw010,c10_s01_cov050_seed00000002,flip,fast_gate,10,1,measured,0.5,0.1,,2,X,Y,6,5,9,9,0.8,2,"C00,W",0.0,0,0,2,0,3,True,2,ok,local_up_fast,mpdag_criterion,True,"Conjecture 2 (hence Anti-Exchange Case B, verified not proved)",C00->C02 C00->C05 C00->C06 C00->C07 C00->Y C02->C09 C05->C08 W->Y X->C04 X->Y C00-C03 C00-X C02-X C05-C06 C07-X,0.001461833000007573,0.0,0.001461833000007573,,2,17,3,0,0.5436991869918698,2.107384823848238,6,3
c10_s01_cov050_seed00000003_bw010,c10_s01_cov050_seed00000003,flip,fast_gate,10,1,measured,0.5,0.1,,3,X,Y,6,6,11,11,0.8125,2,"C00,W",0.16666666666666666,1,0,1,0,3,True,1,ok,local_up_fast,mpdag_criterion,True,"Conjecture 2 (hence Anti-Exchange Case B, verified not proved)",C00->C03 C00->C04 C00->C06 C00->Y C02->C00 C02->C05 C02->X C03->C07 C03->C08 C03->C09 C04->C07 W->Y X->Y C00-X C03-C04 C03-C06,0.0008524579999971138,0.0,0.0008524579999971138,,1,11,4,0,0.8581696788304363,2.2908483941521816,6,3
c10_s01_cov050_seed00000004_bw010,c10_s01_cov050_seed00000004,flip,fast_gate,10,1,measured,0.5,0.1,,4,X,Y,5,1,9,9,0.7692307692307693,2,"C00,W",0.2,1,0,1,0,3,True,1,ok,local_up_fast,mpdag_criterion,True,"Conjecture 2 (hence Anti-Exchange Case B, verified not proved)",C00->C05 C00->C09 C00->Y C02->C03 C03->C04 C03->C06 C04->C07 C06->C08 W->Y X->C02 X->Y C00-X C04-C06,0.00044562499999756255,0.0,0.00044562499999756255,,1,9,2,0,0.20707070707070704,0.6902356902356902,5,2
c10_s01_cov050_seed00000005_bw010,c10_s01_cov050_seed00000005,flip,fast_gate,10,1,measured,0.5,0.1,,5,X,Y,6,3,11,11,0.8,2,"C00,W",0.16666666666666666,1,0,1,0,3,True,1,ok,local_up_fast,mpdag_criterion,True,"Conjecture 2 (hence Anti-Exchange Case B, verified not proved)",C00->C07 C00->Y C02->C03 C02->C06 C02->C09 C04->C02 W->Y X->C02 X->C04 X->C05 X->C06 X->C08 X->Y C00-X C05-C08,0.0006305419999819151,0.0,0.0006305419999819151,,1,11,3,0,0.4234603057600947,1.6299918841304233,6,3
c10_s01_cov050_seed00000006_bw010,c10_s01_cov050_seed00000006,flip,fast_gate,10,1,measured,0.5,0.1,,6,X,Y,5,0,10,10,0.7692307692307693,2,"C00,W",0.2,1,0,1,0,3,True,1,ok,local_up_fast,mpdag_criterion,True,"Conjecture 2 (hence Anti-Exchange Case B, verified not proved)",C00->C02 C00->Y C02->C04 C02->C06 C03->C08 C04->C07 W->Y X->C03 X->C05 X->C08 X->C09 X->Y C00-X,0.0007217499999967458,0.0,0.0007217499999967458,,1,10,3,0,0.8430526640450304,2.3928727478345797,5,2
c10_s01_cov050_seed00000007_bw010,c10_s01_cov050_seed00000007,flip,fast_gate,10,1,measured,0.5,0.1,,7,X,Y,5,1,9,9,0.7692307692307693,2,"C00,W",0.2,1,0,1,0,3,True,1,ok,local_up_fast,mpdag_criterion,True,"Conjecture 2 (hence Anti-Exchange Case B, verified not proved)",C00->C07 C00->C08 C00->Y C03->C04 C03->C09 C05->C06 W->Y X->C02 X->C03 X->C05 X->Y C00-X C04-C09,0.00043520799999896553,0.0,0.00043520799999896553,,1,9,2,0,0.20017064846416383,0.6672354948805461,5,2
c10_s01_cov050_seed00000008_bw010,c10_s01_cov050_seed00000008,flip,fast_gate,10,1,measured,0.5,0.1,,8,X,Y,6,6,8,8,0.8,1,W,0.16666666666666666,1,0,1,0,3,True,1,ok,local_up_fast,mpdag_criterion,True,"Conjecture 2 (hence Anti-Exchange Case B, verified not proved)",C00->C03 C00->Y C02->C04 C02->C09 C03->C05 C03->C06 C03->C07 C03->C08 W->Y X->Y C00-X C02-X C05-C07 C07-C08 C09-X,0.0007887499999981173,0.0,0.0007887499999981173,,1,8,2,0,0.13617021276595745,0.6808510638297872,6,2
c10_s01_cov050_seed00000010_bw010,c10_s01_cov050_seed00000010,flip,fast_gate,10,1,measured,0.5,0.1,,10,X,Y,6,4,9,9,0.7857142857142857,2,"C00,W",0.0,0,0,2,0,3,True,2,ok,local_up_fast,mpdag_criterion,True,"Conjecture 2 (hence Anti-Exchange Case B, verified not proved)",C00->C02 C00->C05 C00->C07 C00->Y C02->C03 C02->C04 C03->C08 C04->C06 W->Y X->Y C00-C09 C00-X C02-X C05-X,0.0013245000000097207,0.0,0.0013245000000097207,,2,17,3,0,0.36981351981351984,1.977855477855478,6,2
c10_s01_cov050_seed00000011_bw010,c10_s01_cov050_seed00000011,flip,fast_gate,10,1,measured,0.5,0.1,,11,X,Y,6,5,8,8,0.7857142857142857,2,"C00,W",0.0,0,0,2,0,3,True,2,ok,local_up_fast,mpdag_criterion,True,"Conjecture 2 (hence Anti-Exchange Case B, verified not proved)",C00->C02 C00->C03 C00->C04 C00->C06 C00->C07 C00->Y C07->C08 W->Y X->Y C00-C05 C00-X C02-C04 C03-C06 C05-C09,0.0010134999999991123,0.0,0.0010134999999991123,,2,15,3,0,0.9632786885245903,2.816393442622951,6,3
c10_s01_cov050_seed00000012_bw010,c10_s01_cov050_seed00000012,flip,fast_gate,10,1,measured,0.5,0.1,,12,X,Y,6,5,12,12,0.8125,2,"C00,W",0.0,0,0,2,0,3,True,2,ok,local_up_fast,mpdag_criterion,True,"Conjecture 2 (hence Anti-Exchange Case B, verified not proved)",C00->C03 C00->C04 C00->C06 C00->C09 C00->Y C04->C06 C05->C04 C05->C09 C06->C07 C06->C08 W->Y X->C02 X->Y C00-C05 C00-X C03-X,0.0030248749999941538,0.0,0.0030248749999941538,,2,23,7,0,0.7023329798515378,2.373453517143867,6,3
c10_s01_cov050_seed00000014_bw010,c10_s01_cov050_seed00000014,flip,fast_gate,10,1,measured,0.5,0.1,,14,X,Y,5,1,9,9,0.7692307692307693,2,"C00,W",0.2,1,0,1,0,3,True,1,ok,local_up_fast,mpdag_criterion,True,"Conjecture 2 (hence Anti-Exchange Case B, verified not proved)",C00->C02 C00->C06 C00->Y C02->C03 C04->C05 C04->C09 C05->C07 C06->C08 W->Y X->C04 X->Y C00-X C05-C09,0.00041737500001204353,0.0,0.00041737500001204353,,1,9,2,0,0.5885740971357409,1.2194894146948942,5,3
c10_s01_cov050_seed00000015_bw010,c10_s01_cov050_seed00000015,flip,fast_gate,10,1,measured,0.5,0.1,,15,X,Y,5,1,9,9,0.7692307692307693,2,"C00,W",0.2,1,0,1,0,3,True,1,ok,local_up_fast,mpdag_criterion,True,"Conjecture 2 (hence Anti-Exchange Case B, verified not proved)",C00->C04 C00->C05 C00->C09 C00->Y C02->C03 C03->C08 C04->C06 C04->C07 W->Y X->C02 X->Y C00-X C04-C05,0.0004220419999967362,0.0,0.0004220419999967362,,1,9,2,0,0.5854515144136213,1.2679179076054719,5,3
c10_s01_cov050_seed00000016_bw010,c10_s01_cov050_seed00000016,flip,fast_gate,10,1,measured,0.5,0.1,,16,X,Y,6,7,7,7,0.8,1,W,0.16666666666666666,1,0,1,0,3,True,1,ok,local_up_fast,mpdag_criterion,True,"Conjecture 2 (hence Anti-Exchange Case B, verified not proved)",C00->C06 C00->C08 C00->C09 C00->Y C02->C03 C02->C05 C06->C07 W->Y X->Y C00-X C02-X C03-X C04-X C06-C08 C06-C09,0.0008581250000077034,0.0,0.0008581250000077034,,1,7,2,0,0.13278688524590163,0.6639344262295082,6,2
c10_s01_cov050_seed00000017_bw010,c10_s01_cov050_seed00000017,flip,fast_gate,10,1,measured,0.5,0.1,,17,X,Y,6,5,10,10,0.8125,1,W,0.5,3,0,1,0,3,True,1,ok,local_up_fast,mpdag_criterion,True,"Conjecture 2 (hence Anti-Exchange Case B, verified not proved)",C00->C02 C00->C08 C00->Y C02->C03 C02->C04 C02->C07 C03->C09 C04->C09 W->Y X->C02 X->C08 X->Y C00-X C03-C04 C05-C06 C05-X,0.0009373329999959878,0.0,0.0009373329999959878,,1,10,2,0,0.0,0.0,6,2
c10_s01_cov050_seed00000019_bw010,c10_s01_cov050_seed00000019,flip,fast_gate,10,1,measured,0.5,0.1,,19,X,Y,5,0,10,10,0.7692307692307693,2,"C00,W",0.2,1,0,1,0,3,True,1,ok,local_up_fast,mpdag_criterion,True,"Conjecture 2 (hence Anti-Exchange Case B, verified not proved)",C00->C04 C00->C05 C00->Y C02->C03 C02->C08 C04->C06 C05->C07 C06->C09 W->Y X->C02 X->C03 X->Y C00-X,0.0007125409999844123,0.0,0.0007125409999844123,,1,10,3,0,0.5507531855264878,1.215906257050909,5,3
c10_s01_cov050_seed00000020_bw010,c10_s01_cov050_seed00000020,flip,fast_gate,10,1,measured,0.5,0.1,,20,X,Y,6,5,9,9,0.8,2,"C00,W",0.0,0,0,2,0,3,True,2,ok,local_up_fast,mpdag_criterion,True,"Conjecture 2 (hence Anti-Exchange Case B, verified not proved)",C00->C03 C00->C04 C00->C07 C00->C09 C00->Y C07->C08 W->Y X->C02 X->C05 X->Y C00-C06 C00-X C02-C05 C03-X C04-C09,0.0022135000000105265,0.0,0.0022135000000105265,,2,17,3,0,0.6731383780524572,2.31192844940207,6,3
c10_s01_cov050_seed00000022_bw010,c10_s01_cov050_seed00000022,flip,fast_gate,10,1,measured,0.5,0.1,,22,X,Y,6,5,8,8,0.7857142857142857,2,"C00,W",0.0,0,0,2,0,3,True,2,ok,local_up_fast,mpdag_criterion,True,"Conjecture 2 (hence Anti-Exchange Case B, verified not proved)",C00->C02 C00->C03 C00->C07 C00->C08 C00->Y C02->C04 C04->C09 W->Y X->Y C00-C05 C00-X C02-X C03-X C05-C06,0.002384249999977328,0.0,0.002384249999977328,,2,15,3,0,0.3580547112462006,1.790273556231003,6,3
c10_s01_cov050_seed00000023_bw010,c10_s01_cov050_seed00000023,flip,fast_gate,10,1,measured,0.5,0.1,,23,X,Y,6,5,9,9,0.8,2,"C00,W",0.0,0,0,2,0,3,True,2,ok,local_up_fast,mpdag_criterion,True,"Conjecture 2 (hence Anti-Exchange Case B, verified not proved)",C00->C02 C00->C03 C00->C05 C00->C06 C00->C09 C00->Y C02->C04 C05->C08 W->Y X->Y C00-C07 C00-X C02-C03 C02-C06 C06-C09,0.0013176250000128675,0.0,0.0013176250000128675,,2,17,3,0,0.9566765578635014,2.7833827893175074,6,3
c10_s01_cov050_seed00000024_bw010,c10_s01_cov050_seed00000024,flip,fast_gate,10,1,measured,0.5,0.1,,24,X,Y,5,1,9,9,0.7692307692307693,2,"C00,W",0.2,1,0,1,0,3,True,1,ok,local_up_fast,mpdag_criterion,True,"Conjecture 2 (hence Anti-Exchange Case B, verified not proved)",C00->C02 C00->C03 C00->C04 C00->C06 C00->Y C02->C05 C03->C08 C06->C07 C07->C09 W->Y X->Y C00-X C03-C06,0.00038854199999605044,0.0,0.00038854199999605044,,1,9,2,0,0.943,1.81,5,3
c10_s01_cov050_seed00000025_bw010,c10_s01_cov050_seed00000025,flip,fast_gate,10,1,measured,0.5,0.1,,25,X,Y,6,5,12,12,0.8125,2,"C00,W",0.16666666666666666,1,0,1,0,3,True,1,ok,local_up_fast,mpdag_criterion,True,"Conjecture 2 (hence Anti-Exchange Case B, verified not proved)",C00->C03 C00->C05 C00->Y C02->C00 C02->C03 C02->C04 C02->C06 C02->X C03->C06 W->Y X->C04 X->C07 X->C08 X->Y C00-X C02-C09,0.0007495420000225295,0.0,0.0007495420000225295,,1,12,3,0,0.8587687765911263,2.2938438829556307,6,3
c10_s01_cov050_seed00000026_bw010,c10_s01_cov050_seed00000026,flip,fast_gate,10,1,measured,0.5,0.1,,26,X,Y,6,2,13,13,0.8125,1,W,0.5,3,0,1,0,3,True,1,ok,local_up_fast,mpdag_criterion,True,"Conjecture 2 (hence Anti-Exchange Case B, verified not proved)",C00->C02 C00->C03 C00->C09 C00->Y C02->C04 C02->C05 C03->C06 C03->C07 C04->C08 C06->C07 W->Y X->C02 X->C03 X->C06 X->Y C00-X,0.000585624999985157,0.0,0.000585624999985157,,1,13,2,0,0.0,0.0,6,3
c10_s01_cov050_seed00000028_bw010,c10_s01_cov050_seed00000028,flip,fast_gate,10,1,measured,0.5,0.1,,28,X,Y,5,1,9,9,0.7692307692307693,2,"C00,W",0.2,1,0,1,0,3,True,1,ok,local_up_fast,mpdag_criterion,True,"Conjecture 2 (hence Anti-Exchange Case B, verified not proved)",C00->C05 C00->Y C02->C03 C02->C04 C02->C06 C06->C07 C06->C08 C07->C09 W->Y X->C02 X->Y C00-X C03-C04,0.00044804200001635763,0.0,0.00044804200001635763,,1,9,2,0,0.1484375,0.4947916666666667,5,2
c10_s01_cov050_seed00000029_bw010,c10_s01_cov050_seed00000029,flip,fast_gate,10,1,measured,0.5,0.1,,29,X,Y,6,2,12,12,0.8,2,"C00,W",0.16666666666666666,1,0,1,0,3,True,1,ok,local_up_fast,mpdag_criterion,True,"Conjecture 2 (hence Anti-Exchange Case B, verified not proved)",C00->C03 C00->Y C02->C05 C02->C06 C04->C02 C04->C07 C07->C09 W->Y X->C02 X->C04 X->C05 X->C07 X->C08 X->Y C00-X,0.0008237090000022818,0.0,0.0008237090000022818,,1,12,4,0,0.4585022795091841,1.6616389143244437,6,3
c10_s01_cov050_seed00000030_bw010,c10_s01_cov050_seed00000030,flip,fast_gate,10,1,measured,0.5,0.1,,30,X,Y,6,5,9,9,0.8,2,"C00,W",0.0,0,0,2,0,3,True,2,ok,local_up_fast,mpdag_criterion,True,"Conjecture 2 (hence Anti-Exchange Case B, verified not proved)",C00->C02 C00->C03 C00->C06 C00->C08 C00->Y C02->C04 C05->C06 W->Y X->C07 X->Y C00-C05 C00-X C02-C03 C03-C08 C05-C09,0.001585791000024983,0.0,0.001585791000024983,,2,17,5,0,0.9552325581395349,2.7761627906976747,6,3
c10_s01_cov050_seed00000031_bw010,c10_s01_cov050_seed00000031,flip,fast_gate,10,1,measured,0.5,0.1,,31,X,Y,6,5,11,11,0.8,2,"C00,W",0.16666666666666666,1,0,1,0,3,True,1,ok,local_up_fast,mpdag_criterion,True,"Conjecture 2 (hence Anti-Exchange Case B, verified not proved)",C00->C04 C00->C05 C00->C06 C00->Y C02->C00 C02->C03 C02->C05 C02->X C05->C06 C05->C09 C06->C07 W->Y X->Y C00-X C02-C08,0.0012066249999804768,0.0,0.0012066249999804768,,1,11,4,0,0.8919565659441213,2.4597828297206066,6,3
c10_s01_cov050_seed00000032_bw010,c10_s01_cov050_seed00000032,flip,fast_gate,10,1,measured,0.5,0.1,,32,X,Y,4,0,9,9,0.75,2,"C00,W",0.25,1,0,1,0,3,True,1,ok,local_up_fast,mpdag_criterion,True,"Conjecture 2 (hence Anti-Exchange Case B, verified not proved)",C00->C03 C00->Y C04->C06 C04->C09 C06->C07 C07->C08 W->Y X->C02 X->C04 X->C05 X->Y C00-X,0.0003650419999985388,0.0,0.0003650419999985388,,1,9,2,0,0.15321637426900586,0.5107212475633528,4,2
c10_s01_cov050_seed00000033_bw010,c10_s01_cov050_seed00000033,flip,fast_gate,10,1,measured,0.5,0.1,,33,X,Y,6,2,12,12,0.8,2,"C00,W",0.16666666666666666,1,0,1,0,3,True,1,ok,local_up_fast,mpdag_criterion,True,"Conjecture 2 (hence Anti-Exchange Case B, verified not proved)",C00->Y C04->C08 C04->C09 C05->C06 C05->C07 C07->C06 W->Y X->C02 X->C03 X->C04 X->C05 X->C08 X->C09 X->Y C00-X,0.0006221669999888491,0.0,0.0006221669999888491,,1,12,5,0,0.22623590368790003,1.1311795184395002,6,1
c10_s01_cov050_seed00000034_bw010,c10_s01_cov050_seed00000034,flip,fast_gate,10,1,measured,0.5,0.1,,34,X,Y,5,1,9,9,0.7692307692307693,2,"C00,W",0.2,1,0,1,0,3,True,1,ok,local_up_fast,mpdag_criterion,True,"Conjecture 2 (hence Anti-Exchange Case B, verified not proved)",C00->C02 C00->C03 C00->Y C02->C04 C03->C07 C04->C06 C04->C08 C06->C09 W->Y X->C05 X->Y C00-X C03-X,0.0004577499999811607,0.0,0.0004577499999811607,,1,9,2,0,0.3270460481099656,1.3112302405498282,5,2
c10_s01_cov050_seed00000035_bw010,c10_s01_cov050_seed00000035,flip,fast_gate,10,1,measured,0.5,0.1,,35,X,Y,5,0,10,10,0.7692307692307693,2,"C00,W",0.2,1,0,1,0,3,True,1,ok,local_up_fast,mpdag_criterion,True,"Conjecture 2 (hence Anti-Exchange Case B, verified not proved)",C00->C02 C00->C04 C00->C06 C00->Y C02->C04 C02->C05 C06->C08 C08->C09 W->Y X->C03 X->C07 X->Y C00-X,0.00037845800000013696,0.0,0.00037845800000013696,,1,10,3,0,0.8744554773590731,2.4904484081730374,5,2
c10_s01_cov050_seed00000036_bw010,c10_s01_cov050_seed00000036,flip,fast_gate,10,1,measured,0.5,0.1,,36,X,Y,5,1,9,9,0.7692307692307693,2,"C00,W",0.2,1,0,1,0,3,True,1,ok,local_up_fast,mpdag_criterion,True,"Conjecture 2 (hence Anti-Exchange Case B, verified not proved)",C00->C02 C00->C03 C00->C07 C00->Y C02->C05 C03->C04 C05->C06 W->Y X->C08 X->C09 X->Y C00-X C03-C07,0.003992666999977246,0.0,0.003992666999977246,,1,9,2,0,0.9208991494532199,1.7363304981773997,5,3
c10_s01_cov050_seed00000037_bw010,c10_s01_cov050_seed00000037,flip,fast_gate,10,1,measured,0.5,0.1,,37,X,Y,6,3,12,12,0.8125,2,"C00,W",0.0,0,0,2,0,3,True,2,ok,local_up_fast,mpdag_criterion,True,"Conjecture 2 (hence Anti-Exchange Case B, verified not proved)",C00->C02 C00->C03 C00->Y C02->C03 C03->C04 C03->C05 C03->C06 C05->C07 C06->C07 C06->C09 C07->C09 W->Y X->Y C00-C08 C00-X C05-C06,0.00164233299997818,0.0,0.00164233299997818,,2,23,5,0,0.901259146944426,4.337464565890961,6,1
c10_s01_cov050_seed00000039_bw010,c10_s01_cov050_seed00000039,flip,fast_gate,10,1,measured,0.5,0.1,,39,X,Y,6,5,11,11,0.8,2,"C00,W",0.16666666666666666,1,0,1,0,3,True,1,ok,local_up_fast,mpdag_criterion,True,"Conjecture 2 (hence Anti-Exchange Case B, verified not proved)",C00->Y C02->C08 C03->C00 C03->X C04->C05 C05->C06 C05->C09 W->Y X->C02 X->C04 X->C05 X->C07 X->Y C00-X C06-C09,0.0013005840000062108,0.0,0.0013005840000062108,,1,11,4,0,0.1807286570450098,0.9036432852250489,6,1
c10_s01_cov050_seed00000041_bw010,c10_s01_cov050_seed00000041,flip,fast_gate,10,1,measured,0.5,0.1,,41,X,Y,5,0,10,10,0.7692307692307693,2,"C00,W",0.2,1,0,1,0,3,True,1,ok,local_up_fast,mpdag_criterion,True,"Conjecture 2 (hence Anti-Exchange Case B, verified not proved)",C00->Y C02->C03 C03->C07 C04->C05 C04->C08 C05->C06 C05->C09 W->Y X->C02 X->C03 X->C04 X->Y C00-X,0.0009756670000058421,0.0,0.0009756670000058421,,1,10,3,0,0.16227272727272726,0.5409090909090909,5,2
c10_s01_cov050_seed00000042_bw010,c10_s01_cov050_seed00000042,flip,fast_gate,10,1,measured,0.5,0.1,,42,X,Y,5,0,10,10,0.7692307692307693,2,"C00,W",0.2,1,0,1,0,3,True,1,ok,local_up_fast,mpdag_criterion,True,"Conjecture 2 (hence Anti-Exchange Case B, verified not proved)",C00->C02 C00->C04 C00->Y C02->C03 C02->C04 C02->C05 C03->C07 C05->C06 W->Y X->C08 X->C09 X->Y C00-X,0.001857207999989896,0.0,0.001857207999989896,,1,10,3,0,0.8630213058419244,2.4731821305841923,5,2
c10_s01_cov050_seed00000043_bw010,c10_s01_cov050_seed00000043,flip,fast_gate,10,1,measured,0.5,0.1,,43,X,Y,6,5,12,12,0.8125,2,"C00,W",0.16666666666666666,1,0,1,0,3,True,1,ok,local_up_fast,mpdag_criterion,True,"Conjecture 2 (hence Anti-Exchange Case B, verified not proved)",C00->C02 C00->C03 C00->Y C02->C07 C03->C04 C04->C05 C06->C00 C06->X W->Y X->C02 X->C03 X->C08 X->C09 X->Y C00-X C08-C09,0.0007305839999958152,0.0,0.0007305839999958152,,1,12,3,0,0.2964537965723924,1.7471499352429145,6,2
c10_s01_cov050_seed00000044_bw010,c10_s01_cov050_seed00000044,flip,fast_gate,10,1,measured,0.5,0.1,,44,X,Y,6,5,9,9,0.8,2,"C00,W",0.0,0,0,2,0,3,True,2,ok,local_up_fast,mpdag_criterion,True,"Conjecture 2 (hence Anti-Exchange Case B, verified not proved)",C00->C02 C00->C04 C00->C06 C00->Y C02->C07 C03->C04 C03->C05 C04->C05 W->Y X->Y C00-C03 C00-X C02-X C03-C08 C08-C09,0.0016110419999790793,0.0,0.0016110419999790793,,2,17,5,0,0.39545355949850325,2.2132228536722915,6,2
c10_s01_cov050_seed00000045_bw010,c10_s01_cov050_seed00000045,flip,fast_gate,10,1,measured,0.5,0.1,,45,X,Y,4,0,9,9,0.75,2,"C00,W",0.25,1,0,1,0,3,True,1,ok,local_up_fast,mpdag_criterion,True,"Conjecture 2 (hence Anti-Exchange Case B, verified not proved)",C00->Y C02->C04 C03->C06 C04->C05 C04->C08 C05->C07 C06->C09 W->Y X->C02 X->C03 X->Y C00-X,0.0004069160000312877,0.0,0.0004069160000312877,,1,9,2,0,0.0,0.0,4,1
c10_s01_cov050_seed00000046_bw010,c10_s01_cov050_seed00000046,flip,fast_gate,10,1,measured,0.5,0.1,,46,X,Y,6,3,10,10,0.7857142857142857,2,"C00,W",0.0,0,0,2,0,3,True,2,ok,local_up_fast,mpdag_criterion,True,"Conjecture 2 (hence Anti-Exchange Case B, verified not proved)",C00->C02 C00->C03 C00->Y C02->C03 C02->C04 C04->C05 C04->C08 C05->C09 W->Y X->C07 X->Y C00-C06 C00-X C02-X,0.001288542000054349,0.0,0.001288542000054349,,2,19,5,0,0.7604469438990361,3.090839383478862,6,2
c10_s01_cov050_seed00000001_bw025,c10_s01_cov050_seed00000001,flip,fast_gate,10,1,measured,0.5,0.25,,1,X,Y,5,3,9,9,0.7692307692307693,2,"C00,W",0.0,0,0,2,0,3,True,2,ok,local_up_fast,mpdag_criterion,True,"Conjecture 2 (hence Anti-Exchange Case B, verified not proved)",C00->C02 C00->C03 C00->C09 C00->Y C03->C04 C04->C05 C05->C07 W->Y X->C06 X->Y C00-C08 C00-X C03-X,0.0017815420000033555,0.0,0.0017815420000033555,,2,17,3,0,0.4482051282051282,1.741025641025641,5,2
c10_s01_cov050_seed00000004_bw025,c10_s01_cov050_seed00000004,flip,fast_gate,10,1,measured,0.5,0.25,,4,X,Y,5,4,8,8,0.7692307692307693,1,W,0.2,1,0,1,0,3,True,1,ok,local_up_fast,mpdag_criterion,True,"Conjecture 2 (hence Anti-Exchange Case B, verified not proved)",C00->C05 C00->C09 C00->Y C02->C03 C03->C04 C03->C06 C04->C07 C06->C08 W->Y X->Y C00-X C02-X C04-C06,0.0005143750000229375,0.0,0.0005143750000229375,,1,8,2,0,0.3378130590339894,0.7628098645540506,5,3
c10_s01_cov050_seed00000007_bw025,c10_s01_cov050_seed00000007,flip,fast_gate,10,1,measured,0.5,0.25,,7,X,Y,5,3,9,9,0.7692307692307693,2,"C00,W",0.0,0,0,2,0,3,True,2,ok,local_up_fast,mpdag_criterion,True,"Conjecture 2 (hence Anti-Exchange Case B, verified not proved)",C00->C07 C00->Y C03->C04 C03->C09 C05->C06 W->Y X->C02 X->C03 X->C05 X->Y C00-C08 C00-X C04-C09,0.0009231669999962833,0.0,0.0009231669999962833,,2,17,3,0,0.3984924623115578,1.492462311557789,5,1
c10_s01_cov050_seed00000015_bw025,c10_s01_cov050_seed00000015,flip,fast_gate,10,1,measured,0.5,0.25,,15,X,Y,5,4,10,10,0.7692307692307693,2,"C00,W",0.0,0,0,2,0,3,True,2,ok,local_up_fast,mpdag_criterion,True,"Conjecture 2 (hence Anti-Exchange Case B, verified not proved)",C00->C04 C00->C09 C00->Y C02->C03 C03->C08 C04->C06 C04->C07 C05->C04 W->Y X->C02 X->Y C00-C05 C00-X,0.0008903750000399668,0.0,0.0008903750000399668,,2,19,5,0,0.4313531353135313,1.6567656765676566,5,2
c10_s01_cov050_seed00000019_bw025,c10_s01_cov050_seed00000019,flip,fast_gate,10,1,measured,0.5,0.25,,19,X,Y,5,4,8,8,0.7692307692307693,1,W,0.2,1,0,1,0,3,True,1,ok,local_up_fast,mpdag_criterion,True,"Conjecture 2 (hence Anti-Exchange Case B, verified not proved)",C00->C04 C00->C05 C00->Y C02->C03 C02->C08 C04->C06 C05->C07 C06->C09 W->Y X->Y C00-X C02-X C03-X,0.0005368750000229738,0.0,0.0005368750000229738,,1,8,2,0,0.20112000000000002,0.6704,5,2
c10_s01_cov050_seed00000023_bw025,c10_s01_cov050_seed00000023,flip,fast_gate,10,1,measured,0.5,0.25,,23,X,Y,6,6,10,10,0.8,2,"C00,W",0.0,0,0,3,0,3,True,3,ok,local_up_fast,mpdag_criterion,True,"Conjecture 2 (hence Anti-Exchange Case B, verified not proved)",C00->C05 C00->C06 C00->C07 C00->C09 C00->Y C02->C06 C05->C08 C06->C09 W->Y X->Y C00-C02 C00-C03 C00-X C02-C03 C02-C04,0.0051421250000203145,0.0,0.0051421250000203145,,4,36,7,0,0.8656716417910445,2.7761194029850746,6,3
c10_s01_cov050_seed00000024_bw025,c10_s01_cov050_seed00000024,flip,fast_gate,10,1,measured,0.5,0.25,,24,X,Y,5,3,9,9,0.7692307692307693,2,"C00,W",0.0,0,0,2,0,3,True,2,ok,local_up_fast,mpdag_criterion,True,"Conjecture 2 (hence Anti-Exchange Case B, verified not proved)",C00->C02 C00->C03 C00->C06 C00->Y C02->C05 C03->C08 C06->C07 C07->C09 W->Y X->Y C00-C04 C00-X C03-C06,0.0008757499999774154,0.0,0.0008757499999774154,,2,17,3,0,0.9453164556962026,2.7265822784810125,5,2
c10_s01_cov050_seed00000032_bw025,c10_s01_cov050_seed00000032,flip,fast_gate,10,1,measured,0.5,0.25,,32,X,Y,4,5,6,6,0.75,1,W,0.25,1,0,1,0,3,True,1,ok,local_up_fast,mpdag_criterion,True,"Conjecture 2 (hence Anti-Exchange Case B, verified not proved)",C00->C03 C00->Y C04->C06 C04->C09 C06->C07 C07->C08 W->Y X->Y C00-X C02-X C04-X C05-X,0.0010164589999703821,0.0,0.0010164589999703821,,1,6,2,0,0.19778933680104033,0.659297789336801,4,2
c10_s01_cov050_seed00000034_bw025,c10_s01_cov050_seed00000034,flip,fast_gate,10,1,measured,0.5,0.25,,34,X,Y,5,4,10,10,0.7692307692307693,2,"C00,W",0.2,1,0,1,0,3,True,1,ok,local_up_fast,mpdag_criterion,True,"Conjecture 2 (hence Anti-Exchange Case B, verified not proved)",C00->C02 C00->Y C02->C04 C03->C00 C03->C07 C03->X C04->C06 C04->C08 C06->C09 W->Y X->C05 X->Y C00-X,0.0009479589999727978,0.0,0.0009479589999727978,,1,10,4,0,0.7614806776458946,1.9762666501734598,5,2
c10_s01_cov050_seed00000038_bw025,c10_s01_cov050_seed00000038,flip,fast_gate,10,1,measured,0.5,0.25,,38,X,Y,6,10,12,12,0.8,1,W,0.0,0,0,2,0,3,True,5,ok,e1_ladder,mpdag_criterion,True,"Conjecture 2 (hence Anti-Exchange Case B, verified not proved)","(('C00', 'C02'), ('C00', 'Y'), ('C03', 'C05'), ('C03', 'C06'), ('C05', 'C07'), ('W', 'Y'), ('X', 'C02'), ('X', 'C04'), ('X', 'C09'), ('X', 'Y'))",0.006342791000008674,0.0616390830000455,0.06798187400005418,,19,105,19,0,0.654810542461054,2.7122741001511876,6,2
c10_s01_cov050_seed00000047_bw025,c10_s01_cov050_seed00000047,flip,fast_gate,10,1,measured,0.5,0.25,,47,X,Y,4,2,9,9,0.75,2,"C00,W",0.0,0,0,2,0,3,True,2,ok,local_up_fast,mpdag_criterion,True,"Conjecture 2 (hence Anti-Exchange Case B, verified not proved)",C00->C02 C00->C05 C00->Y C02->C03 C03->C08 C05->C06 W->Y X->C07 X->C09 X->Y C00-C04 C00-X,0.0013716660000113734,0.0,0.0013716660000113734,,2,17,3,0,0.7441767068273092,1.6345381526104417,4,2
c10_s01_cov050_seed00000049_bw025,c10_s01_cov050_seed00000049,flip,fast_gate,10,1,measured,0.5,0.25,,49,X,Y,5,6,6,6,0.7692307692307693,1,W,0.2,1,0,1,0,3,True,1,ok,local_up_fast,mpdag_criterion,True,"Conjecture 2 (hence Anti-Exchange Case B, verified not proved)",C00->C02 C00->Y C02->C04 C02->C06 C03->C05 C05->C07 W->Y X->Y C00-X C03-X C05-X C08-X C09-X,0.0008027499999911925,0.0,0.0008027499999911925,,1,6,2,0,0.15215311004784687,0.507177033492823,5,1
c10_s01_cov050_seed00000054_bw025,c10_s01_cov050_seed00000054,flip,fast_gate,10,1,measured,0.5,0.25,,54,X,Y,6,10,6,6,0.8,2,"C00,W",0.0,0,0,3,0,3,True,3,ok,local_up_fast,mpdag_criterion,True,"Conjecture 2 (hence Anti-Exchange Case B, verified not proved)",C00->C07 C00->C08 C00->Y C02->C03 W->Y X->Y C00-C02 C00-C03 C00-X C02-C04 C02-C05 C02-C06 C02-C09 C03-C04 C04-C09,0.006265917000007448,0.0,0.006265917000007448,,5,24,8,0,0.8125960829109257,3.4399704909450035,6,2
c10_s01_cov050_seed00000057_bw025,c10_s01_cov050_seed00000057,flip,fast_gate,10,1,measured,0.5,0.25,,57,X,Y,6,9,7,7,0.8,2,"C00,W",0.0,0,0,3,0,3,True,3,ok,local_up_fast,mpdag_criterion,True,"Conjecture 2 (hence Anti-Exchange Case B, verified not proved)",C00->C05 C00->Y C02->C06 C02->C07 C03->C07 W->Y X->Y C00-C02 C00-X C02-C03 C02-C08 C03-C04 C03-C08 C04-C09 C05-X,0.005811875000006239,0.0,0.005811875000006239,,7,39,15,0,0.4519083969465649,2.519083969465649,6,2
c10_s01_cov050_seed00000059_bw025,c10_s01_cov050_seed00000059,flip,fast_gate,10,1,measured,0.5,0.25,,59,X,Y,7,6,14,14,0.8235294117647058,2,"C00,W",0.14285714285714285,1,0,1,0,3,True,1,ok,local_up_fast,mpdag_criterion,True,"Conjecture 2 (hence Anti-Exchange Case B, verified not proved)",C00->C05 C00->Y C02->C08 C02->C09 C03->C02 C03->C08 C04->C00 C04->C05 C04->C06 C04->X C05->C06 C06->C07 W->Y X->C02 X->C03 X->Y C00-X,0.0007219170000212216,0.0,0.0007219170000212216,,1,14,4,0,0.22719056437765195,1.3651194885549265,7,2
c10_s01_cov050_seed00000062_bw025,c10_s01_cov050_seed00000062,flip,fast_gate,10,1,measured,0.5,0.25,,62,X,Y,5,2,10,10,0.7692307692307693,2,"C00,W",0.0,0,0,2,0,3,True,2,ok,local_up_fast,mpdag_criterion,True,"Conjecture 2 (hence Anti-Exchange Case B, verified not proved)",C00->C04 C00->C09 C00->Y C02->C09 C03->C07 C03->C08 W->Y X->C03 X->C05 X->C06 X->Y C00-C02 C00-X,0.0009186670000076447,0.0,0.0009186670000076447,,2,19,5,0,0.7701757171588863,2.3881126283476233,5,2
c10_s01_cov050_seed00000063_bw025,c10_s01_cov050_seed00000063,flip,fast_gate,10,1,measured,0.5,0.25,,63,X,Y,7,7,11,11,0.8235294117647058,2,"C00,W",0.0,0,0,3,0,3,True,3,ok,local_up_fast,mpdag_criterion,True,"Conjecture 2 (hence Anti-Exchange Case B, verified not proved)",C00->C03 C00->C05 C00->C06 C00->Y C02->C04 C02->C05 C02->C06 C04->C08 C04->C09 W->Y X->Y C00-C02 C00-C04 C00-X C02-C07 C03-X C08-C09,0.005161499999985608,0.0,0.005161499999985608,,5,49,18,0,0.4979532163742689,3.1703216374269005,7,2
c10_s01_cov050_seed00000066_bw025,c10_s01_cov050_seed00000066,flip,fast_gate,10,1,measured,0.5,0.25,,66,X,Y,5,2,10,10,0.7692307692307693,2,"C00,W",0.0,0,0,2,0,3,True,2,ok,local_up_fast,mpdag_criterion,True,"Conjecture 2 (hence Anti-Exchange Case B, verified not proved)",C00->Y C02->C03 C02->C04 C03->C05 C03->C06 C03->C08 C08->C09 W->Y X->C02 X->C03 X->Y C00-C07 C00-X,0.0017956249999997453,0.0,0.0017956249999997453,,2,19,5,0,0.3981308411214953,1.4906542056074765,5,1
c10_s01_cov050_seed00000068_bw025,c10_s01_cov050_seed00000068,flip,fast_gate,10,1,measured,0.5,0.25,,68,X,Y,5,2,10,10,0.7692307692307693,2,"C00,W",0.0,0,0,2,0,3,True,2,ok,local_up_fast,mpdag_criterion,True,"Conjecture 2 (hence Anti-Exchange Case B, verified not proved)",C00->C06 C00->C07 C00->C08 C00->Y C02->C08 C03->C04 C03->C05 W->Y X->C03 X->C09 X->Y C00-C02 C00-X,0.0008870839999985947,0.0,0.0008870839999985947,,2,19,5,0,0.8145000000000001,1.7349999999999999,5,3
c10_s01_cov050_seed00000070_bw025,c10_s01_cov050_seed00000070,flip,fast_gate,10,1,measured,0.5,0.25,,70,X,Y,6,4,12,12,0.8,2,"C00,W",0.0,0,0,2,0,3,True,2,ok,local_up_fast,mpdag_criterion,True,"Conjecture 2 (hence Anti-Exchange Case B, verified not proved)",C00->Y C02->C06 C03->C09 C04->C05 C08->C02 W->Y X->C02 X->C03 X->C06 X->C07 X->C08 X->C09 X->Y C00-C04 C00-X,0.004467625000017961,0.0,0.004467625000017961,,4,45,13,0,0.538049944137452,3.0396473110487063,6,1
c10_s01_cov050_seed00000073_bw025,c10_s01_cov050_seed00000073,flip,fast_gate,10,1,measured,0.5,0.25,,73,X,Y,6,6,12,12,0.8,2,"C00,W",0.16666666666666666,1,0,1,0,3,True,1,ok,local_up_fast,mpdag_criterion,True,"Conjecture 2 (hence Anti-Exchange Case B, verified not proved)",C00->C05 C00->Y C02->C04 C03->C02 C03->C04 C04->C06 C07->C09 C08->C00 C08->X W->Y X->C02 X->C03 X->C07 X->Y C00-X,0.0006158329999834677,0.0,0.0006158329999834677,,1,12,4,0,0.2327284183994959,1.2527725267800882,6,1
c10_s01_cov050_seed00000075_bw025,c10_s01_cov050_seed00000075,flip,fast_gate,10,1,measured,0.5,0.25,,75,X,Y,5,3,9,9,0.7692307692307693,2,"C00,W",0.0,0,0,2,0,3,True,2,ok,local_up_fast,mpdag_criterion,True,"Conjecture 2 (hence Anti-Exchange Case B, verified not proved)",C00->C02 C00->C03 C00->C09 C00->Y C03->C05 C04->C06 C06->C07 W->Y X->C04 X->Y C00-C08 C00-X C02-X,0.0009861670000077538,0.0,0.0009861670000077538,,2,17,3,0,0.45175644028103046,1.7587822014051522,5,2
c10_s01_cov050_seed00000077_bw025,c10_s01_cov050_seed00000077,flip,fast_gate,10,1,measured,0.5,0.25,,77,X,Y,6,10,6,6,0.8,1,W,0.16666666666666666,1,0,1,0,3,True,1,ok,local_up_fast,mpdag_criterion,True,"Conjecture 2 (hence Anti-Exchange Case B, verified not proved)",C00->C02 C00->C03 C00->Y C02->C08 C03->C02 C03->C04 W->Y X->Y C00-X C05-C06 C05-C09 C05-X C06-C07 C06-C09 C06-X,0.000957875000040076,0.0,0.000957875000040076,,1,6,2,0,0.0972644376899696,0.48632218844984804,6,1
c10_s01_cov050_seed00000078_bw025,c10_s01_cov050_seed00000078,flip,fast_gate,10,1,measured,0.5,0.25,,78,X,Y,5,5,7,7,0.7692307692307693,1,W,0.2,1,0,1,0,3,True,1,ok,local_up_fast,mpdag_criterion,True,"Conjecture 2 (hence Anti-Exchange Case B, verified not proved)",C00->C04 C00->Y C02->C06 C02->C07 C02->C09 C04->C05 C04->C08 W->Y X->Y C00-X C02-X C03-X C06-C09,0.0009296659999904477,0.0,0.0009296659999904477,,1,7,2,0,0.5700238948626044,1.2241963930135973,5,3
c10_s01_cov050_seed00000080_bw025,c10_s01_cov050_seed00000080,flip,fast_gate,10,1,measured,0.5,0.25,,80,X,Y,6,7,11,11,0.8,2,"C00,W",0.0,0,0,3,0,3,True,4,ok,e1_ladder,mpdag_criterion,True,"Conjecture 2 (hence Anti-Exchange Case B, verified not proved)","(('C00', 'C02'), ('C00', 'C03'), ('C00', 'Y'), ('C02', 'C04'), ('C07', 'C09'), ('W', 'Y'), ('X', 'C05'), ('X', 'C06'), ('X', 'C07'), ('X', 'Y'))",0.0036839999999642714,0.06178399999998874,0.06546799999995301,,10,58,10,0,0.7483483812933779,3.8253689381178737,6,1
c10_s01_cov050_seed00000085_bw025,c10_s01_cov050_seed00000085,flip,fast_gate,10,1,measured,0.5,0.25,,85,X,Y,6,9,9,9,0.8,1,W,0.0,0,0,2,0,3,True,3,ok,local_up_fast,mpdag_criterion,True,"Conjecture 2 (hence Anti-Exchange Case B, verified not proved)",C00->C03 C00->C06 C00->C09 C00->Y C02->C04 C02->C07 C02->C08 W->Y X->Y C00-X C02-C05 C02-X C03-C09 C04-C08 C07-X,0.0022145419999901605,0.0,0.0022145419999901605,,3,24,7,0,0.3078014184397163,1.5390070921985815,6,2
c10_s01_cov050_seed00000086_bw025,c10_s01_cov050_seed00000086,flip,fast_gate,10,1,measured,0.5,0.25,,86,X,Y,6,6,12,12,0.8,2,"C00,W",0.16666666666666666,1,0,1,0,3,True,1,ok,local_up_fast,mpdag_criterion,True,"Conjecture 2 (hence Anti-Exchange Case B, verified not proved)",C00->C04 C00->C06 C00->Y C02->C00 C02->X C04->C06 C05->C07 C08->C03 C08->C09 W->Y X->C03 X->C05 X->C08 X->Y C00-X,0.0013517500000261862,0.0,0.0013517500000261862,,1,12,5,0,0.7753076186390389,3.6811357943446192,6,1
c10_s01_cov050_seed00000089_bw025,c10_s01_cov050_seed00000089,flip,fast_gate,10,1,measured,0.5,0.25,,89,X,Y,5,2,10,10,0.7692307692307693,2,"C00,W",0.0,0,0,2,0,3,True,2,ok,local_up_fast,mpdag_criterion,True,"Conjecture 2 (hence Anti-Exchange Case B, verified not proved)",C00->C04 C00->C07 C00->Y C02->C08 C05->C07 W->Y X->C02 X->C03 X->C06 X->C09 X->Y C00-C05 C00-X,0.0015398330000380156,0.0,0.0015398330000380156,,2,19,5,0,0.4472602739726027,1.7363013698630136,5,2
c10_s01_cov050_seed00000091_bw025,c10_s01_cov050_seed00000091,flip,fast_gate,10,1,measured,0.5,0.25,,91,X,Y,5,5,7,7,0.7692307692307693,1,W,0.2,1,0,1,0,3,True,1,ok,local_up_fast,mpdag_criterion,True,"Conjecture 2 (hence Anti-Exchange Case B, verified not proved)",C00->C03 C00->C08 C00->Y C03->C04 C03->C08 C03->C09 C04->C06 W->Y X->Y C00-X C02-X C05-X C07-X,0.000652500000001055,0.0,0.000652500000001055,,1,7,2,0,0.15113924050632913,0.5037974683544304,5,1
c10_s01_cov050_seed00000092_bw025,c10_s01_cov050_seed00000092,flip,fast_gate,10,1,measured,0.5,0.25,,92,X,Y,8,8,15,15,0.8333333333333334,1,W,0.0,0,0,2,0,3,True,4,ok,e1_ladder,mpdag_criterion,True,"Conjecture 2 (hence Anti-Exchange Case B, verified not proved)","(('C00', 'C02'), ('C00', 'Y'), ('C02', 'C04'), ('C03', 'C05'), ('C03', 'C06'), ('C04', 'C07'), ('C04', 'C09'), ('C05', 'C08'), ('W', 'Y'), ('X', 'C02'), ('X', 'C04'), ('X', 'C07'), ('X', 'C08'), ('X', 'Y'))",0.010098249999998643,0.04661199999998189,0.05671024999998053,,23,148,23,0,0.7650702128092659,4.023042553624574,8,2
c10_s01_cov050_seed00000094_bw025,c10_s01_cov050_seed00000094,flip,fast_gate,10,1,measured,0.5,0.25,,94,X,Y,5,4,8,8,0.7692307692307693,2,"C00,W",0.0,0,0,2,0,3,True,2,ok,local_up_fast,mpdag_criterion,True,"Conjecture 2 (hence Anti-Exchange Case B, verified not proved)",C00->C02 C00->C05 C00->Y C02->C07 C02->C08 C03->C05 W->Y X->C04 X->Y C00-C03 C00-X C03-C06 C06-C09,0.001964375000000018,0.0,0.001964375000000018,,2,15,5,0,0.9297491039426523,2.6487455197132617,5,2
c10_s01_cov050_seed00000096_bw025,c10_s01_cov050_seed00000096,flip,fast_gate,10,1,measured,0.5,0.25,,96,X,Y,5,5,7,7,0.7692307692307693,1,W,0.2,1,0,1,0,3,True,1,ok,local_up_fast,mpdag_criterion,True,"Conjecture 2 (hence Anti-Exchange Case B, verified not proved)",C00->C06 C00->C07 C00->Y C02->C03 C02->C05 C03->C04 C04->C08 W->Y X->Y C00-X C02-C09 C02-X C09-X,0.0005647090000024946,0.0,0.0005647090000024946,,1,7,2,0,0.2033980582524272,0.6779935275080906,5,3
c10_s01_cov050_seed00000098_bw025,c10_s01_cov050_seed00000098,flip,fast_gate,10,1,measured,0.5,0.25,,98,X,Y,8,8,11,11,0.8333333333333334,2,"C00,W",0.0,0,0,3,0,3,True,3,ok,local_up_fast,mpdag_criterion,True,"Conjecture 2 (hence Anti-Exchange Case B, verified not proved)",C00->C04 C00->C05 C00->C06 C00->C07 C00->C08 C00->Y C03->C06 C03->C07 W->Y X->C09 X->Y C00-C02 C00-C03 C00-X C02-C03 C04-X C05-X C08-X,0.00860024999997222,0.0,0.00860024999997222,,4,40,9,0,0.3860215053763441,2.860215053763441,8,4
c10_s01_cov050_seed00000099_bw025,c10_s01_cov050_seed00000099,flip,fast_gate,10,1,measured,0.5,0.25,,99,X,Y,5,5,7,7,0.7692307692307693,1,W,0.2,1,0,1,0,3,True,1,ok,local_up_fast,mpdag_criterion,True,"Conjecture 2 (hence Anti-Exchange Case B, verified not proved)",C00->C08 C00->Y C02->C07 C03->C04 C03->C06 C04->C05 C04->C09 W->Y X->Y C00-X C02-X C03-X C05-C09,0.0005154579999953057,0.0,0.0005154579999953057,,1,7,2,0,0.2286066584463625,0.7620221948212084,5,3
c10_s01_cov050_seed00000100_bw025,c10_s01_cov050_seed00000100,flip,fast_gate,10,1,measured,0.5,0.25,,100,X,Y,6,4,11,11,0.7857142857142857,2,"C00,W",0.0,0,0,3,0,3,True,3,ok,local_up_fast,mpdag_criterion,True,"Conjecture 2 (hence Anti-Exchange Case B, verified not proved)",C00->Y C02->C03 C02->C06 C02->C09 C05->C08 W->Y X->C02 X->C03 X->C04 X->C09 X->Y C00-C05 C00-X C05-C07,0.0033467499999915162,0.0,0.0033467499999915162,,6,59,15,0,0.4741496598639456,2.741496598639456,6,2
c10_s01_cov050_seed00000101_bw025,c10_s01_cov050_seed00000101,flip,fast_gate,10,1,measured,0.5,0.25,,101,X,Y,5,6,8,8,0.7692307692307693,2,"C00,W",0.2,1,0,1,0,3,True,1,ok,local_up_fast,mpdag_criterion,True,"Conjecture 2 (hence Anti-Exchange Case B, verified not proved)",C00->C02 C00->Y C02->C03 C02->C05 C02->C09 C04->C00 C04->X C05->C08 W->Y X->Y C00-X C04-C06 C06-C07,0.0005626250000432265,0.0,0.0005626250000432265,,1,8,3,0,0.7663113818043396,2.0498667681766274,5,2
c10_s01_cov050_seed00000102_bw025,c10_s01_cov050_seed00000102,flip,fast_gate,10,1,measured,0.5,0.25,,102,X,Y,5,4,10,10,0.7692307692307693,2,"C00,W",0.2,1,0,1,0,3,True,1,ok,local_up_fast,mpdag_criterion,True,"Conjecture 2 (hence Anti-Exchange Case B, verified not proved)",C00->C02 C00->C03 C00->Y C02->C06 C03->C09 C06->C07 C08->C00 C08->X W->Y X->C04 X->C05 X->Y C00-X,0.00047108299997944414,0.0,0.00047108299997944414,,1,10,3,0,0.7904073482428114,2.1895367412140576,5,2
c10_s01_cov050_seed00000104_bw025,c10_s01_cov050_seed00000104,flip,fast_gate,10,1,measured,0.5,0.25,,104,X,Y,6,5,10,10,0.7857142857142857,2,"C00,W",0.0,0,0,2,0,3,True,2,ok,local_up_fast,mpdag_criterion,True,"Conjecture 2 (hence Anti-Exchange Case B, verified not proved)",C00->C04 C00->Y C03->C02 C03->C09 C05->C07 W->Y X->C02 X->C03 X->C06 X->C08 X->Y C00-C05 C00-X C06-C08,0.0025462499999662214,0.0,0.0025462499999662214,,3,28,8,0,0.4757597554396691,1.9571120302103937,6,3
c10_s01_cov050_seed00000107_bw025,c10_s01_cov050_seed00000107,flip,fast_gate,10,1,measured,0.5,0.25,,107,X,Y,6,9,8,8,0.8125,1,W,0.16666666666666666,1,0,1,0,3,True,1,ok,local_up_fast,mpdag_criterion,True,"Conjecture 2 (hence Anti-Exchange Case B, verified not proved)",C00->C02 C00->C06 C00->C07 C00->Y C02->C07 C03->C09 C05->C03 W->Y X->C09 X->Y C00-X C03-C08 C03-X C04-X C05-C08 C05-X,0.002069666000011239,0.0,0.002069666000011239,,1,8,2,0,0.18204503796805446,0.9102251898402723,6,1
c10_s01_cov050_seed00000109_bw025,c10_s01_cov050_seed00000109,flip,fast_gate,10,1,measured,0.5,0.25,,109,X,Y,5,6,6,6,0.7692307692307693,1,W,0.2,1,0,1,0,3,True,1,ok,local_up_fast,mpdag_criterion,True,"Conjecture 2 (hence Anti-Exchange Case B, verified not proved)",C00->C04 C00->C06 C00->Y C02->C09 C03->C05 C04->C08 W->Y X->Y C00-X C02-X C03-C07 C03-X C05-X,0.0006528339999931632,0.0,0.0006528339999931632,,1,6,2,0,0.2529102012967715,0.9265804663856576,5,2
c10_s01_cov100_seed00000000_bw000,c10_s01_cov100_seed00000000,flip,fast_gate,10,1,measured,1.0,0.0,,0,X,Y,11,0,11,11,0.7857142857142857,2,"C00,W",0.09090909090909091,1,0,1,0,3,True,1,ok,local_up_fast,mpdag_criterion,True,"Conjecture 2 (hence Anti-Exchange Case B, verified not proved)",C00->C02 C00->C03 C00->C04 C00->Y C03->C05 C04->C07 C04->C08 C05->C06 C06->C09 W->Y X->C02 X->C03 X->Y C00-X,0.0005687089999923955,0.0,0.0005687089999923955,,1,11,4,0,0.3062676384397463,3.062676384397463,11,5
c10_s01_cov100_seed00000001_bw000,c10_s01_cov100_seed00000001,flip,fast_gate,10,1,measured,1.0,0.0,,1,X,Y,10,0,10,10,0.7692307692307693,2,"C00,W",0.1,1,0,1,0,3,True,1,ok,local_up_fast,mpdag_criterion,True,"Conjecture 2 (hence Anti-Exchange Case B, verified not proved)",C00->C02 C00->C03 C00->C08 C00->C09 C00->Y C03->C04 C04->C05 C05->C07 W->Y X->C03 X->C06 X->Y C00-X,0.0004294579999850612,0.0,0.0004294579999850612,,1,10,3,0,0.3294827927687968,3.294827927687968,10,4
c10_s01_cov100_seed00000002_bw000,c10_s01_cov100_seed00000002,flip,fast_gate,10,1,measured,1.0,0.0,,2,X,Y,12,0,12,12,0.8,2,"C00,W",0.08333333333333333,1,0,1,0,3,True,1,ok,local_up_fast,mpdag_criterion,True,"Conjecture 2 (hence Anti-Exchange Case B, verified not proved)",C00->C02 C00->C03 C00->C05 C00->C06 C00->C07 C00->Y C02->C09 C05->C06 C05->C08 W->Y X->C02 X->C04 X->C07 X->Y C00-X,0.0007517919999600053,0.0,0.0007517919999600053,,1,12,5,0,0.5715275903822867,2.780539061717605,12,8
c10_s01_cov100_seed00000003_bw000,c10_s01_cov100_seed00000003,flip,fast_gate,10,1,measured,1.0,0.0,,3,X,Y,13,0,13,13,0.8125,2,"C00,W",0.07692307692307693,1,0,1,0,3,True,1,ok,local_up_fast,mpdag_criterion,True,"Conjecture 2 (hence Anti-Exchange Case B, verified not proved)",C00->C02 C00->C03 C00->C04 C00->C06 C00->Y C02->C05 C03->C04 C03->C06 C03->C07 C03->C08 C03->C09 C04->C07 W->Y X->C02 X->Y C00-X,0.0007113749999803076,0.0,0.0007113749999803076,,1,13,5,0,0.76994301994302,3.9466212106661542,13,8
c10_s01_cov100_seed00000004_bw000,c10_s01_cov100_seed00000004,flip,fast_gate,10,1,measured,1.0,0.0,,4,X,Y,10,0,10,10,0.7692307692307693,2,"C00,W",0.1,1,0,1,0,3,True,1,ok,local_up_fast,mpdag_criterion,True,"Conjecture 2 (hence Anti-Exchange Case B, verified not proved)",C00->C05 C00->C09 C00->Y C02->C03 C03->C04 C03->C06 C04->C06 C04->C07 C06->C08 W->Y X->C02 X->Y C00-X,0.0007957500000088658,0.0,0.0007957500000088658,,1,10,3,0,0.12333720930232558,1.233372093023256,10,3
c10_s01_cov100_seed00000005_bw000,c10_s01_cov100_seed00000005,flip,fast_gate,10,1,measured,1.0,0.0,,5,X,Y,12,0,12,12,0.8,2,"C00,W",0.08333333333333333,1,0,1,0,3,True,1,ok,local_up_fast,mpdag_criterion,True,"Conjecture 2 (hence Anti-Exchange Case B, verified not proved)",C00->C07 C00->Y C02->C03 C02->C04 C02->C06 C02->C09 C05->C08 W->Y X->C02 X->C04 X->C05 X->C06 X->C08 X->Y C00-X,0.0006143330000440983,0.0,0.0006143330000440983,,1,12,5,0,0.12701778385772916,1.4273206957201485,12,7
c10_s01_cov100_seed00000006_bw000,c10_s01_cov100_seed00000006,flip,fast_gate,10,1,measured,1.0,0.0,,6,X,Y,10,0,10,10,0.7692307692307693,2,"C00,W",0.1,1,0,1,0,3,True,1,ok,local_up_fast,mpdag_criterion,True,"Conjecture 2 (hence Anti-Exchange Case B, verified not proved)",C00->C02 C00->Y C02->C04 C02->C06 C03->C08 C04->C07 W->Y X->C03 X->C05 X->C08 X->C09 X->Y C00-X,0.00041829200000620403,0.0,0.00041829200000620403,,1,10,3,0,0.43469158807423175,1.8469158807423183,10,6
c10_s01_cov100_seed00000007_bw000,c10_s01_cov100_seed00000007,flip,fast_gate,10,1,measured,1.0,0.0,,7,X,Y,10,0,10,10,0.7692307692307693,2,"C00,W",0.1,1,0,1,0,3,True,1,ok,local_up_fast,mpdag_criterion,True,"Conjecture 2 (hence Anti-Exchange Case B, verified not proved)",C00->C07 C00->C08 C00->Y C03->C04 C03->C09 C04->C09 C05->C06 W->Y X->C02 X->C03 X->C05 X->Y C00-X,0.0004455420000226695,0.0,0.0004455420000226695,,1,10,3,0,0.11615063680281072,1.1615063680281073,10,5
c10_s01_cov100_seed00000008_bw000,c10_s01_cov100_seed00000008,flip,fast_gate,10,1,measured,1.0,0.0,,8,X,Y,12,0,12,12,0.8,2,"C00,W",0.08333333333333333,1,0,1,0,3,True,1,ok,local_up_fast,mpdag_criterion,True,"Conjecture 2 (hence Anti-Exchange Case B, verified not proved)",C00->C03 C00->Y C02->C04 C02->C09 C03->C05 C03->C06 C03->C07 C03->C08 C05->C07 C07->C08 W->Y X->C02 X->C09 X->Y C00-X,0.0005983749999813881,0.0,0.0005983749999813881,,1,12,4,0,0.23858507928113953,3.02077142773203,12,6
c10_s01_cov100_seed00000009_bw000,c10_s01_cov100_seed00000009,flip,fast_gate,10,1,measured,1.0,0.0,,9,X,Y,12,0,12,12,0.8,2,"C00,W",0.08333333333333333,1,0,1,0,3,True,1,ok,local_up_fast,mpdag_criterion,True,"Conjecture 2 (hence Anti-Exchange Case B, verified not proved)",C00->C02 C00->Y C02->C03 C02->C04 C03->C05 C03->C09 C05->C06 C05->C07 C05->C09 C06->C07 C06->C08 W->Y X->C02 X->Y C00-X,0.0006911250000030122,0.0,0.0006911250000030122,,1,12,5,0,0.3867662805140791,4.402546526071023,12,3
c10_s01_cov100_seed00000010_bw000,c10_s01_cov100_seed00000010,flip,fast_gate,10,1,measured,1.0,0.0,,10,X,Y,11,0,11,11,0.7857142857142857,2,"C00,W",0.09090909090909091,1,0,1,0,3,True,1,ok,local_up_fast,mpdag_criterion,True,"Conjecture 2 (hence Anti-Exchange Case B, verified not proved)",C00->C02 C00->C05 C00->C07 C00->C09 C00->Y C02->C03 C02->C04 C03->C08 C04->C06 W->Y X->C02 X->C05 X->Y C00-X,0.0005458329999328271,0.0,0.0005458329999328271,,1,11,4,0,0.3170875533260854,3.1708755332608543,11,6
c10_s01_cov100_seed00000011_bw000,c10_s01_cov100_seed00000011,flip,fast_gate,10,1,measured,1.0,0.0,,11,X,Y,11,0,11,11,0.7857142857142857,2,"C00,W",0.09090909090909091,1,0,1,0,3,True,1,ok,local_up_fast,mpdag_criterion,True,"Conjecture 2 (hence Anti-Exchange Case B, verified not proved)",C00->C02 C00->C03 C00->C04 C00->C05 C00->C06 C00->C07 C00->Y C02->C04 C03->C06 C05->C09 C07->C08 W->Y X->Y C00-X,0.0004733329999453417,0.0,0.0004733329999453417,,1,11,4,0,0.9646662504206741,3.6466625042067413,11,7
c10_s01_cov100_seed00000012_bw000,c10_s01_cov100_seed00000012,flip,fast_gate,10,1,measured,1.0,0.0,,12,X,Y,13,0,13,13,0.8125,2,"C00,W",0.07692307692307693,1,0,1,0,3,True,1,ok,local_up_fast,mpdag_criterion,True,"Conjecture 2 (hence Anti-Exchange Case B, verified not proved)",C00->C03 C00->C04 C00->C05 C00->C06 C00->C09 C00->Y C04->C05 C04->C06 C05->C09 C06->C07 C06->C08 W->Y X->C02 X->C03 X->Y C00-X,0.0007090840000500975,0.0,0.0007090840000500975,,1,13,5,0,0.49213144963144967,3.2039492268534184,13,8
c10_s01_cov100_seed00000013_bw000,c10_s01_cov100_seed00000013,flip,fast_gate,10,1,measured,1.0,0.0,,13,X,Y,13,0,13,13,0.8125,2,"C00,W",0.07692307692307693,1,0,1,0,3,True,1,ok,local_up_fast,mpdag_criterion,True,"Conjecture 2 (hence Anti-Exchange Case B, verified not proved)",C00->Y C02->C03 C02->C04 C03->C04 C03->C06 C04->C06 C04->C09 C05->C07 C05->C08 C06->C09 C07->C08 W->Y X->C02 X->C05 X->Y C00-X,0.0006746669999984078,0.0,0.0006746669999984078,,1,13,4,0,0.06778242677824267,0.9197597516533945,13,4
c10_s01_cov100_seed00000014_bw000,c10_s01_cov100_seed00000014,flip,fast_gate,10,1,measured,1.0,0.0,,14,X,Y,10,0,10,10,0.7692307692307693,2,"C00,W",0.1,1,0,1,0,3,True,1,ok,local_up_fast,mpdag_criterion,True,"Conjecture 2 (hence Anti-Exchange Case B, verified not proved)",C00->C02 C00->C06 C00->Y C02->C03 C04->C05 C04->C09 C05->C07 C05->C09 C06->C08 W->Y X->C04 X->Y C00-X,0.00043833400002313283,0.0,0.00043833400002313283,,1,10,3,0,0.1849143959488787,1.849143959488787,10,5
c10_s01_cov100_seed00000015_bw000,c10_s01_cov100_seed00000015,flip,fast_gate,10,1,measured,1.0,0.0,,15,X,Y,10,0,10,10,0.7692307692307693,2,"C00,W",0.1,1,0,1,0,3,True,1,ok,local_up_fast,mpdag_criterion,True,"Conjecture 2 (hence Anti-Exchange Case B, verified not proved)",C00->C04 C00->C05 C00->C09 C00->Y C02->C03 C03->C08 C04->C05 C04->C06 C04->C07 W->Y X->C02 X->Y C00-X,0.0004233340000610042,0.0,0.0004233340000610042,,1,10,3,0,0.19566437683238727,1.9566437683238727,10,5
c10_s01_cov100_seed00000016_bw000,c10_s01_cov100_seed00000016,flip,fast_gate,10,1,measured,1.0,0.0,,16,X,Y,12,0,12,12,0.8,2,"C00,W",0.08333333333333333,1,0,1,0,3,True,1,ok,local_up_fast,mpdag_criterion,True,"Conjecture 2 (hence Anti-Exchange Case B, verified not proved)",C00->C06 C00->C08 C00->C09 C00->Y C02->C03 C02->C05 C06->C07 C06->C08 C06->C09 W->Y X->C02 X->C03 X->C04 X->Y C00-X,0.0018423750000238215,0.0,0.0018423750000238215,,1,12,5,0,0.15869782105515204,2.105050499708147,12,7
c10_s01_cov100_seed00000017_bw000,c10_s01_cov100_seed00000017,flip,fast_gate,10,1,measured,1.0,0.0,,17,X,Y,13,0,13,13,0.8125,2,"C00,W",0.07692307692307693,1,0,1,0,3,True,1,ok,local_up_fast,mpdag_criterion,True,"Conjecture 2 (hence Anti-Exchange Case B, verified not proved)",C00->C02 C00->C08 C00->Y C02->C03 C02->C04 C02->C07 C03->C04 C03->C09 C04->C09 C05->C06 W->Y X->C02 X->C05 X->C08 X->Y C00-X,0.0007290839999996024,0.0,0.0007290839999996024,,1,13,5,0,0.16917119073470865,2.2189846346198134,13,6
c10_s01_cov100_seed00000018_bw000,c10_s01_cov100_seed00000018,flip,fast_gate,10,1,measured,1.0,0.0,,18,X,Y,11,0,11,11,0.7857142857142857,2,"C00,W",0.09090909090909091,1,0,1,0,3,True,1,ok,local_up_fast,mpdag_criterion,True,"Conjecture 2 (hence Anti-Exchange Case B, verified not proved)",C00->C03 C00->C04 C00->Y C03->C05 C03->C06 C03->C07 C03->C08 C05->C07 C05->C09 W->Y X->C02 X->C03 X->Y C00-X,0.0005958750000445434,0.0,0.0005958750000445434,,1,11,4,0,0.2972285612802677,2.972285612802677,11,5
c10_s01_cov100_seed00000019_bw000,c10_s01_cov100_seed00000019,flip,fast_gate,10,1,measured,1.0,0.0,,19,X,Y,10,0,10,10,0.7692307692307693,2,"C00,W",0.1,1,0,1,0,3,True,1,ok,local_up_fast,mpdag_criterion,True,"Conjecture 2 (hence Anti-Exchange Case B, verified not proved)",C00->C04 C00->C05 C00->Y C02->C03 C02->C08 C04->C06 C05->C07 C06->C09 W->Y X->C02 X->C03 X->Y C00-X,0.00038270800007467187,0.0,0.00038270800007467187,,1,10,3,0,0.44141947858583663,2.4141947858583657,10,6
c10_s01_cov100_seed00000020_bw000,c10_s01_cov100_seed00000020,flip,fast_gate,10,1,measured,1.0,0.0,,20,X,Y,12,0,12,12,0.8,2,"C00,W",0.08333333333333333,1,0,1,0,3,True,1,ok,local_up_fast,mpdag_criterion,True,"Conjecture 2 (hence Anti-Exchange Case B, verified not proved)",C00->C03 C00->C04 C00->C06 C00->C07 C00->C09 C00->Y C02->C05 C04->C09 C07->C08 W->Y X->C02 X->C03 X->C05 X->Y C00-X,0.0006294999999454376,0.0,0.0006294999999454376,,1,12,5,0,0.2817135891937446,2.8504692252707793,12,7
c10_s01_cov100_seed00000021_bw000,c10_s01_cov100_seed00000021,flip,fast_gate,10,1,measured,1.0,0.0,,21,X,Y,11,0,11,11,0.7857142857142857,2,"C00,W",0.09090909090909091,1,0,1,0,3,True,1,ok,local_up_fast,mpdag_criterion,True,"Conjecture 2 (hence Anti-Exchange Case B, verified not proved)",C00->C02 C00->C05 C00->C06 C00->Y C02->C03 C04->C07 C04->C08 C06->C09 C07->C08 W->Y X->C04 X->C06 X->Y C00-X,0.0005329999999048596,0.0,0.0005329999999048596,,1,11,4,0,0.23773738535774772,2.377373853577477,11,5
c10_s01_cov100_seed00000022_bw000,c10_s01_cov100_seed00000022,flip,fast_gate,10,1,measured,1.0,0.0,,22,X,Y,11,0,11,11,0.7857142857142857,2,"C00,W",0.09090909090909091,1,0,1,0,3,True,1,ok,local_up_fast,mpdag_criterion,True,"Conjecture 2 (hence Anti-Exchange Case B, verified not proved)",C00->C02 C00->C03 C00->C05 C00->C07 C00->C08 C00->Y C02->C04 C04->C09 C05->C06 W->Y X->C02 X->C03 X->Y C00-X,0.0005248749999964275,0.0,0.0005248749999964275,,1,11,4,0,0.5173796405836291,2.6023678344077195,11,7
c10_s01_cov100_seed00000023_bw000,c10_s01_cov100_seed00000023,flip,fast_gate,10,1,measured,1.0,0.0,,23,X,Y,12,0,12,12,0.8,2,"C00,W",0.08333333333333333,1,0,1,0,3,True,1,ok,local_up_fast,mpdag_criterion,True,"Conjecture 2 (hence Anti-Exchange Case B, verified not proved)",C00->C02 C00->C03 C00->C05 C00->C06 C00->C07 C00->C09 C00->Y C02->C03 C02->C04 C02->C06 C05->C08 C06->C09 W->Y X->Y C00-X,0.0005425409999588737,0.0,0.0005425409999588737,,1,12,4,0,0.9683812739954571,3.6004794066212384,12,8
c10_s01_cov100_seed00000024_bw000,c10_s01_cov100_seed00000024,flip,fast_gate,10,1,measured,1.0,0.0,,24,X,Y,10,0,10,10,0.7692307692307693,2,"C00,W",0.1,1,0,1,0,3,True,1,ok,local_up_fast,mpdag_criterion,True,"Conjecture 2 (hence Anti-Exchange Case B, verified not proved)",C00->C02 C00->C03 C00->C04 C00->C06 C00->Y C02->C05 C03->C06 C03->C08 C06->C07 C07->C09 W->Y X->Y C00-X,0.002350541000055273,0.0,0.002350541000055273,,1,10,3,0,0.9701277075407653,4.701277075407653,10,5
c10_s01_cov100_seed00000025_bw000,c10_s01_cov100_seed00000025,flip,fast_gate,10,1,measured,1.0,0.0,,25,X,Y,13,0,13,13,0.8125,2,"C00,W",0.07692307692307693,1,0,1,0,3,True,1,ok,local_up_fast,mpdag_criterion,True,"Conjecture 2 (hence Anti-Exchange Case B, verified not proved)",C00->C02 C00->C03 C00->C05 C00->Y C02->C03 C02->C04 C02->C06 C02->C09 C03->C06 W->Y X->C02 X->C04 X->C07 X->C08 X->Y C00-X,0.000616332999925362,0.0,0.000616332999925362,,1,13,3,0,0.7570005280760429,3.137572848327997,13,7
c10_s01_cov100_seed00000026_bw000,c10_s01_cov100_seed00000026,flip,fast_gate,10,1,measured,1.0,0.0,,26,X,Y,13,0,13,13,0.8125,2,"C00,W",0.07692307692307693,1,0,1,0,3,True,1,ok,local_up_fast,mpdag_criterion,True,"Conjecture 2 (hence Anti-Exchange Case B, verified not proved)",C00->C02 C00->C03 C00->C09 C00->Y C02->C04 C02->C05 C03->C06 C03->C07 C04->C08 C06->C07 W->Y X->C02 X->C03 X->C06 X->Y C00-X,0.0014546659999723488,0.0,0.0014546659999723488,,1,13,4,0,0.14747140733549738,2.154201252842153,13,7
c10_s01_cov100_seed00000027_bw000,c10_s01_cov100_seed00000027,flip,fast_gate,10,1,measured,1.0,0.0,,27,X,Y,12,0,12,12,0.8,2,"C00,W",0.08333333333333333,1,0,1,0,3,True,1,ok,local_up_fast,mpdag_criterion,True,"Conjecture 2 (hence Anti-Exchange Case B, verified not proved)",C00->C02 C00->C03 C00->C07 C00->Y C02->C03 C02->C04 C02->C06 C03->C07 C04->C06 C05->C09 C07->C08 W->Y X->C05 X->Y C00-X,0.0005488750000495202,0.0,0.0005488750000495202,,1,12,4,0,0.27272486036111265,3.3366236036111268,12,6
c10_s01_cov100_seed00000028_bw000,c10_s01_cov100_seed00000028,flip,fast_gate,10,1,measured,1.0,0.0,,28,X,Y,10,0,10,10,0.7692307692307693,2,"C00,W",0.1,1,0,1,0,3,True,1,ok,local_up_fast,mpdag_criterion,True,"Conjecture 2 (hence Anti-Exchange Case B, verified not proved)",C00->C05 C00->Y C02->C03 C02->C04 C02->C06 C03->C04 C06->C07 C06->C08 C07->C09 W->Y X->C02 X->Y C00-X,0.0005539590000580574,0.0,0.0005539590000580574,,1,10,3,0,0.09071184787908337,0.9071184787908337,10,4
c10_s01_cov100_seed00000029_bw000,c10_s01_cov100_seed00000029,flip,fast_gate,10,1,measured,1.0,0.0,,29,X,Y,12,0,12,12,0.8,2,"C00,W",0.08333333333333333,1,0,1,0,3,True,1,ok,local_up_fast,mpdag_criterion,True,"Conjecture 2 (hence Anti-Exchange Case B, verified not proved)",C00->C03 C00->Y C02->C04 C02->C05 C02->C06 C04->C07 C07->C09 W->Y X->C02 X->C04 X->C05 X->C07 X->C08 X->Y C00-X,0.0004978749999509091,0.0,0.0004978749999509091,,1,12,4,0,0.12478204660721981,1.336055760189845,12,6
c10_s01_cov100_seed00000030_bw000,c10_s01_cov100_seed00000030,flip,fast_gate,10,1,measured,1.0,0.0,,30,X,Y,12,0,12,12,0.8,2,"C00,W",0.08333333333333333,1,0,1,0,3,True,1,ok,local_up_fast,mpdag_criterion,True,"Conjecture 2 (hence Anti-Exchange Case B, verified not proved)",C00->C02 C00->C03 C00->C05 C00->C06 C00->C08 C00->Y C02->C03 C02->C04 C03->C08 C05->C06 C05->C09 W->Y X->C07 X->Y C00-X,0.0005757080000421411,0.0,0.0005757080000421411,,1,12,4,0,0.8269382393562722,3.801991089214895,12,7
c10_s01_cov100_seed00000031_bw000,c10_s01_cov100_seed00000031,flip,fast_gate,10,1,measured,1.0,0.0,,31,X,Y,12,0,12,12,0.8,2,"C00,W",0.08333333333333333,1,0,1,0,3,True,1,ok,local_up_fast,mpdag_criterion,True,"Conjecture 2 (hence Anti-Exchange Case B, verified not proved)",C00->C02 C00->C04 C00->C05 C00->C06 C00->Y C02->C03 C02->C05 C02->C08 C05->C06 C05->C09 C06->C07 W->Y X->C02 X->Y C00-X,0.0011013750000756772,0.0,0.0011013750000756772,,1,12,3,0,0.9419968673270679,4.294968673270679,12,7
c10_s01_cov100_seed00000032_bw000,c10_s01_cov100_seed00000032,flip,fast_gate,10,1,measured,1.0,0.0,,32,X,Y,9,0,9,9,0.75,2,"C00,W",0.1111111111111111,1,0,1,0,3,True,1,ok,local_up_fast,mpdag_criterion,True,"Conjecture 2 (hence Anti-Exchange Case B, verified not proved)",C00->C03 C00->Y C04->C06 C04->C09 C06->C07 C07->C08 W->Y X->C02 X->C04 X->C05 X->Y C00-X,0.0007560000000239597,0.0,0.0007560000000239597,,1,9,2,0,0.050256410256410255,0.5025641025641026,9,4
c10_s01_cov100_seed00000033_bw000,c10_s01_cov100_seed00000033,flip,fast_gate,10,1,measured,1.0,0.0,,33,X,Y,12,0,12,12,0.8,2,"C00,W",0.08333333333333333,1,0,1,0,3,True,1,ok,local_up_fast,mpdag_criterion,True,"Conjecture 2 (hence Anti-Exchange Case B, verified not proved)",C00->Y C04->C08 C04->C09 C05->C06 C05->C07 C06->C07 W->Y X->C02 X->C03 X->C04 X->C05 X->C08 X->C09 X->Y C00-X,0.001008250000040789,0.0,0.001008250000040789,,1,12,5,0,0.10536225951698733,1.0536225951698732,12,6
c10_s01_cov100_seed00000034_bw000,c10_s01_cov100_seed00000034,flip,fast_gate,10,1,measured,1.0,0.0,,34,X,Y,10,0,10,10,0.7692307692307693,2,"C00,W",0.1,1,0,1,0,3,True,1,ok,local_up_fast,mpdag_criterion,True,"Conjecture 2 (hence Anti-Exchange Case B, verified not proved)",C00->C02 C00->C03 C00->Y C02->C04 C03->C07 C04->C06 C04->C08 C06->C09 W->Y X->C03 X->C05 X->Y C00-X,0.000755333000029168,0.0,0.000755333000029168,,1,10,3,0,0.862058593047917,3.6205859304791685,10,5
c10_s01_cov100_seed00000035_bw000,c10_s01_cov100_seed00000035,flip,fast_gate,10,1,measured,1.0,0.0,,35,X,Y,10,0,10,10,0.7692307692307693,2,"C00,W",0.1,1,0,1,0,3,True,1,ok,local_up_fast,mpdag_criterion,True,"Conjecture 2 (hence Anti-Exchange Case B, verified not proved)",C00->C02 C00->C04 C00->C06 C00->Y C02->C04 C02->C05 C06->C08 C08->C09 W->Y X->C03 X->C07 X->Y C00-X,0.0009004590000358803,0.0,0.0009004590000358803,,1,10,3,0,0.9140507568540277,3.1405075685402775,10,6
c10_s01_cov100_seed00000036_bw000,c10_s01_cov100_seed00000036,flip,fast_gate,10,1,measured,1.0,0.0,,36,X,Y,10,0,10,10,0.7692307692307693,2,"C00,W",0.1,1,0,1,0,3,True,1,ok,local_up_fast,mpdag_criterion,True,"Conjecture 2 (hence Anti-Exchange Case B, verified not proved)",C00->C02 C00->C03 C00->C07 C00->Y C02->C05 C03->C04 C03->C07 C05->C06 W->Y X->C08 X->C09 X->Y C00-X,0.000411666999980298,0.0,0.000411666999980298,,1,10,3,0,0.9013972196478222,3.0139721964782207,10,6
c10_s01_cov100_seed00000037_bw000,c10_s01_cov100_seed00000037,flip,fast_gate,10,1,measured,1.0,0.0,,37,X,Y,13,0,13,13,0.8125,2,"C00,W",0.07692307692307693,1,0,1,0,3,True,1,ok,local_up_fast,mpdag_criterion,True,"Conjecture 2 (hence Anti-Exchange Case B, verified not proved)",C00->C02 C00->C03 C00->C08 C00->Y C02->C03 C03->C04 C03->C05 C03->C06 C05->C06 C05->C07 C06->C07 C06->C09 C07->C09 W->Y X->Y C00-X,0.0014997499999935826,0.0,0.0014997499999935826,,1,13,4,0,0.9681877811094453,7.419741888764356,13,5
c10_s01_cov100_seed00000038_bw000,c10_s01_cov100_seed00000038,flip,fast_gate,10,1,measured,1.0,0.0,,38,X,Y,12,0,12,12,0.8,2,"C00,W",0.08333333333333333,1,0,1,0,3,True,1,ok,local_up_fast,mpdag_criterion,True,"Conjecture 2 (hence Anti-Exchange Case B, verified not proved)",C00->C02 C00->Y C03->C05 C03->C06 C03->C08 C05->C07 C05->C08 W->Y X->C02 X->C03 X->C04 X->C05 X->C09 X->Y C00-X,0.0010656250000238288,0.0,0.0010656250000238288,,1,12,4,0,0.09190446306618923,1.0133842533034016,12,5
c10_s01_cov100_seed00000039_bw000,c10_s01_cov100_seed00000039,flip,fast_gate,10,1,measured,1.0,0.0,,39,X,Y,12,0,12,12,0.8,2,"C00,W",0.08333333333333333,1,0,1,0,3,True,1,ok,local_up_fast,mpdag_criterion,True,"Conjecture 2 (hence Anti-Exchange Case B, verified not proved)",C00->C03 C00->Y C02->C08 C04->C05 C05->C06 C05->C09 C06->C09 W->Y X->C02 X->C03 X->C04 X->C05 X->C07 X->Y C00-X,0.0006850409999969997,0.0,0.0006850409999969997,,1,12,5,0,0.11470814864825196,1.2989802206597347,12,4
c10_s01_cov100_seed00000000_bw010,c10_s01_cov100_seed00000000,flip,fast_gate,10,1,measured,1.0,0.1,,0,X,Y,11,2,11,11,0.7857142857142857,2,"C00,W",0.0,0,0,2,0,3,True,2,ok,local_up_fast,mpdag_criterion,True,"Conjecture 2 (hence Anti-Exchange Case B, verified not proved)",C00->C02 C00->C03 C00->C04 C00->Y C03->C05 C04->C07 C04->C08 C05->C06 C06->C09 W->Y X->C02 X->Y C00-X C03-X,0.0010400830000207861,0.0,0.0010400830000207861,,2,21,6,0,0.3082156699889258,3.082156699889258,11,6
c10_s01_cov100_seed00000001_bw010,c10_s01_cov100_seed00000001,flip,fast_gate,10,1,measured,1.0,0.1,,1,X,Y,10,2,10,10,0.7692307692307693,2,"C00,W",0.0,0,0,2,0,3,True,2,ok,local_up_fast,mpdag_criterion,True,"Conjecture 2 (hence Anti-Exchange Case B, verified not proved)",C00->C02 C00->C03 C00->C08 C00->C09 C00->Y C03->C04 C04->C05 C05->C07 W->Y X->C06 X->Y C00-X C03-X,0.0008625420000498707,0.0,0.0008625420000498707,,2,19,7,0,0.22074965034965036,2.2074965034965035,10,5
c10_s01_cov100_seed00000010_bw010,c10_s01_cov100_seed00000010,flip,fast_gate,10,1,measured,1.0,0.1,,10,X,Y,11,2,11,11,0.7857142857142857,2,"C00,W",0.0,0,0,2,0,3,True,2,ok,local_up_fast,mpdag_criterion,True,"Conjecture 2 (hence Anti-Exchange Case B, verified not proved)",C00->C02 C00->C05 C00->C07 C00->C09 C00->Y C02->C03 C02->C04 C03->C08 C04->C06 W->Y X->C05 X->Y C00-X C02-X,0.0021394999999984066,0.0,0.0021394999999984066,,2,21,7,0,0.22760882528324392,2.276088252832439,11,7
c10_s01_cov100_seed00000012_bw010,c10_s01_cov100_seed00000012,flip,fast_gate,10,1,measured,1.0,0.1,,12,X,Y,13,2,13,13,0.8125,2,"C00,W",0.0,0,0,2,0,3,True,2,ok,local_up_fast,mpdag_criterion,True,"Conjecture 2 (hence Anti-Exchange Case B, verified not proved)",C00->C03 C00->C05 C00->C06 C00->C09 C00->Y C04->C05 C04->C06 C05->C09 C06->C07 C06->C08 W->Y X->C02 X->C03 X->Y C00-C04 C00-X,0.00324599999999009,0.0,0.00324599999999009,,3,37,11,0,0.5782513477088949,4.171402365977838,13,7
c10_s01_cov100_seed00000016_bw010,c10_s01_cov100_seed00000016,flip,fast_gate,10,1,measured,1.0,0.1,,16,X,Y,12,2,12,12,0.8,1,W,0.08333333333333333,1,0,1,0,3,True,1,ok,local_up_fast,mpdag_criterion,True,"Conjecture 2 (hence Anti-Exchange Case B, verified not proved)",C00->C06 C00->C08 C00->C09 C00->Y C02->C03 C02->C05 C06->C07 C06->C08 C06->C09 W->Y X->C02 X->C03 X->C04 X->Y C00-X,0.0005891669999300575,0.0,0.0005891669999300575,,1,12,4,0,0.18892911010558072,2.419291101055807,12,7
c10_s01_cov100_seed00000017_bw010,c10_s01_cov100_seed00000017,flip,fast_gate,10,1,measured,1.0,0.1,,17,X,Y,13,2,13,13,0.8125,2,"C00,W",0.0,0,0,2,0,3,True,2,ok,local_up_fast,mpdag_criterion,True,"Conjecture 2 (hence Anti-Exchange Case B, verified not proved)",C00->C02 C00->C08 C00->Y C02->C03 C02->C04 C02->C07 C03->C04 C03->C09 C04->C09 C05->C06 W->Y X->C02 X->C05 X->Y C00-X C08-X,0.002903833000004852,0.0,0.002903833000004852,,2,25,7,0,0.27734848484848484,3.352432216905901,13,4
c10_s01_cov100_seed00000020_bw010,c10_s01_cov100_seed00000020,flip,fast_gate,10,1,measured,1.0,0.1,,20,X,Y,12,2,12,12,0.8,2,"C00,W",0.08333333333333333,1,0,1,0,3,True,1,ok,local_up_fast,mpdag_criterion,True,"Conjecture 2 (hence Anti-Exchange Case B, verified not proved)",C00->C03 C00->C04 C00->C06 C00->C07 C00->C09 C00->Y C04->C09 C05->C02 C07->C08 W->Y X->C02 X->C03 X->C05 X->Y C00-X,0.0005638750000116488,0.0,0.0005638750000116488,,1,12,5,0,0.4296193434366418,3.2524959553748225,12,7
c10_s01_cov100_seed00000021_bw010,c10_s01_cov100_seed00000021,flip,fast_gate,10,1,measured,1.0,0.1,,21,X,Y,11,2,11,11,0.7857142857142857,2,"C00,W",0.09090909090909091,1,0,1,0,3,True,1,ok,local_up_fast,mpdag_criterion,True,"Conjecture 2 (hence Anti-Exchange Case B, verified not proved)",C00->C02 C00->C05 C00->C06 C00->Y C02->C03 C04->C07 C04->C08 C06->C09 C08->C07 W->Y X->C04 X->C06 X->Y C00-X,0.000527165999983481,0.0,0.000527165999983481,,1,11,4,0,0.23206006429086595,2.3206006429086594,11,5
c10_s01_cov100_seed00000023_bw010,c10_s01_cov100_seed00000023,flip,fast_gate,10,1,measured,1.0,0.1,,23,X,Y,12,2,12,12,0.8,2,"C00,W",0.0,0,0,2,0,3,True,2,ok,local_up_fast,mpdag_criterion,True,"Conjecture 2 (hence Anti-Exchange Case B, verified not proved)",C00->C02 C00->C03 C00->C06 C00->C07 C00->C09 C00->Y C02->C03 C02->C04 C02->C06 C05->C08 C06->C09 W->Y X->Y C00-C05 C00-X,0.002849332999971921,0.0,0.002849332999971921,,3,34,11,0,0.9715719063545152,4.532045594157395,12,7
c10_s01_cov100_seed00000026_bw010,c10_s01_cov100_seed00000026,flip,fast_gate,10,1,measured,1.0,0.1,,26,X,Y,13,2,13,13,0.8125,2,"C00,W",0.0,0,0,2,0,3,True,2,ok,local_up_fast,mpdag_criterion,True,"Conjecture 2 (hence Anti-Exchange Case B, verified not proved)",C00->C02 C00->C03 C00->C09 C00->Y C02->C04 C02->C05 C03->C06 C03->C07 C04->C08 C06->C07 W->Y X->C02 X->C06 X->Y C00-X C03-X,0.0013604170000007798,0.0,0.0013604170000007798,,2,25,6,0,0.20757575757575758,2.647186147186147,13,7
c10_s01_cov100_seed00000030_bw010,c10_s01_cov100_seed00000030,flip,fast_gate,10,1,measured,1.0,0.1,,30,X,Y,12,2,12,12,0.8,2,"C00,W",0.0,0,0,2,0,3,True,2,ok,local_up_fast,mpdag_criterion,True,"Conjecture 2 (hence Anti-Exchange Case B, verified not proved)",C00->C03 C00->C05 C00->C06 C00->C08 C00->Y C02->C03 C02->C04 C03->C08 C05->C06 C05->C09 W->Y X->C07 X->Y C00-C02 C00-X,0.00371800000004896,0.0,0.00371800000004896,,4,45,12,0,0.6403414132922329,4.724842704350901,12,6
c10_s01_cov100_seed00000034_bw010,c10_s01_cov100_seed00000034,flip,fast_gate,10,1,measured,1.0,0.1,,34,X,Y,10,2,10,10,0.7692307692307693,2,"C00,W",0.0,0,0,2,0,3,True,2,ok,local_up_fast,mpdag_criterion,True,"Conjecture 2 (hence Anti-Exchange Case B, verified not proved)",C00->C02 C00->C03 C00->Y C02->C04 C03->C07 C04->C06 C04->C08 C06->C09 W->Y X->C05 X->Y C00-X C03-X,0.001515332999929342,0.0,0.001515332999929342,,2,19,5,0,0.8973789665420382,3.9737896654203815,10,5
c10_s01_cov100_seed00000038_bw010,c10_s01_cov100_seed00000038,flip,fast_gate,10,1,measured,1.0,0.1,,38,X,Y,12,2,12,12,0.8,2,"C00,W",0.08333333333333333,1,0,1,0,3,True,1,ok,local_up_fast,mpdag_criterion,True,"Conjecture 2 (hence Anti-Exchange Case B, verified not proved)",C00->C02 C00->Y C03->C06 C03->C08 C05->C03 C05->C07 C05->C08 W->Y X->C02 X->C03 X->C04 X->C05 X->C09 X->Y C00-X,0.0005952500000603322,0.0,0.0005952500000603322,,1,12,4,0,0.09877120659584589,1.083865912112305,12,5
c10_s01_cov100_seed00000039_bw010,c10_s01_cov100_seed00000039,flip,fast_gate,10,1,measured,1.0,0.1,,39,X,Y,12,2,12,12,0.8,2,"C00,W",0.08333333333333333,1,0,1,0,3,True,1,ok,local_up_fast,mpdag_criterion,True,"Conjecture 2 (hence Anti-Exchange Case B, verified not proved)",C00->C03 C00->Y C02->C08 C05->C04 C05->C06 C05->C09 C06->C09 W->Y X->C02 X->C03 X->C04 X->C05 X->C07 X->Y C00-X,0.0006318749999536521,0.0,0.0006318749999536521,,1,12,5,0,0.12568625509460962,1.4026958842794295,12,5
c10_s01_cov100_seed00000042_bw010,c10_s01_cov100_seed00000042,flip,fast_gate,10,1,measured,1.0,0.1,,42,X,Y,10,2,10,10,0.7692307692307693,1,W,0.1,1,0,1,0,3,True,1,ok,local_up_fast,mpdag_criterion,True,"Conjecture 2 (hence Anti-Exchange Case B, verified not proved)",C00->C02 C00->C04 C00->Y C02->C03 C02->C04 C02->C05 C03->C07 C05->C06 W->Y X->C08 X->C09 X->Y C00-X,0.0005007500000147047,0.0,0.0005007500000147047,,1,10,4,0,0.1291828549943602,1.291828549943602,10,5
c10_s01_cov100_seed00000043_bw010,c10_s01_cov100_seed00000043,flip,fast_gate,10,1,measured,1.0,0.1,,43,X,Y,13,2,13,13,0.8125,2,"C00,W",0.07692307692307693,1,0,1,0,3,True,1,ok,local_up_fast,mpdag_criterion,True,"Conjecture 2 (hence Anti-Exchange Case B, verified not proved)",C00->C02 C00->C03 C00->C06 C00->Y C02->C07 C03->C04 C04->C05 C09->C08 W->Y X->C02 X->C03 X->C06 X->C08 X->C09 X->Y C00-X,0.0007877079999616399,0.0,0.0007877079999616399,,1,13,6,0,0.13150831402375113,1.884619564078571,13,7
c10_s01_cov100_seed00000048_bw010,c10_s01_cov100_seed00000048,flip,fast_gate,10,1,measured,1.0,0.1,,48,X,Y,11,2,11,11,0.7857142857142857,1,W,0.09090909090909091,1,0,1,0,3,True,1,ok,local_up_fast,mpdag_criterion,True,"Conjecture 2 (hence Anti-Exchange Case B, verified not proved)",C00->C02 C00->C04 C00->C09 C00->Y C03->C05 C03->C06 C03->C08 C04->C07 C06->C08 W->Y X->C03 X->C09 X->Y C00-X,0.0009875419999616497,0.0,0.0009875419999616497,,1,11,3,0,0.5637103490044666,2.6371034900446664,11,6
c10_s01_cov100_seed00000051_bw010,c10_s01_cov100_seed00000051,flip,fast_gate,10,1,measured,1.0,0.1,,51,X,Y,12,2,12,12,0.8,2,"C00,W",0.08333333333333333,1,0,1,0,3,True,1,ok,local_up_fast,mpdag_criterion,True,"Conjecture 2 (hence Anti-Exchange Case B, verified not proved)",C00->C02 C00->C03 C00->C05 C00->C07 C00->Y C03->C02 C03->C08 C04->C06 C04->C09 C06->C09 W->Y X->C04 X->C05 X->Y C00-X,0.0006195419999812657,0.0,0.0006195419999812657,,1,12,5,0,0.22077528173838773,2.8431694840505437,12,5
c10_s01_cov100_seed00000052_bw010,c10_s01_cov100_seed00000052,flip,fast_gate,10,1,measured,1.0,0.1,,52,X,Y,11,2,11,11,0.7857142857142857,1,W,0.09090909090909091,1,0,1,0,3,True,1,ok,local_up_fast,mpdag_criterion,True,"Conjecture 2 (hence Anti-Exchange Case B, verified not proved)",C00->C05 C00->C06 C00->Y C02->C07 C03->C04 C05->C06 C07->C08 C08->C09 W->Y X->C02 X->C03 X->C07 X->Y C00-X,0.0011687080000228889,0.0,0.0011687080000228889,,1,11,4,0,0.8481292404865606,4.481292404865606,11,5
c10_s01_cov100_seed00000054_bw010,c10_s01_cov100_seed00000054,flip,fast_gate,10,1,measured,1.0,0.1,,54,X,Y,12,2,12,12,0.8,2,"C00,W",0.0,0,0,2,0,3,True,2,ok,local_up_fast,mpdag_criterion,True,"Conjecture 2 (hence Anti-Exchange Case B, verified not proved)",C00->C02 C00->C03 C00->C08 C00->Y C02->C03 C02->C04 C02->C05 C02->C06 C02->C09 C03->C04 C04->C09 W->Y X->Y C00-C07 C00-X,0.0011202080000884962,0.0,0.0011202080000884962,,2,23,5,0,0.979032258064516,6.6179087875417135,12,5
c10_s01_cov100_seed00000055_bw010,c10_s01_cov100_seed00000055,flip,fast_gate,10,1,measured,1.0,0.1,,55,X,Y,11,2,11,11,0.7857142857142857,1,W,0.09090909090909091,1,0,1,0,3,True,1,ok,local_up_fast,mpdag_criterion,True,"Conjecture 2 (hence Anti-Exchange Case B, verified not proved)",C00->Y C02->C03 C03->C04 C03->C06 C03->C07 C04->C07 C04->C09 C05->C08 W->Y X->C02 X->C03 X->C05 X->Y C00-X,0.0007389999999531938,0.0,0.0007389999999531938,,1,11,4,0,0.9505856444679974,5.505856444679974,11,5
c10_s01_cov100_seed00000062_bw010,c10_s01_cov100_seed00000062,flip,fast_gate,10,1,measured,1.0,0.1,,62,X,Y,10,2,10,10,0.7692307692307693,2,"C00,W",0.1,1,0,1,0,3,True,1,ok,local_up_fast,mpdag_criterion,True,"Conjecture 2 (hence Anti-Exchange Case B, verified not proved)",C00->C02 C00->C04 C00->C09 C00->Y C03->C07 C03->C08 C09->C02 W->Y X->C03 X->C05 X->C06 X->Y C00-X,0.00043954199998097465,0.0,0.00043954199998097465,,1,10,3,0,0.14394996660265508,1.4394996660265509,10,6
c10_s01_cov100_seed00000063_bw010,c10_s01_cov100_seed00000063,flip,fast_gate,10,1,measured,1.0,0.1,,63,X,Y,14,2,14,14,0.8235294117647058,2,"C00,W",0.07142857142857142,1,0,1,0,3,True,1,ok,local_up_fast,mpdag_criterion,True,"Conjecture 2 (hence Anti-Exchange Case B, verified not proved)",C00->C02 C00->C03 C00->C04 C00->C05 C00->C06 C00->Y C02->C04 C02->C06 C02->C07 C04->C08 C04->C09 C05->C02 C08->C09 W->Y X->C03 X->Y C00-X,0.0007643330000064452,0.0,0.0007643330000064452,,1,14,5,0,0.8823363505181687,5.597873309103256,14,7
c10_s01_cov100_seed00000067_bw010,c10_s01_cov100_seed00000067,flip,fast_gate,10,1,measured,1.0,0.1,,67,X,Y,12,2,12,12,0.8,2,"C00,W",0.0,0,0,2,0,3,True,2,ok,local_up_fast,mpdag_criterion,True,"Conjecture 2 (hence Anti-Exchange Case B, verified not proved)",C00->C02 C00->C07 C00->C08 C00->C09 C00->Y C02->C04 C02->C07 C05->C06 C07->C08 W->Y X->C03 X->C05 X->Y C00-X C02-X,0.002505749999954787,0.0,0.002505749999954787,,2,23,7,0,0.2290909090909091,2.8698564593301437,12,7
c10_s01_cov100_seed00000069_bw010,c10_s01_cov100_seed00000069,flip,fast_gate,10,1,measured,1.0,0.1,,69,X,Y,10,2,10,10,0.7692307692307693,1,W,0.1,1,0,1,0,3,True,1,ok,local_up_fast,mpdag_criterion,True,"Conjecture 2 (hence Anti-Exchange Case B, verified not proved)",C00->C02 C00->C09 C00->Y C03->C05 C03->C07 C04->C06 C05->C07 C05->C08 W->Y X->C03 X->C04 X->Y C00-X,0.0006582500000149594,0.0,0.0006582500000149594,,1,10,4,0,0.8892051557465092,2.8920515574650913,10,6
c10_s01_cov100_seed00000070_bw010,c10_s01_cov100_seed00000070,flip,fast_gate,10,1,measured,1.0,0.1,,70,X,Y,12,2,12,12,0.8,2,"C00,W",0.08333333333333333,1,0,1,0,3,True,1,ok,local_up_fast,mpdag_criterion,True,"Conjecture 2 (hence Anti-Exchange Case B, verified not proved)",C00->C04 C00->Y C02->C06 C03->C09 C04->C05 C08->C02 W->Y X->C02 X->C03 X->C06 X->C07 X->C08 X->C09 X->Y C00-X,0.0006279579999954876,0.0,0.0006279579999954876,,1,12,4,0,0.14644700891573192,1.8158214405086706,12,7
c10_s01_cov100_seed00000077_bw010,c10_s01_cov100_seed00000077,flip,fast_gate,10,1,measured,1.0,0.1,,77,X,Y,12,2,12,12,0.8,2,"C00,W",0.0,0,0,2,0,3,True,2,ok,local_up_fast,mpdag_criterion,True,"Conjecture 2 (hence Anti-Exchange Case B, verified not proved)",C00->C03 C00->Y C02->C03 C02->C08 C03->C04 C05->C06 C05->C09 C06->C07 C06->C09 W->Y X->C05 X->C06 X->Y C00-C02 C00-X,0.0036134169999968435,0.0,0.0036134169999968435,,4,45,12,0,0.25014005602240896,3.168067226890756,12,4
c10_s01_cov100_seed00000078_bw010,c10_s01_cov100_seed00000078,flip,fast_gate,10,1,measured,1.0,0.1,,78,X,Y,10,2,10,10,0.7692307692307693,1,W,0.1,1,0,1,0,3,True,1,ok,local_up_fast,mpdag_criterion,True,"Conjecture 2 (hence Anti-Exchange Case B, verified not proved)",C00->C04 C00->Y C02->C06 C02->C07 C02->C09 C04->C05 C04->C08 C06->C09 W->Y X->C02 X->C03 X->Y C00-X,0.0005242089999910604,0.0,0.0005242089999910604,,1,10,4,0,0.38571689123542197,2.092463030001279,10,6
c10_s01_cov100_seed00000079_bw010,c10_s01_cov100_seed00000079,flip,fast_gate,10,1,measured,1.0,0.1,,79,X,Y,12,2,12,12,0.8,2,"C00,W",0.08333333333333333,1,0,1,0,3,True,1,ok,local_up_fast,mpdag_criterion,True,"Conjecture 2 (hence Anti-Exchange Case B, verified not proved)",C00->C02 C00->C04 C00->C06 C00->C08 C00->Y C02->C03 C04->C05 C05->C07 C05->C09 C09->C07 W->Y X->C02 X->C04 X->Y C00-X,0.0006634169999415462,0.0,0.0006634169999415462,,1,12,5,0,0.30550208322963546,3.6943650945914364,12,5
c10_s01_cov100_seed00000080_bw010,c10_s01_cov100_seed00000080,flip,fast_gate,10,1,measured,1.0,0.1,,80,X,Y,12,2,12,12,0.8,2,"C00,W",0.0,0,0,2,0,3,True,2,ok,local_up_fast,mpdag_criterion,True,"Conjecture 2 (hence Anti-Exchange Case B, verified not proved)",C00->C02 C00->C03 C00->Y C02->C03 C02->C04 C05->C07 C07->C09 W->Y X->C02 X->C05 X->C06 X->C07 X->Y C00-C08 C00-X,0.0025001250000968867,0.0,0.0025001250000968867,,3,34,9,0,0.25545787545787546,3.137912087912088,12,5
c10_s01_cov100_seed00000081_bw010,c10_s01_cov100_seed00000081,flip,fast_gate,10,1,measured,1.0,0.1,,81,X,Y,12,2,12,12,0.8,2,"C00,W",0.0,0,0,2,0,3,True,2,ok,local_up_fast,mpdag_criterion,True,"Conjecture 2 (hence Anti-Exchange Case B, verified not proved)",C00->C02 C00->Y C02->C06 C03->C05 C03->C07 C08->C09 W->Y X->C02 X->C03 X->C04 X->C06 X->C07 X->Y C00-C08 C00-X,0.0024107500000809523,0.0,0.0024107500000809523,,4,45,12,0,0.19238952536824877,2.303205598510074,12,5
c10_s01_cov100_seed00000083_bw010,c10_s01_cov100_seed00000083,flip,fast_gate,10,1,measured,1.0,0.1,,83,X,Y,11,2,11,11,0.7857142857142857,2,"C00,W",0.0,0,0,2,0,3,True,2,ok,local_up_fast,mpdag_criterion,True,"Conjecture 2 (hence Anti-Exchange Case B, verified not proved)",C00->C02 C00->C03 C00->C05 C00->Y C02->C08 C05->C06 C08->C09 W->Y X->C04 X->C05 X->C07 X->Y C00-X C02-X,0.0010638749999998254,0.0,0.0010638749999998254,,2,21,6,0,0.19105339105339106,1.9105339105339105,11,6
c10_s01_cov100_seed00000085_bw010,c10_s01_cov100_seed00000085,flip,fast_gate,10,1,measured,1.0,0.1,,85,X,Y,12,2,12,12,0.8,2,"C00,W",0.08333333333333333,1,0,1,0,3,True,1,ok,local_up_fast,mpdag_criterion,True,"Conjecture 2 (hence Anti-Exchange Case B, verified not proved)",C00->C03 C00->C06 C00->C09 C00->Y C02->C04 C02->C05 C02->C07 C02->C08 C03->C09 C08->C04 W->Y X->C02 X->C07 X->Y C00-X,0.0005779999999049323,0.0,0.0005779999999049323,,1,12,5,0,0.20098041821726031,2.579571624033068,12,6
c10_s01_cov100_seed00000086_bw010,c10_s01_cov100_seed00000086,flip,fast_gate,10,1,measured,1.0,0.1,,86,X,Y,12,2,12,12,0.8,2,"C00,W",0.0,0,0,2,0,3,True,2,ok,local_up_fast,mpdag_criterion,True,"Conjecture 2 (hence Anti-Exchange Case B, verified not proved)",C00->C02 C00->C04 C00->C06 C00->Y C03->C08 C04->C06 C05->C07 C08->C09 W->Y X->C03 X->C05 X->C08 X->Y C00-X C02-X,0.002741582999988168,0.0,0.002741582999988168,,4,45,15,0,0.21867167919799496,2.671565276828435,12,4
c10_s01_cov100_seed00000087_bw010,c10_s01_cov100_seed00000087,flip,fast_gate,10,1,measured,1.0,0.1,,87,X,Y,11,2,11,11,0.7857142857142857,1,W,0.09090909090909091,1,0,1,0,3,True,1,ok,local_up_fast,mpdag_criterion,True,"Conjecture 2 (hence Anti-Exchange Case B, verified not proved)",C00->C05 C00->Y C02->C03 C05->C07 C05->C08 C05->C09 C07->C09 W->Y X->C02 X->C03 X->C04 X->C06 X->Y C00-X,0.0006347089999962918,0.0,0.0006347089999962918,,1,11,5,0,0.21062664749580637,2.1062664749580637,11,5
c10_s01_cov100_seed00000093_bw010,c10_s01_cov100_seed00000093,flip,fast_gate,10,1,measured,1.0,0.1,,93,X,Y,12,2,12,12,0.8,2,"C00,W",0.08333333333333333,1,0,1,0,3,True,1,ok,local_up_fast,mpdag_criterion,True,"Conjecture 2 (hence Anti-Exchange Case B, verified not proved)",C00->Y C02->C03 C02->C05 C02->C07 C03->C07 C05->C06 C06->C08 C06->C09 C09->C08 W->Y X->C02 X->C04 X->C05 X->Y C00-X,0.0008617089999916061,0.0,0.0008617089999916061,,1,12,5,0,0.11483777977210301,1.2451519912694171,12,3
c10_s01_cov100_seed00000095_bw010,c10_s01_cov100_seed00000095,flip,fast_gate,10,1,measured,1.0,0.1,,95,X,Y,12,2,12,12,0.8,2,"C00,W",0.0,0,0,2,0,3,True,2,ok,local_up_fast,mpdag_criterion,True,"Conjecture 2 (hence Anti-Exchange Case B, verified not proved)",C00->C02 C00->C03 C00->C08 C00->C09 C00->Y C02->C09 C03->C08 W->Y X->C04 X->C05 X->C06 X->C07 X->Y C00-X C03-X,0.001304208000192375,0.0,0.001304208000192375,,2,23,9,0,0.19862604540023893,2.45400238948626,12,7
c10_s01_cov100_seed00000096_bw010,c10_s01_cov100_seed00000096,flip,fast_gate,10,1,measured,1.0,0.1,,96,X,Y,10,2,10,10,0.7692307692307693,2,"C00,W",0.1,1,0,1,0,3,True,1,ok,local_up_fast,mpdag_criterion,True,"Conjecture 2 (hence Anti-Exchange Case B, verified not proved)",C00->C06 C00->C07 C00->Y C02->C03 C02->C05 C03->C04 C04->C08 C09->C02 W->Y X->C02 X->C09 X->Y C00-X,0.00044962500010115036,0.0,0.00044962500010115036,,1,10,3,0,0.12,1.2,10,3
c10_s01_cov100_seed00000100_bw010,c10_s01_cov100_seed00000100,flip,fast_gate,10,1,measured,1.0,0.1,,100,X,Y,11,2,11,11,0.7857142857142857,2,"C00,W",0.09090909090909091,1,0,1,0,3,True,1,ok,local_up_fast,mpdag_criterion,True,"Conjecture 2 (hence Anti-Exchange Case B, verified not proved)",C00->C05 C00->Y C02->C06 C02->C09 C03->C02 C05->C07 C05->C08 W->Y X->C02 X->C03 X->C04 X->C09 X->Y C00-X,0.00047941699995135423,0.0,0.00047941699995135423,,1,11,3,0,0.17361952382115742,1.7361952382115742,11,6
c10_s01_cov100_seed00000101_bw010,c10_s01_cov100_seed00000101,flip,fast_gate,10,1,measured,1.0,0.1,,101,X,Y,10,2,10,10,0.7692307692307693,1,W,0.1,1,0,1,0,3,True,1,ok,local_up_fast,mpdag_criterion,True,"Conjecture 2 (hence Anti-Exchange Case B, verified not proved)",C00->C02 C00->C04 C00->Y C02->C03 C02->C05 C02->C09 C04->C06 C05->C08 C06->C07 W->Y X->C04 X->Y C00-X,0.0004305830000248534,0.0,0.0004305830000248534,,1,10,2,0,0.04390243902439024,0.43902439024390244,10,5
c10_s01_cov100_seed00000006_bw025,c10_s01_cov100_seed00000006,flip,fast_gate,10,1,measured,1.0,0.25,,6,X,Y,10,4,10,10,0.7692307692307693,1,W,0.0,0,0,2,0,3,True,2,ok,local_up_fast,mpdag_criterion,True,"Conjecture 2 (hence Anti-Exchange Case B, verified not proved)",C00->C02 C00->Y C02->C04 C02->C06 C03->C08 C04->C07 W->Y X->C05 X->C08 X->C09 X->Y C00-X C03-X,0.0017129589998603478,0.0,0.0017129589998603478,,3,28,8,0,0.23851540616246497,2.38515406162465,10,4
c10_s01_cov100_seed00000019_bw025,c10_s01_cov100_seed00000019,flip,fast_gate,10,1,measured,1.0,0.25,,19,X,Y,10,4,10,10,0.7692307692307693,1,W,0.0,0,0,2,0,3,True,2,ok,local_up_fast,mpdag_criterion,True,"Conjecture 2 (hence Anti-Exchange Case B, verified not proved)",C00->C04 C00->C05 C00->Y C02->C03 C02->C08 C04->C06 C05->C07 C06->C09 W->Y X->C03 X->Y C00-X C02-X,0.0016299159999562107,0.0,0.0016299159999562107,,3,28,8,0,0.203988603988604,2.03988603988604,10,4
c10_s01_cov100_seed00000051_bw025,c10_s01_cov100_seed00000051,flip,fast_gate,10,1,measured,1.0,0.25,,51,X,Y,12,6,12,12,0.8,1,W,0.0,0,0,3,0,3,True,3,ok,local_up_fast,mpdag_criterion,True,"Conjecture 2 (hence Anti-Exchange Case B, verified not proved)",C00->C02 C00->C03 C00->C05 C00->C07 C00->Y C02->C03 C03->C08 C04->C09 C06->C09 W->Y X->C05 X->Y C00-X C04-C06 C04-X,0.005748416999949768,0.0,0.005748416999949768,,7,76,19,0,0.2673202614379085,3.5277480689245393,12,3
c10_s01_cov100_seed00000053_bw025,c10_s01_cov100_seed00000053,flip,fast_gate,10,1,measured,1.0,0.25,,53,X,Y,11,6,11,11,0.7857142857142857,1,W,0.0,0,0,3,0,3,True,3,ok,local_up_fast,mpdag_criterion,True,"Conjecture 2 (hence Anti-Exchange Case B, verified not proved)",C00->C03 C00->Y C02->C04 C04->C05 C04->C06 C04->C08 C05->C07 C06->C08 C06->C09 W->Y X->Y C00-X C02-X C04-X,0.005534625000109372,0.0,0.005534625000109372,,7,68,18,0,0.42341396862045444,4.234139686204545,11,5
c10_s01_cov100_seed00000069_bw025,c10_s01_cov100_seed00000069,flip,fast_gate,10,1,measured,1.0,0.25,,69,X,Y,10,4,10,10,0.7692307692307693,2,"C00,W",0.0,0,0,2,0,3,True,2,ok,local_up_fast,mpdag_criterion,True,"Conjecture 2 (hence Anti-Exchange Case B, verified not proved)",C00->C02 C00->Y C03->C05 C03->C07 C04->C06 C05->C08 C07->C05 W->Y X->C03 X->C04 X->Y C00-C09 C00-X,0.0013014169999223668,0.0,0.0013014169999223668,,2,19,5,0,0.1922346850733391,1.922346850733391,10,3
c10_s01_cov100_seed00000089_bw025,c10_s01_cov100_seed00000089,flip,fast_gate,10,1,measured,1.0,0.25,,89,X,Y,10,4,10,10,0.7692307692307693,2,"C00,W",0.0,0,0,2,0,3,True,2,ok,local_up_fast,mpdag_criterion,True,"Conjecture 2 (hence Anti-Exchange Case B, verified not proved)",C00->C04 C00->C05 C00->Y C02->C08 C07->C05 W->Y X->C02 X->C03 X->C06 X->C09 X->Y C00-C07 C00-X,0.001466082999968421,0.0,0.001466082999968421,,2,19,5,0,0.19745639534883722,1.974563953488372,10,5
c10_s01_cov100_seed00000109_bw025,c10_s01_cov100_seed00000109,flip,fast_gate,10,1,measured,1.0,0.25,,109,X,Y,10,4,10,10,0.7692307692307693,2,"C00,W",0.0,0,0,2,0,3,True,2,ok,local_up_fast,mpdag_criterion,True,"Conjecture 2 (hence Anti-Exchange Case B, verified not proved)",C00->C06 C00->Y C02->C09 C03->C07 C04->C08 C05->C03 W->Y X->C02 X->C03 X->C05 X->Y C00-C04 C00-X,0.0018494999999347783,0.0,0.0018494999999347783,,4,37,8,0,0.18981481481481483,1.8981481481481481,10,4
c10_s01_cov100_seed00000118_bw025,c10_s01_cov100_seed00000118,flip,fast_gate,10,1,measured,1.0,0.25,,118,X,Y,12,6,12,12,0.8,2,"C00,W",0.0,0,0,3,0,3,True,3,ok,local_up_fast,mpdag_criterion,True,"Conjecture 2 (hence Anti-Exchange Case B, verified not proved)",C00->C02 C00->C05 C00->C09 C00->Y C03->C02 C03->C06 C04->C07 C05->C08 W->Y X->C05 X->C08 X->Y C00-C03 C00-X C03-C04,0.00854466600003434,0.0,0.00854466600003434,,12,126,25,0,0.3097165991902834,4.027398550042369,12,4
c10_s01_cov100_seed00000143_bw025,c10_s01_cov100_seed00000143,flip,fast_gate,10,1,measured,1.0,0.25,,143,X,Y,10,4,10,10,0.7692307692307693,1,W,0.0,0,0,2,0,3,True,2,ok,local_up_fast,mpdag_criterion,True,"Conjecture 2 (hence Anti-Exchange Case B, verified not proved)",C00->C06 C00->Y C02->C04 C02->C07 C03->C05 C06->C08 W->Y X->C03 X->C06 X->C09 X->Y C00-X C02-X,0.0010562090001258184,0.0,0.0010562090001258184,,2,19,8,0,0.26075801075801075,2.6075801075801075,10,5
c10_s01_cov100_seed00000160_bw025,c10_s01_cov100_seed00000160,flip,fast_gate,10,1,measured,1.0,0.25,,160,X,Y,11,6,11,11,0.7857142857142857,1,W,0.0,0,0,2,0,3,True,2,ok,local_up_fast,mpdag_criterion,True,"Conjecture 2 (hence Anti-Exchange Case B, verified not proved)",C00->C02 C00->C04 C00->C06 C00->C09 C00->Y C03->C05 C03->C08 C05->C07 C09->C04 W->Y X->C06 X->Y C00-X C03-X,0.0024597909998647083,0.0,0.0024597909998647083,,3,31,11,0,0.24636467187899544,2.4636467187899544,11,6
c10_s01_cov100_seed00000179_bw025,c10_s01_cov100_seed00000179,flip,fast_gate,10,1,measured,1.0,0.25,,179,X,Y,11,6,11,11,0.7857142857142857,1,W,0.0,0,0,2,0,3,True,2,ok,local_up_fast,mpdag_criterion,True,"Conjecture 2 (hence Anti-Exchange Case B, verified not proved)",C00->C05 C00->Y C02->C03 C02->C07 C03->C06 C04->C08 C04->C09 C09->C08 W->Y X->C02 X->C05 X->Y C00-X C04-X,0.0017029999999067513,0.0,0.0017029999999067513,,3,31,11,0,0.8695859844853135,4.251415400408689,11,6
c10_s01_cov100_seed00000186_bw025,c10_s01_cov100_seed00000186,flip,fast_gate,10,1,measured,1.0,0.25,,186,X,Y,9,4,9,9,0.75,1,W,0.0,0,0,2,0,3,True,2,ok,local_up_fast,mpdag_criterion,True,"Conjecture 2 (hence Anti-Exchange Case B, verified not proved)",C00->C02 C00->Y C02->C04 C03->C05 C03->C06 C05->C08 C07->C09 W->Y X->C07 X->Y C00-X C03-X,0.0008776249999300489,0.0,0.0008776249999300489,,2,17,6,0,0.2114583333333333,2.114583333333333,9,5
c10_s01_cov100_seed00000203_bw025,c10_s01_cov100_seed00000203,flip,fast_gate,10,1,measured,1.0,0.25,,203,X,Y,12,6,12,12,0.8,1,W,0.0,0,0,3,0,3,True,3,ok,local_up_fast,mpdag_criterion,True,"Conjecture 2 (hence Anti-Exchange Case B, verified not proved)",C00->C02 C00->C03 C00->Y C02->C03 C04->C09 C05->C06 C05->C08 C06->C08 C07->C09 W->Y X->C05 X->Y C00-X C04-C07 C04-X,0.00509791700005735,0.0,0.00509791700005735,,8,86,23,0,0.6243563454089769,5.672134882661199,12,4
c10_s01_cov100_seed00000211_bw025,c10_s01_cov100_seed00000211,flip,fast_gate,10,1,measured,1.0,0.25,,211,X,Y,12,6,12,12,0.8,2,"C00,W",0.08333333333333333,1,0,1,0,3,True,1,ok,local_up_fast,mpdag_criterion,True,"Conjecture 2 (hence Anti-Exchange Case B, verified not proved)",C00->C02 C00->Y C02->C04 C03->C00 C03->C05 C03->C09 C03->X C04->C06 C04->C07 C05->C09 C06->C08 C07->C06 W->Y X->Y C00-X,0.0006893750000926957,0.0,0.0006893750000926957,,1,12,6,0,0.9029645712321521,7.649898876878483,12,3
c10_s01_cov100_seed00000247_bw025,c10_s01_cov100_seed00000247,flip,fast_gate,10,1,measured,1.0,0.25,,247,X,Y,10,4,10,10,0.7692307692307693,2,"C00,W",0.0,0,0,3,0,3,True,3,ok,local_up_fast,mpdag_criterion,True,"Conjecture 2 (hence Anti-Exchange Case B, verified not proved)",C00->C02 C00->Y C02->C03 C02->C05 C02->C07 C03->C07 C03->C08 C03->C09 W->Y X->Y C00-C04 C00-X C04-C06,0.003257709000081377,0.0,0.003257709000081377,,4,36,7,0,0.9531746031746031,5.531746031746032,10,4
c10_s01_cov100_seed00000291_bw025,c10_s01_cov100_seed00000291,flip,fast_gate,10,1,measured,1.0,0.25,,291,X,Y,11,6,11,11,0.7857142857142857,2,"C00,W",0.0,0,0,2,0,3,True,2,ok,local_up_fast,mpdag_criterion,True,"Conjecture 2 (hence Anti-Exchange Case B, verified not proved)",C00->C03 C00->C05 C00->C08 C00->Y C02->C09 C04->C07 C05->C03 C06->C04 W->Y X->C04 X->C06 X->Y C00-C02 C00-X,0.0025412499999220017,0.0,0.0025412499999220017,,5,51,12,0,0.3225164663192832,3.225164663192832,11,4
c10_s01_cov100_seed00000294_bw025,c10_s01_cov100_seed00000294,flip,fast_gate,10,1,measured,1.0,0.25,,294,X,Y,9,4,9,9,0.75,1,W,0.0,0,0,2,0,3,True,2,ok,local_up_fast,mpdag_criterion,True,"Conjecture 2 (hence Anti-Exchange Case B, verified not proved)",C00->C02 C00->Y C02->C04 C05->C06 C05->C07 C07->C08 W->Y X->C05 X->C09 X->Y C00-X C03-X,0.0010321669999484584,0.0,0.0010321669999484584,,2,17,5,0,0.5520158625247852,2.696629213483146,9,5
c10_s01_cov100_seed00000316_bw025,c10_s01_cov100_seed00000316,flip,fast_gate,10,1,measured,1.0,0.25,,316,X,Y,12,6,12,12,0.8,2,"C00,W",0.08333333333333333,1,0,1,0,3,True,1,ok,local_up_fast,mpdag_criterion,True,"Conjecture 2 (hence Anti-Exchange Case B, verified not proved)",C00->Y C02->C00 C02->C04 C02->C08 C02->X C03->C02 C03->C07 C03->C09 C04->C06 C07->C09 W->Y X->C04 X->C05 X->Y C00-X,0.0006663330000264978,0.0,0.0006663330000264978,,1,12,5,0,0.15843419925777905,1.9497266079624058,12,6
c10_s01_cov100_seed00000321_bw025,c10_s01_cov100_seed00000321,flip,fast_gate,10,1,measured,1.0,0.25,,321,X,Y,10,4,10,10,0.7692307692307693,2,"C00,W",0.0,0,0,2,0,3,True,2,ok,local_up_fast,mpdag_criterion,True,"Conjecture 2 (hence Anti-Exchange Case B, verified not proved)",C00->C02 C00->C06 C00->Y C02->C08 C03->C05 C04->C07 C06->C02 W->Y X->C03 X->C04 X->Y C00-C09 C00-X,0.0009150409998710529,0.0,0.0009150409998710529,,2,19,5,0,0.3969963369963369,2.4315018315018317,10,5
c10_s01_cov100_seed00000334_bw025,c10_s01_cov100_seed00000334,flip,fast_gate,10,1,measured,1.0,0.25,,334,X,Y,11,6,11,11,0.7857142857142857,1,W,0.0,0,0,3,0,3,True,3,ok,local_up_fast,mpdag_criterion,True,"Conjecture 2 (hence Anti-Exchange Case B, verified not proved)",C00->C03 C00->C05 C00->C07 C00->C08 C00->Y C02->C09 C06->C09 W->Y X->C03 X->C04 X->Y C00-X C02-C06 C02-X,0.003495417000067391,0.0,0.003495417000067391,,6,59,15,0,0.32745412519458467,3.2745412519458466,11,5
c10_s01_cov100_seed00000344_bw025,c10_s01_cov100_seed00000344,flip,fast_gate,10,1,measured,1.0,0.25,,344,X,Y,10,4,10,10,0.7692307692307693,2,"C00,W",0.0,0,0,3,0,3,True,3,ok,local_up_fast,mpdag_criterion,True,"Conjecture 2 (hence Anti-Exchange Case B, verified not proved)",C00->C06 C00->Y C02->C03 C02->C07 C06->C08 W->Y X->C04 X->C05 X->C06 X->Y C00-C02 C00-X C02-C09,0.003556291999984751,0.0,0.003556291999984751,,7,60,14,0,0.3252735978112175,3.252735978112175,10,4
c10_s01_cov100_seed00000350_bw025,c10_s01_cov100_seed00000350,flip,fast_gate,10,1,measured,1.0,0.25,,350,X,Y,12,6,12,12,0.8,2,"C00,W",0.0,0,0,2,0,3,True,2,ok,local_up_fast,mpdag_criterion,True,"Conjecture 2 (hence Anti-Exchange Case B, verified not proved)",C00->C02 C00->C04 C00->C08 C00->Y C02->C03 C02->C07 C03->C05 C03->C06 C05->C06 C08->C04 C09->C02 W->Y X->Y C00-C09 C00-X,0.0021914169999490696,0.0,0.0021914169999490696,,2,23,9,0,0.9717066163928539,7.559171427086434,12,4
c10_s01_cov100_seed00000363_bw025,c10_s01_cov100_seed00000363,flip,fast_gate,10,1,measured,1.0,0.25,,363,X,Y,10,4,10,10,0.7692307692307693,2,"C00,W",0.0,0,0,2,0,3,True,2,ok,local_up_fast,mpdag_criterion,True,"Conjecture 2 (hence Anti-Exchange Case B, verified not proved)",C00->C02 C00->C05 C00->Y C02->C03 C02->C04 C05->C02 C05->C06 C05->C07 C05->C08 W->Y X->Y C00-C09 C00-X,0.00098316599996906,0.0,0.00098316599996906,,2,19,5,0,0.9446428571428571,4.446428571428571,10,5
c10_s01_cov100_seed00000375_bw025,c10_s01_cov100_seed00000375,flip,fast_gate,10,1,measured,1.0,0.25,,375,X,Y,10,4,10,10,0.7692307692307693,2,"C00,W",0.0,0,0,2,0,3,True,2,ok,local_up_fast,mpdag_criterion,True,"Conjecture 2 (hence Anti-Exchange Case B, verified not proved)",C00->C02 C00->Y C02->C03 C02->C04 C05->C06 C08->C07 W->Y X->C05 X->C07 X->C08 X->Y C00-C09 C00-X,0.0013795419999951264,0.0,0.0013795419999951264,,2,19,5,0,0.24082496413199425,2.4082496413199426,10,5
c10_s01_cov100_seed00000386_bw025,c10_s01_cov100_seed00000386,flip,fast_gate,10,1,measured,1.0,0.25,,386,X,Y,10,4,10,10,0.7692307692307693,2,"C00,W",0.0,0,0,3,0,3,True,3,ok,local_up_fast,mpdag_criterion,True,"Conjecture 2 (hence Anti-Exchange Case B, verified not proved)",C00->C03 C00->C04 C00->C09 C00->Y C03->C05 C05->C07 C07->C08 W->Y X->C09 X->Y C00-C02 C00-X C02-C06,0.0023156249999374268,0.0,0.0023156249999374268,,5,44,7,0,0.9101398601398601,6.101398601398602,10,3
c10_s01_cov100_seed00000387_bw025,c10_s01_cov100_seed00000387,flip,fast_gate,10,1,measured,1.0,0.25,,387,X,Y,9,4,9,9,0.75,2,"C00,W",0.0,0,0,3,0,3,True,3,ok,local_up_fast,mpdag_criterion,True,"Conjecture 2 (hence Anti-Exchange Case B, verified not proved)",C00->C02 C00->Y C02->C09 C05->C06 C06->C07 C06->C08 W->Y X->C03 X->Y C00-C04 C00-X C04-C05,0.002821665999817924,0.0,0.002821665999817924,,7,53,12,0,0.6121710526315789,2.963815789473684,9,5
c10_s01_cov100_seed00000388_bw025,c10_s01_cov100_seed00000388,flip,fast_gate,10,1,measured,1.0,0.25,,388,X,Y,12,6,12,12,0.8,2,"C00,W",0.0,0,0,2,0,3,True,2,ok,local_up_fast,mpdag_criterion,True,"Conjecture 2 (hence Anti-Exchange Case B, verified not proved)",C00->C02 C00->C03 C00->C08 C00->C09 C00->Y C06->C03 C06->C07 C06->C09 C08->C02 W->Y X->C04 X->C05 X->Y C00-C06 C00-X,0.002899084000091534,0.0,0.002899084000091534,,4,45,16,0,0.691529304029304,3.91529304029304,12,7
c10_s01_cov100_seed00000396_bw025,c10_s01_cov100_seed00000396,flip,fast_gate,10,1,measured,1.0,0.25,,396,X,Y,11,6,11,11,0.7857142857142857,1,W,0.0,0,0,2,0,3,True,2,ok,local_up_fast,mpdag_criterion,True,"Conjecture 2 (hence Anti-Exchange Case B, verified not proved)",C00->C04 C00->C05 C00->Y C02->C00 C05->C08 C05->C09 C08->C09 W->Y X->C00 X->C03 X->C06 X->Y C02-X C07-X,0.003216541000028883,0.0,0.003216541000028883,,3,31,9,0,0.27246026986506744,2.7246026986506746,11,3
c10_s01_cov100_seed00000405_bw025,c10_s01_cov100_seed00000405,flip,fast_gate,10,1,measured,1.0,0.25,,405,X,Y,11,6,11,11,0.7857142857142857,2,"C00,W",0.09090909090909091,1,0,1,0,3,True,1,ok,local_up_fast,mpdag_criterion,True,"Conjecture 2 (hence Anti-Exchange Case B, verified not proved)",C00->C07 C00->C08 C00->Y C02->C00 C02->C03 C02->C06 C02->X C04->C02 C04->C05 C08->C09 W->Y X->C07 X->Y C00-X,0.0005555000000185828,0.0,0.0005555000000185828,,1,11,4,0,0.6736807878112225,3.736807878112226,11,5
c10_s01_cov100_seed00000438_bw025,c10_s01_cov100_seed00000438,flip,fast_gate,10,1,measured,1.0,0.25,,438,X,Y,10,4,10,10,0.7692307692307693,1,W,0.0,0,0,2,0,3,True,2,ok,local_up_fast,mpdag_criterion,True,"Conjecture 2 (hence Anti-Exchange Case B, verified not proved)",C00->Y C02->C03 C03->C07 C03->C08 C03->C09 C04->C05 C04->C06 C07->C08 W->Y X->C04 X->Y C00-X C02-X,0.0029105830001299182,0.0,0.0029105830001299182,,3,28,8,0,0.9670011806375441,3.6700118063754426,10,6
c10_s01_cov100_seed00000443_bw025,c10_s01_cov100_seed00000443,flip,fast_gate,10,1,measured,1.0,0.25,,443,X,Y,10,4,10,10,0.7692307692307693,2,"C00,W",0.0,0,0,2,0,3,True,2,ok,local_up_fast,mpdag_criterion,True,"Conjecture 2 (hence Anti-Exchange Case B, verified not proved)",C00->C02 C00->C04 C00->C08 C00->C09 C00->Y C03->C06 C03->C07 C04->C05 C08->C02 W->Y X->Y C00-C03 C00-X,0.002033500000152344,0.0,0.002033500000152344,,5,46,12,0,0.959009009009009,3.59009009009009,10,6
c10_s01_cov100_seed00000453_bw025,c10_s01_cov100_seed00000453,flip,fast_gate,10,1,measured,1.0,0.25,,453,X,Y,13,6,13,13,0.8125,2,"C00,W",0.0,0,0,2,0,3,True,2,ok,local_up_fast,mpdag_criterion,True,"Conjecture 2 (hence Anti-Exchange Case B, verified not proved)",C00->C03 C00->C07 C00->C09 C00->Y C03->C07 C04->C03 C04->C05 C04->C06 C04->C09 C06->C05 C07->C08 W->Y X->C02 X->Y C00-C04 C00-X,0.0027456249999886495,0.0,0.0027456249999886495,,4,49,18,0,0.923454157782516,5.1396048689644,13,7
c10_s01_cov100_seed00000480_bw025,c10_s01_cov100_seed00000480,flip,fast_gate,10,1,measured,1.0,0.25,,480,X,Y,9,4,9,9,0.75,1,W,0.0,0,0,2,0,3,True,2,ok,local_up_fast,mpdag_criterion,True,"Conjecture 2 (hence Anti-Exchange Case B, verified not proved)",C00->Y C02->C03 C03->C04 C03->C07 C04->C05 C04->C06 C06->C08 C08->C09 W->Y X->Y C00-X C02-X,0.0007924170001842867,0.0,0.0007924170001842867,,2,17,4,0,0.9623655913978494,4.623655913978494,9,4
c10_s01_cov100_seed00000484_bw025,c10_s01_cov100_seed00000484,flip,fast_gate,10,1,measured,1.0,0.25,,484,X,Y,10,4,10,10,0.7692307692307693,1,W,0.0,0,0,2,0,3,True,2,ok,local_up_fast,mpdag_criterion,True,"Conjecture 2 (hence Anti-Exchange Case B, verified not proved)",C00->C03 C00->C08 C00->C09 C00->Y C05->C06 C06->C07 W->Y X->C02 X->C04 X->C06 X->Y C00-X C05-X,0.0030122079999728157,0.0,0.0030122079999728157,,3,28,8,0,0.45821428571428574,2.5821428571428573,10,6
c10_s01_cov100_seed00000495_bw025,c10_s01_cov100_seed00000495,flip,fast_gate,10,1,measured,1.0,0.25,,495,X,Y,10,4,10,10,0.7692307692307693,1,W,0.1,1,0,1,0,3,True,1,ok,local_up_fast,mpdag_criterion,True,"Conjecture 2 (hence Anti-Exchange Case B, verified not proved)",C00->C02 C00->C04 C00->C07 C00->Y C02->C05 C05->C06 C07->C04 C07->C08 C08->C09 W->Y X->C03 X->Y C00-X,0.0004766669999298756,0.0,0.0004766669999298756,,1,10,3,0,0.08624762286057451,0.8624762286057451,10,5
c10_s01_cov100_seed00000512_bw025,c10_s01_cov100_seed00000512,flip,fast_gate,10,1,measured,1.0,0.25,,512,X,Y,13,6,13,13,0.8125,1,W,0.0,0,0,2,0,3,True,2,ok,local_up_fast,mpdag_criterion,True,"Conjecture 2 (hence Anti-Exchange Case B, verified not proved)",C00->C02 C00->C03 C00->C04 C00->C06 C00->Y C02->C03 C03->C04 C03->C08 C04->C08 C04->C09 C06->C02 C06->C07 W->Y X->Y C00-X C05-X,0.0019389999999930296,0.0,0.0019389999999930296,,3,37,6,0,0.16875,2.3844696969696972,13,4
c10_s01_cov100_seed00000523_bw025,c10_s01_cov100_seed00000523,flip,fast_gate,10,1,measured,1.0,0.25,,523,X,Y,12,6,12,12,0.8,2,"C00,W",0.0,0,0,3,0,3,True,3,ok,local_up_fast,mpdag_criterion,True,"Conjecture 2 (hence Anti-Exchange Case B, verified not proved)",C00->C02 C00->C05 C00->C07 C00->C09 C00->Y C02->C05 C02->C08 C05->C06 C07->C02 W->Y X->C04 X->Y C00-C03 C00-X C09-X,0.003572541000039564,0.0,0.003572541000039564,,6,65,13,0,0.9089591567852437,5.889591567852437,12,5
c10_s01_cov100_seed00000579_bw025,c10_s01_cov100_seed00000579,flip,fast_gate,10,1,measured,1.0,0.25,,579,X,Y,10,4,10,10,0.7692307692307693,2,"C00,W",0.0,0,0,3,0,3,True,3,ok,local_up_fast,mpdag_criterion,True,"Conjecture 2 (hence Anti-Exchange Case B, verified not proved)",C00->C03 C00->Y C02->C05 C02->C06 C03->C08 C04->C07 C07->C09 W->Y X->C02 X->Y C00-C04 C00-X C03-X,0.004542750000155138,0.0,0.004542750000155138,,8,69,14,0,0.26046511627906976,2.604651162790698,10,4
c10_s01_cov100_seed00000590_bw025,c10_s01_cov100_seed00000590,flip,fast_gate,10,1,measured,1.0,0.25,,590,X,Y,11,6,11,11,0.7857142857142857,1,W,0.09090909090909091,1,0,1,0,3,True,1,ok,local_up_fast,mpdag_criterion,True,"Conjecture 2 (hence Anti-Exchange Case B, verified not proved)",C00->Y C02->C00 C02->C03 C02->C06 C03->C04 C04->C05 C05->C08 C09->C07 W->Y X->C00 X->C07 X->C09 X->Y C02-X,0.0006074170000829326,0.0,0.0006074170000829326,,1,11,3,0,0.16246554000420355,1.6246554000420355,11,4
c10_s05_cov050_seed00000000_bw000,c10_s05_cov050_seed00000000,flip,fast_gate,10,5,measured,0.5,0.0,,0,X,Y,6,2,9,9,0.7857142857142857,2,"C00,W",0.0,0,0,,1,3,True,5,ok,e1_ladder,mpdag_criterion,True,"Conjecture 2 (hence Anti-Exchange Case B, verified not proved)","(('C00', 'C08'), ('C00', 'Y'), ('C03', 'C07'), ('C04', 'C06'), ('W', 'Y'), ('X', 'C09'), ('X', 'Y'))",0.005474000000049273,0.050394917000176065,0.05586891700022534,,7,39,7,0,0.7,4.0,6,1
c10_s05_cov050_seed00000001_bw000,c10_s05_cov050_seed00000001,flip,fast_gate,10,5,measured,0.5,0.0,,1,X,Y,5,1,9,9,0.7692307692307693,2,"C00,W",0.0,0,0,,1,3,True,5,ok,e1_ladder,mpdag_criterion,True,"Conjecture 2 (hence Anti-Exchange Case B, verified not proved)","(('C00', 'Y'), ('C02', 'C06'), ('C03', 'C07'), ('C07', 'C08'), ('C07', 'C09'), ('W', 'Y'), ('X', 'Y'))",0.0013348749998840503,0.04990387499992721,0.05123874999981126,,5,24,5,0,0.9,4.0,5,0
c10_s05_cov050_seed00000002_bw000,c10_s05_cov050_seed00000002,flip,fast_gate,10,5,measured,0.5,0.0,,2,X,Y,5,2,8,8,0.7692307692307693,2,"C00,W",0.0,0,0,,1,3,True,5,ok,e1_ladder,mpdag_criterion,True,"Conjecture 2 (hence Anti-Exchange Case B, verified not proved)","(('C00', 'Y'), ('C01', 'C07'), ('C03', 'C08'), ('C04', 'C06'), ('W', 'Y'), ('X', 'Y'))",0.002111750000040047,0.04867375000003449,0.050785500000074535,,6,27,6,0,0.9,4.0,5,0
c10_s05_cov050_seed00000003_bw000,c10_s05_cov050_seed00000003,flip,fast_gate,10,5,measured,0.5,0.0,,3,X,Y,6,2,9,9,0.7857142857142857,2,"C00,W",0.0,0,0,,1,3,True,5,ok,e1_ladder,mpdag_criterion,True,"Conjecture 2 (hence Anti-Exchange Case B, verified not proved)","(('C00', 'Y'), ('C01', 'C07'), ('C03', 'C06'), ('C03', 'C08'), ('C03', 'C09'), ('W', 'Y'), ('X', 'Y'))",0.002296084000136034,0.0553331660000822,0.057629250000218235,,6,31,6,0,0.7,4.0,6,1
c10_s05_cov050_seed00000004_bw000,c10_s05_cov050_seed00000004,flip,fast_gate,10,5,measured,0.5,0.0,,4,X,Y,4,2,7,7,0.75,2,"C00,W",0.0,0,0,,1,3,True,4,ok,e1_ladder,mpdag_criterion,True,"Conjecture 2 (hence Anti-Exchange Case B, verified not proved)","(('C00', 'Y'), ('C04', 'C06'), ('C06', 'C07'), ('C07', 'C08'), ('W', 'Y'), ('X', 'Y'))",0.0016393329999573325,0.0444390420000218,0.04607837499997913,,4,18,4,0,0.8,3.0,4,0
c10_s05_cov050_seed00000005_bw000,c10_s05_cov050_seed00000005,flip,fast_gate,10,5,measured,0.5,0.0,,5,X,Y,5,1,9,9,0.7692307692307693,2,"C00,W",0.0,0,0,,1,3,True,5,ok,e1_ladder,mpdag_criterion,True,"Conjecture 2 (hence Anti-Exchange Case B, verified not proved)","(('C00', 'Y'), ('C02', 'C09'), ('C04', 'C06'), ('C04', 'C08'), ('W', 'Y'), ('X', 'C07'), ('X', 'Y'))",0.002962125000067317,0.0424211249999189,0.04538324999998622,,5,24,5,0,0.9,4.0,5,0
c10_s05_cov050_seed00000006_bw000,c10_s05_cov050_seed00000006,flip,fast_gate,10,5,measured,0.5,0.0,,6,X,Y,4,1,8,8,0.75,2,"C00,W",0.0,0,0,,1,3,True,4,ok,e1_ladder,mpdag_criterion,True,"Conjecture 2 (hence Anti-Exchange Case B, verified not proved)","(('C00', 'Y'), ('C02', 'C06'), ('C03', 'C07'), ('C03', 'C09'), ('W', 'Y'), ('X', 'C08'), ('X', 'Y'))",0.0017208750000463624,0.04494766700008768,0.04666854200013404,,8,27,8,0,0.8,3.0,4,0
c10_s05_cov050_seed00000007_bw000,c10_s05_cov050_seed00000007,flip,fast_gate,10,5,measured,0.5,0.0,,7,X,Y,4,1,8,8,0.75,2,"C00,W",0.0,0,0,,1,3,True,4,ok,e1_ladder,mpdag_criterion,True,"Conjecture 2 (hence Anti-Exchange Case B, verified not proved)","(('C00', 'Y'), ('C02', 'C09'), ('C04', 'C07'), ('C06', 'C08'), ('W', 'Y'), ('X', 'C06'), ('X', 'Y'))",0.0016482080000059796,0.049921417000177826,0.051569625000183805,,6,27,6,0,0.8,3.0,4,0
c10_s05_cov050_seed00000008_bw000,c10_s05_cov050_seed00000008,flip,fast_gate,10,5,measured,0.5,0.0,,8,X,Y,4,1,8,8,0.75,2,"C00,W",0.0,0,0,,1,3,True,4,ok,e1_ladder,mpdag_criterion,True,"Conjecture 2 (hence Anti-Exchange Case B, verified not proved)","(('C00', 'Y'), ('C02', 'C07'), ('C04', 'C06'), ('C07', 'C09'), ('W', 'Y'), ('X', 'C08'), ('X', 'Y'))",0.0018779580000227725,0.047559000000092055,0.04943695800011483,,7,27,7,0,0.8,3.0,4,0
c10_s05_cov050_seed00000009_bw000,c10_s05_cov050_seed00000009,flip,fast_gate,10,5,measured,0.5,0.0,,9,X,Y,5,2,8,8,0.7692307692307693,2,"C00,W",0.0,0,0,,1,3,True,5,ok,e1_ladder,mpdag_criterion,True,"Conjecture 2 (hence Anti-Exchange Case B, verified not proved)","(('C00', 'Y'), ('C02', 'C06'), ('C04', 'C08'), ('C08', 'C09'), ('W', 'Y'), ('X', 'Y'))",0.0027118339999105956,0.059522500000184664,0.06223433400009526,,5,21,5,0,0.9,4.0,5,0
c10_s05_cov050_seed00000010_bw000,c10_s05_cov050_seed00000010,flip,fast_gate,10,5,measured,0.5,0.0,,10,X,Y,6,1,11,11,0.8,2,"C00,W",0.0,0,0,,1,3,True,5,ok,e1_ladder,mpdag_criterion,True,"Conjecture 2 (hence Anti-Exchange Case B, verified not proved)","(('C00', 'Y'), ('C03', 'C09'), ('C04', 'C06'), ('C06', 'C07'), ('C06', 'C08'), ('W', 'Y'), ('X', 'C07'), ('X', 'C08'), ('X', 'Y'))",0.002024375000019063,0.05351466599995547,0.05553904099997453,,4,30,4,0,0.7,4.0,6,1
c10_s05_cov050_seed00000011_bw000,c10_s05_cov050_seed00000011,flip,fast_gate,10,5,measured,0.5,0.0,,11,X,Y,5,4,6,6,0.7692307692307693,2,"C00,W",0.0,0,0,,1,3,True,5,ok,e1_ladder,mpdag_criterion,True,"Conjecture 2 (hence Anti-Exchange Case B, verified not proved)","(('C00', 'Y'), ('C04', 'C08'), ('W', 'Y'), ('X', 'Y'))",0.012501624999913474,0.06651400000009744,0.07901562500001091,,4,15,4,0,0.9,4.0,5,0
c10_s05_cov050_seed00000012_bw000,c10_s05_cov050_seed00000012,flip,fast_gate,10,5,measured,0.5,0.0,,12,X,Y,5,2,8,8,0.7692307692307693,2,"C00,W",0.0,0,0,,1,3,True,5,ok,e1_ladder,mpdag_criterion,True,"Conjecture 2 (hence Anti-Exchange Case B, verified not proved)","(('C00', 'Y'), ('C01', 'C08'), ('C03', 'C06'), ('C04', 'C09'), ('W', 'Y'), ('X', 'Y'))",0.0031535829998574627,0.06830437500002517,0.07145795799988264,,6,27,6,0,0.9,4.0,5,0
c10_s05_cov050_seed00000013_bw000,c10_s05_cov050_seed00000013,flip,fast_gate,10,5,measured,0.5,0.0,,13,X,Y,5,1,9,9,0.7692307692307693,2,"C00,W",0.0,0,0,,1,3,True,5,ok,e1_ladder,mpdag_criterion,True,"Conjecture 2 (hence Anti-Exchange Case B, verified not proved)","(('C00', 'Y'), ('C02', 'C09'), ('C06', 'C07'), ('C06', 'C08'), ('W', 'Y'), ('X', 'C06'), ('X', 'Y'))",0.002256208000062543,0.05319874999986496,0.0554549579999275,,5,24,5,0,0.9,4.0,5,0
c10_s05_cov050_seed00000014_bw000,c10_s05_cov050_seed00000014,flip,fast_gate,10,5,measured,0.5,0.0,,14,X,Y,4,2,7,7,0.75,2,"C00,W",0.0,0,0,,1,3,True,4,ok,e1_ladder,mpdag_criterion,True,"Conjecture 2 (hence Anti-Exchange Case B, verified not proved)","(('C00', 'Y'), ('C02', 'C08'), ('C07', 'C09'), ('W', 'Y'), ('X', 'C07'), ('X', 'Y'))",0.0021790829998735717,0.04614545899994482,0.04832454199981839,,6,23,6,0,0.8,3.0,4,0
c10_s05_cov050_seed00000015_bw000,c10_s05_cov050_seed00000015,flip,fast_gate,10,5,measured,0.5,0.0,,15,X,Y,5,2,8,8,0.7692307692307693,2,"C00,W",0.0,0,0,,1,3,True,5,ok,e1_ladder,mpdag_criterion,True,"Conjecture 2 (hence Anti-Exchange Case B, verified not proved)","(('C00', 'Y'), ('C01', 'C08'), ('C04', 'C07'), ('W', 'Y'), ('X', 'C06'), ('X', 'Y'))",0.001765209000041068,0.07232087500005946,0.07408608400010053,,6,27,6,0,0.9,4.0,5,0
c10_s05_cov050_seed00000016_bw000,c10_s05_cov050_seed00000016,flip,fast_gate,10,5,measured,0.5,0.0,,16,X,Y,5,1,9,9,0.7692307692307693,2,"C00,W",0.0,0,0,,1,3,True,5,ok,e1_ladder,mpdag_criterion,True,"Conjecture 2 (hence Anti-Exchange Case B, verified not proved)","(('C00', 'Y'), ('C02', 'C08'), ('C03', 'C06'), ('C03', 'C07'), ('C04', 'C09'), ('W', 'Y'), ('X', 'Y'))",0.0017288750000261643,0.055731582999897,0.057460457999923165,,5,24,5,0,0.9,4.0,5,0
c10_s05_cov050_seed00000017_bw000,c10_s05_cov050_seed00000017,flip,fast_gate,10,5,measured,0.5,0.0,,17,X,Y,6,2,9,9,0.7857142857142857,2,"C00,W",0.0,0,0,,1,3,True,5,ok,e1_ladder,mpdag_criterion,True,"Conjecture 2 (hence Anti-Exchange Case B, verified not proved)","(('C00', 'Y'), ('C03', 'C07'), ('C03', 'C09'), ('C04', 'C06'), ('C04', 'C08'), ('W', 'Y'), ('X', 'Y'))",0.002349874999936219,0.05341820800003916,0.05576808299997538,,4,24,4,0,0.7,4.0,6,1
c10_s05_cov050_seed00000018_bw000,c10_s05_cov050_seed00000018,flip,fast_gate,10,5,measured,0.5,0.0,,18,X,Y,5,2,8,8,0.7692307692307693,2,"C00,W",0.0,0,0,,1,3,True,5,ok,e1_ladder,mpdag_criterion,True,"Conjecture 2 (hence Anti-Exchange Case B, verified not proved)","(('C00', 'Y'), ('C01', 'C07'), ('C06', 'C09'), ('W', 'Y'), ('X', 'C06'), ('X', 'Y'))",0.0020290420000037557,0.04614712500006135,0.04817616700006511,,6,27,6,0,0.9,4.0,5,0
c10_s05_cov050_seed00000019_bw000,c10_s05_cov050_seed00000019,flip,fast_gate,10,5,measured,0.5,0.0,,19,X,Y,5,3,7,7,0.7692307692307693,2,"C00,W",0.0,0,0,,1,3,True,5,ok,e1_ladder,mpdag_criterion,True,"Conjecture 2 (hence Anti-Exchange Case B, verified not proved)","(('C00', 'Y'), ('C02', 'C07'), ('C03', 'C06'), ('W', 'Y'), ('X', 'Y'))",0.0014187090000632452,0.04605370900003436,0.047472418000097605,,5,18,5,0,0.9,4.0,5,0
c10_s05_cov050_seed00000020_bw000,c10_s05_cov050_seed00000020,flip,fast_gate,10,5,measured,0.5,0.0,,20,X,Y,6,2,9,9,0.7857142857142857,2,"C00,W",0.0,0,0,,1,3,True,5,ok,e1_ladder,mpdag_criterion,True,"Conjecture 2 (hence Anti-Exchange Case B, verified not proved)","(('C00', 'C07'), ('C00', 'Y'), ('C02', 'C09'), ('C04', 'C08'), ('W', 'Y'), ('X', 'C06'), ('X', 'Y'))",0.0026689589999477903,0.09794116599982772,0.10061012499977551,,8,39,8,0,0.8032835820895523,4.516417910447761,6,0
c10_s05_cov050_seed00000021_bw000,c10_s05_cov050_seed00000021,flip,fast_gate,10,5,measured,0.5,0.0,,21,X,Y,4,3,6,6,0.75,2,"C00,W",0.0,0,0,,1,3,True,4,ok,e1_ladder,mpdag_criterion,True,"Conjecture 2 (hence Anti-Exchange Case B, verified not proved)","(('C00', 'Y'), ('C02', 'C08'), ('W', 'Y'), ('X', 'C07'), ('X', 'Y'))",0.0025714160001371056,0.051578249999920445,0.05414966600005755,,6,19,6,0,0.8,3.0,4,0
c10_s05_cov050_seed00000022_bw000,c10_s05_cov050_seed00000022,flip,fast_gate,10,5,measured,0.5,0.0,,22,X,Y,5,2,8,8,0.7692307692307693,2,"C00,W",0.0,0,0,,1,3,True,5,ok,e1_ladder,mpdag_criterion,True,"Conjecture 2 (hence Anti-Exchange Case B, verified not proved)","(('C00', 'Y'), ('C01', 'C09'), ('C03', 'C06'), ('C06', 'C07'), ('W', 'Y'), ('X', 'Y'))",0.0018514169998979924,0.060782582999991064,0.06263399999988906,,6,27,6,0,0.9,4.0,5,0
c10_s05_cov050_seed00000023_bw000,c10_s05_cov050_seed00000023,flip,fast_gate,10,5,measured,0.5,0.0,,23,X,Y,6,2,9,9,0.7857142857142857,2,"C00,W",0.0,0,0,,1,3,True,5,ok,e1_ladder,mpdag_criterion,True,"Conjecture 2 (hence Anti-Exchange Case B, verified not proved)","(('C00', 'C06'), ('C00', 'Y'), ('C04', 'C07'), ('C07', 'C09'), ('W', 'Y'), ('X', 'C09'), ('X', 'Y'))",0.0034427089999553573,0.05982704200005173,0.06326975100000709,,7,39,7,0,0.7,4.0,6,1
c10_s05_cov050_seed00000024_bw000,c10_s05_cov050_seed00000024,flip,fast_gate,10,5,measured,0.5,0.0,,24,X,Y,4,2,7,7,0.75,2,"C00,W",0.0,0,0,,1,3,True,4,ok,e1_ladder,mpdag_criterion,True,"Conjecture 2 (hence Anti-Exchange Case B, verified not proved)","(('C00', 'Y'), ('C02', 'C06'), ('C02', 'C07'), ('C04', 'C09'), ('W', 'Y'), ('X', 'Y'))",0.0019899579999673733,0.04328233299997919,0.04527229099994656,,9,28,9,0,0.8,3.0,4,0
c10_s05_cov050_seed00000025_bw000,c10_s05_cov050_seed00000025,flip,fast_gate,10,5,measured,0.5,0.0,,25,X,Y,6,2,9,9,0.7857142857142857,2,"C00,W",0.0,0,0,,1,3,True,5,ok,e1_ladder,mpdag_criterion,True,"Conjecture 2 (hence Anti-Exchange Case B, verified not proved)","(('C00', 'Y'), ('C01', 'C07'), ('C01', 'C08'), ('C01', 'C09'), ('C02', 'C06'), ('W', 'Y'), ('X', 'Y'))",0.0032990830000017013,0.058563958000149796,0.0618630410001515,,14,45,14,0,0.7,4.0,6,1
c10_s05_cov050_seed00000026_bw000,c10_s05_cov050_seed00000026,flip,fast_gate,10,5,measured,0.5,0.0,,26,X,Y,6,2,9,9,0.7857142857142857,2,"C00,W",0.0,0,0,,1,3,True,5,ok,e1_ladder,mpdag_criterion,True,"Conjecture 2 (hence Anti-Exchange Case B, verified not proved)","(('C00', 'Y'), ('C02', 'C07'), ('C04', 'C06'), ('C04', 'C09'), ('W', 'Y'), ('X', 'C08'), ('X', 'Y'))",0.0018522909999774129,0.05564554200009297,0.057497833000070386,,5,24,5,0,0.7997067448680351,4.4985337243401755,6,0
c10_s05_cov050_seed00000027_bw000,c10_s05_cov050_seed00000027,flip,fast_gate,10,5,measured,0.5,0.0,,27,X,Y,6,2,9,9,0.7857142857142857,2,"C00,W",0.0,0,0,,1,3,True,5,ok,e1_ladder,mpdag_criterion,True,"Conjecture 2 (hence Anti-Exchange Case B, verified not proved)","(('C00', 'C06'), ('C00', 'Y'), ('C01', 'C09'), ('C02', 'C08'), ('C04', 'C07'), ('W', 'Y'), ('X', 'Y'))",0.004424250000056418,0.05331016600007388,0.057734416000130295,,11,46,11,0,0.7,4.0,6,1
c10_s05_cov050_seed00000028_bw000,c10_s05_cov050_seed00000028,flip,fast_gate,10,5,measured,0.5,0.0,,28,X,Y,5,2,8,8,0.7692307692307693,2,"C00,W",0.0,0,0,,1,3,True,5,ok,e1_ladder,mpdag_criterion,True,"Conjecture 2 (hence Anti-Exchange Case B, verified not proved)","(('C00', 'Y'), ('C03', 'C06'), ('C03', 'C08'), ('W', 'Y'), ('X', 'C07'), ('X', 'Y'))",0.0013732499999150605,0.059586832999912076,0.060960082999827137,,4,21,4,0,0.9,4.0,5,0
c10_s05_cov050_seed00000029_bw000,c10_s05_cov050_seed00000029,flip,fast_gate,10,5,measured,0.5,0.0,,29,X,Y,5,2,8,8,0.7692307692307693,2,"C00,W",0.0,0,0,,1,3,True,5,ok,e1_ladder,mpdag_criterion,True,"Conjecture 2 (hence Anti-Exchange Case B, verified not proved)","(('C00', 'Y'), ('C04', 'C08'), ('C08', 'C09'), ('W', 'Y'), ('X', 'C06'), ('X', 'Y'))",0.0014689159997942625,0.04979420800009393,0.051263123999888194,,4,21,4,0,0.9,4.0,5,0
c10_s05_cov050_seed00000030_bw000,c10_s05_cov050_seed00000030,flip,fast_gate,10,5,measured,0.5,0.0,,30,X,Y,5,2,8,8,0.7692307692307693,2,"C00,W",0.0,0,0,,1,3,True,5,ok,e1_ladder,mpdag_criterion,True,"Conjecture 2 (hence Anti-Exchange Case B, verified not proved)","(('C00', 'Y'), ('C01', 'C07'), ('C01', 'C09'), ('C04', 'C08'), ('W', 'Y'), ('X', 'Y'))",0.002518750000035652,0.054608042000154455,0.05712679200019011,,9,33,9,0,0.9,4.0,5,0
c10_s05_cov050_seed00000031_bw000,c10_s05_cov050_seed00000031,flip,fast_gate,10,5,measured,0.5,0.0,,31,X,Y,6,2,9,9,0.7857142857142857,2,"C00,W",0.0,0,0,,1,3,True,5,ok,e1_ladder,mpdag_criterion,True,"Conjecture 2 (hence Anti-Exchange Case B, verified not proved)","(('C00', 'Y'), ('C03', 'C06'), ('C03', 'C09'), ('C04', 'C07'), ('W', 'Y'), ('X', 'C08'), ('X', 'Y'))",0.0016695829999662237,0.054643208000015875,0.0563127909999821,,4,24,4,0,0.7961876832844574,4.480938416422287,6,0
c10_s05_cov050_seed00000032_bw000,c10_s05_cov050_seed00000032,flip,fast_gate,10,5,measured,0.5,0.0,,32,X,Y,4,2,7,7,0.75,2,"C00,W",0.0,0,0,,1,3,True,4,ok,e1_ladder,mpdag_criterion,True,"Conjecture 2 (hence Anti-Exchange Case B, verified not proved)","(('C00', 'Y'), ('C02', 'C08'), ('C02', 'C09'), ('W', 'Y'), ('X', 'C06'), ('X', 'Y'))",0.003070416999889858,0.03889662500000668,0.04196704199989654,,9,28,9,0,0.8,3.0,4,0
c10_s05_cov050_seed00000033_bw000,c10_s05_cov050_seed00000033,flip,fast_gate,10,5,measured,0.5,0.0,,33,X,Y,4,1,8,8,0.75,2,"C00,W",0.0,0,0,,1,3,True,4,ok,e1_ladder,mpdag_criterion,True,"Conjecture 2 (hence Anti-Exchange Case B, verified not proved)","(('C00', 'Y'), ('C02', 'C08'), ('C02', 'C09'), ('C03', 'C07'), ('W', 'Y'), ('X', 'C06'), ('X', 'Y'))",0.002101833999859082,0.03987149999989015,0.04197333399974923,,10,33,10,0,0.8,3.0,4,0
c10_s05_cov050_seed00000034_bw000,c10_s05_cov050_seed00000034,flip,fast_gate,10,5,measured,0.5,0.0,,34,X,Y,5,3,7,7,0.7692307692307693,2,"C00,W",0.0,0,0,,1,3,True,5,ok,e1_ladder,mpdag_criterion,True,"Conjecture 2 (hence Anti-Exchange Case B, verified not proved)","(('C00', 'Y'), ('C02', 'C09'), ('W', 'Y'), ('X', 'C08'), ('X', 'Y'))",0.001413624999941021,0.05851545799987434,0.059929082999815364,,5,18,5,0,0.9,4.0,5,0
c10_s05_cov050_seed00000035_bw000,c10_s05_cov050_seed00000035,flip,fast_gate,10,5,measured,0.5,0.0,,35,X,Y,5,2,8,8,0.7692307692307693,2,"C00,W",0.0,0,0,,1,3,True,5,ok,e1_ladder,mpdag_criterion,True,"Conjecture 2 (hence Anti-Exchange Case B, verified not proved)","(('C00', 'Y'), ('C01', 'C08'), ('C02', 'C07'), ('C04', 'C09'), ('W', 'Y'), ('X', 'Y'))",0.003339917000175774,0.060904999999820575,0.06424491699999635,,7,27,7,0,0.9,4.0,5,0
c10_s05_cov050_seed00000036_bw000,c10_s05_cov050_seed00000036,flip,fast_gate,10,5,measured,0.5,0.0,,36,X,Y,4,3,6,6,0.75,2,"C00,W",0.0,0,0,,1,3,True,4,ok,e1_ladder,mpdag_criterion,True,"Conjecture 2 (hence Anti-Exchange Case B, verified not proved)","(('C00', 'Y'), ('C02', 'C06'), ('C03', 'C09'), ('W', 'Y'), ('X', 'Y'))",0.0014720420001594903,0.03638645799992446,0.03785850000008395,,7,19,7,0,0.8,3.0,4,0
c10_s05_cov050_seed00000037_bw000,c10_s05_cov050_seed00000037,flip,fast_gate,10,5,measured,0.5,0.0,,37,X,Y,5,2,8,8,0.7692307692307693,2,"C00,W",0.0,0,0,,1,3,True,5,ok,e1_ladder,mpdag_criterion,True,"Conjecture 2 (hence Anti-Exchange Case B, verified not proved)","(('C00', 'Y'), ('C04', 'C07'), ('C07', 'C09'), ('W', 'Y'), ('X', 'C08'), ('X', 'Y'))",0.0018236249998153653,0.04072579099988616,0.04254941599970152,,4,21,4,0,0.9,4.0,5,0
c10_s05_cov050_seed00000038_bw000,c10_s05_cov050_seed00000038,flip,fast_gate,10,5,measured,0.5,0.0,,38,X,Y,5,2,8,8,0.7692307692307693,2,"C00,W",0.0,0,0,,1,3,True,5,ok,e1_ladder,mpdag_criterion,True,"Conjecture 2 (hence Anti-Exchange Case B, verified not proved)","(('C00', 'Y'), ('C01', 'C09'), ('C02', 'C07'), ('W', 'Y'), ('X', 'C08'), ('X', 'Y'))",0.0020047089999479795,0.05441945800021131,0.05642416700015929,,7,27,7,0,0.9,4.0,5,0
c10_s05_cov050_seed00000039_bw000,c10_s05_cov050_seed00000039,flip,fast_gate,10,5,measured,0.5,0.0,,39,X,Y,6,1,10,10,0.7857142857142857,2,"C00,W",0.0,0,0,,1,3,True,5,ok,e1_ladder,mpdag_criterion,True,"Conjecture 2 (hence Anti-Exchange Case B, verified not proved)","(('C00', 'Y'), ('C02', 'C07'), ('C02', 'C08'), ('C03', 'C09'), ('C07', 'C09'), ('W', 'Y'), ('X', 'C06'), ('X', 'Y'))",0.0016746250000778673,0.05410875000006854,0.05578337500014641,,6,27,6,0,0.7941896024464832,4.470948012232416,6,0
c10_s05_cov050_seed00000000_bw010,c10_s05_cov050_seed00000000,flip,fast_gate,10,5,measured,0.5,0.1,,0,X,Y,6,4,9,9,0.7857142857142857,2,"C00,W",0.0,0,0,,1,3,True,6,ok,e1_ladder,mpdag_criterion,True,"Conjecture 2 (hence Anti-Exchange Case B, verified not proved)","(('C00', 'Y'), ('C03', 'C07'), ('C04', 'C06'), ('W', 'Y'), ('X', 'C09'), ('X', 'Y'))",0.0021568750000824366,0.052195833999803654,0.05435270899988609,,4,24,4,0,0.9,5.0,6,0
c10_s05_cov050_seed00000001_bw010,c10_s05_cov050_seed00000001,flip,fast_gate,10,5,measured,0.5,0.1,,1,X,Y,5,1,9,9,0.7692307692307693,2,"C00,W",0.0,0,0,,1,3,True,5,ok,e1_ladder,mpdag_criterion,True,"Conjecture 2 (hence Anti-Exchange Case B, verified not proved)","(('C00', 'Y'), ('C02', 'C06'), ('C03', 'C07'), ('C07', 'C08'), ('C07', 'C09'), ('W', 'Y'), ('X', 'Y'))",0.0013448750000861764,0.045489833999909024,0.0468347089999952,,5,24,5,0,0.9,4.0,5,0
c10_s05_cov050_seed00000002_bw010,c10_s05_cov050_seed00000002,flip,fast_gate,10,5,measured,0.5,0.1,,2,X,Y,5,2,8,8,0.7692307692307693,2,"C00,W",0.0,0,0,,1,3,True,5,ok,e1_ladder,mpdag_criterion,True,"Conjecture 2 (hence Anti-Exchange Case B, verified not proved)","(('C00', 'Y'), ('C01', 'C07'), ('C03', 'C08'), ('C04', 'C06'), ('W', 'Y'), ('X', 'Y'))",0.0019460000000890432,0.04713391599989336,0.049079915999982404,,6,27,6,0,0.9,4.0,5,0
c10_s05_cov050_seed00000004_bw010,c10_s05_cov050_seed00000004,flip,fast_gate,10,5,measured,0.5,0.1,,4,X,Y,4,2,7,7,0.75,2,"C00,W",0.0,0,0,,1,3,True,4,ok,e1_ladder,mpdag_criterion,True,"Conjecture 2 (hence Anti-Exchange Case B, verified not proved)","(('C00', 'Y'), ('C04', 'C06'), ('C06', 'C07'), ('C07', 'C08'), ('W', 'Y'), ('X', 'Y'))",0.0020234169999184815,0.04365045800000189,0.04567387499992037,,4,18,4,0,0.8,3.0,4,0
c10_s05_cov050_seed00000005_bw010,c10_s05_cov050_seed00000005,flip,fast_gate,10,5,measured,0.5,0.1,,5,X,Y,5,1,9,9,0.7692307692307693,2,"C00,W",0.0,0,0,,1,3,True,5,ok,e1_ladder,mpdag_criterion,True,"Conjecture 2 (hence Anti-Exchange Case B, verified not proved)","(('C00', 'Y'), ('C02', 'C09'), ('C04', 'C06'), ('C04', 'C08'), ('W', 'Y'), ('X', 'C07'), ('X', 'Y'))",0.0015320830000291608,0.047949625000001106,0.04948170800003027,,5,24,5,0,0.9,4.0,5,0
c10_s05_cov050_seed00000006_bw010,c10_s05_cov050_seed00000006,flip,fast_gate,10,5,measured,0.5,0.1,,6,X,Y,4,1,8,8,0.75,2,"C00,W",0.0,0,0,,1,3,True,4,ok,e1_ladder,mpdag_criterion,True,"Conjecture 2 (hence Anti-Exchange Case B, verified not proved)","(('C00', 'Y'), ('C02', 'C06'), ('C03', 'C07'), ('C03', 'C09'), ('W', 'Y'), ('X', 'C08'), ('X', 'Y'))",0.001484874999960084,0.0363359580001088,0.03782083300006889,,8,27,8,0,0.8,3.0,4,0
c10_s05_cov050_seed00000007_bw010,c10_s05_cov050_seed00000007,flip,fast_gate,10,5,measured,0.5,0.1,,7,X,Y,4,1,8,8,0.75,2,"C00,W",0.0,0,0,,1,3,True,4,ok,e1_ladder,mpdag_criterion,True,"Conjecture 2 (hence Anti-Exchange Case B, verified not proved)","(('C00', 'Y'), ('C02', 'C09'), ('C04', 'C07'), ('C06', 'C08'), ('W', 'Y'), ('X', 'C06'), ('X', 'Y'))",0.0018542090001574252,0.036035874999925,0.037890084000082425,,6,27,6,0,0.8,3.0,4,0
c10_s05_cov050_seed00000008_bw010,c10_s05_cov050_seed00000008,flip,fast_gate,10,5,measured,0.5,0.1,,8,X,Y,4,1,8,8,0.75,2,"C00,W",0.0,0,0,,1,3,True,4,ok,e1_ladder,mpdag_criterion,True,"Conjecture 2 (hence Anti-Exchange Case B, verified not proved)","(('C00', 'Y'), ('C02', 'C07'), ('C04', 'C06'), ('C07', 'C09'), ('W', 'Y'), ('X', 'C08'), ('X', 'Y'))",0.0013998340000398457,0.048421125000004395,0.04982095900004424,,7,27,7,0,0.8,3.0,4,0
c10_s05_cov050_seed00000009_bw010,c10_s05_cov050_seed00000009,flip,fast_gate,10,5,measured,0.5,0.1,,9,X,Y,5,2,8,8,0.7692307692307693,2,"C00,W",0.0,0,0,,1,3,True,5,ok,e1_ladder,mpdag_criterion,True,"Conjecture 2 (hence Anti-Exchange Case B, verified not proved)","(('C00', 'Y'), ('C02', 'C06'), ('C04', 'C08'), ('C08', 'C09'), ('W', 'Y'), ('X', 'Y'))",0.0012904999998681888,0.06197170899986304,0.06326220899973123,,5,21,5,0,0.9,4.0,5,0
c10_s05_cov050_seed00000010_bw010,c10_s05_cov050_seed00000010,flip,fast_gate,10,5,measured,0.5,0.1,,10,X,Y,6,3,11,11,0.8,2,"C00,W",0.0,0,0,,1,3,True,4,ok,e1_ladder,mpdag_criterion,True,"Conjecture 2 (hence Anti-Exchange Case B, verified not proved)","(('C00', 'Y'), ('C01', 'C00'), ('C03', 'C09'), ('C04', 'C06'), ('C06', 'C07'), ('C06', 'C08'), ('W', 'Y'), ('X', 'C07'), ('X', 'C08'), ('X', 'Y'))",0.003352167000002737,0.05128437500002292,0.054636542000025656,,8,49,8,0,0.5,3.0,6,2
c10_s05_cov050_seed00000011_bw010,c10_s05_cov050_seed00000011,flip,fast_gate,10,5,measured,0.5,0.1,,11,X,Y,5,4,6,6,0.7692307692307693,2,"C00,W",0.0,0,0,,1,3,True,5,ok,e1_ladder,mpdag_criterion,True,"Conjecture 2 (hence Anti-Exchange Case B, verified not proved)","(('C00', 'Y'), ('C04', 'C08'), ('W', 'Y'), ('X', 'Y'))",0.0026710000001912704,0.06777324999984558,0.07044425000003685,,4,15,4,0,0.9,4.0,5,0
c10_s05_cov050_seed00000012_bw010,c10_s05_cov050_seed00000012,flip,fast_gate,10,5,measured,0.5,0.1,,12,X,Y,5,2,8,8,0.7692307692307693,2,"C00,W",0.0,0,0,,1,3,True,5,ok,e1_ladder,mpdag_criterion,True,"Conjecture 2 (hence Anti-Exchange Case B, verified not proved)","(('C00', 'Y'), ('C01', 'C08'), ('C03', 'C06'), ('C04', 'C09'), ('W', 'Y'), ('X', 'Y'))",0.0017682919999515434,0.07611070799998743,0.07787899999993897,,6,27,6,0,0.9,4.0,5,0
c10_s05_cov050_seed00000013_bw010,c10_s05_cov050_seed00000013,flip,fast_gate,10,5,measured,0.5,0.1,,13,X,Y,5,1,9,9,0.7692307692307693,2,"C00,W",0.0,0,0,,1,3,True,5,ok,e1_ladder,mpdag_criterion,True,"Conjecture 2 (hence Anti-Exchange Case B, verified not proved)","(('C00', 'Y'), ('C02', 'C09'), ('C06', 'C07'), ('C06', 'C08'), ('W', 'Y'), ('X', 'C06'), ('X', 'Y'))",0.0012805420001313905,0.04870483400009107,0.04998537600022246,,5,24,5,0,0.9,4.0,5,0
c10_s05_cov050_seed00000014_bw010,c10_s05_cov050_seed00000014,flip,fast_gate,10,5,measured,0.5,0.1,,14,X,Y,4,2,7,7,0.75,2,"C00,W",0.0,0,0,,1,3,True,4,ok,e1_ladder,mpdag_criterion,True,"Conjecture 2 (hence Anti-Exchange Case B, verified not proved)","(('C00', 'Y'), ('C02', 'C08'), ('C07', 'C09'), ('W', 'Y'), ('X', 'C07'), ('X', 'Y'))",0.0025245839999570308,0.04346387500004312,0.04598845900000015,,6,23,6,0,0.8,3.0,4,0
c10_s05_cov050_seed00000015_bw010,c10_s05_cov050_seed00000015,flip,fast_gate,10,5,measured,0.5,0.1,,15,X,Y,5,2,8,8,0.7692307692307693,2,"C00,W",0.0,0,0,,1,3,True,5,ok,e1_ladder,mpdag_criterion,True,"Conjecture 2 (hence Anti-Exchange Case B, verified not proved)","(('C00', 'Y'), ('C01', 'C08'), ('C04', 'C07'), ('W', 'Y'), ('X', 'C06'), ('X', 'Y'))",0.0015752080000766,0.061540291000028446,0.06311549900010505,,6,27,6,0,0.9,4.0,5,0
c10_s05_cov050_seed00000016_bw010,c10_s05_cov050_seed00000016,flip,fast_gate,10,5,measured,0.5,0.1,,16,X,Y,5,1,9,9,0.7692307692307693,2,"C00,W",0.0,0,0,,1,3,True,5,ok,e1_ladder,mpdag_criterion,True,"Conjecture 2 (hence Anti-Exchange Case B, verified not proved)","(('C00', 'Y'), ('C02', 'C08'), ('C03', 'C06'), ('C03', 'C07'), ('C04', 'C09'), ('W', 'Y'), ('X', 'Y'))",0.002376124999955209,0.05486504199984665,0.05724116699980186,,5,24,5,0,0.9,4.0,5,0
c10_s05_cov050_seed00000018_bw010,c10_s05_cov050_seed00000018,flip,fast_gate,10,5,measured,0.5,0.1,,18,X,Y,5,2,8,8,0.7692307692307693,2,"C00,W",0.0,0,0,,1,3,True,5,ok,e1_ladder,mpdag_criterion,True,"Conjecture 2 (hence Anti-Exchange Case B, verified not proved)","(('C00', 'Y'), ('C01', 'C07'), ('C06', 'C09'), ('W', 'Y'), ('X', 'C06'), ('X', 'Y'))",0.0029568330000984133,0.06556262499998411,0.06851945800008252,,6,27,6,0,0.9,4.0,5,0
c10_s05_cov050_seed00000019_bw010,c10_s05_cov050_seed00000019,flip,fast_gate,10,5,measured,0.5,0.1,,19,X,Y,5,3,7,7,0.7692307692307693,2,"C00,W",0.0,0,0,,1,3,True,5,ok,e1_ladder,mpdag_criterion,True,"Conjecture 2 (hence Anti-Exchange Case B, verified not proved)","(('C00', 'Y'), ('C02', 'C07'), ('C03', 'C06'), ('W', 'Y'), ('X', 'Y'))",0.002393125000025975,0.05984591700007513,0.06223904200010111,,5,18,5,0,0.9,4.0,5,0
c10_s05_cov050_seed00000020_bw010,c10_s05_cov050_seed00000020,flip,fast_gate,10,5,measured,0.5,0.1,,20,X,Y,6,3,10,10,0.7857142857142857,2,"C00,W",0.0,0,0,,1,3,True,4,ok,e1_ladder,mpdag_criterion,True,"Conjecture 2 (hence Anti-Exchange Case B, verified not proved)","(('C00', 'C07'), ('C00', 'Y'), ('C01', 'C00'), ('C01', 'C07'), ('C02', 'C09'), ('C04', 'C08'), ('W', 'Y'), ('X', 'C06'), ('X', 'Y'))",0.0068683749998399435,0.05476545900000929,0.06163383399984923,,21,93,21,0,0.6043478260869565,3.5217391304347827,6,1
c10_s05_cov050_seed00000021_bw010,c10_s05_cov050_seed00000021,flip,fast_gate,10,5,measured,0.5,0.1,,21,X,Y,4,3,6,6,0.75,2,"C00,W",0.0,0,0,,1,3,True,4,ok,e1_ladder,mpdag_criterion,True,"Conjecture 2 (hence Anti-Exchange Case B, verified not proved)","(('C00', 'Y'), ('C02', 'C08'), ('W', 'Y'), ('X', 'C07'), ('X', 'Y'))",0.0013492499999756546,0.040586209000139206,0.04193545900011486,,6,19,6,0,0.8,3.0,4,0
c10_s05_cov050_seed00000022_bw010,c10_s05_cov050_seed00000022,flip,fast_gate,10,5,measured,0.5,0.1,,22,X,Y,5,2,8,8,0.7692307692307693,2,"C00,W",0.0,0,0,,1,3,True,5,ok,e1_ladder,mpdag_criterion,True,"Conjecture 2 (hence Anti-Exchange Case B, verified not proved)","(('C00', 'Y'), ('C01', 'C09'), ('C03', 'C06'), ('C06', 'C07'), ('W', 'Y'), ('X', 'Y'))",0.0017369170000165468,0.053007290999858014,0.05474420799987456,,6,27,6,0,0.9,4.0,5,0
c10_s05_cov050_seed00000024_bw010,c10_s05_cov050_seed00000024,flip,fast_gate,10,5,measured,0.5,0.1,,24,X,Y,4,2,7,7,0.75,2,"C00,W",0.0,0,0,,1,3,True,4,ok,e1_ladder,mpdag_criterion,True,"Conjecture 2 (hence Anti-Exchange Case B, verified not proved)","(('C00', 'Y'), ('C02', 'C06'), ('C02', 'C07'), ('C04', 'C09'), ('W', 'Y'), ('X', 'Y'))",0.003186708000157523,0.04780937499981519,0.050996082999972714,,9,28,9,0,0.8,3.0,4,0
c10_s05_cov050_seed00000028_bw010,c10_s05_cov050_seed00000028,flip,fast_gate,10,5,measured,0.5,0.1,,28,X,Y,5,2,8,8,0.7692307692307693,2,"C00,W",0.0,0,0,,1,3,True,5,ok,e1_ladder,mpdag_criterion,True,"Conjecture 2 (hence Anti-Exchange Case B, verified not proved)","(('C00', 'Y'), ('C03', 'C06'), ('C03', 'C08'), ('W', 'Y'), ('X', 'C07'), ('X', 'Y'))",0.0013017920000493177,0.059625417000006564,0.06092720900005588,,4,21,4,0,0.9,4.0,5,0
c10_s05_cov050_seed00000029_bw010,c10_s05_cov050_seed00000029,flip,fast_gate,10,5,measured,0.5,0.1,,29,X,Y,5,2,8,8,0.7692307692307693,2,"C00,W",0.0,0,0,,1,3,True,5,ok,e1_ladder,mpdag_criterion,True,"Conjecture 2 (hence Anti-Exchange Case B, verified not proved)","(('C00', 'Y'), ('C04', 'C08'), ('C08', 'C09'), ('W', 'Y'), ('X', 'C06'), ('X', 'Y'))",0.0013105000000450673,0.046997666999914145,0.04830816699995921,,4,21,4,0,0.9,4.0,5,0
c10_s05_cov050_seed00000030_bw010,c10_s05_cov050_seed00000030,flip,fast_gate,10,5,measured,0.5,0.1,,30,X,Y,5,2,8,8,0.7692307692307693,2,"C00,W",0.0,0,0,,1,3,True,5,ok,e1_ladder,mpdag_criterion,True,"Conjecture 2 (hence Anti-Exchange Case B, verified not proved)","(('C00', 'Y'), ('C01', 'C07'), ('C01', 'C09'), ('C04', 'C08'), ('W', 'Y'), ('X', 'Y'))",0.0019347910001670243,0.05406266699992557,0.05599745800009259,,9,33,9,0,0.9,4.0,5,0
c10_s05_cov050_seed00000032_bw010,c10_s05_cov050_seed00000032,flip,fast_gate,10,5,measured,0.5,0.1,,32,X,Y,4,2,7,7,0.75,2,"C00,W",0.0,0,0,,1,3,True,4,ok,e1_ladder,mpdag_criterion,True,"Conjecture 2 (hence Anti-Exchange Case B, verified not proved)","(('C00', 'Y'), ('C02', 'C08'), ('C02', 'C09'), ('W', 'Y'), ('X', 'C06'), ('X', 'Y'))",0.001694875000112006,0.03625120800006698,0.03794608300017899,,9,28,9,0,0.8,3.0,4,0
c10_s05_cov050_seed00000033_bw010,c10_s05_cov050_seed00000033,flip,fast_gate,10,5,measured,0.5,0.1,,33,X,Y,4,1,8,8,0.75,2,"C00,W",0.0,0,0,,1,3,True,4,ok,e1_ladder,mpdag_criterion,True,"Conjecture 2 (hence Anti-Exchange Case B, verified not proved)","(('C00', 'Y'), ('C02', 'C08'), ('C02', 'C09'), ('C03', 'C07'), ('W', 'Y'), ('X', 'C06'), ('X', 'Y'))",0.002674207999916689,0.03824725000004037,0.040921457999957056,,10,33,10,0,0.8,3.0,4,0
c10_s05_cov050_seed00000034_bw010,c10_s05_cov050_seed00000034,flip,fast_gate,10,5,measured,0.5,0.1,,34,X,Y,5,3,7,7,0.7692307692307693,2,"C00,W",0.0,0,0,,1,3,True,5,ok,e1_ladder,mpdag_criterion,True,"Conjecture 2 (hence Anti-Exchange Case B, verified not proved)","(('C00', 'Y'), ('C02', 'C09'), ('W', 'Y'), ('X', 'C08'), ('X', 'Y'))",0.0012834169999678124,0.059409624999943844,0.06069304199991166,,5,18,5,0,0.9,4.0,5,0
c10_s05_cov050_seed00000035_bw010,c10_s05_cov050_seed00000035,flip,fast_gate,10,5,measured,0.5,0.1,,35,X,Y,5,2,8,8,0.7692307692307693,2,"C00,W",0.0,0,0,,1,3,True,5,ok,e1_ladder,mpdag_criterion,True,"Conjecture 2 (hence Anti-Exchange Case B, verified not proved)","(('C00', 'Y'), ('C01', 'C08'), ('C02', 'C07'), ('C04', 'C09'), ('W', 'Y'), ('X', 'Y'))",0.002309500000137632,0.05890062499997839,0.06121012500011602,,7,27,7,0,0.9,4.0,5,0
c10_s05_cov050_seed00000036_bw010,c10_s05_cov050_seed00000036,flip,fast_gate,10,5,measured,0.5,0.1,,36,X,Y,4,3,6,6,0.75,2,"C00,W",0.0,0,0,,1,3,True,4,ok,e1_ladder,mpdag_criterion,True,"Conjecture 2 (hence Anti-Exchange Case B, verified not proved)","(('C00', 'Y'), ('C02', 'C06'), ('C03', 'C09'), ('W', 'Y'), ('X', 'Y'))",0.001288165999994817,0.034986791999926936,0.03627495799992175,,7,19,7,0,0.8,3.0,4,0
c10_s05_cov050_seed00000037_bw010,c10_s05_cov050_seed00000037,flip,fast_gate,10,5,measured,0.5,0.1,,37,X,Y,5,2,8,8,0.7692307692307693,2,"C00,W",0.0,0,0,,1,3,True,5,ok,e1_ladder,mpdag_criterion,True,"Conjecture 2 (hence Anti-Exchange Case B, verified not proved)","(('C00', 'Y'), ('C04', 'C07'), ('C07', 'C09'), ('W', 'Y'), ('X', 'C08'), ('X', 'Y'))",0.0013026250001075823,0.05471458400006668,0.05601720900017426,,4,21,4,0,0.9,4.0,5,0
c10_s05_cov050_seed00000038_bw010,c10_s05_cov050_seed00000038,flip,fast_gate,10,5,measured,0.5,0.1,,38,X,Y,5,2,8,8,0.7692307692307693,2,"C00,W",0.0,0,0,,1,3,True,5,ok,e1_ladder,mpdag_criterion,True,"Conjecture 2 (hence Anti-Exchange Case B, verified not proved)","(('C00', 'Y'), ('C01', 'C09'), ('C02', 'C07'), ('W', 'Y'), ('X', 'C08'), ('X', 'Y'))",0.0015561669999897276,0.05571029200018529,0.05726645900017502,,7,27,7,0,0.9,4.0,5,0
c10_s05_cov050_seed00000040_bw010,c10_s05_cov050_seed00000040,flip,fast_gate,10,5,measured,0.5,0.1,,40,X,Y,4,3,6,6,0.75,2,"C00,W",0.0,0,0,,1,3,True,4,ok,e1_ladder,mpdag_criterion,True,"Conjecture 2 (hence Anti-Exchange Case B, verified not proved)","(('C00', 'Y'), ('C03', 'C06'), ('W', 'Y'), ('X', 'C07'), ('X', 'Y'))",0.0015103749999525462,0.03852804100006324,0.040038416000015786,,5,15,5,0,0.8,3.0,4,0
c10_s05_cov050_seed00000041_bw010,c10_s05_cov050_seed00000041,flip,fast_gate,10,5,measured,0.5,0.1,,41,X,Y,5,1,9,9,0.7692307692307693,2,"C00,W",0.0,0,0,,1,3,True,5,ok,e1_ladder,mpdag_criterion,True,"Conjecture 2 (hence Anti-Exchange Case B, verified not proved)","(('C00', 'Y'), ('C02', 'C08'), ('C03', 'C06'), ('C03', 'C07'), ('C07', 'C09'), ('W', 'Y'), ('X', 'Y'))",0.0013200000000779255,0.04435325000008561,0.045673250000163534,,5,24,5,0,0.9,4.0,5,0
c10_s05_cov050_seed00000042_bw010,c10_s05_cov050_seed00000042,flip,fast_gate,10,5,measured,0.5,0.1,,42,X,Y,5,3,7,7,0.7692307692307693,2,"C00,W",0.0,0,0,,1,3,True,5,ok,e1_ladder,mpdag_criterion,True,"Conjecture 2 (hence Anti-Exchange Case B, verified not proved)","(('C00', 'Y'), ('C04', 'C09'), ('W', 'Y'), ('X', 'C07'), ('X', 'Y'))",0.0013676249998297862,0.061995542000204296,0.06336316700003408,,4,18,4,0,0.9,4.0,5,0
c10_s05_cov050_seed00000043_bw010,c10_s05_cov050_seed00000043,flip,fast_gate,10,5,measured,0.5,0.1,,43,X,Y,5,3,7,7,0.7692307692307693,2,"C00,W",0.0,0,0,,1,3,True,5,ok,e1_ladder,mpdag_criterion,True,"Conjecture 2 (hence Anti-Exchange Case B, verified not proved)","(('C00', 'Y'), ('C03', 'C06'), ('C04', 'C07'), ('W', 'Y'), ('X', 'Y'))",0.0021585839999715972,0.04535379200001444,0.047512375999986034,,4,18,4,0,0.9,4.0,5,0
c10_s05_cov050_seed00000044_bw010,c10_s05_cov050_seed00000044,flip,fast_gate,10,5,measured,0.5,0.1,,44,X,Y,6,5,9,9,0.8,2,"C00,W",0.0,0,0,,1,3,True,4,ok,e1_ladder,mpdag_criterion,True,"Conjecture 2 (hence Anti-Exchange Case B, verified not proved)","(('C00', 'Y'), ('C01', 'C00'), ('C03', 'C06'), ('C03', 'C08'), ('C04', 'C07'), ('C04', 'C09'), ('W', 'Y'), ('X', 'Y'))",0.005640916999936962,0.05369849999988219,0.05933941699981915,,9,39,9,0,0.5942148760330579,3.4710743801652892,6,1
c10_s05_cov050_seed00000045_bw010,c10_s05_cov050_seed00000045,flip,fast_gate,10,5,measured,0.5,0.1,,45,X,Y,4,1,8,8,0.75,2,"C00,W",0.0,0,0,,1,3,True,4,ok,e1_ladder,mpdag_criterion,True,"Conjecture 2 (hence Anti-Exchange Case B, verified not proved)","(('C00', 'Y'), ('C04', 'C07'), ('C07', 'C09'), ('W', 'Y'), ('X', 'C06'), ('X', 'C08'), ('X', 'Y'))",0.0012100409999220574,0.040742790999956924,0.04195283199987898,,4,21,4,0,0.8,3.0,4,0
c10_s05_cov050_seed00000046_bw010,c10_s05_cov050_seed00000046,flip,fast_gate,10,5,measured,0.5,0.1,,46,X,Y,5,1,9,9,0.7692307692307693,2,"C00,W",0.0,0,0,,1,3,True,5,ok,e1_ladder,mpdag_criterion,True,"Conjecture 2 (hence Anti-Exchange Case B, verified not proved)","(('C00', 'Y'), ('C02', 'C08'), ('C03', 'C06'), ('C03', 'C07'), ('C07', 'C09'), ('W', 'Y'), ('X', 'Y'))",0.0024946669998371362,0.04919845900008113,0.051693125999918266,,5,24,5,0,0.9,4.0,5,0
c10_s05_cov050_seed00000047_bw010,c10_s05_cov050_seed00000047,flip,fast_gate,10,5,measured,0.5,0.1,,47,X,Y,4,4,5,5,0.75,2,"C00,W",0.0,0,0,,1,3,True,4,ok,e1_ladder,mpdag_criterion,True,"Conjecture 2 (hence Anti-Exchange Case B, verified not proved)","(('C00', 'Y'), ('W', 'Y'), ('X', 'C07'), ('X', 'Y'))",0.0011775000000397995,0.0556237499999952,0.056801250000035,,4,12,4,0,0.8,3.0,4,0
c10_s05_cov050_seed00000004_bw025,c10_s05_cov050_seed00000004,flip,fast_gate,10,5,measured,0.5,0.25,,4,X,Y,4,4,9,9,0.75,2,"C00,W",0.0,0,0,3,0,3,True,3,ok,local_up_fast,mpdag_criterion,True,"Conjecture 2 (hence Anti-Exchange Case B, verified not proved)",C00->C09 C00->Y C01->C00 C02->C01 C04->C06 C06->C07 C07->C08 W->Y X->Y C02-C03 C03-C04 C04-X,0.0027919999999994616,0.0,0.0027919999999994616,,4,32,7,0,0.6,2.0,4,1
c10_s05_cov050_seed00000011_bw025,c10_s05_cov050_seed00000011,flip,fast_gate,10,5,measured,0.5,0.25,,11,X,Y,5,3,9,9,0.7692307692307693,2,"C00,W",0.0,0,0,,1,3,True,4,ok,e1_ladder,mpdag_criterion,True,"Conjecture 2 (hence Anti-Exchange Case B, verified not proved)","(('C00', 'C06'), ('C00', 'C07'), ('C00', 'C09'), ('C00', 'Y'), ('C01', 'C00'), ('C04', 'C08'), ('W', 'Y'), ('X', 'Y'))",0.0062599579998732224,0.048812833000056344,0.055072790999929566,,16,60,16,0,0.7,3.0,5,1
c10_s05_cov050_seed00000013_bw025,c10_s05_cov050_seed00000013,flip,fast_gate,10,5,measured,0.5,0.25,,13,X,Y,5,3,9,9,0.7692307692307693,2,"C00,W",0.0,0,0,,1,3,True,4,ok,e1_ladder,mpdag_criterion,True,"Conjecture 2 (hence Anti-Exchange Case B, verified not proved)","(('C00', 'Y'), ('C01', 'C00'), ('C02', 'C09'), ('C06', 'C07'), ('C06', 'C08'), ('W', 'Y'), ('X', 'C06'), ('X', 'Y'))",0.0024752920000992162,0.03666075000001001,0.03913604200010923,,10,46,10,0,0.7,3.0,5,1
c10_s05_cov050_seed00000030_bw025,c10_s05_cov050_seed00000030,flip,fast_gate,10,5,measured,0.5,0.25,,30,X,Y,5,5,7,7,0.7692307692307693,2,"C00,W",0.0,0,0,,1,3,True,4,ok,e1_ladder,mpdag_criterion,True,"Conjecture 2 (hence Anti-Exchange Case B, verified not proved)","(('C00', 'C06'), ('C00', 'Y'), ('C01', 'C00'), ('C04', 'C08'), ('W', 'Y'), ('X', 'Y'))",0.0027020420000098966,0.046134124999980486,0.04883616699999038,,9,34,9,0,0.7,3.0,5,1
c10_s05_cov050_seed00000038_bw025,c10_s05_cov050_seed00000038,flip,fast_gate,10,5,measured,0.5,0.25,,38,X,Y,5,5,7,7,0.7692307692307693,2,"C00,W",0.0,0,0,,1,3,True,4,ok,e1_ladder,mpdag_criterion,True,"Conjecture 2 (hence Anti-Exchange Case B, verified not proved)","(('C00', 'Y'), ('C01', 'C00'), ('C02', 'C07'), ('W', 'Y'), ('X', 'C08'), ('X', 'Y'))",0.004686083000024155,0.05180341599998428,0.056489499000008436,,10,34,10,0,0.7,3.0,5,1
c10_s05_cov050_seed00000043_bw025,c10_s05_cov050_seed00000043,flip,fast_gate,10,5,measured,0.5,0.25,,43,X,Y,5,3,9,9,0.7692307692307693,2,"C00,W",0.0,0,0,,1,3,True,4,ok,e1_ladder,mpdag_criterion,True,"Conjecture 2 (hence Anti-Exchange Case B, verified not proved)","(('C00', 'C08'), ('C00', 'Y'), ('C01', 'C00'), ('C03', 'C06'), ('C04', 'C07'), ('C08', 'C09'), ('W', 'Y'), ('X', 'Y'))",0.0028032499999426364,0.04864870799997334,0.051451957999915976,,11,46,11,0,0.7,3.0,5,1
c10_s05_cov050_seed00000048_bw025,c10_s05_cov050_seed00000048,flip,fast_gate,10,5,measured,0.5,0.25,,48,X,Y,4,5,8,8,0.75,2,"C00,W",0.0,0,0,3,0,3,True,3,ok,local_up_fast,mpdag_criterion,True,"Conjecture 2 (hence Anti-Exchange Case B, verified not proved)",C00->C06 C00->C08 C00->Y C01->C00 C02->C01 C06->C09 W->Y X->Y C02-C03 C02-C07 C03-C04 C04-X,0.003092166999977053,0.0,0.003092166999977053,,4,28,7,0,0.6,2.0,4,1
c10_s05_cov050_seed00000061_bw025,c10_s05_cov050_seed00000061,flip,fast_gate,10,5,measured,0.5,0.25,,61,X,Y,4,7,6,6,0.75,2,"C00,W",0.0,0,0,3,0,3,True,3,ok,local_up_fast,mpdag_criterion,True,"Conjecture 2 (hence Anti-Exchange Case B, verified not proved)",C00->Y C01->C00 C02->C01 W->Y X->C08 X->Y C02-C03 C02-C06 C02-C07 C03-C04 C04-X C06-C09,0.0017706250000628643,0.0,0.0017706250000628643,,4,20,7,0,0.6,2.0,4,1
c10_s05_cov050_seed00000064_bw025,c10_s05_cov050_seed00000064,flip,fast_gate,10,5,measured,0.5,0.25,,64,X,Y,6,7,8,8,0.7857142857142857,2,"C00,W",0.0,0,0,3,0,3,True,3,ok,local_up_fast,mpdag_criterion,True,"Conjecture 2 (hence Anti-Exchange Case B, verified not proved)",C00->C08 C00->Y C01->C00 C02->C01 C03->C06 C03->C07 W->Y X->Y C01-C09 C02-C03 C02-C09 C03-C04 C04-X C06-C07,0.0033503749998544663,0.0,0.0033503749998544663,,6,40,14,0,0.7101123595505617,2.5168539325842696,6,3
c10_s05_cov050_seed00000065_bw025,c10_s05_cov050_seed00000065,flip,fast_gate,10,5,measured,0.5,0.25,,65,X,Y,4,5,8,8,0.75,2,"C00,W",0.0,0,0,3,0,3,True,3,ok,local_up_fast,mpdag_criterion,True,"Conjecture 2 (hence Anti-Exchange Case B, verified not proved)",C00->C07 C00->Y C01->C00 C01->C06 C02->C01 C07->C08 W->Y X->Y C02-C03 C02-C09 C03-C04 C04-X,0.003116459000011673,0.0,0.003116459000011673,,4,28,8,0,0.6,2.0,4,1
c10_s05_cov050_seed00000069_bw025,c10_s05_cov050_seed00000069,flip,fast_gate,10,5,measured,0.5,0.25,,69,X,Y,4,4,9,9,0.75,2,"C00,W",0.0,0,0,3,0,3,True,3,ok,local_up_fast,mpdag_criterion,True,"Conjecture 2 (hence Anti-Exchange Case B, verified not proved)",C00->C06 C00->Y C01->C00 C02->C01 C03->C08 C04->C07 C06->C09 W->Y X->Y C02-C03 C03-C04 C04-X,0.0019641250000859145,0.0,0.0019641250000859145,,5,39,10,0,0.6,2.0,4,1
c10_s05_cov050_seed00000083_bw025,c10_s05_cov050_seed00000083,flip,fast_gate,10,5,measured,0.5,0.25,,83,X,Y,5,3,9,9,0.7692307692307693,2,"C00,W",0.0,0,0,,1,3,True,4,ok,e1_ladder,mpdag_criterion,True,"Conjecture 2 (hence Anti-Exchange Case B, verified not proved)","(('C00', 'Y'), ('C01', 'C00'), ('C02', 'C07'), ('C03', 'C06'), ('C04', 'C09'), ('W', 'Y'), ('X', 'C08'), ('X', 'Y'))",0.004770208000081766,0.047363292,0.05213350000008177,,11,46,11,0,0.7,3.0,5,1
c10_s05_cov050_seed00000084_bw025,c10_s05_cov050_seed00000084,flip,fast_gate,10,5,measured,0.5,0.25,,84,X,Y,5,3,9,9,0.7692307692307693,2,"C00,W",0.0,0,0,,1,3,True,4,ok,e1_ladder,mpdag_criterion,True,"Conjecture 2 (hence Anti-Exchange Case B, verified not proved)","(('C00', 'Y'), ('C01', 'C00'), ('C02', 'C09'), ('C03', 'C06'), ('C04', 'C08'), ('W', 'Y'), ('X', 'C07'), ('X', 'Y'))",0.005513791000112178,0.0393790830000853,0.04489287400019748,,11,46,11,0,0.7,3.0,5,1
c10_s05_cov050_seed00000089_bw025,c10_s05_cov050_seed00000089,flip,fast_gate,10,5,measured,0.5,0.25,,89,X,Y,4,4,9,9,0.75,2,"C00,W",0.0,0,0,3,0,3,True,3,ok,local_up_fast,mpdag_criterion,True,"Conjecture 2 (hence Anti-Exchange Case B, verified not proved)",C00->C09 C00->Y C01->C00 C01->C08 C02->C01 C04->C07 W->Y X->C06 X->Y C02-C03 C03-C04 C04-X,0.0016714169998977013,0.0,0.0016714169998977013,,4,32,8,0,0.6,2.0,4,1
c10_s05_cov050_seed00000093_bw025,c10_s05_cov050_seed00000093,flip,fast_gate,10,5,measured,0.5,0.25,,93,X,Y,5,3,9,9,0.7692307692307693,2,"C00,W",0.0,0,0,,1,3,True,4,ok,e1_ladder,mpdag_criterion,True,"Conjecture 2 (hence Anti-Exchange Case B, verified not proved)","(('C00', 'Y'), ('C01', 'C00'), ('C02', 'C08'), ('C02', 'C09'), ('C06', 'C07'), ('W', 'Y'), ('X', 'C06'), ('X', 'Y'))",0.003168915999822275,0.044148500000119384,0.04731741599994166,,14,53,14,0,0.7,3.0,5,1
c10_s05_cov050_seed00000095_bw025,c10_s05_cov050_seed00000095,flip,fast_gate,10,5,measured,0.5,0.25,,95,X,Y,6,8,7,7,0.7857142857142857,2,"C00,W",0.0,0,0,3,0,3,True,3,ok,local_up_fast,mpdag_criterion,True,"Conjecture 2 (hence Anti-Exchange Case B, verified not proved)",C00->Y C01->C00 C02->C01 C02->C06 C03->C08 W->Y X->Y C02-C03 C02-C07 C02-C09 C03-C04 C03-C07 C03-C09 C04-X,0.005942874999846026,0.0,0.005942874999846026,,8,45,17,0,0.4,2.0,6,3
c10_s05_cov050_seed00000096_bw025,c10_s05_cov050_seed00000096,flip,fast_gate,10,5,measured,0.5,0.25,,96,X,Y,4,4,9,9,0.75,2,"C00,W",0.0,0,0,3,0,3,True,3,ok,local_up_fast,mpdag_criterion,True,"Conjecture 2 (hence Anti-Exchange Case B, verified not proved)",C00->Y C01->C00 C02->C01 C04->C06 C04->C09 C07->C08 W->Y X->C07 X->Y C02-C03 C03-C04 C04-X,0.0015140830000746064,0.0,0.0015140830000746064,,4,32,7,0,0.6,2.0,4,1
c10_s05_cov050_seed00000102_bw025,c10_s05_cov050_seed00000102,flip,fast_gate,10,5,measured,0.5,0.25,,102,X,Y,4,7,6,6,0.75,2,"C00,W",0.0,0,0,3,0,3,True,3,ok,local_up_fast,mpdag_criterion,True,"Conjecture 2 (hence Anti-Exchange Case B, verified not proved)",C00->Y C01->C00 C01->C07 C02->C01 W->Y X->Y C02-C03 C02-C06 C02-C08 C02-C09 C03-C04 C04-X,0.0019261249999544816,0.0,0.0019261249999544816,,4,20,8,0,0.6,2.0,4,1
c10_s05_cov050_seed00000104_bw025,c10_s05_cov050_seed00000104,flip,fast_gate,10,5,measured,0.5,0.25,,104,X,Y,5,5,7,7,0.7692307692307693,2,"C00,W",0.0,0,0,,1,3,True,4,ok,e1_ladder,mpdag_criterion,True,"Conjecture 2 (hence Anti-Exchange Case B, verified not proved)","(('C00', 'Y'), ('C01', 'C00'), ('C04', 'C06'), ('C04', 'C07'), ('W', 'Y'), ('X', 'Y'))",0.0027171250001174485,0.04207404199996745,0.0447911670000849,,7,29,7,0,0.7,3.0,5,1
c10_s05_cov050_seed00000112_bw025,c10_s05_cov050_seed00000112,flip,fast_gate,10,5,measured,0.5,0.25,,112,X,Y,5,5,7,7,0.7692307692307693,2,"C00,W",0.0,0,0,,1,3,True,4,ok,e1_ladder,mpdag_criterion,True,"Conjecture 2 (hence Anti-Exchange Case B, verified not proved)","(('C00', 'C07'), ('C00', 'C09'), ('C00', 'Y'), ('C01', 'C00'), ('W', 'Y'), ('X', 'Y'))",0.0044507080001494614,0.05017016700003296,0.05462087500018242,,12,39,12,0,0.7,3.0,5,1
c10_s05_cov050_seed00000140_bw025,c10_s05_cov050_seed00000140,flip,fast_gate,10,5,measured,0.5,0.25,,140,X,Y,4,5,8,8,0.75,2,"C00,W",0.0,0,0,3,0,3,True,3,ok,local_up_fast,mpdag_criterion,True,"Conjecture 2 (hence Anti-Exchange Case B, verified not proved)",C00->Y C01->C00 C01->C08 C02->C01 C03->C06 C04->C07 W->Y X->Y C02-C03 C02-C09 C03-C04 C04-X,0.0021202919999723235,0.0,0.0021202919999723235,,5,34,11,0,0.6,2.0,4,1
c10_s05_cov050_seed00000159_bw025,c10_s05_cov050_seed00000159,flip,fast_gate,10,5,measured,0.5,0.25,,159,X,Y,4,5,8,8,0.75,2,"C00,W",0.0,0,0,3,0,3,True,3,ok,local_up_fast,mpdag_criterion,True,"Conjecture 2 (hence Anti-Exchange Case B, verified not proved)",C00->Y C01->C00 C02->C01 C06->C08 W->Y X->C06 X->C07 X->Y C02-C03 C02-C09 C03-C04 C04-X,0.0017604580000352144,0.0,0.0017604580000352144,,4,28,7,0,0.6,2.0,4,1
c10_s05_cov050_seed00000164_bw025,c10_s05_cov050_seed00000164,flip,fast_gate,10,5,measured,0.5,0.25,,164,X,Y,5,4,8,8,0.7692307692307693,2,"C00,W",0.0,0,0,,1,3,True,4,ok,e1_ladder,mpdag_criterion,True,"Conjecture 2 (hence Anti-Exchange Case B, verified not proved)","(('C00', 'C07'), ('C00', 'Y'), ('C01', 'C00'), ('C03', 'C06'), ('C03', 'C08'), ('W', 'Y'), ('X', 'Y'))",0.002629833999890252,0.05097220799984825,0.0536020419997385,,11,40,11,0,0.7,3.0,5,1
c10_s05_cov050_seed00000169_bw025,c10_s05_cov050_seed00000169,flip,fast_gate,10,5,measured,0.5,0.25,,169,X,Y,5,4,8,8,0.7692307692307693,2,"C00,W",0.0,0,0,,1,3,True,4,ok,e1_ladder,mpdag_criterion,True,"Conjecture 2 (hence Anti-Exchange Case B, verified not proved)","(('C00', 'Y'), ('C01', 'C00'), ('C03', 'C07'), ('C03', 'C08'), ('W', 'Y'), ('X', 'C06'), ('X', 'Y'))",0.0028380419998939033,0.04737441600013881,0.05021245800003271,,9,34,9,0,0.7,3.0,5,1
c10_s05_cov050_seed00000173_bw025,c10_s05_cov050_seed00000173,flip,fast_gate,10,5,measured,0.5,0.25,,173,X,Y,5,5,7,7,0.7692307692307693,2,"C00,W",0.0,0,0,,1,3,True,4,ok,e1_ladder,mpdag_criterion,True,"Conjecture 2 (hence Anti-Exchange Case B, verified not proved)","(('C00', 'Y'), ('C01', 'C00'), ('C04', 'C06'), ('C04', 'C09'), ('W', 'Y'), ('X', 'Y'))",0.0022356249999120337,0.058116749999953754,0.06035237499986579,,7,29,7,0,0.7,3.0,5,1
c10_s05_cov050_seed00000179_bw025,c10_s05_cov050_seed00000179,flip,fast_gate,10,5,measured,0.5,0.25,,179,X,Y,5,4,8,8,0.7692307692307693,2,"C00,W",0.0,0,0,,1,3,True,4,ok,e1_ladder,mpdag_criterion,True,"Conjecture 2 (hence Anti-Exchange Case B, verified not proved)","(('C00', 'Y'), ('C01', 'C00'), ('C02', 'C08'), ('C06', 'C07'), ('W', 'Y'), ('X', 'C06'), ('X', 'Y'))",0.0031563329998789413,0.049806875000058426,0.05296320799993737,,10,40,10,0,0.7,3.0,5,1
c10_s05_cov050_seed00000180_bw025,c10_s05_cov050_seed00000180,flip,fast_gate,10,5,measured,0.5,0.25,,180,X,Y,5,5,7,7,0.7692307692307693,2,"C00,W",0.0,0,0,,1,3,True,4,ok,e1_ladder,mpdag_criterion,True,"Conjecture 2 (hence Anti-Exchange Case B, verified not proved)","(('C00', 'Y'), ('C01', 'C00'), ('C04', 'C07'), ('C04', 'C08'), ('W', 'Y'), ('X', 'Y'))",0.004161874999908832,0.05250087500007794,0.05666274999998677,,7,29,7,0,0.7,3.0,5,1
c10_s05_cov050_seed00000183_bw025,c10_s05_cov050_seed00000183,flip,fast_gate,10,5,measured,0.5,0.25,,183,X,Y,4,4,9,9,0.75,2,"C00,W",0.0,0,0,3,0,3,True,3,ok,local_up_fast,mpdag_criterion,True,"Conjecture 2 (hence Anti-Exchange Case B, verified not proved)",C00->C09 C00->Y C01->C00 C02->C01 C06->C07 C06->C08 W->Y X->C06 X->Y C02-C03 C03-C04 C04-X,0.0027357499998288404,0.0,0.0027357499998288404,,4,32,7,0,0.6,2.0,4,1
c10_s05_cov050_seed00000184_bw025,c10_s05_cov050_seed00000184,flip,fast_gate,10,5,measured,0.5,0.25,,184,X,Y,5,3,9,9,0.7692307692307693,2,"C00,W",0.0,0,0,,1,3,True,4,ok,e1_ladder,mpdag_criterion,True,"Conjecture 2 (hence Anti-Exchange Case B, verified not proved)","(('C00', 'C07'), ('C00', 'Y'), ('C01', 'C00'), ('C02', 'C06'), ('C02', 'C09'), ('C03', 'C08'), ('W', 'Y'), ('X', 'Y'))",0.006337792000067566,0.047060916999953406,0.05339870900002097,,17,60,17,0,0.7,3.0,5,1
c10_s05_cov050_seed00000188_bw025,c10_s05_cov050_seed00000188,flip,fast_gate,10,5,measured,0.5,0.25,,188,X,Y,4,5,8,8,0.75,2,"C00,W",0.0,0,0,3,0,3,True,3,ok,local_up_fast,mpdag_criterion,True,"Conjecture 2 (hence Anti-Exchange Case B, verified not proved)",C00->C07 C00->Y C01->C00 C02->C01 W->Y X->C08 X->C09 X->Y C02-C03 C02-C06 C03-C04 C04-X,0.0028875000000425644,0.0,0.0028875000000425644,,4,28,7,0,0.6,2.0,4,1
c10_s05_cov050_seed00000189_bw025,c10_s05_cov050_seed00000189,flip,fast_gate,10,5,measured,0.5,0.25,,189,X,Y,6,7,9,9,0.8,2,"C00,W",0.0,0,0,3,0,3,True,3,ok,local_up_fast,mpdag_criterion,True,"Conjecture 2 (hence Anti-Exchange Case B, verified not proved)",C00->C09 C00->Y C01->C00 C01->C09 C02->C01 C03->C07 C03->C08 W->Y X->Y C01-C06 C02-C03 C02-C06 C03-C04 C04-X C07-C08,0.004480916000147772,0.0,0.004480916000147772,,7,54,19,0,0.4699346405228758,2.6993464052287583,6,2
c10_s05_cov050_seed00000190_bw025,c10_s05_cov050_seed00000190,flip,fast_gate,10,5,measured,0.5,0.25,,190,X,Y,5,6,6,6,0.7692307692307693,2,"C00,W",0.0,0,0,,1,3,True,4,ok,e1_ladder,mpdag_criterion,True,"Conjecture 2 (hence Anti-Exchange Case B, verified not proved)","(('C00', 'Y'), ('C01', 'C00'), ('C02', 'C09'), ('W', 'Y'), ('X', 'Y'))",0.004439082999851962,0.04377483400003257,0.04821391699988453,,10,28,10,0,0.7,3.0,5,1
c10_s05_cov050_seed00000198_bw025,c10_s05_cov050_seed00000198,flip,fast_gate,10,5,measured,0.5,0.25,,198,X,Y,5,3,9,9,0.7692307692307693,2,"C00,W",0.0,0,0,,1,3,True,4,ok,e1_ladder,mpdag_criterion,True,"Conjecture 2 (hence Anti-Exchange Case B, verified not proved)","(('C00', 'C08'), ('C00', 'Y'), ('C01', 'C00'), ('C02', 'C06'), ('C04', 'C07'), ('W', 'Y'), ('X', 'C09'), ('X', 'Y'))",0.03393499999992855,0.039574082999934035,0.07350908299986258,,12,53,12,0,0.7,3.0,5,1
c10_s05_cov050_seed00000201_bw025,c10_s05_cov050_seed00000201,flip,fast_gate,10,5,measured,0.5,0.25,,201,X,Y,4,4,9,9,0.75,2,"C00,W",0.0,0,0,3,0,3,True,3,ok,local_up_fast,mpdag_criterion,True,"Conjecture 2 (hence Anti-Exchange Case B, verified not proved)",C00->Y C01->C00 C01->C06 C02->C01 C06->C07 C06->C08 W->Y X->C09 X->Y C02-C03 C03-C04 C04-X,0.0028830830001425056,0.0,0.0028830830001425056,,4,32,8,0,0.6,2.0,4,1
c10_s05_cov050_seed00000225_bw025,c10_s05_cov050_seed00000225,flip,fast_gate,10,5,measured,0.5,0.25,,225,X,Y,4,5,8,8,0.75,2,"C00,W",0.0,0,0,3,0,3,True,3,ok,local_up_fast,mpdag_criterion,True,"Conjecture 2 (hence Anti-Exchange Case B, verified not proved)",C00->C08 C00->Y C01->C00 C02->C01 C04->C07 W->Y X->C06 X->Y C02-C03 C02-C09 C03-C04 C04-X,0.0029769170000690792,0.0,0.0029769170000690792,,4,28,7,0,0.6,2.0,4,1
c10_s05_cov050_seed00000228_bw025,c10_s05_cov050_seed00000228,flip,fast_gate,10,5,measured,0.5,0.25,,228,X,Y,4,6,7,7,0.75,2,"C00,W",0.0,0,0,3,0,3,True,3,ok,local_up_fast,mpdag_criterion,True,"Conjecture 2 (hence Anti-Exchange Case B, verified not proved)",C00->Y C01->C00 C02->C01 C03->C06 C04->C07 W->Y X->Y C02-C03 C02-C08 C02-C09 C03-C04 C04-X,0.0021949580000182323,0.0,0.0021949580000182323,,5,29,10,0,0.6,2.0,4,1
c10_s05_cov050_seed00000229_bw025,c10_s05_cov050_seed00000229,flip,fast_gate,10,5,measured,0.5,0.25,,229,X,Y,5,3,9,9,0.7692307692307693,2,"C00,W",0.0,0,0,,1,3,True,4,ok,e1_ladder,mpdag_criterion,True,"Conjecture 2 (hence Anti-Exchange Case B, verified not proved)","(('C00', 'Y'), ('C01', 'C00'), ('C02', 'C09'), ('C03', 'C06'), ('C03', 'C07'), ('C03', 'C08'), ('W', 'Y'), ('X', 'Y'))",0.0030545409999831463,0.046379458000046725,0.04943399900002987,,13,46,13,0,0.7,3.0,5,1
c10_s05_cov050_seed00000234_bw025,c10_s05_cov050_seed00000234,flip,fast_gate,10,5,measured,0.5,0.25,,234,X,Y,5,3,9,9,0.7692307692307693,2,"C00,W",0.0,0,0,,1,3,True,4,ok,e1_ladder,mpdag_criterion,True,"Conjecture 2 (hence Anti-Exchange Case B, verified not proved)","(('C00', 'Y'), ('C01', 'C00'), ('C02', 'C06'), ('C02', 'C09'), ('C04', 'C07'), ('C07', 'C08'), ('W', 'Y'), ('X', 'Y'))",0.003598042000021451,0.044444166999937806,0.04804220899995926,,14,53,14,0,0.7,3.0,5,1
c10_s05_cov050_seed00000237_bw025,c10_s05_cov050_seed00000237,flip,fast_gate,10,5,measured,0.5,0.25,,237,X,Y,6,6,9,9,0.7857142857142857,2,"C00,W",0.0,0,0,3,0,3,True,3,ok,local_up_fast,mpdag_criterion,True,"Conjecture 2 (hence Anti-Exchange Case B, verified not proved)",C00->Y C01->C00 C01->C08 C02->C01 C03->C06 C03->C09 C06->C07 W->Y X->Y C02-C03 C03-C04 C04-C06 C04-X C06-C09,0.0034543330000360584,0.0,0.0034543330000360584,,6,46,16,0,0.4,2.0,6,3
c10_s05_cov050_seed00000255_bw025,c10_s05_cov050_seed00000255,flip,fast_gate,10,5,measured,0.5,0.25,,255,X,Y,4,4,9,9,0.75,2,"C00,W",0.0,0,0,3,0,3,True,3,ok,local_up_fast,mpdag_criterion,True,"Conjecture 2 (hence Anti-Exchange Case B, verified not proved)",C00->Y C01->C00 C01->C06 C02->C01 C06->C08 W->Y X->C07 X->C09 X->Y C02-C03 C03-C04 C04-X,0.0015505000001212466,0.0,0.0015505000001212466,,4,32,8,0,0.6,2.0,4,1
c10_s05_cov100_seed00000000_bw000,c10_s05_cov100_seed00000000,flip,fast_gate,10,5,measured,1.0,0.0,,0,X,Y,11,0,11,11,0.7857142857142857,2,"C00,W",0.0,0,0,,1,3,True,5,ok,e1_ladder,mpdag_criterion,True,"Conjecture 2 (hence Anti-Exchange Case B, verified not proved)","(('C00', 'C08'), ('C00', 'Y'), ('C03', 'C07'), ('C04', 'C06'), ('C04', 'C07'), ('W', 'Y'), ('X', 'C06'), ('X', 'C09'), ('X', 'Y'))",0.0058852080001088325,0.05567070799997964,0.06155591600008847,,20,114,20,0,0.5028571428571429,5.66015037593985,11,3
c10_s05_cov100_seed00000001_bw000,c10_s05_cov100_seed00000001,flip,fast_gate,10,5,measured,1.0,0.0,,1,X,Y,10,0,10,10,0.7692307692307693,2,"C00,W",0.0,0,0,,1,3,True,5,ok,e1_ladder,mpdag_criterion,True,"Conjecture 2 (hence Anti-Exchange Case B, verified not proved)","(('C00', 'Y'), ('C02', 'C06'), ('C03', 'C07'), ('C04', 'C07'), ('C07', 'C08'), ('C07', 'C09'), ('W', 'Y'), ('X', 'Y'))",0.003773832999968363,0.05136441700005889,0.055138250000027256,,8,44,8,0,0.9349206349206348,6.349206349206349,10,3
c10_s05_cov100_seed00000002_bw000,c10_s05_cov100_seed00000002,flip,fast_gate,10,5,measured,1.0,0.0,,2,X,Y,10,0,10,10,0.7692307692307693,2,"C00,W",0.0,0,0,,1,3,True,5,ok,e1_ladder,mpdag_criterion,True,"Conjecture 2 (hence Anti-Exchange Case B, verified not proved)","(('C00', 'C09'), ('C00', 'Y'), ('C01', 'C07'), ('C03', 'C08'), ('C04', 'C06'), ('W', 'Y'), ('X', 'C06'), ('X', 'Y'))",0.004678458000171304,0.07626075000007404,0.08093920800024534,,16,77,16,0,0.525,5.25,10,3
c10_s05_cov100_seed00000003_bw000,c10_s05_cov100_seed00000003,flip,fast_gate,10,5,measured,1.0,0.0,,3,X,Y,11,0,11,11,0.7857142857142857,2,"C00,W",0.0,0,0,,1,3,True,5,ok,e1_ladder,mpdag_criterion,True,"Conjecture 2 (hence Anti-Exchange Case B, verified not proved)","(('C00', 'Y'), ('C01', 'C07'), ('C03', 'C06'), ('C03', 'C08'), ('C03', 'C09'), ('C04', 'C06'), ('C06', 'C08'), ('W', 'Y'), ('X', 'Y'))",0.003574332999960461,0.05186329200000728,0.05543762499996774,,12,67,12,0,1.0,7.0,11,4
c10_s05_cov100_seed00000004_bw000,c10_s05_cov100_seed00000004,flip,fast_gate,10,5,measured,1.0,0.0,,4,X,Y,9,0,9,9,0.75,2,"C00,W",0.0,0,0,,1,3,True,5,ok,e1_ladder,mpdag_criterion,True,"Conjecture 2 (hence Anti-Exchange Case B, verified not proved)","(('C00', 'C09'), ('C00', 'Y'), ('C04', 'C06'), ('C06', 'C07'), ('C07', 'C08'), ('W', 'Y'), ('X', 'Y'))",0.001717708999876777,0.04367708299992046,0.045394791999797235,,7,39,7,0,0.9555555555555555,6.555555555555555,9,2
c10_s05_cov100_seed00000005_bw000,c10_s05_cov100_seed00000005,flip,fast_gate,10,5,measured,1.0,0.0,,5,X,Y,10,0,10,10,0.7692307692307693,2,"C00,W",0.0,0,0,,1,3,True,5,ok,e1_ladder,mpdag_criterion,True,"Conjecture 2 (hence Anti-Exchange Case B, verified not proved)","(('C00', 'Y'), ('C02', 'C09'), ('C04', 'C06'), ('C04', 'C08'), ('W', 'Y'), ('X', 'C07'), ('X', 'C08'), ('X', 'Y'))",0.0026940420000300946,0.04443608299993684,0.04713012499996694,,8,44,8,0,0.5205357142857143,5.205357142857143,10,3
c10_s05_cov100_seed00000006_bw000,c10_s05_cov100_seed00000006,flip,fast_gate,10,5,measured,1.0,0.0,,6,X,Y,9,0,9,9,0.75,2,"C00,W",0.0,0,0,,1,3,True,5,ok,e1_ladder,mpdag_criterion,True,"Conjecture 2 (hence Anti-Exchange Case B, verified not proved)","(('C00', 'Y'), ('C02', 'C06'), ('C03', 'C07'), ('C03', 'C09'), ('W', 'Y'), ('X', 'C08'), ('X', 'Y'))",0.001033584000197152,0.045321457999989434,0.046355042000186586,,5,24,5,0,0.5,4.0,9,3
c10_s05_cov100_seed00000007_bw000,c10_s05_cov100_seed00000007,flip,fast_gate,10,5,measured,1.0,0.0,,7,X,Y,9,0,9,9,0.75,2,"C00,W",0.0,0,0,,1,3,True,5,ok,e1_ladder,mpdag_criterion,True,"Conjecture 2 (hence Anti-Exchange Case B, verified not proved)","(('C00', 'Y'), ('C02', 'C09'), ('C04', 'C07'), ('C06', 'C08'), ('W', 'Y'), ('X', 'C06'), ('X', 'Y'))",0.001057499999888023,0.0397008749998804,0.04075837499976842,,5,24,5,0,0.5333333333333333,4.333333333333333,9,2
c10_s05_cov100_seed00000008_bw000,c10_s05_cov100_seed00000008,flip,fast_gate,10,5,measured,1.0,0.0,,8,X,Y,9,0,9,9,0.75,2,"C00,W",0.0,0,0,,1,3,True,5,ok,e1_ladder,mpdag_criterion,True,"Conjecture 2 (hence Anti-Exchange Case B, verified not proved)","(('C00', 'Y'), ('C02', 'C07'), ('C04', 'C06'), ('C07', 'C09'), ('W', 'Y'), ('X', 'C08'), ('X', 'Y'))",0.00192545799995969,0.04785525000011148,0.04978070800007117,,5,24,5,0,0.58,4.8,9,3
c10_s05_cov100_seed00000009_bw000,c10_s05_cov100_seed00000009,flip,fast_gate,10,5,measured,1.0,0.0,,9,X,Y,10,0,10,10,0.7692307692307693,2,"C00,W",0.0,0,0,,1,3,True,5,ok,e1_ladder,mpdag_criterion,True,"Conjecture 2 (hence Anti-Exchange Case B, verified not proved)","(('C00', 'C07'), ('C00', 'Y'), ('C02', 'C06'), ('C03', 'C06'), ('C04', 'C08'), ('C08', 'C09'), ('W', 'Y'), ('X', 'Y'))",0.003316249999897991,0.04898254199997609,0.052298791999874084,,12,69,12,0,0.9282051282051282,6.282051282051283,10,3
c10_s05_cov100_seed00000010_bw000,c10_s05_cov100_seed00000010,flip,fast_gate,10,5,measured,1.0,0.0,,10,X,Y,12,0,12,12,0.8,2,"C00,W",0.0,0,0,,1,3,True,5,ok,e1_ladder,mpdag_criterion,True,"Conjecture 2 (hence Anti-Exchange Case B, verified not proved)","(('C00', 'Y'), ('C03', 'C09'), ('C04', 'C06'), ('C06', 'C07'), ('C06', 'C08'), ('W', 'Y'), ('X', 'C06'), ('X', 'C07'), ('X', 'C08'), ('X', 'Y'))",0.0027911249999306165,0.04551495900000191,0.048306083999932525,,7,54,7,0,0.4666666666666666,5.666666666666667,12,3
c10_s05_cov100_seed00000011_bw000,c10_s05_cov100_seed00000011,flip,fast_gate,10,5,measured,1.0,0.0,,11,X,Y,10,0,10,10,0.7692307692307693,2,"C00,W",0.0,0,0,,1,3,True,5,ok,e1_ladder,mpdag_criterion,True,"Conjecture 2 (hence Anti-Exchange Case B, verified not proved)","(('C00', 'C06'), ('C00', 'C07'), ('C00', 'C09'), ('C00', 'Y'), ('C04', 'C08'), ('W', 'Y'), ('X', 'C08'), ('X', 'Y'))",0.01141420800013293,0.05415120799989381,0.06556541600002674,,32,143,32,0,0.49000000000000005,4.9,10,3
c10_s05_cov100_seed00000012_bw000,c10_s05_cov100_seed00000012,flip,fast_gate,10,5,measured,1.0,0.0,,12,X,Y,10,0,10,10,0.7692307692307693,2,"C00,W",0.0,0,0,,1,3,True,5,ok,e1_ladder,mpdag_criterion,True,"Conjecture 2 (hence Anti-Exchange Case B, verified not proved)","(('C00', 'C07'), ('C00', 'Y'), ('C01', 'C07'), ('C01', 'C08'), ('C03', 'C06'), ('C04', 'C09'), ('W', 'Y'), ('X', 'Y'))",0.0033065000000078726,0.05769679099989844,0.06100329099990631,,15,68,15,0,0.6791666666666667,5.291666666666667,10,4
c10_s05_cov100_seed00000013_bw000,c10_s05_cov100_seed00000013,flip,fast_gate,10,5,measured,1.0,0.0,,13,X,Y,10,0,10,10,0.7692307692307693,2,"C00,W",0.0,0,0,,1,3,True,5,ok,e1_ladder,mpdag_criterion,True,"Conjecture 2 (hence Anti-Exchange Case B, verified not proved)","(('C00', 'Y'), ('C02', 'C09'), ('C06', 'C07'), ('C06', 'C08'), ('C07', 'C08'), ('W', 'Y'), ('X', 'C06'), ('X', 'Y'))",0.0038512920000357553,0.04208375000007436,0.045935042000110116,,8,44,8,0,0.43636363636363634,4.363636363636363,10,1
c10_s05_cov100_seed00000014_bw000,c10_s05_cov100_seed00000014,flip,fast_gate,10,5,measured,1.0,0.0,,14,X,Y,9,0,9,9,0.75,2,"C00,W",0.0,0,0,,1,3,True,5,ok,e1_ladder,mpdag_criterion,True,"Conjecture 2 (hence Anti-Exchange Case B, verified not proved)","(('C00', 'C06'), ('C00', 'Y'), ('C02', 'C08'), ('C07', 'C09'), ('W', 'Y'), ('X', 'C07'), ('X', 'Y'))",0.0018600840000999597,0.03896966699994664,0.0408297510000466,,8,39,8,0,0.5,4.0,9,2
c10_s05_cov100_seed00000015_bw000,c10_s05_cov100_seed00000015,flip,fast_gate,10,5,measured,1.0,0.0,,15,X,Y,10,0,10,10,0.7692307692307693,2,"C00,W",0.0,0,0,,1,3,True,5,ok,e1_ladder,mpdag_criterion,True,"Conjecture 2 (hence Anti-Exchange Case B, verified not proved)","(('C00', 'C09'), ('C00', 'Y'), ('C01', 'C08'), ('C01', 'C09'), ('C04', 'C07'), ('W', 'Y'), ('X', 'C06'), ('X', 'Y'))",0.003504834000068513,0.05493595899997672,0.05844079300004523,,15,68,15,0,0.4838095238095238,4.838095238095238,10,3
c10_s05_cov100_seed00000016_bw000,c10_s05_cov100_seed00000016,flip,fast_gate,10,5,measured,1.0,0.0,,16,X,Y,10,0,10,10,0.7692307692307693,2,"C00,W",0.0,0,0,,1,3,True,5,ok,e1_ladder,mpdag_criterion,True,"Conjecture 2 (hence Anti-Exchange Case B, verified not proved)","(('C00', 'Y'), ('C02', 'C08'), ('C03', 'C06'), ('C03', 'C07'), ('C04', 'C07'), ('C04', 'C09'), ('W', 'Y'), ('X', 'Y'))",0.002209125000035783,0.04928470799995921,0.05149383299999499,,8,44,8,0,0.697953216374269,5.084795321637427,10,4
c10_s05_cov100_seed00000017_bw000,c10_s05_cov100_seed00000017,flip,fast_gate,10,5,measured,1.0,0.0,,17,X,Y,11,0,11,11,0.7857142857142857,2,"C00,W",0.0,0,0,,1,3,True,5,ok,e1_ladder,mpdag_criterion,True,"Conjecture 2 (hence Anti-Exchange Case B, verified not proved)","(('C00', 'Y'), ('C03', 'C07'), ('C03', 'C09'), ('C04', 'C06'), ('C04', 'C08'), ('W', 'Y'), ('X', 'C06'), ('X', 'C08'), ('X', 'Y'))",0.004119542000125875,0.05283666699983769,0.056956208999963565,,12,77,12,0,0.4809523809523809,5.0095238095238095,11,4
c10_s05_cov100_seed00000018_bw000,c10_s05_cov100_seed00000018,flip,fast_gate,10,5,measured,1.0,0.0,,18,X,Y,10,0,10,10,0.7692307692307693,2,"C00,W",0.0,0,0,,1,3,True,5,ok,e1_ladder,mpdag_criterion,True,"Conjecture 2 (hence Anti-Exchange Case B, verified not proved)","(('C00', 'C08'), ('C00', 'Y'), ('C01', 'C07'), ('C02', 'C07'), ('C06', 'C09'), ('W', 'Y'), ('X', 'C06'), ('X', 'Y'))",0.0034670839997943403,0.04855570900008388,0.05202279299987822,,14,69,14,0,0.45714285714285713,4.571428571428571,10,2
c10_s05_cov100_seed00000019_bw000,c10_s05_cov100_seed00000019,flip,fast_gate,10,5,measured,1.0,0.0,,19,X,Y,10,0,10,10,0.7692307692307693,2,"C00,W",0.0,0,0,,1,3,True,5,ok,e1_ladder,mpdag_criterion,True,"Conjecture 2 (hence Anti-Exchange Case B, verified not proved)","(('C00', 'C08'), ('C00', 'C09'), ('C00', 'Y'), ('C02', 'C07'), ('C03', 'C06'), ('C03', 'C07'), ('W', 'Y'), ('X', 'Y'))",0.005353666000019075,0.05356879199985087,0.05892245799986995,,20,102,20,0,0.47368421052631576,4.7368421052631575,10,4
c10_s05_cov100_seed00000020_bw000,c10_s05_cov100_seed00000020,flip,fast_gate,10,5,measured,1.0,0.0,,20,X,Y,11,0,11,11,0.7857142857142857,2,"C00,W",0.0,0,0,,1,3,True,5,ok,e1_ladder,mpdag_criterion,True,"Conjecture 2 (hence Anti-Exchange Case B, verified not proved)","(('C00', 'C07'), ('C00', 'Y'), ('C01', 'C07'), ('C02', 'C09'), ('C03', 'C09'), ('C04', 'C08'), ('W', 'Y'), ('X', 'C06'), ('X', 'Y'))",0.0063123749998794665,0.07372762500017416,0.08004000000005362,,18,95,18,0,0.5129807692307693,5.663141025641026,11,3
c10_s05_cov100_seed00000021_bw000,c10_s05_cov100_seed00000021,flip,fast_gate,10,5,measured,1.0,0.0,,21,X,Y,9,0,9,9,0.75,2,"C00,W",0.0,0,0,,1,3,True,5,ok,e1_ladder,mpdag_criterion,True,"Conjecture 2 (hence Anti-Exchange Case B, verified not proved)","(('C00', 'C09'), ('C00', 'Y'), ('C01', 'C06'), ('C02', 'C08'), ('W', 'Y'), ('X', 'C07'), ('X', 'Y'))",0.002401083999984621,0.041877790999933495,0.044278874999918116,,11,46,11,0,0.5,4.0,9,3
c10_s05_cov100_seed00000022_bw000,c10_s05_cov100_seed00000022,flip,fast_gate,10,5,measured,1.0,0.0,,22,X,Y,10,0,10,10,0.7692307692307693,2,"C00,W",0.0,0,0,,1,3,True,5,ok,e1_ladder,mpdag_criterion,True,"Conjecture 2 (hence Anti-Exchange Case B, verified not proved)","(('C00', 'C08'), ('C00', 'Y'), ('C01', 'C09'), ('C03', 'C06'), ('C04', 'C06'), ('C06', 'C07'), ('W', 'Y'), ('X', 'Y'))",0.0038173750001533335,0.053108750000092186,0.05692612500024552,,16,77,16,0,0.9477272727272726,6.4772727272727275,10,3
c10_s05_cov100_seed00000023_bw000,c10_s05_cov100_seed00000023,flip,fast_gate,10,5,measured,1.0,0.0,,23,X,Y,11,0,11,11,0.7857142857142857,2,"C00,W",0.0,0,0,,1,3,True,5,ok,e1_ladder,mpdag_criterion,True,"Conjecture 2 (hence Anti-Exchange Case B, verified not proved)","(('C00', 'C06'), ('C00', 'C08'), ('C00', 'Y'), ('C04', 'C07'), ('C07', 'C09'), ('W', 'Y'), ('X', 'C07'), ('X', 'C09'), ('X', 'Y'))",0.009608957999944323,0.042596750000029715,0.05220570799997404,,20,114,20,0,0.5,5.5,11,2
c10_s05_cov100_seed00000024_bw000,c10_s05_cov100_seed00000024,flip,fast_gate,10,5,measured,1.0,0.0,,24,X,Y,9,0,9,9,0.75,2,"C00,W",0.0,0,0,,1,3,True,5,ok,e1_ladder,mpdag_criterion,True,"Conjecture 2 (hence Anti-Exchange Case B, verified not proved)","(('C00', 'Y'), ('C01', 'C08'), ('C02', 'C06'), ('C02', 'C07'), ('C04', 'C09'), ('W', 'Y'), ('X', 'Y'))",0.0016222920000927843,0.04426858300007552,0.04589087500016831,,8,31,8,0,0.7777777777777777,4.555555555555555,9,4
c10_s05_cov100_seed00000025_bw000,c10_s05_cov100_seed00000025,flip,fast_gate,10,5,measured,1.0,0.0,,25,X,Y,11,0,11,11,0.7857142857142857,2,"C00,W",0.0,0,0,,1,3,True,5,ok,e1_ladder,mpdag_criterion,True,"Conjecture 2 (hence Anti-Exchange Case B, verified not proved)","(('C00', 'Y'), ('C01', 'C07'), ('C01', 'C08'), ('C01', 'C09'), ('C02', 'C06'), ('C02', 'C08'), ('C03', 'C06'), ('W', 'Y'), ('X', 'Y'))",0.006505416999971203,0.058441458000061175,0.06494687500003238,,23,95,23,0,0.48461538461538456,5.512820512820513,11,4
c10_s05_cov100_seed00000026_bw000,c10_s05_cov100_seed00000026,flip,fast_gate,10,5,measured,1.0,0.0,,26,X,Y,11,0,11,11,0.7857142857142857,2,"C00,W",0.0,0,0,,1,3,True,5,ok,e1_ladder,mpdag_criterion,True,"Conjecture 2 (hence Anti-Exchange Case B, verified not proved)","(('C00', 'Y'), ('C02', 'C07'), ('C03', 'C07'), ('C04', 'C06'), ('C04', 'C09'), ('W', 'Y'), ('X', 'C06'), ('X', 'C08'), ('X', 'Y'))",0.00403337499983536,0.053229541999826324,0.057262916999661684,,12,77,12,0,0.54375,6.104166666666667,11,3
c10_s05_cov100_seed00000027_bw000,c10_s05_cov100_seed00000027,flip,fast_gate,10,5,measured,1.0,0.0,,27,X,Y,11,0,11,11,0.7857142857142857,2,"C00,W",0.0,0,0,,1,3,True,5,ok,e1_ladder,mpdag_criterion,True,"Conjecture 2 (hence Anti-Exchange Case B, verified not proved)","(('C00', 'C06'), ('C00', 'Y'), ('C01', 'C09'), ('C02', 'C08'), ('C02', 'C09'), ('C04', 'C07'), ('W', 'Y'), ('X', 'C07'), ('X', 'Y'))",0.005819332999863036,0.051722165999990466,0.0575414989998535,,23,114,23,0,0.5035714285714286,5.285714285714286,11,3
c10_s05_cov100_seed00000028_bw000,c10_s05_cov100_seed00000028,flip,fast_gate,10,5,measured,1.0,0.0,,28,X,Y,10,0,10,10,0.7692307692307693,2,"C00,W",0.0,0,0,,1,3,True,5,ok,e1_ladder,mpdag_criterion,True,"Conjecture 2 (hence Anti-Exchange Case B, verified not proved)","(('C00', 'C09'), ('C00', 'Y'), ('C03', 'C06'), ('C03', 'C08'), ('C06', 'C08'), ('W', 'Y'), ('X', 'C07'), ('X', 'Y'))",0.0033266660000208503,0.048263292000001456,0.05158995800002231,,12,69,12,0,0.5185714285714286,5.185714285714286,10,3
c10_s05_cov100_seed00000029_bw000,c10_s05_cov100_seed00000029,flip,fast_gate,10,5,measured,1.0,0.0,,29,X,Y,10,0,10,10,0.7692307692307693,2,"C00,W",0.0,0,0,,1,3,True,5,ok,e1_ladder,mpdag_criterion,True,"Conjecture 2 (hence Anti-Exchange Case B, verified not proved)","(('C00', 'C07'), ('C00', 'Y'), ('C04', 'C08'), ('C08', 'C09'), ('W', 'Y'), ('X', 'C06'), ('X', 'C08'), ('X', 'Y'))",0.0034980840000571334,0.049835833000088314,0.05333391700014545,,12,69,12,0,0.4715151515151515,4.715151515151515,10,2
c10_s05_cov100_seed00000030_bw000,c10_s05_cov100_seed00000030,flip,fast_gate,10,5,measured,1.0,0.0,,30,X,Y,10,0,10,10,0.7692307692307693,2,"C00,W",0.0,0,0,,1,3,True,5,ok,e1_ladder,mpdag_criterion,True,"Conjecture 2 (hence Anti-Exchange Case B, verified not proved)","(('C00', 'C06'), ('C00', 'Y'), ('C01', 'C07'), ('C01', 'C09'), ('C02', 'C07'), ('C04', 'C08'), ('W', 'Y'), ('X', 'Y'))",0.0037682920001316234,0.050241417000052024,0.05400970900018365,,18,77,18,0,0.6750000000000002,5.083333333333334,10,4
c10_s05_cov100_seed00000031_bw000,c10_s05_cov100_seed00000031,flip,fast_gate,10,5,measured,1.0,0.0,,31,X,Y,11,0,11,11,0.7857142857142857,2,"C00,W",0.0,0,0,,1,3,True,5,ok,e1_ladder,mpdag_criterion,True,"Conjecture 2 (hence Anti-Exchange Case B, verified not proved)","(('C00', 'Y'), ('C03', 'C06'), ('C03', 'C09'), ('C04', 'C06'), ('C04', 'C07'), ('C06', 'C09'), ('W', 'Y'), ('X', 'C08'), ('X', 'Y'))",0.002967707999914637,0.062297457999875405,0.06526516599979004,,9,58,9,0,0.6113636363636362,5.622727272727272,11,4
c10_s05_cov100_seed00000032_bw000,c10_s05_cov100_seed00000032,flip,fast_gate,10,5,measured,1.0,0.0,,32,X,Y,9,0,9,9,0.75,2,"C00,W",0.0,0,0,,1,3,True,5,ok,e1_ladder,mpdag_criterion,True,"Conjecture 2 (hence Anti-Exchange Case B, verified not proved)","(('C00', 'Y'), ('C01', 'C07'), ('C02', 'C08'), ('C02', 'C09'), ('W', 'Y'), ('X', 'C06'), ('X', 'Y'))",0.0015807090001089819,0.055918042000030255,0.05749875100013924,,8,31,8,0,0.5,4.0,9,3
c10_s05_cov100_seed00000033_bw000,c10_s05_cov100_seed00000033,flip,fast_gate,10,5,measured,1.0,0.0,,33,X,Y,9,0,9,9,0.75,2,"C00,W",0.0,0,0,,1,3,True,5,ok,e1_ladder,mpdag_criterion,True,"Conjecture 2 (hence Anti-Exchange Case B, verified not proved)","(('C00', 'Y'), ('C02', 'C08'), ('C02', 'C09'), ('C03', 'C07'), ('W', 'Y'), ('X', 'C06'), ('X', 'Y'))",0.0010767499998109997,0.04550404199994773,0.04658079199975873,,6,24,6,0,0.5,4.0,9,3
c10_s05_cov100_seed00000034_bw000,c10_s05_cov100_seed00000034,flip,fast_gate,10,5,measured,1.0,0.0,,34,X,Y,10,0,10,10,0.7692307692307693,2,"C00,W",0.0,0,0,,1,3,True,5,ok,e1_ladder,mpdag_criterion,True,"Conjecture 2 (hence Anti-Exchange Case B, verified not proved)","(('C00', 'C06'), ('C00', 'C07'), ('C00', 'Y'), ('C01', 'C07'), ('C02', 'C09'), ('W', 'Y'), ('X', 'C08'), ('X', 'Y'))",0.004215166999983921,0.07115358300006847,0.07536875000005239,,19,85,19,0,0.4,4.0,10,3
c10_s05_cov100_seed00000035_bw000,c10_s05_cov100_seed00000035,flip,fast_gate,10,5,measured,1.0,0.0,,35,X,Y,10,0,10,10,0.7692307692307693,2,"C00,W",0.0,0,0,,1,3,True,5,ok,e1_ladder,mpdag_criterion,True,"Conjecture 2 (hence Anti-Exchange Case B, verified not proved)","(('C00', 'C06'), ('C00', 'Y'), ('C01', 'C08'), ('C02', 'C07'), ('C02', 'C08'), ('C04', 'C09'), ('W', 'Y'), ('X', 'Y'))",0.004624082999953316,0.05348020800011,0.05810429100006331,,15,69,15,0,0.622222222222222,4.888888888888888,10,4
c10_s05_cov100_seed00000036_bw000,c10_s05_cov100_seed00000036,flip,fast_gate,10,5,measured,1.0,0.0,,36,X,Y,9,0,9,9,0.75,2,"C00,W",0.0,0,0,,1,3,True,5,ok,e1_ladder,mpdag_criterion,True,"Conjecture 2 (hence Anti-Exchange Case B, verified not proved)","(('C00', 'Y'), ('C01', 'C07'), ('C02', 'C06'), ('C03', 'C09'), ('C07', 'C08'), ('W', 'Y'), ('X', 'Y'))",0.001624708000008468,0.04473945799986723,0.046364165999875695,,8,31,8,0,0.5,4.0,9,4
c10_s05_cov100_seed00000037_bw000,c10_s05_cov100_seed00000037,flip,fast_gate,10,5,measured,1.0,0.0,,37,X,Y,10,0,10,10,0.7692307692307693,2,"C00,W",0.0,0,0,,1,3,True,5,ok,e1_ladder,mpdag_criterion,True,"Conjecture 2 (hence Anti-Exchange Case B, verified not proved)","(('C00', 'C06'), ('C00', 'Y'), ('C04', 'C07'), ('C07', 'C09'), ('W', 'Y'), ('X', 'C07'), ('X', 'C08'), ('X', 'Y'))",0.005504624999957741,0.044541083000012804,0.050045707999970546,,12,69,12,0,0.4901960784313726,4.901960784313726,10,2
c10_s05_cov100_seed00000038_bw000,c10_s05_cov100_seed00000038,flip,fast_gate,10,5,measured,1.0,0.0,,38,X,Y,10,0,10,10,0.7692307692307693,2,"C00,W",0.0,0,0,,1,3,True,5,ok,e1_ladder,mpdag_criterion,True,"Conjecture 2 (hence Anti-Exchange Case B, verified not proved)","(('C00', 'C06'), ('C00', 'Y'), ('C01', 'C06'), ('C01', 'C09'), ('C02', 'C07'), ('W', 'Y'), ('X', 'C08'), ('X', 'Y'))",0.0035069999998995627,0.05599491700013459,0.059501917000034155,,16,68,16,0,0.4666666666666667,4.666666666666667,10,3
c10_s05_cov100_seed00000039_bw000,c10_s05_cov100_seed00000039,flip,fast_gate,10,5,measured,1.0,0.0,,39,X,Y,11,0,11,11,0.7857142857142857,2,"C00,W",0.0,0,0,,1,3,True,5,ok,e1_ladder,mpdag_criterion,True,"Conjecture 2 (hence Anti-Exchange Case B, verified not proved)","(('C00', 'Y'), ('C02', 'C07'), ('C02', 'C08'), ('C03', 'C07'), ('C03', 'C09'), ('C07', 'C09'), ('W', 'Y'), ('X', 'C06'), ('X', 'Y'))",0.0024561249999806023,0.05969745899983536,0.062153583999815964,,8,49,8,0,0.4766666666666667,5.3820512820512825,11,3
c10_s05_cov100_seed00000002_bw010,c10_s05_cov100_seed00000002,flip,fast_gate,10,5,measured,1.0,0.1,,2,X,Y,10,2,10,10,0.7692307692307693,2,"C00,W",0.0,0,0,,1,3,True,6,ok,e1_ladder,mpdag_criterion,True,"Conjecture 2 (hence Anti-Exchange Case B, verified not proved)","(('C00', 'C09'), ('C00', 'Y'), ('C01', 'C07'), ('C03', 'C08'), ('C04', 'C06'), ('W', 'Y'), ('X', 'Y'))",0.0043338330001461145,0.05201725000006263,0.056351083000208746,,16,77,16,0,0.5,5.0,10,3
c10_s05_cov100_seed00000006_bw010,c10_s05_cov100_seed00000006,flip,fast_gate,10,5,measured,1.0,0.1,,6,X,Y,9,2,9,9,0.75,2,"C00,W",0.0,0,0,,1,3,True,4,ok,e1_ladder,mpdag_criterion,True,"Conjecture 2 (hence Anti-Exchange Case B, verified not proved)","(('C00', 'Y'), ('C01', 'C00'), ('C02', 'C06'), ('C03', 'C07'), ('C03', 'C09'), ('W', 'Y'), ('X', 'C08'), ('X', 'Y'))",0.004111040999987381,0.04015891600010946,0.04426995700009684,,12,46,12,0,0.3,3.0,9,4
c10_s05_cov100_seed00000009_bw010,c10_s05_cov100_seed00000009,flip,fast_gate,10,5,measured,1.0,0.1,,9,X,Y,10,2,10,10,0.7692307692307693,2,"C00,W",0.0,0,0,,1,3,True,4,ok,e1_ladder,mpdag_criterion,True,"Conjecture 2 (hence Anti-Exchange Case B, verified not proved)","(('C00', 'C07'), ('C00', 'Y'), ('C01', 'C00'), ('C02', 'C06'), ('C03', 'C06'), ('C04', 'C08'), ('C08', 'C09'), ('W', 'Y'), ('X', 'Y'))",0.0037208749999990687,0.04390412499992635,0.04762499999992542,,17,77,17,0,0.9393162393162393,5.3931623931623935,10,4
c10_s05_cov100_seed00000018_bw010,c10_s05_cov100_seed00000018,flip,fast_gate,10,5,measured,1.0,0.1,,18,X,Y,10,2,10,10,0.7692307692307693,2,"C00,W",0.0,0,0,,1,3,True,4,ok,e1_ladder,mpdag_criterion,True,"Conjecture 2 (hence Anti-Exchange Case B, verified not proved)","(('C00', 'C08'), ('C00', 'Y'), ('C01', 'C00'), ('C01', 'C07'), ('C02', 'C07'), ('C06', 'C09'), ('W', 'Y'), ('X', 'C06'), ('X', 'Y'))",0.004754042000058689,0.04451000000017302,0.04926404200023171,,21,93,21,0,0.35,3.5,10,3
c10_s05_cov100_seed00000019_bw010,c10_s05_cov100_seed00000019,flip,fast_gate,10,5,measured,1.0,0.1,,19,X,Y,10,2,10,10,0.7692307692307693,2,"C00,W",0.0,0,0,,1,3,True,4,ok,e1_ladder,mpdag_criterion,True,"Conjecture 2 (hence Anti-Exchange Case B, verified not proved)","(('C00', 'C08'), ('C00', 'C09'), ('C00', 'Y'), ('C01', 'C00'), ('C02', 'C07'), ('C03', 'C06'), ('C03', 'C07'), ('W', 'Y'), ('X', 'Y'))",0.007306917000050817,0.048077166999974,0.055384084000024814,,22,85,22,0,0.3875,3.875,10,5
c10_s05_cov100_seed00000020_bw010,c10_s05_cov100_seed00000020,flip,fast_gate,10,5,measured,1.0,0.1,,20,X,Y,11,2,11,11,0.7857142857142857,2,"C00,W",0.0,0,0,,1,3,True,6,ok,e1_ladder,mpdag_criterion,True,"Conjecture 2 (hence Anti-Exchange Case B, verified not proved)","(('C00', 'C07'), ('C00', 'Y'), ('C01', 'C07'), ('C02', 'C09'), ('C04', 'C08'), ('W', 'Y'), ('X', 'C06'), ('X', 'Y'))",0.006856458999891402,0.11730720800005656,0.12416366699994796,,18,95,18,0,0.5808080808080808,6.608080808080808,11,2
c10_s05_cov100_seed00000023_bw010,c10_s05_cov100_seed00000023,flip,fast_gate,10,5,measured,1.0,0.1,,23,X,Y,11,2,11,11,0.7857142857142857,2,"C00,W",0.0,0,0,,1,3,True,4,ok,e1_ladder,mpdag_criterion,True,"Conjecture 2 (hence Anti-Exchange Case B, verified not proved)","(('C00', 'C06'), ('C00', 'C08'), ('C00', 'Y'), ('C01', 'C00'), ('C04', 'C07'), ('C07', 'C09'), ('W', 'Y'), ('X', 'C07'), ('X', 'C09'), ('X', 'Y'))",0.0057160000001204025,0.04610120899997128,0.05181720900009168,,19,95,19,0,0.42750000000000005,4.275,11,3
c10_s05_cov100_seed00000028_bw010,c10_s05_cov100_seed00000028,flip,fast_gate,10,5,measured,1.0,0.1,,28,X,Y,10,2,10,10,0.7692307692307693,2,"C00,W",0.0,0,0,,1,3,True,5,ok,e1_ladder,mpdag_criterion,True,"Conjecture 2 (hence Anti-Exchange Case B, verified not proved)","(('C00', 'C09'), ('C00', 'Y'), ('C03', 'C06'), ('C03', 'C08'), ('C08', 'C06'), ('W', 'Y'), ('X', 'C07'), ('X', 'Y'))",0.0033142499999030406,0.05547200000000885,0.05878624999991189,,12,69,12,0,0.519047619047619,5.19047619047619,10,3
c10_s05_cov100_seed00000034_bw010,c10_s05_cov100_seed00000034,flip,fast_gate,10,5,measured,1.0,0.1,,34,X,Y,10,2,10,10,0.7692307692307693,2,"C00,W",0.0,0,0,,1,3,True,6,ok,e1_ladder,mpdag_criterion,True,"Conjecture 2 (hence Anti-Exchange Case B, verified not proved)","(('C00', 'C06'), ('C00', 'C07'), ('C00', 'Y'), ('C02', 'C09'), ('W', 'Y'), ('X', 'C08'), ('X', 'Y'))",0.003894334000051458,0.09610170799987827,0.09999604199992973,,14,77,14,0,0.55,5.5,10,2
c10_s05_cov100_seed00000037_bw010,c10_s05_cov100_seed00000037,flip,fast_gate,10,5,measured,1.0,0.1,,37,X,Y,10,2,10,10,0.7692307692307693,2,"C00,W",0.0,0,0,,1,3,True,6,ok,e1_ladder,mpdag_criterion,True,"Conjecture 2 (hence Anti-Exchange Case B, verified not proved)","(('C00', 'Y'), ('C04', 'C07'), ('C07', 'C09'), ('W', 'Y'), ('X', 'C07'), ('X', 'C08'), ('X', 'Y'))",0.002113667000003261,0.05652500000019245,0.05863866700019571,,7,44,7,0,0.6111038961038961,6.111038961038962,10,1
c10_s05_cov100_seed00000039_bw010,c10_s05_cov100_seed00000039,flip,fast_gate,10,5,measured,1.0,0.1,,39,X,Y,11,2,11,11,0.7857142857142857,2,"C00,W",0.0,0,0,,1,3,True,4,ok,e1_ladder,mpdag_criterion,True,"Conjecture 2 (hence Anti-Exchange Case B, verified not proved)","(('C00', 'Y'), ('C01', 'C00'), ('C02', 'C07'), ('C02', 'C08'), ('C03', 'C07'), ('C03', 'C09'), ('C07', 'C09'), ('W', 'Y'), ('X', 'C06'), ('X', 'Y'))",0.004681375000018306,0.04906491699989601,0.05374629199991432,,18,86,18,0,0.4666666666666667,5.166666666666667,11,4
c10_s05_cov100_seed00000040_bw010,c10_s05_cov100_seed00000040,flip,fast_gate,10,5,measured,1.0,0.1,,40,X,Y,9,2,9,9,0.75,2,"C00,W",0.0,0,0,,1,3,True,6,ok,e1_ladder,mpdag_criterion,True,"Conjecture 2 (hence Anti-Exchange Case B, verified not proved)","(('C00', 'C09'), ('C00', 'Y'), ('C03', 'C06'), ('W', 'Y'), ('X', 'C07'), ('X', 'Y'))",0.0018329170000015438,0.05989437500011263,0.061727292000114176,,6,31,6,0,0.6,5.0,9,2
c10_s05_cov100_seed00000041_bw010,c10_s05_cov100_seed00000041,flip,fast_gate,10,5,measured,1.0,0.1,,41,X,Y,10,2,10,10,0.7692307692307693,2,"C00,W",0.0,0,0,,1,3,True,5,ok,e1_ladder,mpdag_criterion,True,"Conjecture 2 (hence Anti-Exchange Case B, verified not proved)","(('C00', 'Y'), ('C02', 'C08'), ('C03', 'C06'), ('C03', 'C07'), ('C07', 'C06'), ('C07', 'C09'), ('W', 'Y'), ('X', 'Y'))",0.0024367910000364645,0.04957487499996205,0.05201166599999851,,8,44,8,0,0.7342710997442454,5.225063938618925,10,4
c10_s05_cov100_seed00000043_bw010,c10_s05_cov100_seed00000043,flip,fast_gate,10,5,measured,1.0,0.1,,43,X,Y,10,2,10,10,0.7692307692307693,2,"C00,W",0.0,0,0,,1,3,True,4,ok,e1_ladder,mpdag_criterion,True,"Conjecture 2 (hence Anti-Exchange Case B, verified not proved)","(('C00', 'C08'), ('C00', 'Y'), ('C01', 'C00'), ('C03', 'C06'), ('C04', 'C06'), ('C04', 'C07'), ('C08', 'C09'), ('W', 'Y'), ('X', 'Y'))",0.004225958000006358,0.0509012499999244,0.05512720799993076,,16,77,16,0,0.8327922077922079,4.691558441558442,10,5
c10_s05_cov100_seed00000047_bw010,c10_s05_cov100_seed00000047,flip,fast_gate,10,5,measured,1.0,0.1,,47,X,Y,9,2,9,9,0.75,2,"C00,W",0.0,0,0,,1,3,True,6,ok,e1_ladder,mpdag_criterion,True,"Conjecture 2 (hence Anti-Exchange Case B, verified not proved)","(('C00', 'C06'), ('C00', 'C09'), ('C00', 'Y'), ('W', 'Y'), ('X', 'C07'), ('X', 'Y'))",0.001949459000115894,0.05921837500000038,0.06116783400011627,,9,38,9,0,0.6,5.0,9,2
c10_s05_cov100_seed00000049_bw010,c10_s05_cov100_seed00000049,flip,fast_gate,10,5,measured,1.0,0.1,,49,X,Y,10,2,10,10,0.7692307692307693,2,"C00,W",0.0,0,0,,1,3,True,4,ok,e1_ladder,mpdag_criterion,True,"Conjecture 2 (hence Anti-Exchange Case B, verified not proved)","(('C00', 'C06'), ('C00', 'Y'), ('C01', 'C00'), ('C02', 'C07'), ('C04', 'C08'), ('C04', 'C09'), ('W', 'Y'), ('X', 'C09'), ('X', 'Y'))",0.005372542000031899,0.04998604200000045,0.05535858400003235,,19,85,19,0,0.4245454545454546,4.245454545454546,10,4
c10_s05_cov100_seed00000063_bw010,c10_s05_cov100_seed00000063,flip,fast_gate,10,5,measured,1.0,0.1,,63,X,Y,11,2,11,11,0.7857142857142857,2,"C00,W",0.0,0,0,,1,3,True,6,ok,e1_ladder,mpdag_criterion,True,"Conjecture 2 (hence Anti-Exchange Case B, verified not proved)","(('C00', 'Y'), ('C01', 'C09'), ('C02', 'C06'), ('C03', 'C07'), ('C04', 'C08'), ('W', 'Y'), ('X', 'C08'), ('X', 'Y'))",0.004691874999934953,0.07877712499998779,0.08346899999992274,,17,86,17,0,0.5513157894736842,6.413157894736843,11,2
c10_s05_cov100_seed00000077_bw010,c10_s05_cov100_seed00000077,flip,fast_gate,10,5,measured,1.0,0.1,,77,X,Y,10,2,10,10,0.7692307692307693,2,"C00,W",0.0,0,0,,1,3,True,6,ok,e1_ladder,mpdag_criterion,True,"Conjecture 2 (hence Anti-Exchange Case B, verified not proved)","(('C00', 'C06'), ('C00', 'Y'), ('C03', 'C09'), ('C04', 'C07'), ('C06', 'C08'), ('W', 'Y'), ('X', 'Y'))",0.004307790999973804,0.050620624999965,0.05492841599993881,,15,77,15,0,0.5,5.0,10,3
c10_s05_cov100_seed00000080_bw010,c10_s05_cov100_seed00000080,flip,fast_gate,10,5,measured,1.0,0.1,,80,X,Y,11,2,11,11,0.7857142857142857,2,"C00,W",0.0,0,0,,1,3,True,4,ok,e1_ladder,mpdag_criterion,True,"Conjecture 2 (hence Anti-Exchange Case B, verified not proved)","(('C00', 'Y'), ('C01', 'C00'), ('C03', 'C09'), ('C04', 'C06'), ('C04', 'C07'), ('C04', 'C08'), ('W', 'Y'), ('X', 'C06'), ('X', 'C07'), ('X', 'Y'))",0.006533250000074986,0.04612062499995773,0.05265387500003271,,21,114,21,0,0.44841269841269843,4.484126984126984,11,5
c10_s05_cov100_seed00000087_bw010,c10_s05_cov100_seed00000087,flip,fast_gate,10,5,measured,1.0,0.1,,87,X,Y,10,2,10,10,0.7692307692307693,2,"C00,W",0.0,0,0,,1,3,True,4,ok,e1_ladder,mpdag_criterion,True,"Conjecture 2 (hence Anti-Exchange Case B, verified not proved)","(('C00', 'C09'), ('C00', 'Y'), ('C01', 'C00'), ('C03', 'C06'), ('C03', 'C07'), ('C03', 'C08'), ('C06', 'C07'), ('W', 'Y'), ('X', 'Y'))",0.004028625000046304,0.035565832999964186,0.03959445800001049,,17,77,17,0,0.7375939849624059,4.518796992481203,10,5
c10_s05_cov100_seed00000092_bw010,c10_s05_cov100_seed00000092,flip,fast_gate,10,5,measured,1.0,0.1,,92,X,Y,12,2,12,12,0.8,2,"C00,W",0.0,0,0,,1,3,True,5,ok,e1_ladder,mpdag_criterion,True,"Conjecture 2 (hence Anti-Exchange Case B, verified not proved)","(('C00', 'Y'), ('C02', 'C06'), ('C02', 'C08'), ('C03', 'C06'), ('C03', 'C07'), ('C03', 'C09'), ('C06', 'C08'), ('C09', 'C07'), ('W', 'Y'), ('X', 'Y'))",0.005019250000032116,0.05665545800002292,0.061674708000055034,,15,95,15,0,0.9766233766233766,6.766233766233766,12,5
c10_s05_cov100_seed00000095_bw010,c10_s05_cov100_seed00000095,flip,fast_gate,10,5,measured,1.0,0.1,,95,X,Y,11,2,11,11,0.7857142857142857,2,"C00,W",0.0,0,0,,1,3,True,6,ok,e1_ladder,mpdag_criterion,True,"Conjecture 2 (hence Anti-Exchange Case B, verified not proved)","(('C00', 'Y'), ('C02', 'C06'), ('C02', 'C07'), ('C02', 'C09'), ('C03', 'C07'), ('C03', 'C08'), ('W', 'Y'), ('X', 'Y'))",0.003172041999960129,0.0682689999998729,0.07144104199983303,,10,58,10,0,0.5,5.769230769230769,11,4
c10_s05_cov100_seed00000114_bw010,c10_s05_cov100_seed00000114,flip,fast_gate,10,5,measured,1.0,0.1,,114,X,Y,10,2,10,10,0.7692307692307693,2,"C00,W",0.0,0,0,,1,3,True,4,ok,e1_ladder,mpdag_criterion,True,"Conjecture 2 (hence Anti-Exchange Case B, verified not proved)","(('C00', 'C06'), ('C00', 'Y'), ('C01', 'C00'), ('C01', 'C06'), ('C03', 'C08'), ('C06', 'C09'), ('W', 'Y'), ('X', 'C07'), ('X', 'Y'))",0.004269917000101486,0.05564004100006059,0.05990995800016208,,19,85,19,0,0.3631578947368421,3.6315789473684212,10,4
c10_s05_cov100_seed00000125_bw010,c10_s05_cov100_seed00000125,flip,fast_gate,10,5,measured,1.0,0.1,,125,X,Y,10,2,10,10,0.7692307692307693,2,"C00,W",0.0,0,0,,1,3,True,6,ok,e1_ladder,mpdag_criterion,True,"Conjecture 2 (hence Anti-Exchange Case B, verified not proved)","(('C00', 'Y'), ('C02', 'C06'), ('C02', 'C09'), ('C04', 'C08'), ('W', 'Y'), ('X', 'C07'), ('X', 'Y'))",0.003983167000114918,0.0556773329999487,0.05966050000006362,,9,44,9,0,0.5,5.0,10,2
c10_s05_cov100_seed00000132_bw010,c10_s05_cov100_seed00000132,flip,fast_gate,10,5,measured,1.0,0.1,,132,X,Y,9,2,9,9,0.75,2,"C00,W",0.0,0,0,,1,3,True,6,ok,e1_ladder,mpdag_criterion,True,"Conjecture 2 (hence Anti-Exchange Case B, verified not proved)","(('C00', 'Y'), ('C04', 'C08'), ('C07', 'C09'), ('W', 'Y'), ('X', 'C06'), ('X', 'Y'))",0.0019762919998811412,0.058757290999892575,0.060733582999773716,,7,39,7,0,0.6473684210526316,5.473684210526316,9,2
c10_s05_cov100_seed00000137_bw010,c10_s05_cov100_seed00000137,flip,fast_gate,10,5,measured,1.0,0.1,,137,X,Y,10,2,10,10,0.7692307692307693,2,"C00,W",0.0,0,0,,1,3,True,6,ok,e1_ladder,mpdag_criterion,True,"Conjecture 2 (hence Anti-Exchange Case B, verified not proved)","(('C00', 'Y'), ('C02', 'C06'), ('C03', 'C08'), ('C03', 'C09'), ('W', 'Y'), ('X', 'C07'), ('X', 'Y'))",0.0021394160000909324,0.054727291000062905,0.05686670700015384,,7,44,7,0,0.5733333333333334,5.733333333333333,10,2
c10_s05_cov100_seed00000141_bw010,c10_s05_cov100_seed00000141,flip,fast_gate,10,5,measured,1.0,0.1,,141,X,Y,10,2,10,10,0.7692307692307693,2,"C00,W",0.0,0,0,,1,3,True,4,ok,e1_ladder,mpdag_criterion,True,"Conjecture 2 (hence Anti-Exchange Case B, verified not proved)","(('C00', 'Y'), ('C01', 'C00'), ('C01', 'C09'), ('C02', 'C06'), ('C04', 'C07'), ('C04', 'C08'), ('W', 'Y'), ('X', 'C07'), ('X', 'Y'))",0.00815070800013018,0.043630458000052386,0.051781166000182566,,25,110,25,0,0.4127272727272727,4.127272727272727,10,4
c10_s05_cov100_seed00000145_bw010,c10_s05_cov100_seed00000145,flip,fast_gate,10,5,measured,1.0,0.1,,145,X,Y,12,2,12,12,0.8,2,"C00,W",0.0,0,0,,1,3,True,4,ok,e1_ladder,mpdag_criterion,True,"Conjecture 2 (hence Anti-Exchange Case B, verified not proved)","(('C00', 'Y'), ('C01', 'C00'), ('C01', 'C07'), ('C01', 'C09'), ('C02', 'C07'), ('C03', 'C06'), ('C04', 'C06'), ('C06', 'C08'), ('C07', 'C09'), ('W', 'Y'), ('X', 'Y'))",0.012629500000002736,0.05270170899984805,0.06533120899985079,,35,156,35,0,0.8930303030303032,5.430303030303031,12,6
c10_s05_cov100_seed00000146_bw010,c10_s05_cov100_seed00000146,flip,fast_gate,10,5,measured,1.0,0.1,,146,X,Y,10,2,10,10,0.7692307692307693,2,"C00,W",0.0,0,0,,1,3,True,5,ok,e1_ladder,mpdag_criterion,True,"Conjecture 2 (hence Anti-Exchange Case B, verified not proved)","(('C00', 'Y'), ('C03', 'C08'), ('C03', 'C09'), ('C09', 'C08'), ('W', 'Y'), ('X', 'C06'), ('X', 'C07'), ('X', 'Y'))",0.0020987919997423887,0.04667487500000789,0.048773666999750276,,7,44,7,0,0.5097222222222222,5.097222222222222,10,3
c10_s05_cov100_seed00000147_bw010,c10_s05_cov100_seed00000147,flip,fast_gate,10,5,measured,1.0,0.1,,147,X,Y,10,2,10,10,0.7692307692307693,2,"C00,W",0.0,0,0,,1,3,True,6,ok,e1_ladder,mpdag_criterion,True,"Conjecture 2 (hence Anti-Exchange Case B, verified not proved)","(('C00', 'Y'), ('C03', 'C09'), ('C04', 'C09'), ('C06', 'C07'), ('C07', 'C08'), ('W', 'Y'), ('X', 'Y'))",0.005096999999750551,0.04720766699983869,0.052304666999589244,,15,77,15,0,0.8708502024291498,6.40080971659919,10,3
c10_s05_cov100_seed00000151_bw010,c10_s05_cov100_seed00000151,flip,fast_gate,10,5,measured,1.0,0.1,,151,X,Y,9,2,9,9,0.75,2,"C00,W",0.0,0,0,,1,3,True,4,ok,e1_ladder,mpdag_criterion,True,"Conjecture 2 (hence Anti-Exchange Case B, verified not proved)","(('C00', 'Y'), ('C01', 'C00'), ('C02', 'C08'), ('C03', 'C07'), ('C04', 'C06'), ('C06', 'C09'), ('W', 'Y'), ('X', 'Y'))",0.004067166999902838,0.04930400000012014,0.05337116700002298,,11,46,11,0,0.9333333333333332,4.666666666666666,9,4
c10_s05_cov100_seed00000156_bw010,c10_s05_cov100_seed00000156,flip,fast_gate,10,5,measured,1.0,0.1,,156,X,Y,12,2,12,12,0.8,2,"C00,W",0.0,0,0,,1,3,True,6,ok,e1_ladder,mpdag_criterion,True,"Conjecture 2 (hence Anti-Exchange Case B, verified not proved)","(('C00', 'C07'), ('C00', 'C08'), ('C00', 'Y'), ('C01', 'C07'), ('C01', 'C08'), ('C03', 'C09'), ('C04', 'C06'), ('W', 'Y'), ('X', 'Y'))",0.012262958000064828,0.12103062500000306,0.13329358300006788,,37,166,37,0,0.4833333333333333,5.833333333333333,12,4
c10_s05_cov100_seed00000160_bw010,c10_s05_cov100_seed00000160,flip,fast_gate,10,5,measured,1.0,0.1,,160,X,Y,9,2,9,9,0.75,2,"C00,W",0.0,0,0,,1,3,True,4,ok,e1_ladder,mpdag_criterion,True,"Conjecture 2 (hence Anti-Exchange Case B, verified not proved)","(('C00', 'C06'), ('C00', 'C08'), ('C00', 'Y'), ('C01', 'C00'), ('C03', 'C07'), ('W', 'Y'), ('X', 'C09'), ('X', 'Y'))",0.003063125000153377,0.05001308300006713,0.053076208000220504,,13,53,13,0,0.3,3.0,9,4
c10_s05_cov100_seed00000161_bw010,c10_s05_cov100_seed00000161,flip,fast_gate,10,5,measured,1.0,0.1,,161,X,Y,10,2,10,10,0.7692307692307693,2,"C00,W",0.0,0,0,,1,3,True,4,ok,e1_ladder,mpdag_criterion,True,"Conjecture 2 (hence Anti-Exchange Case B, verified not proved)","(('C00', 'Y'), ('C01', 'C00'), ('C02', 'C07'), ('C02', 'C08'), ('C03', 'C07'), ('C03', 'C09'), ('W', 'Y'), ('X', 'C06'), ('X', 'Y'))",0.005752207999648817,0.03852570800017929,0.04427791599982811,,19,77,19,0,0.3736842105263158,3.736842105263158,10,4
c10_s05_cov100_seed00000167_bw010,c10_s05_cov100_seed00000167,flip,fast_gate,10,5,measured,1.0,0.1,,167,X,Y,9,2,9,9,0.75,2,"C00,W",0.0,0,0,,1,3,True,6,ok,e1_ladder,mpdag_criterion,True,"Conjecture 2 (hence Anti-Exchange Case B, verified not proved)","(('C00', 'Y'), ('C01', 'C09'), ('C04', 'C06'), ('C06', 'C08'), ('W', 'Y'), ('X', 'Y'))",0.0011709999998856802,0.04556879099982325,0.04673979099970893,,5,24,5,0,0.9647058823529413,6.647058823529412,9,2
c10_s05_cov100_seed00000169_bw010,c10_s05_cov100_seed00000169,flip,fast_gate,10,5,measured,1.0,0.1,,169,X,Y,10,2,10,10,0.7692307692307693,2,"C00,W",0.0,0,0,,1,3,True,4,ok,e1_ladder,mpdag_criterion,True,"Conjecture 2 (hence Anti-Exchange Case B, verified not proved)","(('C00', 'Y'), ('C01', 'C00'), ('C01', 'C09'), ('C03', 'C07'), ('C03', 'C08'), ('C07', 'C08'), ('W', 'Y'), ('X', 'C06'), ('X', 'Y'))",0.0054683749999639986,0.0436971670001185,0.049165542000082496,,21,102,21,0,0.38484848484848483,3.848484848484848,10,4
c10_s05_cov100_seed00000177_bw010,c10_s05_cov100_seed00000177,flip,fast_gate,10,5,measured,1.0,0.1,,177,X,Y,10,2,10,10,0.7692307692307693,2,"C00,W",0.0,0,0,,1,3,True,5,ok,e1_ladder,mpdag_criterion,True,"Conjecture 2 (hence Anti-Exchange Case B, verified not proved)","(('C00', 'C08'), ('C00', 'Y'), ('C03', 'C07'), ('C04', 'C06'), ('C04', 'C09'), ('C09', 'C06'), ('W', 'Y'), ('X', 'Y'))",0.006538832999922306,0.05161637500032157,0.058155208000243874,,12,69,12,0,0.9527272727272728,6.527272727272727,10,3
c10_s05_cov100_seed00000178_bw010,c10_s05_cov100_seed00000178,flip,fast_gate,10,5,measured,1.0,0.1,,178,X,Y,11,2,11,11,0.7857142857142857,2,"C00,W",0.0,0,0,,1,3,True,6,ok,e1_ladder,mpdag_criterion,True,"Conjecture 2 (hence Anti-Exchange Case B, verified not proved)","(('C00', 'C08'), ('C00', 'Y'), ('C01', 'C07'), ('C01', 'C08'), ('C03', 'C06'), ('C07', 'C09'), ('W', 'Y'), ('X', 'Y'))",0.0055692910000288975,0.08766016600020521,0.0932294570002341,,24,104,24,0,0.5333333333333333,6.333333333333333,11,3
c10_s05_cov100_seed00000180_bw010,c10_s05_cov100_seed00000180,flip,fast_gate,10,5,measured,1.0,0.1,,180,X,Y,10,2,10,10,0.7692307692307693,2,"C00,W",0.0,0,0,,1,3,True,4,ok,e1_ladder,mpdag_criterion,True,"Conjecture 2 (hence Anti-Exchange Case B, verified not proved)","(('C00', 'Y'), ('C01', 'C00'), ('C01', 'C06'), ('C01', 'C09'), ('C04', 'C07'), ('C04', 'C08'), ('C07', 'C08'), ('W', 'Y'), ('X', 'Y'))",0.0076542080000763235,0.04264429200020459,0.05029850000028091,,32,143,32,0,0.910989010989011,5.1098901098901095,10,4
c10_s05_cov100_seed00000183_bw010,c10_s05_cov100_seed00000183,flip,fast_gate,10,5,measured,1.0,0.1,,183,X,Y,9,2,9,9,0.75,2,"C00,W",0.0,0,0,,1,3,True,4,ok,e1_ladder,mpdag_criterion,True,"Conjecture 2 (hence Anti-Exchange Case B, verified not proved)","(('C00', 'C09'), ('C00', 'Y'), ('C01', 'C00'), ('C06', 'C07'), ('C06', 'C08'), ('W', 'Y'), ('X', 'C06'), ('X', 'Y'))",0.0022379580000233545,0.040492749999884836,0.04273070799990819,,9,46,9,0,0.3,3.0,9,3
c10_s05_cov100_seed00000009_bw025,c10_s05_cov100_seed00000009,flip,fast_gate,10,5,measured,1.0,0.25,,9,X,Y,10,4,10,10,0.7692307692307693,2,"C00,W",0.0,0,0,,1,3,True,5,ok,e1_ladder,mpdag_criterion,True,"Conjecture 2 (hence Anti-Exchange Case B, verified not proved)","(('C00', 'C07'), ('C00', 'Y'), ('C01', 'C00'), ('C02', 'C06'), ('C04', 'C08'), ('C08', 'C09'), ('W', 'Y'), ('X', 'Y'))",0.006336083000405779,0.05370520799988299,0.060041291000288766,,16,77,16,0,0.9594771241830067,6.594771241830066,10,3
c10_s05_cov100_seed00000032_bw025,c10_s05_cov100_seed00000032,flip,fast_gate,10,5,measured,1.0,0.25,,32,X,Y,9,4,9,9,0.75,2,"C00,W",0.0,0,0,3,0,3,True,3,ok,local_up_fast,mpdag_criterion,True,"Conjecture 2 (hence Anti-Exchange Case B, verified not proved)",C00->Y C01->C00 C01->C07 C02->C01 C02->C08 C02->C09 W->Y X->C06 X->Y C02-C03 C03-C04 C04-X,0.004315207999752602,0.0,0.004315207999752602,,11,83,25,0,0.2,2.0,9,5
c10_s05_cov100_seed00000036_bw025,c10_s05_cov100_seed00000036,flip,fast_gate,10,5,measured,1.0,0.25,,36,X,Y,9,4,9,9,0.75,2,"C00,W",0.0,0,0,,1,3,True,5,ok,e1_ladder,mpdag_criterion,True,"Conjecture 2 (hence Anti-Exchange Case B, verified not proved)","(('C00', 'Y'), ('C01', 'C00'), ('C02', 'C06'), ('C03', 'C09'), ('C07', 'C08'), ('W', 'Y'), ('X', 'Y'))",0.002141500000107044,0.04699591700000383,0.04913741700011087,,11,46,11,0,0.5,4.0,9,4
c10_s05_cov100_seed00000037_bw025,c10_s05_cov100_seed00000037,flip,fast_gate,10,5,measured,1.0,0.25,,37,X,Y,10,4,10,10,0.7692307692307693,2,"C00,W",0.0,0,0,,1,3,True,7,ok,e1_ladder,mpdag_criterion,True,"Conjecture 2 (hence Anti-Exchange Case B, verified not proved)","(('C00', 'Y'), ('C04', 'C07'), ('C07', 'C09'), ('W', 'Y'), ('X', 'C08'), ('X', 'Y'))",0.0022273750000749715,0.06431574999987788,0.06654312499995285,,7,44,7,0,0.6291666666666667,6.291666666666667,10,1
c10_s05_cov100_seed00000059_bw025,c10_s05_cov100_seed00000059,flip,fast_gate,10,5,measured,1.0,0.25,,59,X,Y,12,6,12,12,0.8,2,"C00,W",0.0,0,0,3,0,3,True,3,ok,local_up_fast,mpdag_criterion,True,"Conjecture 2 (hence Anti-Exchange Case B, verified not proved)",C00->Y C01->C00 C02->C01 C02->C08 C02->C09 C03->C08 C04->C06 C04->C07 C06->C07 C09->C01 W->Y X->Y C02-C03 C03-C04 C04-X,0.01733216699994955,0.0,0.01733216699994955,,20,207,51,0,0.958322903629537,5.547084457982116,12,6
c10_s05_cov100_seed00000079_bw025,c10_s05_cov100_seed00000079,flip,fast_gate,10,5,measured,1.0,0.25,,79,X,Y,11,6,11,11,0.7857142857142857,2,"C00,W",0.0,0,0,,1,3,True,5,ok,e1_ladder,mpdag_criterion,True,"Conjecture 2 (hence Anti-Exchange Case B, verified not proved)","(('C00', 'Y'), ('C01', 'C00'), ('C01', 'C06'), ('C01', 'C08'), ('C06', 'C00'), ('C06', 'C07'), ('C07', 'C09'), ('W', 'Y'), ('X', 'Y'))",0.008433375000095111,0.06869687500011423,0.07713025000020934,,36,150,36,0,0.45555555555555555,4.698412698412699,11,4
c10_s05_cov100_seed00000081_bw025,c10_s05_cov100_seed00000081,flip,fast_gate,10,5,measured,1.0,0.25,,81,X,Y,10,4,10,10,0.7692307692307693,2,"C00,W",0.0,0,0,,1,3,True,6,ok,e1_ladder,mpdag_criterion,True,"Conjecture 2 (hence Anti-Exchange Case B, verified not proved)","(('C00', 'Y'), ('C03', 'C07'), ('C03', 'C08'), ('C06', 'C00'), ('W', 'Y'), ('X', 'C09'), ('X', 'Y'))",0.00450733300021966,0.0789474580001297,0.08345479100034936,,8,52,8,0,0.575,5.75,10,2
c10_s05_cov100_seed00000089_bw025,c10_s05_cov100_seed00000089,flip,fast_gate,10,5,measured,1.0,0.25,,89,X,Y,9,4,9,9,0.75,2,"C00,W",0.0,0,0,,1,3,True,5,ok,e1_ladder,mpdag_criterion,True,"Conjecture 2 (hence Anti-Exchange Case B, verified not proved)","(('C00', 'C09'), ('C00', 'Y'), ('C01', 'C00'), ('C04', 'C07'), ('W', 'Y'), ('X', 'C06'), ('X', 'Y'))",0.00163641600011033,0.04451762500002587,0.0461540410001362,,7,31,7,0,0.54,4.4,9,3
c10_s05_cov100_seed00000104_bw025,c10_s05_cov100_seed00000104,flip,fast_gate,10,5,measured,1.0,0.25,,104,X,Y,10,4,10,10,0.7692307692307693,2,"C00,W",0.0,0,0,,1,3,True,5,ok,e1_ladder,mpdag_criterion,True,"Conjecture 2 (hence Anti-Exchange Case B, verified not proved)","(('C00', 'Y'), ('C01', 'C00'), ('C01', 'C08'), ('C01', 'C09'), ('C04', 'C06'), ('C04', 'C07'), ('W', 'Y'), ('X', 'Y'))",0.007589750000079221,0.040991167000356654,0.048580917000435875,,32,143,32,0,0.4416666666666667,4.416666666666667,10,4
c10_s05_cov100_seed00000140_bw025,c10_s05_cov100_seed00000140,flip,fast_gate,10,5,measured,1.0,0.25,,140,X,Y,9,4,9,9,0.75,2,"C00,W",0.0,0,0,3,0,3,True,3,ok,local_up_fast,mpdag_criterion,True,"Conjecture 2 (hence Anti-Exchange Case B, verified not proved)",C00->Y C01->C00 C01->C08 C02->C01 C02->C09 C03->C06 C04->C07 W->Y X->Y C02-C03 C03-C04 C04-X,0.002898624999943422,0.0,0.002898624999943422,,8,61,19,0,0.712,2.64,9,6
c10_s05_cov100_seed00000152_bw025,c10_s05_cov100_seed00000152,flip,fast_gate,10,5,measured,1.0,0.25,,152,X,Y,10,4,10,10,0.7692307692307693,2,"C00,W",0.0,0,0,,1,3,True,7,ok,e1_ladder,mpdag_criterion,True,"Conjecture 2 (hence Anti-Exchange Case B, verified not proved)","(('C00', 'Y'), ('C03', 'C06'), ('C04', 'C06'), ('C06', 'C07'), ('W', 'Y'), ('X', 'Y'))",0.002167166999697656,0.07028854100008175,0.0724557079997794,,7,44,7,0,0.9232456140350876,8.232456140350877,10,1
c10_s05_cov100_seed00000154_bw025,c10_s05_cov100_seed00000154,flip,fast_gate,10,5,measured,1.0,0.25,,154,X,Y,10,4,10,10,0.7692307692307693,2,"C00,W",0.0,0,0,3,0,3,True,3,ok,local_up_fast,mpdag_criterion,True,"Conjecture 2 (hence Anti-Exchange Case B, verified not proved)",C00->Y C01->C00 C01->C06 C01->C08 C02->C01 C04->C07 C06->C09 W->Y X->C07 X->Y C02-C03 C03-C04 C04-X,0.006092208000154642,0.0,0.006092208000154642,,7,61,17,0,0.3247692307692308,3.247692307692308,10,5
c10_s05_cov100_seed00000208_bw025,c10_s05_cov100_seed00000208,flip,fast_gate,10,5,measured,1.0,0.25,,208,X,Y,10,4,10,10,0.7692307692307693,2,"C00,W",0.0,0,0,,1,3,True,6,ok,e1_ladder,mpdag_criterion,True,"Conjecture 2 (hence Anti-Exchange Case B, verified not proved)","(('C00', 'Y'), ('C04', 'C09'), ('C07', 'C06'), ('W', 'Y'), ('X', 'C06'), ('X', 'C07'), ('X', 'Y'))",0.002474542000072688,0.04912083300041559,0.051595375000488275,,7,44,7,0,0.5827450980392157,5.827450980392157,10,1
c10_s05_cov100_seed00000209_bw025,c10_s05_cov100_seed00000209,flip,fast_gate,10,5,measured,1.0,0.25,,209,X,Y,10,4,10,10,0.7692307692307693,2,"C00,W",0.0,0,0,3,0,3,True,3,ok,local_up_fast,mpdag_criterion,True,"Conjecture 2 (hence Anti-Exchange Case B, verified not proved)",C00->C09 C00->Y C01->C00 C01->C07 C01->C08 C02->C01 C04->C06 C07->C08 W->Y X->Y C02-C03 C03-C04 C04-X,0.004123540999898978,0.0,0.004123540999898978,,7,61,16,0,0.7521212121212122,3.521212121212121,10,6
c10_s05_cov100_seed00000217_bw025,c10_s05_cov100_seed00000217,flip,fast_gate,10,5,measured,1.0,0.25,,217,X,Y,9,4,9,9,0.75,2,"C00,W",0.0,0,0,3,0,3,True,3,ok,local_up_fast,mpdag_criterion,True,"Conjecture 2 (hence Anti-Exchange Case B, verified not proved)",C00->Y C01->C00 C02->C01 C04->C06 C04->C08 C06->C07 W->Y X->C09 X->Y C02-C03 C03-C04 C04-X,0.0015417499998875428,0.0,0.0015417499998875428,,4,32,7,0,0.7305555555555556,3.3055555555555554,9,5
c10_s05_cov100_seed00000223_bw025,c10_s05_cov100_seed00000223,flip,fast_gate,10,5,measured,1.0,0.25,,223,X,Y,10,4,10,10,0.7692307692307693,2,"C00,W",0.0,0,0,3,0,3,True,3,ok,local_up_fast,mpdag_criterion,True,"Conjecture 2 (hence Anti-Exchange Case B, verified not proved)",C00->Y C01->C00 C02->C01 C02->C06 C02->C09 C04->C08 C06->C07 C06->C09 W->Y X->Y C02-C03 C03-C04 C04-X,0.006339249999655294,0.0,0.006339249999655294,,14,118,34,0,0.6637155297532655,3.4063860667634254,10,6
c10_s05_cov100_seed00000245_bw025,c10_s05_cov100_seed00000245,flip,fast_gate,10,5,measured,1.0,0.25,,245,X,Y,10,4,10,10,0.7692307692307693,2,"C00,W",0.0,0,0,3,0,3,True,3,ok,local_up_fast,mpdag_criterion,True,"Conjecture 2 (hence Anti-Exchange Case B, verified not proved)",C00->C08 C00->Y C01->C00 C02->C01 C02->C07 C03->C07 C08->C09 W->Y X->C06 X->Y C02-C03 C03-C04 C04-X,0.0033751249998204003,0.0,0.0033751249998204003,,8,69,17,0,0.707222222222222,4.072222222222222,10,5
c10_s05_cov100_seed00000252_bw025,c10_s05_cov100_seed00000252,flip,fast_gate,10,5,measured,1.0,0.25,,252,X,Y,9,4,9,9,0.75,2,"C00,W",0.0,0,0,3,0,3,True,3,ok,local_up_fast,mpdag_criterion,True,"Conjecture 2 (hence Anti-Exchange Case B, verified not proved)",C00->C08 C00->Y C01->C00 C02->C01 C03->C07 W->Y X->C06 X->C09 X->Y C02-C03 C03-C04 C04-X,0.0019981250002274464,0.0,0.0019981250002274464,,5,39,10,0,0.23333333333333334,2.3333333333333335,9,5
c10_s05_cov100_seed00000281_bw025,c10_s05_cov100_seed00000281,flip,fast_gate,10,5,measured,1.0,0.25,,281,X,Y,10,4,10,10,0.7692307692307693,2,"C00,W",0.0,0,0,,1,3,True,4,ok,e1_ladder,mpdag_criterion,True,"Conjecture 2 (hence Anti-Exchange Case B, verified not proved)","(('C00', 'Y'), ('C01', 'C00'), ('C03', 'C06'), ('C03', 'C07'), ('C03', 'C08'), ('C06', 'C09'), ('C07', 'C06'), ('W', 'Y'), ('X', 'Y'))",0.0036045000001649896,0.042979750000085915,0.046584250000250904,,14,69,14,0,0.944,5.4399999999999995,10,4
c10_s05_cov100_seed00000356_bw025,c10_s05_cov100_seed00000356,flip,fast_gate,10,5,measured,1.0,0.25,,356,X,Y,9,4,9,9,0.75,2,"C00,W",0.0,0,0,,1,3,True,5,ok,e1_ladder,mpdag_criterion,True,"Conjecture 2 (hence Anti-Exchange Case B, verified not proved)","(('C00', 'C06'), ('C00', 'Y'), ('C01', 'C00'), ('C01', 'C07'), ('C02', 'C09'), ('W', 'Y'), ('X', 'Y'))",0.0019072499999310821,0.0356307500001094,0.03753800000004048,,11,38,11,0,0.5,4.0,9,4
c10_s05_cov100_seed00000364_bw025,c10_s05_cov100_seed00000364,flip,fast_gate,10,5,measured,1.0,0.25,,364,X,Y,11,6,11,11,0.7857142857142857,2,"C00,W",0.0,0,0,,1,3,True,5,ok,e1_ladder,mpdag_criterion,True,"Conjecture 2 (hence Anti-Exchange Case B, verified not proved)","(('C00', 'Y'), ('C01', 'C00'), ('C03', 'C06'), ('C03', 'C08'), ('C03', 'C09'), ('C04', 'C08'), ('C07', 'C00'), ('W', 'Y'), ('X', 'Y'))",0.00466412500009028,0.060230999999930646,0.06489512500002093,,18,95,18,0,0.865,6.33421052631579,11,4
c10_s05_cov100_seed00000416_bw025,c10_s05_cov100_seed00000416,flip,fast_gate,10,5,measured,1.0,0.25,,416,X,Y,11,6,11,11,0.7857142857142857,2,"C00,W",0.0,0,0,,1,3,True,5,ok,e1_ladder,mpdag_criterion,True,"Conjecture 2 (hence Anti-Exchange Case B, verified not proved)","(('C00', 'Y'), ('C01', 'C00'), ('C02', 'C08'), ('C03', 'C06'), ('C03', 'C08'), ('C07', 'C00'), ('C07', 'C09'), ('W', 'Y'), ('X', 'Y'))",0.006623833000048762,0.07215287500002887,0.07877670800007763,,28,132,28,0,0.48,5.254545454545454,11,4
c10_s05_cov100_seed00000469_bw025,c10_s05_cov100_seed00000469,flip,fast_gate,10,5,measured,1.0,0.25,,469,X,Y,10,4,10,10,0.7692307692307693,2,"C00,W",0.0,0,0,,1,3,True,5,ok,e1_ladder,mpdag_criterion,True,"Conjecture 2 (hence Anti-Exchange Case B, verified not proved)","(('C00', 'C06'), ('C00', 'Y'), ('C01', 'C00'), ('C02', 'C07'), ('C03', 'C07'), ('C07', 'C09'), ('W', 'Y'), ('X', 'Y'))",0.0028491250000115542,0.04255579100026807,0.04540491600027963,,11,52,11,0,0.5953846153846154,5.030769230769231,10,4
c10_s05_cov100_seed00000487_bw025,c10_s05_cov100_seed00000487,flip,fast_gate,10,5,measured,1.0,0.25,,487,X,Y,11,6,11,11,0.7857142857142857,2,"C00,W",0.0,0,0,3,0,3,True,3,ok,local_up_fast,mpdag_criterion,True,"Conjecture 2 (hence Anti-Exchange Case B, verified not proved)",C00->C09 C00->Y C01->C00 C02->C01 C03->C06 C03->C07 C03->C08 C04->C06 C08->C07 W->Y X->Y C02-C03 C03-C04 C04-X,0.006228333000308339,0.0,0.006228333000308339,,12,114,30,0,0.914730061054757,4.601846065093024,11,6
c10_s05_cov100_seed00000497_bw025,c10_s05_cov100_seed00000497,flip,fast_gate,10,5,measured,1.0,0.25,,497,X,Y,9,4,9,9,0.75,2,"C00,W",0.0,0,0,,1,3,True,5,ok,e1_ladder,mpdag_criterion,True,"Conjecture 2 (hence Anti-Exchange Case B, verified not proved)","(('C00', 'Y'), ('C01', 'C00'), ('C03', 'C07'), ('C04', 'C09'), ('W', 'Y'), ('X', 'C08'), ('X', 'Y'))",0.001543750000109867,0.04071395799974198,0.042257707999851846,,6,31,6,0,0.5681818181818181,4.681818181818182,9,3
c10_s05_cov100_seed00000515_bw025,c10_s05_cov100_seed00000515,flip,fast_gate,10,5,measured,1.0,0.25,,515,X,Y,10,4,10,10,0.7692307692307693,2,"C00,W",0.0,0,0,,1,3,True,4,ok,e1_ladder,mpdag_criterion,True,"Conjecture 2 (hence Anti-Exchange Case B, verified not proved)","(('C00', 'Y'), ('C01', 'C00'), ('C01', 'C06'), ('C04', 'C07'), ('C06', 'C00'), ('C06', 'C08'), ('C08', 'C09'), ('W', 'Y'), ('X', 'Y'))",0.0073582499999247375,0.04079433299966695,0.048152582999591687,,22,93,22,0,0.6500000000000001,4.357142857142858,10,5
c10_s05_cov100_seed00000544_bw025,c10_s05_cov100_seed00000544,flip,fast_gate,10,5,measured,1.0,0.25,,544,X,Y,9,4,9,9,0.75,2,"C00,W",0.0,0,0,3,0,3,True,3,ok,local_up_fast,mpdag_criterion,True,"Conjecture 2 (hence Anti-Exchange Case B, verified not proved)",C00->Y C01->C00 C01->C06 C02->C01 C02->C07 C03->C09 C04->C08 W->Y X->Y C02-C03 C03-C04 C04-X,0.0032366669997827557,0.0,0.0032366669997827557,,8,61,19,0,0.7647058823529413,2.7058823529411766,9,6
c10_s05_cov100_seed00000546_bw025,c10_s05_cov100_seed00000546,flip,fast_gate,10,5,measured,1.0,0.25,,546,X,Y,9,4,9,9,0.75,2,"C00,W",0.0,0,0,,1,3,True,5,ok,e1_ladder,mpdag_criterion,True,"Conjecture 2 (hence Anti-Exchange Case B, verified not proved)","(('C00', 'Y'), ('C01', 'C00'), ('C02', 'C08'), ('C04', 'C09'), ('W', 'Y'), ('X', 'C07'), ('X', 'Y'))",0.0018936670003313338,0.038690458000019134,0.04058412500035047,,7,31,7,0,0.55,4.5,9,3
c10_s05_cov100_seed00000568_bw025,c10_s05_cov100_seed00000568,flip,fast_gate,10,5,measured,1.0,0.25,,568,X,Y,10,4,10,10,0.7692307692307693,2,"C00,W",0.0,0,0,,1,3,True,5,ok,e1_ladder,mpdag_criterion,True,"Conjecture 2 (hence Anti-Exchange Case B, verified not proved)","(('C00', 'C08'), ('C00', 'Y'), ('C01', 'C00'), ('C04', 'C06'), ('C04', 'C07'), ('C04', 'C09'), ('W', 'Y'), ('X', 'Y'))",0.004094792000159941,0.04433158299980278,0.04842637499996272,,15,77,15,0,0.4615384615384615,4.615384615384615,10,4
c10_s05_cov100_seed00000575_bw025,c10_s05_cov100_seed00000575,flip,fast_gate,10,5,measured,1.0,0.25,,575,X,Y,9,4,9,9,0.75,2,"C00,W",0.0,0,0,,1,3,True,7,ok,e1_ladder,mpdag_criterion,True,"Conjecture 2 (hence Anti-Exchange Case B, verified not proved)","(('C00', 'Y'), ('W', 'Y'), ('X', 'C06'), ('X', 'C09'), ('X', 'Y'))",0.0016653329998916888,0.04059525000002395,0.04226058299991564,,4,24,4,0,0.7,6.0,9,1
c10_s05_cov100_seed00000584_bw025,c10_s05_cov100_seed00000584,flip,fast_gate,10,5,measured,1.0,0.25,,584,X,Y,9,4,9,9,0.75,2,"C00,W",0.0,0,0,,1,3,True,5,ok,e1_ladder,mpdag_criterion,True,"Conjecture 2 (hence Anti-Exchange Case B, verified not proved)","(('C00', 'Y'), ('C01', 'C00'), ('C03', 'C09'), ('C04', 'C08'), ('C06', 'C07'), ('W', 'Y'), ('X', 'Y'))",0.0036760829998456757,0.04143358300007094,0.045109665999916615,,10,46,10,0,0.6904761904761907,4.380952380952381,9,4
c10_s09_cov050_seed00000000_bw000,c10_s09_cov050_seed00000000,flip,fast_gate,10,9,measured,0.5,0.0,,0,X,Y,4,5,4,4,0.75,2,"C00,W",0.0,0,0,,1,3,True,4,ok,e1_ladder,mpdag_criterion,True,"Conjecture 2 (hence Anti-Exchange Case B, verified not proved)","(('C00', 'Y'), ('W', 'Y'), ('X', 'Y'))",0.0008580419998907018,0.03436595800030773,0.03522400000019843,,4,9,4,0,0.8,3.0,4,0
c10_s09_cov050_seed00000001_bw000,c10_s09_cov050_seed00000001,flip,fast_gate,10,9,measured,0.5,0.0,,1,X,Y,4,5,4,4,0.75,2,"C00,W",0.0,0,0,,1,3,True,4,ok,e1_ladder,mpdag_criterion,True,"Conjecture 2 (hence Anti-Exchange Case B, verified not proved)","(('C00', 'Y'), ('W', 'Y'), ('X', 'Y'))",0.0007178750001912704,0.02981550000004063,0.0305333750002319,,4,9,4,0,0.8,3.0,4,0
c10_s09_cov050_seed00000002_bw000,c10_s09_cov050_seed00000002,flip,fast_gate,10,9,measured,0.5,0.0,,2,X,Y,4,5,4,4,0.75,2,"C00,W",0.0,0,0,,1,3,True,4,ok,e1_ladder,mpdag_criterion,True,"Conjecture 2 (hence Anti-Exchange Case B, verified not proved)","(('C00', 'Y'), ('W', 'Y'), ('X', 'Y'))",0.0006980829998610716,0.030448874999819964,0.031146957999681035,,4,9,4,0,0.8,3.0,4,0
c10_s09_cov050_seed00000003_bw000,c10_s09_cov050_seed00000003,flip,fast_gate,10,9,measured,0.5,0.0,,3,X,Y,4,5,4,4,0.75,2,"C00,W",0.0,0,0,,1,3,True,4,ok,e1_ladder,mpdag_criterion,True,"Conjecture 2 (hence Anti-Exchange Case B, verified not proved)","(('C00', 'Y'), ('W', 'Y'), ('X', 'Y'))",0.0006921670001247548,0.030015833000106795,0.03070800000023155,,4,9,4,0,0.8,3.0,4,0
c10_s09_cov050_seed00000004_bw000,c10_s09_cov050_seed00000004,flip,fast_gate,10,9,measured,0.5,0.0,,4,X,Y,4,5,4,4,0.75,2,"C00,W",0.0,0,0,,1,3,True,4,ok,e1_ladder,mpdag_criterion,True,"Conjecture 2 (hence Anti-Exchange Case B, verified not proved)","(('C00', 'Y'), ('W', 'Y'), ('X', 'Y'))",0.0007042499996714469,0.0330515830000877,0.03375583299975915,,4,9,4,0,0.8,3.0,4,0
c10_s09_cov050_seed00000005_bw000,c10_s09_cov050_seed00000005,flip,fast_gate,10,9,measured,0.5,0.0,,5,X,Y,4,5,4,4,0.75,2,"C00,W",0.0,0,0,,1,3,True,4,ok,e1_ladder,mpdag_criterion,True,"Conjecture 2 (hence Anti-Exchange Case B, verified not proved)","(('C00', 'Y'), ('W', 'Y'), ('X', 'Y'))",0.000728916999833018,0.03342970799985778,0.0341586249996908,,4,9,4,0,0.8,3.0,4,0
c10_s09_cov050_seed00000006_bw000,c10_s09_cov050_seed00000006,flip,fast_gate,10,9,measured,0.5,0.0,,6,X,Y,4,5,4,4,0.75,2,"C00,W",0.0,0,0,,1,3,True,4,ok,e1_ladder,mpdag_criterion,True,"Conjecture 2 (hence Anti-Exchange Case B, verified not proved)","(('C00', 'Y'), ('W', 'Y'), ('X', 'Y'))",0.0007263750003403402,0.030433082999934413,0.031159458000274753,,4,9,4,0,0.8,3.0,4,0
c10_s09_cov050_seed00000007_bw000,c10_s09_cov050_seed00000007,flip,fast_gate,10,9,measured,0.5,0.0,,7,X,Y,4,5,4,4,0.75,2,"C00,W",0.0,0,0,,1,3,True,4,ok,e1_ladder,mpdag_criterion,True,"Conjecture 2 (hence Anti-Exchange Case B, verified not proved)","(('C00', 'Y'), ('W', 'Y'), ('X', 'Y'))",0.0007216670001071179,0.03604537499995786,0.036767042000064976,,4,9,4,0,0.8,3.0,4,0
c10_s09_cov050_seed00000008_bw000,c10_s09_cov050_seed00000008,flip,fast_gate,10,9,measured,0.5,0.0,,8,X,Y,4,5,4,4,0.75,2,"C00,W",0.0,0,0,,1,3,True,4,ok,e1_ladder,mpdag_criterion,True,"Conjecture 2 (hence Anti-Exchange Case B, verified not proved)","(('C00', 'Y'), ('W', 'Y'), ('X', 'Y'))",0.0007243330001074355,0.036469416999807436,0.03719374999991487,,4,9,4,0,0.8,3.0,4,0
c10_s09_cov050_seed00000009_bw000,c10_s09_cov050_seed00000009,flip,fast_gate,10,9,measured,0.5,0.0,,9,X,Y,4,5,4,4,0.75,2,"C00,W",0.0,0,0,,1,3,True,4,ok,e1_ladder,mpdag_criterion,True,"Conjecture 2 (hence Anti-Exchange Case B, verified not proved)","(('C00', 'Y'), ('W', 'Y'), ('X', 'Y'))",0.0013022499997532577,0.03378183299992088,0.03508408299967414,,4,9,4,0,0.8,3.0,4,0
c10_s09_cov050_seed00000010_bw000,c10_s09_cov050_seed00000010,flip,fast_gate,10,9,measured,0.5,0.0,,10,X,Y,4,5,4,4,0.75,2,"C00,W",0.0,0,0,,1,3,True,4,ok,e1_ladder,mpdag_criterion,True,"Conjecture 2 (hence Anti-Exchange Case B, verified not proved)","(('C00', 'Y'), ('W', 'Y'), ('X', 'Y'))",0.0007083750001584121,0.029826041999967856,0.030534417000126268,,4,9,4,0,0.8,3.0,4,0
c10_s09_cov050_seed00000011_bw000,c10_s09_cov050_seed00000011,flip,fast_gate,10,9,measured,0.5,0.0,,11,X,Y,4,5,4,4,0.75,2,"C00,W",0.0,0,0,,1,3,True,4,ok,e1_ladder,mpdag_criterion,True,"Conjecture 2 (hence Anti-Exchange Case B, verified not proved)","(('C00', 'Y'), ('W', 'Y'), ('X', 'Y'))",0.0007232499997371633,0.031058957999903214,0.03178220799964038,,4,9,4,0,0.8,3.0,4,0
c10_s09_cov050_seed00000012_bw000,c10_s09_cov050_seed00000012,flip,fast_gate,10,9,measured,0.5,0.0,,12,X,Y,4,5,4,4,0.75,2,"C00,W",0.0,0,0,,1,3,True,4,ok,e1_ladder,mpdag_criterion,True,"Conjecture 2 (hence Anti-Exchange Case B, verified not proved)","(('C00', 'Y'), ('W', 'Y'), ('X', 'Y'))",0.0007264579999173293,0.03824949999989258,0.03897595799980991,,4,9,4,0,0.8,3.0,4,0
c10_s09_cov050_seed00000013_bw000,c10_s09_cov050_seed00000013,flip,fast_gate,10,9,measured,0.5,0.0,,13,X,Y,4,5,4,4,0.75,2,"C00,W",0.0,0,0,,1,3,True,4,ok,e1_ladder,mpdag_criterion,True,"Conjecture 2 (hence Anti-Exchange Case B, verified not proved)","(('C00', 'Y'), ('W', 'Y'), ('X', 'Y'))",0.0007063339999149321,0.033661083999959374,0.034367417999874306,,4,9,4,0,0.8,3.0,4,0
c10_s09_cov050_seed00000014_bw000,c10_s09_cov050_seed00000014,flip,fast_gate,10,9,measured,0.5,0.0,,14,X,Y,4,5,4,4,0.75,2,"C00,W",0.0,0,0,,1,3,True,4,ok,e1_ladder,mpdag_criterion,True,"Conjecture 2 (hence Anti-Exchange Case B, verified not proved)","(('C00', 'Y'), ('W', 'Y'), ('X', 'Y'))",0.0006792910003241559,0.03369587500037596,0.03437516600070012,,4,9,4,0,0.8,3.0,4,0
c10_s09_cov050_seed00000015_bw000,c10_s09_cov050_seed00000015,flip,fast_gate,10,9,measured,0.5,0.0,,15,X,Y,4,5,4,4,0.75,2,"C00,W",0.0,0,0,,1,3,True,4,ok,e1_ladder,mpdag_criterion,True,"Conjecture 2 (hence Anti-Exchange Case B, verified not proved)","(('C00', 'Y'), ('W', 'Y'), ('X', 'Y'))",0.000672042000132933,0.038177916999757144,0.03884995899989008,,4,9,4,0,0.8,3.0,4,0
c10_s09_cov050_seed00000016_bw000,c10_s09_cov050_seed00000016,flip,fast_gate,10,9,measured,0.5,0.0,,16,X,Y,4,5,4,4,0.75,2,"C00,W",0.0,0,0,,1,3,True,4,ok,e1_ladder,mpdag_criterion,True,"Conjecture 2 (hence Anti-Exchange Case B, verified not proved)","(('C00', 'Y'), ('W', 'Y'), ('X', 'Y'))",0.0012190420002298197,0.030138540999814722,0.03135758300004454,,4,9,4,0,0.8,3.0,4,0
c10_s09_cov050_seed00000017_bw000,c10_s09_cov050_seed00000017,flip,fast_gate,10,9,measured,0.5,0.0,,17,X,Y,4,5,4,4,0.75,2,"C00,W",0.0,0,0,,1,3,True,4,ok,e1_ladder,mpdag_criterion,True,"Conjecture 2 (hence Anti-Exchange Case B, verified not proved)","(('C00', 'Y'), ('W', 'Y'), ('X', 'Y'))",0.0007276249998540152,0.035514041999704204,0.03624166699955822,,4,9,4,0,0.8,3.0,4,0
c10_s09_cov050_seed00000018_bw000,c10_s09_cov050_seed00000018,flip,fast_gate,10,9,measured,0.5,0.0,,18,X,Y,4,5,4,4,0.75,2,"C00,W",0.0,0,0,,1,3,True,4,ok,e1_ladder,mpdag_criterion,True,"Conjecture 2 (hence Anti-Exchange Case B, verified not proved)","(('C00', 'Y'), ('W', 'Y'), ('X', 'Y'))",0.0007386659999610856,0.04018287500002771,0.04092154099998879,,4,9,4,0,0.8,3.0,4,0
c10_s09_cov050_seed00000019_bw000,c10_s09_cov050_seed00000019,flip,fast_gate,10,9,measured,0.5,0.0,,19,X,Y,4,5,4,4,0.75,2,"C00,W",0.0,0,0,,1,3,True,4,ok,e1_ladder,mpdag_criterion,True,"Conjecture 2 (hence Anti-Exchange Case B, verified not proved)","(('C00', 'Y'), ('W', 'Y'), ('X', 'Y'))",0.0006850409999969997,0.03410904100019252,0.03479408200018952,,4,9,4,0,0.8,3.0,4,0
c10_s09_cov050_seed00000020_bw000,c10_s09_cov050_seed00000020,flip,fast_gate,10,9,measured,0.5,0.0,,20,X,Y,4,5,4,4,0.75,2,"C00,W",0.0,0,0,,1,3,True,4,ok,e1_ladder,mpdag_criterion,True,"Conjecture 2 (hence Anti-Exchange Case B, verified not proved)","(('C00', 'Y'), ('W', 'Y'), ('X', 'Y'))",0.0007181250002759043,0.030246792000070855,0.03096491700034676,,4,9,4,0,0.8,3.0,4,0
c10_s09_cov050_seed00000021_bw000,c10_s09_cov050_seed00000021,flip,fast_gate,10,9,measured,0.5,0.0,,21,X,Y,4,5,4,4,0.75,2,"C00,W",0.0,0,0,,1,3,True,4,ok,e1_ladder,mpdag_criterion,True,"Conjecture 2 (hence Anti-Exchange Case B, verified not proved)","(('C00', 'Y'), ('W', 'Y'), ('X', 'Y'))",0.0007167499998104176,0.033150917000057234,0.03386766699986765,,4,9,4,0,0.8,3.0,4,0
c10_s09_cov050_seed00000022_bw000,c10_s09_cov050_seed00000022,flip,fast_gate,10,9,measured,0.5,0.0,,22,X,Y,4,5,4,4,0.75,2,"C00,W",0.0,0,0,,1,3,True,4,ok,e1_ladder,mpdag_criterion,True,"Conjecture 2 (hence Anti-Exchange Case B, verified not proved)","(('C00', 'Y'), ('W', 'Y'), ('X', 'Y'))",0.000982833000307437,0.029656208000233164,0.0306390410005406,,4,9,4,0,0.8,3.0,4,0
c10_s09_cov050_seed00000023_bw000,c10_s09_cov050_seed00000023,flip,fast_gate,10,9,measured,0.5,0.0,,23,X,Y,4,5,4,4,0.75,2,"C00,W",0.0,0,0,,1,3,True,4,ok,e1_ladder,mpdag_criterion,True,"Conjecture 2 (hence Anti-Exchange Case B, verified not proved)","(('C00', 'Y'), ('W', 'Y'), ('X', 'Y'))",0.0006829169997217832,0.031246083000041835,0.03192899999976362,,4,9,4,0,0.8,3.0,4,0
c10_s09_cov050_seed00000024_bw000,c10_s09_cov050_seed00000024,flip,fast_gate,10,9,measured,0.5,0.0,,24,X,Y,4,5,4,4,0.75,2,"C00,W",0.0,0,0,,1,3,True,4,ok,e1_ladder,mpdag_criterion,True,"Conjecture 2 (hence Anti-Exchange Case B, verified not proved)","(('C00', 'Y'), ('W', 'Y'), ('X', 'Y'))",0.0007067920000736194,0.03218979200028116,0.03289658400035478,,4,9,4,0,0.8,3.0,4,0
c10_s09_cov050_seed00000025_bw000,c10_s09_cov050_seed00000025,flip,fast_gate,10,9,measured,0.5,0.0,,25,X,Y,4,5,4,4,0.75,2,"C00,W",0.0,0,0,,1,3,True,4,ok,e1_ladder,mpdag_criterion,True,"Conjecture 2 (hence Anti-Exchange Case B, verified not proved)","(('C00', 'Y'), ('W', 'Y'), ('X', 'Y'))",0.0007113340002433688,0.03580087500040463,0.036512209000648,,4,9,4,0,0.8,3.0,4,0
c10_s09_cov050_seed00000026_bw000,c10_s09_cov050_seed00000026,flip,fast_gate,10,9,measured,0.5,0.0,,26,X,Y,4,5,4,4,0.75,2,"C00,W",0.0,0,0,,1,3,True,4,ok,e1_ladder,mpdag_criterion,True,"Conjecture 2 (hence Anti-Exchange Case B, verified not proved)","(('C00', 'Y'), ('W', 'Y'), ('X', 'Y'))",0.0007006249998084968,0.030051833000015904,0.0307524579998244,,4,9,4,0,0.8,3.0,4,0
c10_s09_cov050_seed00000027_bw000,c10_s09_cov050_seed00000027,flip,fast_gate,10,9,measured,0.5,0.0,,27,X,Y,4,5,4,4,0.75,2,"C00,W",0.0,0,0,,1,3,True,4,ok,e1_ladder,mpdag_criterion,True,"Conjecture 2 (hence Anti-Exchange Case B, verified not proved)","(('C00', 'Y'), ('W', 'Y'), ('X', 'Y'))",0.001119499999731488,0.031287917000099696,0.032407416999831185,,4,9,4,0,0.8,3.0,4,0
c10_s09_cov050_seed00000028_bw000,c10_s09_cov050_seed00000028,flip,fast_gate,10,9,measured,0.5,0.0,,28,X,Y,4,5,4,4,0.75,2,"C00,W",0.0,0,0,,1,3,True,4,ok,e1_ladder,mpdag_criterion,True,"Conjecture 2 (hence Anti-Exchange Case B, verified not proved)","(('C00', 'Y'), ('W', 'Y'), ('X', 'Y'))",0.0006776670002182072,0.02971937499978594,0.03039704200000415,,4,9,4,0,0.8,3.0,4,0
c10_s09_cov050_seed00000029_bw000,c10_s09_cov050_seed00000029,flip,fast_gate,10,9,measured,0.5,0.0,,29,X,Y,4,5,4,4,0.75,2,"C00,W",0.0,0,0,,1,3,True,4,ok,e1_ladder,mpdag_criterion,True,"Conjecture 2 (hence Anti-Exchange Case B, verified not proved)","(('C00', 'Y'), ('W', 'Y'), ('X', 'Y'))",0.0007073749998198764,0.04201699999975972,0.042724374999579595,,4,9,4,0,0.8,3.0,4,0
c10_s09_cov050_seed00000030_bw000,c10_s09_cov050_seed00000030,flip,fast_gate,10,9,measured,0.5,0.0,,30,X,Y,4,5,4,4,0.75,2,"C00,W",0.0,0,0,,1,3,True,4,ok,e1_ladder,mpdag_criterion,True,"Conjecture 2 (hence Anti-Exchange Case B, verified not proved)","(('C00', 'Y'), ('W', 'Y'), ('X', 'Y'))",0.0007452919999195728,0.03633300000001327,0.037078291999932844,,4,9,4,0,0.8,3.0,4,0
c10_s09_cov050_seed00000031_bw000,c10_s09_cov050_seed00000031,flip,fast_gate,10,9,measured,0.5,0.0,,31,X,Y,4,5,4,4,0.75,2,"C00,W",0.0,0,0,,1,3,True,4,ok,e1_ladder,mpdag_criterion,True,"Conjecture 2 (hence Anti-Exchange Case B, verified not proved)","(('C00', 'Y'), ('W', 'Y'), ('X', 'Y'))",0.0007455410000147822,0.04259462500021982,0.0433401660002346,,4,9,4,0,0.8,3.0,4,0
c10_s09_cov050_seed00000032_bw000,c10_s09_cov050_seed00000032,flip,fast_gate,10,9,measured,0.5,0.0,,32,X,Y,4,5,4,4,0.75,2,"C00,W",0.0,0,0,,1,3,True,4,ok,e1_ladder,mpdag_criterion,True,"Conjecture 2 (hence Anti-Exchange Case B, verified not proved)","(('C00', 'Y'), ('W', 'Y'), ('X', 'Y'))",0.0007994170000529266,0.03778708399977404,0.03858650099982697,,4,9,4,0,0.8,3.0,4,0
c10_s09_cov050_seed00000033_bw000,c10_s09_cov050_seed00000033,flip,fast_gate,10,9,measured,0.5,0.0,,33,X,Y,4,5,4,4,0.75,2,"C00,W",0.0,0,0,,1,3,True,4,ok,e1_ladder,mpdag_criterion,True,"Conjecture 2 (hence Anti-Exchange Case B, verified not proved)","(('C00', 'Y'), ('W', 'Y'), ('X', 'Y'))",0.0012174170001344464,0.04418762500017692,0.04540504200031137,,4,9,4,0,0.8,3.0,4,0
c10_s09_cov050_seed00000034_bw000,c10_s09_cov050_seed00000034,flip,fast_gate,10,9,measured,0.5,0.0,,34,X,Y,4,5,4,4,0.75,2,"C00,W",0.0,0,0,,1,3,True,4,ok,e1_ladder,mpdag_criterion,True,"Conjecture 2 (hence Anti-Exchange Case B, verified not proved)","(('C00', 'Y'), ('W', 'Y'), ('X', 'Y'))",0.000739542000246729,0.030472791000192956,0.031212333000439685,,4,9,4,0,0.8,3.0,4,0
c10_s09_cov050_seed00000035_bw000,c10_s09_cov050_seed00000035,flip,fast_gate,10,9,measured,0.5,0.0,,35,X,Y,4,5,4,4,0.75,2,"C00,W",0.0,0,0,,1,3,True,4,ok,e1_ladder,mpdag_criterion,True,"Conjecture 2 (hence Anti-Exchange Case B, verified not proved)","(('C00', 'Y'), ('W', 'Y'), ('X', 'Y'))",0.0012741660002575372,0.03971533399999316,0.0409895000002507,,4,9,4,0,0.8,3.0,4,0
c10_s09_cov050_seed00000036_bw000,c10_s09_cov050_seed00000036,flip,fast_gate,10,9,measured,0.5,0.0,,36,X,Y,4,5,4,4,0.75,2,"C00,W",0.0,0,0,,1,3,True,4,ok,e1_ladder,mpdag_criterion,True,"Conjecture 2 (hence Anti-Exchange Case B, verified not proved)","(('C00', 'Y'), ('W', 'Y'), ('X', 'Y'))",0.0007482500000151049,0.033901499999956286,0.03464974999997139,,4,9,4,0,0.8,3.0,4,0
c10_s09_cov050_seed00000037_bw000,c10_s09_cov050_seed00000037,flip,fast_gate,10,9,measured,0.5,0.0,,37,X,Y,4,5,4,4,0.75,2,"C00,W",0.0,0,0,,1,3,True,4,ok,e1_ladder,mpdag_criterion,True,"Conjecture 2 (hence Anti-Exchange Case B, verified not proved)","(('C00', 'Y'), ('W', 'Y'), ('X', 'Y'))",0.0007390420000774611,0.04102491599996938,0.04176395800004684,,4,9,4,0,0.8,3.0,4,0
c10_s09_cov050_seed00000038_bw000,c10_s09_cov050_seed00000038,flip,fast_gate,10,9,measured,0.5,0.0,,38,X,Y,4,5,4,4,0.75,2,"C00,W",0.0,0,0,,1,3,True,4,ok,e1_ladder,mpdag_criterion,True,"Conjecture 2 (hence Anti-Exchange Case B, verified not proved)","(('C00', 'Y'), ('W', 'Y'), ('X', 'Y'))",0.0007198749999588472,0.032119209000029514,0.03283908399998836,,4,9,4,0,0.8,3.0,4,0
c10_s09_cov050_seed00000039_bw000,c10_s09_cov050_seed00000039,flip,fast_gate,10,9,measured,0.5,0.0,,39,X,Y,4,5,4,4,0.75,2,"C00,W",0.0,0,0,,1,3,True,4,ok,e1_ladder,mpdag_criterion,True,"Conjecture 2 (hence Anti-Exchange Case B, verified not proved)","(('C00', 'Y'), ('W', 'Y'), ('X', 'Y'))",0.0011843749998661224,0.038035457999740174,0.0392198329996063,,4,9,4,0,0.8,3.0,4,0
c10_s09_cov050_seed00000000_bw010,c10_s09_cov050_seed00000000,flip,fast_gate,10,9,measured,0.5,0.1,,0,X,Y,4,5,4,4,0.75,2,"C00,W",0.0,0,0,,1,3,True,4,ok,e1_ladder,mpdag_criterion,True,"Conjecture 2 (hence Anti-Exchange Case B, verified not proved)","(('C00', 'Y'), ('W', 'Y'), ('X', 'Y'))",0.0007147920000534214,0.04007254099997226,0.04078733300002568,,4,9,4,0,0.8,3.0,4,0
c10_s09_cov050_seed00000001_bw010,c10_s09_cov050_seed00000001,flip,fast_gate,10,9,measured,0.5,0.1,,1,X,Y,4,5,4,4,0.75,2,"C00,W",0.0,0,0,,1,3,True,4,ok,e1_ladder,mpdag_criterion,True,"Conjecture 2 (hence Anti-Exchange Case B, verified not proved)","(('C00', 'Y'), ('W', 'Y'), ('X', 'Y'))",0.0007389170000351442,0.03543920799984335,0.03617812499987849,,4,9,4,0,0.8,3.0,4,0
c10_s09_cov050_seed00000002_bw010,c10_s09_cov050_seed00000002,flip,fast_gate,10,9,measured,0.5,0.1,,2,X,Y,4,5,4,4,0.75,2,"C00,W",0.0,0,0,,1,3,True,4,ok,e1_ladder,mpdag_criterion,True,"Conjecture 2 (hence Anti-Exchange Case B, verified not proved)","(('C00', 'Y'), ('W', 'Y'), ('X', 'Y'))",0.00123195800006215,0.03800458300020182,0.03923654100026397,,4,9,4,0,0.8,3.0,4,0
c10_s09_cov050_seed00000003_bw010,c10_s09_cov050_seed00000003,flip,fast_gate,10,9,measured,0.5,0.1,,3,X,Y,4,5,4,4,0.75,2,"C00,W",0.0,0,0,,1,3,True,4,ok,e1_ladder,mpdag_criterion,True,"Conjecture 2 (hence Anti-Exchange Case B, verified not proved)","(('C00', 'Y'), ('W', 'Y'), ('X', 'Y'))",0.0008202920002986502,0.030908541999906447,0.0317288340002051,,4,9,4,0,0.8,3.0,4,0
c10_s09_cov050_seed00000004_bw010,c10_s09_cov050_seed00000004,flip,fast_gate,10,9,measured,0.5,0.1,,4,X,Y,4,5,4,4,0.75,2,"C00,W",0.0,0,0,,1,3,True,4,ok,e1_ladder,mpdag_criterion,True,"Conjecture 2 (hence Anti-Exchange Case B, verified not proved)","(('C00', 'Y'), ('W', 'Y'), ('X', 'Y'))",0.0007075000003169407,0.038536000000021886,0.03924350000033883,,4,9,4,0,0.8,3.0,4,0
c10_s09_cov050_seed00000005_bw010,c10_s09_cov050_seed00000005,flip,fast_gate,10,9,measured,0.5,0.1,,5,X,Y,4,5,4,4,0.75,2,"C00,W",0.0,0,0,,1,3,True,4,ok,e1_ladder,mpdag_criterion,True,"Conjecture 2 (hence Anti-Exchange Case B, verified not proved)","(('C00', 'Y'), ('W', 'Y'), ('X', 'Y'))",0.0007326250001824519,0.03719195800022135,0.0379245830004038,,4,9,4,0,0.8,3.0,4,0
c10_s09_cov050_seed00000006_bw010,c10_s09_cov050_seed00000006,flip,fast_gate,10,9,measured,0.5,0.1,,6,X,Y,4,5,4,4,0.75,2,"C00,W",0.0,0,0,,1,3,True,4,ok,e1_ladder,mpdag_criterion,True,"Conjecture 2 (hence Anti-Exchange Case B, verified not proved)","(('C00', 'Y'), ('W', 'Y'), ('X', 'Y'))",0.001232665999850724,0.04273612499991941,0.043968790999770135,,4,9,4,0,0.8,3.0,4,0
c10_s09_cov050_seed00000007_bw010,c10_s09_cov050_seed00000007,flip,fast_gate,10,9,measured,0.5,0.1,,7,X,Y,4,5,4,4,0.75,2,"C00,W",0.0,0,0,,1,3,True,4,ok,e1_ladder,mpdag_criterion,True,"Conjecture 2 (hence Anti-Exchange Case B, verified not proved)","(('C00', 'Y'), ('W', 'Y'), ('X', 'Y'))",0.0007242920000862796,0.036526332999983424,0.037250625000069704,,4,9,4,0,0.8,3.0,4,0
c10_s09_cov050_seed00000008_bw010,c10_s09_cov050_seed00000008,flip,fast_gate,10,9,measured,0.5,0.1,,8,X,Y,4,5,4,4,0.75,2,"C00,W",0.0,0,0,,1,3,True,4,ok,e1_ladder,mpdag_criterion,True,"Conjecture 2 (hence Anti-Exchange Case B, verified not proved)","(('C00', 'Y'), ('W', 'Y'), ('X', 'Y'))",0.0013327919996299897,0.04101141599994662,0.04234420799957661,,4,9,4,0,0.8,3.0,4,0
c10_s09_cov050_seed00000009_bw010,c10_s09_cov050_seed00000009,flip,fast_gate,10,9,measured,0.5,0.1,,9,X,Y,4,5,4,4,0.75,2,"C00,W",0.0,0,0,,1,3,True,4,ok,e1_ladder,mpdag_criterion,True,"Conjecture 2 (hence Anti-Exchange Case B, verified not proved)","(('C00', 'Y'), ('W', 'Y'), ('X', 'Y'))",0.0007302079998225963,0.031305375000101776,0.03203558299992437,,4,9,4,0,0.8,3.0,4,0
c10_s09_cov050_seed00000010_bw010,c10_s09_cov050_seed00000010,flip,fast_gate,10,9,measured,0.5,0.1,,10,X,Y,4,5,4,4,0.75,2,"C00,W",0.0,0,0,,1,3,True,4,ok,e1_ladder,mpdag_criterion,True,"Conjecture 2 (hence Anti-Exchange Case B, verified not proved)","(('C00', 'Y'), ('W', 'Y'), ('X', 'Y'))",0.0012577500001498265,0.0316974580000533,0.03295520800020313,,4,9,4,0,0.8,3.0,4,0
c10_s09_cov050_seed00000011_bw010,c10_s09_cov050_seed00000011,flip,fast_gate,10,9,measured,0.5,0.1,,11,X,Y,4,5,4,4,0.75,2,"C00,W",0.0,0,0,,1,3,True,4,ok,e1_ladder,mpdag_criterion,True,"Conjecture 2 (hence Anti-Exchange Case B, verified not proved)","(('C00', 'Y'), ('W', 'Y'), ('X', 'Y'))",0.0012295409997022944,0.03377700000010009,0.03500654099980238,,4,9,4,0,0.8,3.0,4,0
c10_s09_cov050_seed00000012_bw010,c10_s09_cov050_seed00000012,flip,fast_gate,10,9,measured,0.5,0.1,,12,X,Y,4,5,4,4,0.75,2,"C00,W",0.0,0,0,,1,3,True,4,ok,e1_ladder,mpdag_criterion,True,"Conjecture 2 (hence Anti-Exchange Case B, verified not proved)","(('C00', 'Y'), ('W', 'Y'), ('X', 'Y'))",0.000720957999874372,0.0357714169999781,0.03649237499985247,,4,9,4,0,0.8,3.0,4,0
c10_s09_cov050_seed00000013_bw010,c10_s09_cov050_seed00000013,flip,fast_gate,10,9,measured,0.5,0.1,,13,X,Y,4,5,4,4,0.75,2,"C00,W",0.0,0,0,,1,3,True,4,ok,e1_ladder,mpdag_criterion,True,"Conjecture 2 (hence Anti-Exchange Case B, verified not proved)","(('C00', 'Y'), ('W', 'Y'), ('X', 'Y'))",0.0006679589996565483,0.040494791000128316,0.041162749999784864,,4,9,4,0,0.8,3.0,4,0
c10_s09_cov050_seed00000014_bw010,c10_s09_cov050_seed00000014,flip,fast_gate,10,9,measured,0.5,0.1,,14,X,Y,4,5,4,4,0.75,2,"C00,W",0.0,0,0,,1,3,True,4,ok,e1_ladder,mpdag_criterion,True,"Conjecture 2 (hence Anti-Exchange Case B, verified not proved)","(('C00', 'Y'), ('W', 'Y'), ('X', 'Y'))",0.0008202910003092256,0.037782083000365674,0.0386023740006749,,4,9,4,0,0.8,3.0,4,0
c10_s09_cov050_seed00000015_bw010,c10_s09_cov050_seed00000015,flip,fast_gate,10,9,measured,0.5,0.1,,15,X,Y,4,5,4,4,0.75,2,"C00,W",0.0,0,0,,1,3,True,4,ok,e1_ladder,mpdag_criterion,True,"Conjecture 2 (hence Anti-Exchange Case B, verified not proved)","(('C00', 'Y'), ('W', 'Y'), ('X', 'Y'))",0.0007485830001314753,0.03302658299980976,0.03377516599994124,,4,9,4,0,0.8,3.0,4,0
c10_s09_cov050_seed00000016_bw010,c10_s09_cov050_seed00000016,flip,fast_gate,10,9,measured,0.5,0.1,,16,X,Y,4,5,4,4,0.75,2,"C00,W",0.0,0,0,,1,3,True,4,ok,e1_ladder,mpdag_criterion,True,"Conjecture 2 (hence Anti-Exchange Case B, verified not proved)","(('C00', 'Y'), ('W', 'Y'), ('X', 'Y'))",0.0007424589998663578,0.034907207999822276,0.035649666999688634,,4,9,4,0,0.8,3.0,4,0
c10_s09_cov050_seed00000017_bw010,c10_s09_cov050_seed00000017,flip,fast_gate,10,9,measured,0.5,0.1,,17,X,Y,4,5,4,4,0.75,2,"C00,W",0.0,0,0,,1,3,True,4,ok,e1_ladder,mpdag_criterion,True,"Conjecture 2 (hence Anti-Exchange Case B, verified not proved)","(('C00', 'Y'), ('W', 'Y'), ('X', 'Y'))",0.0007111249997251434,0.033398625000245374,0.03410974999997052,,4,9,4,0,0.8,3.0,4,0
c10_s09_cov050_seed00000018_bw010,c10_s09_cov050_seed00000018,flip,fast_gate,10,9,measured,0.5,0.1,,18,X,Y,4,5,4,4,0.75,2,"C00,W",0.0,0,0,,1,3,True,4,ok,e1_ladder,mpdag_criterion,True,"Conjecture 2 (hence Anti-Exchange Case B, verified not proved)","(('C00', 'Y'), ('W', 'Y'), ('X', 'Y'))",0.0007306249999601278,0.03456774999995105,0.035298374999911175,,4,9,4,0,0.8,3.0,4,0
c10_s09_cov050_seed00000019_bw010,c10_s09_cov050_seed00000019,flip,fast_gate,10,9,measured,0.5,0.1,,19,X,Y,4,5,4,4,0.75,2,"C00,W",0.0,0,0,,1,3,True,4,ok,e1_ladder,mpdag_criterion,True,"Conjecture 2 (hence Anti-Exchange Case B, verified not proved)","(('C00', 'Y'), ('W', 'Y'), ('X', 'Y'))",0.0008444160002909484,0.029702833000101236,0.030547249000392185,,4,9,4,0,0.8,3.0,4,0
c10_s09_cov050_seed00000020_bw010,c10_s09_cov050_seed00000020,flip,fast_gate,10,9,measured,0.5,0.1,,20,X,Y,4,5,4,4,0.75,2,"C00,W",0.0,0,0,,1,3,True,4,ok,e1_ladder,mpdag_criterion,True,"Conjecture 2 (hence Anti-Exchange Case B, verified not proved)","(('C00', 'Y'), ('W', 'Y'), ('X', 'Y'))",0.0007207079997897381,0.03403633300013098,0.03475704099992072,,4,9,4,0,0.8,3.0,4,0
c10_s09_cov050_seed00000021_bw010,c10_s09_cov050_seed00000021,flip,fast_gate,10,9,measured,0.5,0.1,,21,X,Y,4,5,4,4,0.75,2,"C00,W",0.0,0,0,,1,3,True,4,ok,e1_ladder,mpdag_criterion,True,"Conjecture 2 (hence Anti-Exchange Case B, verified not proved)","(('C00', 'Y'), ('W', 'Y'), ('X', 'Y'))",0.000697708000188868,0.029888666999795532,0.0305863749999844,,4,9,4,0,0.8,3.0,4,0
c10_s09_cov050_seed00000022_bw010,c10_s09_cov050_seed00000022,flip,fast_gate,10,9,measured,0.5,0.1,,22,X,Y,4,5,4,4,0.75,2,"C00,W",0.0,0,0,,1,3,True,4,ok,e1_ladder,mpdag_criterion,True,"Conjecture 2 (hence Anti-Exchange Case B, verified not proved)","(('C00', 'Y'), ('W', 'Y'), ('X', 'Y'))",0.0008395840000048338,0.03330045799975778,0.034140041999762616,,4,9,4,0,0.8,3.0,4,0
c10_s09_cov050_seed00000023_bw010,c10_s09_cov050_seed00000023,flip,fast_gate,10,9,measured,0.5,0.1,,23,X,Y,4,5,4,4,0.75,2,"C00,W",0.0,0,0,,1,3,True,4,ok,e1_ladder,mpdag_criterion,True,"Conjecture 2 (hence Anti-Exchange Case B, verified not proved)","(('C00', 'Y'), ('W', 'Y'), ('X', 'Y'))",0.0007431249996443512,0.03552620800019213,0.03626933299983648,,4,9,4,0,0.8,3.0,4,0
c10_s09_cov050_seed00000024_bw010,c10_s09_cov050_seed00000024,flip,fast_gate,10,9,measured,0.5,0.1,,24,X,Y,4,5,4,4,0.75,2,"C00,W",0.0,0,0,,1,3,True,4,ok,e1_ladder,mpdag_criterion,True,"Conjecture 2 (hence Anti-Exchange Case B, verified not proved)","(('C00', 'Y'), ('W', 'Y'), ('X', 'Y'))",0.000698750000083237,0.03810154200027682,0.03880029200036006,,4,9,4,0,0.8,3.0,4,0
c10_s09_cov050_seed00000025_bw010,c10_s09_cov050_seed00000025,flip,fast_gate,10,9,measured,0.5,0.1,,25,X,Y,4,5,4,4,0.75,2,"C00,W",0.0,0,0,,1,3,True,4,ok,e1_ladder,mpdag_criterion,True,"Conjecture 2 (hence Anti-Exchange Case B, verified not proved)","(('C00', 'Y'), ('W', 'Y'), ('X', 'Y'))",0.0007120000000213622,0.029420999999729247,0.03013299999975061,,4,9,4,0,0.8,3.0,4,0
c10_s09_cov050_seed00000026_bw010,c10_s09_cov050_seed00000026,flip,fast_gate,10,9,measured,0.5,0.1,,26,X,Y,4,5,4,4,0.75,2,"C00,W",0.0,0,0,,1,3,True,4,ok,e1_ladder,mpdag_criterion,True,"Conjecture 2 (hence Anti-Exchange Case B, verified not proved)","(('C00', 'Y'), ('W', 'Y'), ('X', 'Y'))",0.0009655419999035075,0.0304509589996087,0.03141650099951221,,4,9,4,0,0.8,3.0,4,0
c10_s09_cov050_seed00000027_bw010,c10_s09_cov050_seed00000027,flip,fast_gate,10,9,measured,0.5,0.1,,27,X,Y,4,5,4,4,0.75,2,"C00,W",0.0,0,0,,1,3,True,4,ok,e1_ladder,mpdag_criterion,True,"Conjecture 2 (hence Anti-Exchange Case B, verified not proved)","(('C00', 'Y'), ('W', 'Y'), ('X', 'Y'))",0.000725417000012385,0.037741332999758015,0.0384667499997704,,4,9,4,0,0.8,3.0,4,0
c10_s09_cov050_seed00000028_bw010,c10_s09_cov050_seed00000028,flip,fast_gate,10,9,measured,0.5,0.1,,28,X,Y,4,5,4,4,0.75,2,"C00,W",0.0,0,0,,1,3,True,4,ok,e1_ladder,mpdag_criterion,True,"Conjecture 2 (hence Anti-Exchange Case B, verified not proved)","(('C00', 'Y'), ('W', 'Y'), ('X', 'Y'))",0.0007046670002637256,0.030722416000116937,0.03142708300038066,,4,9,4,0,0.8,3.0,4,0
c10_s09_cov050_seed00000029_bw010,c10_s09_cov050_seed00000029,flip,fast_gate,10,9,measured,0.5,0.1,,29,X,Y,4,5,4,4,0.75,2,"C00,W",0.0,0,0,,1,3,True,4,ok,e1_ladder,mpdag_criterion,True,"Conjecture 2 (hence Anti-Exchange Case B, verified not proved)","(('C00', 'Y'), ('W', 'Y'), ('X', 'Y'))",0.0006838749995949911,0.028762875000211352,0.029446749999806343,,4,9,4,0,0.8,3.0,4,0
c10_s09_cov050_seed00000030_bw010,c10_s09_cov050_seed00000030,flip,fast_gate,10,9,measured,0.5,0.1,,30,X,Y,4,5,4,4,0.75,2,"C00,W",0.0,0,0,,1,3,True,4,ok,e1_ladder,mpdag_criterion,True,"Conjecture 2 (hence Anti-Exchange Case B, verified not proved)","(('C00', 'Y'), ('W', 'Y'), ('X', 'Y'))",0.000680583999837836,0.03382908399998996,0.0345096679998278,,4,9,4,0,0.8,3.0,4,0
c10_s09_cov050_seed00000031_bw010,c10_s09_cov050_seed00000031,flip,fast_gate,10,9,measured,0.5,0.1,,31,X,Y,4,5,4,4,0.75,2,"C00,W",0.0,0,0,,1,3,True,4,ok,e1_ladder,mpdag_criterion,True,"Conjecture 2 (hence Anti-Exchange Case B, verified not proved)","(('C00', 'Y'), ('W', 'Y'), ('X', 'Y'))",0.0006772499996259285,0.03336525000031543,0.034042499999941356,,4,9,4,0,0.8,3.0,4,0
c10_s09_cov050_seed00000032_bw010,c10_s09_cov050_seed00000032,flip,fast_gate,10,9,measured,0.5,0.1,,32,X,Y,4,5,4,4,0.75,2,"C00,W",0.0,0,0,,1,3,True,4,ok,e1_ladder,mpdag_criterion,True,"Conjecture 2 (hence Anti-Exchange Case B, verified not proved)","(('C00', 'Y'), ('W', 'Y'), ('X', 'Y'))",0.0006873750003251189,0.033794958000271436,0.034482333000596554,,4,9,4,0,0.8,3.0,4,0
c10_s09_cov050_seed00000033_bw010,c10_s09_cov050_seed00000033,flip,fast_gate,10,9,measured,0.5,0.1,,33,X,Y,4,5,4,4,0.75,2,"C00,W",0.0,0,0,,1,3,True,4,ok,e1_ladder,mpdag_criterion,True,"Conjecture 2 (hence Anti-Exchange Case B, verified not proved)","(('C00', 'Y'), ('W', 'Y'), ('X', 'Y'))",0.0007092089999787277,0.03410858300003383,0.03481779200001256,,4,9,4,0,0.8,3.0,4,0
c10_s09_cov050_seed00000034_bw010,c10_s09_cov050_seed00000034,flip,fast_gate,10,9,measured,0.5,0.1,,34,X,Y,4,5,4,4,0.75,2,"C00,W",0.0,0,0,,1,3,True,4,ok,e1_ladder,mpdag_criterion,True,"Conjecture 2 (hence Anti-Exchange Case B, verified not proved)","(('C00', 'Y'), ('W', 'Y'), ('X', 'Y'))",0.0007039160000203992,0.034209166999971785,0.034913082999992184,,4,9,4,0,0.8,3.0,4,0
c10_s09_cov050_seed00000035_bw010,c10_s09_cov050_seed00000035,flip,fast_gate,10,9,measured,0.5,0.1,,35,X,Y,4,5,4,4,0.75,2,"C00,W",0.0,0,0,,1,3,True,4,ok,e1_ladder,mpdag_criterion,True,"Conjecture 2 (hence Anti-Exchange Case B, verified not proved)","(('C00', 'Y'), ('W', 'Y'), ('X', 'Y'))",0.0007344589998865558,0.03737916599993696,0.038113624999823514,,4,9,4,0,0.8,3.0,4,0
c10_s09_cov050_seed00000036_bw010,c10_s09_cov050_seed00000036,flip,fast_gate,10,9,measured,0.5,0.1,,36,X,Y,4,5,4,4,0.75,2,"C00,W",0.0,0,0,,1,3,True,4,ok,e1_ladder,mpdag_criterion,True,"Conjecture 2 (hence Anti-Exchange Case B, verified not proved)","(('C00', 'Y'), ('W', 'Y'), ('X', 'Y'))",0.0006796659999963595,0.02976912500025719,0.03044879100025355,,4,9,4,0,0.8,3.0,4,0
c10_s09_cov050_seed00000037_bw010,c10_s09_cov050_seed00000037,flip,fast_gate,10,9,measured,0.5,0.1,,37,X,Y,4,5,4,4,0.75,2,"C00,W",0.0,0,0,,1,3,True,4,ok,e1_ladder,mpdag_criterion,True,"Conjecture 2 (hence Anti-Exchange Case B, verified not proved)","(('C00', 'Y'), ('W', 'Y'), ('X', 'Y'))",0.0007251659999383264,0.034188417000223126,0.03491358300016145,,4,9,4,0,0.8,3.0,4,0
c10_s09_cov050_seed00000038_bw010,c10_s09_cov050_seed00000038,flip,fast_gate,10,9,measured,0.5,0.1,,38,X,Y,4,5,4,4,0.75,2,"C00,W",0.0,0,0,,1,3,True,4,ok,e1_ladder,mpdag_criterion,True,"Conjecture 2 (hence Anti-Exchange Case B, verified not proved)","(('C00', 'Y'), ('W', 'Y'), ('X', 'Y'))",0.001307999999880849,0.031966958999873896,0.033274958999754745,,4,9,4,0,0.8,3.0,4,0
c10_s09_cov050_seed00000039_bw010,c10_s09_cov050_seed00000039,flip,fast_gate,10,9,measured,0.5,0.1,,39,X,Y,4,5,4,4,0.75,2,"C00,W",0.0,0,0,,1,3,True,4,ok,e1_ladder,mpdag_criterion,True,"Conjecture 2 (hence Anti-Exchange Case B, verified not proved)","(('C00', 'Y'), ('W', 'Y'), ('X', 'Y'))",0.0011935409997931856,0.03623379100008606,0.03742733199987924,,4,9,4,0,0.8,3.0,4,0
c10_s09_cov050_seed00000002_bw025,c10_s09_cov050_seed00000002,flip,fast_gate,10,9,measured,0.5,0.25,,2,X,Y,4,12,9,9,0.75,2,"C00,W",0.0,0,0,3,0,3,True,3,ok,local_up_fast,mpdag_criterion,True,"Conjecture 2 (hence Anti-Exchange Case B, verified not proved)",C00->Y C01->C00 C02->C01 C03->C02 C04->C03 C05->C04 C06->C05 W->Y X->Y C06-C07 C07-C08 C08-X,0.0015134169998418656,0.0,0.0015134169998418656,,4,32,7,0,0.6,2.0,4,1
c10_s09_cov050_seed00000003_bw025,c10_s09_cov050_seed00000003,flip,fast_gate,10,9,measured,0.5,0.25,,3,X,Y,4,12,9,9,0.75,2,"C00,W",0.0,0,0,3,0,3,True,3,ok,local_up_fast,mpdag_criterion,True,"Conjecture 2 (hence Anti-Exchange Case B, verified not proved)",C00->Y C01->C00 C02->C01 C03->C02 C04->C03 C05->C04 C06->C05 W->Y X->Y C06-C07 C07-C08 C08-X,0.0014010830000188434,0.0,0.0014010830000188434,,4,32,7,0,0.6,2.0,4,1
c10_s09_cov050_seed00000006_bw025,c10_s09_cov050_seed00000006,flip,fast_gate,10,9,measured,0.5,0.25,,6,X,Y,4,12,9,9,0.75,2,"C00,W",0.0,0,0,3,0,3,True,3,ok,local_up_fast,mpdag_criterion,True,"Conjecture 2 (hence Anti-Exchange Case B, verified not proved)",C00->Y C01->C00 C02->C01 C03->C02 C04->C03 C05->C04 C06->C05 W->Y X->Y C06-C07 C07-C08 C08-X,0.001352000000224507,0.0,0.001352000000224507,,4,32,7,0,0.6,2.0,4,1
c10_s09_cov050_seed00000007_bw025,c10_s09_cov050_seed00000007,flip,fast_gate,10,9,measured,0.5,0.25,,7,X,Y,4,12,9,9,0.75,2,"C00,W",0.0,0,0,3,0,3,True,3,ok,local_up_fast,mpdag_criterion,True,"Conjecture 2 (hence Anti-Exchange Case B, verified not proved)",C00->Y C01->C00 C02->C01 C03->C02 C04->C03 C05->C04 C06->C05 W->Y X->Y C06-C07 C07-C08 C08-X,0.0013480839998010197,0.0,0.0013480839998010197,,4,32,7,0,0.6,2.0,4,1
c10_s09_cov050_seed00000013_bw025,c10_s09_cov050_seed00000013,flip,fast_gate,10,9,measured,0.5,0.25,,13,X,Y,4,12,9,9,0.75,2,"C00,W",0.0,0,0,3,0,3,True,3,ok,local_up_fast,mpdag_criterion,True,"Conjecture 2 (hence Anti-Exchange Case B, verified not proved)",C00->Y C01->C00 C02->C01 C03->C02 C04->C03 C05->C04 C06->C05 W->Y X->Y C06-C07 C07-C08 C08-X,0.0026427079997120018,0.0,0.0026427079997120018,,4,32,7,0,0.6,2.0,4,1
c10_s09_cov050_seed00000018_bw025,c10_s09_cov050_seed00000018,flip,fast_gate,10,9,measured,0.5,0.25,,18,X,Y,4,12,9,9,0.75,2,"C00,W",0.0,0,0,3,0,3,True,3,ok,local_up_fast,mpdag_criterion,True,"Conjecture 2 (hence Anti-Exchange Case B, verified not proved)",C00->Y C01->C00 C02->C01 C03->C02 C04->C03 C05->C04 C06->C05 W->Y X->Y C06-C07 C07-C08 C08-X,0.0014612500003750029,0.0,0.0014612500003750029,,4,32,7,0,0.6,2.0,4,1
c10_s09_cov050_seed00000019_bw025,c10_s09_cov050_seed00000019,flip,fast_gate,10,9,measured,0.5,0.25,,19,X,Y,4,12,9,9,0.75,2,"C00,W",0.0,0,0,3,0,3,True,3,ok,local_up_fast,mpdag_criterion,True,"Conjecture 2 (hence Anti-Exchange Case B, verified not proved)",C00->Y C01->C00 C02->C01 C03->C02 C04->C03 C05->C04 C06->C05 W->Y X->Y C06-C07 C07-C08 C08-X,0.001359249999950407,0.0,0.001359249999950407,,4,32,7,0,0.6,2.0,4,1
c10_s09_cov050_seed00000020_bw025,c10_s09_cov050_seed00000020,flip,fast_gate,10,9,measured,0.5,0.25,,20,X,Y,4,12,9,9,0.75,2,"C00,W",0.0,0,0,3,0,3,True,3,ok,local_up_fast,mpdag_criterion,True,"Conjecture 2 (hence Anti-Exchange Case B, verified not proved)",C00->Y C01->C00 C02->C01 C03->C02 C04->C03 C05->C04 C06->C05 W->Y X->Y C06-C07 C07-C08 C08-X,0.001438374999906955,0.0,0.001438374999906955,,4,32,7,0,0.6,2.0,4,1
c10_s09_cov050_seed00000021_bw025,c10_s09_cov050_seed00000021,flip,fast_gate,10,9,measured,0.5,0.25,,21,X,Y,4,12,9,9,0.75,2,"C00,W",0.0,0,0,3,0,3,True,3,ok,local_up_fast,mpdag_criterion,True,"Conjecture 2 (hence Anti-Exchange Case B, verified not proved)",C00->Y C01->C00 C02->C01 C03->C02 C04->C03 C05->C04 C06->C05 W->Y X->Y C06-C07 C07-C08 C08-X,0.0014257079997150868,0.0,0.0014257079997150868,,4,32,7,0,0.6,2.0,4,1
c10_s09_cov050_seed00000023_bw025,c10_s09_cov050_seed00000023,flip,fast_gate,10,9,measured,0.5,0.25,,23,X,Y,4,12,9,9,0.75,2,"C00,W",0.0,0,0,3,0,3,True,3,ok,local_up_fast,mpdag_criterion,True,"Conjecture 2 (hence Anti-Exchange Case B, verified not proved)",C00->Y C01->C00 C02->C01 C03->C02 C04->C03 C05->C04 C06->C05 W->Y X->Y C06-C07 C07-C08 C08-X,0.0026052499997604173,0.0,0.0026052499997604173,,4,32,7,0,0.6,2.0,4,1
c10_s09_cov050_seed00000025_bw025,c10_s09_cov050_seed00000025,flip,fast_gate,10,9,measured,0.5,0.25,,25,X,Y,4,12,9,9,0.75,2,"C00,W",0.0,0,0,3,0,3,True,3,ok,local_up_fast,mpdag_criterion,True,"Conjecture 2 (hence Anti-Exchange Case B, verified not proved)",C00->Y C01->C00 C02->C01 C03->C02 C04->C03 C05->C04 C06->C05 W->Y X->Y C06-C07 C07-C08 C08-X,0.0013683339998351585,0.0,0.0013683339998351585,,4,32,7,0,0.6,2.0,4,1
c10_s09_cov050_seed00000027_bw025,c10_s09_cov050_seed00000027,flip,fast_gate,10,9,measured,0.5,0.25,,27,X,Y,4,12,9,9,0.75,2,"C00,W",0.0,0,0,3,0,3,True,3,ok,local_up_fast,mpdag_criterion,True,"Conjecture 2 (hence Anti-Exchange Case B, verified not proved)",C00->Y C01->C00 C02->C01 C03->C02 C04->C03 C05->C04 C06->C05 W->Y X->Y C06-C07 C07-C08 C08-X,0.001408208000157174,0.0,0.001408208000157174,,4,32,7,0,0.6,2.0,4,1
c10_s09_cov050_seed00000031_bw025,c10_s09_cov050_seed00000031,flip,fast_gate,10,9,measured,0.5,0.25,,31,X,Y,4,12,9,9,0.75,2,"C00,W",0.0,0,0,3,0,3,True,3,ok,local_up_fast,mpdag_criterion,True,"Conjecture 2 (hence Anti-Exchange Case B, verified not proved)",C00->Y C01->C00 C02->C01 C03->C02 C04->C03 C05->C04 C06->C05 W->Y X->Y C06-C07 C07-C08 C08-X,0.0013984590000291064,0.0,0.0013984590000291064,,4,32,7,0,0.6,2.0,4,1
c10_s09_cov050_seed00000040_bw025,c10_s09_cov050_seed00000040,flip,fast_gate,10,9,measured,0.5,0.25,,40,X,Y,4,12,9,9,0.75,2,"C00,W",0.0,0,0,3,0,3,True,3,ok,local_up_fast,mpdag_criterion,True,"Conjecture 2 (hence Anti-Exchange Case B, verified not proved)",C00->Y C01->C00 C02->C01 C03->C02 C04->C03 C05->C04 C06->C05 W->Y X->Y C06-C07 C07-C08 C08-X,0.004729916000087542,0.0,0.004729916000087542,,4,32,7,0,0.6,2.0,4,1
c10_s09_cov050_seed00000041_bw025,c10_s09_cov050_seed00000041,flip,fast_gate,10,9,measured,0.5,0.25,,41,X,Y,4,12,9,9,0.75,2,"C00,W",0.0,0,0,3,0,3,True,3,ok,local_up_fast,mpdag_criterion,True,"Conjecture 2 (hence Anti-Exchange Case B, verified not proved)",C00->Y C01->C00 C02->C01 C03->C02 C04->C03 C05->C04 C06->C05 W->Y X->Y C06-C07 C07-C08 C08-X,0.0014489999998659187,0.0,0.0014489999998659187,,4,32,7,0,0.6,2.0,4,1
c10_s09_cov050_seed00000042_bw025,c10_s09_cov050_seed00000042,flip,fast_gate,10,9,measured,0.5,0.25,,42,X,Y,4,12,9,9,0.75,2,"C00,W",0.0,0,0,3,0,3,True,3,ok,local_up_fast,mpdag_criterion,True,"Conjecture 2 (hence Anti-Exchange Case B, verified not proved)",C00->Y C01->C00 C02->C01 C03->C02 C04->C03 C05->C04 C06->C05 W->Y X->Y C06-C07 C07-C08 C08-X,0.0013884169998163998,0.0,0.0013884169998163998,,4,32,7,0,0.6,2.0,4,1
c10_s09_cov050_seed00000044_bw025,c10_s09_cov050_seed00000044,flip,fast_gate,10,9,measured,0.5,0.25,,44,X,Y,4,12,9,9,0.75,2,"C00,W",0.0,0,0,3,0,3,True,3,ok,local_up_fast,mpdag_criterion,True,"Conjecture 2 (hence Anti-Exchange Case B, verified not proved)",C00->Y C01->C00 C02->C01 C03->C02 C04->C03 C05->C04 C06->C05 W->Y X->Y C06-C07 C07-C08 C08-X,0.0013387079998210538,0.0,0.0013387079998210538,,4,32,7,0,0.6,2.0,4,1
c10_s09_cov050_seed00000049_bw025,c10_s09_cov050_seed00000049,flip,fast_gate,10,9,measured,0.5,0.25,,49,X,Y,4,12,9,9,0.75,2,"C00,W",0.0,0,0,3,0,3,True,3,ok,local_up_fast,mpdag_criterion,True,"Conjecture 2 (hence Anti-Exchange Case B, verified not proved)",C00->Y C01->C00 C02->C01 C03->C02 C04->C03 C05->C04 C06->C05 W->Y X->Y C06-C07 C07-C08 C08-X,0.001378208000005543,0.0,0.001378208000005543,,4,32,7,0,0.6,2.0,4,1
c10_s09_cov050_seed00000052_bw025,c10_s09_cov050_seed00000052,flip,fast_gate,10,9,measured,0.5,0.25,,52,X,Y,4,12,9,9,0.75,2,"C00,W",0.0,0,0,3,0,3,True,3,ok,local_up_fast,mpdag_criterion,True,"Conjecture 2 (hence Anti-Exchange Case B, verified not proved)",C00->Y C01->C00 C02->C01 C03->C02 C04->C03 C05->C04 C06->C05 W->Y X->Y C06-C07 C07-C08 C08-X,0.0014002910002091085,0.0,0.0014002910002091085,,4,32,7,0,0.6,2.0,4,1
c10_s09_cov050_seed00000053_bw025,c10_s09_cov050_seed00000053,flip,fast_gate,10,9,measured,0.5,0.25,,53,X,Y,4,12,9,9,0.75,2,"C00,W",0.0,0,0,3,0,3,True,3,ok,local_up_fast,mpdag_criterion,True,"Conjecture 2 (hence Anti-Exchange Case B, verified not proved)",C00->Y C01->C00 C02->C01 C03->C02 C04->C03 C05->C04 C06->C05 W->Y X->Y C06-C07 C07-C08 C08-X,0.0025073330002669536,0.0,0.0025073330002669536,,4,32,7,0,0.6,2.0,4,1
c10_s09_cov050_seed00000058_bw025,c10_s09_cov050_seed00000058,flip,fast_gate,10,9,measured,0.5,0.25,,58,X,Y,4,12,9,9,0.75,2,"C00,W",0.0,0,0,3,0,3,True,3,ok,local_up_fast,mpdag_criterion,True,"Conjecture 2 (hence Anti-Exchange Case B, verified not proved)",C00->Y C01->C00 C02->C01 C03->C02 C04->C03 C05->C04 C06->C05 W->Y X->Y C06-C07 C07-C08 C08-X,0.0013914999999542488,0.0,0.0013914999999542488,,4,32,7,0,0.6,2.0,4,1
c10_s09_cov050_seed00000061_bw025,c10_s09_cov050_seed00000061,flip,fast_gate,10,9,measured,0.5,0.25,,61,X,Y,4,12,9,9,0.75,2,"C00,W",0.0,0,0,3,0,3,True,3,ok,local_up_fast,mpdag_criterion,True,"Conjecture 2 (hence Anti-Exchange Case B, verified not proved)",C00->Y C01->C00 C02->C01 C03->C02 C04->C03 C05->C04 C06->C05 W->Y X->Y C06-C07 C07-C08 C08-X,0.0014103749999776483,0.0,0.0014103749999776483,,4,32,7,0,0.6,2.0,4,1
c10_s09_cov050_seed00000064_bw025,c10_s09_cov050_seed00000064,flip,fast_gate,10,9,measured,0.5,0.25,,64,X,Y,4,12,9,9,0.75,2,"C00,W",0.0,0,0,3,0,3,True,3,ok,local_up_fast,mpdag_criterion,True,"Conjecture 2 (hence Anti-Exchange Case B, verified not proved)",C00->Y C01->C00 C02->C01 C03->C02 C04->C03 C05->C04 C06->C05 W->Y X->Y C06-C07 C07-C08 C08-X,0.0014203330001691938,0.0,0.0014203330001691938,,4,32,7,0,0.6,2.0,4,1
c10_s09_cov050_seed00000065_bw025,c10_s09_cov050_seed00000065,flip,fast_gate,10,9,measured,0.5,0.25,,65,X,Y,4,12,9,9,0.75,2,"C00,W",0.0,0,0,3,0,3,True,3,ok,local_up_fast,mpdag_criterion,True,"Conjecture 2 (hence Anti-Exchange Case B, verified not proved)",C00->Y C01->C00 C02->C01 C03->C02 C04->C03 C05->C04 C06->C05 W->Y X->Y C06-C07 C07-C08 C08-X,0.0014027500001247972,0.0,0.0014027500001247972,,4,32,7,0,0.6,2.0,4,1
c10_s09_cov050_seed00000067_bw025,c10_s09_cov050_seed00000067,flip,fast_gate,10,9,measured,0.5,0.25,,67,X,Y,4,12,9,9,0.75,2,"C00,W",0.0,0,0,3,0,3,True,3,ok,local_up_fast,mpdag_criterion,True,"Conjecture 2 (hence Anti-Exchange Case B, verified not proved)",C00->Y C01->C00 C02->C01 C03->C02 C04->C03 C05->C04 C06->C05 W->Y X->Y C06-C07 C07-C08 C08-X,0.0014178330002323491,0.0,0.0014178330002323491,,4,32,7,0,0.6,2.0,4,1
c10_s09_cov050_seed00000070_bw025,c10_s09_cov050_seed00000070,flip,fast_gate,10,9,measured,0.5,0.25,,70,X,Y,4,12,9,9,0.75,2,"C00,W",0.0,0,0,3,0,3,True,3,ok,local_up_fast,mpdag_criterion,True,"Conjecture 2 (hence Anti-Exchange Case B, verified not proved)",C00->Y C01->C00 C02->C01 C03->C02 C04->C03 C05->C04 C06->C05 W->Y X->Y C06-C07 C07-C08 C08-X,0.0013469579998854897,0.0,0.0013469579998854897,,4,32,7,0,0.6,2.0,4,1
c10_s09_cov050_seed00000073_bw025,c10_s09_cov050_seed00000073,flip,fast_gate,10,9,measured,0.5,0.25,,73,X,Y,4,12,9,9,0.75,2,"C00,W",0.0,0,0,3,0,3,True,3,ok,local_up_fast,mpdag_criterion,True,"Conjecture 2 (hence Anti-Exchange Case B, verified not proved)",C00->Y C01->C00 C02->C01 C03->C02 C04->C03 C05->C04 C06->C05 W->Y X->Y C06-C07 C07-C08 C08-X,0.0014224999999896681,0.0,0.0014224999999896681,,4,32,7,0,0.6,2.0,4,1
c10_s09_cov050_seed00000075_bw025,c10_s09_cov050_seed00000075,flip,fast_gate,10,9,measured,0.5,0.25,,75,X,Y,4,12,9,9,0.75,2,"C00,W",0.0,0,0,3,0,3,True,3,ok,local_up_fast,mpdag_criterion,True,"Conjecture 2 (hence Anti-Exchange Case B, verified not proved)",C00->Y C01->C00 C02->C01 C03->C02 C04->C03 C05->C04 C06->C05 W->Y X->Y C06-C07 C07-C08 C08-X,0.001431000000138738,0.0,0.001431000000138738,,4,32,7,0,0.6,2.0,4,1
c10_s09_cov050_seed00000080_bw025,c10_s09_cov050_seed00000080,flip,fast_gate,10,9,measured,0.5,0.25,,80,X,Y,4,12,9,9,0.75,2,"C00,W",0.0,0,0,3,0,3,True,3,ok,local_up_fast,mpdag_criterion,True,"Conjecture 2 (hence Anti-Exchange Case B, verified not proved)",C00->Y C01->C00 C02->C01 C03->C02 C04->C03 C05->C04 C06->C05 W->Y X->Y C06-C07 C07-C08 C08-X,0.001389791999827139,0.0,0.001389791999827139,,4,32,7,0,0.6,2.0,4,1
c10_s09_cov050_seed00000081_bw025,c10_s09_cov050_seed00000081,flip,fast_gate,10,9,measured,0.5,0.25,,81,X,Y,4,12,9,9,0.75,2,"C00,W",0.0,0,0,3,0,3,True,3,ok,local_up_fast,mpdag_criterion,True,"Conjecture 2 (hence Anti-Exchange Case B, verified not proved)",C00->Y C01->C00 C02->C01 C03->C02 C04->C03 C05->C04 C06->C05 W->Y X->Y C06-C07 C07-C08 C08-X,0.0017390840002917685,0.0,0.0017390840002917685,,4,32,7,0,0.6,2.0,4,1
c10_s09_cov050_seed00000083_bw025,c10_s09_cov050_seed00000083,flip,fast_gate,10,9,measured,0.5,0.25,,83,X,Y,4,12,9,9,0.75,2,"C00,W",0.0,0,0,3,0,3,True,3,ok,local_up_fast,mpdag_criterion,True,"Conjecture 2 (hence Anti-Exchange Case B, verified not proved)",C00->Y C01->C00 C02->C01 C03->C02 C04->C03 C05->C04 C06->C05 W->Y X->Y C06-C07 C07-C08 C08-X,0.0013974170001347375,0.0,0.0013974170001347375,,4,32,7,0,0.6,2.0,4,1
c10_s09_cov050_seed00000084_bw025,c10_s09_cov050_seed00000084,flip,fast_gate,10,9,measured,0.5,0.25,,84,X,Y,4,12,9,9,0.75,2,"C00,W",0.0,0,0,3,0,3,True,3,ok,local_up_fast,mpdag_criterion,True,"Conjecture 2 (hence Anti-Exchange Case B, verified not proved)",C00->Y C01->C00 C02->C01 C03->C02 C04->C03 C05->C04 C06->C05 W->Y X->Y C06-C07 C07-C08 C08-X,0.00261487500029034,0.0,0.00261487500029034,,4,32,7,0,0.6,2.0,4,1
c10_s09_cov050_seed00000088_bw025,c10_s09_cov050_seed00000088,flip,fast_gate,10,9,measured,0.5,0.25,,88,X,Y,4,12,9,9,0.75,2,"C00,W",0.0,0,0,3,0,3,True,3,ok,local_up_fast,mpdag_criterion,True,"Conjecture 2 (hence Anti-Exchange Case B, verified not proved)",C00->Y C01->C00 C02->C01 C03->C02 C04->C03 C05->C04 C06->C05 W->Y X->Y C06-C07 C07-C08 C08-X,0.0014454160000241245,0.0,0.0014454160000241245,,4,32,7,0,0.6,2.0,4,1
c10_s09_cov050_seed00000090_bw025,c10_s09_cov050_seed00000090,flip,fast_gate,10,9,measured,0.5,0.25,,90,X,Y,4,12,9,9,0.75,2,"C00,W",0.0,0,0,3,0,3,True,3,ok,local_up_fast,mpdag_criterion,True,"Conjecture 2 (hence Anti-Exchange Case B, verified not proved)",C00->Y C01->C00 C02->C01 C03->C02 C04->C03 C05->C04 C06->C05 W->Y X->Y C06-C07 C07-C08 C08-X,0.001420167000105721,0.0,0.001420167000105721,,4,32,7,0,0.6,2.0,4,1
c10_s09_cov050_seed00000092_bw025,c10_s09_cov050_seed00000092,flip,fast_gate,10,9,measured,0.5,0.25,,92,X,Y,4,12,9,9,0.75,2,"C00,W",0.0,0,0,3,0,3,True,3,ok,local_up_fast,mpdag_criterion,True,"Conjecture 2 (hence Anti-Exchange Case B, verified not proved)",C00->Y C01->C00 C02->C01 C03->C02 C04->C03 C05->C04 C06->C05 W->Y X->Y C06-C07 C07-C08 C08-X,0.001427459000296949,0.0,0.001427459000296949,,4,32,7,0,0.6,2.0,4,1
c10_s09_cov050_seed00000096_bw025,c10_s09_cov050_seed00000096,flip,fast_gate,10,9,measured,0.5,0.25,,96,X,Y,4,12,9,9,0.75,2,"C00,W",0.0,0,0,3,0,3,True,3,ok,local_up_fast,mpdag_criterion,True,"Conjecture 2 (hence Anti-Exchange Case B, verified not proved)",C00->Y C01->C00 C02->C01 C03->C02 C04->C03 C05->C04 C06->C05 W->Y X->Y C06-C07 C07-C08 C08-X,0.0014429580000978603,0.0,0.0014429580000978603,,4,32,7,0,0.6,2.0,4,1
c10_s09_cov050_seed00000101_bw025,c10_s09_cov050_seed00000101,flip,fast_gate,10,9,measured,0.5,0.25,,101,X,Y,4,12,9,9,0.75,2,"C00,W",0.0,0,0,3,0,3,True,3,ok,local_up_fast,mpdag_criterion,True,"Conjecture 2 (hence Anti-Exchange Case B, verified not proved)",C00->Y C01->C00 C02->C01 C03->C02 C04->C03 C05->C04 C06->C05 W->Y X->Y C06-C07 C07-C08 C08-X,0.0013915829999859852,0.0,0.0013915829999859852,,4,32,7,0,0.6,2.0,4,1
c10_s09_cov050_seed00000102_bw025,c10_s09_cov050_seed00000102,flip,fast_gate,10,9,measured,0.5,0.25,,102,X,Y,4,12,9,9,0.75,2,"C00,W",0.0,0,0,3,0,3,True,3,ok,local_up_fast,mpdag_criterion,True,"Conjecture 2 (hence Anti-Exchange Case B, verified not proved)",C00->Y C01->C00 C02->C01 C03->C02 C04->C03 C05->C04 C06->C05 W->Y X->Y C06-C07 C07-C08 C08-X,0.001392874999964988,0.0,0.001392874999964988,,4,32,7,0,0.6,2.0,4,1
c10_s09_cov050_seed00000103_bw025,c10_s09_cov050_seed00000103,flip,fast_gate,10,9,measured,0.5,0.25,,103,X,Y,4,12,9,9,0.75,2,"C00,W",0.0,0,0,3,0,3,True,3,ok,local_up_fast,mpdag_criterion,True,"Conjecture 2 (hence Anti-Exchange Case B, verified not proved)",C00->Y C01->C00 C02->C01 C03->C02 C04->C03 C05->C04 C06->C05 W->Y X->Y C06-C07 C07-C08 C08-X,0.00138904100003856,0.0,0.00138904100003856,,4,32,7,0,0.6,2.0,4,1
c10_s09_cov050_seed00000112_bw025,c10_s09_cov050_seed00000112,flip,fast_gate,10,9,measured,0.5,0.25,,112,X,Y,4,12,9,9,0.75,2,"C00,W",0.0,0,0,3,0,3,True,3,ok,local_up_fast,mpdag_criterion,True,"Conjecture 2 (hence Anti-Exchange Case B, verified not proved)",C00->Y C01->C00 C02->C01 C03->C02 C04->C03 C05->C04 C06->C05 W->Y X->Y C06-C07 C07-C08 C08-X,0.001413541999681911,0.0,0.001413541999681911,,4,32,7,0,0.6,2.0,4,1
c10_s09_cov100_seed00000000_bw000,c10_s09_cov100_seed00000000,flip,fast_gate,10,9,measured,1.0,0.0,,0,X,Y,9,0,9,9,0.75,2,"C00,W",0.0,0,0,,1,3,True,9,ok,e1_ladder,mpdag_criterion,True,"Conjecture 2 (hence Anti-Exchange Case B, verified not proved)","(('C00', 'Y'), ('W', 'Y'), ('X', 'Y'))",0.0011948340002163604,0.049059667000165064,0.050254501000381424,,4,24,4,0,0.9,8.0,9,0
c10_s09_cov100_seed00000001_bw000,c10_s09_cov100_seed00000001,flip,fast_gate,10,9,measured,1.0,0.0,,1,X,Y,9,0,9,9,0.75,2,"C00,W",0.0,0,0,,1,3,True,9,ok,e1_ladder,mpdag_criterion,True,"Conjecture 2 (hence Anti-Exchange Case B, verified not proved)","(('C00', 'Y'), ('W', 'Y'), ('X', 'Y'))",0.0010653330000423011,0.04920991600010893,0.050275249000151234,,4,24,4,0,0.9,8.0,9,0
c10_s09_cov100_seed00000002_bw000,c10_s09_cov100_seed00000002,flip,fast_gate,10,9,measured,1.0,0.0,,2,X,Y,9,0,9,9,0.75,2,"C00,W",0.0,0,0,,1,3,True,9,ok,e1_ladder,mpdag_criterion,True,"Conjecture 2 (hence Anti-Exchange Case B, verified not proved)","(('C00', 'Y'), ('W', 'Y'), ('X', 'Y'))",0.001040999999986525,0.04587008299995432,0.046911082999940845,,4,24,4,0,0.9,8.0,9,0
c10_s09_cov100_seed00000003_bw000,c10_s09_cov100_seed00000003,flip,fast_gate,10,9,measured,1.0,0.0,,3,X,Y,9,0,9,9,0.75,2,"C00,W",0.0,0,0,,1,3,True,9,ok,e1_ladder,mpdag_criterion,True,"Conjecture 2 (hence Anti-Exchange Case B, verified not proved)","(('C00', 'Y'), ('W', 'Y'), ('X', 'Y'))",0.001081874999727006,0.04848083300021244,0.04956270799993945,,4,24,4,0,0.9,8.0,9,0
c10_s09_cov100_seed00000004_bw000,c10_s09_cov100_seed00000004,flip,fast_gate,10,9,measured,1.0,0.0,,4,X,Y,9,0,9,9,0.75,2,"C00,W",0.0,0,0,,1,3,True,9,ok,e1_ladder,mpdag_criterion,True,"Conjecture 2 (hence Anti-Exchange Case B, verified not proved)","(('C00', 'Y'), ('W', 'Y'), ('X', 'Y'))",0.0010986669999510923,0.04751345800013951,0.0486121250000906,,4,24,4,0,0.9,8.0,9,0
c10_s09_cov100_seed00000005_bw000,c10_s09_cov100_seed00000005,flip,fast_gate,10,9,measured,1.0,0.0,,5,X,Y,9,0,9,9,0.75,2,"C00,W",0.0,0,0,,1,3,True,9,ok,e1_ladder,mpdag_criterion,True,"Conjecture 2 (hence Anti-Exchange Case B, verified not proved)","(('C00', 'Y'), ('W', 'Y'), ('X', 'Y'))",0.0010552919998190191,0.048234792000130255,0.049290083999949275,,4,24,4,0,0.9,8.0,9,0
c10_s09_cov100_seed00000006_bw000,c10_s09_cov100_seed00000006,flip,fast_gate,10,9,measured,1.0,0.0,,6,X,Y,9,0,9,9,0.75,2,"C00,W",0.0,0,0,,1,3,True,9,ok,e1_ladder,mpdag_criterion,True,"Conjecture 2 (hence Anti-Exchange Case B, verified not proved)","(('C00', 'Y'), ('W', 'Y'), ('X', 'Y'))",0.0010598329999993439,0.04319929199982653,0.04425912499982587,,4,24,4,0,0.9,8.0,9,0
c10_s09_cov100_seed00000007_bw000,c10_s09_cov100_seed00000007,flip,fast_gate,10,9,measured,1.0,0.0,,7,X,Y,9,0,9,9,0.75,2,"C00,W",0.0,0,0,,1,3,True,9,ok,e1_ladder,mpdag_criterion,True,"Conjecture 2 (hence Anti-Exchange Case B, verified not proved)","(('C00', 'Y'), ('W', 'Y'), ('X', 'Y'))",0.001058709000062663,0.048134582999864506,0.04919329199992717,,4,24,4,0,0.9,8.0,9,0
c10_s09_cov100_seed00000008_bw000,c10_s09_cov100_seed00000008,flip,fast_gate,10,9,measured,1.0,0.0,,8,X,Y,9,0,9,9,0.75,2,"C00,W",0.0,0,0,,1,3,True,9,ok,e1_ladder,mpdag_criterion,True,"Conjecture 2 (hence Anti-Exchange Case B, verified not proved)","(('C00', 'Y'), ('W', 'Y'), ('X', 'Y'))",0.0010652079999999842,0.04833745899986752,0.049402666999867506,,4,24,4,0,0.9,8.0,9,0
c10_s09_cov100_seed00000009_bw000,c10_s09_cov100_seed00000009,flip,fast_gate,10,9,measured,1.0,0.0,,9,X,Y,9,0,9,9,0.75,2,"C00,W",0.0,0,0,,1,3,True,9,ok,e1_ladder,mpdag_criterion,True,"Conjecture 2 (hence Anti-Exchange Case B, verified not proved)","(('C00', 'Y'), ('W', 'Y'), ('X', 'Y'))",0.0010665830000107235,0.043719292000332644,0.04478587500034337,,4,24,4,0,0.9,8.0,9,0
c10_s09_cov100_seed00000010_bw000,c10_s09_cov100_seed00000010,flip,fast_gate,10,9,measured,1.0,0.0,,10,X,Y,9,0,9,9,0.75,2,"C00,W",0.0,0,0,,1,3,True,9,ok,e1_ladder,mpdag_criterion,True,"Conjecture 2 (hence Anti-Exchange Case B, verified not proved)","(('C00', 'Y'), ('W', 'Y'), ('X', 'Y'))",0.001065833000211569,0.049455915999715216,0.050521748999926785,,4,24,4,0,0.9,8.0,9,0
c10_s09_cov100_seed00000011_bw000,c10_s09_cov100_seed00000011,flip,fast_gate,10,9,measured,1.0,0.0,,11,X,Y,9,0,9,9,0.75,2,"C00,W",0.0,0,0,,1,3,True,9,ok,e1_ladder,mpdag_criterion,True,"Conjecture 2 (hence Anti-Exchange Case B, verified not proved)","(('C00', 'Y'), ('W', 'Y'), ('X', 'Y'))",0.0010459589998390584,0.04818545899979654,0.049231417999635596,,4,24,4,0,0.9,8.0,9,0
c10_s09_cov100_seed00000012_bw000,c10_s09_cov100_seed00000012,flip,fast_gate,10,9,measured,1.0,0.0,,12,X,Y,9,0,9,9,0.75,2,"C00,W",0.0,0,0,,1,3,True,9,ok,e1_ladder,mpdag_criterion,True,"Conjecture 2 (hence Anti-Exchange Case B, verified not proved)","(('C00', 'Y'), ('W', 'Y'), ('X', 'Y'))",0.0009906249997584382,0.04812029100003201,0.04911091599979045,,4,24,4,0,0.9,8.0,9,0
c10_s09_cov100_seed00000013_bw000,c10_s09_cov100_seed00000013,flip,fast_gate,10,9,measured,1.0,0.0,,13,X,Y,9,0,9,9,0.75,2,"C00,W",0.0,0,0,,1,3,True,9,ok,e1_ladder,mpdag_criterion,True,"Conjecture 2 (hence Anti-Exchange Case B, verified not proved)","(('C00', 'Y'), ('W', 'Y'), ('X', 'Y'))",0.0009860000000116997,0.047076750000087486,0.048062750000099186,,4,24,4,0,0.9,8.0,9,0
c10_s09_cov100_seed00000014_bw000,c10_s09_cov100_seed00000014,flip,fast_gate,10,9,measured,1.0,0.0,,14,X,Y,9,0,9,9,0.75,2,"C00,W",0.0,0,0,,1,3,True,9,ok,e1_ladder,mpdag_criterion,True,"Conjecture 2 (hence Anti-Exchange Case B, verified not proved)","(('C00', 'Y'), ('W', 'Y'), ('X', 'Y'))",0.0010126249999302672,0.04763541600004828,0.04864804099997855,,4,24,4,0,0.9,8.0,9,0
c10_s09_cov100_seed00000015_bw000,c10_s09_cov100_seed00000015,flip,fast_gate,10,9,measured,1.0,0.0,,15,X,Y,9,0,9,9,0.75,2,"C00,W",0.0,0,0,,1,3,True,9,ok,e1_ladder,mpdag_criterion,True,"Conjecture 2 (hence Anti-Exchange Case B, verified not proved)","(('C00', 'Y'), ('W', 'Y'), ('X', 'Y'))",0.0010280829997100227,0.04864808299998913,0.04967616599969915,,4,24,4,0,0.9,8.0,9,0
c10_s09_cov100_seed00000016_bw000,c10_s09_cov100_seed00000016,flip,fast_gate,10,9,measured,1.0,0.0,,16,X,Y,9,0,9,9,0.75,2,"C00,W",0.0,0,0,,1,3,True,9,ok,e1_ladder,mpdag_criterion,True,"Conjecture 2 (hence Anti-Exchange Case B, verified not proved)","(('C00', 'Y'), ('W', 'Y'), ('X', 'Y'))",0.0010174580002058065,0.04829016599978786,0.049307623999993666,,4,24,4,0,0.9,8.0,9,0
c10_s09_cov100_seed00000017_bw000,c10_s09_cov100_seed00000017,flip,fast_gate,10,9,measured,1.0,0.0,,17,X,Y,9,0,9,9,0.75,2,"C00,W",0.0,0,0,,1,3,True,9,ok,e1_ladder,mpdag_criterion,True,"Conjecture 2 (hence Anti-Exchange Case B, verified not proved)","(('C00', 'Y'), ('W', 'Y'), ('X', 'Y'))",0.0018907499998022104,0.0465272090000326,0.04841795899983481,,4,24,4,0,0.9,8.0,9,0
c10_s09_cov100_seed00000018_bw000,c10_s09_cov100_seed00000018,flip,fast_gate,10,9,measured,1.0,0.0,,18,X,Y,9,0,9,9,0.75,2,"C00,W",0.0,0,0,,1,3,True,9,ok,e1_ladder,mpdag_criterion,True,"Conjecture 2 (hence Anti-Exchange Case B, verified not proved)","(('C00', 'Y'), ('W', 'Y'), ('X', 'Y'))",0.0010181249999732245,0.0483462080001118,0.049364333000085026,,4,24,4,0,0.9,8.0,9,0
c10_s09_cov100_seed00000019_bw000,c10_s09_cov100_seed00000019,flip,fast_gate,10,9,measured,1.0,0.0,,19,X,Y,9,0,9,9,0.75,2,"C00,W",0.0,0,0,,1,3,True,9,ok,e1_ladder,mpdag_criterion,True,"Conjecture 2 (hence Anti-Exchange Case B, verified not proved)","(('C00', 'Y'), ('W', 'Y'), ('X', 'Y'))",0.0010162499997932173,0.04760362500019255,0.04861987499998577,,4,24,4,0,0.9,8.0,9,0
c10_s09_cov100_seed00000020_bw000,c10_s09_cov100_seed00000020,flip,fast_gate,10,9,measured,1.0,0.0,,20,X,Y,9,0,9,9,0.75,2,"C00,W",0.0,0,0,,1,3,True,9,ok,e1_ladder,mpdag_criterion,True,"Conjecture 2 (hence Anti-Exchange Case B, verified not proved)","(('C00', 'Y'), ('W', 'Y'), ('X', 'Y'))",0.0010555409999142285,0.04891249999991487,0.0499680409998291,,4,24,4,0,0.9,8.0,9,0
c10_s09_cov100_seed00000021_bw000,c10_s09_cov100_seed00000021,flip,fast_gate,10,9,measured,1.0,0.0,,21,X,Y,9,0,9,9,0.75,2,"C00,W",0.0,0,0,,1,3,True,9,ok,e1_ladder,mpdag_criterion,True,"Conjecture 2 (hence Anti-Exchange Case B, verified not proved)","(('C00', 'Y'), ('W', 'Y'), ('X', 'Y'))",0.0010372499996265105,0.04770720800024719,0.0487444579998737,,4,24,4,0,0.9,8.0,9,0
c10_s09_cov100_seed00000022_bw000,c10_s09_cov100_seed00000022,flip,fast_gate,10,9,measured,1.0,0.0,,22,X,Y,9,0,9,9,0.75,2,"C00,W",0.0,0,0,,1,3,True,9,ok,e1_ladder,mpdag_criterion,True,"Conjecture 2 (hence Anti-Exchange Case B, verified not proved)","(('C00', 'Y'), ('W', 'Y'), ('X', 'Y'))",0.0013924589998168813,0.051872999999886815,0.053265458999703696,,4,24,4,0,0.9,8.0,9,0
c10_s09_cov100_seed00000023_bw000,c10_s09_cov100_seed00000023,flip,fast_gate,10,9,measured,1.0,0.0,,23,X,Y,9,0,9,9,0.75,2,"C00,W",0.0,0,0,,1,3,True,9,ok,e1_ladder,mpdag_criterion,True,"Conjecture 2 (hence Anti-Exchange Case B, verified not proved)","(('C00', 'Y'), ('W', 'Y'), ('X', 'Y'))",0.0010811659999490075,0.04815533300006791,0.04923649900001692,,4,24,4,0,0.9,8.0,9,0
c10_s09_cov100_seed00000024_bw000,c10_s09_cov100_seed00000024,flip,fast_gate,10,9,measured,1.0,0.0,,24,X,Y,9,0,9,9,0.75,2,"C00,W",0.0,0,0,,1,3,True,9,ok,e1_ladder,mpdag_criterion,True,"Conjecture 2 (hence Anti-Exchange Case B, verified not proved)","(('C00', 'Y'), ('W', 'Y'), ('X', 'Y'))",0.0019093750001957233,0.04496300000027986,0.046872375000475586,,4,24,4,0,0.9,8.0,9,0
c10_s09_cov100_seed00000025_bw000,c10_s09_cov100_seed00000025,flip,fast_gate,10,9,measured,1.0,0.0,,25,X,Y,9,0,9,9,0.75,2,"C00,W",0.0,0,0,,1,3,True,9,ok,e1_ladder,mpdag_criterion,True,"Conjecture 2 (hence Anti-Exchange Case B, verified not proved)","(('C00', 'Y'), ('W', 'Y'), ('X', 'Y'))",0.0010614580000947171,0.04800479200002883,0.049066250000123546,,4,24,4,0,0.9,8.0,9,0
c10_s09_cov100_seed00000026_bw000,c10_s09_cov100_seed00000026,flip,fast_gate,10,9,measured,1.0,0.0,,26,X,Y,9,0,9,9,0.75,2,"C00,W",0.0,0,0,,1,3,True,9,ok,e1_ladder,mpdag_criterion,True,"Conjecture 2 (hence Anti-Exchange Case B, verified not proved)","(('C00', 'Y'), ('W', 'Y'), ('X', 'Y'))",0.0010468340001352772,0.04783170799964864,0.04887854199978392,,4,24,4,0,0.9,8.0,9,0
c10_s09_cov100_seed00000027_bw000,c10_s09_cov100_seed00000027,flip,fast_gate,10,9,measured,1.0,0.0,,27,X,Y,9,0,9,9,0.75,2,"C00,W",0.0,0,0,,1,3,True,9,ok,e1_ladder,mpdag_criterion,True,"Conjecture 2 (hence Anti-Exchange Case B, verified not proved)","(('C00', 'Y'), ('W', 'Y'), ('X', 'Y'))",0.0010015419998126163,0.05139737499985131,0.052398916999663925,,4,24,4,0,0.9,8.0,9,0
c10_s09_cov100_seed00000028_bw000,c10_s09_cov100_seed00000028,flip,fast_gate,10,9,measured,1.0,0.0,,28,X,Y,9,0,9,9,0.75,2,"C00,W",0.0,0,0,,1,3,True,9,ok,e1_ladder,mpdag_criterion,True,"Conjecture 2 (hence Anti-Exchange Case B, verified not proved)","(('C00', 'Y'), ('W', 'Y'), ('X', 'Y'))",0.0010197910000897537,0.04822525000008682,0.04924504100017657,,4,24,4,0,0.9,8.0,9,0
c10_s09_cov100_seed00000029_bw000,c10_s09_cov100_seed00000029,flip,fast_gate,10,9,measured,1.0,0.0,,29,X,Y,9,0,9,9,0.75,2,"C00,W",0.0,0,0,,1,3,True,9,ok,e1_ladder,mpdag_criterion,True,"Conjecture 2 (hence Anti-Exchange Case B, verified not proved)","(('C00', 'Y'), ('W', 'Y'), ('X', 'Y'))",0.0010005419999288279,0.04788837499972942,0.04888891699965825,,4,24,4,0,0.9,8.0,9,0
c10_s09_cov100_seed00000030_bw000,c10_s09_cov100_seed00000030,flip,fast_gate,10,9,measured,1.0,0.0,,30,X,Y,9,0,9,9,0.75,2,"C00,W",0.0,0,0,,1,3,True,9,ok,e1_ladder,mpdag_criterion,True,"Conjecture 2 (hence Anti-Exchange Case B, verified not proved)","(('C00', 'Y'), ('W', 'Y'), ('X', 'Y'))",0.00106733400025405,0.04877720800004681,0.04984454200030086,,4,24,4,0,0.9,8.0,9,0
c10_s09_cov100_seed00000031_bw000,c10_s09_cov100_seed00000031,flip,fast_gate,10,9,measured,1.0,0.0,,31,X,Y,9,0,9,9,0.75,2,"C00,W",0.0,0,0,,1,3,True,9,ok,e1_ladder,mpdag_criterion,True,"Conjecture 2 (hence Anti-Exchange Case B, verified not proved)","(('C00', 'Y'), ('W', 'Y'), ('X', 'Y'))",0.0009898329999487032,0.05308050000030562,0.05407033300025432,,4,24,4,0,0.9,8.0,9,0
c10_s09_cov100_seed00000032_bw000,c10_s09_cov100_seed00000032,flip,fast_gate,10,9,measured,1.0,0.0,,32,X,Y,9,0,9,9,0.75,2,"C00,W",0.0,0,0,,1,3,True,9,ok,e1_ladder,mpdag_criterion,True,"Conjecture 2 (hence Anti-Exchange Case B, verified not proved)","(('C00', 'Y'), ('W', 'Y'), ('X', 'Y'))",0.001010958999813738,0.04859766700019463,0.04960862600000837,,4,24,4,0,0.9,8.0,9,0
c10_s09_cov100_seed00000033_bw000,c10_s09_cov100_seed00000033,flip,fast_gate,10,9,measured,1.0,0.0,,33,X,Y,9,0,9,9,0.75,2,"C00,W",0.0,0,0,,1,3,True,9,ok,e1_ladder,mpdag_criterion,True,"Conjecture 2 (hence Anti-Exchange Case B, verified not proved)","(('C00', 'Y'), ('W', 'Y'), ('X', 'Y'))",0.0010523750001993903,0.048067833999994036,0.04912020900019343,,4,24,4,0,0.9,8.0,9,0
c10_s09_cov100_seed00000034_bw000,c10_s09_cov100_seed00000034,flip,fast_gate,10,9,measured,1.0,0.0,,34,X,Y,9,0,9,9,0.75,2,"C00,W",0.0,0,0,,1,3,True,9,ok,e1_ladder,mpdag_criterion,True,"Conjecture 2 (hence Anti-Exchange Case B, verified not proved)","(('C00', 'Y'), ('W', 'Y'), ('X', 'Y'))",0.0009769580001375289,0.047883791999993264,0.04886075000013079,,4,24,4,0,0.9,8.0,9,0
c10_s09_cov100_seed00000035_bw000,c10_s09_cov100_seed00000035,flip,fast_gate,10,9,measured,1.0,0.0,,35,X,Y,9,0,9,9,0.75,2,"C00,W",0.0,0,0,,1,3,True,9,ok,e1_ladder,mpdag_criterion,True,"Conjecture 2 (hence Anti-Exchange Case B, verified not proved)","(('C00', 'Y'), ('W', 'Y'), ('X', 'Y'))",0.0010513339998396987,0.04498579199980668,0.04603712599964638,,4,24,4,0,0.9,8.0,9,0
c10_s09_cov100_seed00000036_bw000,c10_s09_cov100_seed00000036,flip,fast_gate,10,9,measured,1.0,0.0,,36,X,Y,9,0,9,9,0.75,2,"C00,W",0.0,0,0,,1,3,True,9,ok,e1_ladder,mpdag_criterion,True,"Conjecture 2 (hence Anti-Exchange Case B, verified not proved)","(('C00', 'Y'), ('W', 'Y'), ('X', 'Y'))",0.0010296250002284069,0.047938333000274724,0.04896795800050313,,4,24,4,0,0.9,8.0,9,0
c10_s09_cov100_seed00000037_bw000,c10_s09_cov100_seed00000037,flip,fast_gate,10,9,measured,1.0,0.0,,37,X,Y,9,0,9,9,0.75,2,"C00,W",0.0,0,0,,1,3,True,9,ok,e1_ladder,mpdag_criterion,True,"Conjecture 2 (hence Anti-Exchange Case B, verified not proved)","(('C00', 'Y'), ('W', 'Y'), ('X', 'Y'))",0.0014369579998856352,0.04730525000013586,0.04874220800002149,,4,24,4,0,0.9,8.0,9,0
c10_s09_cov100_seed00000038_bw000,c10_s09_cov100_seed00000038,flip,fast_gate,10,9,measured,1.0,0.0,,38,X,Y,9,0,9,9,0.75,2,"C00,W",0.0,0,0,,1,3,True,9,ok,e1_ladder,mpdag_criterion,True,"Conjecture 2 (hence Anti-Exchange Case B, verified not proved)","(('C00', 'Y'), ('W', 'Y'), ('X', 'Y'))",0.001454042000204936,0.04757045800033666,0.04902450000054159,,4,24,4,0,0.9,8.0,9,0
c10_s09_cov100_seed00000039_bw000,c10_s09_cov100_seed00000039,flip,fast_gate,10,9,measured,1.0,0.0,,39,X,Y,9,0,9,9,0.75,2,"C00,W",0.0,0,0,,1,3,True,9,ok,e1_ladder,mpdag_criterion,True,"Conjecture 2 (hence Anti-Exchange Case B, verified not proved)","(('C00', 'Y'), ('W', 'Y'), ('X', 'Y'))",0.0010172090001105971,0.04817433299967888,0.04919154199978948,,4,24,4,0,0.9,8.0,9,0
c10_s09_cov100_seed00000012_bw010,c10_s09_cov100_seed00000012,flip,fast_gate,10,9,measured,1.0,0.1,,12,X,Y,9,2,9,9,0.75,2,"C00,W",0.0,0,0,,1,3,True,8,ok,e1_ladder,mpdag_criterion,True,"Conjecture 2 (hence Anti-Exchange Case B, verified not proved)","(('C00', 'Y'), ('C01', 'C00'), ('W', 'Y'), ('X', 'Y'))",0.003145791999941139,0.048040707999916776,0.051186499999857915,,7,39,7,0,0.8,7.0,9,1
c10_s09_cov100_seed00000021_bw010,c10_s09_cov100_seed00000021,flip,fast_gate,10,9,measured,1.0,0.1,,21,X,Y,9,2,9,9,0.75,2,"C00,W",0.0,0,0,,1,3,True,8,ok,e1_ladder,mpdag_criterion,True,"Conjecture 2 (hence Anti-Exchange Case B, verified not proved)","(('C00', 'Y'), ('C01', 'C00'), ('W', 'Y'), ('X', 'Y'))",0.0017932079999809503,0.04626641599998038,0.04805962399996133,,7,39,7,0,0.8,7.0,9,1
c10_s09_cov100_seed00000022_bw010,c10_s09_cov100_seed00000022,flip,fast_gate,10,9,measured,1.0,0.1,,22,X,Y,9,2,9,9,0.75,2,"C00,W",0.0,0,0,,1,3,True,8,ok,e1_ladder,mpdag_criterion,True,"Conjecture 2 (hence Anti-Exchange Case B, verified not proved)","(('C00', 'Y'), ('C01', 'C00'), ('W', 'Y'), ('X', 'Y'))",0.0016885420000107842,0.04087345900006767,0.04256200100007845,,7,39,7,0,0.8,7.0,9,1
c10_s09_cov100_seed00000023_bw010,c10_s09_cov100_seed00000023,flip,fast_gate,10,9,measured,1.0,0.1,,23,X,Y,9,2,9,9,0.75,2,"C00,W",0.0,0,0,,1,3,True,8,ok,e1_ladder,mpdag_criterion,True,"Conjecture 2 (hence Anti-Exchange Case B, verified not proved)","(('C00', 'Y'), ('C01', 'C00'), ('W', 'Y'), ('X', 'Y'))",0.0016238339999290474,0.03971804200000406,0.04134187599993311,,7,39,7,0,0.8,7.0,9,1
c10_s09_cov100_seed00000031_bw010,c10_s09_cov100_seed00000031,flip,fast_gate,10,9,measured,1.0,0.1,,31,X,Y,9,2,9,9,0.75,2,"C00,W",0.0,0,0,,1,3,True,8,ok,e1_ladder,mpdag_criterion,True,"Conjecture 2 (hence Anti-Exchange Case B, verified not proved)","(('C00', 'Y'), ('C01', 'C00'), ('W', 'Y'), ('X', 'Y'))",0.001675874999818916,0.039952582999831066,0.04162845799964998,,7,39,7,0,0.8,7.0,9,1
c10_s09_cov100_seed00000036_bw010,c10_s09_cov100_seed00000036,flip,fast_gate,10,9,measured,1.0,0.1,,36,X,Y,9,2,9,9,0.75,2,"C00,W",0.0,0,0,,1,3,True,8,ok,e1_ladder,mpdag_criterion,True,"Conjecture 2 (hence Anti-Exchange Case B, verified not proved)","(('C00', 'Y'), ('C01', 'C00'), ('W', 'Y'), ('X', 'Y'))",0.0016525420001016755,0.040970833000301354,0.04262337500040303,,7,39,7,0,0.8,7.0,9,1
c10_s09_cov100_seed00000047_bw010,c10_s09_cov100_seed00000047,flip,fast_gate,10,9,measured,1.0,0.1,,47,X,Y,9,2,9,9,0.75,2,"C00,W",0.0,0,0,,1,3,True,8,ok,e1_ladder,mpdag_criterion,True,"Conjecture 2 (hence Anti-Exchange Case B, verified not proved)","(('C00', 'Y'), ('C01', 'C00'), ('W', 'Y'), ('X', 'Y'))",0.0016255829996225657,0.04039725000029648,0.042022832999919046,,7,39,7,0,0.8,7.0,9,1
c10_s09_cov100_seed00000053_bw010,c10_s09_cov100_seed00000053,flip,fast_gate,10,9,measured,1.0,0.1,,53,X,Y,9,2,9,9,0.75,2,"C00,W",0.0,0,0,,1,3,True,8,ok,e1_ladder,mpdag_criterion,True,"Conjecture 2 (hence Anti-Exchange Case B, verified not proved)","(('C00', 'Y'), ('C01', 'C00'), ('W', 'Y'), ('X', 'Y'))",0.0017135000002781453,0.04043725000019549,0.042150750000473636,,7,39,7,0,0.8,7.0,9,1
c10_s09_cov100_seed00000056_bw010,c10_s09_cov100_seed00000056,flip,fast_gate,10,9,measured,1.0,0.1,,56,X,Y,9,2,9,9,0.75,2,"C00,W",0.0,0,0,,1,3,True,8,ok,e1_ladder,mpdag_criterion,True,"Conjecture 2 (hence Anti-Exchange Case B, verified not proved)","(('C00', 'Y'), ('C01', 'C00'), ('W', 'Y'), ('X', 'Y'))",0.001726792000226851,0.04066525000007459,0.042392042000301444,,7,39,7,0,0.8,7.0,9,1
c10_s09_cov100_seed00000057_bw010,c10_s09_cov100_seed00000057,flip,fast_gate,10,9,measured,1.0,0.1,,57,X,Y,9,2,9,9,0.75,2,"C00,W",0.0,0,0,,1,3,True,8,ok,e1_ladder,mpdag_criterion,True,"Conjecture 2 (hence Anti-Exchange Case B, verified not proved)","(('C00', 'Y'), ('C01', 'C00'), ('W', 'Y'), ('X', 'Y'))",0.0016340419997504796,0.04018649999989066,0.041820541999641136,,7,39,7,0,0.8,7.0,9,1
c10_s09_cov100_seed00000066_bw010,c10_s09_cov100_seed00000066,flip,fast_gate,10,9,measured,1.0,0.1,,66,X,Y,9,2,9,9,0.75,2,"C00,W",0.0,0,0,,1,3,True,8,ok,e1_ladder,mpdag_criterion,True,"Conjecture 2 (hence Anti-Exchange Case B, verified not proved)","(('C00', 'Y'), ('C01', 'C00'), ('W', 'Y'), ('X', 'Y'))",0.001630624999961583,0.040480624999872816,0.0421112499998344,,7,39,7,0,0.8,7.0,9,1
c10_s09_cov100_seed00000069_bw010,c10_s09_cov100_seed00000069,flip,fast_gate,10,9,measured,1.0,0.1,,69,X,Y,9,2,9,9,0.75,2,"C00,W",0.0,0,0,,1,3,True,8,ok,e1_ladder,mpdag_criterion,True,"Conjecture 2 (hence Anti-Exchange Case B, verified not proved)","(('C00', 'Y'), ('C01', 'C00'), ('W', 'Y'), ('X', 'Y'))",0.001619916999970883,0.04046695800025191,0.04208687500022279,,7,39,7,0,0.8,7.0,9,1
c10_s09_cov100_seed00000072_bw010,c10_s09_cov100_seed00000072,flip,fast_gate,10,9,measured,1.0,0.1,,72,X,Y,9,2,9,9,0.75,2,"C00,W",0.0,0,0,,1,3,True,8,ok,e1_ladder,mpdag_criterion,True,"Conjecture 2 (hence Anti-Exchange Case B, verified not proved)","(('C00', 'Y'), ('C01', 'C00'), ('W', 'Y'), ('X', 'Y'))",0.0016349589996025315,0.040379125000072236,0.04201408399967477,,7,39,7,0,0.8,7.0,9,1
c10_s09_cov100_seed00000074_bw010,c10_s09_cov100_seed00000074,flip,fast_gate,10,9,measured,1.0,0.1,,74,X,Y,9,2,9,9,0.75,2,"C00,W",0.0,0,0,,1,3,True,8,ok,e1_ladder,mpdag_criterion,True,"Conjecture 2 (hence Anti-Exchange Case B, verified not proved)","(('C00', 'Y'), ('C01', 'C00'), ('W', 'Y'), ('X', 'Y'))",0.0016580830001657887,0.04039679100014837,0.04205487400031416,,7,39,7,0,0.8,7.0,9,1
c10_s09_cov100_seed00000076_bw010,c10_s09_cov100_seed00000076,flip,fast_gate,10,9,measured,1.0,0.1,,76,X,Y,9,2,9,9,0.75,2,"C00,W",0.0,0,0,,1,3,True,8,ok,e1_ladder,mpdag_criterion,True,"Conjecture 2 (hence Anti-Exchange Case B, verified not proved)","(('C00', 'Y'), ('C01', 'C00'), ('W', 'Y'), ('X', 'Y'))",0.0016134170000441372,0.04054145800000697,0.042154875000051106,,7,39,7,0,0.8,7.0,9,1
c10_s09_cov100_seed00000105_bw010,c10_s09_cov100_seed00000105,flip,fast_gate,10,9,measured,1.0,0.1,,105,X,Y,9,2,9,9,0.75,2,"C00,W",0.0,0,0,,1,3,True,8,ok,e1_ladder,mpdag_criterion,True,"Conjecture 2 (hence Anti-Exchange Case B, verified not proved)","(('C00', 'Y'), ('C01', 'C00'), ('W', 'Y'), ('X', 'Y'))",0.0016808750001473527,0.04016475000025821,0.04184562500040556,,7,39,7,0,0.8,7.0,9,1
c10_s09_cov100_seed00000116_bw010,c10_s09_cov100_seed00000116,flip,fast_gate,10,9,measured,1.0,0.1,,116,X,Y,9,2,9,9,0.75,2,"C00,W",0.0,0,0,,1,3,True,8,ok,e1_ladder,mpdag_criterion,True,"Conjecture 2 (hence Anti-Exchange Case B, verified not proved)","(('C00', 'Y'), ('C01', 'C00'), ('W', 'Y'), ('X', 'Y'))",0.0016242920000877348,0.040184665999731806,0.04180895799981954,,7,39,7,0,0.8,7.0,9,1
c10_s09_cov100_seed00000126_bw010,c10_s09_cov100_seed00000126,flip,fast_gate,10,9,measured,1.0,0.1,,126,X,Y,9,2,9,9,0.75,2,"C00,W",0.0,0,0,,1,3,True,8,ok,e1_ladder,mpdag_criterion,True,"Conjecture 2 (hence Anti-Exchange Case B, verified not proved)","(('C00', 'Y'), ('C01', 'C00'), ('W', 'Y'), ('X', 'Y'))",0.0017293750001954322,0.041219583000383864,0.042948958000579296,,7,39,7,0,0.8,7.0,9,1
c10_s09_cov100_seed00000134_bw010,c10_s09_cov100_seed00000134,flip,fast_gate,10,9,measured,1.0,0.1,,134,X,Y,9,2,9,9,0.75,2,"C00,W",0.0,0,0,,1,3,True,8,ok,e1_ladder,mpdag_criterion,True,"Conjecture 2 (hence Anti-Exchange Case B, verified not proved)","(('C00', 'Y'), ('C01', 'C00'), ('W', 'Y'), ('X', 'Y'))",0.001709124999706546,0.04010016699976404,0.04180929199947059,,7,39,7,0,0.8,7.0,9,1
c10_s09_cov100_seed00000137_bw010,c10_s09_cov100_seed00000137,flip,fast_gate,10,9,measured,1.0,0.1,,137,X,Y,9,2,9,9,0.75,2,"C00,W",0.0,0,0,,1,3,True,8,ok,e1_ladder,mpdag_criterion,True,"Conjecture 2 (hence Anti-Exchange Case B, verified not proved)","(('C00', 'Y'), ('C01', 'C00'), ('W', 'Y'), ('X', 'Y'))",0.001644875000238244,0.040467667000029905,0.04211254200026815,,7,39,7,0,0.8,7.0,9,1
c10_s09_cov100_seed00000139_bw010,c10_s09_cov100_seed00000139,flip,fast_gate,10,9,measured,1.0,0.1,,139,X,Y,9,2,9,9,0.75,2,"C00,W",0.0,0,0,,1,3,True,8,ok,e1_ladder,mpdag_criterion,True,"Conjecture 2 (hence Anti-Exchange Case B, verified not proved)","(('C00', 'Y'), ('C01', 'C00'), ('W', 'Y'), ('X', 'Y'))",0.0017179999999825668,0.04096645899971918,0.042684458999701747,,7,39,7,0,0.8,7.0,9,1
c10_s09_cov100_seed00000149_bw010,c10_s09_cov100_seed00000149,flip,fast_gate,10,9,measured,1.0,0.1,,149,X,Y,9,2,9,9,0.75,2,"C00,W",0.0,0,0,,1,3,True,8,ok,e1_ladder,mpdag_criterion,True,"Conjecture 2 (hence Anti-Exchange Case B, verified not proved)","(('C00', 'Y'), ('C01', 'C00'), ('W', 'Y'), ('X', 'Y'))",0.0016277909999189433,0.04055616599998757,0.04218395699990651,,7,39,7,0,0.8,7.0,9,1
c10_s09_cov100_seed00000178_bw010,c10_s09_cov100_seed00000178,flip,fast_gate,10,9,measured,1.0,0.1,,178,X,Y,9,2,9,9,0.75,2,"C00,W",0.0,0,0,,1,3,True,8,ok,e1_ladder,mpdag_criterion,True,"Conjecture 2 (hence Anti-Exchange Case B, verified not proved)","(('C00', 'Y'), ('C01', 'C00'), ('W', 'Y'), ('X', 'Y'))",0.0017243330003111623,0.041053749999719,0.042778083000030165,,7,39,7,0,0.8,7.0,9,1
c10_s09_cov100_seed00000194_bw010,c10_s09_cov100_seed00000194,flip,fast_gate,10,9,measured,1.0,0.1,,194,X,Y,9,2,9,9,0.75,2,"C00,W",0.0,0,0,,1,3,True,8,ok,e1_ladder,mpdag_criterion,True,"Conjecture 2 (hence Anti-Exchange Case B, verified not proved)","(('C00', 'Y'), ('C01', 'C00'), ('W', 'Y'), ('X', 'Y'))",0.00170070800004396,0.04053874999999607,0.04223945800004003,,7,39,7,0,0.8,7.0,9,1
c10_s09_cov100_seed00000254_bw010,c10_s09_cov100_seed00000254,flip,fast_gate,10,9,measured,1.0,0.1,,254,X,Y,9,2,9,9,0.75,2,"C00,W",0.0,0,0,,1,3,True,8,ok,e1_ladder,mpdag_criterion,True,"Conjecture 2 (hence Anti-Exchange Case B, verified not proved)","(('C00', 'Y'), ('C01', 'C00'), ('W', 'Y'), ('X', 'Y'))",0.0017058329999599664,0.04002879200015741,0.041734625000117376,,7,39,7,0,0.8,7.0,9,1
c10_s09_cov100_seed00000255_bw010,c10_s09_cov100_seed00000255,flip,fast_gate,10,9,measured,1.0,0.1,,255,X,Y,9,2,9,9,0.75,2,"C00,W",0.0,0,0,,1,3,True,8,ok,e1_ladder,mpdag_criterion,True,"Conjecture 2 (hence Anti-Exchange Case B, verified not proved)","(('C00', 'Y'), ('C01', 'C00'), ('W', 'Y'), ('X', 'Y'))",0.0017182920000777813,0.0407134170000063,0.042431709000084084,,7,39,7,0,0.8,7.0,9,1
c10_s09_cov100_seed00000260_bw010,c10_s09_cov100_seed00000260,flip,fast_gate,10,9,measured,1.0,0.1,,260,X,Y,9,2,9,9,0.75,2,"C00,W",0.0,0,0,,1,3,True,8,ok,e1_ladder,mpdag_criterion,True,"Conjecture 2 (hence Anti-Exchange Case B, verified not proved)","(('C00', 'Y'), ('C01', 'C00'), ('W', 'Y'), ('X', 'Y'))",0.0016427499999736028,0.04059337500029869,0.042236125000272295,,7,39,7,0,0.8,7.0,9,1
c10_s09_cov100_seed00000268_bw010,c10_s09_cov100_seed00000268,flip,fast_gate,10,9,measured,1.0,0.1,,268,X,Y,9,2,9,9,0.75,2,"C00,W",0.0,0,0,,1,3,True,8,ok,e1_ladder,mpdag_criterion,True,"Conjecture 2 (hence Anti-Exchange Case B, verified not proved)","(('C00', 'Y'), ('C01', 'C00'), ('W', 'Y'), ('X', 'Y'))",0.0016893340002752666,0.03985220900040076,0.04154154300067603,,7,39,7,0,0.8,7.0,9,1
c10_s09_cov100_seed00000269_bw010,c10_s09_cov100_seed00000269,flip,fast_gate,10,9,measured,1.0,0.1,,269,X,Y,9,2,9,9,0.75,2,"C00,W",0.0,0,0,,1,3,True,8,ok,e1_ladder,mpdag_criterion,True,"Conjecture 2 (hence Anti-Exchange Case B, verified not proved)","(('C00', 'Y'), ('C01', 'C00'), ('W', 'Y'), ('X', 'Y'))",0.0016142919998856087,0.040864999999939755,0.042479291999825364,,7,39,7,0,0.8,7.0,9,1
c10_s09_cov100_seed00000272_bw010,c10_s09_cov100_seed00000272,flip,fast_gate,10,9,measured,1.0,0.1,,272,X,Y,9,2,9,9,0.75,2,"C00,W",0.0,0,0,,1,3,True,8,ok,e1_ladder,mpdag_criterion,True,"Conjecture 2 (hence Anti-Exchange Case B, verified not proved)","(('C00', 'Y'), ('C01', 'C00'), ('W', 'Y'), ('X', 'Y'))",0.001652750000175729,0.04059716700021454,0.04224991700039027,,7,39,7,0,0.8,7.0,9,1
c10_s09_cov100_seed00000290_bw010,c10_s09_cov100_seed00000290,flip,fast_gate,10,9,measured,1.0,0.1,,290,X,Y,9,2,9,9,0.75,2,"C00,W",0.0,0,0,,1,3,True,8,ok,e1_ladder,mpdag_criterion,True,"Conjecture 2 (hence Anti-Exchange Case B, verified not proved)","(('C00', 'Y'), ('C01', 'C00'), ('W', 'Y'), ('X', 'Y'))",0.0016443340000478202,0.04093033299977833,0.04257466699982615,,7,39,7,0,0.8,7.0,9,1
c10_s09_cov100_seed00000293_bw010,c10_s09_cov100_seed00000293,flip,fast_gate,10,9,measured,1.0,0.1,,293,X,Y,9,2,9,9,0.75,2,"C00,W",0.0,0,0,,1,3,True,8,ok,e1_ladder,mpdag_criterion,True,"Conjecture 2 (hence Anti-Exchange Case B, verified not proved)","(('C00', 'Y'), ('C01', 'C00'), ('W', 'Y'), ('X', 'Y'))",0.0017116250000981381,0.04108537499996601,0.042797000000064145,,7,39,7,0,0.8,7.0,9,1
c10_s09_cov100_seed00000294_bw010,c10_s09_cov100_seed00000294,flip,fast_gate,10,9,measured,1.0,0.1,,294,X,Y,9,2,9,9,0.75,2,"C00,W",0.0,0,0,,1,3,True,8,ok,e1_ladder,mpdag_criterion,True,"Conjecture 2 (hence Anti-Exchange Case B, verified not proved)","(('C00', 'Y'), ('C01', 'C00'), ('W', 'Y'), ('X', 'Y'))",0.0016652499998599524,0.040494124999895575,0.04215937499975553,,7,39,7,0,0.8,7.0,9,1
c10_s09_cov100_seed00000322_bw010,c10_s09_cov100_seed00000322,flip,fast_gate,10,9,measured,1.0,0.1,,322,X,Y,9,2,9,9,0.75,2,"C00,W",0.0,0,0,,1,3,True,8,ok,e1_ladder,mpdag_criterion,True,"Conjecture 2 (hence Anti-Exchange Case B, verified not proved)","(('C00', 'Y'), ('C01', 'C00'), ('W', 'Y'), ('X', 'Y'))",0.001738874999773543,0.04265274999988833,0.04439162499966187,,7,39,7,0,0.8,7.0,9,1
c10_s09_cov100_seed00000325_bw010,c10_s09_cov100_seed00000325,flip,fast_gate,10,9,measured,1.0,0.1,,325,X,Y,9,2,9,9,0.75,2,"C00,W",0.0,0,0,,1,3,True,8,ok,e1_ladder,mpdag_criterion,True,"Conjecture 2 (hence Anti-Exchange Case B, verified not proved)","(('C00', 'Y'), ('C01', 'C00'), ('W', 'Y'), ('X', 'Y'))",0.0016457910001008713,0.04043199999978242,0.04207779099988329,,7,39,7,0,0.8,7.0,9,1
c10_s09_cov100_seed00000328_bw010,c10_s09_cov100_seed00000328,flip,fast_gate,10,9,measured,1.0,0.1,,328,X,Y,9,2,9,9,0.75,2,"C00,W",0.0,0,0,,1,3,True,8,ok,e1_ladder,mpdag_criterion,True,"Conjecture 2 (hence Anti-Exchange Case B, verified not proved)","(('C00', 'Y'), ('C01', 'C00'), ('W', 'Y'), ('X', 'Y'))",0.0016854999998940912,0.0404271659999722,0.042112665999866294,,7,39,7,0,0.8,7.0,9,1
c10_s09_cov100_seed00000333_bw010,c10_s09_cov100_seed00000333,flip,fast_gate,10,9,measured,1.0,0.1,,333,X,Y,9,2,9,9,0.75,2,"C00,W",0.0,0,0,,1,3,True,8,ok,e1_ladder,mpdag_criterion,True,"Conjecture 2 (hence Anti-Exchange Case B, verified not proved)","(('C00', 'Y'), ('C01', 'C00'), ('W', 'Y'), ('X', 'Y'))",0.001602541000011115,0.04023891700035165,0.04184145800036276,,7,39,7,0,0.8,7.0,9,1
c10_s09_cov100_seed00000336_bw010,c10_s09_cov100_seed00000336,flip,fast_gate,10,9,measured,1.0,0.1,,336,X,Y,9,2,9,9,0.75,2,"C00,W",0.0,0,0,,1,3,True,8,ok,e1_ladder,mpdag_criterion,True,"Conjecture 2 (hence Anti-Exchange Case B, verified not proved)","(('C00', 'Y'), ('C01', 'C00'), ('W', 'Y'), ('X', 'Y'))",0.0015767079999022826,0.040177958000185754,0.041754666000088037,,7,39,7,0,0.8,7.0,9,1
c10_s09_cov100_seed00000346_bw010,c10_s09_cov100_seed00000346,flip,fast_gate,10,9,measured,1.0,0.1,,346,X,Y,9,2,9,9,0.75,2,"C00,W",0.0,0,0,,1,3,True,8,ok,e1_ladder,mpdag_criterion,True,"Conjecture 2 (hence Anti-Exchange Case B, verified not proved)","(('C00', 'Y'), ('C01', 'C00'), ('W', 'Y'), ('X', 'Y'))",0.0016851249997671403,0.03984200000013516,0.0415271249999023,,7,39,7,0,0.8,7.0,9,1
c10_s09_cov100_seed00000354_bw010,c10_s09_cov100_seed00000354,flip,fast_gate,10,9,measured,1.0,0.1,,354,X,Y,9,2,9,9,0.75,2,"C00,W",0.0,0,0,,1,3,True,8,ok,e1_ladder,mpdag_criterion,True,"Conjecture 2 (hence Anti-Exchange Case B, verified not proved)","(('C00', 'Y'), ('C01', 'C00'), ('W', 'Y'), ('X', 'Y'))",0.00160287500011691,0.04008187499994165,0.04168475000005856,,7,39,7,0,0.8,7.0,9,1
c10_s09_cov100_seed00000002_bw025,c10_s09_cov100_seed00000002,flip,fast_gate,10,9,measured,1.0,0.25,,2,X,Y,9,4,9,9,0.75,2,"C00,W",0.0,0,0,,1,3,True,7,ok,e1_ladder,mpdag_criterion,True,"Conjecture 2 (hence Anti-Exchange Case B, verified not proved)","(('C00', 'Y'), ('C01', 'C00'), ('C02', 'C01'), ('W', 'Y'), ('X', 'Y'))",0.0021998329998496047,0.0371133749999899,0.039313207999839506,,9,46,9,0,0.7,6.0,9,2
c10_s09_cov100_seed00000003_bw025,c10_s09_cov100_seed00000003,flip,fast_gate,10,9,measured,1.0,0.25,,3,X,Y,9,4,9,9,0.75,2,"C00,W",0.0,0,0,,1,3,True,7,ok,e1_ladder,mpdag_criterion,True,"Conjecture 2 (hence Anti-Exchange Case B, verified not proved)","(('C00', 'Y'), ('C01', 'C00'), ('C02', 'C01'), ('W', 'Y'), ('X', 'Y'))",0.0020145419998698344,0.037176082999849314,0.03919062499971915,,9,46,9,0,0.7,6.0,9,2
c10_s09_cov100_seed00000114_bw025,c10_s09_cov100_seed00000114,flip,fast_gate,10,9,measured,1.0,0.25,,114,X,Y,9,4,9,9,0.75,2,"C00,W",0.0,0,0,,1,3,True,7,ok,e1_ladder,mpdag_criterion,True,"Conjecture 2 (hence Anti-Exchange Case B, verified not proved)","(('C00', 'Y'), ('C01', 'C00'), ('C02', 'C01'), ('W', 'Y'), ('X', 'Y'))",0.001994499999909749,0.03667170900007477,0.03866620899998452,,9,46,9,0,0.7,6.0,9,2
c10_s09_cov100_seed00000131_bw025,c10_s09_cov100_seed00000131,flip,fast_gate,10,9,measured,1.0,0.25,,131,X,Y,9,4,9,9,0.75,2,"C00,W",0.0,0,0,,1,3,True,7,ok,e1_ladder,mpdag_criterion,True,"Conjecture 2 (hence Anti-Exchange Case B, verified not proved)","(('C00', 'Y'), ('C01', 'C00'), ('C02', 'C01'), ('W', 'Y'), ('X', 'Y'))",0.0018865420001930033,0.03739887500023542,0.039285417000428424,,9,46,9,0,0.7,6.0,9,2
c10_s09_cov100_seed00000217_bw025,c10_s09_cov100_seed00000217,flip,fast_gate,10,9,measured,1.0,0.25,,217,X,Y,9,4,9,9,0.75,2,"C00,W",0.0,0,0,,1,3,True,7,ok,e1_ladder,mpdag_criterion,True,"Conjecture 2 (hence Anti-Exchange Case B, verified not proved)","(('C00', 'Y'), ('C01', 'C00'), ('C02', 'C01'), ('W', 'Y'), ('X', 'Y'))",0.0020315419997132267,0.03684429099985209,0.03887583299956532,,9,46,9,0,0.7,6.0,9,2
c10_s09_cov100_seed00000229_bw025,c10_s09_cov100_seed00000229,flip,fast_gate,10,9,measured,1.0,0.25,,229,X,Y,9,4,9,9,0.75,2,"C00,W",0.0,0,0,,1,3,True,7,ok,e1_ladder,mpdag_criterion,True,"Conjecture 2 (hence Anti-Exchange Case B, verified not proved)","(('C00', 'Y'), ('C01', 'C00'), ('C02', 'C01'), ('W', 'Y'), ('X', 'Y'))",0.002031792000252608,0.037000084000283096,0.039031876000535703,,9,46,9,0,0.7,6.0,9,2
c10_s09_cov100_seed00000249_bw025,c10_s09_cov100_seed00000249,flip,fast_gate,10,9,measured,1.0,0.25,,249,X,Y,9,4,9,9,0.75,2,"C00,W",0.0,0,0,,1,3,True,7,ok,e1_ladder,mpdag_criterion,True,"Conjecture 2 (hence Anti-Exchange Case B, verified not proved)","(('C00', 'Y'), ('C01', 'C00'), ('C02', 'C01'), ('W', 'Y'), ('X', 'Y'))",0.0018942920000881713,0.036979874999815365,0.03887416699990354,,9,46,9,0,0.7,6.0,9,2
c10_s09_cov100_seed00000253_bw025,c10_s09_cov100_seed00000253,flip,fast_gate,10,9,measured,1.0,0.25,,253,X,Y,9,4,9,9,0.75,2,"C00,W",0.0,0,0,,1,3,True,7,ok,e1_ladder,mpdag_criterion,True,"Conjecture 2 (hence Anti-Exchange Case B, verified not proved)","(('C00', 'Y'), ('C01', 'C00'), ('C02', 'C01'), ('W', 'Y'), ('X', 'Y'))",0.0020447080000849382,0.037009042000136105,0.039053750000221044,,9,46,9,0,0.7,6.0,9,2
c10_s09_cov100_seed00000301_bw025,c10_s09_cov100_seed00000301,flip,fast_gate,10,9,measured,1.0,0.25,,301,X,Y,9,4,9,9,0.75,2,"C00,W",0.0,0,0,,1,3,True,7,ok,e1_ladder,mpdag_criterion,True,"Conjecture 2 (hence Anti-Exchange Case B, verified not proved)","(('C00', 'Y'), ('C01', 'C00'), ('C02', 'C01'), ('W', 'Y'), ('X', 'Y'))",0.001959666999937326,0.037304542000129004,0.03926420900006633,,9,46,9,0,0.7,6.0,9,2
c10_s09_cov100_seed00000307_bw025,c10_s09_cov100_seed00000307,flip,fast_gate,10,9,measured,1.0,0.25,,307,X,Y,9,4,9,9,0.75,2,"C00,W",0.0,0,0,,1,3,True,7,ok,e1_ladder,mpdag_criterion,True,"Conjecture 2 (hence Anti-Exchange Case B, verified not proved)","(('C00', 'Y'), ('C01', 'C00'), ('C02', 'C01'), ('W', 'Y'), ('X', 'Y'))",0.0020790839998880983,0.03782187500019063,0.03990095900007873,,9,46,9,0,0.7,6.0,9,2
c10_s09_cov100_seed00000405_bw025,c10_s09_cov100_seed00000405,flip,fast_gate,10,9,measured,1.0,0.25,,405,X,Y,9,4,9,9,0.75,2,"C00,W",0.0,0,0,,1,3,True,7,ok,e1_ladder,mpdag_criterion,True,"Conjecture 2 (hence Anti-Exchange Case B, verified not proved)","(('C00', 'Y'), ('C01', 'C00'), ('C02', 'C01'), ('W', 'Y'), ('X', 'Y'))",0.0020144579998486734,0.03676716700010729,0.038781624999955966,,9,46,9,0,0.7,6.0,9,2
c10_s09_cov100_seed00000409_bw025,c10_s09_cov100_seed00000409,flip,fast_gate,10,9,measured,1.0,0.25,,409,X,Y,9,4,9,9,0.75,2,"C00,W",0.0,0,0,,1,3,True,7,ok,e1_ladder,mpdag_criterion,True,"Conjecture 2 (hence Anti-Exchange Case B, verified not proved)","(('C00', 'Y'), ('C01', 'C00'), ('C02', 'C01'), ('W', 'Y'), ('X', 'Y'))",0.0019735839996428695,0.036972040999899036,0.038945624999541906,,9,46,9,0,0.7,6.0,9,2
c10_s09_cov100_seed00000502_bw025,c10_s09_cov100_seed00000502,flip,fast_gate,10,9,measured,1.0,0.25,,502,X,Y,9,4,9,9,0.75,2,"C00,W",0.0,0,0,,1,3,True,7,ok,e1_ladder,mpdag_criterion,True,"Conjecture 2 (hence Anti-Exchange Case B, verified not proved)","(('C00', 'Y'), ('C01', 'C00'), ('C02', 'C01'), ('W', 'Y'), ('X', 'Y'))",0.0020527920000859012,0.0371852499997658,0.0392380419998517,,9,46,9,0,0.7,6.0,9,2
c10_s09_cov100_seed00000545_bw025,c10_s09_cov100_seed00000545,flip,fast_gate,10,9,measured,1.0,0.25,,545,X,Y,9,4,9,9,0.75,2,"C00,W",0.0,0,0,,1,3,True,7,ok,e1_ladder,mpdag_criterion,True,"Conjecture 2 (hence Anti-Exchange Case B, verified not proved)","(('C00', 'Y'), ('C01', 'C00'), ('C02', 'C01'), ('W', 'Y'), ('X', 'Y'))",0.0019893749999937427,0.037265459000082046,0.03925483400007579,,9,46,9,0,0.7,6.0,9,2
c10_s09_cov100_seed00000550_bw025,c10_s09_cov100_seed00000550,flip,fast_gate,10,9,measured,1.0,0.25,,550,X,Y,9,4,9,9,0.75,2,"C00,W",0.0,0,0,,1,3,True,7,ok,e1_ladder,mpdag_criterion,True,"Conjecture 2 (hence Anti-Exchange Case B, verified not proved)","(('C00', 'Y'), ('C01', 'C00'), ('C02', 'C01'), ('W', 'Y'), ('X', 'Y'))",0.0019734170000447193,0.03749954200020511,0.03947295900024983,,9,46,9,0,0.7,6.0,9,2
c10_s09_cov100_seed00000558_bw025,c10_s09_cov100_seed00000558,flip,fast_gate,10,9,measured,1.0,0.25,,558,X,Y,9,4,9,9,0.75,2,"C00,W",0.0,0,0,,1,3,True,7,ok,e1_ladder,mpdag_criterion,True,"Conjecture 2 (hence Anti-Exchange Case B, verified not proved)","(('C00', 'Y'), ('C01', 'C00'), ('C02', 'C01'), ('W', 'Y'), ('X', 'Y'))",0.002096541999890178,0.037316791999728594,0.03941333399961877,,9,46,9,0,0.7,6.0,9,2
