instance_id,component_size,separation,coverage,base_wrongness,seed,x,y,n_k,z_size,z_star,s0_ok,r_val,r_status,r_method,r_oracle,r_exact,r_assumes,r_witness,r_search_seconds,r_ladder_seconds,r_total_seconds,wall_until_timeout_s,space_n_elements,space_build_seconds,n_samples,n_ok,n_unreachable_in_space,n_not_in_space_bug,n_contradictory,h_max,AUC_claims,AUC_abs_claims,n_d_claims_evaluated,AUC_hops,n_d_hops_evaluated,n_symdiff_compared,n_symdiff_eq_dhops,n_symdiff_gt_dhops,n_symdiff_lt_dhops,frac_symdiff_eq_dhops,frac_symdiff_gt_dhops,frac_symdiff_lt_dhops
c03_s01_cov050_seed00000000_bw000,3,1,0.5,0.0,0,X,Y,2,2,"C00,W",True,1,ok,local_up_fast,mpdag_criterion,True,"Conjecture 2 (hence Anti-Exchange Case B, verified not proved)",C00->C02 C00->Y W->Y X->Y C00-X C02-X,0.00010333299999998324,0.0,0.00010333299999998324,,19,0.002360542000000021,200,200,0,0,0,4,0.378,0.54,2,0.43200000000000005,2,200,200,0,0,1.0,0.0,0.0
c03_s01_cov050_seed00000001_bw000,3,1,0.5,0.0,1,X,Y,1,2,"C00,W",True,1,ok,local_up_fast,mpdag_criterion,True,"Conjecture 2 (hence Anti-Exchange Case B, verified not proved)",C00->Y W->Y X->Y C00-C02 C00-X,8.366599999998225e-05,0.0,8.366599999998225e-05,,6,0.0005860420000000088,100,100,0,0,0,3,0.0,0.0,1,0.0,1,100,100,0,0,1.0,0.0,0.0
c03_s01_cov050_seed00000002_bw000,3,1,0.5,0.0,2,X,Y,2,2,"C00,W",True,1,ok,local_up_fast,mpdag_criterion,True,"Conjecture 2 (hence Anti-Exchange Case B, verified not proved)",C00->C02 C00->Y W->Y X->Y C00-X C02-X,8.662500000000684e-05,0.0,8.662500000000684e-05,,19,0.0020427079999999487,200,200,0,0,0,4,0.35699999999999993,0.51,2,0.4079999999999999,2,200,200,0,0,1.0,0.0,0.0
c03_s01_cov050_seed00000003_bw000,3,1,0.5,0.0,3,X,Y,2,2,"C00,W",True,1,ok,local_up_fast,mpdag_criterion,True,"Conjecture 2 (hence Anti-Exchange Case B, verified not proved)",C00->C02 C00->Y W->Y X->Y C00-X C02-X,7.766700000000348e-05,0.0,7.766700000000348e-05,,19,0.0018624160000000334,200,200,0,0,0,4,0.3710000000000001,0.53,2,0.4240000000000001,2,200,200,0,0,1.0,0.0,0.0
c03_s01_cov050_seed00000004_bw000,3,1,0.5,0.0,4,X,Y,1,2,"C00,W",True,1,ok,local_up_fast,mpdag_criterion,True,"Conjecture 2 (hence Anti-Exchange Case B, verified not proved)",C00->Y W->Y X->C02 X->Y C00-X,7.216600000004014e-05,0.0,7.216600000004014e-05,,6,0.0005442909999999745,100,100,0,0,0,3,0.0,0.0,1,0.0,1,100,100,0,0,1.0,0.0,0.0
c03_s01_cov050_seed00000005_bw000,3,1,0.5,0.0,5,X,Y,1,2,"C00,W",True,1,ok,local_up_fast,mpdag_criterion,True,"Conjecture 2 (hence Anti-Exchange Case B, verified not proved)",C00->Y W->Y X->C02 X->Y C00-X,6.737500000009167e-05,0.0,6.737500000009167e-05,,6,0.0004441250000000174,100,100,0,0,0,3,0.0,0.0,1,0.0,1,100,100,0,0,1.0,0.0,0.0
c03_s01_cov050_seed00000006_bw000,3,1,0.5,0.0,6,X,Y,1,2,"C00,W",True,1,ok,local_up_fast,mpdag_criterion,True,"Conjecture 2 (hence Anti-Exchange Case B, verified not proved)",C00->Y W->Y X->Y C00-C02 C00-X,5.0459000000002696e-05,0.0,5.0459000000002696e-05,,6,0.0005032499999999551,100,100,0,0,0,3,0.0,0.0,1,0.0,1,100,100,0,0,1.0,0.0,0.0
c03_s01_cov050_seed00000007_bw000,3,1,0.5,0.0,7,X,Y,1,2,"C00,W",True,1,ok,local_up_fast,mpdag_criterion,True,"Conjecture 2 (hence Anti-Exchange Case B, verified not proved)",C00->Y W->Y X->C02 X->Y C00-X,5.529100000001286e-05,0.0,5.529100000001286e-05,,6,0.0004370420000000541,100,100,0,0,0,3,0.0,0.0,1,0.0,1,100,100,0,0,1.0,0.0,0.0
c03_s01_cov050_seed00000008_bw000,3,1,0.5,0.0,8,X,Y,1,2,"C00,W",True,1,ok,local_up_fast,mpdag_criterion,True,"Conjecture 2 (hence Anti-Exchange Case B, verified not proved)",C00->Y W->Y X->C02 X->Y C00-X,6.625000000004544e-05,0.0,6.625000000004544e-05,,6,0.000429542000000005,100,100,0,0,0,3,0.0,0.0,1,0.0,1,100,100,0,0,1.0,0.0,0.0
c03_s01_cov050_seed00000009_bw000,3,1,0.5,0.0,9,X,Y,2,2,"C00,W",True,1,ok,local_up_fast,mpdag_criterion,True,"Conjecture 2 (hence Anti-Exchange Case B, verified not proved)",C00->C02 C00->Y W->Y X->Y C00-X C02-X,0.00017462499999998382,0.0,0.00017462499999998382,,19,0.0020020830000000434,200,200,0,0,0,4,0.31500000000000006,0.45,2,0.36000000000000004,2,200,200,0,0,1.0,0.0,0.0
c03_s01_cov050_seed00000010_bw000,3,1,0.5,0.0,10,X,Y,2,2,"C00,W",True,1,ok,local_up_fast,mpdag_criterion,True,"Conjecture 2 (hence Anti-Exchange Case B, verified not proved)",C00->C02 C00->Y W->Y X->Y C00-X C02-X,9.495799999992283e-05,0.0,9.495799999992283e-05,,19,0.002234999999999987,200,200,0,0,0,4,0.35699999999999993,0.51,2,0.4079999999999999,2,200,200,0,0,1.0,0.0,0.0
c03_s01_cov050_seed00000011_bw000,3,1,0.5,0.0,11,X,Y,1,2,"C00,W",True,1,ok,local_up_fast,mpdag_criterion,True,"Conjecture 2 (hence Anti-Exchange Case B, verified not proved)",C00->Y W->Y X->Y C00-C02 C00-X,5.670800000001641e-05,0.0,5.670800000001641e-05,,6,0.0005272920000000125,100,100,0,0,0,3,0.0,0.0,1,0.0,1,100,100,0,0,1.0,0.0,0.0
c03_s01_cov050_seed00000012_bw000,3,1,0.5,0.0,12,X,Y,1,2,"C00,W",True,1,ok,local_up_fast,mpdag_criterion,True,"Conjecture 2 (hence Anti-Exchange Case B, verified not proved)",C00->Y W->Y X->C02 X->Y C00-X,6.366599999996225e-05,0.0,6.366599999996225e-05,,6,0.000553208999999999,100,100,0,0,0,3,0.0,0.0,1,0.0,1,100,100,0,0,1.0,0.0,0.0
c03_s01_cov050_seed00000013_bw000,3,1,0.5,0.0,13,X,Y,1,2,"C00,W",True,1,ok,local_up_fast,mpdag_criterion,True,"Conjecture 2 (hence Anti-Exchange Case B, verified not proved)",C00->Y W->Y X->C02 X->Y C00-X,0.00011829200000001983,0.0,0.00011829200000001983,,6,0.00043679200000001916,100,100,0,0,0,3,0.0,0.0,1,0.0,1,100,100,0,0,1.0,0.0,0.0
c03_s01_cov050_seed00000014_bw000,3,1,0.5,0.0,14,X,Y,1,2,"C00,W",True,1,ok,local_up_fast,mpdag_criterion,True,"Conjecture 2 (hence Anti-Exchange Case B, verified not proved)",C00->Y W->Y X->Y C00-C02 C00-X,5.9499999999990116e-05,0.0,5.9499999999990116e-05,,6,0.000502290999999988,100,100,0,0,0,3,0.0,0.0,1,0.0,1,100,100,0,0,1.0,0.0,0.0
c03_s01_cov050_seed00000000_bw010,3,1,0.5,0.1,0,X,Y,2,2,"C00,W",True,1,ok,local_up_fast,mpdag_criterion,True,"Conjecture 2 (hence Anti-Exchange Case B, verified not proved)",C00->C02 C00->Y W->Y X->Y C00-X C02-X,0.00012125000000007269,0.0,0.00012125000000007269,,19,0.002229707999999997,200,200,0,0,0,4,0.392,0.56,2,0.44800000000000006,2,200,200,0,0,1.0,0.0,0.0
c03_s01_cov050_seed00000001_bw010,3,1,0.5,0.1,1,X,Y,1,2,"C00,W",True,1,ok,local_up_fast,mpdag_criterion,True,"Conjecture 2 (hence Anti-Exchange Case B, verified not proved)",C00->Y W->Y X->Y C00-C02 C00-X,5.774999999996755e-05,0.0,5.774999999996755e-05,,6,0.0006766659999999369,100,100,0,0,0,3,0.0,0.0,1,0.0,1,100,100,0,0,1.0,0.0,0.0
c03_s01_cov050_seed00000002_bw010,3,1,0.5,0.1,2,X,Y,2,2,"C00,W",True,1,ok,local_up_fast,mpdag_criterion,True,"Conjecture 2 (hence Anti-Exchange Case B, verified not proved)",C00->C02 C00->Y W->Y X->Y C00-X C02-X,8.733400000004998e-05,0.0,8.733400000004998e-05,,19,0.0027265419999999985,200,200,0,0,0,4,0.378,0.54,2,0.43200000000000005,2,200,200,0,0,1.0,0.0,0.0
c03_s01_cov050_seed00000003_bw010,3,1,0.5,0.1,3,X,Y,2,2,"C00,W",True,1,ok,local_up_fast,mpdag_criterion,True,"Conjecture 2 (hence Anti-Exchange Case B, verified not proved)",C00->C02 C00->Y W->Y X->Y C00-X C02-X,9.158300000000619e-05,0.0,9.158300000000619e-05,,19,0.0020920410000000444,200,200,0,0,0,4,0.35,0.5,2,0.4,2,200,200,0,0,1.0,0.0,0.0
c03_s01_cov050_seed00000004_bw010,3,1,0.5,0.1,4,X,Y,1,2,"C00,W",True,1,ok,local_up_fast,mpdag_criterion,True,"Conjecture 2 (hence Anti-Exchange Case B, verified not proved)",C00->Y W->Y X->C02 X->Y C00-X,6.004199999998239e-05,0.0,6.004199999998239e-05,,6,0.0006406249999999503,100,100,0,0,0,3,0.0,0.0,1,0.0,1,100,100,0,0,1.0,0.0,0.0
c03_s01_cov050_seed00000005_bw010,3,1,0.5,0.1,5,X,Y,1,2,"C00,W",True,1,ok,local_up_fast,mpdag_criterion,True,"Conjecture 2 (hence Anti-Exchange Case B, verified not proved)",C00->Y W->Y X->C02 X->Y C00-X,6.445800000010049e-05,0.0,6.445800000010049e-05,,6,0.0004209580000000823,100,100,0,0,0,3,0.0,0.0,1,0.0,1,100,100,0,0,1.0,0.0,0.0
c03_s01_cov050_seed00000006_bw010,3,1,0.5,0.1,6,X,Y,1,2,"C00,W",True,1,ok,local_up_fast,mpdag_criterion,True,"Conjecture 2 (hence Anti-Exchange Case B, verified not proved)",C00->Y W->Y X->Y C00-C02 C00-X,5.379199999999695e-05,0.0,5.379199999999695e-05,,6,0.0004960840000000077,100,100,0,0,0,3,0.0,0.0,1,0.0,1,100,100,0,0,1.0,0.0,0.0
c03_s01_cov050_seed00000007_bw010,3,1,0.5,0.1,7,X,Y,1,2,"C00,W",True,1,ok,local_up_fast,mpdag_criterion,True,"Conjecture 2 (hence Anti-Exchange Case B, verified not proved)",C00->Y W->Y X->C02 X->Y C00-X,5.854100000002305e-05,0.0,5.854100000002305e-05,,6,0.0005054580000000142,100,100,0,0,0,3,0.0,0.0,1,0.0,1,100,100,0,0,1.0,0.0,0.0
c03_s01_cov050_seed00000008_bw010,3,1,0.5,0.1,8,X,Y,1,2,"C00,W",True,1,ok,local_up_fast,mpdag_criterion,True,"Conjecture 2 (hence Anti-Exchange Case B, verified not proved)",C00->Y W->Y X->C02 X->Y C00-X,6.0417000000034804e-05,0.0,6.0417000000034804e-05,,6,0.0005959589999999793,100,100,0,0,0,3,0.0,0.0,1,0.0,1,100,100,0,0,1.0,0.0,0.0
c03_s01_cov050_seed00000009_bw010,3,1,0.5,0.1,9,X,Y,2,2,"C00,W",True,1,ok,local_up_fast,mpdag_criterion,True,"Conjecture 2 (hence Anti-Exchange Case B, verified not proved)",C00->C02 C00->Y W->Y X->Y C00-X C02-X,8.741699999992303e-05,0.0,8.741699999992303e-05,,19,0.0021756250000000144,200,200,0,0,0,4,0.392,0.56,2,0.44800000000000006,2,200,200,0,0,1.0,0.0,0.0
c03_s01_cov050_seed00000010_bw010,3,1,0.5,0.1,10,X,Y,2,2,"C00,W",True,1,ok,local_up_fast,mpdag_criterion,True,"Conjecture 2 (hence Anti-Exchange Case B, verified not proved)",C00->C02 C00->Y W->Y X->Y C00-X C02-X,9.016600000000263e-05,0.0,9.016600000000263e-05,,19,0.0024772499999999864,200,200,0,0,0,4,0.35699999999999993,0.51,2,0.4079999999999999,2,200,200,0,0,1.0,0.0,0.0
c03_s01_cov050_seed00000011_bw010,3,1,0.5,0.1,11,X,Y,1,2,"C00,W",True,1,ok,local_up_fast,mpdag_criterion,True,"Conjecture 2 (hence Anti-Exchange Case B, verified not proved)",C00->Y W->Y X->Y C00-C02 C00-X,5.720799999997528e-05,0.0,5.720799999997528e-05,,6,0.0005809170000000696,100,100,0,0,0,3,0.0,0.0,1,0.0,1,100,100,0,0,1.0,0.0,0.0
c03_s01_cov050_seed00000012_bw010,3,1,0.5,0.1,12,X,Y,1,2,"C00,W",True,1,ok,local_up_fast,mpdag_criterion,True,"Conjecture 2 (hence Anti-Exchange Case B, verified not proved)",C00->Y W->Y X->C02 X->Y C00-X,6.75839999999539e-05,0.0,6.75839999999539e-05,,6,0.00046004200000004936,100,100,0,0,0,3,0.0,0.0,1,0.0,1,100,100,0,0,1.0,0.0,0.0
c03_s01_cov050_seed00000013_bw010,3,1,0.5,0.1,13,X,Y,1,2,"C00,W",True,1,ok,local_up_fast,mpdag_criterion,True,"Conjecture 2 (hence Anti-Exchange Case B, verified not proved)",C00->Y W->Y X->C02 X->Y C00-X,5.6874999999956266e-05,0.0,5.6874999999956266e-05,,6,0.0004413330000000437,100,100,0,0,0,3,0.0,0.0,1,0.0,1,100,100,0,0,1.0,0.0,0.0
c03_s01_cov050_seed00000014_bw010,3,1,0.5,0.1,14,X,Y,1,2,"C00,W",True,1,ok,local_up_fast,mpdag_criterion,True,"Conjecture 2 (hence Anti-Exchange Case B, verified not proved)",C00->Y W->Y X->Y C00-C02 C00-X,5.591700000007194e-05,0.0,5.591700000007194e-05,,6,0.0004939999999999944,100,100,0,0,0,3,0.0,0.0,1,0.0,1,100,100,0,0,1.0,0.0,0.0
c03_s01_cov050_seed00000000_bw025,3,1,0.5,0.25,0,X,Y,2,2,"C00,W",True,1,ok,local_up_fast,mpdag_criterion,True,"Conjecture 2 (hence Anti-Exchange Case B, verified not proved)",C00->C02 C00->Y W->Y X->Y C00-X C02-X,8.262500000000284e-05,0.0,8.262500000000284e-05,,19,0.0019699589999999656,200,200,0,0,0,4,0.3430000000000001,0.49,2,0.39200000000000007,2,200,200,0,0,1.0,0.0,0.0
c03_s01_cov050_seed00000001_bw025,3,1,0.5,0.25,1,X,Y,1,2,"C00,W",True,1,ok,local_up_fast,mpdag_criterion,True,"Conjecture 2 (hence Anti-Exchange Case B, verified not proved)",C00->Y W->Y X->Y C00-C02 C00-X,6.320800000003679e-05,0.0,6.320800000003679e-05,,6,0.00042441599999998303,100,100,0,0,0,3,0.0,0.0,1,0.0,1,100,100,0,0,1.0,0.0,0.0
c03_s01_cov050_seed00000002_bw025,3,1,0.5,0.25,2,X,Y,2,2,"C00,W",True,1,ok,local_up_fast,mpdag_criterion,True,"Conjecture 2 (hence Anti-Exchange Case B, verified not proved)",C00->C02 C00->Y W->Y X->Y C00-X C02-X,8.016700000001986e-05,0.0,8.016700000001986e-05,,19,0.001863082999999932,200,200,0,0,0,4,0.33599999999999997,0.48,2,0.384,2,200,200,0,0,1.0,0.0,0.0
c03_s01_cov050_seed00000003_bw025,3,1,0.5,0.25,3,X,Y,2,2,"C00,W",True,1,ok,local_up_fast,mpdag_criterion,True,"Conjecture 2 (hence Anti-Exchange Case B, verified not proved)",C00->C02 C00->Y W->Y X->Y C00-X C02-X,8.016700000001986e-05,0.0,8.016700000001986e-05,,19,0.002017541000000067,200,200,0,0,0,4,0.3430000000000001,0.49,2,0.39200000000000007,2,200,200,0,0,1.0,0.0,0.0
c03_s01_cov050_seed00000004_bw025,3,1,0.5,0.25,4,X,Y,1,2,"C00,W",True,1,ok,local_up_fast,mpdag_criterion,True,"Conjecture 2 (hence Anti-Exchange Case B, verified not proved)",C00->Y W->Y X->C02 X->Y C00-X,5.3208999999942996e-05,0.0,5.3208999999942996e-05,,6,0.000520333000000095,100,100,0,0,0,3,0.0,0.0,1,0.0,1,100,100,0,0,1.0,0.0,0.0
c03_s01_cov050_seed00000005_bw025,3,1,0.5,0.25,5,X,Y,1,2,"C00,W",True,1,ok,local_up_fast,mpdag_criterion,True,"Conjecture 2 (hence Anti-Exchange Case B, verified not proved)",C00->Y W->Y X->C02 X->Y C00-X,5.350000000003963e-05,0.0,5.350000000003963e-05,,6,0.00042120800000000624,100,100,0,0,0,3,0.0,0.0,1,0.0,1,100,100,0,0,1.0,0.0,0.0
c03_s01_cov050_seed00000006_bw025,3,1,0.5,0.25,6,X,Y,1,2,"C00,W",True,1,ok,local_up_fast,mpdag_criterion,True,"Conjecture 2 (hence Anti-Exchange Case B, verified not proved)",C00->Y W->Y X->Y C00-C02 C00-X,4.816699999998786e-05,0.0,4.816699999998786e-05,,6,0.0005144169999999892,100,100,0,0,0,3,0.0,0.0,1,0.0,1,100,100,0,0,1.0,0.0,0.0
c03_s01_cov050_seed00000007_bw025,3,1,0.5,0.25,7,X,Y,1,2,"C00,W",True,1,ok,local_up_fast,mpdag_criterion,True,"Conjecture 2 (hence Anti-Exchange Case B, verified not proved)",C00->Y W->Y X->C02 X->Y C00-X,5.566700000003699e-05,0.0,5.566700000003699e-05,,6,0.00041524999999997814,100,100,0,0,0,3,0.0,0.0,1,0.0,1,100,100,0,0,1.0,0.0,0.0
c03_s01_cov050_seed00000008_bw025,3,1,0.5,0.25,8,X,Y,1,2,"C00,W",True,1,ok,local_up_fast,mpdag_criterion,True,"Conjecture 2 (hence Anti-Exchange Case B, verified not proved)",C00->Y W->Y X->C02 X->Y C00-X,5.224999999997593e-05,0.0,5.224999999997593e-05,,6,0.000427749999999949,100,100,0,0,0,3,0.0,0.0,1,0.0,1,100,100,0,0,1.0,0.0,0.0
c03_s01_cov050_seed00000009_bw025,3,1,0.5,0.25,9,X,Y,2,2,"C00,W",True,1,ok,local_up_fast,mpdag_criterion,True,"Conjecture 2 (hence Anti-Exchange Case B, verified not proved)",C00->C02 C00->Y W->Y X->Y C00-X C02-X,8.120799999999928e-05,0.0,8.120799999999928e-05,,19,0.0020430420000000504,200,200,0,0,0,4,0.308,0.44,2,0.352,2,200,200,0,0,1.0,0.0,0.0
c03_s01_cov050_seed00000010_bw025,3,1,0.5,0.25,10,X,Y,2,2,"C00,W",True,1,ok,local_up_fast,mpdag_criterion,True,"Conjecture 2 (hence Anti-Exchange Case B, verified not proved)",C00->C02 C00->Y W->Y X->Y C00-X C02-X,8.187500000000902e-05,0.0,8.187500000000902e-05,,19,0.0019597919999999602,200,200,0,0,0,4,0.294,0.42,2,0.33599999999999997,2,200,200,0,0,1.0,0.0,0.0
c03_s01_cov050_seed00000011_bw025,3,1,0.5,0.25,11,X,Y,1,2,"C00,W",True,1,ok,local_up_fast,mpdag_criterion,True,"Conjecture 2 (hence Anti-Exchange Case B, verified not proved)",C00->Y W->Y X->Y C00-C02 C00-X,5.0083000000089584e-05,0.0,5.0083000000089584e-05,,6,0.0004129999999999967,100,100,0,0,0,3,0.0,0.0,1,0.0,1,100,100,0,0,1.0,0.0,0.0
c03_s01_cov050_seed00000012_bw025,3,1,0.5,0.25,12,X,Y,1,2,"C00,W",True,1,ok,local_up_fast,mpdag_criterion,True,"Conjecture 2 (hence Anti-Exchange Case B, verified not proved)",C00->Y W->Y X->C02 X->Y C00-X,5.741599999997682e-05,0.0,5.741599999997682e-05,,6,0.0004912919999999765,100,100,0,0,0,3,0.0,0.0,1,0.0,1,100,100,0,0,1.0,0.0,0.0
c03_s01_cov050_seed00000013_bw025,3,1,0.5,0.25,13,X,Y,1,2,"C00,W",True,1,ok,local_up_fast,mpdag_criterion,True,"Conjecture 2 (hence Anti-Exchange Case B, verified not proved)",C00->Y W->Y X->C02 X->Y C00-X,6.070799999990939e-05,0.0,6.070799999990939e-05,,6,0.00045070800000002187,100,100,0,0,0,3,0.0,0.0,1,0.0,1,100,100,0,0,1.0,0.0,0.0
c03_s01_cov050_seed00000014_bw025,3,1,0.5,0.25,14,X,Y,1,2,"C00,W",True,1,ok,local_up_fast,mpdag_criterion,True,"Conjecture 2 (hence Anti-Exchange Case B, verified not proved)",C00->Y W->Y X->Y C00-C02 C00-X,5.8540999999801e-05,0.0,5.8540999999801e-05,,6,0.00042162499999998104,100,100,0,0,0,3,0.0,0.0,1,0.0,1,100,100,0,0,1.0,0.0,0.0
c03_s01_cov100_seed00000000_bw000,3,1,1.0,0.0,0,X,Y,3,2,"C00,W",True,1,ok,local_up_fast,mpdag_criterion,True,"Conjecture 2 (hence Anti-Exchange Case B, verified not proved)",C00->C02 C00->Y W->Y X->C02 X->Y C00-X,0.00010720800000019182,0.0,0.00010720800000019182,,19,0.0019201250000000503,300,240,0,0,60,6,0.4782679738562091,1.168300653594771,3,0.4782679738562091,3,240,240,0,0,1.0,0.0,0.0
c03_s01_cov100_seed00000001_bw000,3,1,1.0,0.0,1,X,Y,2,2,"C00,W",True,1,ok,local_up_fast,mpdag_criterion,True,"Conjecture 2 (hence Anti-Exchange Case B, verified not proved)",C00->C02 C00->Y W->Y X->Y C00-X,6.550000000005163e-05,0.0,6.550000000005163e-05,,6,0.0004329159999998389,200,100,0,0,100,2,0.5300000000000001,0.53,2,0.5300000000000001,1,100,100,0,0,1.0,0.0,0.0
c03_s01_cov100_seed00000002_bw000,3,1,1.0,0.0,2,X,Y,3,2,"C00,W",True,1,ok,local_up_fast,mpdag_criterion,True,"Conjecture 2 (hence Anti-Exchange Case B, verified not proved)",C00->C02 C00->Y W->Y X->C02 X->Y C00-X,0.00010770899999990036,0.0,0.00010770899999990036,,19,0.0019742919999998776,300,248,0,0,52,6,0.4156164383561644,1.012054794520548,3,0.4156164383561644,3,248,248,0,0,1.0,0.0,0.0
c03_s01_cov100_seed00000003_bw000,3,1,1.0,0.0,3,X,Y,3,2,"C00,W",True,1,ok,local_up_fast,mpdag_criterion,True,"Conjecture 2 (hence Anti-Exchange Case B, verified not proved)",C00->C02 C00->Y W->Y X->C02 X->Y C00-X,9.04170000000093e-05,0.0,9.04170000000093e-05,,19,0.0017535419999998858,300,236,0,0,64,6,0.3446370530877573,0.90465872156013,3,0.3446370530877573,3,236,236,0,0,1.0,0.0,0.0
c03_s01_cov100_seed00000004_bw000,3,1,1.0,0.0,4,X,Y,2,2,"C00,W",True,1,ok,local_up_fast,mpdag_criterion,True,"Conjecture 2 (hence Anti-Exchange Case B, verified not proved)",C00->Y W->Y X->C02 X->Y C00-X,5.958299999986316e-05,0.0,5.958299999986316e-05,,6,0.00041549999999990206,200,149,0,0,51,4,0.0,0.0,2,0.0,2,149,149,0,0,1.0,0.0,0.0
c03_s01_cov100_seed00000005_bw000,3,1,1.0,0.0,5,X,Y,2,2,"C00,W",True,1,ok,local_up_fast,mpdag_criterion,True,"Conjecture 2 (hence Anti-Exchange Case B, verified not proved)",C00->Y W->Y X->C02 X->Y C00-X,6.875000000006182e-05,0.0,6.875000000006182e-05,,6,0.0004755000000000731,200,155,0,0,45,4,0.0,0.0,2,0.0,2,155,155,0,0,1.0,0.0,0.0
c03_s01_cov100_seed00000006_bw000,3,1,1.0,0.0,6,X,Y,2,2,"C00,W",True,1,ok,local_up_fast,mpdag_criterion,True,"Conjecture 2 (hence Anti-Exchange Case B, verified not proved)",C00->C02 C00->Y W->Y X->Y C00-X,6.329199999988155e-05,0.0,6.329199999988155e-05,,6,0.0004913749999999606,200,100,0,0,100,2,0.5099999999999999,0.51,2,0.5099999999999999,1,100,100,0,0,1.0,0.0,0.0
c03_s01_cov100_seed00000007_bw000,3,1,1.0,0.0,7,X,Y,2,2,"C00,W",True,1,ok,local_up_fast,mpdag_criterion,True,"Conjecture 2 (hence Anti-Exchange Case B, verified not proved)",C00->Y W->Y X->C02 X->Y C00-X,5.9250000000066194e-05,0.0,5.9250000000066194e-05,,6,0.00043516700000001407,200,161,0,0,39,4,0.0,0.0,2,0.0,2,161,161,0,0,1.0,0.0,0.0
c03_s01_cov100_seed00000008_bw000,3,1,1.0,0.0,8,X,Y,2,2,"C00,W",True,1,ok,local_up_fast,mpdag_criterion,True,"Conjecture 2 (hence Anti-Exchange Case B, verified not proved)",C00->Y W->Y X->C02 X->Y C00-X,5.541700000000205e-05,0.0,5.541700000000205e-05,,6,0.00043175000000017505,200,164,0,0,36,4,0.0,0.0,2,0.0,2,164,164,0,0,1.0,0.0,0.0
c03_s01_cov100_seed00000009_bw000,3,1,1.0,0.0,9,X,Y,3,2,"C00,W",True,1,ok,local_up_fast,mpdag_criterion,True,"Conjecture 2 (hence Anti-Exchange Case B, verified not proved)",C00->C02 C00->Y W->Y X->C02 X->Y C00-X,0.00011249999999995985,0.0,0.00011249999999995985,,19,0.0019522920000001331,300,223,0,0,77,6,0.3666666666666667,0.9111111111111111,3,0.3666666666666667,3,223,223,0,0,1.0,0.0,0.0
c03_s01_cov100_seed00000010_bw000,3,1,1.0,0.0,10,X,Y,3,2,"C00,W",True,1,ok,local_up_fast,mpdag_criterion,True,"Conjecture 2 (hence Anti-Exchange Case B, verified not proved)",C00->C02 C00->Y W->Y X->C02 X->Y C00-X,9.312500000002721e-05,0.0,9.312500000002721e-05,,19,0.001835250000000066,300,243,0,0,57,6,0.4441901408450704,1.1050469483568075,3,0.4441901408450704,3,243,243,0,0,1.0,0.0,0.0
c03_s01_cov100_seed00000011_bw000,3,1,1.0,0.0,11,X,Y,2,2,"C00,W",True,1,ok,local_up_fast,mpdag_criterion,True,"Conjecture 2 (hence Anti-Exchange Case B, verified not proved)",C00->C02 C00->Y W->Y X->Y C00-X,4.995900000004383e-05,0.0,4.995900000004383e-05,,6,0.0004252499999999326,200,100,0,0,100,2,0.45000000000000007,0.45,2,0.45000000000000007,1,100,100,0,0,1.0,0.0,0.0
c03_s01_cov100_seed00000012_bw000,3,1,1.0,0.0,12,X,Y,2,2,"C00,W",True,1,ok,local_up_fast,mpdag_criterion,True,"Conjecture 2 (hence Anti-Exchange Case B, verified not proved)",C00->Y W->Y X->C02 X->Y C00-X,5.804099999995316e-05,0.0,5.804099999995316e-05,,6,0.0004799170000000519,200,154,0,0,46,4,0.0,0.0,2,0.0,2,154,154,0,0,1.0,0.0,0.0
c03_s01_cov100_seed00000013_bw000,3,1,1.0,0.0,13,X,Y,2,2,"C00,W",True,1,ok,local_up_fast,mpdag_criterion,True,"Conjecture 2 (hence Anti-Exchange Case B, verified not proved)",C00->Y W->Y X->C02 X->Y C00-X,6.487500000007529e-05,0.0,6.487500000007529e-05,,6,0.0004948750000000057,200,150,0,0,50,4,0.0,0.0,2,0.0,2,150,150,0,0,1.0,0.0,0.0
c03_s01_cov100_seed00000014_bw000,3,1,1.0,0.0,14,X,Y,2,2,"C00,W",True,1,ok,local_up_fast,mpdag_criterion,True,"Conjecture 2 (hence Anti-Exchange Case B, verified not proved)",C00->C02 C00->Y W->Y X->Y C00-X,5.691699999998967e-05,0.0,5.691699999998967e-05,,6,0.00041920800000005976,200,100,0,0,100,2,0.41000000000000003,0.41,2,0.41000000000000003,1,100,100,0,0,1.0,0.0,0.0
c03_s01_cov100_seed00000000_bw010,3,1,1.0,0.1,0,X,Y,3,2,"C00,W",True,1,ok,local_up_fast,mpdag_criterion,True,"Conjecture 2 (hence Anti-Exchange Case B, verified not proved)",C00->C02 C00->Y W->Y X->C02 X->Y C00-X,9.012500000005197e-05,0.0,9.012500000005197e-05,,19,0.0017817499999999153,300,232,0,0,68,6,0.3459627329192546,0.8633540372670807,3,0.3459627329192546,3,232,232,0,0,1.0,0.0,0.0
c03_s01_cov100_seed00000001_bw010,3,1,1.0,0.1,1,X,Y,2,2,"C00,W",True,1,ok,local_up_fast,mpdag_criterion,True,"Conjecture 2 (hence Anti-Exchange Case B, verified not proved)",C00->C02 C00->Y W->Y X->Y C00-X,4.933299999998475e-05,0.0,4.933299999998475e-05,,6,0.00045545799999979764,200,100,0,0,100,2,0.5,0.5,2,0.5,1,100,100,0,0,1.0,0.0,0.0
c03_s01_cov100_seed00000002_bw010,3,1,1.0,0.1,2,X,Y,3,2,"C00,W",True,1,ok,local_up_fast,mpdag_criterion,True,"Conjecture 2 (hence Anti-Exchange Case B, verified not proved)",C00->C02 C00->Y W->Y X->C02 X->Y C00-X,9.054100000005505e-05,0.0,9.054100000005505e-05,,19,0.0020762080000000793,300,240,0,0,60,6,0.42017973856209145,1.0580065359477122,3,0.42017973856209145,3,240,240,0,0,1.0,0.0,0.0
c03_s01_cov100_seed00000003_bw010,3,1,1.0,0.1,3,X,Y,3,2,"C00,W",True,1,ok,local_up_fast,mpdag_criterion,True,"Conjecture 2 (hence Anti-Exchange Case B, verified not proved)",C00->C02 C00->Y W->Y X->C02 X->Y C00-X,0.0001115419999999645,0.0,0.0001115419999999645,,19,0.0017320419999999892,300,236,0,0,64,6,0.372290720311486,0.9822626000432619,3,0.372290720311486,3,236,236,0,0,1.0,0.0,0.0
c03_s01_cov100_seed00000004_bw010,3,1,1.0,0.1,4,X,Y,2,2,"C00,W",True,1,ok,local_up_fast,mpdag_criterion,True,"Conjecture 2 (hence Anti-Exchange Case B, verified not proved)",C00->Y W->Y X->C02 X->Y C00-X,6.72500000000742e-05,0.0,6.72500000000742e-05,,6,0.000521209000000189,200,144,0,0,56,4,0.0,0.0,2,0.0,2,144,144,0,0,1.0,0.0,0.0
c03_s01_cov100_seed00000005_bw010,3,1,1.0,0.1,5,X,Y,2,2,"C00,W",True,1,ok,local_up_fast,mpdag_criterion,True,"Conjecture 2 (hence Anti-Exchange Case B, verified not proved)",C00->Y W->Y X->C02 X->Y C00-X,5.8084000000180325e-05,0.0,5.8084000000180325e-05,,6,0.0004939160000001497,200,153,0,0,47,4,0.0,0.0,2,0.0,2,153,153,0,0,1.0,0.0,0.0
c03_s01_cov100_seed00000006_bw010,3,1,1.0,0.1,6,X,Y,2,2,"C00,W",True,1,ok,local_up_fast,mpdag_criterion,True,"Conjecture 2 (hence Anti-Exchange Case B, verified not proved)",C00->C02 C00->Y W->Y X->Y C00-X,5.149999999987109e-05,0.0,5.149999999987109e-05,,6,0.00041599999999997195,200,100,0,0,100,2,0.54,0.54,2,0.54,1,100,100,0,0,1.0,0.0,0.0
c03_s01_cov100_seed00000007_bw010,3,1,1.0,0.1,7,X,Y,2,2,"C00,W",True,1,ok,local_up_fast,mpdag_criterion,True,"Conjecture 2 (hence Anti-Exchange Case B, verified not proved)",C00->Y W->Y X->C02 X->Y C00-X,5.7082999999957806e-05,0.0,5.7082999999957806e-05,,6,0.000423749999999945,200,150,0,0,50,4,0.0,0.0,2,0.0,2,150,150,0,0,1.0,0.0,0.0
c03_s01_cov100_seed00000008_bw010,3,1,1.0,0.1,8,X,Y,2,2,"C00,W",True,1,ok,local_up_fast,mpdag_criterion,True,"Conjecture 2 (hence Anti-Exchange Case B, verified not proved)",C00->Y W->Y X->C02 X->Y C00-X,5.620799999994652e-05,0.0,5.620799999994652e-05,,6,0.0004300829999999145,200,155,0,0,45,4,0.0,0.0,2,0.0,2,155,155,0,0,1.0,0.0,0.0
c03_s01_cov100_seed00000009_bw010,3,1,1.0,0.1,9,X,Y,3,2,"C00,W",True,1,ok,local_up_fast,mpdag_criterion,True,"Conjecture 2 (hence Anti-Exchange Case B, verified not proved)",C00->C02 C00->Y W->Y X->C02 X->Y C00-X,9.083300000001238e-05,0.0,9.083300000001238e-05,,19,0.002060791999999978,300,243,0,0,57,6,0.37947965571205,0.922339593114241,3,0.37947965571205,3,243,243,0,0,1.0,0.0,0.0
c03_s01_cov100_seed00000010_bw010,3,1,1.0,0.1,10,X,Y,3,2,"C00,W",True,1,ok,local_up_fast,mpdag_criterion,True,"Conjecture 2 (hence Anti-Exchange Case B, verified not proved)",C00->C02 C00->Y W->Y X->C02 X->Y C00-X,9.337499999984011e-05,0.0,9.337499999984011e-05,,19,0.0017645829999999307,300,234,0,0,66,6,0.3951612903225806,0.9838709677419355,3,0.3951612903225806,3,234,234,0,0,1.0,0.0,0.0
c03_s01_cov100_seed00000011_bw010,3,1,1.0,0.1,11,X,Y,2,2,"C00,W",True,1,ok,local_up_fast,mpdag_criterion,True,"Conjecture 2 (hence Anti-Exchange Case B, verified not proved)",C00->C02 C00->Y W->Y X->Y C00-X,6.104200000001114e-05,0.0,6.104200000001114e-05,,6,0.00042241700000000826,200,100,0,0,100,2,0.5099999999999999,0.51,2,0.5099999999999999,1,100,100,0,0,1.0,0.0,0.0
c03_s01_cov100_seed00000012_bw010,3,1,1.0,0.1,12,X,Y,2,2,"C00,W",True,1,ok,local_up_fast,mpdag_criterion,True,"Conjecture 2 (hence Anti-Exchange Case B, verified not proved)",C00->Y W->Y X->C02 X->Y C00-X,6.983299999996362e-05,0.0,6.983299999996362e-05,,6,0.000501624999999839,200,150,0,0,50,4,0.0,0.0,2,0.0,2,150,150,0,0,1.0,0.0,0.0
c03_s01_cov100_seed00000013_bw010,3,1,1.0,0.1,13,X,Y,2,2,"C00,W",True,1,ok,local_up_fast,mpdag_criterion,True,"Conjecture 2 (hence Anti-Exchange Case B, verified not proved)",C00->Y W->Y X->C02 X->Y C00-X,5.82919999998488e-05,0.0,5.82919999998488e-05,,6,0.00044116699999996456,200,151,0,0,49,4,0.0,0.0,2,0.0,2,151,151,0,0,1.0,0.0,0.0
c03_s01_cov100_seed00000014_bw010,3,1,1.0,0.1,14,X,Y,2,2,"C00,W",True,1,ok,local_up_fast,mpdag_criterion,True,"Conjecture 2 (hence Anti-Exchange Case B, verified not proved)",C00->C02 C00->Y W->Y X->Y C00-X,5.145799999994871e-05,0.0,5.145799999994871e-05,,6,0.0004155420000000465,200,100,0,0,100,2,0.54,0.54,2,0.54,1,100,100,0,0,1.0,0.0,0.0
c03_s01_cov100_seed00000000_bw025,3,1,1.0,0.25,0,X,Y,3,2,"C00,W",True,2,ok,local_up_fast,mpdag_criterion,True,"Conjecture 2 (hence Anti-Exchange Case B, verified not proved)",C00->C02 C00->Y W->Y X->Y C00-X C02-X,0.00018604199999994186,0.0,0.00018604199999994186,,19,0.0017798749999999863,300,235,0,0,65,6,0.5,1.0,3,0.5,3,235,235,0,0,1.0,0.0,0.0
c03_s01_cov100_seed00000001_bw025,3,1,1.0,0.25,1,X,Y,2,2,"C00,W",True,1,ok,local_up_fast,mpdag_criterion,True,"Conjecture 2 (hence Anti-Exchange Case B, verified not proved)",C00->C02 C00->Y W->Y X->Y C00-X,5.99589999998873e-05,0.0,5.99589999998873e-05,,6,0.0004974169999998335,200,100,0,0,100,2,0.35999999999999993,0.36,2,0.35999999999999993,1,100,100,0,0,1.0,0.0,0.0
c03_s01_cov100_seed00000002_bw025,3,1,1.0,0.25,2,X,Y,3,2,"C00,W",True,2,ok,local_up_fast,mpdag_criterion,True,"Conjecture 2 (hence Anti-Exchange Case B, verified not proved)",C00->C02 C00->Y W->Y X->Y C00-X C02-X,0.0001364169999999998,0.0,0.0001364169999999998,,19,0.0017818750000000438,300,229,0,0,71,6,0.5,1.0,3,0.5,3,229,229,0,0,1.0,0.0,0.0
c03_s01_cov100_seed00000004_bw025,3,1,1.0,0.25,4,X,Y,2,2,"C00,W",True,1,ok,local_up_fast,mpdag_criterion,True,"Conjecture 2 (hence Anti-Exchange Case B, verified not proved)",C00->Y W->Y X->C02 X->Y C00-X,5.6375000000219444e-05,0.0,5.6375000000219444e-05,,6,0.00042333300000008123,200,152,0,0,48,4,0.0,0.0,2,0.0,2,152,152,0,0,1.0,0.0,0.0
c03_s01_cov100_seed00000005_bw025,3,1,1.0,0.25,5,X,Y,2,2,"C00,W",True,1,ok,local_up_fast,mpdag_criterion,True,"Conjecture 2 (hence Anti-Exchange Case B, verified not proved)",C00->Y W->Y X->C02 X->Y C00-X,6.933399999997647e-05,0.0,6.933399999997647e-05,,6,0.00047733400000016246,200,148,0,0,52,4,0.0,0.0,2,0.0,2,148,148,0,0,1.0,0.0,0.0
c03_s01_cov100_seed00000006_bw025,3,1,1.0,0.25,6,X,Y,2,2,"C00,W",True,1,ok,local_up_fast,mpdag_criterion,True,"Conjecture 2 (hence Anti-Exchange Case B, verified not proved)",C00->C02 C00->Y W->Y X->Y C00-X,5.63749999999974e-05,0.0,5.63749999999974e-05,,6,0.0004482910000001006,200,100,0,0,100,2,0.4800000000000001,0.48,2,0.4800000000000001,1,100,100,0,0,1.0,0.0,0.0
c03_s01_cov100_seed00000007_bw025,3,1,1.0,0.25,7,X,Y,2,2,"C00,W",True,1,ok,local_up_fast,mpdag_criterion,True,"Conjecture 2 (hence Anti-Exchange Case B, verified not proved)",C00->Y W->Y X->C02 X->Y C00-X,5.5375000000079666e-05,0.0,5.5375000000079666e-05,,6,0.00043008300000013655,200,160,0,0,40,4,0.0,0.0,2,0.0,2,160,160,0,0,1.0,0.0,0.0
c03_s01_cov100_seed00000008_bw025,3,1,1.0,0.25,8,X,Y,2,2,"C00,W",True,1,ok,local_up_fast,mpdag_criterion,True,"Conjecture 2 (hence Anti-Exchange Case B, verified not proved)",C00->Y W->Y X->C02 X->Y C00-X,5.666600000009403e-05,0.0,5.666600000009403e-05,,6,0.00042037500000002836,200,148,0,0,52,4,0.0,0.0,2,0.0,2,148,148,0,0,1.0,0.0,0.0
c03_s01_cov100_seed00000010_bw025,3,1,1.0,0.25,10,X,Y,3,1,W,True,1,ok,local_up_fast,mpdag_criterion,True,"Conjecture 2 (hence Anti-Exchange Case B, verified not proved)",C00->C02 C00->Y W->Y X->C02 X->Y C00-X,8.720799999983875e-05,0.0,8.720799999983875e-05,,19,0.0020669579999998966,300,243,0,0,57,6,0.18309859154929578,0.36619718309859156,3,0.18309859154929578,3,243,243,0,0,1.0,0.0,0.0
c03_s01_cov100_seed00000011_bw025,3,1,1.0,0.25,11,X,Y,2,2,"C00,W",True,1,ok,local_up_fast,mpdag_criterion,True,"Conjecture 2 (hence Anti-Exchange Case B, verified not proved)",C00->C02 C00->Y W->Y X->Y C00-X,5.766699999987246e-05,0.0,5.766699999987246e-05,,6,0.00042349999999991006,200,100,0,0,100,2,0.4900000000000001,0.49,2,0.4900000000000001,1,100,100,0,0,1.0,0.0,0.0
c03_s01_cov100_seed00000012_bw025,3,1,1.0,0.25,12,X,Y,2,2,"C00,W",True,1,ok,local_up_fast,mpdag_criterion,True,"Conjecture 2 (hence Anti-Exchange Case B, verified not proved)",C00->Y W->Y X->C02 X->Y C00-X,6.31669999999751e-05,0.0,6.31669999999751e-05,,6,0.00043679100000004745,200,164,0,0,36,4,0.0,0.0,2,0.0,2,164,164,0,0,1.0,0.0,0.0
c03_s01_cov100_seed00000013_bw025,3,1,1.0,0.25,13,X,Y,2,2,"C00,W",True,1,ok,local_up_fast,mpdag_criterion,True,"Conjecture 2 (hence Anti-Exchange Case B, verified not proved)",C00->Y W->Y X->C02 X->Y C00-X,6.72500000000742e-05,0.0,6.72500000000742e-05,,6,0.0006215829999998146,200,152,0,0,48,4,0.0,0.0,2,0.0,2,152,152,0,0,1.0,0.0,0.0
c03_s01_cov100_seed00000014_bw025,3,1,1.0,0.25,14,X,Y,2,2,"C00,W",True,1,ok,local_up_fast,mpdag_criterion,True,"Conjecture 2 (hence Anti-Exchange Case B, verified not proved)",C00->C02 C00->Y W->Y X->Y C00-X,6.212499999991294e-05,0.0,6.212499999991294e-05,,6,0.0005065829999999494,200,100,0,0,100,2,0.45000000000000007,0.45,2,0.45000000000000007,1,100,100,0,0,1.0,0.0,0.0
c03_s01_cov100_seed00000015_bw025,3,1,1.0,0.25,15,X,Y,2,2,"C00,W",True,1,ok,local_up_fast,mpdag_criterion,True,"Conjecture 2 (hence Anti-Exchange Case B, verified not proved)",C00->Y W->Y X->C02 X->Y C00-X,5.649999999990385e-05,0.0,5.649999999990385e-05,,6,0.0004917079999999796,200,144,0,0,56,4,0.0,0.0,2,0.0,2,144,144,0,0,1.0,0.0,0.0
c03_s01_cov100_seed00000016_bw025,3,1,1.0,0.25,16,X,Y,2,2,"C00,W",True,1,ok,local_up_fast,mpdag_criterion,True,"Conjecture 2 (hence Anti-Exchange Case B, verified not proved)",C00->Y W->Y X->C02 X->Y C00-X,5.9125000000159744e-05,0.0,5.9125000000159744e-05,,6,0.0004179170000000454,200,153,0,0,47,4,0.0,0.0,2,0.0,2,153,153,0,0,1.0,0.0,0.0
c03_s02_cov050_seed00000000_bw000,3,2,0.5,0.0,0,X,Y,1,2,"C00,W",True,1,ok,local_up_fast,mpdag_criterion,True,"Conjecture 2 (hence Anti-Exchange Case B, verified not proved)",C00->Y W->Y X->Y C00-C01 C01-X,6.916700000014764e-05,0.0,6.916700000014764e-05,,6,0.000519417000000022,100,100,0,0,0,3,0.0,0.0,1,0.0,1,100,100,0,0,1.0,0.0,0.0
c03_s02_cov050_seed00000001_bw000,3,2,0.5,0.0,1,X,Y,1,2,"C00,W",True,1,ok,local_up_fast,mpdag_criterion,True,"Conjecture 2 (hence Anti-Exchange Case B, verified not proved)",C00->Y W->Y X->Y C00-C01 C01-X,7.016599999998263e-05,0.0,7.016599999998263e-05,,6,0.00043274999999987074,100,100,0,0,0,3,0.0,0.0,1,0.0,1,100,100,0,0,1.0,0.0,0.0
c03_s02_cov050_seed00000002_bw000,3,2,0.5,0.0,2,X,Y,1,2,"C00,W",True,1,ok,local_up_fast,mpdag_criterion,True,"Conjecture 2 (hence Anti-Exchange Case B, verified not proved)",C00->Y W->Y X->Y C00-C01 C01-X,5.062499999985981e-05,0.0,5.062499999985981e-05,,6,0.0004861670000000373,100,100,0,0,0,3,0.0,0.0,1,0.0,1,100,100,0,0,1.0,0.0,0.0
c03_s02_cov050_seed00000003_bw000,3,2,0.5,0.0,3,X,Y,1,2,"C00,W",True,1,ok,local_up_fast,mpdag_criterion,True,"Conjecture 2 (hence Anti-Exchange Case B, verified not proved)",C00->Y W->Y X->Y C00-C01 C01-X,6.254199999999877e-05,0.0,6.254199999999877e-05,,6,0.0004317080000000306,100,100,0,0,0,3,0.0,0.0,1,0.0,1,100,100,0,0,1.0,0.0,0.0
c03_s02_cov050_seed00000004_bw000,3,2,0.5,0.0,4,X,Y,1,2,"C00,W",True,1,ok,local_up_fast,mpdag_criterion,True,"Conjecture 2 (hence Anti-Exchange Case B, verified not proved)",C00->Y W->Y X->Y C00-C01 C01-X,5.5375000000079666e-05,0.0,5.5375000000079666e-05,,6,0.00048549999999991655,100,100,0,0,0,3,0.0,0.0,1,0.0,1,100,100,0,0,1.0,0.0,0.0
c03_s02_cov050_seed00000005_bw000,3,2,0.5,0.0,5,X,Y,1,2,"C00,W",True,1,ok,local_up_fast,mpdag_criterion,True,"Conjecture 2 (hence Anti-Exchange Case B, verified not proved)",C00->Y W->Y X->Y C00-C01 C01-X,4.88339999999976e-05,0.0,4.88339999999976e-05,,6,0.0005027500000001073,100,100,0,0,0,3,0.0,0.0,1,0.0,1,100,100,0,0,1.0,0.0,0.0
c03_s02_cov050_seed00000006_bw000,3,2,0.5,0.0,6,X,Y,1,2,"C00,W",True,1,ok,local_up_fast,mpdag_criterion,True,"Conjecture 2 (hence Anti-Exchange Case B, verified not proved)",C00->Y W->Y X->Y C00-C01 C01-X,4.858300000010196e-05,0.0,4.858300000010196e-05,,6,0.0004272079999998457,100,100,0,0,0,3,0.0,0.0,1,0.0,1,100,100,0,0,1.0,0.0,0.0
c03_s02_cov050_seed00000007_bw000,3,2,0.5,0.0,7,X,Y,1,2,"C00,W",True,1,ok,local_up_fast,mpdag_criterion,True,"Conjecture 2 (hence Anti-Exchange Case B, verified not proved)",C00->Y W->Y X->Y C00-C01 C01-X,6.004100000001067e-05,0.0,6.004100000001067e-05,,6,0.00047041700000005626,100,100,0,0,0,3,0.0,0.0,1,0.0,1,100,100,0,0,1.0,0.0,0.0
c03_s02_cov050_seed00000008_bw000,3,2,0.5,0.0,8,X,Y,1,2,"C00,W",True,1,ok,local_up_fast,mpdag_criterion,True,"Conjecture 2 (hence Anti-Exchange Case B, verified not proved)",C00->Y W->Y X->Y C00-C01 C01-X,4.937500000012918e-05,0.0,4.937500000012918e-05,,6,0.0005010839999999295,100,100,0,0,0,3,0.0,0.0,1,0.0,1,100,100,0,0,1.0,0.0,0.0
c03_s02_cov050_seed00000009_bw000,3,2,0.5,0.0,9,X,Y,1,2,"C00,W",True,1,ok,local_up_fast,mpdag_criterion,True,"Conjecture 2 (hence Anti-Exchange Case B, verified not proved)",C00->Y W->Y X->Y C00-C01 C01-X,5.9915999999882175e-05,0.0,5.9915999999882175e-05,,6,0.00042287500000015577,100,100,0,0,0,3,0.0,0.0,1,0.0,1,100,100,0,0,1.0,0.0,0.0
c03_s02_cov050_seed00000010_bw000,3,2,0.5,0.0,10,X,Y,1,2,"C00,W",True,1,ok,local_up_fast,mpdag_criterion,True,"Conjecture 2 (hence Anti-Exchange Case B, verified not proved)",C00->Y W->Y X->Y C00-C01 C01-X,4.8791999999853175e-05,0.0,4.8791999999853175e-05,,6,0.0004538339999999863,100,100,0,0,0,3,0.0,0.0,1,0.0,1,100,100,0,0,1.0,0.0,0.0
c03_s02_cov050_seed00000011_bw000,3,2,0.5,0.0,11,X,Y,1,2,"C00,W",True,1,ok,local_up_fast,mpdag_criterion,True,"Conjecture 2 (hence Anti-Exchange Case B, verified not proved)",C00->Y W->Y X->Y C00-C01 C01-X,5.374999999996355e-05,0.0,5.374999999996355e-05,,6,0.00048224999999990636,100,100,0,0,0,3,0.0,0.0,1,0.0,1,100,100,0,0,1.0,0.0,0.0
c03_s02_cov050_seed00000012_bw000,3,2,0.5,0.0,12,X,Y,1,2,"C00,W",True,1,ok,local_up_fast,mpdag_criterion,True,"Conjecture 2 (hence Anti-Exchange Case B, verified not proved)",C00->Y W->Y X->Y C00-C01 C01-X,5.8749999999996305e-05,0.0,5.8749999999996305e-05,,6,0.00043325000000016267,100,100,0,0,0,3,0.0,0.0,1,0.0,1,100,100,0,0,1.0,0.0,0.0
c03_s02_cov050_seed00000013_bw000,3,2,0.5,0.0,13,X,Y,1,2,"C00,W",True,1,ok,local_up_fast,mpdag_criterion,True,"Conjecture 2 (hence Anti-Exchange Case B, verified not proved)",C00->Y W->Y X->Y C00-C01 C01-X,5.141700000010907e-05,0.0,5.141700000010907e-05,,6,0.0005084580000001004,100,100,0,0,0,3,0.0,0.0,1,0.0,1,100,100,0,0,1.0,0.0,0.0
c03_s02_cov050_seed00000014_bw000,3,2,0.5,0.0,14,X,Y,1,2,"C00,W",True,1,ok,local_up_fast,mpdag_criterion,True,"Conjecture 2 (hence Anti-Exchange Case B, verified not proved)",C00->Y W->Y X->Y C00-C01 C01-X,5.320799999997128e-05,0.0,5.320799999997128e-05,,6,0.0004307089999999736,100,100,0,0,0,3,0.0,0.0,1,0.0,1,100,100,0,0,1.0,0.0,0.0
c03_s02_cov050_seed00000000_bw010,3,2,0.5,0.1,0,X,Y,1,2,"C00,W",True,1,ok,local_up_fast,mpdag_criterion,True,"Conjecture 2 (hence Anti-Exchange Case B, verified not proved)",C00->Y W->Y X->Y C00-C01 C01-X,6.333400000002598e-05,0.0,6.333400000002598e-05,,6,0.0004300409999999921,100,100,0,0,0,3,0.0,0.0,1,0.0,1,100,100,0,0,1.0,0.0,0.0
c03_s02_cov050_seed00000001_bw010,3,2,0.5,0.1,1,X,Y,1,2,"C00,W",True,1,ok,local_up_fast,mpdag_criterion,True,"Conjecture 2 (hence Anti-Exchange Case B, verified not proved)",C00->Y W->Y X->Y C00-C01 C01-X,5.020899999985673e-05,0.0,5.020899999985673e-05,,6,0.0004895000000000316,100,100,0,0,0,3,0.0,0.0,1,0.0,1,100,100,0,0,1.0,0.0,0.0
c03_s02_cov050_seed00000002_bw010,3,2,0.5,0.1,2,X,Y,1,2,"C00,W",True,1,ok,local_up_fast,mpdag_criterion,True,"Conjecture 2 (hence Anti-Exchange Case B, verified not proved)",C00->Y W->Y X->Y C00-C01 C01-X,5.17080000002057e-05,0.0,5.17080000002057e-05,,6,0.00045316600000000484,100,100,0,0,0,3,0.0,0.0,1,0.0,1,100,100,0,0,1.0,0.0,0.0
c03_s02_cov050_seed00000003_bw010,3,2,0.5,0.1,3,X,Y,1,2,"C00,W",True,1,ok,local_up_fast,mpdag_criterion,True,"Conjecture 2 (hence Anti-Exchange Case B, verified not proved)",C00->Y W->Y X->Y C00-C01 C01-X,5.950000000010114e-05,0.0,5.950000000010114e-05,,6,0.0004232909999999368,100,100,0,0,0,3,0.0,0.0,1,0.0,1,100,100,0,0,1.0,0.0,0.0
c03_s02_cov050_seed00000004_bw010,3,2,0.5,0.1,4,X,Y,1,2,"C00,W",True,1,ok,local_up_fast,mpdag_criterion,True,"Conjecture 2 (hence Anti-Exchange Case B, verified not proved)",C00->Y W->Y X->Y C00-C01 C01-X,4.966699999986446e-05,0.0,4.966699999986446e-05,,6,0.0005188750000000297,100,100,0,0,0,3,0.0,0.0,1,0.0,1,100,100,0,0,1.0,0.0,0.0
c03_s02_cov050_seed00000005_bw010,3,2,0.5,0.1,5,X,Y,1,2,"C00,W",True,1,ok,local_up_fast,mpdag_criterion,True,"Conjecture 2 (hence Anti-Exchange Case B, verified not proved)",C00->Y W->Y X->Y C00-C01 C01-X,5.158299999985516e-05,0.0,5.158299999985516e-05,,6,0.0004514589999999874,100,100,0,0,0,3,0.0,0.0,1,0.0,1,100,100,0,0,1.0,0.0,0.0
c03_s02_cov050_seed00000006_bw010,3,2,0.5,0.1,6,X,Y,1,2,"C00,W",True,1,ok,local_up_fast,mpdag_criterion,True,"Conjecture 2 (hence Anti-Exchange Case B, verified not proved)",C00->Y W->Y X->Y C00-C01 C01-X,6.0541999999941254e-05,0.0,6.0541999999941254e-05,,6,0.0004246670000001007,100,100,0,0,0,3,0.0,0.0,1,0.0,1,100,100,0,0,1.0,0.0,0.0
c03_s02_cov050_seed00000007_bw010,3,2,0.5,0.1,7,X,Y,1,2,"C00,W",True,1,ok,local_up_fast,mpdag_criterion,True,"Conjecture 2 (hence Anti-Exchange Case B, verified not proved)",C00->Y W->Y X->Y C00-C01 C01-X,4.991600000003871e-05,0.0,4.991600000003871e-05,,6,0.0005061670000001683,100,100,0,0,0,3,0.0,0.0,1,0.0,1,100,100,0,0,1.0,0.0,0.0
c03_s02_cov050_seed00000008_bw010,3,2,0.5,0.1,8,X,Y,1,2,"C00,W",True,1,ok,local_up_fast,mpdag_criterion,True,"Conjecture 2 (hence Anti-Exchange Case B, verified not proved)",C00->Y W->Y X->Y C00-C01 C01-X,5.212499999984743e-05,0.0,5.212499999984743e-05,,6,0.00041854200000002173,100,100,0,0,0,3,0.0,0.0,1,0.0,1,100,100,0,0,1.0,0.0,0.0
c03_s02_cov050_seed00000009_bw010,3,2,0.5,0.1,9,X,Y,1,2,"C00,W",True,1,ok,local_up_fast,mpdag_criterion,True,"Conjecture 2 (hence Anti-Exchange Case B, verified not proved)",C00->Y W->Y X->Y C00-C01 C01-X,5.8540999999801e-05,0.0,5.8540999999801e-05,,6,0.0004422910000001501,100,100,0,0,0,3,0.0,0.0,1,0.0,1,100,100,0,0,1.0,0.0,0.0
c03_s02_cov050_seed00000010_bw010,3,2,0.5,0.1,10,X,Y,1,2,"C00,W",True,1,ok,local_up_fast,mpdag_criterion,True,"Conjecture 2 (hence Anti-Exchange Case B, verified not proved)",C00->Y W->Y X->Y C00-C01 C01-X,5.0665999999921496e-05,0.0,5.0665999999921496e-05,,6,0.0005222910000000081,100,100,0,0,0,3,0.0,0.0,1,0.0,1,100,100,0,0,1.0,0.0,0.0
c03_s02_cov050_seed00000011_bw010,3,2,0.5,0.1,11,X,Y,1,2,"C00,W",True,1,ok,local_up_fast,mpdag_criterion,True,"Conjecture 2 (hence Anti-Exchange Case B, verified not proved)",C00->Y W->Y X->Y C00-C01 C01-X,5.216699999999186e-05,0.0,5.216699999999186e-05,,6,0.0004300409999999921,100,100,0,0,0,3,0.0,0.0,1,0.0,1,100,100,0,0,1.0,0.0,0.0
c03_s02_cov050_seed00000012_bw010,3,2,0.5,0.1,12,X,Y,1,2,"C00,W",True,1,ok,local_up_fast,mpdag_criterion,True,"Conjecture 2 (hence Anti-Exchange Case B, verified not proved)",C00->Y W->Y X->Y C00-C01 C01-X,5.883299999998037e-05,0.0,5.883299999998037e-05,,6,0.00043004200000007486,100,100,0,0,0,3,0.0,0.0,1,0.0,1,100,100,0,0,1.0,0.0,0.0
c03_s02_cov050_seed00000013_bw010,3,2,0.5,0.1,13,X,Y,1,2,"C00,W",True,1,ok,local_up_fast,mpdag_criterion,True,"Conjecture 2 (hence Anti-Exchange Case B, verified not proved)",C00->Y W->Y X->Y C00-C01 C01-X,4.941700000005156e-05,0.0,4.941700000005156e-05,,6,0.0005066670000000162,100,100,0,0,0,3,0.0,0.0,1,0.0,1,100,100,0,0,1.0,0.0,0.0
c03_s02_cov050_seed00000014_bw010,3,2,0.5,0.1,14,X,Y,1,2,"C00,W",True,1,ok,local_up_fast,mpdag_criterion,True,"Conjecture 2 (hence Anti-Exchange Case B, verified not proved)",C00->Y W->Y X->Y C00-C01 C01-X,5.166699999992197e-05,0.0,5.166699999992197e-05,,6,0.00043091700000008615,100,100,0,0,0,3,0.0,0.0,1,0.0,1,100,100,0,0,1.0,0.0,0.0
c03_s02_cov050_seed00000000_bw025,3,2,0.5,0.25,0,X,Y,1,2,"C00,W",True,1,ok,local_up_fast,mpdag_criterion,True,"Conjecture 2 (hence Anti-Exchange Case B, verified not proved)",C00->Y W->Y X->Y C00-C01 C01-X,6.012500000007748e-05,0.0,6.012500000007748e-05,,6,0.00042908299999999677,100,100,0,0,0,3,0.0,0.0,1,0.0,1,100,100,0,0,1.0,0.0,0.0
c03_s02_cov050_seed00000001_bw025,3,2,0.5,0.25,1,X,Y,1,2,"C00,W",True,1,ok,local_up_fast,mpdag_criterion,True,"Conjecture 2 (hence Anti-Exchange Case B, verified not proved)",C00->Y W->Y X->Y C00-C01 C01-X,4.845799999997347e-05,0.0,4.845799999997347e-05,,6,0.0005010420000000071,100,100,0,0,0,3,0.0,0.0,1,0.0,1,100,100,0,0,1.0,0.0,0.0
c03_s02_cov050_seed00000002_bw025,3,2,0.5,0.25,2,X,Y,1,2,"C00,W",True,1,ok,local_up_fast,mpdag_criterion,True,"Conjecture 2 (hence Anti-Exchange Case B, verified not proved)",C00->Y W->Y X->Y C00-C01 C01-X,4.979199999999295e-05,0.0,4.979199999999295e-05,,6,0.0004194580000000947,100,100,0,0,0,3,0.0,0.0,1,0.0,1,100,100,0,0,1.0,0.0,0.0
c03_s02_cov050_seed00000003_bw025,3,2,0.5,0.25,3,X,Y,1,2,"C00,W",True,1,ok,local_up_fast,mpdag_criterion,True,"Conjecture 2 (hence Anti-Exchange Case B, verified not proved)",C00->Y W->Y X->Y C00-C01 C01-X,5.6291000000152636e-05,0.0,5.6291000000152636e-05,,6,0.00043437499999998685,100,100,0,0,0,3,0.0,0.0,1,0.0,1,100,100,0,0,1.0,0.0,0.0
c03_s02_cov050_seed00000004_bw025,3,2,0.5,0.25,4,X,Y,1,2,"C00,W",True,1,ok,local_up_fast,mpdag_criterion,True,"Conjecture 2 (hence Anti-Exchange Case B, verified not proved)",C00->Y W->Y X->Y C00-C01 C01-X,4.904199999988812e-05,0.0,4.904199999988812e-05,,6,0.00042858300000014893,100,100,0,0,0,3,0.0,0.0,1,0.0,1,100,100,0,0,1.0,0.0,0.0
c03_s02_cov050_seed00000005_bw025,3,2,0.5,0.25,5,X,Y,1,2,"C00,W",True,1,ok,local_up_fast,mpdag_criterion,True,"Conjecture 2 (hence Anti-Exchange Case B, verified not proved)",C00->Y W->Y X->Y C00-C01 C01-X,5.100000000002325e-05,0.0,5.100000000002325e-05,,6,0.00042091700000002064,100,100,0,0,0,3,0.0,0.0,1,0.0,1,100,100,0,0,1.0,0.0,0.0
c03_s02_cov050_seed00000006_bw025,3,2,0.5,0.25,6,X,Y,1,2,"C00,W",True,1,ok,local_up_fast,mpdag_criterion,True,"Conjecture 2 (hence Anti-Exchange Case B, verified not proved)",C00->Y W->Y X->Y C00-C01 C01-X,5.900000000003125e-05,0.0,5.900000000003125e-05,,6,0.0004433749999999126,100,100,0,0,0,3,0.0,0.0,1,0.0,1,100,100,0,0,1.0,0.0,0.0
c03_s02_cov050_seed00000007_bw025,3,2,0.5,0.25,7,X,Y,1,2,"C00,W",True,1,ok,local_up_fast,mpdag_criterion,True,"Conjecture 2 (hence Anti-Exchange Case B, verified not proved)",C00->Y W->Y X->Y C00-C01 C01-X,5.229100000003761e-05,0.0,5.229100000003761e-05,,6,0.0005115419999999204,100,100,0,0,0,3,0.0,0.0,1,0.0,1,100,100,0,0,1.0,0.0,0.0
c03_s02_cov050_seed00000008_bw025,3,2,0.5,0.25,8,X,Y,1,2,"C00,W",True,1,ok,local_up_fast,mpdag_criterion,True,"Conjecture 2 (hence Anti-Exchange Case B, verified not proved)",C00->Y W->Y X->Y C00-C01 C01-X,5.108400000009006e-05,0.0,5.108400000009006e-05,,6,0.0004306249999999068,100,100,0,0,0,3,0.0,0.0,1,0.0,1,100,100,0,0,1.0,0.0,0.0
c03_s02_cov050_seed00000009_bw025,3,2,0.5,0.25,9,X,Y,1,2,"C00,W",True,1,ok,local_up_fast,mpdag_criterion,True,"Conjecture 2 (hence Anti-Exchange Case B, verified not proved)",C00->Y W->Y X->Y C00-C01 C01-X,5.016699999993435e-05,0.0,5.016699999993435e-05,,6,0.0004344579999999709,100,100,0,0,0,3,0.0,0.0,1,0.0,1,100,100,0,0,1.0,0.0,0.0
c03_s02_cov050_seed00000010_bw025,3,2,0.5,0.25,10,X,Y,1,2,"C00,W",True,1,ok,local_up_fast,mpdag_criterion,True,"Conjecture 2 (hence Anti-Exchange Case B, verified not proved)",C00->Y W->Y X->Y C00-C01 C01-X,5.070800000006592e-05,0.0,5.070800000006592e-05,,6,0.0005462499999999704,100,100,0,0,0,3,0.0,0.0,1,0.0,1,100,100,0,0,1.0,0.0,0.0
c03_s02_cov050_seed00000011_bw025,3,2,0.5,0.25,11,X,Y,1,2,"C00,W",True,1,ok,local_up_fast,mpdag_criterion,True,"Conjecture 2 (hence Anti-Exchange Case B, verified not proved)",C00->Y W->Y X->Y C00-C01 C01-X,5.02919999998408e-05,0.0,5.02919999998408e-05,,6,0.00042658299999986937,100,100,0,0,0,3,0.0,0.0,1,0.0,1,100,100,0,0,1.0,0.0,0.0
c03_s02_cov050_seed00000012_bw025,3,2,0.5,0.25,12,X,Y,1,2,"C00,W",True,1,ok,local_up_fast,mpdag_criterion,True,"Conjecture 2 (hence Anti-Exchange Case B, verified not proved)",C00->Y W->Y X->Y C00-C01 C01-X,5.054199999987574e-05,0.0,5.054199999987574e-05,,6,0.00044716600000005435,100,100,0,0,0,3,0.0,0.0,1,0.0,1,100,100,0,0,1.0,0.0,0.0
c03_s02_cov050_seed00000013_bw025,3,2,0.5,0.25,13,X,Y,1,2,"C00,W",True,1,ok,local_up_fast,mpdag_criterion,True,"Conjecture 2 (hence Anti-Exchange Case B, verified not proved)",C00->Y W->Y X->Y C00-C01 C01-X,4.845899999983416e-05,0.0,4.845899999983416e-05,,6,0.0004942919999999518,100,100,0,0,0,3,0.0,0.0,1,0.0,1,100,100,0,0,1.0,0.0,0.0
c03_s02_cov050_seed00000014_bw025,3,2,0.5,0.25,14,X,Y,1,2,"C00,W",True,1,ok,local_up_fast,mpdag_criterion,True,"Conjecture 2 (hence Anti-Exchange Case B, verified not proved)",C00->Y W->Y X->Y C00-C01 C01-X,5.7792000000000954e-05,0.0,5.7792000000000954e-05,,6,0.0004301669999999813,100,100,0,0,0,3,0.0,0.0,1,0.0,1,100,100,0,0,1.0,0.0,0.0
c03_s02_cov100_seed00000000_bw000,3,2,1.0,0.0,0,X,Y,2,2,"C00,W",True,2,ok,local_up_fast,mpdag_criterion,True,"Conjecture 2 (hence Anti-Exchange Case B, verified not proved)",C00->Y W->Y X->Y C00-C01 C01-X,9.55419999999485e-05,0.0,9.55419999999485e-05,,6,0.00043054099999983997,200,146,0,0,54,4,0.7,1.0,2,0.7,2,146,146,0,0,1.0,0.0,0.0
c03_s02_cov100_seed00000001_bw000,3,2,1.0,0.0,1,X,Y,2,2,"C00,W",True,2,ok,local_up_fast,mpdag_criterion,True,"Conjecture 2 (hence Anti-Exchange Case B, verified not proved)",C00->Y W->Y X->Y C00-C01 C01-X,9.14999999999111e-05,0.0,9.14999999999111e-05,,6,0.0004237910000000067,200,142,0,0,58,4,0.7,1.0,2,0.7,2,142,142,0,0,1.0,0.0,0.0
c03_s02_cov100_seed00000002_bw000,3,2,1.0,0.0,2,X,Y,2,2,"C00,W",True,2,ok,local_up_fast,mpdag_criterion,True,"Conjecture 2 (hence Anti-Exchange Case B, verified not proved)",C00->Y W->Y X->Y C00-C01 C01-X,9.008299999990754e-05,0.0,9.008299999990754e-05,,6,0.00042879199999990014,200,139,0,0,61,4,0.7,1.0,2,0.7,2,139,139,0,0,1.0,0.0,0.0
c03_s02_cov100_seed00000003_bw000,3,2,1.0,0.0,3,X,Y,2,2,"C00,W",True,2,ok,local_up_fast,mpdag_criterion,True,"Conjecture 2 (hence Anti-Exchange Case B, verified not proved)",C00->Y W->Y X->Y C00-C01 C01-X,0.0001007079999999494,0.0,0.0001007079999999494,,6,0.0004244169999998437,200,139,0,0,61,4,0.7,1.0,2,0.7,2,139,139,0,0,1.0,0.0,0.0
c03_s02_cov100_seed00000004_bw000,3,2,1.0,0.0,4,X,Y,2,2,"C00,W",True,2,ok,local_up_fast,mpdag_criterion,True,"Conjecture 2 (hence Anti-Exchange Case B, verified not proved)",C00->Y W->Y X->Y C00-C01 C01-X,0.00010383300000005313,0.0,0.00010383300000005313,,6,0.000501542000000077,200,147,0,0,53,4,0.7,1.0,2,0.7,2,147,147,0,0,1.0,0.0,0.0
c03_s02_cov100_seed00000005_bw000,3,2,1.0,0.0,5,X,Y,2,2,"C00,W",True,2,ok,local_up_fast,mpdag_criterion,True,"Conjecture 2 (hence Anti-Exchange Case B, verified not proved)",C00->Y W->Y X->Y C00-C01 C01-X,0.00010491700000003767,0.0,0.00010491700000003767,,6,0.0004916249999999955,200,157,0,0,43,4,0.7,1.0,2,0.7,2,157,157,0,0,1.0,0.0,0.0
c03_s02_cov100_seed00000006_bw000,3,2,1.0,0.0,6,X,Y,2,2,"C00,W",True,2,ok,local_up_fast,mpdag_criterion,True,"Conjecture 2 (hence Anti-Exchange Case B, verified not proved)",C00->Y W->Y X->Y C00-C01 C01-X,9.145799999998871e-05,0.0,9.145799999998871e-05,,6,0.0004326249999999643,200,144,0,0,56,4,0.7,1.0,2,0.7,2,144,144,0,0,1.0,0.0,0.0
c03_s02_cov100_seed00000007_bw000,3,2,1.0,0.0,7,X,Y,2,2,"C00,W",True,2,ok,local_up_fast,mpdag_criterion,True,"Conjecture 2 (hence Anti-Exchange Case B, verified not proved)",C00->Y W->Y X->Y C00-C01 C01-X,9.416700000008937e-05,0.0,9.416700000008937e-05,,6,0.000429875000000024,200,153,0,0,47,4,0.7,1.0,2,0.7,2,153,153,0,0,1.0,0.0,0.0
c03_s02_cov100_seed00000008_bw000,3,2,1.0,0.0,8,X,Y,2,2,"C00,W",True,2,ok,local_up_fast,mpdag_criterion,True,"Conjecture 2 (hence Anti-Exchange Case B, verified not proved)",C00->Y W->Y X->Y C00-C01 C01-X,8.925000000004069e-05,0.0,8.925000000004069e-05,,6,0.0004346669999999442,200,151,0,0,49,4,0.7,1.0,2,0.7,2,151,151,0,0,1.0,0.0,0.0
c03_s02_cov100_seed00000009_bw000,3,2,1.0,0.0,9,X,Y,2,2,"C00,W",True,2,ok,local_up_fast,mpdag_criterion,True,"Conjecture 2 (hence Anti-Exchange Case B, verified not proved)",C00->Y W->Y X->Y C00-C01 C01-X,9.404199999996088e-05,0.0,9.404199999996088e-05,,6,0.0004281669999999238,200,149,0,0,51,4,0.7,1.0,2,0.7,2,149,149,0,0,1.0,0.0,0.0
c03_s02_cov100_seed00000010_bw000,3,2,1.0,0.0,10,X,Y,2,2,"C00,W",True,2,ok,local_up_fast,mpdag_criterion,True,"Conjecture 2 (hence Anti-Exchange Case B, verified not proved)",C00->Y W->Y X->Y C00-C01 C01-X,0.0001087079999999574,0.0,0.0001087079999999574,,6,0.00044962500000012007,200,154,0,0,46,4,0.7,1.0,2,0.7,2,154,154,0,0,1.0,0.0,0.0
c03_s02_cov100_seed00000011_bw000,3,2,1.0,0.0,11,X,Y,2,2,"C00,W",True,2,ok,local_up_fast,mpdag_criterion,True,"Conjecture 2 (hence Anti-Exchange Case B, verified not proved)",C00->Y W->Y X->Y C00-C01 C01-X,0.00010445900000011221,0.0,0.00010445900000011221,,6,0.0005097080000000531,200,145,0,0,55,4,0.7,1.0,2,0.7,2,145,145,0,0,1.0,0.0,0.0
c03_s02_cov100_seed00000012_bw000,3,2,1.0,0.0,12,X,Y,2,2,"C00,W",True,2,ok,local_up_fast,mpdag_criterion,True,"Conjecture 2 (hence Anti-Exchange Case B, verified not proved)",C00->Y W->Y X->Y C00-C01 C01-X,8.79160000000212e-05,0.0,8.79160000000212e-05,,6,0.000463749999999985,200,155,0,0,45,4,0.7,1.0,2,0.7,2,155,155,0,0,1.0,0.0,0.0
c03_s02_cov100_seed00000013_bw000,3,2,1.0,0.0,13,X,Y,2,2,"C00,W",True,2,ok,local_up_fast,mpdag_criterion,True,"Conjecture 2 (hence Anti-Exchange Case B, verified not proved)",C00->Y W->Y X->Y C00-C01 C01-X,8.729199999990556e-05,0.0,8.729199999990556e-05,,6,0.0004264170000001233,200,159,0,0,41,4,0.7,1.0,2,0.7,2,159,159,0,0,1.0,0.0,0.0
c03_s02_cov100_seed00000014_bw000,3,2,1.0,0.0,14,X,Y,2,2,"C00,W",True,2,ok,local_up_fast,mpdag_criterion,True,"Conjecture 2 (hence Anti-Exchange Case B, verified not proved)",C00->Y W->Y X->Y C00-C01 C01-X,8.925000000004069e-05,0.0,8.925000000004069e-05,,6,0.00041837499999997085,200,148,0,0,52,4,0.7,1.0,2,0.7,2,148,148,0,0,1.0,0.0,0.0
c03_s02_cov100_seed00000000_bw010,3,2,1.0,0.1,0,X,Y,2,2,"C00,W",True,2,ok,local_up_fast,mpdag_criterion,True,"Conjecture 2 (hence Anti-Exchange Case B, verified not proved)",C00->Y W->Y X->Y C00-C01 C01-X,8.641699999989427e-05,0.0,8.641699999989427e-05,,6,0.00042633300000005647,200,146,0,0,54,4,0.7,1.0,2,0.7,2,146,146,0,0,1.0,0.0,0.0
c03_s02_cov100_seed00000001_bw010,3,2,1.0,0.1,1,X,Y,2,2,"C00,W",True,2,ok,local_up_fast,mpdag_criterion,True,"Conjecture 2 (hence Anti-Exchange Case B, verified not proved)",C00->Y W->Y X->Y C00-C01 C01-X,0.00010274999999992929,0.0,0.00010274999999992929,,6,0.0004344170000001313,200,139,0,0,61,4,0.7,1.0,2,0.7,2,139,139,0,0,1.0,0.0,0.0
c03_s02_cov100_seed00000002_bw010,3,2,1.0,0.1,2,X,Y,2,2,"C00,W",True,2,ok,local_up_fast,mpdag_criterion,True,"Conjecture 2 (hence Anti-Exchange Case B, verified not proved)",C00->Y W->Y X->Y C00-C01 C01-X,0.00010237499999998789,0.0,0.00010237499999998789,,6,0.0004992080000003618,200,154,0,0,46,4,0.7,1.0,2,0.7,2,154,154,0,0,1.0,0.0,0.0
c03_s02_cov100_seed00000003_bw010,3,2,1.0,0.1,3,X,Y,2,2,"C00,W",True,2,ok,local_up_fast,mpdag_criterion,True,"Conjecture 2 (hence Anti-Exchange Case B, verified not proved)",C00->Y W->Y X->Y C00-C01 C01-X,9.004099999998516e-05,0.0,9.004099999998516e-05,,6,0.0004731250000000742,200,148,0,0,52,4,0.7,1.0,2,0.7,2,148,148,0,0,1.0,0.0,0.0
c03_s02_cov100_seed00000004_bw010,3,2,1.0,0.1,4,X,Y,2,2,"C00,W",True,2,ok,local_up_fast,mpdag_criterion,True,"Conjecture 2 (hence Anti-Exchange Case B, verified not proved)",C00->Y W->Y X->Y C00-C01 C01-X,9.054099999961096e-05,0.0,9.054099999961096e-05,,6,0.0004279999999998729,200,146,0,0,54,4,0.7,1.0,2,0.7,2,146,146,0,0,1.0,0.0,0.0
c03_s02_cov100_seed00000005_bw010,3,2,1.0,0.1,5,X,Y,2,2,"C00,W",True,2,ok,local_up_fast,mpdag_criterion,True,"Conjecture 2 (hence Anti-Exchange Case B, verified not proved)",C00->Y W->Y X->Y C00-C01 C01-X,8.916599999997388e-05,0.0,8.916599999997388e-05,,6,0.0004260829999997995,200,154,0,0,46,4,0.7,1.0,2,0.7,2,154,154,0,0,1.0,0.0,0.0
c03_s02_cov100_seed00000006_bw010,3,2,1.0,0.1,6,X,Y,2,2,"C00,W",True,2,ok,local_up_fast,mpdag_criterion,True,"Conjecture 2 (hence Anti-Exchange Case B, verified not proved)",C00->Y W->Y X->Y C00-C01 C01-X,8.775000000005306e-05,0.0,8.775000000005306e-05,,6,0.00042916599999998084,200,149,0,0,51,4,0.7,1.0,2,0.7,2,149,149,0,0,1.0,0.0,0.0
c03_s02_cov100_seed00000007_bw010,3,2,1.0,0.1,7,X,Y,2,2,"C00,W",True,2,ok,local_up_fast,mpdag_criterion,True,"Conjecture 2 (hence Anti-Exchange Case B, verified not proved)",C00->Y W->Y X->Y C00-C01 C01-X,0.00010754199999984948,0.0,0.00010754199999984948,,6,0.0005005420000001592,200,147,0,0,53,4,0.7,1.0,2,0.7,2,147,147,0,0,1.0,0.0,0.0
c03_s02_cov100_seed00000008_bw010,3,2,1.0,0.1,8,X,Y,2,2,"C00,W",True,2,ok,local_up_fast,mpdag_criterion,True,"Conjecture 2 (hence Anti-Exchange Case B, verified not proved)",C00->Y W->Y X->Y C00-C01 C01-X,0.0001030829999999483,0.0,0.0001030829999999483,,6,0.0004975409999996572,200,153,0,0,47,4,0.7,1.0,2,0.7,2,153,153,0,0,1.0,0.0,0.0
c03_s02_cov100_seed00000009_bw010,3,2,1.0,0.1,9,X,Y,2,2,"C00,W",True,2,ok,local_up_fast,mpdag_criterion,True,"Conjecture 2 (hence Anti-Exchange Case B, verified not proved)",C00->Y W->Y X->Y C00-C01 C01-X,8.76660000002083e-05,0.0,8.76660000002083e-05,,6,0.0004946249999999708,200,147,0,0,53,4,0.7,1.0,2,0.7,2,147,147,0,0,1.0,0.0,0.0
c03_s02_cov100_seed00000010_bw010,3,2,1.0,0.1,10,X,Y,2,2,"C00,W",True,2,ok,local_up_fast,mpdag_criterion,True,"Conjecture 2 (hence Anti-Exchange Case B, verified not proved)",C00->Y W->Y X->Y C00-C01 C01-X,8.583299999997962e-05,0.0,8.583299999997962e-05,,6,0.0004199999999996429,200,151,0,0,49,4,0.7,1.0,2,0.7,2,151,151,0,0,1.0,0.0,0.0
c03_s02_cov100_seed00000011_bw010,3,2,1.0,0.1,11,X,Y,2,2,"C00,W",True,2,ok,local_up_fast,mpdag_criterion,True,"Conjecture 2 (hence Anti-Exchange Case B, verified not proved)",C00->Y W->Y X->Y C00-C01 C01-X,8.870799999982637e-05,0.0,8.870799999982637e-05,,6,0.00041712499999979613,200,151,0,0,49,4,0.7,1.0,2,0.7,2,151,151,0,0,1.0,0.0,0.0
c03_s02_cov100_seed00000012_bw010,3,2,1.0,0.1,12,X,Y,2,2,"C00,W",True,2,ok,local_up_fast,mpdag_criterion,True,"Conjecture 2 (hence Anti-Exchange Case B, verified not proved)",C00->Y W->Y X->Y C00-C01 C01-X,8.812499999999446e-05,0.0,8.812499999999446e-05,,6,0.00043300000000012773,200,150,0,0,50,4,0.7,1.0,2,0.7,2,150,150,0,0,1.0,0.0,0.0
c03_s02_cov100_seed00000013_bw010,3,2,1.0,0.1,13,X,Y,2,2,"C00,W",True,2,ok,local_up_fast,mpdag_criterion,True,"Conjecture 2 (hence Anti-Exchange Case B, verified not proved)",C00->Y W->Y X->Y C00-C01 C01-X,0.00011270800000007242,0.0,0.00011270800000007242,,6,0.0004613749999999861,200,152,0,0,48,4,0.7,1.0,2,0.7,2,152,152,0,0,1.0,0.0,0.0
c03_s02_cov100_seed00000014_bw010,3,2,1.0,0.1,14,X,Y,2,2,"C00,W",True,2,ok,local_up_fast,mpdag_criterion,True,"Conjecture 2 (hence Anti-Exchange Case B, verified not proved)",C00->Y W->Y X->Y C00-C01 C01-X,9.67499999999788e-05,0.0,9.67499999999788e-05,,6,0.0005319999999997549,200,151,0,0,49,4,0.7,1.0,2,0.7,2,151,151,0,0,1.0,0.0,0.0
c03_s02_cov100_seed00000000_bw025,3,2,1.0,0.25,0,X,Y,2,2,"C00,W",True,2,ok,local_up_fast,mpdag_criterion,True,"Conjecture 2 (hence Anti-Exchange Case B, verified not proved)",C00->Y W->Y X->Y C00-C01 C01-X,8.766700000029104e-05,0.0,8.766700000029104e-05,,6,0.00046449999999964575,200,151,0,0,49,4,0.7,1.0,2,0.7,2,151,151,0,0,1.0,0.0,0.0
c03_s02_cov100_seed00000001_bw025,3,2,1.0,0.25,1,X,Y,2,2,"C00,W",True,2,ok,local_up_fast,mpdag_criterion,True,"Conjecture 2 (hence Anti-Exchange Case B, verified not proved)",C00->Y W->Y X->Y C00-C01 C01-X,9.045799999984894e-05,0.0,9.045799999984894e-05,,6,0.00043137499999978957,200,145,0,0,55,4,0.7,1.0,2,0.7,2,145,145,0,0,1.0,0.0,0.0
c03_s02_cov100_seed00000002_bw025,3,2,1.0,0.25,2,X,Y,2,2,"C00,W",True,2,ok,local_up_fast,mpdag_criterion,True,"Conjecture 2 (hence Anti-Exchange Case B, verified not proved)",C00->Y W->Y X->Y C00-C01 C01-X,8.945800000015325e-05,0.0,8.945800000015325e-05,,6,0.00042674999999992025,200,141,0,0,59,4,0.7,1.0,2,0.7,2,141,141,0,0,1.0,0.0,0.0
c03_s02_cov100_seed00000003_bw025,3,2,1.0,0.25,3,X,Y,2,2,"C00,W",True,2,ok,local_up_fast,mpdag_criterion,True,"Conjecture 2 (hence Anti-Exchange Case B, verified not proved)",C00->Y W->Y X->Y C00-C01 C01-X,8.616599999999863e-05,0.0,8.616599999999863e-05,,6,0.0004277090000002204,200,147,0,0,53,4,0.7,1.0,2,0.7,2,147,147,0,0,1.0,0.0,0.0
c03_s02_cov100_seed00000004_bw025,3,2,1.0,0.25,4,X,Y,2,2,"C00,W",True,2,ok,local_up_fast,mpdag_criterion,True,"Conjecture 2 (hence Anti-Exchange Case B, verified not proved)",C00->Y W->Y X->Y C00-C01 C01-X,8.629100000012713e-05,0.0,8.629100000012713e-05,,6,0.0004239169999999959,200,144,0,0,56,4,0.7,1.0,2,0.7,2,144,144,0,0,1.0,0.0,0.0
c03_s02_cov100_seed00000005_bw025,3,2,1.0,0.25,5,X,Y,2,2,"C00,W",True,2,ok,local_up_fast,mpdag_criterion,True,"Conjecture 2 (hence Anti-Exchange Case B, verified not proved)",C00->Y W->Y X->Y C00-C01 C01-X,9.408300000002257e-05,0.0,9.408300000002257e-05,,6,0.000449624999999898,200,160,0,0,40,4,0.7,1.0,2,0.7,2,160,160,0,0,1.0,0.0,0.0
c03_s02_cov100_seed00000006_bw025,3,2,1.0,0.25,6,X,Y,2,2,"C00,W",True,2,ok,local_up_fast,mpdag_criterion,True,"Conjecture 2 (hence Anti-Exchange Case B, verified not proved)",C00->Y W->Y X->Y C00-C01 C01-X,0.00010399999999988196,0.0,0.00010399999999988196,,6,0.0005103330000002515,200,156,0,0,44,4,0.7,1.0,2,0.7,2,156,156,0,0,1.0,0.0,0.0
c03_s02_cov100_seed00000007_bw025,3,2,1.0,0.25,7,X,Y,2,2,"C00,W",True,2,ok,local_up_fast,mpdag_criterion,True,"Conjecture 2 (hence Anti-Exchange Case B, verified not proved)",C00->Y W->Y X->Y C00-C01 C01-X,9.104100000012494e-05,0.0,9.104100000012494e-05,,6,0.00043149999999991806,200,150,0,0,50,4,0.7,1.0,2,0.7,2,150,150,0,0,1.0,0.0,0.0
c03_s02_cov100_seed00000008_bw025,3,2,1.0,0.25,8,X,Y,2,2,"C00,W",True,2,ok,local_up_fast,mpdag_criterion,True,"Conjecture 2 (hence Anti-Exchange Case B, verified not proved)",C00->Y W->Y X->Y C00-C01 C01-X,8.887499999987725e-05,0.0,8.887499999987725e-05,,6,0.00042091700000002064,200,144,0,0,56,4,0.7,1.0,2,0.7,2,144,144,0,0,1.0,0.0,0.0
c03_s02_cov100_seed00000009_bw025,3,2,1.0,0.25,9,X,Y,2,2,"C00,W",True,2,ok,local_up_fast,mpdag_criterion,True,"Conjecture 2 (hence Anti-Exchange Case B, verified not proved)",C00->Y W->Y X->Y C00-C01 C01-X,8.800000000031005e-05,0.0,8.800000000031005e-05,,6,0.0004244999999998278,200,151,0,0,49,4,0.7,1.0,2,0.7,2,151,151,0,0,1.0,0.0,0.0
c03_s02_cov100_seed00000010_bw025,3,2,1.0,0.25,10,X,Y,2,2,"C00,W",True,2,ok,local_up_fast,mpdag_criterion,True,"Conjecture 2 (hence Anti-Exchange Case B, verified not proved)",C00->Y W->Y X->Y C00-C01 C01-X,8.950000000007563e-05,0.0,8.950000000007563e-05,,6,0.00043066699999982916,200,142,0,0,58,4,0.7,1.0,2,0.7,2,142,142,0,0,1.0,0.0,0.0
c03_s02_cov100_seed00000011_bw025,3,2,1.0,0.25,11,X,Y,2,2,"C00,W",True,2,ok,local_up_fast,mpdag_criterion,True,"Conjecture 2 (hence Anti-Exchange Case B, verified not proved)",C00->Y W->Y X->Y C00-C01 C01-X,0.00011062500000003084,0.0,0.00011062500000003084,,6,0.000488083000000028,200,152,0,0,48,4,0.7,1.0,2,0.7,2,152,152,0,0,1.0,0.0,0.0
c03_s02_cov100_seed00000012_bw025,3,2,1.0,0.25,12,X,Y,2,2,"C00,W",True,2,ok,local_up_fast,mpdag_criterion,True,"Conjecture 2 (hence Anti-Exchange Case B, verified not proved)",C00->Y W->Y X->Y C00-C01 C01-X,0.0001027080000000069,0.0,0.0001027080000000069,,6,0.0005243340000000707,200,150,0,0,50,4,0.7,1.0,2,0.7,2,150,150,0,0,1.0,0.0,0.0
c03_s02_cov100_seed00000013_bw025,3,2,1.0,0.25,13,X,Y,2,2,"C00,W",True,2,ok,local_up_fast,mpdag_criterion,True,"Conjecture 2 (hence Anti-Exchange Case B, verified not proved)",C00->Y W->Y X->Y C00-C01 C01-X,0.00010220900000001976,0.0,0.00010220900000001976,,6,0.0004287499999997557,200,151,0,0,49,4,0.7,1.0,2,0.7,2,151,151,0,0,1.0,0.0,0.0
c03_s02_cov100_seed00000014_bw025,3,2,1.0,0.25,14,X,Y,2,2,"C00,W",True,2,ok,local_up_fast,mpdag_criterion,True,"Conjecture 2 (hence Anti-Exchange Case B, verified not proved)",C00->Y W->Y X->Y C00-C01 C01-X,9.341699999998454e-05,0.0,9.341699999998454e-05,,6,0.0004427909999997759,200,154,0,0,46,4,0.7,1.0,2,0.7,2,154,154,0,0,1.0,0.0,0.0
c04_s01_cov050_seed00000000_bw000,4,1,0.5,0.0,0,X,Y,2,2,"C00,W",True,1,ok,local_up_fast,mpdag_criterion,True,"Conjecture 2 (hence Anti-Exchange Case B, verified not proved)",C00->C02 C00->Y W->Y X->Y C00-C03 C00-X C02-X C03-X,0.00018991700000015044,0.0,0.00018991700000015044,,50,0.016878959000000027,200,200,0,0,0,6,0.38499999999999995,0.55,2,0.3,3,200,200,0,0,1.0,0.0,0.0
c04_s01_cov050_seed00000001_bw000,4,1,0.5,0.0,1,X,Y,2,2,"C00,W",True,1,ok,local_up_fast,mpdag_criterion,True,"Conjecture 2 (hence Anti-Exchange Case B, verified not proved)",C00->C02 C00->Y W->Y X->Y C00-C03 C00-X C03-X,0.00013191700000003692,0.0,0.00013191700000003692,,32,0.006606875000000123,200,100,0,0,100,3,0.54,0.54,2,0.2,2,100,100,0,0,1.0,0.0,0.0
c04_s01_cov050_seed00000002_bw000,4,1,0.5,0.0,2,X,Y,2,2,"C00,W",True,1,ok,local_up_fast,mpdag_criterion,True,"Conjecture 2 (hence Anti-Exchange Case B, verified not proved)",C00->C02 C00->Y W->Y X->Y C00-C03 C00-X C02-X,0.00013583300000030718,0.0,0.00013583300000030718,,32,0.006699667000000353,200,200,0,0,0,5,0.40599999999999997,0.58,2,0.522,2,200,200,0,0,1.0,0.0,0.0
c04_s01_cov050_seed00000003_bw000,4,1,0.5,0.0,3,X,Y,2,2,"C00,W",True,1,ok,local_up_fast,mpdag_criterion,True,"Conjecture 2 (hence Anti-Exchange Case B, verified not proved)",C00->C02 C00->Y W->Y X->Y C00-C03 C00-X C02-X,0.00011458399999986213,0.0,0.00011458399999986213,,32,0.00540699999999994,200,200,0,0,0,5,0.31500000000000006,0.45,2,0.4050000000000001,2,200,200,0,0,1.0,0.0,0.0
c04_s01_cov050_seed00000004_bw000,4,1,0.5,0.0,4,X,Y,2,2,"C00,W",True,1,ok,local_up_fast,mpdag_criterion,True,"Conjecture 2 (hence Anti-Exchange Case B, verified not proved)",C00->Y C02->C03 W->Y X->C02 X->Y C00-X,0.00010962499999989106,0.0,0.00010962499999989106,,10,0.00251745800000025,200,155,0,0,45,6,0.0,0.0,2,0.0,2,155,155,0,0,1.0,0.0,0.0
c04_s01_cov050_seed00000005_bw000,4,1,0.5,0.0,5,X,Y,2,2,"C00,W",True,1,ok,local_up_fast,mpdag_criterion,True,"Conjecture 2 (hence Anti-Exchange Case B, verified not proved)",C00->Y C02->C03 W->Y X->C02 X->Y C00-X,8.962499999976004e-05,0.0,8.962499999976004e-05,,10,0.0013889170000003226,200,153,0,0,47,6,0.0,0.0,2,0.0,2,153,153,0,0,1.0,0.0,0.0
c04_s01_cov050_seed00000006_bw000,4,1,0.5,0.0,6,X,Y,2,2,"C00,W",True,1,ok,local_up_fast,mpdag_criterion,True,"Conjecture 2 (hence Anti-Exchange Case B, verified not proved)",C00->C02 C00->Y W->Y X->C03 X->Y C00-X,0.0001000840000000558,0.0,0.0001000840000000558,,10,0.001727250000000069,200,100,0,0,100,3,0.4600000000000001,0.46,2,0.8,2,100,100,0,0,1.0,0.0,0.0
c04_s01_cov050_seed00000007_bw000,4,1,0.5,0.0,7,X,Y,2,2,"C00,W",True,1,ok,local_up_fast,mpdag_criterion,True,"Conjecture 2 (hence Anti-Exchange Case B, verified not proved)",C00->Y W->Y X->C02 X->C03 X->Y C00-X,0.00010508300000022786,0.0,0.00010508300000022786,,11,0.0017754589999996462,200,151,0,0,49,4,0.0,0.0,2,0.0,2,151,151,0,0,1.0,0.0,0.0
c04_s01_cov050_seed00000008_bw000,4,1,0.5,0.0,8,X,Y,2,2,"C00,W",True,1,ok,local_up_fast,mpdag_criterion,True,"Conjecture 2 (hence Anti-Exchange Case B, verified not proved)",C00->C03 C00->Y W->Y X->C02 X->Y C00-X,9.775000000011858e-05,0.0,9.775000000011858e-05,,10,0.0017633340000000608,200,100,0,0,100,3,0.5700000000000001,0.57,2,0.8,2,100,100,0,0,1.0,0.0,0.0
c04_s01_cov050_seed00000009_bw000,4,1,0.5,0.0,9,X,Y,2,2,"C00,W",True,1,ok,local_up_fast,mpdag_criterion,True,"Conjecture 2 (hence Anti-Exchange Case B, verified not proved)",C00->C02 C00->Y C02->C03 W->Y X->Y C00-X C02-X,0.0001396250000000876,0.0,0.0001396250000000876,,32,0.007128959000000101,200,200,0,0,0,5,0.364,0.52,2,0.2,3,200,200,0,0,1.0,0.0,0.0
c04_s01_cov050_seed00000010_bw000,4,1,0.5,0.0,10,X,Y,2,2,"C00,W",True,1,ok,local_up_fast,mpdag_criterion,True,"Conjecture 2 (hence Anti-Exchange Case B, verified not proved)",C00->C02 C00->Y C02->C03 W->Y X->Y C00-X C02-X,0.00011845800000021,0.0,0.00011845800000021,,32,0.005351083000000312,200,200,0,0,0,5,0.3710000000000001,0.53,2,0.2,3,200,200,0,0,1.0,0.0,0.0
c04_s01_cov050_seed00000011_bw000,4,1,0.5,0.0,11,X,Y,2,2,"C00,W",True,1,ok,local_up_fast,mpdag_criterion,True,"Conjecture 2 (hence Anti-Exchange Case B, verified not proved)",C00->C02 C00->Y W->Y X->Y C00-C03 C00-X,9.59169999998899e-05,0.0,9.59169999998899e-05,,11,0.0016298340000000522,200,100,0,0,100,3,0.4600000000000001,0.46,2,0.4600000000000001,1,100,100,0,0,1.0,0.0,0.0
c04_s01_cov050_seed00000012_bw000,4,1,0.5,0.0,12,X,Y,2,2,"C00,W",True,1,ok,local_up_fast,mpdag_criterion,True,"Conjecture 2 (hence Anti-Exchange Case B, verified not proved)",C00->C03 C00->Y W->Y X->C02 X->Y C00-X C03-X,0.0001458329999999286,0.0,0.0001458329999999286,,32,0.006640583999999894,200,200,0,0,0,5,0.259,0.37,2,0.7,3,200,200,0,0,1.0,0.0,0.0
c04_s01_cov050_seed00000013_bw000,4,1,0.5,0.0,13,X,Y,2,2,"C00,W",True,1,ok,local_up_fast,mpdag_criterion,True,"Conjecture 2 (hence Anti-Exchange Case B, verified not proved)",C00->Y C02->C03 W->Y X->C02 X->Y C00-X,8.287500000037085e-05,0.0,8.287500000037085e-05,,10,0.0013383750000000028,200,146,0,0,54,6,0.0,0.0,2,0.0,2,146,146,0,0,1.0,0.0,0.0
c04_s01_cov050_seed00000014_bw000,4,1,0.5,0.0,14,X,Y,2,2,"C00,W",True,1,ok,local_up_fast,mpdag_criterion,True,"Conjecture 2 (hence Anti-Exchange Case B, verified not proved)",C00->C02 C00->Y C02->C03 W->Y X->Y C00-X,9.199999999998099e-05,0.0,9.199999999998099e-05,,10,0.0015613330000001646,200,100,0,0,100,3,0.4800000000000001,0.48,2,0.2,2,100,100,0,0,1.0,0.0,0.0
c04_s01_cov050_seed00000000_bw010,4,1,0.5,0.1,0,X,Y,2,2,"C00,W",True,1,ok,local_up_fast,mpdag_criterion,True,"Conjecture 2 (hence Anti-Exchange Case B, verified not proved)",C00->C02 C00->Y W->Y X->Y C00-C03 C00-X C02-X C03-X,0.00015487499999977672,0.0,0.00015487499999977672,,50,0.014128707999999879,200,200,0,0,0,6,0.30100000000000005,0.43,2,0.3,3,200,200,0,0,1.0,0.0,0.0
c04_s01_cov050_seed00000001_bw010,4,1,0.5,0.1,1,X,Y,2,2,"C00,W",True,1,ok,local_up_fast,mpdag_criterion,True,"Conjecture 2 (hence Anti-Exchange Case B, verified not proved)",C00->C02 C00->Y W->Y X->Y C00-C03 C00-X C03-X,9.891600000022649e-05,0.0,9.891600000022649e-05,,32,0.005242625000000167,200,100,0,0,100,3,0.43000000000000005,0.43,2,0.2,2,100,100,0,0,1.0,0.0,0.0
c04_s01_cov050_seed00000002_bw010,4,1,0.5,0.1,2,X,Y,2,2,"C00,W",True,1,ok,local_up_fast,mpdag_criterion,True,"Conjecture 2 (hence Anti-Exchange Case B, verified not proved)",C00->C02 C00->Y W->Y X->Y C00-C03 C00-X C02-X,0.00011174999999985502,0.0,0.00011174999999985502,,32,0.005548915999999959,200,200,0,0,0,5,0.3289999999999999,0.47,2,0.4229999999999999,2,200,200,0,0,1.0,0.0,0.0
c04_s01_cov050_seed00000003_bw010,4,1,0.5,0.1,3,X,Y,2,2,"C00,W",True,1,ok,local_up_fast,mpdag_criterion,True,"Conjecture 2 (hence Anti-Exchange Case B, verified not proved)",C00->C02 C00->Y W->Y X->Y C00-C03 C00-X C02-X,0.00014120800000005929,0.0,0.00014120800000005929,,32,0.005783207999999984,200,200,0,0,0,5,0.33599999999999997,0.48,2,0.43200000000000005,2,200,200,0,0,1.0,0.0,0.0
c04_s01_cov050_seed00000004_bw010,4,1,0.5,0.1,4,X,Y,2,2,"C00,W",True,1,ok,local_up_fast,mpdag_criterion,True,"Conjecture 2 (hence Anti-Exchange Case B, verified not proved)",C00->Y C02->C03 W->Y X->C02 X->Y C00-X,8.51669999999416e-05,0.0,8.51669999999416e-05,,10,0.0013302500000000883,200,153,0,0,47,6,0.0,0.0,2,0.0,2,153,153,0,0,1.0,0.0,0.0
c04_s01_cov050_seed00000005_bw010,4,1,0.5,0.1,5,X,Y,2,2,"C00,W",True,1,ok,local_up_fast,mpdag_criterion,True,"Conjecture 2 (hence Anti-Exchange Case B, verified not proved)",C00->Y C02->C03 W->Y X->C02 X->Y C00-X,8.154199999976797e-05,0.0,8.154199999976797e-05,,10,0.0012709589999997384,200,148,0,0,52,6,0.0,0.0,2,0.0,2,148,148,0,0,1.0,0.0,0.0
c04_s01_cov050_seed00000006_bw010,4,1,0.5,0.1,6,X,Y,2,2,"C00,W",True,1,ok,local_up_fast,mpdag_criterion,True,"Conjecture 2 (hence Anti-Exchange Case B, verified not proved)",C00->C02 C00->Y W->Y X->C03 X->Y C00-X,8.350000000012514e-05,0.0,8.350000000012514e-05,,10,0.0013486670000002476,200,100,0,0,100,3,0.59,0.59,2,0.8,2,100,100,0,0,1.0,0.0,0.0
c04_s01_cov050_seed00000007_bw010,4,1,0.5,0.1,7,X,Y,2,2,"C00,W",True,1,ok,local_up_fast,mpdag_criterion,True,"Conjecture 2 (hence Anti-Exchange Case B, verified not proved)",C00->Y W->Y X->C02 X->C03 X->Y C00-X,8.470800000015544e-05,0.0,8.470800000015544e-05,,11,0.0013369999999999216,200,147,0,0,53,4,0.0,0.0,2,0.0,2,147,147,0,0,1.0,0.0,0.0
c04_s01_cov050_seed00000008_bw010,4,1,0.5,0.1,8,X,Y,2,2,"C00,W",True,1,ok,local_up_fast,mpdag_criterion,True,"Conjecture 2 (hence Anti-Exchange Case B, verified not proved)",C00->C03 C00->Y W->Y X->C02 X->Y C00-X,8.191700000015345e-05,0.0,8.191700000015345e-05,,10,0.0012783330000001314,200,100,0,0,100,3,0.5600000000000002,0.56,2,0.8,2,100,100,0,0,1.0,0.0,0.0
c04_s01_cov050_seed00000009_bw010,4,1,0.5,0.1,9,X,Y,2,2,"C00,W",True,1,ok,local_up_fast,mpdag_criterion,True,"Conjecture 2 (hence Anti-Exchange Case B, verified not proved)",C00->C02 C00->Y C02->C03 W->Y X->Y C00-X C02-X,0.0001190829999999643,0.0,0.0001190829999999643,,32,0.005390333000000247,200,200,0,0,0,5,0.35,0.5,2,0.2,3,200,200,0,0,1.0,0.0,0.0
c04_s01_cov050_seed00000010_bw010,4,1,0.5,0.1,10,X,Y,2,2,"C00,W",True,1,ok,local_up_fast,mpdag_criterion,True,"Conjecture 2 (hence Anti-Exchange Case B, verified not proved)",C00->C02 C00->Y C02->C03 W->Y X->Y C00-X C02-X,0.00011929199999993756,0.0,0.00011929199999993756,,32,0.00526250000000017,200,200,0,0,0,5,0.35,0.5,2,0.2,3,200,200,0,0,1.0,0.0,0.0
c04_s01_cov050_seed00000011_bw010,4,1,0.5,0.1,11,X,Y,2,2,"C00,W",True,1,ok,local_up_fast,mpdag_criterion,True,"Conjecture 2 (hence Anti-Exchange Case B, verified not proved)",C00->C02 C00->Y W->Y X->Y C00-C03 C00-X,8.091599999993093e-05,0.0,8.091599999993093e-05,,11,0.0012857920000000078,200,100,0,0,100,3,0.5199999999999999,0.52,2,0.5199999999999999,1,100,100,0,0,1.0,0.0,0.0
c04_s01_cov050_seed00000012_bw010,4,1,0.5,0.1,12,X,Y,2,2,"C00,W",True,1,ok,local_up_fast,mpdag_criterion,True,"Conjecture 2 (hence Anti-Exchange Case B, verified not proved)",C00->C03 C00->Y W->Y X->C02 X->Y C00-X C03-X,0.00011574999999997004,0.0,0.00011574999999997004,,32,0.005433749999999904,200,200,0,0,0,5,0.364,0.52,2,0.7,3,200,200,0,0,1.0,0.0,0.0
c04_s01_cov050_seed00000013_bw010,4,1,0.5,0.1,13,X,Y,2,2,"C00,W",True,1,ok,local_up_fast,mpdag_criterion,True,"Conjecture 2 (hence Anti-Exchange Case B, verified not proved)",C00->Y C02->C03 W->Y X->C02 X->Y C00-X,8.787500000018156e-05,0.0,8.787500000018156e-05,,10,0.0014443749999997202,200,147,0,0,53,6,0.0,0.0,2,0.0,2,147,147,0,0,1.0,0.0,0.0
c04_s01_cov050_seed00000014_bw010,4,1,0.5,0.1,14,X,Y,2,2,"C00,W",True,1,ok,local_up_fast,mpdag_criterion,True,"Conjecture 2 (hence Anti-Exchange Case B, verified not proved)",C00->C02 C00->Y C02->C03 W->Y X->Y C00-X,0.00010879199999980216,0.0,0.00010879199999980216,,10,0.0013035420000000464,200,100,0,0,100,3,0.54,0.54,2,0.2,2,100,100,0,0,1.0,0.0,0.0
c04_s01_cov050_seed00000000_bw025,4,1,0.5,0.25,0,X,Y,2,2,"C00,W",True,1,ok,local_up_fast,mpdag_criterion,True,"Conjecture 2 (hence Anti-Exchange Case B, verified not proved)",C00->C02 C00->Y W->Y X->Y C00-C03 C00-X C02-X C03-X,0.00015212500000005846,0.0,0.00015212500000005846,,50,0.013483208999999885,200,200,0,0,0,6,0.35,0.5,2,0.3,3,200,200,0,0,1.0,0.0,0.0
c04_s01_cov050_seed00000001_bw025,4,1,0.5,0.25,1,X,Y,2,2,"C00,W",True,1,ok,local_up_fast,mpdag_criterion,True,"Conjecture 2 (hence Anti-Exchange Case B, verified not proved)",C00->C02 C00->Y W->Y X->Y C00-C03 C00-X C03-X,9.633300000011502e-05,0.0,9.633300000011502e-05,,32,0.005189082999999872,200,100,0,0,100,3,0.43000000000000005,0.43,2,0.2,2,100,100,0,0,1.0,0.0,0.0
c04_s01_cov050_seed00000002_bw025,4,1,0.5,0.25,2,X,Y,2,2,"C00,W",True,1,ok,local_up_fast,mpdag_criterion,True,"Conjecture 2 (hence Anti-Exchange Case B, verified not proved)",C00->C02 C00->Y W->Y X->Y C00-C03 C00-X C02-X,0.00011075000000015933,0.0,0.00011075000000015933,,32,0.005296332999999986,200,200,0,0,0,5,0.33599999999999997,0.48,2,0.43200000000000005,2,200,200,0,0,1.0,0.0,0.0
c04_s01_cov050_seed00000003_bw025,4,1,0.5,0.25,3,X,Y,2,2,"C00,W",True,1,ok,local_up_fast,mpdag_criterion,True,"Conjecture 2 (hence Anti-Exchange Case B, verified not proved)",C00->C02 C00->Y W->Y X->Y C00-C03 C00-X C02-X,0.00011545800000023476,0.0,0.00011545800000023476,,32,0.005212124999999901,200,200,0,0,0,5,0.364,0.52,2,0.46799999999999997,2,200,200,0,0,1.0,0.0,0.0
c04_s01_cov050_seed00000004_bw025,4,1,0.5,0.25,4,X,Y,2,2,"C00,W",True,1,ok,local_up_fast,mpdag_criterion,True,"Conjecture 2 (hence Anti-Exchange Case B, verified not proved)",C00->Y C02->C03 W->Y X->C02 X->Y C00-X,8.254199999990774e-05,0.0,8.254199999990774e-05,,10,0.001325957999999794,200,143,0,0,57,6,0.0,0.0,2,0.0,2,143,143,0,0,1.0,0.0,0.0
c04_s01_cov050_seed00000005_bw025,4,1,0.5,0.25,5,X,Y,2,2,"C00,W",True,1,ok,local_up_fast,mpdag_criterion,True,"Conjecture 2 (hence Anti-Exchange Case B, verified not proved)",C00->Y C02->C03 W->Y X->C02 X->Y C00-X,8.345800000020276e-05,0.0,8.345800000020276e-05,,10,0.0013149580000000327,200,159,0,0,41,6,0.0,0.0,2,0.0,2,159,159,0,0,1.0,0.0,0.0
c04_s01_cov050_seed00000006_bw025,4,1,0.5,0.25,6,X,Y,2,2,"C00,W",True,1,ok,local_up_fast,mpdag_criterion,True,"Conjecture 2 (hence Anti-Exchange Case B, verified not proved)",C00->C02 C00->Y W->Y X->C03 X->Y C00-X,7.841600000002558e-05,0.0,7.841600000002558e-05,,10,0.0013334999999998765,200,100,0,0,100,3,0.54,0.54,2,0.8,2,100,100,0,0,1.0,0.0,0.0
c04_s01_cov050_seed00000007_bw025,4,1,0.5,0.25,7,X,Y,2,2,"C00,W",True,1,ok,local_up_fast,mpdag_criterion,True,"Conjecture 2 (hence Anti-Exchange Case B, verified not proved)",C00->Y W->Y X->C02 X->C03 X->Y C00-X,8.083400000025165e-05,0.0,8.083400000025165e-05,,11,0.00130766700000029,200,145,0,0,55,4,0.0,0.0,2,0.0,2,145,145,0,0,1.0,0.0,0.0
c04_s01_cov050_seed00000008_bw025,4,1,0.5,0.25,8,X,Y,2,2,"C00,W",True,1,ok,local_up_fast,mpdag_criterion,True,"Conjecture 2 (hence Anti-Exchange Case B, verified not proved)",C00->C03 C00->Y W->Y X->C02 X->Y C00-X,7.804200000016692e-05,0.0,7.804200000016692e-05,,10,0.0012775410000003262,200,100,0,0,100,3,0.44000000000000006,0.44,2,0.8,2,100,100,0,0,1.0,0.0,0.0
c04_s01_cov050_seed00000009_bw025,4,1,0.5,0.25,9,X,Y,2,2,"C00,W",True,1,ok,local_up_fast,mpdag_criterion,True,"Conjecture 2 (hence Anti-Exchange Case B, verified not proved)",C00->C02 C00->Y C02->C03 W->Y X->Y C00-X C02-X,0.00013112499999978766,0.0,0.00013112499999978766,,32,0.00531637500000004,200,200,0,0,0,5,0.392,0.56,2,0.2,3,200,200,0,0,1.0,0.0,0.0
c04_s01_cov050_seed00000010_bw025,4,1,0.5,0.25,10,X,Y,2,2,"C00,W",True,1,ok,local_up_fast,mpdag_criterion,True,"Conjecture 2 (hence Anti-Exchange Case B, verified not proved)",C00->C02 C00->Y C02->C03 W->Y X->Y C00-X C02-X,0.0001115419999999645,0.0,0.0001115419999999645,,32,0.005214875000000063,200,200,0,0,0,5,0.322,0.46,2,0.2,3,200,200,0,0,1.0,0.0,0.0
c04_s01_cov050_seed00000011_bw025,4,1,0.5,0.25,11,X,Y,2,2,"C00,W",True,1,ok,local_up_fast,mpdag_criterion,True,"Conjecture 2 (hence Anti-Exchange Case B, verified not proved)",C00->C02 C00->Y W->Y X->Y C00-C03 C00-X,7.162499999990857e-05,0.0,7.162499999990857e-05,,11,0.0013541659999996014,200,100,0,0,100,3,0.39999999999999997,0.4,2,0.39999999999999997,1,100,100,0,0,1.0,0.0,0.0
c04_s01_cov050_seed00000012_bw025,4,1,0.5,0.25,12,X,Y,2,2,"C00,W",True,1,ok,local_up_fast,mpdag_criterion,True,"Conjecture 2 (hence Anti-Exchange Case B, verified not proved)",C00->C03 C00->Y W->Y X->C02 X->Y C00-X C03-X,0.00011612499999991144,0.0,0.00011612499999991144,,32,0.005235665999999917,200,200,0,0,0,5,0.38499999999999995,0.55,2,0.7,3,200,200,0,0,1.0,0.0,0.0
c04_s01_cov050_seed00000013_bw025,4,1,0.5,0.25,13,X,Y,2,2,"C00,W",True,1,ok,local_up_fast,mpdag_criterion,True,"Conjecture 2 (hence Anti-Exchange Case B, verified not proved)",C00->Y C02->C03 W->Y X->C02 X->Y C00-X,9.654200000008828e-05,0.0,9.654200000008828e-05,,10,0.001307750000000052,200,153,0,0,47,6,0.0,0.0,2,0.0,2,153,153,0,0,1.0,0.0,0.0
c04_s01_cov050_seed00000014_bw025,4,1,0.5,0.25,14,X,Y,2,2,"C00,W",True,1,ok,local_up_fast,mpdag_criterion,True,"Conjecture 2 (hence Anti-Exchange Case B, verified not proved)",C00->C02 C00->Y C02->C03 W->Y X->Y C00-X,7.795799999987807e-05,0.0,7.795799999987807e-05,,10,0.0012867500000002252,200,100,0,0,100,3,0.5,0.5,2,0.2,2,100,100,0,0,1.0,0.0,0.0
c04_s01_cov100_seed00000000_bw000,4,1,1.0,0.0,0,X,Y,5,2,"C00,W",True,1,ok,local_up_fast,mpdag_criterion,True,"Conjecture 2 (hence Anti-Exchange Case B, verified not proved)",C00->C02 C00->C03 C00->Y W->Y X->C02 X->C03 X->Y C00-X,0.00020537500000017417,0.0,0.00020537500000017417,,50,0.013722457999999715,500,122,0,0,378,6,0.30274193548387096,1.1508064516129033,5,0.49040322580645157,3,122,122,0,0,1.0,0.0,0.0
c04_s01_cov100_seed00000001_bw000,4,1,1.0,0.0,1,X,Y,4,2,"C00,W",True,1,ok,local_up_fast,mpdag_criterion,True,"Conjecture 2 (hence Anti-Exchange Case B, verified not proved)",C00->C02 C00->C03 C00->Y W->Y X->C03 X->Y C00-X,0.00014300000000000423,0.0,0.00014300000000000423,,32,0.005321499999999979,400,142,0,0,258,6,0.36082191780821915,1.202739726027397,4,0.48136986301369855,3,142,142,0,0,1.0,0.0,0.0
c04_s01_cov100_seed00000002_bw000,4,1,1.0,0.0,2,X,Y,4,2,"C00,W",True,1,ok,local_up_fast,mpdag_criterion,True,"Conjecture 2 (hence Anti-Exchange Case B, verified not proved)",C00->C02 C00->C03 C00->Y W->Y X->C02 X->Y C00-X,0.00014112499999985317,0.0,0.00014112499999985317,,32,0.005289208000000212,400,146,0,0,254,6,0.40864864864864864,1.362162162162162,4,0.5410810810810811,3,146,146,0,0,1.0,0.0,0.0
c04_s01_cov100_seed00000003_bw000,4,1,1.0,0.0,3,X,Y,4,2,"C00,W",True,1,ok,local_up_fast,mpdag_criterion,True,"Conjecture 2 (hence Anti-Exchange Case B, verified not proved)",C00->C02 C00->C03 C00->Y W->Y X->C02 X->Y C00-X,0.00011441700000025534,0.0,0.00011441700000025534,,32,0.005379374999999964,400,154,0,0,246,6,0.3892448512585812,1.2974828375286043,4,0.5313501144164761,3,154,154,0,0,1.0,0.0,0.0
c04_s01_cov100_seed00000004_bw000,4,1,1.0,0.0,4,X,Y,3,2,"C00,W",True,1,ok,local_up_fast,mpdag_criterion,True,"Conjecture 2 (hence Anti-Exchange Case B, verified not proved)",C00->Y C02->C03 W->Y X->C02 X->Y C00-X,8.699999999972619e-05,0.0,8.699999999972619e-05,,10,0.0013535419999999299,300,169,0,0,131,6,0.0,0.0,3,0.0,3,169,169,0,0,1.0,0.0,0.0
c04_s01_cov100_seed00000005_bw000,4,1,1.0,0.0,5,X,Y,3,2,"C00,W",True,1,ok,local_up_fast,mpdag_criterion,True,"Conjecture 2 (hence Anti-Exchange Case B, verified not proved)",C00->Y C02->C03 W->Y X->C02 X->Y C00-X,8.729200000034965e-05,0.0,8.729200000034965e-05,,10,0.0013457499999995903,300,171,0,0,129,6,0.0,0.0,3,0.0,3,171,171,0,0,1.0,0.0,0.0
c04_s01_cov100_seed00000006_bw000,4,1,1.0,0.0,6,X,Y,3,2,"C00,W",True,1,ok,local_up_fast,mpdag_criterion,True,"Conjecture 2 (hence Anti-Exchange Case B, verified not proved)",C00->C02 C00->Y W->Y X->C03 X->Y C00-X,7.641600000019011e-05,0.0,7.641600000019011e-05,,10,0.001300082999999841,300,81,0,0,219,4,0.288135593220339,0.576271186440678,3,0.40338983050847466,2,81,81,0,0,1.0,0.0,0.0
c04_s01_cov100_seed00000007_bw000,4,1,1.0,0.0,7,X,Y,3,2,"C00,W",True,1,ok,local_up_fast,mpdag_criterion,True,"Conjecture 2 (hence Anti-Exchange Case B, verified not proved)",C00->Y W->Y X->C02 X->C03 X->Y C00-X,8.254199999990774e-05,0.0,8.254199999990774e-05,,11,0.0013608330000001168,300,98,0,0,202,4,0.0,0.0,3,0.0,2,98,98,0,0,1.0,0.0,0.0
c04_s01_cov100_seed00000008_bw000,4,1,1.0,0.0,8,X,Y,3,2,"C00,W",True,1,ok,local_up_fast,mpdag_criterion,True,"Conjecture 2 (hence Anti-Exchange Case B, verified not proved)",C00->C03 C00->Y W->Y X->C02 X->Y C00-X,8.67079999999909e-05,0.0,8.67079999999909e-05,,10,0.0013290829999998977,300,113,0,0,187,4,0.26282051282051283,0.5256410256410257,3,0.3679487179487179,2,113,113,0,0,1.0,0.0,0.0
c04_s01_cov100_seed00000009_bw000,4,1,1.0,0.0,9,X,Y,4,2,"C00,W",True,1,ok,local_up_fast,mpdag_criterion,True,"Conjecture 2 (hence Anti-Exchange Case B, verified not proved)",C00->C02 C00->Y C02->C03 W->Y X->C02 X->Y C00-X,0.00015233400000003172,0.0,0.00015233400000003172,,32,0.005585791000000118,400,235,0,0,165,8,0.39511556603773584,1.4770518867924527,4,0.39511556603773584,4,235,235,0,0,1.0,0.0,0.0
c04_s01_cov100_seed00000010_bw000,4,1,1.0,0.0,10,X,Y,4,2,"C00,W",True,1,ok,local_up_fast,mpdag_criterion,True,"Conjecture 2 (hence Anti-Exchange Case B, verified not proved)",C00->C02 C00->Y C02->C03 W->Y X->C02 X->Y C00-X,0.00012991599999967463,0.0,0.00012991599999967463,,32,0.005556207999999785,400,245,0,0,155,8,0.31865689865689867,1.2251526251526252,4,0.31865689865689867,4,245,245,0,0,1.0,0.0,0.0
c04_s01_cov100_seed00000011_bw000,4,1,1.0,0.0,11,X,Y,3,2,"C00,W",True,1,ok,local_up_fast,mpdag_criterion,True,"Conjecture 2 (hence Anti-Exchange Case B, verified not proved)",C00->C02 C00->C03 C00->Y W->Y X->Y C00-X,8.850000000037994e-05,0.0,8.850000000037994e-05,,11,0.0014585419999999516,300,100,0,0,200,2,0.62,0.62,3,0.62,1,100,100,0,0,1.0,0.0,0.0
c04_s01_cov100_seed00000012_bw000,4,1,1.0,0.0,12,X,Y,4,2,"C00,W",True,1,ok,local_up_fast,mpdag_criterion,True,"Conjecture 2 (hence Anti-Exchange Case B, verified not proved)",C00->C03 C00->Y W->Y X->C02 X->C03 X->Y C00-X,0.00014699999999967517,0.0,0.00014699999999967517,,32,0.005640542000000082,400,153,0,0,247,6,0.2497737556561086,0.8325791855203619,4,0.35746606334841624,3,153,153,0,0,1.0,0.0,0.0
c04_s01_cov100_seed00000013_bw000,4,1,1.0,0.0,13,X,Y,3,2,"C00,W",True,1,ok,local_up_fast,mpdag_criterion,True,"Conjecture 2 (hence Anti-Exchange Case B, verified not proved)",C00->Y C02->C03 W->Y X->C02 X->Y C00-X,9.066599999973946e-05,0.0,9.066599999973946e-05,,10,0.0014080000000000759,300,167,0,0,133,6,0.0,0.0,3,0.0,3,167,167,0,0,1.0,0.0,0.0
c04_s01_cov100_seed00000014_bw000,4,1,1.0,0.0,14,X,Y,3,2,"C00,W",True,1,ok,local_up_fast,mpdag_criterion,True,"Conjecture 2 (hence Anti-Exchange Case B, verified not proved)",C00->C02 C00->Y C02->C03 W->Y X->Y C00-X,7.812500000037303e-05,0.0,7.812500000037303e-05,,10,0.0013460000000002914,300,102,0,0,198,4,0.7878787878787878,1.5757575757575757,3,0.703030303030303,2,102,102,0,0,1.0,0.0,0.0
c04_s01_cov100_seed00000000_bw010,4,1,1.0,0.1,0,X,Y,5,2,"C00,W",True,1,ok,local_up_fast,mpdag_criterion,True,"Conjecture 2 (hence Anti-Exchange Case B, verified not proved)",C00->C02 C00->C03 C00->Y W->Y X->C02 X->C03 X->Y C00-X,0.00016550000000004061,0.0,0.00016550000000004061,,50,0.013901165999999687,500,127,0,0,373,6,0.29839572192513375,1.1537433155080214,5,0.4814171122994654,3,127,127,0,0,1.0,0.0,0.0
c04_s01_cov100_seed00000001_bw010,4,1,1.0,0.1,1,X,Y,4,2,"C00,W",True,1,ok,local_up_fast,mpdag_criterion,True,"Conjecture 2 (hence Anti-Exchange Case B, verified not proved)",C00->C02 C00->C03 C00->Y W->Y X->C03 X->Y C00-X,0.00012495899999986904,0.0,0.00012495899999986904,,32,0.00574991700000016,400,149,0,0,251,6,0.42914764079147644,1.430492135971588,4,0.5633942161339422,3,149,149,0,0,1.0,0.0,0.0
c04_s01_cov100_seed00000002_bw010,4,1,1.0,0.1,2,X,Y,4,2,"C00,W",True,1,ok,local_up_fast,mpdag_criterion,True,"Conjecture 2 (hence Anti-Exchange Case B, verified not proved)",C00->C02 C00->C03 C00->Y W->Y X->C02 X->Y C00-X,0.0001244579999997164,0.0,0.0001244579999997164,,32,0.005630082999999786,400,155,0,0,245,6,0.38642533936651585,1.2880844645550529,4,0.5146304675716441,3,155,155,0,0,1.0,0.0,0.0
c04_s01_cov100_seed00000003_bw010,4,1,1.0,0.1,3,X,Y,4,2,"C00,W",True,1,ok,local_up_fast,mpdag_criterion,True,"Conjecture 2 (hence Anti-Exchange Case B, verified not proved)",C00->C02 C00->C03 C00->Y W->Y X->C02 X->Y C00-X,0.00011699999999992272,0.0,0.00011699999999992272,,32,0.005180500000000254,400,139,0,0,261,6,0.3806737588652481,1.2689125295508275,4,0.5195626477541371,3,139,139,0,0,1.0,0.0,0.0
c04_s01_cov100_seed00000004_bw010,4,1,1.0,0.1,4,X,Y,3,2,"C00,W",True,1,ok,local_up_fast,mpdag_criterion,True,"Conjecture 2 (hence Anti-Exchange Case B, verified not proved)",C00->Y C02->C03 W->Y X->C02 X->Y C00-X,9.224999999979389e-05,0.0,9.224999999979389e-05,,10,0.0013267500000000432,300,173,0,0,127,6,0.0,0.0,3,0.0,3,173,173,0,0,1.0,0.0,0.0
c04_s01_cov100_seed00000005_bw010,4,1,1.0,0.1,5,X,Y,3,2,"C00,W",True,1,ok,local_up_fast,mpdag_criterion,True,"Conjecture 2 (hence Anti-Exchange Case B, verified not proved)",C00->Y C02->C03 W->Y X->C02 X->Y C00-X,9.104199999976359e-05,0.0,9.104199999976359e-05,,10,0.0012944580000002759,300,166,0,0,134,6,0.0,0.0,3,0.0,3,166,166,0,0,1.0,0.0,0.0
c04_s01_cov100_seed00000006_bw010,4,1,1.0,0.1,6,X,Y,3,2,"C00,W",True,1,ok,local_up_fast,mpdag_criterion,True,"Conjecture 2 (hence Anti-Exchange Case B, verified not proved)",C00->C02 C00->Y W->Y X->C03 X->Y C00-X,8.116699999982657e-05,0.0,8.116699999982657e-05,,10,0.001322916999999979,300,100,0,0,200,4,0.23484848484848486,0.4696969696969697,3,0.3287878787878788,2,100,100,0,0,1.0,0.0,0.0
c04_s01_cov100_seed00000007_bw010,4,1,1.0,0.1,7,X,Y,3,2,"C00,W",True,1,ok,local_up_fast,mpdag_criterion,True,"Conjecture 2 (hence Anti-Exchange Case B, verified not proved)",C00->Y W->Y X->C02 X->C03 X->Y C00-X,8.866699999998673e-05,0.0,8.866699999998673e-05,,11,0.0013268750000001717,300,89,0,0,211,4,0.0,0.0,3,0.0,2,89,89,0,0,1.0,0.0,0.0
c04_s01_cov100_seed00000008_bw010,4,1,1.0,0.1,8,X,Y,3,2,"C00,W",True,1,ok,local_up_fast,mpdag_criterion,True,"Conjecture 2 (hence Anti-Exchange Case B, verified not proved)",C00->C03 C00->Y W->Y X->C02 X->Y C00-X,7.941600000016535e-05,0.0,7.941600000016535e-05,,10,0.0013275410000002097,300,107,0,0,193,4,0.18309859154929578,0.36619718309859156,3,0.2563380281690141,2,107,107,0,0,1.0,0.0,0.0
c04_s01_cov100_seed00000009_bw010,4,1,1.0,0.1,9,X,Y,4,2,"C00,W",True,1,ok,local_up_fast,mpdag_criterion,True,"Conjecture 2 (hence Anti-Exchange Case B, verified not proved)",C00->C02 C00->Y C02->C03 W->Y X->C02 X->Y C00-X,0.00012329099999996984,0.0,0.00012329099999996984,,32,0.005302249999999731,400,226,0,0,174,8,0.5111153628117913,1.911125283446712,4,0.5111153628117913,4,226,226,0,0,1.0,0.0,0.0
c04_s01_cov100_seed00000010_bw010,4,1,1.0,0.1,10,X,Y,4,2,"C00,W",True,1,ok,local_up_fast,mpdag_criterion,True,"Conjecture 2 (hence Anti-Exchange Case B, verified not proved)",C00->C02 C00->Y C02->C03 W->Y X->C02 X->Y C00-X,0.00012366699999999398,0.0,0.00012366699999999398,,32,0.005372374999999874,400,229,0,0,171,8,0.3800951078105661,1.4107745423750895,4,0.3800951078105661,4,229,229,0,0,1.0,0.0,0.0
c04_s01_cov100_seed00000011_bw010,4,1,1.0,0.1,11,X,Y,3,2,"C00,W",True,1,ok,local_up_fast,mpdag_criterion,True,"Conjecture 2 (hence Anti-Exchange Case B, verified not proved)",C00->C02 C00->C03 C00->Y W->Y X->Y C00-X,7.366600000002776e-05,0.0,7.366600000002776e-05,,11,0.0014100830000001174,300,100,0,0,200,2,0.6799999999999999,0.68,3,0.6799999999999999,1,100,100,0,0,1.0,0.0,0.0
c04_s01_cov100_seed00000012_bw010,4,1,1.0,0.1,12,X,Y,4,2,"C00,W",True,1,ok,local_up_fast,mpdag_criterion,True,"Conjecture 2 (hence Anti-Exchange Case B, verified not proved)",C00->C03 C00->Y W->Y X->C02 X->C03 X->Y C00-X,0.0001292499999996366,0.0,0.0001292499999996366,,32,0.005365499999999912,400,154,0,0,246,6,0.2012471655328798,0.6708238851095993,4,0.28643235071806494,3,154,154,0,0,1.0,0.0,0.0
c04_s01_cov100_seed00000013_bw010,4,1,1.0,0.1,13,X,Y,3,2,"C00,W",True,1,ok,local_up_fast,mpdag_criterion,True,"Conjecture 2 (hence Anti-Exchange Case B, verified not proved)",C00->Y C02->C03 W->Y X->C02 X->Y C00-X,0.00010591699999995541,0.0,0.00010591699999995541,,10,0.001345542000000144,300,167,0,0,133,6,0.0,0.0,3,0.0,3,167,167,0,0,1.0,0.0,0.0
c04_s01_cov100_seed00000014_bw010,4,1,1.0,0.1,14,X,Y,3,2,"C00,W",True,1,ok,local_up_fast,mpdag_criterion,True,"Conjecture 2 (hence Anti-Exchange Case B, verified not proved)",C00->C02 C00->Y C02->C03 W->Y X->Y C00-X,7.987499999995151e-05,0.0,7.987499999995151e-05,,10,0.0012819170000000213,300,95,0,0,205,4,0.7131147540983607,1.4262295081967213,3,0.5983606557377049,2,95,95,0,0,1.0,0.0,0.0
c04_s01_cov100_seed00000000_bw025,4,1,1.0,0.25,0,X,Y,5,1,W,True,1,ok,local_up_fast,mpdag_criterion,True,"Conjecture 2 (hence Anti-Exchange Case B, verified not proved)",C00->C02 C00->C03 C00->Y W->Y X->C02 X->C03 X->Y C00-X,0.00013658399999982862,0.0,0.00013658399999982862,,50,0.013658583000000668,500,108,0,0,392,6,0.20625,0.6875,5,0.34375,3,108,108,0,0,1.0,0.0,0.0
c04_s01_cov100_seed00000002_bw025,4,1,1.0,0.25,2,X,Y,4,2,"C00,W",True,2,ok,local_up_fast,mpdag_criterion,True,"Conjecture 2 (hence Anti-Exchange Case B, verified not proved)",C00->C02 C00->C03 C00->Y W->Y X->Y C00-X C02-X,0.00023166699999954687,0.0,0.00023166699999954687,,32,0.005170666999999796,400,159,0,0,241,6,0.37200000000000005,1.24,4,0.5720000000000001,3,159,159,0,0,1.0,0.0,0.0
c04_s01_cov100_seed00000003_bw025,4,1,1.0,0.25,3,X,Y,4,1,W,True,1,ok,local_up_fast,mpdag_criterion,True,"Conjecture 2 (hence Anti-Exchange Case B, verified not proved)",C00->C02 C00->C03 C00->Y W->Y X->C02 X->Y C00-X,0.0001140410000006753,0.0,0.0001140410000006753,,32,0.005142624999999512,400,161,0,0,239,6,0.16875,0.5625,4,0.28125,3,161,161,0,0,1.0,0.0,0.0
c04_s01_cov100_seed00000005_bw025,4,1,1.0,0.25,5,X,Y,3,1,W,True,1,ok,local_up_fast,mpdag_criterion,True,"Conjecture 2 (hence Anti-Exchange Case B, verified not proved)",C00->Y C02->C03 W->Y X->C02 X->Y C00-X,0.00011545799999979067,0.0,0.00011545799999979067,,10,0.0013243750000002663,300,105,0,0,195,4,0.7464788732394366,1.4929577464788732,3,0.6450704225352112,2,105,105,0,0,1.0,0.0,0.0
c04_s01_cov100_seed00000006_bw025,4,1,1.0,0.25,6,X,Y,3,2,"C00,W",True,2,ok,local_up_fast,mpdag_criterion,True,"Conjecture 2 (hence Anti-Exchange Case B, verified not proved)",C00->Y W->Y X->C03 X->Y C00-C02 C00-X,0.00017433300000035956,0.0,0.00017433300000035956,,10,0.0013149159999992222,300,175,0,0,125,6,0.5,1.0,3,0.5,3,175,175,0,0,1.0,0.0,0.0
c04_s01_cov100_seed00000008_bw025,4,1,1.0,0.25,8,X,Y,3,1,W,True,1,ok,local_up_fast,mpdag_criterion,True,"Conjecture 2 (hence Anti-Exchange Case B, verified not proved)",C00->C03 C00->Y W->Y X->C02 X->Y C00-X,0.0001171669999999736,0.0,0.0001171669999999736,,10,0.0012784169999999762,300,109,0,0,191,4,0.25675675675675674,0.5135135135135135,3,0.35945945945945945,2,109,109,0,0,1.0,0.0,0.0
c04_s01_cov100_seed00000009_bw025,4,1,1.0,0.25,9,X,Y,4,1,W,True,1,ok,local_up_fast,mpdag_criterion,True,"Conjecture 2 (hence Anti-Exchange Case B, verified not proved)",C00->C02 C00->Y C02->C03 W->Y X->C02 X->Y C00-X,0.00011637500000016843,0.0,0.00011637500000016843,,32,0.0054325419999994295,400,241,0,0,159,8,0.10363636363636364,0.34545454545454546,4,0.10363636363636364,4,241,241,0,0,1.0,0.0,0.0
c04_s01_cov100_seed00000010_bw025,4,1,1.0,0.25,10,X,Y,4,2,"C00,W",True,2,ok,local_up_fast,mpdag_criterion,True,"Conjecture 2 (hence Anti-Exchange Case B, verified not proved)",C00->C02 C00->Y C02->C03 W->Y X->Y C00-X C02-X,0.00022400000000022402,0.0,0.00022400000000022402,,32,0.005185583999999466,400,141,0,0,259,6,0.41739130434782606,1.391304347826087,4,0.6173913043478261,3,141,141,0,0,1.0,0.0,0.0
c04_s01_cov100_seed00000011_bw025,4,1,1.0,0.25,11,X,Y,3,2,"C00,W",True,2,ok,local_up_fast,mpdag_criterion,True,"Conjecture 2 (hence Anti-Exchange Case B, verified not proved)",C00->C03 C00->Y W->Y X->Y C00-C02 C00-X,0.00016441599999961198,0.0,0.00016441599999961198,,11,0.001357125000000181,300,102,0,0,198,4,0.7426470588235294,1.4852941176470589,3,0.8455882352941175,2,102,102,0,0,1.0,0.0,0.0
c04_s01_cov100_seed00000012_bw025,4,1,1.0,0.25,12,X,Y,4,2,"C00,W",True,2,ok,local_up_fast,mpdag_criterion,True,"Conjecture 2 (hence Anti-Exchange Case B, verified not proved)",C00->C03 C00->Y W->Y X->C02 X->Y C00-X C03-X,0.00023129099999952274,0.0,0.00023129099999952274,,32,0.005291124999999397,400,235,0,0,165,8,0.3,1.0,4,0.3,4,235,235,0,0,1.0,0.0,0.0
c04_s01_cov100_seed00000014_bw025,4,1,1.0,0.25,14,X,Y,3,1,W,True,1,ok,local_up_fast,mpdag_criterion,True,"Conjecture 2 (hence Anti-Exchange Case B, verified not proved)",C00->C02 C00->Y C02->C03 W->Y X->Y C00-X,0.00010241699999991027,0.0,0.00010241699999991027,,10,0.0013276669999999768,300,176,0,0,124,6,0.0,0.0,3,0.0,3,176,176,0,0,1.0,0.0,0.0
c04_s01_cov100_seed00000016_bw025,4,1,1.0,0.25,16,X,Y,4,2,"C00,W",True,1,ok,local_up_fast,mpdag_criterion,True,"Conjecture 2 (hence Anti-Exchange Case B, verified not proved)",C00->Y C03->C02 W->Y X->C02 X->C03 X->Y C00-X,0.00013816600000016166,0.0,0.00013816600000016166,,32,0.006739957999999824,400,235,0,0,165,8,0.16730769230769232,0.5576923076923077,4,0.16730769230769232,4,235,235,0,0,1.0,0.0,0.0
c04_s01_cov100_seed00000019_bw025,4,1,1.0,0.25,19,X,Y,4,1,W,True,1,ok,local_up_fast,mpdag_criterion,True,"Conjecture 2 (hence Anti-Exchange Case B, verified not proved)",C00->Y C02->C03 W->Y X->C02 X->C03 X->Y C00-X,0.00014850000000077301,0.0,0.00014850000000077301,,32,0.005434750000000044,400,151,0,0,249,6,0.8120132560066281,2.3733775200220935,4,0.7415907207953605,3,151,151,0,0,1.0,0.0,0.0
c04_s01_cov100_seed00000021_bw025,4,1,1.0,0.25,21,X,Y,3,2,"C00,W",True,2,ok,local_up_fast,mpdag_criterion,True,"Conjecture 2 (hence Anti-Exchange Case B, verified not proved)",C00->Y C02->C03 W->Y X->Y C00-C02 C00-X,0.00023425000000010243,0.0,0.00023425000000010243,,10,0.001273458000000005,300,101,0,0,199,4,0.5,1.0,3,0.7,2,101,101,0,0,1.0,0.0,0.0
c04_s01_cov100_seed00000022_bw025,4,1,1.0,0.25,22,X,Y,5,1,W,True,1,ok,local_up_fast,mpdag_criterion,True,"Conjecture 2 (hence Anti-Exchange Case B, verified not proved)",C00->C02 C00->C03 C00->Y W->Y X->C02 X->C03 X->Y C00-X,0.00012658399999931902,0.0,0.00012658399999931902,,50,0.013583708999999722,500,126,0,0,374,6,0.205,0.6833333333333333,5,0.3416666666666667,3,126,126,0,0,1.0,0.0,0.0
c04_s02_cov050_seed00000000_bw000,4,2,0.5,0.0,0,X,Y,2,2,"C00,W",True,2,ok,local_up_fast,mpdag_criterion,True,"Conjecture 2 (hence Anti-Exchange Case B, verified not proved)",C00->Y C01->C03 W->Y X->Y C00-C01 C01-X C03-X,0.0002489580000002434,0.0,0.0002489580000002434,,32,0.00658412499999983,200,154,0,0,46,5,0.7,1.0,2,0.8,2,154,154,0,0,1.0,0.0,0.0
c04_s02_cov050_seed00000001_bw000,4,2,0.5,0.0,1,X,Y,2,2,"C00,W",True,2,ok,local_up_fast,mpdag_criterion,True,"Conjecture 2 (hence Anti-Exchange Case B, verified not proved)",C00->Y C01->C03 W->Y X->Y C00-C01 C01-X,0.00016187499999986699,0.0,0.00016187499999986699,,11,0.0016411670000007206,200,155,0,0,45,4,0.7,1.0,2,0.8,2,155,155,0,0,1.0,0.0,0.0
c04_s02_cov050_seed00000002_bw000,4,2,0.5,0.0,2,X,Y,2,2,"C00,W",True,2,ok,local_up_fast,mpdag_criterion,True,"Conjecture 2 (hence Anti-Exchange Case B, verified not proved)",C00->Y C01->C03 W->Y X->Y C00-C01 C01-X C03-X,0.0001964590000005373,0.0,0.0001964590000005373,,32,0.005402124999999813,200,149,0,0,51,5,0.7,1.0,2,0.8,2,149,149,0,0,1.0,0.0,0.0
c04_s02_cov050_seed00000003_bw000,4,2,0.5,0.0,3,X,Y,2,2,"C00,W",True,2,ok,local_up_fast,mpdag_criterion,True,"Conjecture 2 (hence Anti-Exchange Case B, verified not proved)",C00->Y C01->C03 W->Y X->Y C00-C01 C01-X C03-X,0.00022833299999991397,0.0,0.00022833299999991397,,32,0.005367374999999619,200,147,0,0,53,5,0.7,1.0,2,0.8,2,147,147,0,0,1.0,0.0,0.0
c04_s02_cov050_seed00000004_bw000,4,2,0.5,0.0,4,X,Y,2,2,"C00,W",True,2,ok,local_up_fast,mpdag_criterion,True,"Conjecture 2 (hence Anti-Exchange Case B, verified not proved)",C00->Y W->Y X->C03 X->Y C00-C01 C01-X,0.0001752920000006597,0.0,0.0001752920000006597,,10,0.0016124169999995885,200,155,0,0,45,5,0.7,1.0,2,0.7,2,155,155,0,0,1.0,0.0,0.0
c04_s02_cov050_seed00000005_bw000,4,2,0.5,0.0,5,X,Y,2,2,"C00,W",True,2,ok,local_up_fast,mpdag_criterion,True,"Conjecture 2 (hence Anti-Exchange Case B, verified not proved)",C00->Y W->Y X->C03 X->Y C00-C01 C01-X,0.0008273750000000746,0.0,0.0008273750000000746,,10,0.0012963749999999052,200,147,0,0,53,5,0.7,1.0,2,0.7,2,147,147,0,0,1.0,0.0,0.0
c04_s02_cov050_seed00000006_bw000,4,2,0.5,0.0,6,X,Y,2,2,"C00,W",True,2,ok,local_up_fast,mpdag_criterion,True,"Conjecture 2 (hence Anti-Exchange Case B, verified not proved)",C00->Y C01->C03 W->Y X->Y C00-C01 C01-X,0.0001384170000005014,0.0,0.0001384170000005014,,11,0.001434584000000072,200,157,0,0,43,4,0.7,1.0,2,0.8,2,157,157,0,0,1.0,0.0,0.0
c04_s02_cov050_seed00000007_bw000,4,2,0.5,0.0,7,X,Y,2,2,"C00,W",True,2,ok,local_up_fast,mpdag_criterion,True,"Conjecture 2 (hence Anti-Exchange Case B, verified not proved)",C00->Y W->Y X->C03 X->Y C00-C01 C01-X,0.00014345800000015174,0.0,0.00014345800000015174,,10,0.0014252500000004886,200,144,0,0,56,5,0.7,1.0,2,0.7,2,144,144,0,0,1.0,0.0,0.0
c04_s02_cov050_seed00000008_bw000,4,2,0.5,0.0,8,X,Y,2,2,"C00,W",True,2,ok,local_up_fast,mpdag_criterion,True,"Conjecture 2 (hence Anti-Exchange Case B, verified not proved)",C00->Y W->Y X->C03 X->Y C00-C01 C01-X,0.00014604199999990186,0.0,0.00014604199999990186,,10,0.0015184589999996945,200,148,0,0,52,5,0.7,1.0,2,0.7,2,148,148,0,0,1.0,0.0,0.0
c04_s02_cov050_seed00000009_bw000,4,2,0.5,0.0,9,X,Y,2,2,"C00,W",True,2,ok,local_up_fast,mpdag_criterion,True,"Conjecture 2 (hence Anti-Exchange Case B, verified not proved)",C00->Y C01->C03 W->Y X->Y C00-C01 C01-X C03-X,0.00025829099999974403,0.0,0.00025829099999974403,,32,0.005287374999999983,200,148,0,0,52,5,0.7,1.0,2,0.8,2,148,148,0,0,1.0,0.0,0.0
c04_s02_cov050_seed00000010_bw000,4,2,0.5,0.0,10,X,Y,2,2,"C00,W",True,2,ok,local_up_fast,mpdag_criterion,True,"Conjecture 2 (hence Anti-Exchange Case B, verified not proved)",C00->Y C01->C03 W->Y X->Y C00-C01 C01-X C03-X,0.00022245799999964788,0.0,0.00022245799999964788,,32,0.005381375000000688,200,147,0,0,53,5,0.7,1.0,2,0.8,2,147,147,0,0,1.0,0.0,0.0
c04_s02_cov050_seed00000011_bw000,4,2,0.5,0.0,11,X,Y,2,2,"C00,W",True,2,ok,local_up_fast,mpdag_criterion,True,"Conjecture 2 (hence Anti-Exchange Case B, verified not proved)",C00->Y W->Y X->Y C00-C01 C00-C03 C01-X,0.00015862500000007884,0.0,0.00015862500000007884,,10,0.001550917000000318,200,145,0,0,55,5,0.7,1.0,2,0.8,2,145,145,0,0,1.0,0.0,0.0
c04_s02_cov050_seed00000012_bw000,4,2,0.5,0.0,12,X,Y,2,2,"C00,W",True,2,ok,local_up_fast,mpdag_criterion,True,"Conjecture 2 (hence Anti-Exchange Case B, verified not proved)",C00->Y C01->C03 W->Y X->Y C00-C01 C01-X,0.00013583300000075127,0.0,0.00013583300000075127,,11,0.0013049579999995231,200,151,0,0,49,4,0.7,1.0,2,0.8,2,151,151,0,0,1.0,0.0,0.0
c04_s02_cov050_seed00000013_bw000,4,2,0.5,0.0,13,X,Y,2,2,"C00,W",True,2,ok,local_up_fast,mpdag_criterion,True,"Conjecture 2 (hence Anti-Exchange Case B, verified not proved)",C00->Y W->Y X->C03 X->Y C00-C01 C01-X,0.00014495799999991732,0.0,0.00014495799999991732,,10,0.0013032090000004715,200,144,0,0,56,5,0.7,1.0,2,0.7,2,144,144,0,0,1.0,0.0,0.0
c04_s02_cov050_seed00000014_bw000,4,2,0.5,0.0,14,X,Y,2,2,"C00,W",True,2,ok,local_up_fast,mpdag_criterion,True,"Conjecture 2 (hence Anti-Exchange Case B, verified not proved)",C00->Y W->Y X->Y C00-C01 C00-C03 C01-X,0.00012562499999990706,0.0,0.00012562499999990706,,10,0.0013139170000000533,200,156,0,0,44,5,0.7,1.0,2,0.8,2,156,156,0,0,1.0,0.0,0.0
c04_s02_cov050_seed00000000_bw010,4,2,0.5,0.1,0,X,Y,2,2,"C00,W",True,2,ok,local_up_fast,mpdag_criterion,True,"Conjecture 2 (hence Anti-Exchange Case B, verified not proved)",C00->Y C01->C03 W->Y X->Y C00-C01 C01-X C03-X,0.00019645800000045455,0.0,0.00019645800000045455,,32,0.005330999999999975,200,151,0,0,49,5,0.7,1.0,2,0.8,2,151,151,0,0,1.0,0.0,0.0
c04_s02_cov050_seed00000001_bw010,4,2,0.5,0.1,1,X,Y,2,2,"C00,W",True,2,ok,local_up_fast,mpdag_criterion,True,"Conjecture 2 (hence Anti-Exchange Case B, verified not proved)",C00->Y C01->C03 W->Y X->Y C00-C01 C01-X,0.00013591699999970785,0.0,0.00013591699999970785,,11,0.0014022080000000159,200,149,0,0,51,4,0.7,1.0,2,0.8,2,149,149,0,0,1.0,0.0,0.0
c04_s02_cov050_seed00000002_bw010,4,2,0.5,0.1,2,X,Y,2,2,"C00,W",True,2,ok,local_up_fast,mpdag_criterion,True,"Conjecture 2 (hence Anti-Exchange Case B, verified not proved)",C00->Y C01->C03 W->Y X->Y C00-C01 C01-X C03-X,0.00019425000000072856,0.0,0.00019425000000072856,,32,0.005255041999999932,200,151,0,0,49,5,0.7,1.0,2,0.8,2,151,151,0,0,1.0,0.0,0.0
c04_s02_cov050_seed00000003_bw010,4,2,0.5,0.1,3,X,Y,2,2,"C00,W",True,2,ok,local_up_fast,mpdag_criterion,True,"Conjecture 2 (hence Anti-Exchange Case B, verified not proved)",C00->Y C01->C03 W->Y X->Y C00-C01 C01-X C03-X,0.0001932499999997006,0.0,0.0001932499999997006,,32,0.005289624999999631,200,162,0,0,38,5,0.7,1.0,2,0.8,2,162,162,0,0,1.0,0.0,0.0
c04_s02_cov050_seed00000004_bw010,4,2,0.5,0.1,4,X,Y,2,2,"C00,W",True,2,ok,local_up_fast,mpdag_criterion,True,"Conjecture 2 (hence Anti-Exchange Case B, verified not proved)",C00->Y W->Y X->C03 X->Y C00-C01 C01-X,0.00013716700000010462,0.0,0.00013716700000010462,,10,0.0013764580000001914,200,153,0,0,47,5,0.7,1.0,2,0.7,2,153,153,0,0,1.0,0.0,0.0
c04_s02_cov050_seed00000005_bw010,4,2,0.5,0.1,5,X,Y,2,2,"C00,W",True,2,ok,local_up_fast,mpdag_criterion,True,"Conjecture 2 (hence Anti-Exchange Case B, verified not proved)",C00->Y W->Y X->C03 X->Y C00-C01 C01-X,0.0001421659999998326,0.0,0.0001421659999998326,,10,0.0013007920000003281,200,147,0,0,53,5,0.7,1.0,2,0.7,2,147,147,0,0,1.0,0.0,0.0
c04_s02_cov050_seed00000006_bw010,4,2,0.5,0.1,6,X,Y,2,2,"C00,W",True,2,ok,local_up_fast,mpdag_criterion,True,"Conjecture 2 (hence Anti-Exchange Case B, verified not proved)",C00->Y C01->C03 W->Y X->Y C00-C01 C01-X,0.0001330419999998611,0.0,0.0001330419999998611,,11,0.001317625000000433,200,150,0,0,50,4,0.7,1.0,2,0.8,2,150,150,0,0,1.0,0.0,0.0
c04_s02_cov050_seed00000007_bw010,4,2,0.5,0.1,7,X,Y,2,2,"C00,W",True,2,ok,local_up_fast,mpdag_criterion,True,"Conjecture 2 (hence Anti-Exchange Case B, verified not proved)",C00->Y W->Y X->C03 X->Y C00-C01 C01-X,0.0001432089999999775,0.0,0.0001432089999999775,,10,0.0013015829999991624,200,144,0,0,56,5,0.7,1.0,2,0.7,2,144,144,0,0,1.0,0.0,0.0
c04_s02_cov050_seed00000008_bw010,4,2,0.5,0.1,8,X,Y,2,2,"C00,W",True,2,ok,local_up_fast,mpdag_criterion,True,"Conjecture 2 (hence Anti-Exchange Case B, verified not proved)",C00->Y W->Y X->C03 X->Y C00-C01 C01-X,0.00014183299999981358,0.0,0.00014183299999981358,,10,0.0013428749999997436,200,138,0,0,62,5,0.7,1.0,2,0.7,2,138,138,0,0,1.0,0.0,0.0
c04_s02_cov050_seed00000009_bw010,4,2,0.5,0.1,9,X,Y,2,2,"C00,W",True,2,ok,local_up_fast,mpdag_criterion,True,"Conjecture 2 (hence Anti-Exchange Case B, verified not proved)",C00->Y C01->C03 W->Y X->Y C00-C01 C01-X C03-X,0.00021691699999948355,0.0,0.00021691699999948355,,32,0.005289207999999768,200,156,0,0,44,5,0.7,1.0,2,0.8,2,156,156,0,0,1.0,0.0,0.0
c04_s02_cov050_seed00000010_bw010,4,2,0.5,0.1,10,X,Y,2,2,"C00,W",True,2,ok,local_up_fast,mpdag_criterion,True,"Conjecture 2 (hence Anti-Exchange Case B, verified not proved)",C00->Y C01->C03 W->Y X->Y C00-C01 C01-X C03-X,0.0001928749999997592,0.0,0.0001928749999997592,,32,0.005306749999999916,200,159,0,0,41,5,0.7,1.0,2,0.8,2,159,159,0,0,1.0,0.0,0.0
c04_s02_cov050_seed00000011_bw010,4,2,0.5,0.1,11,X,Y,2,2,"C00,W",True,2,ok,local_up_fast,mpdag_criterion,True,"Conjecture 2 (hence Anti-Exchange Case B, verified not proved)",C00->Y W->Y X->Y C00-C01 C00-C03 C01-X,0.00015837499999982185,0.0,0.00015837499999982185,,10,0.0012958749999993913,200,151,0,0,49,5,0.7,1.0,2,0.8,2,151,151,0,0,1.0,0.0,0.0
c04_s02_cov050_seed00000012_bw010,4,2,0.5,0.1,12,X,Y,2,2,"C00,W",True,2,ok,local_up_fast,mpdag_criterion,True,"Conjecture 2 (hence Anti-Exchange Case B, verified not proved)",C00->Y C01->C03 W->Y X->Y C00-C01 C01-X,0.00013487500000053387,0.0,0.00013487500000053387,,11,0.0013133750000005051,200,168,0,0,32,4,0.7,1.0,2,0.8,2,168,168,0,0,1.0,0.0,0.0
c04_s02_cov050_seed00000013_bw010,4,2,0.5,0.1,13,X,Y,2,2,"C00,W",True,2,ok,local_up_fast,mpdag_criterion,True,"Conjecture 2 (hence Anti-Exchange Case B, verified not proved)",C00->Y W->Y X->C03 X->Y C00-C01 C01-X,0.00013808400000048238,0.0,0.00013808400000048238,,10,0.0013163750000000363,200,149,0,0,51,5,0.7,1.0,2,0.7,2,149,149,0,0,1.0,0.0,0.0
c04_s02_cov050_seed00000014_bw010,4,2,0.5,0.1,14,X,Y,2,2,"C00,W",True,2,ok,local_up_fast,mpdag_criterion,True,"Conjecture 2 (hence Anti-Exchange Case B, verified not proved)",C00->Y W->Y X->Y C00-C01 C00-C03 C01-X,0.00011958400000011693,0.0,0.00011958400000011693,,10,0.0013684170000001217,200,162,0,0,38,5,0.7,1.0,2,0.8,2,162,162,0,0,1.0,0.0,0.0
c04_s02_cov050_seed00000000_bw025,4,2,0.5,0.25,0,X,Y,2,2,"C00,W",True,2,ok,local_up_fast,mpdag_criterion,True,"Conjecture 2 (hence Anti-Exchange Case B, verified not proved)",C00->Y C01->C03 W->Y X->Y C00-C01 C01-X C03-X,0.0002193750000003547,0.0,0.0002193750000003547,,32,0.005270709000000373,200,147,0,0,53,5,0.7,1.0,2,0.8,2,147,147,0,0,1.0,0.0,0.0
c04_s02_cov050_seed00000001_bw025,4,2,0.5,0.25,1,X,Y,2,2,"C00,W",True,2,ok,local_up_fast,mpdag_criterion,True,"Conjecture 2 (hence Anti-Exchange Case B, verified not proved)",C00->Y C01->C03 W->Y X->Y C00-C01 C01-X,0.00014308300000021035,0.0,0.00014308300000021035,,11,0.0013884170000002527,200,148,0,0,52,4,0.7,1.0,2,0.8,2,148,148,0,0,1.0,0.0,0.0
c04_s02_cov050_seed00000002_bw025,4,2,0.5,0.25,2,X,Y,2,2,"C00,W",True,2,ok,local_up_fast,mpdag_criterion,True,"Conjecture 2 (hence Anti-Exchange Case B, verified not proved)",C00->Y C01->C03 W->Y X->Y C00-C01 C01-X C03-X,0.00020591699999972235,0.0,0.00020591699999972235,,32,0.00560120899999994,200,149,0,0,51,5,0.7,1.0,2,0.8,2,149,149,0,0,1.0,0.0,0.0
c04_s02_cov050_seed00000003_bw025,4,2,0.5,0.25,3,X,Y,2,2,"C00,W",True,2,ok,local_up_fast,mpdag_criterion,True,"Conjecture 2 (hence Anti-Exchange Case B, verified not proved)",C00->Y C01->C03 W->Y X->Y C00-C01 C01-X C03-X,0.00020833299999978294,0.0,0.00020833299999978294,,32,0.005559374999999811,200,152,0,0,48,5,0.7,1.0,2,0.8,2,152,152,0,0,1.0,0.0,0.0
c04_s02_cov050_seed00000004_bw025,4,2,0.5,0.25,4,X,Y,2,2,"C00,W",True,2,ok,local_up_fast,mpdag_criterion,True,"Conjecture 2 (hence Anti-Exchange Case B, verified not proved)",C00->Y W->Y X->C03 X->Y C00-C01 C01-X,0.00015058299999992641,0.0,0.00015058299999992641,,10,0.0013986670000001311,200,152,0,0,48,5,0.7,1.0,2,0.7,2,152,152,0,0,1.0,0.0,0.0
c04_s02_cov050_seed00000005_bw025,4,2,0.5,0.25,5,X,Y,2,2,"C00,W",True,2,ok,local_up_fast,mpdag_criterion,True,"Conjecture 2 (hence Anti-Exchange Case B, verified not proved)",C00->Y W->Y X->C03 X->Y C00-C01 C01-X,0.00014291699999979812,0.0,0.00014291699999979812,,10,0.0013726670000000496,200,150,0,0,50,5,0.7,1.0,2,0.7,2,150,150,0,0,1.0,0.0,0.0
c04_s02_cov050_seed00000006_bw025,4,2,0.5,0.25,6,X,Y,2,2,"C00,W",True,2,ok,local_up_fast,mpdag_criterion,True,"Conjecture 2 (hence Anti-Exchange Case B, verified not proved)",C00->Y C01->C03 W->Y X->Y C00-C01 C01-X,0.00016391699999918075,0.0,0.00016391699999918075,,11,0.00136808300000002,200,146,0,0,54,4,0.7,1.0,2,0.8,2,146,146,0,0,1.0,0.0,0.0
c04_s02_cov050_seed00000007_bw025,4,2,0.5,0.25,7,X,Y,2,2,"C00,W",True,2,ok,local_up_fast,mpdag_criterion,True,"Conjecture 2 (hence Anti-Exchange Case B, verified not proved)",C00->Y W->Y X->C03 X->Y C00-C01 C01-X,0.00014074999999991178,0.0,0.00014074999999991178,,10,0.001301124999999459,200,143,0,0,57,5,0.7,1.0,2,0.7,2,143,143,0,0,1.0,0.0,0.0
c04_s02_cov050_seed00000008_bw025,4,2,0.5,0.25,8,X,Y,2,2,"C00,W",True,2,ok,local_up_fast,mpdag_criterion,True,"Conjecture 2 (hence Anti-Exchange Case B, verified not proved)",C00->Y W->Y X->C03 X->Y C00-C01 C01-X,0.000139749999999772,0.0,0.000139749999999772,,10,0.0013029579999992436,200,143,0,0,57,5,0.7,1.0,2,0.7,2,143,143,0,0,1.0,0.0,0.0
c04_s02_cov050_seed00000009_bw025,4,2,0.5,0.25,9,X,Y,2,2,"C00,W",True,2,ok,local_up_fast,mpdag_criterion,True,"Conjecture 2 (hence Anti-Exchange Case B, verified not proved)",C00->Y C01->C03 W->Y X->Y C00-C01 C01-X C03-X,0.0001965420000002993,0.0,0.0001965420000002993,,32,0.005242459000000643,200,145,0,0,55,5,0.7,1.0,2,0.8,2,145,145,0,0,1.0,0.0,0.0
c04_s02_cov050_seed00000010_bw025,4,2,0.5,0.25,10,X,Y,2,2,"C00,W",True,2,ok,local_up_fast,mpdag_criterion,True,"Conjecture 2 (hence Anti-Exchange Case B, verified not proved)",C00->Y C01->C03 W->Y X->Y C00-C01 C01-X C03-X,0.00019474999999946618,0.0,0.00019474999999946618,,32,0.005240249999999946,200,156,0,0,44,5,0.7,1.0,2,0.8,2,156,156,0,0,1.0,0.0,0.0
c04_s02_cov050_seed00000011_bw025,4,2,0.5,0.25,11,X,Y,2,2,"C00,W",True,2,ok,local_up_fast,mpdag_criterion,True,"Conjecture 2 (hence Anti-Exchange Case B, verified not proved)",C00->Y W->Y X->Y C00-C01 C00-C03 C01-X,0.00012304200000023968,0.0,0.00012304200000023968,,10,0.0012943750000005139,200,145,0,0,55,5,0.7,1.0,2,0.8,2,145,145,0,0,1.0,0.0,0.0
c04_s02_cov050_seed00000012_bw025,4,2,0.5,0.25,12,X,Y,2,2,"C00,W",True,2,ok,local_up_fast,mpdag_criterion,True,"Conjecture 2 (hence Anti-Exchange Case B, verified not proved)",C00->Y C01->C03 W->Y X->Y C00-C01 C01-X,0.00017441700000020433,0.0,0.00017441700000020433,,11,0.0013432079999997626,200,153,0,0,47,4,0.7,1.0,2,0.8,2,153,153,0,0,1.0,0.0,0.0
c04_s02_cov050_seed00000013_bw025,4,2,0.5,0.25,13,X,Y,2,2,"C00,W",True,2,ok,local_up_fast,mpdag_criterion,True,"Conjecture 2 (hence Anti-Exchange Case B, verified not proved)",C00->Y W->Y X->C03 X->Y C00-C01 C01-X,0.00014870800000021944,0.0,0.00014870800000021944,,10,0.0016242909999997224,200,148,0,0,52,5,0.7,1.0,2,0.7,2,148,148,0,0,1.0,0.0,0.0
c04_s02_cov050_seed00000014_bw025,4,2,0.5,0.25,14,X,Y,2,2,"C00,W",True,2,ok,local_up_fast,mpdag_criterion,True,"Conjecture 2 (hence Anti-Exchange Case B, verified not proved)",C00->Y W->Y X->Y C00-C01 C00-C03 C01-X,0.00012966600000030581,0.0,0.00012966600000030581,,10,0.0013066249999997837,200,156,0,0,44,5,0.7,1.0,2,0.8,2,156,156,0,0,1.0,0.0,0.0
c04_s02_cov100_seed00000000_bw000,4,2,1.0,0.0,0,X,Y,4,2,"C00,W",True,2,ok,local_up_fast,mpdag_criterion,True,"Conjecture 2 (hence Anti-Exchange Case B, verified not proved)",C00->Y C01->C03 W->Y X->C03 X->Y C00-C01 C01-X,0.00036116700000032864,0.0,0.00036116700000032864,,32,0.0056487089999999185,400,218,0,0,182,8,0.555465884079237,2.0359501100513575,4,0.555465884079237,4,218,218,0,0,1.0,0.0,0.0
c04_s02_cov100_seed00000001_bw000,4,2,1.0,0.0,1,X,Y,3,2,"C00,W",True,2,ok,local_up_fast,mpdag_criterion,True,"Conjecture 2 (hence Anti-Exchange Case B, verified not proved)",C00->Y C01->C03 W->Y X->Y C00-C01 C01-X,0.00014579199999964487,0.0,0.00014579199999964487,,11,0.0013867090000001525,300,111,0,0,189,4,0.75,1.5,3,0.85,2,111,111,0,0,1.0,0.0,0.0
c04_s02_cov100_seed00000002_bw000,4,2,1.0,0.0,2,X,Y,4,2,"C00,W",True,2,ok,local_up_fast,mpdag_criterion,True,"Conjecture 2 (hence Anti-Exchange Case B, verified not proved)",C00->Y C01->C03 W->Y X->C03 X->Y C00-C01 C01-X,0.00032049999999994583,0.0,0.00032049999999994583,,32,0.005318291999999225,400,221,0,0,179,8,0.556829268292683,2.067479674796748,4,0.556829268292683,4,221,221,0,0,1.0,0.0,0.0
c04_s02_cov100_seed00000003_bw000,4,2,1.0,0.0,3,X,Y,4,2,"C00,W",True,2,ok,local_up_fast,mpdag_criterion,True,"Conjecture 2 (hence Anti-Exchange Case B, verified not proved)",C00->Y C01->C03 W->Y X->C03 X->Y C00-C01 C01-X,0.0003109170000001882,0.0,0.0003109170000001882,,32,0.0052654579999993345,400,230,0,0,170,8,0.6088888888888888,2.22962962962963,4,0.6088888888888888,4,230,230,0,0,1.0,0.0,0.0
c04_s02_cov100_seed00000004_bw000,4,2,1.0,0.0,4,X,Y,3,2,"C00,W",True,2,ok,local_up_fast,mpdag_criterion,True,"Conjecture 2 (hence Anti-Exchange Case B, verified not proved)",C00->Y W->Y X->C03 X->Y C00-C01 C01-X,0.00015225000000018696,0.0,0.00015225000000018696,,10,0.001385875000000425,300,161,0,0,139,6,0.5,1.0,3,0.5,3,161,161,0,0,1.0,0.0,0.0
c04_s02_cov100_seed00000005_bw000,4,2,1.0,0.0,5,X,Y,3,2,"C00,W",True,2,ok,local_up_fast,mpdag_criterion,True,"Conjecture 2 (hence Anti-Exchange Case B, verified not proved)",C00->Y W->Y X->C03 X->Y C00-C01 C01-X,0.00015283300000046296,0.0,0.00015283300000046296,,10,0.001377374999999681,300,160,0,0,140,6,0.5,1.0,3,0.5,3,160,160,0,0,1.0,0.0,0.0
c04_s02_cov100_seed00000006_bw000,4,2,1.0,0.0,6,X,Y,3,2,"C00,W",True,2,ok,local_up_fast,mpdag_criterion,True,"Conjecture 2 (hence Anti-Exchange Case B, verified not proved)",C00->Y C01->C03 W->Y X->Y C00-C01 C01-X,0.00014404099999953957,0.0,0.00014404099999953957,,11,0.0013895839999999993,300,100,0,0,200,4,0.6953125,1.390625,3,0.8171875,2,100,100,0,0,1.0,0.0,0.0
c04_s02_cov100_seed00000007_bw000,4,2,1.0,0.0,7,X,Y,3,2,"C00,W",True,2,ok,local_up_fast,mpdag_criterion,True,"Conjecture 2 (hence Anti-Exchange Case B, verified not proved)",C00->Y W->Y X->C03 X->Y C00-C01 C01-X,0.00015204199999985235,0.0,0.00015204199999985235,,10,0.0013753339999995617,300,152,0,0,148,6,0.5,1.0,3,0.5,3,152,152,0,0,1.0,0.0,0.0
c04_s02_cov100_seed00000008_bw000,4,2,1.0,0.0,8,X,Y,3,2,"C00,W",True,2,ok,local_up_fast,mpdag_criterion,True,"Conjecture 2 (hence Anti-Exchange Case B, verified not proved)",C00->Y W->Y X->C03 X->Y C00-C01 C01-X,0.0001509999999997902,0.0,0.0001509999999997902,,10,0.0014025000000001953,300,176,0,0,124,6,0.5,1.0,3,0.5,3,176,176,0,0,1.0,0.0,0.0
c04_s02_cov100_seed00000009_bw000,4,2,1.0,0.0,9,X,Y,4,2,"C00,W",True,2,ok,local_up_fast,mpdag_criterion,True,"Conjecture 2 (hence Anti-Exchange Case B, verified not proved)",C00->Y C01->C03 W->Y X->C03 X->Y C00-C01 C01-X,0.0002973329999997887,0.0,0.0002973329999997887,,32,0.0055745839999996605,400,244,0,0,156,8,0.5937062937062937,2.160839160839161,4,0.5937062937062937,4,244,244,0,0,1.0,0.0,0.0
c04_s02_cov100_seed00000010_bw000,4,2,1.0,0.0,10,X,Y,4,2,"C00,W",True,2,ok,local_up_fast,mpdag_criterion,True,"Conjecture 2 (hence Anti-Exchange Case B, verified not proved)",C00->Y C01->C03 W->Y X->C03 X->Y C00-C01 C01-X,0.0002930420000000211,0.0,0.0002930420000000211,,32,0.0054552499999998005,400,237,0,0,163,8,0.5735772357723578,2.0508130081300813,4,0.5735772357723578,4,237,237,0,0,1.0,0.0,0.0
c04_s02_cov100_seed00000011_bw000,4,2,1.0,0.0,11,X,Y,3,2,"C00,W",True,2,ok,local_up_fast,mpdag_criterion,True,"Conjecture 2 (hence Anti-Exchange Case B, verified not proved)",C00->C03 C00->Y W->Y X->Y C00-C01 C01-X,0.00021458400000007316,0.0,0.00021458400000007316,,10,0.001302667000000035,300,105,0,0,195,4,0.5,1.0,3,0.7,2,105,105,0,0,1.0,0.0,0.0
c04_s02_cov100_seed00000012_bw000,4,2,1.0,0.0,12,X,Y,3,2,"C00,W",True,2,ok,local_up_fast,mpdag_criterion,True,"Conjecture 2 (hence Anti-Exchange Case B, verified not proved)",C00->Y C01->C03 W->Y X->Y C00-C01 C01-X,0.00020870799999972434,0.0,0.00020870799999972434,,11,0.0013883749999994421,300,110,0,0,190,4,0.7333333333333334,1.4666666666666668,3,0.8400000000000001,2,110,110,0,0,1.0,0.0,0.0
c04_s02_cov100_seed00000013_bw000,4,2,1.0,0.0,13,X,Y,3,2,"C00,W",True,2,ok,local_up_fast,mpdag_criterion,True,"Conjecture 2 (hence Anti-Exchange Case B, verified not proved)",C00->Y W->Y X->C03 X->Y C00-C01 C01-X,0.000203749999999836,0.0,0.000203749999999836,,10,0.001467415999999666,300,178,0,0,122,6,0.5,1.0,3,0.5,3,178,178,0,0,1.0,0.0,0.0
c04_s02_cov100_seed00000014_bw000,4,2,1.0,0.0,14,X,Y,3,2,"C00,W",True,2,ok,local_up_fast,mpdag_criterion,True,"Conjecture 2 (hence Anti-Exchange Case B, verified not proved)",C00->C03 C00->Y W->Y X->Y C00-C01 C01-X,0.00019487500000003877,0.0,0.00019487500000003877,,10,0.0014278329999992678,300,96,0,0,204,4,0.5,1.0,3,0.7,2,96,96,0,0,1.0,0.0,0.0
c04_s02_cov100_seed00000000_bw010,4,2,1.0,0.1,0,X,Y,4,2,"C00,W",True,2,ok,local_up_fast,mpdag_criterion,True,"Conjecture 2 (hence Anti-Exchange Case B, verified not proved)",C00->Y C01->C03 W->Y X->C03 X->Y C00-C01 C01-X,0.0003311250000006538,0.0,0.0003311250000006538,,32,0.005590500000000276,400,230,0,0,170,8,0.5564263322884012,2.006269592476489,4,0.5564263322884012,4,230,230,0,0,1.0,0.0,0.0
c04_s02_cov100_seed00000001_bw010,4,2,1.0,0.1,1,X,Y,3,2,"C00,W",True,2,ok,local_up_fast,mpdag_criterion,True,"Conjecture 2 (hence Anti-Exchange Case B, verified not proved)",C00->Y C01->C03 W->Y X->Y C00-C01 C01-X,0.00015591699999983888,0.0,0.00015591699999983888,,11,0.0014159170000000998,300,100,0,0,200,4,0.7380952380952381,1.4761904761904763,3,0.8428571428571429,2,100,100,0,0,1.0,0.0,0.0
c04_s02_cov100_seed00000002_bw010,4,2,1.0,0.1,2,X,Y,4,2,"C00,W",True,2,ok,local_up_fast,mpdag_criterion,True,"Conjecture 2 (hence Anti-Exchange Case B, verified not proved)",C00->Y C01->C03 W->Y X->C03 X->Y C00-C01 C01-X,0.0003220000000005996,0.0,0.0003220000000005996,,32,0.005613625000000511,400,238,0,0,162,8,0.5455938697318007,2.003831417624521,4,0.5455938697318007,4,238,238,0,0,1.0,0.0,0.0
c04_s02_cov100_seed00000003_bw010,4,2,1.0,0.1,3,X,Y,4,2,"C00,W",True,2,ok,local_up_fast,mpdag_criterion,True,"Conjecture 2 (hence Anti-Exchange Case B, verified not proved)",C00->Y C01->C03 W->Y X->C03 X->Y C00-C01 C01-X,0.00031229200000026935,0.0,0.00031229200000026935,,32,0.005502041999999818,400,219,0,0,181,8,0.5936748893105629,2.161922833649589,4,0.5936748893105629,4,219,219,0,0,1.0,0.0,0.0
c04_s02_cov100_seed00000004_bw010,4,2,1.0,0.1,4,X,Y,3,2,"C00,W",True,2,ok,local_up_fast,mpdag_criterion,True,"Conjecture 2 (hence Anti-Exchange Case B, verified not proved)",C00->Y W->Y X->C03 X->Y C00-C01 C01-X,0.00015437500000015092,0.0,0.00015437500000015092,,10,0.0013944589999992374,300,162,0,0,138,6,0.5,1.0,3,0.5,3,162,162,0,0,1.0,0.0,0.0
c04_s02_cov100_seed00000005_bw010,4,2,1.0,0.1,5,X,Y,3,2,"C00,W",True,2,ok,local_up_fast,mpdag_criterion,True,"Conjecture 2 (hence Anti-Exchange Case B, verified not proved)",C00->Y W->Y X->C03 X->Y C00-C01 C01-X,0.00016645799999981392,0.0,0.00016645799999981392,,10,0.001435084000000586,300,171,0,0,129,6,0.5,1.0,3,0.5,3,171,171,0,0,1.0,0.0,0.0
c04_s02_cov100_seed00000006_bw010,4,2,1.0,0.1,6,X,Y,3,2,"C00,W",True,2,ok,local_up_fast,mpdag_criterion,True,"Conjecture 2 (hence Anti-Exchange Case B, verified not proved)",C00->Y C01->C03 W->Y X->Y C00-C01 C01-X,0.00013737499999955105,0.0,0.00013737499999955105,,11,0.001333374999999748,300,105,0,0,195,4,0.7837837837837838,1.5675675675675675,3,0.8702702702702702,2,105,105,0,0,1.0,0.0,0.0
c04_s02_cov100_seed00000007_bw010,4,2,1.0,0.1,7,X,Y,3,2,"C00,W",True,2,ok,local_up_fast,mpdag_criterion,True,"Conjecture 2 (hence Anti-Exchange Case B, verified not proved)",C00->Y W->Y X->C03 X->Y C00-C01 C01-X,0.00017320899999972994,0.0,0.00017320899999972994,,10,0.00134945799999997,300,158,0,0,142,6,0.5,1.0,3,0.5,3,158,158,0,0,1.0,0.0,0.0
c04_s02_cov100_seed00000008_bw010,4,2,1.0,0.1,8,X,Y,3,2,"C00,W",True,2,ok,local_up_fast,mpdag_criterion,True,"Conjecture 2 (hence Anti-Exchange Case B, verified not proved)",C00->Y W->Y X->C03 X->Y C00-C01 C01-X,0.00014025000000028598,0.0,0.00014025000000028598,,10,0.001437292000000312,300,171,0,0,129,6,0.5,1.0,3,0.5,3,171,171,0,0,1.0,0.0,0.0
c04_s02_cov100_seed00000009_bw010,4,2,1.0,0.1,9,X,Y,4,2,"C00,W",True,2,ok,local_up_fast,mpdag_criterion,True,"Conjecture 2 (hence Anti-Exchange Case B, verified not proved)",C00->Y C01->C03 W->Y X->C03 X->Y C00-C01 C01-X,0.0003293339999999034,0.0,0.0003293339999999034,,32,0.005854541999999796,400,236,0,0,164,8,0.5056578947368421,1.7907894736842107,4,0.5056578947368421,4,236,236,0,0,1.0,0.0,0.0
c04_s02_cov100_seed00000010_bw010,4,2,1.0,0.1,10,X,Y,4,2,"C00,W",True,2,ok,local_up_fast,mpdag_criterion,True,"Conjecture 2 (hence Anti-Exchange Case B, verified not proved)",C00->Y C01->C03 W->Y X->C03 X->Y C00-C01 C01-X,0.0003482500000000499,0.0,0.0003482500000000499,,32,0.005455792000000237,400,234,0,0,166,8,0.5540540540540541,2.0135135135135136,4,0.5540540540540541,4,234,234,0,0,1.0,0.0,0.0
c04_s02_cov100_seed00000011_bw010,4,2,1.0,0.1,11,X,Y,3,2,"C00,W",True,2,ok,local_up_fast,mpdag_criterion,True,"Conjecture 2 (hence Anti-Exchange Case B, verified not proved)",C00->C03 C00->Y W->Y X->Y C00-C01 C01-X,0.00018933400000076261,0.0,0.00018933400000076261,,10,0.0014541249999995287,300,111,0,0,189,4,0.5,1.0,3,0.7,2,111,111,0,0,1.0,0.0,0.0
c04_s02_cov100_seed00000012_bw010,4,2,1.0,0.1,12,X,Y,3,2,"C00,W",True,2,ok,local_up_fast,mpdag_criterion,True,"Conjecture 2 (hence Anti-Exchange Case B, verified not proved)",C00->Y C01->C03 W->Y X->Y C00-C01 C01-X,0.00013945899999967537,0.0,0.00013945899999967537,,11,0.001313875000000131,300,96,0,0,204,4,0.732394366197183,1.4647887323943662,3,0.8394366197183099,2,96,96,0,0,1.0,0.0,0.0
c04_s02_cov100_seed00000013_bw010,4,2,1.0,0.1,13,X,Y,3,2,"C00,W",True,2,ok,local_up_fast,mpdag_criterion,True,"Conjecture 2 (hence Anti-Exchange Case B, verified not proved)",C00->Y W->Y X->C03 X->Y C00-C01 C01-X,0.00014224999999967736,0.0,0.00014224999999967736,,10,0.0015698340000005473,300,167,0,0,133,6,0.5,1.0,3,0.5,3,167,167,0,0,1.0,0.0,0.0
c04_s02_cov100_seed00000014_bw010,4,2,1.0,0.1,14,X,Y,3,2,"C00,W",True,2,ok,local_up_fast,mpdag_criterion,True,"Conjecture 2 (hence Anti-Exchange Case B, verified not proved)",C00->C03 C00->Y W->Y X->Y C00-C01 C01-X,0.00018325000000007918,0.0,0.00018325000000007918,,10,0.0012889170000001116,300,97,0,0,203,4,0.5,1.0,3,0.7,2,97,97,0,0,1.0,0.0,0.0
c04_s02_cov100_seed00000002_bw025,4,2,1.0,0.25,2,X,Y,4,2,"C00,W",True,1,ok,local_up_fast,mpdag_criterion,True,"Conjecture 2 (hence Anti-Exchange Case B, verified not proved)",C00->Y C01->C00 C01->C03 W->Y X->C03 X->Y C01-X,0.00022345900000075858,0.0,0.00022345900000075858,,32,0.005355333999999878,400,131,0,0,269,6,0.42803030303030304,1.426767676767677,4,0.5724747474747476,3,131,131,0,0,1.0,0.0,0.0
c04_s02_cov100_seed00000004_bw025,4,2,1.0,0.25,4,X,Y,3,2,"C00,W",True,1,ok,local_up_fast,mpdag_criterion,True,"Conjecture 2 (hence Anti-Exchange Case B, verified not proved)",C00->Y C01->C00 W->Y X->C03 X->Y C01-X,0.00011433299999996649,0.0,0.00011433299999996649,,10,0.0019519590000003362,300,99,0,0,201,4,0.2857142857142857,0.5714285714285714,3,0.3999999999999999,2,99,99,0,0,1.0,0.0,0.0
c04_s02_cov100_seed00000005_bw025,4,2,1.0,0.25,5,X,Y,3,2,"C00,W",True,1,ok,local_up_fast,mpdag_criterion,True,"Conjecture 2 (hence Anti-Exchange Case B, verified not proved)",C00->Y C01->C00 W->Y X->C03 X->Y C01-X,8.69579999998038e-05,0.0,8.69579999998038e-05,,10,0.0014653330000005127,300,96,0,0,204,4,0.19117647058823528,0.38235294117647056,3,0.2676470588235294,2,96,96,0,0,1.0,0.0,0.0
c04_s02_cov100_seed00000009_bw025,4,2,1.0,0.25,9,X,Y,4,2,"C00,W",True,3,ok,local_up_fast,mpdag_criterion,True,"Conjecture 2 (hence Anti-Exchange Case B, verified not proved)",C00->Y C01->C03 W->Y X->Y C00-C01 C01-X C03-X,0.00042245800000006994,0.0,0.00042245800000006994,,32,0.005902250000000109,400,244,0,0,156,8,0.6,2.0,4,0.6,4,244,244,0,0,1.0,0.0,0.0
c04_s02_cov100_seed00000011_bw025,4,2,1.0,0.25,11,X,Y,3,2,"C00,W",True,3,ok,local_up_fast,mpdag_criterion,True,"Conjecture 2 (hence Anti-Exchange Case B, verified not proved)",C00->Y W->Y X->Y C00-C01 C00-C03 C01-X,0.00020141699999953744,0.0,0.00020141699999953744,,10,0.0014444170000000867,300,169,0,0,131,6,0.8,2.0,3,0.8,3,169,169,0,0,1.0,0.0,0.0
c04_s02_cov100_seed00000017_bw025,4,2,1.0,0.25,17,X,Y,4,2,"C00,W",True,3,ok,local_up_fast,mpdag_criterion,True,"Conjecture 2 (hence Anti-Exchange Case B, verified not proved)",C00->Y C01->C03 W->Y X->Y C00-C01 C01-X C03-X,0.0003763750000000954,0.0,0.0003763750000000954,,32,0.005615541000000057,400,246,0,0,154,8,0.6,2.0,4,0.6,4,246,246,0,0,1.0,0.0,0.0
c04_s02_cov100_seed00000018_bw025,4,2,1.0,0.25,18,X,Y,3,2,"C00,W",True,1,ok,local_up_fast,mpdag_criterion,True,"Conjecture 2 (hence Anti-Exchange Case B, verified not proved)",C00->Y C01->C00 W->Y X->C03 X->Y C01-X,8.362500000025364e-05,0.0,8.362500000025364e-05,,10,0.001373625000000267,300,99,0,0,201,4,0.3235294117647059,0.6470588235294118,3,0.45294117647058824,2,99,99,0,0,1.0,0.0,0.0
c04_s02_cov100_seed00000021_bw025,4,2,1.0,0.25,21,X,Y,3,2,"C00,W",True,3,ok,local_up_fast,mpdag_criterion,True,"Conjecture 2 (hence Anti-Exchange Case B, verified not proved)",C00->Y W->Y X->Y C00-C01 C00-C03 C01-X,0.0002023339999999152,0.0,0.0002023339999999152,,10,0.0014613329999999536,300,181,0,0,119,6,0.8,2.0,3,0.8,3,181,181,0,0,1.0,0.0,0.0
c04_s02_cov100_seed00000025_bw025,4,2,1.0,0.25,25,X,Y,4,2,"C00,W",True,1,ok,local_up_fast,mpdag_criterion,True,"Conjecture 2 (hence Anti-Exchange Case B, verified not proved)",C00->C03 C00->Y C01->C00 C01->C03 W->Y X->Y C01-X,0.000117874999999934,0.0,0.000117874999999934,,32,0.006923165999999981,400,147,0,0,253,6,0.793795918367347,2.31265306122449,4,0.729795918367347,3,147,147,0,0,1.0,0.0,0.0
c04_s02_cov100_seed00000026_bw025,4,2,1.0,0.25,26,X,Y,4,2,"C00,W",True,1,ok,local_up_fast,mpdag_criterion,True,"Conjecture 2 (hence Anti-Exchange Case B, verified not proved)",C00->Y C01->C00 C01->C03 W->Y X->C03 X->Y C01-X,0.00011700000000036681,0.0,0.00011700000000036681,,32,0.005674791999999762,400,144,0,0,256,6,0.4250886524822695,1.4169621749408985,4,0.5723108747044917,3,144,144,0,0,1.0,0.0,0.0
c04_s02_cov100_seed00000027_bw025,4,2,1.0,0.25,27,X,Y,3,2,"C00,W",True,1,ok,local_up_fast,mpdag_criterion,True,"Conjecture 2 (hence Anti-Exchange Case B, verified not proved)",C00->C03 C00->Y C01->C00 W->Y X->Y C01-X,0.00011354200000024406,0.0,0.00011354200000024406,,10,0.0013057920000001388,300,104,0,0,196,4,0.726027397260274,1.452054794520548,3,0.6164383561643836,2,104,104,0,0,1.0,0.0,0.0
c04_s02_cov100_seed00000029_bw025,4,2,1.0,0.25,29,X,Y,3,2,"C00,W",True,1,ok,local_up_fast,mpdag_criterion,True,"Conjecture 2 (hence Anti-Exchange Case B, verified not proved)",C00->Y C01->C00 W->Y X->C03 X->Y C01-X,8.229200000009484e-05,0.0,8.229200000009484e-05,,10,0.001403833000000354,300,96,0,0,204,4,0.23484848484848486,0.4696969696969697,3,0.3287878787878788,2,96,96,0,0,1.0,0.0,0.0
c04_s02_cov100_seed00000032_bw025,4,2,1.0,0.25,32,X,Y,3,2,"C00,W",True,1,ok,local_up_fast,mpdag_criterion,True,"Conjecture 2 (hence Anti-Exchange Case B, verified not proved)",C00->Y C01->C00 W->Y X->C03 X->Y C01-X,9.425000000007344e-05,0.0,9.425000000007344e-05,,10,0.001403167000000316,300,95,0,0,205,4,0.2734375,0.546875,3,0.3828125,2,95,95,0,0,1.0,0.0,0.0
c04_s02_cov100_seed00000033_bw025,4,2,1.0,0.25,33,X,Y,3,2,"C00,W",True,1,ok,local_up_fast,mpdag_criterion,True,"Conjecture 2 (hence Anti-Exchange Case B, verified not proved)",C00->Y C01->C00 W->Y X->C03 X->Y C01-X,8.40840000000398e-05,0.0,8.40840000000398e-05,,10,0.001295750000000595,300,97,0,0,203,4,0.2537313432835821,0.5074626865671642,3,0.355223880597015,2,97,97,0,0,1.0,0.0,0.0
c04_s02_cov100_seed00000034_bw025,4,2,1.0,0.25,34,X,Y,3,2,"C00,W",True,3,ok,local_up_fast,mpdag_criterion,True,"Conjecture 2 (hence Anti-Exchange Case B, verified not proved)",C00->Y W->Y X->Y C00-C01 C00-C03 C01-X,0.00018829199999981228,0.0,0.00018829199999981228,,10,0.0013355419999996343,300,176,0,0,124,6,0.8,2.0,3,0.8,3,176,176,0,0,1.0,0.0,0.0
c04_s03_cov050_seed00000000_bw000,4,3,0.5,0.0,0,X,Y,2,2,"C00,W",True,2,ok,local_up_fast,mpdag_criterion,True,"Conjecture 2 (hence Anti-Exchange Case B, verified not proved)",C00->Y W->Y X->Y C00-C01 C01-C02 C02-X,0.00015737500000057025,0.0,0.00015737500000057025,,10,0.0017634580000001066,200,147,0,0,53,5,0.7,1.0,2,0.8,2,147,147,0,0,1.0,0.0,0.0
c04_s03_cov050_seed00000001_bw000,4,3,0.5,0.0,1,X,Y,2,2,"C00,W",True,2,ok,local_up_fast,mpdag_criterion,True,"Conjecture 2 (hence Anti-Exchange Case B, verified not proved)",C00->Y W->Y X->Y C00-C01 C01-C02 C02-X,0.00012524999999996567,0.0,0.00012524999999996567,,10,0.0014285830000000388,200,147,0,0,53,5,0.7,1.0,2,0.8,2,147,147,0,0,1.0,0.0,0.0
c04_s03_cov050_seed00000002_bw000,4,3,0.5,0.0,2,X,Y,2,2,"C00,W",True,2,ok,local_up_fast,mpdag_criterion,True,"Conjecture 2 (hence Anti-Exchange Case B, verified not proved)",C00->Y W->Y X->Y C00-C01 C01-C02 C02-X,0.00014599999999997948,0.0,0.00014599999999997948,,10,0.0012951660000002363,200,153,0,0,47,5,0.7,1.0,2,0.8,2,153,153,0,0,1.0,0.0,0.0
c04_s03_cov050_seed00000003_bw000,4,3,0.5,0.0,3,X,Y,2,2,"C00,W",True,2,ok,local_up_fast,mpdag_criterion,True,"Conjecture 2 (hence Anti-Exchange Case B, verified not proved)",C00->Y W->Y X->Y C00-C01 C01-C02 C02-X,0.00012054200000033433,0.0,0.00012054200000033433,,10,0.0014134170000001944,200,161,0,0,39,5,0.7,1.0,2,0.8,2,161,161,0,0,1.0,0.0,0.0
c04_s03_cov050_seed00000004_bw000,4,3,0.5,0.0,4,X,Y,2,2,"C00,W",True,2,ok,local_up_fast,mpdag_criterion,True,"Conjecture 2 (hence Anti-Exchange Case B, verified not proved)",C00->Y W->Y X->Y C00-C01 C01-C02 C02-X,0.00012533399999981043,0.0,0.00012533399999981043,,10,0.0014881249999998403,200,146,0,0,54,5,0.7,1.0,2,0.8,2,146,146,0,0,1.0,0.0,0.0
c04_s03_cov050_seed00000005_bw000,4,3,0.5,0.0,5,X,Y,2,2,"C00,W",True,2,ok,local_up_fast,mpdag_criterion,True,"Conjecture 2 (hence Anti-Exchange Case B, verified not proved)",C00->Y W->Y X->Y C00-C01 C01-C02 C02-X,0.00014179199999997394,0.0,0.00014179199999997394,,10,0.0012842909999992713,200,149,0,0,51,5,0.7,1.0,2,0.8,2,149,149,0,0,1.0,0.0,0.0
c04_s03_cov050_seed00000006_bw000,4,3,0.5,0.0,6,X,Y,2,2,"C00,W",True,2,ok,local_up_fast,mpdag_criterion,True,"Conjecture 2 (hence Anti-Exchange Case B, verified not proved)",C00->Y W->Y X->Y C00-C01 C01-C02 C02-X,0.00012054100000025159,0.0,0.00012054100000025159,,10,0.0015244580000004504,200,151,0,0,49,5,0.7,1.0,2,0.8,2,151,151,0,0,1.0,0.0,0.0
c04_s03_cov050_seed00000007_bw000,4,3,0.5,0.0,7,X,Y,2,2,"C00,W",True,2,ok,local_up_fast,mpdag_criterion,True,"Conjecture 2 (hence Anti-Exchange Case B, verified not proved)",C00->Y W->Y X->Y C00-C01 C01-C02 C02-X,0.00013104199999958155,0.0,0.00013104199999958155,,10,0.0014444579999999263,200,143,0,0,57,5,0.7,1.0,2,0.8,2,143,143,0,0,1.0,0.0,0.0
c04_s03_cov050_seed00000008_bw000,4,3,0.5,0.0,8,X,Y,2,2,"C00,W",True,2,ok,local_up_fast,mpdag_criterion,True,"Conjecture 2 (hence Anti-Exchange Case B, verified not proved)",C00->Y W->Y X->Y C00-C01 C01-C02 C02-X,0.00011925000000001518,0.0,0.00011925000000001518,,10,0.0012834579999996265,200,155,0,0,45,5,0.7,1.0,2,0.8,2,155,155,0,0,1.0,0.0,0.0
c04_s03_cov050_seed00000009_bw000,4,3,0.5,0.0,9,X,Y,2,2,"C00,W",True,2,ok,local_up_fast,mpdag_criterion,True,"Conjecture 2 (hence Anti-Exchange Case B, verified not proved)",C00->Y W->Y X->Y C00-C01 C01-C02 C02-X,0.00011875000000038938,0.0,0.00011875000000038938,,10,0.0014998750000003724,200,149,0,0,51,5,0.7,1.0,2,0.8,2,149,149,0,0,1.0,0.0,0.0
c04_s03_cov050_seed00000010_bw000,4,3,0.5,0.0,10,X,Y,2,2,"C00,W",True,2,ok,local_up_fast,mpdag_criterion,True,"Conjecture 2 (hence Anti-Exchange Case B, verified not proved)",C00->Y W->Y X->Y C00-C01 C01-C02 C02-X,0.0001242499999998259,0.0,0.0001242499999998259,,10,0.0013165420000005312,200,146,0,0,54,5,0.7,1.0,2,0.8,2,146,146,0,0,1.0,0.0,0.0
c04_s03_cov050_seed00000011_bw000,4,3,0.5,0.0,11,X,Y,2,2,"C00,W",True,2,ok,local_up_fast,mpdag_criterion,True,"Conjecture 2 (hence Anti-Exchange Case B, verified not proved)",C00->Y W->Y X->Y C00-C01 C01-C02 C02-X,0.00012774999999987102,0.0,0.00012774999999987102,,10,0.0012755840000000518,200,140,0,0,60,5,0.7,1.0,2,0.8,2,140,140,0,0,1.0,0.0,0.0
c04_s03_cov050_seed00000012_bw000,4,3,0.5,0.0,12,X,Y,2,2,"C00,W",True,2,ok,local_up_fast,mpdag_criterion,True,"Conjecture 2 (hence Anti-Exchange Case B, verified not proved)",C00->Y W->Y X->Y C00-C01 C01-C02 C02-X,0.00013012500000009197,0.0,0.00013012500000009197,,10,0.0015057500000006385,200,149,0,0,51,5,0.7,1.0,2,0.8,2,149,149,0,0,1.0,0.0,0.0
c04_s03_cov050_seed00000013_bw000,4,3,0.5,0.0,13,X,Y,2,2,"C00,W",True,2,ok,local_up_fast,mpdag_criterion,True,"Conjecture 2 (hence Anti-Exchange Case B, verified not proved)",C00->Y W->Y X->Y C00-C01 C01-C02 C02-X,0.0001292080000006024,0.0,0.0001292080000006024,,10,0.001410125000000484,200,152,0,0,48,5,0.7,1.0,2,0.8,2,152,152,0,0,1.0,0.0,0.0
c04_s03_cov050_seed00000014_bw000,4,3,0.5,0.0,14,X,Y,2,2,"C00,W",True,2,ok,local_up_fast,mpdag_criterion,True,"Conjecture 2 (hence Anti-Exchange Case B, verified not proved)",C00->Y W->Y X->Y C00-C01 C01-C02 C02-X,0.00014095800000024639,0.0,0.00014095800000024639,,10,0.0013393749999996984,200,148,0,0,52,5,0.7,1.0,2,0.8,2,148,148,0,0,1.0,0.0,0.0
c04_s03_cov050_seed00000000_bw010,4,3,0.5,0.1,0,X,Y,2,2,"C00,W",True,2,ok,local_up_fast,mpdag_criterion,True,"Conjecture 2 (hence Anti-Exchange Case B, verified not proved)",C00->Y W->Y X->Y C00-C01 C01-C02 C02-X,0.00011995800000086376,0.0,0.00011995800000086376,,10,0.001474791000000586,200,146,0,0,54,5,0.7,1.0,2,0.8,2,146,146,0,0,1.0,0.0,0.0
c04_s03_cov050_seed00000001_bw010,4,3,0.5,0.1,1,X,Y,2,2,"C00,W",True,2,ok,local_up_fast,mpdag_criterion,True,"Conjecture 2 (hence Anti-Exchange Case B, verified not proved)",C00->Y W->Y X->Y C00-C01 C01-C02 C02-X,0.00014170800000012918,0.0,0.00014170800000012918,,10,0.0012966670000000846,200,157,0,0,43,5,0.7,1.0,2,0.8,2,157,157,0,0,1.0,0.0,0.0
c04_s03_cov050_seed00000002_bw010,4,3,0.5,0.1,2,X,Y,2,2,"C00,W",True,2,ok,local_up_fast,mpdag_criterion,True,"Conjecture 2 (hence Anti-Exchange Case B, verified not proved)",C00->Y W->Y X->Y C00-C01 C01-C02 C02-X,0.00012054199999944615,0.0,0.00012054199999944615,,10,0.001289875000000329,200,152,0,0,48,5,0.7,1.0,2,0.8,2,152,152,0,0,1.0,0.0,0.0
c04_s03_cov050_seed00000003_bw010,4,3,0.5,0.1,3,X,Y,2,2,"C00,W",True,2,ok,local_up_fast,mpdag_criterion,True,"Conjecture 2 (hence Anti-Exchange Case B, verified not proved)",C00->Y W->Y X->Y C00-C01 C01-C02 C02-X,0.00012037499999983936,0.0,0.00012037499999983936,,10,0.0014167499999997446,200,148,0,0,52,5,0.7,1.0,2,0.8,2,148,148,0,0,1.0,0.0,0.0
c04_s03_cov050_seed00000004_bw010,4,3,0.5,0.1,4,X,Y,2,2,"C00,W",True,2,ok,local_up_fast,mpdag_criterion,True,"Conjecture 2 (hence Anti-Exchange Case B, verified not proved)",C00->Y W->Y X->Y C00-C01 C01-C02 C02-X,0.00014383300000009314,0.0,0.00014383300000009314,,10,0.001258334000000083,200,156,0,0,44,5,0.7,1.0,2,0.8,2,156,156,0,0,1.0,0.0,0.0
c04_s03_cov050_seed00000005_bw010,4,3,0.5,0.1,5,X,Y,2,2,"C00,W",True,2,ok,local_up_fast,mpdag_criterion,True,"Conjecture 2 (hence Anti-Exchange Case B, verified not proved)",C00->Y W->Y X->Y C00-C01 C01-C02 C02-X,0.00012200000000017752,0.0,0.00012200000000017752,,10,0.001364166000000111,200,153,0,0,47,5,0.7,1.0,2,0.8,2,153,153,0,0,1.0,0.0,0.0
c04_s03_cov050_seed00000006_bw010,4,3,0.5,0.1,6,X,Y,2,2,"C00,W",True,2,ok,local_up_fast,mpdag_criterion,True,"Conjecture 2 (hence Anti-Exchange Case B, verified not proved)",C00->Y W->Y X->Y C00-C01 C01-C02 C02-X,0.00012304200000023968,0.0,0.00012304200000023968,,10,0.0013812499999996675,200,152,0,0,48,5,0.7,1.0,2,0.8,2,152,152,0,0,1.0,0.0,0.0
c04_s03_cov050_seed00000007_bw010,4,3,0.5,0.1,7,X,Y,2,2,"C00,W",True,2,ok,local_up_fast,mpdag_criterion,True,"Conjecture 2 (hence Anti-Exchange Case B, verified not proved)",C00->Y W->Y X->Y C00-C01 C01-C02 C02-X,0.00014945800000010223,0.0,0.00014945800000010223,,10,0.0013005420000000711,200,158,0,0,42,5,0.7,1.0,2,0.8,2,158,158,0,0,1.0,0.0,0.0
c04_s03_cov050_seed00000008_bw010,4,3,0.5,0.1,8,X,Y,2,2,"C00,W",True,2,ok,local_up_fast,mpdag_criterion,True,"Conjecture 2 (hence Anti-Exchange Case B, verified not proved)",C00->Y W->Y X->Y C00-C01 C01-C02 C02-X,0.00012116700000053271,0.0,0.00012116700000053271,,10,0.0013847499999997126,200,148,0,0,52,5,0.7,1.0,2,0.8,2,148,148,0,0,1.0,0.0,0.0
c04_s03_cov050_seed00000009_bw010,4,3,0.5,0.1,9,X,Y,2,2,"C00,W",True,2,ok,local_up_fast,mpdag_criterion,True,"Conjecture 2 (hence Anti-Exchange Case B, verified not proved)",C00->Y W->Y X->Y C00-C01 C01-C02 C02-X,0.00012291700000055528,0.0,0.00012291700000055528,,10,0.001307833000000258,200,140,0,0,60,5,0.7,1.0,2,0.8,2,140,140,0,0,1.0,0.0,0.0
c04_s03_cov050_seed00000010_bw010,4,3,0.5,0.1,10,X,Y,2,2,"C00,W",True,2,ok,local_up_fast,mpdag_criterion,True,"Conjecture 2 (hence Anti-Exchange Case B, verified not proved)",C00->Y W->Y X->Y C00-C01 C01-C02 C02-X,0.00014329199999973952,0.0,0.00014329199999973952,,10,0.001305791000000056,200,147,0,0,53,5,0.7,1.0,2,0.8,2,147,147,0,0,1.0,0.0,0.0
c04_s03_cov050_seed00000011_bw010,4,3,0.5,0.1,11,X,Y,2,2,"C00,W",True,2,ok,local_up_fast,mpdag_criterion,True,"Conjecture 2 (hence Anti-Exchange Case B, verified not proved)",C00->Y W->Y X->Y C00-C01 C01-C02 C02-X,0.00012245899999996368,0.0,0.00012245899999996368,,10,0.0013825419999999866,200,148,0,0,52,5,0.7,1.0,2,0.8,2,148,148,0,0,1.0,0.0,0.0
c04_s03_cov050_seed00000012_bw010,4,3,0.5,0.1,12,X,Y,2,2,"C00,W",True,2,ok,local_up_fast,mpdag_criterion,True,"Conjecture 2 (hence Anti-Exchange Case B, verified not proved)",C00->Y W->Y X->Y C00-C01 C01-C02 C02-X,0.00012237500000011892,0.0,0.00012237500000011892,,10,0.0015134999999997234,200,148,0,0,52,5,0.7,1.0,2,0.8,2,148,148,0,0,1.0,0.0,0.0
c04_s03_cov050_seed00000013_bw010,4,3,0.5,0.1,13,X,Y,2,2,"C00,W",True,2,ok,local_up_fast,mpdag_criterion,True,"Conjecture 2 (hence Anti-Exchange Case B, verified not proved)",C00->Y W->Y X->Y C00-C01 C01-C02 C02-X,0.0001241249999992533,0.0,0.0001241249999992533,,10,0.0012940829999994463,200,153,0,0,47,5,0.7,1.0,2,0.8,2,153,153,0,0,1.0,0.0,0.0
c04_s03_cov050_seed00000014_bw010,4,3,0.5,0.1,14,X,Y,2,2,"C00,W",True,2,ok,local_up_fast,mpdag_criterion,True,"Conjecture 2 (hence Anti-Exchange Case B, verified not proved)",C00->Y W->Y X->Y C00-C01 C01-C02 C02-X,0.0001187499999995012,0.0,0.0001187499999995012,,10,0.0014107499999997941,200,152,0,0,48,5,0.7,1.0,2,0.8,2,152,152,0,0,1.0,0.0,0.0
c04_s03_cov050_seed00000000_bw025,4,3,0.5,0.25,0,X,Y,2,2,"C00,W",True,2,ok,local_up_fast,mpdag_criterion,True,"Conjecture 2 (hence Anti-Exchange Case B, verified not proved)",C00->Y W->Y X->Y C00-C01 C01-C02 C02-X,0.00012166700000015851,0.0,0.00012166700000015851,,10,0.0015229159999998743,200,154,0,0,46,5,0.7,1.0,2,0.8,2,154,154,0,0,1.0,0.0,0.0
c04_s03_cov050_seed00000001_bw025,4,3,0.5,0.25,1,X,Y,2,2,"C00,W",True,2,ok,local_up_fast,mpdag_criterion,True,"Conjecture 2 (hence Anti-Exchange Case B, verified not proved)",C00->Y W->Y X->Y C00-C01 C01-C02 C02-X,0.00018733299999951214,0.0,0.00018733299999951214,,10,0.0012640409999997715,200,152,0,0,48,5,0.7,1.0,2,0.8,2,152,152,0,0,1.0,0.0,0.0
c04_s03_cov050_seed00000002_bw025,4,3,0.5,0.25,2,X,Y,2,2,"C00,W",True,2,ok,local_up_fast,mpdag_criterion,True,"Conjecture 2 (hence Anti-Exchange Case B, verified not proved)",C00->Y W->Y X->Y C00-C01 C01-C02 C02-X,0.00016179200000010496,0.0,0.00016179200000010496,,10,0.0014384170000001362,200,155,0,0,45,5,0.7,1.0,2,0.8,2,155,155,0,0,1.0,0.0,0.0
c04_s03_cov050_seed00000003_bw025,4,3,0.5,0.25,3,X,Y,2,2,"C00,W",True,2,ok,local_up_fast,mpdag_criterion,True,"Conjecture 2 (hence Anti-Exchange Case B, verified not proved)",C00->Y W->Y X->Y C00-C01 C01-C02 C02-X,0.0001294579999999712,0.0,0.0001294579999999712,,10,0.001375915999999755,200,152,0,0,48,5,0.7,1.0,2,0.8,2,152,152,0,0,1.0,0.0,0.0
c04_s03_cov050_seed00000004_bw025,4,3,0.5,0.25,4,X,Y,2,2,"C00,W",True,2,ok,local_up_fast,mpdag_criterion,True,"Conjecture 2 (hence Anti-Exchange Case B, verified not proved)",C00->Y W->Y X->Y C00-C01 C01-C02 C02-X,0.00013458400000043724,0.0,0.00013458400000043724,,10,0.0013552909999994256,200,156,0,0,44,5,0.7,1.0,2,0.8,2,156,156,0,0,1.0,0.0,0.0
c04_s03_cov050_seed00000005_bw025,4,3,0.5,0.25,5,X,Y,2,2,"C00,W",True,2,ok,local_up_fast,mpdag_criterion,True,"Conjecture 2 (hence Anti-Exchange Case B, verified not proved)",C00->Y W->Y X->Y C00-C01 C01-C02 C02-X,0.0001247499999994517,0.0,0.0001247499999994517,,10,0.0014460830000002645,200,146,0,0,54,5,0.7,1.0,2,0.8,2,146,146,0,0,1.0,0.0,0.0
c04_s03_cov050_seed00000006_bw025,4,3,0.5,0.25,6,X,Y,2,2,"C00,W",True,2,ok,local_up_fast,mpdag_criterion,True,"Conjecture 2 (hence Anti-Exchange Case B, verified not proved)",C00->Y W->Y X->Y C00-C01 C01-C02 C02-X,0.00012345800000002072,0.0,0.00012345800000002072,,10,0.001346458000000439,200,149,0,0,51,5,0.7,1.0,2,0.8,2,149,149,0,0,1.0,0.0,0.0
c04_s03_cov050_seed00000007_bw025,4,3,0.5,0.25,7,X,Y,2,2,"C00,W",True,2,ok,local_up_fast,mpdag_criterion,True,"Conjecture 2 (hence Anti-Exchange Case B, verified not proved)",C00->Y W->Y X->Y C00-C01 C01-C02 C02-X,0.00012404200000037946,0.0,0.00012404200000037946,,10,0.0013036669999992867,200,145,0,0,55,5,0.7,1.0,2,0.8,2,145,145,0,0,1.0,0.0,0.0
c04_s03_cov050_seed00000008_bw025,4,3,0.5,0.25,8,X,Y,2,2,"C00,W",True,2,ok,local_up_fast,mpdag_criterion,True,"Conjecture 2 (hence Anti-Exchange Case B, verified not proved)",C00->Y W->Y X->Y C00-C01 C01-C02 C02-X,0.00012212499999986193,0.0,0.00012212499999986193,,10,0.0013233750000001265,200,149,0,0,51,5,0.7,1.0,2,0.8,2,149,149,0,0,1.0,0.0,0.0
c04_s03_cov050_seed00000009_bw025,4,3,0.5,0.25,9,X,Y,2,2,"C00,W",True,2,ok,local_up_fast,mpdag_criterion,True,"Conjecture 2 (hence Anti-Exchange Case B, verified not proved)",C00->Y W->Y X->Y C00-C01 C01-C02 C02-X,0.0001398330000004222,0.0,0.0001398330000004222,,10,0.0012962910000000605,200,151,0,0,49,5,0.7,1.0,2,0.8,2,151,151,0,0,1.0,0.0,0.0
c04_s03_cov050_seed00000010_bw025,4,3,0.5,0.25,10,X,Y,2,2,"C00,W",True,2,ok,local_up_fast,mpdag_criterion,True,"Conjecture 2 (hence Anti-Exchange Case B, verified not proved)",C00->Y W->Y X->Y C00-C01 C01-C02 C02-X,0.00012245799999988094,0.0,0.00012245799999988094,,10,0.0012862089999998716,200,156,0,0,44,5,0.7,1.0,2,0.8,2,156,156,0,0,1.0,0.0,0.0
c04_s03_cov050_seed00000011_bw025,4,3,0.5,0.25,11,X,Y,2,2,"C00,W",True,2,ok,local_up_fast,mpdag_criterion,True,"Conjecture 2 (hence Anti-Exchange Case B, verified not proved)",C00->Y W->Y X->Y C00-C01 C01-C02 C02-X,0.0001230000000003173,0.0,0.0001230000000003173,,10,0.0014955420000006825,200,153,0,0,47,5,0.7,1.0,2,0.8,2,153,153,0,0,1.0,0.0,0.0
c04_s03_cov050_seed00000012_bw025,4,3,0.5,0.25,12,X,Y,2,2,"C00,W",True,2,ok,local_up_fast,mpdag_criterion,True,"Conjecture 2 (hence Anti-Exchange Case B, verified not proved)",C00->Y W->Y X->Y C00-C01 C01-C02 C02-X,0.00014074999999991178,0.0,0.00014074999999991178,,10,0.001299500000000009,200,153,0,0,47,5,0.7,1.0,2,0.8,2,153,153,0,0,1.0,0.0,0.0
c04_s03_cov050_seed00000013_bw025,4,3,0.5,0.25,13,X,Y,2,2,"C00,W",True,2,ok,local_up_fast,mpdag_criterion,True,"Conjecture 2 (hence Anti-Exchange Case B, verified not proved)",C00->Y W->Y X->Y C00-C01 C01-C02 C02-X,0.00011887500000007378,0.0,0.00011887500000007378,,10,0.0012813329999996625,200,144,0,0,56,5,0.7,1.0,2,0.8,2,144,144,0,0,1.0,0.0,0.0
c04_s03_cov050_seed00000014_bw025,4,3,0.5,0.25,14,X,Y,2,2,"C00,W",True,2,ok,local_up_fast,mpdag_criterion,True,"Conjecture 2 (hence Anti-Exchange Case B, verified not proved)",C00->Y W->Y X->Y C00-C01 C01-C02 C02-X,0.00012020800000023257,0.0,0.00012020800000023257,,10,0.0015232080000000536,200,148,0,0,52,5,0.7,1.0,2,0.8,2,148,148,0,0,1.0,0.0,0.0
c04_s03_cov100_seed00000000_bw000,4,3,1.0,0.0,0,X,Y,3,2,"C00,W",True,3,ok,local_up_fast,mpdag_criterion,True,"Conjecture 2 (hence Anti-Exchange Case B, verified not proved)",C00->Y W->Y X->Y C00-C01 C01-C02 C02-X,0.00021837500000021492,0.0,0.00021837500000021492,,10,0.0013842920000000092,300,179,0,0,121,6,0.8,2.0,3,0.8,3,179,179,0,0,1.0,0.0,0.0
c04_s03_cov100_seed00000001_bw000,4,3,1.0,0.0,1,X,Y,3,2,"C00,W",True,3,ok,local_up_fast,mpdag_criterion,True,"Conjecture 2 (hence Anti-Exchange Case B, verified not proved)",C00->Y W->Y X->Y C00-C01 C01-C02 C02-X,0.00018191599999983765,0.0,0.00018191599999983765,,10,0.0013495419999998148,300,161,0,0,139,6,0.8,2.0,3,0.8,3,161,161,0,0,1.0,0.0,0.0
c04_s03_cov100_seed00000002_bw000,4,3,1.0,0.0,2,X,Y,3,2,"C00,W",True,3,ok,local_up_fast,mpdag_criterion,True,"Conjecture 2 (hence Anti-Exchange Case B, verified not proved)",C00->Y W->Y X->Y C00-C01 C01-C02 C02-X,0.00020612500000005696,0.0,0.00020612500000005696,,10,0.0012999169999998728,300,162,0,0,138,6,0.8,2.0,3,0.8,3,162,162,0,0,1.0,0.0,0.0
c04_s03_cov100_seed00000003_bw000,4,3,1.0,0.0,3,X,Y,3,2,"C00,W",True,3,ok,local_up_fast,mpdag_criterion,True,"Conjecture 2 (hence Anti-Exchange Case B, verified not proved)",C00->Y W->Y X->Y C00-C01 C01-C02 C02-X,0.00018487500000041734,0.0,0.00018487500000041734,,10,0.0015187500000006793,300,164,0,0,136,6,0.8,2.0,3,0.8,3,164,164,0,0,1.0,0.0,0.0
c04_s03_cov100_seed00000004_bw000,4,3,1.0,0.0,4,X,Y,3,2,"C00,W",True,3,ok,local_up_fast,mpdag_criterion,True,"Conjecture 2 (hence Anti-Exchange Case B, verified not proved)",C00->Y W->Y X->Y C00-C01 C01-C02 C02-X,0.00020137500000050323,0.0,0.00020137500000050323,,10,0.0013972500000001276,300,155,0,0,145,6,0.8,2.0,3,0.8,3,155,155,0,0,1.0,0.0,0.0
c04_s03_cov100_seed00000005_bw000,4,3,1.0,0.0,5,X,Y,3,2,"C00,W",True,3,ok,local_up_fast,mpdag_criterion,True,"Conjecture 2 (hence Anti-Exchange Case B, verified not proved)",C00->Y W->Y X->Y C00-C01 C01-C02 C02-X,0.00019529100000070798,0.0,0.00019529100000070798,,10,0.0015049999999998676,300,165,0,0,135,6,0.8,2.0,3,0.8,3,165,165,0,0,1.0,0.0,0.0
c04_s03_cov100_seed00000006_bw000,4,3,1.0,0.0,6,X,Y,3,2,"C00,W",True,3,ok,local_up_fast,mpdag_criterion,True,"Conjecture 2 (hence Anti-Exchange Case B, verified not proved)",C00->Y W->Y X->Y C00-C01 C01-C02 C02-X,0.0001975419999995509,0.0,0.0001975419999995509,,10,0.0013486250000003253,300,184,0,0,116,6,0.8,2.0,3,0.8,3,184,184,0,0,1.0,0.0,0.0
c04_s03_cov100_seed00000007_bw000,4,3,1.0,0.0,7,X,Y,3,2,"C00,W",True,3,ok,local_up_fast,mpdag_criterion,True,"Conjecture 2 (hence Anti-Exchange Case B, verified not proved)",C00->Y W->Y X->Y C00-C01 C01-C02 C02-X,0.00019616600000027518,0.0,0.00019616600000027518,,10,0.0015612499999999585,300,174,0,0,126,6,0.8,2.0,3,0.8,3,174,174,0,0,1.0,0.0,0.0
c04_s03_cov100_seed00000008_bw000,4,3,1.0,0.0,8,X,Y,3,2,"C00,W",True,3,ok,local_up_fast,mpdag_criterion,True,"Conjecture 2 (hence Anti-Exchange Case B, verified not proved)",C00->Y W->Y X->Y C00-C01 C01-C02 C02-X,0.00019400000000047157,0.0,0.00019400000000047157,,10,0.0014622500000003313,300,162,0,0,138,6,0.8,2.0,3,0.8,3,162,162,0,0,1.0,0.0,0.0
c04_s03_cov100_seed00000009_bw000,4,3,1.0,0.0,9,X,Y,3,2,"C00,W",True,3,ok,local_up_fast,mpdag_criterion,True,"Conjecture 2 (hence Anti-Exchange Case B, verified not proved)",C00->Y W->Y X->Y C00-C01 C01-C02 C02-X,0.00018833299999965192,0.0,0.00018833299999965192,,10,0.0014207500000003037,300,166,0,0,134,6,0.8,2.0,3,0.8,3,166,166,0,0,1.0,0.0,0.0
c04_s03_cov100_seed00000010_bw000,4,3,1.0,0.0,10,X,Y,3,2,"C00,W",True,3,ok,local_up_fast,mpdag_criterion,True,"Conjecture 2 (hence Anti-Exchange Case B, verified not proved)",C00->Y W->Y X->Y C00-C01 C01-C02 C02-X,0.00019545899999950933,0.0,0.00019545899999950933,,10,0.0014260419999994056,300,162,0,0,138,6,0.8,2.0,3,0.8,3,162,162,0,0,1.0,0.0,0.0
c04_s03_cov100_seed00000011_bw000,4,3,1.0,0.0,11,X,Y,3,2,"C00,W",True,3,ok,local_up_fast,mpdag_criterion,True,"Conjecture 2 (hence Anti-Exchange Case B, verified not proved)",C00->Y W->Y X->Y C00-C01 C01-C02 C02-X,0.00018325000000007918,0.0,0.00018325000000007918,,10,0.0014812499999994344,300,160,0,0,140,6,0.8,2.0,3,0.8,3,160,160,0,0,1.0,0.0,0.0
c04_s03_cov100_seed00000012_bw000,4,3,1.0,0.0,12,X,Y,3,2,"C00,W",True,3,ok,local_up_fast,mpdag_criterion,True,"Conjecture 2 (hence Anti-Exchange Case B, verified not proved)",C00->Y W->Y X->Y C00-C01 C01-C02 C02-X,0.000245542000000043,0.0,0.000245542000000043,,10,0.0012975829999994914,300,173,0,0,127,6,0.8,2.0,3,0.8,3,173,173,0,0,1.0,0.0,0.0
c04_s03_cov100_seed00000013_bw000,4,3,1.0,0.0,13,X,Y,3,2,"C00,W",True,3,ok,local_up_fast,mpdag_criterion,True,"Conjecture 2 (hence Anti-Exchange Case B, verified not proved)",C00->Y W->Y X->Y C00-C01 C01-C02 C02-X,0.00018091699999978061,0.0,0.00018091699999978061,,10,0.001499916000000212,300,171,0,0,129,6,0.8,2.0,3,0.8,3,171,171,0,0,1.0,0.0,0.0
c04_s03_cov100_seed00000014_bw000,4,3,1.0,0.0,14,X,Y,3,2,"C00,W",True,3,ok,local_up_fast,mpdag_criterion,True,"Conjecture 2 (hence Anti-Exchange Case B, verified not proved)",C00->Y W->Y X->Y C00-C01 C01-C02 C02-X,0.00018804100000036073,0.0,0.00018804100000036073,,10,0.0012747910000001639,300,169,0,0,131,6,0.8,2.0,3,0.8,3,169,169,0,0,1.0,0.0,0.0
c04_s03_cov100_seed00000000_bw010,4,3,1.0,0.1,0,X,Y,3,2,"C00,W",True,3,ok,local_up_fast,mpdag_criterion,True,"Conjecture 2 (hence Anti-Exchange Case B, verified not proved)",C00->Y W->Y X->Y C00-C01 C01-C02 C02-X,0.00017999999999940286,0.0,0.00017999999999940286,,10,0.0015064999999996331,300,168,0,0,132,6,0.8,2.0,3,0.8,3,168,168,0,0,1.0,0.0,0.0
c04_s03_cov100_seed00000001_bw010,4,3,1.0,0.1,1,X,Y,3,2,"C00,W",True,3,ok,local_up_fast,mpdag_criterion,True,"Conjecture 2 (hence Anti-Exchange Case B, verified not proved)",C00->Y W->Y X->Y C00-C01 C01-C02 C02-X,0.00017975000000003405,0.0,0.00017975000000003405,,10,0.0012692080000000772,300,165,0,0,135,6,0.8,2.0,3,0.8,3,165,165,0,0,1.0,0.0,0.0
c04_s03_cov100_seed00000002_bw010,4,3,1.0,0.1,2,X,Y,3,2,"C00,W",True,3,ok,local_up_fast,mpdag_criterion,True,"Conjecture 2 (hence Anti-Exchange Case B, verified not proved)",C00->Y W->Y X->Y C00-C01 C01-C02 C02-X,0.00019937500000022368,0.0,0.00019937500000022368,,10,0.0014570419999992978,300,188,0,0,112,6,0.8,2.0,3,0.8,3,188,188,0,0,1.0,0.0,0.0
c04_s03_cov100_seed00000003_bw010,4,3,1.0,0.1,3,X,Y,3,2,"C00,W",True,3,ok,local_up_fast,mpdag_criterion,True,"Conjecture 2 (hence Anti-Exchange Case B, verified not proved)",C00->Y W->Y X->Y C00-C01 C01-C02 C02-X,0.00017925000000040825,0.0,0.00017925000000040825,,10,0.0013305829999996632,300,175,0,0,125,6,0.8,2.0,3,0.8,3,175,175,0,0,1.0,0.0,0.0
c04_s03_cov100_seed00000004_bw010,4,3,1.0,0.1,4,X,Y,3,2,"C00,W",True,3,ok,local_up_fast,mpdag_criterion,True,"Conjecture 2 (hence Anti-Exchange Case B, verified not proved)",C00->Y W->Y X->Y C00-C01 C01-C02 C02-X,0.0002113329999993141,0.0,0.0002113329999993141,,10,0.001261125000000085,300,160,0,0,140,6,0.8,2.0,3,0.8,3,160,160,0,0,1.0,0.0,0.0
c04_s03_cov100_seed00000005_bw010,4,3,1.0,0.1,5,X,Y,3,2,"C00,W",True,3,ok,local_up_fast,mpdag_criterion,True,"Conjecture 2 (hence Anti-Exchange Case B, verified not proved)",C00->Y W->Y X->Y C00-C01 C01-C02 C02-X,0.00018325000000007918,0.0,0.00018325000000007918,,10,0.00145449999999947,300,160,0,0,140,6,0.8,2.0,3,0.8,3,160,160,0,0,1.0,0.0,0.0
c04_s03_cov100_seed00000006_bw010,4,3,1.0,0.1,6,X,Y,3,2,"C00,W",True,3,ok,local_up_fast,mpdag_criterion,True,"Conjecture 2 (hence Anti-Exchange Case B, verified not proved)",C00->Y W->Y X->Y C00-C01 C01-C02 C02-X,0.00019354199999987998,0.0,0.00019354199999987998,,10,0.0012851670000006976,300,169,0,0,131,6,0.8,2.0,3,0.8,3,169,169,0,0,1.0,0.0,0.0
c04_s03_cov100_seed00000007_bw010,4,3,1.0,0.1,7,X,Y,3,2,"C00,W",True,3,ok,local_up_fast,mpdag_criterion,True,"Conjecture 2 (hence Anti-Exchange Case B, verified not proved)",C00->Y W->Y X->Y C00-C01 C01-C02 C02-X,0.00018124999999979963,0.0,0.00018124999999979963,,10,0.0014930829999997286,300,151,0,0,149,6,0.8,2.0,3,0.8,3,151,151,0,0,1.0,0.0,0.0
c04_s03_cov100_seed00000008_bw010,4,3,1.0,0.1,8,X,Y,3,2,"C00,W",True,3,ok,local_up_fast,mpdag_criterion,True,"Conjecture 2 (hence Anti-Exchange Case B, verified not proved)",C00->Y W->Y X->Y C00-C01 C01-C02 C02-X,0.00020024999999979087,0.0,0.00020024999999979087,,10,0.0013004579999993382,300,155,0,0,145,6,0.8,2.0,3,0.8,3,155,155,0,0,1.0,0.0,0.0
c04_s03_cov100_seed00000009_bw010,4,3,1.0,0.1,9,X,Y,3,2,"C00,W",True,3,ok,local_up_fast,mpdag_criterion,True,"Conjecture 2 (hence Anti-Exchange Case B, verified not proved)",C00->Y W->Y X->Y C00-C01 C01-C02 C02-X,0.0002231659999996083,0.0,0.0002231659999996083,,10,0.0015166669999997495,300,164,0,0,136,6,0.8,2.0,3,0.8,3,164,164,0,0,1.0,0.0,0.0
c04_s03_cov100_seed00000010_bw010,4,3,1.0,0.1,10,X,Y,3,2,"C00,W",True,3,ok,local_up_fast,mpdag_criterion,True,"Conjecture 2 (hence Anti-Exchange Case B, verified not proved)",C00->Y W->Y X->Y C00-C01 C01-C02 C02-X,0.00023399999999984544,0.0,0.00023399999999984544,,10,0.001281124999999328,300,165,0,0,135,6,0.8,2.0,3,0.8,3,165,165,0,0,1.0,0.0,0.0
c04_s03_cov100_seed00000011_bw010,4,3,1.0,0.1,11,X,Y,3,2,"C00,W",True,3,ok,local_up_fast,mpdag_criterion,True,"Conjecture 2 (hence Anti-Exchange Case B, verified not proved)",C00->Y W->Y X->Y C00-C01 C01-C02 C02-X,0.00020554199999978096,0.0,0.00020554199999978096,,10,0.0014162080000001964,300,163,0,0,137,6,0.8,2.0,3,0.8,3,163,163,0,0,1.0,0.0,0.0
c04_s03_cov100_seed00000012_bw010,4,3,1.0,0.1,12,X,Y,3,2,"C00,W",True,3,ok,local_up_fast,mpdag_criterion,True,"Conjecture 2 (hence Anti-Exchange Case B, verified not proved)",C00->Y W->Y X->Y C00-C01 C01-C02 C02-X,0.00018537500000004314,0.0,0.00018537500000004314,,10,0.0012990410000002228,300,164,0,0,136,6,0.8,2.0,3,0.8,3,164,164,0,0,1.0,0.0,0.0
c04_s03_cov100_seed00000013_bw010,4,3,1.0,0.1,13,X,Y,3,2,"C00,W",True,3,ok,local_up_fast,mpdag_criterion,True,"Conjecture 2 (hence Anti-Exchange Case B, verified not proved)",C00->Y W->Y X->Y C00-C01 C01-C02 C02-X,0.00018304199999974458,0.0,0.00018304199999974458,,10,0.0014636250000004125,300,167,0,0,133,6,0.8,2.0,3,0.8,3,167,167,0,0,1.0,0.0,0.0
c04_s03_cov100_seed00000014_bw010,4,3,1.0,0.1,14,X,Y,3,2,"C00,W",True,3,ok,local_up_fast,mpdag_criterion,True,"Conjecture 2 (hence Anti-Exchange Case B, verified not proved)",C00->Y W->Y X->Y C00-C01 C01-C02 C02-X,0.00018541599999988279,0.0,0.00018541599999988279,,10,0.0012805419999999401,300,163,0,0,137,6,0.8,2.0,3,0.8,3,163,163,0,0,1.0,0.0,0.0
c04_s03_cov100_seed00000000_bw025,4,3,1.0,0.25,0,X,Y,3,2,"C00,W",True,2,ok,local_up_fast,mpdag_criterion,True,"Conjecture 2 (hence Anti-Exchange Case B, verified not proved)",C00->Y C01->C00 W->Y X->Y C01-C02 C02-X,0.0002180840000001183,0.0,0.0002180840000001183,,10,0.0013773329999997586,300,97,0,0,203,4,0.5,1.0,3,0.7,2,97,97,0,0,1.0,0.0,0.0
c04_s03_cov100_seed00000002_bw025,4,3,1.0,0.25,2,X,Y,3,2,"C00,W",True,2,ok,local_up_fast,mpdag_criterion,True,"Conjecture 2 (hence Anti-Exchange Case B, verified not proved)",C00->Y C01->C00 W->Y X->Y C01-C02 C02-X,0.0001335419999994869,0.0,0.0001335419999994869,,10,0.0013049589999996059,300,98,0,0,202,4,0.5,1.0,3,0.7,2,98,98,0,0,1.0,0.0,0.0
c04_s03_cov100_seed00000003_bw025,4,3,1.0,0.25,3,X,Y,3,2,"C00,W",True,2,ok,local_up_fast,mpdag_criterion,True,"Conjecture 2 (hence Anti-Exchange Case B, verified not proved)",C00->Y C01->C00 W->Y X->Y C01-C02 C02-X,0.00017220900000047834,0.0,0.00017220900000047834,,10,0.0013980829999997724,300,94,0,0,206,4,0.5,1.0,3,0.7,2,94,94,0,0,1.0,0.0,0.0
c04_s03_cov100_seed00000008_bw025,4,3,1.0,0.25,8,X,Y,3,2,"C00,W",True,2,ok,local_up_fast,mpdag_criterion,True,"Conjecture 2 (hence Anti-Exchange Case B, verified not proved)",C00->Y C01->C00 W->Y X->Y C01-C02 C02-X,0.000140000000000029,0.0,0.000140000000000029,,10,0.0012732910000003983,300,92,0,0,208,4,0.5,1.0,3,0.7,2,92,92,0,0,1.0,0.0,0.0
c04_s03_cov100_seed00000010_bw025,4,3,1.0,0.25,10,X,Y,3,2,"C00,W",True,2,ok,local_up_fast,mpdag_criterion,True,"Conjecture 2 (hence Anti-Exchange Case B, verified not proved)",C00->Y C01->C00 W->Y X->Y C01-C02 C02-X,0.000139749999999772,0.0,0.000139749999999772,,10,0.0014454160000001437,300,103,0,0,197,4,0.5,1.0,3,0.7,2,103,103,0,0,1.0,0.0,0.0
c04_s03_cov100_seed00000012_bw025,4,3,1.0,0.25,12,X,Y,3,2,"C00,W",True,2,ok,local_up_fast,mpdag_criterion,True,"Conjecture 2 (hence Anti-Exchange Case B, verified not proved)",C00->Y C01->C00 W->Y X->Y C01-C02 C02-X,0.00016083400000077575,0.0,0.00016083400000077575,,10,0.0014062089999997696,300,93,0,0,207,4,0.5,1.0,3,0.7,2,93,93,0,0,1.0,0.0,0.0
c04_s03_cov100_seed00000013_bw025,4,3,1.0,0.25,13,X,Y,3,2,"C00,W",True,2,ok,local_up_fast,mpdag_criterion,True,"Conjecture 2 (hence Anti-Exchange Case B, verified not proved)",C00->Y C01->C00 W->Y X->Y C01-C02 C02-X,0.00013316600000035095,0.0,0.00013316600000035095,,10,0.0015016249999995068,300,107,0,0,193,4,0.5,1.0,3,0.7,2,107,107,0,0,1.0,0.0,0.0
c04_s03_cov100_seed00000014_bw025,4,3,1.0,0.25,14,X,Y,3,2,"C00,W",True,2,ok,local_up_fast,mpdag_criterion,True,"Conjecture 2 (hence Anti-Exchange Case B, verified not proved)",C00->Y C01->C00 W->Y X->Y C01-C02 C02-X,0.00013541700000008206,0.0,0.00013541700000008206,,10,0.0012977499999999864,300,107,0,0,193,4,0.5,1.0,3,0.7,2,107,107,0,0,1.0,0.0,0.0
c04_s03_cov100_seed00000015_bw025,4,3,1.0,0.25,15,X,Y,3,2,"C00,W",True,2,ok,local_up_fast,mpdag_criterion,True,"Conjecture 2 (hence Anti-Exchange Case B, verified not proved)",C00->Y C01->C00 W->Y X->Y C01-C02 C02-X,0.00013708299999937168,0.0,0.00013708299999937168,,10,0.001470999999999556,300,94,0,0,206,4,0.5,1.0,3,0.7,2,94,94,0,0,1.0,0.0,0.0
c04_s03_cov100_seed00000016_bw025,4,3,1.0,0.25,16,X,Y,3,2,"C00,W",True,2,ok,local_up_fast,mpdag_criterion,True,"Conjecture 2 (hence Anti-Exchange Case B, verified not proved)",C00->Y C01->C00 W->Y X->Y C01-C02 C02-X,0.00013849999999937523,0.0,0.00013849999999937523,,10,0.0012830419999998455,300,93,0,0,207,4,0.5,1.0,3,0.7,2,93,93,0,0,1.0,0.0,0.0
c04_s03_cov100_seed00000020_bw025,4,3,1.0,0.25,20,X,Y,3,2,"C00,W",True,2,ok,local_up_fast,mpdag_criterion,True,"Conjecture 2 (hence Anti-Exchange Case B, verified not proved)",C00->Y C01->C00 W->Y X->Y C01-C02 C02-X,0.00013666700000047882,0.0,0.00013666700000047882,,10,0.0015032079999999226,300,89,0,0,211,4,0.5,1.0,3,0.7,2,89,89,0,0,1.0,0.0,0.0
c04_s03_cov100_seed00000025_bw025,4,3,1.0,0.25,25,X,Y,3,2,"C00,W",True,2,ok,local_up_fast,mpdag_criterion,True,"Conjecture 2 (hence Anti-Exchange Case B, verified not proved)",C00->Y C01->C00 W->Y X->Y C01-C02 C02-X,0.00014608300000062968,0.0,0.00014608300000062968,,10,0.001496874999999953,300,120,0,0,180,4,0.5,1.0,3,0.7,2,120,120,0,0,1.0,0.0,0.0
c04_s03_cov100_seed00000030_bw025,4,3,1.0,0.25,30,X,Y,3,2,"C00,W",True,2,ok,local_up_fast,mpdag_criterion,True,"Conjecture 2 (hence Anti-Exchange Case B, verified not proved)",C00->Y C01->C00 W->Y X->Y C01-C02 C02-X,0.00017204200000087155,0.0,0.00017204200000087155,,10,0.0013454170000013477,300,102,0,0,198,4,0.5,1.0,3,0.7,2,102,102,0,0,1.0,0.0,0.0
c04_s03_cov100_seed00000032_bw025,4,3,1.0,0.25,32,X,Y,3,2,"C00,W",True,2,ok,local_up_fast,mpdag_criterion,True,"Conjecture 2 (hence Anti-Exchange Case B, verified not proved)",C00->Y C01->C00 W->Y X->Y C01-C02 C02-X,0.00013500000000021828,0.0,0.00013500000000021828,,10,0.0013774170000004915,300,95,0,0,205,4,0.5,1.0,3,0.7,2,95,95,0,0,1.0,0.0,0.0
c04_s03_cov100_seed00000040_bw025,4,3,1.0,0.25,40,X,Y,3,2,"C00,W",True,2,ok,local_up_fast,mpdag_criterion,True,"Conjecture 2 (hence Anti-Exchange Case B, verified not proved)",C00->Y C01->C00 W->Y X->Y C01-C02 C02-X,0.0001372909999997063,0.0,0.0001372909999997063,,10,0.0012845840000004216,300,103,0,0,197,4,0.5,1.0,3,0.7,2,103,103,0,0,1.0,0.0,0.0
c05_s01_cov050_seed00000000_bw000,5,1,0.5,0.0,0,X,Y,3,2,"C00,W",True,1,ok,local_up_fast,mpdag_criterion,True,"Conjecture 2 (hence Anti-Exchange Case B, verified not proved)",C00->C02 C00->C03 C00->Y W->Y X->Y C00-C04 C00-X C02-X C03-X,0.00023554200000042158,0.0,0.00023554200000042158,,86,0.05443437500000137,300,173,0,0,127,6,0.32,0.64,3,0.576,2,173,173,0,0,1.0,0.0,0.0
c05_s01_cov050_seed00000001_bw000,5,1,0.5,0.0,1,X,Y,2,2,"C00,W",True,1,ok,local_up_fast,mpdag_criterion,True,"Conjecture 2 (hence Anti-Exchange Case B, verified not proved)",C00->C02 C00->Y W->Y X->Y C00-C03 C00-X C03-C04 C03-X,0.0001810839999993874,0.0,0.0001810839999993874,,49,0.018239124999999135,200,100,0,0,100,4,0.5600000000000002,0.56,2,0.3,2,100,100,0,0,1.0,0.0,0.0
c05_s01_cov050_seed00000002_bw000,5,1,0.5,0.0,2,X,Y,2,2,"C00,W",True,1,ok,local_up_fast,mpdag_criterion,True,"Conjecture 2 (hence Anti-Exchange Case B, verified not proved)",C00->C02 C00->Y W->Y X->C04 X->Y C00-C03 C00-X C02-X,0.00018937499999971408,0.0,0.00018937499999971408,,49,0.01862154199999999,200,200,0,0,0,6,0.30100000000000005,0.43,2,0.7,3,200,200,0,0,1.0,0.0,0.0
c05_s01_cov050_seed00000003_bw000,5,1,0.5,0.0,3,X,Y,3,2,"C00,W",True,1,ok,local_up_fast,mpdag_criterion,True,"Conjecture 2 (hence Anti-Exchange Case B, verified not proved)",C00->C02 C00->C03 C00->Y W->Y X->Y C00-C04 C00-X C02-X C03-C04,0.00019154199999960042,0.0,0.00019154199999960042,,154,0.09900395800000084,300,126,0,0,174,5,0.31,0.62,3,0.721875,3,126,126,0,0,1.0,0.0,0.0
c05_s01_cov050_seed00000004_bw000,5,1,0.5,0.0,4,X,Y,2,2,"C00,W",True,1,ok,local_up_fast,mpdag_criterion,True,"Conjecture 2 (hence Anti-Exchange Case B, verified not proved)",C00->Y C02->C03 C03->C04 W->Y X->C02 X->Y C00-X,0.0001398330000004222,0.0,0.0001398330000004222,,15,0.005160832999999698,200,154,0,0,46,7,0.0,0.0,2,0.0,2,154,154,0,0,1.0,0.0,0.0
c05_s01_cov050_seed00000005_bw000,5,1,0.5,0.0,5,X,Y,2,2,"C00,W",True,1,ok,local_up_fast,mpdag_criterion,True,"Conjecture 2 (hence Anti-Exchange Case B, verified not proved)",C00->Y C02->C03 W->Y X->C02 X->C04 X->Y C00-X C02-C04,0.00018279200000037577,0.0,0.00018279200000037577,,49,0.01846254199999997,200,153,0,0,47,8,0.0,0.0,2,0.0,2,153,153,0,0,1.0,0.0,0.0
c05_s01_cov050_seed00000006_bw000,5,1,0.5,0.0,6,X,Y,2,2,"C00,W",True,1,ok,local_up_fast,mpdag_criterion,True,"Conjecture 2 (hence Anti-Exchange Case B, verified not proved)",C00->C02 C00->Y C02->C04 W->Y X->C03 X->Y C00-X,0.00012183299999968256,0.0,0.00012183299999968256,,15,0.004837042000000125,200,100,0,0,100,3,0.5,0.5,2,0.5,1,100,100,0,0,1.0,0.0,0.0
c05_s01_cov050_seed00000007_bw000,5,1,0.5,0.0,7,X,Y,2,2,"C00,W",True,1,ok,local_up_fast,mpdag_criterion,True,"Conjecture 2 (hence Anti-Exchange Case B, verified not proved)",C00->Y C03->C04 W->Y X->C02 X->C03 X->Y C00-X,0.00013312499999962313,0.0,0.00013312499999962313,,17,0.0049352499999990584,200,156,0,0,44,6,0.0,0.0,2,0.0,2,156,156,0,0,1.0,0.0,0.0
c05_s01_cov050_seed00000008_bw000,5,1,0.5,0.0,8,X,Y,2,2,"C00,W",True,1,ok,local_up_fast,mpdag_criterion,True,"Conjecture 2 (hence Anti-Exchange Case B, verified not proved)",C00->C03 C00->Y C02->C04 W->Y X->C02 X->Y C00-X,0.00013404200000088906,0.0,0.00013404200000088906,,15,0.00536974999999984,200,100,0,0,100,4,0.4600000000000001,0.46,2,0.7,2,100,100,0,0,1.0,0.0,0.0
c05_s01_cov050_seed00000009_bw000,5,1,0.5,0.0,9,X,Y,2,2,"C00,W",True,1,ok,local_up_fast,mpdag_criterion,True,"Conjecture 2 (hence Anti-Exchange Case B, verified not proved)",C00->C02 C00->Y C02->C03 C02->C04 W->Y X->Y C00-X C02-X,0.0001829999999998222,0.0,0.0001829999999998222,,55,0.021638917000000646,200,200,0,0,0,6,0.35,0.5,2,0.3,3,200,200,0,0,1.0,0.0,0.0
c05_s01_cov050_seed00000010_bw000,5,1,0.5,0.0,10,X,Y,2,2,"C00,W",True,1,ok,local_up_fast,mpdag_criterion,True,"Conjecture 2 (hence Anti-Exchange Case B, verified not proved)",C00->C02 C00->Y C02->C03 C02->C04 W->Y X->Y C00-X C02-X,0.0001629590000007397,0.0,0.0001629590000007397,,55,0.017846583999999055,200,200,0,0,0,6,0.378,0.54,2,0.3,3,200,200,0,0,1.0,0.0,0.0
c05_s01_cov050_seed00000011_bw000,5,1,0.5,0.0,11,X,Y,2,2,"C00,W",True,1,ok,local_up_fast,mpdag_criterion,True,"Conjecture 2 (hence Anti-Exchange Case B, verified not proved)",C00->C02 C00->Y W->Y X->Y C00-C03 C00-C04 C00-X C02-C04,0.00016420799999927738,0.0,0.00016420799999927738,,55,0.02138454199999984,200,100,0,0,100,4,0.5700000000000001,0.57,2,0.8,2,100,100,0,0,1.0,0.0,0.0
c05_s01_cov050_seed00000012_bw000,5,1,0.5,0.0,12,X,Y,2,2,"C00,W",True,1,ok,local_up_fast,mpdag_criterion,True,"Conjecture 2 (hence Anti-Exchange Case B, verified not proved)",C00->C03 C00->Y W->Y X->C02 X->Y C00-C04 C00-X C03-X,0.00019712499999968713,0.0,0.00019712499999968713,,49,0.01848512499999977,200,200,0,0,0,6,0.322,0.46,2,0.7,3,200,200,0,0,1.0,0.0,0.0
c05_s01_cov050_seed00000013_bw000,5,1,0.5,0.0,13,X,Y,2,2,"C00,W",True,1,ok,local_up_fast,mpdag_criterion,True,"Conjecture 2 (hence Anti-Exchange Case B, verified not proved)",C00->Y C02->C03 C02->C04 W->Y X->C02 X->Y C00-X C03-C04,0.0001697909999993641,0.0,0.0001697909999993641,,48,0.032551458000000366,200,143,0,0,57,7,0.0,0.0,2,0.0,2,143,143,0,0,1.0,0.0,0.0
c05_s01_cov050_seed00000014_bw000,5,1,0.5,0.0,14,X,Y,2,2,"C00,W",True,1,ok,local_up_fast,mpdag_criterion,True,"Conjecture 2 (hence Anti-Exchange Case B, verified not proved)",C00->C02 C00->Y C02->C03 W->Y X->C04 X->Y C00-X,0.0001316659999996972,0.0,0.0001316659999996972,,15,0.005097916999998731,200,100,0,0,100,3,0.45000000000000007,0.45,2,0.45000000000000007,1,100,100,0,0,1.0,0.0,0.0
c05_s01_cov050_seed00000000_bw010,5,1,0.5,0.1,0,X,Y,3,2,"C00,W",True,1,ok,local_up_fast,mpdag_criterion,True,"Conjecture 2 (hence Anti-Exchange Case B, verified not proved)",C00->C02 C00->C03 C00->Y W->Y X->Y C00-C04 C00-X C02-X C03-X,0.00020520800000056738,0.0,0.00020520800000056738,,86,0.05100824999999887,300,171,0,0,129,6,0.345,0.69,3,0.6209999999999999,2,171,171,0,0,1.0,0.0,0.0
c05_s01_cov050_seed00000001_bw010,5,1,0.5,0.1,1,X,Y,2,2,"C00,W",True,1,ok,local_up_fast,mpdag_criterion,True,"Conjecture 2 (hence Anti-Exchange Case B, verified not proved)",C00->C02 C00->Y W->Y X->Y C00-C03 C00-X C03-C04 C03-X,0.00014479100000031053,0.0,0.00014479100000031053,,49,0.01651804199999951,200,100,0,0,100,4,0.46999999999999986,0.47,2,0.3,2,100,100,0,0,1.0,0.0,0.0
c05_s01_cov050_seed00000002_bw010,5,1,0.5,0.1,2,X,Y,2,2,"C00,W",True,1,ok,local_up_fast,mpdag_criterion,True,"Conjecture 2 (hence Anti-Exchange Case B, verified not proved)",C00->C02 C00->Y W->Y X->C04 X->Y C00-C03 C00-X C02-X,0.00016116699999990658,0.0,0.00016116699999990658,,49,0.01598554099999916,200,200,0,0,0,6,0.3289999999999999,0.47,2,0.7,3,200,200,0,0,1.0,0.0,0.0
c05_s01_cov050_seed00000003_bw010,5,1,0.5,0.1,3,X,Y,3,2,"C00,W",True,1,ok,local_up_fast,mpdag_criterion,True,"Conjecture 2 (hence Anti-Exchange Case B, verified not proved)",C00->C02 C00->C03 C00->Y W->Y X->Y C00-C04 C00-X C02-X C03-C04,0.0002055829999996206,0.0,0.0002055829999996206,,154,0.08981374999999936,300,137,0,0,163,5,0.325,0.65,3,0.740909090909091,3,137,137,0,0,1.0,0.0,0.0
c05_s01_cov050_seed00000004_bw010,5,1,0.5,0.1,4,X,Y,2,2,"C00,W",True,1,ok,local_up_fast,mpdag_criterion,True,"Conjecture 2 (hence Anti-Exchange Case B, verified not proved)",C00->Y C02->C03 C03->C04 W->Y X->C02 X->Y C00-X,0.0001244580000001605,0.0,0.0001244580000001605,,15,0.004350249999999889,200,153,0,0,47,7,0.0,0.0,2,0.0,2,153,153,0,0,1.0,0.0,0.0
c05_s01_cov050_seed00000005_bw010,5,1,0.5,0.1,5,X,Y,2,2,"C00,W",True,1,ok,local_up_fast,mpdag_criterion,True,"Conjecture 2 (hence Anti-Exchange Case B, verified not proved)",C00->Y C02->C03 W->Y X->C02 X->C04 X->Y C00-X C02-C04,0.00015924999999938905,0.0,0.00015924999999938905,,49,0.01804941700000029,200,151,0,0,49,8,0.0,0.0,2,0.0,2,151,151,0,0,1.0,0.0,0.0
c05_s01_cov050_seed00000006_bw010,5,1,0.5,0.1,6,X,Y,2,2,"C00,W",True,1,ok,local_up_fast,mpdag_criterion,True,"Conjecture 2 (hence Anti-Exchange Case B, verified not proved)",C00->C02 C00->Y C02->C04 W->Y X->C03 X->Y C00-X,0.00012133300000094493,0.0,0.00012133300000094493,,15,0.004954459000000355,200,100,0,0,100,3,0.5300000000000001,0.53,2,0.5300000000000001,1,100,100,0,0,1.0,0.0,0.0
c05_s01_cov050_seed00000007_bw010,5,1,0.5,0.1,7,X,Y,2,2,"C00,W",True,1,ok,local_up_fast,mpdag_criterion,True,"Conjecture 2 (hence Anti-Exchange Case B, verified not proved)",C00->Y C03->C04 W->Y X->C02 X->C03 X->Y C00-X,0.0001482920000004384,0.0,0.0001482920000004384,,17,0.004968292000000929,200,151,0,0,49,6,0.0,0.0,2,0.0,2,151,151,0,0,1.0,0.0,0.0
c05_s01_cov050_seed00000008_bw010,5,1,0.5,0.1,8,X,Y,2,2,"C00,W",True,1,ok,local_up_fast,mpdag_criterion,True,"Conjecture 2 (hence Anti-Exchange Case B, verified not proved)",C00->C03 C00->Y C02->C04 W->Y X->C02 X->Y C00-X,0.00014837500000020043,0.0,0.00014837500000020043,,15,0.004616582999998897,200,100,0,0,100,4,0.5099999999999999,0.51,2,0.7,2,100,100,0,0,1.0,0.0,0.0
c05_s01_cov050_seed00000009_bw010,5,1,0.5,0.1,9,X,Y,2,2,"C00,W",True,1,ok,local_up_fast,mpdag_criterion,True,"Conjecture 2 (hence Anti-Exchange Case B, verified not proved)",C00->C02 C00->Y C02->C03 C02->C04 W->Y X->Y C00-X C02-X,0.00016754199999979846,0.0,0.00016754199999979846,,55,0.020461375000000004,200,200,0,0,0,6,0.38499999999999995,0.55,2,0.3,3,200,200,0,0,1.0,0.0,0.0
c05_s01_cov050_seed00000010_bw010,5,1,0.5,0.1,10,X,Y,2,2,"C00,W",True,1,ok,local_up_fast,mpdag_criterion,True,"Conjecture 2 (hence Anti-Exchange Case B, verified not proved)",C00->C02 C00->Y C02->C03 C02->C04 W->Y X->Y C00-X C02-X,0.0003119160000011334,0.0,0.0003119160000011334,,55,0.019018250000000236,200,200,0,0,0,6,0.378,0.54,2,0.3,3,200,200,0,0,1.0,0.0,0.0
c05_s01_cov050_seed00000011_bw010,5,1,0.5,0.1,11,X,Y,2,2,"C00,W",True,1,ok,local_up_fast,mpdag_criterion,True,"Conjecture 2 (hence Anti-Exchange Case B, verified not proved)",C00->C02 C00->Y W->Y X->Y C00-C03 C00-C04 C00-X C02-C04,0.0001669999999993621,0.0,0.0001669999999993621,,55,0.018975041000000914,200,100,0,0,100,4,0.42000000000000004,0.42,2,0.8,2,100,100,0,0,1.0,0.0,0.0
c05_s01_cov050_seed00000012_bw010,5,1,0.5,0.1,12,X,Y,2,2,"C00,W",True,1,ok,local_up_fast,mpdag_criterion,True,"Conjecture 2 (hence Anti-Exchange Case B, verified not proved)",C00->C03 C00->Y W->Y X->C02 X->Y C00-C04 C00-X C03-X,0.00016458300000010695,0.0,0.00016458300000010695,,49,0.016716167000000226,200,200,0,0,0,6,0.3710000000000001,0.53,2,0.7,3,200,200,0,0,1.0,0.0,0.0
c05_s01_cov050_seed00000013_bw010,5,1,0.5,0.1,13,X,Y,2,2,"C00,W",True,1,ok,local_up_fast,mpdag_criterion,True,"Conjecture 2 (hence Anti-Exchange Case B, verified not proved)",C00->Y C02->C03 C02->C04 W->Y X->C02 X->Y C00-X C03-C04,0.00017454199999988873,0.0,0.00017454199999988873,,48,0.016624957999999523,200,153,0,0,47,7,0.0,0.0,2,0.0,2,153,153,0,0,1.0,0.0,0.0
c05_s01_cov050_seed00000014_bw010,5,1,0.5,0.1,14,X,Y,2,2,"C00,W",True,1,ok,local_up_fast,mpdag_criterion,True,"Conjecture 2 (hence Anti-Exchange Case B, verified not proved)",C00->C02 C00->Y C02->C03 W->Y X->C04 X->Y C00-X,0.00010237500000087607,0.0,0.00010237500000087607,,15,0.0040164170000007715,200,100,0,0,100,3,0.46999999999999986,0.47,2,0.46999999999999986,1,100,100,0,0,1.0,0.0,0.0
c05_s01_cov050_seed00000000_bw025,5,1,0.5,0.25,0,X,Y,3,2,"C00,W",True,1,ok,local_up_fast,mpdag_criterion,True,"Conjecture 2 (hence Anti-Exchange Case B, verified not proved)",C00->C02 C00->C04 C00->Y C03->C00 C03->X W->Y X->C02 X->Y C00-X,0.0006033339999991227,0.0,0.0006033339999991227,,86,0.046551916000000304,300,239,0,0,61,9,0.3782991202346041,0.9384164222873901,3,0.4,5,239,239,0,0,1.0,0.0,0.0
c05_s01_cov050_seed00000001_bw025,5,1,0.5,0.25,1,X,Y,2,2,"C00,W",True,1,ok,local_up_fast,mpdag_criterion,True,"Conjecture 2 (hence Anti-Exchange Case B, verified not proved)",C00->C02 C00->Y W->Y X->Y C00-C03 C00-X C03-C04 C03-X,0.0001494580000009904,0.0,0.0001494580000009904,,49,0.01962875000000075,200,100,0,0,100,4,0.46999999999999986,0.47,2,0.3,2,100,100,0,0,1.0,0.0,0.0
c05_s01_cov050_seed00000002_bw025,5,1,0.5,0.25,2,X,Y,2,2,"C00,W",True,1,ok,local_up_fast,mpdag_criterion,True,"Conjecture 2 (hence Anti-Exchange Case B, verified not proved)",C00->C02 C00->Y W->Y X->C04 X->Y C00-C03 C00-X C02-X,0.00017287499999874,0.0,0.00017287499999874,,49,0.01655866699999997,200,200,0,0,0,6,0.392,0.56,2,0.7,3,200,200,0,0,1.0,0.0,0.0
c05_s01_cov050_seed00000003_bw025,5,1,0.5,0.25,3,X,Y,3,2,"C00,W",True,2,ok,local_up_fast,mpdag_criterion,True,"Conjecture 2 (hence Anti-Exchange Case B, verified not proved)",C00->C02 C00->Y W->Y X->Y C00-C03 C00-C04 C00-X C02-X C03-C04,0.0004000829999988298,0.0,0.0004000829999988298,,154,0.08631862500000054,300,203,0,0,97,7,0.6354838709677418,1.4516129032258065,3,0.6806451612903224,3,203,203,0,0,1.0,0.0,0.0
c05_s01_cov050_seed00000004_bw025,5,1,0.5,0.25,4,X,Y,2,2,"C00,W",True,1,ok,local_up_fast,mpdag_criterion,True,"Conjecture 2 (hence Anti-Exchange Case B, verified not proved)",C00->Y C02->C03 C03->C04 W->Y X->C02 X->Y C00-X,0.0001184160000011758,0.0,0.0001184160000011758,,15,0.004267708000000425,200,160,0,0,40,7,0.0,0.0,2,0.0,2,160,160,0,0,1.0,0.0,0.0
c05_s01_cov050_seed00000005_bw025,5,1,0.5,0.25,5,X,Y,2,2,"C00,W",True,1,ok,local_up_fast,mpdag_criterion,True,"Conjecture 2 (hence Anti-Exchange Case B, verified not proved)",C00->Y C02->C03 W->Y X->C02 X->C04 X->Y C00-X C02-C04,0.00015812499999867669,0.0,0.00015812499999867669,,49,0.015531833000000717,200,154,0,0,46,8,0.0,0.0,2,0.0,2,154,154,0,0,1.0,0.0,0.0
c05_s01_cov050_seed00000006_bw025,5,1,0.5,0.25,6,X,Y,2,2,"C00,W",True,1,ok,local_up_fast,mpdag_criterion,True,"Conjecture 2 (hence Anti-Exchange Case B, verified not proved)",C00->C02 C00->Y C02->C04 W->Y X->C03 X->Y C00-X,0.00010870799999906922,0.0,0.00010870799999906922,,15,0.004120499999999083,200,100,0,0,100,3,0.5,0.5,2,0.5,1,100,100,0,0,1.0,0.0,0.0
c05_s01_cov050_seed00000007_bw025,5,1,0.5,0.25,7,X,Y,2,2,"C00,W",True,1,ok,local_up_fast,mpdag_criterion,True,"Conjecture 2 (hence Anti-Exchange Case B, verified not proved)",C00->Y C03->C04 W->Y X->C02 X->C03 X->Y C00-X,0.0001139580000000251,0.0,0.0001139580000000251,,17,0.004240000000001132,200,144,0,0,56,6,0.0,0.0,2,0.0,2,144,144,0,0,1.0,0.0,0.0
c05_s01_cov050_seed00000008_bw025,5,1,0.5,0.25,8,X,Y,2,2,"C00,W",True,1,ok,local_up_fast,mpdag_criterion,True,"Conjecture 2 (hence Anti-Exchange Case B, verified not proved)",C00->C03 C00->Y C02->C04 W->Y X->C02 X->Y C00-X,0.0001257079999987809,0.0,0.0001257079999987809,,15,0.004273333000000434,200,100,0,0,100,4,0.43000000000000005,0.43,2,0.7,2,100,100,0,0,1.0,0.0,0.0
c05_s01_cov050_seed00000009_bw025,5,1,0.5,0.25,9,X,Y,2,2,"C00,W",True,1,ok,local_up_fast,mpdag_criterion,True,"Conjecture 2 (hence Anti-Exchange Case B, verified not proved)",C00->C02 C00->Y C02->C03 C02->C04 W->Y X->Y C00-X C02-X,0.00017241599999984203,0.0,0.00017241599999984203,,55,0.018255749999999793,200,200,0,0,0,6,0.294,0.42,2,0.3,3,200,200,0,0,1.0,0.0,0.0
c05_s01_cov050_seed00000010_bw025,5,1,0.5,0.25,10,X,Y,2,2,"C00,W",True,1,ok,local_up_fast,mpdag_criterion,True,"Conjecture 2 (hence Anti-Exchange Case B, verified not proved)",C00->C02 C00->Y C02->C03 C02->C04 W->Y X->Y C00-X C02-X,0.0001638340000003069,0.0,0.0001638340000003069,,55,0.01903941600000003,200,200,0,0,0,6,0.35,0.5,2,0.3,3,200,200,0,0,1.0,0.0,0.0
c05_s01_cov050_seed00000011_bw025,5,1,0.5,0.25,11,X,Y,2,2,"C00,W",True,1,ok,local_up_fast,mpdag_criterion,True,"Conjecture 2 (hence Anti-Exchange Case B, verified not proved)",C00->C02 C00->Y W->Y X->Y C00-C03 C00-C04 C00-X C02-C04,0.0001434170000003121,0.0,0.0001434170000003121,,55,0.01918237499999975,200,100,0,0,100,4,0.5700000000000001,0.57,2,0.8,2,100,100,0,0,1.0,0.0,0.0
c05_s01_cov050_seed00000012_bw025,5,1,0.5,0.25,12,X,Y,2,2,"C00,W",True,1,ok,local_up_fast,mpdag_criterion,True,"Conjecture 2 (hence Anti-Exchange Case B, verified not proved)",C00->C03 C00->Y W->Y X->C02 X->Y C00-C04 C00-X C03-X,0.00018649999999986733,0.0,0.00018649999999986733,,49,0.015693833999998574,200,200,0,0,0,6,0.35699999999999993,0.51,2,0.7,3,200,200,0,0,1.0,0.0,0.0
c05_s01_cov050_seed00000013_bw025,5,1,0.5,0.25,13,X,Y,2,2,"C00,W",True,1,ok,local_up_fast,mpdag_criterion,True,"Conjecture 2 (hence Anti-Exchange Case B, verified not proved)",C00->Y C02->C03 C02->C04 W->Y X->C02 X->Y C00-X C03-C04,0.00014612500000055206,0.0,0.00014612500000055206,,48,0.015948917000001117,200,140,0,0,60,7,0.0,0.0,2,0.0,2,140,140,0,0,1.0,0.0,0.0
c05_s01_cov050_seed00000014_bw025,5,1,0.5,0.25,14,X,Y,2,2,"C00,W",True,1,ok,local_up_fast,mpdag_criterion,True,"Conjecture 2 (hence Anti-Exchange Case B, verified not proved)",C00->C02 C00->Y C02->C03 W->Y X->C04 X->Y C00-X,0.00012216600000058975,0.0,0.00012216600000058975,,15,0.004556791000000615,200,100,0,0,100,3,0.62,0.62,2,0.62,1,100,100,0,0,1.0,0.0,0.0
c05_s01_cov100_seed00000000_bw000,5,1,1.0,0.0,0,X,Y,6,2,"C00,W",True,1,ok,local_up_fast,mpdag_criterion,True,"Conjecture 2 (hence Anti-Exchange Case B, verified not proved)",C00->C02 C00->C03 C00->C04 C00->Y W->Y X->C02 X->C03 X->Y C00-X,0.0002535829999992245,0.0,0.0002535829999992245,,86,0.04663020799999984,600,122,0,0,478,6,0.3076048329779673,1.5380241648898365,6,0.616631130063966,3,122,122,0,0,1.0,0.0,0.0
c05_s01_cov100_seed00000001_bw000,5,1,1.0,0.0,1,X,Y,5,2,"C00,W",True,1,ok,local_up_fast,mpdag_criterion,True,"Conjecture 2 (hence Anti-Exchange Case B, verified not proved)",C00->C02 C00->C03 C00->Y C03->C04 W->Y X->C03 X->Y C00-X,0.00019329100000042843,0.0,0.00019329100000042843,,49,0.01643033300000063,500,133,0,0,367,8,0.46519841269841267,1.997420634920635,5,0.5429761904761905,4,133,133,0,0,1.0,0.0,0.0
c05_s01_cov100_seed00000002_bw000,5,1,1.0,0.0,2,X,Y,5,2,"C00,W",True,1,ok,local_up_fast,mpdag_criterion,True,"Conjecture 2 (hence Anti-Exchange Case B, verified not proved)",C00->C02 C00->C03 C00->Y W->Y X->C02 X->C04 X->Y C00-X,0.00019066599999995049,0.0,0.00019066599999995049,,49,0.016948166999998904,500,120,0,0,380,6,0.32595641646489104,1.2484261501210654,5,0.5270702179176755,3,120,120,0,0,1.0,0.0,0.0
c05_s01_cov100_seed00000003_bw000,5,1,1.0,0.0,3,X,Y,6,2,"C00,W",True,1,ok,local_up_fast,mpdag_criterion,True,"Conjecture 2 (hence Anti-Exchange Case B, verified not proved)",C00->C02 C00->C03 C00->C04 C00->Y C03->C04 W->Y X->C02 X->Y C00-X,0.0002570839999993524,0.0,0.0002570839999993524,,154,0.08850633299999977,600,174,0,0,426,8,0.5403647545974912,2.387748142735355,6,0.6144336865180855,4,174,174,0,0,1.0,0.0,0.0
c05_s01_cov100_seed00000004_bw000,5,1,1.0,0.0,4,X,Y,4,2,"C00,W",True,1,ok,local_up_fast,mpdag_criterion,True,"Conjecture 2 (hence Anti-Exchange Case B, verified not proved)",C00->Y C02->C03 C03->C04 W->Y X->C02 X->Y C00-X,0.0001404160000006982,0.0,0.0001404160000006982,,15,0.004442000000000945,400,180,0,0,220,8,0.0,0.0,4,0.0,4,180,180,0,0,1.0,0.0,0.0
c05_s01_cov100_seed00000005_bw000,5,1,1.0,0.0,5,X,Y,5,2,"C00,W",True,1,ok,local_up_fast,mpdag_criterion,True,"Conjecture 2 (hence Anti-Exchange Case B, verified not proved)",C00->Y C02->C03 C02->C04 W->Y X->C02 X->C04 X->Y C00-X,0.00019412499999837962,0.0,0.00019412499999837962,,49,0.016305583000001178,500,130,0,0,370,8,0.16595744680851063,0.5531914893617021,5,0.16595744680851063,4,130,130,0,0,1.0,0.0,0.0
c05_s01_cov100_seed00000006_bw000,5,1,1.0,0.0,6,X,Y,4,2,"C00,W",True,1,ok,local_up_fast,mpdag_criterion,True,"Conjecture 2 (hence Anti-Exchange Case B, verified not proved)",C00->C02 C00->Y C02->C04 W->Y X->C03 X->Y C00-X,0.0001461660000003917,0.0,0.0001461660000003917,,15,0.004192209000001057,400,77,0,0,323,4,0.43111111111111117,0.8444444444444444,4,0.4133333333333334,2,77,77,0,0,1.0,0.0,0.0
c05_s01_cov100_seed00000007_bw000,5,1,1.0,0.0,7,X,Y,4,2,"C00,W",True,1,ok,local_up_fast,mpdag_criterion,True,"Conjecture 2 (hence Anti-Exchange Case B, verified not proved)",C00->Y C03->C04 W->Y X->C02 X->C03 X->Y C00-X,0.00013475000000084947,0.0,0.00013475000000084947,,17,0.0043865839999988054,400,80,0,0,320,6,0.0,0.0,4,0.0,3,80,80,0,0,1.0,0.0,0.0
c05_s01_cov100_seed00000008_bw000,5,1,1.0,0.0,8,X,Y,4,2,"C00,W",True,1,ok,local_up_fast,mpdag_criterion,True,"Conjecture 2 (hence Anti-Exchange Case B, verified not proved)",C00->C03 C00->Y C02->C04 W->Y X->C02 X->Y C00-X,0.00011254099999824518,0.0,0.00011254099999824518,,15,0.0043057920000002525,400,89,0,0,311,6,0.14705882352941174,0.49019607843137253,4,0.24509803921568624,3,89,89,0,0,1.0,0.0,0.0
c05_s01_cov100_seed00000009_bw000,5,1,1.0,0.0,9,X,Y,5,2,"C00,W",True,1,ok,local_up_fast,mpdag_criterion,True,"Conjecture 2 (hence Anti-Exchange Case B, verified not proved)",C00->C02 C00->Y C02->C03 C02->C04 W->Y X->C02 X->Y C00-X,0.00031395800000133534,0.0,0.00031395800000133534,,55,0.02112345799999993,500,137,0,0,363,8,0.42227886056971514,1.8113943028485757,5,0.4744527736131934,4,137,137,0,0,1.0,0.0,0.0
c05_s01_cov100_seed00000010_bw000,5,1,1.0,0.0,10,X,Y,5,2,"C00,W",True,1,ok,local_up_fast,mpdag_criterion,True,"Conjecture 2 (hence Anti-Exchange Case B, verified not proved)",C00->C02 C00->Y C02->C03 C02->C04 W->Y X->C02 X->Y C00-X,0.00017354200000063713,0.0,0.00017354200000063713,,55,0.01737862500000098,500,126,0,0,374,8,0.378561403508772,1.6296491228070176,5,0.430561403508772,4,126,126,0,0,1.0,0.0,0.0
c05_s01_cov100_seed00000011_bw000,5,1,1.0,0.0,11,X,Y,5,2,"C00,W",True,1,ok,local_up_fast,mpdag_criterion,True,"Conjecture 2 (hence Anti-Exchange Case B, verified not proved)",C00->C02 C00->C03 C00->C04 C00->Y C02->C04 W->Y X->Y C00-X,0.00017316700000158392,0.0,0.00017316700000158392,,55,0.016953667000001005,500,119,0,0,381,6,0.874,2.4966666666666666,5,0.7983333333333333,3,119,119,0,0,1.0,0.0,0.0
c05_s01_cov100_seed00000012_bw000,5,1,1.0,0.0,12,X,Y,5,2,"C00,W",True,1,ok,local_up_fast,mpdag_criterion,True,"Conjecture 2 (hence Anti-Exchange Case B, verified not proved)",C00->C03 C00->C04 C00->Y W->Y X->C02 X->C03 X->Y C00-X,0.00018466699999919456,0.0,0.00018466699999919456,,49,0.015708208999999584,500,122,0,0,378,6,0.28153846153846157,1.0923076923076924,5,0.45384615384615384,3,122,122,0,0,1.0,0.0,0.0
c05_s01_cov100_seed00000013_bw000,5,1,1.0,0.0,13,X,Y,5,2,"C00,W",True,1,ok,local_up_fast,mpdag_criterion,True,"Conjecture 2 (hence Anti-Exchange Case B, verified not proved)",C00->Y C02->C03 C02->C04 C03->C04 W->Y X->C02 X->Y C00-X,0.00017599999999973193,0.0,0.00017599999999973193,,48,0.01589620800000091,500,230,0,0,270,10,0.13846153846153847,0.46153846153846156,5,0.13846153846153847,5,230,230,0,0,1.0,0.0,0.0
c05_s01_cov100_seed00000014_bw000,5,1,1.0,0.0,14,X,Y,4,2,"C00,W",True,1,ok,local_up_fast,mpdag_criterion,True,"Conjecture 2 (hence Anti-Exchange Case B, verified not proved)",C00->C02 C00->Y C02->C03 W->Y X->C04 X->Y C00-X,0.00011158300000069232,0.0,0.00011158300000069232,,15,0.004171582999999757,400,82,0,0,318,4,0.40680851063829787,0.860790273556231,4,0.4539817629179332,2,82,82,0,0,1.0,0.0,0.0
c05_s01_cov100_seed00000001_bw010,5,1,1.0,0.1,1,X,Y,5,2,"C00,W",True,1,ok,local_up_fast,mpdag_criterion,True,"Conjecture 2 (hence Anti-Exchange Case B, verified not proved)",C00->C02 C00->C03 C00->Y C03->C04 W->Y X->C03 X->Y C00-X,0.00016983300000106283,0.0,0.00016983300000106283,,49,0.014777540999999061,500,125,0,0,375,8,0.3883933676386506,1.668381932532876,5,0.45506003430531716,4,125,125,0,0,1.0,0.0,0.0
c05_s01_cov100_seed00000002_bw010,5,1,1.0,0.1,2,X,Y,5,2,"C00,W",True,1,ok,local_up_fast,mpdag_criterion,True,"Conjecture 2 (hence Anti-Exchange Case B, verified not proved)",C00->C02 C00->C03 C00->Y W->Y X->C02 X->C04 X->Y C00-X,0.00014795799999944848,0.0,0.00014795799999944848,,49,0.015076667000000654,500,111,0,0,389,6,0.288997668997669,1.1086247086247085,5,0.46713286713286717,3,111,111,0,0,1.0,0.0,0.0
c05_s01_cov100_seed00000003_bw010,5,1,1.0,0.1,3,X,Y,6,2,"C00,W",True,2,ok,local_up_fast,mpdag_criterion,True,"Conjecture 2 (hence Anti-Exchange Case B, verified not proved)",C00->C02 C00->C04 C00->Y C03->C04 W->Y X->C02 X->Y C00-C03 C00-X,0.0005962499999991877,0.0,0.0005962499999991877,,154,0.08456649999999932,600,146,0,0,454,10,0.5539958592132505,3.153312629399586,6,0.7306625258799171,5,146,146,0,0,1.0,0.0,0.0
c05_s01_cov100_seed00000004_bw010,5,1,1.0,0.1,4,X,Y,4,2,"C00,W",True,1,ok,local_up_fast,mpdag_criterion,True,"Conjecture 2 (hence Anti-Exchange Case B, verified not proved)",C00->Y C02->C03 C03->C04 W->Y X->C02 X->Y C00-X,0.00011370900000073902,0.0,0.00011370900000073902,,15,0.004097583000000071,400,169,0,0,231,8,0.0,0.0,4,0.0,4,169,169,0,0,1.0,0.0,0.0
c05_s01_cov100_seed00000005_bw010,5,1,1.0,0.1,5,X,Y,5,2,"C00,W",True,1,ok,local_up_fast,mpdag_criterion,True,"Conjecture 2 (hence Anti-Exchange Case B, verified not proved)",C00->Y C02->C03 C02->C04 W->Y X->C02 X->C04 X->Y C00-X,0.0001762080000009547,0.0,0.0001762080000009547,,49,0.015633334000000332,500,128,0,0,372,8,0.17272727272727276,0.5757575757575758,5,0.17272727272727276,4,128,128,0,0,1.0,0.0,0.0
c05_s01_cov100_seed00000006_bw010,5,1,1.0,0.1,6,X,Y,4,2,"C00,W",True,1,ok,local_up_fast,mpdag_criterion,True,"Conjecture 2 (hence Anti-Exchange Case B, verified not proved)",C00->C02 C00->Y C02->C04 W->Y X->C03 X->Y C00-X,0.00014162499999947897,0.0,0.00014162499999947897,,15,0.004052666999999843,400,92,0,0,308,4,0.48250000000000004,0.975,4,0.4925,2,92,92,0,0,1.0,0.0,0.0
c05_s01_cov100_seed00000007_bw010,5,1,1.0,0.1,7,X,Y,4,2,"C00,W",True,1,ok,local_up_fast,mpdag_criterion,True,"Conjecture 2 (hence Anti-Exchange Case B, verified not proved)",C00->Y C03->C04 W->Y X->C02 X->C03 X->Y C00-X,0.00013670900000128938,0.0,0.00013670900000128938,,17,0.0043933749999993665,400,81,0,0,319,6,0.0,0.0,4,0.0,3,81,81,0,0,1.0,0.0,0.0
c05_s01_cov100_seed00000008_bw010,5,1,1.0,0.1,8,X,Y,4,2,"C00,W",True,1,ok,local_up_fast,mpdag_criterion,True,"Conjecture 2 (hence Anti-Exchange Case B, verified not proved)",C00->C03 C00->Y C02->C04 W->Y X->C02 X->Y C00-X,0.00011637499999928025,0.0,0.00011637499999928025,,15,0.003959415999998939,400,87,0,0,313,6,0.17307692307692307,0.5769230769230769,4,0.28846153846153844,3,87,87,0,0,1.0,0.0,0.0
c05_s01_cov100_seed00000009_bw010,5,1,1.0,0.1,9,X,Y,5,2,"C00,W",True,1,ok,local_up_fast,mpdag_criterion,True,"Conjecture 2 (hence Anti-Exchange Case B, verified not proved)",C00->C02 C00->Y C02->C03 C02->C04 W->Y X->C02 X->Y C00-X,0.00016287500000089494,0.0,0.00016287500000089494,,55,0.01895166600000131,500,131,0,0,369,8,0.3907470288624787,1.7037351443123936,5,0.4433786078098471,4,131,131,0,0,1.0,0.0,0.0
c05_s01_cov100_seed00000010_bw010,5,1,1.0,0.1,10,X,Y,5,2,"C00,W",True,1,ok,local_up_fast,mpdag_criterion,True,"Conjecture 2 (hence Anti-Exchange Case B, verified not proved)",C00->C02 C00->Y C02->C03 C02->C04 W->Y X->C02 X->Y C00-X,0.00016024999999864065,0.0,0.00016024999999864065,,55,0.017689125000000416,500,137,0,0,363,8,0.4028309409888357,1.775518341307815,5,0.4694976076555024,4,137,137,0,0,1.0,0.0,0.0
c05_s01_cov100_seed00000011_bw010,5,1,1.0,0.1,11,X,Y,5,2,"C00,W",True,1,ok,local_up_fast,mpdag_criterion,True,"Conjecture 2 (hence Anti-Exchange Case B, verified not proved)",C00->C02 C00->C03 C00->C04 C00->Y C02->C04 W->Y X->Y C00-X,0.00014825000000051602,0.0,0.00014825000000051602,,55,0.017899207999999334,500,126,0,0,374,6,0.873076923076923,2.4935897435897436,5,0.7967948717948719,3,126,126,0,0,1.0,0.0,0.0
c05_s01_cov100_seed00000012_bw010,5,1,1.0,0.1,12,X,Y,5,2,"C00,W",True,1,ok,local_up_fast,mpdag_criterion,True,"Conjecture 2 (hence Anti-Exchange Case B, verified not proved)",C00->C03 C00->C04 C00->Y W->Y X->C02 X->C03 X->Y C00-X,0.0001482920000004384,0.0,0.0001482920000004384,,49,0.015353624999999482,500,131,0,0,369,6,0.30367965367965366,1.1471861471861473,5,0.4926406926406927,3,131,131,0,0,1.0,0.0,0.0
c05_s01_cov100_seed00000013_bw010,5,1,1.0,0.1,13,X,Y,5,2,"C00,W",True,1,ok,local_up_fast,mpdag_criterion,True,"Conjecture 2 (hence Anti-Exchange Case B, verified not proved)",C00->Y C02->C03 C02->C04 C03->C04 W->Y X->C02 X->Y C00-X,0.00016633399999932408,0.0,0.00016633399999932408,,48,0.01584833300000099,500,211,0,0,289,10,0.17272727272727276,0.5757575757575758,5,0.17272727272727276,5,211,211,0,0,1.0,0.0,0.0
c05_s01_cov100_seed00000014_bw010,5,1,1.0,0.1,14,X,Y,4,2,"C00,W",True,1,ok,local_up_fast,mpdag_criterion,True,"Conjecture 2 (hence Anti-Exchange Case B, verified not proved)",C00->C02 C00->Y C02->C03 W->Y X->C04 X->Y C00-X,0.00012133299999916858,0.0,0.00012133299999916858,,15,0.006120707999999198,400,88,0,0,312,4,0.5331084587441619,1.0290607161390763,4,0.4959522573949144,2,88,88,0,0,1.0,0.0,0.0
c05_s01_cov100_seed00000015_bw010,5,1,1.0,0.1,15,X,Y,4,2,"C00,W",True,1,ok,local_up_fast,mpdag_criterion,True,"Conjecture 2 (hence Anti-Exchange Case B, verified not proved)",C00->C04 C00->Y C02->C03 W->Y X->C02 X->Y C00-X,0.00022700000000064335,0.0,0.00022700000000064335,,15,0.007654375000001323,400,96,0,0,304,6,0.13448275862068965,0.4482758620689655,4,0.22413793103448273,3,96,96,0,0,1.0,0.0,0.0
c05_s01_cov100_seed00000007_bw025,5,1,1.0,0.25,7,X,Y,4,1,W,True,1,ok,local_up_fast,mpdag_criterion,True,"Conjecture 2 (hence Anti-Exchange Case B, verified not proved)",C00->Y C03->C04 W->Y X->C02 X->C03 X->Y C00-X,0.0001911659999986881,0.0,0.0001911659999986881,,17,0.004859790999999447,400,99,0,0,301,4,0.9103896103896105,1.7012987012987013,4,0.7909090909090909,2,99,99,0,0,1.0,0.0,0.0
c05_s01_cov100_seed00000008_bw025,5,1,1.0,0.25,8,X,Y,4,2,"C00,W",True,2,ok,local_up_fast,mpdag_criterion,True,"Conjecture 2 (hence Anti-Exchange Case B, verified not proved)",C00->Y C02->C04 W->Y X->C02 X->Y C00-C03 C00-X,0.00024266700000019625,0.0,0.00024266700000019625,,15,0.004573374999999658,400,169,0,0,231,8,0.3,1.0,4,0.3,4,169,169,0,0,1.0,0.0,0.0
c05_s01_cov100_seed00000011_bw025,5,1,1.0,0.25,11,X,Y,5,2,"C00,W",True,1,ok,local_up_fast,mpdag_criterion,True,"Conjecture 2 (hence Anti-Exchange Case B, verified not proved)",C00->C02 C00->C03 C00->C04 C00->Y C04->C02 W->Y X->Y C00-X,0.0001867500000010125,0.0,0.0001867500000010125,,55,0.017744957999999755,500,126,0,0,374,6,0.9147184822521421,2.6459608323133414,5,0.8648408812729496,3,126,126,0,0,1.0,0.0,0.0
c05_s01_cov100_seed00000012_bw025,5,1,1.0,0.25,12,X,Y,5,1,W,True,1,ok,local_up_fast,mpdag_criterion,True,"Conjecture 2 (hence Anti-Exchange Case B, verified not proved)",C00->C03 C00->C04 C00->Y W->Y X->C02 X->C03 X->Y C00-X,0.00019070900000173197,0.0,0.00019070900000173197,,49,0.016628708000000714,500,136,0,0,364,6,0.2765331664580726,0.9856070087609512,5,0.45450563204005007,3,136,136,0,0,1.0,0.0,0.0
c05_s01_cov100_seed00000014_bw025,5,1,1.0,0.25,14,X,Y,4,1,W,True,1,ok,local_up_fast,mpdag_criterion,True,"Conjecture 2 (hence Anti-Exchange Case B, verified not proved)",C00->C02 C00->Y C02->C03 W->Y X->C04 X->Y C00-X,0.00016450000000034493,0.0,0.00016450000000034493,,15,0.0043439999999996814,400,75,0,0,325,6,0.14666666666666667,0.4888888888888889,4,0.2444444444444444,3,75,75,0,0,1.0,0.0,0.0
c05_s01_cov100_seed00000019_bw025,5,1,1.0,0.25,19,X,Y,5,2,"C00,W",True,1,ok,local_up_fast,mpdag_criterion,True,"Conjecture 2 (hence Anti-Exchange Case B, verified not proved)",C00->C04 C00->Y C03->C02 W->Y X->C02 X->C03 X->Y C00-X,0.00018216700000017738,0.0,0.00018216700000017738,,48,0.02069037499999915,500,134,0,0,366,8,0.2716024340770792,1.013184584178499,5,0.30395537525354976,4,134,134,0,0,1.0,0.0,0.0
c05_s01_cov100_seed00000020_bw025,5,1,1.0,0.25,20,X,Y,5,1,W,True,1,ok,local_up_fast,mpdag_criterion,True,"Conjecture 2 (hence Anti-Exchange Case B, verified not proved)",C00->C03 C00->C04 C00->Y W->Y X->C02 X->C03 X->Y C00-X,0.0001560830000002511,0.0,0.0001560830000002511,,49,0.015845708000000513,500,122,0,0,378,6,0.26060855263157895,0.9827302631578947,5,0.4229440789473684,3,122,122,0,0,1.0,0.0,0.0
c05_s01_cov100_seed00000024_bw025,5,1,1.0,0.25,24,X,Y,4,2,"C00,W",True,2,ok,local_up_fast,mpdag_criterion,True,"Conjecture 2 (hence Anti-Exchange Case B, verified not proved)",C00->C02 C00->C04 C00->Y W->Y X->Y C00-C03 C00-X,0.00022679199999942057,0.0,0.00022679199999942057,,20,0.005341249999998965,400,73,0,0,327,4,0.8472727272727274,1.7818181818181817,4,0.9345454545454546,2,73,73,0,0,1.0,0.0,0.0
c05_s01_cov100_seed00000027_bw025,5,1,1.0,0.25,27,X,Y,5,2,"C00,W",True,1,ok,local_up_fast,mpdag_criterion,True,"Conjecture 2 (hence Anti-Exchange Case B, verified not proved)",C00->C02 C00->C03 C00->Y C02->C04 C03->C02 W->Y X->Y C00-X,0.00016337499999963256,0.0,0.00016337499999963256,,49,0.01900966700000062,500,133,0,0,367,8,0.8720180893159977,3.4584511023176936,5,0.8375353306953081,4,133,133,0,0,1.0,0.0,0.0
c05_s01_cov100_seed00000028_bw025,5,1,1.0,0.25,28,X,Y,5,1,W,True,1,ok,local_up_fast,mpdag_criterion,True,"Conjecture 2 (hence Anti-Exchange Case B, verified not proved)",C00->Y C02->C03 C02->C04 C03->C04 W->Y X->C02 X->Y C00-X,0.00018095799999962026,0.0,0.00018095799999962026,,48,0.01732229199999935,500,135,0,0,365,8,0.8600492610837438,3.4645320197044334,5,0.83935960591133,4,135,135,0,0,1.0,0.0,0.0
c05_s01_cov100_seed00000035_bw025,5,1,1.0,0.25,35,X,Y,5,2,"C00,W",True,2,ok,local_up_fast,mpdag_criterion,True,"Conjecture 2 (hence Anti-Exchange Case B, verified not proved)",C00->C04 C00->Y C02->C04 W->Y X->C03 X->Y C00-C02 C00-X,0.00033854099999963694,0.0,0.00033854099999963694,,48,0.019596625000000145,500,119,0,0,381,8,0.5378033205619411,2.1890166028097062,5,0.6118773946360152,4,119,119,0,0,1.0,0.0,0.0
c05_s01_cov100_seed00000036_bw025,5,1,1.0,0.25,36,X,Y,4,1,W,True,1,ok,local_up_fast,mpdag_criterion,True,"Conjecture 2 (hence Anti-Exchange Case B, verified not proved)",C00->C02 C00->C03 C00->Y C03->C04 W->Y X->Y C00-X,0.00014550000000035368,0.0,0.00014550000000035368,,17,0.004904583000000073,400,72,0,0,328,6,0.0,0.0,4,0.0,3,72,72,0,0,1.0,0.0,0.0
c05_s01_cov100_seed00000038_bw025,5,1,1.0,0.25,38,X,Y,5,2,"C00,W",True,2,ok,local_up_fast,mpdag_criterion,True,"Conjecture 2 (hence Anti-Exchange Case B, verified not proved)",C00->C02 C00->Y W->Y X->C03 X->C04 X->Y C00-X C02-X,0.00034466600000016,0.0,0.00034466600000016,,55,0.022719500000000892,500,134,0,0,366,8,0.3,1.0,5,0.3,4,134,134,0,0,1.0,0.0,0.0
c05_s01_cov100_seed00000039_bw025,5,1,1.0,0.25,39,X,Y,5,2,"C00,W",True,2,ok,local_up_fast,mpdag_criterion,True,"Conjecture 2 (hence Anti-Exchange Case B, verified not proved)",C00->C03 C00->Y W->Y X->C02 X->C04 X->Y C00-X C03-X,0.0003368750000003473,0.0,0.0003368750000003473,,55,0.024714874999999026,500,137,0,0,363,8,0.3,1.0,5,0.3,4,137,137,0,0,1.0,0.0,0.0
c05_s01_cov100_seed00000041_bw025,5,1,1.0,0.25,41,X,Y,5,1,W,True,1,ok,local_up_fast,mpdag_criterion,True,"Conjecture 2 (hence Anti-Exchange Case B, verified not proved)",C00->Y C02->C03 W->Y X->C02 X->C03 X->C04 X->Y C00-X,0.0002693330000003158,0.0,0.0002693330000003158,,55,0.022825291000000192,500,121,0,0,379,6,0.8739938080495356,2.501547987616099,5,0.7978328173374613,3,121,121,0,0,1.0,0.0,0.0
c05_s03_cov050_seed00000000_bw000,5,3,0.5,0.0,0,X,Y,2,2,"C00,W",True,2,ok,local_up_fast,mpdag_criterion,True,"Conjecture 2 (hence Anti-Exchange Case B, verified not proved)",C00->Y C02->C04 W->Y X->Y C00-C01 C01-C02 C02-X C04-X,0.0004385409999994039,0.0,0.0004385409999994039,,48,0.01977637499999929,200,144,0,0,56,6,0.7,1.0,2,0.8,2,144,144,0,0,1.0,0.0,0.0
c05_s03_cov050_seed00000001_bw000,5,3,0.5,0.0,1,X,Y,2,2,"C00,W",True,2,ok,local_up_fast,mpdag_criterion,True,"Conjecture 2 (hence Anti-Exchange Case B, verified not proved)",C00->Y W->Y X->Y C00-C01 C01-C02 C01-C04 C02-X,0.0002251250000000482,0.0,0.0002251250000000482,,17,0.005123124999999007,200,153,0,0,47,6,0.7,1.0,2,0.8,2,153,153,0,0,1.0,0.0,0.0
c05_s03_cov050_seed00000002_bw000,5,3,0.5,0.0,2,X,Y,2,2,"C00,W",True,2,ok,local_up_fast,mpdag_criterion,True,"Conjecture 2 (hence Anti-Exchange Case B, verified not proved)",C00->Y C02->C04 W->Y X->Y C00-C01 C01-C02 C02-X C04-X,0.00028291600000152073,0.0,0.00028291600000152073,,48,0.016654000000000835,200,146,0,0,54,6,0.7,1.0,2,0.8,2,146,146,0,0,1.0,0.0,0.0
c05_s03_cov050_seed00000003_bw000,5,3,0.5,0.0,3,X,Y,2,2,"C00,W",True,2,ok,local_up_fast,mpdag_criterion,True,"Conjecture 2 (hence Anti-Exchange Case B, verified not proved)",C00->Y C02->C04 W->Y X->Y C00-C01 C01-C02 C02-X C04-X,0.000365374999999446,0.0,0.000365374999999446,,48,0.017539249999998674,200,152,0,0,48,6,0.7,1.0,2,0.8,2,152,152,0,0,1.0,0.0,0.0
c05_s03_cov050_seed00000004_bw000,5,3,0.5,0.0,4,X,Y,2,2,"C00,W",True,2,ok,local_up_fast,mpdag_criterion,True,"Conjecture 2 (hence Anti-Exchange Case B, verified not proved)",C00->Y C02->C04 W->Y X->Y C00-C01 C01-C02 C02-X,0.0003022919999988716,0.0,0.0003022919999988716,,17,0.0059623339999994585,200,152,0,0,48,5,0.7,1.0,2,0.9,2,152,152,0,0,1.0,0.0,0.0
c05_s03_cov050_seed00000005_bw000,5,3,0.5,0.0,5,X,Y,2,2,"C00,W",True,2,ok,local_up_fast,mpdag_criterion,True,"Conjecture 2 (hence Anti-Exchange Case B, verified not proved)",C00->Y C02->C04 W->Y X->Y C00-C01 C01-C02 C02-X,0.00025499999999922807,0.0,0.00025499999999922807,,17,0.005151458999998582,200,147,0,0,53,5,0.7,1.0,2,0.9,2,147,147,0,0,1.0,0.0,0.0
c05_s03_cov050_seed00000006_bw000,5,3,0.5,0.0,6,X,Y,2,2,"C00,W",True,2,ok,local_up_fast,mpdag_criterion,True,"Conjecture 2 (hence Anti-Exchange Case B, verified not proved)",C00->Y W->Y X->Y C00-C01 C01-C02 C01-C04 C02-X,0.0001767919999995371,0.0,0.0001767919999995371,,17,0.00487383299999955,200,146,0,0,54,6,0.7,1.0,2,0.8,2,146,146,0,0,1.0,0.0,0.0
c05_s03_cov050_seed00000007_bw000,5,3,0.5,0.0,7,X,Y,2,2,"C00,W",True,2,ok,local_up_fast,mpdag_criterion,True,"Conjecture 2 (hence Anti-Exchange Case B, verified not proved)",C00->Y W->Y X->C04 X->Y C00-C01 C01-C02 C02-X,0.0005593329999999952,0.0,0.0005593329999999952,,15,0.006007874999999885,200,151,0,0,49,6,0.7,1.0,2,0.7,2,151,151,0,0,1.0,0.0,0.0
c05_s03_cov050_seed00000008_bw000,5,3,0.5,0.0,8,X,Y,2,2,"C00,W",True,2,ok,local_up_fast,mpdag_criterion,True,"Conjecture 2 (hence Anti-Exchange Case B, verified not proved)",C00->Y C02->C04 W->Y X->Y C00-C01 C01-C02 C02-X,0.00026816599999968105,0.0,0.00026816599999968105,,17,0.004838459000000128,200,148,0,0,52,5,0.7,1.0,2,0.9,2,148,148,0,0,1.0,0.0,0.0
c05_s03_cov050_seed00000009_bw000,5,3,0.5,0.0,9,X,Y,2,2,"C00,W",True,2,ok,local_up_fast,mpdag_criterion,True,"Conjecture 2 (hence Anti-Exchange Case B, verified not proved)",C00->Y W->Y X->Y C00-C01 C01-C02 C01-C04 C02-C04 C02-X,0.0002820420000002599,0.0,0.0002820420000002599,,49,0.021656458999999018,200,156,0,0,44,6,0.7,1.0,2,0.7,2,156,156,0,0,1.0,0.0,0.0
c05_s03_cov050_seed00000010_bw000,5,3,0.5,0.0,10,X,Y,2,2,"C00,W",True,2,ok,local_up_fast,mpdag_criterion,True,"Conjecture 2 (hence Anti-Exchange Case B, verified not proved)",C00->Y C02->C04 W->Y X->Y C00-C01 C01-C02 C02-X C04-X,0.0003386249999994817,0.0,0.0003386249999994817,,48,0.01934266700000009,200,154,0,0,46,6,0.7,1.0,2,0.8,2,154,154,0,0,1.0,0.0,0.0
c05_s03_cov050_seed00000011_bw000,5,3,0.5,0.0,11,X,Y,2,2,"C00,W",True,2,ok,local_up_fast,mpdag_criterion,True,"Conjecture 2 (hence Anti-Exchange Case B, verified not proved)",C00->Y W->Y X->Y C00-C01 C00-C04 C01-C02 C02-X,0.0003718329999990999,0.0,0.0003718329999990999,,15,0.005510458999999912,200,146,0,0,54,6,0.7,1.0,2,0.8,2,146,146,0,0,1.0,0.0,0.0
c05_s03_cov050_seed00000012_bw000,5,3,0.5,0.0,12,X,Y,2,2,"C00,W",True,2,ok,local_up_fast,mpdag_criterion,True,"Conjecture 2 (hence Anti-Exchange Case B, verified not proved)",C00->Y C02->C04 W->Y X->Y C00-C01 C01-C02 C02-X,0.00019529200000079072,0.0,0.00019529200000079072,,17,0.004564499999998972,200,140,0,0,60,5,0.7,1.0,2,0.9,2,140,140,0,0,1.0,0.0,0.0
c05_s03_cov050_seed00000013_bw000,5,3,0.5,0.0,13,X,Y,2,2,"C00,W",True,2,ok,local_up_fast,mpdag_criterion,True,"Conjecture 2 (hence Anti-Exchange Case B, verified not proved)",C00->Y W->Y X->C04 X->Y C00-C01 C01-C02 C02-X,0.00021708300000078395,0.0,0.00021708300000078395,,15,0.00447270799999977,200,157,0,0,43,6,0.7,1.0,2,0.7,2,157,157,0,0,1.0,0.0,0.0
c05_s03_cov050_seed00000014_bw000,5,3,0.5,0.0,14,X,Y,2,2,"C00,W",True,2,ok,local_up_fast,mpdag_criterion,True,"Conjecture 2 (hence Anti-Exchange Case B, verified not proved)",C00->Y W->Y X->Y C00-C01 C00-C04 C01-C02 C02-X,0.0001722080000003956,0.0,0.0001722080000003956,,15,0.004711165999999878,200,148,0,0,52,6,0.7,1.0,2,0.8,2,148,148,0,0,1.0,0.0,0.0
c05_s03_cov050_seed00000000_bw010,5,3,0.5,0.1,0,X,Y,2,2,"C00,W",True,2,ok,local_up_fast,mpdag_criterion,True,"Conjecture 2 (hence Anti-Exchange Case B, verified not proved)",C00->Y C02->C04 W->Y X->Y C00-C01 C01-C02 C02-X C04-X,0.00028104199999923196,0.0,0.00028104199999923196,,48,0.018862625000000577,200,150,0,0,50,6,0.7,1.0,2,0.8,2,150,150,0,0,1.0,0.0,0.0
c05_s03_cov050_seed00000001_bw010,5,3,0.5,0.1,1,X,Y,2,2,"C00,W",True,2,ok,local_up_fast,mpdag_criterion,True,"Conjecture 2 (hence Anti-Exchange Case B, verified not proved)",C00->Y W->Y X->Y C00-C01 C01-C02 C01-C04 C02-X,0.00019504199999964555,0.0,0.00019504199999964555,,17,0.004895541999999864,200,150,0,0,50,6,0.7,1.0,2,0.8,2,150,150,0,0,1.0,0.0,0.0
c05_s03_cov050_seed00000002_bw010,5,3,0.5,0.1,2,X,Y,2,2,"C00,W",True,2,ok,local_up_fast,mpdag_criterion,True,"Conjecture 2 (hence Anti-Exchange Case B, verified not proved)",C00->Y C02->C04 W->Y X->Y C00-C01 C01-C02 C02-X C04-X,0.0002536669999990693,0.0,0.0002536669999990693,,48,0.016588583000000767,200,151,0,0,49,6,0.7,1.0,2,0.8,2,151,151,0,0,1.0,0.0,0.0
c05_s03_cov050_seed00000003_bw010,5,3,0.5,0.1,3,X,Y,2,2,"C00,W",True,2,ok,local_up_fast,mpdag_criterion,True,"Conjecture 2 (hence Anti-Exchange Case B, verified not proved)",C00->Y C02->C04 W->Y X->Y C00-C01 C01-C02 C02-X C04-X,0.0002912080000001538,0.0,0.0002912080000001538,,48,0.017784499999999426,200,142,0,0,58,6,0.7,1.0,2,0.8,2,142,142,0,0,1.0,0.0,0.0
c05_s03_cov050_seed00000004_bw010,5,3,0.5,0.1,4,X,Y,2,2,"C00,W",True,2,ok,local_up_fast,mpdag_criterion,True,"Conjecture 2 (hence Anti-Exchange Case B, verified not proved)",C00->Y C02->C04 W->Y X->Y C00-C01 C01-C02 C02-X,0.00019845899999992866,0.0,0.00019845899999992866,,17,0.004527166000000804,200,157,0,0,43,5,0.7,1.0,2,0.9,2,157,157,0,0,1.0,0.0,0.0
c05_s03_cov050_seed00000005_bw010,5,3,0.5,0.1,5,X,Y,2,2,"C00,W",True,2,ok,local_up_fast,mpdag_criterion,True,"Conjecture 2 (hence Anti-Exchange Case B, verified not proved)",C00->Y C02->C04 W->Y X->Y C00-C01 C01-C02 C02-X,0.00020829099999986056,0.0,0.00020829099999986056,,17,0.0049320419999983045,200,148,0,0,52,5,0.7,1.0,2,0.9,2,148,148,0,0,1.0,0.0,0.0
c05_s03_cov050_seed00000006_bw010,5,3,0.5,0.1,6,X,Y,2,2,"C00,W",True,2,ok,local_up_fast,mpdag_criterion,True,"Conjecture 2 (hence Anti-Exchange Case B, verified not proved)",C00->Y W->Y X->Y C00-C01 C01-C02 C01-C04 C02-X,0.00019058300000018846,0.0,0.00019058300000018846,,17,0.004844374999999346,200,149,0,0,51,6,0.7,1.0,2,0.8,2,149,149,0,0,1.0,0.0,0.0
c05_s03_cov050_seed00000007_bw010,5,3,0.5,0.1,7,X,Y,2,2,"C00,W",True,2,ok,local_up_fast,mpdag_criterion,True,"Conjecture 2 (hence Anti-Exchange Case B, verified not proved)",C00->Y W->Y X->C04 X->Y C00-C01 C01-C02 C02-X,0.00020762499999982253,0.0,0.00020762499999982253,,15,0.0043467909999996834,200,154,0,0,46,6,0.7,1.0,2,0.7,2,154,154,0,0,1.0,0.0,0.0
c05_s03_cov050_seed00000008_bw010,5,3,0.5,0.1,8,X,Y,2,2,"C00,W",True,2,ok,local_up_fast,mpdag_criterion,True,"Conjecture 2 (hence Anti-Exchange Case B, verified not proved)",C00->Y C02->C04 W->Y X->Y C00-C01 C01-C02 C02-X,0.0001817080000012794,0.0,0.0001817080000012794,,17,0.0042991669999992155,200,158,0,0,42,5,0.7,1.0,2,0.9,2,158,158,0,0,1.0,0.0,0.0
c05_s03_cov050_seed00000009_bw010,5,3,0.5,0.1,9,X,Y,2,2,"C00,W",True,2,ok,local_up_fast,mpdag_criterion,True,"Conjecture 2 (hence Anti-Exchange Case B, verified not proved)",C00->Y W->Y X->Y C00-C01 C01-C02 C01-C04 C02-C04 C02-X,0.0002267079999995758,0.0,0.0002267079999995758,,49,0.015418708000000336,200,145,0,0,55,6,0.7,1.0,2,0.7,2,145,145,0,0,1.0,0.0,0.0
c05_s03_cov050_seed00000010_bw010,5,3,0.5,0.1,10,X,Y,2,2,"C00,W",True,2,ok,local_up_fast,mpdag_criterion,True,"Conjecture 2 (hence Anti-Exchange Case B, verified not proved)",C00->Y C02->C04 W->Y X->Y C00-C01 C01-C02 C02-X C04-X,0.0002770840000003716,0.0,0.0002770840000003716,,48,0.016296999999999784,200,139,0,0,61,6,0.7,1.0,2,0.8,2,139,139,0,0,1.0,0.0,0.0
c05_s03_cov050_seed00000011_bw010,5,3,0.5,0.1,11,X,Y,2,2,"C00,W",True,2,ok,local_up_fast,mpdag_criterion,True,"Conjecture 2 (hence Anti-Exchange Case B, verified not proved)",C00->Y W->Y X->Y C00-C01 C00-C04 C01-C02 C02-X,0.00016641600000077972,0.0,0.00016641600000077972,,15,0.004469165999999802,200,146,0,0,54,6,0.7,1.0,2,0.8,2,146,146,0,0,1.0,0.0,0.0
c05_s03_cov050_seed00000012_bw010,5,3,0.5,0.1,12,X,Y,2,2,"C00,W",True,2,ok,local_up_fast,mpdag_criterion,True,"Conjecture 2 (hence Anti-Exchange Case B, verified not proved)",C00->Y C02->C04 W->Y X->Y C00-C01 C01-C02 C02-X,0.00017962499999946147,0.0,0.00017962499999946147,,17,0.004223167000001027,200,160,0,0,40,5,0.7,1.0,2,0.9,2,160,160,0,0,1.0,0.0,0.0
c05_s03_cov050_seed00000013_bw010,5,3,0.5,0.1,13,X,Y,2,2,"C00,W",True,2,ok,local_up_fast,mpdag_criterion,True,"Conjecture 2 (hence Anti-Exchange Case B, verified not proved)",C00->Y W->Y X->C04 X->Y C00-C01 C01-C02 C02-X,0.00020945900000057804,0.0,0.00020945900000057804,,15,0.004230541000000088,200,154,0,0,46,6,0.7,1.0,2,0.7,2,154,154,0,0,1.0,0.0,0.0
c05_s03_cov050_seed00000014_bw010,5,3,0.5,0.1,14,X,Y,2,2,"C00,W",True,2,ok,local_up_fast,mpdag_criterion,True,"Conjecture 2 (hence Anti-Exchange Case B, verified not proved)",C00->Y W->Y X->Y C00-C01 C00-C04 C01-C02 C02-X,0.0001829999999998222,0.0,0.0001829999999998222,,15,0.004369000000000511,200,150,0,0,50,6,0.7,1.0,2,0.8,2,150,150,0,0,1.0,0.0,0.0
c05_s03_cov050_seed00000000_bw025,5,3,0.5,0.25,0,X,Y,2,2,"C00,W",True,2,ok,local_up_fast,mpdag_criterion,True,"Conjecture 2 (hence Anti-Exchange Case B, verified not proved)",C00->Y C02->C04 W->Y X->Y C00-C01 C01-C02 C02-X C04-X,0.0006094169999997234,0.0,0.0006094169999997234,,48,0.015579666000000714,200,147,0,0,53,6,0.7,1.0,2,0.8,2,147,147,0,0,1.0,0.0,0.0
c05_s03_cov050_seed00000001_bw025,5,3,0.5,0.25,1,X,Y,2,2,"C00,W",True,2,ok,local_up_fast,mpdag_criterion,True,"Conjecture 2 (hence Anti-Exchange Case B, verified not proved)",C00->Y W->Y X->Y C00-C01 C01-C02 C01-C04 C02-X,0.00018000000000029104,0.0,0.00018000000000029104,,17,0.006558500000000578,200,149,0,0,51,6,0.7,1.0,2,0.8,2,149,149,0,0,1.0,0.0,0.0
c05_s03_cov050_seed00000002_bw025,5,3,0.5,0.25,2,X,Y,2,2,"C00,W",True,2,ok,local_up_fast,mpdag_criterion,True,"Conjecture 2 (hence Anti-Exchange Case B, verified not proved)",C00->Y C02->C04 W->Y X->Y C00-C01 C01-C02 C02-X C04-X,0.00025641600000092524,0.0,0.00025641600000092524,,48,0.015585249999999107,200,145,0,0,55,6,0.7,1.0,2,0.8,2,145,145,0,0,1.0,0.0,0.0
c05_s03_cov050_seed00000003_bw025,5,3,0.5,0.25,3,X,Y,2,2,"C00,W",True,2,ok,local_up_fast,mpdag_criterion,True,"Conjecture 2 (hence Anti-Exchange Case B, verified not proved)",C00->Y C02->C04 W->Y X->Y C00-C01 C01-C02 C02-X C04-X,0.0002611659999995908,0.0,0.0002611659999995908,,48,0.015987624999999284,200,151,0,0,49,6,0.7,1.0,2,0.8,2,151,151,0,0,1.0,0.0,0.0
c05_s03_cov050_seed00000004_bw025,5,3,0.5,0.25,4,X,Y,2,2,"C00,W",True,2,ok,local_up_fast,mpdag_criterion,True,"Conjecture 2 (hence Anti-Exchange Case B, verified not proved)",C00->Y C02->C04 W->Y X->Y C00-C01 C01-C02 C02-X,0.00019516700000110632,0.0,0.00019516700000110632,,17,0.004089417000001205,200,143,0,0,57,5,0.7,1.0,2,0.9,2,143,143,0,0,1.0,0.0,0.0
c05_s03_cov050_seed00000005_bw025,5,3,0.5,0.25,5,X,Y,2,2,"C00,W",True,2,ok,local_up_fast,mpdag_criterion,True,"Conjecture 2 (hence Anti-Exchange Case B, verified not proved)",C00->Y C02->C04 W->Y X->Y C00-C01 C01-C02 C02-X,0.0001870420000003037,0.0,0.0001870420000003037,,17,0.003894250000000099,200,154,0,0,46,5,0.7,1.0,2,0.9,2,154,154,0,0,1.0,0.0,0.0
c05_s03_cov050_seed00000006_bw025,5,3,0.5,0.25,6,X,Y,2,2,"C00,W",True,2,ok,local_up_fast,mpdag_criterion,True,"Conjecture 2 (hence Anti-Exchange Case B, verified not proved)",C00->Y W->Y X->Y C00-C01 C01-C02 C01-C04 C02-X,0.00017183299999956603,0.0,0.00017183299999956603,,17,0.0042772500000012315,200,155,0,0,45,6,0.7,1.0,2,0.8,2,155,155,0,0,1.0,0.0,0.0
c05_s03_cov050_seed00000007_bw025,5,3,0.5,0.25,7,X,Y,2,2,"C00,W",True,2,ok,local_up_fast,mpdag_criterion,True,"Conjecture 2 (hence Anti-Exchange Case B, verified not proved)",C00->Y W->Y X->C04 X->Y C00-C01 C01-C02 C02-X,0.00020474999999997578,0.0,0.00020474999999997578,,15,0.00422954099999906,200,143,0,0,57,6,0.7,1.0,2,0.7,2,143,143,0,0,1.0,0.0,0.0
c05_s03_cov050_seed00000008_bw025,5,3,0.5,0.25,8,X,Y,2,2,"C00,W",True,2,ok,local_up_fast,mpdag_criterion,True,"Conjecture 2 (hence Anti-Exchange Case B, verified not proved)",C00->Y C02->C04 W->Y X->Y C00-C01 C01-C02 C02-X,0.00018166599999958066,0.0,0.00018166599999958066,,17,0.004043958000000458,200,149,0,0,51,5,0.7,1.0,2,0.9,2,149,149,0,0,1.0,0.0,0.0
c05_s03_cov050_seed00000009_bw025,5,3,0.5,0.25,9,X,Y,2,2,"C00,W",True,2,ok,local_up_fast,mpdag_criterion,True,"Conjecture 2 (hence Anti-Exchange Case B, verified not proved)",C00->Y W->Y X->Y C00-C01 C01-C02 C01-C04 C02-C04 C02-X,0.0002030000000008414,0.0,0.0002030000000008414,,49,0.015044124999999298,200,147,0,0,53,6,0.7,1.0,2,0.7,2,147,147,0,0,1.0,0.0,0.0
c05_s03_cov050_seed00000010_bw025,5,3,0.5,0.25,10,X,Y,2,2,"C00,W",True,2,ok,local_up_fast,mpdag_criterion,True,"Conjecture 2 (hence Anti-Exchange Case B, verified not proved)",C00->Y C02->C04 W->Y X->Y C00-C01 C01-C02 C02-X C04-X,0.0004317079999989204,0.0,0.0004317079999989204,,48,0.01586187500000058,200,155,0,0,45,6,0.7,1.0,2,0.8,2,155,155,0,0,1.0,0.0,0.0
c05_s03_cov050_seed00000011_bw025,5,3,0.5,0.25,11,X,Y,2,2,"C00,W",True,2,ok,local_up_fast,mpdag_criterion,True,"Conjecture 2 (hence Anti-Exchange Case B, verified not proved)",C00->Y W->Y X->Y C00-C01 C00-C04 C01-C02 C02-X,0.00016408300000136933,0.0,0.00016408300000136933,,15,0.004387040999999314,200,153,0,0,47,6,0.7,1.0,2,0.8,2,153,153,0,0,1.0,0.0,0.0
c05_s03_cov050_seed00000012_bw025,5,3,0.5,0.25,12,X,Y,2,2,"C00,W",True,2,ok,local_up_fast,mpdag_criterion,True,"Conjecture 2 (hence Anti-Exchange Case B, verified not proved)",C00->Y C02->C04 W->Y X->Y C00-C01 C01-C02 C02-X,0.00025558299999950407,0.0,0.00025558299999950407,,17,0.004359833999998841,200,147,0,0,53,5,0.7,1.0,2,0.9,2,147,147,0,0,1.0,0.0,0.0
c05_s03_cov050_seed00000013_bw025,5,3,0.5,0.25,13,X,Y,2,2,"C00,W",True,2,ok,local_up_fast,mpdag_criterion,True,"Conjecture 2 (hence Anti-Exchange Case B, verified not proved)",C00->Y W->Y X->C04 X->Y C00-C01 C01-C02 C02-X,0.00020808400000049687,0.0,0.00020808400000049687,,15,0.004277833999999814,200,147,0,0,53,6,0.7,1.0,2,0.7,2,147,147,0,0,1.0,0.0,0.0
c05_s03_cov050_seed00000014_bw025,5,3,0.5,0.25,14,X,Y,2,2,"C00,W",True,2,ok,local_up_fast,mpdag_criterion,True,"Conjecture 2 (hence Anti-Exchange Case B, verified not proved)",C00->Y W->Y X->Y C00-C01 C00-C04 C01-C02 C02-X,0.00018500000000010175,0.0,0.00018500000000010175,,15,0.004203583000000677,200,158,0,0,42,6,0.7,1.0,2,0.8,2,158,158,0,0,1.0,0.0,0.0
c05_s03_cov100_seed00000000_bw000,5,3,1.0,0.0,0,X,Y,5,2,"C00,W",True,3,ok,local_up_fast,mpdag_criterion,True,"Conjecture 2 (hence Anti-Exchange Case B, verified not proved)",C00->Y C02->C04 W->Y X->C04 X->Y C00-C01 C01-C02 C02-X,0.0006841250000011456,0.0,0.0006841250000011456,,48,0.016047708000000327,500,211,0,0,289,10,0.7072368421052632,3.036184210526316,5,0.7072368421052632,5,211,211,0,0,1.0,0.0,0.0
c05_s03_cov100_seed00000001_bw000,5,3,1.0,0.0,1,X,Y,4,2,"C00,W",True,3,ok,local_up_fast,mpdag_criterion,True,"Conjecture 2 (hence Anti-Exchange Case B, verified not proved)",C00->Y C01->C04 W->Y X->Y C00-C01 C01-C02 C02-X,0.0004066670000000272,0.0,0.0004066670000000272,,17,0.004258166999999702,400,84,0,0,316,6,0.6,2.0,4,0.8,3,84,84,0,0,1.0,0.0,0.0
c05_s03_cov100_seed00000002_bw000,5,3,1.0,0.0,2,X,Y,5,2,"C00,W",True,3,ok,local_up_fast,mpdag_criterion,True,"Conjecture 2 (hence Anti-Exchange Case B, verified not proved)",C00->Y C02->C04 W->Y X->C04 X->Y C00-C01 C01-C02 C02-X,0.0006338330000001946,0.0,0.0006338330000001946,,48,0.015756000000001436,500,231,0,0,269,10,0.7338095238095237,3.1690476190476193,5,0.7338095238095237,5,231,231,0,0,1.0,0.0,0.0
c05_s03_cov100_seed00000003_bw000,5,3,1.0,0.0,3,X,Y,5,2,"C00,W",True,3,ok,local_up_fast,mpdag_criterion,True,"Conjecture 2 (hence Anti-Exchange Case B, verified not proved)",C00->Y C02->C04 W->Y X->C04 X->Y C00-C01 C01-C02 C02-X,0.000622999999999152,0.0,0.000622999999999152,,48,0.016040958999999688,500,224,0,0,276,10,0.6907258064516129,2.9536290322580645,5,0.6907258064516129,5,224,224,0,0,1.0,0.0,0.0
c05_s03_cov100_seed00000004_bw000,5,3,1.0,0.0,4,X,Y,4,2,"C00,W",True,3,ok,local_up_fast,mpdag_criterion,True,"Conjecture 2 (hence Anti-Exchange Case B, verified not proved)",C00->Y C02->C04 W->Y X->Y C00-C01 C01-C02 C02-X,0.00028695800000022587,0.0,0.00028695800000022587,,17,0.004321499999999645,400,92,0,0,308,6,0.8042553191489361,2.5106382978723403,4,0.902127659574468,3,92,92,0,0,1.0,0.0,0.0
c05_s03_cov100_seed00000005_bw000,5,3,1.0,0.0,5,X,Y,4,2,"C00,W",True,3,ok,local_up_fast,mpdag_criterion,True,"Conjecture 2 (hence Anti-Exchange Case B, verified not proved)",C00->Y C02->C04 W->Y X->Y C00-C01 C01-C02 C02-X,0.0003107500000005814,0.0,0.0003107500000005814,,17,0.004144791999999953,400,97,0,0,303,6,0.7882352941176471,2.4705882352941178,4,0.8941176470588236,3,97,97,0,0,1.0,0.0,0.0
c05_s03_cov100_seed00000006_bw000,5,3,1.0,0.0,6,X,Y,4,2,"C00,W",True,3,ok,local_up_fast,mpdag_criterion,True,"Conjecture 2 (hence Anti-Exchange Case B, verified not proved)",C00->Y C01->C04 W->Y X->Y C00-C01 C01-C02 C02-X,0.00035845799999911776,0.0,0.00035845799999911776,,17,0.004231083000000524,400,88,0,0,312,6,0.6,2.0,4,0.8,3,88,88,0,0,1.0,0.0,0.0
c05_s03_cov100_seed00000007_bw000,5,3,1.0,0.0,7,X,Y,4,2,"C00,W",True,3,ok,local_up_fast,mpdag_criterion,True,"Conjecture 2 (hence Anti-Exchange Case B, verified not proved)",C00->Y W->Y X->C04 X->Y C00-C01 C01-C02 C02-X,0.00031762500000098726,0.0,0.00031762500000098726,,15,0.004072583999999324,400,173,0,0,227,8,0.6,2.0,4,0.6,4,173,173,0,0,1.0,0.0,0.0
c05_s03_cov100_seed00000008_bw000,5,3,1.0,0.0,8,X,Y,4,2,"C00,W",True,3,ok,local_up_fast,mpdag_criterion,True,"Conjecture 2 (hence Anti-Exchange Case B, verified not proved)",C00->Y C02->C04 W->Y X->Y C00-C01 C01-C02 C02-X,0.0002847919999986459,0.0,0.0002847919999986459,,17,0.0041180419999999884,400,104,0,0,296,6,0.8296296296296297,2.574074074074074,4,0.9148148148148149,3,104,104,0,0,1.0,0.0,0.0
c05_s03_cov100_seed00000009_bw000,5,3,1.0,0.0,9,X,Y,5,2,"C00,W",True,3,ok,local_up_fast,mpdag_criterion,True,"Conjecture 2 (hence Anti-Exchange Case B, verified not proved)",C00->Y C01->C04 C02->C04 W->Y X->Y C00-C01 C01-C02 C02-X,0.0006488330000014031,0.0,0.0006488330000014031,,49,0.015200917000001368,500,121,0,0,379,8,0.8015356820234869,3.2149954832881664,5,0.8429990966576332,4,121,121,0,0,1.0,0.0,0.0
c05_s03_cov100_seed00000010_bw000,5,3,1.0,0.0,10,X,Y,5,2,"C00,W",True,3,ok,local_up_fast,mpdag_criterion,True,"Conjecture 2 (hence Anti-Exchange Case B, verified not proved)",C00->Y C02->C04 W->Y X->C04 X->Y C00-C01 C01-C02 C02-X,0.0006577080000003122,0.0,0.0006577080000003122,,48,0.016041582999999804,500,224,0,0,276,10,0.6880701754385965,2.9403508771929827,5,0.6880701754385965,5,224,224,0,0,1.0,0.0,0.0
c05_s03_cov100_seed00000011_bw000,5,3,1.0,0.0,11,X,Y,4,2,"C00,W",True,3,ok,local_up_fast,mpdag_criterion,True,"Conjecture 2 (hence Anti-Exchange Case B, verified not proved)",C00->C04 C00->Y W->Y X->Y C00-C01 C01-C02 C02-X,0.0004992910000005679,0.0,0.0004992910000005679,,15,0.004263915999999313,400,94,0,0,306,6,0.6,2.0,4,0.8,3,94,94,0,0,1.0,0.0,0.0
c05_s03_cov100_seed00000012_bw000,5,3,1.0,0.0,12,X,Y,4,2,"C00,W",True,3,ok,local_up_fast,mpdag_criterion,True,"Conjecture 2 (hence Anti-Exchange Case B, verified not proved)",C00->Y C02->C04 W->Y X->Y C00-C01 C01-C02 C02-X,0.0002843329999997479,0.0,0.0002843329999997479,,17,0.0043325830000000565,400,80,0,0,320,6,0.8,2.5,4,0.9,3,80,80,0,0,1.0,0.0,0.0
c05_s03_cov100_seed00000013_bw000,5,3,1.0,0.0,13,X,Y,4,2,"C00,W",True,3,ok,local_up_fast,mpdag_criterion,True,"Conjecture 2 (hence Anti-Exchange Case B, verified not proved)",C00->Y W->Y X->C04 X->Y C00-C01 C01-C02 C02-X,0.000279499999999544,0.0,0.000279499999999544,,15,0.0040953329999986465,400,167,0,0,233,8,0.6,2.0,4,0.6,4,167,167,0,0,1.0,0.0,0.0
c05_s03_cov100_seed00000014_bw000,5,3,1.0,0.0,14,X,Y,4,2,"C00,W",True,3,ok,local_up_fast,mpdag_criterion,True,"Conjecture 2 (hence Anti-Exchange Case B, verified not proved)",C00->C04 C00->Y W->Y X->Y C00-C01 C01-C02 C02-X,0.00040020800000029055,0.0,0.00040020800000029055,,15,0.004103957999999963,400,100,0,0,300,6,0.6,2.0,4,0.8,3,100,100,0,0,1.0,0.0,0.0
c05_s03_cov100_seed00000000_bw010,5,3,1.0,0.1,0,X,Y,5,2,"C00,W",True,3,ok,local_up_fast,mpdag_criterion,True,"Conjecture 2 (hence Anti-Exchange Case B, verified not proved)",C00->Y C02->C04 W->Y X->C04 X->Y C00-C01 C01-C02 C02-X,0.0006229579999992296,0.0,0.0006229579999992296,,48,0.01582687500000013,500,226,0,0,274,10,0.6977777777777778,2.988888888888889,5,0.6977777777777778,5,226,226,0,0,1.0,0.0,0.0
c05_s03_cov100_seed00000001_bw010,5,3,1.0,0.1,1,X,Y,4,2,"C00,W",True,3,ok,local_up_fast,mpdag_criterion,True,"Conjecture 2 (hence Anti-Exchange Case B, verified not proved)",C00->Y C01->C04 W->Y X->Y C00-C01 C01-C02 C02-X,0.000356082999999785,0.0,0.000356082999999785,,17,0.004163124999999823,400,85,0,0,315,6,0.6,2.0,4,0.8,3,85,85,0,0,1.0,0.0,0.0
c05_s03_cov100_seed00000002_bw010,5,3,1.0,0.1,2,X,Y,5,2,"C00,W",True,3,ok,local_up_fast,mpdag_criterion,True,"Conjecture 2 (hence Anti-Exchange Case B, verified not proved)",C00->Y C02->C04 W->Y X->C04 X->Y C00-C01 C01-C02 C02-X,0.0006699589999996647,0.0,0.0006699589999996647,,48,0.01604145800000012,500,231,0,0,269,10,0.6922222222222223,2.9611111111111112,5,0.6922222222222223,5,231,231,0,0,1.0,0.0,0.0
c05_s03_cov100_seed00000003_bw010,5,3,1.0,0.1,3,X,Y,5,2,"C00,W",True,3,ok,local_up_fast,mpdag_criterion,True,"Conjecture 2 (hence Anti-Exchange Case B, verified not proved)",C00->Y C02->C04 W->Y X->C04 X->Y C00-C01 C01-C02 C02-X,0.0006311249999999546,0.0,0.0006311249999999546,,48,0.016338958000000403,500,220,0,0,280,10,0.6983739837398373,2.9918699186991873,5,0.6983739837398373,5,220,220,0,0,1.0,0.0,0.0
c05_s03_cov100_seed00000004_bw010,5,3,1.0,0.1,4,X,Y,4,2,"C00,W",True,3,ok,local_up_fast,mpdag_criterion,True,"Conjecture 2 (hence Anti-Exchange Case B, verified not proved)",C00->Y C02->C04 W->Y X->Y C00-C01 C01-C02 C02-X,0.00028229199999962873,0.0,0.00028229199999962873,,17,0.004333374999999862,400,98,0,0,302,6,0.783606557377049,2.459016393442623,4,0.8918032786885245,3,98,98,0,0,1.0,0.0,0.0
c05_s03_cov100_seed00000005_bw010,5,3,1.0,0.1,5,X,Y,4,2,"C00,W",True,3,ok,local_up_fast,mpdag_criterion,True,"Conjecture 2 (hence Anti-Exchange Case B, verified not proved)",C00->Y C02->C04 W->Y X->Y C00-C01 C01-C02 C02-X,0.000300874999998868,0.0,0.000300874999998868,,17,0.004266790999999159,400,90,0,0,310,6,0.7478260869565219,2.369565217391304,4,0.8739130434782609,3,90,90,0,0,1.0,0.0,0.0
c05_s03_cov100_seed00000006_bw010,5,3,1.0,0.1,6,X,Y,4,2,"C00,W",True,3,ok,local_up_fast,mpdag_criterion,True,"Conjecture 2 (hence Anti-Exchange Case B, verified not proved)",C00->Y C01->C04 W->Y X->Y C00-C01 C01-C02 C02-X,0.0003500410000008003,0.0,0.0003500410000008003,,17,0.004259457999999938,400,97,0,0,303,6,0.6,2.0,4,0.8,3,97,97,0,0,1.0,0.0,0.0
c05_s03_cov100_seed00000007_bw010,5,3,1.0,0.1,7,X,Y,4,2,"C00,W",True,3,ok,local_up_fast,mpdag_criterion,True,"Conjecture 2 (hence Anti-Exchange Case B, verified not proved)",C00->Y W->Y X->C04 X->Y C00-C01 C01-C02 C02-X,0.00030691599999954633,0.0,0.00030691599999954633,,15,0.004187874999999508,400,162,0,0,238,8,0.6,2.0,4,0.6,4,162,162,0,0,1.0,0.0,0.0
c05_s03_cov100_seed00000008_bw010,5,3,1.0,0.1,8,X,Y,4,2,"C00,W",True,3,ok,local_up_fast,mpdag_criterion,True,"Conjecture 2 (hence Anti-Exchange Case B, verified not proved)",C00->Y C02->C04 W->Y X->Y C00-C01 C01-C02 C02-X,0.0003012499999996976,0.0,0.0003012499999996976,,17,0.004314250000000186,400,97,0,0,303,6,0.8042553191489361,2.5106382978723403,4,0.902127659574468,3,97,97,0,0,1.0,0.0,0.0
c05_s03_cov100_seed00000009_bw010,5,3,1.0,0.1,9,X,Y,5,2,"C00,W",True,3,ok,local_up_fast,mpdag_criterion,True,"Conjecture 2 (hence Anti-Exchange Case B, verified not proved)",C00->Y C01->C04 C02->C04 W->Y X->Y C00-C01 C01-C02 C02-X,0.0005684999999999718,0.0,0.0005684999999999718,,49,0.015139791999999375,500,132,0,0,368,8,0.728021978021978,2.9862637362637363,5,0.7972527472527473,4,132,132,0,0,1.0,0.0,0.0
c05_s03_cov100_seed00000010_bw010,5,3,1.0,0.1,10,X,Y,5,2,"C00,W",True,3,ok,local_up_fast,mpdag_criterion,True,"Conjecture 2 (hence Anti-Exchange Case B, verified not proved)",C00->Y C02->C04 W->Y X->C04 X->Y C00-C01 C01-C02 C02-X,0.0006505420000006978,0.0,0.0006505420000006978,,48,0.01664512500000015,500,222,0,0,278,10,0.6833119383825418,2.9165596919127084,5,0.6833119383825418,5,222,222,0,0,1.0,0.0,0.0
c05_s03_cov100_seed00000011_bw010,5,3,1.0,0.1,11,X,Y,4,2,"C00,W",True,3,ok,local_up_fast,mpdag_criterion,True,"Conjecture 2 (hence Anti-Exchange Case B, verified not proved)",C00->C04 C00->Y W->Y X->Y C00-C01 C01-C02 C02-X,0.00042316600000091853,0.0,0.00042316600000091853,,15,0.004113958999999667,400,82,0,0,318,6,0.6,2.0,4,0.8,3,82,82,0,0,1.0,0.0,0.0
c05_s03_cov100_seed00000012_bw010,5,3,1.0,0.1,12,X,Y,4,2,"C00,W",True,3,ok,local_up_fast,mpdag_criterion,True,"Conjecture 2 (hence Anti-Exchange Case B, verified not proved)",C00->Y C02->C04 W->Y X->Y C00-C01 C01-C02 C02-X,0.00031954199999972843,0.0,0.00031954199999972843,,17,0.004104084000001507,400,82,0,0,318,6,0.8695652173913044,2.6739130434782608,4,0.9347826086956523,3,82,82,0,0,1.0,0.0,0.0
c05_s03_cov100_seed00000013_bw010,5,3,1.0,0.1,13,X,Y,4,2,"C00,W",True,3,ok,local_up_fast,mpdag_criterion,True,"Conjecture 2 (hence Anti-Exchange Case B, verified not proved)",C00->Y W->Y X->C04 X->Y C00-C01 C01-C02 C02-X,0.00030079199999732964,0.0,0.00030079199999732964,,15,0.004183250000000527,400,162,0,0,238,8,0.6,2.0,4,0.6,4,162,162,0,0,1.0,0.0,0.0
c05_s03_cov100_seed00000014_bw010,5,3,1.0,0.1,14,X,Y,4,2,"C00,W",True,3,ok,local_up_fast,mpdag_criterion,True,"Conjecture 2 (hence Anti-Exchange Case B, verified not proved)",C00->C04 C00->Y W->Y X->Y C00-C01 C01-C02 C02-X,0.00043495899999967946,0.0,0.00043495899999967946,,15,0.004211916999999232,400,97,0,0,303,6,0.6,2.0,4,0.8,3,97,97,0,0,1.0,0.0,0.0
c05_s03_cov100_seed00000003_bw025,5,3,1.0,0.25,3,X,Y,5,2,"C00,W",True,2,ok,local_up_fast,mpdag_criterion,True,"Conjecture 2 (hence Anti-Exchange Case B, verified not proved)",C00->Y C01->C00 C02->C04 W->Y X->C04 X->Y C01-C02 C02-X,0.0004972920000021475,0.0,0.0004972920000021475,,48,0.01646941699999971,500,122,0,0,378,8,0.5408275862068965,2.2041379310344826,5,0.613241379310345,4,122,122,0,0,1.0,0.0,0.0
c05_s03_cov100_seed00000004_bw025,5,3,1.0,0.25,4,X,Y,4,2,"C00,W",True,2,ok,local_up_fast,mpdag_criterion,True,"Conjecture 2 (hence Anti-Exchange Case B, verified not proved)",C00->Y C01->C00 C02->C04 W->Y X->Y C01-C02 C02-X,0.0002303330000010817,0.0,0.0002303330000010817,,17,0.004414374999999637,400,85,0,0,315,4,0.6838709677419356,1.5483870967741935,4,0.8645161290322582,2,85,85,0,0,1.0,0.0,0.0
c05_s03_cov100_seed00000007_bw025,5,3,1.0,0.25,7,X,Y,4,2,"C00,W",True,2,ok,local_up_fast,mpdag_criterion,True,"Conjecture 2 (hence Anti-Exchange Case B, verified not proved)",C00->Y C01->C00 W->Y X->C04 X->Y C01-C02 C02-X,0.0002588330000001804,0.0,0.0002588330000001804,,15,0.004338625000002594,400,104,0,0,296,6,0.3,1.0,4,0.5,3,104,104,0,0,1.0,0.0,0.0
c05_s03_cov100_seed00000016_bw025,5,3,1.0,0.25,16,X,Y,4,2,"C00,W",True,2,ok,local_up_fast,mpdag_criterion,True,"Conjecture 2 (hence Anti-Exchange Case B, verified not proved)",C00->Y C01->C00 C02->C04 W->Y X->Y C01-C02 C02-X,0.000200125000002771,0.0,0.000200125000002771,,17,0.004414624999999006,400,85,0,0,315,4,0.671875,1.53125,4,0.859375,2,85,85,0,0,1.0,0.0,0.0
c05_s03_cov100_seed00000018_bw025,5,3,1.0,0.25,18,X,Y,4,2,"C00,W",True,2,ok,local_up_fast,mpdag_criterion,True,"Conjecture 2 (hence Anti-Exchange Case B, verified not proved)",C00->Y C01->C00 W->Y X->C04 X->Y C01-C02 C02-X,0.00025808300000207396,0.0,0.00025808300000207396,,15,0.004348708000001977,400,80,0,0,320,6,0.3,1.0,4,0.5,3,80,80,0,0,1.0,0.0,0.0
c05_s03_cov100_seed00000022_bw025,5,3,1.0,0.25,22,X,Y,5,2,"C00,W",True,4,ok,e1_ladder,mpdag_criterion,True,"Conjecture 2 (hence Anti-Exchange Case B, verified not proved)","(('C00', 'Y'), ('C04', 'X'), ('W', 'Y'), ('X', 'Y'))",0.0006332499999999186,0.012578834000002814,0.013212084000002733,,48,0.01675383299999922,500,239,0,0,261,10,0.7,3.0,5,0.7,5,239,239,0,0,1.0,0.0,0.0
c05_s03_cov100_seed00000033_bw025,5,3,1.0,0.25,33,X,Y,4,2,"C00,W",True,2,ok,local_up_fast,mpdag_criterion,True,"Conjecture 2 (hence Anti-Exchange Case B, verified not proved)",C00->Y C01->C00 W->Y X->C04 X->Y C01-C02 C02-X,0.00021887499999806437,0.0,0.00021887499999806437,,15,0.003979708999999332,400,84,0,0,316,6,0.3,1.0,4,0.5,3,84,84,0,0,1.0,0.0,0.0
c05_s03_cov100_seed00000035_bw025,5,3,1.0,0.25,35,X,Y,4,2,"C00,W",True,4,ok,e1_ladder,mpdag_criterion,True,"Conjecture 2 (hence Anti-Exchange Case B, verified not proved)","(('C00', 'Y'), ('W', 'Y'), ('X', 'Y'))",0.00026008300000057716,0.008613583999999008,0.008873666999999585,,15,0.00427699999999831,400,164,0,0,236,8,0.8,3.0,4,0.8,4,164,164,0,0,1.0,0.0,0.0
c05_s03_cov100_seed00000038_bw025,5,3,1.0,0.25,38,X,Y,5,2,"C00,W",True,2,ok,local_up_fast,mpdag_criterion,True,"Conjecture 2 (hence Anti-Exchange Case B, verified not proved)",C00->C04 C00->Y C01->C00 C01->C04 W->Y X->Y C01-C02 C02-X,0.0003358750000010957,0.0,0.0003358750000010957,,48,0.01963087499999716,500,118,0,0,382,6,0.7170040485829958,2.2955465587044532,5,0.8360323886639677,3,118,118,0,0,1.0,0.0,0.0
c05_s03_cov100_seed00000044_bw025,5,3,1.0,0.25,44,X,Y,5,2,"C00,W",True,4,ok,e1_ladder,mpdag_criterion,True,"Conjecture 2 (hence Anti-Exchange Case B, verified not proved)","(('C00', 'Y'), ('C01', 'C04'), ('W', 'Y'), ('X', 'Y'))",0.0007223330000023509,0.011149541999998291,0.011871875000000642,,49,0.015399749999996715,500,238,0,0,262,10,0.8150000000000001,3.575,5,0.8150000000000001,5,238,238,0,0,1.0,0.0,0.0
c05_s03_cov100_seed00000045_bw025,5,3,1.0,0.25,45,X,Y,4,2,"C00,W",True,2,ok,local_up_fast,mpdag_criterion,True,"Conjecture 2 (hence Anti-Exchange Case B, verified not proved)",C00->Y C01->C00 W->Y X->C04 X->Y C01-C02 C02-X,0.00021716599999876962,0.0,0.00021716599999876962,,15,0.004113042000000178,400,91,0,0,309,6,0.3,1.0,4,0.5,3,91,91,0,0,1.0,0.0,0.0
c05_s03_cov100_seed00000046_bw025,5,3,1.0,0.25,46,X,Y,5,2,"C00,W",True,4,ok,e1_ladder,mpdag_criterion,True,"Conjecture 2 (hence Anti-Exchange Case B, verified not proved)","(('C00', 'Y'), ('C04', 'X'), ('W', 'Y'), ('X', 'Y'))",0.000636082999999843,0.010576165999999887,0.01121224899999973,,48,0.01698354100000188,500,209,0,0,291,10,0.7,3.0,5,0.7,5,209,209,0,0,1.0,0.0,0.0
c05_s03_cov100_seed00000047_bw025,5,3,1.0,0.25,47,X,Y,4,2,"C00,W",True,4,ok,e1_ladder,mpdag_criterion,True,"Conjecture 2 (hence Anti-Exchange Case B, verified not proved)","(('C00', 'Y'), ('W', 'Y'), ('X', 'Y'))",0.0002662089999994066,0.008195541999999278,0.008461750999998685,,15,0.004257167000002227,400,175,0,0,225,8,0.8,3.0,4,0.8,4,175,175,0,0,1.0,0.0,0.0
c05_s03_cov100_seed00000048_bw025,5,3,1.0,0.25,48,X,Y,4,2,"C00,W",True,4,ok,e1_ladder,mpdag_criterion,True,"Conjecture 2 (hence Anti-Exchange Case B, verified not proved)","(('C00', 'Y'), ('W', 'Y'), ('X', 'Y'))",0.00027150000000020214,0.008741291999999845,0.009012792000000047,,15,0.0042887500000006185,400,161,0,0,239,8,0.8,3.0,4,0.8,4,161,161,0,0,1.0,0.0,0.0
c05_s03_cov100_seed00000050_bw025,5,3,1.0,0.25,50,X,Y,4,2,"C00,W",True,2,ok,local_up_fast,mpdag_criterion,True,"Conjecture 2 (hence Anti-Exchange Case B, verified not proved)",C00->Y C01->C00 W->Y X->C04 X->Y C01-C02 C02-X,0.00021420799999916085,0.0,0.00021420799999916085,,15,0.004306249999999068,400,93,0,0,307,6,0.3,1.0,4,0.5,3,93,93,0,0,1.0,0.0,0.0
c05_s04_cov050_seed00000000_bw000,5,4,0.5,0.0,0,X,Y,2,2,"C00,W",True,2,ok,local_up_fast,mpdag_criterion,True,"Conjecture 2 (hence Anti-Exchange Case B, verified not proved)",C00->Y W->Y X->Y C00-C01 C01-C02 C02-C03 C03-X,0.00024016600000109634,0.0,0.00024016600000109634,,15,0.004952707999997585,200,151,0,0,49,6,0.7,1.0,2,0.8,2,151,151,0,0,1.0,0.0,0.0
c05_s04_cov050_seed00000001_bw000,5,4,0.5,0.0,1,X,Y,2,2,"C00,W",True,2,ok,local_up_fast,mpdag_criterion,True,"Conjecture 2 (hence Anti-Exchange Case B, verified not proved)",C00->Y W->Y X->Y C00-C01 C01-C02 C02-C03 C03-X,0.0001635830000026317,0.0,0.0001635830000026317,,15,0.004052624999999921,200,146,0,0,54,6,0.7,1.0,2,0.8,2,146,146,0,0,1.0,0.0,0.0
c05_s04_cov050_seed00000002_bw000,5,4,0.5,0.0,2,X,Y,2,2,"C00,W",True,2,ok,local_up_fast,mpdag_criterion,True,"Conjecture 2 (hence Anti-Exchange Case B, verified not proved)",C00->Y W->Y X->Y C00-C01 C01-C02 C02-C03 C03-X,0.00017341699999917637,0.0,0.00017341699999917637,,15,0.004414000000000584,200,156,0,0,44,6,0.7,1.0,2,0.8,2,156,156,0,0,1.0,0.0,0.0
c05_s04_cov050_seed00000003_bw000,5,4,0.5,0.0,3,X,Y,2,2,"C00,W",True,2,ok,local_up_fast,mpdag_criterion,True,"Conjecture 2 (hence Anti-Exchange Case B, verified not proved)",C00->Y W->Y X->Y C00-C01 C01-C02 C02-C03 C03-X,0.00018370899999808898,0.0,0.00018370899999808898,,15,0.00494412500000152,200,155,0,0,45,6,0.7,1.0,2,0.8,2,155,155,0,0,1.0,0.0,0.0
c05_s04_cov050_seed00000004_bw000,5,4,0.5,0.0,4,X,Y,2,2,"C00,W",True,2,ok,local_up_fast,mpdag_criterion,True,"Conjecture 2 (hence Anti-Exchange Case B, verified not proved)",C00->Y W->Y X->Y C00-C01 C01-C02 C02-C03 C03-X,0.00016754099999971572,0.0,0.00016754099999971572,,15,0.00422320799999909,200,145,0,0,55,6,0.7,1.0,2,0.8,2,145,145,0,0,1.0,0.0,0.0
c05_s04_cov050_seed00000005_bw000,5,4,0.5,0.0,5,X,Y,2,2,"C00,W",True,2,ok,local_up_fast,mpdag_criterion,True,"Conjecture 2 (hence Anti-Exchange Case B, verified not proved)",C00->Y W->Y X->Y C00-C01 C01-C02 C02-C03 C03-X,0.0001962079999984212,0.0,0.0001962079999984212,,15,0.004329124999998157,200,143,0,0,57,6,0.7,1.0,2,0.8,2,143,143,0,0,1.0,0.0,0.0
c05_s04_cov050_seed00000006_bw000,5,4,0.5,0.0,6,X,Y,2,2,"C00,W",True,2,ok,local_up_fast,mpdag_criterion,True,"Conjecture 2 (hence Anti-Exchange Case B, verified not proved)",C00->Y W->Y X->Y C00-C01 C01-C02 C02-C03 C03-X,0.0001808329999981595,0.0,0.0001808329999981595,,15,0.004581333000000853,200,142,0,0,58,6,0.7,1.0,2,0.8,2,142,142,0,0,1.0,0.0,0.0
c05_s04_cov050_seed00000007_bw000,5,4,0.5,0.0,7,X,Y,2,2,"C00,W",True,2,ok,local_up_fast,mpdag_criterion,True,"Conjecture 2 (hence Anti-Exchange Case B, verified not proved)",C00->Y W->Y X->Y C00-C01 C01-C02 C02-C03 C03-X,0.0001943750000030775,0.0,0.0001943750000030775,,15,0.004281292000001713,200,153,0,0,47,6,0.7,1.0,2,0.8,2,153,153,0,0,1.0,0.0,0.0
c05_s04_cov050_seed00000008_bw000,5,4,0.5,0.0,8,X,Y,2,2,"C00,W",True,2,ok,local_up_fast,mpdag_criterion,True,"Conjecture 2 (hence Anti-Exchange Case B, verified not proved)",C00->Y W->Y X->Y C00-C01 C01-C02 C02-C03 C03-X,0.0001880839999977013,0.0,0.0001880839999977013,,15,0.005416542000002522,200,152,0,0,48,6,0.7,1.0,2,0.8,2,152,152,0,0,1.0,0.0,0.0
c05_s04_cov050_seed00000009_bw000,5,4,0.5,0.0,9,X,Y,2,2,"C00,W",True,2,ok,local_up_fast,mpdag_criterion,True,"Conjecture 2 (hence Anti-Exchange Case B, verified not proved)",C00->Y W->Y X->Y C00-C01 C01-C02 C02-C03 C03-X,0.00018270900000061374,0.0,0.00018270900000061374,,15,0.004356583999999941,200,145,0,0,55,6,0.7,1.0,2,0.8,2,145,145,0,0,1.0,0.0,0.0
c05_s04_cov050_seed00000010_bw000,5,4,0.5,0.0,10,X,Y,2,2,"C00,W",True,2,ok,local_up_fast,mpdag_criterion,True,"Conjecture 2 (hence Anti-Exchange Case B, verified not proved)",C00->Y W->Y X->Y C00-C01 C01-C02 C02-C03 C03-X,0.0001770830000005219,0.0,0.0001770830000005219,,15,0.004626417000000771,200,154,0,0,46,6,0.7,1.0,2,0.8,2,154,154,0,0,1.0,0.0,0.0
c05_s04_cov050_seed00000011_bw000,5,4,0.5,0.0,11,X,Y,2,2,"C00,W",True,2,ok,local_up_fast,mpdag_criterion,True,"Conjecture 2 (hence Anti-Exchange Case B, verified not proved)",C00->Y W->Y X->Y C00-C01 C01-C02 C02-C03 C03-X,0.000171749999999804,0.0,0.000171749999999804,,15,0.0051688749999989625,200,154,0,0,46,6,0.7,1.0,2,0.8,2,154,154,0,0,1.0,0.0,0.0
c05_s04_cov050_seed00000012_bw000,5,4,0.5,0.0,12,X,Y,2,2,"C00,W",True,2,ok,local_up_fast,mpdag_criterion,True,"Conjecture 2 (hence Anti-Exchange Case B, verified not proved)",C00->Y W->Y X->Y C00-C01 C01-C02 C02-C03 C03-X,0.0001868750000006969,0.0,0.0001868750000006969,,15,0.004738207999999133,200,142,0,0,58,6,0.7,1.0,2,0.8,2,142,142,0,0,1.0,0.0,0.0
c05_s04_cov050_seed00000013_bw000,5,4,0.5,0.0,13,X,Y,2,2,"C00,W",True,2,ok,local_up_fast,mpdag_criterion,True,"Conjecture 2 (hence Anti-Exchange Case B, verified not proved)",C00->Y W->Y X->Y C00-C01 C01-C02 C02-C03 C03-X,0.00017958399999784547,0.0,0.00017958399999784547,,15,0.004707375000002401,200,144,0,0,56,6,0.7,1.0,2,0.8,2,144,144,0,0,1.0,0.0,0.0
c05_s04_cov050_seed00000014_bw000,5,4,0.5,0.0,14,X,Y,2,2,"C00,W",True,2,ok,local_up_fast,mpdag_criterion,True,"Conjecture 2 (hence Anti-Exchange Case B, verified not proved)",C00->Y W->Y X->Y C00-C01 C01-C02 C02-C03 C03-X,0.00017770799999894393,0.0,0.00017770799999894393,,15,0.004128624999999886,200,150,0,0,50,6,0.7,1.0,2,0.8,2,150,150,0,0,1.0,0.0,0.0
c05_s04_cov050_seed00000000_bw010,5,4,0.5,0.1,0,X,Y,2,2,"C00,W",True,2,ok,local_up_fast,mpdag_criterion,True,"Conjecture 2 (hence Anti-Exchange Case B, verified not proved)",C00->Y W->Y X->Y C00-C01 C01-C02 C02-C03 C03-X,0.00018158399999990138,0.0,0.00018158399999990138,,15,0.00408754200000061,200,148,0,0,52,6,0.7,1.0,2,0.8,2,148,148,0,0,1.0,0.0,0.0
c05_s04_cov050_seed00000001_bw010,5,4,0.5,0.1,1,X,Y,2,2,"C00,W",True,2,ok,local_up_fast,mpdag_criterion,True,"Conjecture 2 (hence Anti-Exchange Case B, verified not proved)",C00->Y W->Y X->Y C00-C01 C01-C02 C02-C03 C03-X,0.0001818339999992702,0.0,0.0001818339999992702,,15,0.00421024999999986,200,161,0,0,39,6,0.7,1.0,2,0.8,2,161,161,0,0,1.0,0.0,0.0
c05_s04_cov050_seed00000002_bw010,5,4,0.5,0.1,2,X,Y,2,2,"C00,W",True,2,ok,local_up_fast,mpdag_criterion,True,"Conjecture 2 (hence Anti-Exchange Case B, verified not proved)",C00->Y W->Y X->Y C00-C01 C01-C02 C02-C03 C03-X,0.00018558299999682504,0.0,0.00018558299999682504,,15,0.004182833000001551,200,148,0,0,52,6,0.7,1.0,2,0.8,2,148,148,0,0,1.0,0.0,0.0
c05_s04_cov050_seed00000003_bw010,5,4,0.5,0.1,3,X,Y,2,2,"C00,W",True,2,ok,local_up_fast,mpdag_criterion,True,"Conjecture 2 (hence Anti-Exchange Case B, verified not proved)",C00->Y W->Y X->Y C00-C01 C01-C02 C02-C03 C03-X,0.00020333299999819587,0.0,0.00020333299999819587,,15,0.00459304199999977,200,146,0,0,54,6,0.7,1.0,2,0.8,2,146,146,0,0,1.0,0.0,0.0
c05_s04_cov050_seed00000004_bw010,5,4,0.5,0.1,4,X,Y,2,2,"C00,W",True,2,ok,local_up_fast,mpdag_criterion,True,"Conjecture 2 (hence Anti-Exchange Case B, verified not proved)",C00->Y W->Y X->Y C00-C01 C01-C02 C02-C03 C03-X,0.00022049999999751435,0.0,0.00022049999999751435,,15,0.0043723750000026484,200,148,0,0,52,6,0.7,1.0,2,0.8,2,148,148,0,0,1.0,0.0,0.0
c05_s04_cov050_seed00000005_bw010,5,4,0.5,0.1,5,X,Y,2,2,"C00,W",True,2,ok,local_up_fast,mpdag_criterion,True,"Conjecture 2 (hence Anti-Exchange Case B, verified not proved)",C00->Y W->Y X->Y C00-C01 C01-C02 C02-C03 C03-X,0.0001789579999993407,0.0,0.0001789579999993407,,15,0.004223041999999566,200,146,0,0,54,6,0.7,1.0,2,0.8,2,146,146,0,0,1.0,0.0,0.0
c05_s04_cov050_seed00000006_bw010,5,4,0.5,0.1,6,X,Y,2,2,"C00,W",True,2,ok,local_up_fast,mpdag_criterion,True,"Conjecture 2 (hence Anti-Exchange Case B, verified not proved)",C00->Y W->Y X->Y C00-C01 C01-C02 C02-C03 C03-X,0.000178209000001317,0.0,0.000178209000001317,,15,0.004472917000001075,200,152,0,0,48,6,0.7,1.0,2,0.8,2,152,152,0,0,1.0,0.0,0.0
c05_s04_cov050_seed00000007_bw010,5,4,0.5,0.1,7,X,Y,2,2,"C00,W",True,2,ok,local_up_fast,mpdag_criterion,True,"Conjecture 2 (hence Anti-Exchange Case B, verified not proved)",C00->Y W->Y X->Y C00-C01 C01-C02 C02-C03 C03-X,0.00017500000000225668,0.0,0.00017500000000225668,,15,0.004282750000001556,200,149,0,0,51,6,0.7,1.0,2,0.8,2,149,149,0,0,1.0,0.0,0.0
c05_s04_cov050_seed00000008_bw010,5,4,0.5,0.1,8,X,Y,2,2,"C00,W",True,2,ok,local_up_fast,mpdag_criterion,True,"Conjecture 2 (hence Anti-Exchange Case B, verified not proved)",C00->Y W->Y X->Y C00-C01 C01-C02 C02-C03 C03-X,0.00018120800000076542,0.0,0.00018120800000076542,,15,0.004275917000001073,200,139,0,0,61,6,0.7,1.0,2,0.8,2,139,139,0,0,1.0,0.0,0.0
c05_s04_cov050_seed00000009_bw010,5,4,0.5,0.1,9,X,Y,2,2,"C00,W",True,2,ok,local_up_fast,mpdag_criterion,True,"Conjecture 2 (hence Anti-Exchange Case B, verified not proved)",C00->Y W->Y X->Y C00-C01 C01-C02 C02-C03 C03-X,0.00018079199999831985,0.0,0.00018079199999831985,,15,0.004317666999998693,200,147,0,0,53,6,0.7,1.0,2,0.8,2,147,147,0,0,1.0,0.0,0.0
c05_s04_cov050_seed00000010_bw010,5,4,0.5,0.1,10,X,Y,2,2,"C00,W",True,2,ok,local_up_fast,mpdag_criterion,True,"Conjecture 2 (hence Anti-Exchange Case B, verified not proved)",C00->Y W->Y X->Y C00-C01 C01-C02 C02-C03 C03-X,0.00018641700000188166,0.0,0.00018641700000188166,,15,0.0042231669999992505,200,156,0,0,44,6,0.7,1.0,2,0.8,2,156,156,0,0,1.0,0.0,0.0
c05_s04_cov050_seed00000011_bw010,5,4,0.5,0.1,11,X,Y,2,2,"C00,W",True,2,ok,local_up_fast,mpdag_criterion,True,"Conjecture 2 (hence Anti-Exchange Case B, verified not proved)",C00->Y W->Y X->Y C00-C01 C01-C02 C02-C03 C03-X,0.00017658299999823157,0.0,0.00017658299999823157,,15,0.004417917000001381,200,145,0,0,55,6,0.7,1.0,2,0.8,2,145,145,0,0,1.0,0.0,0.0
c05_s04_cov050_seed00000012_bw010,5,4,0.5,0.1,12,X,Y,2,2,"C00,W",True,2,ok,local_up_fast,mpdag_criterion,True,"Conjecture 2 (hence Anti-Exchange Case B, verified not proved)",C00->Y W->Y X->Y C00-C01 C01-C02 C02-C03 C03-X,0.0001757920000002855,0.0,0.0001757920000002855,,15,0.0042490409999977885,200,153,0,0,47,6,0.7,1.0,2,0.8,2,153,153,0,0,1.0,0.0,0.0
c05_s04_cov050_seed00000013_bw010,5,4,0.5,0.1,13,X,Y,2,2,"C00,W",True,2,ok,local_up_fast,mpdag_criterion,True,"Conjecture 2 (hence Anti-Exchange Case B, verified not proved)",C00->Y W->Y X->Y C00-C01 C01-C02 C02-C03 C03-X,0.0001858339999998293,0.0,0.0001858339999998293,,15,0.004434291000002588,200,148,0,0,52,6,0.7,1.0,2,0.8,2,148,148,0,0,1.0,0.0,0.0
c05_s04_cov050_seed00000014_bw010,5,4,0.5,0.1,14,X,Y,2,2,"C00,W",True,2,ok,local_up_fast,mpdag_criterion,True,"Conjecture 2 (hence Anti-Exchange Case B, verified not proved)",C00->Y W->Y X->Y C00-C01 C01-C02 C02-C03 C03-X,0.00017212499999885722,0.0,0.00017212499999885722,,15,0.004347124999998897,200,149,0,0,51,6,0.7,1.0,2,0.8,2,149,149,0,0,1.0,0.0,0.0
c05_s04_cov050_seed00000000_bw025,5,4,0.5,0.25,0,X,Y,2,2,"C00,W",True,2,ok,local_up_fast,mpdag_criterion,True,"Conjecture 2 (hence Anti-Exchange Case B, verified not proved)",C00->Y W->Y X->Y C00-C01 C01-C02 C02-C03 C03-X,0.00017541700000123228,0.0,0.00017541700000123228,,15,0.004236584000000931,200,146,0,0,54,6,0.7,1.0,2,0.8,2,146,146,0,0,1.0,0.0,0.0
c05_s04_cov050_seed00000001_bw025,5,4,0.5,0.25,1,X,Y,2,2,"C00,W",True,2,ok,local_up_fast,mpdag_criterion,True,"Conjecture 2 (hence Anti-Exchange Case B, verified not proved)",C00->Y W->Y X->Y C00-C01 C01-C02 C02-C03 C03-X,0.00018433299999998098,0.0,0.00018433299999998098,,15,0.004372457999998858,200,145,0,0,55,6,0.7,1.0,2,0.8,2,145,145,0,0,1.0,0.0,0.0
c05_s04_cov050_seed00000002_bw025,5,4,0.5,0.25,2,X,Y,2,2,"C00,W",True,2,ok,local_up_fast,mpdag_criterion,True,"Conjecture 2 (hence Anti-Exchange Case B, verified not proved)",C00->Y W->Y X->Y C00-C01 C01-C02 C02-C03 C03-X,0.00018400000000085015,0.0,0.00018400000000085015,,15,0.00437804200000258,200,146,0,0,54,6,0.7,1.0,2,0.8,2,146,146,0,0,1.0,0.0,0.0
c05_s04_cov050_seed00000003_bw025,5,4,0.5,0.25,3,X,Y,2,2,"C00,W",True,2,ok,local_up_fast,mpdag_criterion,True,"Conjecture 2 (hence Anti-Exchange Case B, verified not proved)",C00->Y W->Y X->Y C00-C01 C01-C02 C02-C03 C03-X,0.00018054200000250376,0.0,0.00018054200000250376,,15,0.0042530840000019055,200,147,0,0,53,6,0.7,1.0,2,0.8,2,147,147,0,0,1.0,0.0,0.0
c05_s04_cov050_seed00000004_bw025,5,4,0.5,0.25,4,X,Y,2,2,"C00,W",True,2,ok,local_up_fast,mpdag_criterion,True,"Conjecture 2 (hence Anti-Exchange Case B, verified not proved)",C00->Y W->Y X->Y C00-C01 C01-C02 C02-C03 C03-X,0.00017233300000185636,0.0,0.00017233300000185636,,15,0.004250666000000791,200,155,0,0,45,6,0.7,1.0,2,0.8,2,155,155,0,0,1.0,0.0,0.0
c05_s04_cov050_seed00000005_bw025,5,4,0.5,0.25,5,X,Y,2,2,"C00,W",True,2,ok,local_up_fast,mpdag_criterion,True,"Conjecture 2 (hence Anti-Exchange Case B, verified not proved)",C00->Y W->Y X->Y C00-C01 C01-C02 C02-C03 C03-X,0.0001785410000003651,0.0,0.0001785410000003651,,15,0.004269541999999404,200,149,0,0,51,6,0.7,1.0,2,0.8,2,149,149,0,0,1.0,0.0,0.0
c05_s04_cov050_seed00000006_bw025,5,4,0.5,0.25,6,X,Y,2,2,"C00,W",True,2,ok,local_up_fast,mpdag_criterion,True,"Conjecture 2 (hence Anti-Exchange Case B, verified not proved)",C00->Y W->Y X->Y C00-C01 C01-C02 C02-C03 C03-X,0.0001948749999982624,0.0,0.0001948749999982624,,15,0.004442000000000945,200,154,0,0,46,6,0.7,1.0,2,0.8,2,154,154,0,0,1.0,0.0,0.0
c05_s04_cov050_seed00000007_bw025,5,4,0.5,0.25,7,X,Y,2,2,"C00,W",True,2,ok,local_up_fast,mpdag_criterion,True,"Conjecture 2 (hence Anti-Exchange Case B, verified not proved)",C00->Y W->Y X->Y C00-C01 C01-C02 C02-C03 C03-X,0.00018691700000061928,0.0,0.00018691700000061928,,15,0.004355915999997961,200,142,0,0,58,6,0.7,1.0,2,0.8,2,142,142,0,0,1.0,0.0,0.0
c05_s04_cov050_seed00000008_bw025,5,4,0.5,0.25,8,X,Y,2,2,"C00,W",True,2,ok,local_up_fast,mpdag_criterion,True,"Conjecture 2 (hence Anti-Exchange Case B, verified not proved)",C00->Y W->Y X->Y C00-C01 C01-C02 C02-C03 C03-X,0.0001840410000006898,0.0,0.0001840410000006898,,15,0.00434424999999905,200,146,0,0,54,6,0.7,1.0,2,0.8,2,146,146,0,0,1.0,0.0,0.0
c05_s04_cov050_seed00000009_bw025,5,4,0.5,0.25,9,X,Y,2,2,"C00,W",True,2,ok,local_up_fast,mpdag_criterion,True,"Conjecture 2 (hence Anti-Exchange Case B, verified not proved)",C00->Y W->Y X->Y C00-C01 C01-C02 C02-C03 C03-X,0.00018187500000266255,0.0,0.00018187500000266255,,15,0.004362707999998605,200,141,0,0,59,6,0.7,1.0,2,0.8,2,141,141,0,0,1.0,0.0,0.0
c05_s04_cov050_seed00000010_bw025,5,4,0.5,0.25,10,X,Y,2,2,"C00,W",True,2,ok,local_up_fast,mpdag_criterion,True,"Conjecture 2 (hence Anti-Exchange Case B, verified not proved)",C00->Y W->Y X->Y C00-C01 C01-C02 C02-C03 C03-X,0.00017745899999965786,0.0,0.00017745899999965786,,15,0.004544500000001506,200,153,0,0,47,6,0.7,1.0,2,0.8,2,153,153,0,0,1.0,0.0,0.0
c05_s04_cov050_seed00000011_bw025,5,4,0.5,0.25,11,X,Y,2,2,"C00,W",True,2,ok,local_up_fast,mpdag_criterion,True,"Conjecture 2 (hence Anti-Exchange Case B, verified not proved)",C00->Y W->Y X->Y C00-C01 C01-C02 C02-C03 C03-X,0.0002032089999985942,0.0,0.0002032089999985942,,15,0.00422104100000098,200,159,0,0,41,6,0.7,1.0,2,0.8,2,159,159,0,0,1.0,0.0,0.0
c05_s04_cov050_seed00000012_bw025,5,4,0.5,0.25,12,X,Y,2,2,"C00,W",True,2,ok,local_up_fast,mpdag_criterion,True,"Conjecture 2 (hence Anti-Exchange Case B, verified not proved)",C00->Y W->Y X->Y C00-C01 C01-C02 C02-C03 C03-X,0.00017412499999736042,0.0,0.00017412499999736042,,15,0.004477874999999187,200,145,0,0,55,6,0.7,1.0,2,0.8,2,145,145,0,0,1.0,0.0,0.0
c05_s04_cov050_seed00000013_bw025,5,4,0.5,0.25,13,X,Y,2,2,"C00,W",True,2,ok,local_up_fast,mpdag_criterion,True,"Conjecture 2 (hence Anti-Exchange Case B, verified not proved)",C00->Y W->Y X->Y C00-C01 C01-C02 C02-C03 C03-X,0.00017512499999838838,0.0,0.00017512499999838838,,15,0.004208624999996857,200,146,0,0,54,6,0.7,1.0,2,0.8,2,146,146,0,0,1.0,0.0,0.0
c05_s04_cov050_seed00000014_bw025,5,4,0.5,0.25,14,X,Y,2,2,"C00,W",True,2,ok,local_up_fast,mpdag_criterion,True,"Conjecture 2 (hence Anti-Exchange Case B, verified not proved)",C00->Y W->Y X->Y C00-C01 C01-C02 C02-C03 C03-X,0.00017775000000241903,0.0,0.00017775000000241903,,15,0.004418333000000274,200,150,0,0,50,6,0.7,1.0,2,0.8,2,150,150,0,0,1.0,0.0,0.0
c05_s04_cov100_seed00000000_bw000,5,4,1.0,0.0,0,X,Y,4,2,"C00,W",True,4,ok,e1_ladder,mpdag_criterion,True,"Conjecture 2 (hence Anti-Exchange Case B, verified not proved)","(('C00', 'Y'), ('W', 'Y'), ('X', 'Y'))",0.0002950830000010285,0.008871082999998947,0.009166165999999976,,15,0.004421042000000597,400,176,0,0,224,8,0.8,3.0,4,0.8,4,176,176,0,0,1.0,0.0,0.0
c05_s04_cov100_seed00000001_bw000,5,4,1.0,0.0,1,X,Y,4,2,"C00,W",True,4,ok,e1_ladder,mpdag_criterion,True,"Conjecture 2 (hence Anti-Exchange Case B, verified not proved)","(('C00', 'Y'), ('W', 'Y'), ('X', 'Y'))",0.0002662079999993239,0.008333709000002187,0.008599917000001511,,15,0.004212791000000493,400,167,0,0,233,8,0.8,3.0,4,0.8,4,167,167,0,0,1.0,0.0,0.0
c05_s04_cov100_seed00000002_bw000,5,4,1.0,0.0,2,X,Y,4,2,"C00,W",True,4,ok,e1_ladder,mpdag_criterion,True,"Conjecture 2 (hence Anti-Exchange Case B, verified not proved)","(('C00', 'Y'), ('W', 'Y'), ('X', 'Y'))",0.0002797080000007668,0.009132417000000004,0.00941212500000077,,15,0.004013416000002934,400,170,0,0,230,8,0.8,3.0,4,0.8,4,170,170,0,0,1.0,0.0,0.0
c05_s04_cov100_seed00000003_bw000,5,4,1.0,0.0,3,X,Y,4,2,"C00,W",True,4,ok,e1_ladder,mpdag_criterion,True,"Conjecture 2 (hence Anti-Exchange Case B, verified not proved)","(('C00', 'Y'), ('W', 'Y'), ('X', 'Y'))",0.0002804170000025863,0.008223375000000033,0.008503792000002619,,15,0.0042592910000003315,400,168,0,0,232,8,0.8,3.0,4,0.8,4,168,168,0,0,1.0,0.0,0.0
c05_s04_cov100_seed00000004_bw000,5,4,1.0,0.0,4,X,Y,4,2,"C00,W",True,4,ok,e1_ladder,mpdag_criterion,True,"Conjecture 2 (hence Anti-Exchange Case B, verified not proved)","(('C00', 'Y'), ('W', 'Y'), ('X', 'Y'))",0.00037508400000163533,0.008509958000001205,0.00888504200000284,,15,0.00424762500000142,400,168,0,0,232,8,0.8,3.0,4,0.8,4,168,168,0,0,1.0,0.0,0.0
c05_s04_cov100_seed00000005_bw000,5,4,1.0,0.0,5,X,Y,4,2,"C00,W",True,4,ok,e1_ladder,mpdag_criterion,True,"Conjecture 2 (hence Anti-Exchange Case B, verified not proved)","(('C00', 'Y'), ('W', 'Y'), ('X', 'Y'))",0.00026649999999861507,0.008654458999998837,0.008920958999997453,,15,0.004496459000002062,400,161,0,0,239,8,0.8,3.0,4,0.8,4,161,161,0,0,1.0,0.0,0.0
c05_s04_cov100_seed00000006_bw000,5,4,1.0,0.0,6,X,Y,4,2,"C00,W",True,4,ok,e1_ladder,mpdag_criterion,True,"Conjecture 2 (hence Anti-Exchange Case B, verified not proved)","(('C00', 'Y'), ('W', 'Y'), ('X', 'Y'))",0.00024616600000015865,0.009158833000000755,0.009404999000000913,,15,0.004232999999999265,400,177,0,0,223,8,0.8,3.0,4,0.8,4,177,177,0,0,1.0,0.0,0.0
c05_s04_cov100_seed00000007_bw000,5,4,1.0,0.0,7,X,Y,4,2,"C00,W",True,4,ok,e1_ladder,mpdag_criterion,True,"Conjecture 2 (hence Anti-Exchange Case B, verified not proved)","(('C00', 'Y'), ('W', 'Y'), ('X', 'Y'))",0.00025783299999915243,0.008246791999997782,0.008504624999996935,,15,0.004511374999999873,400,160,0,0,240,8,0.8,3.0,4,0.8,4,160,160,0,0,1.0,0.0,0.0
c05_s04_cov100_seed00000008_bw000,5,4,1.0,0.0,8,X,Y,4,2,"C00,W",True,4,ok,e1_ladder,mpdag_criterion,True,"Conjecture 2 (hence Anti-Exchange Case B, verified not proved)","(('C00', 'Y'), ('W', 'Y'), ('X', 'Y'))",0.00026262499999774036,0.008488082999999591,0.008750707999997331,,15,0.004471209000001863,400,154,0,0,246,8,0.8,3.0,4,0.8,4,154,154,0,0,1.0,0.0,0.0
c05_s04_cov100_seed00000009_bw000,5,4,1.0,0.0,9,X,Y,4,2,"C00,W",True,4,ok,e1_ladder,mpdag_criterion,True,"Conjecture 2 (hence Anti-Exchange Case B, verified not proved)","(('C00', 'Y'), ('W', 'Y'), ('X', 'Y'))",0.0002656249999972715,0.008655749999999074,0.008921374999996345,,15,0.004512749999999954,400,168,0,0,232,8,0.8,3.0,4,0.8,4,168,168,0,0,1.0,0.0,0.0
c05_s04_cov100_seed00000010_bw000,5,4,1.0,0.0,10,X,Y,4,2,"C00,W",True,4,ok,e1_ladder,mpdag_criterion,True,"Conjecture 2 (hence Anti-Exchange Case B, verified not proved)","(('C00', 'Y'), ('W', 'Y'), ('X', 'Y'))",0.00027137500000051773,0.008527666999999184,0.008799041999999702,,15,0.004552457999999149,400,169,0,0,231,8,0.8,3.0,4,0.8,4,169,169,0,0,1.0,0.0,0.0
c05_s04_cov100_seed00000011_bw000,5,4,1.0,0.0,11,X,Y,4,2,"C00,W",True,4,ok,e1_ladder,mpdag_criterion,True,"Conjecture 2 (hence Anti-Exchange Case B, verified not proved)","(('C00', 'Y'), ('W', 'Y'), ('X', 'Y'))",0.0002671249999970371,0.008281333999999418,0.008548458999996456,,15,0.004436915999999513,400,169,0,0,231,8,0.8,3.0,4,0.8,4,169,169,0,0,1.0,0.0,0.0
c05_s04_cov100_seed00000012_bw000,5,4,1.0,0.0,12,X,Y,4,2,"C00,W",True,4,ok,e1_ladder,mpdag_criterion,True,"Conjecture 2 (hence Anti-Exchange Case B, verified not proved)","(('C00', 'Y'), ('W', 'Y'), ('X', 'Y'))",0.0002774169999995024,0.00842316700000012,0.008700583999999623,,15,0.004489874999997312,400,171,0,0,229,8,0.8,3.0,4,0.8,4,171,171,0,0,1.0,0.0,0.0
c05_s04_cov100_seed00000013_bw000,5,4,1.0,0.0,13,X,Y,4,2,"C00,W",True,4,ok,e1_ladder,mpdag_criterion,True,"Conjecture 2 (hence Anti-Exchange Case B, verified not proved)","(('C00', 'Y'), ('W', 'Y'), ('X', 'Y'))",0.00026820900000146253,0.009298457999999954,0.009566667000001416,,15,0.0044262499999980776,400,169,0,0,231,8,0.8,3.0,4,0.8,4,169,169,0,0,1.0,0.0,0.0
c05_s04_cov100_seed00000014_bw000,5,4,1.0,0.0,14,X,Y,4,2,"C00,W",True,4,ok,e1_ladder,mpdag_criterion,True,"Conjecture 2 (hence Anti-Exchange Case B, verified not proved)","(('C00', 'Y'), ('W', 'Y'), ('X', 'Y'))",0.0002699590000005969,0.008338583999996985,0.008608542999997582,,15,0.004162499999999625,400,168,0,0,232,8,0.8,3.0,4,0.8,4,168,168,0,0,1.0,0.0,0.0
c05_s04_cov100_seed00000000_bw010,5,4,1.0,0.1,0,X,Y,4,2,"C00,W",True,4,ok,e1_ladder,mpdag_criterion,True,"Conjecture 2 (hence Anti-Exchange Case B, verified not proved)","(('C00', 'Y'), ('W', 'Y'), ('X', 'Y'))",0.0002666250000018522,0.008240624999999113,0.008507250000000965,,15,0.0043735419999997305,400,169,0,0,231,8,0.8,3.0,4,0.8,4,169,169,0,0,1.0,0.0,0.0
c05_s04_cov100_seed00000001_bw010,5,4,1.0,0.1,1,X,Y,4,2,"C00,W",True,4,ok,e1_ladder,mpdag_criterion,True,"Conjecture 2 (hence Anti-Exchange Case B, verified not proved)","(('C00', 'Y'), ('W', 'Y'), ('X', 'Y'))",0.0003160830000012993,0.008986042000000083,0.009302125000001382,,15,0.004487582999999518,400,163,0,0,237,8,0.8,3.0,4,0.8,4,163,163,0,0,1.0,0.0,0.0
c05_s04_cov100_seed00000002_bw010,5,4,1.0,0.1,2,X,Y,4,2,"C00,W",True,4,ok,e1_ladder,mpdag_criterion,True,"Conjecture 2 (hence Anti-Exchange Case B, verified not proved)","(('C00', 'Y'), ('W', 'Y'), ('X', 'Y'))",0.00028725000000306977,0.009773792000000725,0.010061042000003795,,15,0.004780374999999282,400,165,0,0,235,8,0.8,3.0,4,0.8,4,165,165,0,0,1.0,0.0,0.0
c05_s04_cov100_seed00000003_bw010,5,4,1.0,0.1,3,X,Y,4,2,"C00,W",True,4,ok,e1_ladder,mpdag_criterion,True,"Conjecture 2 (hence Anti-Exchange Case B, verified not proved)","(('C00', 'Y'), ('W', 'Y'), ('X', 'Y'))",0.00028687499999691113,0.009004624999999322,0.009291499999996233,,15,0.004841500000001275,400,167,0,0,233,8,0.8,3.0,4,0.8,4,167,167,0,0,1.0,0.0,0.0
c05_s04_cov100_seed00000004_bw010,5,4,1.0,0.1,4,X,Y,4,2,"C00,W",True,4,ok,e1_ladder,mpdag_criterion,True,"Conjecture 2 (hence Anti-Exchange Case B, verified not proved)","(('C00', 'Y'), ('W', 'Y'), ('X', 'Y'))",0.00029304200000268565,0.009570000000000078,0.009863042000002764,,15,0.004616124999998306,400,166,0,0,234,8,0.8,3.0,4,0.8,4,166,166,0,0,1.0,0.0,0.0
c05_s04_cov100_seed00000005_bw010,5,4,1.0,0.1,5,X,Y,4,2,"C00,W",True,4,ok,e1_ladder,mpdag_criterion,True,"Conjecture 2 (hence Anti-Exchange Case B, verified not proved)","(('C00', 'Y'), ('W', 'Y'), ('X', 'Y'))",0.00026941599999830146,0.008802999999996786,0.009072415999995087,,15,0.004449292000000327,400,166,0,0,234,8,0.8,3.0,4,0.8,4,166,166,0,0,1.0,0.0,0.0
c05_s04_cov100_seed00000006_bw010,5,4,1.0,0.1,6,X,Y,4,2,"C00,W",True,4,ok,e1_ladder,mpdag_criterion,True,"Conjecture 2 (hence Anti-Exchange Case B, verified not proved)","(('C00', 'Y'), ('W', 'Y'), ('X', 'Y'))",0.00027362499999838974,0.008405624999998196,0.008679249999996586,,15,0.004372333000002726,400,163,0,0,237,8,0.8,3.0,4,0.8,4,163,163,0,0,1.0,0.0,0.0
c05_s04_cov100_seed00000007_bw010,5,4,1.0,0.1,7,X,Y,4,2,"C00,W",True,4,ok,e1_ladder,mpdag_criterion,True,"Conjecture 2 (hence Anti-Exchange Case B, verified not proved)","(('C00', 'Y'), ('W', 'Y'), ('X', 'Y'))",0.00027000000000043656,0.008671584000001786,0.008941584000002223,,15,0.004279957999997919,400,177,0,0,223,8,0.8,3.0,4,0.8,4,177,177,0,0,1.0,0.0,0.0
c05_s04_cov100_seed00000008_bw010,5,4,1.0,0.1,8,X,Y,4,2,"C00,W",True,4,ok,e1_ladder,mpdag_criterion,True,"Conjecture 2 (hence Anti-Exchange Case B, verified not proved)","(('C00', 'Y'), ('W', 'Y'), ('X', 'Y'))",0.00028116699999714,0.009244875000000263,0.009526041999997403,,15,0.004534750000001253,400,170,0,0,230,8,0.8,3.0,4,0.8,4,170,170,0,0,1.0,0.0,0.0
c05_s04_cov100_seed00000009_bw010,5,4,1.0,0.1,9,X,Y,4,2,"C00,W",True,4,ok,e1_ladder,mpdag_criterion,True,"Conjecture 2 (hence Anti-Exchange Case B, verified not proved)","(('C00', 'Y'), ('W', 'Y'), ('X', 'Y'))",0.000262040999999158,0.010159334000000797,0.010421374999999955,,15,0.004878832999999361,400,161,0,0,239,8,0.8,3.0,4,0.8,4,161,161,0,0,1.0,0.0,0.0
c05_s04_cov100_seed00000010_bw010,5,4,1.0,0.1,10,X,Y,4,2,"C00,W",True,4,ok,e1_ladder,mpdag_criterion,True,"Conjecture 2 (hence Anti-Exchange Case B, verified not proved)","(('C00', 'Y'), ('W', 'Y'), ('X', 'Y'))",0.0002842499999999859,0.008464792000001609,0.008749042000001594,,15,0.00429120899999802,400,155,0,0,245,8,0.8,3.0,4,0.8,4,155,155,0,0,1.0,0.0,0.0
c05_s04_cov100_seed00000011_bw010,5,4,1.0,0.1,11,X,Y,4,2,"C00,W",True,4,ok,e1_ladder,mpdag_criterion,True,"Conjecture 2 (hence Anti-Exchange Case B, verified not proved)","(('C00', 'Y'), ('W', 'Y'), ('X', 'Y'))",0.00028941700000117976,0.008365500000000026,0.008654917000001205,,15,0.004331791999998558,400,165,0,0,235,8,0.8,3.0,4,0.8,4,165,165,0,0,1.0,0.0,0.0
c05_s04_cov100_seed00000012_bw010,5,4,1.0,0.1,12,X,Y,4,2,"C00,W",True,4,ok,e1_ladder,mpdag_criterion,True,"Conjecture 2 (hence Anti-Exchange Case B, verified not proved)","(('C00', 'Y'), ('W', 'Y'), ('X', 'Y'))",0.0002619589999994787,0.008370750000000982,0.00863270900000046,,15,0.004455958000001203,400,161,0,0,239,8,0.8,3.0,4,0.8,4,161,161,0,0,1.0,0.0,0.0
c05_s04_cov100_seed00000013_bw010,5,4,1.0,0.1,13,X,Y,4,2,"C00,W",True,4,ok,e1_ladder,mpdag_criterion,True,"Conjecture 2 (hence Anti-Exchange Case B, verified not proved)","(('C00', 'Y'), ('W', 'Y'), ('X', 'Y'))",0.00027733299999965766,0.009219874999999433,0.009497207999999091,,15,0.004454333999998283,400,154,0,0,246,8,0.8,3.0,4,0.8,4,154,154,0,0,1.0,0.0,0.0
c05_s04_cov100_seed00000014_bw010,5,4,1.0,0.1,14,X,Y,4,2,"C00,W",True,4,ok,e1_ladder,mpdag_criterion,True,"Conjecture 2 (hence Anti-Exchange Case B, verified not proved)","(('C00', 'Y'), ('W', 'Y'), ('X', 'Y'))",0.0002688329999998018,0.008628125000001319,0.00889695800000112,,15,0.004385500000001485,400,172,0,0,228,8,0.8,3.0,4,0.8,4,172,172,0,0,1.0,0.0,0.0
c05_s04_cov100_seed00000013_bw025,5,4,1.0,0.25,13,X,Y,4,2,"C00,W",True,3,ok,local_up_fast,mpdag_criterion,True,"Conjecture 2 (hence Anti-Exchange Case B, verified not proved)",C00->Y C01->C00 W->Y X->Y C01-C02 C02-C03 C03-X,0.0004307499999995912,0.0,0.0004307499999995912,,15,0.004197334000000552,400,107,0,0,293,6,0.6,2.0,4,0.8,3,107,107,0,0,1.0,0.0,0.0
c05_s04_cov100_seed00000017_bw025,5,4,1.0,0.25,17,X,Y,4,2,"C00,W",True,3,ok,local_up_fast,mpdag_criterion,True,"Conjecture 2 (hence Anti-Exchange Case B, verified not proved)",C00->Y C01->C00 W->Y X->Y C01-C02 C02-C03 C03-X,0.0003689169999994135,0.0,0.0003689169999994135,,15,0.0044913749999970776,400,97,0,0,303,6,0.6,2.0,4,0.8,3,97,97,0,0,1.0,0.0,0.0
c05_s04_cov100_seed00000021_bw025,5,4,1.0,0.25,21,X,Y,4,2,"C00,W",True,3,ok,local_up_fast,mpdag_criterion,True,"Conjecture 2 (hence Anti-Exchange Case B, verified not proved)",C00->Y C01->C00 W->Y X->Y C01-C02 C02-C03 C03-X,0.00041866700000170454,0.0,0.00041866700000170454,,15,0.004200291000000078,400,113,0,0,287,6,0.6,2.0,4,0.8,3,113,113,0,0,1.0,0.0,0.0
c05_s04_cov100_seed00000027_bw025,5,4,1.0,0.25,27,X,Y,4,2,"C00,W",True,3,ok,local_up_fast,mpdag_criterion,True,"Conjecture 2 (hence Anti-Exchange Case B, verified not proved)",C00->Y C01->C00 W->Y X->Y C01-C02 C02-C03 C03-X,0.0003558340000004989,0.0,0.0003558340000004989,,15,0.004326416999997917,400,86,0,0,314,6,0.6,2.0,4,0.8,3,86,86,0,0,1.0,0.0,0.0
c05_s04_cov100_seed00000028_bw025,5,4,1.0,0.25,28,X,Y,4,2,"C00,W",True,3,ok,local_up_fast,mpdag_criterion,True,"Conjecture 2 (hence Anti-Exchange Case B, verified not proved)",C00->Y C01->C00 W->Y X->Y C01-C02 C02-C03 C03-X,0.00037904200000227206,0.0,0.00037904200000227206,,15,0.004317333999999562,400,103,0,0,297,6,0.6,2.0,4,0.8,3,103,103,0,0,1.0,0.0,0.0
c05_s04_cov100_seed00000032_bw025,5,4,1.0,0.25,32,X,Y,4,2,"C00,W",True,3,ok,local_up_fast,mpdag_criterion,True,"Conjecture 2 (hence Anti-Exchange Case B, verified not proved)",C00->Y C01->C00 W->Y X->Y C01-C02 C02-C03 C03-X,0.000613707999999491,0.0,0.000613707999999491,,15,0.004965292000001398,400,95,0,0,305,6,0.6,2.0,4,0.8,3,95,95,0,0,1.0,0.0,0.0
c05_s04_cov100_seed00000034_bw025,5,4,1.0,0.25,34,X,Y,4,2,"C00,W",True,3,ok,local_up_fast,mpdag_criterion,True,"Conjecture 2 (hence Anti-Exchange Case B, verified not proved)",C00->Y C01->C00 W->Y X->Y C01-C02 C02-C03 C03-X,0.0004410419999985038,0.0,0.0004410419999985038,,15,0.004378250000002026,400,99,0,0,301,6,0.6,2.0,4,0.8,3,99,99,0,0,1.0,0.0,0.0
c05_s04_cov100_seed00000041_bw025,5,4,1.0,0.25,41,X,Y,4,2,"C00,W",True,3,ok,local_up_fast,mpdag_criterion,True,"Conjecture 2 (hence Anti-Exchange Case B, verified not proved)",C00->Y C01->C00 W->Y X->Y C01-C02 C02-C03 C03-X,0.00042733399999761446,0.0,0.00042733399999761446,,15,0.004822292000000061,400,100,0,0,300,6,0.6,2.0,4,0.8,3,100,100,0,0,1.0,0.0,0.0
c05_s04_cov100_seed00000044_bw025,5,4,1.0,0.25,44,X,Y,4,2,"C00,W",True,3,ok,local_up_fast,mpdag_criterion,True,"Conjecture 2 (hence Anti-Exchange Case B, verified not proved)",C00->Y C01->C00 W->Y X->Y C01-C02 C02-C03 C03-X,0.0005031249999980503,0.0,0.0005031249999980503,,15,0.004637292000001736,400,90,0,0,310,6,0.6,2.0,4,0.8,3,90,90,0,0,1.0,0.0,0.0
c05_s04_cov100_seed00000050_bw025,5,4,1.0,0.25,50,X,Y,4,2,"C00,W",True,3,ok,local_up_fast,mpdag_criterion,True,"Conjecture 2 (hence Anti-Exchange Case B, verified not proved)",C00->Y C01->C00 W->Y X->Y C01-C02 C02-C03 C03-X,0.00036137500000066325,0.0,0.00036137500000066325,,15,0.0053078339999999,400,95,0,0,305,6,0.6,2.0,4,0.8,3,95,95,0,0,1.0,0.0,0.0
c05_s04_cov100_seed00000057_bw025,5,4,1.0,0.25,57,X,Y,4,2,"C00,W",True,3,ok,local_up_fast,mpdag_criterion,True,"Conjecture 2 (hence Anti-Exchange Case B, verified not proved)",C00->Y C01->C00 W->Y X->Y C01-C02 C02-C03 C03-X,0.00036908299999893757,0.0,0.00036908299999893757,,15,0.005201582999998067,400,89,0,0,311,6,0.6,2.0,4,0.8,3,89,89,0,0,1.0,0.0,0.0
c05_s04_cov100_seed00000063_bw025,5,4,1.0,0.25,63,X,Y,4,2,"C00,W",True,3,ok,local_up_fast,mpdag_criterion,True,"Conjecture 2 (hence Anti-Exchange Case B, verified not proved)",C00->Y C01->C00 W->Y X->Y C01-C02 C02-C03 C03-X,0.0005576670000024819,0.0,0.0005576670000024819,,15,0.005027375000000944,400,96,0,0,304,6,0.6,2.0,4,0.8,3,96,96,0,0,1.0,0.0,0.0
c05_s04_cov100_seed00000064_bw025,5,4,1.0,0.25,64,X,Y,4,2,"C00,W",True,3,ok,local_up_fast,mpdag_criterion,True,"Conjecture 2 (hence Anti-Exchange Case B, verified not proved)",C00->Y C01->C00 W->Y X->Y C01-C02 C02-C03 C03-X,0.00036766699999901675,0.0,0.00036766699999901675,,15,0.004901749999998373,400,90,0,0,310,6,0.6,2.0,4,0.8,3,90,90,0,0,1.0,0.0,0.0
c05_s04_cov100_seed00000066_bw025,5,4,1.0,0.25,66,X,Y,4,2,"C00,W",True,3,ok,local_up_fast,mpdag_criterion,True,"Conjecture 2 (hence Anti-Exchange Case B, verified not proved)",C00->Y C01->C00 W->Y X->Y C01-C02 C02-C03 C03-X,0.00036562500000059117,0.0,0.00036562500000059117,,15,0.005087916000000803,400,96,0,0,304,6,0.6,2.0,4,0.8,3,96,96,0,0,1.0,0.0,0.0
c05_s04_cov100_seed00000070_bw025,5,4,1.0,0.25,70,X,Y,4,2,"C00,W",True,3,ok,local_up_fast,mpdag_criterion,True,"Conjecture 2 (hence Anti-Exchange Case B, verified not proved)",C00->Y C01->C00 W->Y X->Y C01-C02 C02-C03 C03-X,0.0004169579999988571,0.0,0.0004169579999988571,,15,0.004756667000002324,400,86,0,0,314,6,0.6,2.0,4,0.8,3,86,86,0,0,1.0,0.0,0.0
c06_s01_cov050_seed00000000_bw000,6,1,0.5,0.0,0,X,Y,4,2,"C00,W",True,1,ok,local_up_fast,mpdag_criterion,True,"Conjecture 2 (hence Anti-Exchange Case B, verified not proved)",C00->C02 C00->C03 C00->C04 C00->Y C03->C05 W->Y X->Y C00-X C02-X C03-X,0.0004685829999999669,0.0,0.0004685829999999669,,112,0.1526633749999995,400,136,0,0,264,6,0.24300000000000002,0.81,4,0.7484444444444444,4,136,136,0,0,1.0,0.0,0.0
c06_s01_cov050_seed00000001_bw000,6,1,0.5,0.0,1,X,Y,3,2,"C00,W",True,1,ok,local_up_fast,mpdag_criterion,True,"Conjecture 2 (hence Anti-Exchange Case B, verified not proved)",C00->C02 C00->C03 C00->Y C03->C04 C04->C05 W->Y X->Y C00-X C03-X,0.00024300000000110344,0.0,0.00024300000000110344,,69,0.05329341699999901,300,142,0,0,158,6,0.35,0.7,3,0.7,4,142,142,0,0,1.0,0.0,0.0
c06_s01_cov050_seed00000002_bw000,6,1,0.5,0.0,2,X,Y,3,2,"C00,W",True,1,ok,local_up_fast,mpdag_criterion,True,"Conjecture 2 (hence Anti-Exchange Case B, verified not proved)",C00->C02 C00->C03 C00->Y W->Y X->C04 X->Y C00-C05 C00-X C02-X,0.00023162500000140085,0.0,0.00023162500000140085,,80,0.059905834000002045,300,133,0,0,167,6,0.33,0.66,3,0.7,4,133,133,0,0,1.0,0.0,0.0
c06_s01_cov050_seed00000003_bw000,6,1,0.5,0.0,3,X,Y,4,2,"C00,W",True,1,ok,local_up_fast,mpdag_criterion,True,"Conjecture 2 (hence Anti-Exchange Case B, verified not proved)",C00->C02 C00->C03 C00->C04 C00->Y C02->C05 W->Y X->Y C00-X C02-X C03-C04,0.0003397919999983401,0.0,0.0003397919999983401,,221,0.2717594169999984,400,136,0,0,264,5,0.563,1.21,4,0.6328947368421052,3,136,136,0,0,1.0,0.0,0.0
c06_s01_cov050_seed00000004_bw000,6,1,0.5,0.0,4,X,Y,2,2,"C00,W",True,1,ok,local_up_fast,mpdag_criterion,True,"Conjecture 2 (hence Anti-Exchange Case B, verified not proved)",C00->C05 C00->Y C02->C03 C03->C04 W->Y X->C02 X->Y C00-X,0.00017033299999980045,0.0,0.00017033299999980045,,21,0.014777915999999891,200,100,0,0,100,5,0.5199999999999999,0.52,2,0.7,2,100,100,0,0,1.0,0.0,0.0
c06_s01_cov050_seed00000005_bw000,6,1,0.5,0.0,5,X,Y,3,2,"C00,W",True,1,ok,local_up_fast,mpdag_criterion,True,"Conjecture 2 (hence Anti-Exchange Case B, verified not proved)",C00->Y C02->C03 C02->C04 W->Y X->C02 X->C04 X->C05 X->Y C00-X,0.00023175000000108525,0.0,0.00023175000000108525,,80,0.059145374999999945,300,133,0,0,167,7,0.2916666666666667,0.5833333333333334,3,0.5,3,133,133,0,0,1.0,0.0,0.0
c06_s01_cov050_seed00000006_bw000,6,1,0.5,0.0,6,X,Y,2,2,"C00,W",True,1,ok,local_up_fast,mpdag_criterion,True,"Conjecture 2 (hence Anti-Exchange Case B, verified not proved)",C00->C02 C00->Y C02->C04 W->Y X->C03 X->C05 X->Y C00-X,0.00017545900000115466,0.0,0.00017545900000115466,,24,0.015174208000001244,200,100,0,0,100,4,0.46999999999999986,0.47,2,0.8,2,100,100,0,0,1.0,0.0,0.0
c06_s01_cov050_seed00000007_bw000,6,1,0.5,0.0,7,X,Y,2,2,"C00,W",True,1,ok,local_up_fast,mpdag_criterion,True,"Conjecture 2 (hence Anti-Exchange Case B, verified not proved)",C00->Y C03->C04 W->Y X->C02 X->C03 X->C05 X->Y C00-X,0.00017991700000052901,0.0,0.00017991700000052901,,30,0.017154874999999237,200,152,0,0,48,6,0.0,0.0,2,0.0,2,152,152,0,0,1.0,0.0,0.0
c06_s01_cov050_seed00000008_bw000,6,1,0.5,0.0,8,X,Y,2,2,"C00,W",True,1,ok,local_up_fast,mpdag_criterion,True,"Conjecture 2 (hence Anti-Exchange Case B, verified not proved)",C00->C03 C00->Y C02->C04 C03->C05 W->Y X->C02 X->Y C00-X,0.00018133300000044983,0.0,0.00018133300000044983,,21,0.014740666000001568,200,100,0,0,100,4,0.4900000000000001,0.49,2,0.8,2,100,100,0,0,1.0,0.0,0.0
c06_s01_cov050_seed00000009_bw000,6,1,0.5,0.0,9,X,Y,3,2,"C00,W",True,1,ok,local_up_fast,mpdag_criterion,True,"Conjecture 2 (hence Anti-Exchange Case B, verified not proved)",C00->C02 C00->Y C02->C03 C02->C04 C03->C05 W->Y X->Y C00-X C02-X,0.00024716699999771663,0.0,0.00024716699999771663,,81,0.06371229100000164,300,227,0,0,73,8,0.3633995037220844,0.9138957816377171,3,0.3,5,227,227,0,0,1.0,0.0,0.0
c06_s01_cov050_seed00000010_bw000,6,1,0.5,0.0,10,X,Y,4,2,"C00,W",True,1,ok,local_up_fast,mpdag_criterion,True,"Conjecture 2 (hence Anti-Exchange Case B, verified not proved)",C00->C02 C00->C05 C00->Y C02->C03 C02->C04 W->Y X->Y C00-X C02-X C05-X,0.0003251660000032075,0.0,0.0003251660000032075,,101,0.12734970800000056,400,143,0,0,257,8,0.2523373983739837,0.8411246612466124,4,0.3644226579520697,4,143,143,0,0,1.0,0.0,0.0
c06_s01_cov050_seed00000011_bw000,6,1,0.5,0.0,11,X,Y,3,2,"C00,W",True,1,ok,local_up_fast,mpdag_criterion,True,"Conjecture 2 (hence Anti-Exchange Case B, verified not proved)",C00->C02 C00->C03 C00->Y W->Y X->Y C00-C04 C00-C05 C00-X C02-C04,0.00020895799999820497,0.0,0.00020895799999820497,,98,0.07496533299999797,300,100,0,0,200,4,0.6500000000000001,0.65,3,0.8793103448275861,2,100,100,0,0,1.0,0.0,0.0
c06_s01_cov050_seed00000012_bw000,6,1,0.5,0.0,12,X,Y,4,2,"C00,W",True,1,ok,local_up_fast,mpdag_criterion,True,"Conjecture 2 (hence Anti-Exchange Case B, verified not proved)",C00->C03 C00->C04 C00->C05 C00->Y W->Y X->C02 X->Y C00-X C03-X C04-C05,0.0002625410000014483,0.0,0.0002625410000014483,,221,0.2736023329999995,400,129,0,0,271,5,0.5629310344827585,1.2327586206896552,4,0.7717948717948717,3,129,129,0,0,1.0,0.0,0.0
c06_s01_cov050_seed00000013_bw000,6,1,0.5,0.0,13,X,Y,3,2,"C00,W",True,1,ok,local_up_fast,mpdag_criterion,True,"Conjecture 2 (hence Anti-Exchange Case B, verified not proved)",C00->Y C02->C03 C02->C04 W->Y X->C02 X->C05 X->Y C00-X C03-C04,0.0002332919999972205,0.0,0.0002332919999972205,,77,0.0895157090000005,300,203,0,0,97,8,0.0,0.0,3,0.0,3,203,203,0,0,1.0,0.0,0.0
c06_s01_cov050_seed00000014_bw000,6,1,0.5,0.0,14,X,Y,2,2,"C00,W",True,1,ok,local_up_fast,mpdag_criterion,True,"Conjecture 2 (hence Anti-Exchange Case B, verified not proved)",C00->C02 C00->Y C02->C03 C04->C05 W->Y X->C04 X->Y C00-X,0.00018866599999967093,0.0,0.00018866599999967093,,21,0.014477665999997669,200,100,0,0,100,4,0.54,0.54,2,0.8,2,100,100,0,0,1.0,0.0,0.0
c06_s01_cov050_seed00000000_bw010,6,1,0.5,0.1,0,X,Y,4,2,"C00,W",True,1,ok,local_up_fast,mpdag_criterion,True,"Conjecture 2 (hence Anti-Exchange Case B, verified not proved)",C00->C02 C00->C03 C00->C04 C00->Y C03->C05 W->Y X->Y C00-X C02-X C03-X,0.000266875000001221,0.0,0.000266875000001221,,112,0.12073141699999823,400,133,0,0,267,6,0.23399999999999999,0.78,4,0.7226744186046512,4,133,133,0,0,1.0,0.0,0.0
c06_s01_cov050_seed00000001_bw010,6,1,0.5,0.1,1,X,Y,3,2,"C00,W",True,1,ok,local_up_fast,mpdag_criterion,True,"Conjecture 2 (hence Anti-Exchange Case B, verified not proved)",C00->C02 C00->C03 C00->Y C03->C04 C04->C05 W->Y X->Y C00-X C03-X,0.00020245800000040504,0.0,0.00020245800000040504,,69,0.0444072910000024,300,127,0,0,173,6,0.315,0.63,3,0.7,4,127,127,0,0,1.0,0.0,0.0
c06_s01_cov050_seed00000002_bw010,6,1,0.5,0.1,2,X,Y,3,2,"C00,W",True,1,ok,local_up_fast,mpdag_criterion,True,"Conjecture 2 (hence Anti-Exchange Case B, verified not proved)",C00->C02 C00->C03 C00->Y W->Y X->C04 X->Y C00-C05 C00-X C02-X,0.00020979199999970888,0.0,0.00020979199999970888,,80,0.04885670800000241,300,142,0,0,158,6,0.34,0.68,3,0.7,4,142,142,0,0,1.0,0.0,0.0
c06_s01_cov050_seed00000003_bw010,6,1,0.5,0.1,3,X,Y,4,2,"C00,W",True,1,ok,local_up_fast,mpdag_criterion,True,"Conjecture 2 (hence Anti-Exchange Case B, verified not proved)",C00->C02 C00->C03 C00->C04 C00->Y C02->C05 W->Y X->Y C00-X C02-X C03-C04,0.0002297089999991897,0.0,0.0002297089999991897,,221,0.236374541,400,136,0,0,264,5,0.47177777777777774,1.0911111111111111,4,0.6410958904109589,3,136,136,0,0,1.0,0.0,0.0
c06_s01_cov050_seed00000004_bw010,6,1,0.5,0.1,4,X,Y,2,2,"C00,W",True,1,ok,local_up_fast,mpdag_criterion,True,"Conjecture 2 (hence Anti-Exchange Case B, verified not proved)",C00->C05 C00->Y C02->C03 C03->C04 W->Y X->C02 X->Y C00-X,0.00014945799999921405,0.0,0.00014945799999921405,,21,0.013136000000002923,200,100,0,0,100,5,0.4900000000000001,0.49,2,0.7,2,100,100,0,0,1.0,0.0,0.0
c06_s01_cov050_seed00000005_bw010,6,1,0.5,0.1,5,X,Y,3,2,"C00,W",True,1,ok,local_up_fast,mpdag_criterion,True,"Conjecture 2 (hence Anti-Exchange Case B, verified not proved)",C00->Y C02->C03 C02->C04 W->Y X->C02 X->C04 X->C05 X->Y C00-X,0.00020137500000316777,0.0,0.00020137500000316777,,80,0.049581874999997666,300,132,0,0,168,7,0.25806451612903225,0.5161290322580645,3,0.5,3,132,132,0,0,1.0,0.0,0.0
c06_s01_cov050_seed00000006_bw010,6,1,0.5,0.1,6,X,Y,2,2,"C00,W",True,1,ok,local_up_fast,mpdag_criterion,True,"Conjecture 2 (hence Anti-Exchange Case B, verified not proved)",C00->C02 C00->Y C02->C04 W->Y X->C03 X->C05 X->Y C00-X,0.00014883300000079203,0.0,0.00014883300000079203,,24,0.013458583999998552,200,100,0,0,100,4,0.5300000000000001,0.53,2,0.8,2,100,100,0,0,1.0,0.0,0.0
c06_s01_cov050_seed00000007_bw010,6,1,0.5,0.1,7,X,Y,2,2,"C00,W",True,1,ok,local_up_fast,mpdag_criterion,True,"Conjecture 2 (hence Anti-Exchange Case B, verified not proved)",C00->Y C03->C04 W->Y X->C02 X->C03 X->C05 X->Y C00-X,0.00016191699999978937,0.0,0.00016191699999978937,,30,0.014657166999999305,200,150,0,0,50,6,0.0,0.0,2,0.0,2,150,150,0,0,1.0,0.0,0.0
c06_s01_cov050_seed00000008_bw010,6,1,0.5,0.1,8,X,Y,2,2,"C00,W",True,1,ok,local_up_fast,mpdag_criterion,True,"Conjecture 2 (hence Anti-Exchange Case B, verified not proved)",C00->C03 C00->Y C02->C04 C03->C05 W->Y X->C02 X->Y C00-X,0.00015470900000025267,0.0,0.00015470900000025267,,21,0.013333875000000717,200,100,0,0,100,4,0.45000000000000007,0.45,2,0.8,2,100,100,0,0,1.0,0.0,0.0
c06_s01_cov050_seed00000009_bw010,6,1,0.5,0.1,9,X,Y,3,2,"C00,W",True,1,ok,local_up_fast,mpdag_criterion,True,"Conjecture 2 (hence Anti-Exchange Case B, verified not proved)",C00->C02 C00->Y C02->C03 C02->C04 C03->C05 W->Y X->Y C00-X C02-X,0.000236791999999042,0.0,0.000236791999999042,,81,0.05480120900000074,300,238,0,0,62,8,0.38571428571428573,0.9746031746031746,3,0.3,5,238,238,0,0,1.0,0.0,0.0
c06_s01_cov050_seed00000010_bw010,6,1,0.5,0.1,10,X,Y,4,2,"C00,W",True,1,ok,local_up_fast,mpdag_criterion,True,"Conjecture 2 (hence Anti-Exchange Case B, verified not proved)",C00->C02 C00->C05 C00->Y C02->C03 C02->C04 W->Y X->Y C00-X C02-X C05-X,0.0002962499999981105,0.0,0.0002962499999981105,,101,0.11813808299999806,400,161,0,0,239,8,0.30343434343434345,1.0114478114478116,4,0.412807881773399,4,161,161,0,0,1.0,0.0,0.0
c06_s01_cov050_seed00000011_bw010,6,1,0.5,0.1,11,X,Y,3,2,"C00,W",True,1,ok,local_up_fast,mpdag_criterion,True,"Conjecture 2 (hence Anti-Exchange Case B, verified not proved)",C00->C02 C00->C03 C00->Y W->Y X->Y C00-C04 C00-C05 C00-X C02-C04,0.00019762500000197747,0.0,0.00019762500000197747,,98,0.06743949999999899,300,100,0,0,200,4,0.7300000000000001,0.73,3,0.9228571428571428,2,100,100,0,0,1.0,0.0,0.0
c06_s01_cov050_seed00000012_bw010,6,1,0.5,0.1,12,X,Y,4,2,"C00,W",True,1,ok,local_up_fast,mpdag_criterion,True,"Conjecture 2 (hence Anti-Exchange Case B, verified not proved)",C00->C03 C00->C04 C00->C05 C00->Y W->Y X->C02 X->Y C00-X C03-X C04-C05,0.00024524999999897545,0.0,0.00024524999999897545,,221,0.2414499579999969,400,135,0,0,265,5,0.5240000000000001,1.1371428571428572,4,0.7666666666666666,3,135,135,0,0,1.0,0.0,0.0
c06_s01_cov050_seed00000013_bw010,6,1,0.5,0.1,13,X,Y,3,2,"C00,W",True,1,ok,local_up_fast,mpdag_criterion,True,"Conjecture 2 (hence Anti-Exchange Case B, verified not proved)",C00->Y C02->C03 C02->C04 W->Y X->C02 X->C05 X->Y C00-X C03-C04,0.00019729099999921118,0.0,0.00019729099999921118,,77,0.05384491599999919,300,201,0,0,99,8,0.0,0.0,3,0.0,3,201,201,0,0,1.0,0.0,0.0
c06_s01_cov050_seed00000014_bw010,6,1,0.5,0.1,14,X,Y,2,2,"C00,W",True,1,ok,local_up_fast,mpdag_criterion,True,"Conjecture 2 (hence Anti-Exchange Case B, verified not proved)",C00->C02 C00->Y C02->C03 C04->C05 W->Y X->C04 X->Y C00-X,0.00015791699999923026,0.0,0.00015791699999923026,,21,0.013364250000002187,200,100,0,0,100,4,0.5700000000000001,0.57,2,0.8,2,100,100,0,0,1.0,0.0,0.0
c06_s01_cov050_seed00000000_bw025,6,1,0.5,0.25,0,X,Y,4,2,"C00,W",True,1,ok,local_up_fast,mpdag_criterion,True,"Conjecture 2 (hence Anti-Exchange Case B, verified not proved)",C00->C02 C00->C04 C00->Y C03->C00 C03->X W->Y X->C02 X->Y C00-X C03-C05,0.0003014169999993044,0.0,0.0003014169999993044,,112,0.12051220800000095,400,124,0,0,276,10,0.3445460942997889,1.1484869809992964,4,0.4212121212121212,5,124,124,0,0,1.0,0.0,0.0
c06_s01_cov050_seed00000001_bw025,6,1,0.5,0.25,1,X,Y,3,2,"C00,W",True,2,ok,local_up_fast,mpdag_criterion,True,"Conjecture 2 (hence Anti-Exchange Case B, verified not proved)",C00->C03 C00->Y C03->C04 C04->C05 W->Y X->Y C00-C02 C00-X C03-X,0.0004431670000002441,0.0,0.0004431670000002441,,69,0.045203125000000455,300,206,0,0,94,8,0.656164383561644,1.5205479452054793,3,0.6,4,206,206,0,0,1.0,0.0,0.0
c06_s01_cov050_seed00000002_bw025,6,1,0.5,0.25,2,X,Y,3,1,W,True,1,ok,local_up_fast,mpdag_criterion,True,"Conjecture 2 (hence Anti-Exchange Case B, verified not proved)",C00->C02 C00->C03 C00->C05 C00->Y W->Y X->C02 X->Y C00-X C04-X,0.00030829199999971024,0.0,0.00030829199999971024,,80,0.06487133299999925,300,132,0,0,168,7,0.0,0.0,3,0.0,4,132,132,0,0,1.0,0.0,0.0
c06_s01_cov050_seed00000003_bw025,6,1,0.5,0.25,3,X,Y,4,2,"C00,W",True,1,ok,local_up_fast,mpdag_criterion,True,"Conjecture 2 (hence Anti-Exchange Case B, verified not proved)",C00->C03 C00->C04 C00->Y C02->C00 C02->X W->Y X->Y C00-X C02-C05 C03-C04,0.00032287500000194314,0.0,0.00032287500000194314,,221,0.24405695900000168,400,123,0,0,277,8,0.7760033444816054,2.2533444816053514,4,0.5086956521739131,4,123,123,0,0,1.0,0.0,0.0
c06_s01_cov050_seed00000004_bw025,6,1,0.5,0.25,4,X,Y,2,2,"C00,W",True,1,ok,local_up_fast,mpdag_criterion,True,"Conjecture 2 (hence Anti-Exchange Case B, verified not proved)",C00->C05 C00->Y C02->C03 C03->C04 W->Y X->C02 X->Y C00-X,0.00014750000000063324,0.0,0.00014750000000063324,,21,0.01354433300000224,200,100,0,0,100,5,0.4900000000000001,0.49,2,0.7,2,100,100,0,0,1.0,0.0,0.0
c06_s01_cov050_seed00000005_bw025,6,1,0.5,0.25,5,X,Y,3,1,W,True,1,ok,local_up_fast,mpdag_criterion,True,"Conjecture 2 (hence Anti-Exchange Case B, verified not proved)",C00->Y C02->C03 C02->C04 W->Y X->Y C00-X C02-X C04-X C05-X,0.00028095800000116355,0.0,0.00028095800000116355,,80,0.05182745800000177,300,132,0,0,168,7,0.325,0.65,3,0.6,4,132,132,0,0,1.0,0.0,0.0
c06_s01_cov050_seed00000006_bw025,6,1,0.5,0.25,6,X,Y,2,2,"C00,W",True,1,ok,local_up_fast,mpdag_criterion,True,"Conjecture 2 (hence Anti-Exchange Case B, verified not proved)",C00->C02 C00->Y C02->C04 W->Y X->C03 X->C05 X->Y C00-X,0.0001556660000012755,0.0,0.0001556660000012755,,24,0.01372658299999685,200,100,0,0,100,4,0.5,0.5,2,0.8,2,100,100,0,0,1.0,0.0,0.0
c06_s01_cov050_seed00000007_bw025,6,1,0.5,0.25,7,X,Y,2,2,"C00,W",True,1,ok,local_up_fast,mpdag_criterion,True,"Conjecture 2 (hence Anti-Exchange Case B, verified not proved)",C00->Y C03->C04 W->Y X->C02 X->C03 X->C05 X->Y C00-X,0.00022249999999957026,0.0,0.00022249999999957026,,30,0.014476292000001223,200,151,0,0,49,6,0.0,0.0,2,0.0,2,151,151,0,0,1.0,0.0,0.0
c06_s01_cov050_seed00000008_bw025,6,1,0.5,0.25,8,X,Y,2,2,"C00,W",True,1,ok,local_up_fast,mpdag_criterion,True,"Conjecture 2 (hence Anti-Exchange Case B, verified not proved)",C00->C03 C00->Y C02->C04 C03->C05 W->Y X->C02 X->Y C00-X,0.00015404200000190826,0.0,0.00015404200000190826,,21,0.01322070899999872,200,100,0,0,100,4,0.54,0.54,2,0.8,2,100,100,0,0,1.0,0.0,0.0
c06_s01_cov050_seed00000009_bw025,6,1,0.5,0.25,9,X,Y,3,2,"C00,W",True,1,ok,local_up_fast,mpdag_criterion,True,"Conjecture 2 (hence Anti-Exchange Case B, verified not proved)",C00->Y C02->C00 C02->C03 C02->X C03->C05 W->Y X->Y C00-X C02-C04,0.00027645900000194956,0.0,0.00027645900000194956,,81,0.05581395799999811,300,175,0,0,125,7,0.305,0.61,3,0.2,4,175,175,0,0,1.0,0.0,0.0
c06_s01_cov050_seed00000010_bw025,6,1,0.5,0.25,10,X,Y,4,2,"C00,W",True,1,ok,local_up_fast,mpdag_criterion,True,"Conjecture 2 (hence Anti-Exchange Case B, verified not proved)",C00->C05 C00->Y C02->C00 C02->C03 C02->X W->Y X->C05 X->Y C00-X C02-C04,0.00037625000000218733,0.0,0.00037625000000218733,,101,0.11488854099999912,400,157,0,0,243,10,0.3162037037037037,1.0540123456790123,4,0.4511420059582919,5,157,157,0,0,1.0,0.0,0.0
c06_s01_cov050_seed00000011_bw025,6,1,0.5,0.25,11,X,Y,3,1,W,True,1,ok,local_up_fast,mpdag_criterion,True,"Conjecture 2 (hence Anti-Exchange Case B, verified not proved)",C00->C02 C00->C03 C00->C04 C00->C05 C00->Y W->Y X->Y C00-X C02-C04,0.00022841600000234052,0.0,0.00022841600000234052,,98,0.06520712500000059,300,105,0,0,195,5,0.0,0.0,3,0.0,2,105,105,0,0,1.0,0.0,0.0
c06_s01_cov050_seed00000012_bw025,6,1,0.5,0.25,12,X,Y,4,2,"C00,W",True,2,ok,local_up_fast,mpdag_criterion,True,"Conjecture 2 (hence Anti-Exchange Case B, verified not proved)",C00->C03 C00->C04 C00->Y C05->C04 W->Y X->C02 X->Y C00-C05 C00-X C03-X,0.0006221249999995848,0.0,0.0006221249999995848,,221,0.24520829199999739,400,123,0,0,277,8,0.49375,1.6458333333333335,4,0.8,4,123,123,0,0,1.0,0.0,0.0
c06_s01_cov050_seed00000014_bw025,6,1,0.5,0.25,14,X,Y,2,2,"C00,W",True,1,ok,local_up_fast,mpdag_criterion,True,"Conjecture 2 (hence Anti-Exchange Case B, verified not proved)",C00->C02 C00->Y C02->C03 C04->C05 W->Y X->C04 X->Y C00-X,0.00015320800000040435,0.0,0.00015320800000040435,,21,0.013362916999998475,200,100,0,0,100,4,0.5,0.5,2,0.8,2,100,100,0,0,1.0,0.0,0.0
c06_s01_cov050_seed00000015_bw025,6,1,0.5,0.25,15,X,Y,3,1,W,True,1,ok,local_up_fast,mpdag_criterion,True,"Conjecture 2 (hence Anti-Exchange Case B, verified not proved)",C00->C04 C00->C05 C00->Y W->Y X->Y C00-X C02-C03 C02-X C04-C05,0.00025945900000223787,0.0,0.00025945900000223787,,67,0.05730016700000107,300,199,0,0,101,8,0.0,0.0,3,0.0,3,199,199,0,0,1.0,0.0,0.0
c06_s01_cov100_seed00000000_bw000,6,1,1.0,0.0,0,X,Y,7,2,"C00,W",True,1,ok,local_up_fast,mpdag_criterion,True,"Conjecture 2 (hence Anti-Exchange Case B, verified not proved)",C00->C02 C00->C03 C00->C04 C00->Y C03->C05 W->Y X->C02 X->C03 X->Y C00-X,0.00030041700000182914,0.0,0.00030041700000182914,,112,0.12149458400000057,700,104,0,0,596,8,0.26605339105339104,1.6913780663780662,7,0.48014069264069265,4,104,104,0,0,1.0,0.0,0.0
c06_s01_cov100_seed00000001_bw000,6,1,1.0,0.0,1,X,Y,6,2,"C00,W",True,1,ok,local_up_fast,mpdag_criterion,True,"Conjecture 2 (hence Anti-Exchange Case B, verified not proved)",C00->C02 C00->C03 C00->Y C03->C04 C04->C05 W->Y X->C03 X->Y C00-X,0.0002190000000013015,0.0,0.0002190000000013015,,69,0.046260292000003034,600,111,0,0,489,10,0.449512987012987,2.6112012987012987,6,0.6034902597402597,5,111,111,0,0,1.0,0.0,0.0
c06_s01_cov100_seed00000002_bw000,6,1,1.0,0.0,2,X,Y,6,2,"C00,W",True,1,ok,local_up_fast,mpdag_criterion,True,"Conjecture 2 (hence Anti-Exchange Case B, verified not proved)",C00->C02 C00->C03 C00->C05 C00->Y W->Y X->C02 X->C04 X->Y C00-X,0.00038516600000093604,0.0,0.00038516600000093604,,80,0.05182695799999948,600,125,0,0,475,6,0.24899749373433586,1.2449874686716793,6,0.51296992481203,3,125,125,0,0,1.0,0.0,0.0
c06_s01_cov100_seed00000003_bw000,6,1,1.0,0.0,3,X,Y,7,2,"C00,W",True,1,ok,local_up_fast,mpdag_criterion,True,"Conjecture 2 (hence Anti-Exchange Case B, verified not proved)",C00->C02 C00->C03 C00->C04 C00->Y C02->C05 C03->C04 W->Y X->C02 X->Y C00-X,0.00041804099999964706,0.0,0.00041804099999964706,,221,0.2834004169999993,700,131,0,0,569,10,0.4052503052503053,2.6459096459096463,7,0.6006105006105006,5,131,131,0,0,1.0,0.0,0.0
c06_s01_cov100_seed00000004_bw000,6,1,1.0,0.0,4,X,Y,5,2,"C00,W",True,1,ok,local_up_fast,mpdag_criterion,True,"Conjecture 2 (hence Anti-Exchange Case B, verified not proved)",C00->C05 C00->Y C02->C03 C03->C04 W->Y X->C02 X->Y C00-X,0.0002719160000026477,0.0,0.0002719160000026477,,21,0.015917542000000395,500,74,0,0,426,8,0.15,0.5,5,0.15,4,74,74,0,0,1.0,0.0,0.0
c06_s01_cov100_seed00000005_bw000,6,1,1.0,0.0,5,X,Y,6,2,"C00,W",True,1,ok,local_up_fast,mpdag_criterion,True,"Conjecture 2 (hence Anti-Exchange Case B, verified not proved)",C00->Y C02->C03 C02->C04 W->Y X->C02 X->C04 X->C05 X->Y C00-X,0.00021570799999892643,0.0,0.00021570799999892643,,80,0.05906866599999816,600,81,0,0,519,8,0.07647058823529411,0.38235294117647056,6,0.11470588235294117,4,81,81,0,0,1.0,0.0,0.0
c06_s01_cov100_seed00000006_bw000,6,1,1.0,0.0,6,X,Y,5,2,"C00,W",True,1,ok,local_up_fast,mpdag_criterion,True,"Conjecture 2 (hence Anti-Exchange Case B, verified not proved)",C00->C02 C00->Y C02->C04 W->Y X->C03 X->C05 X->Y C00-X,0.00016858300000066606,0.0,0.00016858300000066606,,24,0.014900167000000408,500,59,0,0,441,4,0.32071428571428573,0.7357142857142858,5,0.41500000000000004,2,59,59,0,0,1.0,0.0,0.0
c06_s01_cov100_seed00000007_bw000,6,1,1.0,0.0,7,X,Y,5,2,"C00,W",True,1,ok,local_up_fast,mpdag_criterion,True,"Conjecture 2 (hence Anti-Exchange Case B, verified not proved)",C00->Y C03->C04 W->Y X->C02 X->C03 X->C05 X->Y C00-X,0.0002635000000026366,0.0,0.0002635000000026366,,30,0.016935624999998566,500,49,0,0,451,6,0.0,0.0,5,0.0,3,49,49,0,0,1.0,0.0,0.0
c06_s01_cov100_seed00000008_bw000,6,1,1.0,0.0,8,X,Y,5,2,"C00,W",True,1,ok,local_up_fast,mpdag_criterion,True,"Conjecture 2 (hence Anti-Exchange Case B, verified not proved)",C00->C03 C00->Y C02->C04 C03->C05 W->Y X->C02 X->Y C00-X,0.00016937499999869488,0.0,0.00016937499999869488,,21,0.014944541999998506,500,72,0,0,428,6,0.213219094247246,0.8335373317013464,5,0.3430844553243574,3,72,72,0,0,1.0,0.0,0.0
c06_s01_cov100_seed00000009_bw000,6,1,1.0,0.0,9,X,Y,6,2,"C00,W",True,1,ok,local_up_fast,mpdag_criterion,True,"Conjecture 2 (hence Anti-Exchange Case B, verified not proved)",C00->C02 C00->Y C02->C03 C02->C04 C03->C05 W->Y X->C02 X->Y C00-X,0.000334166999998331,0.0,0.000334166999998331,,81,0.06196258299999968,600,94,0,0,506,10,0.4021189336978811,2.3526999316473,6,0.5114490772385509,5,94,94,0,0,1.0,0.0,0.0
c06_s01_cov100_seed00000010_bw000,6,1,1.0,0.0,10,X,Y,7,2,"C00,W",True,1,ok,local_up_fast,mpdag_criterion,True,"Conjecture 2 (hence Anti-Exchange Case B, verified not proved)",C00->C02 C00->C05 C00->Y C02->C03 C02->C04 W->Y X->C02 X->C05 X->Y C00-X,0.0003257080000018675,0.0,0.0003257080000018675,,101,0.11610858399999913,700,82,0,0,618,8,0.33788285197429974,1.906805564219325,7,0.49557108103050346,4,82,82,0,0,1.0,0.0,0.0
c06_s01_cov100_seed00000011_bw000,6,1,1.0,0.0,11,X,Y,6,2,"C00,W",True,1,ok,local_up_fast,mpdag_criterion,True,"Conjecture 2 (hence Anti-Exchange Case B, verified not proved)",C00->C02 C00->C03 C00->C04 C00->C05 C00->Y C02->C04 W->Y X->Y C00-X,0.0005319999999997549,0.0,0.0005319999999997549,,98,0.06828475000000012,600,122,0,0,478,6,0.9162085976039464,2.5810429880197323,6,0.8208245243128964,3,122,122,0,0,1.0,0.0,0.0
c06_s01_cov100_seed00000012_bw000,6,1,1.0,0.0,12,X,Y,7,2,"C00,W",True,1,ok,local_up_fast,mpdag_criterion,True,"Conjecture 2 (hence Anti-Exchange Case B, verified not proved)",C00->C03 C00->C04 C00->C05 C00->Y C04->C05 W->Y X->C02 X->C03 X->Y C00-X,0.00028537500000069826,0.0,0.00028537500000069826,,221,0.27687720800000193,700,137,0,0,563,8,0.5730268629875239,2.4417893672024276,7,0.6096796673035855,4,137,137,0,0,1.0,0.0,0.0
c06_s01_cov100_seed00000013_bw000,6,1,1.0,0.0,13,X,Y,6,2,"C00,W",True,1,ok,local_up_fast,mpdag_criterion,True,"Conjecture 2 (hence Anti-Exchange Case B, verified not proved)",C00->Y C02->C03 C02->C04 C03->C04 W->Y X->C02 X->C05 X->Y C00-X,0.00022591699999807702,0.0,0.00022591699999807702,,77,0.05327933399999907,600,114,0,0,486,10,0.11764705882352941,0.5882352941176471,6,0.1764705882352941,5,114,114,0,0,1.0,0.0,0.0
c06_s01_cov100_seed00000014_bw000,6,1,1.0,0.0,14,X,Y,5,2,"C00,W",True,1,ok,local_up_fast,mpdag_criterion,True,"Conjecture 2 (hence Anti-Exchange Case B, verified not proved)",C00->C02 C00->Y C02->C03 C04->C05 W->Y X->C04 X->Y C00-X,0.00015554199999812113,0.0,0.00015554199999812113,,21,0.013409875000000682,500,71,0,0,429,6,0.21400000000000002,0.8200000000000001,5,0.346,3,71,71,0,0,1.0,0.0,0.0
c06_s01_cov100_seed00000000_bw010,6,1,1.0,0.1,0,X,Y,7,2,"C00,W",True,2,ok,local_up_fast,mpdag_criterion,True,"Conjecture 2 (hence Anti-Exchange Case B, verified not proved)",C00->C02 C00->C03 C00->C04 C00->Y C03->C05 W->Y X->C02 X->Y C00-X C03-X,0.0005175830000005988,0.0,0.0005175830000005988,,112,0.11952612500000015,700,77,0,0,623,8,0.34013377926421406,1.939799331103679,7,0.5357859531772575,4,77,77,0,0,1.0,0.0,0.0
c06_s01_cov100_seed00000001_bw010,6,1,1.0,0.1,1,X,Y,6,2,"C00,W",True,2,ok,local_up_fast,mpdag_criterion,True,"Conjecture 2 (hence Anti-Exchange Case B, verified not proved)",C00->C02 C00->C03 C00->Y C03->C04 C04->C05 W->Y X->Y C00-X C03-X,0.0004210829999991006,0.0,0.0004210829999991006,,69,0.04490566699999832,600,94,0,0,506,8,0.344,1.92,6,0.5360000000000001,4,94,94,0,0,1.0,0.0,0.0
c06_s01_cov100_seed00000004_bw010,6,1,1.0,0.1,4,X,Y,5,2,"C00,W",True,1,ok,local_up_fast,mpdag_criterion,True,"Conjecture 2 (hence Anti-Exchange Case B, verified not proved)",C00->C05 C00->Y C02->C03 C03->C04 W->Y X->C02 X->Y C00-X,0.00015166699999724642,0.0,0.00015166699999724642,,21,0.013056375000001452,500,77,0,0,423,8,0.14285714285714285,0.47619047619047616,5,0.14285714285714285,4,77,77,0,0,1.0,0.0,0.0
c06_s01_cov100_seed00000005_bw010,6,1,1.0,0.1,5,X,Y,6,1,W,True,1,ok,local_up_fast,mpdag_criterion,True,"Conjecture 2 (hence Anti-Exchange Case B, verified not proved)",C00->Y C02->C03 C02->C04 W->Y X->C02 X->C04 X->C05 X->Y C00-X,0.0002684580000007486,0.0,0.0002684580000007486,,80,0.05089241700000002,600,109,0,0,491,6,0.8933760683760685,2.466880341880342,6,0.7872863247863248,3,109,109,0,0,1.0,0.0,0.0
c06_s01_cov100_seed00000006_bw010,6,1,1.0,0.1,6,X,Y,5,2,"C00,W",True,1,ok,local_up_fast,mpdag_criterion,True,"Conjecture 2 (hence Anti-Exchange Case B, verified not proved)",C00->C02 C00->Y C02->C04 W->Y X->C03 X->C05 X->Y C00-X,0.00016420800000105373,0.0,0.00016420800000105373,,24,0.013215249999998235,500,72,0,0,428,4,0.3590909090909091,0.7207792207792207,5,0.3616883116883117,2,72,72,0,0,1.0,0.0,0.0
c06_s01_cov100_seed00000007_bw010,6,1,1.0,0.1,7,X,Y,5,2,"C00,W",True,1,ok,local_up_fast,mpdag_criterion,True,"Conjecture 2 (hence Anti-Exchange Case B, verified not proved)",C00->Y C03->C04 W->Y X->C02 X->C03 X->C05 X->Y C00-X,0.00017425000000059754,0.0,0.00017425000000059754,,30,0.014293709000000376,500,73,0,0,427,6,0.0,0.0,5,0.0,3,73,73,0,0,1.0,0.0,0.0
c06_s01_cov100_seed00000008_bw010,6,1,1.0,0.1,8,X,Y,5,2,"C00,W",True,1,ok,local_up_fast,mpdag_criterion,True,"Conjecture 2 (hence Anti-Exchange Case B, verified not proved)",C00->C03 C00->Y C02->C04 C03->C05 W->Y X->C02 X->Y C00-X,0.00015204199999985235,0.0,0.00015204199999985235,,21,0.01301729200000068,500,57,0,0,443,6,0.27499999999999997,1.1388888888888888,5,0.43611111111111106,3,57,57,0,0,1.0,0.0,0.0
c06_s01_cov100_seed00000009_bw010,6,1,1.0,0.1,9,X,Y,6,2,"C00,W",True,2,ok,local_up_fast,mpdag_criterion,True,"Conjecture 2 (hence Anti-Exchange Case B, verified not proved)",C00->C02 C00->Y C02->C03 C02->C04 C03->C05 W->Y X->Y C00-X C02-X,0.00040579199999868365,0.0,0.00040579199999868365,,81,0.05455108299999978,600,92,0,0,508,8,0.34592592592592597,1.8296296296296297,6,0.528888888888889,4,92,92,0,0,1.0,0.0,0.0
c06_s01_cov100_seed00000011_bw010,6,1,1.0,0.1,11,X,Y,6,1,W,True,1,ok,local_up_fast,mpdag_criterion,True,"Conjecture 2 (hence Anti-Exchange Case B, verified not proved)",C00->C02 C00->C03 C00->C04 C00->C05 C00->Y C02->C04 W->Y X->Y C00-X,0.00019983400000000984,0.0,0.00019983400000000984,,98,0.06471950000000248,600,79,0,0,521,8,0.11428571428571428,0.5714285714285714,6,0.17142857142857143,4,79,79,0,0,1.0,0.0,0.0
c06_s01_cov100_seed00000014_bw010,6,1,1.0,0.1,14,X,Y,5,2,"C00,W",True,1,ok,local_up_fast,mpdag_criterion,True,"Conjecture 2 (hence Anti-Exchange Case B, verified not proved)",C00->C02 C00->Y C02->C03 C04->C05 W->Y X->C04 X->Y C00-X,0.0001703339999998832,0.0,0.0001703339999998832,,21,0.013236166999998744,500,76,0,0,424,6,0.23706293706293705,0.9417249417249417,5,0.37995337995337997,3,76,76,0,0,1.0,0.0,0.0
c06_s01_cov100_seed00000019_bw010,6,1,1.0,0.1,19,X,Y,6,2,"C00,W",True,1,ok,local_up_fast,mpdag_criterion,True,"Conjecture 2 (hence Anti-Exchange Case B, verified not proved)",C00->C04 C00->C05 C00->Y C03->C02 W->Y X->C02 X->C03 X->Y C00-X,0.00021770799999742962,0.0,0.00021770799999742962,,77,0.06256508399999916,600,105,0,0,495,8,0.253125,1.265625,6,0.3796875,4,105,105,0,0,1.0,0.0,0.0
c06_s01_cov100_seed00000021_bw010,6,1,1.0,0.1,21,X,Y,5,2,"C00,W",True,1,ok,local_up_fast,mpdag_criterion,True,"Conjecture 2 (hence Anti-Exchange Case B, verified not proved)",C00->C02 C00->C05 C00->Y C02->C03 W->Y X->C04 X->Y C00-X,0.0001587919999970211,0.0,0.0001587919999970211,,25,0.015429417,500,75,0,0,425,4,0.4774853801169591,1.0730994152046784,5,0.5956140350877195,2,75,75,0,0,1.0,0.0,0.0
c06_s01_cov100_seed00000022_bw010,6,1,1.0,0.1,22,X,Y,7,2,"C00,W",True,2,ok,local_up_fast,mpdag_criterion,True,"Conjecture 2 (hence Anti-Exchange Case B, verified not proved)",C00->C02 C00->C03 C00->C05 C00->Y C02->C04 W->Y X->C03 X->Y C00-X C02-X,0.000591166999999615,0.0,0.000591166999999615,,112,0.13658320800000112,700,85,0,0,615,8,0.37587412587412583,2.22027972027972,7,0.6122377622377622,4,85,85,0,0,1.0,0.0,0.0
c06_s01_cov100_seed00000024_bw010,6,1,1.0,0.1,24,X,Y,5,2,"C00,W",True,1,ok,local_up_fast,mpdag_criterion,True,"Conjecture 2 (hence Anti-Exchange Case B, verified not proved)",C00->C02 C00->C03 C00->C04 C00->Y C02->C05 W->Y X->Y C00-X,0.00015154200000111473,0.0,0.00015154200000111473,,30,0.016436667000000682,500,83,0,0,417,4,0.9526315789473685,1.8421052631578947,5,0.8894736842105264,2,83,83,0,0,1.0,0.0,0.0
c06_s01_cov100_seed00000025_bw010,6,1,1.0,0.1,25,X,Y,8,1,W,True,1,ok,local_up_fast,mpdag_criterion,True,"Conjecture 2 (hence Anti-Exchange Case B, verified not proved)",C00->C02 C00->C03 C00->C05 C00->Y C02->C03 C02->C04 W->Y X->C02 X->C04 X->Y C00-X,0.00027712500000021123,0.0,0.00027712500000021123,,152,0.35392200000000074,800,53,0,0,747,10,0.10808080808080808,0.8585858585858586,8,0.23535353535353537,5,53,53,0,0,1.0,0.0,0.0
c06_s01_cov100_seed00000001_bw025,6,1,1.0,0.25,1,X,Y,6,2,"C00,W",True,1,ok,local_up_fast,mpdag_criterion,True,"Conjecture 2 (hence Anti-Exchange Case B, verified not proved)",C00->C02 C00->Y C03->C00 C03->C04 C03->X C04->C05 W->Y X->Y C00-X,0.00022725000000178852,0.0,0.00022725000000178852,,69,0.044741709000000185,600,97,0,0,503,6,0.43756557168321875,1.4605551311433667,6,0.5469009421950599,3,97,97,0,0,1.0,0.0,0.0
c06_s01_cov100_seed00000007_bw025,6,1,1.0,0.25,7,X,Y,5,1,W,True,1,ok,local_up_fast,mpdag_criterion,True,"Conjecture 2 (hence Anti-Exchange Case B, verified not proved)",C00->Y C03->C04 W->Y X->C02 X->C03 X->C05 X->Y C00-X,0.00026558299999734913,0.0,0.00026558299999734913,,30,0.014526041999999961,500,93,0,0,407,4,0.9346153846153846,1.782051282051282,5,0.8474358974358974,2,93,93,0,0,1.0,0.0,0.0
c06_s01_cov100_seed00000008_bw025,6,1,1.0,0.25,8,X,Y,5,1,W,True,1,ok,local_up_fast,mpdag_criterion,True,"Conjecture 2 (hence Anti-Exchange Case B, verified not proved)",C00->C03 C00->Y C02->C04 C03->C05 W->Y X->C02 X->Y C00-X,0.00020637500000120212,0.0,0.00020637500000120212,,21,0.013325667000000152,500,58,0,0,442,6,0.2625,1.0625,5,0.41875,3,58,58,0,0,1.0,0.0,0.0
c06_s01_cov100_seed00000010_bw025,6,1,1.0,0.25,10,X,Y,7,2,"C00,W",True,1,ok,local_up_fast,mpdag_criterion,True,"Conjecture 2 (hence Anti-Exchange Case B, verified not proved)",C00->C05 C00->Y C02->C00 C02->C03 C02->C04 C02->X W->Y X->C05 X->Y C00-X,0.0002919999999981826,0.0,0.0002919999999981826,,101,0.11217495900000074,700,101,0,0,599,10,0.38828571428571423,2.347142857142857,7,0.5479999999999999,5,101,101,0,0,1.0,0.0,0.0
c06_s01_cov100_seed00000012_bw025,6,1,1.0,0.25,12,X,Y,7,1,W,True,1,ok,local_up_fast,mpdag_criterion,True,"Conjecture 2 (hence Anti-Exchange Case B, verified not proved)",C00->C03 C00->C04 C00->C05 C00->Y C05->C04 W->Y X->C02 X->C03 X->Y C00-X,0.0002688329999998018,0.0,0.0002688329999998018,,221,0.2383571670000002,700,122,0,0,578,10,0.22051282051282053,1.3449883449883449,7,0.34592074592074595,5,122,122,0,0,1.0,0.0,0.0
c06_s01_cov100_seed00000021_bw025,6,1,1.0,0.25,21,X,Y,5,1,W,True,1,ok,local_up_fast,mpdag_criterion,True,"Conjecture 2 (hence Anti-Exchange Case B, verified not proved)",C00->C02 C00->C05 C00->Y C02->C03 W->Y X->C04 X->Y C00-X,0.00019166700000283754,0.0,0.00019166700000283754,,25,0.012581499999999579,500,67,0,0,433,6,0.14166666666666666,0.4722222222222222,5,0.2361111111111111,3,67,67,0,0,1.0,0.0,0.0
c06_s01_cov100_seed00000023_bw025,6,1,1.0,0.25,23,X,Y,6,1,W,True,1,ok,local_up_fast,mpdag_criterion,True,"Conjecture 2 (hence Anti-Exchange Case B, verified not proved)",C00->C02 C00->C03 C00->C05 C00->Y C02->C04 C03->C02 W->Y X->Y C00-X,0.0002021250000012742,0.0,0.0002021250000012742,,80,0.05708554200000293,600,100,0,0,500,10,0.10857142857142857,0.5428571428571428,6,0.16285714285714287,5,100,100,0,0,1.0,0.0,0.0
c06_s01_cov100_seed00000024_bw025,6,1,1.0,0.25,24,X,Y,5,1,W,True,1,ok,local_up_fast,mpdag_criterion,True,"Conjecture 2 (hence Anti-Exchange Case B, verified not proved)",C00->C02 C00->C03 C00->C04 C00->Y C02->C05 W->Y X->Y C00-X,0.0001732909999958565,0.0,0.0001732909999958565,,30,0.013606750000001,500,63,0,0,437,6,0.0,0.0,5,0.0,3,63,63,0,0,1.0,0.0,0.0
c06_s01_cov100_seed00000026_bw025,6,1,1.0,0.25,26,X,Y,7,2,"C00,W",True,1,ok,local_up_fast,mpdag_criterion,True,"Conjecture 2 (hence Anti-Exchange Case B, verified not proved)",C00->C03 C00->Y C02->C00 C02->C04 C02->C05 C02->X W->Y X->C03 X->Y C00-X,0.0002950829999974758,0.0,0.0002950829999974758,,101,0.12614020800000247,700,97,0,0,603,10,0.29457455113192815,1.9252537080405934,7,0.4620999219359875,5,97,97,0,0,1.0,0.0,0.0
c06_s01_cov100_seed00000031_bw025,6,1,1.0,0.25,31,X,Y,7,2,"C00,W",True,3,ok,local_up_fast,mpdag_criterion,True,"Conjecture 2 (hence Anti-Exchange Case B, verified not proved)",C00->C02 C00->C05 C00->Y C02->C03 C02->C05 W->Y X->Y C00-C04 C00-X C02-X,0.0012775419999968562,0.0,0.0012775419999968562,,138,0.17845450000000085,700,84,0,0,616,8,0.7076923076923075,3.1153846153846154,7,0.823076923076923,4,84,84,0,0,1.0,0.0,0.0
c06_s01_cov100_seed00000035_bw025,6,1,1.0,0.25,35,X,Y,6,1,W,True,2,ok,local_up_fast,mpdag_criterion,True,"Conjecture 2 (hence Anti-Exchange Case B, verified not proved)",C00->C02 C00->C04 C00->Y C02->C04 C02->C05 W->Y X->Y C00-X C03-X,0.0004932080000017436,0.0,0.0004932080000017436,,69,0.052622624999997925,600,110,0,0,490,10,0.3125,1.5625,6,0.4125,5,110,110,0,0,1.0,0.0,0.0
c06_s01_cov100_seed00000036_bw025,6,1,1.0,0.25,36,X,Y,5,1,W,True,1,ok,local_up_fast,mpdag_criterion,True,"Conjecture 2 (hence Anti-Exchange Case B, verified not proved)",C00->C02 C00->C03 C00->Y C02->C05 C03->C04 W->Y X->Y C00-X,0.00017799999999823513,0.0,0.00017799999999823513,,25,0.01446654100000444,500,68,0,0,432,6,0.0,0.0,5,0.0,3,68,68,0,0,1.0,0.0,0.0
c06_s01_cov100_seed00000040_bw025,6,1,1.0,0.25,40,X,Y,5,2,"C00,W",True,2,ok,local_up_fast,mpdag_criterion,True,"Conjecture 2 (hence Anti-Exchange Case B, verified not proved)",C00->C05 C00->Y C02->C03 W->Y X->C02 X->Y C00-C04 C00-X,0.00029383300000063173,0.0,0.00029383300000063173,,24,0.015230750000000626,500,86,0,0,414,8,0.4,1.5,5,0.45,4,86,86,0,0,1.0,0.0,0.0
c06_s01_cov100_seed00000042_bw025,6,1,1.0,0.25,42,X,Y,6,2,"C00,W",True,3,ok,local_up_fast,mpdag_criterion,True,"Conjecture 2 (hence Anti-Exchange Case B, verified not proved)",C00->C04 C00->Y C02->C03 C02->C04 W->Y X->Y C00-C02 C00-X C02-C05,0.0009586250000026553,0.0,0.0009586250000026553,,80,0.08472504100000577,600,86,0,0,514,8,0.6416666666666665,3.0833333333333335,6,0.8166666666666667,4,86,86,0,0,1.0,0.0,0.0
c06_s01_cov100_seed00000047_bw025,6,1,1.0,0.25,47,X,Y,5,2,"C00,W",True,2,ok,local_up_fast,mpdag_criterion,True,"Conjecture 2 (hence Anti-Exchange Case B, verified not proved)",C00->C02 C00->C04 C00->Y C02->C03 W->Y X->Y C00-C05 C00-X,0.00027558299999697056,0.0,0.00027558299999697056,,30,0.015816958000002046,500,49,0,0,451,6,0.9266666666666665,2.6333333333333333,5,0.8899999999999999,3,49,49,0,0,1.0,0.0,0.0
c06_s03_cov050_seed00000000_bw000,6,3,0.5,0.0,0,X,Y,4,2,"C00,W",True,3,ok,local_up_fast,mpdag_criterion,True,"Conjecture 2 (hence Anti-Exchange Case B, verified not proved)",C00->Y C02->C04 C02->C05 W->Y X->Y C00-C01 C01-C02 C02-X C04-X C05-X,0.0008008750000030318,0.0,0.0008008750000030318,,128,0.16654366699999912,400,192,0,0,208,9,0.7056603773584905,2.5283018867924527,4,0.8056603773584905,4,192,192,0,0,1.0,0.0,0.0
c06_s03_cov050_seed00000001_bw000,6,3,0.5,0.0,1,X,Y,3,2,"C00,W",True,3,ok,local_up_fast,mpdag_criterion,True,"Conjecture 2 (hence Anti-Exchange Case B, verified not proved)",C00->Y C01->C04 C02->C05 W->Y X->Y C00-C01 C01-C02 C02-X C05-X,0.0008665000000007694,0.0,0.0008665000000007694,,77,0.06104216600000001,300,170,0,0,130,7,0.8,2.0,3,0.8,3,170,170,0,0,1.0,0.0,0.0
c06_s03_cov050_seed00000002_bw000,6,3,0.5,0.0,2,X,Y,3,2,"C00,W",True,3,ok,local_up_fast,mpdag_criterion,True,"Conjecture 2 (hence Anti-Exchange Case B, verified not proved)",C00->Y C01->C05 C02->C04 W->Y X->Y C00-C01 C01-C02 C02-X C04-X,0.000840583000005779,0.0,0.000840583000005779,,77,0.06069041700000355,300,168,0,0,132,7,0.8,2.0,3,0.8,3,168,168,0,0,1.0,0.0,0.0
c06_s03_cov050_seed00000003_bw000,6,3,0.5,0.0,3,X,Y,3,2,"C00,W",True,3,ok,local_up_fast,mpdag_criterion,True,"Conjecture 2 (hence Anti-Exchange Case B, verified not proved)",C00->Y C02->C04 W->Y X->Y C00-C01 C00-C05 C01-C02 C02-X C04-X,0.0006171670000014728,0.0,0.0006171670000014728,,67,0.05569125000000241,300,161,0,0,139,8,0.8,2.0,3,0.8,3,161,161,0,0,1.0,0.0,0.0
c06_s03_cov050_seed00000004_bw000,6,3,0.5,0.0,4,X,Y,2,2,"C00,W",True,2,ok,local_up_fast,mpdag_criterion,True,"Conjecture 2 (hence Anti-Exchange Case B, verified not proved)",C00->Y C02->C04 C04->C05 W->Y X->Y C00-C01 C01-C02 C02-X,0.00032004199999846605,0.0,0.00032004199999846605,,25,0.01561749999999762,200,145,0,0,55,5,0.7,1.0,2,0.3103448275862069,1,145,145,0,0,1.0,0.0,0.0
c06_s03_cov050_seed00000005_bw000,6,3,0.5,0.0,5,X,Y,2,2,"C00,W",True,2,ok,local_up_fast,mpdag_criterion,True,"Conjecture 2 (hence Anti-Exchange Case B, verified not proved)",C00->Y C02->C04 C04->C05 W->Y X->Y C00-C01 C01-C02 C02-X,0.0002629580000004239,0.0,0.0002629580000004239,,25,0.013258957999994436,200,156,0,0,44,5,0.7,1.0,2,0.358974358974359,1,156,156,0,0,1.0,0.0,0.0
c06_s03_cov050_seed00000006_bw000,6,3,0.5,0.0,6,X,Y,2,2,"C00,W",True,2,ok,local_up_fast,mpdag_criterion,True,"Conjecture 2 (hence Anti-Exchange Case B, verified not proved)",C00->Y C02->C05 W->Y X->Y C00-C01 C01-C02 C01-C04 C02-X,0.00031954199999972843,0.0,0.00031954199999972843,,28,0.01584987500000068,200,151,0,0,49,6,0.7,1.0,2,0.9,2,151,151,0,0,1.0,0.0,0.0
c06_s03_cov050_seed00000007_bw000,6,3,0.5,0.0,7,X,Y,2,2,"C00,W",True,2,ok,local_up_fast,mpdag_criterion,True,"Conjecture 2 (hence Anti-Exchange Case B, verified not proved)",C00->Y W->Y X->C04 X->C05 X->Y C00-C01 C01-C02 C02-X,0.0003319170000040117,0.0,0.0003319170000040117,,24,0.01557600000000292,200,154,0,0,46,7,0.7,1.0,2,0.7,2,154,154,0,0,1.0,0.0,0.0
c06_s03_cov050_seed00000008_bw000,6,3,0.5,0.0,8,X,Y,2,2,"C00,W",True,2,ok,local_up_fast,mpdag_criterion,True,"Conjecture 2 (hence Anti-Exchange Case B, verified not proved)",C00->Y C02->C04 W->Y X->Y C00-C01 C01-C02 C01-C05 C02-X,0.00033583300000117333,0.0,0.00033583300000117333,,28,0.015539916000001597,200,145,0,0,55,6,0.7,1.0,2,0.9,2,145,145,0,0,1.0,0.0,0.0
c06_s03_cov050_seed00000009_bw000,6,3,0.5,0.0,9,X,Y,3,2,"C00,W",True,3,ok,local_up_fast,mpdag_criterion,True,"Conjecture 2 (hence Anti-Exchange Case B, verified not proved)",C00->Y C01->C04 W->Y X->Y C00-C01 C00-C05 C01-C02 C02-C04 C02-X,0.001946000000003778,0.0,0.001946000000003778,,69,0.05259033299999771,300,148,0,0,152,9,0.8,2.0,3,0.8,3,148,148,0,0,1.0,0.0,0.0
c06_s03_cov050_seed00000010_bw000,6,3,0.5,0.0,10,X,Y,3,2,"C00,W",True,3,ok,local_up_fast,mpdag_criterion,True,"Conjecture 2 (hence Anti-Exchange Case B, verified not proved)",C00->Y C02->C04 C04->C05 W->Y X->Y C00-C01 C01-C02 C02-X C04-X,0.0006517079999994735,0.0,0.0006517079999994735,,69,0.0573205829999992,300,158,0,0,142,8,0.8,2.0,3,0.8,3,158,158,0,0,1.0,0.0,0.0
c06_s03_cov050_seed00000011_bw000,6,3,0.5,0.0,11,X,Y,2,2,"C00,W",True,2,ok,local_up_fast,mpdag_criterion,True,"Conjecture 2 (hence Anti-Exchange Case B, verified not proved)",C00->Y W->Y X->Y C00-C01 C00-C04 C00-C05 C01-C02 C02-X,0.0002938749999970014,0.0,0.0002938749999970014,,24,0.014833666000001244,200,151,0,0,49,7,0.7,1.0,2,0.8,2,151,151,0,0,1.0,0.0,0.0
c06_s03_cov050_seed00000012_bw000,6,3,0.5,0.0,12,X,Y,3,2,"C00,W",True,3,ok,local_up_fast,mpdag_criterion,True,"Conjecture 2 (hence Anti-Exchange Case B, verified not proved)",C00->Y C02->C04 W->Y X->Y C00-C01 C00-C05 C01-C02 C01-C05 C02-X,0.0005296659999984854,0.0,0.0005296659999984854,,77,0.060789292000002604,300,168,0,0,132,7,0.8,2.0,3,0.9,3,168,168,0,0,1.0,0.0,0.0
c06_s03_cov050_seed00000013_bw000,6,3,0.5,0.0,13,X,Y,2,2,"C00,W",True,2,ok,local_up_fast,mpdag_criterion,True,"Conjecture 2 (hence Anti-Exchange Case B, verified not proved)",C00->Y C04->C05 W->Y X->C04 X->Y C00-C01 C01-C02 C02-X,0.00034733399999709036,0.0,0.00034733399999709036,,21,0.014779292000000055,200,154,0,0,46,7,0.7,1.0,2,0.7,2,154,154,0,0,1.0,0.0,0.0
c06_s03_cov050_seed00000014_bw000,6,3,0.5,0.0,14,X,Y,2,2,"C00,W",True,2,ok,local_up_fast,mpdag_criterion,True,"Conjecture 2 (hence Anti-Exchange Case B, verified not proved)",C00->Y W->Y X->Y C00-C01 C00-C04 C01-C02 C02-X C04-C05,0.00030866600000223343,0.0,0.00030866600000223343,,21,0.01464591700000284,200,149,0,0,51,7,0.7,1.0,2,0.8,2,149,149,0,0,1.0,0.0,0.0
c06_s03_cov050_seed00000000_bw010,6,3,0.5,0.1,0,X,Y,4,2,"C00,W",True,3,ok,local_up_fast,mpdag_criterion,True,"Conjecture 2 (hence Anti-Exchange Case B, verified not proved)",C00->Y C02->C04 C02->C05 W->Y X->Y C00-C01 C01-C02 C02-X C04-X C05-X,0.0007272089999972309,0.0,0.0007272089999972309,,128,0.14540512500000347,400,193,0,0,207,9,0.723404255319149,2.617021276595745,4,0.823404255319149,4,193,193,0,0,1.0,0.0,0.0
c06_s03_cov050_seed00000001_bw010,6,3,0.5,0.1,1,X,Y,3,2,"C00,W",True,3,ok,local_up_fast,mpdag_criterion,True,"Conjecture 2 (hence Anti-Exchange Case B, verified not proved)",C00->Y C01->C04 C02->C05 W->Y X->Y C00-C01 C01-C02 C02-X C05-X,0.0007225410000017973,0.0,0.0007225410000017973,,77,0.05304891699999814,300,165,0,0,135,7,0.8,2.0,3,0.8,3,165,165,0,0,1.0,0.0,0.0
c06_s03_cov050_seed00000002_bw010,6,3,0.5,0.1,2,X,Y,3,2,"C00,W",True,3,ok,local_up_fast,mpdag_criterion,True,"Conjecture 2 (hence Anti-Exchange Case B, verified not proved)",C00->Y C01->C05 C02->C04 W->Y X->Y C00-C01 C01-C02 C02-X C04-X,0.000682624999996051,0.0,0.000682624999996051,,77,0.05193979099999524,300,180,0,0,120,7,0.8,2.0,3,0.8,3,180,180,0,0,1.0,0.0,0.0
c06_s03_cov050_seed00000003_bw010,6,3,0.5,0.1,3,X,Y,3,2,"C00,W",True,3,ok,local_up_fast,mpdag_criterion,True,"Conjecture 2 (hence Anti-Exchange Case B, verified not proved)",C00->Y C02->C04 W->Y X->Y C00-C01 C00-C05 C01-C02 C02-X C04-X,0.0005103330000011397,0.0,0.0005103330000011397,,67,0.048209458999998844,300,154,0,0,146,8,0.8,2.0,3,0.8,3,154,154,0,0,1.0,0.0,0.0
c06_s03_cov050_seed00000004_bw010,6,3,0.5,0.1,4,X,Y,2,2,"C00,W",True,2,ok,local_up_fast,mpdag_criterion,True,"Conjecture 2 (hence Anti-Exchange Case B, verified not proved)",C00->Y C02->C04 C04->C05 W->Y X->Y C00-C01 C01-C02 C02-X,0.0002766249999979209,0.0,0.0002766249999979209,,25,0.013050124999999468,200,150,0,0,50,5,0.7,1.0,2,0.33333333333333337,1,150,150,0,0,1.0,0.0,0.0
c06_s03_cov050_seed00000005_bw010,6,3,0.5,0.1,5,X,Y,2,2,"C00,W",True,2,ok,local_up_fast,mpdag_criterion,True,"Conjecture 2 (hence Anti-Exchange Case B, verified not proved)",C00->Y C02->C04 C04->C05 W->Y X->Y C00-C01 C01-C02 C02-X,0.00029395800000031613,0.0,0.00029395800000031613,,25,0.012940167000003555,200,153,0,0,47,5,0.7,1.0,2,0.34640522875817,1,153,153,0,0,1.0,0.0,0.0
c06_s03_cov050_seed00000006_bw010,6,3,0.5,0.1,6,X,Y,2,2,"C00,W",True,2,ok,local_up_fast,mpdag_criterion,True,"Conjecture 2 (hence Anti-Exchange Case B, verified not proved)",C00->Y C02->C05 W->Y X->Y C00-C01 C01-C02 C01-C04 C02-X,0.00026129199999758157,0.0,0.00026129199999758157,,28,0.01329304200000081,200,146,0,0,54,6,0.7,1.0,2,0.9,2,146,146,0,0,1.0,0.0,0.0
c06_s03_cov050_seed00000007_bw010,6,3,0.5,0.1,7,X,Y,2,2,"C00,W",True,2,ok,local_up_fast,mpdag_criterion,True,"Conjecture 2 (hence Anti-Exchange Case B, verified not proved)",C00->Y W->Y X->C04 X->C05 X->Y C00-C01 C01-C02 C02-X,0.0002999160000030088,0.0,0.0002999160000030088,,24,0.013227041999996914,200,151,0,0,49,7,0.7,1.0,2,0.7,2,151,151,0,0,1.0,0.0,0.0
c06_s03_cov050_seed00000008_bw010,6,3,0.5,0.1,8,X,Y,2,2,"C00,W",True,2,ok,local_up_fast,mpdag_criterion,True,"Conjecture 2 (hence Anti-Exchange Case B, verified not proved)",C00->Y C02->C04 W->Y X->Y C00-C01 C01-C02 C01-C05 C02-X,0.00027391700000123365,0.0,0.00027391700000123365,,28,0.01322687500000086,200,147,0,0,53,6,0.7,1.0,2,0.9,2,147,147,0,0,1.0,0.0,0.0
c06_s03_cov050_seed00000009_bw010,6,3,0.5,0.1,9,X,Y,3,2,"C00,W",True,3,ok,local_up_fast,mpdag_criterion,True,"Conjecture 2 (hence Anti-Exchange Case B, verified not proved)",C00->Y C01->C04 W->Y X->Y C00-C01 C00-C05 C01-C02 C02-C04 C02-X,0.0005295830000022761,0.0,0.0005295830000022761,,69,0.04423533300000315,300,154,0,0,146,9,0.8,2.0,3,0.8,3,154,154,0,0,1.0,0.0,0.0
c06_s03_cov050_seed00000010_bw010,6,3,0.5,0.1,10,X,Y,3,2,"C00,W",True,3,ok,local_up_fast,mpdag_criterion,True,"Conjecture 2 (hence Anti-Exchange Case B, verified not proved)",C00->Y C02->C04 C04->C05 W->Y X->Y C00-C01 C01-C02 C02-X C04-X,0.0005620419999985415,0.0,0.0005620419999985415,,69,0.04409191700000292,300,174,0,0,126,8,0.8,2.0,3,0.8,3,174,174,0,0,1.0,0.0,0.0
c06_s03_cov050_seed00000011_bw010,6,3,0.5,0.1,11,X,Y,2,2,"C00,W",True,2,ok,local_up_fast,mpdag_criterion,True,"Conjecture 2 (hence Anti-Exchange Case B, verified not proved)",C00->Y W->Y X->Y C00-C01 C00-C04 C00-C05 C01-C02 C02-X,0.0002315839999980085,0.0,0.0002315839999980085,,24,0.012865499999996644,200,142,0,0,58,7,0.7,1.0,2,0.8,2,142,142,0,0,1.0,0.0,0.0
c06_s03_cov050_seed00000012_bw010,6,3,0.5,0.1,12,X,Y,3,2,"C00,W",True,3,ok,local_up_fast,mpdag_criterion,True,"Conjecture 2 (hence Anti-Exchange Case B, verified not proved)",C00->Y C02->C04 W->Y X->Y C00-C01 C00-C05 C01-C02 C01-C05 C02-X,0.0004554160000012075,0.0,0.0004554160000012075,,77,0.051303750000002424,300,168,0,0,132,7,0.8,2.0,3,0.9,3,168,168,0,0,1.0,0.0,0.0
c06_s03_cov050_seed00000013_bw010,6,3,0.5,0.1,13,X,Y,2,2,"C00,W",True,2,ok,local_up_fast,mpdag_criterion,True,"Conjecture 2 (hence Anti-Exchange Case B, verified not proved)",C00->Y C04->C05 W->Y X->C04 X->Y C00-C01 C01-C02 C02-X,0.00029099999999715465,0.0,0.00029099999999715465,,21,0.012847041000000559,200,151,0,0,49,7,0.7,1.0,2,0.7,2,151,151,0,0,1.0,0.0,0.0
c06_s03_cov050_seed00000014_bw010,6,3,0.5,0.1,14,X,Y,2,2,"C00,W",True,2,ok,local_up_fast,mpdag_criterion,True,"Conjecture 2 (hence Anti-Exchange Case B, verified not proved)",C00->Y W->Y X->Y C00-C01 C00-C04 C01-C02 C02-X C04-C05,0.00020883300000207328,0.0,0.00020883300000207328,,21,0.012792459000003475,200,153,0,0,47,7,0.7,1.0,2,0.8,2,153,153,0,0,1.0,0.0,0.0
c06_s03_cov050_seed00000004_bw025,6,3,0.5,0.25,4,X,Y,2,2,"C00,W",True,2,ok,local_up_fast,mpdag_criterion,True,"Conjecture 2 (hence Anti-Exchange Case B, verified not proved)",C00->Y C02->C04 C04->C05 W->Y X->Y C00-C01 C01-C02 C02-X,0.0002771249999966585,0.0,0.0002771249999966585,,25,0.01303908300000245,200,156,0,0,44,5,0.7,1.0,2,0.358974358974359,1,156,156,0,0,1.0,0.0,0.0
c06_s03_cov050_seed00000005_bw025,6,3,0.5,0.25,5,X,Y,2,2,"C00,W",True,2,ok,local_up_fast,mpdag_criterion,True,"Conjecture 2 (hence Anti-Exchange Case B, verified not proved)",C00->Y C02->C04 C04->C05 W->Y X->Y C00-C01 C01-C02 C02-X,0.00026183299999615883,0.0,0.00026183299999615883,,25,0.013027582999995957,200,148,0,0,52,5,0.7,1.0,2,0.3243243243243244,1,148,148,0,0,1.0,0.0,0.0
c06_s03_cov050_seed00000006_bw025,6,3,0.5,0.25,6,X,Y,2,2,"C00,W",True,2,ok,local_up_fast,mpdag_criterion,True,"Conjecture 2 (hence Anti-Exchange Case B, verified not proved)",C00->Y C02->C05 W->Y X->Y C00-C01 C01-C02 C01-C04 C02-X,0.0002498749999944039,0.0,0.0002498749999944039,,28,0.013049583000004361,200,150,0,0,50,6,0.7,1.0,2,0.9,2,150,150,0,0,1.0,0.0,0.0
c06_s03_cov050_seed00000007_bw025,6,3,0.5,0.25,7,X,Y,2,2,"C00,W",True,2,ok,local_up_fast,mpdag_criterion,True,"Conjecture 2 (hence Anti-Exchange Case B, verified not proved)",C00->Y W->Y X->C04 X->C05 X->Y C00-C01 C01-C02 C02-X,0.00028366699999793354,0.0,0.00028366699999793354,,24,0.013065709000002812,200,150,0,0,50,7,0.7,1.0,2,0.7,2,150,150,0,0,1.0,0.0,0.0
c06_s03_cov050_seed00000008_bw025,6,3,0.5,0.25,8,X,Y,2,2,"C00,W",True,2,ok,local_up_fast,mpdag_criterion,True,"Conjecture 2 (hence Anti-Exchange Case B, verified not proved)",C00->Y C02->C04 W->Y X->Y C00-C01 C01-C02 C01-C05 C02-X,0.0003622920000054819,0.0,0.0003622920000054819,,28,0.01393904199999696,200,151,0,0,49,6,0.7,1.0,2,0.9,2,151,151,0,0,1.0,0.0,0.0
c06_s03_cov050_seed00000011_bw025,6,3,0.5,0.25,11,X,Y,2,2,"C00,W",True,2,ok,local_up_fast,mpdag_criterion,True,"Conjecture 2 (hence Anti-Exchange Case B, verified not proved)",C00->Y W->Y X->Y C00-C01 C00-C04 C00-C05 C01-C02 C02-X,0.00023054199999705816,0.0,0.00023054199999705816,,24,0.012954084000000421,200,153,0,0,47,7,0.7,1.0,2,0.8,2,153,153,0,0,1.0,0.0,0.0
c06_s03_cov050_seed00000013_bw025,6,3,0.5,0.25,13,X,Y,2,2,"C00,W",True,2,ok,local_up_fast,mpdag_criterion,True,"Conjecture 2 (hence Anti-Exchange Case B, verified not proved)",C00->Y C04->C05 W->Y X->C04 X->Y C00-C01 C01-C02 C02-X,0.0002803750000026639,0.0,0.0002803750000026639,,21,0.012722708999994836,200,152,0,0,48,7,0.7,1.0,2,0.7,2,152,152,0,0,1.0,0.0,0.0
c06_s03_cov050_seed00000014_bw025,6,3,0.5,0.25,14,X,Y,2,2,"C00,W",True,2,ok,local_up_fast,mpdag_criterion,True,"Conjecture 2 (hence Anti-Exchange Case B, verified not proved)",C00->Y W->Y X->Y C00-C01 C00-C04 C01-C02 C02-X C04-C05,0.0002185410000024035,0.0,0.0002185410000024035,,21,0.012695000000000789,200,148,0,0,52,7,0.7,1.0,2,0.8,2,148,148,0,0,1.0,0.0,0.0
c06_s03_cov050_seed00000015_bw025,6,3,0.5,0.25,15,X,Y,2,2,"C00,W",True,2,ok,local_up_fast,mpdag_criterion,True,"Conjecture 2 (hence Anti-Exchange Case B, verified not proved)",C00->Y W->Y X->C04 X->C05 X->Y C00-C01 C01-C02 C02-X,0.00027875000000676664,0.0,0.00027875000000676664,,24,0.01307808399999999,200,157,0,0,43,7,0.7,1.0,2,0.7,2,157,157,0,0,1.0,0.0,0.0
c06_s03_cov050_seed00000021_bw025,6,3,0.5,0.25,21,X,Y,2,2,"C00,W",True,2,ok,local_up_fast,mpdag_criterion,True,"Conjecture 2 (hence Anti-Exchange Case B, verified not proved)",C00->Y W->Y X->C05 X->Y C00-C01 C01-C02 C01-C04 C02-X,0.0003404590000002372,0.0,0.0003404590000002372,,24,0.0151482910000027,200,156,0,0,44,7,0.7,1.0,2,0.7,2,156,156,0,0,1.0,0.0,0.0
c06_s03_cov050_seed00000022_bw025,6,3,0.5,0.25,22,X,Y,4,2,"C00,W",True,2,ok,local_up_fast,mpdag_criterion,True,"Conjecture 2 (hence Anti-Exchange Case B, verified not proved)",C00->C05 C00->Y C01->C00 C01->C05 C02->C04 W->Y X->Y C01-C02 C02-X C04-X,0.0006114999999979887,0.0,0.0006114999999979887,,214,0.2634397919999998,400,146,0,0,254,7,0.525,1.75,4,0.812,4,146,146,0,0,1.0,0.0,0.0
c06_s03_cov050_seed00000024_bw025,6,3,0.5,0.25,24,X,Y,2,2,"C00,W",True,2,ok,local_up_fast,mpdag_criterion,True,"Conjecture 2 (hence Anti-Exchange Case B, verified not proved)",C00->Y W->Y X->Y C00-C01 C01-C02 C01-C04 C01-C05 C02-X,0.00031187500000129376,0.0,0.00031187500000129376,,30,0.016252250000000856,200,156,0,0,44,7,0.7,1.0,2,0.8,2,156,156,0,0,1.0,0.0,0.0
c06_s03_cov050_seed00000025_bw025,6,3,0.5,0.25,25,X,Y,3,2,"C00,W",True,2,ok,local_up_fast,mpdag_criterion,True,"Conjecture 2 (hence Anti-Exchange Case B, verified not proved)",C00->Y C01->C00 W->Y X->Y C01-C02 C01-C04 C01-C05 C02-C04 C02-X,0.00038345899999825406,0.0,0.00038345899999825406,,80,0.05748083299999962,300,97,0,0,203,6,0.5,1.0,3,0.8,3,97,97,0,0,1.0,0.0,0.0
c06_s03_cov050_seed00000028_bw025,6,3,0.5,0.25,28,X,Y,2,2,"C00,W",True,2,ok,local_up_fast,mpdag_criterion,True,"Conjecture 2 (hence Anti-Exchange Case B, verified not proved)",C00->Y C02->C04 C04->C05 W->Y X->Y C00-C01 C01-C02 C02-X,0.00026762499999932743,0.0,0.00026762499999932743,,25,0.013282707999998422,200,150,0,0,50,5,0.7,1.0,2,0.33333333333333337,1,150,150,0,0,1.0,0.0,0.0
c06_s03_cov050_seed00000029_bw025,6,3,0.5,0.25,29,X,Y,2,2,"C00,W",True,2,ok,local_up_fast,mpdag_criterion,True,"Conjecture 2 (hence Anti-Exchange Case B, verified not proved)",C00->Y W->Y X->C04 X->Y C00-C01 C00-C05 C01-C02 C02-X,0.00036312499999979764,0.0,0.00036312499999979764,,21,0.014199250000004326,200,149,0,0,51,7,0.7,1.0,2,0.7,2,149,149,0,0,1.0,0.0,0.0
c06_s03_cov100_seed00000000_bw000,6,3,1.0,0.0,0,X,Y,7,2,"C00,W",True,3,ok,local_up_fast,mpdag_criterion,True,"Conjecture 2 (hence Anti-Exchange Case B, verified not proved)",C00->Y C02->C04 C02->C05 W->Y X->C04 X->C05 X->Y C00-C01 C01-C02 C02-X,0.0017237500000035766,0.0,0.0017237500000035766,,128,0.14607354200000344,700,88,0,0,612,10,0.53,3.3,7,0.76,5,88,88,0,0,1.0,0.0,0.0
c06_s03_cov100_seed00000001_bw000,6,3,1.0,0.0,1,X,Y,6,2,"C00,W",True,3,ok,local_up_fast,mpdag_criterion,True,"Conjecture 2 (hence Anti-Exchange Case B, verified not proved)",C00->Y C01->C04 C02->C05 W->Y X->C05 X->Y C00-C01 C01-C02 C02-X,0.0010605419999976107,0.0,0.0010605419999976107,,77,0.052102542000000085,600,101,0,0,499,10,0.5761363636363637,3.1988636363636362,6,0.7397727272727274,5,101,101,0,0,1.0,0.0,0.0
c06_s03_cov100_seed00000002_bw000,6,3,1.0,0.0,2,X,Y,6,2,"C00,W",True,3,ok,local_up_fast,mpdag_criterion,True,"Conjecture 2 (hence Anti-Exchange Case B, verified not proved)",C00->Y C01->C05 C02->C04 W->Y X->C04 X->Y C00-C01 C01-C02 C02-X,0.0010795830000063233,0.0,0.0010795830000063233,,77,0.0518998749999966,600,109,0,0,491,10,0.5313725490196078,2.980392156862745,6,0.696078431372549,5,109,109,0,0,1.0,0.0,0.0
c06_s03_cov100_seed00000003_bw000,6,3,1.0,0.0,3,X,Y,6,2,"C00,W",True,3,ok,local_up_fast,mpdag_criterion,True,"Conjecture 2 (hence Anti-Exchange Case B, verified not proved)",C00->C05 C00->Y C02->C04 W->Y X->C04 X->Y C00-C01 C01-C02 C02-X,0.0014671659999976328,0.0,0.0014671659999976328,,67,0.04826029199999482,600,118,0,0,482,10,0.5196969696969698,2.7803030303030303,6,0.656060606060606,5,118,118,0,0,1.0,0.0,0.0
c06_s03_cov100_seed00000004_bw000,6,3,1.0,0.0,4,X,Y,5,2,"C00,W",True,3,ok,local_up_fast,mpdag_criterion,True,"Conjecture 2 (hence Anti-Exchange Case B, verified not proved)",C00->Y C02->C04 C04->C05 W->Y X->Y C00-C01 C01-C02 C02-X,0.00041416599999877235,0.0,0.00041416599999877235,,25,0.013027375000000063,500,72,0,0,428,8,0.9333333333333333,3.6666666666666665,5,0.9333333333333333,4,72,72,0,0,1.0,0.0,0.0
c06_s03_cov100_seed00000005_bw000,6,3,1.0,0.0,5,X,Y,5,2,"C00,W",True,3,ok,local_up_fast,mpdag_criterion,True,"Conjecture 2 (hence Anti-Exchange Case B, verified not proved)",C00->Y C02->C04 C04->C05 W->Y X->Y C00-C01 C01-C02 C02-X,0.00039616699999811544,0.0,0.00039616699999811544,,25,0.013262957999998548,500,65,0,0,435,8,0.9058823529411765,3.5294117647058822,5,0.9058823529411765,4,65,65,0,0,1.0,0.0,0.0
c06_s03_cov100_seed00000006_bw000,6,3,1.0,0.0,6,X,Y,5,2,"C00,W",True,3,ok,local_up_fast,mpdag_criterion,True,"Conjecture 2 (hence Anti-Exchange Case B, verified not proved)",C00->Y C01->C04 C02->C05 W->Y X->Y C00-C01 C01-C02 C02-X,0.0005575420000027975,0.0,0.0005575420000027975,,28,0.013177374999997937,500,70,0,0,430,6,0.826923076923077,2.6538461538461537,5,0.9307692307692307,3,70,70,0,0,1.0,0.0,0.0
c06_s03_cov100_seed00000007_bw000,6,3,1.0,0.0,7,X,Y,5,2,"C00,W",True,3,ok,local_up_fast,mpdag_criterion,True,"Conjecture 2 (hence Anti-Exchange Case B, verified not proved)",C00->Y W->Y X->C04 X->C05 X->Y C00-C01 C01-C02 C02-X,0.0004280409999992685,0.0,0.0004280409999992685,,24,0.012998834000001125,500,93,0,0,407,8,0.5,2.0,5,0.6,4,93,93,0,0,1.0,0.0,0.0
c06_s03_cov100_seed00000008_bw000,6,3,1.0,0.0,8,X,Y,5,2,"C00,W",True,3,ok,local_up_fast,mpdag_criterion,True,"Conjecture 2 (hence Anti-Exchange Case B, verified not proved)",C00->Y C01->C05 C02->C04 W->Y X->Y C00-C01 C01-C02 C02-X,0.0005597910000005868,0.0,0.0005597910000005868,,28,0.01319945800000255,500,69,0,0,431,6,0.8684210526315788,2.736842105263158,5,0.9473684210526315,3,69,69,0,0,1.0,0.0,0.0
c06_s03_cov100_seed00000009_bw000,6,3,1.0,0.0,9,X,Y,6,2,"C00,W",True,3,ok,local_up_fast,mpdag_criterion,True,"Conjecture 2 (hence Anti-Exchange Case B, verified not proved)",C00->C05 C00->Y C01->C04 C02->C04 W->Y X->Y C00-C01 C01-C02 C02-X,0.0014284579999994662,0.0,0.0014284579999994662,,69,0.04430775000000153,600,106,0,0,494,8,0.7804195804195804,3.342657342657343,6,0.8685314685314685,4,106,106,0,0,1.0,0.0,0.0
c06_s03_cov100_seed00000010_bw000,6,3,1.0,0.0,10,X,Y,6,2,"C00,W",True,3,ok,local_up_fast,mpdag_criterion,True,"Conjecture 2 (hence Anti-Exchange Case B, verified not proved)",C00->Y C02->C04 C04->C05 W->Y X->C04 X->Y C00-C01 C01-C02 C02-X,0.0009596250000001305,0.0,0.0009596250000001305,,69,0.04458295799999945,600,199,0,0,401,12,0.6579545454545455,3.5170454545454546,6,0.6579545454545455,6,199,199,0,0,1.0,0.0,0.0
c06_s03_cov100_seed00000011_bw000,6,3,1.0,0.0,11,X,Y,5,2,"C00,W",True,3,ok,local_up_fast,mpdag_criterion,True,"Conjecture 2 (hence Anti-Exchange Case B, verified not proved)",C00->C04 C00->C05 C00->Y W->Y X->Y C00-C01 C01-C02 C02-X,0.0010863749999998618,0.0,0.0010863749999998618,,24,0.012764124999996795,500,77,0,0,423,6,0.5,2.0,5,0.8,3,77,77,0,0,1.0,0.0,0.0
c06_s03_cov100_seed00000012_bw000,6,3,1.0,0.0,12,X,Y,6,2,"C00,W",True,3,ok,local_up_fast,mpdag_criterion,True,"Conjecture 2 (hence Anti-Exchange Case B, verified not proved)",C00->C05 C00->Y C01->C05 C02->C04 W->Y X->Y C00-C01 C01-C02 C02-X,0.001017750000002593,0.0,0.001017750000002593,,77,0.05196200000000317,600,76,0,0,524,8,0.6719696969696971,3.0530303030303028,6,0.8106060606060608,4,76,76,0,0,1.0,0.0,0.0
c06_s03_cov100_seed00000013_bw000,6,3,1.0,0.0,13,X,Y,5,2,"C00,W",True,3,ok,local_up_fast,mpdag_criterion,True,"Conjecture 2 (hence Anti-Exchange Case B, verified not proved)",C00->Y C04->C05 W->Y X->C04 X->Y C00-C01 C01-C02 C02-X,0.0004245409999938943,0.0,0.0004245409999938943,,21,0.013187874999999849,500,166,0,0,334,10,0.5,2.0,5,0.5,5,166,166,0,0,1.0,0.0,0.0
c06_s03_cov100_seed00000014_bw000,6,3,1.0,0.0,14,X,Y,5,2,"C00,W",True,3,ok,local_up_fast,mpdag_criterion,True,"Conjecture 2 (hence Anti-Exchange Case B, verified not proved)",C00->C04 C00->Y C04->C05 W->Y X->Y C00-C01 C01-C02 C02-X,0.00094020800000294,0.0,0.00094020800000294,,21,0.012907749999996554,500,70,0,0,430,6,0.5,2.0,5,0.8,3,70,70,0,0,1.0,0.0,0.0
c06_s03_cov100_seed00000001_bw010,6,3,1.0,0.1,1,X,Y,6,2,"C00,W",True,2,ok,local_up_fast,mpdag_criterion,True,"Conjecture 2 (hence Anti-Exchange Case B, verified not proved)",C00->Y C01->C00 C01->C04 C02->C05 W->Y X->C05 X->Y C01-C02 C02-X,0.0007501669999996352,0.0,0.0007501669999996352,,77,0.051563625,600,109,0,0,491,8,0.4503759398496241,2.6090225563909777,6,0.7112781954887218,4,109,109,0,0,1.0,0.0,0.0
c06_s03_cov100_seed00000002_bw010,6,3,1.0,0.1,2,X,Y,6,2,"C00,W",True,4,ok,e1_ladder,mpdag_criterion,True,"Conjecture 2 (hence Anti-Exchange Case B, verified not proved)","(('C00', 'Y'), ('C01', 'C05'), ('C04', 'X'), ('W', 'Y'), ('X', 'Y'))",0.0010481670000004328,0.013731249999999307,0.01477941699999974,,77,0.051868833000000336,600,92,0,0,508,10,0.5,3.0,6,0.7,5,92,92,0,0,1.0,0.0,0.0
c06_s03_cov100_seed00000003_bw010,6,3,1.0,0.1,3,X,Y,6,2,"C00,W",True,4,ok,e1_ladder,mpdag_criterion,True,"Conjecture 2 (hence Anti-Exchange Case B, verified not proved)","(('C00', 'C05'), ('C00', 'Y'), ('C04', 'X'), ('W', 'Y'), ('X', 'Y'))",0.0013462089999976001,0.01411941700000341,0.01546562600000101,,67,0.05396199999999851,600,107,0,0,493,10,0.5,3.0,6,0.7,5,107,107,0,0,1.0,0.0,0.0
c06_s03_cov100_seed00000004_bw010,6,3,1.0,0.1,4,X,Y,5,2,"C00,W",True,3,ok,local_up_fast,mpdag_criterion,True,"Conjecture 2 (hence Anti-Exchange Case B, verified not proved)",C00->Y C02->C04 C04->C05 W->Y X->Y C00-C01 C01-C02 C02-X,0.0003989590000017529,0.0,0.0003989590000017529,,25,0.013219208000002425,500,78,0,0,422,8,0.8896551724137931,3.4482758620689653,5,0.8896551724137931,4,78,78,0,0,1.0,0.0,0.0
c06_s03_cov100_seed00000005_bw010,6,3,1.0,0.1,5,X,Y,5,2,"C00,W",True,3,ok,local_up_fast,mpdag_criterion,True,"Conjecture 2 (hence Anti-Exchange Case B, verified not proved)",C00->Y C02->C04 C04->C05 W->Y X->Y C00-C01 C01-C02 C02-X,0.0005302080000006981,0.0,0.0005302080000006981,,25,0.012904249999998285,500,84,0,0,416,8,0.8666666666666666,3.3333333333333335,5,0.8666666666666666,4,84,84,0,0,1.0,0.0,0.0
c06_s03_cov100_seed00000006_bw010,6,3,1.0,0.1,6,X,Y,5,2,"C00,W",True,3,ok,local_up_fast,mpdag_criterion,True,"Conjecture 2 (hence Anti-Exchange Case B, verified not proved)",C00->Y C01->C04 C02->C05 W->Y X->Y C00-C01 C01-C02 C02-X,0.0004899580000028436,0.0,0.0004899580000028436,,28,0.013402042000002723,500,59,0,0,441,6,0.7045454545454546,2.409090909090909,5,0.8818181818181816,3,59,59,0,0,1.0,0.0,0.0
c06_s03_cov100_seed00000007_bw010,6,3,1.0,0.1,7,X,Y,5,2,"C00,W",True,3,ok,local_up_fast,mpdag_criterion,True,"Conjecture 2 (hence Anti-Exchange Case B, verified not proved)",C00->Y W->Y X->C04 X->C05 X->Y C00-C01 C01-C02 C02-X,0.0004093750000038199,0.0,0.0004093750000038199,,24,0.01359812500000146,500,93,0,0,407,8,0.5,2.0,5,0.6,4,93,93,0,0,1.0,0.0,0.0
c06_s03_cov100_seed00000008_bw010,6,3,1.0,0.1,8,X,Y,5,2,"C00,W",True,3,ok,local_up_fast,mpdag_criterion,True,"Conjecture 2 (hence Anti-Exchange Case B, verified not proved)",C00->Y C01->C05 C02->C04 W->Y X->Y C00-C01 C01-C02 C02-X,0.0005110840000028816,0.0,0.0005110840000028816,,28,0.013151000000000579,500,65,0,0,435,6,0.6590909090909092,2.3181818181818183,5,0.8636363636363636,3,65,65,0,0,1.0,0.0,0.0
c06_s03_cov100_seed00000011_bw010,6,3,1.0,0.1,11,X,Y,5,2,"C00,W",True,3,ok,local_up_fast,mpdag_criterion,True,"Conjecture 2 (hence Anti-Exchange Case B, verified not proved)",C00->C04 C00->C05 C00->Y W->Y X->Y C00-C01 C01-C02 C02-X,0.0017137500000004025,0.0,0.0017137500000004025,,24,0.013101499999997657,500,86,0,0,414,6,0.5,2.0,5,0.8,3,86,86,0,0,1.0,0.0,0.0
c06_s03_cov100_seed00000013_bw010,6,3,1.0,0.1,13,X,Y,5,2,"C00,W",True,3,ok,local_up_fast,mpdag_criterion,True,"Conjecture 2 (hence Anti-Exchange Case B, verified not proved)",C00->Y C04->C05 W->Y X->C04 X->Y C00-C01 C01-C02 C02-X,0.0004325410000021179,0.0,0.0004325410000021179,,21,0.017172250000001554,500,155,0,0,345,10,0.5,2.0,5,0.5,5,155,155,0,0,1.0,0.0,0.0
c06_s03_cov100_seed00000014_bw010,6,3,1.0,0.1,14,X,Y,5,2,"C00,W",True,3,ok,local_up_fast,mpdag_criterion,True,"Conjecture 2 (hence Anti-Exchange Case B, verified not proved)",C00->C04 C00->Y C04->C05 W->Y X->Y C00-C01 C01-C02 C02-X,0.0007179580000027386,0.0,0.0007179580000027386,,21,0.013168667000002188,500,68,0,0,432,6,0.5,2.0,5,0.8,3,68,68,0,0,1.0,0.0,0.0
c06_s03_cov100_seed00000015_bw010,6,3,1.0,0.1,15,X,Y,5,2,"C00,W",True,3,ok,local_up_fast,mpdag_criterion,True,"Conjecture 2 (hence Anti-Exchange Case B, verified not proved)",C00->Y W->Y X->C04 X->C05 X->Y C00-C01 C01-C02 C02-X,0.0004164160000001971,0.0,0.0004164160000001971,,24,0.013264249999998867,500,94,0,0,406,8,0.5,2.0,5,0.6,4,94,94,0,0,1.0,0.0,0.0
c06_s03_cov100_seed00000016_bw010,6,3,1.0,0.1,16,X,Y,6,2,"C00,W",True,2,ok,local_up_fast,mpdag_criterion,True,"Conjecture 2 (hence Anti-Exchange Case B, verified not proved)",C00->Y C01->C00 C02->C04 C02->C05 W->Y X->C05 X->Y C01-C02 C02-X,0.0005970839999989153,0.0,0.0005970839999989153,,81,0.06349841699999814,600,90,0,0,510,8,0.4383333333333333,2.591666666666667,6,0.6975,4,90,90,0,0,1.0,0.0,0.0
c06_s03_cov100_seed00000017_bw010,6,3,1.0,0.1,17,X,Y,6,2,"C00,W",True,4,ok,e1_ladder,mpdag_criterion,True,"Conjecture 2 (hence Anti-Exchange Case B, verified not proved)","(('C00', 'Y'), ('C02', 'C05'), ('C04', 'X'), ('W', 'Y'), ('X', 'Y'))",0.0009897079999987568,0.014223916999995367,0.015213624999994124,,81,0.06366029099999793,600,89,0,0,511,10,0.5571428571428572,3.2857142857142856,6,0.7571428571428571,5,89,89,0,0,1.0,0.0,0.0
c06_s03_cov100_seed00000019_bw010,6,3,1.0,0.1,19,X,Y,6,2,"C00,W",True,2,ok,local_up_fast,mpdag_criterion,True,"Conjecture 2 (hence Anti-Exchange Case B, verified not proved)",C00->Y C01->C00 C02->C04 C02->C05 C04->C05 W->Y X->Y C01-C02 C02-X,0.0006159590000009985,0.0,0.0006159590000009985,,81,0.06323387500000166,600,103,0,0,497,8,0.908705882352941,3.367058823529412,6,0.8454117647058823,4,103,103,0,0,1.0,0.0,0.0
c06_s03_cov100_seed00000002_bw025,6,3,1.0,0.25,2,X,Y,6,2,"C00,W",True,3,ok,local_up_fast,mpdag_criterion,True,"Conjecture 2 (hence Anti-Exchange Case B, verified not proved)",C00->Y C01->C00 C01->C05 C02->C04 W->Y X->Y C01-C02 C02-X C04-X,0.0013321249999975748,0.0,0.0013321249999975748,,77,0.05305387500000336,600,108,0,0,492,8,0.4,2.0,6,0.6,4,108,108,0,0,1.0,0.0,0.0
c06_s03_cov100_seed00000005_bw025,6,3,1.0,0.25,5,X,Y,5,2,"C00,W",True,2,ok,local_up_fast,mpdag_criterion,True,"Conjecture 2 (hence Anti-Exchange Case B, verified not proved)",C00->Y C01->C00 C02->C04 C04->C05 W->Y X->Y C01-C02 C02-X,0.0002941249999963702,0.0,0.0002941249999963702,,25,0.013323958000000857,500,65,0,0,435,6,0.8941176470588236,2.4705882352941178,5,0.8411764705882353,3,65,65,0,0,1.0,0.0,0.0
c06_s03_cov100_seed00000008_bw025,6,3,1.0,0.25,8,X,Y,5,2,"C00,W",True,2,ok,local_up_fast,mpdag_criterion,True,"Conjecture 2 (hence Anti-Exchange Case B, verified not proved)",C00->Y C01->C00 C01->C05 C02->C04 W->Y X->Y C01-C02 C02-X,0.0004589580000029514,0.0,0.0004589580000029514,,28,0.013248167000000421,500,78,0,0,422,4,0.6294117647058824,1.4705882352941178,5,0.8411764705882353,2,78,78,0,0,1.0,0.0,0.0
c06_s03_cov100_seed00000011_bw025,6,3,1.0,0.25,11,X,Y,5,2,"C00,W",True,2,ok,local_up_fast,mpdag_criterion,True,"Conjecture 2 (hence Anti-Exchange Case B, verified not proved)",C00->C04 C00->C05 C00->Y C01->C00 W->Y X->Y C01-C02 C02-X,0.00036883300000312147,0.0,0.00036883300000312147,,24,0.012889916999995421,500,78,0,0,422,4,0.7083333333333333,1.5833333333333335,5,0.875,2,78,78,0,0,1.0,0.0,0.0
c06_s03_cov100_seed00000012_bw025,6,3,1.0,0.25,12,X,Y,6,2,"C00,W",True,4,ok,e1_ladder,mpdag_criterion,True,"Conjecture 2 (hence Anti-Exchange Case B, verified not proved)","(('C00', 'Y'), ('C02', 'C04'), ('C05', 'C00'), ('W', 'Y'), ('X', 'Y'))",0.0010667499999996721,0.017341999999999302,0.018408749999998975,,77,0.0519314169999987,600,105,0,0,495,10,0.7964194373401535,4.242966751918159,6,0.9007672634271099,5,105,105,0,0,1.0,0.0,0.0
c06_s03_cov100_seed00000018_bw025,6,3,1.0,0.25,18,X,Y,6,2,"C00,W",True,1,ok,local_up_fast,mpdag_criterion,True,"Conjecture 2 (hence Anti-Exchange Case B, verified not proved)",C00->C05 C00->Y C01->C00 C01->C05 C02->C01 W->Y X->C04 X->Y C02-X,0.00019737499999905594,0.0,0.00019737499999905594,,67,0.056675249999997845,600,100,0,0,500,8,0.7875746714456392,2.771206690561529,6,0.6646953405017921,4,100,100,0,0,1.0,0.0,0.0
c06_s03_cov100_seed00000019_bw025,6,3,1.0,0.25,19,X,Y,6,2,"C00,W",True,2,ok,local_up_fast,mpdag_criterion,True,"Conjecture 2 (hence Anti-Exchange Case B, verified not proved)",C00->Y C01->C00 C02->C04 C02->C05 C05->C04 W->Y X->Y C01-C02 C02-X,0.0005591669999986948,0.0,0.0005591669999986948,,81,0.05356279199999392,600,92,0,0,508,8,0.9363984674329501,3.57088122605364,6,0.8934865900383141,4,92,92,0,0,1.0,0.0,0.0
c06_s03_cov100_seed00000020_bw025,6,3,1.0,0.25,20,X,Y,6,2,"C00,W",True,1,ok,local_up_fast,mpdag_criterion,True,"Conjecture 2 (hence Anti-Exchange Case B, verified not proved)",C00->C05 C00->Y C01->C00 C01->C05 C02->C01 W->Y X->C04 X->Y C02-X,0.00017741599999965274,0.0,0.00017741599999965274,,67,0.04981579200000397,600,118,0,0,482,8,0.7737425404944587,2.6295822676896847,6,0.6367007672634272,4,118,118,0,0,1.0,0.0,0.0
c06_s03_cov100_seed00000024_bw025,6,3,1.0,0.25,24,X,Y,5,2,"C00,W",True,2,ok,local_up_fast,mpdag_criterion,True,"Conjecture 2 (hence Anti-Exchange Case B, verified not proved)",C00->Y C01->C00 C01->C04 C01->C05 W->Y X->Y C01-C02 C02-X,0.0006612500000002797,0.0,0.0006612500000002797,,30,0.01379783299999815,500,87,0,0,413,4,0.3,1.0,5,0.7,2,87,87,0,0,1.0,0.0,0.0
c06_s03_cov100_seed00000042_bw025,6,3,1.0,0.25,42,X,Y,5,2,"C00,W",True,4,ok,e1_ladder,mpdag_criterion,True,"Conjecture 2 (hence Anti-Exchange Case B, verified not proved)","(('C00', 'Y'), ('W', 'Y'), ('X', 'C05'), ('X', 'Y'))",0.0004435410000027673,0.01154945900000115,0.011993000000003917,,21,0.014660542000001442,500,165,0,0,335,10,0.7,3.0,5,0.7,5,165,165,0,0,1.0,0.0,0.0
c06_s03_cov100_seed00000048_bw025,6,3,1.0,0.25,48,X,Y,5,2,"C00,W",True,4,ok,e1_ladder,mpdag_criterion,True,"Conjecture 2 (hence Anti-Exchange Case B, verified not proved)","(('C00', 'Y'), ('C01', 'C05'), ('W', 'Y'), ('X', 'Y'))",0.00044737500000024966,0.011897125000004394,0.012344500000004643,,25,0.01532208300000093,500,80,0,0,420,8,0.7,3.0,5,0.8,4,80,80,0,0,1.0,0.0,0.0
c06_s03_cov100_seed00000050_bw025,6,3,1.0,0.25,50,X,Y,5,2,"C00,W",True,2,ok,local_up_fast,mpdag_criterion,True,"Conjecture 2 (hence Anti-Exchange Case B, verified not proved)",C00->Y C01->C00 W->Y X->C04 X->C05 X->Y C01-C02 C02-X,0.00032495800000020836,0.0,0.00032495800000020836,,24,0.013777833999995437,500,76,0,0,424,6,0.3,1.0,5,0.5,3,76,76,0,0,1.0,0.0,0.0
c06_s03_cov100_seed00000052_bw025,6,3,1.0,0.25,52,X,Y,5,2,"C00,W",True,2,ok,local_up_fast,mpdag_criterion,True,"Conjecture 2 (hence Anti-Exchange Case B, verified not proved)",C00->Y C01->C00 W->Y X->C04 X->C05 X->Y C01-C02 C02-X,0.00028162499999950796,0.0,0.00028162499999950796,,24,0.013379082999996683,500,76,0,0,424,6,0.3,1.0,5,0.5,3,76,76,0,0,1.0,0.0,0.0
c06_s03_cov100_seed00000054_bw025,6,3,1.0,0.25,54,X,Y,6,2,"C00,W",True,2,ok,local_up_fast,mpdag_criterion,True,"Conjecture 2 (hence Anti-Exchange Case B, verified not proved)",C00->Y C01->C00 C01->C04 C01->C05 C05->C04 W->Y X->Y C01-C02 C02-X,0.0008399170000004119,0.0,0.0008399170000004119,,81,0.06476120800000018,600,105,0,0,495,6,0.6066666666666669,2.2333333333333334,6,0.8299999999999998,3,105,105,0,0,1.0,0.0,0.0
c06_s03_cov100_seed00000058_bw025,6,3,1.0,0.25,58,X,Y,6,2,"C00,W",True,3,ok,local_up_fast,mpdag_criterion,True,"Conjecture 2 (hence Anti-Exchange Case B, verified not proved)",C00->Y C01->C00 C01->C05 C02->C04 W->Y X->Y C01-C02 C02-C05 C02-X,0.0011178329999950165,0.0,0.0011178329999950165,,80,0.059328583000002766,600,99,0,0,501,8,0.7921568627450981,3.2549019607843137,6,0.8509803921568627,4,99,99,0,0,1.0,0.0,0.0
c06_s05_cov050_seed00000000_bw000,6,5,0.5,0.0,0,X,Y,2,2,"C00,W",True,2,ok,local_up_fast,mpdag_criterion,True,"Conjecture 2 (hence Anti-Exchange Case B, verified not proved)",C00->Y W->Y X->Y C00-C01 C01-C02 C02-C03 C03-C04 C04-X,0.00029104200000062974,0.0,0.00029104200000062974,,21,0.014754417000006015,200,142,0,0,58,7,0.7,1.0,2,0.8,2,142,142,0,0,1.0,0.0,0.0
c06_s05_cov050_seed00000001_bw000,6,5,0.5,0.0,1,X,Y,2,2,"C00,W",True,2,ok,local_up_fast,mpdag_criterion,True,"Conjecture 2 (hence Anti-Exchange Case B, verified not proved)",C00->Y W->Y X->Y C00-C01 C01-C02 C02-C03 C03-C04 C04-X,0.0002515409999972462,0.0,0.0002515409999972462,,21,0.013263208999994447,200,150,0,0,50,7,0.7,1.0,2,0.8,2,150,150,0,0,1.0,0.0,0.0
c06_s05_cov050_seed00000002_bw000,6,5,0.5,0.0,2,X,Y,2,2,"C00,W",True,2,ok,local_up_fast,mpdag_criterion,True,"Conjecture 2 (hence Anti-Exchange Case B, verified not proved)",C00->Y W->Y X->Y C00-C01 C01-C02 C02-C03 C03-C04 C04-X,0.00021041700000523633,0.0,0.00021041700000523633,,21,0.013169750000002978,200,149,0,0,51,7,0.7,1.0,2,0.8,2,149,149,0,0,1.0,0.0,0.0
c06_s05_cov050_seed00000003_bw000,6,5,0.5,0.0,3,X,Y,2,2,"C00,W",True,2,ok,local_up_fast,mpdag_criterion,True,"Conjecture 2 (hence Anti-Exchange Case B, verified not proved)",C00->Y W->Y X->Y C00-C01 C01-C02 C02-C03 C03-C04 C04-X,0.00023112499999911051,0.0,0.00023112499999911051,,21,0.013261083000003282,200,146,0,0,54,7,0.7,1.0,2,0.8,2,146,146,0,0,1.0,0.0,0.0
c06_s05_cov050_seed00000004_bw000,6,5,0.5,0.0,4,X,Y,2,2,"C00,W",True,2,ok,local_up_fast,mpdag_criterion,True,"Conjecture 2 (hence Anti-Exchange Case B, verified not proved)",C00->Y W->Y X->Y C00-C01 C01-C02 C02-C03 C03-C04 C04-X,0.00021845799999908877,0.0,0.00021845799999908877,,21,0.013019875000004788,200,145,0,0,55,7,0.7,1.0,2,0.8,2,145,145,0,0,1.0,0.0,0.0
c06_s05_cov050_seed00000005_bw000,6,5,0.5,0.0,5,X,Y,2,2,"C00,W",True,2,ok,local_up_fast,mpdag_criterion,True,"Conjecture 2 (hence Anti-Exchange Case B, verified not proved)",C00->Y W->Y X->Y C00-C01 C01-C02 C02-C03 C03-C04 C04-X,0.00022458400000147094,0.0,0.00022458400000147094,,21,0.013568458000001726,200,149,0,0,51,7,0.7,1.0,2,0.8,2,149,149,0,0,1.0,0.0,0.0
c06_s05_cov050_seed00000006_bw000,6,5,0.5,0.0,6,X,Y,2,2,"C00,W",True,2,ok,local_up_fast,mpdag_criterion,True,"Conjecture 2 (hence Anti-Exchange Case B, verified not proved)",C00->Y W->Y X->Y C00-C01 C01-C02 C02-C03 C03-C04 C04-X,0.00025225000000261844,0.0,0.00025225000000261844,,21,0.013103542000003188,200,153,0,0,47,7,0.7,1.0,2,0.8,2,153,153,0,0,1.0,0.0,0.0
c06_s05_cov050_seed00000007_bw000,6,5,0.5,0.0,7,X,Y,2,2,"C00,W",True,2,ok,local_up_fast,mpdag_criterion,True,"Conjecture 2 (hence Anti-Exchange Case B, verified not proved)",C00->Y W->Y X->Y C00-C01 C01-C02 C02-C03 C03-C04 C04-X,0.0002283330000025785,0.0,0.0002283330000025785,,21,0.013179583000002992,200,150,0,0,50,7,0.7,1.0,2,0.8,2,150,150,0,0,1.0,0.0,0.0
c06_s05_cov050_seed00000008_bw000,6,5,0.5,0.0,8,X,Y,2,2,"C00,W",True,2,ok,local_up_fast,mpdag_criterion,True,"Conjecture 2 (hence Anti-Exchange Case B, verified not proved)",C00->Y W->Y X->Y C00-C01 C01-C02 C02-C03 C03-C04 C04-X,0.00021962499999972351,0.0,0.00021962499999972351,,21,0.013379290999999682,200,153,0,0,47,7,0.7,1.0,2,0.8,2,153,153,0,0,1.0,0.0,0.0
c06_s05_cov050_seed00000009_bw000,6,5,0.5,0.0,9,X,Y,2,2,"C00,W",True,2,ok,local_up_fast,mpdag_criterion,True,"Conjecture 2 (hence Anti-Exchange Case B, verified not proved)",C00->Y W->Y X->Y C00-C01 C01-C02 C02-C03 C03-C04 C04-X,0.00021529200000003357,0.0,0.00021529200000003357,,21,0.013340417000001992,200,151,0,0,49,7,0.7,1.0,2,0.8,2,151,151,0,0,1.0,0.0,0.0
c06_s05_cov050_seed00000010_bw000,6,5,0.5,0.0,10,X,Y,2,2,"C00,W",True,2,ok,local_up_fast,mpdag_criterion,True,"Conjecture 2 (hence Anti-Exchange Case B, verified not proved)",C00->Y W->Y X->Y C00-C01 C01-C02 C02-C03 C03-C04 C04-X,0.00022187500000114824,0.0,0.00022187500000114824,,21,0.013165374999999813,200,154,0,0,46,7,0.7,1.0,2,0.8,2,154,154,0,0,1.0,0.0,0.0
c06_s05_cov050_seed00000011_bw000,6,5,0.5,0.0,11,X,Y,2,2,"C00,W",True,2,ok,local_up_fast,mpdag_criterion,True,"Conjecture 2 (hence Anti-Exchange Case B, verified not proved)",C00->Y W->Y X->Y C00-C01 C01-C02 C02-C03 C03-C04 C04-X,0.0002195000000000391,0.0,0.0002195000000000391,,21,0.013126458999998647,200,153,0,0,47,7,0.7,1.0,2,0.8,2,153,153,0,0,1.0,0.0,0.0
c06_s05_cov050_seed00000012_bw000,6,5,0.5,0.0,12,X,Y,2,2,"C00,W",True,2,ok,local_up_fast,mpdag_criterion,True,"Conjecture 2 (hence Anti-Exchange Case B, verified not proved)",C00->Y W->Y X->Y C00-C01 C01-C02 C02-C03 C03-C04 C04-X,0.00024004200000149467,0.0,0.00024004200000149467,,21,0.013225374999997541,200,146,0,0,54,7,0.7,1.0,2,0.8,2,146,146,0,0,1.0,0.0,0.0
c06_s05_cov050_seed00000013_bw000,6,5,0.5,0.0,13,X,Y,2,2,"C00,W",True,2,ok,local_up_fast,mpdag_criterion,True,"Conjecture 2 (hence Anti-Exchange Case B, verified not proved)",C00->Y W->Y X->Y C00-C01 C01-C02 C02-C03 C03-C04 C04-X,0.0002347920000005388,0.0,0.0002347920000005388,,21,0.013516749999993749,200,145,0,0,55,7,0.7,1.0,2,0.8,2,145,145,0,0,1.0,0.0,0.0
c06_s05_cov050_seed00000014_bw000,6,5,0.5,0.0,14,X,Y,2,2,"C00,W",True,2,ok,local_up_fast,mpdag_criterion,True,"Conjecture 2 (hence Anti-Exchange Case B, verified not proved)",C00->Y W->Y X->Y C00-C01 C01-C02 C02-C03 C03-C04 C04-X,0.00022508400000020856,0.0,0.00022508400000020856,,21,0.013178750000001571,200,146,0,0,54,7,0.7,1.0,2,0.8,2,146,146,0,0,1.0,0.0,0.0
c06_s05_cov050_seed00000000_bw010,6,5,0.5,0.1,0,X,Y,2,2,"C00,W",True,2,ok,local_up_fast,mpdag_criterion,True,"Conjecture 2 (hence Anti-Exchange Case B, verified not proved)",C00->Y W->Y X->Y C00-C01 C01-C02 C02-C03 C03-C04 C04-X,0.00022216699999688672,0.0,0.00022216699999688672,,21,0.012978582999998878,200,154,0,0,46,7,0.7,1.0,2,0.8,2,154,154,0,0,1.0,0.0,0.0
c06_s05_cov050_seed00000001_bw010,6,5,0.5,0.1,1,X,Y,2,2,"C00,W",True,2,ok,local_up_fast,mpdag_criterion,True,"Conjecture 2 (hence Anti-Exchange Case B, verified not proved)",C00->Y W->Y X->Y C00-C01 C01-C02 C02-C03 C03-C04 C04-X,0.00022245899999973062,0.0,0.00022245899999973062,,21,0.013288291999998592,200,164,0,0,36,7,0.7,1.0,2,0.8,2,164,164,0,0,1.0,0.0,0.0
c06_s05_cov050_seed00000002_bw010,6,5,0.5,0.1,2,X,Y,2,2,"C00,W",True,2,ok,local_up_fast,mpdag_criterion,True,"Conjecture 2 (hence Anti-Exchange Case B, verified not proved)",C00->Y W->Y X->Y C00-C01 C01-C02 C02-C03 C03-C04 C04-X,0.0002250000000003638,0.0,0.0002250000000003638,,21,0.012930500000003065,200,152,0,0,48,7,0.7,1.0,2,0.8,2,152,152,0,0,1.0,0.0,0.0
c06_s05_cov050_seed00000003_bw010,6,5,0.5,0.1,3,X,Y,2,2,"C00,W",True,2,ok,local_up_fast,mpdag_criterion,True,"Conjecture 2 (hence Anti-Exchange Case B, verified not proved)",C00->Y W->Y X->Y C00-C01 C01-C02 C02-C03 C03-C04 C04-X,0.00022391699999957382,0.0,0.00022391699999957382,,21,0.013043875000001037,200,150,0,0,50,7,0.7,1.0,2,0.8,2,150,150,0,0,1.0,0.0,0.0
c06_s05_cov050_seed00000004_bw010,6,5,0.5,0.1,4,X,Y,2,2,"C00,W",True,2,ok,local_up_fast,mpdag_criterion,True,"Conjecture 2 (hence Anti-Exchange Case B, verified not proved)",C00->Y W->Y X->Y C00-C01 C01-C02 C02-C03 C03-C04 C04-X,0.00022920800000036934,0.0,0.00022920800000036934,,21,0.013328083000004654,200,137,0,0,63,7,0.7,1.0,2,0.8,2,137,137,0,0,1.0,0.0,0.0
c06_s05_cov050_seed00000005_bw010,6,5,0.5,0.1,5,X,Y,2,2,"C00,W",True,2,ok,local_up_fast,mpdag_criterion,True,"Conjecture 2 (hence Anti-Exchange Case B, verified not proved)",C00->Y W->Y X->Y C00-C01 C01-C02 C02-C03 C03-C04 C04-X,0.00022654200000005176,0.0,0.00022654200000005176,,21,0.012966582999993648,200,143,0,0,57,7,0.7,1.0,2,0.8,2,143,143,0,0,1.0,0.0,0.0
c06_s05_cov050_seed00000006_bw010,6,5,0.5,0.1,6,X,Y,2,2,"C00,W",True,2,ok,local_up_fast,mpdag_criterion,True,"Conjecture 2 (hence Anti-Exchange Case B, verified not proved)",C00->Y W->Y X->Y C00-C01 C01-C02 C02-C03 C03-C04 C04-X,0.0002115000000060263,0.0,0.0002115000000060263,,21,0.013987415999999087,200,143,0,0,57,7,0.7,1.0,2,0.8,2,143,143,0,0,1.0,0.0,0.0
c06_s05_cov050_seed00000007_bw010,6,5,0.5,0.1,7,X,Y,2,2,"C00,W",True,2,ok,local_up_fast,mpdag_criterion,True,"Conjecture 2 (hence Anti-Exchange Case B, verified not proved)",C00->Y W->Y X->Y C00-C01 C01-C02 C02-C03 C03-C04 C04-X,0.0002237919999998894,0.0,0.0002237919999998894,,21,0.013313416999999106,200,152,0,0,48,7,0.7,1.0,2,0.8,2,152,152,0,0,1.0,0.0,0.0
c06_s05_cov050_seed00000008_bw010,6,5,0.5,0.1,8,X,Y,2,2,"C00,W",True,2,ok,local_up_fast,mpdag_criterion,True,"Conjecture 2 (hence Anti-Exchange Case B, verified not proved)",C00->Y W->Y X->Y C00-C01 C01-C02 C02-C03 C03-C04 C04-X,0.0002293749999964234,0.0,0.0002293749999964234,,21,0.013033875000004969,200,148,0,0,52,7,0.7,1.0,2,0.8,2,148,148,0,0,1.0,0.0,0.0
c06_s05_cov050_seed00000009_bw010,6,5,0.5,0.1,9,X,Y,2,2,"C00,W",True,2,ok,local_up_fast,mpdag_criterion,True,"Conjecture 2 (hence Anti-Exchange Case B, verified not proved)",C00->Y W->Y X->Y C00-C01 C01-C02 C02-C03 C03-C04 C04-X,0.00022333300000099143,0.0,0.00022333300000099143,,21,0.0129910419999959,200,147,0,0,53,7,0.7,1.0,2,0.8,2,147,147,0,0,1.0,0.0,0.0
c06_s05_cov050_seed00000010_bw010,6,5,0.5,0.1,10,X,Y,2,2,"C00,W",True,2,ok,local_up_fast,mpdag_criterion,True,"Conjecture 2 (hence Anti-Exchange Case B, verified not proved)",C00->Y W->Y X->Y C00-C01 C01-C02 C02-C03 C03-C04 C04-X,0.00023137499999847932,0.0,0.00023137499999847932,,21,0.013080249999994464,200,150,0,0,50,7,0.7,1.0,2,0.8,2,150,150,0,0,1.0,0.0,0.0
c06_s05_cov050_seed00000011_bw010,6,5,0.5,0.1,11,X,Y,2,2,"C00,W",True,2,ok,local_up_fast,mpdag_criterion,True,"Conjecture 2 (hence Anti-Exchange Case B, verified not proved)",C00->Y W->Y X->Y C00-C01 C01-C02 C02-C03 C03-C04 C04-X,0.00022091700000004266,0.0,0.00022091700000004266,,21,0.013018750000000523,200,146,0,0,54,7,0.7,1.0,2,0.8,2,146,146,0,0,1.0,0.0,0.0
c06_s05_cov050_seed00000012_bw010,6,5,0.5,0.1,12,X,Y,2,2,"C00,W",True,2,ok,local_up_fast,mpdag_criterion,True,"Conjecture 2 (hence Anti-Exchange Case B, verified not proved)",C00->Y W->Y X->Y C00-C01 C01-C02 C02-C03 C03-C04 C04-X,0.00023429200000180117,0.0,0.00023429200000180117,,21,0.013219500000005269,200,154,0,0,46,7,0.7,1.0,2,0.8,2,154,154,0,0,1.0,0.0,0.0
c06_s05_cov050_seed00000013_bw010,6,5,0.5,0.1,13,X,Y,2,2,"C00,W",True,2,ok,local_up_fast,mpdag_criterion,True,"Conjecture 2 (hence Anti-Exchange Case B, verified not proved)",C00->Y W->Y X->Y C00-C01 C01-C02 C02-C03 C03-C04 C04-X,0.00022320899999783705,0.0,0.00022320899999783705,,21,0.013446082999998055,200,162,0,0,38,7,0.7,1.0,2,0.8,2,162,162,0,0,1.0,0.0,0.0
c06_s05_cov050_seed00000014_bw010,6,5,0.5,0.1,14,X,Y,2,2,"C00,W",True,2,ok,local_up_fast,mpdag_criterion,True,"Conjecture 2 (hence Anti-Exchange Case B, verified not proved)",C00->Y W->Y X->Y C00-C01 C01-C02 C02-C03 C03-C04 C04-X,0.000223667000000205,0.0,0.000223667000000205,,21,0.013287915999995903,200,151,0,0,49,7,0.7,1.0,2,0.8,2,151,151,0,0,1.0,0.0,0.0
c06_s05_cov050_seed00000000_bw025,6,5,0.5,0.25,0,X,Y,2,2,"C00,W",True,2,ok,local_up_fast,mpdag_criterion,True,"Conjecture 2 (hence Anti-Exchange Case B, verified not proved)",C00->Y W->Y X->Y C00-C01 C01-C02 C02-C03 C03-C04 C04-X,0.0002176249999976676,0.0,0.0002176249999976676,,21,0.013384166000001585,200,144,0,0,56,7,0.7,1.0,2,0.8,2,144,144,0,0,1.0,0.0,0.0
c06_s05_cov050_seed00000001_bw025,6,5,0.5,0.25,1,X,Y,2,2,"C00,W",True,2,ok,local_up_fast,mpdag_criterion,True,"Conjecture 2 (hence Anti-Exchange Case B, verified not proved)",C00->Y W->Y X->Y C00-C01 C01-C02 C02-C03 C03-C04 C04-X,0.00022520800000336294,0.0,0.00022520800000336294,,21,0.013296167000000025,200,154,0,0,46,7,0.7,1.0,2,0.8,2,154,154,0,0,1.0,0.0,0.0
c06_s05_cov050_seed00000002_bw025,6,5,0.5,0.25,2,X,Y,2,2,"C00,W",True,2,ok,local_up_fast,mpdag_criterion,True,"Conjecture 2 (hence Anti-Exchange Case B, verified not proved)",C00->Y W->Y X->Y C00-C01 C01-C02 C02-C03 C03-C04 C04-X,0.00023112499999911051,0.0,0.00023112499999911051,,21,0.013104124999998135,200,143,0,0,57,7,0.7,1.0,2,0.8,2,143,143,0,0,1.0,0.0,0.0
c06_s05_cov050_seed00000003_bw025,6,5,0.5,0.25,3,X,Y,2,2,"C00,W",True,2,ok,local_up_fast,mpdag_criterion,True,"Conjecture 2 (hence Anti-Exchange Case B, verified not proved)",C00->Y W->Y X->Y C00-C01 C01-C02 C02-C03 C03-C04 C04-X,0.00022045800000114468,0.0,0.00022045800000114468,,21,0.01337645800000331,200,142,0,0,58,7,0.7,1.0,2,0.8,2,142,142,0,0,1.0,0.0,0.0
c06_s05_cov050_seed00000004_bw025,6,5,0.5,0.25,4,X,Y,2,2,"C00,W",True,2,ok,local_up_fast,mpdag_criterion,True,"Conjecture 2 (hence Anti-Exchange Case B, verified not proved)",C00->Y W->Y X->Y C00-C01 C01-C02 C02-C03 C03-C04 C04-X,0.00022041600000477501,0.0,0.00022041600000477501,,21,0.013208458999997674,200,158,0,0,42,7,0.7,1.0,2,0.8,2,158,158,0,0,1.0,0.0,0.0
c06_s05_cov050_seed00000005_bw025,6,5,0.5,0.25,5,X,Y,2,2,"C00,W",True,2,ok,local_up_fast,mpdag_criterion,True,"Conjecture 2 (hence Anti-Exchange Case B, verified not proved)",C00->Y W->Y X->Y C00-C01 C01-C02 C02-C03 C03-C04 C04-X,0.00023362499999990405,0.0,0.00023362499999990405,,21,0.013195959000000812,200,153,0,0,47,7,0.7,1.0,2,0.8,2,153,153,0,0,1.0,0.0,0.0
c06_s05_cov050_seed00000006_bw025,6,5,0.5,0.25,6,X,Y,2,2,"C00,W",True,2,ok,local_up_fast,mpdag_criterion,True,"Conjecture 2 (hence Anti-Exchange Case B, verified not proved)",C00->Y W->Y X->Y C00-C01 C01-C02 C02-C03 C03-C04 C04-X,0.00021270799999939527,0.0,0.00021270799999939527,,21,0.013140249999999298,200,148,0,0,52,7,0.7,1.0,2,0.8,2,148,148,0,0,1.0,0.0,0.0
c06_s05_cov050_seed00000007_bw025,6,5,0.5,0.25,7,X,Y,2,2,"C00,W",True,2,ok,local_up_fast,mpdag_criterion,True,"Conjecture 2 (hence Anti-Exchange Case B, verified not proved)",C00->Y W->Y X->Y C00-C01 C01-C02 C02-C03 C03-C04 C04-X,0.00021129200000302717,0.0,0.00021129200000302717,,21,0.01287504199999745,200,159,0,0,41,7,0.7,1.0,2,0.8,2,159,159,0,0,1.0,0.0,0.0
c06_s05_cov050_seed00000008_bw025,6,5,0.5,0.25,8,X,Y,2,2,"C00,W",True,2,ok,local_up_fast,mpdag_criterion,True,"Conjecture 2 (hence Anti-Exchange Case B, verified not proved)",C00->Y W->Y X->Y C00-C01 C01-C02 C02-C03 C03-C04 C04-X,0.00023283399999485255,0.0,0.00023283399999485255,,21,0.013440749999993784,200,143,0,0,57,7,0.7,1.0,2,0.8,2,143,143,0,0,1.0,0.0,0.0
c06_s05_cov050_seed00000009_bw025,6,5,0.5,0.25,9,X,Y,2,2,"C00,W",True,2,ok,local_up_fast,mpdag_criterion,True,"Conjecture 2 (hence Anti-Exchange Case B, verified not proved)",C00->Y W->Y X->Y C00-C01 C01-C02 C02-C03 C03-C04 C04-X,0.0002306250000003729,0.0,0.0002306250000003729,,21,0.013508125000001314,200,148,0,0,52,7,0.7,1.0,2,0.8,2,148,148,0,0,1.0,0.0,0.0
c06_s05_cov050_seed00000010_bw025,6,5,0.5,0.25,10,X,Y,2,2,"C00,W",True,2,ok,local_up_fast,mpdag_criterion,True,"Conjecture 2 (hence Anti-Exchange Case B, verified not proved)",C00->Y W->Y X->Y C00-C01 C01-C02 C02-C03 C03-C04 C04-X,0.0002221660000003567,0.0,0.0002221660000003567,,21,0.013154792000001692,200,147,0,0,53,7,0.7,1.0,2,0.8,2,147,147,0,0,1.0,0.0,0.0
c06_s05_cov050_seed00000011_bw025,6,5,0.5,0.25,11,X,Y,2,2,"C00,W",True,2,ok,local_up_fast,mpdag_criterion,True,"Conjecture 2 (hence Anti-Exchange Case B, verified not proved)",C00->Y W->Y X->Y C00-C01 C01-C02 C02-C03 C03-C04 C04-X,0.0002300839999946902,0.0,0.0002300839999946902,,21,0.01295633299999821,200,145,0,0,55,7,0.7,1.0,2,0.8,2,145,145,0,0,1.0,0.0,0.0
c06_s05_cov050_seed00000012_bw025,6,5,0.5,0.25,12,X,Y,2,2,"C00,W",True,2,ok,local_up_fast,mpdag_criterion,True,"Conjecture 2 (hence Anti-Exchange Case B, verified not proved)",C00->Y W->Y X->Y C00-C01 C01-C02 C02-C03 C03-C04 C04-X,0.0002176670000011427,0.0,0.0002176670000011427,,21,0.013272083000003931,200,155,0,0,45,7,0.7,1.0,2,0.8,2,155,155,0,0,1.0,0.0,0.0
c06_s05_cov050_seed00000013_bw025,6,5,0.5,0.25,13,X,Y,2,2,"C00,W",True,2,ok,local_up_fast,mpdag_criterion,True,"Conjecture 2 (hence Anti-Exchange Case B, verified not proved)",C00->Y W->Y X->Y C00-C01 C01-C02 C02-C03 C03-C04 C04-X,0.00023333299999706014,0.0,0.00023333299999706014,,21,0.013251916000001529,200,147,0,0,53,7,0.7,1.0,2,0.8,2,147,147,0,0,1.0,0.0,0.0
c06_s05_cov050_seed00000014_bw025,6,5,0.5,0.25,14,X,Y,2,2,"C00,W",True,2,ok,local_up_fast,mpdag_criterion,True,"Conjecture 2 (hence Anti-Exchange Case B, verified not proved)",C00->Y W->Y X->Y C00-C01 C01-C02 C02-C03 C03-C04 C04-X,0.0002210829999995667,0.0,0.0002210829999995667,,21,0.013575000000003001,200,152,0,0,48,7,0.7,1.0,2,0.8,2,152,152,0,0,1.0,0.0,0.0
c06_s05_cov100_seed00000000_bw000,6,5,1.0,0.0,0,X,Y,5,2,"C00,W",True,5,ok,e1_ladder,mpdag_criterion,True,"Conjecture 2 (hence Anti-Exchange Case B, verified not proved)","(('C00', 'Y'), ('W', 'Y'), ('X', 'Y'))",0.00041091700000350784,0.012493666999993991,0.012904583999997499,,21,0.013147625000001995,500,153,0,0,347,10,0.9,4.0,5,0.9,5,153,153,0,0,1.0,0.0,0.0
c06_s05_cov100_seed00000001_bw000,6,5,1.0,0.0,1,X,Y,5,2,"C00,W",True,5,ok,e1_ladder,mpdag_criterion,True,"Conjecture 2 (hence Anti-Exchange Case B, verified not proved)","(('C00', 'Y'), ('W', 'Y'), ('X', 'Y'))",0.00037783300000171494,0.012563583000002154,0.01294141600000387,,21,0.01317995799999494,500,148,0,0,352,10,0.9,4.0,5,0.9,5,148,148,0,0,1.0,0.0,0.0
c06_s05_cov100_seed00000002_bw000,6,5,1.0,0.0,2,X,Y,5,2,"C00,W",True,5,ok,e1_ladder,mpdag_criterion,True,"Conjecture 2 (hence Anti-Exchange Case B, verified not proved)","(('C00', 'Y'), ('W', 'Y'), ('X', 'Y'))",0.0003555420000012077,0.012872125000001233,0.013227667000002441,,21,0.013568875000004255,500,163,0,0,337,10,0.9,4.0,5,0.9,5,163,163,0,0,1.0,0.0,0.0
c06_s05_cov100_seed00000003_bw000,6,5,1.0,0.0,3,X,Y,5,2,"C00,W",True,5,ok,e1_ladder,mpdag_criterion,True,"Conjecture 2 (hence Anti-Exchange Case B, verified not proved)","(('C00', 'Y'), ('W', 'Y'), ('X', 'Y'))",0.00038825000000031196,0.011951916000001006,0.012340166000001318,,21,0.013446416000000738,500,156,0,0,344,10,0.9,4.0,5,0.9,5,156,156,0,0,1.0,0.0,0.0
c06_s05_cov100_seed00000004_bw000,6,5,1.0,0.0,4,X,Y,5,2,"C00,W",True,5,ok,e1_ladder,mpdag_criterion,True,"Conjecture 2 (hence Anti-Exchange Case B, verified not proved)","(('C00', 'Y'), ('W', 'Y'), ('X', 'Y'))",0.0003870829999996772,0.012372499999997899,0.012759582999997576,,21,0.013001916999996865,500,162,0,0,338,10,0.9,4.0,5,0.9,5,162,162,0,0,1.0,0.0,0.0
c06_s05_cov100_seed00000005_bw000,6,5,1.0,0.0,5,X,Y,5,2,"C00,W",True,5,ok,e1_ladder,mpdag_criterion,True,"Conjecture 2 (hence Anti-Exchange Case B, verified not proved)","(('C00', 'Y'), ('W', 'Y'), ('X', 'Y'))",0.0003812500000037744,0.013010749999999405,0.01339200000000318,,21,0.01308437499999826,500,163,0,0,337,10,0.9,4.0,5,0.9,5,163,163,0,0,1.0,0.0,0.0
c06_s05_cov100_seed00000006_bw000,6,5,1.0,0.0,6,X,Y,5,2,"C00,W",True,5,ok,e1_ladder,mpdag_criterion,True,"Conjecture 2 (hence Anti-Exchange Case B, verified not proved)","(('C00', 'Y'), ('W', 'Y'), ('X', 'Y'))",0.00036979100000422704,0.01218225000000217,0.012552041000006398,,21,0.013348082999996791,500,158,0,0,342,10,0.9,4.0,5,0.9,5,158,158,0,0,1.0,0.0,0.0
c06_s05_cov100_seed00000007_bw000,6,5,1.0,0.0,7,X,Y,5,2,"C00,W",True,5,ok,e1_ladder,mpdag_criterion,True,"Conjecture 2 (hence Anti-Exchange Case B, verified not proved)","(('C00', 'Y'), ('W', 'Y'), ('X', 'Y'))",0.00037812500000455884,0.011955583000002434,0.012333708000006993,,21,0.013022458000001791,500,157,0,0,343,10,0.9,4.0,5,0.9,5,157,157,0,0,1.0,0.0,0.0
c06_s05_cov100_seed00000008_bw000,6,5,1.0,0.0,8,X,Y,5,2,"C00,W",True,5,ok,e1_ladder,mpdag_criterion,True,"Conjecture 2 (hence Anti-Exchange Case B, verified not proved)","(('C00', 'Y'), ('W', 'Y'), ('X', 'Y'))",0.00037958300000440204,0.01235716699999756,0.012736750000001962,,21,0.013305707999997196,500,170,0,0,330,10,0.9,4.0,5,0.9,5,170,170,0,0,1.0,0.0,0.0
c06_s05_cov100_seed00000009_bw000,6,5,1.0,0.0,9,X,Y,5,2,"C00,W",True,5,ok,e1_ladder,mpdag_criterion,True,"Conjecture 2 (hence Anti-Exchange Case B, verified not proved)","(('C00', 'Y'), ('W', 'Y'), ('X', 'Y'))",0.00039058400000158144,0.012415834000002235,0.012806418000003816,,21,0.013602374999997835,500,151,0,0,349,10,0.9,4.0,5,0.9,5,151,151,0,0,1.0,0.0,0.0
c06_s05_cov100_seed00000010_bw000,6,5,1.0,0.0,10,X,Y,5,2,"C00,W",True,5,ok,e1_ladder,mpdag_criterion,True,"Conjecture 2 (hence Anti-Exchange Case B, verified not proved)","(('C00', 'Y'), ('W', 'Y'), ('X', 'Y'))",0.0003888330000023643,0.012930625000002749,0.013319458000005113,,21,0.013364207999998712,500,165,0,0,335,10,0.9,4.0,5,0.9,5,165,165,0,0,1.0,0.0,0.0
c06_s05_cov100_seed00000011_bw000,6,5,1.0,0.0,11,X,Y,5,2,"C00,W",True,5,ok,e1_ladder,mpdag_criterion,True,"Conjecture 2 (hence Anti-Exchange Case B, verified not proved)","(('C00', 'Y'), ('W', 'Y'), ('X', 'Y'))",0.0003797920000039312,0.011776916000002302,0.012156708000006233,,21,0.01309108299999906,500,173,0,0,327,10,0.9,4.0,5,0.9,5,173,173,0,0,1.0,0.0,0.0
c06_s05_cov100_seed00000012_bw000,6,5,1.0,0.0,12,X,Y,5,2,"C00,W",True,5,ok,e1_ladder,mpdag_criterion,True,"Conjecture 2 (hence Anti-Exchange Case B, verified not proved)","(('C00', 'Y'), ('W', 'Y'), ('X', 'Y'))",0.0004059580000017604,0.012042250000000365,0.012448208000002126,,21,0.013124334000004012,500,163,0,0,337,10,0.9,4.0,5,0.9,5,163,163,0,0,1.0,0.0,0.0
c06_s05_cov100_seed00000013_bw000,6,5,1.0,0.0,13,X,Y,5,2,"C00,W",True,5,ok,e1_ladder,mpdag_criterion,True,"Conjecture 2 (hence Anti-Exchange Case B, verified not proved)","(('C00', 'Y'), ('W', 'Y'), ('X', 'Y'))",0.0003454170000054546,0.012242707999995162,0.012588125000000616,,21,0.013019999999997367,500,166,0,0,334,10,0.9,4.0,5,0.9,5,166,166,0,0,1.0,0.0,0.0
c06_s05_cov100_seed00000014_bw000,6,5,1.0,0.0,14,X,Y,5,2,"C00,W",True,5,ok,e1_ladder,mpdag_criterion,True,"Conjecture 2 (hence Anti-Exchange Case B, verified not proved)","(('C00', 'Y'), ('W', 'Y'), ('X', 'Y'))",0.00039729099999874506,0.012127499999998292,0.012524790999997037,,21,0.013326665999997545,500,163,0,0,337,10,0.9,4.0,5,0.9,5,163,163,0,0,1.0,0.0,0.0
c06_s05_cov100_seed00000000_bw010,6,5,1.0,0.1,0,X,Y,5,2,"C00,W",True,5,ok,e1_ladder,mpdag_criterion,True,"Conjecture 2 (hence Anti-Exchange Case B, verified not proved)","(('C00', 'Y'), ('W', 'Y'), ('X', 'Y'))",0.00038237500000093405,0.013228624999996441,0.013610999999997375,,21,0.013324167000000386,500,172,0,0,328,10,0.9,4.0,5,0.9,5,172,172,0,0,1.0,0.0,0.0
c06_s05_cov100_seed00000001_bw010,6,5,1.0,0.1,1,X,Y,5,2,"C00,W",True,5,ok,e1_ladder,mpdag_criterion,True,"Conjecture 2 (hence Anti-Exchange Case B, verified not proved)","(('C00', 'Y'), ('W', 'Y'), ('X', 'Y'))",0.00038020800000282406,0.012039874999999256,0.01242008300000208,,21,0.013169375000003924,500,175,0,0,325,10,0.9,4.0,5,0.9,5,175,175,0,0,1.0,0.0,0.0
c06_s05_cov100_seed00000002_bw010,6,5,1.0,0.1,2,X,Y,5,2,"C00,W",True,5,ok,e1_ladder,mpdag_criterion,True,"Conjecture 2 (hence Anti-Exchange Case B, verified not proved)","(('C00', 'Y'), ('W', 'Y'), ('X', 'Y'))",0.000374583999999345,0.012357458000003874,0.012732042000003219,,21,0.013264875000004395,500,159,0,0,341,10,0.9,4.0,5,0.9,5,159,159,0,0,1.0,0.0,0.0
c06_s05_cov100_seed00000003_bw010,6,5,1.0,0.1,3,X,Y,5,2,"C00,W",True,5,ok,e1_ladder,mpdag_criterion,True,"Conjecture 2 (hence Anti-Exchange Case B, verified not proved)","(('C00', 'Y'), ('W', 'Y'), ('X', 'Y'))",0.00038629200000173114,0.012216834000000176,0.012603126000001907,,21,0.01346662499999951,500,162,0,0,338,10,0.9,4.0,5,0.9,5,162,162,0,0,1.0,0.0,0.0
c06_s05_cov100_seed00000004_bw010,6,5,1.0,0.1,4,X,Y,5,2,"C00,W",True,5,ok,e1_ladder,mpdag_criterion,True,"Conjecture 2 (hence Anti-Exchange Case B, verified not proved)","(('C00', 'Y'), ('W', 'Y'), ('X', 'Y'))",0.0003774170000028221,0.012172417000002156,0.012549834000004978,,21,0.013172625000002824,500,167,0,0,333,10,0.9,4.0,5,0.9,5,167,167,0,0,1.0,0.0,0.0
c06_s05_cov100_seed00000005_bw010,6,5,1.0,0.1,5,X,Y,5,2,"C00,W",True,5,ok,e1_ladder,mpdag_criterion,True,"Conjecture 2 (hence Anti-Exchange Case B, verified not proved)","(('C00', 'Y'), ('W', 'Y'), ('X', 'Y'))",0.00042375000000305363,0.012983000000005518,0.013406750000008572,,21,0.013183958000006157,500,161,0,0,339,10,0.9,4.0,5,0.9,5,161,161,0,0,1.0,0.0,0.0
c06_s05_cov100_seed00000006_bw010,6,5,1.0,0.1,6,X,Y,5,2,"C00,W",True,5,ok,e1_ladder,mpdag_criterion,True,"Conjecture 2 (hence Anti-Exchange Case B, verified not proved)","(('C00', 'Y'), ('W', 'Y'), ('X', 'Y'))",0.0003759169999995038,0.012290124999999819,0.012666041999999322,,21,0.013258708000002173,500,146,0,0,354,10,0.9,4.0,5,0.9,5,146,146,0,0,1.0,0.0,0.0
c06_s05_cov100_seed00000007_bw010,6,5,1.0,0.1,7,X,Y,5,2,"C00,W",True,5,ok,e1_ladder,mpdag_criterion,True,"Conjecture 2 (hence Anti-Exchange Case B, verified not proved)","(('C00', 'Y'), ('W', 'Y'), ('X', 'Y'))",0.00039529099999668915,0.012094000000004712,0.012489291000001401,,21,0.013230959000004816,500,155,0,0,345,10,0.9,4.0,5,0.9,5,155,155,0,0,1.0,0.0,0.0
c06_s05_cov100_seed00000008_bw010,6,5,1.0,0.1,8,X,Y,5,2,"C00,W",True,5,ok,e1_ladder,mpdag_criterion,True,"Conjecture 2 (hence Anti-Exchange Case B, verified not proved)","(('C00', 'Y'), ('W', 'Y'), ('X', 'Y'))",0.0003819999999947754,0.01248308299999934,0.012865082999994115,,21,0.013852291999995714,500,155,0,0,345,10,0.9,4.0,5,0.9,5,155,155,0,0,1.0,0.0,0.0
c06_s05_cov100_seed00000009_bw010,6,5,1.0,0.1,9,X,Y,5,2,"C00,W",True,5,ok,e1_ladder,mpdag_criterion,True,"Conjecture 2 (hence Anti-Exchange Case B, verified not proved)","(('C00', 'Y'), ('W', 'Y'), ('X', 'Y'))",0.000420459000004314,0.012016207999998585,0.012436667000002899,,21,0.013400500000003035,500,171,0,0,329,10,0.9,4.0,5,0.9,5,171,171,0,0,1.0,0.0,0.0
c06_s05_cov100_seed00000010_bw010,6,5,1.0,0.1,10,X,Y,5,2,"C00,W",True,5,ok,e1_ladder,mpdag_criterion,True,"Conjecture 2 (hence Anti-Exchange Case B, verified not proved)","(('C00', 'Y'), ('W', 'Y'), ('X', 'Y'))",0.00038304199999572575,0.013002084000000025,0.01338512599999575,,21,0.013040959000001351,500,163,0,0,337,10,0.9,4.0,5,0.9,5,163,163,0,0,1.0,0.0,0.0
c06_s05_cov100_seed00000011_bw010,6,5,1.0,0.1,11,X,Y,5,2,"C00,W",True,5,ok,e1_ladder,mpdag_criterion,True,"Conjecture 2 (hence Anti-Exchange Case B, verified not proved)","(('C00', 'Y'), ('W', 'Y'), ('X', 'Y'))",0.0003740419999971323,0.012062082999996449,0.01243612499999358,,21,0.013064708000001701,500,163,0,0,337,10,0.9,4.0,5,0.9,5,163,163,0,0,1.0,0.0,0.0
c06_s05_cov100_seed00000012_bw010,6,5,1.0,0.1,12,X,Y,5,2,"C00,W",True,5,ok,e1_ladder,mpdag_criterion,True,"Conjecture 2 (hence Anti-Exchange Case B, verified not proved)","(('C00', 'Y'), ('W', 'Y'), ('X', 'Y'))",0.0003748330000021838,0.012386708000001079,0.012761541000003263,,21,0.013575457999998264,500,169,0,0,331,10,0.9,4.0,5,0.9,5,169,169,0,0,1.0,0.0,0.0
c06_s05_cov100_seed00000013_bw010,6,5,1.0,0.1,13,X,Y,5,2,"C00,W",True,5,ok,e1_ladder,mpdag_criterion,True,"Conjecture 2 (hence Anti-Exchange Case B, verified not proved)","(('C00', 'Y'), ('W', 'Y'), ('X', 'Y'))",0.000372417000001235,0.012496667000000627,0.012869084000001862,,21,0.012936791999997865,500,154,0,0,346,10,0.9,4.0,5,0.9,5,154,154,0,0,1.0,0.0,0.0
c06_s05_cov100_seed00000014_bw010,6,5,1.0,0.1,14,X,Y,5,2,"C00,W",True,5,ok,e1_ladder,mpdag_criterion,True,"Conjecture 2 (hence Anti-Exchange Case B, verified not proved)","(('C00', 'Y'), ('W', 'Y'), ('X', 'Y'))",0.00038054200000203764,0.01236920800000263,0.012749750000004667,,21,0.013477958000002843,500,154,0,0,346,10,0.9,4.0,5,0.9,5,154,154,0,0,1.0,0.0,0.0
c06_s05_cov100_seed00000011_bw025,6,5,1.0,0.25,11,X,Y,5,2,"C00,W",True,4,ok,e1_ladder,mpdag_criterion,True,"Conjecture 2 (hence Anti-Exchange Case B, verified not proved)","(('C00', 'Y'), ('C01', 'C00'), ('W', 'Y'), ('X', 'Y'))",0.0006589159999990102,0.011979916999997897,0.012638832999996907,,21,0.013335458000000244,500,84,0,0,416,8,0.7,3.0,5,0.8,4,84,84,0,0,1.0,0.0,0.0
c06_s05_cov100_seed00000015_bw025,6,5,1.0,0.25,15,X,Y,5,2,"C00,W",True,4,ok,e1_ladder,mpdag_criterion,True,"Conjecture 2 (hence Anti-Exchange Case B, verified not proved)","(('C00', 'Y'), ('C01', 'C00'), ('W', 'Y'), ('X', 'Y'))",0.0006024999999993952,0.01126366699999437,0.011866166999993766,,21,0.013180040999998255,500,75,0,0,425,8,0.7,3.0,5,0.8,4,75,75,0,0,1.0,0.0,0.0
c06_s05_cov100_seed00000019_bw025,6,5,1.0,0.25,19,X,Y,5,2,"C00,W",True,4,ok,e1_ladder,mpdag_criterion,True,"Conjecture 2 (hence Anti-Exchange Case B, verified not proved)","(('C00', 'Y'), ('C01', 'C00'), ('W', 'Y'), ('X', 'Y'))",0.0005806660000047259,0.011274333000002912,0.011854999000007638,,21,0.01333858299999946,500,83,0,0,417,8,0.7,3.0,5,0.8,4,83,83,0,0,1.0,0.0,0.0
c06_s05_cov100_seed00000022_bw025,6,5,1.0,0.25,22,X,Y,5,2,"C00,W",True,4,ok,e1_ladder,mpdag_criterion,True,"Conjecture 2 (hence Anti-Exchange Case B, verified not proved)","(('C00', 'Y'), ('C01', 'C00'), ('W', 'Y'), ('X', 'Y'))",0.0006034170000006611,0.011923541999998122,0.012526958999998783,,21,0.013099083999996708,500,78,0,0,422,8,0.7,3.0,5,0.8,4,78,78,0,0,1.0,0.0,0.0
c06_s05_cov100_seed00000029_bw025,6,5,1.0,0.25,29,X,Y,5,2,"C00,W",True,4,ok,e1_ladder,mpdag_criterion,True,"Conjecture 2 (hence Anti-Exchange Case B, verified not proved)","(('C00', 'Y'), ('C01', 'C00'), ('W', 'Y'), ('X', 'Y'))",0.0005840419999998403,0.011310500000000445,0.011894542000000285,,21,0.013049084000002154,500,86,0,0,414,8,0.7,3.0,5,0.8,4,86,86,0,0,1.0,0.0,0.0
c06_s05_cov100_seed00000038_bw025,6,5,1.0,0.25,38,X,Y,5,2,"C00,W",True,4,ok,e1_ladder,mpdag_criterion,True,"Conjecture 2 (hence Anti-Exchange Case B, verified not proved)","(('C00', 'Y'), ('C01', 'C00'), ('W', 'Y'), ('X', 'Y'))",0.0005800419999957285,0.011085999999998819,0.011666041999994547,,21,0.01317258299999935,500,73,0,0,427,8,0.7,3.0,5,0.8,4,73,73,0,0,1.0,0.0,0.0
c06_s05_cov100_seed00000041_bw025,6,5,1.0,0.25,41,X,Y,5,2,"C00,W",True,4,ok,e1_ladder,mpdag_criterion,True,"Conjecture 2 (hence Anti-Exchange Case B, verified not proved)","(('C00', 'Y'), ('C01', 'C00'), ('W', 'Y'), ('X', 'Y'))",0.0005771249999995121,0.010938875000000792,0.011516000000000304,,21,0.013367375000001402,500,84,0,0,416,8,0.7,3.0,5,0.8,4,84,84,0,0,1.0,0.0,0.0
c06_s05_cov100_seed00000046_bw025,6,5,1.0,0.25,46,X,Y,5,2,"C00,W",True,4,ok,e1_ladder,mpdag_criterion,True,"Conjecture 2 (hence Anti-Exchange Case B, verified not proved)","(('C00', 'Y'), ('C01', 'C00'), ('W', 'Y'), ('X', 'Y'))",0.0005828330000028359,0.011252499999997667,0.011835333000000503,,21,0.013425040999997861,500,76,0,0,424,8,0.7,3.0,5,0.8,4,76,76,0,0,1.0,0.0,0.0
c06_s05_cov100_seed00000048_bw025,6,5,1.0,0.25,48,X,Y,5,2,"C00,W",True,4,ok,e1_ladder,mpdag_criterion,True,"Conjecture 2 (hence Anti-Exchange Case B, verified not proved)","(('C00', 'Y'), ('C01', 'C00'), ('W', 'Y'), ('X', 'Y'))",0.0005774999999985653,0.011647124999996095,0.01222462499999466,,21,0.013545916999994745,500,72,0,0,428,8,0.7,3.0,5,0.8,4,72,72,0,0,1.0,0.0,0.0
c06_s05_cov100_seed00000054_bw025,6,5,1.0,0.25,54,X,Y,5,2,"C00,W",True,4,ok,e1_ladder,mpdag_criterion,True,"Conjecture 2 (hence Anti-Exchange Case B, verified not proved)","(('C00', 'Y'), ('C01', 'C00'), ('W', 'Y'), ('X', 'Y'))",0.0005761660000018765,0.01153191599999559,0.012108081999997466,,21,0.013288208000005852,500,76,0,0,424,8,0.7,3.0,5,0.8,4,76,76,0,0,1.0,0.0,0.0
c06_s05_cov100_seed00000055_bw025,6,5,1.0,0.25,55,X,Y,5,2,"C00,W",True,4,ok,e1_ladder,mpdag_criterion,True,"Conjecture 2 (hence Anti-Exchange Case B, verified not proved)","(('C00', 'Y'), ('C01', 'C00'), ('W', 'Y'), ('X', 'Y'))",0.0005972920000019144,0.011380250000001979,0.011977542000003893,,21,0.013672624999998106,500,84,0,0,416,8,0.7,3.0,5,0.8,4,84,84,0,0,1.0,0.0,0.0
c06_s05_cov100_seed00000060_bw025,6,5,1.0,0.25,60,X,Y,5,2,"C00,W",True,4,ok,e1_ladder,mpdag_criterion,True,"Conjecture 2 (hence Anti-Exchange Case B, verified not proved)","(('C00', 'Y'), ('C01', 'C00'), ('W', 'Y'), ('X', 'Y'))",0.0005432909999996127,0.011314666000004081,0.011857957000003694,,21,0.013419417000001488,500,80,0,0,420,8,0.7,3.0,5,0.8,4,80,80,0,0,1.0,0.0,0.0
c06_s05_cov100_seed00000067_bw025,6,5,1.0,0.25,67,X,Y,5,2,"C00,W",True,4,ok,e1_ladder,mpdag_criterion,True,"Conjecture 2 (hence Anti-Exchange Case B, verified not proved)","(('C00', 'Y'), ('C01', 'C00'), ('W', 'Y'), ('X', 'Y'))",0.0006116250000047785,0.01097729199999975,0.011588917000004528,,21,0.012884374999998727,500,86,0,0,414,8,0.7,3.0,5,0.8,4,86,86,0,0,1.0,0.0,0.0
c06_s05_cov100_seed00000068_bw025,6,5,1.0,0.25,68,X,Y,5,2,"C00,W",True,4,ok,e1_ladder,mpdag_criterion,True,"Conjecture 2 (hence Anti-Exchange Case B, verified not proved)","(('C00', 'Y'), ('C01', 'C00'), ('W', 'Y'), ('X', 'Y'))",0.0005909160000001634,0.01134408299999734,0.011934998999997504,,21,0.01394866700000108,500,93,0,0,407,8,0.7,3.0,5,0.8,4,93,93,0,0,1.0,0.0,0.0
c06_s05_cov100_seed00000078_bw025,6,5,1.0,0.25,78,X,Y,5,2,"C00,W",True,4,ok,e1_ladder,mpdag_criterion,True,"Conjecture 2 (hence Anti-Exchange Case B, verified not proved)","(('C00', 'Y'), ('C01', 'C00'), ('W', 'Y'), ('X', 'Y'))",0.000602459000006661,0.010895749999995985,0.011498209000002646,,21,0.013338457999999775,500,77,0,0,423,8,0.7,3.0,5,0.8,4,77,77,0,0,1.0,0.0,0.0
c07_s01_cov050_seed00000000_bw000,7,1,0.5,0.0,0,X,Y,4,2,"C00,W",True,1,ok,local_up_fast,mpdag_criterion,True,"Conjecture 2 (hence Anti-Exchange Case B, verified not proved)",C00->C02 C00->C03 C00->C04 C00->Y C03->C05 C05->C06 W->Y X->Y C00-X C02-X C03-X,0.000362000000002638,0.0,0.000362000000002638,,141,0.3654516249999986,400,130,0,0,270,7,0.22199999999999998,0.74,4,0.7071428571428571,5,130,130,0,0,1.0,0.0,0.0
c07_s01_cov050_seed00000001_bw000,7,1,0.5,0.0,1,X,Y,4,2,"C00,W",True,1,ok,local_up_fast,mpdag_criterion,True,"Conjecture 2 (hence Anti-Exchange Case B, verified not proved)",C00->C02 C00->C03 C00->Y C03->C04 C04->C05 W->Y X->C06 X->Y C00-X C03-X,0.0002786249999999768,0.0,0.0002786249999999768,,96,0.13721704200000318,400,142,0,0,258,8,0.40522875816993464,1.3507625272331154,4,0.6,6,142,142,0,0,1.0,0.0,0.0
c07_s01_cov050_seed00000002_bw000,7,1,0.5,0.0,2,X,Y,4,2,"C00,W",True,1,ok,local_up_fast,mpdag_criterion,True,"Conjecture 2 (hence Anti-Exchange Case B, verified not proved)",C00->C02 C00->C03 C00->C05 C00->Y W->Y X->C04 X->Y C00-C06 C00-X C02-X C05-C06,0.00033233400000654,0.0,0.00033233400000654,,370,1.0207018750000003,400,117,0,0,283,6,0.22199999999999998,0.74,4,0.7,5,117,117,0,0,1.0,0.0,0.0
c07_s01_cov050_seed00000003_bw000,7,1,0.5,0.0,3,X,Y,4,2,"C00,W",True,1,ok,local_up_fast,mpdag_criterion,True,"Conjecture 2 (hence Anti-Exchange Case B, verified not proved)",C00->C02 C00->C03 C00->C04 C00->Y C02->C05 W->Y X->Y C00-C06 C00-X C02-X C03-C04 C03-C06,0.00044608399999646053,0.0,0.00044608399999646053,,588,2.8711718329999982,400,132,0,0,268,6,0.5085,1.1949999999999998,4,0.7375,4,132,132,0,0,1.0,0.0,0.0
c07_s01_cov050_seed00000004_bw000,7,1,0.5,0.0,4,X,Y,4,2,"C00,W",True,1,ok,local_up_fast,mpdag_criterion,True,"Conjecture 2 (hence Anti-Exchange Case B, verified not proved)",C00->C05 C00->Y C02->C03 C03->C04 C03->C06 W->Y X->C02 X->Y C00-X C04-C06,0.0002526669999980413,0.0,0.0002526669999980413,,89,0.20748279100000389,400,84,0,0,316,9,0.15348837209302327,0.5116279069767442,4,0.2,4,84,84,0,0,1.0,0.0,0.0
c07_s01_cov050_seed00000005_bw000,7,1,0.5,0.0,5,X,Y,4,2,"C00,W",True,1,ok,local_up_fast,mpdag_criterion,True,"Conjecture 2 (hence Anti-Exchange Case B, verified not proved)",C00->Y C02->C03 C02->C04 C02->C06 W->Y X->C02 X->C04 X->C05 X->C06 X->Y C00-X,0.00033895900000402435,0.0,0.00033895900000402435,,236,0.6536257919999997,400,125,0,0,275,8,0.16973684210526313,0.5657894736842105,4,0.5,4,125,125,0,0,1.0,0.0,0.0
c07_s01_cov050_seed00000006_bw000,7,1,0.5,0.0,6,X,Y,3,2,"C00,W",True,1,ok,local_up_fast,mpdag_criterion,True,"Conjecture 2 (hence Anti-Exchange Case B, verified not proved)",C00->C02 C00->Y C02->C04 C02->C06 W->Y X->C03 X->C05 X->Y C00-X,0.00020841599999954497,0.0,0.00020841599999954497,,37,0.04512174999999985,300,106,0,0,194,4,0.75,1.5,3,0.8927536231884059,2,106,106,0,0,1.0,0.0,0.0
c07_s01_cov050_seed00000007_bw000,7,1,0.5,0.0,7,X,Y,3,2,"C00,W",True,1,ok,local_up_fast,mpdag_criterion,True,"Conjecture 2 (hence Anti-Exchange Case B, verified not proved)",C00->Y C03->C04 C05->C06 W->Y X->C02 X->C03 X->C05 X->Y C00-X,0.00021754199999435286,0.0,0.00021754199999435286,,44,0.049188291000000106,300,95,0,0,205,6,0.0,0.0,3,0.0,2,95,95,0,0,1.0,0.0,0.0
c07_s01_cov050_seed00000008_bw000,7,1,0.5,0.0,8,X,Y,3,2,"C00,W",True,1,ok,local_up_fast,mpdag_criterion,True,"Conjecture 2 (hence Anti-Exchange Case B, verified not proved)",C00->C03 C00->Y C02->C04 C03->C05 C03->C06 W->Y X->C02 X->Y C00-X,0.00021208300000097324,0.0,0.00021208300000097324,,32,0.04395300000000191,300,106,0,0,194,6,0.1893939393939394,0.3787878787878788,3,0.3,3,106,106,0,0,1.0,0.0,0.0
c07_s01_cov050_seed00000009_bw000,7,1,0.5,0.0,9,X,Y,4,2,"C00,W",True,1,ok,local_up_fast,mpdag_criterion,True,"Conjecture 2 (hence Anti-Exchange Case B, verified not proved)",C00->C02 C00->Y C02->C03 C02->C04 C03->C05 C05->C06 W->Y X->Y C00-X C02-X,0.0002942499999960546,0.0,0.0002942499999960546,,110,0.17481129200000112,400,147,0,0,253,9,0.34959830866807606,1.1653276955602536,4,0.3344522144522145,5,147,147,0,0,1.0,0.0,0.0
c07_s01_cov050_seed00000010_bw000,7,1,0.5,0.0,10,X,Y,4,2,"C00,W",True,1,ok,local_up_fast,mpdag_criterion,True,"Conjecture 2 (hence Anti-Exchange Case B, verified not proved)",C00->C02 C00->C05 C00->Y C02->C03 C02->C04 C04->C06 W->Y X->Y C00-X C02-X C05-X,0.0003914999999992119,0.0,0.0003914999999992119,,137,0.37494804100000323,400,142,0,0,258,8,0.28543776057176895,0.9514592019058963,4,0.4613636363636363,5,142,142,0,0,1.0,0.0,0.0
c07_s01_cov050_seed00000011_bw000,7,1,0.5,0.0,11,X,Y,4,2,"C00,W",True,1,ok,local_up_fast,mpdag_criterion,True,"Conjecture 2 (hence Anti-Exchange Case B, verified not proved)",C00->C02 C00->C03 C00->C04 C00->Y W->Y X->Y C00-C05 C00-C06 C00-X C02-C04 C03-C06,0.0002980000000007976,0.0,0.0002980000000007976,,472,1.5470879589999953,400,114,0,0,286,6,0.9339999999999999,1.78,4,0.8,4,114,114,0,0,1.0,0.0,0.0
c07_s01_cov050_seed00000012_bw000,7,1,0.5,0.0,12,X,Y,4,2,"C00,W",True,1,ok,local_up_fast,mpdag_criterion,True,"Conjecture 2 (hence Anti-Exchange Case B, verified not proved)",C00->C03 C00->C04 C00->C05 C00->Y W->Y X->C02 X->Y C00-C06 C00-X C03-X C04-C05 C04-C06,0.00038716600000299195,0.0,0.00038716600000299195,,588,3.1434884589999967,400,132,0,0,268,6,0.5351250000000001,1.15875,4,0.8253063725490197,4,132,132,0,0,1.0,0.0,0.0
c07_s01_cov050_seed00000013_bw000,7,1,0.5,0.0,13,X,Y,4,2,"C00,W",True,1,ok,local_up_fast,mpdag_criterion,True,"Conjecture 2 (hence Anti-Exchange Case B, verified not proved)",C00->Y C02->C03 C02->C04 C03->C04 C03->C06 C04->C06 W->Y X->C02 X->C05 X->Y C00-X,0.0003229999999945221,0.0,0.0003229999999945221,,128,0.40100683299999673,400,234,0,0,166,12,0.15294117647058822,0.5098039215686274,4,0.2,6,234,234,0,0,1.0,0.0,0.0
c07_s01_cov050_seed00000014_bw000,7,1,0.5,0.0,14,X,Y,3,2,"C00,W",True,1,ok,local_up_fast,mpdag_criterion,True,"Conjecture 2 (hence Anti-Exchange Case B, verified not proved)",C00->C02 C00->C06 C00->Y C02->C03 C04->C05 W->Y X->C04 X->Y C00-X,0.00022287499999862348,0.0,0.00022287499999862348,,34,0.043835999999998876,300,100,0,0,200,4,0.6500000000000001,0.65,3,0.8,3,100,100,0,0,1.0,0.0,0.0
c07_s01_cov050_seed00000000_bw010,7,1,0.5,0.1,0,X,Y,4,2,"C00,W",True,1,ok,local_up_fast,mpdag_criterion,True,"Conjecture 2 (hence Anti-Exchange Case B, verified not proved)",C00->C02 C00->C03 C00->C04 C00->Y C03->C05 C05->C06 W->Y X->Y C00-X C02-X C03-X,0.0004138749999995639,0.0,0.0004138749999995639,,141,0.3329072499999981,400,137,0,0,263,7,0.24000000000000005,0.8,4,0.7130434782608696,5,137,137,0,0,1.0,0.0,0.0
c07_s01_cov050_seed00000001_bw010,7,1,0.5,0.1,1,X,Y,4,2,"C00,W",True,1,ok,local_up_fast,mpdag_criterion,True,"Conjecture 2 (hence Anti-Exchange Case B, verified not proved)",C00->C02 C00->C03 C00->Y C03->C04 C04->C05 W->Y X->C06 X->Y C00-X C03-X,0.00026450000000011187,0.0,0.00026450000000011187,,96,0.13583175000000125,400,122,0,0,278,8,0.3986486486486486,1.3288288288288288,4,0.6,6,122,122,0,0,1.0,0.0,0.0
c07_s01_cov050_seed00000002_bw010,7,1,0.5,0.1,2,X,Y,4,2,"C00,W",True,1,ok,local_up_fast,mpdag_criterion,True,"Conjecture 2 (hence Anti-Exchange Case B, verified not proved)",C00->C02 C00->C03 C00->C05 C00->Y W->Y X->C04 X->Y C00-C06 C00-X C02-X C05-C06,0.0002921250000014197,0.0,0.0002921250000014197,,370,0.9115587499999975,400,118,0,0,282,6,0.255,0.85,4,0.7,5,118,118,0,0,1.0,0.0,0.0
c07_s01_cov050_seed00000003_bw010,7,1,0.5,0.1,3,X,Y,4,2,"C00,W",True,1,ok,local_up_fast,mpdag_criterion,True,"Conjecture 2 (hence Anti-Exchange Case B, verified not proved)",C00->C02 C00->C03 C00->C04 C00->Y C02->C05 W->Y X->Y C00-C06 C00-X C02-X C03-C04 C03-C06,0.00034333300000355393,0.0,0.00034333300000355393,,588,2.6833612920000007,400,138,0,0,262,6,0.532157894736842,1.1773684210526316,4,0.7447368421052631,4,138,138,0,0,1.0,0.0,0.0
c07_s01_cov050_seed00000004_bw010,7,1,0.5,0.1,4,X,Y,4,2,"C00,W",True,1,ok,local_up_fast,mpdag_criterion,True,"Conjecture 2 (hence Anti-Exchange Case B, verified not proved)",C00->C05 C00->Y C02->C03 C03->C04 C03->C06 W->Y X->C02 X->Y C00-X C04-C06,0.0002255419999954711,0.0,0.0002255419999954711,,89,0.14456887500000448,400,86,0,0,314,9,0.13529411764705884,0.45098039215686275,4,0.2,4,86,86,0,0,1.0,0.0,0.0
c07_s01_cov050_seed00000005_bw010,7,1,0.5,0.1,5,X,Y,4,2,"C00,W",True,1,ok,local_up_fast,mpdag_criterion,True,"Conjecture 2 (hence Anti-Exchange Case B, verified not proved)",C00->Y C02->C03 C02->C04 C02->C06 W->Y X->C02 X->C04 X->C05 X->C06 X->Y C00-X,0.0003108749999967131,0.0,0.0003108749999967131,,236,0.5912640000000096,400,128,0,0,272,8,0.19870129870129868,0.6623376623376623,4,0.5,4,128,128,0,0,1.0,0.0,0.0
c07_s01_cov050_seed00000006_bw010,7,1,0.5,0.1,6,X,Y,3,2,"C00,W",True,1,ok,local_up_fast,mpdag_criterion,True,"Conjecture 2 (hence Anti-Exchange Case B, verified not proved)",C00->C02 C00->Y C02->C04 C02->C06 W->Y X->C03 X->C05 X->Y C00-X,0.0001907500000015716,0.0,0.0001907500000015716,,37,0.04015699999999356,300,98,0,0,202,4,0.7538461538461538,1.5076923076923077,3,0.9015384615384615,2,98,98,0,0,1.0,0.0,0.0
c07_s01_cov050_seed00000007_bw010,7,1,0.5,0.1,7,X,Y,3,2,"C00,W",True,1,ok,local_up_fast,mpdag_criterion,True,"Conjecture 2 (hence Anti-Exchange Case B, verified not proved)",C00->Y C03->C04 C05->C06 W->Y X->C02 X->C03 X->C05 X->Y C00-X,0.00020308300000237978,0.0,0.00020308300000237978,,44,0.0424053750000013,300,91,0,0,209,6,0.0,0.0,3,0.0,2,91,91,0,0,1.0,0.0,0.0
c07_s01_cov050_seed00000008_bw010,7,1,0.5,0.1,8,X,Y,3,2,"C00,W",True,1,ok,local_up_fast,mpdag_criterion,True,"Conjecture 2 (hence Anti-Exchange Case B, verified not proved)",C00->C03 C00->Y C02->C04 C03->C05 C03->C06 W->Y X->C02 X->Y C00-X,0.00019008299999256906,0.0,0.00019008299999256906,,32,0.03995004200000096,300,101,0,0,199,6,0.2777777777777778,0.5555555555555556,3,0.3,3,101,101,0,0,1.0,0.0,0.0
c07_s01_cov050_seed00000009_bw010,7,1,0.5,0.1,9,X,Y,4,2,"C00,W",True,1,ok,local_up_fast,mpdag_criterion,True,"Conjecture 2 (hence Anti-Exchange Case B, verified not proved)",C00->C02 C00->Y C02->C03 C02->C04 C03->C05 C05->C06 W->Y X->Y C00-X C02-X,0.00029595899999890207,0.0,0.00029595899999890207,,110,0.15598495900000842,400,158,0,0,242,9,0.36012931034482765,1.2004310344827587,4,0.3732954545454545,5,158,158,0,0,1.0,0.0,0.0
c07_s01_cov050_seed00000010_bw010,7,1,0.5,0.1,10,X,Y,4,2,"C00,W",True,1,ok,local_up_fast,mpdag_criterion,True,"Conjecture 2 (hence Anti-Exchange Case B, verified not proved)",C00->C02 C00->C05 C00->Y C02->C03 C02->C04 C04->C06 W->Y X->Y C00-X C02-X C05-X,0.00035312500000372893,0.0,0.00035312500000372893,,137,0.33277499999999804,400,152,0,0,248,8,0.3123626373626374,1.0412087912087913,4,0.4619047619047619,5,152,152,0,0,1.0,0.0,0.0
c07_s01_cov050_seed00000011_bw010,7,1,0.5,0.1,11,X,Y,4,2,"C00,W",True,1,ok,local_up_fast,mpdag_criterion,True,"Conjecture 2 (hence Anti-Exchange Case B, verified not proved)",C00->C02 C00->C03 C00->C04 C00->Y W->Y X->Y C00-C05 C00-C06 C00-X C02-C04 C03-C06,0.00026225000000579257,0.0,0.00026225000000579257,,472,1.4311090000000064,400,119,0,0,281,6,0.9189999999999999,1.73,4,0.8,4,119,119,0,0,1.0,0.0,0.0
c07_s01_cov050_seed00000012_bw010,7,1,0.5,0.1,12,X,Y,4,2,"C00,W",True,1,ok,local_up_fast,mpdag_criterion,True,"Conjecture 2 (hence Anti-Exchange Case B, verified not proved)",C00->C03 C00->C04 C00->C05 C00->Y W->Y X->C02 X->Y C00-C06 C00-X C03-X C04-C05 C04-C06,0.00034920899999235644,0.0,0.00034920899999235644,,588,2.7710174159999923,400,130,0,0,270,6,0.5660000000000001,1.22,4,0.8308510638297871,4,130,130,0,0,1.0,0.0,0.0
c07_s01_cov050_seed00000013_bw010,7,1,0.5,0.1,13,X,Y,4,2,"C00,W",True,1,ok,local_up_fast,mpdag_criterion,True,"Conjecture 2 (hence Anti-Exchange Case B, verified not proved)",C00->Y C02->C03 C02->C04 C03->C04 C03->C06 C04->C06 W->Y X->C02 X->C05 X->Y C00-X,0.0002786670000034519,0.0,0.0002786670000034519,,128,0.32623358300000405,400,229,0,0,171,12,0.13170731707317074,0.43902439024390244,4,0.2,6,229,229,0,0,1.0,0.0,0.0
c07_s01_cov050_seed00000014_bw010,7,1,0.5,0.1,14,X,Y,3,2,"C00,W",True,1,ok,local_up_fast,mpdag_criterion,True,"Conjecture 2 (hence Anti-Exchange Case B, verified not proved)",C00->C02 C00->C06 C00->Y C02->C03 C04->C05 W->Y X->C04 X->Y C00-X,0.00017937499998765816,0.0,0.00017937499998765816,,34,0.0396877499999988,300,100,0,0,200,4,0.67,0.67,3,0.8,3,100,100,0,0,1.0,0.0,0.0
c07_s01_cov050_seed00000000_bw025,7,1,0.5,0.25,0,X,Y,4,1,W,True,1,ok,local_up_fast,mpdag_criterion,True,"Conjecture 2 (hence Anti-Exchange Case B, verified not proved)",C00->C02 C00->C03 C00->C04 C00->Y C03->C05 C05->C06 W->Y X->C02 X->C03 X->Y C00-X,0.00026137500000800173,0.0,0.00026137500000800173,,141,0.33390004200001044,400,130,0,0,270,8,0.0,0.0,4,0.0,5,130,130,0,0,1.0,0.0,0.0
c07_s01_cov050_seed00000002_bw025,7,1,0.5,0.25,2,X,Y,4,1,W,True,1,ok,local_up_fast,mpdag_criterion,True,"Conjecture 2 (hence Anti-Exchange Case B, verified not proved)",C00->C02 C00->C03 C00->C05 C00->C06 C00->Y W->Y X->C02 X->Y C00-X C04-X C05-C06,0.00034170800000765666,0.0,0.00034170800000765666,,370,0.9073904999999911,400,104,0,0,296,7,0.0,0.0,4,0.0,4,104,104,0,0,1.0,0.0,0.0
c07_s01_cov050_seed00000003_bw025,7,1,0.5,0.25,3,X,Y,4,1,W,True,1,ok,local_up_fast,mpdag_criterion,True,"Conjecture 2 (hence Anti-Exchange Case B, verified not proved)",C00->C02 C00->C03 C00->C04 C00->C06 C00->Y C02->C05 W->Y X->C02 X->Y C00-X C03-C04 C03-C06,0.0003853329999969901,0.0,0.0003853329999969901,,588,2.672358541999998,400,128,0,0,272,8,0.0,0.0,4,0.0,3,128,128,0,0,1.0,0.0,0.0
c07_s01_cov050_seed00000004_bw025,7,1,0.5,0.25,4,X,Y,4,1,W,True,1,ok,local_up_fast,mpdag_criterion,True,"Conjecture 2 (hence Anti-Exchange Case B, verified not proved)",C00->C05 C00->Y C02->C03 C03->C04 C03->C06 W->Y X->Y C00-X C02-X C04-C06,0.00028416600000014114,0.0,0.00028416600000014114,,89,0.14889775000000327,400,88,0,0,312,6,0.5006359300476947,0.9841017488076311,4,0.3,4,88,88,0,0,1.0,0.0,0.0
c07_s01_cov050_seed00000005_bw025,7,1,0.5,0.25,5,X,Y,4,2,"C00,W",True,1,ok,local_up_fast,mpdag_criterion,True,"Conjecture 2 (hence Anti-Exchange Case B, verified not proved)",C00->Y C02->C03 C02->C06 C04->C02 W->Y X->C02 X->C04 X->C05 X->C06 X->Y C00-X,0.0003070000000064965,0.0,0.0003070000000064965,,236,0.5954468749999933,400,127,0,0,273,10,0.30106951871657756,1.0035650623885919,4,0.4,6,127,127,0,0,1.0,0.0,0.0
c07_s01_cov050_seed00000006_bw025,7,1,0.5,0.25,6,X,Y,3,2,"C00,W",True,2,ok,local_up_fast,mpdag_criterion,True,"Conjecture 2 (hence Anti-Exchange Case B, verified not proved)",C00->Y C02->C04 W->Y X->C03 X->C05 X->Y C00-C02 C00-X C02-C06,0.0006239580000055867,0.0,0.0006239580000055867,,37,0.03960183400000972,300,90,0,0,210,7,0.5,1.0,3,0.7,2,90,90,0,0,1.0,0.0,0.0
c07_s01_cov050_seed00000007_bw025,7,1,0.5,0.25,7,X,Y,3,1,W,True,1,ok,local_up_fast,mpdag_criterion,True,"Conjecture 2 (hence Anti-Exchange Case B, verified not proved)",C00->Y C03->C04 C05->C06 W->Y X->Y C00-X C02-X C03-X C05-X,0.0002772499999963429,0.0,0.0002772499999963429,,44,0.043363666999994166,300,100,0,0,200,5,0.6899999999999998,0.69,3,0.6899999999999998,1,100,100,0,0,1.0,0.0,0.0
c07_s01_cov050_seed00000008_bw025,7,1,0.5,0.25,8,X,Y,3,2,"C00,W",True,2,ok,local_up_fast,mpdag_criterion,True,"Conjecture 2 (hence Anti-Exchange Case B, verified not proved)",C00->Y C02->C04 W->Y X->C02 X->Y C00-C03 C00-X C03-C05 C03-C06,0.000445291999994879,0.0,0.000445291999994879,,32,0.03990341600000136,300,162,0,0,138,10,0.5,1.0,3,0.5,3,162,162,0,0,1.0,0.0,0.0
c07_s01_cov050_seed00000009_bw025,7,1,0.5,0.25,9,X,Y,4,1,W,True,1,ok,local_up_fast,mpdag_criterion,True,"Conjecture 2 (hence Anti-Exchange Case B, verified not proved)",C00->C02 C00->Y C02->C03 C02->C04 C03->C05 C05->C06 W->Y X->C02 X->Y C00-X,0.00024949999999535066,0.0,0.00024949999999535066,,110,0.156019624999999,400,147,0,0,253,10,0.0,0.0,4,0.0,4,147,147,0,0,1.0,0.0,0.0
c07_s01_cov050_seed00000010_bw025,7,1,0.5,0.25,10,X,Y,4,2,"C00,W",True,1,ok,local_up_fast,mpdag_criterion,True,"Conjecture 2 (hence Anti-Exchange Case B, verified not proved)",C00->C02 C00->Y C02->C03 C02->C04 C04->C06 C05->C00 C05->X W->Y X->C02 X->Y C00-X,0.00032595800000478903,0.0,0.00032595800000478903,,137,0.3311419160000071,400,224,0,0,176,12,0.4465279503105591,1.6333540372670807,4,0.4,6,224,224,0,0,1.0,0.0,0.0
c07_s01_cov050_seed00000011_bw025,7,1,0.5,0.25,11,X,Y,4,2,"C00,W",True,2,ok,local_up_fast,mpdag_criterion,True,"Conjecture 2 (hence Anti-Exchange Case B, verified not proved)",C00->C02 C00->C03 C00->C05 C00->C06 C00->Y C04->C02 W->Y X->Y C00-C04 C00-X C03-C06,0.0005836670000007871,0.0,0.0005836670000007871,,472,1.4441151660000031,400,115,0,0,285,6,0.8133333333333332,1.7333333333333334,4,0.890909090909091,3,115,115,0,0,1.0,0.0,0.0
c07_s01_cov050_seed00000012_bw025,7,1,0.5,0.25,12,X,Y,4,2,"C00,W",True,2,ok,local_up_fast,mpdag_criterion,True,"Conjecture 2 (hence Anti-Exchange Case B, verified not proved)",C00->C03 C00->C04 C00->C06 C00->Y C04->C06 C05->C04 W->Y X->C02 X->Y C00-C05 C00-X C03-X,0.0009670000000028267,0.0,0.0009670000000028267,,588,2.7642126670000096,400,125,0,0,275,9,0.5352941176470588,1.784313725490196,4,0.8633333333333333,5,125,125,0,0,1.0,0.0,0.0
c07_s01_cov050_seed00000013_bw025,7,1,0.5,0.25,13,X,Y,4,1,W,True,1,ok,local_up_fast,mpdag_criterion,True,"Conjecture 2 (hence Anti-Exchange Case B, verified not proved)",C00->Y C02->C03 C02->C04 C03->C04 C03->C06 C04->C06 W->Y X->Y C00-X C02-X C05-X,0.00045883299999616156,0.0,0.00045883299999616156,,128,0.35915179100000216,400,154,0,0,246,10,0.8012882447665056,2.3376274825550185,4,0.8125,5,154,154,0,0,1.0,0.0,0.0
c07_s01_cov050_seed00000014_bw025,7,1,0.5,0.25,14,X,Y,3,2,"C00,W",True,2,ok,local_up_fast,mpdag_criterion,True,"Conjecture 2 (hence Anti-Exchange Case B, verified not proved)",C00->C06 C00->Y C04->C05 W->Y X->C04 X->Y C00-C02 C00-X C02-C03,0.0005355840000049739,0.0,0.0005355840000049739,,34,0.042965291999990995,300,93,0,0,207,7,0.7540983606557377,1.5081967213114753,3,0.8,3,93,93,0,0,1.0,0.0,0.0
c07_s01_cov050_seed00000015_bw025,7,1,0.5,0.25,15,X,Y,4,1,W,True,1,ok,local_up_fast,mpdag_criterion,True,"Conjecture 2 (hence Anti-Exchange Case B, verified not proved)",C00->C04 C00->C05 C00->Y C02->C03 C04->C06 W->Y X->Y C00-X C02-X C04-C05,0.00028895799999872906,0.0,0.00028895799999872906,,92,0.14618995899999732,400,105,0,0,295,8,0.16730769230769232,0.5576923076923077,4,0.27884615384615385,4,105,105,0,0,1.0,0.0,0.0
c07_s01_cov100_seed00000000_bw000,7,1,1.0,0.0,0,X,Y,8,2,"C00,W",True,1,ok,local_up_fast,mpdag_criterion,True,"Conjecture 2 (hence Anti-Exchange Case B, verified not proved)",C00->C02 C00->C03 C00->C04 C00->Y C03->C05 C05->C06 W->Y X->C02 X->C03 X->Y C00-X,0.0003293330000104788,0.0,0.0003293330000104788,,141,0.33291183300001137,800,78,0,0,722,10,0.22169811320754715,1.4669811320754715,8,0.3650943396226415,5,78,78,0,0,1.0,0.0,0.0
c07_s01_cov100_seed00000001_bw000,7,1,1.0,0.0,1,X,Y,7,2,"C00,W",True,1,ok,local_up_fast,mpdag_criterion,True,"Conjecture 2 (hence Anti-Exchange Case B, verified not proved)",C00->C02 C00->C03 C00->Y C03->C04 C04->C05 W->Y X->C03 X->C06 X->Y C00-X,0.00027104199999428147,0.0,0.00027104199999428147,,96,0.12417070800000829,700,89,0,0,611,10,0.23681159420289855,1.6507246376811593,7,0.40188405797101445,5,89,89,0,0,1.0,0.0,0.0
c07_s01_cov100_seed00000002_bw000,7,1,1.0,0.0,2,X,Y,8,2,"C00,W",True,1,ok,local_up_fast,mpdag_criterion,True,"Conjecture 2 (hence Anti-Exchange Case B, verified not proved)",C00->C02 C00->C03 C00->C05 C00->C06 C00->Y C05->C06 W->Y X->C02 X->C04 X->Y C00-X,0.00030808299999307565,0.0,0.00030808299999307565,,370,1.035794750000008,800,111,0,0,689,8,0.5328431372549021,2.622549019607843,8,0.6800980392156865,4,111,111,0,0,1.0,0.0,0.0
c07_s01_cov100_seed00000003_bw000,7,1,1.0,0.0,3,X,Y,9,2,"C00,W",True,1,ok,local_up_fast,mpdag_criterion,True,"Conjecture 2 (hence Anti-Exchange Case B, verified not proved)",C00->C02 C00->C03 C00->C04 C00->C06 C00->Y C02->C05 C03->C04 C03->C06 W->Y X->C02 X->Y C00-X,0.0004129160000019283,0.0,0.0004129160000019283,,588,2.6741332090000043,900,104,0,0,796,10,0.3834779255831887,3.168112589165221,9,0.7178330441488338,5,104,104,0,0,1.0,0.0,0.0
c07_s01_cov100_seed00000004_bw000,7,1,1.0,0.0,4,X,Y,7,2,"C00,W",True,1,ok,local_up_fast,mpdag_criterion,True,"Conjecture 2 (hence Anti-Exchange Case B, verified not proved)",C00->C05 C00->Y C02->C03 C03->C04 C03->C06 C04->C06 W->Y X->C02 X->Y C00-X,0.0002579169999989972,0.0,0.0002579169999989972,,89,0.14634479200000783,700,90,0,0,610,12,0.13630952380952382,0.7440476190476191,7,0.1488095238095238,6,90,90,0,0,1.0,0.0,0.0
c07_s01_cov100_seed00000005_bw000,7,1,1.0,0.0,5,X,Y,8,2,"C00,W",True,1,ok,local_up_fast,mpdag_criterion,True,"Conjecture 2 (hence Anti-Exchange Case B, verified not proved)",C00->Y C02->C03 C02->C04 C02->C06 W->Y X->C02 X->C04 X->C05 X->C06 X->Y C00-X,0.0002732499999922311,0.0,0.0002732499999922311,,236,0.5872243330000089,800,66,0,0,734,8,0.06222222222222222,0.6222222222222222,8,0.18666666666666668,4,66,66,0,0,1.0,0.0,0.0
c07_s01_cov100_seed00000006_bw000,7,1,1.0,0.0,6,X,Y,6,2,"C00,W",True,1,ok,local_up_fast,mpdag_criterion,True,"Conjecture 2 (hence Anti-Exchange Case B, verified not proved)",C00->C02 C00->Y C02->C04 C02->C06 W->Y X->C03 X->C05 X->Y C00-X,0.00019008299999256906,0.0,0.00019008299999256906,,37,0.04059329199999695,600,68,0,0,532,4,0.5061007957559682,0.9787798408488064,6,0.47824933687002663,2,68,68,0,0,1.0,0.0,0.0
c07_s01_cov100_seed00000007_bw000,7,1,1.0,0.0,7,X,Y,6,2,"C00,W",True,1,ok,local_up_fast,mpdag_criterion,True,"Conjecture 2 (hence Anti-Exchange Case B, verified not proved)",C00->Y C03->C04 C05->C06 W->Y X->C02 X->C03 X->C05 X->Y C00-X,0.0002492920000065624,0.0,0.0002492920000065624,,44,0.044229041999997776,600,42,0,0,558,6,0.0,0.0,6,0.0,3,42,42,0,0,1.0,0.0,0.0
c07_s01_cov100_seed00000008_bw000,7,1,1.0,0.0,8,X,Y,6,2,"C00,W",True,1,ok,local_up_fast,mpdag_criterion,True,"Conjecture 2 (hence Anti-Exchange Case B, verified not proved)",C00->C03 C00->Y C02->C04 C03->C05 C03->C06 W->Y X->C02 X->Y C00-X,0.00021449999999845204,0.0,0.00021449999999845204,,32,0.04038029200000892,600,59,0,0,541,6,0.24420677361853835,1.2210338680926918,6,0.46934046345811054,3,59,59,0,0,1.0,0.0,0.0
c07_s01_cov100_seed00000009_bw000,7,1,1.0,0.0,9,X,Y,7,2,"C00,W",True,1,ok,local_up_fast,mpdag_criterion,True,"Conjecture 2 (hence Anti-Exchange Case B, verified not proved)",C00->C02 C00->Y C02->C03 C02->C04 C03->C05 C05->C06 W->Y X->C02 X->Y C00-X,0.00027954200000124274,0.0,0.00027954200000124274,,110,0.15876599999999996,700,78,0,0,622,12,0.3961538461538462,2.4615384615384617,7,0.39230769230769225,6,78,78,0,0,1.0,0.0,0.0
c07_s01_cov100_seed00000010_bw000,7,1,1.0,0.0,10,X,Y,8,2,"C00,W",True,1,ok,local_up_fast,mpdag_criterion,True,"Conjecture 2 (hence Anti-Exchange Case B, verified not proved)",C00->C02 C00->C05 C00->Y C02->C03 C02->C04 C04->C06 W->Y X->C02 X->C05 X->Y C00-X,0.00040983300000618783,0.0,0.00040983300000618783,,137,0.3276349579999902,800,60,0,0,740,10,0.26187403993855607,1.8854070660522273,8,0.4351459293394777,5,60,60,0,0,1.0,0.0,0.0
c07_s01_cov100_seed00000011_bw000,7,1,1.0,0.0,11,X,Y,8,2,"C00,W",True,1,ok,local_up_fast,mpdag_criterion,True,"Conjecture 2 (hence Anti-Exchange Case B, verified not proved)",C00->C02 C00->C03 C00->C04 C00->C05 C00->C06 C00->Y C02->C04 C03->C06 W->Y X->Y C00-X,0.0002922500000011041,0.0,0.0002922500000011041,,472,1.4174745000000115,800,139,0,0,661,8,0.9379021879021879,3.545688545688546,8,0.8708494208494209,4,139,139,0,0,1.0,0.0,0.0
c07_s01_cov100_seed00000012_bw000,7,1,1.0,0.0,12,X,Y,9,2,"C00,W",True,1,ok,local_up_fast,mpdag_criterion,True,"Conjecture 2 (hence Anti-Exchange Case B, verified not proved)",C00->C03 C00->C04 C00->C05 C00->C06 C00->Y C04->C05 C04->C06 W->Y X->C02 X->C03 X->Y C00-X,0.00046979100000044127,0.0,0.00046979100000044127,,588,2.7023304590000095,900,107,0,0,793,8,0.3915964912280701,2.2016791979949875,9,0.5735989974937343,4,107,107,0,0,1.0,0.0,0.0
c07_s01_cov100_seed00000013_bw000,7,1,1.0,0.0,13,X,Y,8,2,"C00,W",True,1,ok,local_up_fast,mpdag_criterion,True,"Conjecture 2 (hence Anti-Exchange Case B, verified not proved)",C00->Y C02->C03 C02->C04 C03->C04 C03->C06 C04->C06 W->Y X->C02 X->C05 X->Y C00-X,0.0002566249999915726,0.0,0.0002566249999915726,,128,0.3209458750000067,800,70,0,0,730,14,0.05161290322580645,0.5161290322580645,8,0.1032258064516129,7,70,70,0,0,1.0,0.0,0.0
c07_s01_cov100_seed00000014_bw000,7,1,1.0,0.0,14,X,Y,6,2,"C00,W",True,1,ok,local_up_fast,mpdag_criterion,True,"Conjecture 2 (hence Anti-Exchange Case B, verified not proved)",C00->C02 C00->C06 C00->Y C02->C03 C04->C05 W->Y X->C04 X->Y C00-X,0.00020520799999701467,0.0,0.00020520799999701467,,34,0.03891812499999503,600,77,0,0,523,6,0.21706349206349204,1.0853174603174602,6,0.4648809523809524,3,77,77,0,0,1.0,0.0,0.0
c07_s01_cov100_seed00000000_bw010,7,1,1.0,0.1,0,X,Y,8,2,"C00,W",True,2,ok,local_up_fast,mpdag_criterion,True,"Conjecture 2 (hence Anti-Exchange Case B, verified not proved)",C00->C02 C00->C03 C00->C04 C00->Y C03->C05 C05->C06 W->Y X->C03 X->Y C00-X C02-X,0.0006307499999991251,0.0,0.0006307499999991251,,141,0.35756537499999297,800,69,0,0,731,12,0.2943589743589744,2.405128205128205,8,0.4476923076923077,6,69,69,0,0,1.0,0.0,0.0
c07_s01_cov100_seed00000002_bw010,7,1,1.0,0.1,2,X,Y,8,2,"C00,W",True,2,ok,local_up_fast,mpdag_criterion,True,"Conjecture 2 (hence Anti-Exchange Case B, verified not proved)",C00->C02 C00->C05 C00->C06 C00->Y C05->C06 W->Y X->C02 X->C04 X->Y C00-C03 C00-X,0.0011585419999988744,0.0,0.0011585419999988744,,370,0.9005839579999986,800,98,0,0,702,10,0.6539289399970513,3.5693645879404388,8,0.7567300604452308,5,98,98,0,0,1.0,0.0,0.0
c07_s01_cov100_seed00000003_bw010,7,1,1.0,0.1,3,X,Y,9,2,"C00,W",True,2,ok,local_up_fast,mpdag_criterion,True,"Conjecture 2 (hence Anti-Exchange Case B, verified not proved)",C00->C02 C00->C03 C00->C04 C00->C06 C00->Y C02->C05 C03->C04 C03->C06 W->Y X->Y C00-X C02-X,0.0014836669999880314,0.0,0.0014836669999880314,,588,3.226080875000008,900,92,0,0,808,8,0.525,2.6785714285714284,9,0.725,4,92,92,0,0,1.0,0.0,0.0
c07_s01_cov100_seed00000004_bw010,7,1,1.0,0.1,4,X,Y,7,2,"C00,W",True,1,ok,local_up_fast,mpdag_criterion,True,"Conjecture 2 (hence Anti-Exchange Case B, verified not proved)",C00->C05 C00->Y C02->C03 C03->C04 C03->C06 C06->C04 W->Y X->C02 X->Y C00-X,0.0002545419999933074,0.0,0.0002545419999933074,,89,0.15156262499999684,700,92,0,0,608,12,0.13017543859649122,0.8350877192982455,7,0.16701754385964912,6,92,92,0,0,1.0,0.0,0.0
c07_s01_cov100_seed00000005_bw010,7,1,1.0,0.1,5,X,Y,8,2,"C00,W",True,1,ok,local_up_fast,mpdag_criterion,True,"Conjecture 2 (hence Anti-Exchange Case B, verified not proved)",C00->Y C02->C03 C02->C06 C04->C02 W->Y X->C02 X->C04 X->C05 X->C06 X->Y C00-X,0.0002868329999898833,0.0,0.0002868329999898833,,236,0.6020936249999949,800,65,0,0,735,10,0.09337606837606838,0.7029914529914529,8,0.18782051282051282,5,65,65,0,0,1.0,0.0,0.0
c07_s01_cov100_seed00000006_bw010,7,1,1.0,0.1,6,X,Y,6,2,"C00,W",True,2,ok,local_up_fast,mpdag_criterion,True,"Conjecture 2 (hence Anti-Exchange Case B, verified not proved)",C00->Y C02->C04 C02->C06 W->Y X->C03 X->C05 X->Y C00-C02 C00-X,0.0009086660000008351,0.0,0.0009086660000008351,,37,0.04155025000000023,600,83,0,0,517,6,0.2,1.0,6,0.5,3,83,83,0,0,1.0,0.0,0.0
c07_s01_cov100_seed00000008_bw010,7,1,1.0,0.1,8,X,Y,6,1,W,True,1,ok,local_up_fast,mpdag_criterion,True,"Conjecture 2 (hence Anti-Exchange Case B, verified not proved)",C00->C03 C00->Y C02->C04 C03->C05 C03->C06 W->Y X->C02 X->Y C00-X,0.00026649999999506235,0.0,0.00026649999999506235,,32,0.04172920800000668,600,61,0,0,539,6,0.20571428571428568,1.0285714285714285,6,0.3999999999999999,3,61,61,0,0,1.0,0.0,0.0
c07_s01_cov100_seed00000011_bw010,7,1,1.0,0.1,11,X,Y,8,1,W,True,1,ok,local_up_fast,mpdag_criterion,True,"Conjecture 2 (hence Anti-Exchange Case B, verified not proved)",C00->C02 C00->C03 C00->C04 C00->C05 C00->C06 C00->Y C02->C04 C03->C06 W->Y X->Y C00-X,0.00028462500000614455,0.0,0.00028462500000614455,,472,1.4737650419999966,800,79,0,0,721,10,0.10040760869565217,0.8301630434782609,8,0.23165760869565216,5,79,79,0,0,1.0,0.0,0.0
c07_s01_cov100_seed00000012_bw010,7,1,1.0,0.1,12,X,Y,9,2,"C00,W",True,1,ok,local_up_fast,mpdag_criterion,True,"Conjecture 2 (hence Anti-Exchange Case B, verified not proved)",C00->C03 C00->C04 C00->C05 C00->C06 C00->Y C04->C06 C05->C04 W->Y X->C02 X->C03 X->Y C00-X,0.0003425830000054475,0.0,0.0003425830000054475,,588,2.6981120410000017,900,98,0,0,802,10,0.2600065466448445,2.3000654664484452,9,0.534481178396072,5,98,98,0,0,1.0,0.0,0.0
c07_s01_cov100_seed00000014_bw010,7,1,1.0,0.1,14,X,Y,6,2,"C00,W",True,2,ok,local_up_fast,mpdag_criterion,True,"Conjecture 2 (hence Anti-Exchange Case B, verified not proved)",C00->C02 C00->Y C02->C03 C04->C05 W->Y X->C04 X->Y C00-C06 C00-X,0.00039908399999433186,0.0,0.00039908399999433186,,34,0.03950479099999882,600,29,0,0,571,8,0.38,2.1,6,0.5900000000000001,4,29,29,0,0,1.0,0.0,0.0
c07_s01_cov100_seed00000015_bw010,7,1,1.0,0.1,15,X,Y,7,2,"C00,W",True,1,ok,local_up_fast,mpdag_criterion,True,"Conjecture 2 (hence Anti-Exchange Case B, verified not proved)",C00->C04 C00->C05 C00->Y C02->C03 C04->C06 C05->C04 W->Y X->C02 X->Y C00-X,0.000262375000005477,0.0,0.000262375000005477,,92,0.13131520800000374,700,79,0,0,621,8,0.4797478991596639,1.8546218487394959,7,0.47638655462184865,4,79,79,0,0,1.0,0.0,0.0
c07_s01_cov100_seed00000016_bw010,7,1,1.0,0.1,16,X,Y,7,2,"C00,W",True,2,ok,local_up_fast,mpdag_criterion,True,"Conjecture 2 (hence Anti-Exchange Case B, verified not proved)",C00->Y C02->C03 C02->C05 W->Y X->C02 X->C03 X->C04 X->Y C00-C06 C00-X,0.0005350829999883899,0.0,0.0005350829999883899,,114,0.16825795900000173,700,62,0,0,638,10,0.3,2.0,7,0.5,5,62,62,0,0,1.0,0.0,0.0
c07_s01_cov100_seed00000021_bw010,7,1,1.0,0.1,21,X,Y,7,2,"C00,W",True,2,ok,local_up_fast,mpdag_criterion,True,"Conjecture 2 (hence Anti-Exchange Case B, verified not proved)",C00->C02 C00->C06 C00->Y C02->C03 W->Y X->C04 X->C06 X->Y C00-C05 C00-X,0.0007216249999970614,0.0,0.0007216249999970614,,114,0.16657929100000501,700,80,0,0,620,8,0.5047778308647872,2.388437649307215,7,0.6429049211657908,4,80,80,0,0,1.0,0.0,0.0
c07_s01_cov100_seed00000022_bw010,7,1,1.0,0.1,22,X,Y,8,2,"C00,W",True,2,ok,local_up_fast,mpdag_criterion,True,"Conjecture 2 (hence Anti-Exchange Case B, verified not proved)",C00->C02 C00->C03 C00->Y C02->C04 C05->C06 W->Y X->C02 X->C03 X->Y C00-C05 C00-X,0.0015157079999994494,0.0,0.0015157079999994494,,162,0.4593413330000118,800,68,0,0,732,10,0.2683333333333333,2.0166666666666666,8,0.5033333333333332,5,68,68,0,0,1.0,0.0,0.0
c07_s01_cov100_seed00000023_bw010,7,1,1.0,0.1,23,X,Y,8,2,"C00,W",True,2,ok,local_up_fast,mpdag_criterion,True,"Conjecture 2 (hence Anti-Exchange Case B, verified not proved)",C00->C03 C00->C05 C00->C06 C00->Y C02->C03 C02->C04 C02->C06 W->Y X->Y C00-C02 C00-X,0.0008509580000009009,0.0,0.0008509580000009009,,236,0.6326279590000041,800,91,0,0,709,6,0.915,2.783333333333333,8,0.9433333333333334,3,91,91,0,0,1.0,0.0,0.0
c07_s01_cov100_seed00000007_bw025,7,1,1.0,0.25,7,X,Y,6,1,W,True,2,ok,local_up_fast,mpdag_criterion,True,"Conjecture 2 (hence Anti-Exchange Case B, verified not proved)",C00->Y C03->C04 C05->C06 W->Y X->C02 X->C03 X->Y C00-X C05-X,0.0005499589999971022,0.0,0.0005499589999971022,,44,0.04330416700000228,600,54,0,0,546,6,0.93,2.65,6,0.8950000000000001,3,54,54,0,0,1.0,0.0,0.0
c07_s01_cov100_seed00000024_bw025,7,1,1.0,0.25,24,X,Y,7,2,"C00,W",True,3,ok,local_up_fast,mpdag_criterion,True,"Conjecture 2 (hence Anti-Exchange Case B, verified not proved)",C00->C02 C00->C04 C00->Y C02->C05 C03->C06 W->Y X->Y C00-C03 C00-C06 C00-X,0.001154208999992079,0.0,0.001154208999992079,,144,0.21756966700000646,700,57,0,0,643,10,0.9107142857142858,4.482142857142858,7,0.8964285714285714,5,57,57,0,0,1.0,0.0,0.0
c07_s01_cov100_seed00000026_bw025,7,1,1.0,0.25,26,X,Y,9,1,W,True,1,ok,local_up_fast,mpdag_criterion,True,"Conjecture 2 (hence Anti-Exchange Case B, verified not proved)",C00->C02 C00->Y C02->C04 C02->C05 C03->C00 C03->C06 W->Y X->C00 X->C02 X->C06 X->Y C03-X,0.0002929580000028409,0.0,0.0002929580000028409,,165,0.810619334000009,900,67,0,0,833,10,0.0701280227596017,0.701280227596017,9,0.20512091038406827,5,67,67,0,0,1.0,0.0,0.0
c07_s01_cov100_seed00000029_bw025,7,1,1.0,0.25,29,X,Y,8,2,"C00,W",True,2,ok,local_up_fast,mpdag_criterion,True,"Conjecture 2 (hence Anti-Exchange Case B, verified not proved)",C00->Y C02->C04 C02->C06 C05->C02 W->Y X->C02 X->C04 X->C05 X->Y C00-C03 C00-X,0.0008948340000074495,0.0,0.0008948340000074495,,196,0.5079767499999974,800,55,0,0,745,12,0.3022222222222222,2.1222222222222222,8,0.4022222222222222,6,55,55,0,0,1.0,0.0,0.0
c07_s01_cov100_seed00000035_bw025,7,1,1.0,0.25,35,X,Y,7,2,"C00,W",True,2,ok,local_up_fast,mpdag_criterion,True,"Conjecture 2 (hence Anti-Exchange Case B, verified not proved)",C00->C02 C00->C06 C00->Y C02->C05 C04->C02 W->Y X->C03 X->Y C00-C04 C00-X,0.0005196670000060521,0.0,0.0005196670000060521,,114,0.16992000000000473,700,52,0,0,648,8,0.7773809523809524,3.1904761904761907,7,0.8238095238095238,4,52,52,0,0,1.0,0.0,0.0
c07_s01_cov100_seed00000037_bw025,7,1,1.0,0.25,37,X,Y,8,1,W,True,1,ok,local_up_fast,mpdag_criterion,True,"Conjecture 2 (hence Anti-Exchange Case B, verified not proved)",C00->C02 C00->C03 C00->Y C02->C03 C03->C04 C03->C05 C03->C06 C06->C05 W->Y X->Y C00-X,0.0002671249999934844,0.0,0.0002671249999934844,,370,1.0024673749999948,800,102,0,0,698,14,0.10285714285714284,0.8285714285714285,8,0.1457142857142857,7,102,102,0,0,1.0,0.0,0.0
c07_s01_cov100_seed00000038_bw025,7,1,1.0,0.25,38,X,Y,8,1,W,True,1,ok,local_up_fast,mpdag_criterion,True,"Conjecture 2 (hence Anti-Exchange Case B, verified not proved)",C00->Y C02->C00 C03->C05 C03->C06 W->Y X->C00 X->C03 X->C04 X->C05 X->Y C02-X,0.0003522500000059381,0.0,0.0003522500000059381,,370,1.0397167910000036,800,104,0,0,696,8,0.6693548387096776,2.6518817204301075,8,0.6705645161290323,4,104,104,0,0,1.0,0.0,0.0
c07_s01_cov100_seed00000041_bw025,7,1,1.0,0.25,41,X,Y,7,1,W,True,2,ok,local_up_fast,mpdag_criterion,True,"Conjecture 2 (hence Anti-Exchange Case B, verified not proved)",C00->Y C02->C03 C04->C05 C05->C06 W->Y X->C02 X->C03 X->Y C00-X C04-X,0.0006529169999964779,0.0,0.0006529169999964779,,110,0.18165670799999134,700,83,0,0,617,8,0.9227272727272726,3.4772727272727275,7,0.8681818181818184,4,83,83,0,0,1.0,0.0,0.0
c07_s01_cov100_seed00000047_bw025,7,1,1.0,0.25,47,X,Y,6,2,"C00,W",True,3,ok,local_up_fast,mpdag_criterion,True,"Conjecture 2 (hence Anti-Exchange Case B, verified not proved)",C00->C02 C00->C04 C00->Y C02->C03 W->Y X->Y C00-C05 C00-X C05-C06,0.0008000830000014503,0.0,0.0008000830000014503,,44,0.046721957999992014,600,43,0,0,557,8,0.968421052631579,3.6842105263157894,6,0.9368421052631579,4,43,43,0,0,1.0,0.0,0.0
c07_s01_cov100_seed00000048_bw025,7,1,1.0,0.25,48,X,Y,6,1,W,True,2,ok,local_up_fast,mpdag_criterion,True,"Conjecture 2 (hence Anti-Exchange Case B, verified not proved)",C00->C02 C00->C04 C00->Y C03->C05 C03->C06 W->Y X->Y C00-X C03-X,0.00041349999999340525,0.0,0.00041349999999340525,,37,0.04563145899999199,600,73,0,0,527,6,0.2,1.0,6,0.5,3,73,73,0,0,1.0,0.0,0.0
c07_s01_cov100_seed00000064_bw025,7,1,1.0,0.25,64,X,Y,8,2,"C00,W",True,2,ok,local_up_fast,mpdag_criterion,True,"Conjecture 2 (hence Anti-Exchange Case B, verified not proved)",C00->Y C02->C03 C05->C02 C05->C06 W->Y X->C02 X->C03 X->C05 X->Y C00-C04 C00-X,0.000868417000006616,0.0,0.000868417000006616,,162,0.40078845800000806,800,48,0,0,752,12,0.28545454545454546,2.1272727272727274,8,0.3854545454545455,6,48,48,0,0,1.0,0.0,0.0
c07_s01_cov100_seed00000065_bw025,7,1,1.0,0.25,65,X,Y,7,2,"C00,W",True,3,ok,local_up_fast,mpdag_criterion,True,"Conjecture 2 (hence Anti-Exchange Case B, verified not proved)",C00->C03 C00->C06 C00->Y C03->C04 W->Y X->C05 X->Y C00-C02 C00-X C06-X,0.0012224590000045055,0.0,0.0012224590000045055,,114,0.16630504200000473,700,86,0,0,614,10,0.44743589743589746,2.8910256410256414,7,0.6782051282051281,5,86,86,0,0,1.0,0.0,0.0
c07_s01_cov100_seed00000068_bw025,7,1,1.0,0.25,68,X,Y,6,1,W,True,2,ok,local_up_fast,mpdag_criterion,True,"Conjecture 2 (hence Anti-Exchange Case B, verified not proved)",C00->C02 C00->C06 C00->Y C03->C04 C03->C05 W->Y X->Y C00-X C03-X,0.0004936659999970061,0.0,0.0004936659999970061,,37,0.04526887499999077,600,54,0,0,546,6,0.2,1.0,6,0.5,3,54,54,0,0,1.0,0.0,0.0
c07_s01_cov100_seed00000070_bw025,7,1,1.0,0.25,70,X,Y,7,1,W,True,1,ok,local_up_fast,mpdag_criterion,True,"Conjecture 2 (hence Anti-Exchange Case B, verified not proved)",C00->C04 C00->Y C04->C05 C06->C02 W->Y X->C02 X->C03 X->C06 X->Y C00-X,0.00032724999999800275,0.0,0.00032724999999800275,,110,0.20058308400000158,700,90,0,0,610,8,0.2804821600771456,1.6671166827386692,7,0.4601350048216008,4,90,90,0,0,1.0,0.0,0.0
c07_s01_cov100_seed00000079_bw025,7,1,1.0,0.25,79,X,Y,8,1,W,True,1,ok,local_up_fast,mpdag_criterion,True,"Conjecture 2 (hence Anti-Exchange Case B, verified not proved)",C00->C04 C00->C06 C00->Y C02->C00 C02->C03 C04->C05 W->Y X->C00 X->C04 X->Y C02-X,0.00029504200000474157,0.0,0.00029504200000474157,,140,0.35764691699999673,800,49,0,0,751,10,0.07922705314009662,0.5700483091787439,8,0.14879227053140096,5,49,49,0,0,1.0,0.0,0.0
c07_s04_cov050_seed00000000_bw000,7,4,0.5,0.0,0,X,Y,4,2,"C00,W",True,4,ok,e1_ladder,mpdag_criterion,True,"Conjecture 2 (hence Anti-Exchange Case B, verified not proved)","(('C00', 'Y'), ('C02', 'C06'), ('C03', 'C05'), ('W', 'Y'), ('X', 'Y'))",0.0009765840000000026,0.0897983329999903,0.0907749169999903,,297,0.7101437500000003,400,165,0,0,235,11,0.8,3.0,4,0.8,4,165,165,0,0,1.0,0.0,0.0
c07_s04_cov050_seed00000001_bw000,7,4,0.5,0.0,1,X,Y,4,2,"C00,W",True,4,ok,e1_ladder,mpdag_criterion,True,"Conjecture 2 (hence Anti-Exchange Case B, verified not proved)","(('C00', 'Y'), ('C02', 'C05'), ('C03', 'C06'), ('W', 'Y'), ('X', 'Y'))",0.0008906669999930727,0.01737829099999999,0.018268957999993063,,109,0.17520574999998928,400,169,0,0,231,9,0.8,3.0,4,0.8,4,169,169,0,0,1.0,0.0,0.0
c07_s04_cov050_seed00000002_bw000,7,4,0.5,0.0,2,X,Y,4,2,"C00,W",True,4,ok,e1_ladder,mpdag_criterion,True,"Conjecture 2 (hence Anti-Exchange Case B, verified not proved)","(('C00', 'Y'), ('C01', 'C06'), ('C03', 'C05'), ('W', 'Y'), ('X', 'Y'))",0.0011503750000088075,0.017209292000003984,0.01835966700001279,,102,0.16877254199999925,400,170,0,0,230,9,0.8,3.0,4,0.8,4,170,170,0,0,1.0,0.0,0.0
c07_s04_cov050_seed00000003_bw000,7,4,0.5,0.0,3,X,Y,4,2,"C00,W",True,4,ok,e1_ladder,mpdag_criterion,True,"Conjecture 2 (hence Anti-Exchange Case B, verified not proved)","(('C00', 'Y'), ('C03', 'C05'), ('W', 'Y'), ('X', 'Y'))",0.0007707919999973001,0.018073874999998907,0.018844666999996207,,89,0.17104845899999077,400,155,0,0,245,10,0.8,3.0,4,0.9,4,155,155,0,0,1.0,0.0,0.0
c07_s04_cov050_seed00000004_bw000,7,4,0.5,0.0,4,X,Y,3,2,"C00,W",True,3,ok,local_up_fast,mpdag_criterion,True,"Conjecture 2 (hence Anti-Exchange Case B, verified not proved)",C00->Y C03->C05 C05->C06 W->Y X->Y C00-C01 C01-C02 C02-C03 C03-X,0.0005892080000080568,0.0,0.0005892080000080568,,34,0.04461362499999666,300,174,0,0,126,7,0.8,2.0,3,0.7810218978102188,2,174,174,0,0,1.0,0.0,0.0
c07_s04_cov050_seed00000005_bw000,7,4,0.5,0.0,5,X,Y,3,2,"C00,W",True,3,ok,local_up_fast,mpdag_criterion,True,"Conjecture 2 (hence Anti-Exchange Case B, verified not proved)",C00->Y C03->C05 W->Y X->C06 X->Y C00-C01 C01-C02 C02-C03 C03-X,0.0005911660000066377,0.0,0.0005911660000066377,,34,0.04465516700000194,300,174,0,0,126,8,0.8,2.0,3,0.8,3,174,174,0,0,1.0,0.0,0.0
c07_s04_cov050_seed00000006_bw000,7,4,0.5,0.0,6,X,Y,3,2,"C00,W",True,3,ok,local_up_fast,mpdag_criterion,True,"Conjecture 2 (hence Anti-Exchange Case B, verified not proved)",C00->Y C02->C05 C03->C06 W->Y X->Y C00-C01 C01-C02 C02-C03 C03-X,0.0007430840000068883,0.0,0.0007430840000068883,,40,0.04584549999999865,300,169,0,0,131,7,0.8,2.0,3,0.9,3,169,169,0,0,1.0,0.0,0.0
c07_s04_cov050_seed00000007_bw000,7,4,0.5,0.0,7,X,Y,3,2,"C00,W",True,3,ok,local_up_fast,mpdag_criterion,True,"Conjecture 2 (hence Anti-Exchange Case B, verified not proved)",C00->Y C03->C06 W->Y X->C05 X->Y C00-C01 C01-C02 C02-C03 C03-X,0.0006168750000057344,0.0,0.0006168750000057344,,34,0.045755834000004825,300,157,0,0,143,8,0.8,2.0,3,0.8,3,157,157,0,0,1.0,0.0,0.0
c07_s04_cov050_seed00000008_bw000,7,4,0.5,0.0,8,X,Y,3,2,"C00,W",True,3,ok,local_up_fast,mpdag_criterion,True,"Conjecture 2 (hence Anti-Exchange Case B, verified not proved)",C00->Y C03->C05 W->Y X->Y C00-C01 C01-C02 C01-C06 C02-C03 C03-X,0.0005777499999908287,0.0,0.0005777499999908287,,37,0.04459033300000215,300,168,0,0,132,8,0.8,2.0,3,0.9,3,168,168,0,0,1.0,0.0,0.0
c07_s04_cov050_seed00000009_bw000,7,4,0.5,0.0,9,X,Y,4,2,"C00,W",True,4,ok,e1_ladder,mpdag_criterion,True,"Conjecture 2 (hence Anti-Exchange Case B, verified not proved)","(('C00', 'Y'), ('C02', 'C05'), ('W', 'Y'), ('X', 'Y'))",0.0007547919999950636,0.018557041999997637,0.0193118339999927,,92,0.146608999999998,400,181,0,0,219,11,0.8,3.0,4,0.8,4,181,181,0,0,1.0,0.0,0.0
c07_s04_cov050_seed00000010_bw000,7,4,0.5,0.0,10,X,Y,4,2,"C00,W",True,4,ok,e1_ladder,mpdag_criterion,True,"Conjecture 2 (hence Anti-Exchange Case B, verified not proved)","(('C00', 'Y'), ('C03', 'C05'), ('C05', 'C06'), ('W', 'Y'), ('X', 'C06'), ('X', 'Y'))",0.0009045420000006743,0.018312708999999927,0.0192172510000006,,113,0.34417245800000273,400,174,0,0,226,11,0.8,3.0,4,0.8,4,174,174,0,0,1.0,0.0,0.0
c07_s04_cov050_seed00000011_bw000,7,4,0.5,0.0,11,X,Y,3,2,"C00,W",True,3,ok,local_up_fast,mpdag_criterion,True,"Conjecture 2 (hence Anti-Exchange Case B, verified not proved)",C00->Y W->Y X->Y C00-C01 C00-C05 C00-C06 C01-C02 C02-C03 C03-X,0.0005199169999912101,0.0,0.0005199169999912101,,32,0.04484745800000667,300,170,0,0,130,9,0.8,2.0,3,0.8,3,170,170,0,0,1.0,0.0,0.0
c07_s04_cov050_seed00000012_bw000,7,4,0.5,0.0,12,X,Y,4,2,"C00,W",True,4,ok,e1_ladder,mpdag_criterion,True,"Conjecture 2 (hence Anti-Exchange Case B, verified not proved)","(('C00', 'Y'), ('C03', 'C05'), ('W', 'Y'), ('X', 'Y'))",0.0007347920000029262,0.02449070800000186,0.025225500000004786,,102,0.17143529199999819,400,179,0,0,221,9,0.8,3.0,4,0.9,4,179,179,0,0,1.0,0.0,0.0
c07_s04_cov050_seed00000013_bw000,7,4,0.5,0.0,13,X,Y,3,2,"C00,W",True,3,ok,local_up_fast,mpdag_criterion,True,"Conjecture 2 (hence Anti-Exchange Case B, verified not proved)",C00->Y C05->C06 W->Y X->C05 X->Y C00-C01 C01-C02 C02-C03 C03-X,0.0006500000000073669,0.0,0.0006500000000073669,,28,0.044470250000003375,300,176,0,0,124,9,0.8,2.0,3,0.7,3,176,176,0,0,1.0,0.0,0.0
c07_s04_cov050_seed00000014_bw000,7,4,0.5,0.0,14,X,Y,3,2,"C00,W",True,3,ok,local_up_fast,mpdag_criterion,True,"Conjecture 2 (hence Anti-Exchange Case B, verified not proved)",C00->Y W->Y X->C06 X->Y C00-C01 C00-C05 C01-C02 C02-C03 C03-X,0.0005996659999993881,0.0,0.0005996659999993881,,28,0.04365216700000474,300,174,0,0,126,9,0.8,2.0,3,0.8,3,174,174,0,0,1.0,0.0,0.0
c07_s04_cov050_seed00000000_bw010,7,4,0.5,0.1,0,X,Y,4,2,"C00,W",True,4,ok,e1_ladder,mpdag_criterion,True,"Conjecture 2 (hence Anti-Exchange Case B, verified not proved)","(('C00', 'Y'), ('C02', 'C06'), ('C03', 'C05'), ('W', 'Y'), ('X', 'Y'))",0.0008942500000017617,0.02006099999999833,0.020955250000000092,,297,0.630157374999996,400,171,0,0,229,11,0.8,3.0,4,0.8,4,171,171,0,0,1.0,0.0,0.0
c07_s04_cov050_seed00000001_bw010,7,4,0.5,0.1,1,X,Y,4,2,"C00,W",True,4,ok,e1_ladder,mpdag_criterion,True,"Conjecture 2 (hence Anti-Exchange Case B, verified not proved)","(('C00', 'Y'), ('C02', 'C05'), ('C03', 'C06'), ('W', 'Y'), ('X', 'Y'))",0.0007657910000062884,0.017340625000002774,0.018106416000009062,,109,0.15537895900000365,400,174,0,0,226,9,0.8,3.0,4,0.8,4,174,174,0,0,1.0,0.0,0.0
c07_s04_cov050_seed00000002_bw010,7,4,0.5,0.1,2,X,Y,4,2,"C00,W",True,4,ok,e1_ladder,mpdag_criterion,True,"Conjecture 2 (hence Anti-Exchange Case B, verified not proved)","(('C00', 'Y'), ('C01', 'C06'), ('C03', 'C05'), ('W', 'Y'), ('X', 'Y'))",0.0009616250000021864,0.01792254200000798,0.018884167000010166,,102,0.14937783300000262,400,172,0,0,228,9,0.8,3.0,4,0.8,4,172,172,0,0,1.0,0.0,0.0
c07_s04_cov050_seed00000003_bw010,7,4,0.5,0.1,3,X,Y,4,2,"C00,W",True,4,ok,e1_ladder,mpdag_criterion,True,"Conjecture 2 (hence Anti-Exchange Case B, verified not proved)","(('C00', 'Y'), ('C03', 'C05'), ('W', 'Y'), ('X', 'Y'))",0.0006285000000048058,0.01761845800000117,0.018246958000005975,,89,0.14367958299999373,400,158,0,0,242,10,0.8,3.0,4,0.9,4,158,158,0,0,1.0,0.0,0.0
c07_s04_cov050_seed00000004_bw010,7,4,0.5,0.1,4,X,Y,3,2,"C00,W",True,3,ok,local_up_fast,mpdag_criterion,True,"Conjecture 2 (hence Anti-Exchange Case B, verified not proved)",C00->Y C03->C05 C05->C06 W->Y X->Y C00-C01 C01-C02 C02-C03 C03-X,0.0004932079999946382,0.0,0.0004932079999946382,,34,0.039858166000001916,300,176,0,0,124,7,0.8,2.0,3,0.7810218978102188,2,176,176,0,0,1.0,0.0,0.0
c07_s04_cov050_seed00000005_bw010,7,4,0.5,0.1,5,X,Y,3,2,"C00,W",True,3,ok,local_up_fast,mpdag_criterion,True,"Conjecture 2 (hence Anti-Exchange Case B, verified not proved)",C00->Y C03->C05 W->Y X->C06 X->Y C00-C01 C01-C02 C02-C03 C03-X,0.0005078330000003461,0.0,0.0005078330000003461,,34,0.04084149999999909,300,170,0,0,130,8,0.8,2.0,3,0.8,3,170,170,0,0,1.0,0.0,0.0
c07_s04_cov050_seed00000006_bw010,7,4,0.5,0.1,6,X,Y,3,2,"C00,W",True,3,ok,local_up_fast,mpdag_criterion,True,"Conjecture 2 (hence Anti-Exchange Case B, verified not proved)",C00->Y C02->C05 C03->C06 W->Y X->Y C00-C01 C01-C02 C02-C03 C03-X,0.0006934590000042817,0.0,0.0006934590000042817,,40,0.04095204200000069,300,168,0,0,132,7,0.8,2.0,3,0.9,3,168,168,0,0,1.0,0.0,0.0
c07_s04_cov050_seed00000007_bw010,7,4,0.5,0.1,7,X,Y,3,2,"C00,W",True,3,ok,local_up_fast,mpdag_criterion,True,"Conjecture 2 (hence Anti-Exchange Case B, verified not proved)",C00->Y C03->C06 W->Y X->C05 X->Y C00-C01 C01-C02 C02-C03 C03-X,0.0005749999999977717,0.0,0.0005749999999977717,,34,0.040068750000003206,300,165,0,0,135,8,0.8,2.0,3,0.8,3,165,165,0,0,1.0,0.0,0.0
c07_s04_cov050_seed00000008_bw010,7,4,0.5,0.1,8,X,Y,3,2,"C00,W",True,3,ok,local_up_fast,mpdag_criterion,True,"Conjecture 2 (hence Anti-Exchange Case B, verified not proved)",C00->Y C03->C05 W->Y X->Y C00-C01 C01-C02 C01-C06 C02-C03 C03-X,0.0004800829999993539,0.0,0.0004800829999993539,,37,0.039603333000002294,300,168,0,0,132,8,0.8,2.0,3,0.9,3,168,168,0,0,1.0,0.0,0.0
c07_s04_cov050_seed00000009_bw010,7,4,0.5,0.1,9,X,Y,4,2,"C00,W",True,4,ok,e1_ladder,mpdag_criterion,True,"Conjecture 2 (hence Anti-Exchange Case B, verified not proved)","(('C00', 'Y'), ('C02', 'C05'), ('W', 'Y'), ('X', 'Y'))",0.0004990839999976515,0.01840824999999313,0.018907333999990783,,92,0.13205874999999878,400,171,0,0,229,11,0.8,3.0,4,0.8,4,171,171,0,0,1.0,0.0,0.0
c07_s04_cov050_seed00000010_bw010,7,4,0.5,0.1,10,X,Y,4,2,"C00,W",True,4,ok,e1_ladder,mpdag_criterion,True,"Conjecture 2 (hence Anti-Exchange Case B, verified not proved)","(('C00', 'Y'), ('C03', 'C05'), ('C05', 'C06'), ('W', 'Y'), ('X', 'C06'), ('X', 'Y'))",0.000923249999999598,0.01742945799999518,0.018352707999994777,,113,0.3155471249999948,400,161,0,0,239,11,0.8,3.0,4,0.8,4,161,161,0,0,1.0,0.0,0.0
c07_s04_cov050_seed00000011_bw010,7,4,0.5,0.1,11,X,Y,3,2,"C00,W",True,3,ok,local_up_fast,mpdag_criterion,True,"Conjecture 2 (hence Anti-Exchange Case B, verified not proved)",C00->Y W->Y X->Y C00-C01 C00-C05 C00-C06 C01-C02 C02-C03 C03-X,0.0004352920000059157,0.0,0.0004352920000059157,,32,0.03982274999999902,300,166,0,0,134,9,0.8,2.0,3,0.8,3,166,166,0,0,1.0,0.0,0.0
c07_s04_cov050_seed00000012_bw010,7,4,0.5,0.1,12,X,Y,4,2,"C00,W",True,4,ok,e1_ladder,mpdag_criterion,True,"Conjecture 2 (hence Anti-Exchange Case B, verified not proved)","(('C00', 'Y'), ('C03', 'C05'), ('W', 'Y'), ('X', 'Y'))",0.0005866669999932128,0.024553624999995805,0.025140291999989017,,102,0.14773495800000092,400,161,0,0,239,9,0.8,3.0,4,0.9,4,161,161,0,0,1.0,0.0,0.0
c07_s04_cov050_seed00000013_bw010,7,4,0.5,0.1,13,X,Y,3,2,"C00,W",True,3,ok,local_up_fast,mpdag_criterion,True,"Conjecture 2 (hence Anti-Exchange Case B, verified not proved)",C00->Y C05->C06 W->Y X->C05 X->Y C00-C01 C01-C02 C02-C03 C03-X,0.0005014999999986003,0.0,0.0005014999999986003,,28,0.04014333399999259,300,156,0,0,144,9,0.8,2.0,3,0.7,3,156,156,0,0,1.0,0.0,0.0
c07_s04_cov050_seed00000014_bw010,7,4,0.5,0.1,14,X,Y,3,2,"C00,W",True,3,ok,local_up_fast,mpdag_criterion,True,"Conjecture 2 (hence Anti-Exchange Case B, verified not proved)",C00->Y W->Y X->C06 X->Y C00-C01 C00-C05 C01-C02 C02-C03 C03-X,0.0004909999999966885,0.0,0.0004909999999966885,,28,0.0391378340000017,300,171,0,0,129,9,0.8,2.0,3,0.8,3,171,171,0,0,1.0,0.0,0.0
c07_s04_cov050_seed00000002_bw025,7,4,0.5,0.25,2,X,Y,4,2,"C00,W",True,3,ok,local_up_fast,mpdag_criterion,True,"Conjecture 2 (hence Anti-Exchange Case B, verified not proved)",C00->Y C01->C00 C03->C05 W->Y X->Y C01-C02 C01-C06 C02-C03 C03-X C05-X,0.0009891670000001795,0.0,0.0009891670000001795,,102,0.15886479099999917,400,91,0,0,309,8,0.6,2.0,4,0.8,3,91,91,0,0,1.0,0.0,0.0
c07_s04_cov050_seed00000003_bw025,7,4,0.5,0.25,3,X,Y,4,2,"C00,W",True,3,ok,local_up_fast,mpdag_criterion,True,"Conjecture 2 (hence Anti-Exchange Case B, verified not proved)",C00->C06 C00->Y C01->C00 C03->C05 W->Y X->Y C01-C02 C02-C03 C03-X C05-X,0.0010845420000009653,0.0,0.0010845420000009653,,89,0.1417917499999959,400,83,0,0,317,7,0.6,2.0,4,0.8,4,83,83,0,0,1.0,0.0,0.0
c07_s04_cov050_seed00000015_bw025,7,4,0.5,0.25,15,X,Y,3,2,"C00,W",True,2,ok,local_up_fast,mpdag_criterion,True,"Conjecture 2 (hence Anti-Exchange Case B, verified not proved)",C00->Y C01->C00 C02->C01 W->Y X->C05 X->C06 X->Y C02-C03 C03-X,0.0005398750000011887,0.0,0.0005398750000011887,,32,0.04461291699999492,300,99,0,0,201,6,0.5,1.0,3,0.7,3,99,99,0,0,1.0,0.0,0.0
c07_s04_cov050_seed00000016_bw025,7,4,0.5,0.25,16,X,Y,4,2,"C00,W",True,3,ok,local_up_fast,mpdag_criterion,True,"Conjecture 2 (hence Anti-Exchange Case B, verified not proved)",C00->Y C01->C00 C02->C05 C03->C06 W->Y X->Y C01-C02 C02-C03 C03-X C06-X,0.001325209000000882,0.0,0.001325209000000882,,109,0.15342837500000428,400,100,0,0,300,7,0.6,2.0,4,0.8,4,100,100,0,0,1.0,0.0,0.0
c07_s04_cov050_seed00000020_bw025,7,4,0.5,0.25,20,X,Y,4,2,"C00,W",True,3,ok,local_up_fast,mpdag_criterion,True,"Conjecture 2 (hence Anti-Exchange Case B, verified not proved)",C00->Y C01->C00 W->Y X->C05 X->Y C00-C06 C01-C02 C01-C06 C02-C03 C03-X,0.0008787919999946325,0.0,0.0008787919999946325,,89,0.15845837500000926,400,105,0,0,295,8,0.6,2.0,4,0.8,4,105,105,0,0,1.0,0.0,0.0
c07_s04_cov050_seed00000021_bw025,7,4,0.5,0.25,21,X,Y,3,2,"C00,W",True,2,ok,local_up_fast,mpdag_criterion,True,"Conjecture 2 (hence Anti-Exchange Case B, verified not proved)",C00->Y C01->C00 C01->C05 C02->C01 W->Y X->C06 X->Y C02-C03 C03-X,0.0004561249999994743,0.0,0.0004561249999994743,,32,0.043131582999990314,300,99,0,0,201,5,0.5,1.0,3,0.9,3,99,99,0,0,1.0,0.0,0.0
c07_s04_cov050_seed00000026_bw025,7,4,0.5,0.25,26,X,Y,4,2,"C00,W",True,3,ok,local_up_fast,mpdag_criterion,True,"Conjecture 2 (hence Anti-Exchange Case B, verified not proved)",C00->Y C01->C00 C03->C05 W->Y X->Y C01-C02 C01-C06 C02-C03 C02-C06 C03-X C05-X,0.0012373750000023165,0.0,0.0012373750000023165,,293,0.6854862080000004,400,101,0,0,299,8,0.6,2.0,4,0.8,4,101,101,0,0,1.0,0.0,0.0
c07_s04_cov050_seed00000027_bw025,7,4,0.5,0.25,27,X,Y,4,2,"C00,W",True,3,ok,local_up_fast,mpdag_criterion,True,"Conjecture 2 (hence Anti-Exchange Case B, verified not proved)",C00->C05 C00->Y C01->C00 C03->C06 W->Y X->Y C01-C02 C02-C03 C03-X C06-X,0.0011872500000009722,0.0,0.0011872500000009722,,89,0.1597999580000078,400,91,0,0,309,7,0.6,2.0,4,0.8,4,91,91,0,0,1.0,0.0,0.0
c07_s04_cov050_seed00000030_bw025,7,4,0.5,0.25,30,X,Y,4,2,"C00,W",True,3,ok,local_up_fast,mpdag_criterion,True,"Conjecture 2 (hence Anti-Exchange Case B, verified not proved)",C00->C05 C00->Y C01->C00 W->Y X->Y C01-C02 C01-C06 C02-C03 C02-C06 C03-X,0.0009629999999987149,0.0,0.0009629999999987149,,93,0.1418997920000038,400,96,0,0,304,7,0.6,2.0,4,0.8,4,96,96,0,0,1.0,0.0,0.0
c07_s04_cov050_seed00000032_bw025,7,4,0.5,0.25,32,X,Y,3,2,"C00,W",True,2,ok,local_up_fast,mpdag_criterion,True,"Conjecture 2 (hence Anti-Exchange Case B, verified not proved)",C00->C06 C00->Y C01->C00 C02->C01 W->Y X->C05 X->Y C02-C03 C03-X,0.00038666700000078436,0.0,0.00038666700000078436,,28,0.042898208000011095,300,97,0,0,203,5,0.5,1.0,3,0.9,3,97,97,0,0,1.0,0.0,0.0
c07_s04_cov050_seed00000043_bw025,7,4,0.5,0.25,43,X,Y,4,2,"C00,W",True,3,ok,local_up_fast,mpdag_criterion,True,"Conjecture 2 (hence Anti-Exchange Case B, verified not proved)",C00->Y C01->C00 C02->C05 C03->C06 W->Y X->Y C01-C02 C02-C03 C03-C05 C03-X,0.0011600409999914518,0.0,0.0011600409999914518,,108,0.16026858300000413,400,83,0,0,317,8,0.6,2.0,4,0.8,4,83,83,0,0,1.0,0.0,0.0
c07_s04_cov050_seed00000046_bw025,7,4,0.5,0.25,46,X,Y,4,2,"C00,W",True,3,ok,local_up_fast,mpdag_criterion,True,"Conjecture 2 (hence Anti-Exchange Case B, verified not proved)",C00->Y C01->C00 C02->C05 C03->C06 W->Y X->Y C01-C02 C02-C03 C03-C05 C03-X,0.0009601659999987078,0.0,0.0009601659999987078,,108,0.14266824999999983,400,93,0,0,307,8,0.6,2.0,4,0.8,4,93,93,0,0,1.0,0.0,0.0
c07_s04_cov050_seed00000050_bw025,7,4,0.5,0.25,50,X,Y,3,2,"C00,W",True,2,ok,local_up_fast,mpdag_criterion,True,"Conjecture 2 (hence Anti-Exchange Case B, verified not proved)",C00->Y C01->C00 C02->C01 C03->C05 W->Y X->C06 X->Y C02-C03 C03-X,0.0004083749999921338,0.0,0.0004083749999921338,,34,0.03978558400000054,300,104,0,0,196,5,0.5,1.0,3,0.8,2,104,104,0,0,1.0,0.0,0.0
c07_s04_cov050_seed00000052_bw025,7,4,0.5,0.25,52,X,Y,3,2,"C00,W",True,2,ok,local_up_fast,mpdag_criterion,True,"Conjecture 2 (hence Anti-Exchange Case B, verified not proved)",C00->Y C01->C00 C02->C01 C03->C06 W->Y X->C05 X->Y C02-C03 C03-X,0.0004120420000077729,0.0,0.0004120420000077729,,34,0.03921845799999346,300,97,0,0,203,5,0.5,1.0,3,0.8,2,97,97,0,0,1.0,0.0,0.0
c07_s04_cov050_seed00000061_bw025,7,4,0.5,0.25,61,X,Y,3,2,"C00,W",True,2,ok,local_up_fast,mpdag_criterion,True,"Conjecture 2 (hence Anti-Exchange Case B, verified not proved)",C00->Y C01->C00 C02->C01 W->Y X->Y C02-C03 C02-C05 C02-C06 C03-X,0.00045858299999679275,0.0,0.00045858299999679275,,44,0.04670412499999088,300,98,0,0,202,6,0.5,1.0,3,0.9,3,98,98,0,0,1.0,0.0,0.0
c07_s04_cov100_seed00000000_bw000,7,4,1.0,0.0,0,X,Y,8,2,"C00,W",True,4,ok,e1_ladder,mpdag_criterion,True,"Conjecture 2 (hence Anti-Exchange Case B, verified not proved)","(('C00', 'Y'), ('C02', 'C06'), ('C03', 'C05'), ('C03', 'C06'), ('W', 'Y'), ('X', 'C05'), ('X', 'Y'))",0.0021365829999950847,0.019007500000000732,0.021144082999995817,,297,0.6305312089999973,800,110,0,0,690,14,0.5850326797385621,4.497385620915033,8,0.6850326797385621,7,110,110,0,0,1.0,0.0,0.0
c07_s04_cov100_seed00000001_bw000,7,4,1.0,0.0,1,X,Y,7,2,"C00,W",True,4,ok,e1_ladder,mpdag_criterion,True,"Conjecture 2 (hence Anti-Exchange Case B, verified not proved)","(('C00', 'Y'), ('C02', 'C05'), ('C03', 'C06'), ('W', 'Y'), ('X', 'C06'), ('X', 'Y'))",0.001102249999988203,0.01664683299999581,0.01774908299998401,,109,0.15652145800000028,700,74,0,0,626,12,0.6055555555555555,4.055555555555555,7,0.711111111111111,6,74,74,0,0,1.0,0.0,0.0
c07_s04_cov100_seed00000002_bw000,7,4,1.0,0.0,2,X,Y,7,2,"C00,W",True,4,ok,e1_ladder,mpdag_criterion,True,"Conjecture 2 (hence Anti-Exchange Case B, verified not proved)","(('C00', 'Y'), ('C01', 'C06'), ('C03', 'C05'), ('W', 'Y'), ('X', 'C05'), ('X', 'Y'))",0.0013264170000013564,0.017214041000016778,0.018540458000018134,,102,0.15162287500000105,700,80,0,0,620,12,0.6277777777777778,4.277777777777778,7,0.7555555555555555,6,80,80,0,0,1.0,0.0,0.0
c07_s04_cov100_seed00000003_bw000,7,4,1.0,0.0,3,X,Y,7,2,"C00,W",True,4,ok,e1_ladder,mpdag_criterion,True,"Conjecture 2 (hence Anti-Exchange Case B, verified not proved)","(('C00', 'C06'), ('C00', 'Y'), ('C03', 'C05'), ('W', 'Y'), ('X', 'C05'), ('X', 'Y'))",0.001690292000006366,0.017252584000004845,0.01894287600001121,,89,0.14380599999998367,700,85,0,0,615,12,0.6261904761904762,4.261904761904762,7,0.7523809523809524,6,85,85,0,0,1.0,0.0,0.0
c07_s04_cov100_seed00000004_bw000,7,4,1.0,0.0,4,X,Y,6,2,"C00,W",True,4,ok,e1_ladder,mpdag_criterion,True,"Conjecture 2 (hence Anti-Exchange Case B, verified not proved)","(('C00', 'Y'), ('C03', 'C05'), ('C05', 'C06'), ('W', 'Y'), ('X', 'Y'))",0.0005161249999900974,0.01591400000000931,0.016430124999999407,,34,0.03952225000000453,600,63,0,0,537,10,0.8625,4.3125,6,0.8625,5,63,63,0,0,1.0,0.0,0.0
c07_s04_cov100_seed00000005_bw000,7,4,1.0,0.0,5,X,Y,6,2,"C00,W",True,4,ok,e1_ladder,mpdag_criterion,True,"Conjecture 2 (hence Anti-Exchange Case B, verified not proved)","(('C00', 'Y'), ('C03', 'C05'), ('W', 'Y'), ('X', 'C06'), ('X', 'Y'))",0.0005324580000092283,0.016189709000002495,0.016722167000011723,,34,0.03967520800000557,600,40,0,0,560,10,0.6199999999999999,2.6,6,0.7799999999999999,4,40,40,0,0,1.0,0.0,0.0
c07_s04_cov100_seed00000006_bw000,7,4,1.0,0.0,6,X,Y,6,2,"C00,W",True,4,ok,e1_ladder,mpdag_criterion,True,"Conjecture 2 (hence Anti-Exchange Case B, verified not proved)","(('C00', 'Y'), ('C02', 'C05'), ('C03', 'C06'), ('W', 'Y'), ('X', 'Y'))",0.000495666999995592,0.015438917000011543,0.015934584000007135,,40,0.040043790999988005,600,49,0,0,551,8,0.7272727272727271,3.4545454545454546,6,0.890909090909091,4,49,49,0,0,1.0,0.0,0.0
c07_s04_cov100_seed00000007_bw000,7,4,1.0,0.0,7,X,Y,6,2,"C00,W",True,4,ok,e1_ladder,mpdag_criterion,True,"Conjecture 2 (hence Anti-Exchange Case B, verified not proved)","(('C00', 'Y'), ('C03', 'C06'), ('W', 'Y'), ('X', 'C05'), ('X', 'Y'))",0.0005097499999919819,0.01502262500000029,0.015532374999992271,,34,0.03970800000001873,600,66,0,0,534,10,0.6,3.5,6,0.8,5,66,66,0,0,1.0,0.0,0.0
c07_s04_cov100_seed00000008_bw000,7,4,1.0,0.0,8,X,Y,6,2,"C00,W",True,4,ok,e1_ladder,mpdag_criterion,True,"Conjecture 2 (hence Anti-Exchange Case B, verified not proved)","(('C00', 'Y'), ('C01', 'C06'), ('C03', 'C05'), ('W', 'Y'), ('X', 'Y'))",0.0007686250000062955,0.016373250000015105,0.0171418750000214,,37,0.03936425000000554,600,47,0,0,553,8,0.7727272727272725,3.5454545454545454,6,0.909090909090909,4,47,47,0,0,1.0,0.0,0.0
c07_s04_cov100_seed00000009_bw000,7,4,1.0,0.0,9,X,Y,7,2,"C00,W",True,4,ok,e1_ladder,mpdag_criterion,True,"Conjecture 2 (hence Anti-Exchange Case B, verified not proved)","(('C00', 'C06'), ('C00', 'Y'), ('C02', 'C05'), ('C03', 'C05'), ('W', 'Y'), ('X', 'Y'))",0.0016980000000046402,0.01830020799999943,0.01999820800000407,,92,0.13079558299997984,700,79,0,0,621,10,0.7171428571428573,3.971428571428571,7,0.8542857142857143,5,79,79,0,0,1.0,0.0,0.0
c07_s04_cov100_seed00000010_bw000,7,4,1.0,0.0,10,X,Y,8,2,"C00,W",True,4,ok,e1_ladder,mpdag_criterion,True,"Conjecture 2 (hence Anti-Exchange Case B, verified not proved)","(('C00', 'Y'), ('C03', 'C05'), ('C05', 'C06'), ('W', 'Y'), ('X', 'C05'), ('X', 'C06'), ('X', 'Y'))",0.001462000000003627,0.01756262499998229,0.019024624999985917,,113,0.3151952080000058,800,172,0,0,628,16,0.4833333333333333,3.8333333333333335,8,0.4833333333333333,8,172,172,0,0,1.0,0.0,0.0
c07_s04_cov100_seed00000011_bw000,7,4,1.0,0.0,11,X,Y,6,2,"C00,W",True,4,ok,e1_ladder,mpdag_criterion,True,"Conjecture 2 (hence Anti-Exchange Case B, verified not proved)","(('C00', 'C05'), ('C00', 'C06'), ('C00', 'Y'), ('W', 'Y'), ('X', 'Y'))",0.0013697500000091622,0.015746874999990723,0.017116624999999885,,32,0.03930841600001145,600,64,0,0,536,8,0.5,3.0,6,0.8,4,64,64,0,0,1.0,0.0,0.0
c07_s04_cov100_seed00000012_bw000,7,4,1.0,0.0,12,X,Y,7,2,"C00,W",True,4,ok,e1_ladder,mpdag_criterion,True,"Conjecture 2 (hence Anti-Exchange Case B, verified not proved)","(('C00', 'C06'), ('C00', 'Y'), ('C01', 'C06'), ('C03', 'C05'), ('W', 'Y'), ('X', 'Y'))",0.0015336249999791107,0.022057041000010713,0.023590665999989824,,102,0.15109320799999182,700,76,0,0,624,10,0.6928571428571427,3.857142857142857,7,0.8357142857142857,5,76,76,0,0,1.0,0.0,0.0
c07_s04_cov100_seed00000013_bw000,7,4,1.0,0.0,13,X,Y,6,2,"C00,W",True,4,ok,e1_ladder,mpdag_criterion,True,"Conjecture 2 (hence Anti-Exchange Case B, verified not proved)","(('C00', 'Y'), ('C05', 'C06'), ('W', 'Y'), ('X', 'C05'), ('X', 'Y'))",0.0004977499999938573,0.014302374999999756,0.014800124999993614,,28,0.04029004200000941,600,136,0,0,464,12,0.5,3.0,6,0.5,6,136,136,0,0,1.0,0.0,0.0
c07_s04_cov100_seed00000014_bw000,7,4,1.0,0.0,14,X,Y,6,2,"C00,W",True,4,ok,e1_ladder,mpdag_criterion,True,"Conjecture 2 (hence Anti-Exchange Case B, verified not proved)","(('C00', 'C05'), ('C00', 'Y'), ('W', 'Y'), ('X', 'C06'), ('X', 'Y'))",0.0008683750000102464,0.014167750000012802,0.015036125000023048,,28,0.03988237499999059,600,51,0,0,549,10,0.5,3.0,6,0.7,5,51,51,0,0,1.0,0.0,0.0
c07_s04_cov100_seed00000002_bw010,7,4,1.0,0.1,2,X,Y,7,2,"C00,W",True,3,ok,local_up_fast,mpdag_criterion,True,"Conjecture 2 (hence Anti-Exchange Case B, verified not proved)",C00->Y C01->C00 C01->C06 C03->C05 W->Y X->C05 X->Y C01-C02 C02-C03 C03-X,0.002486417000000074,0.0,0.002486417000000074,,102,0.1482694160000051,700,79,0,0,621,10,0.5,3.0,7,0.7,5,79,79,0,0,1.0,0.0,0.0
c07_s04_cov100_seed00000007_bw010,7,4,1.0,0.1,7,X,Y,6,2,"C00,W",True,3,ok,local_up_fast,mpdag_criterion,True,"Conjecture 2 (hence Anti-Exchange Case B, verified not proved)",C00->Y C01->C00 C03->C06 W->Y X->C05 X->Y C01-C02 C02-C03 C03-X,0.0007208749999847441,0.0,0.0007208749999847441,,34,0.040032458000013094,600,58,0,0,542,8,0.48571428571428565,2.857142857142857,6,0.7714285714285714,4,58,58,0,0,1.0,0.0,0.0
c07_s04_cov100_seed00000015_bw010,7,4,1.0,0.1,15,X,Y,6,2,"C00,W",True,3,ok,local_up_fast,mpdag_criterion,True,"Conjecture 2 (hence Anti-Exchange Case B, verified not proved)",C00->Y C01->C00 W->Y X->C05 X->C06 X->Y C01-C02 C02-C03 C03-X,0.0008197919999872738,0.0,0.0008197919999872738,,32,0.039973083999996106,600,57,0,0,543,8,0.4,2.0,6,0.6,4,57,57,0,0,1.0,0.0,0.0
c07_s04_cov100_seed00000020_bw010,7,4,1.0,0.1,20,X,Y,7,2,"C00,W",True,5,ok,e1_ladder,mpdag_criterion,True,"Conjecture 2 (hence Anti-Exchange Case B, verified not proved)","(('C00', 'C06'), ('C00', 'Y'), ('W', 'Y'), ('X', 'C05'), ('X', 'Y'))",0.0011875419999967107,0.025908000000015363,0.027095542000012074,,89,0.14272391600002265,700,189,0,0,511,14,0.63,4.3,7,0.63,7,189,189,0,0,1.0,0.0,0.0
c07_s04_cov100_seed00000022_bw010,7,4,1.0,0.1,22,X,Y,7,2,"C00,W",True,3,ok,local_up_fast,mpdag_criterion,True,"Conjecture 2 (hence Anti-Exchange Case B, verified not proved)",C00->Y C01->C00 C02->C05 C03->C05 C05->C06 W->Y X->Y C01-C02 C02-C03 C03-X,0.0015831249999962438,0.0,0.0015831249999962438,,96,0.13553174999998419,700,90,0,0,610,10,0.865,4.025,7,0.805,5,90,90,0,0,1.0,0.0,0.0
c07_s04_cov100_seed00000023_bw010,7,4,1.0,0.1,23,X,Y,7,2,"C00,W",True,5,ok,e1_ladder,mpdag_criterion,True,"Conjecture 2 (hence Anti-Exchange Case B, verified not proved)","(('C00', 'Y'), ('C03', 'C06'), ('W', 'Y'), ('X', 'C06'), ('X', 'Y'))",0.0011303750000024593,0.01938004100000512,0.02051041600000758,,89,0.14269112499999892,700,191,0,0,509,14,0.7674242424242423,5.128787878787879,7,0.7674242424242423,7,191,191,0,0,1.0,0.0,0.0
c07_s04_cov100_seed00000026_bw010,7,4,1.0,0.1,26,X,Y,8,2,"C00,W",True,3,ok,local_up_fast,mpdag_criterion,True,"Conjecture 2 (hence Anti-Exchange Case B, verified not proved)",C00->Y C01->C00 C01->C06 C02->C06 C03->C05 W->Y X->C05 X->Y C01-C02 C02-C03 C03-X,0.0035358750000114014,0.0,0.0035358750000114014,,293,0.6202016659999856,800,96,0,0,704,12,0.4673076923076923,3.6730769230769234,8,0.6423076923076924,6,96,96,0,0,1.0,0.0,0.0
c07_s04_cov100_seed00000030_bw010,7,4,1.0,0.1,30,X,Y,7,2,"C00,W",True,3,ok,local_up_fast,mpdag_criterion,True,"Conjecture 2 (hence Anti-Exchange Case B, verified not proved)",C00->C05 C00->Y C01->C00 C01->C06 C02->C06 W->Y X->Y C01-C02 C02-C03 C03-X,0.0019109159999857184,0.0,0.0019109159999857184,,93,0.14183616700000812,700,76,0,0,624,8,0.5,3.0,7,0.8,4,76,76,0,0,1.0,0.0,0.0
c07_s04_cov100_seed00000032_bw010,7,4,1.0,0.1,32,X,Y,6,2,"C00,W",True,5,ok,e1_ladder,mpdag_criterion,True,"Conjecture 2 (hence Anti-Exchange Case B, verified not proved)","(('C00', 'Y'), ('W', 'Y'), ('X', 'C05'), ('X', 'Y'))",0.000517540999993571,0.016900125000006483,0.017417666000000054,,28,0.03920687500001918,600,153,0,0,447,12,0.7,4.0,6,0.7,6,153,153,0,0,1.0,0.0,0.0
c07_s04_cov100_seed00000034_bw010,7,4,1.0,0.1,34,X,Y,7,2,"C00,W",True,5,ok,e1_ladder,mpdag_criterion,True,"Conjecture 2 (hence Anti-Exchange Case B, verified not proved)","(('C00', 'C06'), ('C00', 'Y'), ('C01', 'C06'), ('W', 'Y'), ('X', 'Y'))",0.0011320829999874604,0.02311295900000232,0.02424504199998978,,92,0.14340400000000386,700,72,0,0,628,12,0.6333333333333333,4.333333333333333,7,0.7666666666666666,6,72,72,0,0,1.0,0.0,0.0
c07_s04_cov100_seed00000036_bw010,7,4,1.0,0.1,36,X,Y,6,2,"C00,W",True,3,ok,local_up_fast,mpdag_criterion,True,"Conjecture 2 (hence Anti-Exchange Case B, verified not proved)",C00->Y C01->C00 C01->C05 C01->C06 W->Y X->Y C01-C02 C02-C03 C03-X,0.002163790999986759,0.0,0.002163790999986759,,41,0.04644066600002361,600,84,0,0,516,6,0.4,2.0,6,0.8,3,84,84,0,0,1.0,0.0,0.0
c07_s04_cov100_seed00000041_bw010,7,4,1.0,0.1,41,X,Y,7,2,"C00,W",True,4,ok,e1_ladder,mpdag_criterion,True,"Conjecture 2 (hence Anti-Exchange Case B, verified not proved)","(('C00', 'Y'), ('C03', 'C05'), ('C03', 'C06'), ('C06', 'C05'), ('W', 'Y'), ('X', 'Y'))",0.0011075829999924736,0.017613874999995005,0.01872145799998748,,110,0.17533625000001507,700,79,0,0,621,12,0.9197802197802197,5.197802197802198,7,0.8395604395604396,6,79,79,0,0,1.0,0.0,0.0
c07_s04_cov100_seed00000044_bw010,7,4,1.0,0.1,44,X,Y,7,2,"C00,W",True,3,ok,local_up_fast,mpdag_criterion,True,"Conjecture 2 (hence Anti-Exchange Case B, verified not proved)",C00->Y C01->C00 C02->C05 C03->C05 C03->C06 W->Y X->Y C01-C02 C02-C03 C03-X,0.0014922080000019378,0.0,0.0014922080000019378,,108,0.14099995900002682,700,87,0,0,613,8,0.6590909090909091,3.0454545454545454,7,0.809090909090909,4,87,87,0,0,1.0,0.0,0.0
c07_s04_cov100_seed00000045_bw010,7,4,1.0,0.1,45,X,Y,6,2,"C00,W",True,3,ok,local_up_fast,mpdag_criterion,True,"Conjecture 2 (hence Anti-Exchange Case B, verified not proved)",C00->Y C01->C00 C03->C06 W->Y X->C05 X->Y C01-C02 C02-C03 C03-X,0.000661458999985598,0.0,0.000661458999985598,,34,0.0396566670000027,600,61,0,0,539,8,0.45999999999999996,2.6,6,0.72,4,61,61,0,0,1.0,0.0,0.0
c07_s04_cov100_seed00000046_bw010,7,4,1.0,0.1,46,X,Y,7,2,"C00,W",True,5,ok,e1_ladder,mpdag_criterion,True,"Conjecture 2 (hence Anti-Exchange Case B, verified not proved)","(('C00', 'Y'), ('C02', 'C05'), ('C03', 'C06'), ('W', 'Y'), ('X', 'Y'))",0.0011022500000024138,0.019871166000001494,0.02097341600000391,,108,0.14108754100001875,700,95,0,0,605,12,0.8937119675456389,5.488843813387424,7,0.9253549695740364,6,95,95,0,0,1.0,0.0,0.0
c07_s04_cov100_seed00000019_bw025,7,4,1.0,0.25,19,X,Y,7,2,"C00,W",True,3,ok,local_up_fast,mpdag_criterion,True,"Conjecture 2 (hence Anti-Exchange Case B, verified not proved)",C00->Y C01->C00 C02->C05 C02->C06 C06->C05 W->Y X->Y C01-C02 C02-C03 C03-X,0.0017550000000028376,0.0,0.0017550000000028376,,117,0.17838687500000106,700,86,0,0,614,8,0.6642857142857144,3.1785714285714284,7,0.8357142857142857,4,86,86,0,0,1.0,0.0,0.0
c07_s04_cov100_seed00000021_bw025,7,4,1.0,0.25,21,X,Y,6,2,"C00,W",True,4,ok,e1_ladder,mpdag_criterion,True,"Conjecture 2 (hence Anti-Exchange Case B, verified not proved)","(('C00', 'Y'), ('C01', 'C00'), ('W', 'Y'), ('X', 'C06'), ('X', 'Y'))",0.0007431250000138334,0.014532000000002654,0.015275125000016487,,32,0.039787541000009696,600,50,0,0,550,10,0.5,3.0,6,0.7,5,50,50,0,0,1.0,0.0,0.0
c07_s04_cov100_seed00000033_bw025,7,4,1.0,0.25,33,X,Y,6,2,"C00,W",True,2,ok,local_up_fast,mpdag_criterion,True,"Conjecture 2 (hence Anti-Exchange Case B, verified not proved)",C00->Y C01->C00 C02->C01 C02->C06 W->Y X->C05 X->Y C02-C03 C03-X,0.0006160830000112583,0.0,0.0006160830000112583,,34,0.0441443750000019,600,73,0,0,527,6,0.29411764705882354,1.4705882352941178,6,0.6411764705882353,3,73,73,0,0,1.0,0.0,0.0
c07_s04_cov100_seed00000034_bw025,7,4,1.0,0.25,34,X,Y,7,2,"C00,W",True,5,ok,e1_ladder,mpdag_criterion,True,"Conjecture 2 (hence Anti-Exchange Case B, verified not proved)","(('C00', 'C05'), ('C00', 'Y'), ('C06', 'C00'), ('W', 'Y'), ('X', 'Y'))",0.0015070000000036998,0.10957779200001028,0.11108479200001398,,92,0.12976262500001212,700,75,0,0,625,12,0.6333333333333333,4.333333333333333,7,0.7666666666666666,6,75,75,0,0,1.0,0.0,0.0
c07_s04_cov100_seed00000037_bw025,7,4,1.0,0.25,37,X,Y,7,2,"C00,W",True,2,ok,local_up_fast,mpdag_criterion,True,"Conjecture 2 (hence Anti-Exchange Case B, verified not proved)",C00->C05 C00->Y C01->C00 C02->C01 C03->C06 W->Y X->C06 X->Y C02-C03 C03-X,0.0007737920000181475,0.0,0.0007737920000181475,,89,0.14189883299999906,700,90,0,0,610,8,0.45494505494505494,2.7032967032967035,7,0.7263736263736262,4,90,90,0,0,1.0,0.0,0.0
c07_s04_cov100_seed00000057_bw025,7,4,1.0,0.25,57,X,Y,6,2,"C00,W",True,2,ok,local_up_fast,mpdag_criterion,True,"Conjecture 2 (hence Anti-Exchange Case B, verified not proved)",C00->C05 C00->Y C01->C00 C02->C01 W->Y X->C06 X->Y C02-C03 C03-X,0.0004290839999896434,0.0,0.0004290839999896434,,28,0.039519458000000895,600,55,0,0,545,6,0.43764705882352956,1.7882352941176471,6,0.7164705882352941,3,55,55,0,0,1.0,0.0,0.0
c07_s04_cov100_seed00000071_bw025,7,4,1.0,0.25,71,X,Y,6,2,"C00,W",True,2,ok,local_up_fast,mpdag_criterion,True,"Conjecture 2 (hence Anti-Exchange Case B, verified not proved)",C00->Y C01->C00 C01->C06 C02->C01 W->Y X->C05 X->Y C02-C03 C03-X,0.0004359999999792308,0.0,0.0004359999999792308,,32,0.04406154200000856,600,62,0,0,538,6,0.34,1.7,6,0.7100000000000001,3,62,62,0,0,1.0,0.0,0.0
c07_s04_cov100_seed00000077_bw025,7,4,1.0,0.25,77,X,Y,7,2,"C00,W",True,2,ok,local_up_fast,mpdag_criterion,True,"Conjecture 2 (hence Anti-Exchange Case B, verified not proved)",C00->C05 C00->Y C01->C00 C02->C01 C03->C06 W->Y X->C06 X->Y C02-C03 C03-X,0.0007939580000027036,0.0,0.0007939580000027036,,89,0.14444570800000633,700,79,0,0,621,8,0.6430555555555555,2.7430555555555554,7,0.7041666666666666,4,79,79,0,0,1.0,0.0,0.0
c07_s04_cov100_seed00000079_bw025,7,4,1.0,0.25,79,X,Y,7,2,"C00,W",True,5,ok,e1_ladder,mpdag_criterion,True,"Conjecture 2 (hence Anti-Exchange Case B, verified not proved)","(('C00', 'Y'), ('C05', 'C00'), ('C05', 'C06'), ('W', 'Y'), ('X', 'Y'))",0.0019222500000068976,0.02621808300000339,0.028140333000010287,,92,0.14565604099999518,700,110,0,0,590,12,0.6090909090909091,4.090909090909091,7,0.7181818181818181,6,110,110,0,0,1.0,0.0,0.0
c07_s04_cov100_seed00000094_bw025,7,4,1.0,0.25,94,X,Y,6,2,"C00,W",True,4,ok,e1_ladder,mpdag_criterion,True,"Conjecture 2 (hence Anti-Exchange Case B, verified not proved)","(('C00', 'C05'), ('C00', 'Y'), ('C01', 'C00'), ('W', 'Y'), ('X', 'Y'))",0.0007847919999903752,0.015925665999986904,0.01671045799997728,,34,0.043534458000010545,600,53,0,0,547,8,0.5,3.0,6,0.8,4,53,53,0,0,1.0,0.0,0.0
c07_s04_cov100_seed00000101_bw025,7,4,1.0,0.25,101,X,Y,6,2,"C00,W",True,4,ok,e1_ladder,mpdag_criterion,True,"Conjecture 2 (hence Anti-Exchange Case B, verified not proved)","(('C00', 'Y'), ('C01', 'C00'), ('C05', 'C06'), ('W', 'Y'), ('X', 'Y'))",0.0011053340000160006,0.014586417000003848,0.01569175100001985,,34,0.04339075000001458,600,58,0,0,542,8,0.5,3.0,6,0.8,4,58,58,0,0,1.0,0.0,0.0
c07_s04_cov100_seed00000111_bw025,7,4,1.0,0.25,111,X,Y,7,2,"C00,W",True,2,ok,local_up_fast,mpdag_criterion,True,"Conjecture 2 (hence Anti-Exchange Case B, verified not proved)",C00->Y C01->C00 C01->C05 C02->C01 C02->C05 W->Y X->C06 X->Y C02-C03 C03-X,0.0005022500000109176,0.0,0.0005022500000109176,,92,0.1463833749999992,700,75,0,0,625,8,0.439766081871345,2.6198830409356724,7,0.7081871345029239,4,75,75,0,0,1.0,0.0,0.0
c07_s04_cov100_seed00000116_bw025,7,4,1.0,0.25,116,X,Y,6,2,"C00,W",True,4,ok,e1_ladder,mpdag_criterion,True,"Conjecture 2 (hence Anti-Exchange Case B, verified not proved)","(('C00', 'Y'), ('C01', 'C00'), ('C01', 'C06'), ('W', 'Y'), ('X', 'Y'))",0.0007733749999943029,0.015475208999987444,0.016248583999981747,,41,0.041025791000009804,600,43,0,0,557,8,0.5,3.0,6,0.8,4,43,43,0,0,1.0,0.0,0.0
c07_s04_cov100_seed00000122_bw025,7,4,1.0,0.25,122,X,Y,7,2,"C00,W",True,2,ok,local_up_fast,mpdag_criterion,True,"Conjecture 2 (hence Anti-Exchange Case B, verified not proved)",C00->Y C01->C00 C02->C01 C03->C05 W->Y X->C05 X->C06 X->Y C02-C03 C03-X,0.0007743749999917782,0.0,0.0007743749999917782,,92,0.1504996249999806,700,83,0,0,617,8,0.36333333333333334,2.2333333333333334,7,0.6300000000000001,4,83,83,0,0,1.0,0.0,0.0
c07_s04_cov100_seed00000133_bw025,7,4,1.0,0.25,133,X,Y,6,2,"C00,W",True,2,ok,local_up_fast,mpdag_criterion,True,"Conjecture 2 (hence Anti-Exchange Case B, verified not proved)",C00->Y C01->C00 C02->C01 C02->C05 C05->C06 W->Y X->Y C02-C03 C03-X,0.0006304999999997563,0.0,0.0006304999999997563,,36,0.04383233300001166,600,78,0,0,522,4,0.7714285714285716,1.7142857142857144,6,0.9142857142857143,2,78,78,0,0,1.0,0.0,0.0
c07_s06_cov050_seed00000000_bw000,7,6,0.5,0.0,0,X,Y,3,2,"C00,W",True,3,ok,local_up_fast,mpdag_criterion,True,"Conjecture 2 (hence Anti-Exchange Case B, verified not proved)",C00->Y W->Y X->Y C00-C01 C01-C02 C02-C03 C03-C04 C04-C05 C05-X,0.0005347909999784406,0.0,0.0005347909999784406,,28,0.0439853340000127,300,168,0,0,132,9,0.8,2.0,3,0.8,3,168,168,0,0,1.0,0.0,0.0
c07_s06_cov050_seed00000001_bw000,7,6,0.5,0.0,1,X,Y,3,2,"C00,W",True,3,ok,local_up_fast,mpdag_criterion,True,"Conjecture 2 (hence Anti-Exchange Case B, verified not proved)",C00->Y W->Y X->Y C00-C01 C01-C02 C02-C03 C03-C04 C04-C05 C05-X,0.0004244590000155313,0.0,0.0004244590000155313,,28,0.04097879199997578,300,156,0,0,144,9,0.8,2.0,3,0.8,3,156,156,0,0,1.0,0.0,0.0
c07_s06_cov050_seed00000002_bw000,7,6,0.5,0.0,2,X,Y,3,2,"C00,W",True,3,ok,local_up_fast,mpdag_criterion,True,"Conjecture 2 (hence Anti-Exchange Case B, verified not proved)",C00->Y W->Y X->Y C00-C01 C01-C02 C02-C03 C03-C04 C04-C05 C05-X,0.0004312920000018039,0.0,0.0004312920000018039,,28,0.03978745800000638,300,181,0,0,119,9,0.8,2.0,3,0.8,3,181,181,0,0,1.0,0.0,0.0
c07_s06_cov050_seed00000003_bw000,7,6,0.5,0.0,3,X,Y,3,2,"C00,W",True,3,ok,local_up_fast,mpdag_criterion,True,"Conjecture 2 (hence Anti-Exchange Case B, verified not proved)",C00->Y W->Y X->Y C00-C01 C01-C02 C02-C03 C03-C04 C04-C05 C05-X,0.000435083000013492,0.0,0.000435083000013492,,28,0.04013304200000789,300,165,0,0,135,9,0.8,2.0,3,0.8,3,165,165,0,0,1.0,0.0,0.0
c07_s06_cov050_seed00000004_bw000,7,6,0.5,0.0,4,X,Y,3,2,"C00,W",True,3,ok,local_up_fast,mpdag_criterion,True,"Conjecture 2 (hence Anti-Exchange Case B, verified not proved)",C00->Y W->Y X->Y C00-C01 C01-C02 C02-C03 C03-C04 C04-C05 C05-X,0.0003895829999862599,0.0,0.0003895829999862599,,28,0.04009395799999993,300,171,0,0,129,9,0.8,2.0,3,0.8,3,171,171,0,0,1.0,0.0,0.0
c07_s06_cov050_seed00000005_bw000,7,6,0.5,0.0,5,X,Y,3,2,"C00,W",True,3,ok,local_up_fast,mpdag_criterion,True,"Conjecture 2 (hence Anti-Exchange Case B, verified not proved)",C00->Y W->Y X->Y C00-C01 C01-C02 C02-C03 C03-C04 C04-C05 C05-X,0.00040320799999449264,0.0,0.00040320799999449264,,28,0.039490583000002744,300,164,0,0,136,9,0.8,2.0,3,0.8,3,164,164,0,0,1.0,0.0,0.0
c07_s06_cov050_seed00000006_bw000,7,6,0.5,0.0,6,X,Y,3,2,"C00,W",True,3,ok,local_up_fast,mpdag_criterion,True,"Conjecture 2 (hence Anti-Exchange Case B, verified not proved)",C00->Y W->Y X->Y C00-C01 C01-C02 C02-C03 C03-C04 C04-C05 C05-X,0.000413999999977932,0.0,0.000413999999977932,,28,0.040101041999974996,300,159,0,0,141,9,0.8,2.0,3,0.8,3,159,159,0,0,1.0,0.0,0.0
c07_s06_cov050_seed00000007_bw000,7,6,0.5,0.0,7,X,Y,3,2,"C00,W",True,3,ok,local_up_fast,mpdag_criterion,True,"Conjecture 2 (hence Anti-Exchange Case B, verified not proved)",C00->Y W->Y X->Y C00-C01 C01-C02 C02-C03 C03-C04 C04-C05 C05-X,0.00041175000001203443,0.0,0.00041175000001203443,,28,0.040167624999980944,300,178,0,0,122,9,0.8,2.0,3,0.8,3,178,178,0,0,1.0,0.0,0.0
c07_s06_cov050_seed00000008_bw000,7,6,0.5,0.0,8,X,Y,3,2,"C00,W",True,3,ok,local_up_fast,mpdag_criterion,True,"Conjecture 2 (hence Anti-Exchange Case B, verified not proved)",C00->Y W->Y X->Y C00-C01 C01-C02 C02-C03 C03-C04 C04-C05 C05-X,0.00046004199998606055,0.0,0.00046004199998606055,,28,0.03994787499999575,300,174,0,0,126,9,0.8,2.0,3,0.8,3,174,174,0,0,1.0,0.0,0.0
c07_s06_cov050_seed00000009_bw000,7,6,0.5,0.0,9,X,Y,3,2,"C00,W",True,3,ok,local_up_fast,mpdag_criterion,True,"Conjecture 2 (hence Anti-Exchange Case B, verified not proved)",C00->Y W->Y X->Y C00-C01 C01-C02 C02-C03 C03-C04 C04-C05 C05-X,0.0004162090000079388,0.0,0.0004162090000079388,,28,0.04063833300000397,300,159,0,0,141,9,0.8,2.0,3,0.8,3,159,159,0,0,1.0,0.0,0.0
c07_s06_cov050_seed00000010_bw000,7,6,0.5,0.0,10,X,Y,3,2,"C00,W",True,3,ok,local_up_fast,mpdag_criterion,True,"Conjecture 2 (hence Anti-Exchange Case B, verified not proved)",C00->Y W->Y X->Y C00-C01 C01-C02 C02-C03 C03-C04 C04-C05 C05-X,0.00040795799998250004,0.0,0.00040795799998250004,,28,0.03995224999999891,300,169,0,0,131,9,0.8,2.0,3,0.8,3,169,169,0,0,1.0,0.0,0.0
c07_s06_cov050_seed00000011_bw000,7,6,0.5,0.0,11,X,Y,3,2,"C00,W",True,3,ok,local_up_fast,mpdag_criterion,True,"Conjecture 2 (hence Anti-Exchange Case B, verified not proved)",C00->Y W->Y X->Y C00-C01 C01-C02 C02-C03 C03-C04 C04-C05 C05-X,0.00042870900000480106,0.0,0.00042870900000480106,,28,0.04010612499999411,300,172,0,0,128,9,0.8,2.0,3,0.8,3,172,172,0,0,1.0,0.0,0.0
c07_s06_cov050_seed00000012_bw000,7,6,0.5,0.0,12,X,Y,3,2,"C00,W",True,3,ok,local_up_fast,mpdag_criterion,True,"Conjecture 2 (hence Anti-Exchange Case B, verified not proved)",C00->Y W->Y X->Y C00-C01 C01-C02 C02-C03 C03-C04 C04-C05 C05-X,0.0004311250000057498,0.0,0.0004311250000057498,,28,0.04057841699997766,300,165,0,0,135,9,0.8,2.0,3,0.8,3,165,165,0,0,1.0,0.0,0.0
c07_s06_cov050_seed00000013_bw000,7,6,0.5,0.0,13,X,Y,3,2,"C00,W",True,3,ok,local_up_fast,mpdag_criterion,True,"Conjecture 2 (hence Anti-Exchange Case B, verified not proved)",C00->Y W->Y X->Y C00-C01 C01-C02 C02-C03 C03-C04 C04-C05 C05-X,0.0003884590000211574,0.0,0.0003884590000211574,,28,0.03966045899997539,300,162,0,0,138,9,0.8,2.0,3,0.8,3,162,162,0,0,1.0,0.0,0.0
c07_s06_cov050_seed00000014_bw000,7,6,0.5,0.0,14,X,Y,3,2,"C00,W",True,3,ok,local_up_fast,mpdag_criterion,True,"Conjecture 2 (hence Anti-Exchange Case B, verified not proved)",C00->Y W->Y X->Y C00-C01 C01-C02 C02-C03 C03-C04 C04-C05 C05-X,0.00041695900000604524,0.0,0.00041695900000604524,,28,0.04009691699999962,300,160,0,0,140,9,0.8,2.0,3,0.8,3,160,160,0,0,1.0,0.0,0.0
c07_s06_cov050_seed00000000_bw010,7,6,0.5,0.1,0,X,Y,3,2,"C00,W",True,3,ok,local_up_fast,mpdag_criterion,True,"Conjecture 2 (hence Anti-Exchange Case B, verified not proved)",C00->Y W->Y X->Y C00-C01 C01-C02 C02-C03 C03-C04 C04-C05 C05-X,0.00042033299999388873,0.0,0.00042033299999388873,,28,0.04033075000000963,300,165,0,0,135,9,0.8,2.0,3,0.8,3,165,165,0,0,1.0,0.0,0.0
c07_s06_cov050_seed00000001_bw010,7,6,0.5,0.1,1,X,Y,3,2,"C00,W",True,3,ok,local_up_fast,mpdag_criterion,True,"Conjecture 2 (hence Anti-Exchange Case B, verified not proved)",C00->Y W->Y X->Y C00-C01 C01-C02 C02-C03 C03-C04 C04-C05 C05-X,0.0004290830000002188,0.0,0.0004290830000002188,,28,0.039738957999986724,300,167,0,0,133,9,0.8,2.0,3,0.8,3,167,167,0,0,1.0,0.0,0.0
c07_s06_cov050_seed00000002_bw010,7,6,0.5,0.1,2,X,Y,3,2,"C00,W",True,3,ok,local_up_fast,mpdag_criterion,True,"Conjecture 2 (hence Anti-Exchange Case B, verified not proved)",C00->Y W->Y X->Y C00-C01 C01-C02 C02-C03 C03-C04 C04-C05 C05-X,0.00046766700000944184,0.0,0.00046766700000944184,,28,0.04089012500000422,300,173,0,0,127,9,0.8,2.0,3,0.8,3,173,173,0,0,1.0,0.0,0.0
c07_s06_cov050_seed00000003_bw010,7,6,0.5,0.1,3,X,Y,3,2,"C00,W",True,3,ok,local_up_fast,mpdag_criterion,True,"Conjecture 2 (hence Anti-Exchange Case B, verified not proved)",C00->Y W->Y X->Y C00-C01 C01-C02 C02-C03 C03-C04 C04-C05 C05-X,0.00042916600000353355,0.0,0.00042916600000353355,,28,0.04033954099998027,300,155,0,0,145,9,0.8,2.0,3,0.8,3,155,155,0,0,1.0,0.0,0.0
c07_s06_cov050_seed00000004_bw010,7,6,0.5,0.1,4,X,Y,3,2,"C00,W",True,3,ok,local_up_fast,mpdag_criterion,True,"Conjecture 2 (hence Anti-Exchange Case B, verified not proved)",C00->Y W->Y X->Y C00-C01 C01-C02 C02-C03 C03-C04 C04-C05 C05-X,0.0004417079999825546,0.0,0.0004417079999825546,,28,0.039835333000013406,300,162,0,0,138,9,0.8,2.0,3,0.8,3,162,162,0,0,1.0,0.0,0.0
c07_s06_cov050_seed00000005_bw010,7,6,0.5,0.1,5,X,Y,3,2,"C00,W",True,3,ok,local_up_fast,mpdag_criterion,True,"Conjecture 2 (hence Anti-Exchange Case B, verified not proved)",C00->Y W->Y X->Y C00-C01 C01-C02 C02-C03 C03-C04 C04-C05 C05-X,0.0004285830000014812,0.0,0.0004285830000014812,,28,0.04102016700002764,300,159,0,0,141,9,0.8,2.0,3,0.8,3,159,159,0,0,1.0,0.0,0.0
c07_s06_cov050_seed00000006_bw010,7,6,0.5,0.1,6,X,Y,3,2,"C00,W",True,3,ok,local_up_fast,mpdag_criterion,True,"Conjecture 2 (hence Anti-Exchange Case B, verified not proved)",C00->Y W->Y X->Y C00-C01 C01-C02 C02-C03 C03-C04 C04-C05 C05-X,0.0004224999999848933,0.0,0.0004224999999848933,,28,0.04061366700000235,300,165,0,0,135,9,0.8,2.0,3,0.8,3,165,165,0,0,1.0,0.0,0.0
c07_s06_cov050_seed00000007_bw010,7,6,0.5,0.1,7,X,Y,3,2,"C00,W",True,3,ok,local_up_fast,mpdag_criterion,True,"Conjecture 2 (hence Anti-Exchange Case B, verified not proved)",C00->Y W->Y X->Y C00-C01 C01-C02 C02-C03 C03-C04 C04-C05 C05-X,0.00042733300000463714,0.0,0.00042733300000463714,,28,0.040950334000001476,300,163,0,0,137,9,0.8,2.0,3,0.8,3,163,163,0,0,1.0,0.0,0.0
c07_s06_cov050_seed00000008_bw010,7,6,0.5,0.1,8,X,Y,3,2,"C00,W",True,3,ok,local_up_fast,mpdag_criterion,True,"Conjecture 2 (hence Anti-Exchange Case B, verified not proved)",C00->Y W->Y X->Y C00-C01 C01-C02 C02-C03 C03-C04 C04-C05 C05-X,0.00039033400000221263,0.0,0.00039033400000221263,,28,0.04058299999999804,300,168,0,0,132,9,0.8,2.0,3,0.8,3,168,168,0,0,1.0,0.0,0.0
c07_s06_cov050_seed00000009_bw010,7,6,0.5,0.1,9,X,Y,3,2,"C00,W",True,3,ok,local_up_fast,mpdag_criterion,True,"Conjecture 2 (hence Anti-Exchange Case B, verified not proved)",C00->Y W->Y X->Y C00-C01 C01-C02 C02-C03 C03-C04 C04-C05 C05-X,0.00041154199999482444,0.0,0.00041154199999482444,,28,0.04012908400000015,300,166,0,0,134,9,0.8,2.0,3,0.8,3,166,166,0,0,1.0,0.0,0.0
c07_s06_cov050_seed00000010_bw010,7,6,0.5,0.1,10,X,Y,3,2,"C00,W",True,3,ok,local_up_fast,mpdag_criterion,True,"Conjecture 2 (hence Anti-Exchange Case B, verified not proved)",C00->Y W->Y X->Y C00-C01 C01-C02 C02-C03 C03-C04 C04-C05 C05-X,0.00043049999999311694,0.0,0.00043049999999311694,,28,0.040544541999992134,300,169,0,0,131,9,0.8,2.0,3,0.8,3,169,169,0,0,1.0,0.0,0.0
c07_s06_cov050_seed00000011_bw010,7,6,0.5,0.1,11,X,Y,3,2,"C00,W",True,3,ok,local_up_fast,mpdag_criterion,True,"Conjecture 2 (hence Anti-Exchange Case B, verified not proved)",C00->Y W->Y X->Y C00-C01 C01-C02 C02-C03 C03-C04 C04-C05 C05-X,0.0004360829999825455,0.0,0.0004360829999825455,,28,0.04083999999997445,300,161,0,0,139,9,0.8,2.0,3,0.8,3,161,161,0,0,1.0,0.0,0.0
c07_s06_cov050_seed00000012_bw010,7,6,0.5,0.1,12,X,Y,3,2,"C00,W",True,3,ok,local_up_fast,mpdag_criterion,True,"Conjecture 2 (hence Anti-Exchange Case B, verified not proved)",C00->Y W->Y X->Y C00-C01 C01-C02 C02-C03 C03-C04 C04-C05 C05-X,0.0004271670000264294,0.0,0.0004271670000264294,,28,0.040957000000020116,300,174,0,0,126,9,0.8,2.0,3,0.8,3,174,174,0,0,1.0,0.0,0.0
c07_s06_cov050_seed00000013_bw010,7,6,0.5,0.1,13,X,Y,3,2,"C00,W",True,3,ok,local_up_fast,mpdag_criterion,True,"Conjecture 2 (hence Anti-Exchange Case B, verified not proved)",C00->Y W->Y X->Y C00-C01 C01-C02 C02-C03 C03-C04 C04-C05 C05-X,0.0004774580000059814,0.0,0.0004774580000059814,,28,0.04099275000001512,300,156,0,0,144,9,0.8,2.0,3,0.8,3,156,156,0,0,1.0,0.0,0.0
c07_s06_cov050_seed00000014_bw010,7,6,0.5,0.1,14,X,Y,3,2,"C00,W",True,3,ok,local_up_fast,mpdag_criterion,True,"Conjecture 2 (hence Anti-Exchange Case B, verified not proved)",C00->Y W->Y X->Y C00-C01 C01-C02 C02-C03 C03-C04 C04-C05 C05-X,0.0004353340000022854,0.0,0.0004353340000022854,,28,0.041104791999998724,300,175,0,0,125,9,0.8,2.0,3,0.8,3,175,175,0,0,1.0,0.0,0.0
c07_s06_cov050_seed00000006_bw025,7,6,0.5,0.25,6,X,Y,3,2,"C00,W",True,2,ok,local_up_fast,mpdag_criterion,True,"Conjecture 2 (hence Anti-Exchange Case B, verified not proved)",C00->Y C01->C00 C02->C01 C03->C02 C04->C03 W->Y X->Y C04-C05 C05-X,0.00039670799998248185,0.0,0.00039670799998248185,,28,0.04083737499999529,300,108,0,0,192,5,0.5,1.0,3,0.7,3,108,108,0,0,1.0,0.0,0.0
c07_s06_cov050_seed00000008_bw025,7,6,0.5,0.25,8,X,Y,3,2,"C00,W",True,2,ok,local_up_fast,mpdag_criterion,True,"Conjecture 2 (hence Anti-Exchange Case B, verified not proved)",C00->Y C01->C00 C02->C01 C03->C02 C04->C03 W->Y X->Y C04-C05 C05-X,0.0003697920000149679,0.0,0.0003697920000149679,,28,0.04131516699999338,300,107,0,0,193,5,0.5,1.0,3,0.7,3,107,107,0,0,1.0,0.0,0.0
c07_s06_cov050_seed00000015_bw025,7,6,0.5,0.25,15,X,Y,3,2,"C00,W",True,2,ok,local_up_fast,mpdag_criterion,True,"Conjecture 2 (hence Anti-Exchange Case B, verified not proved)",C00->Y C01->C00 C02->C01 C03->C02 C04->C03 W->Y X->Y C04-C05 C05-X,0.0003449579999994512,0.0,0.0003449579999994512,,28,0.04054295800000318,300,109,0,0,191,5,0.5,1.0,3,0.7,3,109,109,0,0,1.0,0.0,0.0
c07_s06_cov050_seed00000019_bw025,7,6,0.5,0.25,19,X,Y,3,2,"C00,W",True,2,ok,local_up_fast,mpdag_criterion,True,"Conjecture 2 (hence Anti-Exchange Case B, verified not proved)",C00->Y C01->C00 C02->C01 C03->C02 C04->C03 W->Y X->Y C04-C05 C05-X,0.00036270799998305847,0.0,0.00036270799998305847,,28,0.04134754099999327,300,103,0,0,197,5,0.5,1.0,3,0.7,3,103,103,0,0,1.0,0.0,0.0
c07_s06_cov050_seed00000020_bw025,7,6,0.5,0.25,20,X,Y,3,2,"C00,W",True,2,ok,local_up_fast,mpdag_criterion,True,"Conjecture 2 (hence Anti-Exchange Case B, verified not proved)",C00->Y C01->C00 C02->C01 C03->C02 C04->C03 W->Y X->Y C04-C05 C05-X,0.0003764999999873453,0.0,0.0003764999999873453,,28,0.04180541700000617,300,93,0,0,207,5,0.5,1.0,3,0.7,3,93,93,0,0,1.0,0.0,0.0
c07_s06_cov050_seed00000030_bw025,7,6,0.5,0.25,30,X,Y,3,2,"C00,W",True,2,ok,local_up_fast,mpdag_criterion,True,"Conjecture 2 (hence Anti-Exchange Case B, verified not proved)",C00->Y C01->C00 C02->C01 C03->C02 C04->C03 W->Y X->Y C04-C05 C05-X,0.0003683749999936481,0.0,0.0003683749999936481,,28,0.04147858299998575,300,91,0,0,209,5,0.5,1.0,3,0.7,3,91,91,0,0,1.0,0.0,0.0
c07_s06_cov050_seed00000034_bw025,7,6,0.5,0.25,34,X,Y,3,2,"C00,W",True,2,ok,local_up_fast,mpdag_criterion,True,"Conjecture 2 (hence Anti-Exchange Case B, verified not proved)",C00->Y C01->C00 C02->C01 C03->C02 C04->C03 W->Y X->Y C04-C05 C05-X,0.0003701669999998103,0.0,0.0003701669999998103,,28,0.041480041999989226,300,90,0,0,210,5,0.5,1.0,3,0.7,3,90,90,0,0,1.0,0.0,0.0
c07_s06_cov050_seed00000035_bw025,7,6,0.5,0.25,35,X,Y,3,2,"C00,W",True,2,ok,local_up_fast,mpdag_criterion,True,"Conjecture 2 (hence Anti-Exchange Case B, verified not proved)",C00->Y C01->C00 C02->C01 C03->C02 C04->C03 W->Y X->Y C04-C05 C05-X,0.00034999999999740794,0.0,0.00034999999999740794,,28,0.04030191699999364,300,105,0,0,195,5,0.5,1.0,3,0.7,3,105,105,0,0,1.0,0.0,0.0
c07_s06_cov050_seed00000038_bw025,7,6,0.5,0.25,38,X,Y,3,2,"C00,W",True,2,ok,local_up_fast,mpdag_criterion,True,"Conjecture 2 (hence Anti-Exchange Case B, verified not proved)",C00->Y C01->C00 C02->C01 C03->C02 C04->C03 W->Y X->Y C04-C05 C05-X,0.00036620800000264353,0.0,0.00036620800000264353,,28,0.04109329199999934,300,92,0,0,208,5,0.5,1.0,3,0.7,3,92,92,0,0,1.0,0.0,0.0
c07_s06_cov050_seed00000043_bw025,7,6,0.5,0.25,43,X,Y,3,2,"C00,W",True,2,ok,local_up_fast,mpdag_criterion,True,"Conjecture 2 (hence Anti-Exchange Case B, verified not proved)",C00->Y C01->C00 C02->C01 C03->C02 C04->C03 W->Y X->Y C04-C05 C05-X,0.0003494999999986703,0.0,0.0003494999999986703,,28,0.04087325000000419,300,97,0,0,203,5,0.5,1.0,3,0.7,3,97,97,0,0,1.0,0.0,0.0
c07_s06_cov050_seed00000048_bw025,7,6,0.5,0.25,48,X,Y,3,2,"C00,W",True,2,ok,local_up_fast,mpdag_criterion,True,"Conjecture 2 (hence Anti-Exchange Case B, verified not proved)",C00->Y C01->C00 C02->C01 C03->C02 C04->C03 W->Y X->Y C04-C05 C05-X,0.00040166699997712385,0.0,0.00040166699997712385,,28,0.04160537499998895,300,103,0,0,197,5,0.5,1.0,3,0.7,3,103,103,0,0,1.0,0.0,0.0
c07_s06_cov050_seed00000051_bw025,7,6,0.5,0.25,51,X,Y,3,2,"C00,W",True,2,ok,local_up_fast,mpdag_criterion,True,"Conjecture 2 (hence Anti-Exchange Case B, verified not proved)",C00->Y C01->C00 C02->C01 C03->C02 C04->C03 W->Y X->Y C04-C05 C05-X,0.0004349579999995967,0.0,0.0004349579999995967,,28,0.04069308399999727,300,99,0,0,201,5,0.5,1.0,3,0.7,3,99,99,0,0,1.0,0.0,0.0
c07_s06_cov050_seed00000052_bw025,7,6,0.5,0.25,52,X,Y,3,2,"C00,W",True,2,ok,local_up_fast,mpdag_criterion,True,"Conjecture 2 (hence Anti-Exchange Case B, verified not proved)",C00->Y C01->C00 C02->C01 C03->C02 C04->C03 W->Y X->Y C04-C05 C05-X,0.0003731660000028114,0.0,0.0003731660000028114,,28,0.04087937500000294,300,105,0,0,195,5,0.5,1.0,3,0.7,3,105,105,0,0,1.0,0.0,0.0
c07_s06_cov050_seed00000054_bw025,7,6,0.5,0.25,54,X,Y,3,2,"C00,W",True,2,ok,local_up_fast,mpdag_criterion,True,"Conjecture 2 (hence Anti-Exchange Case B, verified not proved)",C00->Y C01->C00 C02->C01 C03->C02 C04->C03 W->Y X->Y C04-C05 C05-X,0.00034708299997987524,0.0,0.00034708299997987524,,28,0.04078699999999458,300,104,0,0,196,5,0.5,1.0,3,0.7,3,104,104,0,0,1.0,0.0,0.0
c07_s06_cov050_seed00000055_bw025,7,6,0.5,0.25,55,X,Y,3,2,"C00,W",True,2,ok,local_up_fast,mpdag_criterion,True,"Conjecture 2 (hence Anti-Exchange Case B, verified not proved)",C00->Y C01->C00 C02->C01 C03->C02 C04->C03 W->Y X->Y C04-C05 C05-X,0.00035245800000893723,0.0,0.00035245800000893723,,28,0.041458750000003874,300,98,0,0,202,5,0.5,1.0,3,0.7,3,98,98,0,0,1.0,0.0,0.0
c07_s06_cov100_seed00000000_bw000,7,6,1.0,0.0,0,X,Y,6,2,"C00,W",True,6,ok,e1_ladder,mpdag_criterion,True,"Conjecture 2 (hence Anti-Exchange Case B, verified not proved)","(('C00', 'Y'), ('W', 'Y'), ('X', 'Y'))",0.0005423339999879317,0.017439582999998038,0.01798191699998597,,28,0.041177374999989524,600,154,0,0,446,12,0.9,5.0,6,0.9,6,154,154,0,0,1.0,0.0,0.0
c07_s06_cov100_seed00000001_bw000,7,6,1.0,0.0,1,X,Y,6,2,"C00,W",True,6,ok,e1_ladder,mpdag_criterion,True,"Conjecture 2 (hence Anti-Exchange Case B, verified not proved)","(('C00', 'Y'), ('W', 'Y'), ('X', 'Y'))",0.0005230419999975311,0.017174833000012768,0.0176978750000103,,28,0.040483457999982875,600,156,0,0,444,12,0.9,5.0,6,0.9,6,156,156,0,0,1.0,0.0,0.0
c07_s06_cov100_seed00000002_bw000,7,6,1.0,0.0,2,X,Y,6,2,"C00,W",True,6,ok,e1_ladder,mpdag_criterion,True,"Conjecture 2 (hence Anti-Exchange Case B, verified not proved)","(('C00', 'Y'), ('W', 'Y'), ('X', 'Y'))",0.00048029100000235303,0.018127125000006572,0.018607416000008925,,28,0.04017691699999659,600,163,0,0,437,12,0.9,5.0,6,0.9,6,163,163,0,0,1.0,0.0,0.0
c07_s06_cov100_seed00000003_bw000,7,6,1.0,0.0,3,X,Y,6,2,"C00,W",True,6,ok,e1_ladder,mpdag_criterion,True,"Conjecture 2 (hence Anti-Exchange Case B, verified not proved)","(('C00', 'Y'), ('W', 'Y'), ('X', 'Y'))",0.0004741659999751846,0.017466000000013082,0.017940165999988267,,28,0.0405676670000048,600,150,0,0,450,12,0.9,5.0,6,0.9,6,150,150,0,0,1.0,0.0,0.0
c07_s06_cov100_seed00000004_bw000,7,6,1.0,0.0,4,X,Y,6,2,"C00,W",True,6,ok,e1_ladder,mpdag_criterion,True,"Conjecture 2 (hence Anti-Exchange Case B, verified not proved)","(('C00', 'Y'), ('W', 'Y'), ('X', 'Y'))",0.0004963339999903837,0.017155874999986054,0.017652208999976438,,28,0.040608332999994445,600,161,0,0,439,12,0.9,5.0,6,0.9,6,161,161,0,0,1.0,0.0,0.0
c07_s06_cov100_seed00000005_bw000,7,6,1.0,0.0,5,X,Y,6,2,"C00,W",True,6,ok,e1_ladder,mpdag_criterion,True,"Conjecture 2 (hence Anti-Exchange Case B, verified not proved)","(('C00', 'Y'), ('W', 'Y'), ('X', 'Y'))",0.0004565410000054726,0.017748874999995223,0.018205416000000696,,28,0.03986437500000761,600,148,0,0,452,12,0.9,5.0,6,0.9,6,148,148,0,0,1.0,0.0,0.0
c07_s06_cov100_seed00000006_bw000,7,6,1.0,0.0,6,X,Y,6,2,"C00,W",True,6,ok,e1_ladder,mpdag_criterion,True,"Conjecture 2 (hence Anti-Exchange Case B, verified not proved)","(('C00', 'Y'), ('W', 'Y'), ('X', 'Y'))",0.0004973750000090149,0.017229374999999436,0.01772675000000845,,28,0.039901249999985566,600,152,0,0,448,12,0.9,5.0,6,0.9,6,152,152,0,0,1.0,0.0,0.0
c07_s06_cov100_seed00000007_bw000,7,6,1.0,0.0,7,X,Y,6,2,"C00,W",True,6,ok,e1_ladder,mpdag_criterion,True,"Conjecture 2 (hence Anti-Exchange Case B, verified not proved)","(('C00', 'Y'), ('W', 'Y'), ('X', 'Y'))",0.0005699590000176613,0.017114167000016778,0.01768412600003444,,28,0.04084566699998504,600,151,0,0,449,12,0.9,5.0,6,0.9,6,151,151,0,0,1.0,0.0,0.0
c07_s06_cov100_seed00000008_bw000,7,6,1.0,0.0,8,X,Y,6,2,"C00,W",True,6,ok,e1_ladder,mpdag_criterion,True,"Conjecture 2 (hence Anti-Exchange Case B, verified not proved)","(('C00', 'Y'), ('W', 'Y'), ('X', 'Y'))",0.0005223750000027394,0.017546208999988266,0.018068583999991006,,28,0.04023541600000158,600,157,0,0,443,12,0.9,5.0,6,0.9,6,157,157,0,0,1.0,0.0,0.0
c07_s06_cov100_seed00000009_bw000,7,6,1.0,0.0,9,X,Y,6,2,"C00,W",True,6,ok,e1_ladder,mpdag_criterion,True,"Conjecture 2 (hence Anti-Exchange Case B, verified not proved)","(('C00', 'Y'), ('W', 'Y'), ('X', 'Y'))",0.0006302909999931217,0.018273208000010754,0.018903499000003876,,28,0.0395480409999891,600,147,0,0,453,12,0.9,5.0,6,0.9,6,147,147,0,0,1.0,0.0,0.0
c07_s06_cov100_seed00000010_bw000,7,6,1.0,0.0,10,X,Y,6,2,"C00,W",True,6,ok,e1_ladder,mpdag_criterion,True,"Conjecture 2 (hence Anti-Exchange Case B, verified not proved)","(('C00', 'Y'), ('W', 'Y'), ('X', 'Y'))",0.000493249999976797,0.017563042000006135,0.018056291999982932,,28,0.04022804100000599,600,149,0,0,451,12,0.9,5.0,6,0.9,6,149,149,0,0,1.0,0.0,0.0
c07_s06_cov100_seed00000011_bw000,7,6,1.0,0.0,11,X,Y,6,2,"C00,W",True,6,ok,e1_ladder,mpdag_criterion,True,"Conjecture 2 (hence Anti-Exchange Case B, verified not proved)","(('C00', 'Y'), ('W', 'Y'), ('X', 'Y'))",0.0004974170000195954,0.017604666000011093,0.01810208300003069,,28,0.039727833999990025,600,155,0,0,445,12,0.9,5.0,6,0.9,6,155,155,0,0,1.0,0.0,0.0
c07_s06_cov100_seed00000012_bw000,7,6,1.0,0.0,12,X,Y,6,2,"C00,W",True,6,ok,e1_ladder,mpdag_criterion,True,"Conjecture 2 (hence Anti-Exchange Case B, verified not proved)","(('C00', 'Y'), ('W', 'Y'), ('X', 'Y'))",0.0005825419999894166,0.0175947080000185,0.018177250000007916,,28,0.03984295899999779,600,146,0,0,454,12,0.9,5.0,6,0.9,6,146,146,0,0,1.0,0.0,0.0
c07_s06_cov100_seed00000013_bw000,7,6,1.0,0.0,13,X,Y,6,2,"C00,W",True,6,ok,e1_ladder,mpdag_criterion,True,"Conjecture 2 (hence Anti-Exchange Case B, verified not proved)","(('C00', 'Y'), ('W', 'Y'), ('X', 'Y'))",0.0005111250000027212,0.01934629199999449,0.019857416999997213,,28,0.04123066700000777,600,156,0,0,444,12,0.9,5.0,6,0.9,6,156,156,0,0,1.0,0.0,0.0
c07_s06_cov100_seed00000014_bw000,7,6,1.0,0.0,14,X,Y,6,2,"C00,W",True,6,ok,e1_ladder,mpdag_criterion,True,"Conjecture 2 (hence Anti-Exchange Case B, verified not proved)","(('C00', 'Y'), ('W', 'Y'), ('X', 'Y'))",0.0007327080000152364,0.01754362500000184,0.018276333000017075,,28,0.045455083000007335,600,143,0,0,457,12,0.9,5.0,6,0.9,6,143,143,0,0,1.0,0.0,0.0
c07_s06_cov100_seed00000001_bw010,7,6,1.0,0.1,1,X,Y,6,2,"C00,W",True,5,ok,e1_ladder,mpdag_criterion,True,"Conjecture 2 (hence Anti-Exchange Case B, verified not proved)","(('C00', 'Y'), ('C01', 'C00'), ('W', 'Y'), ('X', 'Y'))",0.0008738749999963602,0.015851375000011103,0.016725250000007463,,28,0.04168083300001513,600,69,0,0,531,10,0.7,4.0,6,0.9,5,69,69,0,0,1.0,0.0,0.0
c07_s06_cov100_seed00000003_bw010,7,6,1.0,0.1,3,X,Y,6,2,"C00,W",True,5,ok,e1_ladder,mpdag_criterion,True,"Conjecture 2 (hence Anti-Exchange Case B, verified not proved)","(('C00', 'Y'), ('C01', 'C00'), ('W', 'Y'), ('X', 'Y'))",0.0011869170000124996,0.020479916999988745,0.021666834000001245,,28,0.05173687499998891,600,74,0,0,526,10,0.7,4.0,6,0.9,5,74,74,0,0,1.0,0.0,0.0
c07_s06_cov100_seed00000004_bw010,7,6,1.0,0.1,4,X,Y,6,2,"C00,W",True,5,ok,e1_ladder,mpdag_criterion,True,"Conjecture 2 (hence Anti-Exchange Case B, verified not proved)","(('C00', 'Y'), ('C01', 'C00'), ('W', 'Y'), ('X', 'Y'))",0.0008511659999896892,0.021097542000006797,0.021948707999996486,,28,0.04984687500001428,600,62,0,0,538,10,0.7,4.0,6,0.9,5,62,62,0,0,1.0,0.0,0.0
c07_s06_cov100_seed00000007_bw010,7,6,1.0,0.1,7,X,Y,6,2,"C00,W",True,5,ok,e1_ladder,mpdag_criterion,True,"Conjecture 2 (hence Anti-Exchange Case B, verified not proved)","(('C00', 'Y'), ('C01', 'C00'), ('W', 'Y'), ('X', 'Y'))",0.0007930830000191236,0.018083499999988817,0.01887658300000794,,28,0.05318495800000278,600,85,0,0,515,10,0.7,4.0,6,0.9,5,85,85,0,0,1.0,0.0,0.0
c07_s06_cov100_seed00000008_bw010,7,6,1.0,0.1,8,X,Y,6,2,"C00,W",True,5,ok,e1_ladder,mpdag_criterion,True,"Conjecture 2 (hence Anti-Exchange Case B, verified not proved)","(('C00', 'Y'), ('C01', 'C00'), ('W', 'Y'), ('X', 'Y'))",0.0008265829999913876,0.016228375000025608,0.017054958000016995,,28,0.042998084000004155,600,64,0,0,536,10,0.7,4.0,6,0.9,5,64,64,0,0,1.0,0.0,0.0
c07_s06_cov100_seed00000010_bw010,7,6,1.0,0.1,10,X,Y,6,2,"C00,W",True,5,ok,e1_ladder,mpdag_criterion,True,"Conjecture 2 (hence Anti-Exchange Case B, verified not proved)","(('C00', 'Y'), ('C01', 'C00'), ('W', 'Y'), ('X', 'Y'))",0.0008469999999931588,0.01566429199999675,0.016511291999989908,,28,0.0408915840000077,600,64,0,0,536,10,0.7,4.0,6,0.9,5,64,64,0,0,1.0,0.0,0.0
c07_s06_cov100_seed00000019_bw010,7,6,1.0,0.1,19,X,Y,6,2,"C00,W",True,5,ok,e1_ladder,mpdag_criterion,True,"Conjecture 2 (hence Anti-Exchange Case B, verified not proved)","(('C00', 'Y'), ('C01', 'C00'), ('W', 'Y'), ('X', 'Y'))",0.0008221669999954884,0.016636667000000216,0.017458833999995704,,28,0.04106062500000007,600,63,0,0,537,10,0.7,4.0,6,0.9,5,63,63,0,0,1.0,0.0,0.0
c07_s06_cov100_seed00000033_bw010,7,6,1.0,0.1,33,X,Y,6,2,"C00,W",True,5,ok,e1_ladder,mpdag_criterion,True,"Conjecture 2 (hence Anti-Exchange Case B, verified not proved)","(('C00', 'Y'), ('C01', 'C00'), ('W', 'Y'), ('X', 'Y'))",0.0007904169999903843,0.01595699999998601,0.016747416999976394,,28,0.040970334000007824,600,69,0,0,531,10,0.7,4.0,6,0.9,5,69,69,0,0,1.0,0.0,0.0
c07_s06_cov100_seed00000036_bw010,7,6,1.0,0.1,36,X,Y,6,2,"C00,W",True,5,ok,e1_ladder,mpdag_criterion,True,"Conjecture 2 (hence Anti-Exchange Case B, verified not proved)","(('C00', 'Y'), ('C01', 'C00'), ('W', 'Y'), ('X', 'Y'))",0.0007974170000011327,0.01663991699999201,0.017437333999993143,,28,0.04091945799999053,600,65,0,0,535,10,0.7,4.0,6,0.9,5,65,65,0,0,1.0,0.0,0.0
c07_s06_cov100_seed00000047_bw010,7,6,1.0,0.1,47,X,Y,6,2,"C00,W",True,5,ok,e1_ladder,mpdag_criterion,True,"Conjecture 2 (hence Anti-Exchange Case B, verified not proved)","(('C00', 'Y'), ('C01', 'C00'), ('W', 'Y'), ('X', 'Y'))",0.0008480829999939488,0.0162324579999904,0.01708054099998435,,28,0.040601874999993015,600,70,0,0,530,10,0.7,4.0,6,0.9,5,70,70,0,0,1.0,0.0,0.0
c07_s06_cov100_seed00000050_bw010,7,6,1.0,0.1,50,X,Y,6,2,"C00,W",True,5,ok,e1_ladder,mpdag_criterion,True,"Conjecture 2 (hence Anti-Exchange Case B, verified not proved)","(('C00', 'Y'), ('C01', 'C00'), ('W', 'Y'), ('X', 'Y'))",0.0008587499999919146,0.015805040999993025,0.01666379099998494,,28,0.041439458000013474,600,53,0,0,547,10,0.7,4.0,6,0.9,5,53,53,0,0,1.0,0.0,0.0
c07_s06_cov100_seed00000051_bw010,7,6,1.0,0.1,51,X,Y,6,2,"C00,W",True,5,ok,e1_ladder,mpdag_criterion,True,"Conjecture 2 (hence Anti-Exchange Case B, verified not proved)","(('C00', 'Y'), ('C01', 'C00'), ('W', 'Y'), ('X', 'Y'))",0.0008497499999862157,0.016123208000010436,0.016972957999996652,,28,0.0413168750000068,600,76,0,0,524,10,0.7,4.0,6,0.9,5,76,76,0,0,1.0,0.0,0.0
c07_s06_cov100_seed00000052_bw010,7,6,1.0,0.1,52,X,Y,6,2,"C00,W",True,5,ok,e1_ladder,mpdag_criterion,True,"Conjecture 2 (hence Anti-Exchange Case B, verified not proved)","(('C00', 'Y'), ('C01', 'C00'), ('W', 'Y'), ('X', 'Y'))",0.0008310000000051332,0.01603645899999151,0.016867458999996643,,28,0.041229417000010926,600,79,0,0,521,10,0.7,4.0,6,0.9,5,79,79,0,0,1.0,0.0,0.0
c07_s06_cov100_seed00000055_bw010,7,6,1.0,0.1,55,X,Y,6,2,"C00,W",True,5,ok,e1_ladder,mpdag_criterion,True,"Conjecture 2 (hence Anti-Exchange Case B, verified not proved)","(('C00', 'Y'), ('C01', 'C00'), ('W', 'Y'), ('X', 'Y'))",0.0007784999999955744,0.016793541999987838,0.017572041999983412,,28,0.0414437499999849,600,74,0,0,526,10,0.7,4.0,6,0.9,5,74,74,0,0,1.0,0.0,0.0
c07_s06_cov100_seed00000066_bw010,7,6,1.0,0.1,66,X,Y,6,2,"C00,W",True,5,ok,e1_ladder,mpdag_criterion,True,"Conjecture 2 (hence Anti-Exchange Case B, verified not proved)","(('C00', 'Y'), ('C01', 'C00'), ('W', 'Y'), ('X', 'Y'))",0.000767332999998871,0.016185790999998062,0.016953123999996933,,28,0.054983792000001586,600,66,0,0,534,10,0.7,4.0,6,0.9,5,66,66,0,0,1.0,0.0,0.0
c07_s06_cov100_seed00000011_bw025,7,6,1.0,0.25,11,X,Y,6,2,"C00,W",True,4,ok,e1_ladder,mpdag_criterion,True,"Conjecture 2 (hence Anti-Exchange Case B, verified not proved)","(('C00', 'Y'), ('C01', 'C00'), ('C02', 'C01'), ('W', 'Y'), ('X', 'Y'))",0.0011148330000025908,0.014962207999985822,0.016077040999988412,,28,0.041092833000021756,600,59,0,0,541,8,0.5,3.0,6,0.8,4,59,59,0,0,1.0,0.0,0.0
c07_s06_cov100_seed00000014_bw025,7,6,1.0,0.25,14,X,Y,6,2,"C00,W",True,4,ok,e1_ladder,mpdag_criterion,True,"Conjecture 2 (hence Anti-Exchange Case B, verified not proved)","(('C00', 'Y'), ('C01', 'C00'), ('C02', 'C01'), ('W', 'Y'), ('X', 'Y'))",0.0010525000000143336,0.01451129200000878,0.015563792000023113,,28,0.04044158299998912,600,67,0,0,533,8,0.5,3.0,6,0.8,4,67,67,0,0,1.0,0.0,0.0
c07_s06_cov100_seed00000016_bw025,7,6,1.0,0.25,16,X,Y,6,2,"C00,W",True,4,ok,e1_ladder,mpdag_criterion,True,"Conjecture 2 (hence Anti-Exchange Case B, verified not proved)","(('C00', 'Y'), ('C01', 'C00'), ('C02', 'C01'), ('W', 'Y'), ('X', 'Y'))",0.001006875000001628,0.014573750000010932,0.01558062500001256,,28,0.041637000000008584,600,52,0,0,548,8,0.5,3.0,6,0.8,4,52,52,0,0,1.0,0.0,0.0
c07_s06_cov100_seed00000023_bw025,7,6,1.0,0.25,23,X,Y,6,2,"C00,W",True,4,ok,e1_ladder,mpdag_criterion,True,"Conjecture 2 (hence Anti-Exchange Case B, verified not proved)","(('C00', 'Y'), ('C01', 'C00'), ('C02', 'C01'), ('W', 'Y'), ('X', 'Y'))",0.0009216670000000704,0.014516874999998208,0.015438541999998279,,28,0.040760417000001326,600,47,0,0,553,8,0.5,3.0,6,0.8,4,47,47,0,0,1.0,0.0,0.0
c07_s06_cov100_seed00000031_bw025,7,6,1.0,0.25,31,X,Y,6,2,"C00,W",True,4,ok,e1_ladder,mpdag_criterion,True,"Conjecture 2 (hence Anti-Exchange Case B, verified not proved)","(('C00', 'Y'), ('C01', 'C00'), ('C02', 'C01'), ('W', 'Y'), ('X', 'Y'))",0.00101399999999785,0.014613833999987946,0.015627833999985796,,28,0.041243334000000687,600,57,0,0,543,8,0.5,3.0,6,0.8,4,57,57,0,0,1.0,0.0,0.0
c07_s06_cov100_seed00000061_bw025,7,6,1.0,0.25,61,X,Y,6,2,"C00,W",True,4,ok,e1_ladder,mpdag_criterion,True,"Conjecture 2 (hence Anti-Exchange Case B, verified not proved)","(('C00', 'Y'), ('C01', 'C00'), ('C02', 'C01'), ('W', 'Y'), ('X', 'Y'))",0.0009409580000010465,0.014350749999977097,0.015291707999978144,,28,0.04149966700001073,600,49,0,0,551,8,0.5,3.0,6,0.8,4,49,49,0,0,1.0,0.0,0.0
c07_s06_cov100_seed00000068_bw025,7,6,1.0,0.25,68,X,Y,6,2,"C00,W",True,4,ok,e1_ladder,mpdag_criterion,True,"Conjecture 2 (hence Anti-Exchange Case B, verified not proved)","(('C00', 'Y'), ('C01', 'C00'), ('C02', 'C01'), ('W', 'Y'), ('X', 'Y'))",0.000881625000005215,0.014568458000013607,0.015450083000018822,,28,0.040397624999997106,600,61,0,0,539,8,0.5,3.0,6,0.8,4,61,61,0,0,1.0,0.0,0.0
c07_s06_cov100_seed00000093_bw025,7,6,1.0,0.25,93,X,Y,6,2,"C00,W",True,4,ok,e1_ladder,mpdag_criterion,True,"Conjecture 2 (hence Anti-Exchange Case B, verified not proved)","(('C00', 'Y'), ('C01', 'C00'), ('C02', 'C01'), ('W', 'Y'), ('X', 'Y'))",0.0009103750000178934,0.014468458999999712,0.015378834000017605,,28,0.04080324999998197,600,63,0,0,537,8,0.5,3.0,6,0.8,4,63,63,0,0,1.0,0.0,0.0
c07_s06_cov100_seed00000102_bw025,7,6,1.0,0.25,102,X,Y,6,2,"C00,W",True,4,ok,e1_ladder,mpdag_criterion,True,"Conjecture 2 (hence Anti-Exchange Case B, verified not proved)","(('C00', 'Y'), ('C01', 'C00'), ('C02', 'C01'), ('W', 'Y'), ('X', 'Y'))",0.0010128749999864795,0.01472737500000676,0.01574024999999324,,28,0.040281333999985236,600,54,0,0,546,8,0.5,3.0,6,0.8,4,54,54,0,0,1.0,0.0,0.0
c07_s06_cov100_seed00000121_bw025,7,6,1.0,0.25,121,X,Y,6,2,"C00,W",True,4,ok,e1_ladder,mpdag_criterion,True,"Conjecture 2 (hence Anti-Exchange Case B, verified not proved)","(('C00', 'Y'), ('C01', 'C00'), ('C02', 'C01'), ('W', 'Y'), ('X', 'Y'))",0.0009289580000029218,0.014383665999986306,0.015312623999989228,,28,0.040146208999999544,600,54,0,0,546,8,0.5,3.0,6,0.8,4,54,54,0,0,1.0,0.0,0.0
c07_s06_cov100_seed00000144_bw025,7,6,1.0,0.25,144,X,Y,6,2,"C00,W",True,4,ok,e1_ladder,mpdag_criterion,True,"Conjecture 2 (hence Anti-Exchange Case B, verified not proved)","(('C00', 'Y'), ('C01', 'C00'), ('C02', 'C01'), ('W', 'Y'), ('X', 'Y'))",0.0009312080000256628,0.014359291999994639,0.015290500000020302,,28,0.03984341700001437,600,64,0,0,536,8,0.5,3.0,6,0.8,4,64,64,0,0,1.0,0.0,0.0
