instance_id,arm,gate,component_size,separation,coverage,base_wrongness,n_tiers,d,n_eval,n_contradictory,S,S_contra_as_fail
c06_s01_cov100_seed00000002_tiered_nt2,tiered,fast_gate,6,1,,,2,0,2794,0,0.9269863994273443,0.9269863994273443
c06_s01_cov100_seed00000002_tiered_nt2,tiered,fast_gate,6,1,,,2,1,2360,514,0.7898305084745763,0.6485734168406402
c06_s01_cov100_seed00000002_tiered_nt2,tiered,fast_gate,6,1,,,2,2,1520,1300,0.42039473684210527,0.22659574468085106
c06_s01_cov100_seed00000002_tiered_nt2,tiered,fast_gate,6,1,,,2,3,602,742,0.15780730897009967,0.07068452380952381
c06_s01_cov100_seed00000002_tiered_nt2,tiered,fast_gate,6,1,,,2,4,107,657,0.0,0.0
c06_s01_cov100_seed00000002_tiered_nt2,tiered,fast_gate,6,1,,,2,5,0,404,,0.0
c06_s01_cov100_seed00000011_tiered_nt2,tiered,fast_gate,6,1,,,2,0,4879,0,0.7702398032383685,0.7702398032383685
c06_s01_cov100_seed00000011_tiered_nt2,tiered,fast_gate,6,1,,,2,1,2981,0,0.7463938275746393,0.7463938275746393
c06_s01_cov100_seed00000011_tiered_nt2,tiered,fast_gate,6,1,,,2,2,960,860,0.7302083333333333,0.3851648351648352
c06_s01_cov100_seed00000011_tiered_nt2,tiered,fast_gate,6,1,,,2,3,152,810,0.7763157894736842,0.12266112266112267
c06_s01_cov100_seed00000011_tiered_nt2,tiered,fast_gate,6,1,,,2,4,0,330,,0.0
c06_s01_cov100_seed00000011_tiered_nt2,tiered,fast_gate,6,1,,,2,5,0,28,,0.0
c06_s01_cov100_seed00000019_tiered_nt2,tiered,fast_gate,6,1,,,2,0,2779,0,0.9373875494782296,0.9373875494782296
c06_s01_cov100_seed00000019_tiered_nt2,tiered,fast_gate,6,1,,,2,1,1471,0,0.9687287559483345,0.9687287559483345
c06_s01_cov100_seed00000019_tiered_nt2,tiered,fast_gate,6,1,,,2,2,1191,1728,0.17296389588581024,0.07057211373758136
c06_s01_cov100_seed00000019_tiered_nt2,tiered,fast_gate,6,1,,,2,3,819,1473,0.0,0.0
c06_s01_cov100_seed00000019_tiered_nt2,tiered,fast_gate,6,1,,,2,4,134,1018,0.0,0.0
c06_s01_cov100_seed00000019_tiered_nt2,tiered,fast_gate,6,1,,,2,5,0,387,,0.0
c06_s01_cov100_seed00000021_tiered_nt2,tiered,fast_gate,6,1,,,2,0,3501,0,0.8897457869180234,0.8897457869180234
c06_s01_cov100_seed00000021_tiered_nt2,tiered,fast_gate,6,1,,,2,1,2705,703,0.6354898336414048,0.5044014084507042
c06_s01_cov100_seed00000021_tiered_nt2,tiered,fast_gate,6,1,,,2,2,757,1809,0.24966974900924702,0.07365549493374902
c06_s01_cov100_seed00000021_tiered_nt2,tiered,fast_gate,6,1,,,2,3,95,1042,0.0,0.0
c06_s01_cov100_seed00000021_tiered_nt2,tiered,fast_gate,6,1,,,2,4,0,388,,0.0
c06_s01_cov100_seed00000023_tiered_nt2,tiered,fast_gate,6,1,,,2,0,4919,0,0.7731246188249644,0.7731246188249644
c06_s01_cov100_seed00000023_tiered_nt2,tiered,fast_gate,6,1,,,2,1,2689,0,0.7363332093715136,0.7363332093715136
c06_s01_cov100_seed00000023_tiered_nt2,tiered,fast_gate,6,1,,,2,2,789,1270,0.7249683143219265,0.277804759592035
c06_s01_cov100_seed00000023_tiered_nt2,tiered,fast_gate,6,1,,,2,3,117,1002,0.7008547008547008,0.07327971403038427
c06_s01_cov100_seed00000023_tiered_nt2,tiered,fast_gate,6,1,,,2,4,0,214,,0.0
c06_s01_cov100_seed00000024_tiered_nt2,tiered,fast_gate,6,1,,,2,0,4933,0,0.7739712142712345,0.7739712142712345
c06_s01_cov100_seed00000024_tiered_nt2,tiered,fast_gate,6,1,,,2,1,3035,0,0.7657331136738056,0.7657331136738056
c06_s01_cov100_seed00000024_tiered_nt2,tiered,fast_gate,6,1,,,2,2,409,1622,0.7017114914425427,0.1413096996553422
c06_s01_cov100_seed00000024_tiered_nt2,tiered,fast_gate,6,1,,,2,3,0,872,,0.0
c06_s01_cov100_seed00000024_tiered_nt2,tiered,fast_gate,6,1,,,2,4,0,129,,0.0
c06_s01_cov100_seed00000030_tiered_nt2,tiered,fast_gate,6,1,,,2,0,4930,0,0.7772819472616633,0.7772819472616633
c06_s01_cov100_seed00000030_tiered_nt2,tiered,fast_gate,6,1,,,2,1,2704,0,0.7440828402366864,0.7440828402366864
c06_s01_cov100_seed00000030_tiered_nt2,tiered,fast_gate,6,1,,,2,2,755,1263,0.7708609271523179,0.288404360753221
c06_s01_cov100_seed00000030_tiered_nt2,tiered,fast_gate,6,1,,,2,3,128,1005,0.8046875,0.09090909090909091
c06_s01_cov100_seed00000030_tiered_nt2,tiered,fast_gate,6,1,,,2,4,0,215,,0.0
c06_s01_cov100_seed00000036_tiered_nt2,tiered,fast_gate,6,1,,,2,0,4933,0,0.7784309750658829,0.7784309750658829
c06_s01_cov100_seed00000036_tiered_nt2,tiered,fast_gate,6,1,,,2,1,2653,0,0.7542404824726724,0.7542404824726724
c06_s01_cov100_seed00000036_tiered_nt2,tiered,fast_gate,6,1,,,2,2,299,2363,0.6555183946488294,0.07362885048835462
c06_s01_cov100_seed00000036_tiered_nt2,tiered,fast_gate,6,1,,,2,3,0,717,,0.0
c06_s01_cov100_seed00000036_tiered_nt2,tiered,fast_gate,6,1,,,2,4,0,35,,0.0
c06_s01_cov100_seed00000040_tiered_nt2,tiered,fast_gate,6,1,,,2,0,2772,0,0.9372294372294372,0.9372294372294372
c06_s01_cov100_seed00000040_tiered_nt2,tiered,fast_gate,6,1,,,2,1,2176,722,0.6360294117647058,0.4775707384403037
c06_s01_cov100_seed00000040_tiered_nt2,tiered,fast_gate,6,1,,,2,2,875,2014,0.25142857142857145,0.0761509172724126
c06_s01_cov100_seed00000040_tiered_nt2,tiered,fast_gate,6,1,,,2,3,120,1527,0.0,0.0
c06_s01_cov100_seed00000040_tiered_nt2,tiered,fast_gate,6,1,,,2,4,0,688,,0.0
c06_s01_cov100_seed00000040_tiered_nt2,tiered,fast_gate,6,1,,,2,5,0,106,,0.0
c06_s01_cov100_seed00000047_tiered_nt2,tiered,fast_gate,6,1,,,2,0,4906,0,0.773338768854464,0.773338768854464
c06_s01_cov100_seed00000047_tiered_nt2,tiered,fast_gate,6,1,,,2,1,3028,0,0.7483487450462352,0.7483487450462352
c06_s01_cov100_seed00000047_tiered_nt2,tiered,fast_gate,6,1,,,2,2,426,1700,0.7089201877934272,0.14205079962370648
c06_s01_cov100_seed00000047_tiered_nt2,tiered,fast_gate,6,1,,,2,3,0,811,,0.0
c06_s01_cov100_seed00000047_tiered_nt2,tiered,fast_gate,6,1,,,2,4,0,129,,0.0
c06_s01_cov100_seed00000048_tiered_nt2,tiered,fast_gate,6,1,,,2,0,2784,0,0.9306752873563219,0.9306752873563219
c06_s01_cov100_seed00000048_tiered_nt2,tiered,fast_gate,6,1,,,2,1,2180,689,0.6536697247706422,0.4966887417218543
c06_s01_cov100_seed00000048_tiered_nt2,tiered,fast_gate,6,1,,,2,2,890,2087,0.22808988764044943,0.06818945246892845
c06_s01_cov100_seed00000048_tiered_nt2,tiered,fast_gate,6,1,,,2,3,97,1474,0.0,0.0
c06_s01_cov100_seed00000048_tiered_nt2,tiered,fast_gate,6,1,,,2,4,0,683,,0.0
c06_s01_cov100_seed00000048_tiered_nt2,tiered,fast_gate,6,1,,,2,5,0,116,,0.0
c06_s01_cov100_seed00000062_tiered_nt2,tiered,fast_gate,6,1,,,2,0,2772,0,0.9357864357864358,0.9357864357864358
c06_s01_cov100_seed00000062_tiered_nt2,tiered,fast_gate,6,1,,,2,1,1892,1040,0.7320295983086681,0.4723738062755798
c06_s01_cov100_seed00000062_tiered_nt2,tiered,fast_gate,6,1,,,2,2,1112,1873,0.17715827338129497,0.0659966499162479
c06_s01_cov100_seed00000062_tiered_nt2,tiered,fast_gate,6,1,,,2,3,496,992,0.0,0.0
c06_s01_cov100_seed00000062_tiered_nt2,tiered,fast_gate,6,1,,,2,4,92,523,0.0,0.0
c06_s01_cov100_seed00000062_tiered_nt2,tiered,fast_gate,6,1,,,2,5,0,208,,0.0
c06_s01_cov100_seed00000065_tiered_nt2,tiered,fast_gate,6,1,,,2,0,3490,0,0.8871060171919771,0.8871060171919771
c06_s01_cov100_seed00000065_tiered_nt2,tiered,fast_gate,6,1,,,2,1,2666,717,0.6410352588147037,0.5051729234407331
c06_s01_cov100_seed00000065_tiered_nt2,tiered,fast_gate,6,1,,,2,2,781,1797,0.2586427656850192,0.07835531419705198
c06_s01_cov100_seed00000065_tiered_nt2,tiered,fast_gate,6,1,,,2,3,106,1088,0.0,0.0
c06_s01_cov100_seed00000065_tiered_nt2,tiered,fast_gate,6,1,,,2,4,0,355,,0.0
c06_s01_cov100_seed00000071_tiered_nt2,tiered,fast_gate,6,1,,,2,0,2829,0,0.9254153411099328,0.9254153411099328
c06_s01_cov100_seed00000071_tiered_nt2,tiered,fast_gate,6,1,,,2,1,1430,0,0.958041958041958,0.958041958041958
c06_s01_cov100_seed00000071_tiered_nt2,tiered,fast_gate,6,1,,,2,2,1228,1715,0.1742671009771987,0.072714916751614
c06_s01_cov100_seed00000071_tiered_nt2,tiered,fast_gate,6,1,,,2,3,830,1466,0.0,0.0
c06_s01_cov100_seed00000071_tiered_nt2,tiered,fast_gate,6,1,,,2,4,121,977,0.0,0.0
c06_s01_cov100_seed00000071_tiered_nt2,tiered,fast_gate,6,1,,,2,5,0,404,,0.0
c06_s01_cov100_seed00000089_tiered_nt2,tiered,fast_gate,6,1,,,2,0,2798,0,0.9395997140814868,0.9395997140814868
c06_s01_cov100_seed00000089_tiered_nt2,tiered,fast_gate,6,1,,,2,1,1988,992,0.7308853118712274,0.48758389261744967
c06_s01_cov100_seed00000089_tiered_nt2,tiered,fast_gate,6,1,,,2,2,1056,1903,0.21117424242424243,0.07536329841162555
c06_s01_cov100_seed00000089_tiered_nt2,tiered,fast_gate,6,1,,,2,3,500,998,0.0,0.0
c06_s01_cov100_seed00000089_tiered_nt2,tiered,fast_gate,6,1,,,2,4,107,464,0.0,0.0
c06_s01_cov100_seed00000089_tiered_nt2,tiered,fast_gate,6,1,,,2,5,0,194,,0.0
c06_s01_cov100_seed00000094_tiered_nt2,tiered,fast_gate,6,1,,,2,0,3541,0,0.8828014685117198,0.8828014685117198
c06_s01_cov100_seed00000094_tiered_nt2,tiered,fast_gate,6,1,,,2,1,2629,708,0.6234309623430963,0.49115972430326643
c06_s01_cov100_seed00000094_tiered_nt2,tiered,fast_gate,6,1,,,2,2,1123,1190,0.4666073018699911,0.22654561175961954
c06_s01_cov100_seed00000094_tiered_nt2,tiered,fast_gate,6,1,,,2,3,285,957,0.3719298245614035,0.0853462157809984
c06_s01_cov100_seed00000094_tiered_nt2,tiered,fast_gate,6,1,,,2,4,36,406,0.0,0.0
c06_s01_cov100_seed00000094_tiered_nt2,tiered,fast_gate,6,1,,,2,5,0,125,,0.0
c06_s01_cov100_seed00000102_tiered_nt2,tiered,fast_gate,6,1,,,2,0,2776,0,0.9384005763688761,0.9384005763688761
c06_s01_cov100_seed00000102_tiered_nt2,tiered,fast_gate,6,1,,,2,1,1942,965,0.7054582904222451,0.4712762297901617
c06_s01_cov100_seed00000102_tiered_nt2,tiered,fast_gate,6,1,,,2,2,1125,1954,0.17777777777777778,0.06495615459564794
c06_s01_cov100_seed00000102_tiered_nt2,tiered,fast_gate,6,1,,,2,3,495,959,0.0,0.0
c06_s01_cov100_seed00000102_tiered_nt2,tiered,fast_gate,6,1,,,2,4,111,472,0.0,0.0
c06_s01_cov100_seed00000102_tiered_nt2,tiered,fast_gate,6,1,,,2,5,0,201,,0.0
c06_s01_cov100_seed00000104_tiered_nt2,tiered,fast_gate,6,1,,,2,0,2776,0,0.9355187319884726,0.9355187319884726
c06_s01_cov100_seed00000104_tiered_nt2,tiered,fast_gate,6,1,,,2,1,1487,0,0.9616677874915938,0.9616677874915938
c06_s01_cov100_seed00000104_tiered_nt2,tiered,fast_gate,6,1,,,2,2,1185,1709,0.1839662447257384,0.07532826537664132
c06_s01_cov100_seed00000104_tiered_nt2,tiered,fast_gate,6,1,,,2,3,824,1480,0.0,0.0
c06_s01_cov100_seed00000104_tiered_nt2,tiered,fast_gate,6,1,,,2,4,133,1046,0.0,0.0
c06_s01_cov100_seed00000104_tiered_nt2,tiered,fast_gate,6,1,,,2,5,0,360,,0.0
c06_s01_cov100_seed00000112_tiered_nt2,tiered,fast_gate,6,1,,,2,0,4929,0,0.7810914992899168,0.7810914992899168
c06_s01_cov100_seed00000112_tiered_nt2,tiered,fast_gate,6,1,,,2,1,2938,0,0.7471068754254595,0.7471068754254595
c06_s01_cov100_seed00000112_tiered_nt2,tiered,fast_gate,6,1,,,2,2,901,852,0.7491675915649278,0.3850541928123217
c06_s01_cov100_seed00000112_tiered_nt2,tiered,fast_gate,6,1,,,2,3,165,856,0.8,0.12928501469147893
c06_s01_cov100_seed00000112_tiered_nt2,tiered,fast_gate,6,1,,,2,4,0,330,,0.0
c06_s01_cov100_seed00000112_tiered_nt2,tiered,fast_gate,6,1,,,2,5,0,29,,0.0
c06_s01_cov100_seed00000116_tiered_nt2,tiered,fast_gate,6,1,,,2,0,3552,0,0.798704954954955,0.798704954954955
c06_s01_cov100_seed00000116_tiered_nt2,tiered,fast_gate,6,1,,,2,1,2747,688,0.7571896614488532,0.6055312954876274
c06_s01_cov100_seed00000116_tiered_nt2,tiered,fast_gate,6,1,,,2,2,734,1658,0.7670299727520435,0.23536789297658864
c06_s01_cov100_seed00000116_tiered_nt2,tiered,fast_gate,6,1,,,2,3,0,1271,,0.0
c06_s01_cov100_seed00000116_tiered_nt2,tiered,fast_gate,6,1,,,2,4,0,350,,0.0
c06_s01_cov100_seed00000126_tiered_nt2,tiered,fast_gate,6,1,,,2,0,3553,0,0.8046721080776809,0.8046721080776809
c06_s01_cov100_seed00000126_tiered_nt2,tiered,fast_gate,6,1,,,2,1,2694,703,0.7483296213808464,0.5934648219016779
c06_s01_cov100_seed00000126_tiered_nt2,tiered,fast_gate,6,1,,,2,2,1065,935,0.7211267605633803,0.384
c06_s01_cov100_seed00000126_tiered_nt2,tiered,fast_gate,6,1,,,2,3,549,424,0.7795992714025501,0.4398766700924974
c06_s01_cov100_seed00000126_tiered_nt2,tiered,fast_gate,6,1,,,2,4,138,702,0.7608695652173914,0.125
c06_s01_cov100_seed00000126_tiered_nt2,tiered,fast_gate,6,1,,,2,5,0,237,,0.0
c06_s01_cov100_seed00000131_tiered_nt2,tiered,fast_gate,6,1,,,2,0,2798,0,0.9324517512508935,0.9324517512508935
c06_s01_cov100_seed00000131_tiered_nt2,tiered,fast_gate,6,1,,,2,1,1412,0,0.9674220963172805,0.9674220963172805
c06_s01_cov100_seed00000131_tiered_nt2,tiered,fast_gate,6,1,,,2,2,1210,1719,0.17603305785123968,0.07272106520996928
c06_s01_cov100_seed00000131_tiered_nt2,tiered,fast_gate,6,1,,,2,3,829,1458,0.0,0.0
c06_s01_cov100_seed00000131_tiered_nt2,tiered,fast_gate,6,1,,,2,4,153,1004,0.0,0.0
c06_s01_cov100_seed00000131_tiered_nt2,tiered,fast_gate,6,1,,,2,5,0,417,,0.0
c06_s01_cov100_seed00000141_tiered_nt2,tiered,fast_gate,6,1,,,2,0,4997,0,0.7664598759255553,0.7664598759255553
c06_s01_cov100_seed00000141_tiered_nt2,tiered,fast_gate,6,1,,,2,1,2583,0,0.7584204413472706,0.7584204413472706
c06_s01_cov100_seed00000141_tiered_nt2,tiered,fast_gate,6,1,,,2,2,740,1367,0.75,0.2634076886568581
c06_s01_cov100_seed00000141_tiered_nt2,tiered,fast_gate,6,1,,,2,3,129,967,0.6821705426356589,0.08029197080291971
c06_s01_cov100_seed00000141_tiered_nt2,tiered,fast_gate,6,1,,,2,4,0,217,,0.0
c06_s01_cov100_seed00000148_tiered_nt2,tiered,fast_gate,6,1,,,2,0,2786,0,0.9300071787508973,0.9300071787508973
c06_s01_cov100_seed00000148_tiered_nt2,tiered,fast_gate,6,1,,,2,1,2166,737,0.6375807940904894,0.47571477781605237
c06_s01_cov100_seed00000148_tiered_nt2,tiered,fast_gate,6,1,,,2,2,878,2059,0.2437357630979499,0.0728634661218931
c06_s01_cov100_seed00000148_tiered_nt2,tiered,fast_gate,6,1,,,2,3,121,1495,0.0,0.0
c06_s01_cov100_seed00000148_tiered_nt2,tiered,fast_gate,6,1,,,2,4,0,678,,0.0
c06_s01_cov100_seed00000148_tiered_nt2,tiered,fast_gate,6,1,,,2,5,0,80,,0.0
c06_s01_cov100_seed00000155_tiered_nt2,tiered,fast_gate,6,1,,,2,0,3532,0,0.8808040770101925,0.8808040770101925
c06_s01_cov100_seed00000155_tiered_nt2,tiered,fast_gate,6,1,,,2,1,3315,0,0.7363499245852188,0.7363499245852188
c06_s01_cov100_seed00000155_tiered_nt2,tiered,fast_gate,6,1,,,2,2,1356,1058,0.5589970501474927,0.3140016570008285
c06_s01_cov100_seed00000155_tiered_nt2,tiered,fast_gate,6,1,,,2,3,182,757,0.45604395604395603,0.08839190628328009
c06_s01_cov100_seed00000155_tiered_nt2,tiered,fast_gate,6,1,,,2,4,0,800,,0.0
c06_s01_cov100_seed00000157_tiered_nt2,tiered,fast_gate,6,1,,,2,0,4897,0,0.7729221972636308,0.7729221972636308
c06_s01_cov100_seed00000157_tiered_nt2,tiered,fast_gate,6,1,,,2,1,3321,0,0.7362240289069557,0.7362240289069557
c06_s01_cov100_seed00000157_tiered_nt2,tiered,fast_gate,6,1,,,2,2,582,1071,0.7474226804123711,0.2631578947368421
c06_s01_cov100_seed00000157_tiered_nt2,tiered,fast_gate,6,1,,,2,3,0,804,,0.0
c06_s01_cov100_seed00000157_tiered_nt2,tiered,fast_gate,6,1,,,2,4,0,298,,0.0
c06_s01_cov100_seed00000157_tiered_nt2,tiered,fast_gate,6,1,,,2,5,0,27,,0.0
c06_s01_cov100_seed00000158_tiered_nt2,tiered,fast_gate,6,1,,,2,0,4938,0,0.7812879708383961,0.7812879708383961
c06_s01_cov100_seed00000158_tiered_nt2,tiered,fast_gate,6,1,,,2,1,2842,0,0.7698803659394793,0.7698803659394793
c06_s01_cov100_seed00000158_tiered_nt2,tiered,fast_gate,6,1,,,2,2,285,2065,0.7052631578947368,0.08553191489361703
c06_s01_cov100_seed00000158_tiered_nt2,tiered,fast_gate,6,1,,,2,3,0,839,,0.0
c06_s01_cov100_seed00000158_tiered_nt2,tiered,fast_gate,6,1,,,2,4,0,31,,0.0
c06_s01_cov100_seed00000160_tiered_nt2,tiered,fast_gate,6,1,,,2,0,2811,0,0.9224475275702597,0.9224475275702597
c06_s01_cov100_seed00000160_tiered_nt2,tiered,fast_gate,6,1,,,2,1,2227,738,0.6290974405029187,0.4725126475548061
c06_s01_cov100_seed00000160_tiered_nt2,tiered,fast_gate,6,1,,,2,2,828,2043,0.25120772946859904,0.0724486241727621
c06_s01_cov100_seed00000160_tiered_nt2,tiered,fast_gate,6,1,,,2,3,115,1469,0.0,0.0
c06_s01_cov100_seed00000160_tiered_nt2,tiered,fast_gate,6,1,,,2,4,0,674,,0.0
c06_s01_cov100_seed00000160_tiered_nt2,tiered,fast_gate,6,1,,,2,5,0,95,,0.0
c06_s01_cov100_seed00000164_tiered_nt2,tiered,fast_gate,6,1,,,2,0,3563,0,0.8804378332865562,0.8804378332865562
c06_s01_cov100_seed00000164_tiered_nt2,tiered,fast_gate,6,1,,,2,1,2558,678,0.6262705238467553,0.49505562422744126
c06_s01_cov100_seed00000164_tiered_nt2,tiered,fast_gate,6,1,,,2,2,1127,1266,0.5022182786157942,0.2365231926452152
c06_s01_cov100_seed00000164_tiered_nt2,tiered,fast_gate,6,1,,,2,3,299,953,0.3311036789297659,0.07907348242811502
c06_s01_cov100_seed00000164_tiered_nt2,tiered,fast_gate,6,1,,,2,4,20,421,0.0,0.0
c06_s01_cov100_seed00000164_tiered_nt2,tiered,fast_gate,6,1,,,2,5,0,115,,0.0
c06_s01_cov100_seed00000167_tiered_nt2,tiered,fast_gate,6,1,,,2,0,3500,0,0.8908571428571429,0.8908571428571429
c06_s01_cov100_seed00000167_tiered_nt2,tiered,fast_gate,6,1,,,2,1,2726,713,0.6540719002201028,0.5184646699621983
c06_s01_cov100_seed00000167_tiered_nt2,tiered,fast_gate,6,1,,,2,2,746,1747,0.2613941018766756,0.07821901323706378
c06_s01_cov100_seed00000167_tiered_nt2,tiered,fast_gate,6,1,,,2,3,67,1082,0.0,0.0
c06_s01_cov100_seed00000167_tiered_nt2,tiered,fast_gate,6,1,,,2,4,0,419,,0.0
c06_s01_cov100_seed00000172_tiered_nt2,tiered,fast_gate,6,1,,,2,0,3516,0,0.8905005688282139,0.8905005688282139
c06_s01_cov100_seed00000172_tiered_nt2,tiered,fast_gate,6,1,,,2,1,2852,713,0.6591865357643759,0.5273492286115007
c06_s01_cov100_seed00000172_tiered_nt2,tiered,fast_gate,6,1,,,2,2,955,1484,0.31518324607329845,0.12341123411234112
c06_s01_cov100_seed00000172_tiered_nt2,tiered,fast_gate,6,1,,,2,3,127,860,0.0,0.0
c06_s01_cov100_seed00000172_tiered_nt2,tiered,fast_gate,6,1,,,2,4,0,404,,0.0
c06_s01_cov100_seed00000172_tiered_nt2,tiered,fast_gate,6,1,,,2,5,0,89,,0.0
c06_s01_cov100_seed00000184_tiered_nt2,tiered,fast_gate,6,1,,,2,0,3498,0,0.885934819897084,0.885934819897084
c06_s01_cov100_seed00000184_tiered_nt2,tiered,fast_gate,6,1,,,2,1,2617,672,0.6293465800534964,0.5007601094557617
c06_s01_cov100_seed00000184_tiered_nt2,tiered,fast_gate,6,1,,,2,2,1167,1242,0.4652956298200514,0.22540473225404734
c06_s01_cov100_seed00000184_tiered_nt2,tiered,fast_gate,6,1,,,2,3,267,960,0.3595505617977528,0.07823960880195599
c06_s01_cov100_seed00000184_tiered_nt2,tiered,fast_gate,6,1,,,2,4,32,427,0.0,0.0
c06_s01_cov100_seed00000184_tiered_nt2,tiered,fast_gate,6,1,,,2,5,0,118,,0.0
c06_s01_cov100_seed00000185_tiered_nt2,tiered,fast_gate,6,1,,,2,0,3476,0,0.8860759493670886,0.8860759493670886
c06_s01_cov100_seed00000185_tiered_nt2,tiered,fast_gate,6,1,,,2,1,3540,0,0.7327683615819209,0.7327683615819209
c06_s01_cov100_seed00000185_tiered_nt2,tiered,fast_gate,6,1,,,2,2,1620,742,0.5808641975308642,0.3983911939034716
c06_s01_cov100_seed00000185_tiered_nt2,tiered,fast_gate,6,1,,,2,3,225,572,0.4533333333333333,0.12797992471769135
c06_s01_cov100_seed00000185_tiered_nt2,tiered,fast_gate,6,1,,,2,4,0,612,,0.0
c06_s01_cov100_seed00000185_tiered_nt2,tiered,fast_gate,6,1,,,2,5,0,213,,0.0
c06_s01_cov100_seed00000188_tiered_nt2,tiered,fast_gate,6,1,,,2,0,4911,0,0.7756057829362655,0.7756057829362655
c06_s01_cov100_seed00000188_tiered_nt2,tiered,fast_gate,6,1,,,2,1,2699,0,0.756947017413857,0.756947017413857
c06_s01_cov100_seed00000188_tiered_nt2,tiered,fast_gate,6,1,,,2,2,293,2328,0.7064846416382252,0.07897748950782144
c06_s01_cov100_seed00000188_tiered_nt2,tiered,fast_gate,6,1,,,2,3,0,746,,0.0
c06_s01_cov100_seed00000188_tiered_nt2,tiered,fast_gate,6,1,,,2,4,0,23,,0.0
c06_s01_cov100_seed00000198_tiered_nt2,tiered,fast_gate,6,1,,,2,0,4910,0,0.7718940936863544,0.7718940936863544
c06_s01_cov100_seed00000198_tiered_nt2,tiered,fast_gate,6,1,,,2,1,2693,0,0.7649461567025622,0.7649461567025622
c06_s01_cov100_seed00000198_tiered_nt2,tiered,fast_gate,6,1,,,2,2,728,1332,0.7266483516483516,0.25679611650485434
c06_s01_cov100_seed00000198_tiered_nt2,tiered,fast_gate,6,1,,,2,3,129,1009,0.7286821705426356,0.08260105448154657
c06_s01_cov100_seed00000198_tiered_nt2,tiered,fast_gate,6,1,,,2,4,0,199,,0.0
c06_s01_cov100_seed00000199_tiered_nt2,tiered,fast_gate,6,1,,,2,0,3494,0,0.8792215226101889,0.8792215226101889
c06_s01_cov100_seed00000199_tiered_nt2,tiered,fast_gate,6,1,,,2,1,2581,713,0.6338628438589694,0.49666059502125076
c06_s01_cov100_seed00000199_tiered_nt2,tiered,fast_gate,6,1,,,2,2,1158,1265,0.45682210708117443,0.2183243912505159
c06_s01_cov100_seed00000199_tiered_nt2,tiered,fast_gate,6,1,,,2,3,274,958,0.30656934306569344,0.06818181818181818
c06_s01_cov100_seed00000199_tiered_nt2,tiered,fast_gate,6,1,,,2,4,29,390,0.0,0.0
c06_s01_cov100_seed00000199_tiered_nt2,tiered,fast_gate,6,1,,,2,5,0,138,,0.0
c06_s01_cov100_seed00000200_tiered_nt2,tiered,fast_gate,6,1,,,2,0,3443,0,0.8919546906767354,0.8919546906767354
c06_s01_cov100_seed00000200_tiered_nt2,tiered,fast_gate,6,1,,,2,1,3369,0,0.7337488869100623,0.7337488869100623
c06_s01_cov100_seed00000200_tiered_nt2,tiered,fast_gate,6,1,,,2,2,1333,1068,0.5476369092273068,0.3040399833402749
c06_s01_cov100_seed00000200_tiered_nt2,tiered,fast_gate,6,1,,,2,3,166,773,0.5421686746987951,0.09584664536741214
c06_s01_cov100_seed00000200_tiered_nt2,tiered,fast_gate,6,1,,,2,4,0,848,,0.0
c06_s01_cov100_seed00000202_tiered_nt2,tiered,fast_gate,6,1,,,2,0,2797,0,0.9324276010010726,0.9324276010010726
c06_s01_cov100_seed00000202_tiered_nt2,tiered,fast_gate,6,1,,,2,1,2141,761,0.6496964035497431,0.4793246037215713
c06_s01_cov100_seed00000202_tiered_nt2,tiered,fast_gate,6,1,,,2,2,897,2019,0.24749163879598662,0.07613168724279835
c06_s01_cov100_seed00000202_tiered_nt2,tiered,fast_gate,6,1,,,2,3,119,1499,0.0,0.0
c06_s01_cov100_seed00000202_tiered_nt2,tiered,fast_gate,6,1,,,2,4,0,665,,0.0
c06_s01_cov100_seed00000202_tiered_nt2,tiered,fast_gate,6,1,,,2,5,0,102,,0.0
c06_s01_cov100_seed00000207_tiered_nt2,tiered,fast_gate,6,1,,,2,0,4893,0,0.7735540568158594,0.7735540568158594
c06_s01_cov100_seed00000207_tiered_nt2,tiered,fast_gate,6,1,,,2,1,2750,0,0.7683636363636364,0.7683636363636364
c06_s01_cov100_seed00000207_tiered_nt2,tiered,fast_gate,6,1,,,2,2,263,2348,0.7224334600760456,0.07276905400229797
c06_s01_cov100_seed00000207_tiered_nt2,tiered,fast_gate,6,1,,,2,3,0,717,,0.0
c06_s01_cov100_seed00000207_tiered_nt2,tiered,fast_gate,6,1,,,2,4,0,29,,0.0
c06_s01_cov100_seed00000209_tiered_nt2,tiered,fast_gate,6,1,,,2,0,3512,0,0.8866742596810934,0.8866742596810934
c06_s01_cov100_seed00000209_tiered_nt2,tiered,fast_gate,6,1,,,2,1,2599,720,0.6383224317045018,0.4998493522145224
c06_s01_cov100_seed00000209_tiered_nt2,tiered,fast_gate,6,1,,,2,2,1102,1238,0.47731397459165154,0.2247863247863248
c06_s01_cov100_seed00000209_tiered_nt2,tiered,fast_gate,6,1,,,2,3,298,963,0.30201342281879195,0.07137192704203013
c06_s01_cov100_seed00000209_tiered_nt2,tiered,fast_gate,6,1,,,2,4,32,417,0.0,0.0
c06_s01_cov100_seed00000209_tiered_nt2,tiered,fast_gate,6,1,,,2,5,0,119,,0.0
c06_s01_cov100_seed00000000_tiered_nt3,tiered,fast_gate,6,1,,,3,0,2923,0,0.9705781731098186,0.9705781731098186
c06_s01_cov100_seed00000000_tiered_nt3,tiered,fast_gate,6,1,,,3,1,2563,293,0.8868513460788139,0.7958683473389355
c06_s01_cov100_seed00000000_tiered_nt3,tiered,fast_gate,6,1,,,3,2,1423,959,0.6261419536191145,0.37405541561712846
c06_s01_cov100_seed00000000_tiered_nt3,tiered,fast_gate,6,1,,,3,3,359,830,0.2646239554317549,0.0798990748528175
c06_s01_cov100_seed00000000_tiered_nt3,tiered,fast_gate,6,1,,,3,4,31,926,0.0,0.0
c06_s01_cov100_seed00000000_tiered_nt3,tiered,fast_gate,6,1,,,3,5,0,552,,0.0
c06_s01_cov100_seed00000000_tiered_nt3,tiered,fast_gate,6,1,,,3,6,0,132,,0.0
c06_s01_cov100_seed00000000_tiered_nt3,tiered,fast_gate,6,1,,,3,7,0,9,,0.0
c06_s01_cov100_seed00000001_tiered_nt3,tiered,fast_gate,6,1,,,3,0,2804,0,0.9604136947218259,0.9604136947218259
c06_s01_cov100_seed00000001_tiered_nt3,tiered,fast_gate,6,1,,,3,1,2411,687,0.8175031107424305,0.6362169141381536
c06_s01_cov100_seed00000001_tiered_nt3,tiered,fast_gate,6,1,,,3,2,1158,1307,0.7219343696027634,0.33914807302231237
c06_s01_cov100_seed00000001_tiered_nt3,tiered,fast_gate,6,1,,,3,3,207,1361,0.4782608695652174,0.06313775510204081
c06_s01_cov100_seed00000001_tiered_nt3,tiered,fast_gate,6,1,,,3,4,30,741,0.03333333333333333,0.0012970168612191958
c06_s01_cov100_seed00000001_tiered_nt3,tiered,fast_gate,6,1,,,3,5,0,278,,0.0
c06_s01_cov100_seed00000001_tiered_nt3,tiered,fast_gate,6,1,,,3,6,0,16,,0.0
c06_s01_cov100_seed00000002_tiered_nt3,tiered,fast_gate,6,1,,,3,0,3737,0,0.9553117473909553,0.9553117473909553
c06_s01_cov100_seed00000002_tiered_nt3,tiered,fast_gate,6,1,,,3,1,3293,376,0.783480109322806,0.7031888798037612
c06_s01_cov100_seed00000002_tiered_nt3,tiered,fast_gate,6,1,,,3,2,1072,614,0.6940298507462687,0.4412811387900356
c06_s01_cov100_seed00000002_tiered_nt3,tiered,fast_gate,6,1,,,3,3,55,687,0.16363636363636364,0.012129380053908356
c06_s01_cov100_seed00000002_tiered_nt3,tiered,fast_gate,6,1,,,3,4,0,813,,0.0
c06_s01_cov100_seed00000002_tiered_nt3,tiered,fast_gate,6,1,,,3,5,0,337,,0.0
c06_s01_cov100_seed00000002_tiered_nt3,tiered,fast_gate,6,1,,,3,6,0,16,,0.0
c06_s01_cov100_seed00000003_tiered_nt3,tiered,fast_gate,6,1,,,3,0,3702,0,0.9527282549972987,0.9527282549972987
c06_s01_cov100_seed00000003_tiered_nt3,tiered,fast_gate,6,1,,,3,1,2786,361,0.7997128499641063,0.7079758500158881
c06_s01_cov100_seed00000003_tiered_nt3,tiered,fast_gate,6,1,,,3,2,1234,471,0.8022690437601296,0.5806451612903226
c06_s01_cov100_seed00000003_tiered_nt3,tiered,fast_gate,6,1,,,3,3,444,565,0.7297297297297297,0.3211100099108028
c06_s01_cov100_seed00000003_tiered_nt3,tiered,fast_gate,6,1,,,3,4,36,961,0.2222222222222222,0.00802407221664995
c06_s01_cov100_seed00000003_tiered_nt3,tiered,fast_gate,6,1,,,3,5,0,424,,0.0
c06_s01_cov100_seed00000003_tiered_nt3,tiered,fast_gate,6,1,,,3,6,0,16,,0.0
c06_s01_cov100_seed00000004_tiered_nt3,tiered,fast_gate,6,1,,,3,0,2854,0,0.9579537491240364,0.9579537491240364
c06_s01_cov100_seed00000004_tiered_nt3,tiered,fast_gate,6,1,,,3,1,1857,1267,0.7199784598815293,0.4279769526248399
c06_s01_cov100_seed00000004_tiered_nt3,tiered,fast_gate,6,1,,,3,2,641,2305,0.5179407176287052,0.11269517990495587
c06_s01_cov100_seed00000004_tiered_nt3,tiered,fast_gate,6,1,,,3,3,65,1476,0.0,0.0
c06_s01_cov100_seed00000004_tiered_nt3,tiered,fast_gate,6,1,,,3,4,2,467,0.0,0.0
c06_s01_cov100_seed00000004_tiered_nt3,tiered,fast_gate,6,1,,,3,5,0,66,,0.0
c06_s01_cov100_seed00000006_tiered_nt3,tiered,fast_gate,6,1,,,3,0,3738,0,0.956661316211878,0.956661316211878
c06_s01_cov100_seed00000006_tiered_nt3,tiered,fast_gate,6,1,,,3,1,2002,1264,0.6573426573426573,0.40293937538273117
c06_s01_cov100_seed00000006_tiered_nt3,tiered,fast_gate,6,1,,,3,2,310,2163,0.5709677419354838,0.0715729882733522
c06_s01_cov100_seed00000006_tiered_nt3,tiered,fast_gate,6,1,,,3,3,4,1355,0.0,0.0
c06_s01_cov100_seed00000006_tiered_nt3,tiered,fast_gate,6,1,,,3,4,0,164,,0.0
c06_s01_cov100_seed00000008_tiered_nt3,tiered,fast_gate,6,1,,,3,0,3771,0,0.9512065765049058,0.9512065765049058
c06_s01_cov100_seed00000008_tiered_nt3,tiered,fast_gate,6,1,,,3,1,1877,1440,0.6862013851891315,0.3883026831474224
c06_s01_cov100_seed00000008_tiered_nt3,tiered,fast_gate,6,1,,,3,2,278,2228,0.5467625899280576,0.060654429369513166
c06_s01_cov100_seed00000008_tiered_nt3,tiered,fast_gate,6,1,,,3,3,1,1233,0.0,0.0
c06_s01_cov100_seed00000008_tiered_nt3,tiered,fast_gate,6,1,,,3,4,0,172,,0.0
c06_s01_cov100_seed00000011_tiered_nt3,tiered,fast_gate,6,1,,,3,0,6399,0,0.8685732145647758,0.8685732145647758
c06_s01_cov100_seed00000011_tiered_nt3,tiered,fast_gate,6,1,,,3,1,2233,0,0.8620689655172413,0.8620689655172413
c06_s01_cov100_seed00000011_tiered_nt3,tiered,fast_gate,6,1,,,3,2,604,379,0.859271523178808,0.5279755849440488
c06_s01_cov100_seed00000011_tiered_nt3,tiered,fast_gate,6,1,,,3,3,23,477,0.9565217391304348,0.044
c06_s01_cov100_seed00000011_tiered_nt3,tiered,fast_gate,6,1,,,3,4,0,647,,0.0
c06_s01_cov100_seed00000011_tiered_nt3,tiered,fast_gate,6,1,,,3,5,0,217,,0.0
c06_s01_cov100_seed00000011_tiered_nt3,tiered,fast_gate,6,1,,,3,6,0,21,,0.0
c06_s01_cov100_seed00000012_tiered_nt3,tiered,fast_gate,6,1,,,3,0,3167,0,0.9760025260498895,0.9760025260498895
c06_s01_cov100_seed00000012_tiered_nt3,tiered,fast_gate,6,1,,,3,1,2273,418,0.8900131984161901,0.7517651430694909
c06_s01_cov100_seed00000012_tiered_nt3,tiered,fast_gate,6,1,,,3,2,1671,905,0.5374027528426092,0.34860248447204967
c06_s01_cov100_seed00000012_tiered_nt3,tiered,fast_gate,6,1,,,3,3,491,867,0.4480651731160896,0.16200294550810015
c06_s01_cov100_seed00000012_tiered_nt3,tiered,fast_gate,6,1,,,3,4,100,774,0.19,0.021739130434782608
c06_s01_cov100_seed00000012_tiered_nt3,tiered,fast_gate,6,1,,,3,5,3,291,0.0,0.0
c06_s01_cov100_seed00000012_tiered_nt3,tiered,fast_gate,6,1,,,3,6,0,38,,0.0
c06_s01_cov100_seed00000012_tiered_nt3,tiered,fast_gate,6,1,,,3,7,0,2,,0.0
c06_s01_cov100_seed00000014_tiered_nt3,tiered,fast_gate,6,1,,,3,0,3705,0,0.951417004048583,0.951417004048583
c06_s01_cov100_seed00000014_tiered_nt3,tiered,fast_gate,6,1,,,3,1,1837,1442,0.6603157321720196,0.36992985666361694
c06_s01_cov100_seed00000014_tiered_nt3,tiered,fast_gate,6,1,,,3,2,272,2270,0.5147058823529411,0.05507474429583006
c06_s01_cov100_seed00000014_tiered_nt3,tiered,fast_gate,6,1,,,3,3,4,1303,0.0,0.0
c06_s01_cov100_seed00000014_tiered_nt3,tiered,fast_gate,6,1,,,3,4,0,163,,0.0
c06_s01_cov100_seed00000014_tiered_nt3,tiered,fast_gate,6,1,,,3,5,0,4,,0.0
c06_s01_cov100_seed00000015_tiered_nt3,tiered,fast_gate,6,1,,,3,0,3771,0,0.9482895783611774,0.9482895783611774
c06_s01_cov100_seed00000015_tiered_nt3,tiered,fast_gate,6,1,,,3,1,1770,1410,0.6672316384180791,0.3713836477987421
c06_s01_cov100_seed00000015_tiered_nt3,tiered,fast_gate,6,1,,,3,2,882,1000,0.7573696145124716,0.35494155154091395
c06_s01_cov100_seed00000015_tiered_nt3,tiered,fast_gate,6,1,,,3,3,246,1254,0.4024390243902439,0.066
c06_s01_cov100_seed00000015_tiered_nt3,tiered,fast_gate,6,1,,,3,4,17,592,0.17647058823529413,0.0049261083743842365
c06_s01_cov100_seed00000015_tiered_nt3,tiered,fast_gate,6,1,,,3,5,0,58,,0.0
c06_s01_cov100_seed00000018_tiered_nt3,tiered,fast_gate,6,1,,,3,0,2971,0,0.975092561427129,0.975092561427129
c06_s01_cov100_seed00000018_tiered_nt3,tiered,fast_gate,6,1,,,3,1,2183,627,0.8648648648648649,0.6718861209964413
c06_s01_cov100_seed00000018_tiered_nt3,tiered,fast_gate,6,1,,,3,2,1296,1273,0.5200617283950617,0.2623588945114831
c06_s01_cov100_seed00000018_tiered_nt3,tiered,fast_gate,6,1,,,3,3,335,1296,0.15522388059701492,0.03188228080931944
c06_s01_cov100_seed00000018_tiered_nt3,tiered,fast_gate,6,1,,,3,4,36,779,0.0,0.0
c06_s01_cov100_seed00000018_tiered_nt3,tiered,fast_gate,6,1,,,3,5,0,191,,0.0
c06_s01_cov100_seed00000018_tiered_nt3,tiered,fast_gate,6,1,,,3,6,0,13,,0.0
c06_s01_cov100_seed00000019_tiered_nt3,tiered,fast_gate,6,1,,,3,0,3728,0,0.9535944206008584,0.9535944206008584
c06_s01_cov100_seed00000019_tiered_nt3,tiered,fast_gate,6,1,,,3,1,2247,883,0.7107254116599911,0.5102236421725239
c06_s01_cov100_seed00000019_tiered_nt3,tiered,fast_gate,6,1,,,3,2,714,1353,0.469187675070028,0.16207063376874697
c06_s01_cov100_seed00000019_tiered_nt3,tiered,fast_gate,6,1,,,3,3,129,1250,0.3953488372093023,0.03698332124728064
c06_s01_cov100_seed00000019_tiered_nt3,tiered,fast_gate,6,1,,,3,4,3,523,0.0,0.0
c06_s01_cov100_seed00000019_tiered_nt3,tiered,fast_gate,6,1,,,3,5,0,153,,0.0
c06_s01_cov100_seed00000019_tiered_nt3,tiered,fast_gate,6,1,,,3,6,0,17,,0.0
c06_s01_cov100_seed00000020_tiered_nt3,tiered,fast_gate,6,1,,,3,0,2958,0,0.9699121027721433,0.9699121027721433
c06_s01_cov100_seed00000020_tiered_nt3,tiered,fast_gate,6,1,,,3,1,2114,351,0.8718070009460738,0.7476673427991887
c06_s01_cov100_seed00000020_tiered_nt3,tiered,fast_gate,6,1,,,3,2,1312,1065,0.4885670731707317,0.2696676482961716
c06_s01_cov100_seed00000020_tiered_nt3,tiered,fast_gate,6,1,,,3,3,518,1351,0.21814671814671815,0.060460139111824504
c06_s01_cov100_seed00000020_tiered_nt3,tiered,fast_gate,6,1,,,3,4,93,797,0.08602150537634409,0.008988764044943821
c06_s01_cov100_seed00000020_tiered_nt3,tiered,fast_gate,6,1,,,3,5,2,360,0.0,0.0
c06_s01_cov100_seed00000020_tiered_nt3,tiered,fast_gate,6,1,,,3,6,0,78,,0.0
c06_s01_cov100_seed00000020_tiered_nt3,tiered,fast_gate,6,1,,,3,7,0,1,,0.0
c06_s01_cov100_seed00000021_tiered_nt3,tiered,fast_gate,6,1,,,3,0,5628,0,0.8541222459132907,0.8541222459132907
c06_s01_cov100_seed00000021_tiered_nt3,tiered,fast_gate,6,1,,,3,1,1592,711,0.8812814070351759,0.6092053842813722
c06_s01_cov100_seed00000021_tiered_nt3,tiered,fast_gate,6,1,,,3,2,5,1823,0.4,0.0010940919037199124
c06_s01_cov100_seed00000021_tiered_nt3,tiered,fast_gate,6,1,,,3,3,0,1120,,0.0
c06_s01_cov100_seed00000021_tiered_nt3,tiered,fast_gate,6,1,,,3,4,0,119,,0.0
c06_s01_cov100_seed00000021_tiered_nt3,tiered,fast_gate,6,1,,,3,5,0,2,,0.0
c06_s01_cov100_seed00000022_tiered_nt3,tiered,fast_gate,6,1,,,3,0,2946,0,0.9701289884589274,0.9701289884589274
c06_s01_cov100_seed00000022_tiered_nt3,tiered,fast_gate,6,1,,,3,1,2542,270,0.8882769472856019,0.8029871977240398
c06_s01_cov100_seed00000022_tiered_nt3,tiered,fast_gate,6,1,,,3,2,1485,924,0.6296296296296297,0.3881278538812785
c06_s01_cov100_seed00000022_tiered_nt3,tiered,fast_gate,6,1,,,3,3,338,876,0.26331360946745563,0.07331136738056013
c06_s01_cov100_seed00000022_tiered_nt3,tiered,fast_gate,6,1,,,3,4,28,889,0.0,0.0
c06_s01_cov100_seed00000022_tiered_nt3,tiered,fast_gate,6,1,,,3,5,0,544,,0.0
c06_s01_cov100_seed00000022_tiered_nt3,tiered,fast_gate,6,1,,,3,6,0,148,,0.0
c06_s01_cov100_seed00000022_tiered_nt3,tiered,fast_gate,6,1,,,3,7,0,10,,0.0
c06_s01_cov100_seed00000023_tiered_nt3,tiered,fast_gate,6,1,,,3,0,6401,0,0.8692391813779097,0.8692391813779097
c06_s01_cov100_seed00000023_tiered_nt3,tiered,fast_gate,6,1,,,3,1,1500,0,0.8973333333333333,0.8973333333333333
c06_s01_cov100_seed00000023_tiered_nt3,tiered,fast_gate,6,1,,,3,2,986,453,0.8265720081135902,0.56636553161918
c06_s01_cov100_seed00000023_tiered_nt3,tiered,fast_gate,6,1,,,3,3,44,712,0.7954545454545454,0.046296296296296294
c06_s01_cov100_seed00000023_tiered_nt3,tiered,fast_gate,6,1,,,3,4,0,838,,0.0
c06_s01_cov100_seed00000023_tiered_nt3,tiered,fast_gate,6,1,,,3,5,0,64,,0.0
c06_s01_cov100_seed00000023_tiered_nt3,tiered,fast_gate,6,1,,,3,6,0,2,,0.0
c06_s01_cov100_seed00000024_tiered_nt3,tiered,fast_gate,6,1,,,3,0,6327,0,0.8741899794531374,0.8741899794531374
c06_s01_cov100_seed00000024_tiered_nt3,tiered,fast_gate,6,1,,,3,1,2367,0,0.8715673848753697,0.8715673848753697
c06_s01_cov100_seed00000024_tiered_nt3,tiered,fast_gate,6,1,,,3,2,43,911,0.5813953488372093,0.02620545073375262
c06_s01_cov100_seed00000024_tiered_nt3,tiered,fast_gate,6,1,,,3,3,0,550,,0.0
c06_s01_cov100_seed00000024_tiered_nt3,tiered,fast_gate,6,1,,,3,4,0,784,,0.0
c06_s01_cov100_seed00000024_tiered_nt3,tiered,fast_gate,6,1,,,3,5,0,18,,0.0
c06_s01_cov100_seed00000025_tiered_nt3,tiered,fast_gate,6,1,,,3,0,3378,0,0.9381290704558911,0.9381290704558911
c06_s01_cov100_seed00000025_tiered_nt3,tiered,fast_gate,6,1,,,3,1,3158,0,0.8214059531348955,0.8214059531348955
c06_s01_cov100_seed00000025_tiered_nt3,tiered,fast_gate,6,1,,,3,2,1087,817,0.7166513339466422,0.40913865546218486
c06_s01_cov100_seed00000025_tiered_nt3,tiered,fast_gate,6,1,,,3,3,126,1483,0.3333333333333333,0.02610316967060286
c06_s01_cov100_seed00000025_tiered_nt3,tiered,fast_gate,6,1,,,3,4,27,526,0.18518518518518517,0.009041591320072333
c06_s01_cov100_seed00000025_tiered_nt3,tiered,fast_gate,6,1,,,3,5,0,322,,0.0
c06_s01_cov100_seed00000025_tiered_nt3,tiered,fast_gate,6,1,,,3,6,0,53,,0.0
c06_s01_cov100_seed00000025_tiered_nt3,tiered,fast_gate,6,1,,,3,7,0,23,,0.0
c06_s01_cov100_seed00000027_tiered_nt3,tiered,fast_gate,6,1,,,3,0,5602,0,0.8561228132809711,0.8561228132809711
c06_s01_cov100_seed00000027_tiered_nt3,tiered,fast_gate,6,1,,,3,1,1346,734,0.8945022288261516,0.5788461538461539
c06_s01_cov100_seed00000027_tiered_nt3,tiered,fast_gate,6,1,,,3,2,440,760,0.9113636363636364,0.33416666666666667
c06_s01_cov100_seed00000027_tiered_nt3,tiered,fast_gate,6,1,,,3,3,8,1665,0.75,0.0035863717872086074
c06_s01_cov100_seed00000027_tiered_nt3,tiered,fast_gate,6,1,,,3,4,0,424,,0.0
c06_s01_cov100_seed00000027_tiered_nt3,tiered,fast_gate,6,1,,,3,5,0,21,,0.0
c06_s01_cov100_seed00000028_tiered_nt3,tiered,fast_gate,6,1,,,3,0,2804,0,0.9621968616262482,0.9621968616262482
c06_s01_cov100_seed00000028_tiered_nt3,tiered,fast_gate,6,1,,,3,1,2193,637,0.7314181486548108,0.5667844522968198
c06_s01_cov100_seed00000028_tiered_nt3,tiered,fast_gate,6,1,,,3,2,906,1828,0.5441501103752759,0.1803218727139722
c06_s01_cov100_seed00000028_tiered_nt3,tiered,fast_gate,6,1,,,3,3,138,1699,0.0,0.0
c06_s01_cov100_seed00000028_tiered_nt3,tiered,fast_gate,6,1,,,3,4,6,662,0.0,0.0
c06_s01_cov100_seed00000028_tiered_nt3,tiered,fast_gate,6,1,,,3,5,0,126,,0.0
c06_s01_cov100_seed00000028_tiered_nt3,tiered,fast_gate,6,1,,,3,6,0,1,,0.0
c06_s01_cov100_seed00000029_tiered_nt3,tiered,fast_gate,6,1,,,3,0,3375,0,0.9463703703703704,0.9463703703703704
c06_s01_cov100_seed00000029_tiered_nt3,tiered,fast_gate,6,1,,,3,1,2035,727,0.6815724815724816,0.502172338884866
c06_s01_cov100_seed00000029_tiered_nt3,tiered,fast_gate,6,1,,,3,2,720,1945,0.3680555555555556,0.09943714821763602
c06_s01_cov100_seed00000029_tiered_nt3,tiered,fast_gate,6,1,,,3,3,230,1219,0.2956521739130435,0.04692891649413389
c06_s01_cov100_seed00000029_tiered_nt3,tiered,fast_gate,6,1,,,3,4,10,600,0.0,0.0
c06_s01_cov100_seed00000029_tiered_nt3,tiered,fast_gate,6,1,,,3,5,0,110,,0.0
c06_s01_cov100_seed00000029_tiered_nt3,tiered,fast_gate,6,1,,,3,6,0,27,,0.0
c06_s01_cov100_seed00000029_tiered_nt3,tiered,fast_gate,6,1,,,3,7,0,2,,0.0
c06_s01_cov100_seed00000030_tiered_nt3,tiered,fast_gate,6,1,,,3,0,6368,0,0.8734296482412061,0.8734296482412061
c06_s01_cov100_seed00000030_tiered_nt3,tiered,fast_gate,6,1,,,3,1,1561,0,0.9013452914798207,0.9013452914798207
c06_s01_cov100_seed00000030_tiered_nt3,tiered,fast_gate,6,1,,,3,2,936,390,0.8002136752136753,0.5648567119155354
c06_s01_cov100_seed00000030_tiered_nt3,tiered,fast_gate,6,1,,,3,3,44,735,0.6363636363636364,0.03594351732991014
c06_s01_cov100_seed00000030_tiered_nt3,tiered,fast_gate,6,1,,,3,4,0,869,,0.0
c06_s01_cov100_seed00000030_tiered_nt3,tiered,fast_gate,6,1,,,3,5,0,96,,0.0
c06_s01_cov100_seed00000030_tiered_nt3,tiered,fast_gate,6,1,,,3,6,0,1,,0.0
c06_s01_cov100_seed00000031_tiered_nt3,tiered,fast_gate,6,1,,,3,0,3401,0,0.9461922963834166,0.9461922963834166
c06_s01_cov100_seed00000031_tiered_nt3,tiered,fast_gate,6,1,,,3,1,3270,302,0.8207951070336391,0.7513997760358343
c06_s01_cov100_seed00000031_tiered_nt3,tiered,fast_gate,6,1,,,3,2,1158,703,0.7158894645941278,0.445459430413756
c06_s01_cov100_seed00000031_tiered_nt3,tiered,fast_gate,6,1,,,3,3,141,1242,0.41134751773049644,0.04193781634128706
c06_s01_cov100_seed00000031_tiered_nt3,tiered,fast_gate,6,1,,,3,4,7,516,1.0,0.01338432122370937
c06_s01_cov100_seed00000031_tiered_nt3,tiered,fast_gate,6,1,,,3,5,0,209,,0.0
c06_s01_cov100_seed00000031_tiered_nt3,tiered,fast_gate,6,1,,,3,6,0,48,,0.0
c06_s01_cov100_seed00000031_tiered_nt3,tiered,fast_gate,6,1,,,3,7,0,3,,0.0
c06_s01_cov100_seed00000032_tiered_nt3,tiered,fast_gate,6,1,,,3,0,2952,0,0.9762872628726287,0.9762872628726287
c06_s01_cov100_seed00000032_tiered_nt3,tiered,fast_gate,6,1,,,3,1,1883,977,0.8029739776951673,0.5286713286713287
c06_s01_cov100_seed00000032_tiered_nt3,tiered,fast_gate,6,1,,,3,2,1204,1843,0.37209302325581395,0.1470298654414178
c06_s01_cov100_seed00000032_tiered_nt3,tiered,fast_gate,6,1,,,3,3,317,1301,0.11356466876971609,0.022249690976514216
c06_s01_cov100_seed00000032_tiered_nt3,tiered,fast_gate,6,1,,,3,4,17,497,0.0,0.0
c06_s01_cov100_seed00000032_tiered_nt3,tiered,fast_gate,6,1,,,3,5,0,9,,0.0
c06_s01_cov100_seed00000034_tiered_nt3,tiered,fast_gate,6,1,,,3,0,3709,0,0.9565920733351307,0.9565920733351307
c06_s01_cov100_seed00000034_tiered_nt3,tiered,fast_gate,6,1,,,3,1,2887,396,0.7623830966401108,0.6704233932378921
c06_s01_cov100_seed00000034_tiered_nt3,tiered,fast_gate,6,1,,,3,2,652,1033,0.7269938650306749,0.2813056379821958
c06_s01_cov100_seed00000034_tiered_nt3,tiered,fast_gate,6,1,,,3,3,13,1753,0.0,0.0
c06_s01_cov100_seed00000034_tiered_nt3,tiered,fast_gate,6,1,,,3,4,0,536,,0.0
c06_s01_cov100_seed00000034_tiered_nt3,tiered,fast_gate,6,1,,,3,5,0,21,,0.0
c06_s01_cov100_seed00000035_tiered_nt3,tiered,fast_gate,6,1,,,3,0,4092,0,0.9496578690127078,0.9496578690127078
c06_s01_cov100_seed00000035_tiered_nt3,tiered,fast_gate,6,1,,,3,1,2099,1094,0.6846117198666032,0.45004697776385844
c06_s01_cov100_seed00000035_tiered_nt3,tiered,fast_gate,6,1,,,3,2,897,596,0.7881828316610925,0.4735432016075017
c06_s01_cov100_seed00000035_tiered_nt3,tiered,fast_gate,6,1,,,3,3,212,1379,0.5330188679245284,0.071024512884978
c06_s01_cov100_seed00000035_tiered_nt3,tiered,fast_gate,6,1,,,3,4,13,593,0.15384615384615385,0.0033003300330033004
c06_s01_cov100_seed00000035_tiered_nt3,tiered,fast_gate,6,1,,,3,5,0,25,,0.0
c06_s01_cov100_seed00000036_tiered_nt3,tiered,fast_gate,6,1,,,3,0,4063,0,0.8941668717696284,0.8941668717696284
c06_s01_cov100_seed00000036_tiered_nt3,tiered,fast_gate,6,1,,,3,1,2672,1113,0.8491766467065869,0.5994715984147952
c06_s01_cov100_seed00000036_tiered_nt3,tiered,fast_gate,6,1,,,3,2,500,1118,0.832,0.25710754017305315
c06_s01_cov100_seed00000036_tiered_nt3,tiered,fast_gate,6,1,,,3,3,13,1130,0.9230769230769231,0.010498687664041995
c06_s01_cov100_seed00000036_tiered_nt3,tiered,fast_gate,6,1,,,3,4,0,386,,0.0
c06_s01_cov100_seed00000036_tiered_nt3,tiered,fast_gate,6,1,,,3,5,0,5,,0.0
c06_s01_cov100_seed00000037_tiered_nt3,tiered,fast_gate,6,1,,,3,0,5061,0,0.8792728709741158,0.8792728709741158
c06_s01_cov100_seed00000037_tiered_nt3,tiered,fast_gate,6,1,,,3,1,1245,1180,0.8883534136546185,0.45608247422680415
c06_s01_cov100_seed00000037_tiered_nt3,tiered,fast_gate,6,1,,,3,2,1174,854,0.8390119250425895,0.48570019723865876
c06_s01_cov100_seed00000037_tiered_nt3,tiered,fast_gate,6,1,,,3,3,86,1137,0.7906976744186046,0.05560098119378577
c06_s01_cov100_seed00000037_tiered_nt3,tiered,fast_gate,6,1,,,3,4,0,248,,0.0
c06_s01_cov100_seed00000037_tiered_nt3,tiered,fast_gate,6,1,,,3,5,0,15,,0.0
c06_s01_cov100_seed00000040_tiered_nt3,tiered,fast_gate,6,1,,,3,0,3698,0,0.9586262844780963,0.9586262844780963
c06_s01_cov100_seed00000040_tiered_nt3,tiered,fast_gate,6,1,,,3,1,2310,1399,0.7017316017316018,0.4370450256133729
c06_s01_cov100_seed00000040_tiered_nt3,tiered,fast_gate,6,1,,,3,2,507,1495,0.46153846153846156,0.11688311688311688
c06_s01_cov100_seed00000040_tiered_nt3,tiered,fast_gate,6,1,,,3,3,18,1041,0.1111111111111111,0.0018885741265344666
c06_s01_cov100_seed00000040_tiered_nt3,tiered,fast_gate,6,1,,,3,4,0,476,,0.0
c06_s01_cov100_seed00000040_tiered_nt3,tiered,fast_gate,6,1,,,3,5,0,56,,0.0
c06_s01_cov100_seed00000042_tiered_nt3,tiered,fast_gate,6,1,,,3,0,6291,0,0.8777618820537275,0.8777618820537275
c06_s01_cov100_seed00000042_tiered_nt3,tiered,fast_gate,6,1,,,3,1,1509,0,0.9244532803180915,0.9244532803180915
c06_s01_cov100_seed00000042_tiered_nt3,tiered,fast_gate,6,1,,,3,2,464,622,0.9116379310344828,0.38950276243093923
c06_s01_cov100_seed00000042_tiered_nt3,tiered,fast_gate,6,1,,,3,3,5,1632,0.6,0.0018326206475259622
c06_s01_cov100_seed00000042_tiered_nt3,tiered,fast_gate,6,1,,,3,4,0,421,,0.0
c06_s01_cov100_seed00000042_tiered_nt3,tiered,fast_gate,6,1,,,3,5,0,56,,0.0
c06_s01_cov100_seed00000044_tiered_nt3,tiered,fast_gate,6,1,,,3,0,3693,0,0.9531546168426753,0.9531546168426753
c06_s01_cov100_seed00000044_tiered_nt3,tiered,fast_gate,6,1,,,3,1,2720,384,0.7893382352941176,0.6916881443298969
c06_s01_cov100_seed00000044_tiered_nt3,tiered,fast_gate,6,1,,,3,2,1249,384,0.8230584467574059,0.6295162278015921
c06_s01_cov100_seed00000044_tiered_nt3,tiered,fast_gate,6,1,,,3,3,407,511,0.7665847665847666,0.33986928104575165
c06_s01_cov100_seed00000044_tiered_nt3,tiered,fast_gate,6,1,,,3,4,36,1160,0.16666666666666666,0.005016722408026756
c06_s01_cov100_seed00000044_tiered_nt3,tiered,fast_gate,6,1,,,3,5,0,388,,0.0
c06_s01_cov100_seed00000044_tiered_nt3,tiered,fast_gate,6,1,,,3,6,0,63,,0.0
c06_s01_cov100_seed00000044_tiered_nt3,tiered,fast_gate,6,1,,,3,7,0,5,,0.0
c06_s01_cov100_seed00000047_tiered_nt3,tiered,fast_gate,6,1,,,3,0,6343,0,0.8696200536023964,0.8696200536023964
c06_s01_cov100_seed00000047_tiered_nt3,tiered,fast_gate,6,1,,,3,1,2391,0,0.8594730238393977,0.8594730238393977
c06_s01_cov100_seed00000047_tiered_nt3,tiered,fast_gate,6,1,,,3,2,47,841,0.574468085106383,0.030405405405405407
c06_s01_cov100_seed00000047_tiered_nt3,tiered,fast_gate,6,1,,,3,3,0,560,,0.0
c06_s01_cov100_seed00000047_tiered_nt3,tiered,fast_gate,6,1,,,3,4,0,792,,0.0
c06_s01_cov100_seed00000047_tiered_nt3,tiered,fast_gate,6,1,,,3,5,0,26,,0.0
c06_s01_cov100_seed00000048_tiered_nt3,tiered,fast_gate,6,1,,,3,0,3688,0,0.9498373101952278,0.9498373101952278
c06_s01_cov100_seed00000048_tiered_nt3,tiered,fast_gate,6,1,,,3,1,2275,1470,0.7305494505494505,0.4437917222963952
c06_s01_cov100_seed00000048_tiered_nt3,tiered,fast_gate,6,1,,,3,2,506,1510,0.4644268774703557,0.11656746031746032
c06_s01_cov100_seed00000048_tiered_nt3,tiered,fast_gate,6,1,,,3,3,13,1041,0.07692307692307693,0.0009487666034155598
c06_s01_cov100_seed00000048_tiered_nt3,tiered,fast_gate,6,1,,,3,4,0,446,,0.0
c06_s01_cov100_seed00000048_tiered_nt3,tiered,fast_gate,6,1,,,3,5,0,51,,0.0
c06_s01_cov100_seed00000049_tiered_nt3,tiered,fast_gate,6,1,,,3,0,3743,0,0.944696767298958,0.944696767298958
c06_s01_cov100_seed00000049_tiered_nt3,tiered,fast_gate,6,1,,,3,1,1904,869,0.6801470588235294,0.46700324558240175
c06_s01_cov100_seed00000049_tiered_nt3,tiered,fast_gate,6,1,,,3,2,466,2169,0.44635193133047213,0.07893738140417457
c06_s01_cov100_seed00000049_tiered_nt3,tiered,fast_gate,6,1,,,3,3,61,1265,0.6229508196721312,0.02865761689291101
c06_s01_cov100_seed00000049_tiered_nt3,tiered,fast_gate,6,1,,,3,4,0,451,,0.0
c06_s01_cov100_seed00000049_tiered_nt3,tiered,fast_gate,6,1,,,3,5,0,72,,0.0
c06_s01_cov100_seed00000051_tiered_nt3,tiered,fast_gate,6,1,,,3,0,3641,0,0.9478165339192529,0.9478165339192529
c06_s01_cov100_seed00000051_tiered_nt3,tiered,fast_gate,6,1,,,3,1,2350,888,0.7068085106382979,0.5129709697344039
c06_s01_cov100_seed00000051_tiered_nt3,tiered,fast_gate,6,1,,,3,2,1151,692,0.7654213727193745,0.47802495930548017
c06_s01_cov100_seed00000051_tiered_nt3,tiered,fast_gate,6,1,,,3,3,365,1053,0.5863013698630137,0.15091678420310295
c06_s01_cov100_seed00000051_tiered_nt3,tiered,fast_gate,6,1,,,3,4,37,568,0.2972972972972973,0.01818181818181818
c06_s01_cov100_seed00000051_tiered_nt3,tiered,fast_gate,6,1,,,3,5,3,219,0.0,0.0
c06_s01_cov100_seed00000051_tiered_nt3,tiered,fast_gate,6,1,,,3,6,0,33,,0.0
c06_s01_cov100_seed00000052_tiered_nt3,tiered,fast_gate,6,1,,,3,0,2963,0,0.9686128923388457,0.9686128923388457
c06_s01_cov100_seed00000052_tiered_nt3,tiered,fast_gate,6,1,,,3,1,1880,1004,0.8063829787234043,0.5256588072122053
c06_s01_cov100_seed00000052_tiered_nt3,tiered,fast_gate,6,1,,,3,2,1030,2028,0.3650485436893204,0.12295618051013735
c06_s01_cov100_seed00000052_tiered_nt3,tiered,fast_gate,6,1,,,3,3,251,1329,0.10756972111553785,0.01708860759493671
c06_s01_cov100_seed00000052_tiered_nt3,tiered,fast_gate,6,1,,,3,4,23,446,0.0,0.0
c06_s01_cov100_seed00000052_tiered_nt3,tiered,fast_gate,6,1,,,3,5,0,46,,0.0
c06_s01_cov100_seed00000053_tiered_nt3,tiered,fast_gate,6,1,,,3,0,2849,0,0.95998595998596,0.95998595998596
c06_s01_cov100_seed00000053_tiered_nt3,tiered,fast_gate,6,1,,,3,1,1835,1200,0.7258855585831062,0.4388797364085667
c06_s01_cov100_seed00000053_tiered_nt3,tiered,fast_gate,6,1,,,3,2,611,1772,0.5253682487725041,0.1347041544271926
c06_s01_cov100_seed00000053_tiered_nt3,tiered,fast_gate,6,1,,,3,3,220,1453,0.3,0.03945008965929468
c06_s01_cov100_seed00000053_tiered_nt3,tiered,fast_gate,6,1,,,3,4,119,677,0.29411764705882354,0.04396984924623116
c06_s01_cov100_seed00000053_tiered_nt3,tiered,fast_gate,6,1,,,3,5,3,246,0.0,0.0
c06_s01_cov100_seed00000053_tiered_nt3,tiered,fast_gate,6,1,,,3,6,0,15,,0.0
c06_s01_cov100_seed00000054_tiered_nt3,tiered,fast_gate,6,1,,,3,0,5674,0,0.8709904829044766,0.8709904829044766
c06_s01_cov100_seed00000054_tiered_nt3,tiered,fast_gate,6,1,,,3,1,1327,700,0.9012810851544838,0.5900345337937839
c06_s01_cov100_seed00000054_tiered_nt3,tiered,fast_gate,6,1,,,3,2,599,455,0.9365609348914858,0.532258064516129
c06_s01_cov100_seed00000054_tiered_nt3,tiered,fast_gate,6,1,,,3,3,14,1611,0.9285714285714286,0.008
c06_s01_cov100_seed00000054_tiered_nt3,tiered,fast_gate,6,1,,,3,4,2,450,1.0,0.004424778761061947
c06_s01_cov100_seed00000054_tiered_nt3,tiered,fast_gate,6,1,,,3,5,0,151,,0.0
c06_s01_cov100_seed00000054_tiered_nt3,tiered,fast_gate,6,1,,,3,6,0,17,,0.0
c06_s01_cov100_seed00000057_tiered_nt3,tiered,fast_gate,6,1,,,3,0,3714,0,0.960958535271944,0.960958535271944
c06_s01_cov100_seed00000057_tiered_nt3,tiered,fast_gate,6,1,,,3,1,2825,396,0.8198230088495575,0.7190313567215151
c06_s01_cov100_seed00000057_tiered_nt3,tiered,fast_gate,6,1,,,3,2,620,1120,0.7548387096774194,0.2689655172413793
c06_s01_cov100_seed00000057_tiered_nt3,tiered,fast_gate,6,1,,,3,3,7,1739,0.0,0.0
c06_s01_cov100_seed00000057_tiered_nt3,tiered,fast_gate,6,1,,,3,4,0,541,,0.0
c06_s01_cov100_seed00000057_tiered_nt3,tiered,fast_gate,6,1,,,3,5,0,38,,0.0
c06_s01_cov100_seed00000000_tiered_nt4,tiered,fast_gate,6,1,,,4,0,5958,0,0.8444108761329305,0.8444108761329305
c06_s01_cov100_seed00000000_tiered_nt4,tiered,fast_gate,6,1,,,4,1,1311,1079,0.8916857360793288,0.4891213389121339
c06_s01_cov100_seed00000000_tiered_nt4,tiered,fast_gate,6,1,,,4,2,156,1036,0.08974358974358974,0.01174496644295302
c06_s01_cov100_seed00000000_tiered_nt4,tiered,fast_gate,6,1,,,4,3,22,489,0.0,0.0
c06_s01_cov100_seed00000000_tiered_nt4,tiered,fast_gate,6,1,,,4,4,0,632,,0.0
c06_s01_cov100_seed00000000_tiered_nt4,tiered,fast_gate,6,1,,,4,5,0,279,,0.0
c06_s01_cov100_seed00000000_tiered_nt4,tiered,fast_gate,6,1,,,4,6,0,38,,0.0
c06_s01_cov100_seed00000001_tiered_nt4,tiered,fast_gate,6,1,,,4,0,4649,0,0.8670681867068186,0.8670681867068186
c06_s01_cov100_seed00000001_tiered_nt4,tiered,fast_gate,6,1,,,4,1,1283,1537,0.8464536243180046,0.3851063829787234
c06_s01_cov100_seed00000001_tiered_nt4,tiered,fast_gate,6,1,,,4,2,342,1772,0.7456140350877193,0.1206244087038789
c06_s01_cov100_seed00000001_tiered_nt4,tiered,fast_gate,6,1,,,4,3,41,775,0.14634146341463414,0.007352941176470588
c06_s01_cov100_seed00000001_tiered_nt4,tiered,fast_gate,6,1,,,4,4,3,434,0.0,0.0
c06_s01_cov100_seed00000001_tiered_nt4,tiered,fast_gate,6,1,,,4,5,0,164,,0.0
c06_s01_cov100_seed00000002_tiered_nt4,tiered,fast_gate,6,1,,,4,0,4669,0,0.9837224245020347,0.9837224245020347
c06_s01_cov100_seed00000002_tiered_nt4,tiered,fast_gate,6,1,,,4,1,3140,773,0.7834394904458599,0.6286736519294659
c06_s01_cov100_seed00000002_tiered_nt4,tiered,fast_gate,6,1,,,4,2,195,833,0.6,0.11381322957198443
c06_s01_cov100_seed00000002_tiered_nt4,tiered,fast_gate,6,1,,,4,3,3,337,0.0,0.0
c06_s01_cov100_seed00000002_tiered_nt4,tiered,fast_gate,6,1,,,4,4,0,703,,0.0
c06_s01_cov100_seed00000002_tiered_nt4,tiered,fast_gate,6,1,,,4,5,0,324,,0.0
c06_s01_cov100_seed00000002_tiered_nt4,tiered,fast_gate,6,1,,,4,6,0,23,,0.0
c06_s01_cov100_seed00000003_tiered_nt4,tiered,fast_gate,6,1,,,4,0,5553,0,0.8494507473437781,0.8494507473437781
c06_s01_cov100_seed00000003_tiered_nt4,tiered,fast_gate,6,1,,,4,1,1993,1015,0.8740592072252885,0.5791223404255319
c06_s01_cov100_seed00000003_tiered_nt4,tiered,fast_gate,6,1,,,4,2,424,659,0.7358490566037735,0.2880886426592798
c06_s01_cov100_seed00000003_tiered_nt4,tiered,fast_gate,6,1,,,4,3,29,372,0.41379310344827586,0.029925187032418952
c06_s01_cov100_seed00000003_tiered_nt4,tiered,fast_gate,6,1,,,4,4,6,680,0.16666666666666666,0.0014577259475218659
c06_s01_cov100_seed00000003_tiered_nt4,tiered,fast_gate,6,1,,,4,5,0,247,,0.0
c06_s01_cov100_seed00000003_tiered_nt4,tiered,fast_gate,6,1,,,4,6,0,22,,0.0
c06_s01_cov100_seed00000004_tiered_nt4,tiered,fast_gate,6,1,,,4,0,4565,0,0.8687842278203723,0.8687842278203723
c06_s01_cov100_seed00000004_tiered_nt4,tiered,fast_gate,6,1,,,4,1,673,2229,0.5676077265973254,0.13163335630599587
c06_s01_cov100_seed00000004_tiered_nt4,tiered,fast_gate,6,1,,,4,2,63,2535,0.047619047619047616,0.0011547344110854503
c06_s01_cov100_seed00000004_tiered_nt4,tiered,fast_gate,6,1,,,4,3,10,657,0.0,0.0
c06_s01_cov100_seed00000004_tiered_nt4,tiered,fast_gate,6,1,,,4,4,0,266,,0.0
c06_s01_cov100_seed00000004_tiered_nt4,tiered,fast_gate,6,1,,,4,5,0,2,,0.0
c06_s01_cov100_seed00000005_tiered_nt4,tiered,fast_gate,6,1,,,4,0,4423,0,0.9036852814831562,0.9036852814831562
c06_s01_cov100_seed00000005_tiered_nt4,tiered,fast_gate,6,1,,,4,1,1936,1360,0.2675619834710744,0.1571601941747573
c06_s01_cov100_seed00000005_tiered_nt4,tiered,fast_gate,6,1,,,4,2,879,1394,0.11376564277588168,0.04399472063352398
c06_s01_cov100_seed00000005_tiered_nt4,tiered,fast_gate,6,1,,,4,3,175,603,0.0,0.0
c06_s01_cov100_seed00000005_tiered_nt4,tiered,fast_gate,6,1,,,4,4,31,190,0.0,0.0
c06_s01_cov100_seed00000005_tiered_nt4,tiered,fast_gate,6,1,,,4,5,0,9,,0.0
c06_s01_cov100_seed00000006_tiered_nt4,tiered,fast_gate,6,1,,,4,0,6033,0,0.8422012265871043,0.8422012265871043
c06_s01_cov100_seed00000006_tiered_nt4,tiered,fast_gate,6,1,,,4,1,355,2320,0.48169014084507045,0.06392523364485982
c06_s01_cov100_seed00000006_tiered_nt4,tiered,fast_gate,6,1,,,4,2,9,1843,0.3333333333333333,0.0016198704103671706
c06_s01_cov100_seed00000006_tiered_nt4,tiered,fast_gate,6,1,,,4,3,0,396,,0.0
c06_s01_cov100_seed00000006_tiered_nt4,tiered,fast_gate,6,1,,,4,4,0,43,,0.0
c06_s01_cov100_seed00000006_tiered_nt4,tiered,fast_gate,6,1,,,4,5,0,1,,0.0
c06_s01_cov100_seed00000007_tiered_nt4,tiered,fast_gate,6,1,,,4,0,4064,0,0.9094488188976378,0.9094488188976378
c06_s01_cov100_seed00000007_tiered_nt4,tiered,fast_gate,6,1,,,4,1,2056,1859,0.31809338521400776,0.16704980842911876
c06_s01_cov100_seed00000007_tiered_nt4,tiered,fast_gate,6,1,,,4,2,693,1306,0.0,0.0
c06_s01_cov100_seed00000007_tiered_nt4,tiered,fast_gate,6,1,,,4,3,49,856,0.0,0.0
c06_s01_cov100_seed00000007_tiered_nt4,tiered,fast_gate,6,1,,,4,4,0,117,,0.0
c06_s01_cov100_seed00000008_tiered_nt4,tiered,fast_gate,6,1,,,4,0,5504,0,0.8479287790697675,0.8479287790697675
c06_s01_cov100_seed00000008_tiered_nt4,tiered,fast_gate,6,1,,,4,1,300,2871,0.5133333333333333,0.04856512141280353
c06_s01_cov100_seed00000008_tiered_nt4,tiered,fast_gate,6,1,,,4,2,17,1771,0.29411764705882354,0.002796420581655481
c06_s01_cov100_seed00000008_tiered_nt4,tiered,fast_gate,6,1,,,4,3,0,503,,0.0
c06_s01_cov100_seed00000008_tiered_nt4,tiered,fast_gate,6,1,,,4,4,0,34,,0.0
c06_s01_cov100_seed00000009_tiered_nt4,tiered,fast_gate,6,1,,,4,0,4061,0,0.9143068209800542,0.9143068209800542
c06_s01_cov100_seed00000009_tiered_nt4,tiered,fast_gate,6,1,,,4,1,1951,1290,0.760635571501794,0.45788336933045354
c06_s01_cov100_seed00000009_tiered_nt4,tiered,fast_gate,6,1,,,4,2,943,1434,0.0816542948038176,0.032393773664282706
c06_s01_cov100_seed00000009_tiered_nt4,tiered,fast_gate,6,1,,,4,3,455,626,0.02197802197802198,0.009250693802035153
c06_s01_cov100_seed00000009_tiered_nt4,tiered,fast_gate,6,1,,,4,4,8,218,0.0,0.0
c06_s01_cov100_seed00000009_tiered_nt4,tiered,fast_gate,6,1,,,4,5,0,14,,0.0
c06_s01_cov100_seed00000010_tiered_nt4,tiered,fast_gate,6,1,,,4,0,4378,0,0.9001827318410233,0.9001827318410233
c06_s01_cov100_seed00000010_tiered_nt4,tiered,fast_gate,6,1,,,4,1,2308,614,0.7339688041594454,0.5797399041752225
c06_s01_cov100_seed00000010_tiered_nt4,tiered,fast_gate,6,1,,,4,2,728,1331,0.11263736263736264,0.0398251578436134
c06_s01_cov100_seed00000010_tiered_nt4,tiered,fast_gate,6,1,,,4,3,260,722,0.0,0.0
c06_s01_cov100_seed00000010_tiered_nt4,tiered,fast_gate,6,1,,,4,4,12,542,0.0,0.0
c06_s01_cov100_seed00000010_tiered_nt4,tiered,fast_gate,6,1,,,4,5,0,93,,0.0
c06_s01_cov100_seed00000010_tiered_nt4,tiered,fast_gate,6,1,,,4,6,0,12,,0.0
c06_s01_cov100_seed00000011_tiered_nt4,tiered,fast_gate,6,1,,,4,0,7960,0,0.9208542713567839,0.9208542713567839
c06_s01_cov100_seed00000011_tiered_nt4,tiered,fast_gate,6,1,,,4,1,1252,0,0.8873801916932907,0.8873801916932907
c06_s01_cov100_seed00000011_tiered_nt4,tiered,fast_gate,6,1,,,4,2,99,472,0.9797979797979798,0.16987740805604204
c06_s01_cov100_seed00000011_tiered_nt4,tiered,fast_gate,6,1,,,4,3,9,457,1.0,0.019313304721030045
c06_s01_cov100_seed00000011_tiered_nt4,tiered,fast_gate,6,1,,,4,4,0,528,,0.0
c06_s01_cov100_seed00000011_tiered_nt4,tiered,fast_gate,6,1,,,4,5,0,166,,0.0
c06_s01_cov100_seed00000011_tiered_nt4,tiered,fast_gate,6,1,,,4,6,0,57,,0.0
c06_s01_cov100_seed00000012_tiered_nt4,tiered,fast_gate,6,1,,,4,0,6259,0,0.8448633967087394,0.8448633967087394
c06_s01_cov100_seed00000012_tiered_nt4,tiered,fast_gate,6,1,,,4,1,1434,560,0.799163179916318,0.5747241725175527
c06_s01_cov100_seed00000012_tiered_nt4,tiered,fast_gate,6,1,,,4,2,274,1134,0.5474452554744526,0.10653409090909091
c06_s01_cov100_seed00000012_tiered_nt4,tiered,fast_gate,6,1,,,4,3,31,779,0.22580645161290322,0.008641975308641974
c06_s01_cov100_seed00000012_tiered_nt4,tiered,fast_gate,6,1,,,4,4,0,380,,0.0
c06_s01_cov100_seed00000012_tiered_nt4,tiered,fast_gate,6,1,,,4,5,0,117,,0.0
c06_s01_cov100_seed00000012_tiered_nt4,tiered,fast_gate,6,1,,,4,6,0,31,,0.0
c06_s01_cov100_seed00000012_tiered_nt4,tiered,fast_gate,6,1,,,4,7,0,1,,0.0
c06_s01_cov100_seed00000013_tiered_nt4,tiered,fast_gate,6,1,,,4,0,3292,0,0.9122114216281896,0.9122114216281896
c06_s01_cov100_seed00000013_tiered_nt4,tiered,fast_gate,6,1,,,4,1,2497,718,0.5634761714056868,0.4376360808709176
c06_s01_cov100_seed00000013_tiered_nt4,tiered,fast_gate,6,1,,,4,2,1017,1635,0.06489675516224189,0.024886877828054297
c06_s01_cov100_seed00000013_tiered_nt4,tiered,fast_gate,6,1,,,4,3,366,1080,0.0,0.0
c06_s01_cov100_seed00000013_tiered_nt4,tiered,fast_gate,6,1,,,4,4,7,374,0.0,0.0
c06_s01_cov100_seed00000013_tiered_nt4,tiered,fast_gate,6,1,,,4,5,0,14,,0.0
c06_s01_cov100_seed00000014_tiered_nt4,tiered,fast_gate,6,1,,,4,0,5564,0,0.8547807332854062,0.8547807332854062
c06_s01_cov100_seed00000014_tiered_nt4,tiered,fast_gate,6,1,,,4,1,328,2832,0.45426829268292684,0.04715189873417722
c06_s01_cov100_seed00000014_tiered_nt4,tiered,fast_gate,6,1,,,4,2,10,1724,0.5,0.0028835063437139563
c06_s01_cov100_seed00000014_tiered_nt4,tiered,fast_gate,6,1,,,4,3,0,513,,0.0
c06_s01_cov100_seed00000014_tiered_nt4,tiered,fast_gate,6,1,,,4,4,0,29,,0.0
c06_s01_cov100_seed00000015_tiered_nt4,tiered,fast_gate,6,1,,,4,0,5532,0,0.8557483731019523,0.8557483731019523
c06_s01_cov100_seed00000015_tiered_nt4,tiered,fast_gate,6,1,,,4,1,1107,1946,0.7055103884372177,0.2558139534883721
c06_s01_cov100_seed00000015_tiered_nt4,tiered,fast_gate,6,1,,,4,2,126,1067,0.5079365079365079,0.053646269907795474
c06_s01_cov100_seed00000015_tiered_nt4,tiered,fast_gate,6,1,,,4,3,10,853,0.2,0.002317497103128621
c06_s01_cov100_seed00000015_tiered_nt4,tiered,fast_gate,6,1,,,4,4,0,332,,0.0
c06_s01_cov100_seed00000015_tiered_nt4,tiered,fast_gate,6,1,,,4,5,0,27,,0.0
c06_s01_cov100_seed00000016_tiered_nt4,tiered,fast_gate,6,1,,,4,0,4377,0,0.9008453278501256,0.9008453278501256
c06_s01_cov100_seed00000016_tiered_nt4,tiered,fast_gate,6,1,,,4,1,1960,1401,0.2612244897959184,0.15233561440047605
c06_s01_cov100_seed00000016_tiered_nt4,tiered,fast_gate,6,1,,,4,2,876,1438,0.12214611872146118,0.04624027657735523
c06_s01_cov100_seed00000016_tiered_nt4,tiered,fast_gate,6,1,,,4,3,167,576,0.0,0.0
c06_s01_cov100_seed00000016_tiered_nt4,tiered,fast_gate,6,1,,,4,4,19,163,0.0,0.0
c06_s01_cov100_seed00000016_tiered_nt4,tiered,fast_gate,6,1,,,4,5,0,23,,0.0
c06_s01_cov100_seed00000017_tiered_nt4,tiered,fast_gate,6,1,,,4,0,3303,0,0.92188919164396,0.92188919164396
c06_s01_cov100_seed00000017_tiered_nt4,tiered,fast_gate,6,1,,,4,1,2432,235,0.7816611842105263,0.7127859017622797
c06_s01_cov100_seed00000017_tiered_nt4,tiered,fast_gate,6,1,,,4,2,1443,1105,0.3201663201663202,0.1813186813186813
c06_s01_cov100_seed00000017_tiered_nt4,tiered,fast_gate,6,1,,,4,3,619,1079,0.025848142164781908,0.009422850412249705
c06_s01_cov100_seed00000017_tiered_nt4,tiered,fast_gate,6,1,,,4,4,300,374,0.006666666666666667,0.002967359050445104
c06_s01_cov100_seed00000017_tiered_nt4,tiered,fast_gate,6,1,,,4,5,5,104,0.0,0.0
c06_s01_cov100_seed00000017_tiered_nt4,tiered,fast_gate,6,1,,,4,6,0,1,,0.0
c06_s01_cov100_seed00000018_tiered_nt4,tiered,fast_gate,6,1,,,4,0,5892,0,0.8423285811269517,0.8423285811269517
c06_s01_cov100_seed00000018_tiered_nt4,tiered,fast_gate,6,1,,,4,1,841,1571,0.7847800237812128,0.2736318407960199
c06_s01_cov100_seed00000018_tiered_nt4,tiered,fast_gate,6,1,,,4,2,130,1254,0.08461538461538462,0.007947976878612716
c06_s01_cov100_seed00000018_tiered_nt4,tiered,fast_gate,6,1,,,4,3,36,873,0.0,0.0
c06_s01_cov100_seed00000018_tiered_nt4,tiered,fast_gate,6,1,,,4,4,0,356,,0.0
c06_s01_cov100_seed00000018_tiered_nt4,tiered,fast_gate,6,1,,,4,5,0,47,,0.0
c06_s01_cov100_seed00000019_tiered_nt4,tiered,fast_gate,6,1,,,4,0,4630,0,0.9853131749460043,0.9853131749460043
c06_s01_cov100_seed00000019_tiered_nt4,tiered,fast_gate,6,1,,,4,1,1527,1409,0.656188605108055,0.3412806539509537
c06_s01_cov100_seed00000019_tiered_nt4,tiered,fast_gate,6,1,,,4,2,315,1439,0.4095238095238095,0.07354618015963511
c06_s01_cov100_seed00000019_tiered_nt4,tiered,fast_gate,6,1,,,4,3,22,1027,0.13636363636363635,0.002859866539561487
c06_s01_cov100_seed00000019_tiered_nt4,tiered,fast_gate,6,1,,,4,4,0,444,,0.0
c06_s01_cov100_seed00000019_tiered_nt4,tiered,fast_gate,6,1,,,4,5,0,168,,0.0
c06_s01_cov100_seed00000019_tiered_nt4,tiered,fast_gate,6,1,,,4,6,0,19,,0.0
c06_s01_cov100_seed00000020_tiered_nt4,tiered,fast_gate,6,1,,,4,0,5909,0,0.8407513961753258,0.8407513961753258
c06_s01_cov100_seed00000020_tiered_nt4,tiered,fast_gate,6,1,,,4,1,1321,523,0.7259651778955337,0.5200650759219089
c06_s01_cov100_seed00000020_tiered_nt4,tiered,fast_gate,6,1,,,4,2,255,1513,0.24313725490196078,0.03506787330316742
c06_s01_cov100_seed00000020_tiered_nt4,tiered,fast_gate,6,1,,,4,3,42,870,0.0,0.0
c06_s01_cov100_seed00000020_tiered_nt4,tiered,fast_gate,6,1,,,4,4,5,427,0.0,0.0
c06_s01_cov100_seed00000020_tiered_nt4,tiered,fast_gate,6,1,,,4,5,0,110,,0.0
c06_s01_cov100_seed00000020_tiered_nt4,tiered,fast_gate,6,1,,,4,6,0,25,,0.0
c06_s01_cov100_seed00000021_tiered_nt4,tiered,fast_gate,6,1,,,4,0,6455,0,0.904260263361735,0.904260263361735
c06_s01_cov100_seed00000021_tiered_nt4,tiered,fast_gate,6,1,,,4,1,361,2220,0.8005540166204986,0.11197210383572259
c06_s01_cov100_seed00000021_tiered_nt4,tiered,fast_gate,6,1,,,4,2,11,868,1.0,0.012514220705346985
c06_s01_cov100_seed00000021_tiered_nt4,tiered,fast_gate,6,1,,,4,3,0,874,,0.0
c06_s01_cov100_seed00000021_tiered_nt4,tiered,fast_gate,6,1,,,4,4,0,199,,0.0
c06_s01_cov100_seed00000021_tiered_nt4,tiered,fast_gate,6,1,,,4,5,0,12,,0.0
c06_s01_cov100_seed00000022_tiered_nt4,tiered,fast_gate,6,1,,,4,0,5835,0,0.8359897172236503,0.8359897172236503
c06_s01_cov100_seed00000022_tiered_nt4,tiered,fast_gate,6,1,,,4,1,1347,1146,0.896807720861173,0.48455675892498995
c06_s01_cov100_seed00000022_tiered_nt4,tiered,fast_gate,6,1,,,4,2,162,1117,0.11728395061728394,0.014855355746677092
c06_s01_cov100_seed00000022_tiered_nt4,tiered,fast_gate,6,1,,,4,3,26,485,0.0,0.0
c06_s01_cov100_seed00000022_tiered_nt4,tiered,fast_gate,6,1,,,4,4,0,579,,0.0
c06_s01_cov100_seed00000022_tiered_nt4,tiered,fast_gate,6,1,,,4,5,0,270,,0.0
c06_s01_cov100_seed00000022_tiered_nt4,tiered,fast_gate,6,1,,,4,6,0,33,,0.0
c06_s01_cov100_seed00000023_tiered_nt4,tiered,fast_gate,6,1,,,4,0,7017,0,0.9190537266638165,0.9190537266638165
c06_s01_cov100_seed00000023_tiered_nt4,tiered,fast_gate,6,1,,,4,1,1349,548,0.8762045959970348,0.6230890880337375
c06_s01_cov100_seed00000023_tiered_nt4,tiered,fast_gate,6,1,,,4,2,123,733,0.967479674796748,0.13901869158878505
c06_s01_cov100_seed00000023_tiered_nt4,tiered,fast_gate,6,1,,,4,3,9,429,1.0,0.02054794520547945
c06_s01_cov100_seed00000023_tiered_nt4,tiered,fast_gate,6,1,,,4,4,0,626,,0.0
c06_s01_cov100_seed00000023_tiered_nt4,tiered,fast_gate,6,1,,,4,5,0,155,,0.0
c06_s01_cov100_seed00000023_tiered_nt4,tiered,fast_gate,6,1,,,4,6,0,11,,0.0
c06_s01_cov100_seed00000024_tiered_nt4,tiered,fast_gate,6,1,,,4,0,8030,0,0.9217932752179328,0.9217932752179328
c06_s01_cov100_seed00000024_tiered_nt4,tiered,fast_gate,6,1,,,4,1,442,771,0.8800904977375565,0.32069249793899424
c06_s01_cov100_seed00000024_tiered_nt4,tiered,fast_gate,6,1,,,4,2,8,550,1.0,0.014336917562724014
c06_s01_cov100_seed00000024_tiered_nt4,tiered,fast_gate,6,1,,,4,3,0,466,,0.0
c06_s01_cov100_seed00000024_tiered_nt4,tiered,fast_gate,6,1,,,4,4,0,687,,0.0
c06_s01_cov100_seed00000024_tiered_nt4,tiered,fast_gate,6,1,,,4,5,0,46,,0.0
c06_s01_cov100_seed00000025_tiered_nt4,tiered,fast_gate,6,1,,,4,0,5461,0,0.8478300677531587,0.8478300677531587
c06_s01_cov100_seed00000025_tiered_nt4,tiered,fast_gate,6,1,,,4,1,1277,1222,0.9028974158183242,0.4613845538215286
c06_s01_cov100_seed00000025_tiered_nt4,tiered,fast_gate,6,1,,,4,2,279,1204,0.5197132616487455,0.09777478084962914
c06_s01_cov100_seed00000025_tiered_nt4,tiered,fast_gate,6,1,,,4,3,35,845,0.4,0.015909090909090907
c06_s01_cov100_seed00000025_tiered_nt4,tiered,fast_gate,6,1,,,4,4,7,377,0.14285714285714285,0.0026041666666666665
c06_s01_cov100_seed00000025_tiered_nt4,tiered,fast_gate,6,1,,,4,5,0,242,,0.0
c06_s01_cov100_seed00000025_tiered_nt4,tiered,fast_gate,6,1,,,4,6,0,39,,0.0
c06_s01_cov100_seed00000025_tiered_nt4,tiered,fast_gate,6,1,,,4,7,0,12,,0.0
c06_s01_cov100_seed00000026_tiered_nt4,tiered,fast_gate,6,1,,,4,0,4329,0,0.902055902055902,0.902055902055902
c06_s01_cov100_seed00000026_tiered_nt4,tiered,fast_gate,6,1,,,4,1,2374,568,0.7388374052232519,0.5961930659415363
c06_s01_cov100_seed00000026_tiered_nt4,tiered,fast_gate,6,1,,,4,2,752,1364,0.1422872340425532,0.05056710775047259
c06_s01_cov100_seed00000026_tiered_nt4,tiered,fast_gate,6,1,,,4,3,283,683,0.007067137809187279,0.002070393374741201
c06_s01_cov100_seed00000026_tiered_nt4,tiered,fast_gate,6,1,,,4,4,13,518,0.0,0.0
c06_s01_cov100_seed00000026_tiered_nt4,tiered,fast_gate,6,1,,,4,5,0,105,,0.0
c06_s01_cov100_seed00000026_tiered_nt4,tiered,fast_gate,6,1,,,4,6,0,11,,0.0
c06_s01_cov100_seed00000027_tiered_nt4,tiered,fast_gate,6,1,,,4,0,6226,0,0.8644394474783167,0.8644394474783167
c06_s01_cov100_seed00000027_tiered_nt4,tiered,fast_gate,6,1,,,4,1,891,1187,0.7530864197530864,0.32290664100096245
c06_s01_cov100_seed00000027_tiered_nt4,tiered,fast_gate,6,1,,,4,2,131,1328,0.9236641221374046,0.08293351610692255
c06_s01_cov100_seed00000027_tiered_nt4,tiered,fast_gate,6,1,,,4,3,25,872,1.0,0.027870680044593088
c06_s01_cov100_seed00000027_tiered_nt4,tiered,fast_gate,6,1,,,4,4,0,304,,0.0
c06_s01_cov100_seed00000027_tiered_nt4,tiered,fast_gate,6,1,,,4,5,0,36,,0.0
c06_s01_cov100_seed00000028_tiered_nt4,tiered,fast_gate,6,1,,,4,0,4568,0,0.8629597197898424,0.8629597197898424
c06_s01_cov100_seed00000028_tiered_nt4,tiered,fast_gate,6,1,,,4,1,1133,676,0.6990291262135923,0.43781094527363185
c06_s01_cov100_seed00000028_tiered_nt4,tiered,fast_gate,6,1,,,4,2,117,3191,0.15384615384615385,0.005441354292623942
c06_s01_cov100_seed00000028_tiered_nt4,tiered,fast_gate,6,1,,,4,3,12,766,0.0,0.0
c06_s01_cov100_seed00000028_tiered_nt4,tiered,fast_gate,6,1,,,4,4,0,509,,0.0
c06_s01_cov100_seed00000028_tiered_nt4,tiered,fast_gate,6,1,,,4,5,0,28,,0.0
c06_s01_cov100_seed00000029_tiered_nt4,tiered,fast_gate,6,1,,,4,0,5547,0,0.8510906796466559,0.8510906796466559
c06_s01_cov100_seed00000029_tiered_nt4,tiered,fast_gate,6,1,,,4,1,1329,799,0.5741158765989466,0.35855263157894735
c06_s01_cov100_seed00000029_tiered_nt4,tiered,fast_gate,6,1,,,4,2,161,2063,0.031055900621118012,0.0022482014388489208
c06_s01_cov100_seed00000029_tiered_nt4,tiered,fast_gate,6,1,,,4,3,41,634,0.0,0.0
c06_s01_cov100_seed00000029_tiered_nt4,tiered,fast_gate,6,1,,,4,4,0,357,,0.0
c06_s01_cov100_seed00000029_tiered_nt4,tiered,fast_gate,6,1,,,4,5,0,50,,0.0
c06_s01_cov100_seed00000029_tiered_nt4,tiered,fast_gate,6,1,,,4,6,0,19,,0.0
c06_s01_cov100_seed00000030_tiered_nt4,tiered,fast_gate,6,1,,,4,0,6969,0,0.9120390299899556,0.9120390299899556
c06_s01_cov100_seed00000030_tiered_nt4,tiered,fast_gate,6,1,,,4,1,1368,565,0.8764619883040936,0.620279358510088
c06_s01_cov100_seed00000030_tiered_nt4,tiered,fast_gate,6,1,,,4,2,132,731,0.9772727272727273,0.14947856315179606
c06_s01_cov100_seed00000030_tiered_nt4,tiered,fast_gate,6,1,,,4,3,14,435,1.0,0.031180400890868598
c06_s01_cov100_seed00000030_tiered_nt4,tiered,fast_gate,6,1,,,4,4,0,637,,0.0
c06_s01_cov100_seed00000030_tiered_nt4,tiered,fast_gate,6,1,,,4,5,0,141,,0.0
c06_s01_cov100_seed00000030_tiered_nt4,tiered,fast_gate,6,1,,,4,6,0,8,,0.0
c06_s01_cov100_seed00000031_tiered_nt4,tiered,fast_gate,6,1,,,4,0,5448,0,0.8476505139500734,0.8476505139500734
c06_s01_cov100_seed00000031_tiered_nt4,tiered,fast_gate,6,1,,,4,1,1399,1773,0.8942101501072195,0.39438839848675916
c06_s01_cov100_seed00000031_tiered_nt4,tiered,fast_gate,6,1,,,4,2,288,774,0.5694444444444444,0.1544256120527307
c06_s01_cov100_seed00000031_tiered_nt4,tiered,fast_gate,6,1,,,4,3,32,708,0.5,0.021621621621621623
c06_s01_cov100_seed00000031_tiered_nt4,tiered,fast_gate,6,1,,,4,4,2,380,1.0,0.005235602094240838
c06_s01_cov100_seed00000031_tiered_nt4,tiered,fast_gate,6,1,,,4,5,0,169,,0.0
c06_s01_cov100_seed00000031_tiered_nt4,tiered,fast_gate,6,1,,,4,6,0,27,,0.0
c06_s01_cov100_seed00000032_tiered_nt4,tiered,fast_gate,6,1,,,4,0,6500,0,0.8229230769230769,0.8229230769230769
c06_s01_cov100_seed00000032_tiered_nt4,tiered,fast_gate,6,1,,,4,1,449,1515,0.17817371937639198,0.04073319755600815
c06_s01_cov100_seed00000032_tiered_nt4,tiered,fast_gate,6,1,,,4,2,42,1834,0.0,0.0
c06_s01_cov100_seed00000032_tiered_nt4,tiered,fast_gate,6,1,,,4,3,0,600,,0.0
c06_s01_cov100_seed00000032_tiered_nt4,tiered,fast_gate,6,1,,,4,4,0,60,,0.0
c06_s01_cov100_seed00000033_tiered_nt4,tiered,fast_gate,6,1,,,4,0,4321,0,0.9099745429298773,0.9099745429298773
c06_s01_cov100_seed00000033_tiered_nt4,tiered,fast_gate,6,1,,,4,1,2350,1544,0.3174468085106383,0.19157678479712378
c06_s01_cov100_seed00000033_tiered_nt4,tiered,fast_gate,6,1,,,4,2,860,907,0.0,0.0
c06_s01_cov100_seed00000033_tiered_nt4,tiered,fast_gate,6,1,,,4,3,49,748,0.0,0.0
c06_s01_cov100_seed00000033_tiered_nt4,tiered,fast_gate,6,1,,,4,4,0,221,,0.0
c06_s01_cov100_seed00000034_tiered_nt4,tiered,fast_gate,6,1,,,4,0,5980,0,0.8401337792642141,0.8401337792642141
c06_s01_cov100_seed00000034_tiered_nt4,tiered,fast_gate,6,1,,,4,1,1103,1493,0.85675430643699,0.3640215716486903
c06_s01_cov100_seed00000034_tiered_nt4,tiered,fast_gate,6,1,,,4,2,129,1100,0.43410852713178294,0.045565500406834825
c06_s01_cov100_seed00000034_tiered_nt4,tiered,fast_gate,6,1,,,4,3,10,875,0.4,0.004519774011299435
c06_s01_cov100_seed00000034_tiered_nt4,tiered,fast_gate,6,1,,,4,4,0,283,,0.0
c06_s01_cov100_seed00000034_tiered_nt4,tiered,fast_gate,6,1,,,4,5,0,26,,0.0
c06_s01_cov100_seed00000034_tiered_nt4,tiered,fast_gate,6,1,,,4,6,0,1,,0.0
c06_s01_cov100_seed00000035_tiered_nt4,tiered,fast_gate,6,1,,,4,0,6001,0,0.8510248291951341,0.8510248291951341
c06_s01_cov100_seed00000035_tiered_nt4,tiered,fast_gate,6,1,,,4,1,1143,1460,0.7567804024496938,0.3323088743757203
c06_s01_cov100_seed00000035_tiered_nt4,tiered,fast_gate,6,1,,,4,2,125,1099,0.6,0.061274509803921566
c06_s01_cov100_seed00000035_tiered_nt4,tiered,fast_gate,6,1,,,4,3,9,863,0.3333333333333333,0.0034403669724770644
c06_s01_cov100_seed00000035_tiered_nt4,tiered,fast_gate,6,1,,,4,4,0,275,,0.0
c06_s01_cov100_seed00000035_tiered_nt4,tiered,fast_gate,6,1,,,4,5,0,24,,0.0
c06_s01_cov100_seed00000035_tiered_nt4,tiered,fast_gate,6,1,,,4,6,0,1,,0.0
c06_s01_cov100_seed00000036_tiered_nt4,tiered,fast_gate,6,1,,,4,0,6891,0,0.9181541140618198,0.9181541140618198
c06_s01_cov100_seed00000036_tiered_nt4,tiered,fast_gate,6,1,,,4,1,419,1821,0.8806682577565632,0.16473214285714285
c06_s01_cov100_seed00000036_tiered_nt4,tiered,fast_gate,6,1,,,4,2,13,817,1.0,0.01566265060240964
c06_s01_cov100_seed00000036_tiered_nt4,tiered,fast_gate,6,1,,,4,3,0,876,,0.0
c06_s01_cov100_seed00000036_tiered_nt4,tiered,fast_gate,6,1,,,4,4,0,157,,0.0
c06_s01_cov100_seed00000036_tiered_nt4,tiered,fast_gate,6,1,,,4,5,0,6,,0.0
c06_s01_cov100_seed00000037_tiered_nt4,tiered,fast_gate,6,1,,,4,0,5488,0,0.8850218658892128,0.8850218658892128
c06_s01_cov100_seed00000037_tiered_nt4,tiered,fast_gate,6,1,,,4,1,1358,1864,0.8166421207658321,0.3441961514587213
c06_s01_cov100_seed00000037_tiered_nt4,tiered,fast_gate,6,1,,,4,2,171,888,0.7719298245614035,0.12464589235127478
c06_s01_cov100_seed00000037_tiered_nt4,tiered,fast_gate,6,1,,,4,3,16,845,1.0,0.018583042973286876
c06_s01_cov100_seed00000037_tiered_nt4,tiered,fast_gate,6,1,,,4,4,0,345,,0.0
c06_s01_cov100_seed00000037_tiered_nt4,tiered,fast_gate,6,1,,,4,5,0,25,,0.0
c06_s01_cov100_seed00000038_tiered_nt4,tiered,fast_gate,6,1,,,4,0,3982,0,0.9075841285786037,0.9075841285786037
c06_s01_cov100_seed00000038_tiered_nt4,tiered,fast_gate,6,1,,,4,1,2307,535,0.6879063719115734,0.5584095707248417
c06_s01_cov100_seed00000038_tiered_nt4,tiered,fast_gate,6,1,,,4,2,1202,929,0.09900166389351081,0.05584232754575317
c06_s01_cov100_seed00000038_tiered_nt4,tiered,fast_gate,6,1,,,4,3,586,812,0.0,0.0
c06_s01_cov100_seed00000038_tiered_nt4,tiered,fast_gate,6,1,,,4,4,183,294,0.0,0.0
c06_s01_cov100_seed00000038_tiered_nt4,tiered,fast_gate,6,1,,,4,5,3,146,0.0,0.0
c06_s01_cov100_seed00000038_tiered_nt4,tiered,fast_gate,6,1,,,4,6,0,21,,0.0
c06_s01_cov100_seed00000039_tiered_nt4,tiered,fast_gate,6,1,,,4,0,4043,0,0.9094731634924561,0.9094731634924561
c06_s01_cov100_seed00000039_tiered_nt4,tiered,fast_gate,6,1,,,4,1,2264,916,0.526060070671378,0.3745283018867924
c06_s01_cov100_seed00000039_tiered_nt4,tiered,fast_gate,6,1,,,4,2,1077,848,0.17734447539461468,0.09922077922077922
c06_s01_cov100_seed00000039_tiered_nt4,tiered,fast_gate,6,1,,,4,3,558,765,0.012544802867383513,0.005291005291005291
c06_s01_cov100_seed00000039_tiered_nt4,tiered,fast_gate,6,1,,,4,4,105,272,0.0,0.0
c06_s01_cov100_seed00000039_tiered_nt4,tiered,fast_gate,6,1,,,4,5,5,135,0.0,0.0
c06_s01_cov100_seed00000039_tiered_nt4,tiered,fast_gate,6,1,,,4,6,0,12,,0.0
c06_s03_cov100_seed00000000_tiered_nt2,tiered,fast_gate,6,3,,,2,0,2819,0,0.9276339127350124,0.9276339127350124
c06_s03_cov100_seed00000000_tiered_nt2,tiered,fast_gate,6,3,,,2,1,2791,0,0.8509494804729487,0.8509494804729487
c06_s03_cov100_seed00000000_tiered_nt2,tiered,fast_gate,6,3,,,2,2,1562,737,0.5076824583866837,0.3449325793823401
c06_s03_cov100_seed00000000_tiered_nt2,tiered,fast_gate,6,3,,,2,3,333,1340,0.0,0.0
c06_s03_cov100_seed00000000_tiered_nt2,tiered,fast_gate,6,3,,,2,4,0,1101,,0.0
c06_s03_cov100_seed00000000_tiered_nt2,tiered,fast_gate,6,3,,,2,5,0,280,,0.0
c06_s03_cov100_seed00000000_tiered_nt2,tiered,fast_gate,6,3,,,2,6,0,37,,0.0
c06_s03_cov100_seed00000001_tiered_nt2,tiered,fast_gate,6,3,,,2,0,3554,0,0.8823860438942037,0.8823860438942037
c06_s03_cov100_seed00000001_tiered_nt2,tiered,fast_gate,6,3,,,2,1,3368,0,0.7393111638954869,0.7393111638954869
c06_s03_cov100_seed00000001_tiered_nt2,tiered,fast_gate,6,3,,,2,2,1119,819,0.5773011617515639,0.3333333333333333
c06_s03_cov100_seed00000001_tiered_nt2,tiered,fast_gate,6,3,,,2,3,0,1665,,0.0
c06_s03_cov100_seed00000001_tiered_nt2,tiered,fast_gate,6,3,,,2,4,0,475,,0.0
c06_s03_cov100_seed00000002_tiered_nt2,tiered,fast_gate,6,3,,,2,0,3476,0,0.8863636363636364,0.8863636363636364
c06_s03_cov100_seed00000002_tiered_nt2,tiered,fast_gate,6,3,,,2,1,3393,0,0.7574417919245505,0.7574417919245505
c06_s03_cov100_seed00000002_tiered_nt2,tiered,fast_gate,6,3,,,2,2,1174,754,0.6141396933560477,0.37396265560165975
c06_s03_cov100_seed00000002_tiered_nt2,tiered,fast_gate,6,3,,,2,3,0,1699,,0.0
c06_s03_cov100_seed00000002_tiered_nt2,tiered,fast_gate,6,3,,,2,4,0,504,,0.0
c06_s03_cov100_seed00000003_tiered_nt2,tiered,fast_gate,6,3,,,2,0,2795,0,0.9338103756708408,0.9338103756708408
c06_s03_cov100_seed00000003_tiered_nt2,tiered,fast_gate,6,3,,,2,1,1417,0,0.9837685250529288,0.9837685250529288
c06_s03_cov100_seed00000003_tiered_nt2,tiered,fast_gate,6,3,,,2,2,1166,1824,0.7667238421955404,0.29899665551839466
c06_s03_cov100_seed00000003_tiered_nt2,tiered,fast_gate,6,3,,,2,3,544,1413,0.7867647058823529,0.21870209504343383
c06_s03_cov100_seed00000003_tiered_nt2,tiered,fast_gate,6,3,,,2,4,0,1702,,0.0
c06_s03_cov100_seed00000003_tiered_nt2,tiered,fast_gate,6,3,,,2,5,0,139,,0.0
c06_s03_cov100_seed00000004_tiered_nt2,tiered,fast_gate,6,3,,,2,0,3487,0,0.8147404645827359,0.8147404645827359
c06_s03_cov100_seed00000004_tiered_nt2,tiered,fast_gate,6,3,,,2,1,2604,671,0.7799539170506913,0.6201526717557252
c06_s03_cov100_seed00000004_tiered_nt2,tiered,fast_gate,6,3,,,2,2,661,1971,0.8169440242057489,0.20516717325227962
c06_s03_cov100_seed00000004_tiered_nt2,tiered,fast_gate,6,3,,,2,3,0,1331,,0.0
c06_s03_cov100_seed00000004_tiered_nt2,tiered,fast_gate,6,3,,,2,4,0,243,,0.0
c06_s03_cov100_seed00000004_tiered_nt2,tiered,fast_gate,6,3,,,2,5,0,32,,0.0
c06_s03_cov100_seed00000005_tiered_nt2,tiered,fast_gate,6,3,,,2,0,3468,0,0.81199538638985,0.81199538638985
c06_s03_cov100_seed00000005_tiered_nt2,tiered,fast_gate,6,3,,,2,1,2604,718,0.7726574500768049,0.6056592414208308
c06_s03_cov100_seed00000005_tiered_nt2,tiered,fast_gate,6,3,,,2,2,654,2052,0.8302752293577982,0.2006651884700665
c06_s03_cov100_seed00000005_tiered_nt2,tiered,fast_gate,6,3,,,2,3,0,1264,,0.0
c06_s03_cov100_seed00000005_tiered_nt2,tiered,fast_gate,6,3,,,2,4,0,223,,0.0
c06_s03_cov100_seed00000005_tiered_nt2,tiered,fast_gate,6,3,,,2,5,0,17,,0.0
c06_s03_cov100_seed00000006_tiered_nt2,tiered,fast_gate,6,3,,,2,0,4902,0,0.7768257853937168,0.7768257853937168
c06_s03_cov100_seed00000006_tiered_nt2,tiered,fast_gate,6,3,,,2,1,2824,0,0.8087818696883853,0.8087818696883853
c06_s03_cov100_seed00000006_tiered_nt2,tiered,fast_gate,6,3,,,2,2,309,2077,1.0,0.12950544844928752
c06_s03_cov100_seed00000006_tiered_nt2,tiered,fast_gate,6,3,,,2,3,0,860,,0.0
c06_s03_cov100_seed00000006_tiered_nt2,tiered,fast_gate,6,3,,,2,4,0,28,,0.0
c06_s03_cov100_seed00000007_tiered_nt2,tiered,fast_gate,6,3,,,2,0,2768,0,0.9331647398843931,0.9331647398843931
c06_s03_cov100_seed00000007_tiered_nt2,tiered,fast_gate,6,3,,,2,1,1954,1061,0.7446264073694985,0.48258706467661694
c06_s03_cov100_seed00000007_tiered_nt2,tiered,fast_gate,6,3,,,2,2,967,1898,0.21509824198552224,0.07260034904013962
c06_s03_cov100_seed00000007_tiered_nt2,tiered,fast_gate,6,3,,,2,3,344,1252,0.0,0.0
c06_s03_cov100_seed00000007_tiered_nt2,tiered,fast_gate,6,3,,,2,4,0,676,,0.0
c06_s03_cov100_seed00000007_tiered_nt2,tiered,fast_gate,6,3,,,2,5,0,80,,0.0
c06_s03_cov100_seed00000008_tiered_nt2,tiered,fast_gate,6,3,,,2,0,4911,0,0.7739767868051314,0.7739767868051314
c06_s03_cov100_seed00000008_tiered_nt2,tiered,fast_gate,6,3,,,2,1,2811,0,0.7879758093205265,0.7879758093205265
c06_s03_cov100_seed00000008_tiered_nt2,tiered,fast_gate,6,3,,,2,2,283,2106,1.0,0.11845960652992885
c06_s03_cov100_seed00000008_tiered_nt2,tiered,fast_gate,6,3,,,2,3,0,863,,0.0
c06_s03_cov100_seed00000008_tiered_nt2,tiered,fast_gate,6,3,,,2,4,0,26,,0.0
c06_s03_cov100_seed00000009_tiered_nt2,tiered,fast_gate,6,3,,,2,0,2798,0,0.9310221586847749,0.9310221586847749
c06_s03_cov100_seed00000009_tiered_nt2,tiered,fast_gate,6,3,,,2,1,2426,512,0.8969497114591921,0.7406398910823689
c06_s03_cov100_seed00000009_tiered_nt2,tiered,fast_gate,6,3,,,2,2,1217,1345,0.9096138044371405,0.43208430913348944
c06_s03_cov100_seed00000009_tiered_nt2,tiered,fast_gate,6,3,,,2,3,335,1221,1.0,0.2152956298200514
c06_s03_cov100_seed00000009_tiered_nt2,tiered,fast_gate,6,3,,,2,4,0,1008,,0.0
c06_s03_cov100_seed00000009_tiered_nt2,tiered,fast_gate,6,3,,,2,5,0,138,,0.0
c06_s03_cov100_seed00000010_tiered_nt2,tiered,fast_gate,6,3,,,2,0,2806,0,0.9347826086956522,0.9347826086956522
c06_s03_cov100_seed00000010_tiered_nt2,tiered,fast_gate,6,3,,,2,1,2413,479,0.681309573145462,0.5684647302904564
c06_s03_cov100_seed00000010_tiered_nt2,tiered,fast_gate,6,3,,,2,2,1306,1323,0.6370597243491577,0.3164701407379232
c06_s03_cov100_seed00000010_tiered_nt2,tiered,fast_gate,6,3,,,2,3,329,1261,0.9270516717325228,0.1918238993710692
c06_s03_cov100_seed00000010_tiered_nt2,tiered,fast_gate,6,3,,,2,4,0,932,,0.0
c06_s03_cov100_seed00000010_tiered_nt2,tiered,fast_gate,6,3,,,2,5,0,151,,0.0
c06_s03_cov100_seed00000011_tiered_nt2,tiered,fast_gate,6,3,,,2,0,3531,0,0.8850184083828944,0.8850184083828944
c06_s03_cov100_seed00000011_tiered_nt2,tiered,fast_gate,6,3,,,2,1,2730,684,0.936996336996337,0.7492677211482133
c06_s03_cov100_seed00000011_tiered_nt2,tiered,fast_gate,6,3,,,2,2,734,1680,1.0,0.304059652029826
c06_s03_cov100_seed00000011_tiered_nt2,tiered,fast_gate,6,3,,,2,3,0,1291,,0.0
c06_s03_cov100_seed00000011_tiered_nt2,tiered,fast_gate,6,3,,,2,4,0,350,,0.0
c06_s03_cov100_seed00000012_tiered_nt2,tiered,fast_gate,6,3,,,2,0,4954,0,0.7741219216794509,0.7741219216794509
c06_s03_cov100_seed00000012_tiered_nt2,tiered,fast_gate,6,3,,,2,1,2411,0,0.8162588137702198,0.8162588137702198
c06_s03_cov100_seed00000012_tiered_nt2,tiered,fast_gate,6,3,,,2,2,749,1753,0.829105473965287,0.24820143884892087
c06_s03_cov100_seed00000012_tiered_nt2,tiered,fast_gate,6,3,,,2,3,90,953,1.0,0.0862895493767977
c06_s03_cov100_seed00000012_tiered_nt2,tiered,fast_gate,6,3,,,2,4,0,90,,0.0
c06_s03_cov100_seed00000013_tiered_nt2,tiered,fast_gate,6,3,,,2,0,2799,0,0.9221150410861022,0.9221150410861022
c06_s03_cov100_seed00000013_tiered_nt2,tiered,fast_gate,6,3,,,2,1,2227,680,0.6609788953749439,0.5063639490884073
c06_s03_cov100_seed00000013_tiered_nt2,tiered,fast_gate,6,3,,,2,2,693,2020,0.3347763347763348,0.085514190932547
c06_s03_cov100_seed00000013_tiered_nt2,tiered,fast_gate,6,3,,,2,3,0,1863,,0.0
c06_s03_cov100_seed00000013_tiered_nt2,tiered,fast_gate,6,3,,,2,4,0,691,,0.0
c06_s03_cov100_seed00000013_tiered_nt2,tiered,fast_gate,6,3,,,2,5,0,27,,0.0
c06_s03_cov100_seed00000014_tiered_nt2,tiered,fast_gate,6,3,,,2,0,3500,0,0.884,0.884
c06_s03_cov100_seed00000014_tiered_nt2,tiered,fast_gate,6,3,,,2,1,2564,712,0.9387675507020281,0.7347374847374848
c06_s03_cov100_seed00000014_tiered_nt2,tiered,fast_gate,6,3,,,2,2,519,2100,1.0,0.1981672394043528
c06_s03_cov100_seed00000014_tiered_nt2,tiered,fast_gate,6,3,,,2,3,0,1452,,0.0
c06_s03_cov100_seed00000014_tiered_nt2,tiered,fast_gate,6,3,,,2,4,0,129,,0.0
c06_s03_cov100_seed00000014_tiered_nt2,tiered,fast_gate,6,3,,,2,5,0,24,,0.0
c06_s03_cov100_seed00000015_tiered_nt2,tiered,fast_gate,6,3,,,2,0,2760,0,0.9427536231884058,0.9427536231884058
c06_s03_cov100_seed00000015_tiered_nt2,tiered,fast_gate,6,3,,,2,1,1909,978,0.7344159245678366,0.4856252164877035
c06_s03_cov100_seed00000015_tiered_nt2,tiered,fast_gate,6,3,,,2,2,952,2016,0.23214285714285715,0.07446091644204851
c06_s03_cov100_seed00000015_tiered_nt2,tiered,fast_gate,6,3,,,2,3,339,1295,0.0,0.0
c06_s03_cov100_seed00000015_tiered_nt2,tiered,fast_gate,6,3,,,2,4,0,658,,0.0
c06_s03_cov100_seed00000015_tiered_nt2,tiered,fast_gate,6,3,,,2,5,0,93,,0.0
c06_s03_cov100_seed00000016_tiered_nt2,tiered,fast_gate,6,3,,,2,0,3531,0,0.8946474086661003,0.8946474086661003
c06_s03_cov100_seed00000016_tiered_nt2,tiered,fast_gate,6,3,,,2,1,3263,0,0.736438859944836,0.736438859944836
c06_s03_cov100_seed00000016_tiered_nt2,tiered,fast_gate,6,3,,,2,2,1151,1128,0.5699391833188532,0.2878455462922334
c06_s03_cov100_seed00000016_tiered_nt2,tiered,fast_gate,6,3,,,2,3,0,1375,,0.0
c06_s03_cov100_seed00000016_tiered_nt2,tiered,fast_gate,6,3,,,2,4,0,504,,0.0
c06_s03_cov100_seed00000016_tiered_nt2,tiered,fast_gate,6,3,,,2,5,0,48,,0.0
c06_s03_cov100_seed00000017_tiered_nt2,tiered,fast_gate,6,3,,,2,0,3562,0,0.882369455362156,0.882369455362156
c06_s03_cov100_seed00000017_tiered_nt2,tiered,fast_gate,6,3,,,2,1,3296,0,0.7472694174757282,0.7472694174757282
c06_s03_cov100_seed00000017_tiered_nt2,tiered,fast_gate,6,3,,,2,2,1053,1123,0.5451092117758785,0.26378676470588236
c06_s03_cov100_seed00000017_tiered_nt2,tiered,fast_gate,6,3,,,2,3,0,1438,,0.0
c06_s03_cov100_seed00000017_tiered_nt2,tiered,fast_gate,6,3,,,2,4,0,480,,0.0
c06_s03_cov100_seed00000017_tiered_nt2,tiered,fast_gate,6,3,,,2,5,0,48,,0.0
c06_s03_cov100_seed00000018_tiered_nt2,tiered,fast_gate,6,3,,,2,0,3474,0,0.8880253310305124,0.8880253310305124
c06_s03_cov100_seed00000018_tiered_nt2,tiered,fast_gate,6,3,,,2,1,2510,729,0.6633466135458167,0.5140475455387465
c06_s03_cov100_seed00000018_tiered_nt2,tiered,fast_gate,6,3,,,2,2,870,1396,0.593103448275862,0.22771403353927624
c06_s03_cov100_seed00000018_tiered_nt2,tiered,fast_gate,6,3,,,2,3,206,1383,0.49029126213592233,0.06356198867212083
c06_s03_cov100_seed00000018_tiered_nt2,tiered,fast_gate,6,3,,,2,4,0,409,,0.0
c06_s03_cov100_seed00000018_tiered_nt2,tiered,fast_gate,6,3,,,2,5,0,23,,0.0
c06_s03_cov100_seed00000019_tiered_nt2,tiered,fast_gate,6,3,,,2,0,3552,0,0.7958896396396397,0.7958896396396397
c06_s03_cov100_seed00000019_tiered_nt2,tiered,fast_gate,6,3,,,2,1,3291,0,0.7757520510483136,0.7757520510483136
c06_s03_cov100_seed00000019_tiered_nt2,tiered,fast_gate,6,3,,,2,2,1103,1105,0.7887579329102448,0.39402173913043476
c06_s03_cov100_seed00000019_tiered_nt2,tiered,fast_gate,6,3,,,2,3,0,1428,,0.0
c06_s03_cov100_seed00000019_tiered_nt2,tiered,fast_gate,6,3,,,2,4,0,459,,0.0
c06_s03_cov100_seed00000019_tiered_nt2,tiered,fast_gate,6,3,,,2,5,0,62,,0.0
c06_s03_cov100_seed00000020_tiered_nt2,tiered,fast_gate,6,3,,,2,0,3530,0,0.884985835694051,0.884985835694051
c06_s03_cov100_seed00000020_tiered_nt2,tiered,fast_gate,6,3,,,2,1,2423,718,0.6446553858852662,0.49729385546004456
c06_s03_cov100_seed00000020_tiered_nt2,tiered,fast_gate,6,3,,,2,2,875,1476,0.5771428571428572,0.21480221182475542
c06_s03_cov100_seed00000020_tiered_nt2,tiered,fast_gate,6,3,,,2,3,177,1375,0.5254237288135594,0.059922680412371136
c06_s03_cov100_seed00000020_tiered_nt2,tiered,fast_gate,6,3,,,2,4,0,399,,0.0
c06_s03_cov100_seed00000020_tiered_nt2,tiered,fast_gate,6,3,,,2,5,0,27,,0.0
c06_s03_cov100_seed00000021_tiered_nt2,tiered,fast_gate,6,3,,,2,0,3497,0,0.8876179582499285,0.8876179582499285
c06_s03_cov100_seed00000021_tiered_nt2,tiered,fast_gate,6,3,,,2,1,2793,708,0.6580737558181167,0.5249928591830906
c06_s03_cov100_seed00000021_tiered_nt2,tiered,fast_gate,6,3,,,2,2,695,1709,0.37985611510791367,0.10981697171381032
c06_s03_cov100_seed00000021_tiered_nt2,tiered,fast_gate,6,3,,,2,3,0,1258,,0.0
c06_s03_cov100_seed00000021_tiered_nt2,tiered,fast_gate,6,3,,,2,4,0,340,,0.0
c06_s03_cov100_seed00000022_tiered_nt2,tiered,fast_gate,6,3,,,2,0,3487,0,0.8884427874964153,0.8884427874964153
c06_s03_cov100_seed00000022_tiered_nt2,tiered,fast_gate,6,3,,,2,1,3225,0,0.7410852713178294,0.7410852713178294
c06_s03_cov100_seed00000022_tiered_nt2,tiered,fast_gate,6,3,,,2,2,1163,596,0.6956147893379192,0.4599204093234793
c06_s03_cov100_seed00000022_tiered_nt2,tiered,fast_gate,6,3,,,2,3,281,1643,0.6583629893238434,0.09615384615384616
c06_s03_cov100_seed00000022_tiered_nt2,tiered,fast_gate,6,3,,,2,4,0,542,,0.0
c06_s03_cov100_seed00000022_tiered_nt2,tiered,fast_gate,6,3,,,2,5,0,63,,0.0
c06_s03_cov100_seed00000023_tiered_nt2,tiered,fast_gate,6,3,,,2,0,2757,0,0.9332607907145448,0.9332607907145448
c06_s03_cov100_seed00000023_tiered_nt2,tiered,fast_gate,6,3,,,2,1,1439,0,0.9735927727588604,0.9735927727588604
c06_s03_cov100_seed00000023_tiered_nt2,tiered,fast_gate,6,3,,,2,2,1141,1802,0.7905346187554777,0.3064899762147469
c06_s03_cov100_seed00000023_tiered_nt2,tiered,fast_gate,6,3,,,2,3,548,1486,0.8083941605839416,0.21779744346116028
c06_s03_cov100_seed00000023_tiered_nt2,tiered,fast_gate,6,3,,,2,4,0,1659,,0.0
c06_s03_cov100_seed00000023_tiered_nt2,tiered,fast_gate,6,3,,,2,5,0,168,,0.0
c06_s03_cov100_seed00000024_tiered_nt2,tiered,fast_gate,6,3,,,2,0,4967,0,0.7702838735655325,0.7702838735655325
c06_s03_cov100_seed00000024_tiered_nt2,tiered,fast_gate,6,3,,,2,1,3038,0,0.8163265306122449,0.8163265306122449
c06_s03_cov100_seed00000024_tiered_nt2,tiered,fast_gate,6,3,,,2,2,406,1613,1.0,0.20108964834076276
c06_s03_cov100_seed00000024_tiered_nt2,tiered,fast_gate,6,3,,,2,3,0,851,,0.0
c06_s03_cov100_seed00000024_tiered_nt2,tiered,fast_gate,6,3,,,2,4,0,125,,0.0
c06_s03_cov100_seed00000025_tiered_nt2,tiered,fast_gate,6,3,,,2,0,4935,0,0.7700101317122594,0.7700101317122594
c06_s03_cov100_seed00000025_tiered_nt2,tiered,fast_gate,6,3,,,2,1,2695,0,0.7974025974025974,0.7974025974025974
c06_s03_cov100_seed00000025_tiered_nt2,tiered,fast_gate,6,3,,,2,2,816,1301,0.9509803921568627,0.3665564478034955
c06_s03_cov100_seed00000025_tiered_nt2,tiered,fast_gate,6,3,,,2,3,130,966,1.0,0.11861313868613138
c06_s03_cov100_seed00000025_tiered_nt2,tiered,fast_gate,6,3,,,2,4,0,157,,0.0
c06_s03_cov100_seed00000026_tiered_nt2,tiered,fast_gate,6,3,,,2,0,2763,0,0.9305103148751357,0.9305103148751357
c06_s03_cov100_seed00000026_tiered_nt2,tiered,fast_gate,6,3,,,2,1,2902,0,0.8490696071674707,0.8490696071674707
c06_s03_cov100_seed00000026_tiered_nt2,tiered,fast_gate,6,3,,,2,2,1636,696,0.49877750611246946,0.34991423670668953
c06_s03_cov100_seed00000026_tiered_nt2,tiered,fast_gate,6,3,,,2,3,328,1300,0.0,0.0
c06_s03_cov100_seed00000026_tiered_nt2,tiered,fast_gate,6,3,,,2,4,0,1071,,0.0
c06_s03_cov100_seed00000026_tiered_nt2,tiered,fast_gate,6,3,,,2,5,0,270,,0.0
c06_s03_cov100_seed00000026_tiered_nt2,tiered,fast_gate,6,3,,,2,6,0,34,,0.0
c06_s03_cov100_seed00000027_tiered_nt2,tiered,fast_gate,6,3,,,2,0,2772,0,0.935064935064935,0.935064935064935
c06_s03_cov100_seed00000027_tiered_nt2,tiered,fast_gate,6,3,,,2,1,1430,0,0.9853146853146854,0.9853146853146854
c06_s03_cov100_seed00000027_tiered_nt2,tiered,fast_gate,6,3,,,2,2,1140,1799,0.756140350877193,0.293297039809459
c06_s03_cov100_seed00000027_tiered_nt2,tiered,fast_gate,6,3,,,2,3,601,1492,0.7820299500831946,0.22455805064500717
c06_s03_cov100_seed00000027_tiered_nt2,tiered,fast_gate,6,3,,,2,4,0,1622,,0.0
c06_s03_cov100_seed00000027_tiered_nt2,tiered,fast_gate,6,3,,,2,5,0,144,,0.0
c06_s03_cov100_seed00000028_tiered_nt2,tiered,fast_gate,6,3,,,2,0,3579,0,0.7926795194188321,0.7926795194188321
c06_s03_cov100_seed00000028_tiered_nt2,tiered,fast_gate,6,3,,,2,1,2593,708,0.7778634785962206,0.61102696152681
c06_s03_cov100_seed00000028_tiered_nt2,tiered,fast_gate,6,3,,,2,2,643,1938,0.8351477449455676,0.20805889190236343
c06_s03_cov100_seed00000028_tiered_nt2,tiered,fast_gate,6,3,,,2,3,0,1258,,0.0
c06_s03_cov100_seed00000028_tiered_nt2,tiered,fast_gate,6,3,,,2,4,0,255,,0.0
c06_s03_cov100_seed00000028_tiered_nt2,tiered,fast_gate,6,3,,,2,5,0,26,,0.0
c06_s03_cov100_seed00000029_tiered_nt2,tiered,fast_gate,6,3,,,2,0,2803,0,0.9325722440242598,0.9325722440242598
c06_s03_cov100_seed00000029_tiered_nt2,tiered,fast_gate,6,3,,,2,1,2132,718,0.876641651031895,0.6557894736842105
c06_s03_cov100_seed00000029_tiered_nt2,tiered,fast_gate,6,3,,,2,2,716,2118,0.7918994413407822,0.20007057163020467
c06_s03_cov100_seed00000029_tiered_nt2,tiered,fast_gate,6,3,,,2,3,0,1827,,0.0
c06_s03_cov100_seed00000029_tiered_nt2,tiered,fast_gate,6,3,,,2,4,0,666,,0.0
c06_s03_cov100_seed00000029_tiered_nt2,tiered,fast_gate,6,3,,,2,5,0,20,,0.0
c06_s03_cov100_seed00000030_tiered_nt2,tiered,fast_gate,6,3,,,2,0,2753,0,0.9375227025063567,0.9375227025063567
c06_s03_cov100_seed00000030_tiered_nt2,tiered,fast_gate,6,3,,,2,1,2449,506,0.8868926092282564,0.7350253807106599
c06_s03_cov100_seed00000030_tiered_nt2,tiered,fast_gate,6,3,,,2,2,1309,1284,0.907563025210084,0.45815657539529503
c06_s03_cov100_seed00000030_tiered_nt2,tiered,fast_gate,6,3,,,2,3,336,1259,1.0,0.21065830721003134
c06_s03_cov100_seed00000030_tiered_nt2,tiered,fast_gate,6,3,,,2,4,0,942,,0.0
c06_s03_cov100_seed00000030_tiered_nt2,tiered,fast_gate,6,3,,,2,5,0,162,,0.0
c06_s03_cov100_seed00000031_tiered_nt2,tiered,fast_gate,6,3,,,2,0,3518,0,0.897384877771461,0.897384877771461
c06_s03_cov100_seed00000031_tiered_nt2,tiered,fast_gate,6,3,,,2,1,3234,0,0.7424242424242424,0.7424242424242424
c06_s03_cov100_seed00000031_tiered_nt2,tiered,fast_gate,6,3,,,2,2,1177,1163,0.5743415463041631,0.28888888888888886
c06_s03_cov100_seed00000031_tiered_nt2,tiered,fast_gate,6,3,,,2,3,0,1361,,0.0
c06_s03_cov100_seed00000031_tiered_nt2,tiered,fast_gate,6,3,,,2,4,0,484,,0.0
c06_s03_cov100_seed00000031_tiered_nt2,tiered,fast_gate,6,3,,,2,5,0,63,,0.0
c06_s03_cov100_seed00000032_tiered_nt2,tiered,fast_gate,6,3,,,2,0,2783,0,0.9295724038807043,0.9295724038807043
c06_s03_cov100_seed00000032_tiered_nt2,tiered,fast_gate,6,3,,,2,1,2174,714,0.874885004599816,0.6585872576177285
c06_s03_cov100_seed00000032_tiered_nt2,tiered,fast_gate,6,3,,,2,2,664,2061,0.7876506024096386,0.19192660550458715
c06_s03_cov100_seed00000032_tiered_nt2,tiered,fast_gate,6,3,,,2,3,0,1889,,0.0
c06_s03_cov100_seed00000032_tiered_nt2,tiered,fast_gate,6,3,,,2,4,0,677,,0.0
c06_s03_cov100_seed00000032_tiered_nt2,tiered,fast_gate,6,3,,,2,5,0,38,,0.0
c06_s03_cov100_seed00000033_tiered_nt2,tiered,fast_gate,6,3,,,2,0,3475,0,0.8785611510791367,0.8785611510791367
c06_s03_cov100_seed00000033_tiered_nt2,tiered,fast_gate,6,3,,,2,1,2630,734,0.6585551330798479,0.5148632580261593
c06_s03_cov100_seed00000033_tiered_nt2,tiered,fast_gate,6,3,,,2,2,619,1996,0.3198707592891761,0.075717017208413
c06_s03_cov100_seed00000033_tiered_nt2,tiered,fast_gate,6,3,,,2,3,0,1277,,0.0
c06_s03_cov100_seed00000033_tiered_nt2,tiered,fast_gate,6,3,,,2,4,0,239,,0.0
c06_s03_cov100_seed00000033_tiered_nt2,tiered,fast_gate,6,3,,,2,5,0,30,,0.0
c06_s03_cov100_seed00000034_tiered_nt2,tiered,fast_gate,6,3,,,2,0,3480,0,0.8919540229885058,0.8919540229885058
c06_s03_cov100_seed00000034_tiered_nt2,tiered,fast_gate,6,3,,,2,1,2524,671,0.9310618066561014,0.7355242566510172
c06_s03_cov100_seed00000034_tiered_nt2,tiered,fast_gate,6,3,,,2,2,987,1381,1.0,0.41680743243243246
c06_s03_cov100_seed00000034_tiered_nt2,tiered,fast_gate,6,3,,,2,3,123,1332,1.0,0.08453608247422681
c06_s03_cov100_seed00000034_tiered_nt2,tiered,fast_gate,6,3,,,2,4,0,451,,0.0
c06_s03_cov100_seed00000034_tiered_nt2,tiered,fast_gate,6,3,,,2,5,0,51,,0.0
c06_s03_cov100_seed00000035_tiered_nt2,tiered,fast_gate,6,3,,,2,0,3449,0,0.8837344157726877,0.8837344157726877
c06_s03_cov100_seed00000035_tiered_nt2,tiered,fast_gate,6,3,,,2,1,2578,681,0.939100077579519,0.7428659097882786
c06_s03_cov100_seed00000035_tiered_nt2,tiered,fast_gate,6,3,,,2,2,643,2066,1.0,0.23735695828719083
c06_s03_cov100_seed00000035_tiered_nt2,tiered,fast_gate,6,3,,,2,3,0,1317,,0.0
c06_s03_cov100_seed00000035_tiered_nt2,tiered,fast_gate,6,3,,,2,4,0,234,,0.0
c06_s03_cov100_seed00000035_tiered_nt2,tiered,fast_gate,6,3,,,2,5,0,32,,0.0
c06_s03_cov100_seed00000036_tiered_nt2,tiered,fast_gate,6,3,,,2,0,3494,0,0.8895248998282771,0.8895248998282771
c06_s03_cov100_seed00000036_tiered_nt2,tiered,fast_gate,6,3,,,2,1,2607,729,0.9328730341388569,0.7290167865707434
c06_s03_cov100_seed00000036_tiered_nt2,tiered,fast_gate,6,3,,,2,2,668,1938,1.0,0.2563315425940138
c06_s03_cov100_seed00000036_tiered_nt2,tiered,fast_gate,6,3,,,2,3,0,1287,,0.0
c06_s03_cov100_seed00000036_tiered_nt2,tiered,fast_gate,6,3,,,2,4,0,248,,0.0
c06_s03_cov100_seed00000036_tiered_nt2,tiered,fast_gate,6,3,,,2,5,0,29,,0.0
c06_s03_cov100_seed00000037_tiered_nt2,tiered,fast_gate,6,3,,,2,0,2770,0,0.9353790613718411,0.9353790613718411
c06_s03_cov100_seed00000037_tiered_nt2,tiered,fast_gate,6,3,,,2,1,1467,0,0.9863667348329925,0.9863667348329925
c06_s03_cov100_seed00000037_tiered_nt2,tiered,fast_gate,6,3,,,2,2,1170,1776,0.7504273504273504,0.29803122878479293
c06_s03_cov100_seed00000037_tiered_nt2,tiered,fast_gate,6,3,,,2,3,553,1416,0.7757685352622061,0.21787709497206703
c06_s03_cov100_seed00000037_tiered_nt2,tiered,fast_gate,6,3,,,2,4,0,1700,,0.0
c06_s03_cov100_seed00000037_tiered_nt2,tiered,fast_gate,6,3,,,2,5,0,148,,0.0
c06_s03_cov100_seed00000038_tiered_nt2,tiered,fast_gate,6,3,,,2,0,4934,0,0.775841102553709,0.775841102553709
c06_s03_cov100_seed00000038_tiered_nt2,tiered,fast_gate,6,3,,,2,1,2353,0,0.8210794730131746,0.8210794730131746
c06_s03_cov100_seed00000038_tiered_nt2,tiered,fast_gate,6,3,,,2,2,755,1793,0.8198675496688742,0.24293563579277866
c06_s03_cov100_seed00000038_tiered_nt2,tiered,fast_gate,6,3,,,2,3,96,979,1.0,0.08930232558139535
c06_s03_cov100_seed00000038_tiered_nt2,tiered,fast_gate,6,3,,,2,4,0,90,,0.0
c06_s03_cov100_seed00000039_tiered_nt2,tiered,fast_gate,6,3,,,2,0,3568,0,0.8797645739910314,0.8797645739910314
c06_s03_cov100_seed00000039_tiered_nt2,tiered,fast_gate,6,3,,,2,1,2524,642,0.6335182250396196,0.5050536955148452
c06_s03_cov100_seed00000039_tiered_nt2,tiered,fast_gate,6,3,,,2,2,937,1437,0.5613660618996799,0.22156697556866048
c06_s03_cov100_seed00000039_tiered_nt2,tiered,fast_gate,6,3,,,2,3,112,1317,0.7321428571428571,0.05738278516445067
c06_s03_cov100_seed00000039_tiered_nt2,tiered,fast_gate,6,3,,,2,4,0,399,,0.0
c06_s03_cov100_seed00000039_tiered_nt2,tiered,fast_gate,6,3,,,2,5,0,64,,0.0
c06_s03_cov100_seed00000000_tiered_nt3,tiered,fast_gate,6,3,,,3,0,2918,0,0.9736120630568883,0.9736120630568883
c06_s03_cov100_seed00000000_tiered_nt3,tiered,fast_gate,6,3,,,3,1,1059,0,0.8687440982058546,0.8687440982058546
c06_s03_cov100_seed00000000_tiered_nt3,tiered,fast_gate,6,3,,,3,2,1179,1649,0.8634435962680237,0.35997171145685997
c06_s03_cov100_seed00000000_tiered_nt3,tiered,fast_gate,6,3,,,3,3,958,1376,0.826722338204593,0.3393316195372751
c06_s03_cov100_seed00000000_tiered_nt3,tiered,fast_gate,6,3,,,3,4,126,1267,0.9365079365079365,0.08470926058865758
c06_s03_cov100_seed00000000_tiered_nt3,tiered,fast_gate,6,3,,,3,5,15,392,0.9333333333333333,0.0343980343980344
c06_s03_cov100_seed00000000_tiered_nt3,tiered,fast_gate,6,3,,,3,6,0,61,,0.0
c06_s03_cov100_seed00000001_tiered_nt3,tiered,fast_gate,6,3,,,3,0,3742,0,0.9492250133618386,0.9492250133618386
c06_s03_cov100_seed00000001_tiered_nt3,tiered,fast_gate,6,3,,,3,1,2286,868,0.9440069991251093,0.6842105263157895
c06_s03_cov100_seed00000001_tiered_nt3,tiered,fast_gate,6,3,,,3,2,736,1362,0.9578804347826086,0.33603431839847475
c06_s03_cov100_seed00000001_tiered_nt3,tiered,fast_gate,6,3,,,3,3,121,1202,0.8677685950413223,0.07936507936507936
c06_s03_cov100_seed00000001_tiered_nt3,tiered,fast_gate,6,3,,,3,4,1,507,1.0,0.001968503937007874
c06_s03_cov100_seed00000001_tiered_nt3,tiered,fast_gate,6,3,,,3,5,0,158,,0.0
c06_s03_cov100_seed00000001_tiered_nt3,tiered,fast_gate,6,3,,,3,6,0,17,,0.0
c06_s03_cov100_seed00000002_tiered_nt3,tiered,fast_gate,6,3,,,3,0,3738,0,0.9582664526484751,0.9582664526484751
c06_s03_cov100_seed00000002_tiered_nt3,tiered,fast_gate,6,3,,,3,1,2360,878,0.9309322033898305,0.6785052501544163
c06_s03_cov100_seed00000002_tiered_nt3,tiered,fast_gate,6,3,,,3,2,686,1345,0.9314868804664723,0.31462333825701627
c06_s03_cov100_seed00000002_tiered_nt3,tiered,fast_gate,6,3,,,3,3,127,1201,0.8661417322834646,0.08283132530120482
c06_s03_cov100_seed00000002_tiered_nt3,tiered,fast_gate,6,3,,,3,4,5,486,1.0,0.010183299389002037
c06_s03_cov100_seed00000002_tiered_nt3,tiered,fast_gate,6,3,,,3,5,0,160,,0.0
c06_s03_cov100_seed00000002_tiered_nt3,tiered,fast_gate,6,3,,,3,6,0,14,,0.0
c06_s03_cov100_seed00000003_tiered_nt3,tiered,fast_gate,6,3,,,3,0,3691,0,0.9517745868328367,0.9517745868328367
c06_s03_cov100_seed00000003_tiered_nt3,tiered,fast_gate,6,3,,,3,1,1810,885,0.967403314917127,0.649721706864564
c06_s03_cov100_seed00000003_tiered_nt3,tiered,fast_gate,6,3,,,3,2,477,2269,0.960167714884696,0.16678805535324107
c06_s03_cov100_seed00000003_tiered_nt3,tiered,fast_gate,6,3,,,3,3,50,1314,0.94,0.0344574780058651
c06_s03_cov100_seed00000003_tiered_nt3,tiered,fast_gate,6,3,,,3,4,0,451,,0.0
c06_s03_cov100_seed00000003_tiered_nt3,tiered,fast_gate,6,3,,,3,5,0,53,,0.0
c06_s03_cov100_seed00000004_tiered_nt3,tiered,fast_gate,6,3,,,3,0,2977,0,0.9697682230433322,0.9697682230433322
c06_s03_cov100_seed00000004_tiered_nt3,tiered,fast_gate,6,3,,,3,1,1789,1052,0.8624930128563443,0.5431186202041535
c06_s03_cov100_seed00000004_tiered_nt3,tiered,fast_gate,6,3,,,3,2,1087,1983,0.9172033118675254,0.3247557003257329
c06_s03_cov100_seed00000004_tiered_nt3,tiered,fast_gate,6,3,,,3,3,279,1360,0.989247311827957,0.1683953630262355
c06_s03_cov100_seed00000004_tiered_nt3,tiered,fast_gate,6,3,,,3,4,14,408,1.0,0.03317535545023697
c06_s03_cov100_seed00000004_tiered_nt3,tiered,fast_gate,6,3,,,3,5,0,51,,0.0
c06_s03_cov100_seed00000005_tiered_nt3,tiered,fast_gate,6,3,,,3,0,2941,0,0.972118327099626,0.972118327099626
c06_s03_cov100_seed00000005_tiered_nt3,tiered,fast_gate,6,3,,,3,1,1855,1030,0.8684636118598382,0.5584055459272097
c06_s03_cov100_seed00000005_tiered_nt3,tiered,fast_gate,6,3,,,3,2,1071,2013,0.9131652661064426,0.31712062256809337
c06_s03_cov100_seed00000005_tiered_nt3,tiered,fast_gate,6,3,,,3,3,266,1308,0.9699248120300752,0.1639135959339263
c06_s03_cov100_seed00000005_tiered_nt3,tiered,fast_gate,6,3,,,3,4,16,447,1.0,0.03455723542116631
c06_s03_cov100_seed00000005_tiered_nt3,tiered,fast_gate,6,3,,,3,5,0,53,,0.0
c06_s03_cov100_seed00000006_tiered_nt3,tiered,fast_gate,6,3,,,3,0,3678,0,0.9929309407286568,0.9929309407286568
c06_s03_cov100_seed00000006_tiered_nt3,tiered,fast_gate,6,3,,,3,1,2498,1305,0.9499599679743795,0.6239810675782277
c06_s03_cov100_seed00000006_tiered_nt3,tiered,fast_gate,6,3,,,3,2,621,1388,0.9114331723027376,0.2817322050771528
c06_s03_cov100_seed00000006_tiered_nt3,tiered,fast_gate,6,3,,,3,3,29,1006,0.896551724137931,0.025120772946859903
c06_s03_cov100_seed00000006_tiered_nt3,tiered,fast_gate,6,3,,,3,4,0,449,,0.0
c06_s03_cov100_seed00000006_tiered_nt3,tiered,fast_gate,6,3,,,3,5,0,26,,0.0
c06_s03_cov100_seed00000007_tiered_nt3,tiered,fast_gate,6,3,,,3,0,2857,0,0.976198809940497,0.976198809940497
c06_s03_cov100_seed00000007_tiered_nt3,tiered,fast_gate,6,3,,,3,1,1975,995,0.8384810126582278,0.5575757575757576
c06_s03_cov100_seed00000007_tiered_nt3,tiered,fast_gate,6,3,,,3,2,593,2484,0.7689713322091062,0.1481962950926227
c06_s03_cov100_seed00000007_tiered_nt3,tiered,fast_gate,6,3,,,3,3,83,1491,0.5421686746987951,0.028589580686149935
c06_s03_cov100_seed00000007_tiered_nt3,tiered,fast_gate,6,3,,,3,4,1,471,1.0,0.00211864406779661
c06_s03_cov100_seed00000007_tiered_nt3,tiered,fast_gate,6,3,,,3,5,0,50,,0.0
c06_s03_cov100_seed00000008_tiered_nt3,tiered,fast_gate,6,3,,,3,0,3723,0,0.9922105828632823,0.9922105828632823
c06_s03_cov100_seed00000008_tiered_nt3,tiered,fast_gate,6,3,,,3,1,2516,1223,0.9487281399046105,0.6384059909066595
c06_s03_cov100_seed00000008_tiered_nt3,tiered,fast_gate,6,3,,,3,2,547,1438,0.8903107861060329,0.24534005037783374
c06_s03_cov100_seed00000008_tiered_nt3,tiered,fast_gate,6,3,,,3,3,15,1067,0.8666666666666667,0.012014787430683918
c06_s03_cov100_seed00000008_tiered_nt3,tiered,fast_gate,6,3,,,3,4,0,434,,0.0
c06_s03_cov100_seed00000008_tiered_nt3,tiered,fast_gate,6,3,,,3,5,0,37,,0.0
c06_s03_cov100_seed00000009_tiered_nt3,tiered,fast_gate,6,3,,,3,0,3780,0,0.9933862433862434,0.9933862433862434
c06_s03_cov100_seed00000009_tiered_nt3,tiered,fast_gate,6,3,,,3,1,2919,380,0.9674546077423776,0.8560169748408608
c06_s03_cov100_seed00000009_tiered_nt3,tiered,fast_gate,6,3,,,3,2,603,998,0.9535655058043118,0.3591505309181761
c06_s03_cov100_seed00000009_tiered_nt3,tiered,fast_gate,6,3,,,3,3,10,1734,0.9,0.005160550458715597
c06_s03_cov100_seed00000009_tiered_nt3,tiered,fast_gate,6,3,,,3,4,0,549,,0.0
c06_s03_cov100_seed00000009_tiered_nt3,tiered,fast_gate,6,3,,,3,5,0,27,,0.0
c06_s03_cov100_seed00000010_tiered_nt3,tiered,fast_gate,6,3,,,3,0,2974,0,0.9747814391392065,0.9747814391392065
c06_s03_cov100_seed00000010_tiered_nt3,tiered,fast_gate,6,3,,,3,1,1059,258,0.8762983947119924,0.7046317388003037
c06_s03_cov100_seed00000010_tiered_nt3,tiered,fast_gate,6,3,,,3,2,1123,1743,0.8691006233303651,0.3405443126308444
c06_s03_cov100_seed00000010_tiered_nt3,tiered,fast_gate,6,3,,,3,3,848,1574,0.8325471698113207,0.29149463253509494
c06_s03_cov100_seed00000010_tiered_nt3,tiered,fast_gate,6,3,,,3,4,90,1085,0.9555555555555556,0.07319148936170213
c06_s03_cov100_seed00000010_tiered_nt3,tiered,fast_gate,6,3,,,3,5,2,226,1.0,0.008771929824561403
c06_s03_cov100_seed00000010_tiered_nt3,tiered,fast_gate,6,3,,,3,6,0,18,,0.0
c06_s03_cov100_seed00000011_tiered_nt3,tiered,fast_gate,6,3,,,3,0,5640,0,0.9808510638297873,0.9808510638297873
c06_s03_cov100_seed00000011_tiered_nt3,tiered,fast_gate,6,3,,,3,1,1536,717,0.98046875,0.6684420772303595
c06_s03_cov100_seed00000011_tiered_nt3,tiered,fast_gate,6,3,,,3,2,6,1854,1.0,0.0032258064516129032
c06_s03_cov100_seed00000011_tiered_nt3,tiered,fast_gate,6,3,,,3,3,0,1066,,0.0
c06_s03_cov100_seed00000011_tiered_nt3,tiered,fast_gate,6,3,,,3,4,0,181,,0.0
c06_s03_cov100_seed00000012_tiered_nt3,tiered,fast_gate,6,3,,,3,0,3735,0,0.9946452476572959,0.9946452476572959
c06_s03_cov100_seed00000012_tiered_nt3,tiered,fast_gate,6,3,,,3,1,1939,1259,0.9437854564208354,0.5722326454033771
c06_s03_cov100_seed00000012_tiered_nt3,tiered,fast_gate,6,3,,,3,2,960,941,0.9635416666666666,0.486586007364545
c06_s03_cov100_seed00000012_tiered_nt3,tiered,fast_gate,6,3,,,3,3,281,1242,0.9145907473309609,0.16874589625738673
c06_s03_cov100_seed00000012_tiered_nt3,tiered,fast_gate,6,3,,,3,4,32,566,0.78125,0.04180602006688963
c06_s03_cov100_seed00000012_tiered_nt3,tiered,fast_gate,6,3,,,3,5,0,45,,0.0
c06_s03_cov100_seed00000013_tiered_nt3,tiered,fast_gate,6,3,,,3,0,2932,0,0.9740791268758526,0.9740791268758526
c06_s03_cov100_seed00000013_tiered_nt3,tiered,fast_gate,6,3,,,3,1,1795,1140,0.8462395543175487,0.5175468483816014
c06_s03_cov100_seed00000013_tiered_nt3,tiered,fast_gate,6,3,,,3,2,532,2472,0.7387218045112782,0.13082556591211716
c06_s03_cov100_seed00000013_tiered_nt3,tiered,fast_gate,6,3,,,3,3,77,1567,0.6103896103896104,0.028588807785888078
c06_s03_cov100_seed00000013_tiered_nt3,tiered,fast_gate,6,3,,,3,4,1,439,1.0,0.0022727272727272726
c06_s03_cov100_seed00000013_tiered_nt3,tiered,fast_gate,6,3,,,3,5,0,45,,0.0
c06_s03_cov100_seed00000014_tiered_nt3,tiered,fast_gate,6,3,,,3,0,3722,0,0.983342289091886,0.983342289091886
c06_s03_cov100_seed00000014_tiered_nt3,tiered,fast_gate,6,3,,,3,1,2023,1302,0.9757785467128027,0.5936842105263158
c06_s03_cov100_seed00000014_tiered_nt3,tiered,fast_gate,6,3,,,3,2,276,2256,0.9927536231884058,0.10821484992101106
c06_s03_cov100_seed00000014_tiered_nt3,tiered,fast_gate,6,3,,,3,3,1,1278,1.0,0.0007818608287724785
c06_s03_cov100_seed00000014_tiered_nt3,tiered,fast_gate,6,3,,,3,4,0,142,,0.0
c06_s03_cov100_seed00000015_tiered_nt3,tiered,fast_gate,6,3,,,3,0,2983,0,0.9751927589674824,0.9751927589674824
c06_s03_cov100_seed00000015_tiered_nt3,tiered,fast_gate,6,3,,,3,1,1859,1028,0.8552985476062399,0.5507447177000346
c06_s03_cov100_seed00000015_tiered_nt3,tiered,fast_gate,6,3,,,3,2,586,2462,0.7474402730375427,0.1437007874015748
c06_s03_cov100_seed00000015_tiered_nt3,tiered,fast_gate,6,3,,,3,3,95,1482,0.5263157894736842,0.03170577045022194
c06_s03_cov100_seed00000015_tiered_nt3,tiered,fast_gate,6,3,,,3,4,0,462,,0.0
c06_s03_cov100_seed00000015_tiered_nt3,tiered,fast_gate,6,3,,,3,5,0,43,,0.0
c06_s03_cov100_seed00000016_tiered_nt3,tiered,fast_gate,6,3,,,3,0,2988,0,0.9692101740294511,0.9692101740294511
c06_s03_cov100_seed00000016_tiered_nt3,tiered,fast_gate,6,3,,,3,1,1825,717,0.8564383561643836,0.6148701809598741
c06_s03_cov100_seed00000016_tiered_nt3,tiered,fast_gate,6,3,,,3,2,1056,1748,0.9024621212121212,0.33987161198288157
c06_s03_cov100_seed00000016_tiered_nt3,tiered,fast_gate,6,3,,,3,3,431,1391,0.9118329466357309,0.21569703622392974
c06_s03_cov100_seed00000016_tiered_nt3,tiered,fast_gate,6,3,,,3,4,62,639,0.967741935483871,0.08559201141226819
c06_s03_cov100_seed00000016_tiered_nt3,tiered,fast_gate,6,3,,,3,5,2,136,1.0,0.014492753623188406
c06_s03_cov100_seed00000016_tiered_nt3,tiered,fast_gate,6,3,,,3,6,0,5,,0.0
c06_s03_cov100_seed00000017_tiered_nt3,tiered,fast_gate,6,3,,,3,0,2966,0,0.9770734996628456,0.9770734996628456
c06_s03_cov100_seed00000017_tiered_nt3,tiered,fast_gate,6,3,,,3,1,1800,753,0.8522222222222222,0.6008617312965139
c06_s03_cov100_seed00000017_tiered_nt3,tiered,fast_gate,6,3,,,3,2,1106,1732,0.906871609403255,0.3534178999295278
c06_s03_cov100_seed00000017_tiered_nt3,tiered,fast_gate,6,3,,,3,3,434,1333,0.9354838709677419,0.22976796830786644
c06_s03_cov100_seed00000017_tiered_nt3,tiered,fast_gate,6,3,,,3,4,88,635,0.9659090909090909,0.11756569847856155
c06_s03_cov100_seed00000017_tiered_nt3,tiered,fast_gate,6,3,,,3,5,1,147,1.0,0.006756756756756757
c06_s03_cov100_seed00000017_tiered_nt3,tiered,fast_gate,6,3,,,3,6,0,5,,0.0
c06_s03_cov100_seed00000018_tiered_nt3,tiered,fast_gate,6,3,,,3,0,3690,0,0.9585365853658536,0.9585365853658536
c06_s03_cov100_seed00000018_tiered_nt3,tiered,fast_gate,6,3,,,3,1,1794,1467,0.9593088071348941,0.5277522232444035
c06_s03_cov100_seed00000018_tiered_nt3,tiered,fast_gate,6,3,,,3,2,904,969,0.9015486725663717,0.4351308061932728
c06_s03_cov100_seed00000018_tiered_nt3,tiered,fast_gate,6,3,,,3,3,273,1257,0.8937728937728938,0.15947712418300652
c06_s03_cov100_seed00000018_tiered_nt3,tiered,fast_gate,6,3,,,3,4,16,559,1.0,0.02782608695652174
c06_s03_cov100_seed00000018_tiered_nt3,tiered,fast_gate,6,3,,,3,5,0,71,,0.0
c06_s03_cov100_seed00000019_tiered_nt3,tiered,fast_gate,6,3,,,3,0,2967,0,0.9764071452645771,0.9764071452645771
c06_s03_cov100_seed00000019_tiered_nt3,tiered,fast_gate,6,3,,,3,1,1900,709,0.8673684210526316,0.6316596397087006
c06_s03_cov100_seed00000019_tiered_nt3,tiered,fast_gate,6,3,,,3,2,1048,1773,0.8874045801526718,0.32967032967032966
c06_s03_cov100_seed00000019_tiered_nt3,tiered,fast_gate,6,3,,,3,3,403,1336,0.9652605459057072,0.22369177688326625
c06_s03_cov100_seed00000019_tiered_nt3,tiered,fast_gate,6,3,,,3,4,66,639,1.0,0.09361702127659574
c06_s03_cov100_seed00000019_tiered_nt3,tiered,fast_gate,6,3,,,3,5,2,156,1.0,0.012658227848101266
c06_s03_cov100_seed00000019_tiered_nt3,tiered,fast_gate,6,3,,,3,6,0,1,,0.0
c06_s03_cov100_seed00000020_tiered_nt3,tiered,fast_gate,6,3,,,3,0,3720,0,0.953763440860215,0.953763440860215
c06_s03_cov100_seed00000020_tiered_nt3,tiered,fast_gate,6,3,,,3,1,1732,1437,0.9636258660508084,0.5266645629536131
c06_s03_cov100_seed00000020_tiered_nt3,tiered,fast_gate,6,3,,,3,2,918,1007,0.9095860566448801,0.43376623376623374
c06_s03_cov100_seed00000020_tiered_nt3,tiered,fast_gate,6,3,,,3,3,247,1298,0.8785425101214575,0.14045307443365695
c06_s03_cov100_seed00000020_tiered_nt3,tiered,fast_gate,6,3,,,3,4,20,549,1.0,0.0351493848857645
c06_s03_cov100_seed00000020_tiered_nt3,tiered,fast_gate,6,3,,,3,5,0,72,,0.0
c06_s03_cov100_seed00000021_tiered_nt3,tiered,fast_gate,6,3,,,3,0,3729,0,0.9536068651112899,0.9536068651112899
c06_s03_cov100_seed00000021_tiered_nt3,tiered,fast_gate,6,3,,,3,1,2359,1464,0.9313268334039847,0.5746795710175255
c06_s03_cov100_seed00000021_tiered_nt3,tiered,fast_gate,6,3,,,3,2,479,1475,0.9311064718162839,0.22824974411463664
c06_s03_cov100_seed00000021_tiered_nt3,tiered,fast_gate,6,3,,,3,3,14,982,1.0,0.014056224899598393
c06_s03_cov100_seed00000021_tiered_nt3,tiered,fast_gate,6,3,,,3,4,0,455,,0.0
c06_s03_cov100_seed00000021_tiered_nt3,tiered,fast_gate,6,3,,,3,5,0,43,,0.0
c06_s03_cov100_seed00000022_tiered_nt3,tiered,fast_gate,6,3,,,3,0,3769,0,0.9456089148315203,0.9456089148315203
c06_s03_cov100_seed00000022_tiered_nt3,tiered,fast_gate,6,3,,,3,1,1682,922,0.9577883472057075,0.618663594470046
c06_s03_cov100_seed00000022_tiered_nt3,tiered,fast_gate,6,3,,,3,2,1067,1035,0.9081537019681349,0.4609895337773549
c06_s03_cov100_seed00000022_tiered_nt3,tiered,fast_gate,6,3,,,3,3,274,1360,0.9233576642335767,0.15483476132190943
c06_s03_cov100_seed00000022_tiered_nt3,tiered,fast_gate,6,3,,,3,4,63,624,0.8253968253968254,0.07569141193595343
c06_s03_cov100_seed00000022_tiered_nt3,tiered,fast_gate,6,3,,,3,5,3,189,1.0,0.015625
c06_s03_cov100_seed00000022_tiered_nt3,tiered,fast_gate,6,3,,,3,6,0,12,,0.0
c06_s03_cov100_seed00000023_tiered_nt3,tiered,fast_gate,6,3,,,3,0,3763,0,0.9508370980600584,0.9508370980600584
c06_s03_cov100_seed00000023_tiered_nt3,tiered,fast_gate,6,3,,,3,1,1793,862,0.9687674288901282,0.6542372881355932
c06_s03_cov100_seed00000023_tiered_nt3,tiered,fast_gate,6,3,,,3,2,525,2162,0.9657142857142857,0.18868626721250464
c06_s03_cov100_seed00000023_tiered_nt3,tiered,fast_gate,6,3,,,3,3,55,1329,0.9272727272727272,0.03684971098265896
c06_s03_cov100_seed00000023_tiered_nt3,tiered,fast_gate,6,3,,,3,4,0,447,,0.0
c06_s03_cov100_seed00000023_tiered_nt3,tiered,fast_gate,6,3,,,3,5,0,64,,0.0
c06_s03_cov100_seed00000024_tiered_nt3,tiered,fast_gate,6,3,,,3,0,5614,0,0.978624866405415,0.978624866405415
c06_s03_cov100_seed00000024_tiered_nt3,tiered,fast_gate,6,3,,,3,1,2510,750,0.9641434262948207,0.7423312883435583
c06_s03_cov100_seed00000024_tiered_nt3,tiered,fast_gate,6,3,,,3,2,69,768,0.7971014492753623,0.06571087216248507
c06_s03_cov100_seed00000024_tiered_nt3,tiered,fast_gate,6,3,,,3,3,0,489,,0.0
c06_s03_cov100_seed00000024_tiered_nt3,tiered,fast_gate,6,3,,,3,4,0,705,,0.0
c06_s03_cov100_seed00000024_tiered_nt3,tiered,fast_gate,6,3,,,3,5,0,95,,0.0
c06_s03_cov100_seed00000025_tiered_nt3,tiered,fast_gate,6,3,,,3,0,3770,0,0.9920424403183024,0.9920424403183024
c06_s03_cov100_seed00000025_tiered_nt3,tiered,fast_gate,6,3,,,3,1,3335,372,0.9586206896551724,0.8624224440248179
c06_s03_cov100_seed00000025_tiered_nt3,tiered,fast_gate,6,3,,,3,2,1061,650,0.9594721960414703,0.5949736995908825
c06_s03_cov100_seed00000025_tiered_nt3,tiered,fast_gate,6,3,,,3,3,46,646,0.9347826086956522,0.06213872832369942
c06_s03_cov100_seed00000025_tiered_nt3,tiered,fast_gate,6,3,,,3,4,0,782,,0.0
c06_s03_cov100_seed00000025_tiered_nt3,tiered,fast_gate,6,3,,,3,5,0,326,,0.0
c06_s03_cov100_seed00000025_tiered_nt3,tiered,fast_gate,6,3,,,3,6,0,12,,0.0
c06_s03_cov100_seed00000026_tiered_nt3,tiered,fast_gate,6,3,,,3,0,2943,0,0.9687393815834183,0.9687393815834183
c06_s03_cov100_seed00000026_tiered_nt3,tiered,fast_gate,6,3,,,3,1,1020,0,0.8833333333333333,0.8833333333333333
c06_s03_cov100_seed00000026_tiered_nt3,tiered,fast_gate,6,3,,,3,2,1205,1686,0.8829875518672199,0.36803874092009686
c06_s03_cov100_seed00000026_tiered_nt3,tiered,fast_gate,6,3,,,3,3,933,1360,0.8478027867095391,0.34496293065852596
c06_s03_cov100_seed00000026_tiered_nt3,tiered,fast_gate,6,3,,,3,4,119,1260,0.9159663865546218,0.07904278462654098
c06_s03_cov100_seed00000026_tiered_nt3,tiered,fast_gate,6,3,,,3,5,8,394,0.625,0.012437810945273632
c06_s03_cov100_seed00000026_tiered_nt3,tiered,fast_gate,6,3,,,3,6,0,72,,0.0
c06_s03_cov100_seed00000027_tiered_nt3,tiered,fast_gate,6,3,,,3,0,3664,0,0.9566048034934498,0.9566048034934498
c06_s03_cov100_seed00000027_tiered_nt3,tiered,fast_gate,6,3,,,3,1,1885,886,0.9644562334217507,0.6560808372428726
c06_s03_cov100_seed00000027_tiered_nt3,tiered,fast_gate,6,3,,,3,2,493,2211,0.9655172413793104,0.1760355029585799
c06_s03_cov100_seed00000027_tiered_nt3,tiered,fast_gate,6,3,,,3,3,47,1297,0.9574468085106383,0.033482142857142856
c06_s03_cov100_seed00000027_tiered_nt3,tiered,fast_gate,6,3,,,3,4,0,468,,0.0
c06_s03_cov100_seed00000027_tiered_nt3,tiered,fast_gate,6,3,,,3,5,0,49,,0.0
c06_s03_cov100_seed00000028_tiered_nt3,tiered,fast_gate,6,3,,,3,0,2882,0,0.974323386537127,0.974323386537127
c06_s03_cov100_seed00000028_tiered_nt3,tiered,fast_gate,6,3,,,3,1,1816,1121,0.8849118942731278,0.5471569628873
c06_s03_cov100_seed00000028_tiered_nt3,tiered,fast_gate,6,3,,,3,2,1028,2063,0.914396887159533,0.3041087026852151
c06_s03_cov100_seed00000028_tiered_nt3,tiered,fast_gate,6,3,,,3,3,258,1370,0.9651162790697675,0.15294840294840295
c06_s03_cov100_seed00000028_tiered_nt3,tiered,fast_gate,6,3,,,3,4,15,412,1.0,0.0351288056206089
c06_s03_cov100_seed00000028_tiered_nt3,tiered,fast_gate,6,3,,,3,5,0,35,,0.0
c06_s03_cov100_seed00000029_tiered_nt3,tiered,fast_gate,6,3,,,3,0,3691,0,0.9517745868328367,0.9517745868328367
c06_s03_cov100_seed00000029_tiered_nt3,tiered,fast_gate,6,3,,,3,1,1957,1392,0.9580991313234543,0.5598686174977605
c06_s03_cov100_seed00000029_tiered_nt3,tiered,fast_gate,6,3,,,3,2,280,2223,0.9714285714285714,0.10866959648421894
c06_s03_cov100_seed00000029_tiered_nt3,tiered,fast_gate,6,3,,,3,3,2,1286,1.0,0.0015527950310559005
c06_s03_cov100_seed00000029_tiered_nt3,tiered,fast_gate,6,3,,,3,4,0,167,,0.0
c06_s03_cov100_seed00000029_tiered_nt3,tiered,fast_gate,6,3,,,3,5,0,2,,0.0
c06_s03_cov100_seed00000030_tiered_nt3,tiered,fast_gate,6,3,,,3,0,3698,0,0.99269875608437,0.99269875608437
c06_s03_cov100_seed00000030_tiered_nt3,tiered,fast_gate,6,3,,,3,1,2903,365,0.9624526352049604,0.8549571603427173
c06_s03_cov100_seed00000030_tiered_nt3,tiered,fast_gate,6,3,,,3,2,617,1035,0.9611021069692058,0.3589588377723971
c06_s03_cov100_seed00000030_tiered_nt3,tiered,fast_gate,6,3,,,3,3,6,1779,0.8333333333333334,0.0028011204481792717
c06_s03_cov100_seed00000030_tiered_nt3,tiered,fast_gate,6,3,,,3,4,0,571,,0.0
c06_s03_cov100_seed00000030_tiered_nt3,tiered,fast_gate,6,3,,,3,5,0,26,,0.0
c06_s03_cov100_seed00000031_tiered_nt3,tiered,fast_gate,6,3,,,3,0,2998,0,0.9709806537691794,0.9709806537691794
c06_s03_cov100_seed00000031_tiered_nt3,tiered,fast_gate,6,3,,,3,1,1730,671,0.8722543352601156,0.6284881299458559
c06_s03_cov100_seed00000031_tiered_nt3,tiered,fast_gate,6,3,,,3,2,1154,1751,0.9090121317157712,0.3611015490533563
c06_s03_cov100_seed00000031_tiered_nt3,tiered,fast_gate,6,3,,,3,3,464,1324,0.9181034482758621,0.23825503355704697
c06_s03_cov100_seed00000031_tiered_nt3,tiered,fast_gate,6,3,,,3,4,73,671,1.0,0.09811827956989247
c06_s03_cov100_seed00000031_tiered_nt3,tiered,fast_gate,6,3,,,3,5,2,157,1.0,0.012578616352201259
c06_s03_cov100_seed00000031_tiered_nt3,tiered,fast_gate,6,3,,,3,6,0,5,,0.0
c06_s03_cov100_seed00000032_tiered_nt3,tiered,fast_gate,6,3,,,3,0,3774,0,0.9470058293587705,0.9470058293587705
c06_s03_cov100_seed00000032_tiered_nt3,tiered,fast_gate,6,3,,,3,1,1857,1378,0.962843295638126,0.5527047913446677
c06_s03_cov100_seed00000032_tiered_nt3,tiered,fast_gate,6,3,,,3,2,297,2272,0.9730639730639731,0.11249513429349942
c06_s03_cov100_seed00000032_tiered_nt3,tiered,fast_gate,6,3,,,3,3,1,1258,1.0,0.0007942811755361397
c06_s03_cov100_seed00000032_tiered_nt3,tiered,fast_gate,6,3,,,3,4,0,160,,0.0
c06_s03_cov100_seed00000032_tiered_nt3,tiered,fast_gate,6,3,,,3,5,0,3,,0.0
c06_s03_cov100_seed00000033_tiered_nt3,tiered,fast_gate,6,3,,,3,0,2996,0,0.9796395193591455,0.9796395193591455
c06_s03_cov100_seed00000033_tiered_nt3,tiered,fast_gate,6,3,,,3,1,1762,1080,0.85527809307605,0.5302603800140746
c06_s03_cov100_seed00000033_tiered_nt3,tiered,fast_gate,6,3,,,3,2,1005,1933,0.8905472636815921,0.3046289993192648
c06_s03_cov100_seed00000033_tiered_nt3,tiered,fast_gate,6,3,,,3,3,262,1480,0.9809160305343512,0.14753157290470723
c06_s03_cov100_seed00000033_tiered_nt3,tiered,fast_gate,6,3,,,3,4,13,426,1.0,0.029612756264236904
c06_s03_cov100_seed00000033_tiered_nt3,tiered,fast_gate,6,3,,,3,5,0,43,,0.0
c06_s03_cov100_seed00000034_tiered_nt3,tiered,fast_gate,6,3,,,3,0,5659,0,0.9780880014136774,0.9780880014136774
c06_s03_cov100_seed00000034_tiered_nt3,tiered,fast_gate,6,3,,,3,1,1313,721,0.9725818735719726,0.627826941986234
c06_s03_cov100_seed00000034_tiered_nt3,tiered,fast_gate,6,3,,,3,2,448,731,0.9910714285714286,0.37659033078880405
c06_s03_cov100_seed00000034_tiered_nt3,tiered,fast_gate,6,3,,,3,3,11,1679,0.7272727272727273,0.004733727810650888
c06_s03_cov100_seed00000034_tiered_nt3,tiered,fast_gate,6,3,,,3,4,0,414,,0.0
c06_s03_cov100_seed00000034_tiered_nt3,tiered,fast_gate,6,3,,,3,5,0,24,,0.0
c06_s03_cov100_seed00000035_tiered_nt3,tiered,fast_gate,6,3,,,3,0,5649,0,0.9796424145866525,0.9796424145866525
c06_s03_cov100_seed00000035_tiered_nt3,tiered,fast_gate,6,3,,,3,1,1580,722,0.9734177215189873,0.6681146828844483
c06_s03_cov100_seed00000035_tiered_nt3,tiered,fast_gate,6,3,,,3,2,8,1732,0.75,0.0034482758620689655
c06_s03_cov100_seed00000035_tiered_nt3,tiered,fast_gate,6,3,,,3,3,0,1171,,0.0
c06_s03_cov100_seed00000035_tiered_nt3,tiered,fast_gate,6,3,,,3,4,0,138,,0.0
c06_s03_cov100_seed00000036_tiered_nt3,tiered,fast_gate,6,3,,,3,0,5603,0,0.9762627164019275,0.9762627164019275
c06_s03_cov100_seed00000036_tiered_nt3,tiered,fast_gate,6,3,,,3,1,1642,728,0.976857490864799,0.6767932489451477
c06_s03_cov100_seed00000036_tiered_nt3,tiered,fast_gate,6,3,,,3,2,5,1810,0.6,0.001652892561983471
c06_s03_cov100_seed00000036_tiered_nt3,tiered,fast_gate,6,3,,,3,3,0,1089,,0.0
c06_s03_cov100_seed00000036_tiered_nt3,tiered,fast_gate,6,3,,,3,4,0,123,,0.0
c06_s03_cov100_seed00000037_tiered_nt3,tiered,fast_gate,6,3,,,3,0,3722,0,0.9462654486835035,0.9462654486835035
c06_s03_cov100_seed00000037_tiered_nt3,tiered,fast_gate,6,3,,,3,1,1877,916,0.9675013319126265,0.6501969208736126
c06_s03_cov100_seed00000037_tiered_nt3,tiered,fast_gate,6,3,,,3,2,478,2204,0.9728033472803347,0.17337807606263983
c06_s03_cov100_seed00000037_tiered_nt3,tiered,fast_gate,6,3,,,3,3,58,1293,0.9482758620689655,0.04071058475203553
c06_s03_cov100_seed00000037_tiered_nt3,tiered,fast_gate,6,3,,,3,4,0,408,,0.0
c06_s03_cov100_seed00000037_tiered_nt3,tiered,fast_gate,6,3,,,3,5,0,44,,0.0
c06_s03_cov100_seed00000038_tiered_nt3,tiered,fast_gate,6,3,,,3,0,3732,0,0.9916934619506966,0.9916934619506966
c06_s03_cov100_seed00000038_tiered_nt3,tiered,fast_gate,6,3,,,3,1,1924,1318,0.9386694386694386,0.5570635410240592
c06_s03_cov100_seed00000038_tiered_nt3,tiered,fast_gate,6,3,,,3,2,952,922,0.9516806722689075,0.4834578441835646
c06_s03_cov100_seed00000038_tiered_nt3,tiered,fast_gate,6,3,,,3,3,270,1227,0.8555555555555555,0.15430861723446893
c06_s03_cov100_seed00000038_tiered_nt3,tiered,fast_gate,6,3,,,3,4,20,589,0.8,0.026272577996715927
c06_s03_cov100_seed00000038_tiered_nt3,tiered,fast_gate,6,3,,,3,5,0,46,,0.0
c06_s03_cov100_seed00000039_tiered_nt3,tiered,fast_gate,6,3,,,3,0,3000,0,0.9696666666666667,0.9696666666666667
c06_s03_cov100_seed00000039_tiered_nt3,tiered,fast_gate,6,3,,,3,1,2083,646,0.9126260201632261,0.6965921582997435
c06_s03_cov100_seed00000039_tiered_nt3,tiered,fast_gate,6,3,,,3,2,1274,1310,0.8673469387755102,0.4276315789473684
c06_s03_cov100_seed00000039_tiered_nt3,tiered,fast_gate,6,3,,,3,3,363,1305,0.90633608815427,0.19724220623501199
c06_s03_cov100_seed00000039_tiered_nt3,tiered,fast_gate,6,3,,,3,4,44,734,1.0,0.056555269922879174
c06_s03_cov100_seed00000039_tiered_nt3,tiered,fast_gate,6,3,,,3,5,0,229,,0.0
c06_s03_cov100_seed00000039_tiered_nt3,tiered,fast_gate,6,3,,,3,6,0,12,,0.0
c06_s03_cov100_seed00000000_tiered_nt4,tiered,fast_gate,6,3,,,4,0,3062,0,0.9970607446113651,0.9970607446113651
c06_s03_cov100_seed00000000_tiered_nt4,tiered,fast_gate,6,3,,,4,1,2091,754,0.9717838354854137,0.7142355008787347
c06_s03_cov100_seed00000000_tiered_nt4,tiered,fast_gate,6,3,,,4,2,933,1528,0.8456591639871383,0.32060138155221457
c06_s03_cov100_seed00000000_tiered_nt4,tiered,fast_gate,6,3,,,4,3,413,1257,0.7094430992736077,0.1754491017964072
c06_s03_cov100_seed00000000_tiered_nt4,tiered,fast_gate,6,3,,,4,4,42,594,0.42857142857142855,0.02830188679245283
c06_s03_cov100_seed00000000_tiered_nt4,tiered,fast_gate,6,3,,,4,5,2,258,0.0,0.0
c06_s03_cov100_seed00000000_tiered_nt4,tiered,fast_gate,6,3,,,4,6,0,62,,0.0
c06_s03_cov100_seed00000000_tiered_nt4,tiered,fast_gate,6,3,,,4,7,0,4,,0.0
c06_s03_cov100_seed00000001_tiered_nt4,tiered,fast_gate,6,3,,,4,0,3990,0,0.9862155388471178,0.9862155388471178
c06_s03_cov100_seed00000001_tiered_nt4,tiered,fast_gate,6,3,,,4,1,1875,1373,0.9322666666666667,0.5381773399014779
c06_s03_cov100_seed00000001_tiered_nt4,tiered,fast_gate,6,3,,,4,2,729,1884,0.8573388203017832,0.23918867202449293
c06_s03_cov100_seed00000001_tiered_nt4,tiered,fast_gate,6,3,,,4,3,145,669,0.8482758620689655,0.1511056511056511
c06_s03_cov100_seed00000001_tiered_nt4,tiered,fast_gate,6,3,,,4,4,5,291,1.0,0.016891891891891893
c06_s03_cov100_seed00000001_tiered_nt4,tiered,fast_gate,6,3,,,4,5,0,37,,0.0
c06_s03_cov100_seed00000001_tiered_nt4,tiered,fast_gate,6,3,,,4,6,0,2,,0.0
c06_s03_cov100_seed00000002_tiered_nt4,tiered,fast_gate,6,3,,,4,0,4044,0,0.9925816023738873,0.9925816023738873
c06_s03_cov100_seed00000002_tiered_nt4,tiered,fast_gate,6,3,,,4,1,1876,1282,0.9349680170575693,0.5554148195060165
c06_s03_cov100_seed00000002_tiered_nt4,tiered,fast_gate,6,3,,,4,2,720,1908,0.8652777777777778,0.23706240487062405
c06_s03_cov100_seed00000002_tiered_nt4,tiered,fast_gate,6,3,,,4,3,150,711,0.86,0.14982578397212543
c06_s03_cov100_seed00000002_tiered_nt4,tiered,fast_gate,6,3,,,4,4,6,271,0.6666666666666666,0.01444043321299639
c06_s03_cov100_seed00000002_tiered_nt4,tiered,fast_gate,6,3,,,4,5,0,31,,0.0
c06_s03_cov100_seed00000002_tiered_nt4,tiered,fast_gate,6,3,,,4,6,0,1,,0.0
c06_s03_cov100_seed00000003_tiered_nt4,tiered,fast_gate,6,3,,,4,0,4312,0,0.99652133580705,0.99652133580705
c06_s03_cov100_seed00000003_tiered_nt4,tiered,fast_gate,6,3,,,4,1,1002,1694,0.9650698602794411,0.3586795252225519
c06_s03_cov100_seed00000003_tiered_nt4,tiered,fast_gate,6,3,,,4,2,191,2286,0.9685863874345549,0.07468712151796528
c06_s03_cov100_seed00000003_tiered_nt4,tiered,fast_gate,6,3,,,4,3,43,1024,0.9767441860465116,0.03936269915651359
c06_s03_cov100_seed00000003_tiered_nt4,tiered,fast_gate,6,3,,,4,4,6,365,1.0,0.016172506738544475
c06_s03_cov100_seed00000003_tiered_nt4,tiered,fast_gate,6,3,,,4,5,0,77,,0.0
c06_s03_cov100_seed00000004_tiered_nt4,tiered,fast_gate,6,3,,,4,0,4013,0,0.9875404933964615,0.9875404933964615
c06_s03_cov100_seed00000004_tiered_nt4,tiered,fast_gate,6,3,,,4,1,1484,2588,0.9191374663072777,0.3349705304518664
c06_s03_cov100_seed00000004_tiered_nt4,tiered,fast_gate,6,3,,,4,2,578,1346,0.8235294117647058,0.24740124740124741
c06_s03_cov100_seed00000004_tiered_nt4,tiered,fast_gate,6,3,,,4,3,8,736,0.375,0.004032258064516129
c06_s03_cov100_seed00000004_tiered_nt4,tiered,fast_gate,6,3,,,4,4,0,221,,0.0
c06_s03_cov100_seed00000004_tiered_nt4,tiered,fast_gate,6,3,,,4,5,0,26,,0.0
c06_s03_cov100_seed00000005_tiered_nt4,tiered,fast_gate,6,3,,,4,0,4038,0,0.9910846953937593,0.9910846953937593
c06_s03_cov100_seed00000005_tiered_nt4,tiered,fast_gate,6,3,,,4,1,1528,2620,0.9221204188481675,0.3396817743490839
c06_s03_cov100_seed00000005_tiered_nt4,tiered,fast_gate,6,3,,,4,2,510,1325,0.8509803921568627,0.23651226158038147
c06_s03_cov100_seed00000005_tiered_nt4,tiered,fast_gate,6,3,,,4,3,9,752,0.4444444444444444,0.005256241787122208
c06_s03_cov100_seed00000005_tiered_nt4,tiered,fast_gate,6,3,,,4,4,0,205,,0.0
c06_s03_cov100_seed00000005_tiered_nt4,tiered,fast_gate,6,3,,,4,5,0,13,,0.0
c06_s03_cov100_seed00000006_tiered_nt4,tiered,fast_gate,6,3,,,4,0,4345,0,0.988722669735328,0.988722669735328
c06_s03_cov100_seed00000006_tiered_nt4,tiered,fast_gate,6,3,,,4,1,1754,1777,0.9236031927023945,0.45879354290569246
c06_s03_cov100_seed00000006_tiered_nt4,tiered,fast_gate,6,3,,,4,2,672,1718,0.8288690476190477,0.23305439330543934
c06_s03_cov100_seed00000006_tiered_nt4,tiered,fast_gate,6,3,,,4,3,17,624,0.7058823529411765,0.0187207488299532
c06_s03_cov100_seed00000006_tiered_nt4,tiered,fast_gate,6,3,,,4,4,0,91,,0.0
c06_s03_cov100_seed00000006_tiered_nt4,tiered,fast_gate,6,3,,,4,5,0,2,,0.0
c06_s03_cov100_seed00000007_tiered_nt4,tiered,fast_gate,6,3,,,4,0,3109,0,0.9958185911868768,0.9958185911868768
c06_s03_cov100_seed00000007_tiered_nt4,tiered,fast_gate,6,3,,,4,1,1457,2018,0.9450926561427591,0.3962589928057554
c06_s03_cov100_seed00000007_tiered_nt4,tiered,fast_gate,6,3,,,4,2,534,2412,0.7415730337078652,0.13441955193482688
c06_s03_cov100_seed00000007_tiered_nt4,tiered,fast_gate,6,3,,,4,3,156,1097,0.28205128205128205,0.035115722266560255
c06_s03_cov100_seed00000007_tiered_nt4,tiered,fast_gate,6,3,,,4,4,3,206,0.0,0.0
c06_s03_cov100_seed00000007_tiered_nt4,tiered,fast_gate,6,3,,,4,5,0,8,,0.0
c06_s03_cov100_seed00000008_tiered_nt4,tiered,fast_gate,6,3,,,4,0,4439,0,0.9909889614778103,0.9909889614778103
c06_s03_cov100_seed00000008_tiered_nt4,tiered,fast_gate,6,3,,,4,1,1719,1710,0.9179755671902269,0.46019247594050744
c06_s03_cov100_seed00000008_tiered_nt4,tiered,fast_gate,6,3,,,4,2,720,1702,0.8402777777777778,0.24979355904211395
c06_s03_cov100_seed00000008_tiered_nt4,tiered,fast_gate,6,3,,,4,3,14,624,0.5714285714285714,0.012539184952978056
c06_s03_cov100_seed00000008_tiered_nt4,tiered,fast_gate,6,3,,,4,4,0,72,,0.0
c06_s03_cov100_seed00000009_tiered_nt4,tiered,fast_gate,6,3,,,4,0,4288,0,0.9997667910447762,0.9997667910447762
c06_s03_cov100_seed00000009_tiered_nt4,tiered,fast_gate,6,3,,,4,1,1873,680,0.9951948745328351,0.7301214257735997
c06_s03_cov100_seed00000009_tiered_nt4,tiered,fast_gate,6,3,,,4,2,228,2503,0.9429824561403509,0.07872574148663493
c06_s03_cov100_seed00000009_tiered_nt4,tiered,fast_gate,6,3,,,4,3,37,1014,0.972972972972973,0.03425309229305423
c06_s03_cov100_seed00000009_tiered_nt4,tiered,fast_gate,6,3,,,4,4,0,354,,0.0
c06_s03_cov100_seed00000009_tiered_nt4,tiered,fast_gate,6,3,,,4,5,0,23,,0.0
c06_s03_cov100_seed00000010_tiered_nt4,tiered,fast_gate,6,3,,,4,0,3040,0,0.9983552631578947,0.9983552631578947
c06_s03_cov100_seed00000010_tiered_nt4,tiered,fast_gate,6,3,,,4,1,1887,1209,0.9719130895601484,0.5923772609819121
c06_s03_cov100_seed00000010_tiered_nt4,tiered,fast_gate,6,3,,,4,2,845,1817,0.8331360946745562,0.2644628099173554
c06_s03_cov100_seed00000010_tiered_nt4,tiered,fast_gate,6,3,,,4,3,338,1253,0.6331360946745562,0.1345065996228787
c06_s03_cov100_seed00000010_tiered_nt4,tiered,fast_gate,6,3,,,4,4,3,510,0.6666666666666666,0.003898635477582846
c06_s03_cov100_seed00000010_tiered_nt4,tiered,fast_gate,6,3,,,4,5,0,94,,0.0
c06_s03_cov100_seed00000010_tiered_nt4,tiered,fast_gate,6,3,,,4,6,0,4,,0.0
c06_s03_cov100_seed00000011_tiered_nt4,tiered,fast_gate,6,3,,,4,0,6427,0,0.9978216897463824,0.9978216897463824
c06_s03_cov100_seed00000011_tiered_nt4,tiered,fast_gate,6,3,,,4,1,325,2346,0.9876923076923076,0.12017970797454137
c06_s03_cov100_seed00000011_tiered_nt4,tiered,fast_gate,6,3,,,4,2,10,773,0.9,0.011494252873563218
c06_s03_cov100_seed00000011_tiered_nt4,tiered,fast_gate,6,3,,,4,3,0,862,,0.0
c06_s03_cov100_seed00000011_tiered_nt4,tiered,fast_gate,6,3,,,4,4,0,256,,0.0
c06_s03_cov100_seed00000011_tiered_nt4,tiered,fast_gate,6,3,,,4,5,0,1,,0.0
c06_s03_cov100_seed00000012_tiered_nt4,tiered,fast_gate,6,3,,,4,0,4324,0,0.9877428307123034,0.9877428307123034
c06_s03_cov100_seed00000012_tiered_nt4,tiered,fast_gate,6,3,,,4,1,1658,1522,0.9529553679131484,0.4968553459119497
c06_s03_cov100_seed00000012_tiered_nt4,tiered,fast_gate,6,3,,,4,2,721,1563,0.871012482662968,0.27495621716287216
c06_s03_cov100_seed00000012_tiered_nt4,tiered,fast_gate,6,3,,,4,3,379,572,0.8443271767810027,0.33648790746582546
c06_s03_cov100_seed00000012_tiered_nt4,tiered,fast_gate,6,3,,,4,4,21,206,0.9523809523809523,0.0881057268722467
c06_s03_cov100_seed00000012_tiered_nt4,tiered,fast_gate,6,3,,,4,5,0,31,,0.0
c06_s03_cov100_seed00000012_tiered_nt4,tiered,fast_gate,6,3,,,4,6,0,3,,0.0
c06_s03_cov100_seed00000013_tiered_nt4,tiered,fast_gate,6,3,,,4,0,3076,0,0.9964239271781534,0.9964239271781534
c06_s03_cov100_seed00000013_tiered_nt4,tiered,fast_gate,6,3,,,4,1,1391,2148,0.9503953989935299,0.3735518508053122
c06_s03_cov100_seed00000013_tiered_nt4,tiered,fast_gate,6,3,,,4,2,562,2361,0.7348754448398577,0.14129319192610332
c06_s03_cov100_seed00000013_tiered_nt4,tiered,fast_gate,6,3,,,4,3,118,1071,0.3813559322033898,0.03784693019343986
c06_s03_cov100_seed00000013_tiered_nt4,tiered,fast_gate,6,3,,,4,4,7,253,0.0,0.0
c06_s03_cov100_seed00000013_tiered_nt4,tiered,fast_gate,6,3,,,4,5,0,13,,0.0
c06_s03_cov100_seed00000014_tiered_nt4,tiered,fast_gate,6,3,,,4,0,5566,0,0.998203377650018,0.998203377650018
c06_s03_cov100_seed00000014_tiered_nt4,tiered,fast_gate,6,3,,,4,1,303,2813,0.9735973597359736,0.09467265725288831
c06_s03_cov100_seed00000014_tiered_nt4,tiered,fast_gate,6,3,,,4,2,8,1786,0.875,0.0039018952062430325
c06_s03_cov100_seed00000014_tiered_nt4,tiered,fast_gate,6,3,,,4,3,0,503,,0.0
c06_s03_cov100_seed00000014_tiered_nt4,tiered,fast_gate,6,3,,,4,4,0,21,,0.0
c06_s03_cov100_seed00000015_tiered_nt4,tiered,fast_gate,6,3,,,4,0,3077,0,0.9961000974975626,0.9961000974975626
c06_s03_cov100_seed00000015_tiered_nt4,tiered,fast_gate,6,3,,,4,1,1542,1947,0.9610894941634242,0.4247635425623388
c06_s03_cov100_seed00000015_tiered_nt4,tiered,fast_gate,6,3,,,4,2,539,2444,0.7365491651205937,0.13308749580958767
c06_s03_cov100_seed00000015_tiered_nt4,tiered,fast_gate,6,3,,,4,3,174,1100,0.27586206896551724,0.03767660910518053
c06_s03_cov100_seed00000015_tiered_nt4,tiered,fast_gate,6,3,,,4,4,13,160,0.0,0.0
c06_s03_cov100_seed00000015_tiered_nt4,tiered,fast_gate,6,3,,,4,5,0,4,,0.0
c06_s03_cov100_seed00000016_tiered_nt4,tiered,fast_gate,6,3,,,4,0,4048,0,0.9864130434782609,0.9864130434782609
c06_s03_cov100_seed00000016_tiered_nt4,tiered,fast_gate,6,3,,,4,1,1827,1878,0.9211822660098522,0.454251012145749
c06_s03_cov100_seed00000016_tiered_nt4,tiered,fast_gate,6,3,,,4,2,752,1096,0.8377659574468085,0.3409090909090909
c06_s03_cov100_seed00000016_tiered_nt4,tiered,fast_gate,6,3,,,4,3,144,835,0.8333333333333334,0.12257405515832483
c06_s03_cov100_seed00000016_tiered_nt4,tiered,fast_gate,6,3,,,4,4,3,293,1.0,0.010135135135135136
c06_s03_cov100_seed00000016_tiered_nt4,tiered,fast_gate,6,3,,,4,5,0,102,,0.0
c06_s03_cov100_seed00000016_tiered_nt4,tiered,fast_gate,6,3,,,4,6,0,22,,0.0
c06_s03_cov100_seed00000017_tiered_nt4,tiered,fast_gate,6,3,,,4,0,4053,0,0.9893905748828029,0.9893905748828029
c06_s03_cov100_seed00000017_tiered_nt4,tiered,fast_gate,6,3,,,4,1,1809,1864,0.9215035931453842,0.45385243670024505
c06_s03_cov100_seed00000017_tiered_nt4,tiered,fast_gate,6,3,,,4,2,738,1146,0.8414634146341463,0.32961783439490444
c06_s03_cov100_seed00000017_tiered_nt4,tiered,fast_gate,6,3,,,4,3,159,799,0.8679245283018868,0.1440501043841336
c06_s03_cov100_seed00000017_tiered_nt4,tiered,fast_gate,6,3,,,4,4,3,291,0.6666666666666666,0.006802721088435374
c06_s03_cov100_seed00000017_tiered_nt4,tiered,fast_gate,6,3,,,4,5,0,120,,0.0
c06_s03_cov100_seed00000017_tiered_nt4,tiered,fast_gate,6,3,,,4,6,0,18,,0.0
c06_s03_cov100_seed00000018_tiered_nt4,tiered,fast_gate,6,3,,,4,0,4062,0,0.9871984244214672,0.9871984244214672
c06_s03_cov100_seed00000018_tiered_nt4,tiered,fast_gate,6,3,,,4,1,1483,1726,0.9393122049898853,0.4340916173262699
c06_s03_cov100_seed00000018_tiered_nt4,tiered,fast_gate,6,3,,,4,2,597,1859,0.830820770519263,0.20195439739413681
c06_s03_cov100_seed00000018_tiered_nt4,tiered,fast_gate,6,3,,,4,3,353,669,0.8271954674220963,0.2857142857142857
c06_s03_cov100_seed00000018_tiered_nt4,tiered,fast_gate,6,3,,,4,4,16,209,0.875,0.06222222222222222
c06_s03_cov100_seed00000018_tiered_nt4,tiered,fast_gate,6,3,,,4,5,0,24,,0.0
c06_s03_cov100_seed00000018_tiered_nt4,tiered,fast_gate,6,3,,,4,6,0,2,,0.0
c06_s03_cov100_seed00000019_tiered_nt4,tiered,fast_gate,6,3,,,4,0,4028,0,0.9923038728897716,0.9923038728897716
c06_s03_cov100_seed00000019_tiered_nt4,tiered,fast_gate,6,3,,,4,1,1850,1783,0.9345945945945946,0.47591522157996147
c06_s03_cov100_seed00000019_tiered_nt4,tiered,fast_gate,6,3,,,4,2,697,1173,0.8550932568149211,0.31871657754010696
c06_s03_cov100_seed00000019_tiered_nt4,tiered,fast_gate,6,3,,,4,3,162,875,0.9135802469135802,0.14271938283510124
c06_s03_cov100_seed00000019_tiered_nt4,tiered,fast_gate,6,3,,,4,4,1,300,1.0,0.0033222591362126247
c06_s03_cov100_seed00000019_tiered_nt4,tiered,fast_gate,6,3,,,4,5,0,106,,0.0
c06_s03_cov100_seed00000019_tiered_nt4,tiered,fast_gate,6,3,,,4,6,0,25,,0.0
c06_s03_cov100_seed00000020_tiered_nt4,tiered,fast_gate,6,3,,,4,0,4028,0,0.9905660377358491,0.9905660377358491
c06_s03_cov100_seed00000020_tiered_nt4,tiered,fast_gate,6,3,,,4,1,1430,1826,0.9223776223776223,0.4050982800982801
c06_s03_cov100_seed00000020_tiered_nt4,tiered,fast_gate,6,3,,,4,2,636,1867,0.839622641509434,0.2133439872153416
c06_s03_cov100_seed00000020_tiered_nt4,tiered,fast_gate,6,3,,,4,3,328,642,0.8292682926829268,0.2804123711340206
c06_s03_cov100_seed00000020_tiered_nt4,tiered,fast_gate,6,3,,,4,4,10,209,0.6,0.0273972602739726
c06_s03_cov100_seed00000020_tiered_nt4,tiered,fast_gate,6,3,,,4,5,0,24,,0.0
c06_s03_cov100_seed00000021_tiered_nt4,tiered,fast_gate,6,3,,,4,0,4123,0,0.9905408682997817,0.9905408682997817
c06_s03_cov100_seed00000021_tiered_nt4,tiered,fast_gate,6,3,,,4,1,1527,1957,0.9070072036673216,0.39753157290470725
c06_s03_cov100_seed00000021_tiered_nt4,tiered,fast_gate,6,3,,,4,2,549,2029,0.825136612021858,0.17571761055081458
c06_s03_cov100_seed00000021_tiered_nt4,tiered,fast_gate,6,3,,,4,3,19,749,0.42105263157894735,0.010416666666666666
c06_s03_cov100_seed00000021_tiered_nt4,tiered,fast_gate,6,3,,,4,4,0,46,,0.0
c06_s03_cov100_seed00000021_tiered_nt4,tiered,fast_gate,6,3,,,4,5,0,1,,0.0
c06_s03_cov100_seed00000022_tiered_nt4,tiered,fast_gate,6,3,,,4,0,3966,0,0.989409984871407,0.989409984871407
c06_s03_cov100_seed00000022_tiered_nt4,tiered,fast_gate,6,3,,,4,1,1824,1065,0.9533991228070176,0.6019383869851159
c06_s03_cov100_seed00000022_tiered_nt4,tiered,fast_gate,6,3,,,4,2,816,1743,0.8639705882352942,0.27549824150058616
c06_s03_cov100_seed00000022_tiered_nt4,tiered,fast_gate,6,3,,,4,3,431,643,0.8538283062645011,0.3426443202979516
c06_s03_cov100_seed00000022_tiered_nt4,tiered,fast_gate,6,3,,,4,4,86,325,0.8837209302325582,0.18491484184914841
c06_s03_cov100_seed00000022_tiered_nt4,tiered,fast_gate,6,3,,,4,5,4,85,0.75,0.033707865168539325
c06_s03_cov100_seed00000022_tiered_nt4,tiered,fast_gate,6,3,,,4,6,0,11,,0.0
c06_s03_cov100_seed00000022_tiered_nt4,tiered,fast_gate,6,3,,,4,7,0,1,,0.0
c06_s03_cov100_seed00000023_tiered_nt4,tiered,fast_gate,6,3,,,4,0,4267,0,0.9969533630185142,0.9969533630185142
c06_s03_cov100_seed00000023_tiered_nt4,tiered,fast_gate,6,3,,,4,1,932,1706,0.973175965665236,0.34382107657316147
c06_s03_cov100_seed00000023_tiered_nt4,tiered,fast_gate,6,3,,,4,2,207,2335,0.9806763285024155,0.07985837922895359
c06_s03_cov100_seed00000023_tiered_nt4,tiered,fast_gate,6,3,,,4,3,35,1065,0.9142857142857143,0.02909090909090909
c06_s03_cov100_seed00000023_tiered_nt4,tiered,fast_gate,6,3,,,4,4,3,373,1.0,0.007978723404255319
c06_s03_cov100_seed00000023_tiered_nt4,tiered,fast_gate,6,3,,,4,5,0,75,,0.0
c06_s03_cov100_seed00000023_tiered_nt4,tiered,fast_gate,6,3,,,4,6,0,2,,0.0
c06_s03_cov100_seed00000024_tiered_nt4,tiered,fast_gate,6,3,,,4,0,4392,0,0.9890710382513661,0.9890710382513661
c06_s03_cov100_seed00000024_tiered_nt4,tiered,fast_gate,6,3,,,4,1,2147,1605,0.9417792268281323,0.5389125799573561
c06_s03_cov100_seed00000024_tiered_nt4,tiered,fast_gate,6,3,,,4,2,762,1090,0.8622047244094488,0.3547516198704104
c06_s03_cov100_seed00000024_tiered_nt4,tiered,fast_gate,6,3,,,4,3,40,872,0.925,0.04057017543859649
c06_s03_cov100_seed00000024_tiered_nt4,tiered,fast_gate,6,3,,,4,4,0,92,,0.0
c06_s03_cov100_seed00000025_tiered_nt4,tiered,fast_gate,6,3,,,4,0,4359,0,0.9901353521449874,0.9901353521449874
c06_s03_cov100_seed00000025_tiered_nt4,tiered,fast_gate,6,3,,,4,1,1684,1336,0.9287410926365796,0.5178807947019868
c06_s03_cov100_seed00000025_tiered_nt4,tiered,fast_gate,6,3,,,4,2,1038,901,0.9094412331406551,0.48684889118102115
c06_s03_cov100_seed00000025_tiered_nt4,tiered,fast_gate,6,3,,,4,3,251,1118,0.9681274900398407,0.1775018261504748
c06_s03_cov100_seed00000025_tiered_nt4,tiered,fast_gate,6,3,,,4,4,37,262,0.9459459459459459,0.11705685618729098
c06_s03_cov100_seed00000025_tiered_nt4,tiered,fast_gate,6,3,,,4,5,0,14,,0.0
c06_s03_cov100_seed00000026_tiered_nt4,tiered,fast_gate,6,3,,,4,0,3130,0,0.9987220447284345,0.9987220447284345
c06_s03_cov100_seed00000026_tiered_nt4,tiered,fast_gate,6,3,,,4,1,2130,791,0.9727699530516432,0.7093461143444026
c06_s03_cov100_seed00000026_tiered_nt4,tiered,fast_gate,6,3,,,4,2,966,1505,0.8623188405797102,0.3371104815864023
c06_s03_cov100_seed00000026_tiered_nt4,tiered,fast_gate,6,3,,,4,3,381,1225,0.6981627296587927,0.1656288916562889
c06_s03_cov100_seed00000026_tiered_nt4,tiered,fast_gate,6,3,,,4,4,37,545,0.5405405405405406,0.03436426116838488
c06_s03_cov100_seed00000026_tiered_nt4,tiered,fast_gate,6,3,,,4,5,2,228,0.0,0.0
c06_s03_cov100_seed00000026_tiered_nt4,tiered,fast_gate,6,3,,,4,6,0,56,,0.0
c06_s03_cov100_seed00000026_tiered_nt4,tiered,fast_gate,6,3,,,4,7,0,4,,0.0
c06_s03_cov100_seed00000027_tiered_nt4,tiered,fast_gate,6,3,,,4,0,4303,0,0.9955844759470137,0.9955844759470137
c06_s03_cov100_seed00000027_tiered_nt4,tiered,fast_gate,6,3,,,4,1,948,1703,0.9841772151898734,0.35194266314598266
c06_s03_cov100_seed00000027_tiered_nt4,tiered,fast_gate,6,3,,,4,2,203,2368,0.9753694581280788,0.07701283547257877
c06_s03_cov100_seed00000027_tiered_nt4,tiered,fast_gate,6,3,,,4,3,37,1003,1.0,0.035576923076923075
c06_s03_cov100_seed00000027_tiered_nt4,tiered,fast_gate,6,3,,,4,4,1,342,1.0,0.0029154518950437317
c06_s03_cov100_seed00000027_tiered_nt4,tiered,fast_gate,6,3,,,4,5,0,92,,0.0
c06_s03_cov100_seed00000028_tiered_nt4,tiered,fast_gate,6,3,,,4,0,4040,0,0.9896039603960396,0.9896039603960396
c06_s03_cov100_seed00000028_tiered_nt4,tiered,fast_gate,6,3,,,4,1,1471,2555,0.9170632222977566,0.3350720317933433
c06_s03_cov100_seed00000028_tiered_nt4,tiered,fast_gate,6,3,,,4,2,535,1309,0.7981308411214953,0.23156182212581344
c06_s03_cov100_seed00000028_tiered_nt4,tiered,fast_gate,6,3,,,4,3,10,838,0.6,0.007075471698113208
c06_s03_cov100_seed00000028_tiered_nt4,tiered,fast_gate,6,3,,,4,4,0,219,,0.0
c06_s03_cov100_seed00000028_tiered_nt4,tiered,fast_gate,6,3,,,4,5,0,23,,0.0
c06_s03_cov100_seed00000029_tiered_nt4,tiered,fast_gate,6,3,,,4,0,4247,0,0.9964680951259712,0.9964680951259712
c06_s03_cov100_seed00000029_tiered_nt4,tiered,fast_gate,6,3,,,4,1,1009,2611,0.9682854311199207,0.26988950276243096
c06_s03_cov100_seed00000029_tiered_nt4,tiered,fast_gate,6,3,,,4,2,95,1990,0.9157894736842105,0.041726618705035974
c06_s03_cov100_seed00000029_tiered_nt4,tiered,fast_gate,6,3,,,4,3,15,847,1.0,0.01740139211136891
c06_s03_cov100_seed00000029_tiered_nt4,tiered,fast_gate,6,3,,,4,4,0,165,,0.0
c06_s03_cov100_seed00000029_tiered_nt4,tiered,fast_gate,6,3,,,4,5,0,21,,0.0
c06_s03_cov100_seed00000030_tiered_nt4,tiered,fast_gate,6,3,,,4,0,4250,0,0.9995294117647059,0.9995294117647059
c06_s03_cov100_seed00000030_tiered_nt4,tiered,fast_gate,6,3,,,4,1,1828,719,0.9939824945295405,0.7133882999607382
c06_s03_cov100_seed00000030_tiered_nt4,tiered,fast_gate,6,3,,,4,2,234,2509,0.9572649572649573,0.08166241341596792
c06_s03_cov100_seed00000030_tiered_nt4,tiered,fast_gate,6,3,,,4,3,40,1018,0.875,0.0330812854442344
c06_s03_cov100_seed00000030_tiered_nt4,tiered,fast_gate,6,3,,,4,4,0,378,,0.0
c06_s03_cov100_seed00000030_tiered_nt4,tiered,fast_gate,6,3,,,4,5,0,24,,0.0
c06_s03_cov100_seed00000031_tiered_nt4,tiered,fast_gate,6,3,,,4,0,4049,0,0.9906149666584342,0.9906149666584342
c06_s03_cov100_seed00000031_tiered_nt4,tiered,fast_gate,6,3,,,4,1,1846,1923,0.9263271939328277,0.4537012470151234
c06_s03_cov100_seed00000031_tiered_nt4,tiered,fast_gate,6,3,,,4,2,674,1121,0.8471810089020771,0.3181058495821727
c06_s03_cov100_seed00000031_tiered_nt4,tiered,fast_gate,6,3,,,4,3,156,842,0.8397435897435898,0.1312625250501002
c06_s03_cov100_seed00000031_tiered_nt4,tiered,fast_gate,6,3,,,4,4,5,271,0.8,0.014492753623188406
c06_s03_cov100_seed00000031_tiered_nt4,tiered,fast_gate,6,3,,,4,5,0,99,,0.0
c06_s03_cov100_seed00000031_tiered_nt4,tiered,fast_gate,6,3,,,4,6,0,14,,0.0
c06_s03_cov100_seed00000032_tiered_nt4,tiered,fast_gate,6,3,,,4,0,4289,0,0.9965026812776872,0.9965026812776872
c06_s03_cov100_seed00000032_tiered_nt4,tiered,fast_gate,6,3,,,4,1,1000,2613,0.977,0.27041239966786607
c06_s03_cov100_seed00000032_tiered_nt4,tiered,fast_gate,6,3,,,4,2,100,1923,0.97,0.04794859120118636
c06_s03_cov100_seed00000032_tiered_nt4,tiered,fast_gate,6,3,,,4,3,15,855,1.0,0.017241379310344827
c06_s03_cov100_seed00000032_tiered_nt4,tiered,fast_gate,6,3,,,4,4,0,179,,0.0
c06_s03_cov100_seed00000032_tiered_nt4,tiered,fast_gate,6,3,,,4,5,0,26,,0.0
c06_s03_cov100_seed00000033_tiered_nt4,tiered,fast_gate,6,3,,,4,0,4092,0,0.9863147605083089,0.9863147605083089
c06_s03_cov100_seed00000033_tiered_nt4,tiered,fast_gate,6,3,,,4,1,1457,2526,0.8963623884694578,0.3278935475772031
c06_s03_cov100_seed00000033_tiered_nt4,tiered,fast_gate,6,3,,,4,2,549,1303,0.75591985428051,0.22408207343412526
c06_s03_cov100_seed00000033_tiered_nt4,tiered,fast_gate,6,3,,,4,3,7,804,0.42857142857142855,0.0036991368680641184
c06_s03_cov100_seed00000033_tiered_nt4,tiered,fast_gate,6,3,,,4,4,0,234,,0.0
c06_s03_cov100_seed00000033_tiered_nt4,tiered,fast_gate,6,3,,,4,5,0,28,,0.0
c06_s03_cov100_seed00000034_tiered_nt4,tiered,fast_gate,6,3,,,4,0,5981,0,0.9974920581842501,0.9974920581842501
c06_s03_cov100_seed00000034_tiered_nt4,tiered,fast_gate,6,3,,,4,1,770,1632,0.987012987012987,0.3164029975020816
c06_s03_cov100_seed00000034_tiered_nt4,tiered,fast_gate,6,3,,,4,2,142,1187,0.9859154929577465,0.1053423626787058
c06_s03_cov100_seed00000034_tiered_nt4,tiered,fast_gate,6,3,,,4,3,20,876,0.95,0.021205357142857144
c06_s03_cov100_seed00000034_tiered_nt4,tiered,fast_gate,6,3,,,4,4,0,356,,0.0
c06_s03_cov100_seed00000034_tiered_nt4,tiered,fast_gate,6,3,,,4,5,0,36,,0.0
c06_s03_cov100_seed00000035_tiered_nt4,tiered,fast_gate,6,3,,,4,0,5996,0,0.9986657771847899,0.9986657771847899
c06_s03_cov100_seed00000035_tiered_nt4,tiered,fast_gate,6,3,,,4,1,419,2150,0.9713603818615751,0.15842740365901128
c06_s03_cov100_seed00000035_tiered_nt4,tiered,fast_gate,6,3,,,4,2,28,1717,1.0,0.016045845272206302
c06_s03_cov100_seed00000035_tiered_nt4,tiered,fast_gate,6,3,,,4,3,0,650,,0.0
c06_s03_cov100_seed00000035_tiered_nt4,tiered,fast_gate,6,3,,,4,4,0,40,,0.0
c06_s03_cov100_seed00000036_tiered_nt4,tiered,fast_gate,6,3,,,4,0,5923,0,0.9971298328549721,0.9971298328549721
c06_s03_cov100_seed00000036_tiered_nt4,tiered,fast_gate,6,3,,,4,1,381,2172,0.973753280839895,0.14531923227575402
c06_s03_cov100_seed00000036_tiered_nt4,tiered,fast_gate,6,3,,,4,2,45,1798,0.8444444444444444,0.020618556701030927
c06_s03_cov100_seed00000036_tiered_nt4,tiered,fast_gate,6,3,,,4,3,0,618,,0.0
c06_s03_cov100_seed00000036_tiered_nt4,tiered,fast_gate,6,3,,,4,4,0,63,,0.0
c06_s03_cov100_seed00000037_tiered_nt4,tiered,fast_gate,6,3,,,4,0,4268,0,0.996485473289597,0.996485473289597
c06_s03_cov100_seed00000037_tiered_nt4,tiered,fast_gate,6,3,,,4,1,942,1689,0.9777070063694268,0.3500570125427594
c06_s03_cov100_seed00000037_tiered_nt4,tiered,fast_gate,6,3,,,4,2,236,2335,0.9661016949152542,0.08868144690781797
c06_s03_cov100_seed00000037_tiered_nt4,tiered,fast_gate,6,3,,,4,3,40,1047,1.0,0.03679852805887764
c06_s03_cov100_seed00000037_tiered_nt4,tiered,fast_gate,6,3,,,4,4,2,354,1.0,0.0056179775280898875
c06_s03_cov100_seed00000037_tiered_nt4,tiered,fast_gate,6,3,,,4,5,0,87,,0.0
c06_s03_cov100_seed00000038_tiered_nt4,tiered,fast_gate,6,3,,,4,0,4411,0,0.9902516436182272,0.9902516436182272
c06_s03_cov100_seed00000038_tiered_nt4,tiered,fast_gate,6,3,,,4,1,1634,1443,0.945532435740514,0.5021124471888203
c06_s03_cov100_seed00000038_tiered_nt4,tiered,fast_gate,6,3,,,4,2,697,1600,0.8723098995695839,0.26469307792773183
c06_s03_cov100_seed00000038_tiered_nt4,tiered,fast_gate,6,3,,,4,3,391,571,0.8593350383631714,0.3492723492723493
c06_s03_cov100_seed00000038_tiered_nt4,tiered,fast_gate,6,3,,,4,4,11,210,0.45454545454545453,0.02262443438914027
c06_s03_cov100_seed00000038_tiered_nt4,tiered,fast_gate,6,3,,,4,5,0,29,,0.0
c06_s03_cov100_seed00000038_tiered_nt4,tiered,fast_gate,6,3,,,4,6,0,3,,0.0
c06_s03_cov100_seed00000039_tiered_nt4,tiered,fast_gate,6,3,,,4,0,4031,0,0.9868518977921111,0.9868518977921111
c06_s03_cov100_seed00000039_tiered_nt4,tiered,fast_gate,6,3,,,4,1,1450,1722,0.9062068965517242,0.41424968474148804
c06_s03_cov100_seed00000039_tiered_nt4,tiered,fast_gate,6,3,,,4,2,677,1486,0.8197932053175776,0.2565880721220527
c06_s03_cov100_seed00000039_tiered_nt4,tiered,fast_gate,6,3,,,4,3,147,1104,0.8571428571428571,0.10071942446043165
c06_s03_cov100_seed00000039_tiered_nt4,tiered,fast_gate,6,3,,,4,4,13,334,1.0,0.037463976945244955
c06_s03_cov100_seed00000039_tiered_nt4,tiered,fast_gate,6,3,,,4,5,0,34,,0.0
c06_s03_cov100_seed00000039_tiered_nt4,tiered,fast_gate,6,3,,,4,6,0,2,,0.0
c06_s05_cov100_seed00000000_tiered_nt2,tiered,fast_gate,6,5,,,2,0,2793,0,0.9291084854994629,0.9291084854994629
c06_s05_cov100_seed00000000_tiered_nt2,tiered,fast_gate,6,5,,,2,1,2232,700,0.9704301075268817,0.7387448840381992
c06_s05_cov100_seed00000000_tiered_nt2,tiered,fast_gate,6,5,,,2,2,719,2056,1.0,0.2590990990990991
c06_s05_cov100_seed00000000_tiered_nt2,tiered,fast_gate,6,5,,,2,3,0,1864,,0.0
c06_s05_cov100_seed00000000_tiered_nt2,tiered,fast_gate,6,5,,,2,4,0,611,,0.0
c06_s05_cov100_seed00000000_tiered_nt2,tiered,fast_gate,6,5,,,2,5,0,25,,0.0
c06_s05_cov100_seed00000001_tiered_nt2,tiered,fast_gate,6,5,,,2,0,2790,0,0.9326164874551971,0.9326164874551971
c06_s05_cov100_seed00000001_tiered_nt2,tiered,fast_gate,6,5,,,2,1,2126,690,0.9708372530573848,0.7329545454545454
c06_s05_cov100_seed00000001_tiered_nt2,tiered,fast_gate,6,5,,,2,2,699,2115,1.0,0.2484008528784648
c06_s05_cov100_seed00000001_tiered_nt2,tiered,fast_gate,6,5,,,2,3,0,1921,,0.0
c06_s05_cov100_seed00000001_tiered_nt2,tiered,fast_gate,6,5,,,2,4,0,628,,0.0
c06_s05_cov100_seed00000001_tiered_nt2,tiered,fast_gate,6,5,,,2,5,0,31,,0.0
c06_s05_cov100_seed00000002_tiered_nt2,tiered,fast_gate,6,5,,,2,0,2767,0,0.9353089989157933,0.9353089989157933
c06_s05_cov100_seed00000002_tiered_nt2,tiered,fast_gate,6,5,,,2,1,2281,712,0.9745725558965366,0.7427330437687939
c06_s05_cov100_seed00000002_tiered_nt2,tiered,fast_gate,6,5,,,2,2,706,1989,1.0,0.2619666048237477
c06_s05_cov100_seed00000002_tiered_nt2,tiered,fast_gate,6,5,,,2,3,0,1843,,0.0
c06_s05_cov100_seed00000002_tiered_nt2,tiered,fast_gate,6,5,,,2,4,0,681,,0.0
c06_s05_cov100_seed00000002_tiered_nt2,tiered,fast_gate,6,5,,,2,5,0,21,,0.0
c06_s05_cov100_seed00000003_tiered_nt2,tiered,fast_gate,6,5,,,2,0,2764,0,0.9327062228654125,0.9327062228654125
c06_s05_cov100_seed00000003_tiered_nt2,tiered,fast_gate,6,5,,,2,1,2173,709,0.9742291762540267,0.734559333795975
c06_s05_cov100_seed00000003_tiered_nt2,tiered,fast_gate,6,5,,,2,2,682,2155,1.0,0.24039478322171307
c06_s05_cov100_seed00000003_tiered_nt2,tiered,fast_gate,6,5,,,2,3,0,1872,,0.0
c06_s05_cov100_seed00000003_tiered_nt2,tiered,fast_gate,6,5,,,2,4,0,625,,0.0
c06_s05_cov100_seed00000003_tiered_nt2,tiered,fast_gate,6,5,,,2,5,0,20,,0.0
c06_s05_cov100_seed00000004_tiered_nt2,tiered,fast_gate,6,5,,,2,0,2787,0,0.935773232866882,0.935773232866882
c06_s05_cov100_seed00000004_tiered_nt2,tiered,fast_gate,6,5,,,2,1,2152,758,0.9786245353159851,0.7237113402061855
c06_s05_cov100_seed00000004_tiered_nt2,tiered,fast_gate,6,5,,,2,2,647,2075,1.0,0.23769287288758267
c06_s05_cov100_seed00000004_tiered_nt2,tiered,fast_gate,6,5,,,2,3,0,1886,,0.0
c06_s05_cov100_seed00000004_tiered_nt2,tiered,fast_gate,6,5,,,2,4,0,670,,0.0
c06_s05_cov100_seed00000004_tiered_nt2,tiered,fast_gate,6,5,,,2,5,0,25,,0.0
c06_s05_cov100_seed00000005_tiered_nt2,tiered,fast_gate,6,5,,,2,0,2819,0,0.9269244412912381,0.9269244412912381
c06_s05_cov100_seed00000005_tiered_nt2,tiered,fast_gate,6,5,,,2,1,2173,677,0.9728485964104924,0.7417543859649123
c06_s05_cov100_seed00000005_tiered_nt2,tiered,fast_gate,6,5,,,2,2,661,2137,1.0,0.23624017155110794
c06_s05_cov100_seed00000005_tiered_nt2,tiered,fast_gate,6,5,,,2,3,0,1861,,0.0
c06_s05_cov100_seed00000005_tiered_nt2,tiered,fast_gate,6,5,,,2,4,0,648,,0.0
c06_s05_cov100_seed00000005_tiered_nt2,tiered,fast_gate,6,5,,,2,5,0,24,,0.0
c06_s05_cov100_seed00000006_tiered_nt2,tiered,fast_gate,6,5,,,2,0,2814,0,0.9307036247334755,0.9307036247334755
c06_s05_cov100_seed00000006_tiered_nt2,tiered,fast_gate,6,5,,,2,1,2135,688,0.9690866510538642,0.7329082536308891
c06_s05_cov100_seed00000006_tiered_nt2,tiered,fast_gate,6,5,,,2,2,678,2135,1.0,0.24102381798791325
c06_s05_cov100_seed00000006_tiered_nt2,tiered,fast_gate,6,5,,,2,3,0,1855,,0.0
c06_s05_cov100_seed00000006_tiered_nt2,tiered,fast_gate,6,5,,,2,4,0,662,,0.0
c06_s05_cov100_seed00000006_tiered_nt2,tiered,fast_gate,6,5,,,2,5,0,33,,0.0
c06_s05_cov100_seed00000007_tiered_nt2,tiered,fast_gate,6,5,,,2,0,2801,0,0.9275258836129954,0.9275258836129954
c06_s05_cov100_seed00000007_tiered_nt2,tiered,fast_gate,6,5,,,2,1,2219,761,0.9770166741775574,0.72751677852349
c06_s05_cov100_seed00000007_tiered_nt2,tiered,fast_gate,6,5,,,2,2,685,2086,1.0,0.24720317574882714
c06_s05_cov100_seed00000007_tiered_nt2,tiered,fast_gate,6,5,,,2,3,0,1773,,0.0
c06_s05_cov100_seed00000007_tiered_nt2,tiered,fast_gate,6,5,,,2,4,0,646,,0.0
c06_s05_cov100_seed00000007_tiered_nt2,tiered,fast_gate,6,5,,,2,5,0,29,,0.0
c06_s05_cov100_seed00000008_tiered_nt2,tiered,fast_gate,6,5,,,2,0,2757,0,0.9354370692782009,0.9354370692782009
c06_s05_cov100_seed00000008_tiered_nt2,tiered,fast_gate,6,5,,,2,1,2144,734,0.9822761194029851,0.7317581653926337
c06_s05_cov100_seed00000008_tiered_nt2,tiered,fast_gate,6,5,,,2,2,652,2197,1.0,0.22885222885222886
c06_s05_cov100_seed00000008_tiered_nt2,tiered,fast_gate,6,5,,,2,3,0,1858,,0.0
c06_s05_cov100_seed00000008_tiered_nt2,tiered,fast_gate,6,5,,,2,4,0,637,,0.0
c06_s05_cov100_seed00000008_tiered_nt2,tiered,fast_gate,6,5,,,2,5,0,21,,0.0
c06_s05_cov100_seed00000009_tiered_nt2,tiered,fast_gate,6,5,,,2,0,2789,0,0.9279311581211904,0.9279311581211904
c06_s05_cov100_seed00000009_tiered_nt2,tiered,fast_gate,6,5,,,2,1,2170,712,0.9691244239631336,0.7297015961138098
c06_s05_cov100_seed00000009_tiered_nt2,tiered,fast_gate,6,5,,,2,2,663,2181,1.0,0.23312236286919832
c06_s05_cov100_seed00000009_tiered_nt2,tiered,fast_gate,6,5,,,2,3,0,1843,,0.0
c06_s05_cov100_seed00000009_tiered_nt2,tiered,fast_gate,6,5,,,2,4,0,608,,0.0
c06_s05_cov100_seed00000009_tiered_nt2,tiered,fast_gate,6,5,,,2,5,0,34,,0.0
c06_s05_cov100_seed00000010_tiered_nt2,tiered,fast_gate,6,5,,,2,0,2793,0,0.9355531686358755,0.9355531686358755
c06_s05_cov100_seed00000010_tiered_nt2,tiered,fast_gate,6,5,,,2,1,2230,687,0.974439461883408,0.7449434350359959
c06_s05_cov100_seed00000010_tiered_nt2,tiered,fast_gate,6,5,,,2,2,677,2043,1.0,0.24889705882352942
c06_s05_cov100_seed00000010_tiered_nt2,tiered,fast_gate,6,5,,,2,3,0,1889,,0.0
c06_s05_cov100_seed00000010_tiered_nt2,tiered,fast_gate,6,5,,,2,4,0,648,,0.0
c06_s05_cov100_seed00000010_tiered_nt2,tiered,fast_gate,6,5,,,2,5,0,33,,0.0
c06_s05_cov100_seed00000011_tiered_nt2,tiered,fast_gate,6,5,,,2,0,2784,0,0.930316091954023,0.930316091954023
c06_s05_cov100_seed00000011_tiered_nt2,tiered,fast_gate,6,5,,,2,1,2154,720,0.9693593314763231,0.7265135699373695
c06_s05_cov100_seed00000011_tiered_nt2,tiered,fast_gate,6,5,,,2,2,646,2194,1.0,0.22746478873239437
c06_s05_cov100_seed00000011_tiered_nt2,tiered,fast_gate,6,5,,,2,3,0,1818,,0.0
c06_s05_cov100_seed00000011_tiered_nt2,tiered,fast_gate,6,5,,,2,4,0,638,,0.0
c06_s05_cov100_seed00000011_tiered_nt2,tiered,fast_gate,6,5,,,2,5,0,46,,0.0
c06_s05_cov100_seed00000012_tiered_nt2,tiered,fast_gate,6,5,,,2,0,2774,0,0.9275414563806778,0.9275414563806778
c06_s05_cov100_seed00000012_tiered_nt2,tiered,fast_gate,6,5,,,2,1,2287,678,0.9711412330564058,0.7490725126475548
c06_s05_cov100_seed00000012_tiered_nt2,tiered,fast_gate,6,5,,,2,2,681,2054,1.0,0.2489945155393053
c06_s05_cov100_seed00000012_tiered_nt2,tiered,fast_gate,6,5,,,2,3,0,1825,,0.0
c06_s05_cov100_seed00000012_tiered_nt2,tiered,fast_gate,6,5,,,2,4,0,675,,0.0
c06_s05_cov100_seed00000012_tiered_nt2,tiered,fast_gate,6,5,,,2,5,0,26,,0.0
c06_s05_cov100_seed00000013_tiered_nt2,tiered,fast_gate,6,5,,,2,0,2800,0,0.9317857142857143,0.9317857142857143
c06_s05_cov100_seed00000013_tiered_nt2,tiered,fast_gate,6,5,,,2,1,2155,760,0.9730858468677495,0.7193825042881646
c06_s05_cov100_seed00000013_tiered_nt2,tiered,fast_gate,6,5,,,2,2,682,2100,1.0,0.24514737598849748
c06_s05_cov100_seed00000013_tiered_nt2,tiered,fast_gate,6,5,,,2,3,0,1843,,0.0
c06_s05_cov100_seed00000013_tiered_nt2,tiered,fast_gate,6,5,,,2,4,0,638,,0.0
c06_s05_cov100_seed00000013_tiered_nt2,tiered,fast_gate,6,5,,,2,5,0,22,,0.0
c06_s05_cov100_seed00000014_tiered_nt2,tiered,fast_gate,6,5,,,2,0,2802,0,0.938258386866524,0.938258386866524
c06_s05_cov100_seed00000014_tiered_nt2,tiered,fast_gate,6,5,,,2,1,2110,669,0.9772511848341232,0.741993522849946
c06_s05_cov100_seed00000014_tiered_nt2,tiered,fast_gate,6,5,,,2,2,748,2141,1.0,0.2589131187262028
c06_s05_cov100_seed00000014_tiered_nt2,tiered,fast_gate,6,5,,,2,3,0,1877,,0.0
c06_s05_cov100_seed00000014_tiered_nt2,tiered,fast_gate,6,5,,,2,4,0,622,,0.0
c06_s05_cov100_seed00000014_tiered_nt2,tiered,fast_gate,6,5,,,2,5,0,31,,0.0
c06_s05_cov100_seed00000015_tiered_nt2,tiered,fast_gate,6,5,,,2,0,2772,0,0.9404761904761905,0.9404761904761905
c06_s05_cov100_seed00000015_tiered_nt2,tiered,fast_gate,6,5,,,2,1,2210,696,0.9791855203619909,0.7446662078458361
c06_s05_cov100_seed00000015_tiered_nt2,tiered,fast_gate,6,5,,,2,2,691,2064,1.0,0.25081669691470054
c06_s05_cov100_seed00000015_tiered_nt2,tiered,fast_gate,6,5,,,2,3,0,1872,,0.0
c06_s05_cov100_seed00000015_tiered_nt2,tiered,fast_gate,6,5,,,2,4,0,665,,0.0
c06_s05_cov100_seed00000015_tiered_nt2,tiered,fast_gate,6,5,,,2,5,0,30,,0.0
c06_s05_cov100_seed00000016_tiered_nt2,tiered,fast_gate,6,5,,,2,0,2801,0,0.935380221349518,0.935380221349518
c06_s05_cov100_seed00000016_tiered_nt2,tiered,fast_gate,6,5,,,2,1,2156,719,0.9763450834879406,0.7321739130434782
c06_s05_cov100_seed00000016_tiered_nt2,tiered,fast_gate,6,5,,,2,2,727,2037,1.0,0.2630246020260492
c06_s05_cov100_seed00000016_tiered_nt2,tiered,fast_gate,6,5,,,2,3,0,1898,,0.0
c06_s05_cov100_seed00000016_tiered_nt2,tiered,fast_gate,6,5,,,2,4,0,638,,0.0
c06_s05_cov100_seed00000016_tiered_nt2,tiered,fast_gate,6,5,,,2,5,0,24,,0.0
c06_s05_cov100_seed00000017_tiered_nt2,tiered,fast_gate,6,5,,,2,0,2834,0,0.9294283697953423,0.9294283697953423
c06_s05_cov100_seed00000017_tiered_nt2,tiered,fast_gate,6,5,,,2,1,2150,671,0.9762790697674418,0.7440623892236795
c06_s05_cov100_seed00000017_tiered_nt2,tiered,fast_gate,6,5,,,2,2,671,2128,1.0,0.23972847445516257
c06_s05_cov100_seed00000017_tiered_nt2,tiered,fast_gate,6,5,,,2,3,0,1880,,0.0
c06_s05_cov100_seed00000017_tiered_nt2,tiered,fast_gate,6,5,,,2,4,0,648,,0.0
c06_s05_cov100_seed00000017_tiered_nt2,tiered,fast_gate,6,5,,,2,5,0,18,,0.0
c06_s05_cov100_seed00000018_tiered_nt2,tiered,fast_gate,6,5,,,2,0,2782,0,0.9356578001437814,0.9356578001437814
c06_s05_cov100_seed00000018_tiered_nt2,tiered,fast_gate,6,5,,,2,1,2181,723,0.9752407152682255,0.7324380165289256
c06_s05_cov100_seed00000018_tiered_nt2,tiered,fast_gate,6,5,,,2,2,664,2068,1.0,0.2430453879941435
c06_s05_cov100_seed00000018_tiered_nt2,tiered,fast_gate,6,5,,,2,3,0,1926,,0.0
c06_s05_cov100_seed00000018_tiered_nt2,tiered,fast_gate,6,5,,,2,4,0,631,,0.0
c06_s05_cov100_seed00000018_tiered_nt2,tiered,fast_gate,6,5,,,2,5,0,25,,0.0
c06_s05_cov100_seed00000019_tiered_nt2,tiered,fast_gate,6,5,,,2,0,2808,0,0.9341168091168092,0.9341168091168092
c06_s05_cov100_seed00000019_tiered_nt2,tiered,fast_gate,6,5,,,2,1,2183,724,0.9715987173614292,0.7296181630546955
c06_s05_cov100_seed00000019_tiered_nt2,tiered,fast_gate,6,5,,,2,2,663,2124,1.0,0.2378902045209903
c06_s05_cov100_seed00000019_tiered_nt2,tiered,fast_gate,6,5,,,2,3,0,1819,,0.0
c06_s05_cov100_seed00000019_tiered_nt2,tiered,fast_gate,6,5,,,2,4,0,643,,0.0
c06_s05_cov100_seed00000019_tiered_nt2,tiered,fast_gate,6,5,,,2,5,0,36,,0.0
c06_s05_cov100_seed00000020_tiered_nt2,tiered,fast_gate,6,5,,,2,0,2795,0,0.9302325581395349,0.9302325581395349
c06_s05_cov100_seed00000020_tiered_nt2,tiered,fast_gate,6,5,,,2,1,2269,685,0.9788453063023358,0.7518618821936357
c06_s05_cov100_seed00000020_tiered_nt2,tiered,fast_gate,6,5,,,2,2,693,2047,1.0,0.25291970802919705
c06_s05_cov100_seed00000020_tiered_nt2,tiered,fast_gate,6,5,,,2,3,0,1842,,0.0
c06_s05_cov100_seed00000020_tiered_nt2,tiered,fast_gate,6,5,,,2,4,0,636,,0.0
c06_s05_cov100_seed00000020_tiered_nt2,tiered,fast_gate,6,5,,,2,5,0,33,,0.0
c06_s05_cov100_seed00000021_tiered_nt2,tiered,fast_gate,6,5,,,2,0,2800,0,0.9342857142857143,0.9342857142857143
c06_s05_cov100_seed00000021_tiered_nt2,tiered,fast_gate,6,5,,,2,1,2150,747,0.9767441860465116,0.7248878149810148
c06_s05_cov100_seed00000021_tiered_nt2,tiered,fast_gate,6,5,,,2,2,694,2176,1.0,0.24181184668989547
c06_s05_cov100_seed00000021_tiered_nt2,tiered,fast_gate,6,5,,,2,3,0,1845,,0.0
c06_s05_cov100_seed00000021_tiered_nt2,tiered,fast_gate,6,5,,,2,4,0,550,,0.0
c06_s05_cov100_seed00000021_tiered_nt2,tiered,fast_gate,6,5,,,2,5,0,38,,0.0
c06_s05_cov100_seed00000022_tiered_nt2,tiered,fast_gate,6,5,,,2,0,2803,0,0.9318587227970032,0.9318587227970032
c06_s05_cov100_seed00000022_tiered_nt2,tiered,fast_gate,6,5,,,2,1,2190,684,0.9739726027397261,0.7421711899791231
c06_s05_cov100_seed00000022_tiered_nt2,tiered,fast_gate,6,5,,,2,2,673,2095,1.0,0.24313583815028902
c06_s05_cov100_seed00000022_tiered_nt2,tiered,fast_gate,6,5,,,2,3,0,1874,,0.0
c06_s05_cov100_seed00000022_tiered_nt2,tiered,fast_gate,6,5,,,2,4,0,649,,0.0
c06_s05_cov100_seed00000022_tiered_nt2,tiered,fast_gate,6,5,,,2,5,0,32,,0.0
c06_s05_cov100_seed00000023_tiered_nt2,tiered,fast_gate,6,5,,,2,0,2788,0,0.9311334289813487,0.9311334289813487
c06_s05_cov100_seed00000023_tiered_nt2,tiered,fast_gate,6,5,,,2,1,2114,670,0.9716177861873226,0.7377873563218391
c06_s05_cov100_seed00000023_tiered_nt2,tiered,fast_gate,6,5,,,2,2,697,2183,1.0,0.2420138888888889
c06_s05_cov100_seed00000023_tiered_nt2,tiered,fast_gate,6,5,,,2,3,0,1867,,0.0
c06_s05_cov100_seed00000023_tiered_nt2,tiered,fast_gate,6,5,,,2,4,0,656,,0.0
c06_s05_cov100_seed00000023_tiered_nt2,tiered,fast_gate,6,5,,,2,5,0,25,,0.0
c06_s05_cov100_seed00000024_tiered_nt2,tiered,fast_gate,6,5,,,2,0,2763,0,0.930148389431777,0.930148389431777
c06_s05_cov100_seed00000024_tiered_nt2,tiered,fast_gate,6,5,,,2,1,2205,743,0.9755102040816327,0.7296472184531886
c06_s05_cov100_seed00000024_tiered_nt2,tiered,fast_gate,6,5,,,2,2,678,2068,1.0,0.2469045884923525
c06_s05_cov100_seed00000024_tiered_nt2,tiered,fast_gate,6,5,,,2,3,0,1847,,0.0
c06_s05_cov100_seed00000024_tiered_nt2,tiered,fast_gate,6,5,,,2,4,0,666,,0.0
c06_s05_cov100_seed00000024_tiered_nt2,tiered,fast_gate,6,5,,,2,5,0,30,,0.0
c06_s05_cov100_seed00000025_tiered_nt2,tiered,fast_gate,6,5,,,2,0,2762,0,0.9337436640115858,0.9337436640115858
c06_s05_cov100_seed00000025_tiered_nt2,tiered,fast_gate,6,5,,,2,1,2240,689,0.9754464285714286,0.7459883919426425
c06_s05_cov100_seed00000025_tiered_nt2,tiered,fast_gate,6,5,,,2,2,718,2118,1.0,0.2531734837799718
c06_s05_cov100_seed00000025_tiered_nt2,tiered,fast_gate,6,5,,,2,3,0,1802,,0.0
c06_s05_cov100_seed00000025_tiered_nt2,tiered,fast_gate,6,5,,,2,4,0,644,,0.0
c06_s05_cov100_seed00000025_tiered_nt2,tiered,fast_gate,6,5,,,2,5,0,27,,0.0
c06_s05_cov100_seed00000026_tiered_nt2,tiered,fast_gate,6,5,,,2,0,2790,0,0.9275985663082438,0.9275985663082438
c06_s05_cov100_seed00000026_tiered_nt2,tiered,fast_gate,6,5,,,2,1,2167,729,0.9824642362713428,0.7351519337016574
c06_s05_cov100_seed00000026_tiered_nt2,tiered,fast_gate,6,5,,,2,2,699,2103,1.0,0.2494646680942184
c06_s05_cov100_seed00000026_tiered_nt2,tiered,fast_gate,6,5,,,2,3,0,1833,,0.0
c06_s05_cov100_seed00000026_tiered_nt2,tiered,fast_gate,6,5,,,2,4,0,662,,0.0
c06_s05_cov100_seed00000026_tiered_nt2,tiered,fast_gate,6,5,,,2,5,0,17,,0.0
c06_s05_cov100_seed00000027_tiered_nt2,tiered,fast_gate,6,5,,,2,0,2769,0,0.9313831708197905,0.9313831708197905
c06_s05_cov100_seed00000027_tiered_nt2,tiered,fast_gate,6,5,,,2,1,2190,757,0.9776255707762557,0.7265015269765863
c06_s05_cov100_seed00000027_tiered_nt2,tiered,fast_gate,6,5,,,2,2,706,2066,1.0,0.2546897546897547
c06_s05_cov100_seed00000027_tiered_nt2,tiered,fast_gate,6,5,,,2,3,0,1830,,0.0
c06_s05_cov100_seed00000027_tiered_nt2,tiered,fast_gate,6,5,,,2,4,0,649,,0.0
c06_s05_cov100_seed00000027_tiered_nt2,tiered,fast_gate,6,5,,,2,5,0,33,,0.0
c06_s05_cov100_seed00000028_tiered_nt2,tiered,fast_gate,6,5,,,2,0,2808,0,0.9344729344729344,0.9344729344729344
c06_s05_cov100_seed00000028_tiered_nt2,tiered,fast_gate,6,5,,,2,1,2214,734,0.9742547425474255,0.7316824966078698
c06_s05_cov100_seed00000028_tiered_nt2,tiered,fast_gate,6,5,,,2,2,688,2013,1.0,0.25472047389855607
c06_s05_cov100_seed00000028_tiered_nt2,tiered,fast_gate,6,5,,,2,3,0,1881,,0.0
c06_s05_cov100_seed00000028_tiered_nt2,tiered,fast_gate,6,5,,,2,4,0,645,,0.0
c06_s05_cov100_seed00000028_tiered_nt2,tiered,fast_gate,6,5,,,2,5,0,17,,0.0
c06_s05_cov100_seed00000029_tiered_nt2,tiered,fast_gate,6,5,,,2,0,2805,0,0.9365418894830659,0.9365418894830659
c06_s05_cov100_seed00000029_tiered_nt2,tiered,fast_gate,6,5,,,2,1,2185,735,0.974370709382151,0.7291095890410959
c06_s05_cov100_seed00000029_tiered_nt2,tiered,fast_gate,6,5,,,2,2,675,2027,1.0,0.24981495188749075
c06_s05_cov100_seed00000029_tiered_nt2,tiered,fast_gate,6,5,,,2,3,0,1903,,0.0
c06_s05_cov100_seed00000029_tiered_nt2,tiered,fast_gate,6,5,,,2,4,0,639,,0.0
c06_s05_cov100_seed00000029_tiered_nt2,tiered,fast_gate,6,5,,,2,5,0,31,,0.0
c06_s05_cov100_seed00000030_tiered_nt2,tiered,fast_gate,6,5,,,2,0,2780,0,0.9330935251798561,0.9330935251798561
c06_s05_cov100_seed00000030_tiered_nt2,tiered,fast_gate,6,5,,,2,1,2202,687,0.9722979109900091,0.7410868812737972
c06_s05_cov100_seed00000030_tiered_nt2,tiered,fast_gate,6,5,,,2,2,701,2074,1.0,0.2526126126126126
c06_s05_cov100_seed00000030_tiered_nt2,tiered,fast_gate,6,5,,,2,3,0,1911,,0.0
c06_s05_cov100_seed00000030_tiered_nt2,tiered,fast_gate,6,5,,,2,4,0,614,,0.0
c06_s05_cov100_seed00000030_tiered_nt2,tiered,fast_gate,6,5,,,2,5,0,31,,0.0
c06_s05_cov100_seed00000031_tiered_nt2,tiered,fast_gate,6,5,,,2,0,2806,0,0.9305060584461867,0.9305060584461867
c06_s05_cov100_seed00000031_tiered_nt2,tiered,fast_gate,6,5,,,2,1,2162,719,0.9745605920444034,0.7313432835820896
c06_s05_cov100_seed00000031_tiered_nt2,tiered,fast_gate,6,5,,,2,2,685,2053,1.0,0.2501826150474799
c06_s05_cov100_seed00000031_tiered_nt2,tiered,fast_gate,6,5,,,2,3,0,1925,,0.0
c06_s05_cov100_seed00000031_tiered_nt2,tiered,fast_gate,6,5,,,2,4,0,622,,0.0
c06_s05_cov100_seed00000031_tiered_nt2,tiered,fast_gate,6,5,,,2,5,0,28,,0.0
c06_s05_cov100_seed00000032_tiered_nt2,tiered,fast_gate,6,5,,,2,0,2771,0,0.9310718152291592,0.9310718152291592
c06_s05_cov100_seed00000032_tiered_nt2,tiered,fast_gate,6,5,,,2,1,2182,711,0.9747937671860678,0.7352229519529899
c06_s05_cov100_seed00000032_tiered_nt2,tiered,fast_gate,6,5,,,2,2,666,2125,1.0,0.23862414905051954
c06_s05_cov100_seed00000032_tiered_nt2,tiered,fast_gate,6,5,,,2,3,0,1896,,0.0
c06_s05_cov100_seed00000032_tiered_nt2,tiered,fast_gate,6,5,,,2,4,0,621,,0.0
c06_s05_cov100_seed00000032_tiered_nt2,tiered,fast_gate,6,5,,,2,5,0,28,,0.0
c06_s05_cov100_seed00000033_tiered_nt2,tiered,fast_gate,6,5,,,2,0,2740,0,0.9328467153284672,0.9328467153284672
c06_s05_cov100_seed00000033_tiered_nt2,tiered,fast_gate,6,5,,,2,1,2193,699,0.9767441860465116,0.7406639004149378
c06_s05_cov100_seed00000033_tiered_nt2,tiered,fast_gate,6,5,,,2,2,678,2158,1.0,0.2390691114245416
c06_s05_cov100_seed00000033_tiered_nt2,tiered,fast_gate,6,5,,,2,3,0,1862,,0.0
c06_s05_cov100_seed00000033_tiered_nt2,tiered,fast_gate,6,5,,,2,4,0,646,,0.0
c06_s05_cov100_seed00000033_tiered_nt2,tiered,fast_gate,6,5,,,2,5,0,24,,0.0
c06_s05_cov100_seed00000034_tiered_nt2,tiered,fast_gate,6,5,,,2,0,2740,0,0.9430656934306569,0.9430656934306569
c06_s05_cov100_seed00000034_tiered_nt2,tiered,fast_gate,6,5,,,2,1,2239,698,0.9714158106297455,0.7405515832482125
c06_s05_cov100_seed00000034_tiered_nt2,tiered,fast_gate,6,5,,,2,2,665,2076,1.0,0.24261218533381979
c06_s05_cov100_seed00000034_tiered_nt2,tiered,fast_gate,6,5,,,2,3,0,1904,,0.0
c06_s05_cov100_seed00000034_tiered_nt2,tiered,fast_gate,6,5,,,2,4,0,647,,0.0
c06_s05_cov100_seed00000034_tiered_nt2,tiered,fast_gate,6,5,,,2,5,0,31,,0.0
c06_s05_cov100_seed00000035_tiered_nt2,tiered,fast_gate,6,5,,,2,0,2823,0,0.9323414806942969,0.9323414806942969
c06_s05_cov100_seed00000035_tiered_nt2,tiered,fast_gate,6,5,,,2,1,2163,682,0.9667128987517337,0.7349736379613356
c06_s05_cov100_seed00000035_tiered_nt2,tiered,fast_gate,6,5,,,2,2,691,2063,1.0,0.25090777051561364
c06_s05_cov100_seed00000035_tiered_nt2,tiered,fast_gate,6,5,,,2,3,0,1912,,0.0
c06_s05_cov100_seed00000035_tiered_nt2,tiered,fast_gate,6,5,,,2,4,0,636,,0.0
c06_s05_cov100_seed00000035_tiered_nt2,tiered,fast_gate,6,5,,,2,5,0,30,,0.0
c06_s05_cov100_seed00000036_tiered_nt2,tiered,fast_gate,6,5,,,2,0,2769,0,0.9310220296135789,0.9310220296135789
c06_s05_cov100_seed00000036_tiered_nt2,tiered,fast_gate,6,5,,,2,1,2208,758,0.9723731884057971,0.7238705327039784
c06_s05_cov100_seed00000036_tiered_nt2,tiered,fast_gate,6,5,,,2,2,675,2078,1.0,0.24518706865237921
c06_s05_cov100_seed00000036_tiered_nt2,tiered,fast_gate,6,5,,,2,3,0,1837,,0.0
c06_s05_cov100_seed00000036_tiered_nt2,tiered,fast_gate,6,5,,,2,4,0,645,,0.0
c06_s05_cov100_seed00000036_tiered_nt2,tiered,fast_gate,6,5,,,2,5,0,30,,0.0
c06_s05_cov100_seed00000037_tiered_nt2,tiered,fast_gate,6,5,,,2,0,2793,0,0.9291084854994629,0.9291084854994629
c06_s05_cov100_seed00000037_tiered_nt2,tiered,fast_gate,6,5,,,2,1,2216,687,0.9724729241877257,0.7423355149844988
c06_s05_cov100_seed00000037_tiered_nt2,tiered,fast_gate,6,5,,,2,2,675,2118,1.0,0.24167561761546724
c06_s05_cov100_seed00000037_tiered_nt2,tiered,fast_gate,6,5,,,2,3,0,1840,,0.0
c06_s05_cov100_seed00000037_tiered_nt2,tiered,fast_gate,6,5,,,2,4,0,647,,0.0
c06_s05_cov100_seed00000037_tiered_nt2,tiered,fast_gate,6,5,,,2,5,0,24,,0.0
c06_s05_cov100_seed00000038_tiered_nt2,tiered,fast_gate,6,5,,,2,0,2830,0,0.9268551236749116,0.9268551236749116
c06_s05_cov100_seed00000038_tiered_nt2,tiered,fast_gate,6,5,,,2,1,2226,693,0.9779874213836478,0.7458033573141487
c06_s05_cov100_seed00000038_tiered_nt2,tiered,fast_gate,6,5,,,2,2,675,2081,1.0,0.2449201741654572
c06_s05_cov100_seed00000038_tiered_nt2,tiered,fast_gate,6,5,,,2,3,0,1852,,0.0
c06_s05_cov100_seed00000038_tiered_nt2,tiered,fast_gate,6,5,,,2,4,0,607,,0.0
c06_s05_cov100_seed00000038_tiered_nt2,tiered,fast_gate,6,5,,,2,5,0,36,,0.0
c06_s05_cov100_seed00000039_tiered_nt2,tiered,fast_gate,6,5,,,2,0,2757,0,0.936525208560029,0.936525208560029
c06_s05_cov100_seed00000039_tiered_nt2,tiered,fast_gate,6,5,,,2,1,2179,722,0.9733822854520422,0.7311271975180972
c06_s05_cov100_seed00000039_tiered_nt2,tiered,fast_gate,6,5,,,2,2,662,2126,1.0,0.2374461979913917
c06_s05_cov100_seed00000039_tiered_nt2,tiered,fast_gate,6,5,,,2,3,0,1882,,0.0
c06_s05_cov100_seed00000039_tiered_nt2,tiered,fast_gate,6,5,,,2,4,0,641,,0.0
c06_s05_cov100_seed00000039_tiered_nt2,tiered,fast_gate,6,5,,,2,5,0,31,,0.0
c06_s05_cov100_seed00000000_tiered_nt3,tiered,fast_gate,6,5,,,3,0,2934,0,0.9962508520790729,0.9962508520790729
c06_s05_cov100_seed00000000_tiered_nt3,tiered,fast_gate,6,5,,,3,1,1873,1119,0.9775760811532301,0.6119652406417112
c06_s05_cov100_seed00000000_tiered_nt3,tiered,fast_gate,6,5,,,3,2,514,2420,0.9416342412451362,0.16496250852079072
c06_s05_cov100_seed00000000_tiered_nt3,tiered,fast_gate,6,5,,,3,3,81,1534,1.0,0.05015479876160991
c06_s05_cov100_seed00000000_tiered_nt3,tiered,fast_gate,6,5,,,3,4,1,468,1.0,0.0021321961620469083
c06_s05_cov100_seed00000000_tiered_nt3,tiered,fast_gate,6,5,,,3,5,0,56,,0.0
c06_s05_cov100_seed00000001_tiered_nt3,tiered,fast_gate,6,5,,,3,0,2965,0,0.9973018549747049,0.9973018549747049
c06_s05_cov100_seed00000001_tiered_nt3,tiered,fast_gate,6,5,,,3,1,1768,1092,0.9852941176470589,0.6090909090909091
c06_s05_cov100_seed00000001_tiered_nt3,tiered,fast_gate,6,5,,,3,2,518,2528,0.9266409266409267,0.15758371634931057
c06_s05_cov100_seed00000001_tiered_nt3,tiered,fast_gate,6,5,,,3,3,73,1538,1.0,0.04531346989447548
c06_s05_cov100_seed00000001_tiered_nt3,tiered,fast_gate,6,5,,,3,4,2,471,1.0,0.004228329809725159
c06_s05_cov100_seed00000001_tiered_nt3,tiered,fast_gate,6,5,,,3,5,0,45,,0.0
c06_s05_cov100_seed00000002_tiered_nt3,tiered,fast_gate,6,5,,,3,0,2949,0,0.996609020006782,0.996609020006782
c06_s05_cov100_seed00000002_tiered_nt3,tiered,fast_gate,6,5,,,3,1,1800,1118,0.9827777777777778,0.6062371487320082
c06_s05_cov100_seed00000002_tiered_nt3,tiered,fast_gate,6,5,,,3,2,583,2469,0.9416809605488851,0.17988204456094364
c06_s05_cov100_seed00000002_tiered_nt3,tiered,fast_gate,6,5,,,3,3,80,1483,1.0,0.05118362124120281
c06_s05_cov100_seed00000002_tiered_nt3,tiered,fast_gate,6,5,,,3,4,4,462,1.0,0.008583690987124463
c06_s05_cov100_seed00000002_tiered_nt3,tiered,fast_gate,6,5,,,3,5,0,52,,0.0
c06_s05_cov100_seed00000003_tiered_nt3,tiered,fast_gate,6,5,,,3,0,2958,0,0.9959432048681541,0.9959432048681541
c06_s05_cov100_seed00000003_tiered_nt3,tiered,fast_gate,6,5,,,3,1,1784,1132,0.9781390134529148,0.5984224965706447
c06_s05_cov100_seed00000003_tiered_nt3,tiered,fast_gate,6,5,,,3,2,523,2498,0.9369024856596558,0.16219794769943727
c06_s05_cov100_seed00000003_tiered_nt3,tiered,fast_gate,6,5,,,3,3,67,1561,1.0,0.041154791154791155
c06_s05_cov100_seed00000003_tiered_nt3,tiered,fast_gate,6,5,,,3,4,2,435,1.0,0.004576659038901602
c06_s05_cov100_seed00000003_tiered_nt3,tiered,fast_gate,6,5,,,3,5,0,40,,0.0
c06_s05_cov100_seed00000004_tiered_nt3,tiered,fast_gate,6,5,,,3,0,2964,0,0.9973009446693657,0.9973009446693657
c06_s05_cov100_seed00000004_tiered_nt3,tiered,fast_gate,6,5,,,3,1,1776,1129,0.9780405405405406,0.597934595524957
c06_s05_cov100_seed00000004_tiered_nt3,tiered,fast_gate,6,5,,,3,2,559,2474,0.9481216457960644,0.17474447741510057
c06_s05_cov100_seed00000004_tiered_nt3,tiered,fast_gate,6,5,,,3,3,77,1509,1.0,0.048549810844892814
c06_s05_cov100_seed00000004_tiered_nt3,tiered,fast_gate,6,5,,,3,4,3,469,1.0,0.006355932203389831
c06_s05_cov100_seed00000004_tiered_nt3,tiered,fast_gate,6,5,,,3,5,0,40,,0.0
c06_s05_cov100_seed00000005_tiered_nt3,tiered,fast_gate,6,5,,,3,0,2940,0,0.9962585034013606,0.9962585034013606
c06_s05_cov100_seed00000005_tiered_nt3,tiered,fast_gate,6,5,,,3,1,1798,1058,0.9816462736373749,0.6179971988795518
c06_s05_cov100_seed00000005_tiered_nt3,tiered,fast_gate,6,5,,,3,2,593,2547,0.9477234401349073,0.1789808917197452
c06_s05_cov100_seed00000005_tiered_nt3,tiered,fast_gate,6,5,,,3,3,73,1509,1.0,0.0461441213653603
c06_s05_cov100_seed00000005_tiered_nt3,tiered,fast_gate,6,5,,,3,4,1,448,1.0,0.0022271714922048997
c06_s05_cov100_seed00000005_tiered_nt3,tiered,fast_gate,6,5,,,3,5,0,33,,0.0
c06_s05_cov100_seed00000006_tiered_nt3,tiered,fast_gate,6,5,,,3,0,2927,0,0.9965835326272634,0.9965835326272634
c06_s05_cov100_seed00000006_tiered_nt3,tiered,fast_gate,6,5,,,3,1,1789,1097,0.9837898267188373,0.6098406098406098
c06_s05_cov100_seed00000006_tiered_nt3,tiered,fast_gate,6,5,,,3,2,530,2534,0.9566037735849057,0.16546997389033943
c06_s05_cov100_seed00000006_tiered_nt3,tiered,fast_gate,6,5,,,3,3,67,1560,1.0,0.041180086047940996
c06_s05_cov100_seed00000006_tiered_nt3,tiered,fast_gate,6,5,,,3,4,5,447,1.0,0.011061946902654867
c06_s05_cov100_seed00000006_tiered_nt3,tiered,fast_gate,6,5,,,3,5,0,44,,0.0
c06_s05_cov100_seed00000007_tiered_nt3,tiered,fast_gate,6,5,,,3,0,2929,0,0.99522021167634,0.99522021167634
c06_s05_cov100_seed00000007_tiered_nt3,tiered,fast_gate,6,5,,,3,1,1835,1139,0.979291553133515,0.6042367182246133
c06_s05_cov100_seed00000007_tiered_nt3,tiered,fast_gate,6,5,,,3,2,582,2473,0.929553264604811,0.17708674304418986
c06_s05_cov100_seed00000007_tiered_nt3,tiered,fast_gate,6,5,,,3,3,79,1493,1.0,0.05025445292620865
c06_s05_cov100_seed00000007_tiered_nt3,tiered,fast_gate,6,5,,,3,4,1,430,1.0,0.002320185614849188
c06_s05_cov100_seed00000007_tiered_nt3,tiered,fast_gate,6,5,,,3,5,0,39,,0.0
c06_s05_cov100_seed00000008_tiered_nt3,tiered,fast_gate,6,5,,,3,0,2925,0,0.9945299145299146,0.9945299145299146
c06_s05_cov100_seed00000008_tiered_nt3,tiered,fast_gate,6,5,,,3,1,1797,1080,0.9833055091819699,0.6141814389989573
c06_s05_cov100_seed00000008_tiered_nt3,tiered,fast_gate,6,5,,,3,2,557,2520,0.9461400359066428,0.1712707182320442
c06_s05_cov100_seed00000008_tiered_nt3,tiered,fast_gate,6,5,,,3,3,74,1538,1.0,0.04590570719602978
c06_s05_cov100_seed00000008_tiered_nt3,tiered,fast_gate,6,5,,,3,4,1,467,1.0,0.002136752136752137
c06_s05_cov100_seed00000008_tiered_nt3,tiered,fast_gate,6,5,,,3,5,0,41,,0.0
c06_s05_cov100_seed00000009_tiered_nt3,tiered,fast_gate,6,5,,,3,0,2960,0,0.9952702702702703,0.9952702702702703
c06_s05_cov100_seed00000009_tiered_nt3,tiered,fast_gate,6,5,,,3,1,1793,1053,0.9815950920245399,0.6184118060435699
c06_s05_cov100_seed00000009_tiered_nt3,tiered,fast_gate,6,5,,,3,2,521,2513,0.9539347408829175,0.16381015161502965
c06_s05_cov100_seed00000009_tiered_nt3,tiered,fast_gate,6,5,,,3,3,62,1606,1.0,0.03717026378896882
c06_s05_cov100_seed00000009_tiered_nt3,tiered,fast_gate,6,5,,,3,4,3,442,1.0,0.006741573033707865
c06_s05_cov100_seed00000009_tiered_nt3,tiered,fast_gate,6,5,,,3,5,0,47,,0.0
c06_s05_cov100_seed00000010_tiered_nt3,tiered,fast_gate,6,5,,,3,0,2962,0,0.9942606347062796,0.9942606347062796
c06_s05_cov100_seed00000010_tiered_nt3,tiered,fast_gate,6,5,,,3,1,1738,1142,0.9729574223245109,0.5871527777777777
c06_s05_cov100_seed00000010_tiered_nt3,tiered,fast_gate,6,5,,,3,2,546,2519,0.9395604395604396,0.16737357259380098
c06_s05_cov100_seed00000010_tiered_nt3,tiered,fast_gate,6,5,,,3,3,77,1503,1.0,0.048734177215189876
c06_s05_cov100_seed00000010_tiered_nt3,tiered,fast_gate,6,5,,,3,4,0,486,,0.0
c06_s05_cov100_seed00000010_tiered_nt3,tiered,fast_gate,6,5,,,3,5,0,27,,0.0
c06_s05_cov100_seed00000011_tiered_nt3,tiered,fast_gate,6,5,,,3,0,2929,0,0.9959030385797201,0.9959030385797201
c06_s05_cov100_seed00000011_tiered_nt3,tiered,fast_gate,6,5,,,3,1,1808,1094,0.974004424778761,0.6068228807718815
c06_s05_cov100_seed00000011_tiered_nt3,tiered,fast_gate,6,5,,,3,2,516,2548,0.936046511627907,0.15763707571801566
c06_s05_cov100_seed00000011_tiered_nt3,tiered,fast_gate,6,5,,,3,3,68,1545,1.0,0.04215747055176689
c06_s05_cov100_seed00000011_tiered_nt3,tiered,fast_gate,6,5,,,3,4,4,441,1.0,0.008988764044943821
c06_s05_cov100_seed00000011_tiered_nt3,tiered,fast_gate,6,5,,,3,5,0,47,,0.0
c06_s05_cov100_seed00000012_tiered_nt3,tiered,fast_gate,6,5,,,3,0,2929,0,0.9931717309662,0.9931717309662
c06_s05_cov100_seed00000012_tiered_nt3,tiered,fast_gate,6,5,,,3,1,1799,1078,0.9861033907726515,0.6166145290232882
c06_s05_cov100_seed00000012_tiered_nt3,tiered,fast_gate,6,5,,,3,2,537,2576,0.9553072625698324,0.1647928043687761
c06_s05_cov100_seed00000012_tiered_nt3,tiered,fast_gate,6,5,,,3,3,65,1501,1.0,0.041507024265644954
c06_s05_cov100_seed00000012_tiered_nt3,tiered,fast_gate,6,5,,,3,4,2,473,1.0,0.004210526315789474
c06_s05_cov100_seed00000012_tiered_nt3,tiered,fast_gate,6,5,,,3,5,0,40,,0.0
c06_s05_cov100_seed00000013_tiered_nt3,tiered,fast_gate,6,5,,,3,0,2976,0,0.9959677419354839,0.9959677419354839
c06_s05_cov100_seed00000013_tiered_nt3,tiered,fast_gate,6,5,,,3,1,1822,1065,0.9725576289791438,0.6137859369587807
c06_s05_cov100_seed00000013_tiered_nt3,tiered,fast_gate,6,5,,,3,2,546,2495,0.9487179487179487,0.17033870437356133
c06_s05_cov100_seed00000013_tiered_nt3,tiered,fast_gate,6,5,,,3,3,75,1501,1.0,0.04758883248730964
c06_s05_cov100_seed00000013_tiered_nt3,tiered,fast_gate,6,5,,,3,4,3,478,1.0,0.006237006237006237
c06_s05_cov100_seed00000013_tiered_nt3,tiered,fast_gate,6,5,,,3,5,0,39,,0.0
c06_s05_cov100_seed00000014_tiered_nt3,tiered,fast_gate,6,5,,,3,0,2907,0,0.9951840385276918,0.9951840385276918
c06_s05_cov100_seed00000014_tiered_nt3,tiered,fast_gate,6,5,,,3,1,1791,1075,0.9793411501954216,0.6120027913468249
c06_s05_cov100_seed00000014_tiered_nt3,tiered,fast_gate,6,5,,,3,2,526,2523,0.9543726235741445,0.16464414562151525
c06_s05_cov100_seed00000014_tiered_nt3,tiered,fast_gate,6,5,,,3,3,71,1572,1.0,0.04321363359707851
c06_s05_cov100_seed00000014_tiered_nt3,tiered,fast_gate,6,5,,,3,4,0,488,,0.0
c06_s05_cov100_seed00000014_tiered_nt3,tiered,fast_gate,6,5,,,3,5,0,47,,0.0
c06_s05_cov100_seed00000015_tiered_nt3,tiered,fast_gate,6,5,,,3,0,2921,0,0.9965765148921603,0.9965765148921603
c06_s05_cov100_seed00000015_tiered_nt3,tiered,fast_gate,6,5,,,3,1,1802,1093,0.9833518312985572,0.6120898100172711
c06_s05_cov100_seed00000015_tiered_nt3,tiered,fast_gate,6,5,,,3,2,546,2512,0.9432234432234432,0.1684107259646828
c06_s05_cov100_seed00000015_tiered_nt3,tiered,fast_gate,6,5,,,3,3,72,1555,1.0,0.044253226797787336
c06_s05_cov100_seed00000015_tiered_nt3,tiered,fast_gate,6,5,,,3,4,1,452,1.0,0.002207505518763797
c06_s05_cov100_seed00000015_tiered_nt3,tiered,fast_gate,6,5,,,3,5,0,46,,0.0
c06_s05_cov100_seed00000016_tiered_nt3,tiered,fast_gate,6,5,,,3,0,2968,0,0.9956199460916442,0.9956199460916442
c06_s05_cov100_seed00000016_tiered_nt3,tiered,fast_gate,6,5,,,3,1,1788,1066,0.9815436241610739,0.614926419060967
c06_s05_cov100_seed00000016_tiered_nt3,tiered,fast_gate,6,5,,,3,2,525,2556,0.9523809523809523,0.16228497241155468
c06_s05_cov100_seed00000016_tiered_nt3,tiered,fast_gate,6,5,,,3,3,70,1493,1.0,0.044785668586052464
c06_s05_cov100_seed00000016_tiered_nt3,tiered,fast_gate,6,5,,,3,4,1,490,1.0,0.002036659877800407
c06_s05_cov100_seed00000016_tiered_nt3,tiered,fast_gate,6,5,,,3,5,0,43,,0.0
c06_s05_cov100_seed00000017_tiered_nt3,tiered,fast_gate,6,5,,,3,0,2938,0,0.9962559564329476,0.9962559564329476
c06_s05_cov100_seed00000017_tiered_nt3,tiered,fast_gate,6,5,,,3,1,1846,1115,0.9761646803900325,0.6085781830462682
c06_s05_cov100_seed00000017_tiered_nt3,tiered,fast_gate,6,5,,,3,2,542,2450,0.9501845018450185,0.17212566844919786
c06_s05_cov100_seed00000017_tiered_nt3,tiered,fast_gate,6,5,,,3,3,65,1529,1.0,0.04077791718946048
c06_s05_cov100_seed00000017_tiered_nt3,tiered,fast_gate,6,5,,,3,4,0,479,,0.0
c06_s05_cov100_seed00000017_tiered_nt3,tiered,fast_gate,6,5,,,3,5,0,36,,0.0
c06_s05_cov100_seed00000018_tiered_nt3,tiered,fast_gate,6,5,,,3,0,2969,0,0.9946109801279892,0.9946109801279892
c06_s05_cov100_seed00000018_tiered_nt3,tiered,fast_gate,6,5,,,3,1,1809,1095,0.9789939192924267,0.6098484848484849
c06_s05_cov100_seed00000018_tiered_nt3,tiered,fast_gate,6,5,,,3,2,535,2457,0.9457943925233645,0.16911764705882354
c06_s05_cov100_seed00000018_tiered_nt3,tiered,fast_gate,6,5,,,3,3,66,1548,1.0,0.040892193308550186
c06_s05_cov100_seed00000018_tiered_nt3,tiered,fast_gate,6,5,,,3,4,2,484,1.0,0.00411522633744856
c06_s05_cov100_seed00000018_tiered_nt3,tiered,fast_gate,6,5,,,3,5,0,35,,0.0
c06_s05_cov100_seed00000019_tiered_nt3,tiered,fast_gate,6,5,,,3,0,2936,0,0.9959128065395095,0.9959128065395095
c06_s05_cov100_seed00000019_tiered_nt3,tiered,fast_gate,6,5,,,3,1,1741,1118,0.9747271682940839,0.5935641832808675
c06_s05_cov100_seed00000019_tiered_nt3,tiered,fast_gate,6,5,,,3,2,501,2553,0.9401197604790419,0.15422396856581533
c06_s05_cov100_seed00000019_tiered_nt3,tiered,fast_gate,6,5,,,3,3,80,1578,1.0,0.04825090470446321
c06_s05_cov100_seed00000019_tiered_nt3,tiered,fast_gate,6,5,,,3,4,5,441,1.0,0.011210762331838564
c06_s05_cov100_seed00000019_tiered_nt3,tiered,fast_gate,6,5,,,3,5,0,47,,0.0
c06_s05_cov100_seed00000020_tiered_nt3,tiered,fast_gate,6,5,,,3,0,2972,0,0.9952893674293405,0.9952893674293405
c06_s05_cov100_seed00000020_tiered_nt3,tiered,fast_gate,6,5,,,3,1,1822,1118,0.9807903402854007,0.6078231292517007
c06_s05_cov100_seed00000020_tiered_nt3,tiered,fast_gate,6,5,,,3,2,529,2456,0.9262759924385633,0.16415410385259632
c06_s05_cov100_seed00000020_tiered_nt3,tiered,fast_gate,6,5,,,3,3,62,1576,1.0,0.03785103785103785
c06_s05_cov100_seed00000020_tiered_nt3,tiered,fast_gate,6,5,,,3,4,1,427,1.0,0.002336448598130841
c06_s05_cov100_seed00000020_tiered_nt3,tiered,fast_gate,6,5,,,3,5,0,37,,0.0
c06_s05_cov100_seed00000021_tiered_nt3,tiered,fast_gate,6,5,,,3,0,2915,0,0.9948542024013722,0.9948542024013722
c06_s05_cov100_seed00000021_tiered_nt3,tiered,fast_gate,6,5,,,3,1,1810,1126,0.9767955801104973,0.6021798365122616
c06_s05_cov100_seed00000021_tiered_nt3,tiered,fast_gate,6,5,,,3,2,526,2476,0.9334600760456274,0.16355762824783476
c06_s05_cov100_seed00000021_tiered_nt3,tiered,fast_gate,6,5,,,3,3,74,1591,1.0,0.044444444444444446
c06_s05_cov100_seed00000021_tiered_nt3,tiered,fast_gate,6,5,,,3,4,3,446,1.0,0.0066815144766146995
c06_s05_cov100_seed00000021_tiered_nt3,tiered,fast_gate,6,5,,,3,5,0,33,,0.0
c06_s05_cov100_seed00000022_tiered_nt3,tiered,fast_gate,6,5,,,3,0,2954,0,0.9942450914014895,0.9942450914014895
c06_s05_cov100_seed00000022_tiered_nt3,tiered,fast_gate,6,5,,,3,1,1733,1103,0.9780727062896711,0.597672778561354
c06_s05_cov100_seed00000022_tiered_nt3,tiered,fast_gate,6,5,,,3,2,534,2551,0.947565543071161,0.1640194489465154
c06_s05_cov100_seed00000022_tiered_nt3,tiered,fast_gate,6,5,,,3,3,80,1541,1.0,0.049352251696483655
c06_s05_cov100_seed00000022_tiered_nt3,tiered,fast_gate,6,5,,,3,4,2,464,1.0,0.004291845493562232
c06_s05_cov100_seed00000022_tiered_nt3,tiered,fast_gate,6,5,,,3,5,0,38,,0.0
c06_s05_cov100_seed00000023_tiered_nt3,tiered,fast_gate,6,5,,,3,0,2945,0,0.9955857385398982,0.9955857385398982
c06_s05_cov100_seed00000023_tiered_nt3,tiered,fast_gate,6,5,,,3,1,1821,1093,0.9796814936847886,0.6122168840082362
c06_s05_cov100_seed00000023_tiered_nt3,tiered,fast_gate,6,5,,,3,2,549,2475,0.9562841530054644,0.1736111111111111
c06_s05_cov100_seed00000023_tiered_nt3,tiered,fast_gate,6,5,,,3,3,67,1567,1.0,0.04100367197062423
c06_s05_cov100_seed00000023_tiered_nt3,tiered,fast_gate,6,5,,,3,4,2,437,1.0,0.004555808656036446
c06_s05_cov100_seed00000023_tiered_nt3,tiered,fast_gate,6,5,,,3,5,0,44,,0.0
c06_s05_cov100_seed00000024_tiered_nt3,tiered,fast_gate,6,5,,,3,0,2918,0,0.995887594242632,0.995887594242632
c06_s05_cov100_seed00000024_tiered_nt3,tiered,fast_gate,6,5,,,3,1,1762,1064,0.9772985244040863,0.6093418259023354
c06_s05_cov100_seed00000024_tiered_nt3,tiered,fast_gate,6,5,,,3,2,567,2591,0.9488536155202821,0.17036098796706775
c06_s05_cov100_seed00000024_tiered_nt3,tiered,fast_gate,6,5,,,3,3,72,1562,1.0,0.044063647490820076
c06_s05_cov100_seed00000024_tiered_nt3,tiered,fast_gate,6,5,,,3,4,0,416,,0.0
c06_s05_cov100_seed00000024_tiered_nt3,tiered,fast_gate,6,5,,,3,5,0,48,,0.0
c06_s05_cov100_seed00000025_tiered_nt3,tiered,fast_gate,6,5,,,3,0,2963,0,0.9959500506243671,0.9959500506243671
c06_s05_cov100_seed00000025_tiered_nt3,tiered,fast_gate,6,5,,,3,1,1775,1103,0.9729577464788732,0.6000694927032661
c06_s05_cov100_seed00000025_tiered_nt3,tiered,fast_gate,6,5,,,3,2,549,2429,0.9599271402550091,0.17696440564137006
c06_s05_cov100_seed00000025_tiered_nt3,tiered,fast_gate,6,5,,,3,3,62,1613,1.0,0.037014925373134326
c06_s05_cov100_seed00000025_tiered_nt3,tiered,fast_gate,6,5,,,3,4,1,469,1.0,0.002127659574468085
c06_s05_cov100_seed00000025_tiered_nt3,tiered,fast_gate,6,5,,,3,5,0,36,,0.0
c06_s05_cov100_seed00000026_tiered_nt3,tiered,fast_gate,6,5,,,3,0,2970,0,0.9942760942760943,0.9942760942760943
c06_s05_cov100_seed00000026_tiered_nt3,tiered,fast_gate,6,5,,,3,1,1747,1074,0.976531196336577,0.6047500886210564
c06_s05_cov100_seed00000026_tiered_nt3,tiered,fast_gate,6,5,,,3,2,538,2519,0.9591078066914498,0.16879293424926398
c06_s05_cov100_seed00000026_tiered_nt3,tiered,fast_gate,6,5,,,3,3,78,1568,1.0,0.04738760631834751
c06_s05_cov100_seed00000026_tiered_nt3,tiered,fast_gate,6,5,,,3,4,2,469,1.0,0.004246284501061571
c06_s05_cov100_seed00000026_tiered_nt3,tiered,fast_gate,6,5,,,3,5,0,35,,0.0
c06_s05_cov100_seed00000027_tiered_nt3,tiered,fast_gate,6,5,,,3,0,2946,0,0.9969450101832994,0.9969450101832994
c06_s05_cov100_seed00000027_tiered_nt3,tiered,fast_gate,6,5,,,3,1,1758,1100,0.9783845278725825,0.6018194541637508
c06_s05_cov100_seed00000027_tiered_nt3,tiered,fast_gate,6,5,,,3,2,530,2583,0.9415094339622642,0.16029553485383874
c06_s05_cov100_seed00000027_tiered_nt3,tiered,fast_gate,6,5,,,3,3,74,1518,1.0,0.04648241206030151
c06_s05_cov100_seed00000027_tiered_nt3,tiered,fast_gate,6,5,,,3,4,1,445,1.0,0.002242152466367713
c06_s05_cov100_seed00000027_tiered_nt3,tiered,fast_gate,6,5,,,3,5,0,45,,0.0
c06_s05_cov100_seed00000028_tiered_nt3,tiered,fast_gate,6,5,,,3,0,2929,0,0.9959030385797201,0.9959030385797201
c06_s05_cov100_seed00000028_tiered_nt3,tiered,fast_gate,6,5,,,3,1,1782,1108,0.9725028058361391,0.5996539792387543
c06_s05_cov100_seed00000028_tiered_nt3,tiered,fast_gate,6,5,,,3,2,556,2487,0.9496402877697842,0.1735129806112389
c06_s05_cov100_seed00000028_tiered_nt3,tiered,fast_gate,6,5,,,3,3,76,1572,1.0,0.04611650485436893
c06_s05_cov100_seed00000028_tiered_nt3,tiered,fast_gate,6,5,,,3,4,1,448,1.0,0.0022271714922048997
c06_s05_cov100_seed00000028_tiered_nt3,tiered,fast_gate,6,5,,,3,5,0,41,,0.0
c06_s05_cov100_seed00000029_tiered_nt3,tiered,fast_gate,6,5,,,3,0,2967,0,0.9949443882709808,0.9949443882709808
c06_s05_cov100_seed00000029_tiered_nt3,tiered,fast_gate,6,5,,,3,1,1738,1089,0.9758342922899885,0.5999292536257517
c06_s05_cov100_seed00000029_tiered_nt3,tiered,fast_gate,6,5,,,3,2,535,2567,0.9420560747663551,0.16247582205029013
c06_s05_cov100_seed00000029_tiered_nt3,tiered,fast_gate,6,5,,,3,3,59,1560,1.0,0.03644224830142063
c06_s05_cov100_seed00000029_tiered_nt3,tiered,fast_gate,6,5,,,3,4,4,438,1.0,0.00904977375565611
c06_s05_cov100_seed00000029_tiered_nt3,tiered,fast_gate,6,5,,,3,5,0,43,,0.0
c06_s05_cov100_seed00000030_tiered_nt3,tiered,fast_gate,6,5,,,3,0,2979,0,0.995636119503189,0.995636119503189
c06_s05_cov100_seed00000030_tiered_nt3,tiered,fast_gate,6,5,,,3,1,1765,1115,0.9745042492917847,0.5972222222222222
c06_s05_cov100_seed00000030_tiered_nt3,tiered,fast_gate,6,5,,,3,2,495,2558,0.9555555555555556,0.15492957746478872
c06_s05_cov100_seed00000030_tiered_nt3,tiered,fast_gate,6,5,,,3,3,73,1508,1.0,0.046173308032890575
c06_s05_cov100_seed00000030_tiered_nt3,tiered,fast_gate,6,5,,,3,4,1,472,1.0,0.0021141649048625794
c06_s05_cov100_seed00000030_tiered_nt3,tiered,fast_gate,6,5,,,3,5,0,34,,0.0
c06_s05_cov100_seed00000031_tiered_nt3,tiered,fast_gate,6,5,,,3,0,2982,0,0.9963112005365526,0.9963112005365526
c06_s05_cov100_seed00000031_tiered_nt3,tiered,fast_gate,6,5,,,3,1,1734,1118,0.9838523644752019,0.5981767180925667
c06_s05_cov100_seed00000031_tiered_nt3,tiered,fast_gate,6,5,,,3,2,528,2556,0.9488636363636364,0.16245136186770429
c06_s05_cov100_seed00000031_tiered_nt3,tiered,fast_gate,6,5,,,3,3,84,1485,1.0,0.05353728489483748
c06_s05_cov100_seed00000031_tiered_nt3,tiered,fast_gate,6,5,,,3,4,1,463,1.0,0.0021551724137931034
c06_s05_cov100_seed00000031_tiered_nt3,tiered,fast_gate,6,5,,,3,5,0,49,,0.0
c06_s05_cov100_seed00000032_tiered_nt3,tiered,fast_gate,6,5,,,3,0,2957,0,0.9952654717619208,0.9952654717619208
c06_s05_cov100_seed00000032_tiered_nt3,tiered,fast_gate,6,5,,,3,1,1713,1136,0.9784004670169294,0.5882765882765882
c06_s05_cov100_seed00000032_tiered_nt3,tiered,fast_gate,6,5,,,3,2,515,2523,0.9553398058252427,0.1619486504279131
c06_s05_cov100_seed00000032_tiered_nt3,tiered,fast_gate,6,5,,,3,3,76,1576,1.0,0.04600484261501211
c06_s05_cov100_seed00000032_tiered_nt3,tiered,fast_gate,6,5,,,3,4,2,463,1.0,0.004301075268817204
c06_s05_cov100_seed00000032_tiered_nt3,tiered,fast_gate,6,5,,,3,5,0,39,,0.0
c06_s05_cov100_seed00000033_tiered_nt3,tiered,fast_gate,6,5,,,3,0,2957,0,0.9935745688197497,0.9935745688197497
c06_s05_cov100_seed00000033_tiered_nt3,tiered,fast_gate,6,5,,,3,1,1798,1102,0.9771968854282537,0.6058620689655172
c06_s05_cov100_seed00000033_tiered_nt3,tiered,fast_gate,6,5,,,3,2,570,2518,0.9578947368421052,0.17681347150259066
c06_s05_cov100_seed00000033_tiered_nt3,tiered,fast_gate,6,5,,,3,3,53,1509,1.0,0.03393085787451985
c06_s05_cov100_seed00000033_tiered_nt3,tiered,fast_gate,6,5,,,3,4,3,463,1.0,0.006437768240343348
c06_s05_cov100_seed00000033_tiered_nt3,tiered,fast_gate,6,5,,,3,5,0,27,,0.0
c06_s05_cov100_seed00000034_tiered_nt3,tiered,fast_gate,6,5,,,3,0,2930,0,0.9935153583617747,0.9935153583617747
c06_s05_cov100_seed00000034_tiered_nt3,tiered,fast_gate,6,5,,,3,1,1797,1068,0.9794101279910963,0.6143106457242583
c06_s05_cov100_seed00000034_tiered_nt3,tiered,fast_gate,6,5,,,3,2,555,2521,0.9369369369369369,0.16905071521456436
c06_s05_cov100_seed00000034_tiered_nt3,tiered,fast_gate,6,5,,,3,3,57,1552,1.0,0.035425730267246734
c06_s05_cov100_seed00000034_tiered_nt3,tiered,fast_gate,6,5,,,3,4,1,483,1.0,0.002066115702479339
c06_s05_cov100_seed00000034_tiered_nt3,tiered,fast_gate,6,5,,,3,5,0,36,,0.0
c06_s05_cov100_seed00000035_tiered_nt3,tiered,fast_gate,6,5,,,3,0,2970,0,0.9952861952861953,0.9952861952861953
c06_s05_cov100_seed00000035_tiered_nt3,tiered,fast_gate,6,5,,,3,1,1782,1064,0.9764309764309764,0.6113843991567112
c06_s05_cov100_seed00000035_tiered_nt3,tiered,fast_gate,6,5,,,3,2,585,2462,0.9521367521367521,0.182802756809977
c06_s05_cov100_seed00000035_tiered_nt3,tiered,fast_gate,6,5,,,3,3,84,1549,1.0,0.05143906919779547
c06_s05_cov100_seed00000035_tiered_nt3,tiered,fast_gate,6,5,,,3,4,3,471,1.0,0.006329113924050633
c06_s05_cov100_seed00000035_tiered_nt3,tiered,fast_gate,6,5,,,3,5,0,30,,0.0
c06_s05_cov100_seed00000036_tiered_nt3,tiered,fast_gate,6,5,,,3,0,2961,0,0.994596420128335,0.994596420128335
c06_s05_cov100_seed00000036_tiered_nt3,tiered,fast_gate,6,5,,,3,1,1786,1110,0.9792833146696529,0.6039364640883977
c06_s05_cov100_seed00000036_tiered_nt3,tiered,fast_gate,6,5,,,3,2,569,2480,0.9595782073813708,0.17907510659232534
c06_s05_cov100_seed00000036_tiered_nt3,tiered,fast_gate,6,5,,,3,3,72,1528,1.0,0.045
c06_s05_cov100_seed00000036_tiered_nt3,tiered,fast_gate,6,5,,,3,4,5,448,1.0,0.011037527593818985
c06_s05_cov100_seed00000036_tiered_nt3,tiered,fast_gate,6,5,,,3,5,0,41,,0.0
c06_s05_cov100_seed00000037_tiered_nt3,tiered,fast_gate,6,5,,,3,0,2910,0,0.9948453608247423,0.9948453608247423
c06_s05_cov100_seed00000037_tiered_nt3,tiered,fast_gate,6,5,,,3,1,1765,1109,0.9790368271954675,0.6012526096033403
c06_s05_cov100_seed00000037_tiered_nt3,tiered,fast_gate,6,5,,,3,2,583,2533,0.9588336192109777,0.17939666238767651
c06_s05_cov100_seed00000037_tiered_nt3,tiered,fast_gate,6,5,,,3,3,72,1530,1.0,0.0449438202247191
c06_s05_cov100_seed00000037_tiered_nt3,tiered,fast_gate,6,5,,,3,4,4,448,1.0,0.008849557522123894
c06_s05_cov100_seed00000037_tiered_nt3,tiered,fast_gate,6,5,,,3,5,0,46,,0.0
c06_s05_cov100_seed00000038_tiered_nt3,tiered,fast_gate,6,5,,,3,0,2951,0,0.994578109115554,0.994578109115554
c06_s05_cov100_seed00000038_tiered_nt3,tiered,fast_gate,6,5,,,3,1,1867,1069,0.9801821103374397,0.6232970027247956
c06_s05_cov100_seed00000038_tiered_nt3,tiered,fast_gate,6,5,,,3,2,545,2462,0.9192660550458716,0.1666112404389757
c06_s05_cov100_seed00000038_tiered_nt3,tiered,fast_gate,6,5,,,3,3,65,1555,1.0,0.040123456790123455
c06_s05_cov100_seed00000038_tiered_nt3,tiered,fast_gate,6,5,,,3,4,0,453,,0.0
c06_s05_cov100_seed00000038_tiered_nt3,tiered,fast_gate,6,5,,,3,5,0,33,,0.0
c06_s05_cov100_seed00000039_tiered_nt3,tiered,fast_gate,6,5,,,3,0,2992,0,0.9939839572192514,0.9939839572192514
c06_s05_cov100_seed00000039_tiered_nt3,tiered,fast_gate,6,5,,,3,1,1741,1130,0.9787478460654796,0.593521421107628
c06_s05_cov100_seed00000039_tiered_nt3,tiered,fast_gate,6,5,,,3,2,577,2525,0.9376083188908145,0.17440361057382334
c06_s05_cov100_seed00000039_tiered_nt3,tiered,fast_gate,6,5,,,3,3,56,1528,1.0,0.03535353535353535
c06_s05_cov100_seed00000039_tiered_nt3,tiered,fast_gate,6,5,,,3,4,0,415,,0.0
c06_s05_cov100_seed00000039_tiered_nt3,tiered,fast_gate,6,5,,,3,5,0,36,,0.0
c06_s05_cov100_seed00000000_tiered_nt4,tiered,fast_gate,6,5,,,4,0,3073,0,0.9993491701919948,0.9993491701919948
c06_s05_cov100_seed00000000_tiered_nt4,tiered,fast_gate,6,5,,,4,1,1437,2147,0.9979123173277662,0.40011160714285715
c06_s05_cov100_seed00000000_tiered_nt4,tiered,fast_gate,6,5,,,4,2,521,2370,0.9884836852207294,0.1781390522310619
c06_s05_cov100_seed00000000_tiered_nt4,tiered,fast_gate,6,5,,,4,3,147,1083,1.0,0.11951219512195121
c06_s05_cov100_seed00000000_tiered_nt4,tiered,fast_gate,6,5,,,4,4,2,202,1.0,0.00980392156862745
c06_s05_cov100_seed00000000_tiered_nt4,tiered,fast_gate,6,5,,,4,5,0,18,,0.0
c06_s05_cov100_seed00000001_tiered_nt4,tiered,fast_gate,6,5,,,4,0,3049,0,1.0,1.0
c06_s05_cov100_seed00000001_tiered_nt4,tiered,fast_gate,6,5,,,4,1,1408,2179,0.9964488636363636,0.391134652913298
c06_s05_cov100_seed00000001_tiered_nt4,tiered,fast_gate,6,5,,,4,2,494,2425,0.9939271255060729,0.16820829051044878
c06_s05_cov100_seed00000001_tiered_nt4,tiered,fast_gate,6,5,,,4,3,124,1093,1.0,0.1018898931799507
c06_s05_cov100_seed00000001_tiered_nt4,tiered,fast_gate,6,5,,,4,4,4,215,1.0,0.0182648401826484
c06_s05_cov100_seed00000001_tiered_nt4,tiered,fast_gate,6,5,,,4,5,0,9,,0.0
c06_s05_cov100_seed00000002_tiered_nt4,tiered,fast_gate,6,5,,,4,0,3091,0,1.0,1.0
c06_s05_cov100_seed00000002_tiered_nt4,tiered,fast_gate,6,5,,,4,1,1377,2129,0.9992737835875091,0.39247005134055907
c06_s05_cov100_seed00000002_tiered_nt4,tiered,fast_gate,6,5,,,4,2,550,2385,0.9872727272727273,0.1850085178875639
c06_s05_cov100_seed00000002_tiered_nt4,tiered,fast_gate,6,5,,,4,3,159,1048,1.0,0.13173156586578294
c06_s05_cov100_seed00000002_tiered_nt4,tiered,fast_gate,6,5,,,4,4,3,252,1.0,0.011764705882352941
c06_s05_cov100_seed00000002_tiered_nt4,tiered,fast_gate,6,5,,,4,5,0,6,,0.0
c06_s05_cov100_seed00000003_tiered_nt4,tiered,fast_gate,6,5,,,4,0,3081,0,0.9993508601103538,0.9993508601103538
c06_s05_cov100_seed00000003_tiered_nt4,tiered,fast_gate,6,5,,,4,1,1376,2143,0.998546511627907,0.39045183290707586
c06_s05_cov100_seed00000003_tiered_nt4,tiered,fast_gate,6,5,,,4,2,528,2460,0.9867424242424242,0.17436412315930389
c06_s05_cov100_seed00000003_tiered_nt4,tiered,fast_gate,6,5,,,4,3,138,1042,1.0,0.11694915254237288
c06_s05_cov100_seed00000003_tiered_nt4,tiered,fast_gate,6,5,,,4,4,5,216,1.0,0.02262443438914027
c06_s05_cov100_seed00000003_tiered_nt4,tiered,fast_gate,6,5,,,4,5,0,11,,0.0
c06_s05_cov100_seed00000004_tiered_nt4,tiered,fast_gate,6,5,,,4,0,3074,0,1.0,1.0
c06_s05_cov100_seed00000004_tiered_nt4,tiered,fast_gate,6,5,,,4,1,1392,2132,0.9956896551724138,0.39330306469920545
c06_s05_cov100_seed00000004_tiered_nt4,tiered,fast_gate,6,5,,,4,2,492,2408,0.9939024390243902,0.1686206896551724
c06_s05_cov100_seed00000004_tiered_nt4,tiered,fast_gate,6,5,,,4,3,156,1109,1.0,0.1233201581027668
c06_s05_cov100_seed00000004_tiered_nt4,tiered,fast_gate,6,5,,,4,4,1,223,1.0,0.004464285714285714
c06_s05_cov100_seed00000004_tiered_nt4,tiered,fast_gate,6,5,,,4,5,0,13,,0.0
c06_s05_cov100_seed00000005_tiered_nt4,tiered,fast_gate,6,5,,,4,0,3091,0,1.0,1.0
c06_s05_cov100_seed00000005_tiered_nt4,tiered,fast_gate,6,5,,,4,1,1381,2158,0.997103548153512,0.38909296411415656
c06_s05_cov100_seed00000005_tiered_nt4,tiered,fast_gate,6,5,,,4,2,530,2399,0.9981132075471698,0.1806077159440082
c06_s05_cov100_seed00000005_tiered_nt4,tiered,fast_gate,6,5,,,4,3,139,1062,1.0,0.115736885928393
c06_s05_cov100_seed00000005_tiered_nt4,tiered,fast_gate,6,5,,,4,4,6,221,1.0,0.02643171806167401
c06_s05_cov100_seed00000005_tiered_nt4,tiered,fast_gate,6,5,,,4,5,0,13,,0.0
c06_s05_cov100_seed00000006_tiered_nt4,tiered,fast_gate,6,5,,,4,0,3047,0,0.9990154250082048,0.9990154250082048
c06_s05_cov100_seed00000006_tiered_nt4,tiered,fast_gate,6,5,,,4,1,1395,2140,0.9971326164874552,0.3934936350777935
c06_s05_cov100_seed00000006_tiered_nt4,tiered,fast_gate,6,5,,,4,2,532,2414,0.9943609022556391,0.1795655125594026
c06_s05_cov100_seed00000006_tiered_nt4,tiered,fast_gate,6,5,,,4,3,163,1048,1.0,0.13459950454170108
c06_s05_cov100_seed00000006_tiered_nt4,tiered,fast_gate,6,5,,,4,4,4,244,1.0,0.016129032258064516
c06_s05_cov100_seed00000006_tiered_nt4,tiered,fast_gate,6,5,,,4,5,0,13,,0.0
c06_s05_cov100_seed00000007_tiered_nt4,tiered,fast_gate,6,5,,,4,0,3121,0,1.0,1.0
c06_s05_cov100_seed00000007_tiered_nt4,tiered,fast_gate,6,5,,,4,1,1436,2096,0.9993036211699164,0.4062853907134768
c06_s05_cov100_seed00000007_tiered_nt4,tiered,fast_gate,6,5,,,4,2,503,2392,0.9860834990059643,0.17132987910189984
c06_s05_cov100_seed00000007_tiered_nt4,tiered,fast_gate,6,5,,,4,3,148,1061,1.0,0.12241521918941274
c06_s05_cov100_seed00000007_tiered_nt4,tiered,fast_gate,6,5,,,4,4,5,225,1.0,0.021739130434782608
c06_s05_cov100_seed00000007_tiered_nt4,tiered,fast_gate,6,5,,,4,5,0,13,,0.0
c06_s05_cov100_seed00000008_tiered_nt4,tiered,fast_gate,6,5,,,4,0,3056,0,1.0,1.0
c06_s05_cov100_seed00000008_tiered_nt4,tiered,fast_gate,6,5,,,4,1,1426,2122,0.9985974754558204,0.40135287485907556
c06_s05_cov100_seed00000008_tiered_nt4,tiered,fast_gate,6,5,,,4,2,477,2392,0.9916142557651991,0.16486580690135935
c06_s05_cov100_seed00000008_tiered_nt4,tiered,fast_gate,6,5,,,4,3,130,1124,1.0,0.10366826156299841
c06_s05_cov100_seed00000008_tiered_nt4,tiered,fast_gate,6,5,,,4,4,7,255,1.0,0.026717557251908396
c06_s05_cov100_seed00000008_tiered_nt4,tiered,fast_gate,6,5,,,4,5,0,11,,0.0
c06_s05_cov100_seed00000009_tiered_nt4,tiered,fast_gate,6,5,,,4,0,3106,0,0.9987121699935608,0.9987121699935608
c06_s05_cov100_seed00000009_tiered_nt4,tiered,fast_gate,6,5,,,4,1,1408,2155,0.9978693181818182,0.3943306202638226
c06_s05_cov100_seed00000009_tiered_nt4,tiered,fast_gate,6,5,,,4,2,522,2397,0.9961685823754789,0.17814319972593354
c06_s05_cov100_seed00000009_tiered_nt4,tiered,fast_gate,6,5,,,4,3,162,1017,1.0,0.13740458015267176
c06_s05_cov100_seed00000009_tiered_nt4,tiered,fast_gate,6,5,,,4,4,3,223,1.0,0.01327433628318584
c06_s05_cov100_seed00000009_tiered_nt4,tiered,fast_gate,6,5,,,4,5,0,7,,0.0
c06_s05_cov100_seed00000010_tiered_nt4,tiered,fast_gate,6,5,,,4,0,3061,0,1.0,1.0
c06_s05_cov100_seed00000010_tiered_nt4,tiered,fast_gate,6,5,,,4,1,1461,2151,0.998631074606434,0.40393133997785163
c06_s05_cov100_seed00000010_tiered_nt4,tiered,fast_gate,6,5,,,4,2,475,2401,0.991578947368421,0.163769123783032
c06_s05_cov100_seed00000010_tiered_nt4,tiered,fast_gate,6,5,,,4,3,127,1100,1.0,0.10350448247758762
c06_s05_cov100_seed00000010_tiered_nt4,tiered,fast_gate,6,5,,,4,4,2,212,1.0,0.009345794392523364
c06_s05_cov100_seed00000010_tiered_nt4,tiered,fast_gate,6,5,,,4,5,0,10,,0.0
c06_s05_cov100_seed00000011_tiered_nt4,tiered,fast_gate,6,5,,,4,0,3070,0,0.9993485342019544,0.9993485342019544
c06_s05_cov100_seed00000011_tiered_nt4,tiered,fast_gate,6,5,,,4,1,1433,2103,0.9993021632937893,0.40497737556561086
c06_s05_cov100_seed00000011_tiered_nt4,tiered,fast_gate,6,5,,,4,2,489,2478,0.9897750511247444,0.16312773845635323
c06_s05_cov100_seed00000011_tiered_nt4,tiered,fast_gate,6,5,,,4,3,147,1043,1.0,0.12352941176470589
c06_s05_cov100_seed00000011_tiered_nt4,tiered,fast_gate,6,5,,,4,4,5,220,1.0,0.022222222222222223
c06_s05_cov100_seed00000011_tiered_nt4,tiered,fast_gate,6,5,,,4,5,0,12,,0.0
c06_s05_cov100_seed00000012_tiered_nt4,tiered,fast_gate,6,5,,,4,0,3071,0,0.9996743731683491,0.9996743731683491
c06_s05_cov100_seed00000012_tiered_nt4,tiered,fast_gate,6,5,,,4,1,1447,2131,0.9986178299930891,0.4038569032979318
c06_s05_cov100_seed00000012_tiered_nt4,tiered,fast_gate,6,5,,,4,2,542,2403,0.9907749077490775,0.18234295415959254
c06_s05_cov100_seed00000012_tiered_nt4,tiered,fast_gate,6,5,,,4,3,123,1055,1.0,0.10441426146010187
c06_s05_cov100_seed00000012_tiered_nt4,tiered,fast_gate,6,5,,,4,4,5,216,1.0,0.02262443438914027
c06_s05_cov100_seed00000012_tiered_nt4,tiered,fast_gate,6,5,,,4,5,0,7,,0.0
c06_s05_cov100_seed00000013_tiered_nt4,tiered,fast_gate,6,5,,,4,0,3079,0,1.0,1.0
c06_s05_cov100_seed00000013_tiered_nt4,tiered,fast_gate,6,5,,,4,1,1388,2217,0.9978386167146974,0.3841886269070735
c06_s05_cov100_seed00000013_tiered_nt4,tiered,fast_gate,6,5,,,4,2,530,2361,0.9981132075471698,0.18298166724316844
c06_s05_cov100_seed00000013_tiered_nt4,tiered,fast_gate,6,5,,,4,3,128,1062,1.0,0.10756302521008404
c06_s05_cov100_seed00000013_tiered_nt4,tiered,fast_gate,6,5,,,4,4,6,218,1.0,0.026785714285714284
c06_s05_cov100_seed00000013_tiered_nt4,tiered,fast_gate,6,5,,,4,5,0,11,,0.0
c06_s05_cov100_seed00000014_tiered_nt4,tiered,fast_gate,6,5,,,4,0,3082,0,1.0,1.0
c06_s05_cov100_seed00000014_tiered_nt4,tiered,fast_gate,6,5,,,4,1,1451,2107,0.9979324603721571,0.4069702079820124
c06_s05_cov100_seed00000014_tiered_nt4,tiered,fast_gate,6,5,,,4,2,512,2411,0.98828125,0.17310981867943892
c06_s05_cov100_seed00000014_tiered_nt4,tiered,fast_gate,6,5,,,4,3,131,1057,1.0,0.11026936026936027
c06_s05_cov100_seed00000014_tiered_nt4,tiered,fast_gate,6,5,,,4,4,3,236,1.0,0.012552301255230125
c06_s05_cov100_seed00000014_tiered_nt4,tiered,fast_gate,6,5,,,4,5,0,10,,0.0
c06_s05_cov100_seed00000015_tiered_nt4,tiered,fast_gate,6,5,,,4,0,3071,0,0.9996743731683491,0.9996743731683491
c06_s05_cov100_seed00000015_tiered_nt4,tiered,fast_gate,6,5,,,4,1,1363,2189,0.9985326485693323,0.3831644144144144
c06_s05_cov100_seed00000015_tiered_nt4,tiered,fast_gate,6,5,,,4,2,511,2399,0.9902152641878669,0.17388316151202748
c06_s05_cov100_seed00000015_tiered_nt4,tiered,fast_gate,6,5,,,4,3,135,1077,1.0,0.11138613861386139
c06_s05_cov100_seed00000015_tiered_nt4,tiered,fast_gate,6,5,,,4,4,6,242,1.0,0.024193548387096774
c06_s05_cov100_seed00000015_tiered_nt4,tiered,fast_gate,6,5,,,4,5,0,7,,0.0
c06_s05_cov100_seed00000016_tiered_nt4,tiered,fast_gate,6,5,,,4,0,3096,0,0.9996770025839793,0.9996770025839793
c06_s05_cov100_seed00000016_tiered_nt4,tiered,fast_gate,6,5,,,4,1,1406,2113,0.9978662873399715,0.39869281045751637
c06_s05_cov100_seed00000016_tiered_nt4,tiered,fast_gate,6,5,,,4,2,519,2372,0.9845857418111753,0.17675544794188863
c06_s05_cov100_seed00000016_tiered_nt4,tiered,fast_gate,6,5,,,4,3,151,1071,1.0,0.12356792144026187
c06_s05_cov100_seed00000016_tiered_nt4,tiered,fast_gate,6,5,,,4,4,2,258,1.0,0.007692307692307693
c06_s05_cov100_seed00000016_tiered_nt4,tiered,fast_gate,6,5,,,4,5,0,12,,0.0
c06_s05_cov100_seed00000017_tiered_nt4,tiered,fast_gate,6,5,,,4,0,3115,0,0.9993579454253612,0.9993579454253612
c06_s05_cov100_seed00000017_tiered_nt4,tiered,fast_gate,6,5,,,4,1,1412,2161,0.9964589235127479,0.39378673383711166
c06_s05_cov100_seed00000017_tiered_nt4,tiered,fast_gate,6,5,,,4,2,540,2337,0.987037037037037,0.18526242613833854
c06_s05_cov100_seed00000017_tiered_nt4,tiered,fast_gate,6,5,,,4,3,143,1053,1.0,0.11956521739130435
c06_s05_cov100_seed00000017_tiered_nt4,tiered,fast_gate,6,5,,,4,4,3,223,1.0,0.01327433628318584
c06_s05_cov100_seed00000017_tiered_nt4,tiered,fast_gate,6,5,,,4,5,0,13,,0.0
c06_s05_cov100_seed00000018_tiered_nt4,tiered,fast_gate,6,5,,,4,0,3053,0,1.0,1.0
c06_s05_cov100_seed00000018_tiered_nt4,tiered,fast_gate,6,5,,,4,1,1418,2179,0.997179125528914,0.3931053655824298
c06_s05_cov100_seed00000018_tiered_nt4,tiered,fast_gate,6,5,,,4,2,495,2379,0.9919191919191919,0.17084203201113432
c06_s05_cov100_seed00000018_tiered_nt4,tiered,fast_gate,6,5,,,4,3,151,1080,1.0,0.12266450040617384
c06_s05_cov100_seed00000018_tiered_nt4,tiered,fast_gate,6,5,,,4,4,4,236,1.0,0.016666666666666666
c06_s05_cov100_seed00000018_tiered_nt4,tiered,fast_gate,6,5,,,4,5,0,5,,0.0
c06_s05_cov100_seed00000019_tiered_nt4,tiered,fast_gate,6,5,,,4,0,3115,0,1.0,1.0
c06_s05_cov100_seed00000019_tiered_nt4,tiered,fast_gate,6,5,,,4,1,1413,2110,0.9978768577494692,0.40022707919386885
c06_s05_cov100_seed00000019_tiered_nt4,tiered,fast_gate,6,5,,,4,2,499,2397,0.9939879759519038,0.1712707182320442
c06_s05_cov100_seed00000019_tiered_nt4,tiered,fast_gate,6,5,,,4,3,154,1082,1.0,0.12459546925566344
c06_s05_cov100_seed00000019_tiered_nt4,tiered,fast_gate,6,5,,,4,4,4,209,1.0,0.018779342723004695
c06_s05_cov100_seed00000019_tiered_nt4,tiered,fast_gate,6,5,,,4,5,0,17,,0.0
c06_s05_cov100_seed00000020_tiered_nt4,tiered,fast_gate,6,5,,,4,0,3116,0,0.9996790757381258,0.9996790757381258
c06_s05_cov100_seed00000020_tiered_nt4,tiered,fast_gate,6,5,,,4,1,1404,2075,0.9971509971509972,0.4024144869215292
c06_s05_cov100_seed00000020_tiered_nt4,tiered,fast_gate,6,5,,,4,2,492,2502,0.9898373983739838,0.16265865063460253
c06_s05_cov100_seed00000020_tiered_nt4,tiered,fast_gate,6,5,,,4,3,135,1056,1.0,0.11335012594458438
c06_s05_cov100_seed00000020_tiered_nt4,tiered,fast_gate,6,5,,,4,4,1,212,1.0,0.004694835680751174
c06_s05_cov100_seed00000020_tiered_nt4,tiered,fast_gate,6,5,,,4,5,0,7,,0.0
c06_s05_cov100_seed00000021_tiered_nt4,tiered,fast_gate,6,5,,,4,0,3090,0,0.9996763754045307,0.9996763754045307
c06_s05_cov100_seed00000021_tiered_nt4,tiered,fast_gate,6,5,,,4,1,1456,2048,0.9979395604395604,0.4146689497716895
c06_s05_cov100_seed00000021_tiered_nt4,tiered,fast_gate,6,5,,,4,2,534,2421,0.9906367041198502,0.1790186125211506
c06_s05_cov100_seed00000021_tiered_nt4,tiered,fast_gate,6,5,,,4,3,144,1081,1.0,0.11755102040816326
c06_s05_cov100_seed00000021_tiered_nt4,tiered,fast_gate,6,5,,,4,4,3,216,1.0,0.0136986301369863
c06_s05_cov100_seed00000021_tiered_nt4,tiered,fast_gate,6,5,,,4,5,0,7,,0.0
c06_s05_cov100_seed00000022_tiered_nt4,tiered,fast_gate,6,5,,,4,0,3033,0,0.9996702934388394,0.9996702934388394
c06_s05_cov100_seed00000022_tiered_nt4,tiered,fast_gate,6,5,,,4,1,1352,2271,0.9970414201183432,0.3720673475020701
c06_s05_cov100_seed00000022_tiered_nt4,tiered,fast_gate,6,5,,,4,2,499,2419,0.9899799599198397,0.16929403701165183
c06_s05_cov100_seed00000022_tiered_nt4,tiered,fast_gate,6,5,,,4,3,137,1064,1.0,0.11407160699417153
c06_s05_cov100_seed00000022_tiered_nt4,tiered,fast_gate,6,5,,,4,4,8,204,1.0,0.03773584905660377
c06_s05_cov100_seed00000022_tiered_nt4,tiered,fast_gate,6,5,,,4,5,0,13,,0.0
c06_s05_cov100_seed00000023_tiered_nt4,tiered,fast_gate,6,5,,,4,0,3108,0,1.0,1.0
c06_s05_cov100_seed00000023_tiered_nt4,tiered,fast_gate,6,5,,,4,1,1403,2134,0.9971489665003563,0.3955329375176703
c06_s05_cov100_seed00000023_tiered_nt4,tiered,fast_gate,6,5,,,4,2,524,2405,0.9923664122137404,0.17753499487879823
c06_s05_cov100_seed00000023_tiered_nt4,tiered,fast_gate,6,5,,,4,3,164,1021,1.0,0.13839662447257384
c06_s05_cov100_seed00000023_tiered_nt4,tiered,fast_gate,6,5,,,4,4,3,228,1.0,0.012987012987012988
c06_s05_cov100_seed00000023_tiered_nt4,tiered,fast_gate,6,5,,,4,5,0,10,,0.0
c06_s05_cov100_seed00000024_tiered_nt4,tiered,fast_gate,6,5,,,4,0,3059,0,0.9993461915658712,0.9993461915658712
c06_s05_cov100_seed00000024_tiered_nt4,tiered,fast_gate,6,5,,,4,1,1412,2221,0.9992917847025495,0.3883842554362786
c06_s05_cov100_seed00000024_tiered_nt4,tiered,fast_gate,6,5,,,4,2,512,2378,0.99609375,0.17647058823529413
c06_s05_cov100_seed00000024_tiered_nt4,tiered,fast_gate,6,5,,,4,3,130,1034,1.0,0.11168384879725086
c06_s05_cov100_seed00000024_tiered_nt4,tiered,fast_gate,6,5,,,4,4,2,245,1.0,0.008097165991902834
c06_s05_cov100_seed00000024_tiered_nt4,tiered,fast_gate,6,5,,,4,5,0,7,,0.0
c06_s05_cov100_seed00000025_tiered_nt4,tiered,fast_gate,6,5,,,4,0,3121,0,1.0,1.0
c06_s05_cov100_seed00000025_tiered_nt4,tiered,fast_gate,6,5,,,4,1,1388,2148,0.9992795389048992,0.39225113122171945
c06_s05_cov100_seed00000025_tiered_nt4,tiered,fast_gate,6,5,,,4,2,521,2389,0.9904030710172744,0.177319587628866
c06_s05_cov100_seed00000025_tiered_nt4,tiered,fast_gate,6,5,,,4,3,106,1088,1.0,0.08877721943048576
c06_s05_cov100_seed00000025_tiered_nt4,tiered,fast_gate,6,5,,,4,4,2,227,1.0,0.008733624454148471
c06_s05_cov100_seed00000025_tiered_nt4,tiered,fast_gate,6,5,,,4,5,0,10,,0.0
c06_s05_cov100_seed00000026_tiered_nt4,tiered,fast_gate,6,5,,,4,0,3041,0,1.0,1.0
c06_s05_cov100_seed00000026_tiered_nt4,tiered,fast_gate,6,5,,,4,1,1414,2144,0.9957567185289957,0.39572793704328274
c06_s05_cov100_seed00000026_tiered_nt4,tiered,fast_gate,6,5,,,4,2,505,2431,0.994059405940594,0.1709809264305177
c06_s05_cov100_seed00000026_tiered_nt4,tiered,fast_gate,6,5,,,4,3,149,1097,1.0,0.11958266452648475
c06_s05_cov100_seed00000026_tiered_nt4,tiered,fast_gate,6,5,,,4,4,3,204,1.0,0.014492753623188406
c06_s05_cov100_seed00000026_tiered_nt4,tiered,fast_gate,6,5,,,4,5,0,12,,0.0
c06_s05_cov100_seed00000027_tiered_nt4,tiered,fast_gate,6,5,,,4,0,3128,0,1.0,1.0
c06_s05_cov100_seed00000027_tiered_nt4,tiered,fast_gate,6,5,,,4,1,1424,2155,0.9985955056179775,0.39731768650461025
c06_s05_cov100_seed00000027_tiered_nt4,tiered,fast_gate,6,5,,,4,2,503,2360,0.9920477137176938,0.1742926999650716
c06_s05_cov100_seed00000027_tiered_nt4,tiered,fast_gate,6,5,,,4,3,139,1040,1.0,0.11789652247667515
c06_s05_cov100_seed00000027_tiered_nt4,tiered,fast_gate,6,5,,,4,4,4,242,1.0,0.016260162601626018
c06_s05_cov100_seed00000027_tiered_nt4,tiered,fast_gate,6,5,,,4,5,0,5,,0.0
c06_s05_cov100_seed00000028_tiered_nt4,tiered,fast_gate,6,5,,,4,0,3098,0,1.0,1.0
c06_s05_cov100_seed00000028_tiered_nt4,tiered,fast_gate,6,5,,,4,1,1413,2126,0.9985845718329794,0.3987001977959876
c06_s05_cov100_seed00000028_tiered_nt4,tiered,fast_gate,6,5,,,4,2,486,2413,0.9876543209876543,0.16557433597792343
c06_s05_cov100_seed00000028_tiered_nt4,tiered,fast_gate,6,5,,,4,3,157,1054,1.0,0.129644921552436
c06_s05_cov100_seed00000028_tiered_nt4,tiered,fast_gate,6,5,,,4,4,3,242,1.0,0.012244897959183673
c06_s05_cov100_seed00000028_tiered_nt4,tiered,fast_gate,6,5,,,4,5,0,8,,0.0
c06_s05_cov100_seed00000029_tiered_nt4,tiered,fast_gate,6,5,,,4,0,3106,0,1.0,1.0
c06_s05_cov100_seed00000029_tiered_nt4,tiered,fast_gate,6,5,,,4,1,1371,2183,0.9956236323851203,0.38407428249859316
c06_s05_cov100_seed00000029_tiered_nt4,tiered,fast_gate,6,5,,,4,2,516,2371,0.9941860465116279,0.1776931070315206
c06_s05_cov100_seed00000029_tiered_nt4,tiered,fast_gate,6,5,,,4,3,134,1091,1.0,0.10938775510204081
c06_s05_cov100_seed00000029_tiered_nt4,tiered,fast_gate,6,5,,,4,4,3,223,1.0,0.01327433628318584
c06_s05_cov100_seed00000029_tiered_nt4,tiered,fast_gate,6,5,,,4,5,0,2,,0.0
c06_s05_cov100_seed00000030_tiered_nt4,tiered,fast_gate,6,5,,,4,0,3096,0,1.0,1.0
c06_s05_cov100_seed00000030_tiered_nt4,tiered,fast_gate,6,5,,,4,1,1440,2103,0.9951388888888889,0.40445949760090316
c06_s05_cov100_seed00000030_tiered_nt4,tiered,fast_gate,6,5,,,4,2,523,2332,0.9961759082217974,0.18248686514886164
c06_s05_cov100_seed00000030_tiered_nt4,tiered,fast_gate,6,5,,,4,3,164,1096,1.0,0.13015873015873017
c06_s05_cov100_seed00000030_tiered_nt4,tiered,fast_gate,6,5,,,4,4,4,223,1.0,0.01762114537444934
c06_s05_cov100_seed00000030_tiered_nt4,tiered,fast_gate,6,5,,,4,5,0,19,,0.0
c06_s05_cov100_seed00000031_tiered_nt4,tiered,fast_gate,6,5,,,4,0,3091,0,0.9993529602070528,0.9993529602070528
c06_s05_cov100_seed00000031_tiered_nt4,tiered,fast_gate,6,5,,,4,1,1400,2120,0.9985714285714286,0.3971590909090909
c06_s05_cov100_seed00000031_tiered_nt4,tiered,fast_gate,6,5,,,4,2,497,2391,0.9899396378269618,0.1703601108033241
c06_s05_cov100_seed00000031_tiered_nt4,tiered,fast_gate,6,5,,,4,3,140,1117,1.0,0.11137629276054097
c06_s05_cov100_seed00000031_tiered_nt4,tiered,fast_gate,6,5,,,4,4,7,226,1.0,0.030042918454935622
c06_s05_cov100_seed00000031_tiered_nt4,tiered,fast_gate,6,5,,,4,5,0,11,,0.0
c06_s05_cov100_seed00000032_tiered_nt4,tiered,fast_gate,6,5,,,4,0,3115,0,1.0,1.0
c06_s05_cov100_seed00000032_tiered_nt4,tiered,fast_gate,6,5,,,4,1,1427,2055,0.9978976874562018,0.4089603676048248
c06_s05_cov100_seed00000032_tiered_nt4,tiered,fast_gate,6,5,,,4,2,517,2424,0.9922630560928434,0.1744304658279497
c06_s05_cov100_seed00000032_tiered_nt4,tiered,fast_gate,6,5,,,4,3,152,1071,1.0,0.12428454619787407
c06_s05_cov100_seed00000032_tiered_nt4,tiered,fast_gate,6,5,,,4,4,6,222,1.0,0.02631578947368421
c06_s05_cov100_seed00000032_tiered_nt4,tiered,fast_gate,6,5,,,4,5,0,11,,0.0
c06_s05_cov100_seed00000033_tiered_nt4,tiered,fast_gate,6,5,,,4,0,3128,0,0.9990409207161125,0.9990409207161125
c06_s05_cov100_seed00000033_tiered_nt4,tiered,fast_gate,6,5,,,4,1,1399,2193,0.997855611150822,0.388641425389755
c06_s05_cov100_seed00000033_tiered_nt4,tiered,fast_gate,6,5,,,4,2,515,2371,0.9883495145631068,0.17636867636867637
c06_s05_cov100_seed00000033_tiered_nt4,tiered,fast_gate,6,5,,,4,3,124,1056,1.0,0.10508474576271186
c06_s05_cov100_seed00000033_tiered_nt4,tiered,fast_gate,6,5,,,4,4,2,201,1.0,0.009852216748768473
c06_s05_cov100_seed00000033_tiered_nt4,tiered,fast_gate,6,5,,,4,5,0,11,,0.0
c06_s05_cov100_seed00000034_tiered_nt4,tiered,fast_gate,6,5,,,4,0,3126,0,1.0,1.0
c06_s05_cov100_seed00000034_tiered_nt4,tiered,fast_gate,6,5,,,4,1,1390,2081,0.9992805755395684,0.40017286084701814
c06_s05_cov100_seed00000034_tiered_nt4,tiered,fast_gate,6,5,,,4,2,516,2421,0.9864341085271318,0.17330609465440927
c06_s05_cov100_seed00000034_tiered_nt4,tiered,fast_gate,6,5,,,4,3,147,1071,1.0,0.1206896551724138
c06_s05_cov100_seed00000034_tiered_nt4,tiered,fast_gate,6,5,,,4,4,6,237,1.0,0.024691358024691357
c06_s05_cov100_seed00000034_tiered_nt4,tiered,fast_gate,6,5,,,4,5,0,5,,0.0
c06_s05_cov100_seed00000035_tiered_nt4,tiered,fast_gate,6,5,,,4,0,3117,0,1.0,1.0
c06_s05_cov100_seed00000035_tiered_nt4,tiered,fast_gate,6,5,,,4,1,1393,2128,0.9964106245513281,0.3942061914228912
c06_s05_cov100_seed00000035_tiered_nt4,tiered,fast_gate,6,5,,,4,2,503,2381,0.9920477137176938,0.1730235783633842
c06_s05_cov100_seed00000035_tiered_nt4,tiered,fast_gate,6,5,,,4,3,162,1093,1.0,0.12908366533864543
c06_s05_cov100_seed00000035_tiered_nt4,tiered,fast_gate,6,5,,,4,4,2,213,1.0,0.009302325581395349
c06_s05_cov100_seed00000035_tiered_nt4,tiered,fast_gate,6,5,,,4,5,0,8,,0.0
c06_s05_cov100_seed00000036_tiered_nt4,tiered,fast_gate,6,5,,,4,0,3100,0,1.0,1.0
c06_s05_cov100_seed00000036_tiered_nt4,tiered,fast_gate,6,5,,,4,1,1450,2053,0.9979310344827587,0.41307450756494435
c06_s05_cov100_seed00000036_tiered_nt4,tiered,fast_gate,6,5,,,4,2,528,2397,0.9981060606060606,0.18017094017094018
c06_s05_cov100_seed00000036_tiered_nt4,tiered,fast_gate,6,5,,,4,3,156,1055,1.0,0.12881915772089184
c06_s05_cov100_seed00000036_tiered_nt4,tiered,fast_gate,6,5,,,4,4,3,244,1.0,0.012145748987854251
c06_s05_cov100_seed00000036_tiered_nt4,tiered,fast_gate,6,5,,,4,5,0,14,,0.0
c06_s05_cov100_seed00000037_tiered_nt4,tiered,fast_gate,6,5,,,4,0,3093,0,1.0,1.0
c06_s05_cov100_seed00000037_tiered_nt4,tiered,fast_gate,6,5,,,4,1,1491,2045,0.9993293091884641,0.42138009049773756
c06_s05_cov100_seed00000037_tiered_nt4,tiered,fast_gate,6,5,,,4,2,517,2379,0.9961315280464217,0.17783149171270718
c06_s05_cov100_seed00000037_tiered_nt4,tiered,fast_gate,6,5,,,4,3,149,1069,1.0,0.12233169129720854
c06_s05_cov100_seed00000037_tiered_nt4,tiered,fast_gate,6,5,,,4,4,5,237,1.0,0.02066115702479339
c06_s05_cov100_seed00000037_tiered_nt4,tiered,fast_gate,6,5,,,4,5,0,15,,0.0
c06_s05_cov100_seed00000038_tiered_nt4,tiered,fast_gate,6,5,,,4,0,3109,0,0.9996783531682213,0.9996783531682213
c06_s05_cov100_seed00000038_tiered_nt4,tiered,fast_gate,6,5,,,4,1,1411,2120,1.0,0.3996035117530445
c06_s05_cov100_seed00000038_tiered_nt4,tiered,fast_gate,6,5,,,4,2,501,2396,0.9900199600798403,0.1712115982050397
c06_s05_cov100_seed00000038_tiered_nt4,tiered,fast_gate,6,5,,,4,3,153,1068,1.0,0.12530712530712532
c06_s05_cov100_seed00000038_tiered_nt4,tiered,fast_gate,6,5,,,4,4,4,227,1.0,0.017316017316017316
c06_s05_cov100_seed00000038_tiered_nt4,tiered,fast_gate,6,5,,,4,5,0,11,,0.0
c06_s05_cov100_seed00000039_tiered_nt4,tiered,fast_gate,6,5,,,4,0,3063,0,0.9996735226901731,0.9996735226901731
c06_s05_cov100_seed00000039_tiered_nt4,tiered,fast_gate,6,5,,,4,1,1337,2189,0.9970082273747195,0.3780487804878049
c06_s05_cov100_seed00000039_tiered_nt4,tiered,fast_gate,6,5,,,4,2,529,2398,0.9867674858223062,0.17833959685685002
c06_s05_cov100_seed00000039_tiered_nt4,tiered,fast_gate,6,5,,,4,3,146,1069,1.0,0.12016460905349795
c06_s05_cov100_seed00000039_tiered_nt4,tiered,fast_gate,6,5,,,4,4,7,250,1.0,0.027237354085603113
c06_s05_cov100_seed00000039_tiered_nt4,tiered,fast_gate,6,5,,,4,5,0,12,,0.0
