instance_id,base_instance_id,arm,gate,component_size,separation,separation_status,coverage,base_wrongness,n_tiers,seed,x,y,n_k,shd_truth,shd_cpdag,k_g0,undirected_fraction,z_size,z_star,phi_1,phi_1_n_broken,phi_1_n_inconsistent,r_claim,r_claim_censored,r_claim_cap,s0_ok,r_val,r_status,r_method,r_oracle,r_exact,r_assumes,r_witness,r_search_seconds,r_ladder_seconds,r_total_seconds,wall_until_timeout_s,r_stat_elements_visited,r_stat_closures,r_stat_validity_checks,r_stat_extensions_enumerated,AUC_frac,AUC_abs,n_depths_evaluated,n_depths_all_contradictory,anchor,n_admissible_queries
u2_c06_seed00000000_xC04_tiered_nt3,u2_c06_seed00000000_xC04,tiered_unconfounded,fast_gate,6,1,measured,,,3,0,C04,Y,6,1,6,6,0.7,2,"C00,W",0.16666666666666666,1,0,1,0,3,True,1,ok,local_up_fast,mpdag_criterion,True,"Conjecture 2 (proved: Anti-Exchange Case B, THEOREMS.md section 4)",C00->C02 C00->C03 C00->Y C01->C02 C01->C03 C03->C05 C04->Y W->Y C00-C01 C00-C04,0.00025587499840185046,0.0,0.0004262910078978166,,1,6,4,0,0.6861299763221026,3.222104106398071,7,3,C00,3
u2_c06_seed00000000_xC04_tiered_nt4,u2_c06_seed00000000_xC04,tiered_unconfounded,fast_gate,6,1,measured,,,4,0,C04,Y,7,0,7,7,0.7,2,"C00,W",0.14285714285714285,1,0,1,0,3,True,1,ok,local_up_fast,mpdag_criterion,True,"Conjecture 2 (proved: Anti-Exchange Case B, THEOREMS.md section 4)",C00->C01 C00->C02 C00->C03 C00->Y C01->C02 C01->C03 C03->C05 C04->Y W->Y C00-C04,0.00021379099052865058,0.0,0.0003527910012053326,,1,7,4,0,0.9636718836718836,3.6610970869035384,7,3,C00,3
u2_c06_seed00000001_xC01_tiered_nt4,u2_c06_seed00000001_xC01,tiered_unconfounded,fast_gate,6,1,measured,,,4,1,C01,Y,5,0,6,6,0.6666666666666666,2,"C00,W",0.2,1,0,1,0,3,True,1,ok,local_up_fast,mpdag_criterion,True,"Conjecture 2 (proved: Anti-Exchange Case B, THEOREMS.md section 4)",C00->C02 C00->C03 C00->Y C01->C03 C01->Y C03->C04 C04->C05 W->Y C00-C01,0.00020841699733864516,0.0,0.00028545898385345936,,1,6,4,0,0.43730564611295736,2.6132281006384117,7,2,C00,2
u2_c06_seed00000002_xC05_tiered_nt2,u2_c06_seed00000002_xC05,tiered_unconfounded,fast_gate,6,1,measured,,,2,2,C05,Y,4,2,4,4,0.6666666666666666,2,"C00,W",0.25,1,0,1,0,3,True,1,ok,local_up_fast,mpdag_criterion,True,"Conjecture 2 (proved: Anti-Exchange Case B, THEOREMS.md section 4)",C00->C02 C00->Y C01->C02 C01->C04 C05->Y W->Y C00-C01 C00-C03 C00-C05,0.00024183400091715157,0.0,0.00036783401446882635,,1,4,4,0,0.7965416582775662,3.144016808937186,5,1,C00,5
u2_c06_seed00000002_xC05_tiered_nt3,u2_c06_seed00000002_xC05,tiered_unconfounded,fast_gate,6,1,measured,,,3,2,C05,Y,5,1,5,5,0.6666666666666666,2,"C00,W",0.2,1,0,1,0,3,True,1,ok,local_up_fast,mpdag_criterion,True,"Conjecture 2 (proved: Anti-Exchange Case B, THEOREMS.md section 4)",C00->C02 C00->C03 C00->Y C01->C02 C01->C04 C05->Y W->Y C00-C01 C00-C05,0.00020883399702142924,0.0,0.0003212509909644723,,1,5,4,0,0.7917093563202029,3.313375518853377,6,2,C00,5
u2_c06_seed00000002_xC05_tiered_nt4,u2_c06_seed00000002_xC05,tiered_unconfounded,fast_gate,6,1,measured,,,4,2,C05,Y,6,0,6,6,0.6666666666666666,2,"C00,W",0.16666666666666666,1,0,1,0,3,True,1,ok,local_up_fast,mpdag_criterion,True,"Conjecture 2 (proved: Anti-Exchange Case B, THEOREMS.md section 4)",C00->C01 C00->C02 C00->C03 C00->Y C01->C02 C01->C04 C05->Y W->Y C00-C05,0.00017779199697542936,0.0,0.00030324999534059316,,1,6,3,0,0.9696731905465288,3.763040254808521,7,3,C00,5
u2_c06_seed00000003_xC03_tiered_nt3,u2_c06_seed00000003_xC03,tiered_unconfounded,fast_gate,6,1,measured,,,3,3,C03,Y,5,2,5,5,0.7,2,"C00,W",0.2,1,0,1,0,3,True,1,ok,local_up_fast,mpdag_criterion,True,"Conjecture 2 (proved: Anti-Exchange Case B, THEOREMS.md section 4)",C00->C02 C00->C04 C00->Y C01->C02 C02->C05 C03->Y W->Y C00-C01 C00-C03 C03-C04,0.00033837500086519867,0.0,0.000461667004856281,,1,5,4,0,0.6223176028919198,3.4955527632440395,7,2,C00,3
u2_c06_seed00000003_xC03_tiered_nt4,u2_c06_seed00000003_xC03,tiered_unconfounded,fast_gate,6,1,measured,,,4,3,C03,Y,7,0,7,7,0.7,2,"C00,W",0.14285714285714285,1,0,1,0,3,True,1,ok,local_up_fast,mpdag_criterion,True,"Conjecture 2 (proved: Anti-Exchange Case B, THEOREMS.md section 4)",C00->C01 C00->C02 C00->C04 C00->Y C01->C02 C02->C05 C03->C04 C03->Y W->Y C00-C03,0.0002376670017838478,0.0,0.00034933400456793606,,1,7,4,0,0.6153362062419319,3.563948675157067,7,2,C00,3
u2_c06_seed00000004_xC04_tiered_nt2,u2_c06_seed00000004_xC04,tiered_unconfounded,fast_gate,6,4,measured,,,2,4,C04,Y,1,2,3,3,0.625,2,"C00,W",1.0,1,0,1,0,1,True,3,ok,local_up_fast,mpdag_criterion,True,"Conjecture 2 (proved: Anti-Exchange Case B, THEOREMS.md section 4)",C00->Y C04->Y W->Y C00-C01 C00-C05 C01-C02 C02-C03 C03-C04,0.00030783300462644547,0.0,0.00042270800622645766,,3,6,4,0,0.9510785000218561,2.9021570000437125,6,3,C00,5
u2_c06_seed00000004_xC04_tiered_nt3,u2_c06_seed00000004_xC04,tiered_unconfounded,fast_gate,6,4,measured,,,3,4,C04,Y,3,1,4,4,0.625,2,"C00,W",0.0,0,0,2,0,3,True,3,ok,local_up_fast,mpdag_criterion,True,"Conjecture 2 (proved: Anti-Exchange Case B, THEOREMS.md section 4)",C00->C05 C00->Y C04->Y W->Y C00-C01 C01-C02 C02-C03 C03-C04,0.0004787499929079786,0.0,0.00057366699911654,,4,12,6,0,0.9910651018802945,3.965401172499036,6,2,C00,5
u2_c06_seed00000004_xC04_tiered_nt4,u2_c06_seed00000004_xC04,tiered_unconfounded,fast_gate,6,4,measured,,,4,4,C04,Y,4,0,5,5,0.625,2,"C00,W",0.0,0,0,3,0,3,True,4,ok,e1_ladder,mpdag_criterion,True,"Conjecture 2 (proved: Anti-Exchange Case B, THEOREMS.md section 4)","(('C00', 'C05'), ('C00', 'Y'), ('C04', 'Y'), ('W', 'Y'))",0.0005765410023741424,0.014505375002045184,0.01517545800015796,,7,21,7,0,0.9964272933317428,3.987086961708219,6,2,C00,5
u2_c06_seed00000005_xC02_tiered_nt3,u2_c06_seed00000005_xC02,tiered_unconfounded,fast_gate,6,2,measured,,,3,5,C02,Y,4,1,5,5,0.6666666666666666,2,"C00,W",0.25,1,0,1,0,3,True,1,ok,local_up_fast,mpdag_criterion,True,"Conjecture 2 (proved: Anti-Exchange Case B, THEOREMS.md section 4)",C00->Y C01->C04 C01->C05 C02->C03 C02->C04 C02->Y W->Y C00-C01 C01-C02,0.00025220900715794414,0.0,0.00036320899380370975,,1,5,4,0,0.534331039403002,2.825040643978131,7,2,C00,5
u2_c06_seed00000005_xC02_tiered_nt4,u2_c06_seed00000005_xC02,tiered_unconfounded,fast_gate,6,2,measured,,,4,5,C02,Y,5,0,6,6,0.6666666666666666,2,"C00,W",0.2,1,0,1,0,3,True,2,ok,local_up_fast,mpdag_criterion,True,"Conjecture 2 (proved: Anti-Exchange Case B, THEOREMS.md section 4)",C00->Y C01->C04 C01->C05 C02->C03 C02->C04 C02->Y W->Y C00-C01 C01-C02,0.0007160419918363914,0.0,0.0007896669849287719,,3,16,6,0,0.5807448132538704,3.013414433241829,7,2,C00,5
u2_c06_seed00000006_xC03_tiered_nt2,u2_c06_seed00000006_xC03,tiered_unconfounded,fast_gate,6,2,measured,,,2,6,C03,Y,3,2,3,3,0.625,2,"C00,W",0.3333333333333333,1,0,1,0,3,True,1,ok,local_up_fast,mpdag_criterion,True,"Conjecture 2 (proved: Anti-Exchange Case B, THEOREMS.md section 4)",C00->Y C01->C05 C02->C04 C03->Y W->Y C00-C01 C00-C02 C01-C03,0.00035670900251716375,0.0,0.0005370840081013739,,1,3,4,0,0.9066636734693878,2.6030367346938776,5,2,C00,5
u2_c06_seed00000006_xC03_tiered_nt3,u2_c06_seed00000006_xC03,tiered_unconfounded,fast_gate,6,2,measured,,,3,6,C03,Y,3,1,4,4,0.625,2,"C00,W",0.3333333333333333,1,0,1,0,3,True,1,ok,local_up_fast,mpdag_criterion,True,"Conjecture 2 (proved: Anti-Exchange Case B, THEOREMS.md section 4)",C00->C02 C00->Y C01->C05 C02->C04 C03->Y W->Y C00-C01 C01-C03,0.00017437500355299562,0.0,0.0002800419897539541,,1,4,3,0,0.9296795406922775,3.729233902398736,6,2,C00,5
u2_c06_seed00000006_xC03_tiered_nt4,u2_c06_seed00000006_xC03,tiered_unconfounded,fast_gate,6,2,measured,,,4,6,C03,Y,5,0,5,5,0.625,2,"C00,W",0.0,0,0,2,0,3,True,2,ok,local_up_fast,mpdag_criterion,True,"Conjecture 2 (proved: Anti-Exchange Case B, THEOREMS.md section 4)",C00->C02 C00->Y C01->C05 C02->C04 C03->Y W->Y C00-C01 C01-C03,0.0003842919977614656,0.0,0.0004946670087520033,,3,13,7,0,0.706462489852614,2.4855768747267337,5,2,C00,5
u2_c06_seed00000007_xC05_tiered_nt2,u2_c06_seed00000007_xC05,tiered_unconfounded,fast_gate,6,2,measured,,,2,7,C05,Y,2,2,3,3,0.625,2,"C00,W",0.5,1,0,1,0,2,True,1,ok,local_up_fast,mpdag_criterion,True,"Conjecture 2 (proved: Anti-Exchange Case B, THEOREMS.md section 4)",C00->Y C01->C03 C03->C04 C05->Y W->Y C00-C01 C01-C02 C01-C05,0.00031549998675473034,0.0,0.0004222499846946448,,1,3,2,0,0.7432198444683467,2.978884726419969,6,2,C00,5
u2_c06_seed00000007_xC05_tiered_nt3,u2_c06_seed00000007_xC05,tiered_unconfounded,fast_gate,6,2,measured,,,3,7,C05,Y,4,1,4,4,0.625,2,"C00,W",0.25,1,0,1,0,3,True,1,ok,local_up_fast,mpdag_criterion,True,"Conjecture 2 (proved: Anti-Exchange Case B, THEOREMS.md section 4)",C00->Y C01->C02 C01->C03 C03->C04 C05->Y W->Y C00-C01 C01-C05,0.000150040999869816,0.0,0.00025675000506453216,,1,4,2,0,0.7959658496036152,2.5045374172019894,6,3,C00,5
u2_c06_seed00000007_xC05_tiered_nt4,u2_c06_seed00000007_xC05,tiered_unconfounded,fast_gate,6,2,measured,,,4,7,C05,Y,4,0,5,5,0.625,2,"C00,W",0.0,0,0,2,0,3,True,2,ok,local_up_fast,mpdag_criterion,True,"Conjecture 2 (proved: Anti-Exchange Case B, THEOREMS.md section 4)",C00->Y C01->C02 C01->C03 C03->C04 C05->Y W->Y C00-C01 C01-C05,0.00038979199598543346,0.0,0.00048666700604371727,,2,9,3,0,0.7590336839369729,3.3083748223124934,5,1,C00,5
u2_c06_seed00000008_xC03_tiered_nt3,u2_c06_seed00000008_xC03,tiered_unconfounded,fast_gate,6,1,measured,,,3,8,C03,Y,3,1,4,4,0.625,2,"C00,W",0.3333333333333333,1,0,1,0,3,True,1,ok,local_up_fast,mpdag_criterion,True,"Conjecture 2 (proved: Anti-Exchange Case B, THEOREMS.md section 4)",C00->Y C01->C02 C02->C04 C03->C05 C03->Y W->Y C00-C01 C00-C03,0.00017183300224132836,0.0,0.00026504100242163986,,1,4,3,0,0.5370378631919053,2.1978682135043295,6,2,C00,5
u2_c06_seed00000008_xC03_tiered_nt4,u2_c06_seed00000008_xC03,tiered_unconfounded,fast_gate,6,1,measured,,,4,8,C03,Y,5,0,5,5,0.625,2,"C00,W",0.2,1,0,1,0,3,True,1,ok,local_up_fast,mpdag_criterion,True,"Conjecture 2 (proved: Anti-Exchange Case B, THEOREMS.md section 4)",C00->C01 C00->Y C01->C02 C02->C04 C03->C05 C03->Y W->Y C00-C03,0.00014150000060908496,0.0,0.00021487499179784209,,1,5,2,0,0.6665131951688845,2.0900520794843724,5,2,C00,5
u2_c06_seed00000009_xC01_tiered_nt4,u2_c06_seed00000009_xC01,tiered_unconfounded,fast_gate,6,1,measured,,,4,9,C01,Y,5,1,5,5,0.6666666666666666,2,"C00,W",0.2,1,0,1,0,3,True,1,ok,local_up_fast,mpdag_criterion,True,"Conjecture 2 (proved: Anti-Exchange Case B, THEOREMS.md section 4)",C00->C02 C00->Y C01->Y C02->C03 C02->C04 C03->C05 W->Y C00-C01 C01-C02,0.00023245900229085237,0.0,0.000292125012492761,,1,5,3,0,0.2644810911459722,1.772912755903085,6,1,C00,1
u2_c06_seed00000010_xC05_tiered_nt2,u2_c06_seed00000010_xC05,tiered_unconfounded,fast_gate,6,1,measured,,,2,10,C05,Y,4,3,4,4,0.7,2,"C00,W",0.25,1,0,1,0,3,True,1,ok,local_up_fast,mpdag_criterion,True,"Conjecture 2 (proved: Anti-Exchange Case B, THEOREMS.md section 4)",C00->Y C01->C05 C02->C03 C02->C04 C05->Y W->Y C00-C01 C00-C02 C00-C05 C01-C02,0.00039529200876131654,0.0,0.0005687500088242814,,1,4,5,0,0.5382854910457746,2.645880822968195,5,1,C00,2
u2_c06_seed00000010_xC05_tiered_nt3,u2_c06_seed00000010_xC05,tiered_unconfounded,fast_gate,6,1,measured,,,3,10,C05,Y,5,1,6,6,0.7,2,"C00,W",0.2,1,0,1,0,3,True,1,ok,local_up_fast,mpdag_criterion,True,"Conjecture 2 (proved: Anti-Exchange Case B, THEOREMS.md section 4)",C00->C02 C00->Y C01->C02 C01->C05 C02->C03 C02->C04 C05->Y W->Y C00-C01 C00-C05,0.00029029200959485024,0.0,0.0004237500106683001,,1,6,4,0,0.8504698239522884,4.202214348871955,7,2,C00,2
u2_c06_seed00000010_xC05_tiered_nt4,u2_c06_seed00000010_xC05,tiered_unconfounded,fast_gate,6,1,measured,,,4,10,C05,Y,6,1,6,6,0.7,2,"C00,W",0.0,0,0,2,0,3,True,2,ok,local_up_fast,mpdag_criterion,True,"Conjecture 2 (proved: Anti-Exchange Case B, THEOREMS.md section 4)",C00->C01 C00->C02 C00->Y C02->C03 C02->C04 C05->Y W->Y C00-C05 C01-C02 C01-C05,0.0004259999986970797,0.0,0.0005426249990705401,,2,11,5,0,0.6791074197120709,4.099451759607995,7,2,C00,2
u2_c06_seed00000011_xC03_tiered_nt2,u2_c06_seed00000011_xC03,tiered_unconfounded,fast_gate,6,1,measured,,,2,11,C03,Y,4,2,4,4,0.6666666666666666,2,"C00,W",0.25,1,0,1,0,3,True,1,ok,local_up_fast,mpdag_criterion,True,"Conjecture 2 (proved: Anti-Exchange Case B, THEOREMS.md section 4)",C00->C04 C00->C05 C00->Y C02->C04 C03->Y W->Y C00-C01 C00-C02 C00-C03,0.00024641699565108865,0.0,0.0003725419956026599,,1,4,5,0,0.7653822902967604,3.063388232887049,6,2,C00,5
u2_c06_seed00000011_xC03_tiered_nt3,u2_c06_seed00000011_xC03,tiered_unconfounded,fast_gate,6,1,measured,,,3,11,C03,Y,5,1,5,5,0.6666666666666666,2,"C00,W",0.2,1,0,1,0,3,True,1,ok,local_up_fast,mpdag_criterion,True,"Conjecture 2 (proved: Anti-Exchange Case B, THEOREMS.md section 4)",C00->C02 C00->C04 C00->C05 C00->Y C02->C04 C03->Y W->Y C00-C01 C00-C03,0.000207042001420632,0.0,0.00030883400177117437,,1,5,4,0,0.9230943233946759,3.5533772475645042,7,3,C00,5
u2_c06_seed00000011_xC03_tiered_nt4,u2_c06_seed00000011_xC03,tiered_unconfounded,fast_gate,6,1,measured,,,4,11,C03,Y,6,0,6,6,0.6666666666666666,2,"C00,W",0.16666666666666666,1,0,1,0,3,True,1,ok,local_up_fast,mpdag_criterion,True,"Conjecture 2 (proved: Anti-Exchange Case B, THEOREMS.md section 4)",C00->C01 C00->C02 C00->C04 C00->C05 C00->Y C02->C04 C03->Y W->Y C00-C03,0.0002691669942578301,0.0,0.00038462498923763633,,1,6,4,0,0.9752895752895754,3.7969578127058443,7,3,C00,5
u2_c06_seed00000012_xC04_tiered_nt3,u2_c06_seed00000012_xC04,tiered_unconfounded,fast_gate,6,1,measured,,,3,12,C04,Y,6,1,6,6,0.7,2,"C00,W",0.16666666666666666,1,0,1,0,3,True,1,ok,local_up_fast,mpdag_criterion,True,"Conjecture 2 (proved: Anti-Exchange Case B, THEOREMS.md section 4)",C00->C03 C00->C05 C00->Y C01->C02 C01->C03 C04->C05 C04->Y W->Y C00-C01 C00-C04,0.0002652080002008006,0.0,0.0003877499984810129,,1,6,5,0,0.46406925077297945,3.6738753534580337,7,2,C00,5
u2_c06_seed00000012_xC04_tiered_nt4,u2_c06_seed00000012_xC04,tiered_unconfounded,fast_gate,6,1,measured,,,4,12,C04,Y,7,0,7,7,0.7,2,"C00,W",0.14285714285714285,1,0,1,0,3,True,1,ok,local_up_fast,mpdag_criterion,True,"Conjecture 2 (proved: Anti-Exchange Case B, THEOREMS.md section 4)",C00->C01 C00->C03 C00->C05 C00->Y C01->C02 C01->C03 C04->C05 C04->Y W->Y C00-C04,0.00047308301145676523,0.0,0.0007007920066826046,,1,7,4,0,0.8289928399751167,3.345183530408436,7,3,C00,5
u2_c06_seed00000013_xC04_tiered_nt2,u2_c06_seed00000013_xC04,tiered_unconfounded,fast_gate,6,3,measured,,,2,13,C04,Y,3,3,3,3,0.6666666666666666,2,"C00,W",0.3333333333333333,1,0,1,0,3,True,1,ok,local_up_fast,mpdag_criterion,True,"Conjecture 2 (proved: Anti-Exchange Case B, THEOREMS.md section 4)",C00->Y C01->C05 C02->C03 C04->Y W->Y C00-C01 C01-C02 C02-C04 C03-C04,0.0002083750005112961,0.0,0.0003460830048425123,,1,3,2,0,0.6916831249137202,2.250901077493801,5,2,C00,5
u2_c06_seed00000013_xC04_tiered_nt3,u2_c06_seed00000013_xC04,tiered_unconfounded,fast_gate,6,3,measured,,,3,13,C04,Y,4,1,5,5,0.6666666666666666,2,"C00,W",0.0,0,0,2,0,3,True,3,ok,local_up_fast,mpdag_criterion,True,"Conjecture 2 (proved: Anti-Exchange Case B, THEOREMS.md section 4)",C00->Y C01->C05 C02->C03 C04->Y W->Y C00-C01 C01-C02 C02-C04 C03-C04,0.0009205000096699223,0.0,0.0010224170109722763,,6,23,10,0,0.6449930205564802,3.3035725234042808,7,2,C00,5
u2_c06_seed00000013_xC04_tiered_nt4,u2_c06_seed00000013_xC04,tiered_unconfounded,fast_gate,6,3,measured,,,4,13,C04,Y,5,0,6,6,0.6666666666666666,2,"C00,W",0.0,0,0,3,0,3,True,4,ok,e1_ladder,mpdag_criterion,True,"Conjecture 2 (proved: Anti-Exchange Case B, THEOREMS.md section 4)","(('C00', 'Y'), ('C01', 'C05'), ('C03', 'C04'), ('C04', 'Y'), ('W', 'Y'))",0.0008704999927431345,0.01837833400350064,0.019334333992446773,,10,31,10,0,0.5156087207454938,3.0773039587570548,6,1,C00,5
u2_c06_seed00000014_xC01_tiered_nt4,u2_c06_seed00000014_xC01,tiered_unconfounded,fast_gate,6,1,measured,,,4,14,C01,Y,5,0,5,5,0.625,2,"C00,W",0.2,1,0,1,0,3,True,1,ok,local_up_fast,mpdag_criterion,True,"Conjecture 2 (proved: Anti-Exchange Case B, THEOREMS.md section 4)",C00->C02 C00->Y C01->C04 C01->Y C02->C03 C04->C05 W->Y C00-C01,0.0001525839907117188,0.0,0.0002313759905518964,,1,5,3,0,0.35844102169963277,1.5925008318830594,5,2,C00,5
u2_c06_seed00000015_xC04_tiered_nt3,u2_c06_seed00000015_xC04,tiered_unconfounded,fast_gate,6,1,measured,,,3,15,C04,Y,4,2,4,4,0.6666666666666666,2,"C00,W",0.25,1,0,1,0,3,True,1,ok,local_up_fast,mpdag_criterion,True,"Conjecture 2 (proved: Anti-Exchange Case B, THEOREMS.md section 4)",C00->C05 C00->Y C01->C02 C02->C03 C04->Y W->Y C00-C01 C00-C04 C04-C05,0.00029024999821558595,0.0,0.00039241700142156333,,1,4,4,0,0.48567160897119155,2.5294551578368734,6,2,C00,5
u2_c06_seed00000015_xC04_tiered_nt4,u2_c06_seed00000015_xC04,tiered_unconfounded,fast_gate,6,1,measured,,,4,15,C04,Y,6,0,6,6,0.6666666666666666,2,"C00,W",0.16666666666666666,1,0,1,0,3,True,1,ok,local_up_fast,mpdag_criterion,True,"Conjecture 2 (proved: Anti-Exchange Case B, THEOREMS.md section 4)",C00->C01 C00->C05 C00->Y C01->C02 C02->C03 C04->C05 C04->Y W->Y C00-C04,0.00020158299594186246,0.0,0.0002879999956348911,,1,6,3,0,0.6690342159674515,2.9936887949493327,6,2,C00,5
u2_c06_seed00000016_xC01_tiered_nt4,u2_c06_seed00000016_xC01,tiered_unconfounded,fast_gate,6,1,measured,,,4,16,C01,Y,5,0,6,6,0.6666666666666666,2,"C00,W",0.2,1,0,1,0,3,True,1,ok,local_up_fast,mpdag_criterion,True,"Conjecture 2 (proved: Anti-Exchange Case B, THEOREMS.md section 4)",C00->Y C01->C02 C01->C03 C01->C04 C01->Y C02->C03 C02->C05 W->Y C00-C01,0.00017904199194163084,0.0,0.00022962599177844822,,1,6,3,0,0.16132675504584565,1.2615115453914398,6,1,C00,5
u2_c06_seed00000017_xC05_tiered_nt2,u2_c06_seed00000017_xC05,tiered_unconfounded,fast_gate,6,2,measured,,,2,17,C05,Y,3,4,3,3,0.7,2,"C00,W",0.3333333333333333,1,0,1,0,3,True,1,ok,local_up_fast,mpdag_criterion,True,"Conjecture 2 (proved: Anti-Exchange Case B, THEOREMS.md section 4)",C00->Y C02->C03 C02->C04 C05->Y W->Y C00-C01 C00-C02 C01-C02 C01-C05 C03-C04,0.00025533400184940547,0.0,0.0003972510021412745,,1,3,4,0,0.7763849619836811,3.1739692503652943,6,2,C00,2
u2_c06_seed00000017_xC05_tiered_nt3,u2_c06_seed00000017_xC05,tiered_unconfounded,fast_gate,6,2,measured,,,3,17,C05,Y,5,1,6,6,0.7,2,"C00,W",0.2,1,0,1,0,3,True,1,ok,local_up_fast,mpdag_criterion,True,"Conjecture 2 (proved: Anti-Exchange Case B, THEOREMS.md section 4)",C00->C02 C00->Y C01->C02 C02->C03 C02->C04 C03->C04 C05->Y W->Y C00-C01 C01-C05,0.0003825000021606684,0.0,0.0005929159960942343,,1,6,3,0,0.8948281238051251,5.419267454806667,7,1,C00,2
u2_c06_seed00000017_xC05_tiered_nt4,u2_c06_seed00000017_xC05,tiered_unconfounded,fast_gate,6,2,measured,,,4,17,C05,Y,6,1,6,6,0.7,2,"C00,W",0.0,0,0,2,0,3,True,2,ok,local_up_fast,mpdag_criterion,True,"Conjecture 2 (proved: Anti-Exchange Case B, THEOREMS.md section 4)",C00->C02 C00->Y C02->C03 C02->C04 C03->C04 C05->Y W->Y C00-C01 C01-C02 C01-C05,0.001044457996613346,0.0,0.001291499997023493,,4,21,9,0,0.941258590578542,5.600638362983841,7,1,C00,2
u2_c06_seed00000018_xC03_tiered_nt2,u2_c06_seed00000018_xC03,tiered_unconfounded,fast_gate,6,1,measured,,,2,18,C03,Y,3,2,4,4,0.6666666666666666,2,"C00,W",0.3333333333333333,1,0,1,0,3,True,1,ok,local_up_fast,mpdag_criterion,True,"Conjecture 2 (proved: Anti-Exchange Case B, THEOREMS.md section 4)",C00->Y C01->C02 C01->C03 C03->C05 C03->Y W->Y C00-C01 C00-C03 C00-C04,0.0002988330088555813,0.0,0.0003867910127155483,,1,4,4,0,0.39643180419784246,1.7259939216572497,6,1,C00,5
u2_c06_seed00000018_xC03_tiered_nt3,u2_c06_seed00000018_xC03,tiered_unconfounded,fast_gate,6,1,measured,,,3,18,C03,Y,5,1,5,5,0.6666666666666666,2,"C00,W",0.2,1,0,1,0,3,True,1,ok,local_up_fast,mpdag_criterion,True,"Conjecture 2 (proved: Anti-Exchange Case B, THEOREMS.md section 4)",C00->C04 C00->Y C01->C02 C01->C03 C03->C05 C03->Y W->Y C00-C01 C00-C03,0.00025924999499693513,0.0,0.000323957996442914,,1,5,5,0,0.286036546404014,1.690362656262494,6,2,C00,5
u2_c06_seed00000018_xC03_tiered_nt4,u2_c06_seed00000018_xC03,tiered_unconfounded,fast_gate,6,1,measured,,,4,18,C03,Y,6,0,6,6,0.6666666666666666,2,"C00,W",0.0,0,0,2,0,3,True,2,ok,local_up_fast,mpdag_criterion,True,"Conjecture 2 (proved: Anti-Exchange Case B, THEOREMS.md section 4)",C00->C01 C00->C04 C00->Y C01->C02 C03->C05 C03->Y W->Y C00-C03 C01-C03,0.0003922500036424026,0.0,0.0004514169995673001,,2,11,6,0,0.07422222222222222,1.3524258724496536,6,2,C00,5
u2_c06_seed00000019_xC04_tiered_nt3,u2_c06_seed00000019_xC04,tiered_unconfounded,fast_gate,6,1,measured,,,3,19,C04,Y,5,1,5,5,0.6666666666666666,2,"C00,W",0.2,1,0,1,0,3,True,1,ok,local_up_fast,mpdag_criterion,True,"Conjecture 2 (proved: Anti-Exchange Case B, THEOREMS.md section 4)",C00->C05 C00->Y C01->C02 C01->C03 C02->C03 C04->Y W->Y C00-C01 C00-C04,0.000222250004298985,0.0,0.00034220800444018096,,1,5,5,0,0.9616941309260216,2.762853424106155,6,3,C00,5
u2_c06_seed00000019_xC04_tiered_nt4,u2_c06_seed00000019_xC04,tiered_unconfounded,fast_gate,6,1,measured,,,4,19,C04,Y,6,0,6,6,0.6666666666666666,2,"C00,W",0.16666666666666666,1,0,1,0,3,True,1,ok,local_up_fast,mpdag_criterion,True,"Conjecture 2 (proved: Anti-Exchange Case B, THEOREMS.md section 4)",C00->C01 C00->C05 C00->Y C01->C02 C01->C03 C02->C03 C04->Y W->Y C00-C04,0.00019558300846256316,0.0,0.00030883301224093884,,1,6,4,0,0.9527178535529266,3.6437764752529325,6,2,C00,5
u2_c06_seed00000020_xC01_tiered_nt4,u2_c06_seed00000020_xC01,tiered_unconfounded,fast_gate,6,1,measured,,,4,20,C01,Y,7,0,7,7,0.7,2,"C00,W",0.14285714285714285,1,0,1,0,3,True,1,ok,local_up_fast,mpdag_criterion,True,"Conjecture 2 (proved: Anti-Exchange Case B, THEOREMS.md section 4)",C00->C03 C00->C04 C00->Y C01->C02 C01->C03 C01->C05 C01->Y C02->C05 W->Y C00-C01,0.0002397499920334667,0.0,0.000334457989083603,,1,7,5,0,0.1628458391646033,1.733640433121283,7,2,C00,5
u2_c06_seed00000021_xC02_tiered_nt3,u2_c06_seed00000021_xC02,tiered_unconfounded,fast_gate,6,1,measured,,,3,21,C02,Y,3,1,4,4,0.625,2,"C00,W",0.3333333333333333,1,0,1,0,3,True,1,ok,local_up_fast,mpdag_criterion,True,"Conjecture 2 (proved: Anti-Exchange Case B, THEOREMS.md section 4)",C00->C05 C00->Y C01->C04 C02->C03 C02->Y W->Y C00-C01 C00-C02,0.00019358399731572717,0.0,0.0003063749900320545,,1,4,4,0,0.5440133557053932,2.2310993127630083,6,2,C00,5
u2_c06_seed00000021_xC02_tiered_nt4,u2_c06_seed00000021_xC02,tiered_unconfounded,fast_gate,6,1,measured,,,4,21,C02,Y,5,0,5,5,0.625,2,"C00,W",0.2,1,0,1,0,3,True,1,ok,local_up_fast,mpdag_criterion,True,"Conjecture 2 (proved: Anti-Exchange Case B, THEOREMS.md section 4)",C00->C01 C00->C05 C00->Y C01->C04 C02->C03 C02->Y W->Y C00-C02,0.00015124998753890395,0.0,0.00022233299387153238,,1,5,3,0,0.4340613150731506,1.7013021071651435,6,3,C00,5
u2_c06_seed00000022_xC05_tiered_nt3,u2_c06_seed00000022_xC05,tiered_unconfounded,fast_gate,6,1,measured,,,3,22,C05,Y,6,1,6,6,0.7,2,"C00,W",0.16666666666666666,1,0,1,0,3,True,1,ok,local_up_fast,mpdag_criterion,True,"Conjecture 2 (proved: Anti-Exchange Case B, THEOREMS.md section 4)",C00->C02 C00->C03 C00->Y C01->C02 C01->C03 C02->C04 C05->Y W->Y C00-C01 C00-C05,0.00022149999858811498,0.0,0.0003574169968487695,,1,6,4,0,0.5595592025522785,3.010803278400237,7,3,C00,3
u2_c06_seed00000022_xC05_tiered_nt4,u2_c06_seed00000022_xC05,tiered_unconfounded,fast_gate,6,1,measured,,,4,22,C05,Y,7,0,7,7,0.7,2,"C00,W",0.14285714285714285,1,0,1,0,3,True,1,ok,local_up_fast,mpdag_criterion,True,"Conjecture 2 (proved: Anti-Exchange Case B, THEOREMS.md section 4)",C00->C01 C00->C02 C00->C03 C00->Y C01->C02 C01->C03 C02->C04 C05->Y W->Y C00-C05,0.00021358300000429153,0.0,0.0003334159991936758,,1,7,4,0,0.960551369662987,3.651779348918862,7,3,C00,3
u2_c06_seed00000023_xC03_tiered_nt2,u2_c06_seed00000023_xC03,tiered_unconfounded,fast_gate,6,1,measured,,,2,23,C03,Y,4,2,4,4,0.6666666666666666,2,"C00,W",0.25,1,0,1,0,3,True,1,ok,local_up_fast,mpdag_criterion,True,"Conjecture 2 (proved: Anti-Exchange Case B, THEOREMS.md section 4)",C00->C05 C00->Y C02->C03 C02->C04 C03->Y W->Y C00-C01 C00-C02 C00-C03,0.00028841600578743964,0.0,0.0003891660162480548,,1,4,5,0,0.3368936015560897,1.8752591009884603,5,1,C00,5
u2_c06_seed00000023_xC03_tiered_nt3,u2_c06_seed00000023_xC03,tiered_unconfounded,fast_gate,6,1,measured,,,3,23,C03,Y,4,2,4,4,0.6666666666666666,2,"C00,W",0.25,1,0,1,0,3,True,1,ok,local_up_fast,mpdag_criterion,True,"Conjecture 2 (proved: Anti-Exchange Case B, THEOREMS.md section 4)",C00->C02 C00->C05 C00->Y C02->C04 C03->Y W->Y C00-C01 C00-C03 C02-C03,0.0002205420023528859,0.0,0.00029379199258983135,,1,4,3,0,0.540815215117192,2.64783186727371,7,3,C00,5
u2_c06_seed00000023_xC03_tiered_nt4,u2_c06_seed00000023_xC03,tiered_unconfounded,fast_gate,6,1,measured,,,4,23,C03,Y,6,0,6,6,0.6666666666666666,2,"C00,W",0.0,0,0,2,0,3,True,2,ok,local_up_fast,mpdag_criterion,True,"Conjecture 2 (proved: Anti-Exchange Case B, THEOREMS.md section 4)",C00->C01 C00->C02 C00->C05 C00->Y C02->C04 C03->Y W->Y C00-C03 C02-C03,0.0006605830130865797,0.0,0.0008002910035429522,,2,11,7,0,0.17400232203428417,1.8540265871299462,7,3,C00,5
u2_c06_seed00000024_xC03_tiered_nt2,u2_c06_seed00000024_xC03,tiered_unconfounded,fast_gate,6,1,measured,,,2,24,C03,Y,3,2,3,3,0.625,2,"C00,W",0.3333333333333333,1,0,1,0,3,True,1,ok,local_up_fast,mpdag_criterion,True,"Conjecture 2 (proved: Anti-Exchange Case B, THEOREMS.md section 4)",C00->C04 C00->Y C02->C05 C03->Y W->Y C00-C01 C00-C02 C00-C03,0.0003355830122018233,0.0,0.0005558740085689351,,1,3,4,0,0.7328577074703344,2.235509725779922,5,2,C00,5
u2_c06_seed00000024_xC03_tiered_nt3,u2_c06_seed00000024_xC03,tiered_unconfounded,fast_gate,6,1,measured,,,3,24,C03,Y,4,1,4,4,0.625,2,"C00,W",0.25,1,0,1,0,3,True,1,ok,local_up_fast,mpdag_criterion,True,"Conjecture 2 (proved: Anti-Exchange Case B, THEOREMS.md section 4)",C00->C02 C00->C04 C00->Y C02->C05 C03->Y W->Y C00-C01 C00-C03,0.000152749998960644,0.0,0.00023645799956284463,,1,4,3,0,0.8174797146917012,2.532787452928732,6,3,C00,5
u2_c06_seed00000024_xC03_tiered_nt4,u2_c06_seed00000024_xC03,tiered_unconfounded,fast_gate,6,1,measured,,,4,24,C03,Y,5,0,5,5,0.625,2,"C00,W",0.2,1,0,1,0,3,True,1,ok,local_up_fast,mpdag_criterion,True,"Conjecture 2 (proved: Anti-Exchange Case B, THEOREMS.md section 4)",C00->C01 C00->C02 C00->C04 C00->Y C02->C05 C03->Y W->Y C00-C03,0.00013595799100585282,0.0,0.00022333298693411052,,1,5,3,0,0.9613001796244431,2.765020798619728,6,3,C00,5
u2_c06_seed00000025_xC03_tiered_nt2,u2_c06_seed00000025_xC03,tiered_unconfounded,fast_gate,6,1,measured,,,2,25,C03,Y,4,2,6,6,0.7272727272727273,2,"C00,W",0.0,0,0,2,0,3,True,3,ok,local_up_fast,mpdag_criterion,True,"Conjecture 2 (proved: Anti-Exchange Case B, THEOREMS.md section 4)",C00->C02 C00->Y C01->C04 C02->C04 C03->Y W->Y C00-C01 C00-C03 C00-C05 C01-C02 C02-C03,0.001029999999445863,0.0,0.0012088749936083332,,4,20,7,0,0.7788408434473735,4.990696214847067,6,0,C00,5
u2_c06_seed00000025_xC03_tiered_nt3,u2_c06_seed00000025_xC03,tiered_unconfounded,fast_gate,6,1,measured,,,3,25,C03,Y,6,1,7,7,0.7272727272727273,2,"C00,W",0.0,0,0,2,0,3,True,3,ok,local_up_fast,mpdag_criterion,True,"Conjecture 2 (proved: Anti-Exchange Case B, THEOREMS.md section 4)",C00->C02 C00->C05 C00->Y C01->C04 C02->C04 C03->Y W->Y C00-C01 C00-C03 C01-C02 C02-C03,0.0021073329990031198,0.0,0.0024112499959301203,,5,30,11,0,0.502727587894608,3.6330232598790393,8,3,C00,5
u2_c06_seed00000025_xC03_tiered_nt4,u2_c06_seed00000025_xC03,tiered_unconfounded,fast_gate,6,1,measured,,,4,25,C03,Y,7,0,8,8,0.7272727272727273,2,"C00,W",0.0,0,0,2,0,3,True,3,ok,local_up_fast,mpdag_criterion,True,"Conjecture 2 (proved: Anti-Exchange Case B, THEOREMS.md section 4)",C00->C01 C00->C02 C00->C05 C00->Y C01->C04 C02->C04 C03->Y W->Y C00-C03 C01-C02 C02-C03,0.001436249993275851,0.0,0.0017592090007383376,,5,35,12,0,0.9178513255044344,5.5000260204615445,8,2,C00,5
u2_c06_seed00000026_xC03_tiered_nt2,u2_c06_seed00000026_xC03,tiered_unconfounded,fast_gate,6,1,measured,,,2,26,C03,Y,4,3,4,4,0.7,2,"C00,W",0.25,1,0,1,0,3,True,1,ok,local_up_fast,mpdag_criterion,True,"Conjecture 2 (proved: Anti-Exchange Case B, THEOREMS.md section 4)",C00->Y C01->C03 C02->C04 C02->C05 C03->Y W->Y C00-C01 C00-C02 C00-C03 C01-C02,0.0004445409867912531,0.0,0.0005837079806951806,,1,4,5,0,0.540547456924873,2.6492403299660183,5,1,C00,2
u2_c06_seed00000026_xC03_tiered_nt3,u2_c06_seed00000026_xC03,tiered_unconfounded,fast_gate,6,1,measured,,,3,26,C03,Y,5,1,6,6,0.7,2,"C00,W",0.2,1,0,1,0,3,True,1,ok,local_up_fast,mpdag_criterion,True,"Conjecture 2 (proved: Anti-Exchange Case B, THEOREMS.md section 4)",C00->C02 C00->Y C01->C02 C01->C03 C02->C04 C02->C05 C03->Y W->Y C00-C01 C00-C03,0.00029195800016168505,0.0,0.00042483300785534084,,1,6,4,0,0.8378013477665182,4.135114523263729,7,2,C00,2
u2_c06_seed00000026_xC03_tiered_nt4,u2_c06_seed00000026_xC03,tiered_unconfounded,fast_gate,6,1,measured,,,4,26,C03,Y,6,1,6,6,0.7,2,"C00,W",0.0,0,0,2,0,3,True,2,ok,local_up_fast,mpdag_criterion,True,"Conjecture 2 (proved: Anti-Exchange Case B, THEOREMS.md section 4)",C00->C01 C00->C02 C00->Y C02->C04 C02->C05 C03->Y W->Y C00-C03 C01-C02 C01-C03,0.0004385840002214536,0.0,0.0005564169987337664,,2,11,5,0,0.4252321210001749,3.5775083553235363,7,2,C00,2
u2_c06_seed00000027_xC04_tiered_nt2,u2_c06_seed00000027_xC04,tiered_unconfounded,fast_gate,6,2,measured,,,2,27,C04,Y,4,2,4,4,0.6666666666666666,2,"C00,W",0.25,1,0,1,0,3,True,1,ok,local_up_fast,mpdag_criterion,True,"Conjecture 2 (proved: Anti-Exchange Case B, THEOREMS.md section 4)",C00->C03 C00->Y C01->C05 C02->C03 C04->Y W->Y C00-C01 C00-C02 C02-C04,0.00017829200078267604,0.0,0.0003013759996974841,,1,4,2,0,0.9283048062369655,3.553043581222482,5,1,C00,5
u2_c06_seed00000027_xC04_tiered_nt3,u2_c06_seed00000027_xC04,tiered_unconfounded,fast_gate,6,2,measured,,,3,27,C04,Y,3,2,4,4,0.6666666666666666,2,"C00,W",0.3333333333333333,1,0,1,0,3,True,2,ok,local_up_fast,mpdag_criterion,True,"Conjecture 2 (proved: Anti-Exchange Case B, THEOREMS.md section 4)",C00->C03 C00->Y C01->C05 C04->Y W->Y C00-C01 C00-C02 C02-C03 C02-C04,0.0005866249994141981,0.0,0.0006922499887878075,,4,13,8,0,0.9323915855370528,4.7636818071300215,7,2,C00,5
u2_c06_seed00000027_xC04_tiered_nt4,u2_c06_seed00000027_xC04,tiered_unconfounded,fast_gate,6,2,measured,,,4,27,C04,Y,6,0,6,6,0.6666666666666666,2,"C00,W",0.0,0,0,2,0,3,True,2,ok,local_up_fast,mpdag_criterion,True,"Conjecture 2 (proved: Anti-Exchange Case B, THEOREMS.md section 4)",C00->C01 C00->C03 C00->Y C01->C05 C02->C03 C04->Y W->Y C00-C02 C02-C04,0.00048229200183413923,0.0,0.0005944169970462099,,3,16,8,0,0.7915333281863715,3.511498027909941,7,3,C00,5
u2_c06_seed00000028_xC02_tiered_nt2,u2_c06_seed00000028_xC02,tiered_unconfounded,fast_gate,6,2,measured,,,2,28,C02,Y,1,3,3,3,0.6666666666666666,2,"C00,W",1.0,1,0,1,0,1,True,1,ok,local_up_fast,mpdag_criterion,True,"Conjecture 2 (proved: Anti-Exchange Case B, THEOREMS.md section 4)",C00->Y C02->C03 C02->C04 C02->Y W->Y C00-C01 C00-C05 C01-C02 C03-C04,0.0001951249869307503,0.0,0.0002822909882524982,,1,3,2,0,0.9580781180487138,2.0862363785729396,6,2,C00,5
u2_c06_seed00000028_xC02_tiered_nt3,u2_c06_seed00000028_xC02,tiered_unconfounded,fast_gate,6,2,measured,,,3,28,C02,Y,4,1,5,5,0.6666666666666666,2,"C00,W",0.25,1,0,1,0,3,True,1,ok,local_up_fast,mpdag_criterion,True,"Conjecture 2 (proved: Anti-Exchange Case B, THEOREMS.md section 4)",C00->C05 C00->Y C02->C03 C02->C04 C02->Y C03->C04 W->Y C00-C01 C01-C02,0.00020895800844300538,0.0,0.00028849900991190225,,1,5,3,0,0.5730012646766425,2.6193756589786896,6,2,C00,5
u2_c06_seed00000028_xC02_tiered_nt4,u2_c06_seed00000028_xC02,tiered_unconfounded,fast_gate,6,2,measured,,,4,28,C02,Y,5,0,6,6,0.6666666666666666,2,"C00,W",0.0,0,0,2,0,3,True,2,ok,local_up_fast,mpdag_criterion,True,"Conjecture 2 (proved: Anti-Exchange Case B, THEOREMS.md section 4)",C00->C05 C00->Y C02->C03 C02->C04 C02->Y C03->C04 W->Y C00-C01 C01-C02,0.000578042003326118,0.0,0.00064412500069011,,4,21,8,0,0.4176979364051171,2.5859207889849505,6,1,C00,5
u2_c06_seed00000029_xC02_tiered_nt2,u2_c06_seed00000029_xC02,tiered_unconfounded,fast_gate,6,2,measured,,,2,29,C02,Y,3,4,3,3,0.7,2,"C00,W",0.3333333333333333,1,0,1,0,3,True,1,ok,local_up_fast,mpdag_criterion,True,"Conjecture 2 (proved: Anti-Exchange Case B, THEOREMS.md section 4)",C00->Y C01->C04 C01->C05 C02->Y W->Y C00-C01 C00-C03 C01-C02 C02-C04 C02-C05,0.00047045800602063537,0.0,0.0005890410102438182,,1,3,4,0,0.5766264110015328,2.262703172552884,7,3,C00,5
u2_c06_seed00000029_xC02_tiered_nt3,u2_c06_seed00000029_xC02,tiered_unconfounded,fast_gate,6,2,measured,,,3,29,C02,Y,5,2,5,5,0.7,2,"C00,W",0.2,1,0,1,0,3,True,1,ok,local_up_fast,mpdag_criterion,True,"Conjecture 2 (proved: Anti-Exchange Case B, THEOREMS.md section 4)",C00->C03 C00->Y C01->C04 C01->C05 C02->C05 C02->Y W->Y C00-C01 C01-C02 C02-C04,0.00037037501169834286,0.0,0.0004642080166377127,,1,5,4,0,0.7579449110441266,3.2267058508975808,7,3,C00,5
u2_c06_seed00000029_xC02_tiered_nt4,u2_c06_seed00000029_xC02,tiered_unconfounded,fast_gate,6,2,measured,,,4,29,C02,Y,6,1,6,6,0.7,2,"C00,W",0.0,0,0,2,0,3,True,2,ok,local_up_fast,mpdag_criterion,True,"Conjecture 2 (proved: Anti-Exchange Case B, THEOREMS.md section 4)",C00->C03 C00->Y C01->C04 C01->C05 C02->C05 C02->Y W->Y C00-C01 C01-C02 C02-C04,0.0012899159919470549,0.0,0.0013802079920424148,,4,21,9,0,0.39654729613206513,3.2513685011683657,7,2,C00,5
u2_c06_seed00000030_xC05_tiered_nt2,u2_c06_seed00000030_xC05,tiered_unconfounded,fast_gate,6,1,measured,,,2,30,C05,Y,4,2,4,4,0.6666666666666666,2,"C00,W",0.25,1,0,1,0,3,True,1,ok,local_up_fast,mpdag_criterion,True,"Conjecture 2 (proved: Anti-Exchange Case B, THEOREMS.md section 4)",C00->C03 C00->Y C02->C03 C02->C04 C05->Y W->Y C00-C01 C00-C02 C00-C05,0.0002162080054404214,0.0,0.0003384580049896613,,1,4,4,0,0.7610155295930379,3.0484626930108134,5,1,C00,5
u2_c06_seed00000030_xC05_tiered_nt3,u2_c06_seed00000030_xC05,tiered_unconfounded,fast_gate,6,1,measured,,,3,30,C05,Y,4,2,4,4,0.6666666666666666,2,"C00,W",0.25,1,0,1,0,3,True,1,ok,local_up_fast,mpdag_criterion,True,"Conjecture 2 (proved: Anti-Exchange Case B, THEOREMS.md section 4)",C00->C02 C00->C03 C00->Y C02->C04 C05->Y W->Y C00-C01 C00-C05 C02-C03,0.00017020798986777663,0.0,0.0002759999770205468,,1,4,2,0,0.8763098662463797,3.4922711512077806,7,3,C00,5
u2_c06_seed00000030_xC05_tiered_nt4,u2_c06_seed00000030_xC05,tiered_unconfounded,fast_gate,6,1,measured,,,4,30,C05,Y,6,0,6,6,0.6666666666666666,2,"C00,W",0.16666666666666666,1,0,1,0,3,True,1,ok,local_up_fast,mpdag_criterion,True,"Conjecture 2 (proved: Anti-Exchange Case B, THEOREMS.md section 4)",C00->C01 C00->C02 C00->C03 C00->Y C02->C03 C02->C04 C05->Y W->Y C00-C05,0.00016241699631791562,0.0,0.0002634169941302389,,1,6,3,0,0.9674864720499781,3.7570675839603487,7,3,C00,5
u2_c06_seed00000031_xC01_tiered_nt4,u2_c06_seed00000031_xC01,tiered_unconfounded,fast_gate,6,1,measured,,,4,31,C01,Y,7,0,7,7,0.7,2,"C00,W",0.14285714285714285,1,0,1,0,3,True,1,ok,local_up_fast,mpdag_criterion,True,"Conjecture 2 (proved: Anti-Exchange Case B, THEOREMS.md section 4)",C00->C02 C00->C04 C00->C05 C00->Y C01->C02 C01->Y C02->C03 C02->C05 W->Y C00-C01,0.00024016600218601525,0.0,0.0003706239949679002,,1,7,4,0,0.8516364836066306,3.896645197549786,7,2,C00,5
u2_c06_seed00000032_xC04_tiered_nt2,u2_c06_seed00000032_xC04,tiered_unconfounded,fast_gate,6,2,measured,,,2,32,C04,Y,3,2,3,3,0.625,2,"C00,W",0.3333333333333333,1,0,1,0,3,True,1,ok,local_up_fast,mpdag_criterion,True,"Conjecture 2 (proved: Anti-Exchange Case B, THEOREMS.md section 4)",C00->Y C01->C02 C01->C05 C04->Y W->Y C00-C01 C00-C03 C01-C04,0.00016799999866634607,0.0,0.0002725830127019435,,1,3,3,0,0.8902218947611056,2.564487135913481,5,2,C00,5
u2_c06_seed00000032_xC04_tiered_nt3,u2_c06_seed00000032_xC04,tiered_unconfounded,fast_gate,6,2,measured,,,3,32,C04,Y,4,1,4,4,0.625,2,"C00,W",0.25,1,0,1,0,3,True,1,ok,local_up_fast,mpdag_criterion,True,"Conjecture 2 (proved: Anti-Exchange Case B, THEOREMS.md section 4)",C00->C03 C00->Y C01->C02 C01->C05 C04->Y W->Y C00-C01 C01-C04,0.0001593750057509169,0.0,0.0002531660138629377,,1,4,3,0,0.6178372844837458,2.275847888877387,6,3,C00,5
u2_c06_seed00000032_xC04_tiered_nt4,u2_c06_seed00000032_xC04,tiered_unconfounded,fast_gate,6,2,measured,,,4,32,C04,Y,5,0,5,5,0.625,2,"C00,W",0.0,0,0,2,0,3,True,2,ok,local_up_fast,mpdag_criterion,True,"Conjecture 2 (proved: Anti-Exchange Case B, THEOREMS.md section 4)",C00->C03 C00->Y C01->C02 C01->C05 C04->Y W->Y C00-C01 C01-C04,0.00034595899342093617,0.0,0.0004500009963521734,,3,13,6,0,0.7270067082669234,2.490702734442611,5,2,C00,5
u2_c06_seed00000033_xC05_tiered_nt2,u2_c06_seed00000033_xC05,tiered_unconfounded,fast_gate,6,2,measured,,,2,33,C05,Y,3,2,3,3,0.625,2,"C00,W",0.3333333333333333,1,0,1,0,3,True,1,ok,local_up_fast,mpdag_criterion,True,"Conjecture 2 (proved: Anti-Exchange Case B, THEOREMS.md section 4)",C00->Y C01->C03 C01->C04 C05->Y W->Y C00-C01 C01-C02 C01-C05,0.00015870800416450948,0.0,0.00027454100199975073,,1,3,2,0,0.7320826817088262,2.2391678145934977,6,3,C00,5
u2_c06_seed00000033_xC05_tiered_nt3,u2_c06_seed00000033_xC05,tiered_unconfounded,fast_gate,6,2,measured,,,3,33,C05,Y,4,1,4,4,0.625,2,"C00,W",0.25,1,0,1,0,3,True,1,ok,local_up_fast,mpdag_criterion,True,"Conjecture 2 (proved: Anti-Exchange Case B, THEOREMS.md section 4)",C00->Y C01->C02 C01->C03 C01->C04 C05->Y W->Y C00-C01 C01-C05,0.00013995799235999584,0.0,0.00024608298554085195,,1,4,2,0,0.792102598833976,2.520643270321663,6,3,C00,5
u2_c06_seed00000033_xC05_tiered_nt4,u2_c06_seed00000033_xC05,tiered_unconfounded,fast_gate,6,2,measured,,,4,33,C05,Y,4,0,5,5,0.625,2,"C00,W",0.0,0,0,2,0,3,True,2,ok,local_up_fast,mpdag_criterion,True,"Conjecture 2 (proved: Anti-Exchange Case B, THEOREMS.md section 4)",C00->Y C01->C02 C01->C03 C01->C04 C05->Y W->Y C00-C01 C01-C05,0.00022079200425650924,0.0,0.0003173340082867071,,2,9,3,0,0.7833187763944375,3.375536596785239,5,1,C00,5
u2_c06_seed00000034_xC04_tiered_nt2,u2_c06_seed00000034_xC04,tiered_unconfounded,fast_gate,6,2,measured,,,2,34,C04,Y,4,2,4,4,0.6666666666666666,2,"C00,W",0.25,1,0,1,0,3,True,1,ok,local_up_fast,mpdag_criterion,True,"Conjecture 2 (proved: Anti-Exchange Case B, THEOREMS.md section 4)",C00->C03 C00->Y C01->C03 C01->C05 C04->Y W->Y C00-C01 C00-C02 C02-C04,0.00018562500190455467,0.0,0.0003165419911965728,,1,4,2,0,0.9090215579118652,3.4990209787666333,5,1,C00,5
u2_c06_seed00000034_xC04_tiered_nt3,u2_c06_seed00000034_xC04,tiered_unconfounded,fast_gate,6,2,measured,,,3,34,C04,Y,4,1,5,5,0.6666666666666666,2,"C00,W",0.25,1,0,1,0,3,True,2,ok,local_up_fast,mpdag_criterion,True,"Conjecture 2 (proved: Anti-Exchange Case B, THEOREMS.md section 4)",C00->C03 C00->Y C01->C03 C01->C05 C04->Y W->Y C00-C01 C00-C02 C02-C04,0.0007819579914212227,0.0,0.0008797909831628203,,5,21,12,0,0.9581822896118366,4.801331935617393,6,1,C00,5
u2_c06_seed00000034_xC04_tiered_nt4,u2_c06_seed00000034_xC04,tiered_unconfounded,fast_gate,6,2,measured,,,4,34,C04,Y,6,0,6,6,0.6666666666666666,2,"C00,W",0.0,0,0,2,0,3,True,2,ok,local_up_fast,mpdag_criterion,True,"Conjecture 2 (proved: Anti-Exchange Case B, THEOREMS.md section 4)",C00->C01 C00->C03 C00->Y C01->C03 C01->C05 C04->Y W->Y C00-C02 C02-C04,0.00045879100798629224,0.0,0.0005661660106852651,,3,16,8,0,0.7463167376819468,3.4438299956032012,6,2,C00,5
u2_c06_seed00000035_xC01_tiered_nt4,u2_c06_seed00000035_xC01,tiered_unconfounded,fast_gate,6,1,measured,,,4,35,C01,Y,6,0,6,6,0.6666666666666666,2,"C00,W",0.16666666666666666,1,0,1,0,3,True,1,ok,local_up_fast,mpdag_criterion,True,"Conjecture 2 (proved: Anti-Exchange Case B, THEOREMS.md section 4)",C00->C02 C00->C04 C00->Y C01->C03 C01->Y C02->C04 C02->C05 W->Y C00-C01,0.00020116599625907838,0.0,0.00030508299823850393,,1,6,4,0,0.5231608598151288,2.6312369090916565,7,3,C00,5
u2_c06_seed00000036_xC05_tiered_nt2,u2_c06_seed00000036_xC05,tiered_unconfounded,fast_gate,6,2,measured,,,2,36,C05,Y,2,2,3,3,0.625,2,"C00,W",0.5,1,0,1,0,2,True,1,ok,local_up_fast,mpdag_criterion,True,"Conjecture 2 (proved: Anti-Exchange Case B, THEOREMS.md section 4)",C00->C03 C00->Y C03->C04 C05->Y W->Y C00-C01 C00-C02 C02-C05,0.00015900000289548188,0.0,0.0002758329937933013,,1,3,2,0,0.8183842897749649,3.4699087164727267,5,1,C00,5
u2_c06_seed00000036_xC05_tiered_nt3,u2_c06_seed00000036_xC05,tiered_unconfounded,fast_gate,6,2,measured,,,3,36,C05,Y,3,1,4,4,0.625,2,"C00,W",0.0,0,0,2,0,3,True,2,ok,local_up_fast,mpdag_criterion,True,"Conjecture 2 (proved: Anti-Exchange Case B, THEOREMS.md section 4)",C00->C03 C00->Y C03->C04 C05->Y W->Y C00-C01 C00-C02 C02-C05,0.000621457991655916,0.0,0.0007822909828973934,,3,10,6,0,0.9630070819681714,3.861506765444116,6,2,C00,5
u2_c06_seed00000036_xC05_tiered_nt4,u2_c06_seed00000036_xC05,tiered_unconfounded,fast_gate,6,2,measured,,,4,36,C05,Y,4,0,5,5,0.625,2,"C00,W",0.0,0,0,2,0,3,True,2,ok,local_up_fast,mpdag_criterion,True,"Conjecture 2 (proved: Anti-Exchange Case B, THEOREMS.md section 4)",C00->C01 C00->C03 C00->Y C03->C04 C05->Y W->Y C00-C02 C02-C05,0.0006644579989369959,0.0,0.0008255829889094457,,3,13,8,0,0.5292130181172926,2.744179648389228,6,2,C00,5
u2_c06_seed00000037_xC02_tiered_nt3,u2_c06_seed00000037_xC02,tiered_unconfounded,fast_gate,6,1,measured,,,3,37,C02,Y,4,2,4,4,0.6666666666666666,2,"C00,W",0.25,1,0,1,0,3,True,1,ok,local_up_fast,mpdag_criterion,True,"Conjecture 2 (proved: Anti-Exchange Case B, THEOREMS.md section 4)",C00->C03 C00->Y C02->Y C03->C04 C03->C05 W->Y C00-C01 C00-C02 C02-C03,0.0004571669996948913,0.0,0.000610458999290131,,1,4,3,0,0.46731186459509766,2.4404727948170457,7,3,C00,2
u2_c06_seed00000037_xC02_tiered_nt4,u2_c06_seed00000037_xC02,tiered_unconfounded,fast_gate,6,1,measured,,,4,37,C02,Y,6,0,6,6,0.6666666666666666,2,"C00,W",0.16666666666666666,1,0,1,0,3,True,1,ok,local_up_fast,mpdag_criterion,True,"Conjecture 2 (proved: Anti-Exchange Case B, THEOREMS.md section 4)",C00->C01 C00->C03 C00->Y C02->C03 C02->Y C03->C04 C03->C05 W->Y C00-C02,0.00020187499467283487,0.0,0.00026233399694319814,,1,6,3,0,0.2522237401335762,2.102342298628551,6,2,C00,2
u2_c06_seed00000038_xC03_tiered_nt2,u2_c06_seed00000038_xC03,tiered_unconfounded,fast_gate,6,2,measured,,,2,38,C03,Y,3,4,3,3,0.7,2,"C00,W",0.3333333333333333,1,0,1,0,3,True,1,ok,local_up_fast,mpdag_criterion,True,"Conjecture 2 (proved: Anti-Exchange Case B, THEOREMS.md section 4)",C00->Y C01->C04 C01->C05 C03->Y W->Y C00-C01 C00-C02 C01-C02 C01-C03 C03-C05,0.00037404098839033395,0.0,0.0005036659858888015,,1,3,4,0,0.6614061218451045,2.794223300531951,6,2,C00,5
u2_c06_seed00000038_xC03_tiered_nt3,u2_c06_seed00000038_xC03,tiered_unconfounded,fast_gate,6,2,measured,,,3,38,C03,Y,6,1,6,6,0.7,2,"C00,W",0.16666666666666666,1,0,1,0,3,True,1,ok,local_up_fast,mpdag_criterion,True,"Conjecture 2 (proved: Anti-Exchange Case B, THEOREMS.md section 4)",C00->C02 C00->Y C01->C02 C01->C04 C01->C05 C03->C05 C03->Y W->Y C00-C01 C01-C03,0.0002597499988041818,0.0,0.000366291991667822,,1,6,4,0,0.4924316569737705,3.6013982125601696,8,3,C00,5
u2_c06_seed00000038_xC03_tiered_nt4,u2_c06_seed00000038_xC03,tiered_unconfounded,fast_gate,6,2,measured,,,4,38,C03,Y,6,1,6,6,0.7,2,"C00,W",0.0,0,0,2,0,3,True,2,ok,local_up_fast,mpdag_criterion,True,"Conjecture 2 (proved: Anti-Exchange Case B, THEOREMS.md section 4)",C00->C02 C00->Y C01->C04 C01->C05 C03->C05 C03->Y W->Y C00-C01 C01-C02 C01-C03,0.000932041002670303,0.0,0.0010347499919589609,,4,21,9,0,0.928601500697034,5.549511052893753,7,1,C00,5
u2_c06_seed00000039_xC05_tiered_nt2,u2_c06_seed00000039_xC05,tiered_unconfounded,fast_gate,6,2,measured,,,2,39,C05,Y,4,3,4,4,0.7,2,"C00,W",0.25,1,0,1,0,3,True,1,ok,local_up_fast,mpdag_criterion,True,"Conjecture 2 (proved: Anti-Exchange Case B, THEOREMS.md section 4)",C00->C03 C00->Y C01->C03 C01->C04 C05->Y W->Y C00-C01 C01-C02 C01-C05 C04-C05,0.0002328749978914857,0.0,0.0003607499966165051,,1,4,2,0,0.6255954406761829,3.2630592738280035,6,1,C00,5
u2_c06_seed00000039_xC05_tiered_nt3,u2_c06_seed00000039_xC05,tiered_unconfounded,fast_gate,6,2,measured,,,3,39,C05,Y,6,1,6,6,0.7,2,"C00,W",0.0,0,0,2,0,3,True,2,ok,local_up_fast,mpdag_criterion,True,"Conjecture 2 (proved: Anti-Exchange Case B, THEOREMS.md section 4)",C00->C03 C00->Y C01->C02 C01->C03 C01->C04 C05->Y W->Y C00-C01 C01-C05 C04-C05,0.0005607909988611937,0.0,0.0006657910125795752,,2,11,7,0,0.33953772542049593,2.8207923000710164,8,3,C00,5
u2_c06_seed00000039_xC05_tiered_nt4,u2_c06_seed00000039_xC05,tiered_unconfounded,fast_gate,6,2,measured,,,4,39,C05,Y,6,0,7,7,0.7,2,"C00,W",0.0,0,0,3,0,3,True,3,ok,local_up_fast,mpdag_criterion,True,"Conjecture 2 (proved: Anti-Exchange Case B, THEOREMS.md section 4)",C00->C03 C00->Y C01->C02 C01->C03 C01->C04 C05->Y W->Y C00-C01 C01-C05 C04-C05,0.0010795830021379516,0.0,0.001180416002171114,,6,35,14,0,0.5634645976881079,4.147818226753656,7,1,C00,5
u2_c06_seed00000040_xC04_tiered_nt3,u2_c06_seed00000040_xC04,tiered_unconfounded,fast_gate,6,1,measured,,,3,40,C04,Y,4,1,4,4,0.625,2,"C00,W",0.25,1,0,1,0,3,True,1,ok,local_up_fast,mpdag_criterion,True,"Conjecture 2 (proved: Anti-Exchange Case B, THEOREMS.md section 4)",C00->C05 C00->Y C01->C02 C02->C03 C04->Y W->Y C00-C01 C00-C04,0.00018220800848212093,0.0,0.00028679100796580315,,1,4,4,0,0.26536481351631735,1.7657853383294004,5,2,C00,5
u2_c06_seed00000041_xC05_tiered_nt2,u2_c06_seed00000041_xC05,tiered_unconfounded,fast_gate,6,3,measured,,,2,41,C05,Y,3,2,4,4,0.6666666666666666,2,"C00,W",0.3333333333333333,1,0,1,0,3,True,2,ok,local_up_fast,mpdag_criterion,True,"Conjecture 2 (proved: Anti-Exchange Case B, THEOREMS.md section 4)",C00->Y C01->C03 C02->C03 C05->Y W->Y C00-C01 C01-C02 C01-C04 C04-C05,0.0005108339973958209,0.0,0.0006534179847221822,,3,10,7,0,0.9353565793678076,4.738734048365184,6,1,C00,5
u2_c06_seed00000041_xC05_tiered_nt3,u2_c06_seed00000041_xC05,tiered_unconfounded,fast_gate,6,3,measured,,,3,41,C05,Y,4,2,4,4,0.6666666666666666,2,"C00,W",0.0,0,0,2,0,3,True,2,ok,local_up_fast,mpdag_criterion,True,"Conjecture 2 (proved: Anti-Exchange Case B, THEOREMS.md section 4)",C00->Y C01->C02 C01->C03 C05->Y W->Y C00-C01 C01-C04 C02-C03 C04-C05,0.00032387500687036663,0.0,0.0004344580083852634,,2,7,5,0,0.9515006133506004,3.842319968859294,7,3,C00,5
u2_c06_seed00000042_xC05_tiered_nt2,u2_c06_seed00000042_xC05,tiered_unconfounded,fast_gate,6,2,measured,,,2,42,C05,Y,4,2,4,4,0.6666666666666666,2,"C00,W",0.25,1,0,1,0,3,True,1,ok,local_up_fast,mpdag_criterion,True,"Conjecture 2 (proved: Anti-Exchange Case B, THEOREMS.md section 4)",C00->C04 C00->Y C02->C03 C02->C04 C05->Y W->Y C00-C01 C00-C02 C02-C05,0.00017637500423006713,0.0,0.0003157909959554672,,1,4,2,0,0.915954139662604,3.4920502677392897,5,1,C00,5
u2_c06_seed00000042_xC05_tiered_nt3,u2_c06_seed00000042_xC05,tiered_unconfounded,fast_gate,6,2,measured,,,3,42,C05,Y,3,2,4,4,0.6666666666666666,2,"C00,W",0.0,0,0,2,0,3,True,2,ok,local_up_fast,mpdag_criterion,True,"Conjecture 2 (proved: Anti-Exchange Case B, THEOREMS.md section 4)",C00->C04 C00->Y C02->C03 C05->Y W->Y C00-C01 C00-C02 C02-C04 C02-C05,0.0004270000063115731,0.0,0.000524500006577,,3,10,5,0,0.9392153769401574,4.68107585751426,7,2,C00,5
u2_c06_seed00000045_xC03_tiered_nt2,u2_c06_seed00000045_xC03,tiered_unconfounded,fast_gate,6,2,measured,,,2,45,C03,Y,2,2,3,3,0.625,2,"C00,W",0.5,1,0,1,0,2,True,1,ok,local_up_fast,mpdag_criterion,True,"Conjecture 2 (proved: Anti-Exchange Case B, THEOREMS.md section 4)",C00->Y C02->C04 C03->Y C04->C05 W->Y C00-C01 C01-C02 C01-C03,0.00019387499196454883,0.0,0.0003163339861202985,,1,3,3,0,0.7580677005406861,2.292341608392314,5,2,C00,5
u2_c06_seed00000045_xC03_tiered_nt3,u2_c06_seed00000045_xC03,tiered_unconfounded,fast_gate,6,2,measured,,,3,45,C03,Y,3,1,4,4,0.625,2,"C00,W",0.3333333333333333,1,0,1,0,3,True,1,ok,local_up_fast,mpdag_criterion,True,"Conjecture 2 (proved: Anti-Exchange Case B, THEOREMS.md section 4)",C00->Y C01->C02 C02->C04 C03->Y C04->C05 W->Y C00-C01 C01-C03,0.00031904100615065545,0.0,0.0004468320112209767,,1,4,2,0,0.8698526760327004,3.52200173243003,6,2,C00,5
u2_c06_seed00000047_xC05_tiered_nt2,u2_c06_seed00000047_xC05,tiered_unconfounded,fast_gate,6,1,measured,,,2,47,C05,Y,3,2,3,3,0.625,2,"C00,W",0.3333333333333333,1,0,1,0,3,True,1,ok,local_up_fast,mpdag_criterion,True,"Conjecture 2 (proved: Anti-Exchange Case B, THEOREMS.md section 4)",C00->C04 C00->Y C02->C03 C05->Y W->Y C00-C01 C00-C02 C00-C05,0.00018029200145974755,0.0,0.0003034170076716691,,1,3,3,0,0.7212368307498117,2.2124204893919206,5,2,C00,5
u2_c06_seed00000047_xC05_tiered_nt3,u2_c06_seed00000047_xC05,tiered_unconfounded,fast_gate,6,1,measured,,,3,47,C05,Y,4,1,4,4,0.625,2,"C00,W",0.25,1,0,1,0,3,True,1,ok,local_up_fast,mpdag_criterion,True,"Conjecture 2 (proved: Anti-Exchange Case B, THEOREMS.md section 4)",C00->C02 C00->C04 C00->Y C02->C03 C05->Y W->Y C00-C01 C00-C05,0.00013608300650957972,0.0,0.00022245800937525928,,1,4,2,0,0.8438660651033224,2.555028937478237,6,3,C00,5
u2_c06_seed00000048_xC04_tiered_nt2,u2_c06_seed00000048_xC04,tiered_unconfounded,fast_gate,6,1,measured,,,2,48,C04,Y,2,2,3,3,0.625,2,"C00,W",0.5,1,0,1,0,2,True,1,ok,local_up_fast,mpdag_criterion,True,"Conjecture 2 (proved: Anti-Exchange Case B, THEOREMS.md section 4)",C00->Y C01->C03 C03->C05 C04->Y W->Y C00-C01 C00-C02 C00-C04,0.00028904200007673353,0.0,0.0004427499952726066,,1,3,3,0,0.7604141080504939,2.3014938543629397,5,2,C00,5
u2_c06_seed00000048_xC04_tiered_nt3,u2_c06_seed00000048_xC04,tiered_unconfounded,fast_gate,6,1,measured,,,3,48,C04,Y,4,1,4,4,0.625,2,"C00,W",0.25,1,0,1,0,3,True,1,ok,local_up_fast,mpdag_criterion,True,"Conjecture 2 (proved: Anti-Exchange Case B, THEOREMS.md section 4)",C00->C02 C00->Y C01->C03 C03->C05 C04->Y W->Y C00-C01 C00-C04,0.00016362500900868326,0.0,0.0002555000100983307,,1,4,3,0,0.617362866528168,2.2754014820906088,5,2,C00,5
u2_c06_seed00000049_xC03_tiered_nt2,u2_c06_seed00000049_xC03,tiered_unconfounded,fast_gate,6,2,measured,,,2,49,C03,Y,3,3,3,3,0.6666666666666666,2,"C00,W",0.3333333333333333,1,0,1,0,3,True,1,ok,local_up_fast,mpdag_criterion,True,"Conjecture 2 (proved: Anti-Exchange Case B, THEOREMS.md section 4)",C00->Y C01->C05 C02->C04 C03->Y W->Y C00-C01 C00-C02 C01-C03 C03-C05,0.00033416699443478137,0.0,0.0004644169966923073,,1,3,4,0,0.6802135730391903,2.2209084945791906,6,3,C00,5
u2_c06_seed00000049_xC03_tiered_nt3,u2_c06_seed00000049_xC03,tiered_unconfounded,fast_gate,6,2,measured,,,3,49,C03,Y,4,1,5,5,0.6666666666666666,2,"C00,W",0.25,1,0,1,0,3,True,1,ok,local_up_fast,mpdag_criterion,True,"Conjecture 2 (proved: Anti-Exchange Case B, THEOREMS.md section 4)",C00->C02 C00->Y C01->C05 C02->C04 C03->C05 C03->Y W->Y C00-C01 C01-C03,0.00020108299213461578,0.0,0.00029395798628684133,,1,5,3,0,0.8823834205152755,3.5471946467867386,6,2,C00,5
u2_c06_seed00000050_xC04_tiered_nt2,u2_c06_seed00000050_xC04,tiered_unconfounded,fast_gate,6,1,measured,,,2,50,C04,Y,3,2,4,4,0.6666666666666666,2,"C00,W",0.3333333333333333,1,0,1,0,3,True,1,ok,local_up_fast,mpdag_criterion,True,"Conjecture 2 (proved: Anti-Exchange Case B, THEOREMS.md section 4)",C00->Y C01->C04 C02->C03 C04->C05 C04->Y W->Y C00-C01 C00-C04 C01-C02,0.0004903749941149727,0.0,0.0005452079931274056,,1,4,4,0,0.1927871711072007,1.1456199518851422,6,1,C00,5
u2_c06_seed00000051_xC05_tiered_nt2,u2_c06_seed00000051_xC05,tiered_unconfounded,fast_gate,6,1,measured,,,2,51,C05,Y,5,2,5,5,0.7,2,"C00,W",0.2,1,0,1,0,3,True,1,ok,local_up_fast,mpdag_criterion,True,"Conjecture 2 (proved: Anti-Exchange Case B, THEOREMS.md section 4)",C00->C03 C00->Y C01->C04 C01->C05 C02->C03 C05->Y W->Y C00-C01 C00-C02 C00-C05,0.0003243750106776133,0.0,0.00042800001392606646,,1,5,5,0,0.44875468865455603,2.6320194846856912,5,0,C00,5
u2_c06_seed00000053_xC04_tiered_nt2,u2_c06_seed00000053_xC04,tiered_unconfounded,fast_gate,6,2,measured,,,2,53,C04,Y,2,3,3,3,0.6666666666666666,2,"C00,W",0.5,1,0,1,0,2,True,1,ok,local_up_fast,mpdag_criterion,True,"Conjecture 2 (proved: Anti-Exchange Case B, THEOREMS.md section 4)",C00->Y C01->C02 C04->C05 C04->Y W->Y C00-C01 C00-C03 C01-C04 C02-C04,0.0002333330048713833,0.0,0.0003317910013720393,,1,3,2,0,0.7007918628803999,2.1149712049516385,6,2,C00,4
u2_c06_seed00000055_xC03_tiered_nt2,u2_c06_seed00000055_xC03,tiered_unconfounded,fast_gate,6,2,measured,,,2,55,C03,Y,3,2,4,4,0.6666666666666666,2,"C00,W",0.3333333333333333,1,0,1,0,3,True,1,ok,local_up_fast,mpdag_criterion,True,"Conjecture 2 (proved: Anti-Exchange Case B, THEOREMS.md section 4)",C00->Y C01->C05 C02->C03 C03->C04 C03->Y W->Y C00-C01 C01-C02 C01-C03,0.000299541003187187,0.0,0.0003986240044469014,,1,4,4,0,0.44195187943965664,1.8605009539429747,6,1,C00,4
u2_c06_seed00000057_xC03_tiered_nt2,u2_c06_seed00000057_xC03,tiered_unconfounded,fast_gate,6,2,measured,,,2,57,C03,Y,3,2,4,4,0.6666666666666666,2,"C00,W",0.3333333333333333,1,0,1,0,3,True,1,ok,local_up_fast,mpdag_criterion,True,"Conjecture 2 (proved: Anti-Exchange Case B, THEOREMS.md section 4)",C00->C05 C00->Y C01->C05 C03->C04 C03->Y W->Y C00-C01 C00-C02 C02-C03,0.00019725000311154872,0.0,0.00030425000295508653,,1,4,2,0,0.6266779507742729,2.626687225388353,6,2,C00,5
u2_c06_seed00000059_xC05_tiered_nt2,u2_c06_seed00000059_xC05,tiered_unconfounded,fast_gate,6,1,measured,,,2,59,C05,Y,5,2,6,6,0.7272727272727273,2,"C00,W",0.0,0,0,2,0,3,True,3,ok,local_up_fast,mpdag_criterion,True,"Conjecture 2 (proved: Anti-Exchange Case B, THEOREMS.md section 4)",C00->C04 C00->Y C01->C03 C02->C03 C05->Y W->Y C00-C01 C00-C05 C01-C02 C01-C04 C04-C05,0.002368125002249144,0.0,0.002534291008487344,,9,42,18,0,0.9318345243479673,5.60580264777397,6,0,C00,5
u2_c06_seed00000060_xC03_tiered_nt2,u2_c06_seed00000060_xC03,tiered_unconfounded,fast_gate,6,1,measured,,,2,60,C03,Y,2,3,4,4,0.7,2,"C00,W",0.5,1,0,1,0,2,True,1,ok,local_up_fast,mpdag_criterion,True,"Conjecture 2 (proved: Anti-Exchange Case B, THEOREMS.md section 4)",C00->Y C02->C03 C03->C04 C03->Y C04->C05 W->Y C00-C01 C00-C02 C00-C03 C01-C02,0.0003460830048425123,0.0,0.000466583005618304,,1,4,3,0,0.44628718798931566,1.7963710048816433,7,2,C00,5
u2_c06_seed00000061_xC04_tiered_nt2,u2_c06_seed00000061_xC04,tiered_unconfounded,fast_gate,6,2,measured,,,2,61,C04,Y,2,2,3,3,0.625,2,"C00,W",0.5,1,0,1,0,2,True,1,ok,local_up_fast,mpdag_criterion,True,"Conjecture 2 (proved: Anti-Exchange Case B, THEOREMS.md section 4)",C00->Y C01->C03 C03->C05 C04->Y W->Y C00-C01 C00-C02 C02-C04,0.0001629170001251623,0.0,0.000272917008260265,,1,3,2,0,0.8566910769201224,2.5967106716096757,6,3,C00,5
u2_c06_seed00000064_xC05_tiered_nt2,u2_c06_seed00000064_xC05,tiered_unconfounded,fast_gate,6,2,measured,,,2,64,C05,Y,3,4,3,3,0.7,2,"C00,W",0.3333333333333333,1,0,1,0,3,True,1,ok,local_up_fast,mpdag_criterion,True,"Conjecture 2 (proved: Anti-Exchange Case B, THEOREMS.md section 4)",C00->Y C01->C02 C01->C03 C05->Y W->Y C00-C01 C00-C04 C01-C05 C02-C03 C02-C05,0.0002840410015778616,0.0,0.00043379100679885596,,1,3,2,0,0.7874156673489036,3.293243802944517,7,3,C00,5
u2_c06_seed00000066_xC03_tiered_nt2,u2_c06_seed00000066_xC03,tiered_unconfounded,fast_gate,6,2,measured,,,2,66,C03,Y,3,2,4,4,0.6666666666666666,2,"C00,W",0.3333333333333333,1,0,1,0,3,True,1,ok,local_up_fast,mpdag_criterion,True,"Conjecture 2 (proved: Anti-Exchange Case B, THEOREMS.md section 4)",C00->Y C02->C03 C02->C04 C03->C05 C03->Y W->Y C00-C01 C01-C02 C01-C03,0.00028812499658670276,0.0,0.0003640409850049764,,1,4,4,0,0.41072137424966637,1.782425290530512,6,1,C00,4
u2_c06_seed00000067_xC05_tiered_nt2,u2_c06_seed00000067_xC05,tiered_unconfounded,fast_gate,6,2,measured,,,2,67,C05,Y,3,3,3,3,0.6666666666666666,2,"C00,W",0.3333333333333333,1,0,1,0,3,True,1,ok,local_up_fast,mpdag_criterion,True,"Conjecture 2 (proved: Anti-Exchange Case B, THEOREMS.md section 4)",C00->Y C01->C03 C02->C04 C05->Y W->Y C00-C01 C00-C02 C01-C02 C01-C05,0.00019299999985378236,0.0,0.0003140829940093681,,1,3,3,0,0.7739646506305731,2.3152870707219275,5,2,C00,5
u2_c08_seed00000000_xC04_tiered_nt4,u2_c08_seed00000000_xC04,tiered_unconfounded,fast_gate,8,1,measured,,,4,0,C04,Y,7,1,8,8,0.75,2,"C00,W",0.14285714285714285,1,0,1,0,3,True,1,ok,local_up_fast,mpdag_criterion,True,"Conjecture 2 (proved: Anti-Exchange Case B, THEOREMS.md section 4)",C00->C02 C00->C03 C00->Y C01->C02 C01->C03 C03->C05 C04->C07 C04->Y C05->C06 W->Y C00-C01 C00-C04,0.0016390829987358302,0.0,0.001834082999266684,,1,8,4,0,0.8312148940384233,3.4857509754043625,9,5,C00,4
u2_c08_seed00000002_xC05_tiered_nt3,u2_c08_seed00000002_xC05,tiered_unconfounded,fast_gate,8,1,measured,,,3,2,C05,Y,8,2,8,8,0.7692307692307693,2,"C00,W",0.125,1,0,1,0,3,True,1,ok,local_up_fast,mpdag_criterion,True,"Conjecture 2 (proved: Anti-Exchange Case B, THEOREMS.md section 4)",C00->C02 C00->C06 C00->C07 C00->Y C01->C02 C01->C04 C01->C07 C05->C06 C05->Y W->Y C00-C01 C00-C03 C00-C05,0.00046633300371468067,0.0,0.0007022080098977312,,1,8,7,0,0.9168596454618859,4.541716176029418,10,5,C00,7
u2_c08_seed00000002_xC05_tiered_nt4,u2_c08_seed00000002_xC05,tiered_unconfounded,fast_gate,8,1,measured,,,4,2,C05,Y,9,1,9,9,0.7692307692307693,2,"C00,W",0.1111111111111111,1,0,1,0,3,True,1,ok,local_up_fast,mpdag_criterion,True,"Conjecture 2 (proved: Anti-Exchange Case B, THEOREMS.md section 4)",C00->C02 C00->C03 C00->C06 C00->C07 C00->Y C01->C02 C01->C04 C01->C07 C05->C06 C05->Y W->Y C00-C01 C00-C05,0.00039945899334270507,0.0,0.0006144179933471605,,1,9,7,0,0.9764387249983276,4.674098253393796,10,5,C00,7
u2_c08_seed00000003_xC04_tiered_nt2,u2_c08_seed00000003_xC04,tiered_unconfounded,fast_gate,8,1,measured,,,2,3,C04,Y,6,4,7,7,0.7857142857142857,2,"C00,W",0.16666666666666666,1,0,1,0,3,True,1,ok,local_up_fast,mpdag_criterion,True,"Conjecture 2 (proved: Anti-Exchange Case B, THEOREMS.md section 4)",C00->C06 C00->Y C02->C05 C03->C04 C03->C06 C03->C07 C04->C07 C04->Y W->Y C00-C01 C00-C02 C00-C03 C00-C04 C01-C02,0.0006536660075653344,0.0,0.000951624009758234,,1,7,6,0,0.4884895232238639,3.526136827140778,8,2,C00,5
u2_c08_seed00000003_xC04_tiered_nt3,u2_c08_seed00000003_xC04,tiered_unconfounded,fast_gate,8,1,measured,,,3,3,C04,Y,9,2,9,9,0.7857142857142857,2,"C00,W",0.1111111111111111,1,0,1,0,3,True,1,ok,local_up_fast,mpdag_criterion,True,"Conjecture 2 (proved: Anti-Exchange Case B, THEOREMS.md section 4)",C00->C02 C00->C06 C00->Y C01->C02 C02->C05 C03->C04 C03->C06 C03->C07 C04->C07 C04->Y W->Y C00-C01 C00-C03 C00-C04,0.0005741250060964376,0.0,0.0007972920138854533,,1,9,6,0,0.6166121294575009,3.8137706579442554,9,4,C00,5
u2_c08_seed00000003_xC04_tiered_nt4,u2_c08_seed00000003_xC04,tiered_unconfounded,fast_gate,8,1,measured,,,4,3,C04,Y,10,1,10,10,0.7857142857142857,2,"C00,W",0.0,0,0,2,0,3,True,2,ok,local_up_fast,mpdag_criterion,True,"Conjecture 2 (proved: Anti-Exchange Case B, THEOREMS.md section 4)",C00->C02 C00->C03 C00->C06 C00->Y C01->C02 C02->C05 C03->C06 C03->C07 C04->C07 C04->Y W->Y C00-C01 C00-C04 C03-C04,0.0012512910034274682,0.0,0.00148337401333265,,3,28,13,0,0.5839887050724095,4.328107602102541,11,5,C00,5
u2_c08_seed00000004_xC07_tiered_nt2,u2_c08_seed00000004_xC07,tiered_unconfounded,fast_gate,8,5,measured,,,2,4,C07,Y,1,4,4,4,0.7272727272727273,2,"C00,W",1.0,1,0,1,0,1,True,3,ok,local_up_fast,mpdag_criterion,True,"Conjecture 2 (proved: Anti-Exchange Case B, THEOREMS.md section 4)",C00->Y C03->C06 C07->Y W->Y C00-C01 C00-C05 C01-C02 C02-C03 C03-C04 C04-C06 C04-C07,0.0007663750002393499,0.0,0.0009560409962432459,,4,11,6,0,0.9804107165125109,4.8352063908507015,8,3,C00,7
u2_c08_seed00000004_xC07_tiered_nt3,u2_c08_seed00000004_xC07,tiered_unconfounded,fast_gate,8,5,measured,,,3,4,C07,Y,4,2,6,6,0.7272727272727273,2,"C00,W",0.0,0,0,2,0,3,True,4,ok,e1_ladder,mpdag_criterion,True,"Conjecture 2 (proved: Anti-Exchange Case B, THEOREMS.md section 4)","(('C00', 'Y'), ('C03', 'C06'), ('C04', 'C06'), ('C07', 'Y'), ('W', 'Y'))",0.0012804160069208592,0.03235199999471661,0.03379741599201225,,7,27,7,0,0.9969265568284819,4.986053716151576,8,3,C00,7
u2_c08_seed00000004_xC07_tiered_nt4,u2_c08_seed00000004_xC07,tiered_unconfounded,fast_gate,8,5,measured,,,4,4,C07,Y,4,2,6,6,0.7272727272727273,2,"C00,W",0.0,0,0,3,0,3,True,4,ok,e1_ladder,mpdag_criterion,True,"Conjecture 2 (proved: Anti-Exchange Case B, THEOREMS.md section 4)","(('C00', 'C05'), ('C00', 'Y'), ('C03', 'C06'), ('C07', 'Y'), ('W', 'Y'))",0.0010847079975064844,0.023633832999621518,0.02488104099757038,,8,27,8,0,0.9994845360824742,4.997422680412371,8,3,C00,7
u2_c08_seed00000005_xC02_tiered_nt3,u2_c08_seed00000005_xC02,tiered_unconfounded,fast_gate,8,2,measured,,,3,5,C02,Y,6,2,7,7,0.75,2,"C00,W",0.16666666666666666,1,0,1,0,3,True,1,ok,local_up_fast,mpdag_criterion,True,"Conjecture 2 (proved: Anti-Exchange Case B, THEOREMS.md section 4)",C00->Y C01->C04 C01->C05 C01->C06 C02->C03 C02->C04 C02->C06 C02->Y W->Y C00-C01 C00-C07 C01-C02,0.0004161670076427981,0.0,0.0005770010029664263,,1,7,5,0,0.8744694264524462,4.213822214992691,9,4,C00,7
u2_c08_seed00000005_xC02_tiered_nt4,u2_c08_seed00000005_xC02,tiered_unconfounded,fast_gate,8,2,measured,,,4,5,C02,Y,8,1,8,8,0.75,2,"C00,W",0.125,1,0,1,0,3,True,1,ok,local_up_fast,mpdag_criterion,True,"Conjecture 2 (proved: Anti-Exchange Case B, THEOREMS.md section 4)",C00->C07 C00->Y C01->C04 C01->C05 C01->C06 C02->C03 C02->C04 C02->C06 C02->Y W->Y C00-C01 C01-C02,0.00037479199818335474,0.0,0.0005191249947529286,,1,8,5,0,0.26408360128617364,2.689752227951357,9,4,C00,7
u2_c08_seed00000006_xC04_tiered_nt2,u2_c08_seed00000006_xC04,tiered_unconfounded,fast_gate,8,2,measured,,,2,6,C04,Y,3,3,4,4,0.7,2,"C00,W",0.3333333333333333,1,0,1,0,3,True,1,ok,local_up_fast,mpdag_criterion,True,"Conjecture 2 (proved: Anti-Exchange Case B, THEOREMS.md section 4)",C00->Y C01->C05 C02->C06 C04->C07 C04->Y W->Y C00-C01 C00-C02 C01-C03 C02-C04,0.0002733750006882474,0.0,0.0004369169910205528,,1,4,3,0,0.5848016215108137,2.0374332911936506,8,5,C00,7
u2_c08_seed00000006_xC04_tiered_nt3,u2_c08_seed00000006_xC04,tiered_unconfounded,fast_gate,8,2,measured,,,3,6,C04,Y,5,2,5,5,0.7,2,"C00,W",0.2,1,0,1,0,3,True,1,ok,local_up_fast,mpdag_criterion,True,"Conjecture 2 (proved: Anti-Exchange Case B, THEOREMS.md section 4)",C00->Y C01->C03 C01->C05 C02->C06 C04->C07 C04->Y W->Y C00-C01 C00-C02 C02-C04,0.0002476660010870546,0.0,0.000390208006137982,,1,5,3,0,0.9695851255236008,2.7900413960810773,8,5,C00,7
u2_c08_seed00000006_xC04_tiered_nt4,u2_c08_seed00000006_xC04,tiered_unconfounded,fast_gate,8,2,measured,,,4,6,C04,Y,6,1,6,6,0.7,2,"C00,W",0.0,0,0,2,0,3,True,2,ok,local_up_fast,mpdag_criterion,True,"Conjecture 2 (proved: Anti-Exchange Case B, THEOREMS.md section 4)",C00->Y C01->C03 C01->C05 C02->C06 C04->C07 C04->Y W->Y C00-C01 C00-C02 C02-C04,0.000996709000901319,0.0,0.0011308760003885254,,4,21,9,0,0.9967581047381546,2.9739603181501115,7,4,C00,7
u2_c08_seed00000008_xC04_tiered_nt2,u2_c08_seed00000008_xC04,tiered_unconfounded,fast_gate,8,3,measured,,,2,8,C04,Y,4,4,4,4,0.7272727272727273,2,"C00,W",0.25,1,0,1,0,3,True,1,ok,local_up_fast,mpdag_criterion,True,"Conjecture 2 (proved: Anti-Exchange Case B, THEOREMS.md section 4)",C00->Y C03->C05 C03->C06 C03->C07 C04->Y W->Y C00-C01 C00-C03 C01-C02 C02-C04 C05-C07,0.0003505420027067885,0.0,0.0005561670113820583,,1,4,5,0,0.9452574449879878,2.6568703926006414,7,4,C00,7
u2_c08_seed00000008_xC04_tiered_nt3,u2_c08_seed00000008_xC04,tiered_unconfounded,fast_gate,8,3,measured,,,3,8,C04,Y,6,2,6,6,0.7272727272727273,2,"C00,W",0.0,0,0,2,0,3,True,2,ok,local_up_fast,mpdag_criterion,True,"Conjecture 2 (proved: Anti-Exchange Case B, THEOREMS.md section 4)",C00->Y C03->C05 C03->C06 C03->C07 C04->Y C05->C07 W->Y C00-C01 C00-C03 C01-C02 C02-C04,0.0012987919908482581,0.0,0.001477833982789889,,5,26,14,0,0.9963369963369964,3.967796092796093,9,5,C00,7
u2_c08_seed00000008_xC04_tiered_nt4,u2_c08_seed00000008_xC04,tiered_unconfounded,fast_gate,8,3,measured,,,4,8,C04,Y,7,1,7,7,0.7272727272727273,2,"C00,W",0.0,0,0,2,0,3,True,2,ok,local_up_fast,mpdag_criterion,True,"Conjecture 2 (proved: Anti-Exchange Case B, THEOREMS.md section 4)",C00->C03 C00->Y C03->C05 C03->C06 C03->C07 C04->Y C05->C07 W->Y C00-C01 C01-C02 C02-C04,0.000719749994459562,0.0,0.0009522499894956127,,3,19,7,0,0.9973360655737705,2.979085391159992,8,5,C00,7
u2_c08_seed00000010_xC05_tiered_nt2,u2_c08_seed00000010_xC05,tiered_unconfounded,fast_gate,8,1,measured,,,2,10,C05,Y,4,4,5,5,0.75,2,"C00,W",0.25,1,0,1,0,3,True,1,ok,local_up_fast,mpdag_criterion,True,"Conjecture 2 (proved: Anti-Exchange Case B, THEOREMS.md section 4)",C00->Y C01->C05 C02->C03 C02->C04 C04->C06 C05->Y W->Y C00-C01 C00-C02 C00-C05 C00-C07 C01-C02,0.0005674160056514665,0.0,0.0008137489930959418,,1,5,5,0,0.8026734950379677,4.01761179001131,8,3,C00,3
u2_c08_seed00000010_xC05_tiered_nt3,u2_c08_seed00000010_xC05,tiered_unconfounded,fast_gate,8,1,measured,,,3,10,C05,Y,5,2,7,7,0.75,2,"C00,W",0.2,1,0,1,0,3,True,1,ok,local_up_fast,mpdag_criterion,True,"Conjecture 2 (proved: Anti-Exchange Case B, THEOREMS.md section 4)",C00->C02 C00->Y C01->C02 C01->C05 C02->C03 C02->C04 C04->C06 C05->Y W->Y C00-C01 C00-C05 C00-C07,0.0004099159996258095,0.0,0.0006004579918226227,,1,7,4,0,0.8742396051838085,5.340935368895822,9,3,C00,3
u2_c08_seed00000010_xC05_tiered_nt4,u2_c08_seed00000010_xC05,tiered_unconfounded,fast_gate,8,1,measured,,,4,10,C05,Y,8,1,8,8,0.75,2,"C00,W",0.125,1,0,1,0,3,True,1,ok,local_up_fast,mpdag_criterion,True,"Conjecture 2 (proved: Anti-Exchange Case B, THEOREMS.md section 4)",C00->C02 C00->C07 C00->Y C01->C02 C01->C05 C02->C03 C02->C04 C04->C06 C05->Y W->Y C00-C01 C00-C05,0.000364125007763505,0.0,0.0005551660142373294,,1,8,5,0,0.9420973629943161,3.729277144059215,8,4,C00,3
u2_c08_seed00000011_xC07_tiered_nt2,u2_c08_seed00000011_xC07,tiered_unconfounded,fast_gate,8,1,measured,,,2,11,C07,Y,6,3,6,6,0.75,2,"C00,W",0.16666666666666666,1,0,1,0,3,True,1,ok,local_up_fast,mpdag_criterion,True,"Conjecture 2 (proved: Anti-Exchange Case B, THEOREMS.md section 4)",C00->C04 C00->C05 C00->C06 C00->Y C02->C04 C03->C06 C07->Y W->Y C00-C01 C00-C02 C00-C03 C00-C07,0.0003806669992627576,0.0,0.0006299579981714487,,1,6,4,0,0.8352756026066823,4.854503543143674,8,2,C00,7
u2_c08_seed00000011_xC07_tiered_nt3,u2_c08_seed00000011_xC07,tiered_unconfounded,fast_gate,8,1,measured,,,3,11,C07,Y,7,2,7,7,0.75,2,"C00,W",0.14285714285714285,1,0,1,0,3,True,1,ok,local_up_fast,mpdag_criterion,True,"Conjecture 2 (proved: Anti-Exchange Case B, THEOREMS.md section 4)",C00->C03 C00->C04 C00->C05 C00->C06 C00->Y C02->C04 C03->C06 C07->Y W->Y C00-C01 C00-C02 C00-C07,0.00039716699393466115,0.0,0.000599791994318366,,1,7,4,0,0.9077218386901611,4.434637819145615,10,5,C00,7
u2_c08_seed00000011_xC07_tiered_nt4,u2_c08_seed00000011_xC07,tiered_unconfounded,fast_gate,8,1,measured,,,4,11,C07,Y,8,1,8,8,0.75,2,"C00,W",0.125,1,0,1,0,3,True,1,ok,local_up_fast,mpdag_criterion,True,"Conjecture 2 (proved: Anti-Exchange Case B, THEOREMS.md section 4)",C00->C02 C00->C03 C00->C04 C00->C05 C00->C06 C00->Y C02->C04 C03->C06 C07->Y W->Y C00-C01 C00-C07,0.00040800000715535134,0.0,0.0006153750146040693,,1,8,4,0,0.9617729354346551,4.668624604416521,10,5,C00,7
u2_c08_seed00000012_xC04_tiered_nt4,u2_c08_seed00000012_xC04,tiered_unconfounded,fast_gate,8,1,measured,,,4,12,C04,Y,9,1,9,9,0.7692307692307693,2,"C00,W",0.1111111111111111,1,0,1,0,3,True,1,ok,local_up_fast,mpdag_criterion,True,"Conjecture 2 (proved: Anti-Exchange Case B, THEOREMS.md section 4)",C00->C03 C00->C05 C00->C06 C00->Y C01->C02 C01->C03 C04->C05 C04->C06 C04->Y C06->C07 W->Y C00-C01 C00-C04,0.00041479199717286974,0.0,0.0005969589983578771,,1,9,6,0,0.3501904080171797,3.56603626244932,9,4,C00,5
u2_c08_seed00000013_xC07_tiered_nt2,u2_c08_seed00000013_xC07,tiered_unconfounded,fast_gate,8,3,measured,,,2,13,C07,Y,3,4,5,5,0.75,2,"C00,W",0.3333333333333333,1,0,1,0,3,True,1,ok,local_up_fast,mpdag_criterion,True,"Conjecture 2 (proved: Anti-Exchange Case B, THEOREMS.md section 4)",C00->Y C02->C03 C02->C04 C03->C06 C04->C06 C07->Y W->Y C00-C01 C01-C02 C01-C05 C03-C04 C05-C07,0.000362291990313679,0.0,0.000623250991338864,,1,5,2,0,0.8009717110725625,4.27221763236564,8,3,C00,7
u2_c08_seed00000013_xC07_tiered_nt3,u2_c08_seed00000013_xC07,tiered_unconfounded,fast_gate,8,3,measured,,,3,13,C07,Y,5,2,7,7,0.75,2,"C00,W",0.2,1,0,1,0,3,True,2,ok,local_up_fast,mpdag_criterion,True,"Conjecture 2 (proved: Anti-Exchange Case B, THEOREMS.md section 4)",C00->Y C02->C03 C02->C04 C03->C04 C03->C06 C04->C06 C07->Y W->Y C00-C01 C01-C02 C01-C05 C05-C07,0.0021028330083936453,0.0,0.0023300830071093515,,4,25,10,0,0.9772765809980882,5.878951502551417,8,2,C00,7
u2_c08_seed00000013_xC07_tiered_nt4,u2_c08_seed00000013_xC07,tiered_unconfounded,fast_gate,8,3,measured,,,4,13,C07,Y,7,2,7,7,0.75,2,"C00,W",0.0,0,0,2,0,3,True,2,ok,local_up_fast,mpdag_criterion,True,"Conjecture 2 (proved: Anti-Exchange Case B, THEOREMS.md section 4)",C00->Y C01->C02 C02->C03 C02->C04 C03->C06 C04->C06 C07->Y W->Y C00-C01 C01-C05 C03-C04 C05-C07,0.0005470420001074672,0.0,0.0007390840037260205,,2,13,4,0,0.9631449456407376,4.794243679208407,8,3,C00,7
u2_c08_seed00000014_xC06_tiered_nt3,u2_c08_seed00000014_xC06,tiered_unconfounded,fast_gate,8,1,measured,,,3,14,C06,Y,4,2,5,5,0.7,2,"C00,W",0.25,1,0,1,0,3,True,1,ok,local_up_fast,mpdag_criterion,True,"Conjecture 2 (proved: Anti-Exchange Case B, THEOREMS.md section 4)",C00->Y C01->C04 C02->C03 C04->C05 C05->C07 C06->Y W->Y C00-C01 C00-C02 C00-C06,0.0002872500044759363,0.0,0.00046158301120158285,,1,5,4,0,0.8569512934323251,3.4906155808597807,7,3,C00,7
u2_c08_seed00000014_xC06_tiered_nt4,u2_c08_seed00000014_xC06,tiered_unconfounded,fast_gate,8,1,measured,,,4,14,C06,Y,5,1,6,6,0.7,2,"C00,W",0.2,1,0,1,0,3,True,1,ok,local_up_fast,mpdag_criterion,True,"Conjecture 2 (proved: Anti-Exchange Case B, THEOREMS.md section 4)",C00->C02 C00->Y C01->C04 C02->C03 C04->C05 C05->C07 C06->Y W->Y C00-C01 C00-C06,0.0002170830121031031,0.0,0.0003522080078255385,,1,6,3,0,0.8756692932714731,2.7093312853530835,7,4,C00,7
u2_c08_seed00000015_xC04_tiered_nt4,u2_c08_seed00000015_xC04,tiered_unconfounded,fast_gate,8,1,measured,,,4,15,C04,Y,7,1,7,7,0.7272727272727273,2,"C00,W",0.14285714285714285,1,0,1,0,3,True,1,ok,local_up_fast,mpdag_criterion,True,"Conjecture 2 (proved: Anti-Exchange Case B, THEOREMS.md section 4)",C00->C05 C00->Y C01->C02 C02->C03 C04->C05 C04->C06 C04->C07 C04->Y W->Y C00-C01 C00-C04,0.00029104200075380504,0.0,0.00043933400593232363,,1,7,4,0,0.26337897423996287,2.622848763519048,8,3,C00,7
u2_c08_seed00000018_xC02_tiered_nt3,u2_c08_seed00000018_xC02,tiered_unconfounded,fast_gate,8,2,measured,,,3,18,C02,Y,6,2,7,7,0.75,2,"C00,W",0.16666666666666666,1,0,1,0,3,True,1,ok,local_up_fast,mpdag_criterion,True,"Conjecture 2 (proved: Anti-Exchange Case B, THEOREMS.md section 4)",C00->C03 C00->Y C01->C03 C02->Y C03->C05 C03->C06 C03->C07 C05->C07 W->Y C00-C01 C00-C04 C01-C02,0.0003814170049736276,0.0,0.0006314170022960752,,1,7,4,0,0.912538575900909,5.487510142271732,9,3,C00,3
u2_c08_seed00000018_xC02_tiered_nt4,u2_c08_seed00000018_xC02,tiered_unconfounded,fast_gate,8,2,measured,,,4,18,C02,Y,6,1,8,8,0.75,2,"C00,W",0.16666666666666666,1,0,1,0,3,True,1,ok,local_up_fast,mpdag_criterion,True,"Conjecture 2 (proved: Anti-Exchange Case B, THEOREMS.md section 4)",C00->C03 C00->C04 C00->Y C01->C03 C02->Y C03->C05 C03->C06 C03->C07 C05->C07 W->Y C00-C01 C01-C02,0.00040241699025500566,0.0,0.0008038749947445467,,1,8,4,0,0.9313141671114273,5.578906697588463,9,3,C00,3
u2_c08_seed00000019_xC03_tiered_nt2,u2_c08_seed00000019_xC03,tiered_unconfounded,fast_gate,8,2,measured,,,2,19,C03,Y,4,4,4,4,0.7272727272727273,2,"C00,W",0.25,1,0,1,0,3,True,1,ok,local_up_fast,mpdag_criterion,True,"Conjecture 2 (proved: Anti-Exchange Case B, THEOREMS.md section 4)",C00->Y C01->C02 C03->Y C04->C06 C05->C07 W->Y C00-C01 C00-C04 C00-C05 C01-C03 C02-C03,0.00043575000017881393,0.0,0.0006226250116014853,,1,4,4,0,0.705098439740971,2.997501768082845,7,3,C00,7
u2_c08_seed00000019_xC03_tiered_nt3,u2_c08_seed00000019_xC03,tiered_unconfounded,fast_gate,8,2,measured,,,3,19,C03,Y,6,2,6,6,0.7272727272727273,2,"C00,W",0.0,0,0,2,0,3,True,2,ok,local_up_fast,mpdag_criterion,True,"Conjecture 2 (proved: Anti-Exchange Case B, THEOREMS.md section 4)",C00->C05 C00->Y C01->C02 C03->Y C04->C06 C05->C07 W->Y C00-C01 C00-C04 C01-C03 C02-C03,0.0009173330035991967,0.0,0.001066125012584962,,3,16,9,0,0.6845391609105982,3.0735704401215043,8,4,C00,7
u2_c08_seed00000019_xC03_tiered_nt4,u2_c08_seed00000019_xC03,tiered_unconfounded,fast_gate,8,2,measured,,,4,19,C03,Y,7,1,7,7,0.7272727272727273,2,"C00,W",0.0,0,0,2,0,3,True,2,ok,local_up_fast,mpdag_criterion,True,"Conjecture 2 (proved: Anti-Exchange Case B, THEOREMS.md section 4)",C00->C04 C00->C05 C00->Y C01->C02 C03->Y C04->C06 C05->C07 W->Y C00-C01 C01-C03 C02-C03,0.0004957499913871288,0.0,0.0006437499832827598,,2,13,6,0,0.8023529411764706,2.598554608229029,7,4,C00,7
u2_c08_seed00000020_xC07_tiered_nt2,u2_c08_seed00000020_xC07,tiered_unconfounded,fast_gate,8,1,measured,,,2,20,C07,Y,5,4,5,5,0.75,2,"C00,W",0.2,1,0,1,0,3,True,1,ok,local_up_fast,mpdag_criterion,True,"Conjecture 2 (proved: Anti-Exchange Case B, THEOREMS.md section 4)",C00->C03 C00->Y C01->C02 C01->C03 C01->C05 C07->Y W->Y C00-C01 C00-C04 C00-C06 C00-C07 C02-C05,0.00043158300104551017,0.0,0.0008385410037590191,,1,5,5,0,0.7633901763969859,3.817282555078934,8,3,C00,7
u2_c08_seed00000020_xC07_tiered_nt3,u2_c08_seed00000020_xC07,tiered_unconfounded,fast_gate,8,1,measured,,,3,20,C07,Y,7,2,7,7,0.75,2,"C00,W",0.14285714285714285,1,0,1,0,3,True,1,ok,local_up_fast,mpdag_criterion,True,"Conjecture 2 (proved: Anti-Exchange Case B, THEOREMS.md section 4)",C00->C03 C00->C06 C00->Y C01->C02 C01->C03 C01->C05 C02->C05 C07->Y W->Y C00-C01 C00-C04 C00-C07,0.00038249998760875314,0.0,0.0006161669880384579,,1,7,5,0,0.9452436399799818,4.562075008459956,9,4,C00,7
u2_c08_seed00000020_xC07_tiered_nt4,u2_c08_seed00000020_xC07,tiered_unconfounded,fast_gate,8,1,measured,,,4,20,C07,Y,8,1,8,8,0.75,2,"C00,W",0.125,1,0,1,0,3,True,1,ok,local_up_fast,mpdag_criterion,True,"Conjecture 2 (proved: Anti-Exchange Case B, THEOREMS.md section 4)",C00->C03 C00->C04 C00->C06 C00->Y C01->C02 C01->C03 C01->C05 C02->C05 C07->Y W->Y C00-C01 C00-C07,0.0002943330036941916,0.0,0.00048004100972320884,,1,8,5,0,0.9431022129750131,3.7327086031930046,9,5,C00,7
u2_c08_seed00000021_xC07_tiered_nt2,u2_c08_seed00000021_xC07,tiered_unconfounded,fast_gate,8,3,measured,,,2,21,C07,Y,4,3,5,5,0.7272727272727273,2,"C00,W",0.25,1,0,1,0,3,True,2,ok,local_up_fast,mpdag_criterion,True,"Conjecture 2 (proved: Anti-Exchange Case B, THEOREMS.md section 4)",C00->C06 C00->Y C01->C06 C02->C03 C07->Y W->Y C00-C01 C00-C02 C00-C05 C01-C04 C04-C07,0.0010765839979285374,0.0,0.0012904589966638014,,4,17,11,0,0.970163883970564,4.823118010598991,7,2,C00,7
u2_c08_seed00000021_xC07_tiered_nt3,u2_c08_seed00000021_xC07,tiered_unconfounded,fast_gate,8,3,measured,,,3,21,C07,Y,6,2,6,6,0.7272727272727273,2,"C00,W",0.0,0,0,2,0,3,True,2,ok,local_up_fast,mpdag_criterion,True,"Conjecture 2 (proved: Anti-Exchange Case B, THEOREMS.md section 4)",C00->C05 C00->C06 C00->Y C01->C06 C02->C03 C07->Y W->Y C00-C01 C00-C02 C01-C04 C04-C07,0.000945958003285341,0.0,0.0011155410029459745,,4,21,14,0,0.9979082864038616,3.9722302809401713,7,3,C00,7
u2_c08_seed00000021_xC07_tiered_nt4,u2_c08_seed00000021_xC07,tiered_unconfounded,fast_gate,8,3,measured,,,4,21,C07,Y,7,1,7,7,0.7272727272727273,2,"C00,W",0.0,0,0,2,0,3,True,2,ok,local_up_fast,mpdag_criterion,True,"Conjecture 2 (proved: Anti-Exchange Case B, THEOREMS.md section 4)",C00->C02 C00->C05 C00->C06 C00->Y C01->C06 C02->C03 C07->Y W->Y C00-C01 C01-C04 C04-C07,0.0006982500053709373,0.0,0.0008689580135978758,,3,19,11,0,0.9982642237222757,3.9812924653162503,8,4,C00,7
u2_c08_seed00000023_xC06_tiered_nt2,u2_c08_seed00000023_xC06,tiered_unconfounded,fast_gate,8,1,measured,,,2,23,C06,Y,6,3,6,6,0.75,2,"C00,W",0.16666666666666666,1,0,1,0,3,True,1,ok,local_up_fast,mpdag_criterion,True,"Conjecture 2 (proved: Anti-Exchange Case B, THEOREMS.md section 4)",C00->C03 C00->C07 C00->Y C02->C03 C02->C04 C02->C06 C06->Y W->Y C00-C01 C00-C02 C00-C05 C00-C06,0.0005288749962346628,0.0,0.0007767500064801425,,1,6,6,0,0.5975438447103959,3.380811968187038,8,3,C00,7
u2_c08_seed00000023_xC06_tiered_nt3,u2_c08_seed00000023_xC06,tiered_unconfounded,fast_gate,8,1,measured,,,3,23,C06,Y,7,2,7,7,0.75,2,"C00,W",0.14285714285714285,1,0,1,0,3,True,1,ok,local_up_fast,mpdag_criterion,True,"Conjecture 2 (proved: Anti-Exchange Case B, THEOREMS.md section 4)",C00->C03 C00->C05 C00->C07 C00->Y C02->C03 C02->C04 C02->C06 C06->Y W->Y C00-C01 C00-C02 C00-C06,0.0004240409907652065,0.0,0.0006122909835539758,,1,7,6,0,0.9346108777044974,4.518635934483957,9,4,C00,7
u2_c08_seed00000023_xC06_tiered_nt4,u2_c08_seed00000023_xC06,tiered_unconfounded,fast_gate,8,1,measured,,,4,23,C06,Y,8,1,8,8,0.75,2,"C00,W",0.0,0,0,2,0,3,True,2,ok,local_up_fast,mpdag_criterion,True,"Conjecture 2 (proved: Anti-Exchange Case B, THEOREMS.md section 4)",C00->C02 C00->C03 C00->C05 C00->C07 C00->Y C02->C03 C02->C04 C06->Y W->Y C00-C01 C00-C06 C02-C06,0.0006755419890396297,0.0,0.0008625009941169992,,2,15,9,0,0.5427490542244641,3.3287250127840116,10,5,C00,7
u2_c08_seed00000024_xC03_tiered_nt3,u2_c08_seed00000024_xC03,tiered_unconfounded,fast_gate,8,1,measured,,,3,24,C03,Y,5,2,6,6,0.7272727272727273,2,"C00,W",0.2,1,0,1,0,3,True,1,ok,local_up_fast,mpdag_criterion,True,"Conjecture 2 (proved: Anti-Exchange Case B, THEOREMS.md section 4)",C00->C04 C00->C06 C00->Y C02->C05 C03->C06 C03->Y C06->C07 W->Y C00-C01 C00-C02 C00-C03,0.00036966599873267114,0.0,0.0005477910017361864,,1,6,5,0,0.910969804496973,4.546331336908707,8,3,C00,5
u2_c08_seed00000024_xC03_tiered_nt4,u2_c08_seed00000024_xC03,tiered_unconfounded,fast_gate,8,1,measured,,,4,24,C03,Y,7,1,7,7,0.7272727272727273,2,"C00,W",0.14285714285714285,1,0,1,0,3,True,1,ok,local_up_fast,mpdag_criterion,True,"Conjecture 2 (proved: Anti-Exchange Case B, THEOREMS.md section 4)",C00->C02 C00->C04 C00->C06 C00->Y C02->C05 C03->C06 C03->Y C06->C07 W->Y C00-C01 C00-C03,0.00029041600646451116,0.0,0.0004295410180930048,,1,7,4,0,0.5638426627893285,3.168613859938256,8,4,C00,5
u2_c08_seed00000026_xC04_tiered_nt2,u2_c08_seed00000026_xC04,tiered_unconfounded,fast_gate,8,2,measured,,,2,26,C04,Y,5,5,6,6,0.7857142857142857,2,"C00,W",0.2,1,0,1,0,3,True,1,ok,local_up_fast,mpdag_criterion,True,"Conjecture 2 (proved: Anti-Exchange Case B, THEOREMS.md section 4)",C00->Y C01->C06 C02->C05 C03->C06 C03->C07 C04->Y C06->C07 W->Y C00-C01 C00-C02 C00-C03 C01-C02 C01-C03 C02-C04,0.0005751249991590157,0.0,0.0009516249992884696,,1,6,4,0,0.8651688848049541,5.251393519632006,9,3,C00,6
u2_c08_seed00000026_xC04_tiered_nt3,u2_c08_seed00000026_xC04,tiered_unconfounded,fast_gate,8,2,measured,,,3,26,C04,Y,7,3,8,8,0.7857142857142857,2,"C00,W",0.14285714285714285,1,0,1,0,3,True,1,ok,local_up_fast,mpdag_criterion,True,"Conjecture 2 (proved: Anti-Exchange Case B, THEOREMS.md section 4)",C00->C03 C00->Y C01->C03 C01->C06 C02->C05 C03->C06 C03->C07 C04->Y C06->C07 W->Y C00-C01 C00-C02 C01-C02 C02-C04,0.00044958299258723855,0.0,0.0007614989881403744,,1,8,3,0,0.9388794356664523,5.561501821535476,9,3,C00,6
u2_c08_seed00000026_xC04_tiered_nt4,u2_c08_seed00000026_xC04,tiered_unconfounded,fast_gate,8,2,measured,,,4,26,C04,Y,10,1,10,10,0.7857142857142857,2,"C00,W",0.0,0,0,3,0,3,True,3,ok,local_up_fast,mpdag_criterion,True,"Conjecture 2 (proved: Anti-Exchange Case B, THEOREMS.md section 4)",C00->C03 C00->Y C01->C03 C01->C06 C02->C05 C03->C06 C03->C07 C04->Y C06->C07 W->Y C00-C01 C00-C02 C01-C02 C02-C04,0.003662832998088561,0.0,0.0039716239989502355,,10,86,21,0,0.9666100314840952,4.659155870396507,10,5,C00,6
u2_c08_seed00000027_xC07_tiered_nt2,u2_c08_seed00000027_xC07,tiered_unconfounded,fast_gate,8,1,measured,,,2,27,C07,Y,5,5,5,5,0.7692307692307693,2,"C00,W",0.2,1,0,1,0,3,True,1,ok,local_up_fast,mpdag_criterion,True,"Conjecture 2 (proved: Anti-Exchange Case B, THEOREMS.md section 4)",C00->Y C01->C05 C02->C04 C02->C06 C03->C07 C07->Y W->Y C00-C01 C00-C02 C00-C03 C00-C07 C02-C03 C04-C06,0.0006454999966081232,0.0,0.0009158750035567209,,1,5,6,0,0.8152044958783902,4.098928846907901,7,2,C00,7
u2_c08_seed00000027_xC07_tiered_nt3,u2_c08_seed00000027_xC07,tiered_unconfounded,fast_gate,8,1,measured,,,3,27,C07,Y,8,2,8,8,0.7692307692307693,2,"C00,W",0.0,0,0,3,0,3,True,3,ok,local_up_fast,mpdag_criterion,True,"Conjecture 2 (proved: Anti-Exchange Case B, THEOREMS.md section 4)",C00->C03 C00->Y C01->C05 C02->C04 C02->C06 C04->C06 C07->Y W->Y C00-C01 C00-C02 C00-C07 C02-C03 C03-C07,0.006617916995310225,0.0,0.006967250985326245,,16,103,39,0,0.47721438746438744,3.6724109165831686,9,4,C00,7
u2_c08_seed00000027_xC07_tiered_nt4,u2_c08_seed00000027_xC07,tiered_unconfounded,fast_gate,8,1,measured,,,4,27,C07,Y,7,3,7,7,0.7692307692307693,2,"C00,W",0.0,0,0,2,0,3,True,2,ok,local_up_fast,mpdag_criterion,True,"Conjecture 2 (proved: Anti-Exchange Case B, THEOREMS.md section 4)",C00->C02 C00->C03 C00->Y C01->C05 C02->C04 C02->C06 C07->Y W->Y C00-C01 C00-C07 C02-C03 C03-C07 C04-C06,0.000786207994678989,0.0,0.001015290996292606,,2,13,7,0,0.8622575431189421,4.486888368208906,9,4,C00,7
u2_c08_seed00000028_xC06_tiered_nt2,u2_c08_seed00000028_xC06,tiered_unconfounded,fast_gate,8,3,measured,,,2,28,C06,Y,3,4,4,4,0.7272727272727273,2,"C00,W",0.3333333333333333,1,0,1,0,3,True,1,ok,local_up_fast,mpdag_criterion,True,"Conjecture 2 (proved: Anti-Exchange Case B, THEOREMS.md section 4)",C00->Y C02->C03 C02->C04 C06->C07 C06->Y W->Y C00-C01 C00-C05 C01-C02 C02-C06 C03-C04,0.00034262500412296504,0.0,0.0006104579952079803,,1,4,2,0,0.5542519441979861,2.2219116595233643,8,4,C00,7
u2_c08_seed00000028_xC06_tiered_nt3,u2_c08_seed00000028_xC06,tiered_unconfounded,fast_gate,8,3,measured,,,3,28,C06,Y,4,2,6,6,0.7272727272727273,2,"C00,W",0.25,1,0,1,0,3,True,2,ok,local_up_fast,mpdag_criterion,True,"Conjecture 2 (proved: Anti-Exchange Case B, THEOREMS.md section 4)",C00->Y C02->C03 C02->C04 C03->C04 C06->C07 C06->Y W->Y C00-C01 C00-C05 C01-C02 C02-C06,0.0007030419947113842,0.0,0.0008625419868621975,,3,16,5,0,0.9609252124389883,5.8406767657034715,8,2,C00,7
u2_c08_seed00000028_xC06_tiered_nt4,u2_c08_seed00000028_xC06,tiered_unconfounded,fast_gate,8,3,measured,,,4,28,C06,Y,6,2,6,6,0.7272727272727273,2,"C00,W",0.0,0,0,2,0,3,True,2,ok,local_up_fast,mpdag_criterion,True,"Conjecture 2 (proved: Anti-Exchange Case B, THEOREMS.md section 4)",C00->C05 C00->Y C02->C03 C02->C04 C06->C07 C06->Y W->Y C00-C01 C01-C02 C02-C06 C03-C04,0.0005647500074701384,0.0,0.0007307500200113282,,2,11,4,0,0.9838722113572883,4.877424548849934,8,3,C00,7
u2_c08_seed00000030_xC03_tiered_nt2,u2_c08_seed00000030_xC03,tiered_unconfounded,fast_gate,8,1,measured,,,2,30,C03,Y,6,3,6,6,0.75,2,"C00,W",0.16666666666666666,1,0,1,0,3,True,1,ok,local_up_fast,mpdag_criterion,True,"Conjecture 2 (proved: Anti-Exchange Case B, THEOREMS.md section 4)",C00->C06 C00->Y C01->C07 C02->C03 C02->C04 C03->Y C05->C06 W->Y C00-C01 C00-C02 C00-C03 C00-C05,0.000527750002220273,0.0,0.0007437500025844201,,1,6,7,0,0.39786930984562685,3.0799927653416983,7,1,C00,7
u2_c08_seed00000030_xC03_tiered_nt3,u2_c08_seed00000030_xC03,tiered_unconfounded,fast_gate,8,1,measured,,,3,30,C03,Y,7,2,7,7,0.75,2,"C00,W",0.14285714285714285,1,0,1,0,3,True,1,ok,local_up_fast,mpdag_criterion,True,"Conjecture 2 (proved: Anti-Exchange Case B, THEOREMS.md section 4)",C00->C05 C00->C06 C00->Y C01->C07 C02->C03 C02->C04 C03->Y C05->C06 W->Y C00-C01 C00-C02 C00-C03,0.00042258299072273076,0.0,0.0005769579875050113,,1,7,7,0,0.5614535768548667,3.4125895106027277,8,3,C00,7
u2_c08_seed00000030_xC03_tiered_nt4,u2_c08_seed00000030_xC03,tiered_unconfounded,fast_gate,8,1,measured,,,4,30,C03,Y,8,1,8,8,0.75,2,"C00,W",0.0,0,0,2,0,3,True,2,ok,local_up_fast,mpdag_criterion,True,"Conjecture 2 (proved: Anti-Exchange Case B, THEOREMS.md section 4)",C00->C02 C00->C05 C00->C06 C00->Y C01->C07 C02->C04 C03->Y C05->C06 W->Y C00-C01 C00-C03 C02-C03,0.000956082993070595,0.0,0.0011240419844398275,,3,22,14,0,0.25037568298535073,2.8275279452828075,9,4,C00,7
u2_c08_seed00000031_xC03_tiered_nt2,u2_c08_seed00000031_xC03,tiered_unconfounded,fast_gate,8,2,measured,,,2,31,C03,Y,4,4,6,6,0.7692307692307693,2,"C00,W",0.25,1,0,1,0,3,True,1,ok,local_up_fast,mpdag_criterion,True,"Conjecture 2 (proved: Anti-Exchange Case B, THEOREMS.md section 4)",C00->C05 C00->C06 C00->Y C02->C05 C03->Y C05->C06 C06->C07 W->Y C00-C01 C00-C02 C00-C04 C01-C02 C02-C03,0.0005779579951195046,0.0,0.0008822489908197895,,1,6,3,0,0.8102775500919325,5.096882958693351,9,3,C00,7
u2_c08_seed00000031_xC03_tiered_nt3,u2_c08_seed00000031_xC03,tiered_unconfounded,fast_gate,8,2,measured,,,3,31,C03,Y,5,2,8,8,0.7692307692307693,2,"C00,W",0.0,0,0,2,0,3,True,3,ok,local_up_fast,mpdag_criterion,True,"Conjecture 2 (proved: Anti-Exchange Case B, THEOREMS.md section 4)",C00->C05 C00->C06 C00->Y C02->C05 C03->Y C05->C06 C06->C07 W->Y C00-C01 C00-C02 C00-C04 C01-C02 C02-C03,0.0015895830001682043,0.0,0.0018461250001564622,,5,34,9,0,0.9526105963455921,6.760682292072788,11,4,C00,7
u2_c08_seed00000031_xC03_tiered_nt4,u2_c08_seed00000031_xC03,tiered_unconfounded,fast_gate,8,2,measured,,,4,31,C03,Y,8,1,9,9,0.7692307692307693,2,"C00,W",0.0,0,0,3,0,3,True,3,ok,local_up_fast,mpdag_criterion,True,"Conjecture 2 (proved: Anti-Exchange Case B, THEOREMS.md section 4)",C00->C04 C00->C05 C00->C06 C00->Y C02->C05 C03->Y C05->C06 C06->C07 W->Y C00-C01 C00-C02 C01-C02 C02-C03,0.00223687500692904,0.0,0.0024779590021353215,,7,54,14,0,0.9724900769850896,6.74348246709368,10,3,C00,7
u2_c08_seed00000032_xC07_tiered_nt2,u2_c08_seed00000032_xC07,tiered_unconfounded,fast_gate,8,4,measured,,,2,32,C07,Y,2,3,4,4,0.7,2,"C00,W",0.5,1,0,1,0,2,True,3,ok,local_up_fast,mpdag_criterion,True,"Conjecture 2 (proved: Anti-Exchange Case B, THEOREMS.md section 4)",C00->Y C01->C05 C07->Y W->Y C00-C01 C00-C03 C01-C02 C01-C04 C04-C06 C06-C07,0.0008364590030396357,0.0,0.0010320010042050853,,5,14,7,0,0.9713031993017205,3.919952419508784,8,4,C00,7
u2_c08_seed00000032_xC07_tiered_nt3,u2_c08_seed00000032_xC07,tiered_unconfounded,fast_gate,8,4,measured,,,3,32,C07,Y,4,2,5,5,0.7,2,"C00,W",0.0,0,0,2,0,3,True,3,ok,local_up_fast,mpdag_criterion,True,"Conjecture 2 (proved: Anti-Exchange Case B, THEOREMS.md section 4)",C00->Y C01->C02 C01->C05 C07->Y W->Y C00-C01 C00-C03 C01-C04 C04-C06 C06-C07,0.0011054580099880695,0.0,0.0012743750121444464,,7,26,11,0,0.998125988315898,3.9904284389987783,8,4,C00,7
u2_c08_seed00000032_xC07_tiered_nt4,u2_c08_seed00000032_xC07,tiered_unconfounded,fast_gate,8,4,measured,,,4,32,C07,Y,5,1,6,6,0.7,2,"C00,W",0.0,0,0,2,0,3,True,3,ok,local_up_fast,mpdag_criterion,True,"Conjecture 2 (proved: Anti-Exchange Case B, THEOREMS.md section 4)",C00->C03 C00->Y C01->C02 C01->C05 C07->Y W->Y C00-C01 C01-C04 C04-C06 C06-C07,0.0014753330033272505,0.0,0.0016316670080414042,,9,42,17,0,0.9999728923827595,3.9997289238275955,8,4,C00,7
u2_c08_seed00000033_xC04_tiered_nt2,u2_c08_seed00000033_xC04,tiered_unconfounded,fast_gate,8,2,measured,,,2,33,C04,Y,2,4,4,4,0.7272727272727273,2,"C00,W",0.5,1,0,1,0,2,True,1,ok,local_up_fast,mpdag_criterion,True,"Conjecture 2 (proved: Anti-Exchange Case B, THEOREMS.md section 4)",C00->Y C01->C05 C04->Y C05->C06 C05->C07 W->Y C00-C01 C01-C02 C01-C03 C01-C04 C06-C07,0.0003463750035734847,0.0,0.0005556249961955473,,1,4,3,0,0.7682190145429777,4.72400477869748,8,2,C00,7
u2_c08_seed00000033_xC04_tiered_nt3,u2_c08_seed00000033_xC04,tiered_unconfounded,fast_gate,8,2,measured,,,3,33,C04,Y,5,3,5,5,0.7272727272727273,2,"C00,W",0.2,1,0,1,0,3,True,1,ok,local_up_fast,mpdag_criterion,True,"Conjecture 2 (proved: Anti-Exchange Case B, THEOREMS.md section 4)",C00->Y C01->C03 C01->C05 C04->Y C05->C06 C05->C07 W->Y C00-C01 C01-C02 C01-C04 C06-C07,0.0003040830051759258,0.0,0.0004808749945368618,,1,5,3,0,0.9040350818986485,4.483132862632188,8,3,C00,7
u2_c08_seed00000033_xC04_tiered_nt4,u2_c08_seed00000033_xC04,tiered_unconfounded,fast_gate,8,2,measured,,,4,33,C04,Y,6,1,7,7,0.7272727272727273,2,"C00,W",0.16666666666666666,1,0,1,0,3,True,1,ok,local_up_fast,mpdag_criterion,True,"Conjecture 2 (proved: Anti-Exchange Case B, THEOREMS.md section 4)",C00->Y C01->C02 C01->C03 C01->C05 C04->Y C05->C06 C05->C07 C06->C07 W->Y C00-C01 C01-C04,0.00027129199588671327,0.0,0.0004366249922895804,,1,7,4,0,0.9542522507870771,4.6724700062460425,9,4,C00,7
u2_c08_seed00000034_xC04_tiered_nt2,u2_c08_seed00000034_xC04,tiered_unconfounded,fast_gate,8,2,measured,,,2,34,C04,Y,3,4,4,4,0.7272727272727273,2,"C00,W",0.3333333333333333,1,0,1,0,3,True,1,ok,local_up_fast,mpdag_criterion,True,"Conjecture 2 (proved: Anti-Exchange Case B, THEOREMS.md section 4)",C00->Y C01->C05 C03->C07 C04->C06 C04->Y W->Y C00-C01 C00-C02 C00-C03 C01-C03 C02-C04,0.0005410000012489036,0.0,0.0008675420103827491,,1,4,3,0,0.6453321471725991,2.7653859959388747,7,3,C00,7
u2_c08_seed00000034_xC04_tiered_nt3,u2_c08_seed00000034_xC04,tiered_unconfounded,fast_gate,8,2,measured,,,3,34,C04,Y,6,2,6,6,0.7272727272727273,2,"C00,W",0.16666666666666666,1,0,1,0,3,True,1,ok,local_up_fast,mpdag_criterion,True,"Conjecture 2 (proved: Anti-Exchange Case B, THEOREMS.md section 4)",C00->C03 C00->Y C01->C03 C01->C05 C03->C07 C04->C06 C04->Y W->Y C00-C01 C00-C02 C02-C04,0.0002509580081095919,0.0,0.00040191601146943867,,1,6,2,0,0.9386176955824107,3.6631749951683816,8,4,C00,7
u2_c08_seed00000034_xC04_tiered_nt4,u2_c08_seed00000034_xC04,tiered_unconfounded,fast_gate,8,2,measured,,,4,34,C04,Y,6,1,7,7,0.7272727272727273,2,"C00,W",0.0,0,0,2,0,3,True,2,ok,local_up_fast,mpdag_criterion,True,"Conjecture 2 (proved: Anti-Exchange Case B, THEOREMS.md section 4)",C00->C03 C00->Y C01->C03 C01->C05 C03->C07 C04->C06 C04->Y W->Y C00-C01 C00-C02 C02-C04,0.0012290830054553226,0.0,0.001463625012547709,,5,31,12,0,0.7272302132141949,4.337140423684323,9,4,C00,7
u2_c08_seed00000035_xC06_tiered_nt3,u2_c08_seed00000035_xC06,tiered_unconfounded,fast_gate,8,1,measured,,,3,35,C06,Y,6,2,6,6,0.7272727272727273,2,"C00,W",0.16666666666666666,1,0,1,0,3,True,1,ok,local_up_fast,mpdag_criterion,True,"Conjecture 2 (proved: Anti-Exchange Case B, THEOREMS.md section 4)",C00->C04 C00->Y C01->C03 C01->C07 C02->C04 C02->C05 C06->Y W->Y C00-C01 C00-C02 C00-C06,0.0004664999869419262,0.0,0.0008215419802581891,,1,6,6,0,0.9319049343208216,4.499309861419292,7,2,C00,7
u2_c08_seed00000035_xC06_tiered_nt4,u2_c08_seed00000035_xC06,tiered_unconfounded,fast_gate,8,1,measured,,,4,35,C06,Y,7,1,7,7,0.7272727272727273,2,"C00,W",0.14285714285714285,1,0,1,0,3,True,1,ok,local_up_fast,mpdag_criterion,True,"Conjecture 2 (proved: Anti-Exchange Case B, THEOREMS.md section 4)",C00->C02 C00->C04 C00->Y C01->C03 C01->C07 C02->C04 C02->C05 C06->Y W->Y C00-C01 C00-C06,0.00027954200049862266,0.0,0.0004513339954428375,,1,7,5,0,0.964915824915825,3.6748005968423603,8,4,C00,7
u2_c08_seed00000038_xC05_tiered_nt2,u2_c08_seed00000038_xC05,tiered_unconfounded,fast_gate,8,2,measured,,,2,38,C05,Y,4,4,5,5,0.75,2,"C00,W",0.25,1,0,1,0,3,True,1,ok,local_up_fast,mpdag_criterion,True,"Conjecture 2 (proved: Anti-Exchange Case B, THEOREMS.md section 4)",C00->Y C01->C04 C03->C05 C03->C06 C05->C07 C05->Y W->Y C00-C01 C00-C02 C01-C02 C01-C03 C01-C05,0.0007928339909994975,0.0,0.0010999179939972237,,1,5,4,0,0.4813409053361073,2.448292236698502,8,2,C00,6
u2_c08_seed00000038_xC05_tiered_nt3,u2_c08_seed00000038_xC05,tiered_unconfounded,fast_gate,8,2,measured,,,3,38,C05,Y,5,4,5,5,0.75,2,"C00,W",0.2,1,0,1,0,3,True,1,ok,local_up_fast,mpdag_criterion,True,"Conjecture 2 (proved: Anti-Exchange Case B, THEOREMS.md section 4)",C00->Y C01->C03 C01->C04 C03->C06 C05->C07 C05->Y W->Y C00-C01 C00-C02 C01-C02 C01-C05 C03-C05,0.0003541249898262322,0.0,0.0004991249879822135,,1,5,2,0,0.7905679191975425,4.0808159171992635,9,4,C00,6
u2_c08_seed00000038_xC05_tiered_nt4,u2_c08_seed00000038_xC05,tiered_unconfounded,fast_gate,8,2,measured,,,4,38,C05,Y,8,1,8,8,0.75,2,"C00,W",0.0,0,0,2,0,3,True,2,ok,local_up_fast,mpdag_criterion,True,"Conjecture 2 (proved: Anti-Exchange Case B, THEOREMS.md section 4)",C00->C02 C00->Y C01->C02 C01->C03 C01->C04 C03->C06 C05->C07 C05->Y W->Y C00-C01 C01-C05 C03-C05,0.0007565830019302666,0.0,0.0008952080097515136,,2,15,7,0,0.29405755575285314,3.025350604343329,9,3,C00,6
u2_c08_seed00000039_xC03_tiered_nt3,u2_c08_seed00000039_xC03,tiered_unconfounded,fast_gate,8,1,measured,,,3,39,C03,Y,6,2,7,7,0.75,2,"C00,W",0.16666666666666666,1,0,1,0,3,True,1,ok,local_up_fast,mpdag_criterion,True,"Conjecture 2 (proved: Anti-Exchange Case B, THEOREMS.md section 4)",C00->Y C01->C03 C01->C04 C01->C05 C01->C07 C03->Y C04->C05 C05->C06 W->Y C00-C01 C00-C03 C01-C02,0.00045320799108594656,0.0,0.0005440409877337515,,1,7,6,0,0.24799025820714832,2.295223511372633,10,3,C00,6
u2_c08_seed00000039_xC03_tiered_nt4,u2_c08_seed00000039_xC03,tiered_unconfounded,fast_gate,8,1,measured,,,4,39,C03,Y,7,2,7,7,0.75,2,"C00,W",0.14285714285714285,1,0,1,0,3,True,1,ok,local_up_fast,mpdag_criterion,True,"Conjecture 2 (proved: Anti-Exchange Case B, THEOREMS.md section 4)",C00->Y C01->C02 C01->C03 C01->C04 C01->C05 C01->C07 C03->Y C05->C06 W->Y C00-C01 C00-C03 C04-C05,0.000414624999393709,0.0,0.0004743330064229667,,1,7,7,0,0.18459219227916793,1.9648052377259664,10,5,C00,6
u2_c08_seed00000040_xC06_tiered_nt2,u2_c08_seed00000040_xC06,tiered_unconfounded,fast_gate,8,2,measured,,,2,40,C06,Y,2,3,4,4,0.7,2,"C00,W",0.5,1,0,1,0,2,True,1,ok,local_up_fast,mpdag_criterion,True,"Conjecture 2 (proved: Anti-Exchange Case B, THEOREMS.md section 4)",C00->Y C01->C02 C02->C03 C03->C07 C06->Y W->Y C00-C01 C00-C04 C00-C05 C04-C06,0.00028704099531751126,0.0,0.00048612398677505553,,1,4,2,0,0.8233828778226465,3.5196285581763207,7,3,C00,7
u2_c08_seed00000040_xC06_tiered_nt3,u2_c08_seed00000040_xC06,tiered_unconfounded,fast_gate,8,2,measured,,,3,40,C06,Y,4,2,5,5,0.7,2,"C00,W",0.25,1,0,1,0,3,True,1,ok,local_up_fast,mpdag_criterion,True,"Conjecture 2 (proved: Anti-Exchange Case B, THEOREMS.md section 4)",C00->C05 C00->Y C01->C02 C02->C03 C03->C07 C06->Y W->Y C00-C01 C00-C04 C04-C06,0.00040874999831430614,0.0,0.000670166002237238,,1,5,2,0,0.9533227428946555,3.7603760233240653,7,3,C00,7
u2_c08_seed00000040_xC06_tiered_nt4,u2_c08_seed00000040_xC06,tiered_unconfounded,fast_gate,8,2,measured,,,4,40,C06,Y,5,1,6,6,0.7,2,"C00,W",0.0,0,0,2,0,3,True,2,ok,local_up_fast,mpdag_criterion,True,"Conjecture 2 (proved: Anti-Exchange Case B, THEOREMS.md section 4)",C00->C05 C00->Y C01->C02 C02->C03 C03->C07 C06->Y W->Y C00-C01 C00-C04 C04-C06,0.0007363749900832772,0.0,0.0008805409888736904,,4,21,9,0,0.989904309373884,3.9464967434816396,7,3,C00,7
u2_c08_seed00000041_xC04_tiered_nt3,u2_c08_seed00000041_xC04,tiered_unconfounded,fast_gate,8,2,measured,,,3,41,C04,Y,5,2,6,6,0.7272727272727273,2,"C00,W",0.2,1,0,1,0,3,True,1,ok,local_up_fast,mpdag_criterion,True,"Conjecture 2 (proved: Anti-Exchange Case B, THEOREMS.md section 4)",C00->Y C01->C03 C02->C03 C03->C07 C04->C05 C04->Y C05->C06 W->Y C00-C01 C01-C02 C01-C04,0.0003077080036746338,0.0,0.0004657079989556223,,1,6,3,0,0.6183998413017162,3.581346517972903,8,2,C00,6
u2_c08_seed00000041_xC04_tiered_nt4,u2_c08_seed00000041_xC04,tiered_unconfounded,fast_gate,8,2,measured,,,4,41,C04,Y,7,1,7,7,0.7272727272727273,2,"C00,W",0.14285714285714285,1,0,1,0,3,True,1,ok,local_up_fast,mpdag_criterion,True,"Conjecture 2 (proved: Anti-Exchange Case B, THEOREMS.md section 4)",C00->Y C01->C02 C01->C03 C02->C03 C03->C07 C04->C05 C04->Y C05->C06 W->Y C00-C01 C01-C04,0.00028445900534279644,0.0,0.0005991259968141094,,1,7,3,0,0.6694697019758145,3.1598840102637347,7,3,C00,6
u2_c08_seed00000044_xC04_tiered_nt2,u2_c08_seed00000044_xC04,tiered_unconfounded,fast_gate,8,1,measured,,,2,44,C04,Y,5,3,7,7,0.7692307692307693,2,"C00,W",0.2,1,0,1,0,3,True,1,ok,local_up_fast,mpdag_criterion,True,"Conjecture 2 (proved: Anti-Exchange Case B, THEOREMS.md section 4)",C00->C02 C00->Y C01->C02 C02->C07 C03->C04 C03->C05 C04->C05 C04->Y W->Y C00-C01 C00-C03 C00-C04 C00-C06,0.0009267499990528449,0.0,0.0013202920090407133,,1,7,4,0,0.5448359621851758,3.37712206972422,8,0,C00,5
u2_c08_seed00000044_xC04_tiered_nt3,u2_c08_seed00000044_xC04,tiered_unconfounded,fast_gate,8,1,measured,,,3,44,C04,Y,8,2,8,8,0.7692307692307693,2,"C00,W",0.125,1,0,1,0,3,True,1,ok,local_up_fast,mpdag_criterion,True,"Conjecture 2 (proved: Anti-Exchange Case B, THEOREMS.md section 4)",C00->C02 C00->C06 C00->Y C01->C02 C02->C07 C03->C04 C03->C05 C04->C05 C04->Y W->Y C00-C01 C00-C03 C00-C04,0.0004368329973658547,0.0,0.0006009999924572185,,1,8,5,0,0.6812558141133691,4.4734753137498995,9,3,C00,5
u2_c08_seed00000044_xC04_tiered_nt4,u2_c08_seed00000044_xC04,tiered_unconfounded,fast_gate,8,1,measured,,,4,44,C04,Y,8,1,9,9,0.7692307692307693,2,"C00,W",0.0,0,0,2,0,3,True,2,ok,local_up_fast,mpdag_criterion,True,"Conjecture 2 (proved: Anti-Exchange Case B, THEOREMS.md section 4)",C00->C02 C00->C03 C00->C06 C00->Y C01->C02 C02->C07 C03->C05 C04->C05 C04->Y W->Y C00-C01 C00-C04 C03-C04,0.000778540997998789,0.0,0.0009547910012770444,,2,17,9,0,0.30656876069978745,3.401512798367398,9,3,C00,5
u2_c08_seed00000045_xC04_tiered_nt2,u2_c08_seed00000045_xC04,tiered_unconfounded,fast_gate,8,3,measured,,,2,45,C04,Y,2,3,4,4,0.7,2,"C00,W",0.5,1,0,1,0,2,True,1,ok,local_up_fast,mpdag_criterion,True,"Conjecture 2 (proved: Anti-Exchange Case B, THEOREMS.md section 4)",C00->Y C03->C06 C04->C05 C04->Y C05->C07 W->Y C00-C01 C01-C02 C01-C03 C02-C04,0.0004923749947920442,0.0,0.0006507499929284677,,1,4,3,0,0.6765791158426527,2.588203979066861,7,3,C00,7
u2_c08_seed00000045_xC04_tiered_nt3,u2_c08_seed00000045_xC04,tiered_unconfounded,fast_gate,8,3,measured,,,3,45,C04,Y,3,2,5,5,0.7,2,"C00,W",0.3333333333333333,1,0,1,0,3,True,1,ok,local_up_fast,mpdag_criterion,True,"Conjecture 2 (proved: Anti-Exchange Case B, THEOREMS.md section 4)",C00->Y C01->C03 C03->C06 C04->C05 C04->Y C05->C07 W->Y C00-C01 C01-C02 C02-C04,0.00026095801149494946,0.0,0.00039754102181177586,,1,5,2,0,0.857552388201243,4.5111885259659905,8,3,C00,7
u2_c08_seed00000045_xC04_tiered_nt4,u2_c08_seed00000045_xC04,tiered_unconfounded,fast_gate,8,3,measured,,,4,45,C04,Y,5,1,6,6,0.7,2,"C00,W",0.0,0,0,2,0,3,True,2,ok,local_up_fast,mpdag_criterion,True,"Conjecture 2 (proved: Anti-Exchange Case B, THEOREMS.md section 4)",C00->Y C01->C03 C03->C06 C04->C05 C04->Y C05->C07 W->Y C00-C01 C01-C02 C02-C04,0.0005943330033915117,0.0,0.0007166660070652142,,3,16,6,0,0.5482688743515033,3.2405527314788594,8,3,C00,7
u2_c08_seed00000046_xC04_tiered_nt2,u2_c08_seed00000046_xC04,tiered_unconfounded,fast_gate,8,2,measured,,,2,46,C04,Y,4,4,5,5,0.75,2,"C00,W",0.25,1,0,1,0,3,True,1,ok,local_up_fast,mpdag_criterion,True,"Conjecture 2 (proved: Anti-Exchange Case B, THEOREMS.md section 4)",C00->C03 C00->Y C01->C07 C02->C03 C04->C05 C04->Y W->Y C00-C01 C00-C02 C00-C06 C01-C02 C02-C04,0.000319041995680891,0.0,0.0005295419978210703,,1,5,2,0,0.5637876675106593,2.9040947342606342,8,3,C00,7
u2_c08_seed00000046_xC04_tiered_nt3,u2_c08_seed00000046_xC04,tiered_unconfounded,fast_gate,8,2,measured,,,3,46,C04,Y,5,2,7,7,0.75,2,"C00,W",0.0,0,0,3,0,3,True,3,ok,local_up_fast,mpdag_criterion,True,"Conjecture 2 (proved: Anti-Exchange Case B, THEOREMS.md section 4)",C00->C03 C00->Y C01->C07 C02->C03 C04->C05 C04->Y W->Y C00-C01 C00-C02 C00-C06 C01-C02 C02-C04,0.002020375002757646,0.0,0.0022160420048749074,,8,45,13,0,0.875707124815827,5.15959543769648,9,3,C00,7
u2_c08_seed00000046_xC04_tiered_nt4,u2_c08_seed00000046_xC04,tiered_unconfounded,fast_gate,8,2,measured,,,4,46,C04,Y,8,1,8,8,0.75,2,"C00,W",0.0,0,0,3,0,3,True,3,ok,local_up_fast,mpdag_criterion,True,"Conjecture 2 (proved: Anti-Exchange Case B, THEOREMS.md section 4)",C00->C03 C00->C06 C00->Y C01->C07 C02->C03 C04->C05 C04->Y W->Y C00-C01 C00-C02 C01-C02 C02-C04,0.002988958003697917,0.0,0.0031742080027470365,,11,72,21,0,0.9740829035944417,4.766350667693693,9,4,C00,7
u2_c08_seed00000047_xC04_tiered_nt3,u2_c08_seed00000047_xC04,tiered_unconfounded,fast_gate,8,1,measured,,,3,47,C04,Y,5,2,5,5,0.7,2,"C00,W",0.2,1,0,1,0,3,True,1,ok,local_up_fast,mpdag_criterion,True,"Conjecture 2 (proved: Anti-Exchange Case B, THEOREMS.md section 4)",C00->C05 C00->Y C01->C07 C02->C03 C04->Y C05->C06 W->Y C00-C01 C00-C02 C00-C04,0.000277833009022288,0.0,0.00043983300565741956,,1,5,5,0,0.9055656037296911,2.6746669372629306,7,4,C00,7
u2_c08_seed00000047_xC04_tiered_nt4,u2_c08_seed00000047_xC04,tiered_unconfounded,fast_gate,8,1,measured,,,4,47,C04,Y,5,1,6,6,0.7,2,"C00,W",0.2,1,0,1,0,3,True,1,ok,local_up_fast,mpdag_criterion,True,"Conjecture 2 (proved: Anti-Exchange Case B, THEOREMS.md section 4)",C00->C02 C00->C05 C00->Y C01->C07 C02->C03 C04->Y C05->C06 W->Y C00-C01 C00-C04,0.00023658298596274108,0.0,0.0003857919800793752,,1,6,4,0,0.8707254393942753,3.5771319189021216,7,3,C00,7
u2_c08_seed00000048_xC06_tiered_nt2,u2_c08_seed00000048_xC06,tiered_unconfounded,fast_gate,8,3,measured,,,2,48,C06,Y,2,3,4,4,0.7,2,"C00,W",0.5,1,0,1,0,2,True,2,ok,local_up_fast,mpdag_criterion,True,"Conjecture 2 (proved: Anti-Exchange Case B, THEOREMS.md section 4)",C00->Y C03->C05 C04->C07 C06->Y W->Y C00-C01 C00-C02 C00-C04 C01-C03 C03-C06,0.000576958991587162,0.0,0.0007501679938286543,,3,10,5,0,0.878300900864385,4.621067618593197,8,3,C00,7
u2_c08_seed00000048_xC06_tiered_nt3,u2_c08_seed00000048_xC06,tiered_unconfounded,fast_gate,8,3,measured,,,3,48,C06,Y,4,2,5,5,0.7,2,"C00,W",0.0,0,0,2,0,3,True,2,ok,local_up_fast,mpdag_criterion,True,"Conjecture 2 (proved: Anti-Exchange Case B, THEOREMS.md section 4)",C00->C04 C00->Y C03->C05 C04->C07 C06->Y W->Y C00-C01 C00-C02 C01-C03 C03-C06,0.00040166699909605086,0.0,0.0005503760039573535,,2,9,4,0,0.9894985569937125,4.9463120630082935,7,2,C00,7
u2_c08_seed00000048_xC06_tiered_nt4,u2_c08_seed00000048_xC06,tiered_unconfounded,fast_gate,8,3,measured,,,4,48,C06,Y,5,1,6,6,0.7,2,"C00,W",0.0,0,0,2,0,3,True,2,ok,local_up_fast,mpdag_criterion,True,"Conjecture 2 (proved: Anti-Exchange Case B, THEOREMS.md section 4)",C00->C02 C00->C04 C00->Y C03->C05 C04->C07 C06->Y W->Y C00-C01 C01-C03 C03-C06,0.0003909579972969368,0.0,0.0005330419953679666,,2,11,5,0,0.9900965909104528,3.9500319623694615,7,3,C00,7
u2_c08_seed00000050_xC05_tiered_nt2,u2_c08_seed00000050_xC05,tiered_unconfounded,fast_gate,8,2,measured,,,2,50,C05,Y,3,3,5,5,0.7272727272727273,2,"C00,W",0.0,0,0,2,0,3,True,3,ok,local_up_fast,mpdag_criterion,True,"Conjecture 2 (proved: Anti-Exchange Case B, THEOREMS.md section 4)",C00->Y C02->C03 C04->C06 C05->Y W->Y C00-C01 C00-C04 C00-C07 C01-C02 C01-C04 C04-C05,0.0018988750089192763,0.0,0.0021091250091558322,,7,26,10,0,0.8445841840546031,5.403644263127352,8,2,C00,7
u2_c08_seed00000050_xC05_tiered_nt3,u2_c08_seed00000050_xC05,tiered_unconfounded,fast_gate,8,2,measured,,,3,50,C05,Y,5,2,6,6,0.7272727272727273,2,"C00,W",0.0,0,0,3,0,3,True,3,ok,local_up_fast,mpdag_criterion,True,"Conjecture 2 (proved: Anti-Exchange Case B, THEOREMS.md section 4)",C00->Y C01->C02 C02->C03 C04->C06 C05->Y W->Y C00-C01 C00-C04 C00-C07 C01-C04 C04-C05,0.0012620839988812804,0.0,0.0014333759900182486,,6,29,12,0,0.9466834820499607,4.767613856847825,7,2,C00,7
u2_c08_seed00000050_xC05_tiered_nt4,u2_c08_seed00000050_xC05,tiered_unconfounded,fast_gate,8,2,measured,,,4,50,C05,Y,6,1,7,7,0.7272727272727273,2,"C00,W",0.0,0,0,2,0,3,True,3,ok,local_up_fast,mpdag_criterion,True,"Conjecture 2 (proved: Anti-Exchange Case B, THEOREMS.md section 4)",C00->C07 C00->Y C01->C02 C02->C03 C04->C06 C05->Y W->Y C00-C01 C00-C04 C01-C04 C04-C05,0.001658625013078563,0.0,0.0018188750109402463,,8,46,18,0,0.980963480963481,4.890030232775802,8,3,C00,7
u2_c08_seed00000051_xC03_tiered_nt2,u2_c08_seed00000051_xC03,tiered_unconfounded,fast_gate,8,1,measured,,,2,51,C03,Y,5,3,6,6,0.75,2,"C00,W",0.2,1,0,1,0,3,True,1,ok,local_up_fast,mpdag_criterion,True,"Conjecture 2 (proved: Anti-Exchange Case B, THEOREMS.md section 4)",C00->C05 C00->Y C01->C04 C01->C05 C02->C03 C03->Y C04->C06 W->Y C00-C01 C00-C02 C00-C03 C00-C07,0.000509791003423743,0.0,0.0007242910069180652,,1,6,6,0,0.5288004654652985,3.079649117811992,8,2,C00,7
u2_c08_seed00000051_xC03_tiered_nt3,u2_c08_seed00000051_xC03,tiered_unconfounded,fast_gate,8,1,measured,,,3,51,C03,Y,7,2,7,7,0.75,2,"C00,W",0.14285714285714285,1,0,1,0,3,True,1,ok,local_up_fast,mpdag_criterion,True,"Conjecture 2 (proved: Anti-Exchange Case B, THEOREMS.md section 4)",C00->C05 C00->C07 C00->Y C01->C04 C01->C05 C02->C03 C03->Y C04->C06 W->Y C00-C01 C00-C02 C00-C03,0.0004352919931989163,0.0,0.0006126669904915616,,1,7,7,0,0.8267407133338593,4.1880867149104155,8,3,C00,7
u2_c08_seed00000051_xC03_tiered_nt4,u2_c08_seed00000051_xC03,tiered_unconfounded,fast_gate,8,1,measured,,,4,51,C03,Y,8,1,8,8,0.75,2,"C00,W",0.0,0,0,2,0,3,True,2,ok,local_up_fast,mpdag_criterion,True,"Conjecture 2 (proved: Anti-Exchange Case B, THEOREMS.md section 4)",C00->C02 C00->C05 C00->C07 C00->Y C01->C04 C01->C05 C03->Y C04->C06 W->Y C00-C01 C00-C03 C02-C03,0.0007290420035133138,0.0,0.0008998760022222996,,2,15,12,0,0.30170513181349096,3.2023623390950178,9,4,C00,7
u2_c08_seed00000052_xC07_tiered_nt2,u2_c08_seed00000052_xC07,tiered_unconfounded,fast_gate,8,2,measured,,,2,52,C07,Y,5,3,6,6,0.75,2,"C00,W",0.2,1,0,1,0,3,True,1,ok,local_up_fast,mpdag_criterion,True,"Conjecture 2 (proved: Anti-Exchange Case B, THEOREMS.md section 4)",C00->C06 C00->Y C01->C03 C02->C07 C03->C04 C05->C06 C07->Y W->Y C00-C01 C00-C05 C01-C02 C01-C07,0.0005621659947792068,0.0,0.0007730409997748211,,1,6,4,0,0.5327214864520061,3.095620633580163,8,2,C00,7
u2_c08_seed00000052_xC07_tiered_nt3,u2_c08_seed00000052_xC07,tiered_unconfounded,fast_gate,8,2,measured,,,3,52,C07,Y,7,2,7,7,0.75,2,"C00,W",0.0,0,0,2,0,3,True,2,ok,local_up_fast,mpdag_criterion,True,"Conjecture 2 (proved: Anti-Exchange Case B, THEOREMS.md section 4)",C00->C06 C00->Y C01->C02 C01->C03 C03->C04 C05->C06 C07->Y W->Y C00-C01 C00-C05 C01-C07 C02-C07,0.0009128340025199577,0.0,0.0010926670074695721,,3,19,11,0,0.4948636164404074,3.4912281001319427,9,4,C00,7
u2_c08_seed00000052_xC07_tiered_nt4,u2_c08_seed00000052_xC07,tiered_unconfounded,fast_gate,8,2,measured,,,4,52,C07,Y,7,1,8,8,0.75,2,"C00,W",0.0,0,0,2,0,3,True,2,ok,local_up_fast,mpdag_criterion,True,"Conjecture 2 (proved: Anti-Exchange Case B, THEOREMS.md section 4)",C00->C05 C00->C06 C00->Y C01->C02 C01->C03 C03->C04 C05->C06 C07->Y W->Y C00-C01 C01-C07 C02-C07,0.0008627079951111227,0.0,0.0010224159923382103,,3,22,12,0,0.3636950920110126,3.2041424964986307,9,4,C00,7
u2_c08_seed00000053_xC04_tiered_nt2,u2_c08_seed00000053_xC04,tiered_unconfounded,fast_gate,8,2,measured,,,2,53,C04,Y,2,3,5,5,0.7272727272727273,2,"C00,W",0.5,1,0,1,0,2,True,1,ok,local_up_fast,mpdag_criterion,True,"Conjecture 2 (proved: Anti-Exchange Case B, THEOREMS.md section 4)",C00->Y C02->C04 C04->C05 C04->C06 C04->Y C05->C07 W->Y C00-C01 C00-C03 C01-C02 C01-C04,0.00039149999793153256,0.0,0.0005144579918123782,,1,5,3,0,0.666895298351591,2.040748947992188,8,2,C00,4
u2_c08_seed00000053_xC04_tiered_nt3,u2_c08_seed00000053_xC04,tiered_unconfounded,fast_gate,8,2,measured,,,3,53,C04,Y,4,3,5,5,0.7272727272727273,2,"C00,W",0.25,1,0,1,0,3,True,1,ok,local_up_fast,mpdag_criterion,True,"Conjecture 2 (proved: Anti-Exchange Case B, THEOREMS.md section 4)",C00->Y C01->C02 C04->C05 C04->C06 C04->Y C05->C07 W->Y C00-C01 C00-C03 C01-C04 C02-C04,0.0003015000111190602,0.0,0.00039262502104975283,,1,5,2,0,0.5756593864397311,3.088296865965156,8,3,C00,4
u2_c08_seed00000055_xC03_tiered_nt2,u2_c08_seed00000055_xC03,tiered_unconfounded,fast_gate,8,2,measured,,,2,55,C03,Y,2,4,5,5,0.75,2,"C00,W",0.5,1,0,1,0,2,True,1,ok,local_up_fast,mpdag_criterion,True,"Conjecture 2 (proved: Anti-Exchange Case B, THEOREMS.md section 4)",C00->Y C02->C03 C03->C04 C03->C06 C03->C07 C03->Y W->Y C00-C01 C01-C02 C01-C03 C01-C05 C04-C07,0.0006282499962253496,0.0,0.0008857499924488366,,1,5,3,0,0.8189634280274559,2.5114460912107908,8,0,C00,4
u2_c08_seed00000055_xC03_tiered_nt3,u2_c08_seed00000055_xC03,tiered_unconfounded,fast_gate,8,2,measured,,,3,55,C03,Y,6,2,7,7,0.75,2,"C00,W",0.16666666666666666,1,0,1,0,3,True,1,ok,local_up_fast,mpdag_criterion,True,"Conjecture 2 (proved: Anti-Exchange Case B, THEOREMS.md section 4)",C00->Y C01->C05 C02->C03 C03->C04 C03->C06 C03->C07 C03->Y C04->C07 W->Y C00-C01 C01-C02 C01-C03,0.0010257079993607476,0.0,0.0011289159883745015,,1,7,5,0,0.4163748086078896,3.2261976719228778,9,3,C00,4
u2_c08_seed00000057_xC03_tiered_nt3,u2_c08_seed00000057_xC03,tiered_unconfounded,fast_gate,8,2,measured,,,3,57,C03,Y,7,2,7,7,0.75,2,"C00,W",0.14285714285714285,1,0,1,0,3,True,1,ok,local_up_fast,mpdag_criterion,True,"Conjecture 2 (proved: Anti-Exchange Case B, THEOREMS.md section 4)",C00->C05 C00->Y C01->C05 C02->C06 C02->C07 C03->C04 C03->C07 C03->Y W->Y C00-C01 C00-C02 C02-C03,0.0003671669983305037,0.0,0.0005510839982889593,,1,7,4,0,0.9137277896887348,4.501884971389523,9,4,C00,7
u2_c08_seed00000058_xC05_tiered_nt2,u2_c08_seed00000058_xC05,tiered_unconfounded,fast_gate,8,1,measured,,,2,58,C05,Y,5,4,6,6,0.7692307692307693,2,"C00,W",0.2,1,0,1,0,3,True,1,ok,local_up_fast,mpdag_criterion,True,"Conjecture 2 (proved: Anti-Exchange Case B, THEOREMS.md section 4)",C00->Y C01->C05 C01->C06 C02->C04 C03->C07 C05->C06 C05->Y W->Y C00-C01 C00-C03 C00-C05 C01-C02 C01-C03,0.0006141249905340374,0.0,0.0008019169908948243,,1,6,5,0,0.402443580212986,2.473233753539857,7,1,C00,7
u2_c08_seed00000060_xC03_tiered_nt2,u2_c08_seed00000060_xC03,tiered_unconfounded,fast_gate,8,1,measured,,,2,60,C03,Y,2,4,5,5,0.75,2,"C00,W",0.5,1,0,1,0,2,True,1,ok,local_up_fast,mpdag_criterion,True,"Conjecture 2 (proved: Anti-Exchange Case B, THEOREMS.md section 4)",C00->Y C02->C03 C03->C04 C03->C06 C03->Y C04->C05 W->Y C00-C01 C00-C02 C00-C03 C00-C07 C01-C02,0.0005520830018213019,0.0,0.0008476240036543459,,1,5,3,0,0.6908045382044948,2.719751506963159,9,2,C00,7
u2_c08_seed00000063_xC05_tiered_nt2,u2_c08_seed00000063_xC05,tiered_unconfounded,fast_gate,8,1,measured,,,2,63,C05,Y,7,4,7,7,0.7857142857142857,2,"C00,W",0.14285714285714285,1,0,1,0,3,True,1,ok,local_up_fast,mpdag_criterion,True,"Conjecture 2 (proved: Anti-Exchange Case B, THEOREMS.md section 4)",C00->C04 C00->C06 C00->Y C02->C04 C02->C05 C02->C06 C02->C07 C05->Y W->Y C00-C01 C00-C02 C00-C03 C00-C05 C01-C03,0.0006170419947011396,0.0,0.0009241669904440641,,1,7,7,0,0.7599694179379105,4.018494591411019,9,4,C00,7
u2_c08_seed00000064_xC03_tiered_nt2,u2_c08_seed00000064_xC03,tiered_unconfounded,fast_gate,8,2,measured,,,2,64,C03,Y,5,3,7,7,0.7692307692307693,2,"C00,W",0.2,1,0,1,0,3,True,1,ok,local_up_fast,mpdag_criterion,True,"Conjecture 2 (proved: Anti-Exchange Case B, THEOREMS.md section 4)",C00->Y C01->C05 C01->C07 C02->C03 C02->C05 C03->Y C05->C06 C05->C07 W->Y C00-C01 C00-C04 C01-C02 C01-C03,0.0007081670046318322,0.0,0.0010097920167027041,,1,7,5,0,0.8260750535553948,5.072888636760931,9,3,C00,5
u2_c08_seed00000066_xC03_tiered_nt2,u2_c08_seed00000066_xC03,tiered_unconfounded,fast_gate,8,2,measured,,,2,66,C03,Y,3,3,5,5,0.7272727272727273,2,"C00,W",0.3333333333333333,1,0,1,0,3,True,1,ok,local_up_fast,mpdag_criterion,True,"Conjecture 2 (proved: Anti-Exchange Case B, THEOREMS.md section 4)",C00->Y C02->C03 C02->C04 C03->C05 C03->C06 C03->Y W->Y C00-C01 C00-C07 C01-C02 C01-C03,0.00047945800179149956,0.0,0.0005977079999865964,,1,5,4,0,0.44963579594629294,1.9194386397656515,8,2,C00,5
u2_c08_seed00000067_xC07_tiered_nt2,u2_c08_seed00000067_xC07,tiered_unconfounded,fast_gate,8,1,measured,,,2,67,C07,Y,4,4,5,5,0.75,2,"C00,W",0.25,1,0,1,0,3,True,1,ok,local_up_fast,mpdag_criterion,True,"Conjecture 2 (proved: Anti-Exchange Case B, THEOREMS.md section 4)",C00->Y C01->C05 C02->C04 C02->C07 C05->C06 C07->Y W->Y C00-C01 C00-C02 C00-C07 C01-C02 C01-C03,0.0005294169968692586,0.0,0.0007560420053778216,,1,5,5,0,0.8752169988632283,4.38250261083338,8,3,C00,7
u2_c08_seed00000069_xC05_tiered_nt2,u2_c08_seed00000069_xC05,tiered_unconfounded,fast_gate,8,3,measured,,,2,69,C05,Y,3,4,4,4,0.7272727272727273,2,"C00,W",0.3333333333333333,1,0,1,0,3,True,1,ok,local_up_fast,mpdag_criterion,True,"Conjecture 2 (proved: Anti-Exchange Case B, THEOREMS.md section 4)",C00->Y C01->C04 C03->C07 C04->C06 C05->Y W->Y C00-C01 C00-C02 C01-C03 C03-C05 C05-C07,0.0003913750115316361,0.0,0.0005723750073229894,,1,4,3,0,0.7417829120779343,3.067953874866364,7,3,C00,7
u2_c08_seed00000071_xC06_tiered_nt2,u2_c08_seed00000071_xC06,tiered_unconfounded,fast_gate,8,1,measured,,,2,71,C06,Y,4,4,6,6,0.7692307692307693,2,"C00,W",0.25,1,0,1,0,3,True,1,ok,local_up_fast,mpdag_criterion,True,"Conjecture 2 (proved: Anti-Exchange Case B, THEOREMS.md section 4)",C00->Y C01->C02 C01->C04 C01->C06 C02->C07 C04->C07 C06->Y W->Y C00-C01 C00-C03 C00-C05 C00-C06 C02-C04,0.0005523750005522743,0.0,0.0007157920044846833,,1,6,5,0,0.6712698767907793,3.4668180216386797,9,4,C00,7
u2_c08_seed00000072_xC06_tiered_nt2,u2_c08_seed00000072_xC06,tiered_unconfounded,fast_gate,8,2,measured,,,2,72,C06,Y,5,4,6,6,0.7692307692307693,2,"C00,W",0.4,2,0,1,0,3,True,1,ok,local_up_fast,mpdag_criterion,True,"Conjecture 2 (proved: Anti-Exchange Case B, THEOREMS.md section 4)",C00->C03 C00->Y C01->C06 C02->C03 C02->C07 C03->C05 C06->Y W->Y C00-C01 C00-C02 C00-C04 C01-C02 C02-C06,0.0007080000068526715,0.0,0.001200042010168545,,1,6,3,0,0.878178431013532,5.3328180319703735,9,3,C00,7
u2_c08_seed00000076_xC03_tiered_nt2,u2_c08_seed00000076_xC03,tiered_unconfounded,fast_gate,8,3,measured,,,2,76,C03,Y,2,5,4,4,0.75,2,"C00,W",0.5,1,0,1,0,2,True,1,ok,local_up_fast,mpdag_criterion,True,"Conjecture 2 (proved: Anti-Exchange Case B, THEOREMS.md section 4)",C00->Y C02->C04 C03->C05 C03->C07 C03->Y W->Y C00-C01 C01-C02 C01-C06 C02-C03 C03-C04 C05-C07,0.0005795000033685938,0.0,0.0007415000000037253,,1,4,3,0,0.8746146606521668,2.748650956306321,8,2,C00,7
u2_c10_seed00000001_xC09_tiered_nt3,u2_c10_seed00000001_xC09,tiered_unconfounded,fast_gate,10,1,measured,,,3,1,C09,Y,6,2,8,8,0.7692307692307693,2,"C00,W",0.16666666666666666,1,0,1,0,3,True,1,ok,local_up_fast,mpdag_criterion,True,"Conjecture 2 (proved: Anti-Exchange Case B, THEOREMS.md section 4)",C00->C03 C00->C08 C00->Y C01->C03 C01->C06 C03->C04 C04->C05 C05->C07 C09->Y W->Y C00-C01 C00-C02 C00-C09,0.0007404580101137981,0.0,0.0013145410048309714,,1,8,4,0,0.8636904993246667,4.399984541156643,10,5,C00,5
u2_c10_seed00000001_xC09_tiered_nt4,u2_c10_seed00000001_xC09,tiered_unconfounded,fast_gate,10,1,measured,,,4,1,C09,Y,7,1,9,9,0.7692307692307693,2,"C00,W",0.14285714285714285,1,0,1,0,3,True,1,ok,local_up_fast,mpdag_criterion,True,"Conjecture 2 (proved: Anti-Exchange Case B, THEOREMS.md section 4)",C00->C02 C00->C03 C00->C08 C00->Y C01->C03 C01->C06 C03->C04 C04->C05 C05->C07 C09->Y W->Y C00-C01 C00-C09,0.0003288750012870878,0.0,0.0005670409882441163,,1,9,4,0,0.9530512822720864,4.655159613571867,10,5,C00,5
u2_c10_seed00000002_xC02_tiered_nt3,u2_c10_seed00000002_xC02,tiered_unconfounded,fast_gate,10,1,measured,,,3,2,C02,Y,9,3,9,9,0.8,2,"C00,W",0.1111111111111111,1,0,1,0,3,True,1,ok,local_up_fast,mpdag_criterion,True,"Conjecture 2 (proved: Anti-Exchange Case B, THEOREMS.md section 4)",C00->C05 C00->C06 C00->C07 C00->Y C01->C02 C01->C04 C01->C07 C02->C09 C02->Y C05->C08 W->Y C00-C01 C00-C02 C00-C03 C05-C06,0.0007184170099208131,0.0,0.0010545830009505153,,1,9,8,0,0.5910102731057443,3.6479967138654663,11,6,C00,9
u2_c10_seed00000002_xC02_tiered_nt4,u2_c10_seed00000002_xC02,tiered_unconfounded,fast_gate,10,1,measured,,,4,2,C02,Y,11,1,11,11,0.8,2,"C00,W",0.09090909090909091,1,0,1,0,3,True,1,ok,local_up_fast,mpdag_criterion,True,"Conjecture 2 (proved: Anti-Exchange Case B, THEOREMS.md section 4)",C00->C03 C00->C05 C00->C06 C00->C07 C00->Y C01->C02 C01->C04 C01->C07 C02->C09 C02->Y C05->C06 C05->C08 W->Y C00-C01 C00-C02,0.0005867910076631233,0.0,0.0008895000064512715,,1,11,9,0,0.9269977592632822,4.190973728313371,12,7,C00,9
u2_c10_seed00000003_xC07_tiered_nt2,u2_c10_seed00000003_xC07,tiered_unconfounded,fast_gate,10,2,measured,,,2,3,C07,Y,7,6,7,7,0.8125,2,"C00,W",0.2857142857142857,2,0,1,0,3,True,1,ok,local_up_fast,mpdag_criterion,True,"Conjecture 2 (proved: Anti-Exchange Case B, THEOREMS.md section 4)",C00->C06 C00->Y C02->C05 C03->C06 C03->C07 C03->C08 C03->C09 C07->Y W->Y C00-C01 C00-C02 C00-C03 C00-C04 C01-C02 C03-C04 C04-C07,0.0005684170027961954,0.0,0.001028250000672415,,1,7,2,0,0.7682285848471124,4.5924776174864235,9,3,C00,7
u2_c10_seed00000003_xC07_tiered_nt3,u2_c10_seed00000003_xC07,tiered_unconfounded,fast_gate,10,2,measured,,,3,3,C07,Y,11,2,11,11,0.8125,2,"C00,W",0.0,0,0,2,0,3,True,2,ok,local_up_fast,mpdag_criterion,True,"Conjecture 2 (proved: Anti-Exchange Case B, THEOREMS.md section 4)",C00->C02 C00->C06 C00->Y C01->C02 C02->C05 C03->C04 C03->C06 C03->C07 C03->C08 C03->C09 C07->Y W->Y C00-C01 C00-C03 C00-C04 C04-C07,0.004461417003767565,0.0,0.004866959003265947,,8,81,37,0,0.87542714704876,4.672357746074906,11,6,C00,7
u2_c10_seed00000003_xC07_tiered_nt4,u2_c10_seed00000003_xC07,tiered_unconfounded,fast_gate,10,2,measured,,,4,3,C07,Y,11,2,11,11,0.8125,2,"C00,W",0.0,0,0,3,0,3,True,3,ok,local_up_fast,mpdag_criterion,True,"Conjecture 2 (proved: Anti-Exchange Case B, THEOREMS.md section 4)",C00->C02 C00->C06 C00->Y C01->C02 C02->C05 C03->C06 C03->C07 C03->C08 C03->C09 C07->Y W->Y C00-C01 C00-C03 C00-C04 C03-C04 C04-C07,0.006976416989346035,0.0,0.00733529198623728,,15,142,40,0,0.990254174822466,5.901109083468213,12,6,C00,7
u2_c10_seed00000004_xC04_tiered_nt2,u2_c10_seed00000004_xC04,tiered_unconfounded,fast_gate,10,4,measured,,,2,4,C04,Y,1,5,5,5,0.7692307692307693,2,"C00,W",1.0,1,0,1,0,1,True,2,ok,local_up_fast,mpdag_criterion,True,"Conjecture 2 (proved: Anti-Exchange Case B, THEOREMS.md section 4)",C00->Y C03->C06 C04->C07 C04->Y C06->C08 W->Y C00-C01 C00-C05 C00-C09 C01-C02 C02-C03 C03-C04 C04-C06,0.0009281669917982072,0.0,0.001170374991488643,,2,9,4,0,0.9831407754358574,4.541070310273029,10,4,C00,8
u2_c10_seed00000004_xC04_tiered_nt3,u2_c10_seed00000004_xC04,tiered_unconfounded,fast_gate,10,4,measured,,,3,4,C04,Y,5,2,8,8,0.7692307692307693,2,"C00,W",0.2,1,0,1,0,3,True,3,ok,local_up_fast,mpdag_criterion,True,"Conjecture 2 (proved: Anti-Exchange Case B, THEOREMS.md section 4)",C00->C09 C00->Y C03->C06 C04->C06 C04->C07 C04->Y C06->C08 W->Y C00-C01 C00-C05 C01-C02 C02-C03 C03-C04,0.0027313750033499673,0.0,0.0029437500052154064,,7,47,11,0,0.9491269391669495,6.744221468022424,10,3,C00,8
u2_c10_seed00000004_xC04_tiered_nt4,u2_c10_seed00000004_xC04,tiered_unconfounded,fast_gate,10,4,measured,,,4,4,C04,Y,6,2,8,8,0.7692307692307693,2,"C00,W",0.0,0,0,2,0,3,True,3,ok,local_up_fast,mpdag_criterion,True,"Conjecture 2 (proved: Anti-Exchange Case B, THEOREMS.md section 4)",C00->C05 C00->C09 C00->Y C03->C06 C04->C07 C04->Y C06->C08 W->Y C00-C01 C01-C02 C02-C03 C03-C04 C04-C06,0.001811624999390915,0.0,0.002006833004998043,,5,35,10,0,0.9958286015534205,4.97491006739041,10,5,C00,8
u2_c10_seed00000005_xC04_tiered_nt2,u2_c10_seed00000005_xC04,tiered_unconfounded,fast_gate,10,2,measured,,,2,5,C04,Y,8,4,8,8,0.8,2,"C00,W",0.125,1,0,1,0,3,True,1,ok,local_up_fast,mpdag_criterion,True,"Conjecture 2 (proved: Anti-Exchange Case B, THEOREMS.md section 4)",C00->Y C01->C06 C01->C08 C02->C03 C02->C04 C02->C06 C02->C09 C04->Y C05->C08 W->Y C00-C01 C00-C07 C01-C02 C01-C04 C01-C05,0.0008757920004427433,0.0,0.001225416999659501,,1,8,9,0,0.6896925709804037,4.334931010664592,9,3,C00,9
u2_c10_seed00000005_xC04_tiered_nt3,u2_c10_seed00000005_xC04,tiered_unconfounded,fast_gate,10,2,measured,,,3,5,C04,Y,8,3,9,9,0.8,2,"C00,W",0.125,1,0,1,0,3,True,1,ok,local_up_fast,mpdag_criterion,True,"Conjecture 2 (proved: Anti-Exchange Case B, THEOREMS.md section 4)",C00->Y C01->C02 C01->C05 C01->C06 C01->C08 C02->C03 C02->C06 C02->C09 C04->Y C05->C08 W->Y C00-C01 C00-C07 C01-C04 C02-C04,0.0007013330032350495,0.0,0.0010166659922106192,,1,9,5,0,0.9275073805689746,5.421404108004344,11,5,C00,9
u2_c10_seed00000005_xC04_tiered_nt4,u2_c10_seed00000005_xC04,tiered_unconfounded,fast_gate,10,2,measured,,,4,5,C04,Y,11,1,11,11,0.8,2,"C00,W",0.0,0,0,2,0,3,True,2,ok,local_up_fast,mpdag_criterion,True,"Conjecture 2 (proved: Anti-Exchange Case B, THEOREMS.md section 4)",C00->C07 C00->Y C01->C02 C01->C05 C01->C06 C01->C08 C02->C03 C02->C06 C02->C09 C04->Y C05->C08 W->Y C00-C01 C01-C04 C02-C04,0.001923624993651174,0.0,0.0022137919877422974,,4,41,20,0,0.5707432250970109,3.057885127347098,11,7,C00,9
u2_c10_seed00000006_xC08_tiered_nt2,u2_c10_seed00000006_xC08,tiered_unconfounded,fast_gate,10,2,measured,,,2,6,C08,Y,6,4,6,6,0.7692307692307693,2,"C00,W",0.16666666666666666,1,0,1,0,3,True,1,ok,local_up_fast,mpdag_criterion,True,"Conjecture 2 (proved: Anti-Exchange Case B, THEOREMS.md section 4)",C00->Y C01->C05 C01->C09 C02->C06 C03->C08 C04->C07 C08->Y W->Y C00-C01 C00-C02 C01-C03 C01-C08 C02-C04,0.0005831250018673018,0.0,0.0008868750010151416,,1,6,6,0,0.2799428388023659,2.2264783389577927,9,5,C00,9
u2_c10_seed00000006_xC08_tiered_nt3,u2_c10_seed00000006_xC08,tiered_unconfounded,fast_gate,10,2,measured,,,3,6,C08,Y,8,2,8,8,0.7692307692307693,2,"C00,W",0.0,0,0,2,0,3,True,2,ok,local_up_fast,mpdag_criterion,True,"Conjecture 2 (proved: Anti-Exchange Case B, THEOREMS.md section 4)",C00->Y C01->C03 C01->C05 C01->C09 C02->C04 C02->C06 C04->C07 C08->Y W->Y C00-C01 C00-C02 C01-C08 C03-C08,0.0009121670009335503,0.0,0.0011472089972812682,,2,15,11,0,0.7462047302291206,3.0697323643139787,10,6,C00,9
u2_c10_seed00000006_xC08_tiered_nt4,u2_c10_seed00000006_xC08,tiered_unconfounded,fast_gate,10,2,measured,,,4,6,C08,Y,8,1,9,9,0.7692307692307693,2,"C00,W",0.0,0,0,2,0,3,True,2,ok,local_up_fast,mpdag_criterion,True,"Conjecture 2 (proved: Anti-Exchange Case B, THEOREMS.md section 4)",C00->C02 C00->Y C01->C03 C01->C05 C01->C09 C02->C04 C02->C06 C04->C07 C08->Y W->Y C00-C01 C01-C08 C03-C08,0.0006798340036766604,0.0,0.0009055420086951926,,2,17,8,0,0.5785850593017328,3.064337462822475,10,6,C00,9
u2_c10_seed00000007_xC07_tiered_nt4,u2_c10_seed00000007_xC07,tiered_unconfounded,fast_gate,10,1,measured,,,4,7,C07,Y,8,2,8,8,0.7692307692307693,2,"C00,W",0.125,1,0,1,0,3,True,1,ok,local_up_fast,mpdag_criterion,True,"Conjecture 2 (proved: Anti-Exchange Case B, THEOREMS.md section 4)",C00->C08 C00->Y C01->C02 C01->C03 C01->C05 C03->C04 C03->C09 C05->C06 C07->Y W->Y C00-C01 C00-C07 C04-C09,0.000388749991543591,0.0,0.0006486249912995845,,1,8,6,0,0.9249671798543979,2.7764974592652645,10,7,C00,9
u2_c10_seed00000008_xC02_tiered_nt3,u2_c10_seed00000008_xC02,tiered_unconfounded,fast_gate,10,2,measured,,,3,8,C02,Y,8,2,10,10,0.8,2,"C00,W",0.125,1,0,1,0,3,True,1,ok,local_up_fast,mpdag_criterion,True,"Conjecture 2 (proved: Anti-Exchange Case B, THEOREMS.md section 4)",C00->Y C01->C09 C02->C04 C02->C09 C02->Y C03->C05 C03->C06 C03->C07 C03->C08 C05->C07 C07->C08 W->Y C00-C01 C00-C03 C01-C02,0.0005910420004511252,0.0,0.000915958997211419,,1,10,6,0,0.9094256544639568,5.241247957006344,11,5,C00,8
u2_c10_seed00000008_xC02_tiered_nt4,u2_c10_seed00000008_xC02,tiered_unconfounded,fast_gate,10,2,measured,,,4,8,C02,Y,10,1,11,11,0.8,2,"C00,W",0.1,1,0,1,0,3,True,1,ok,local_up_fast,mpdag_criterion,True,"Conjecture 2 (proved: Anti-Exchange Case B, THEOREMS.md section 4)",C00->C03 C00->Y C01->C09 C02->C04 C02->C09 C02->Y C03->C05 C03->C06 C03->C07 C03->C08 C05->C07 C07->C08 W->Y C00-C01 C01-C02,0.0004628329916158691,0.0,0.0007228750037029386,,1,11,4,0,0.9737368013860159,4.6649646779996585,10,5,C00,8
u2_c10_seed00000010_xC05_tiered_nt2,u2_c10_seed00000010_xC05,tiered_unconfounded,fast_gate,10,1,measured,,,2,10,C05,Y,4,5,6,6,0.7857142857142857,2,"C00,W",0.25,1,0,1,0,3,True,1,ok,local_up_fast,mpdag_criterion,True,"Conjecture 2 (proved: Anti-Exchange Case B, THEOREMS.md section 4)",C00->Y C01->C05 C02->C03 C02->C04 C03->C08 C04->C06 C05->Y W->Y C00-C01 C00-C02 C00-C05 C00-C07 C00-C09 C01-C02,0.000807707998319529,0.0,0.001162542001111433,,1,6,5,0,0.8218358331553954,6.023500886569935,10,3,C00,4
u2_c10_seed00000010_xC05_tiered_nt3,u2_c10_seed00000010_xC05,tiered_unconfounded,fast_gate,10,1,measured,,,3,10,C05,Y,7,2,9,9,0.7857142857142857,2,"C00,W",0.14285714285714285,1,0,1,0,3,True,1,ok,local_up_fast,mpdag_criterion,True,"Conjecture 2 (proved: Anti-Exchange Case B, THEOREMS.md section 4)",C00->C02 C00->C09 C00->Y C01->C02 C01->C05 C02->C03 C02->C04 C03->C08 C04->C06 C05->Y W->Y C00-C01 C00-C05 C00-C07,0.000539165994268842,0.0,0.0008272909908555448,,1,9,5,0,0.8933999523871528,5.158430502091292,11,5,C00,4
u2_c10_seed00000010_xC05_tiered_nt4,u2_c10_seed00000010_xC05,tiered_unconfounded,fast_gate,10,1,measured,,,4,10,C05,Y,10,1,10,10,0.7857142857142857,2,"C00,W",0.1,1,0,1,0,3,True,1,ok,local_up_fast,mpdag_criterion,True,"Conjecture 2 (proved: Anti-Exchange Case B, THEOREMS.md section 4)",C00->C02 C00->C07 C00->C09 C00->Y C01->C02 C01->C05 C02->C03 C02->C04 C03->C08 C04->C06 C05->Y W->Y C00-C01 C00-C05,0.0004210420011077076,0.0,0.0006720840028719977,,1,10,6,0,0.9834707196396263,3.767502195093841,10,6,C00,4
u2_c10_seed00000011_xC04_tiered_nt2,u2_c10_seed00000011_xC04,tiered_unconfounded,fast_gate,10,1,measured,,,2,11,C04,Y,6,4,7,7,0.7857142857142857,2,"C00,W",0.16666666666666666,1,0,1,0,3,True,1,ok,local_up_fast,mpdag_criterion,True,"Conjecture 2 (proved: Anti-Exchange Case B, THEOREMS.md section 4)",C00->C06 C00->C07 C00->Y C02->C04 C03->C06 C04->Y C05->C09 C07->C08 W->Y C00-C01 C00-C02 C00-C03 C00-C04 C00-C05,0.0007876249874243513,0.0,0.0011453749903012067,,1,7,7,0,0.5315666809598231,3.810803934697666,9,2,C00,9
u2_c10_seed00000011_xC04_tiered_nt3,u2_c10_seed00000011_xC04,tiered_unconfounded,fast_gate,10,1,measured,,,3,11,C04,Y,9,2,9,9,0.7857142857142857,2,"C00,W",0.1111111111111111,1,0,1,0,3,True,1,ok,local_up_fast,mpdag_criterion,True,"Conjecture 2 (proved: Anti-Exchange Case B, THEOREMS.md section 4)",C00->C03 C00->C05 C00->C06 C00->C07 C00->Y C02->C04 C03->C06 C04->Y C05->C09 C07->C08 W->Y C00-C01 C00-C02 C00-C04,0.0005739170010201633,0.0,0.0008725420047994703,,1,9,6,0,0.8727585176190089,4.959466661717124,11,5,C00,9
u2_c10_seed00000011_xC04_tiered_nt4,u2_c10_seed00000011_xC04,tiered_unconfounded,fast_gate,10,1,measured,,,4,11,C04,Y,10,1,10,10,0.7857142857142857,2,"C00,W",0.0,0,0,2,0,3,True,2,ok,local_up_fast,mpdag_criterion,True,"Conjecture 2 (proved: Anti-Exchange Case B, THEOREMS.md section 4)",C00->C02 C00->C03 C00->C05 C00->C06 C00->C07 C00->Y C03->C06 C04->Y C05->C09 C07->C08 W->Y C00-C01 C00-C04 C02-C04,0.0012524589983513579,0.0,0.0015186249947873875,,3,28,16,0,0.21243732614898153,3.1155626888025907,11,6,C00,9
u2_c10_seed00000012_xC02_tiered_nt3,u2_c10_seed00000012_xC02,tiered_unconfounded,fast_gate,10,2,measured,,,3,12,C02,Y,11,2,11,11,0.8125,2,"C00,W",0.09090909090909091,1,0,1,0,3,True,1,ok,local_up_fast,mpdag_criterion,True,"Conjecture 2 (proved: Anti-Exchange Case B, THEOREMS.md section 4)",C00->C03 C00->C05 C00->C06 C00->C09 C00->Y C01->C03 C02->Y C04->C05 C04->C06 C05->C09 C06->C07 C06->C08 W->Y C00-C01 C00-C04 C01-C02,0.0007098339992808178,0.0,0.0011565430031623691,,1,11,5,0,0.953780250367036,4.7113504903822925,11,6,C00,6
u2_c10_seed00000012_xC02_tiered_nt4,u2_c10_seed00000012_xC02,tiered_unconfounded,fast_gate,10,2,measured,,,4,12,C02,Y,11,1,12,12,0.8125,2,"C00,W",0.09090909090909091,1,0,1,0,3,True,1,ok,local_up_fast,mpdag_criterion,True,"Conjecture 2 (proved: Anti-Exchange Case B, THEOREMS.md section 4)",C00->C03 C00->C04 C00->C05 C00->C06 C00->C09 C00->Y C01->C03 C02->Y C04->C05 C04->C06 C05->C09 C06->C07 C06->C08 W->Y C00-C01 C01-C02,0.0004966249980498105,0.0,0.0008558749977964908,,1,12,5,0,0.9840546565033638,5.780138995892445,12,6,C00,6
u2_c10_seed00000013_xC06_tiered_nt2,u2_c10_seed00000013_xC06,tiered_unconfounded,fast_gate,10,4,measured,,,2,13,C06,Y,5,5,8,8,0.8125,2,"C00,W",0.2,1,0,1,0,3,True,2,ok,local_up_fast,mpdag_criterion,True,"Conjecture 2 (proved: Anti-Exchange Case B, THEOREMS.md section 4)",C00->Y C03->C04 C03->C06 C04->C09 C05->C07 C05->C08 C06->C09 C06->Y W->Y C00-C01 C01-C02 C01-C05 C02-C03 C02-C04 C04-C06 C07-C08,0.002763124997727573,0.0,0.0031740839913254604,,5,36,12,0,0.8801587870376715,6.392868366614959,10,3,C00,8
u2_c10_seed00000013_xC06_tiered_nt3,u2_c10_seed00000013_xC06,tiered_unconfounded,fast_gate,10,4,measured,,,3,13,C06,Y,8,3,10,10,0.8125,2,"C00,W",0.0,0,0,3,0,3,True,3,ok,local_up_fast,mpdag_criterion,True,"Conjecture 2 (proved: Anti-Exchange Case B, THEOREMS.md section 4)",C00->Y C01->C05 C03->C06 C04->C09 C05->C07 C05->C08 C06->C09 C06->Y C07->C08 W->Y C00-C01 C01-C02 C02-C03 C02-C04 C03-C04 C04-C06,0.00464141700649634,0.0,0.004950958013068885,,9,78,18,0,0.7433371802701829,5.940128559458587,11,4,C00,8
u2_c10_seed00000013_xC06_tiered_nt4,u2_c10_seed00000013_xC06,tiered_unconfounded,fast_gate,10,4,measured,,,4,13,C06,Y,9,2,11,11,0.8125,2,"C00,W",0.0,0,0,3,0,3,True,4,ok,e1_ladder,mpdag_criterion,True,"Conjecture 2 (proved: Anti-Exchange Case B, THEOREMS.md section 4)","(('C00', 'Y'), ('C01', 'C05'), ('C03', 'C04'), ('C03', 'C06'), ('C04', 'C09'), ('C05', 'C07'), ('C05', 'C08'), ('C06', 'C09'), ('C06', 'Y'), ('W', 'Y'))",0.005151958990609273,0.06504433299414814,0.07049199998436961,,20,103,20,0,0.8673131940523244,5.709495576886881,12,6,C00,8
u2_c10_seed00000014_xC06_tiered_nt3,u2_c10_seed00000014_xC06,tiered_unconfounded,fast_gate,10,1,measured,,,3,14,C06,Y,5,3,7,7,0.7692307692307693,2,"C00,W",0.2,1,0,1,0,3,True,1,ok,local_up_fast,mpdag_criterion,True,"Conjecture 2 (proved: Anti-Exchange Case B, THEOREMS.md section 4)",C00->Y C01->C04 C02->C03 C04->C05 C04->C09 C05->C07 C06->C08 C06->Y W->Y C00-C01 C00-C02 C00-C06 C05-C09,0.0004379169986350462,0.0,0.0007024590013315901,,1,7,4,0,0.6785115235473732,4.052505938150302,10,4,C00,9
u2_c10_seed00000014_xC06_tiered_nt4,u2_c10_seed00000014_xC06,tiered_unconfounded,fast_gate,10,1,measured,,,4,14,C06,Y,6,2,8,8,0.7692307692307693,2,"C00,W",0.16666666666666666,1,0,1,0,3,True,1,ok,local_up_fast,mpdag_criterion,True,"Conjecture 2 (proved: Anti-Exchange Case B, THEOREMS.md section 4)",C00->C02 C00->Y C01->C04 C02->C03 C04->C05 C04->C09 C05->C07 C06->C08 C06->Y W->Y C00-C01 C00-C06 C05-C09,0.0003591660060919821,0.0,0.0005736660095863044,,1,8,3,0,0.8689686753445199,4.462079570655709,9,4,C00,9
u2_c10_seed00000015_xC08_tiered_nt2,u2_c10_seed00000015_xC08,tiered_unconfounded,fast_gate,10,4,measured,,,2,15,C08,Y,5,4,6,6,0.7692307692307693,2,"C00,W",0.2,1,0,1,0,3,True,2,ok,local_up_fast,mpdag_criterion,True,"Conjecture 2 (proved: Anti-Exchange Case B, THEOREMS.md section 4)",C00->C05 C00->Y C04->C05 C04->C06 C04->C07 C08->Y W->Y C00-C01 C00-C04 C00-C09 C01-C02 C02-C03 C03-C08,0.0017121249984484166,0.0,0.002031958007137291,,5,26,16,0,0.9666799820169402,4.811670227338069,9,4,C00,9
u2_c10_seed00000015_xC08_tiered_nt3,u2_c10_seed00000015_xC08,tiered_unconfounded,fast_gate,10,4,measured,,,3,15,C08,Y,7,2,8,8,0.7692307692307693,2,"C00,W",0.0,0,0,2,0,3,True,3,ok,local_up_fast,mpdag_criterion,True,"Conjecture 2 (proved: Anti-Exchange Case B, THEOREMS.md section 4)",C00->C05 C00->C09 C00->Y C04->C05 C04->C06 C04->C07 C08->Y W->Y C00-C01 C00-C04 C01-C02 C02-C03 C03-C08,0.006147667008917779,0.0,0.006423083003028296,,20,128,46,0,0.9953278573434428,4.97231563013908,9,4,C00,9
u2_c10_seed00000015_xC08_tiered_nt4,u2_c10_seed00000015_xC08,tiered_unconfounded,fast_gate,10,4,measured,,,4,15,C08,Y,8,1,9,9,0.7692307692307693,2,"C00,W",0.0,0,0,2,0,3,True,3,ok,local_up_fast,mpdag_criterion,True,"Conjecture 2 (proved: Anti-Exchange Case B, THEOREMS.md section 4)",C00->C04 C00->C05 C00->C09 C00->Y C04->C05 C04->C06 C04->C07 C08->Y W->Y C00-C01 C01-C02 C02-C03 C03-C08,0.0027813749911729246,0.0,0.0030406249861698598,,10,76,26,0,0.999822852081488,3.9966130119295817,10,6,C00,9
u2_c10_seed00000016_xC07_tiered_nt2,u2_c10_seed00000016_xC07,tiered_unconfounded,fast_gate,10,2,measured,,,2,16,C07,Y,8,4,8,8,0.8,2,"C00,W",0.125,1,0,1,0,3,True,1,ok,local_up_fast,mpdag_criterion,True,"Conjecture 2 (proved: Anti-Exchange Case B, THEOREMS.md section 4)",C00->C08 C00->C09 C00->Y C01->C03 C02->C03 C02->C05 C06->C08 C06->C09 C07->Y W->Y C00-C01 C00-C06 C01-C02 C01-C04 C06-C07,0.0010001250047935173,0.0,0.001686041010543704,,1,8,4,0,0.9455820940639945,5.418058247552935,8,2,C00,9
u2_c10_seed00000016_xC07_tiered_nt3,u2_c10_seed00000016_xC07,tiered_unconfounded,fast_gate,10,2,measured,,,3,16,C07,Y,10,2,10,10,0.8,2,"C00,W",0.1,1,0,1,0,3,True,1,ok,local_up_fast,mpdag_criterion,True,"Conjecture 2 (proved: Anti-Exchange Case B, THEOREMS.md section 4)",C00->C08 C00->C09 C00->Y C01->C02 C01->C03 C01->C04 C02->C03 C02->C05 C06->C08 C06->C09 C07->Y W->Y C00-C01 C00-C06 C06-C07,0.00047487500705756247,0.0,0.0008034580096136779,,1,10,4,0,0.9886973044422414,3.789823106380283,11,7,C00,9
u2_c10_seed00000016_xC07_tiered_nt4,u2_c10_seed00000016_xC07,tiered_unconfounded,fast_gate,10,2,measured,,,4,16,C07,Y,11,1,11,11,0.8,2,"C00,W",0.0,0,0,2,0,3,True,2,ok,local_up_fast,mpdag_criterion,True,"Conjecture 2 (proved: Anti-Exchange Case B, THEOREMS.md section 4)",C00->C08 C00->C09 C00->Y C01->C02 C01->C03 C01->C04 C02->C03 C02->C05 C06->C08 C06->C09 C07->Y W->Y C00-C01 C00-C06 C06-C07,0.002770375009276904,0.0,0.003066167002543807,,7,71,28,0,0.9987932956104253,3.9798861382549475,10,6,C00,9
u2_c10_seed00000017_xC06_tiered_nt2,u2_c10_seed00000017_xC06,tiered_unconfounded,fast_gate,10,3,measured,,,2,17,C06,Y,4,7,6,6,0.8125,2,"C00,W",0.25,1,0,1,0,3,True,1,ok,local_up_fast,mpdag_criterion,True,"Conjecture 2 (proved: Anti-Exchange Case B, THEOREMS.md section 4)",C00->Y C02->C03 C02->C04 C02->C07 C03->C09 C04->C09 C06->Y W->Y C00-C01 C00-C02 C00-C08 C01-C02 C01-C05 C01-C08 C03-C04 C05-C06,0.0005824160034535453,0.0,0.0010363740002503619,,1,6,2,0,0.8632779286831133,6.195022106960477,11,4,C00,4
u2_c10_seed00000017_xC06_tiered_nt3,u2_c10_seed00000017_xC06,tiered_unconfounded,fast_gate,10,3,measured,,,3,17,C06,Y,8,3,10,10,0.8125,2,"C00,W",0.125,1,0,1,0,3,True,2,ok,local_up_fast,mpdag_criterion,True,"Conjecture 2 (proved: Anti-Exchange Case B, THEOREMS.md section 4)",C00->C08 C00->Y C01->C08 C02->C03 C02->C04 C02->C07 C03->C04 C03->C09 C04->C09 C06->Y W->Y C00-C01 C00-C02 C01-C02 C01-C05 C05-C06,0.0032763749914010987,0.0,0.003671208003652282,,6,55,24,0,0.9893887693232287,5.903806310446294,11,5,C00,4
u2_c10_seed00000017_xC06_tiered_nt4,u2_c10_seed00000017_xC06,tiered_unconfounded,fast_gate,10,3,measured,,,4,17,C06,Y,11,1,12,12,0.8125,2,"C00,W",0.0,0,0,2,0,3,True,2,ok,local_up_fast,mpdag_criterion,True,"Conjecture 2 (proved: Anti-Exchange Case B, THEOREMS.md section 4)",C00->C02 C00->C08 C00->Y C01->C02 C01->C08 C02->C03 C02->C04 C02->C07 C03->C04 C03->C09 C04->C09 C06->Y W->Y C00-C01 C01-C05 C05-C06,0.0021257080079521984,0.0,0.002486583005520515,,4,45,17,0,0.9748763265360079,4.898209201931823,12,7,C00,4
u2_c10_seed00000018_xC04_tiered_nt4,u2_c10_seed00000018_xC04,tiered_unconfounded,fast_gate,10,1,measured,,,4,18,C04,Y,10,1,10,10,0.7857142857142857,2,"C00,W",0.1,1,0,1,0,3,True,1,ok,local_up_fast,mpdag_criterion,True,"Conjecture 2 (proved: Anti-Exchange Case B, THEOREMS.md section 4)",C00->C03 C00->Y C01->C02 C01->C03 C03->C05 C03->C06 C03->C07 C03->C08 C04->Y C05->C07 C05->C09 W->Y C00-C01 C00-C04,0.0003958750021411106,0.0,0.000728083003195934,,1,10,5,0,0.9730184820098625,5.661634176561971,9,3,C00,3
u2_c10_seed00000019_xC04_tiered_nt4,u2_c10_seed00000019_xC04,tiered_unconfounded,fast_gate,10,1,measured,,,4,19,C04,Y,9,1,9,9,0.7692307692307693,2,"C00,W",0.1111111111111111,1,0,1,0,3,True,1,ok,local_up_fast,mpdag_criterion,True,"Conjecture 2 (proved: Anti-Exchange Case B, THEOREMS.md section 4)",C00->C05 C00->Y C01->C02 C01->C03 C02->C03 C02->C08 C04->C06 C04->Y C05->C07 C06->C09 W->Y C00-C01 C00-C04,0.00038174999644979835,0.0,0.0006337920058285818,,1,9,5,0,0.9094733656174334,2.731621726040531,9,6,C00,9
u2_c10_seed00000020_xC07_tiered_nt3,u2_c10_seed00000020_xC07,tiered_unconfounded,fast_gate,10,1,measured,,,3,20,C07,Y,10,2,10,10,0.8,2,"C00,W",0.1,1,0,1,0,3,True,1,ok,local_up_fast,mpdag_criterion,True,"Conjecture 2 (proved: Anti-Exchange Case B, THEOREMS.md section 4)",C00->C03 C00->C06 C00->C09 C00->Y C01->C02 C01->C03 C01->C05 C02->C05 C04->C09 C07->C08 C07->Y W->Y C00-C01 C00-C04 C00-C07,0.0005380829970818013,0.0,0.0008622919995104894,,1,10,7,0,0.877153494104765,4.372878793223911,10,5,C00,9
u2_c10_seed00000020_xC07_tiered_nt4,u2_c10_seed00000020_xC07,tiered_unconfounded,fast_gate,10,1,measured,,,4,20,C07,Y,11,1,11,11,0.8,2,"C00,W",0.09090909090909091,1,0,1,0,3,True,1,ok,local_up_fast,mpdag_criterion,True,"Conjecture 2 (proved: Anti-Exchange Case B, THEOREMS.md section 4)",C00->C03 C00->C04 C00->C06 C00->C09 C00->Y C01->C02 C01->C03 C01->C05 C02->C05 C04->C09 C07->C08 C07->Y W->Y C00-C01 C00-C07,0.00042549999488983303,0.0,0.0007128329889383167,,1,11,6,0,0.878037447257384,3.530991532464947,12,8,C00,9
u2_c10_seed00000021_xC07_tiered_nt2,u2_c10_seed00000021_xC07,tiered_unconfounded,fast_gate,10,3,measured,,,2,21,C07,Y,3,5,6,6,0.7857142857142857,2,"C00,W",0.3333333333333333,1,0,1,0,3,True,2,ok,local_up_fast,mpdag_criterion,True,"Conjecture 2 (proved: Anti-Exchange Case B, THEOREMS.md section 4)",C00->C06 C00->Y C01->C06 C04->C08 C06->C09 C07->Y W->Y C00-C01 C00-C02 C00-C05 C01-C04 C02-C03 C04-C07 C07-C08,0.002798875008011237,0.0,0.003356208006152883,,3,16,8,0,0.9315481618722268,5.4520829975332985,10,4,C00,9
u2_c10_seed00000021_xC07_tiered_nt3,u2_c10_seed00000021_xC07,tiered_unconfounded,fast_gate,10,3,measured,,,3,21,C07,Y,8,3,8,8,0.7857142857142857,2,"C00,W",0.0,0,0,2,0,3,True,2,ok,local_up_fast,mpdag_criterion,True,"Conjecture 2 (proved: Anti-Exchange Case B, THEOREMS.md section 4)",C00->C05 C00->C06 C00->Y C01->C06 C02->C03 C04->C08 C06->C09 C07->Y W->Y C00-C01 C00-C02 C01-C04 C04-C07 C07-C08,0.00212170799204614,0.0,0.002396915981080383,,4,29,15,0,0.9881146541239831,4.911982431112188,9,4,C00,9
u2_c10_seed00000021_xC07_tiered_nt4,u2_c10_seed00000021_xC07,tiered_unconfounded,fast_gate,10,3,measured,,,4,21,C07,Y,8,1,10,10,0.7857142857142857,2,"C00,W",0.125,1,0,1,0,3,True,2,ok,local_up_fast,mpdag_criterion,True,"Conjecture 2 (proved: Anti-Exchange Case B, THEOREMS.md section 4)",C00->C02 C00->C05 C00->C06 C00->Y C01->C06 C02->C03 C04->C08 C06->C09 C07->C08 C07->Y W->Y C00-C01 C01-C04 C04-C07,0.0016435419966001064,0.0,0.0018934999970952049,,4,37,17,0,0.9991691842900302,5.981641591644021,11,5,C00,9
u2_c10_seed00000023_xC02_tiered_nt4,u2_c10_seed00000023_xC02,tiered_unconfounded,fast_gate,10,1,measured,,,4,23,C02,Y,11,1,11,11,0.8,2,"C00,W",0.09090909090909091,1,0,1,0,3,True,1,ok,local_up_fast,mpdag_criterion,True,"Conjecture 2 (proved: Anti-Exchange Case B, THEOREMS.md section 4)",C00->C03 C00->C05 C00->C06 C00->C07 C00->C09 C00->Y C02->C03 C02->C04 C02->C06 C02->Y C05->C08 C06->C09 W->Y C00-C01 C00-C02,0.0004979590012226254,0.0,0.0007975839980645105,,1,11,6,0,0.2087883597883598,2.9948603420696442,12,7,C00,9
u2_c10_seed00000024_xC05_tiered_nt2,u2_c10_seed00000024_xC05,tiered_unconfounded,fast_gate,10,2,measured,,,2,24,C05,Y,4,4,6,6,0.7692307692307693,2,"C00,W",0.25,1,0,1,0,3,True,1,ok,local_up_fast,mpdag_criterion,True,"Conjecture 2 (proved: Anti-Exchange Case B, THEOREMS.md section 4)",C00->C06 C00->Y C03->C06 C03->C08 C05->Y C06->C07 C07->C09 W->Y C00-C01 C00-C02 C00-C03 C00-C04 C02-C05,0.0005427919968497008,0.0,0.0008554999949410558,,1,6,4,0,0.8152477708008166,5.966905129493783,9,2,C00,6
u2_c10_seed00000024_xC05_tiered_nt3,u2_c10_seed00000024_xC05,tiered_unconfounded,fast_gate,10,2,measured,,,3,24,C05,Y,6,3,7,7,0.7692307692307693,2,"C00,W",0.16666666666666666,1,0,1,0,3,True,1,ok,local_up_fast,mpdag_criterion,True,"Conjecture 2 (proved: Anti-Exchange Case B, THEOREMS.md section 4)",C00->C03 C00->C04 C00->C06 C00->Y C03->C08 C05->Y C06->C07 C07->C09 W->Y C00-C01 C00-C02 C02-C05 C03-C06,0.00036366601125337183,0.0,0.0006328320159809664,,1,7,2,0,0.9321017608455204,5.523300394160076,9,3,C00,6
u2_c10_seed00000024_xC05_tiered_nt4,u2_c10_seed00000024_xC05,tiered_unconfounded,fast_gate,10,2,measured,,,4,24,C05,Y,8,1,9,9,0.7692307692307693,2,"C00,W",0.0,0,0,2,0,3,True,2,ok,local_up_fast,mpdag_criterion,True,"Conjecture 2 (proved: Anti-Exchange Case B, THEOREMS.md section 4)",C00->C03 C00->C04 C00->C06 C00->Y C03->C06 C03->C08 C05->Y C06->C07 C07->C09 W->Y C00-C01 C00-C02 C02-C05,0.0019642080005723983,0.0,0.002207792000262998,,5,41,15,0,0.9664376533263702,3.9164016384801927,9,5,C00,6
u2_c10_seed00000025_xC03_tiered_nt2,u2_c10_seed00000025_xC03,tiered_unconfounded,fast_gate,10,1,measured,,,2,25,C03,Y,7,5,8,8,0.8125,2,"C00,W",0.14285714285714285,1,0,1,0,3,True,1,ok,local_up_fast,mpdag_criterion,True,"Conjecture 2 (proved: Anti-Exchange Case B, THEOREMS.md section 4)",C00->Y C01->C04 C01->C08 C02->C03 C02->C04 C02->C06 C02->C09 C03->C06 C03->Y W->Y C00-C01 C00-C02 C00-C03 C00-C05 C01-C02 C01-C07,0.0010206250008195639,0.0,0.0014681669999845326,,1,8,7,0,0.38473666697831105,3.4897046546596706,10,4,C00,5
u2_c10_seed00000025_xC03_tiered_nt3,u2_c10_seed00000025_xC03,tiered_unconfounded,fast_gate,10,1,measured,,,3,25,C03,Y,10,2,11,11,0.8125,2,"C00,W",0.0,0,0,2,0,3,True,3,ok,local_up_fast,mpdag_criterion,True,"Conjecture 2 (proved: Anti-Exchange Case B, THEOREMS.md section 4)",C00->C02 C00->Y C01->C04 C01->C07 C01->C08 C02->C04 C02->C06 C02->C09 C03->C06 C03->Y W->Y C00-C01 C00-C03 C00-C05 C01-C02 C02-C03,0.0063630000076955184,0.0,0.006735875009326264,,11,105,22,0,0.9654773534231017,5.627192761969393,12,6,C00,5
u2_c10_seed00000025_xC03_tiered_nt4,u2_c10_seed00000025_xC03,tiered_unconfounded,fast_gate,10,1,measured,,,4,25,C03,Y,12,1,12,12,0.8125,2,"C00,W",0.0,0,0,3,0,3,True,3,ok,local_up_fast,mpdag_criterion,True,"Conjecture 2 (proved: Anti-Exchange Case B, THEOREMS.md section 4)",C00->C02 C00->C05 C00->Y C01->C04 C01->C07 C01->C08 C02->C04 C02->C06 C02->C09 C03->C06 C03->Y W->Y C00-C01 C00-C03 C01-C02 C02-C03,0.0069412500015459955,0.0,0.007301334015210159,,14,147,33,0,0.986,4.848109982660391,11,6,C00,5
u2_c10_seed00000026_xC09_tiered_nt4,u2_c10_seed00000026_xC09,tiered_unconfounded,fast_gate,10,1,measured,,,4,26,C09,Y,11,1,12,12,0.8125,2,"C00,W",0.09090909090909091,1,0,1,0,3,True,1,ok,local_up_fast,mpdag_criterion,True,"Conjecture 2 (proved: Anti-Exchange Case B, THEOREMS.md section 4)",C00->C02 C00->C03 C00->Y C01->C02 C01->C03 C01->C06 C02->C04 C02->C05 C03->C06 C03->C07 C04->C08 C06->C07 C09->Y W->Y C00-C01 C00-C09,0.00046929100062698126,0.0,0.0009074999979929999,,1,12,4,0,0.9845010852676749,4.78600570687915,12,7,C00,8
u2_c10_seed00000027_xC02_tiered_nt4,u2_c10_seed00000027_xC02,tiered_unconfounded,fast_gate,10,1,measured,,,4,27,C02,Y,8,2,10,10,0.8,2,"C00,W",0.125,1,0,1,0,3,True,1,ok,local_up_fast,mpdag_criterion,True,"Conjecture 2 (proved: Anti-Exchange Case B, THEOREMS.md section 4)",C00->C03 C00->C07 C00->Y C01->C05 C02->C04 C02->C06 C02->Y C03->C07 C04->C06 C05->C09 C07->C08 W->Y C00-C01 C00-C02 C02-C03,0.0006532090046675876,0.0,0.0009164170041913167,,1,10,6,0,0.6741456061082516,5.020505997411422,11,4,C00,9
u2_c10_seed00000028_xC07_tiered_nt2,u2_c10_seed00000028_xC07,tiered_unconfounded,fast_gate,10,4,measured,,,2,28,C07,Y,3,4,6,6,0.7692307692307693,2,"C00,W",0.3333333333333333,1,0,1,0,3,True,2,ok,local_up_fast,mpdag_criterion,True,"Conjecture 2 (proved: Anti-Exchange Case B, THEOREMS.md section 4)",C00->Y C02->C04 C03->C04 C06->C08 C07->C09 C07->Y W->Y C00-C01 C00-C05 C01-C02 C02-C03 C02-C06 C06-C07,0.0011620419973041862,0.0,0.0014667919895146042,,3,16,8,0,0.8564993547333855,4.726726310238332,10,4,C00,9
u2_c10_seed00000028_xC07_tiered_nt3,u2_c10_seed00000028_xC07,tiered_unconfounded,fast_gate,10,4,measured,,,3,28,C07,Y,3,3,7,7,0.7692307692307693,2,"C00,W",0.0,0,0,2,0,3,True,3,ok,local_up_fast,mpdag_criterion,True,"Conjecture 2 (proved: Anti-Exchange Case B, THEOREMS.md section 4)",C00->Y C02->C03 C02->C04 C06->C08 C07->C09 C07->Y W->Y C00-C01 C00-C05 C01-C02 C02-C06 C03-C04 C06-C07,0.0011223339970456436,0.0,0.001371667007333599,,3,18,7,0,0.9946324608819681,7.862593827444015,10,2,C00,9
u2_c10_seed00000028_xC07_tiered_nt4,u2_c10_seed00000028_xC07,tiered_unconfounded,fast_gate,10,4,measured,,,4,28,C07,Y,7,1,9,9,0.7692307692307693,2,"C00,W",0.0,0,0,2,0,3,True,3,ok,local_up_fast,mpdag_criterion,True,"Conjecture 2 (proved: Anti-Exchange Case B, THEOREMS.md section 4)",C00->C05 C00->Y C02->C03 C02->C04 C03->C04 C06->C08 C07->C09 C07->Y W->Y C00-C01 C01-C02 C02-C06 C06-C07,0.002144665995729156,0.0,0.0023747910017846152,,7,54,15,0,0.998158874059151,4.9861561538545764,10,5,C00,9
u2_c10_seed00000030_xC06_tiered_nt2,u2_c10_seed00000030_xC06,tiered_unconfounded,fast_gate,10,1,measured,,,2,30,C06,Y,7,5,7,7,0.8,2,"C00,W",0.14285714285714285,1,0,1,0,3,True,1,ok,local_up_fast,mpdag_criterion,True,"Conjecture 2 (proved: Anti-Exchange Case B, THEOREMS.md section 4)",C00->C08 C00->Y C01->C07 C02->C04 C03->C08 C05->C06 C05->C09 C06->Y W->Y C00-C01 C00-C02 C00-C03 C00-C05 C00-C06 C02-C03,0.000832874997286126,0.0,0.0011700420000124723,,1,7,8,0,0.4559764020058683,3.783860808437874,8,1,C00,9
u2_c10_seed00000030_xC06_tiered_nt3,u2_c10_seed00000030_xC06,tiered_unconfounded,fast_gate,10,1,measured,,,3,30,C06,Y,9,3,9,9,0.8,2,"C00,W",0.1111111111111111,1,0,1,0,3,True,1,ok,local_up_fast,mpdag_criterion,True,"Conjecture 2 (proved: Anti-Exchange Case B, THEOREMS.md section 4)",C00->C03 C00->C05 C00->C08 C00->Y C01->C07 C02->C03 C02->C04 C03->C08 C05->C09 C06->Y W->Y C00-C01 C00-C02 C00-C06 C05-C06,0.0010262919968226925,0.0,0.001321750009083189,,1,9,5,0,0.39453463782779385,4.1144744550405585,10,4,C00,9
u2_c10_seed00000030_xC06_tiered_nt4,u2_c10_seed00000030_xC06,tiered_unconfounded,fast_gate,10,1,measured,,,4,30,C06,Y,10,2,10,10,0.8,2,"C00,W",0.0,0,0,2,0,3,True,2,ok,local_up_fast,mpdag_criterion,True,"Conjecture 2 (proved: Anti-Exchange Case B, THEOREMS.md section 4)",C00->C02 C00->C03 C00->C05 C00->C08 C00->Y C01->C07 C02->C04 C03->C08 C05->C09 C06->Y W->Y C00-C01 C00-C06 C02-C03 C05-C06,0.0009615409944672137,0.0,0.0012373329955153167,,2,19,10,0,0.6562416724146888,3.954693419915861,11,6,C00,9
u2_c10_seed00000031_xC02_tiered_nt3,u2_c10_seed00000031_xC02,tiered_unconfounded,fast_gate,10,1,measured,,,3,31,C02,Y,6,2,10,10,0.8,2,"C00,W",0.16666666666666666,1,0,1,0,3,True,1,ok,local_up_fast,mpdag_criterion,True,"Conjecture 2 (proved: Anti-Exchange Case B, THEOREMS.md section 4)",C00->C05 C00->C06 C00->Y C01->C02 C02->C03 C02->C05 C02->C08 C02->Y C05->C06 C05->C09 C06->C07 W->Y C00-C01 C00-C02 C00-C04,0.0005845000123372301,0.0,0.0008532500069122761,,1,10,3,0,0.5781674317398001,4.335628508390218,12,4,C00,9
u2_c10_seed00000031_xC02_tiered_nt4,u2_c10_seed00000031_xC02,tiered_unconfounded,fast_gate,10,1,measured,,,4,31,C02,Y,9,1,11,11,0.8,2,"C00,W",0.1111111111111111,1,0,1,0,3,True,1,ok,local_up_fast,mpdag_criterion,True,"Conjecture 2 (proved: Anti-Exchange Case B, THEOREMS.md section 4)",C00->C04 C00->C05 C00->C06 C00->Y C01->C02 C02->C03 C02->C05 C02->C08 C02->Y C05->C06 C05->C09 C06->C07 W->Y C00-C01 C00-C02,0.0004897500039078295,0.0,0.0007234170043375343,,1,11,4,0,0.6504235070193685,4.084905094019883,11,5,C00,9
u2_c10_seed00000032_xC05_tiered_nt2,u2_c10_seed00000032_xC05,tiered_unconfounded,fast_gate,10,2,measured,,,2,32,C05,Y,3,4,5,5,0.75,2,"C00,W",0.3333333333333333,1,0,1,0,3,True,1,ok,local_up_fast,mpdag_criterion,True,"Conjecture 2 (proved: Anti-Exchange Case B, THEOREMS.md section 4)",C00->Y C04->C06 C04->C09 C05->Y C06->C07 C07->C08 W->Y C00-C01 C00-C03 C01-C02 C01-C04 C01-C05,0.0008318329928442836,0.0,0.001126332994317636,,1,5,4,0,0.7528349491944621,2.993816886631401,8,4,C00,9
u2_c10_seed00000032_xC05_tiered_nt3,u2_c10_seed00000032_xC05,tiered_unconfounded,fast_gate,10,2,measured,,,3,32,C05,Y,5,2,7,7,0.75,2,"C00,W",0.2,1,0,1,0,3,True,1,ok,local_up_fast,mpdag_criterion,True,"Conjecture 2 (proved: Anti-Exchange Case B, THEOREMS.md section 4)",C00->Y C01->C02 C01->C04 C04->C06 C04->C09 C05->Y C06->C07 C07->C08 W->Y C00-C01 C00-C03 C01-C05,0.0003234999894630164,0.0,0.0005567499902099371,,1,7,2,0,0.8224002115530556,4.241333130859166,9,4,C00,9
u2_c10_seed00000032_xC05_tiered_nt4,u2_c10_seed00000032_xC05,tiered_unconfounded,fast_gate,10,2,measured,,,4,32,C05,Y,7,1,8,8,0.75,2,"C00,W",0.14285714285714285,1,0,1,0,3,True,1,ok,local_up_fast,mpdag_criterion,True,"Conjecture 2 (proved: Anti-Exchange Case B, THEOREMS.md section 4)",C00->C03 C00->Y C01->C02 C01->C04 C04->C06 C04->C09 C05->Y C06->C07 C07->C08 W->Y C00-C01 C01-C05,0.0002507919998606667,0.0,0.0004548330034594983,,1,8,2,0,0.9346741205344969,2.81390011795004,9,6,C00,9
u2_c10_seed00000033_xC08_tiered_nt2,u2_c10_seed00000033_xC08,tiered_unconfounded,fast_gate,10,2,measured,,,2,33,C08,Y,5,5,7,7,0.8,2,"C00,W",0.2,1,0,1,0,3,True,1,ok,local_up_fast,mpdag_criterion,True,"Conjecture 2 (proved: Anti-Exchange Case B, THEOREMS.md section 4)",C00->Y C01->C05 C01->C09 C04->C08 C04->C09 C05->C06 C05->C07 C08->Y W->Y C00-C01 C01-C02 C01-C03 C01-C04 C01-C08 C06-C07,0.0008731249981792644,0.0,0.0012648749980144203,,1,7,5,0,0.7501633293515333,5.135095096191557,11,3,C00,9
u2_c10_seed00000033_xC08_tiered_nt3,u2_c10_seed00000033_xC08,tiered_unconfounded,fast_gate,10,2,measured,,,3,33,C08,Y,9,2,10,10,0.8,2,"C00,W",0.0,0,0,2,0,3,True,2,ok,local_up_fast,mpdag_criterion,True,"Conjecture 2 (proved: Anti-Exchange Case B, THEOREMS.md section 4)",C00->Y C01->C03 C01->C04 C01->C05 C01->C09 C04->C09 C05->C06 C05->C07 C06->C07 C08->Y W->Y C00-C01 C01-C02 C01-C08 C04-C08,0.002247209005872719,0.0,0.002570209006080404,,4,37,18,0,0.7856825348531895,4.957698168886798,12,6,C00,9
u2_c10_seed00000033_xC08_tiered_nt4,u2_c10_seed00000033_xC08,tiered_unconfounded,fast_gate,10,2,measured,,,4,33,C08,Y,10,1,11,11,0.8,2,"C00,W",0.0,0,0,2,0,3,True,2,ok,local_up_fast,mpdag_criterion,True,"Conjecture 2 (proved: Anti-Exchange Case B, THEOREMS.md section 4)",C00->Y C01->C02 C01->C03 C01->C04 C01->C05 C01->C09 C04->C09 C05->C06 C05->C07 C06->C07 C08->Y W->Y C00-C01 C01-C08 C04-C08,0.0017124580044765025,0.0,0.0022369579965015873,,4,41,21,0,0.3179660458372209,4.1714069093461275,12,6,C00,9
u2_c10_seed00000034_xC07_tiered_nt2,u2_c10_seed00000034_xC07,tiered_unconfounded,fast_gate,10,2,measured,,,2,34,C07,Y,4,5,5,5,0.7692307692307693,2,"C00,W",0.25,1,0,1,0,3,True,1,ok,local_up_fast,mpdag_criterion,True,"Conjecture 2 (proved: Anti-Exchange Case B, THEOREMS.md section 4)",C00->Y C01->C05 C04->C06 C04->C08 C06->C09 C07->Y W->Y C00-C01 C00-C02 C00-C03 C01-C03 C02-C04 C03-C07,0.00046212499728426337,0.0,0.0007625419966643676,,1,5,4,0,0.849685689949627,3.3689381482942227,9,5,C00,9
u2_c10_seed00000034_xC07_tiered_nt3,u2_c10_seed00000034_xC07,tiered_unconfounded,fast_gate,10,2,measured,,,3,34,C07,Y,7,2,8,8,0.7692307692307693,2,"C00,W",0.0,0,0,3,0,3,True,3,ok,local_up_fast,mpdag_criterion,True,"Conjecture 2 (proved: Anti-Exchange Case B, THEOREMS.md section 4)",C00->Y C01->C05 C02->C04 C04->C06 C04->C08 C06->C09 C07->Y W->Y C00-C01 C00-C02 C00-C03 C01-C03 C03-C07,0.004417957999976352,0.0,0.004677124990848824,,13,84,26,0,0.9690750188964474,4.820795759549544,9,4,C00,9
u2_c10_seed00000034_xC07_tiered_nt4,u2_c10_seed00000034_xC07,tiered_unconfounded,fast_gate,10,2,measured,,,4,34,C07,Y,8,1,9,9,0.7692307692307693,2,"C00,W",0.0,0,0,3,0,3,True,3,ok,local_up_fast,mpdag_criterion,True,"Conjecture 2 (proved: Anti-Exchange Case B, THEOREMS.md section 4)",C00->C02 C00->Y C01->C05 C02->C04 C04->C06 C04->C08 C06->C09 C07->Y W->Y C00-C01 C00-C03 C01-C03 C03-C07,0.002944084000773728,0.0,0.00317858399648685,,9,69,17,0,0.867497846665127,4.695502162307926,10,5,C00,9
u2_c10_seed00000035_xC02_tiered_nt4,u2_c10_seed00000035_xC02,tiered_unconfounded,fast_gate,10,1,measured,,,4,35,C02,Y,8,1,9,9,0.7692307692307693,2,"C00,W",0.125,1,0,1,0,3,True,1,ok,local_up_fast,mpdag_criterion,True,"Conjecture 2 (proved: Anti-Exchange Case B, THEOREMS.md section 4)",C00->C04 C00->C06 C00->Y C01->C03 C01->C07 C02->C04 C02->C05 C02->Y C06->C08 C08->C09 W->Y C00-C01 C00-C02,0.0003651250008260831,0.0,0.0005817499913973734,,1,9,6,0,0.9806127341706133,3.7753809935287146,10,6,C00,9
u2_c10_seed00000036_xC04_tiered_nt3,u2_c10_seed00000036_xC04,tiered_unconfounded,fast_gate,10,2,measured,,,3,36,C04,Y,6,3,7,7,0.7692307692307693,2,"C00,W",0.16666666666666666,1,0,1,0,3,True,2,ok,local_up_fast,mpdag_criterion,True,"Conjecture 2 (proved: Anti-Exchange Case B, THEOREMS.md section 4)",C00->C07 C00->Y C01->C08 C01->C09 C02->C05 C04->Y C05->C06 W->Y C00-C01 C00-C02 C00-C03 C03-C04 C03-C07,0.002751874999376014,0.0,0.003034749999642372,,6,37,18,0,0.9843418400633327,4.907826975322261,9,4,C00,9
u2_c10_seed00000036_xC04_tiered_nt4,u2_c10_seed00000036_xC04,tiered_unconfounded,fast_gate,10,2,measured,,,4,36,C04,Y,8,1,9,9,0.7692307692307693,2,"C00,W",0.125,1,0,1,0,3,True,2,ok,local_up_fast,mpdag_criterion,True,"Conjecture 2 (proved: Anti-Exchange Case B, THEOREMS.md section 4)",C00->C02 C00->C07 C00->Y C01->C08 C01->C09 C02->C05 C03->C07 C04->Y C05->C06 W->Y C00-C01 C00-C03 C03-C04,0.001709917007246986,0.0,0.001968166994629428,,5,41,17,0,0.9955546772068511,4.955754025954522,9,4,C00,9
u2_c10_seed00000037_xC02_tiered_nt4,u2_c10_seed00000037_xC02,tiered_unconfounded,fast_gate,10,1,measured,,,4,37,C02,Y,8,2,11,11,0.8125,2,"C00,W",0.125,1,0,1,0,3,True,1,ok,local_up_fast,mpdag_criterion,True,"Conjecture 2 (proved: Anti-Exchange Case B, THEOREMS.md section 4)",C00->C03 C00->C08 C00->Y C02->Y C03->C04 C03->C05 C03->C06 C05->C06 C05->C07 C06->C07 C06->C09 C07->C09 W->Y C00-C01 C00-C02 C02-C03,0.0006648749986197799,0.0,0.0008615830010967329,,1,11,5,0,0.8908243946930154,6.05954884143457,13,6,C00,3
u2_c10_seed00000039_xC05_tiered_nt2,u2_c10_seed00000039_xC05,tiered_unconfounded,fast_gate,10,2,measured,,,2,39,C05,Y,4,6,6,6,0.8,2,"C00,W",0.25,1,0,1,0,3,True,1,ok,local_up_fast,mpdag_criterion,True,"Conjecture 2 (proved: Anti-Exchange Case B, THEOREMS.md section 4)",C00->Y C01->C07 C02->C08 C04->C05 C05->C06 C05->C09 C05->Y W->Y C00-C01 C00-C03 C01-C02 C01-C03 C01-C04 C01-C05 C06-C09,0.0007642499986104667,0.0,0.001156790996901691,,1,6,5,0,0.6281469116652255,3.3355690258530624,9,1,C00,7
u2_c10_seed00000039_xC05_tiered_nt3,u2_c10_seed00000039_xC05,tiered_unconfounded,fast_gate,10,2,measured,,,3,39,C05,Y,8,4,8,8,0.8,2,"C00,W",0.125,1,0,1,0,3,True,1,ok,local_up_fast,mpdag_criterion,True,"Conjecture 2 (proved: Anti-Exchange Case B, THEOREMS.md section 4)",C00->C03 C00->Y C01->C03 C01->C04 C01->C07 C02->C08 C05->C06 C05->C09 C05->Y W->Y C00-C01 C01-C02 C01-C05 C04-C05 C06-C09,0.0006126669904915616,0.0,0.0008720000041648746,,1,8,4,0,0.5798394130792212,4.281792379735253,11,5,C00,7
u2_c10_seed00000039_xC05_tiered_nt4,u2_c10_seed00000039_xC05,tiered_unconfounded,fast_gate,10,2,measured,,,4,39,C05,Y,10,2,10,10,0.8,2,"C00,W",0.0,0,0,2,0,3,True,2,ok,local_up_fast,mpdag_criterion,True,"Conjecture 2 (proved: Anti-Exchange Case B, THEOREMS.md section 4)",C00->C03 C00->Y C01->C02 C01->C03 C01->C04 C01->C07 C02->C08 C05->C06 C05->C09 C05->Y W->Y C00-C01 C01-C05 C04-C05 C06-C09,0.0008729159890208393,0.0,0.0010982499952660874,,2,19,9,0,0.2697335492672847,3.6915588559591117,11,5,C00,7
u2_c10_seed00000040_xC06_tiered_nt2,u2_c10_seed00000040_xC06,tiered_unconfounded,fast_gate,10,2,measured,,,2,40,C06,Y,4,6,5,5,0.7857142857142857,2,"C00,W",0.25,1,0,1,0,3,True,1,ok,local_up_fast,mpdag_criterion,True,"Conjecture 2 (proved: Anti-Exchange Case B, THEOREMS.md section 4)",C00->Y C02->C03 C03->C07 C04->C08 C04->C09 C06->Y W->Y C00-C01 C00-C04 C00-C05 C01-C02 C04-C06 C06-C08 C06-C09,0.000847167000756599,0.0,0.0011395839974284172,,1,5,4,0,0.5463519698221462,2.910935278483321,10,5,C00,9
u2_c10_seed00000040_xC06_tiered_nt3,u2_c10_seed00000040_xC06,tiered_unconfounded,fast_gate,10,2,measured,,,3,40,C06,Y,8,2,9,9,0.7857142857142857,2,"C00,W",0.125,1,0,1,0,3,True,1,ok,local_up_fast,mpdag_criterion,True,"Conjecture 2 (proved: Anti-Exchange Case B, THEOREMS.md section 4)",C00->C05 C00->Y C01->C02 C02->C03 C03->C07 C04->C08 C04->C09 C06->C08 C06->C09 C06->Y W->Y C00-C01 C00-C04 C04-C06,0.0004940000071655959,0.0,0.0007382080075331032,,1,9,4,0,0.9870794280723709,3.7903944172585593,10,6,C00,9
u2_c10_seed00000040_xC06_tiered_nt4,u2_c10_seed00000040_xC06,tiered_unconfounded,fast_gate,10,2,measured,,,4,40,C06,Y,9,2,9,9,0.7857142857142857,2,"C00,W",0.0,0,0,2,0,3,True,2,ok,local_up_fast,mpdag_criterion,True,"Conjecture 2 (proved: Anti-Exchange Case B, THEOREMS.md section 4)",C00->C05 C00->Y C01->C02 C02->C03 C03->C07 C04->C08 C04->C09 C06->C09 C06->Y W->Y C00-C01 C00-C04 C04-C06 C06-C08,0.0025114580057561398,0.0,0.0027469580090837553,,5,41,14,0,0.9938022281523503,3.9380222815235038,10,6,C00,9
u2_c10_seed00000041_xC04_tiered_nt3,u2_c10_seed00000041_xC04,tiered_unconfounded,fast_gate,10,2,measured,,,3,41,C04,Y,6,2,8,8,0.7692307692307693,2,"C00,W",0.16666666666666666,1,0,1,0,3,True,1,ok,local_up_fast,mpdag_criterion,True,"Conjecture 2 (proved: Anti-Exchange Case B, THEOREMS.md section 4)",C00->Y C01->C03 C02->C03 C03->C07 C04->C05 C04->C08 C04->Y C05->C06 C05->C09 W->Y C00-C01 C01-C02 C01-C04,0.0004017080063931644,0.0,0.0006093750125728548,,1,8,3,0,0.46742972545900274,3.591481517278723,10,3,C00,8
u2_c10_seed00000041_xC04_tiered_nt4,u2_c10_seed00000041_xC04,tiered_unconfounded,fast_gate,10,2,measured,,,4,41,C04,Y,8,2,8,8,0.7692307692307693,2,"C00,W",0.125,1,0,1,0,3,True,1,ok,local_up_fast,mpdag_criterion,True,"Conjecture 2 (proved: Anti-Exchange Case B, THEOREMS.md section 4)",C00->Y C01->C02 C01->C03 C03->C07 C04->C05 C04->C08 C04->Y C05->C06 C05->C09 W->Y C00-C01 C01-C04 C02-C03,0.0005510000046342611,0.0,0.0007281670114025474,,1,8,2,0,0.9166062079386599,4.3021328269408485,9,4,C00,8
u2_c10_seed00000042_xC09_tiered_nt2,u2_c10_seed00000042_xC09,tiered_unconfounded,fast_gate,10,2,measured,,,2,42,C09,Y,4,5,5,5,0.7692307692307693,2,"C00,W",0.25,1,0,1,0,3,True,1,ok,local_up_fast,mpdag_criterion,True,"Conjecture 2 (proved: Anti-Exchange Case B, THEOREMS.md section 4)",C00->Y C01->C08 C02->C05 C03->C07 C05->C06 C09->Y W->Y C00-C01 C00-C02 C00-C04 C01-C09 C02-C03 C02-C04,0.0005916250083828345,0.0,0.0009247080161003396,,1,5,4,0,0.8425257507761824,5.224036196072564,9,3,C00,9
u2_c10_seed00000042_xC09_tiered_nt3,u2_c10_seed00000042_xC09,tiered_unconfounded,fast_gate,10,2,measured,,,3,42,C09,Y,8,2,8,8,0.7692307692307693,2,"C00,W",0.125,1,0,1,0,3,True,1,ok,local_up_fast,mpdag_criterion,True,"Conjecture 2 (proved: Anti-Exchange Case B, THEOREMS.md section 4)",C00->C04 C00->Y C01->C08 C02->C03 C02->C04 C02->C05 C03->C07 C05->C06 C09->Y W->Y C00-C01 C00-C02 C01-C09,0.00040774999069981277,0.0,0.0006612909928662702,,1,8,5,0,0.9281502735886829,3.6906288881826677,10,6,C00,9
u2_c10_seed00000042_xC09_tiered_nt4,u2_c10_seed00000042_xC09,tiered_unconfounded,fast_gate,10,2,measured,,,4,42,C09,Y,7,2,8,8,0.7692307692307693,2,"C00,W",0.14285714285714285,1,0,1,0,3,True,1,ok,local_up_fast,mpdag_criterion,True,"Conjecture 2 (proved: Anti-Exchange Case B, THEOREMS.md section 4)",C00->C02 C00->C04 C00->Y C01->C08 C02->C03 C02->C05 C03->C07 C05->C06 C09->Y W->Y C00-C01 C01-C09 C02-C04,0.0003307910083094612,0.0,0.0007818750018486753,,1,8,2,0,0.9789576088756415,4.801943788117946,9,4,C00,9
u2_c10_seed00000043_xC07_tiered_nt2,u2_c10_seed00000043_xC07,tiered_unconfounded,fast_gate,10,2,measured,,,2,43,C07,Y,4,8,5,5,0.8125,2,"C00,W",0.25,1,0,1,0,3,True,1,ok,local_up_fast,mpdag_criterion,True,"Conjecture 2 (proved: Anti-Exchange Case B, THEOREMS.md section 4)",C00->Y C01->C08 C01->C09 C03->C04 C04->C05 C07->Y W->Y C00-C01 C00-C02 C00-C03 C00-C06 C01-C02 C01-C03 C01-C06 C02-C07 C08-C09,0.000676166993798688,0.0,0.0015432090003741905,,1,5,3,0,0.8580308770929251,7.161848914162166,11,3,C00,9
u2_c10_seed00000043_xC07_tiered_nt3,u2_c10_seed00000043_xC07,tiered_unconfounded,fast_gate,10,2,measured,,,3,43,C07,Y,9,3,10,10,0.8125,2,"C00,W",0.1111111111111111,1,0,1,0,3,True,1,ok,local_up_fast,mpdag_criterion,True,"Conjecture 2 (proved: Anti-Exchange Case B, THEOREMS.md section 4)",C00->C03 C00->C06 C00->Y C01->C03 C01->C06 C01->C08 C01->C09 C03->C04 C04->C05 C07->Y C08->C09 W->Y C00-C01 C00-C02 C01-C02 C02-C07,0.0005181250016903505,0.0,0.000952667003730312,,1,10,3,0,0.9785058206641567,6.70622451333703,12,5,C00,9
u2_c10_seed00000043_xC07_tiered_nt4,u2_c10_seed00000043_xC07,tiered_unconfounded,fast_gate,10,2,measured,,,4,43,C07,Y,12,1,12,12,0.8125,2,"C00,W",0.0,0,0,3,0,3,True,3,ok,local_up_fast,mpdag_criterion,True,"Conjecture 2 (proved: Anti-Exchange Case B, THEOREMS.md section 4)",C00->C03 C00->C06 C00->Y C01->C03 C01->C06 C01->C08 C01->C09 C03->C04 C04->C05 C07->Y C08->C09 W->Y C00-C01 C00-C02 C01-C02 C02-C07,0.01739725000516046,0.0,0.017788000011933036,,36,370,109,0,0.9951382697810269,3.9450220783412417,12,8,C00,9
u2_c10_seed00000044_xC09_tiered_nt2,u2_c10_seed00000044_xC09,tiered_unconfounded,fast_gate,10,3,measured,,,2,44,C09,Y,5,5,7,7,0.8,2,"C00,W",0.2,1,0,1,0,3,True,2,ok,local_up_fast,mpdag_criterion,True,"Conjecture 2 (proved: Anti-Exchange Case B, THEOREMS.md section 4)",C00->C04 C00->Y C02->C07 C03->C04 C03->C05 C04->C05 C09->Y W->Y C00-C01 C00-C02 C00-C03 C00-C06 C01-C02 C03-C08 C08-C09,0.0015322499966714531,0.0,0.001904582983115688,,2,13,6,0,0.9422200344853829,6.6898175390557455,10,3,C00,7
u2_c10_seed00000044_xC09_tiered_nt3,u2_c10_seed00000044_xC09,tiered_unconfounded,fast_gate,10,3,measured,,,3,44,C09,Y,10,2,10,10,0.8,2,"C00,W",0.0,0,0,2,0,3,True,2,ok,local_up_fast,mpdag_criterion,True,"Conjecture 2 (proved: Anti-Exchange Case B, THEOREMS.md section 4)",C00->C02 C00->C04 C00->C06 C00->Y C01->C02 C02->C07 C03->C04 C03->C05 C04->C05 C09->Y W->Y C00-C01 C00-C03 C03-C08 C08-C09,0.0009632500004954636,0.0,0.0012896660045953467,,2,19,8,0,0.9935275845615855,5.921187447825799,10,4,C00,7
u2_c10_seed00000044_xC09_tiered_nt4,u2_c10_seed00000044_xC09,tiered_unconfounded,fast_gate,10,3,measured,,,4,44,C09,Y,10,1,11,11,0.8,2,"C00,W",0.0,0,0,3,0,3,True,3,ok,local_up_fast,mpdag_criterion,True,"Conjecture 2 (proved: Anti-Exchange Case B, THEOREMS.md section 4)",C00->C02 C00->C04 C00->C06 C00->Y C01->C02 C02->C07 C03->C04 C03->C05 C04->C05 C09->Y W->Y C00-C01 C00-C03 C03-C08 C08-C09,0.007093959007761441,0.0,0.007411626007524319,,17,160,40,0,0.9976507727610178,5.975470024393298,11,5,C00,7
u2_c10_seed00000046_xC05_tiered_nt2,u2_c10_seed00000046_xC05,tiered_unconfounded,fast_gate,10,3,measured,,,2,46,C05,Y,3,5,6,6,0.7857142857142857,2,"C00,W",0.3333333333333333,1,0,1,0,3,True,2,ok,local_up_fast,mpdag_criterion,True,"Conjecture 2 (proved: Anti-Exchange Case B, THEOREMS.md section 4)",C00->C03 C00->Y C02->C03 C04->C08 C05->C09 C05->Y W->Y C00-C01 C00-C02 C00-C06 C01-C02 C01-C07 C02-C04 C04-C05,0.0009625829989090562,0.0,0.0012868329940829426,,2,11,6,0,0.8776576734258399,4.713180475505993,10,4,C00,9
u2_c10_seed00000046_xC05_tiered_nt3,u2_c10_seed00000046_xC05,tiered_unconfounded,fast_gate,10,3,measured,,,3,46,C05,Y,6,2,9,9,0.7857142857142857,2,"C00,W",0.0,0,0,3,0,3,True,4,ok,e1_ladder,mpdag_criterion,True,"Conjecture 2 (proved: Anti-Exchange Case B, THEOREMS.md section 4)","(('C00', 'C03'), ('C00', 'Y'), ('C01', 'C07'), ('C02', 'C03'), ('C04', 'C08'), ('C05', 'C09'), ('C05', 'Y'), ('W', 'Y'))",0.0033393750054528937,0.052933833008864895,0.05654979101382196,,14,67,14,0,0.9833337999838498,6.896490380526286,10,3,C00,9
u2_c10_seed00000047_xC09_tiered_nt2,u2_c10_seed00000047_xC09,tiered_unconfounded,fast_gate,10,2,measured,,,2,47,C09,Y,4,4,5,5,0.75,2,"C00,W",0.25,1,0,1,0,3,True,1,ok,local_up_fast,mpdag_criterion,True,"Conjecture 2 (proved: Anti-Exchange Case B, THEOREMS.md section 4)",C00->Y C01->C07 C02->C03 C03->C08 C05->C06 C09->Y W->Y C00-C01 C00-C02 C00-C04 C00-C05 C01-C09,0.0004460420022951439,0.0,0.0007237919926410541,,1,5,4,0,0.8605373113086401,4.323855077804432,8,3,C00,9
u2_c10_seed00000047_xC09_tiered_nt3,u2_c10_seed00000047_xC09,tiered_unconfounded,fast_gate,10,2,measured,,,3,47,C09,Y,6,2,7,7,0.75,2,"C00,W",0.16666666666666666,1,0,1,0,3,True,1,ok,local_up_fast,mpdag_criterion,True,"Conjecture 2 (proved: Anti-Exchange Case B, THEOREMS.md section 4)",C00->C04 C00->C05 C00->Y C01->C07 C02->C03 C03->C08 C05->C06 C09->Y W->Y C00-C01 C00-C02 C01-C09,0.0003219579957658425,0.0,0.0005538329860428348,,1,7,3,0,0.9732013170419613,3.7843387699100126,8,4,C00,9
u2_c10_seed00000048_xC05_tiered_nt2,u2_c10_seed00000048_xC05,tiered_unconfounded,fast_gate,10,3,measured,,,2,48,C05,Y,6,5,6,6,0.7857142857142857,2,"C00,W",0.16666666666666666,1,0,1,0,3,True,1,ok,local_up_fast,mpdag_criterion,True,"Conjecture 2 (proved: Anti-Exchange Case B, THEOREMS.md section 4)",C00->C09 C00->Y C01->C09 C03->C06 C03->C08 C04->C07 C05->Y W->Y C00-C01 C00-C02 C00-C04 C01-C03 C03-C05 C06-C08,0.0009582500060787424,0.0,0.0015554170095128939,,1,6,5,0,0.9026753613618019,4.252830418266046,9,4,C00,9
u2_c10_seed00000048_xC05_tiered_nt3,u2_c10_seed00000048_xC05,tiered_unconfounded,fast_gate,10,3,measured,,,3,48,C05,Y,7,3,8,8,0.7857142857142857,2,"C00,W",0.0,0,0,2,0,3,True,2,ok,local_up_fast,mpdag_criterion,True,"Conjecture 2 (proved: Anti-Exchange Case B, THEOREMS.md section 4)",C00->C04 C00->C09 C00->Y C01->C09 C03->C06 C03->C08 C04->C07 C05->Y W->Y C00-C01 C00-C02 C01-C03 C03-C05 C06-C08,0.0013083329977234825,0.0,0.0016190419992199168,,3,22,11,0,0.9879309234394211,5.907567203774607,10,4,C00,9
u2_c10_seed00000050_xC02_tiered_nt3,u2_c10_seed00000050_xC02,tiered_unconfounded,fast_gate,10,2,measured,,,3,50,C02,Y,6,2,8,8,0.7692307692307693,2,"C00,W",0.16666666666666666,1,0,1,0,3,True,1,ok,local_up_fast,mpdag_criterion,True,"Conjecture 2 (proved: Anti-Exchange Case B, THEOREMS.md section 4)",C00->C04 C00->Y C01->C04 C02->C03 C02->C09 C02->Y C04->C05 C04->C06 C05->C08 W->Y C00-C01 C00-C07 C01-C02,0.00043008300417568535,0.0,0.0006864160095574334,,1,8,3,0,0.759466366966367,4.7111556921339535,9,3,C00,9
u2_c10_seed00000051_xC07_tiered_nt3,u2_c10_seed00000051_xC07,tiered_unconfounded,fast_gate,10,1,measured,,,3,51,C07,Y,9,3,9,9,0.8,2,"C00,W",0.1111111111111111,1,0,1,0,3,True,1,ok,local_up_fast,mpdag_criterion,True,"Conjecture 2 (proved: Anti-Exchange Case B, THEOREMS.md section 4)",C00->C03 C00->C05 C00->Y C01->C04 C01->C05 C02->C03 C03->C08 C04->C06 C04->C09 C07->Y W->Y C00-C01 C00-C02 C00-C07 C06-C09,0.0005280409968690947,0.0,0.0008889159944374114,,1,9,5,0,0.8912492348486282,5.284938669103335,10,4,C00,7
u2_c10_seed00000052_xC02_tiered_nt3,u2_c10_seed00000052_xC02,tiered_unconfounded,fast_gate,10,2,measured,,,3,52,C02,Y,6,2,9,9,0.7857142857142857,2,"C00,W",0.16666666666666666,1,0,1,0,3,True,1,ok,local_up_fast,mpdag_criterion,True,"Conjecture 2 (proved: Anti-Exchange Case B, THEOREMS.md section 4)",C00->C06 C00->Y C01->C03 C01->C07 C02->C07 C02->Y C03->C04 C05->C06 C07->C08 C08->C09 W->Y C00-C01 C00-C05 C01-C02,0.0005249160021776333,0.0,0.0007763330067973584,,1,9,5,0,0.8891205005218564,6.289385542405055,11,4,C00,7
u2_c10_seed00000057_xC09_tiered_nt2,u2_c10_seed00000057_xC09,tiered_unconfounded,fast_gate,10,4,measured,,,2,57,C09,Y,6,5,7,7,0.8,2,"C00,W",0.16666666666666666,1,0,1,0,3,True,2,ok,local_up_fast,mpdag_criterion,True,"Conjecture 2 (proved: Anti-Exchange Case B, THEOREMS.md section 4)",C00->Y C02->C06 C02->C07 C02->C08 C03->C07 C03->C08 C09->Y W->Y C00-C01 C00-C02 C00-C05 C01-C05 C02-C03 C03-C04 C04-C09,0.0019290000054752454,0.0,0.002310583004145883,,4,25,17,0,0.9759613416889652,4.827175129497457,10,5,C00,9
u2_c10_seed00000057_xC09_tiered_nt3,u2_c10_seed00000057_xC09,tiered_unconfounded,fast_gate,10,4,measured,,,3,57,C09,Y,9,2,10,10,0.8,2,"C00,W",0.0,0,0,2,0,3,True,3,ok,local_up_fast,mpdag_criterion,True,"Conjecture 2 (proved: Anti-Exchange Case B, THEOREMS.md section 4)",C00->C05 C00->Y C01->C05 C02->C06 C02->C07 C02->C08 C03->C07 C03->C08 C09->Y W->Y C00-C01 C00-C02 C02-C03 C03-C04 C04-C09,0.00881404199753888,0.0,0.009116959001403302,,22,184,64,0,0.9990372016593778,5.986414755018787,11,5,C00,9
u2_c10_seed00000058_xC07_tiered_nt2,u2_c10_seed00000058_xC07,tiered_unconfounded,fast_gate,10,2,measured,,,2,58,C07,Y,5,7,6,6,0.8125,2,"C00,W",0.2,1,0,1,0,3,True,1,ok,local_up_fast,mpdag_criterion,True,"Conjecture 2 (proved: Anti-Exchange Case B, THEOREMS.md section 4)",C00->Y C01->C06 C02->C04 C02->C08 C04->C09 C05->C06 C07->Y W->Y C00-C01 C00-C03 C00-C05 C01-C02 C01-C03 C01-C05 C03-C07 C04-C08,0.0006040409934939817,0.0,0.0010357909923186526,,1,6,3,0,0.8537874180505451,6.162206063167716,11,4,C00,9
u2_c10_seed00000058_xC07_tiered_nt3,u2_c10_seed00000058_xC07,tiered_unconfounded,fast_gate,10,2,measured,,,3,58,C07,Y,10,2,11,11,0.8125,2,"C00,W",0.0,0,0,3,0,3,True,3,ok,local_up_fast,mpdag_criterion,True,"Conjecture 2 (proved: Anti-Exchange Case B, THEOREMS.md section 4)",C00->C05 C00->Y C01->C05 C01->C06 C02->C04 C02->C08 C04->C08 C04->C09 C05->C06 C07->Y W->Y C00-C01 C00-C03 C01-C02 C01-C03 C03-C07,0.011280457998509519,0.0,0.011660623989882879,,24,224,67,0,0.9900591529557117,4.891557751081076,11,6,C00,9
u2_c10_seed00000059_xC05_tiered_nt2,u2_c10_seed00000059_xC05,tiered_unconfounded,fast_gate,10,1,measured,,,2,59,C05,Y,6,6,8,8,0.8235294117647058,2,"C00,W",0.16666666666666666,1,0,1,0,3,True,1,ok,local_up_fast,mpdag_criterion,True,"Conjecture 2 (proved: Anti-Exchange Case B, THEOREMS.md section 4)",C00->Y C02->C08 C02->C09 C03->C08 C04->C05 C04->C06 C05->C06 C05->Y C06->C07 W->Y C00-C01 C00-C04 C00-C05 C01-C02 C01-C03 C01-C04 C02-C03,0.001617332993191667,0.0,0.0020373750012367964,,1,8,6,0,0.6782044924309192,2.953224000733474,10,5,C00,9
u2_c10_seed00000061_xC06_tiered_nt2,u2_c10_seed00000061_xC06,tiered_unconfounded,fast_gate,10,3,measured,,,2,61,C06,Y,4,5,5,5,0.7692307692307693,2,"C00,W",0.25,1,0,1,0,3,True,1,ok,local_up_fast,mpdag_criterion,True,"Conjecture 2 (proved: Anti-Exchange Case B, THEOREMS.md section 4)",C00->Y C01->C08 C03->C05 C04->C07 C06->C09 C06->Y W->Y C00-C01 C00-C02 C01-C03 C02-C04 C04-C06 C06-C07,0.0005247920053079724,0.0,0.0007742500019958243,,1,5,3,0,0.37008937499553596,2.1705260719106905,9,5,C00,9
u2_c10_seed00000067_xC07_tiered_nt2,u2_c10_seed00000067_xC07,tiered_unconfounded,fast_gate,10,1,measured,,,2,67,C07,Y,5,5,7,7,0.8,2,"C00,W",0.2,1,0,1,0,3,True,1,ok,local_up_fast,mpdag_criterion,True,"Conjecture 2 (proved: Anti-Exchange Case B, THEOREMS.md section 4)",C00->C08 C00->Y C01->C05 C02->C04 C02->C07 C05->C06 C07->C08 C07->Y W->Y C00-C01 C00-C02 C00-C07 C00-C09 C01-C02 C01-C03,0.0009736250067362562,0.0,0.0013197079970268533,,1,7,5,0,0.6990281557458096,4.317354108181901,10,4,C00,9
u2_c10_seed00000069_xC07_tiered_nt2,u2_c10_seed00000069_xC07,tiered_unconfounded,fast_gate,10,3,measured,,,2,69,C07,Y,3,5,5,5,0.7692307692307693,2,"C00,W",0.3333333333333333,1,0,1,0,3,True,1,ok,local_up_fast,mpdag_criterion,True,"Conjecture 2 (proved: Anti-Exchange Case B, THEOREMS.md section 4)",C00->Y C01->C04 C03->C05 C04->C06 C05->C08 C07->Y W->Y C00-C01 C00-C02 C00-C09 C01-C03 C03-C07 C05-C07,0.0004591670003719628,0.0,0.0007223330030683428,,1,5,2,0,0.7768030074683692,5.050472305547531,9,3,C00,9
u2_c10_seed00000074_xC08_tiered_nt2,u2_c10_seed00000074_xC08,tiered_unconfounded,fast_gate,10,2,measured,,,2,74,C08,Y,5,4,5,5,0.75,2,"C00,W",0.2,1,0,1,0,3,True,1,ok,local_up_fast,mpdag_criterion,True,"Conjecture 2 (proved: Anti-Exchange Case B, THEOREMS.md section 4)",C00->Y C02->C06 C03->C04 C03->C05 C07->C09 C08->Y W->Y C00-C01 C00-C02 C00-C07 C02-C03 C07-C08,0.00035395799204707146,0.0,0.0006142079946585,,1,5,3,0,0.9183625201654557,3.5058253396807815,7,3,C00,9
u2_c10_seed00000075_xC05_tiered_nt2,u2_c10_seed00000075_xC05,tiered_unconfounded,fast_gate,10,2,measured,,,2,75,C05,Y,4,4,6,6,0.7692307692307693,2,"C00,W",0.25,1,0,1,0,3,True,1,ok,local_up_fast,mpdag_criterion,True,"Conjecture 2 (proved: Anti-Exchange Case B, THEOREMS.md section 4)",C00->C02 C00->Y C01->C02 C01->C04 C04->C06 C05->Y C06->C07 W->Y C00-C01 C00-C03 C00-C08 C00-C09 C03-C05,0.00044395800796337426,0.0,0.0007562080136267468,,1,6,2,0,0.8455840724106034,5.243234338322449,9,3,C00,9
u2_c10_seed00000076_xC07_tiered_nt2,u2_c10_seed00000076_xC07,tiered_unconfounded,fast_gate,10,4,measured,,,2,76,C07,Y,3,7,5,5,0.8,2,"C00,W",0.3333333333333333,1,0,1,0,3,True,2,ok,local_up_fast,mpdag_criterion,True,"Conjecture 2 (proved: Anti-Exchange Case B, THEOREMS.md section 4)",C00->Y C02->C04 C02->C08 C03->C05 C07->Y W->Y C00-C01 C00-C09 C01-C02 C01-C06 C02-C03 C03-C04 C03-C07 C03-C08 C05-C07,0.0017621250008232892,0.0,0.0020957499946234748,,4,17,8,0,0.9173327677050651,5.826041219392339,11,4,C00,9
u2_c10_seed00000077_xC08_tiered_nt2,u2_c10_seed00000077_xC08,tiered_unconfounded,fast_gate,10,2,measured,,,2,77,C08,Y,5,5,7,7,0.8,2,"C00,W",0.2,1,0,1,0,3,True,1,ok,local_up_fast,mpdag_criterion,True,"Conjecture 2 (proved: Anti-Exchange Case B, THEOREMS.md section 4)",C00->Y C01->C06 C03->C04 C05->C06 C05->C09 C06->C07 C06->C09 C08->Y W->Y C00-C01 C00-C02 C00-C03 C01-C05 C02-C03 C02-C08,0.0005945830052951351,0.0,0.000981958000920713,,1,7,4,0,0.830684676959895,5.829245883731295,9,2,C00,8
u2_c10_seed00000078_xC09_tiered_nt2,u2_c10_seed00000078_xC09,tiered_unconfounded,fast_gate,10,3,measured,,,2,78,C09,Y,5,5,5,5,0.7692307692307693,2,"C00,W",0.2,1,0,1,0,3,True,1,ok,local_up_fast,mpdag_criterion,True,"Conjecture 2 (proved: Anti-Exchange Case B, THEOREMS.md section 4)",C00->Y C02->C06 C02->C07 C04->C05 C04->C08 C09->Y W->Y C00-C01 C00-C04 C01-C02 C01-C03 C02-C09 C06-C09,0.0005222089966991916,0.0,0.0007874169968999922,,1,5,4,0,0.6759490257689006,2.967954786357616,8,4,C00,9
u2_c10_seed00000083_xC06_tiered_nt2,u2_c10_seed00000083_xC06,tiered_unconfounded,fast_gate,10,2,measured,,,2,83,C06,Y,4,5,6,6,0.7857142857142857,2,"C00,W",0.0,0,0,2,0,3,True,3,ok,local_up_fast,mpdag_criterion,True,"Conjecture 2 (proved: Anti-Exchange Case B, THEOREMS.md section 4)",C00->Y C01->C07 C02->C08 C06->Y C08->C09 W->Y C00-C01 C00-C02 C00-C03 C00-C05 C01-C02 C01-C04 C01-C05 C05-C06,0.004724375001387671,0.0,0.005486417008796707,,12,54,20,0,0.9187330882628784,5.610271231357682,10,4,C00,9
u2_c10_seed00000088_xC07_tiered_nt2,u2_c10_seed00000088_xC07,tiered_unconfounded,fast_gate,10,2,measured,,,2,88,C07,Y,7,4,7,7,0.7857142857142857,2,"C00,W",0.14285714285714285,1,0,1,0,3,True,1,ok,local_up_fast,mpdag_criterion,True,"Conjecture 2 (proved: Anti-Exchange Case B, THEOREMS.md section 4)",C00->Y C01->C06 C01->C08 C02->C07 C02->C09 C03->C05 C04->C05 C07->Y W->Y C00-C01 C00-C03 C01-C02 C01-C07 C03-C04,0.0007777499995427206,0.0,0.0010769170039566234,,1,7,7,0,0.3175147611786824,2.7301746286314823,9,4,C00,9
u2_c10_seed00000090_xC08_tiered_nt2,u2_c10_seed00000090_xC08,tiered_unconfounded,fast_gate,10,2,measured,,,2,90,C08,Y,6,4,7,7,0.7857142857142857,2,"C00,W",0.16666666666666666,1,0,1,0,3,True,1,ok,local_up_fast,mpdag_criterion,True,"Conjecture 2 (proved: Anti-Exchange Case B, THEOREMS.md section 4)",C00->Y C01->C05 C02->C05 C02->C06 C02->C08 C04->C07 C06->C09 C08->Y W->Y C00-C01 C01-C02 C01-C03 C01-C04 C01-C08,0.0008994590025395155,0.0,0.0012011670041829348,,1,7,6,0,0.5679040687316543,3.866176937687986,10,4,C00,9
u2_c12_seed00000002_xC05_tiered_nt4,u2_c12_seed00000002_xC05,tiered_unconfounded,fast_gate,12,1,measured,,,4,2,C05,Y,12,2,12,12,0.8235294117647058,2,"C00,W",0.08333333333333333,1,0,1,0,3,True,1,ok,local_up_fast,mpdag_criterion,True,"Conjecture 2 (proved: Anti-Exchange Case B, THEOREMS.md section 4)",C00->C02 C00->C06 C00->C07 C00->Y C01->C02 C01->C04 C01->C07 C01->C10 C02->C09 C05->C06 C05->C08 C05->Y C10->C11 W->Y C00-C01 C00-C03 C00-C05,0.0006953340052859858,0.0,0.00113087501085829,,1,12,8,0,0.9794777016468326,4.585136291366403,12,7,C00,11
u2_c12_seed00000003_xC10_tiered_nt2,u2_c12_seed00000003_xC10,tiered_unconfounded,fast_gate,12,2,measured,,,2,3,C10,Y,7,8,7,7,0.8333333333333334,2,"C00,W",0.14285714285714285,1,0,1,0,3,True,1,ok,local_up_fast,mpdag_criterion,True,"Conjecture 2 (proved: Anti-Exchange Case B, THEOREMS.md section 4)",C00->Y C02->C05 C03->C07 C03->C08 C03->C09 C04->C07 C06->C11 C10->Y W->Y C00-C01 C00-C02 C00-C03 C00-C04 C00-C06 C01-C02 C03-C04 C03-C06 C06-C10,0.0011462499969638884,0.0,0.0019303749868413433,,1,7,3,0,0.9176793841778158,6.204397610558397,11,4,C00,9
u2_c12_seed00000003_xC10_tiered_nt3,u2_c12_seed00000003_xC10,tiered_unconfounded,fast_gate,12,2,measured,,,3,3,C10,Y,11,4,11,11,0.8333333333333334,2,"C00,W",0.0,0,0,3,0,3,True,3,ok,local_up_fast,mpdag_criterion,True,"Conjecture 2 (proved: Anti-Exchange Case B, THEOREMS.md section 4)",C00->C04 C00->Y C02->C05 C03->C04 C03->C07 C03->C08 C03->C09 C04->C07 C06->C11 C10->Y W->Y C00-C01 C00-C02 C00-C03 C00-C06 C01-C02 C03-C06 C06-C10,0.01489695800410118,0.0,0.015585458007990383,,22,207,64,0,0.9858078984624452,5.843182611567457,13,7,C00,9
u2_c12_seed00000003_xC10_tiered_nt4,u2_c12_seed00000003_xC10,tiered_unconfounded,fast_gate,12,2,measured,,,4,3,C10,Y,13,2,13,13,0.8333333333333334,2,"C00,W",0.0,0,0,3,0,3,True,3,ok,local_up_fast,mpdag_criterion,True,"Conjecture 2 (proved: Anti-Exchange Case B, THEOREMS.md section 4)",C00->C02 C00->C04 C00->Y C01->C02 C02->C05 C03->C04 C03->C07 C03->C08 C03->C09 C04->C07 C06->C11 C10->Y W->Y C00-C01 C00-C03 C00-C06 C03-C06 C06-C10,0.016035583001212217,0.0,0.01659766599186696,,25,285,85,0,0.9969327815232628,4.950501564871252,14,9,C00,9
u2_c12_seed00000004_xC11_tiered_nt2,u2_c12_seed00000004_xC11,tiered_unconfounded,fast_gate,12,6,measured,,,2,4,C11,Y,2,6,6,6,0.8,2,"C00,W",0.5,1,0,1,0,2,True,3,ok,local_up_fast,mpdag_criterion,True,"Conjecture 2 (proved: Anti-Exchange Case B, THEOREMS.md section 4)",C00->Y C03->C06 C04->C07 C06->C08 C11->Y W->Y C00-C01 C00-C05 C00-C09 C01-C02 C02-C03 C03-C04 C04-C06 C04-C10 C10-C11,0.0026156249950872734,0.0,0.003053999986150302,,6,28,11,0,0.9716459172655828,5.841339423078904,12,6,C00,10
u2_c12_seed00000004_xC11_tiered_nt3,u2_c12_seed00000004_xC11,tiered_unconfounded,fast_gate,12,6,measured,,,3,4,C11,Y,3,4,8,8,0.8,2,"C00,W",0.0,0,0,2,0,3,True,5,ok,e1_ladder,mpdag_criterion,True,"Conjecture 2 (proved: Anti-Exchange Case B, THEOREMS.md section 4)","(('C00', 'Y'), ('C03', 'C06'), ('C04', 'C07'), ('C06', 'C08'), ('C11', 'Y'), ('W', 'Y'))",0.00205462500161957,0.06037550000473857,0.06280816601065453,,5,26,5,0,0.9975352112676056,7.98943661971831,12,4,C00,10
u2_c12_seed00000004_xC11_tiered_nt4,u2_c12_seed00000004_xC11,tiered_unconfounded,fast_gate,12,6,measured,,,4,4,C11,Y,6,3,9,9,0.8,2,"C00,W",0.0,0,0,3,0,3,True,5,ok,e1_ladder,mpdag_criterion,True,"Conjecture 2 (proved: Anti-Exchange Case B, THEOREMS.md section 4)","(('C00', 'C09'), ('C00', 'Y'), ('C03', 'C06'), ('C04', 'C07'), ('C06', 'C08'), ('C11', 'Y'), ('W', 'Y'))",0.0021712500019930303,0.05709108299924992,0.059632292002788745,,8,45,8,0,1.0,6.0,11,5,C00,10
u2_c12_seed00000005_xC08_tiered_nt2,u2_c12_seed00000005_xC08,tiered_unconfounded,fast_gate,12,2,measured,,,2,5,C08,Y,7,5,9,9,0.8235294117647058,2,"C00,W",0.14285714285714285,1,0,1,0,3,True,1,ok,local_up_fast,mpdag_criterion,True,"Conjecture 2 (proved: Anti-Exchange Case B, THEOREMS.md section 4)",C00->Y C01->C04 C01->C06 C02->C04 C02->C06 C02->C09 C04->C10 C05->C08 C08->C11 C08->Y W->Y C00-C01 C00-C07 C01-C02 C01-C05 C01-C08 C02-C03,0.0010786250059027225,0.0,0.0016426250076619908,,1,9,6,0,0.33426435889485945,3.1362952558141726,12,4,C00,9
u2_c12_seed00000005_xC08_tiered_nt3,u2_c12_seed00000005_xC08,tiered_unconfounded,fast_gate,12,2,measured,,,3,5,C08,Y,10,4,10,10,0.8235294117647058,2,"C00,W",0.1,1,0,1,0,3,True,1,ok,local_up_fast,mpdag_criterion,True,"Conjecture 2 (proved: Anti-Exchange Case B, THEOREMS.md section 4)",C00->Y C01->C04 C01->C05 C01->C06 C02->C03 C02->C04 C02->C06 C02->C09 C04->C10 C08->C11 C08->Y W->Y C00-C01 C00-C07 C01-C02 C01-C08 C05-C08,0.0009410420025233179,0.0,0.0013778760039713234,,1,10,6,0,0.6950014933294003,3.9340640130486046,12,7,C00,9
u2_c12_seed00000005_xC08_tiered_nt4,u2_c12_seed00000005_xC08,tiered_unconfounded,fast_gate,12,2,measured,,,4,5,C08,Y,11,2,12,12,0.8235294117647058,2,"C00,W",0.0,0,0,2,0,3,True,2,ok,local_up_fast,mpdag_criterion,True,"Conjecture 2 (proved: Anti-Exchange Case B, THEOREMS.md section 4)",C00->Y C01->C02 C01->C04 C01->C05 C01->C06 C02->C03 C02->C04 C02->C06 C02->C09 C04->C10 C08->C11 C08->Y W->Y C00-C01 C00-C07 C01-C08 C05-C08,0.0017309579998254776,0.0,0.002255166007671505,,2,23,9,0,0.8978803165449835,4.974783513819643,12,6,C00,9
u2_c12_seed00000006_xC08_tiered_nt2,u2_c12_seed00000006_xC08,tiered_unconfounded,fast_gate,12,2,measured,,,2,6,C08,Y,6,5,7,7,0.8,2,"C00,W",0.16666666666666666,1,0,1,0,3,True,1,ok,local_up_fast,mpdag_criterion,True,"Conjecture 2 (proved: Anti-Exchange Case B, THEOREMS.md section 4)",C00->Y C01->C05 C01->C09 C02->C06 C03->C08 C04->C07 C08->C10 C08->Y W->Y C00-C01 C00-C02 C00-C11 C01-C03 C01-C08 C02-C04,0.0008514999935869128,0.0,0.0012664579990087077,,1,7,6,0,0.28004137829358056,2.505139489507118,10,4,C00,10
u2_c12_seed00000006_xC08_tiered_nt3,u2_c12_seed00000006_xC08,tiered_unconfounded,fast_gate,12,2,measured,,,3,6,C08,Y,8,3,9,9,0.8,2,"C00,W",0.0,0,0,2,0,3,True,2,ok,local_up_fast,mpdag_criterion,True,"Conjecture 2 (proved: Anti-Exchange Case B, THEOREMS.md section 4)",C00->Y C01->C03 C01->C05 C01->C09 C02->C04 C02->C06 C04->C07 C08->C10 C08->Y W->Y C00-C01 C00-C02 C00-C11 C01-C08 C03-C08,0.0012886670010630041,0.0,0.001630083002964966,,2,17,11,0,0.4955016077120735,3.2603913990702815,13,8,C00,10
u2_c12_seed00000006_xC08_tiered_nt4,u2_c12_seed00000006_xC08,tiered_unconfounded,fast_gate,12,2,measured,,,4,6,C08,Y,9,2,10,10,0.8,2,"C00,W",0.0,0,0,2,0,3,True,2,ok,local_up_fast,mpdag_criterion,True,"Conjecture 2 (proved: Anti-Exchange Case B, THEOREMS.md section 4)",C00->C11 C00->Y C01->C03 C01->C05 C01->C09 C02->C04 C02->C06 C04->C07 C08->C10 C08->Y W->Y C00-C01 C00-C02 C01-C08 C03-C08,0.001149999996414408,0.0,0.001616583002032712,,2,19,12,0,0.5503455152303837,2.8563003786005,11,7,C00,10
u2_c12_seed00000008_xC05_tiered_nt3,u2_c12_seed00000008_xC05,tiered_unconfounded,fast_gate,12,2,measured,,,3,8,C05,Y,10,4,11,11,0.8333333333333334,2,"C00,W",0.1,1,0,1,0,3,True,1,ok,local_up_fast,mpdag_criterion,True,"Conjecture 2 (proved: Anti-Exchange Case B, THEOREMS.md section 4)",C00->Y C01->C09 C01->C10 C02->C04 C02->C09 C03->C06 C03->C07 C03->C08 C03->C11 C05->Y C07->C08 C08->C11 W->Y C00-C01 C00-C03 C01-C02 C03-C05 C05-C07,0.0009464999893680215,0.0,0.0014991669886512682,,1,11,5,0,0.9585999705373256,5.570237072086282,13,7,C00,9
u2_c12_seed00000008_xC05_tiered_nt4,u2_c12_seed00000008_xC05,tiered_unconfounded,fast_gate,12,2,measured,,,4,8,C05,Y,12,2,13,13,0.8333333333333334,2,"C00,W",0.08333333333333333,1,0,1,0,3,True,1,ok,local_up_fast,mpdag_criterion,True,"Conjecture 2 (proved: Anti-Exchange Case B, THEOREMS.md section 4)",C00->Y C01->C02 C01->C09 C01->C10 C02->C04 C02->C09 C03->C06 C03->C07 C03->C08 C03->C11 C05->C07 C05->Y C07->C08 C08->C11 W->Y C00-C01 C00-C03 C03-C05,0.0007036669994704425,0.0,0.001231333997566253,,1,13,4,0,0.9937962678838556,5.876150012930327,14,8,C00,9
u2_c12_seed00000010_xC09_tiered_nt4,u2_c12_seed00000010_xC09,tiered_unconfounded,fast_gate,12,1,measured,,,4,10,C09,Y,9,2,11,11,0.8125,2,"C00,W",0.1111111111111111,1,0,1,0,3,True,1,ok,local_up_fast,mpdag_criterion,True,"Conjecture 2 (proved: Anti-Exchange Case B, THEOREMS.md section 4)",C00->C02 C00->C05 C00->Y C01->C02 C01->C05 C02->C03 C02->C04 C03->C08 C03->C10 C04->C06 C09->Y C10->C11 W->Y C00-C01 C00-C07 C00-C09,0.0005234999989625067,0.0,0.0009211249998770654,,1,11,4,0,0.9463316259846011,5.530136361517778,12,6,C00,4
u2_c12_seed00000013_xC08_tiered_nt2,u2_c12_seed00000013_xC08,tiered_unconfounded,fast_gate,12,3,measured,,,2,13,C08,Y,5,5,10,10,0.8333333333333334,2,"C00,W",0.2,1,0,1,0,3,True,1,ok,local_up_fast,mpdag_criterion,True,"Conjecture 2 (proved: Anti-Exchange Case B, THEOREMS.md section 4)",C00->Y C02->C04 C03->C04 C03->C06 C04->C06 C04->C09 C04->C11 C06->C09 C06->C10 C07->C08 C08->Y W->Y C00-C01 C01-C02 C01-C05 C02-C03 C05-C07 C05-C08,0.0021265419927658513,0.0,0.0027548329962883145,,1,10,3,0,0.7973927812361359,5.6348520142556,13,4,C00,9
u2_c12_seed00000013_xC08_tiered_nt3,u2_c12_seed00000013_xC08,tiered_unconfounded,fast_gate,12,3,measured,,,3,13,C08,Y,8,5,10,10,0.8333333333333334,2,"C00,W",0.125,1,0,1,0,3,True,1,ok,local_up_fast,mpdag_criterion,True,"Conjecture 2 (proved: Anti-Exchange Case B, THEOREMS.md section 4)",C00->Y C02->C03 C02->C04 C03->C06 C04->C06 C04->C09 C04->C11 C05->C07 C06->C09 C06->C10 C08->Y W->Y C00-C01 C01-C02 C01-C05 C03-C04 C05-C08 C07-C08,0.0008037920051719993,0.0,0.0013407500082394108,,1,10,2,0,0.9153814352259084,6.228044479955267,13,6,C00,9
u2_c12_seed00000013_xC08_tiered_nt4,u2_c12_seed00000013_xC08,tiered_unconfounded,fast_gate,12,3,measured,,,4,13,C08,Y,10,2,13,13,0.8333333333333334,2,"C00,W",0.0,0,0,2,0,3,True,3,ok,local_up_fast,mpdag_criterion,True,"Conjecture 2 (proved: Anti-Exchange Case B, THEOREMS.md section 4)",C00->Y C02->C03 C02->C04 C03->C04 C03->C06 C04->C06 C04->C09 C04->C11 C05->C07 C06->C09 C06->C10 C08->Y W->Y C00-C01 C01-C02 C01-C05 C05-C08 C07-C08,0.005211833995417692,0.0,0.0056793340045260265,,8,94,20,0,0.8556171177924023,6.555565117317962,12,5,C00,9
u2_c12_seed00000014_xC05_tiered_nt2,u2_c12_seed00000014_xC05,tiered_unconfounded,fast_gate,12,3,measured,,,2,14,C05,Y,4,6,6,6,0.8,2,"C00,W",0.25,1,0,1,0,3,True,1,ok,local_up_fast,mpdag_criterion,True,"Conjecture 2 (proved: Anti-Exchange Case B, THEOREMS.md section 4)",C00->Y C04->C09 C05->C07 C05->Y C06->C08 C06->C10 C08->C11 W->Y C00-C01 C00-C02 C00-C06 C01-C04 C02-C03 C04-C05 C05-C09,0.0008899579988792539,0.0,0.0012640829954762012,,1,6,5,0,0.5016384369400534,2.764371840740783,11,6,C00,11
u2_c12_seed00000014_xC05_tiered_nt3,u2_c12_seed00000014_xC05,tiered_unconfounded,fast_gate,12,3,measured,,,3,14,C05,Y,8,3,9,9,0.8,2,"C00,W",0.125,1,0,1,0,3,True,2,ok,local_up_fast,mpdag_criterion,True,"Conjecture 2 (proved: Anti-Exchange Case B, THEOREMS.md section 4)",C00->Y C02->C03 C04->C09 C05->C07 C05->C09 C05->Y C06->C08 C06->C10 C08->C11 W->Y C00-C01 C00-C02 C00-C06 C01-C04 C04-C05,0.0034804999886546284,0.0,0.0037993329897290096,,6,49,18,0,0.997709049255441,4.962999971632121,12,7,C00,11
u2_c12_seed00000014_xC05_tiered_nt4,u2_c12_seed00000014_xC05,tiered_unconfounded,fast_gate,12,3,measured,,,4,14,C05,Y,9,2,10,10,0.8,2,"C00,W",0.0,0,0,2,0,3,True,2,ok,local_up_fast,mpdag_criterion,True,"Conjecture 2 (proved: Anti-Exchange Case B, THEOREMS.md section 4)",C00->C06 C00->Y C02->C03 C04->C09 C05->C07 C05->C09 C05->Y C06->C08 C06->C10 C08->C11 W->Y C00-C01 C00-C02 C01-C04 C04-C05,0.0019670409965328872,0.0,0.002259540997329168,,4,37,11,0,0.997483905843039,3.9708390584303896,10,6,C00,11
u2_c12_seed00000016_xC11_tiered_nt2,u2_c12_seed00000016_xC11,tiered_unconfounded,fast_gate,12,3,measured,,,2,16,C11,Y,9,5,9,9,0.8235294117647058,2,"C00,W",0.1111111111111111,1,0,1,0,3,True,1,ok,local_up_fast,mpdag_criterion,True,"Conjecture 2 (proved: Anti-Exchange Case B, THEOREMS.md section 4)",C00->C08 C00->C09 C00->Y C01->C03 C02->C03 C02->C05 C06->C08 C06->C09 C06->C10 C11->Y W->Y C00-C01 C00-C06 C01-C02 C01-C04 C04-C11 C06-C07,0.0008152920054271817,0.0,0.0014178760029608384,,1,9,5,0,0.9445788744687453,5.352280540112056,10,4,C00,11
u2_c12_seed00000016_xC11_tiered_nt3,u2_c12_seed00000016_xC11,tiered_unconfounded,fast_gate,12,3,measured,,,3,16,C11,Y,11,3,11,11,0.8235294117647058,2,"C00,W",0.0,0,0,2,0,3,True,2,ok,local_up_fast,mpdag_criterion,True,"Conjecture 2 (proved: Anti-Exchange Case B, THEOREMS.md section 4)",C00->C08 C00->C09 C00->Y C01->C03 C02->C03 C02->C05 C06->C07 C06->C08 C06->C09 C06->C10 C11->Y W->Y C00-C01 C00-C06 C01-C02 C01-C04 C04-C11,0.005551792011829093,0.0,0.0060363750089891255,,8,81,51,0,0.9930215300717918,4.9182208795184765,11,6,C00,11
u2_c12_seed00000016_xC11_tiered_nt4,u2_c12_seed00000016_xC11,tiered_unconfounded,fast_gate,12,3,measured,,,4,16,C11,Y,12,2,12,12,0.8235294117647058,2,"C00,W",0.0,0,0,2,0,3,True,2,ok,local_up_fast,mpdag_criterion,True,"Conjecture 2 (proved: Anti-Exchange Case B, THEOREMS.md section 4)",C00->C08 C00->C09 C00->Y C01->C02 C01->C03 C02->C03 C02->C05 C06->C07 C06->C08 C06->C09 C06->C10 C11->Y W->Y C00-C01 C00-C06 C01-C04 C04-C11,0.0040250000020023435,0.0,0.004495000001043081,,7,78,42,0,0.9983672689035465,4.9408293706577044,12,7,C00,11
u2_c12_seed00000017_xC06_tiered_nt2,u2_c12_seed00000017_xC06,tiered_unconfounded,fast_gate,12,3,measured,,,2,17,C06,Y,5,8,8,8,0.8421052631578947,2,"C00,W",0.2,1,0,1,0,3,True,1,ok,local_up_fast,mpdag_criterion,True,"Conjecture 2 (proved: Anti-Exchange Case B, THEOREMS.md section 4)",C00->Y C02->C04 C02->C07 C03->C04 C03->C09 C04->C09 C06->Y C07->C10 C07->C11 W->Y C00-C01 C00-C02 C00-C08 C01-C02 C01-C05 C01-C08 C02-C03 C05-C06 C10-C11,0.0009279999940190464,0.0,0.0015609590045642108,,1,8,2,0,0.8525276736779512,7.599693412806631,13,4,C00,4
u2_c12_seed00000017_xC06_tiered_nt3,u2_c12_seed00000017_xC06,tiered_unconfounded,fast_gate,12,3,measured,,,3,17,C06,Y,10,6,10,10,0.8421052631578947,2,"C00,W",0.1,1,0,1,0,3,True,1,ok,local_up_fast,mpdag_criterion,True,"Conjecture 2 (proved: Anti-Exchange Case B, THEOREMS.md section 4)",C00->C08 C00->Y C01->C08 C02->C03 C02->C04 C02->C07 C03->C09 C04->C09 C06->Y C07->C10 C07->C11 W->Y C00-C01 C00-C02 C01-C02 C01-C05 C03-C04 C05-C06 C10-C11,0.0007715829997323453,0.0,0.001327833000686951,,1,10,2,0,0.9672529094858199,5.613337564540586,13,7,C00,4
u2_c12_seed00000017_xC06_tiered_nt4,u2_c12_seed00000017_xC06,tiered_unconfounded,fast_gate,12,3,measured,,,4,17,C06,Y,12,3,13,13,0.8421052631578947,2,"C00,W",0.0,0,0,2,0,3,True,2,ok,local_up_fast,mpdag_criterion,True,"Conjecture 2 (proved: Anti-Exchange Case B, THEOREMS.md section 4)",C00->C08 C00->Y C01->C08 C02->C03 C02->C04 C02->C07 C03->C04 C03->C09 C04->C09 C06->Y C07->C10 C07->C11 C10->C11 W->Y C00-C01 C00-C02 C01-C02 C01-C05 C05-C06,0.004785416997037828,0.0,0.0052948339871363714,,7,85,32,0,0.9973358519180511,5.953101783034096,14,8,C00,4
u2_c12_seed00000019_xC08_tiered_nt2,u2_c12_seed00000019_xC08,tiered_unconfounded,fast_gate,12,3,measured,,,2,19,C08,Y,6,5,7,7,0.8,2,"C00,W",0.16666666666666666,1,0,1,0,3,True,1,ok,local_up_fast,mpdag_criterion,True,"Conjecture 2 (proved: Anti-Exchange Case B, THEOREMS.md section 4)",C00->Y C01->C03 C02->C03 C04->C10 C05->C07 C06->C09 C08->Y C10->C11 W->Y C00-C01 C00-C04 C00-C05 C01-C02 C02-C08 C04-C06,0.0006666669942205772,0.0,0.0010987090063281357,,1,7,5,0,0.9382910195531666,5.557532588540742,10,4,C00,11
u2_c12_seed00000019_xC08_tiered_nt3,u2_c12_seed00000019_xC08,tiered_unconfounded,fast_gate,12,3,measured,,,3,19,C08,Y,8,4,8,8,0.8,2,"C00,W",0.0,0,0,2,0,3,True,2,ok,local_up_fast,mpdag_criterion,True,"Conjecture 2 (proved: Anti-Exchange Case B, THEOREMS.md section 4)",C00->Y C01->C03 C04->C06 C04->C10 C05->C07 C06->C09 C08->Y C10->C11 W->Y C00-C01 C00-C04 C00-C05 C01-C02 C02-C03 C02-C08,0.0028944579971721396,0.0,0.0032642489968566224,,6,43,19,0,0.9877628048728347,4.901779641746157,11,6,C00,11
u2_c12_seed00000019_xC08_tiered_nt4,u2_c12_seed00000019_xC08,tiered_unconfounded,fast_gate,12,3,measured,,,4,19,C08,Y,10,2,10,10,0.8,2,"C00,W",0.0,0,0,2,0,3,True,2,ok,local_up_fast,mpdag_criterion,True,"Conjecture 2 (proved: Anti-Exchange Case B, THEOREMS.md section 4)",C00->C05 C00->Y C01->C03 C02->C03 C04->C06 C04->C10 C05->C07 C06->C09 C08->Y C10->C11 W->Y C00-C01 C00-C04 C01-C02 C02-C08,0.0020637089910451323,0.0,0.0023824179952498525,,5,46,19,0,0.9995153473344104,3.9885111618196927,11,7,C00,11
u2_c12_seed00000021_xC09_tiered_nt2,u2_c12_seed00000021_xC09,tiered_unconfounded,fast_gate,12,2,measured,,,2,21,C09,Y,4,7,7,7,0.8235294117647058,2,"C00,W",0.0,0,0,2,0,3,True,3,ok,local_up_fast,mpdag_criterion,True,"Conjecture 2 (proved: Anti-Exchange Case B, THEOREMS.md section 4)",C00->Y C04->C07 C04->C08 C06->C10 C09->C11 C09->Y W->Y C00-C01 C00-C02 C00-C05 C00-C06 C01-C04 C01-C06 C02-C03 C06-C09 C07-C08 C09-C10,0.006728624997776933,0.0,0.00723904199548997,,11,61,17,0,0.8255164086110366,4.889385359246577,12,4,C00,11
u2_c12_seed00000021_xC09_tiered_nt3,u2_c12_seed00000021_xC09,tiered_unconfounded,fast_gate,12,2,measured,,,3,21,C09,Y,9,3,11,11,0.8235294117647058,2,"C00,W",0.0,0,0,2,0,3,True,3,ok,local_up_fast,mpdag_criterion,True,"Conjecture 2 (proved: Anti-Exchange Case B, THEOREMS.md section 4)",C00->Y C01->C04 C02->C03 C04->C07 C04->C08 C06->C10 C07->C08 C09->C10 C09->C11 C09->Y W->Y C00-C01 C00-C02 C00-C05 C00-C06 C01-C06 C06-C09,0.013351500005228445,0.0,0.013746708005783148,,21,197,49,0,0.9849309682253695,6.852517499888825,12,5,C00,11
u2_c12_seed00000021_xC09_tiered_nt4,u2_c12_seed00000021_xC09,tiered_unconfounded,fast_gate,12,2,measured,,,4,21,C09,Y,10,3,11,11,0.8235294117647058,2,"C00,W",0.0,0,0,2,0,3,True,3,ok,local_up_fast,mpdag_criterion,True,"Conjecture 2 (proved: Anti-Exchange Case B, THEOREMS.md section 4)",C00->C05 C00->Y C01->C04 C02->C03 C04->C07 C04->C08 C06->C10 C09->C10 C09->C11 C09->Y W->Y C00-C01 C00-C02 C00-C06 C01-C06 C06-C09 C07-C08,0.009750375000294298,0.0,0.010106333007570356,,18,170,49,0,0.9899899312269925,5.8913264428801115,12,6,C00,11
u2_c12_seed00000024_xC05_tiered_nt3,u2_c12_seed00000024_xC05,tiered_unconfounded,fast_gate,12,2,measured,,,3,24,C05,Y,8,4,9,9,0.8125,2,"C00,W",0.125,1,0,1,0,3,True,1,ok,local_up_fast,mpdag_criterion,True,"Conjecture 2 (proved: Anti-Exchange Case B, THEOREMS.md section 4)",C00->C04 C00->C06 C00->Y C03->C06 C03->C08 C05->Y C06->C07 C06->C11 C07->C09 C07->C10 W->Y C00-C01 C00-C02 C00-C03 C02-C05 C09-C10,0.0006752499903086573,0.0,0.0011525829904712737,,1,9,4,0,0.9350137549412102,6.419506651435961,11,4,C00,6
u2_c12_seed00000024_xC05_tiered_nt4,u2_c12_seed00000024_xC05,tiered_unconfounded,fast_gate,12,2,measured,,,4,24,C05,Y,8,3,10,10,0.8125,2,"C00,W",0.125,1,0,1,0,3,True,1,ok,local_up_fast,mpdag_criterion,True,"Conjecture 2 (proved: Anti-Exchange Case B, THEOREMS.md section 4)",C00->C03 C00->C04 C00->C06 C00->Y C03->C06 C03->C08 C05->Y C06->C07 C06->C11 C07->C09 C07->C10 W->Y C00-C01 C00-C02 C02-C05 C09-C10,0.0005436659994302318,0.0,0.000939081990509294,,1,10,3,0,0.9605372466766273,5.639863740680506,12,6,C00,6
u2_c12_seed00000025_xC08_tiered_nt3,u2_c12_seed00000025_xC08,tiered_unconfounded,fast_gate,12,2,measured,,,3,25,C08,Y,11,4,12,12,0.8421052631578947,2,"C00,W",0.09090909090909091,1,0,1,0,3,True,1,ok,local_up_fast,mpdag_criterion,True,"Conjecture 2 (proved: Anti-Exchange Case B, THEOREMS.md section 4)",C00->C03 C00->Y C01->C04 C01->C07 C02->C03 C02->C04 C02->C06 C02->C09 C03->C06 C03->C10 C05->C11 C06->C10 C08->Y W->Y C00-C01 C00-C02 C00-C05 C01-C02 C01-C08,0.0009492500103078783,0.0,0.0016826660139486194,,1,12,6,0,0.9338651277065132,4.603602516637451,14,9,C00,6
u2_c12_seed00000025_xC08_tiered_nt4,u2_c12_seed00000025_xC08,tiered_unconfounded,fast_gate,12,2,measured,,,4,25,C08,Y,13,2,14,14,0.8421052631578947,2,"C00,W",0.07692307692307693,1,0,1,0,3,True,1,ok,local_up_fast,mpdag_criterion,True,"Conjecture 2 (proved: Anti-Exchange Case B, THEOREMS.md section 4)",C00->C02 C00->C03 C00->Y C01->C02 C01->C04 C01->C07 C02->C03 C02->C04 C02->C06 C02->C09 C03->C06 C03->C10 C05->C11 C06->C10 C08->Y W->Y C00-C01 C00-C05 C01-C08,0.0006889579963171855,0.0,0.0012997919984627515,,1,14,3,0,0.98831541218638,4.761377725935967,13,8,C00,6
u2_c12_seed00000026_xC03_tiered_nt3,u2_c12_seed00000026_xC03,tiered_unconfounded,fast_gate,12,1,measured,,,3,26,C03,Y,10,4,12,12,0.8421052631578947,2,"C00,W",0.1,1,0,1,0,3,True,1,ok,local_up_fast,mpdag_criterion,True,"Conjecture 2 (proved: Anti-Exchange Case B, THEOREMS.md section 4)",C00->C10 C00->Y C01->C03 C01->C06 C02->C04 C02->C05 C03->C06 C03->C07 C03->Y C04->C08 C06->C07 C07->C11 C09->C10 W->Y C00-C01 C00-C02 C00-C03 C00-C09 C01-C02,0.001219833007780835,0.0,0.0016785830084700137,,1,12,7,0,0.40178452392317465,5.00450531828313,13,6,C00,9
u2_c12_seed00000026_xC03_tiered_nt4,u2_c12_seed00000026_xC03,tiered_unconfounded,fast_gate,12,1,measured,,,4,26,C03,Y,13,2,14,14,0.8421052631578947,2,"C00,W",0.07692307692307693,1,0,1,0,3,True,1,ok,local_up_fast,mpdag_criterion,True,"Conjecture 2 (proved: Anti-Exchange Case B, THEOREMS.md section 4)",C00->C02 C00->C10 C00->Y C01->C02 C01->C03 C01->C06 C02->C04 C02->C05 C03->C06 C03->C07 C03->Y C04->C08 C06->C07 C07->C11 C09->C10 W->Y C00-C01 C00-C03 C00-C09,0.0008537919929949567,0.0,0.001238374985405244,,1,14,6,0,0.6361348256203331,4.558197179879923,13,7,C00,9
u2_c12_seed00000027_xC04_tiered_nt3,u2_c12_seed00000027_xC04,tiered_unconfounded,fast_gate,12,2,measured,,,3,27,C04,Y,8,5,9,9,0.8235294117647058,2,"C00,W",0.125,1,0,1,0,3,True,1,ok,local_up_fast,mpdag_criterion,True,"Conjecture 2 (proved: Anti-Exchange Case B, THEOREMS.md section 4)",C00->C07 C00->Y C01->C05 C01->C10 C01->C11 C02->C06 C03->C07 C04->Y C05->C09 C07->C08 W->Y C00-C01 C00-C02 C00-C03 C02-C03 C02-C04 C04-C06,0.0008454999915556982,0.0,0.0014412919990718365,,1,9,4,0,0.943440849628784,5.511086408166273,13,7,C00,11
u2_c12_seed00000027_xC04_tiered_nt4,u2_c12_seed00000027_xC04,tiered_unconfounded,fast_gate,12,2,measured,,,4,27,C04,Y,12,2,12,12,0.8235294117647058,2,"C00,W",0.08333333333333333,1,0,1,0,3,True,1,ok,local_up_fast,mpdag_criterion,True,"Conjecture 2 (proved: Anti-Exchange Case B, THEOREMS.md section 4)",C00->C03 C00->C07 C00->Y C01->C05 C01->C10 C01->C11 C02->C03 C02->C06 C03->C07 C04->C06 C04->Y C05->C09 C07->C08 W->Y C00-C01 C00-C02 C02-C04,0.0005726660019718111,0.0,0.0010029990080511197,,1,12,3,0,0.9953635259091627,4.892871900313,12,7,C00,11
u2_c12_seed00000028_xC11_tiered_nt2,u2_c12_seed00000028_xC11,tiered_unconfounded,fast_gate,12,3,measured,,,2,28,C11,Y,6,6,7,7,0.8125,2,"C00,W",0.16666666666666666,1,0,1,0,3,True,1,ok,local_up_fast,mpdag_criterion,True,"Conjecture 2 (proved: Anti-Exchange Case B, THEOREMS.md section 4)",C00->Y C02->C04 C03->C04 C06->C07 C06->C08 C06->C10 C07->C09 C11->Y W->Y C00-C01 C00-C05 C01-C02 C02-C03 C02-C06 C02-C11 C08-C10,0.0008164169994415715,0.0,0.001294542002142407,,1,7,6,0,0.7835603610769182,4.686980666931881,10,4,C00,11
u2_c12_seed00000028_xC11_tiered_nt3,u2_c12_seed00000028_xC11,tiered_unconfounded,fast_gate,12,3,measured,,,3,28,C11,Y,7,5,8,8,0.8125,2,"C00,W",0.14285714285714285,1,0,1,0,3,True,1,ok,local_up_fast,mpdag_criterion,True,"Conjecture 2 (proved: Anti-Exchange Case B, THEOREMS.md section 4)",C00->Y C02->C03 C02->C04 C02->C06 C06->C07 C06->C08 C06->C10 C07->C09 C11->Y W->Y C00-C01 C00-C05 C01-C02 C02-C11 C03-C04 C08-C10,0.0005457079969346523,0.0,0.0009335829963674769,,1,8,2,0,0.9259610033179089,5.448690469904756,13,7,C00,11
u2_c12_seed00000028_xC11_tiered_nt4,u2_c12_seed00000028_xC11,tiered_unconfounded,fast_gate,12,3,measured,,,4,28,C11,Y,9,2,11,11,0.8125,2,"C00,W",0.0,0,0,2,0,3,True,2,ok,local_up_fast,mpdag_criterion,True,"Conjecture 2 (proved: Anti-Exchange Case B, THEOREMS.md section 4)",C00->Y C02->C03 C02->C04 C02->C06 C03->C04 C06->C07 C06->C08 C06->C10 C07->C09 C08->C10 C11->Y W->Y C00-C01 C00-C05 C01-C02 C02-C11,0.0021301670058164746,0.0,0.0026253760006511584,,4,41,8,0,0.9760989230094175,6.828556797661743,11,4,C00,11
u2_c12_seed00000030_xC08_tiered_nt2,u2_c12_seed00000030_xC08,tiered_unconfounded,fast_gate,12,1,measured,,,2,30,C08,Y,7,6,8,8,0.8235294117647058,2,"C00,W",0.14285714285714285,1,0,1,0,3,True,1,ok,local_up_fast,mpdag_criterion,True,"Conjecture 2 (proved: Anti-Exchange Case B, THEOREMS.md section 4)",C00->C06 C00->Y C01->C07 C03->C08 C04->C11 C05->C06 C05->C09 C06->C10 C08->Y W->Y C00-C01 C00-C02 C00-C03 C00-C05 C00-C08 C02-C03 C02-C04,0.0011512089986354113,0.0,0.0016765839973231778,,1,8,7,0,0.8565525011901804,6.929828406067904,11,3,C00,11
u2_c12_seed00000030_xC08_tiered_nt3,u2_c12_seed00000030_xC08,tiered_unconfounded,fast_gate,12,1,measured,,,3,30,C08,Y,11,3,11,11,0.8235294117647058,2,"C00,W",0.0,0,0,3,0,3,True,3,ok,local_up_fast,mpdag_criterion,True,"Conjecture 2 (proved: Anti-Exchange Case B, THEOREMS.md section 4)",C00->C03 C00->C06 C00->Y C01->C07 C02->C04 C04->C11 C05->C06 C05->C09 C06->C10 C08->Y W->Y C00-C01 C00-C02 C00-C05 C00-C08 C02-C03 C03-C08,0.01434999999764841,0.0,0.014774082999792881,,25,234,74,0,0.6045182123482304,4.038427540014951,11,6,C00,11
u2_c12_seed00000030_xC08_tiered_nt4,u2_c12_seed00000030_xC08,tiered_unconfounded,fast_gate,12,1,measured,,,4,30,C08,Y,12,2,12,12,0.8235294117647058,2,"C00,W",0.0,0,0,3,0,3,True,3,ok,local_up_fast,mpdag_criterion,True,"Conjecture 2 (proved: Anti-Exchange Case B, THEOREMS.md section 4)",C00->C03 C00->C05 C00->C06 C00->Y C01->C07 C02->C04 C04->C11 C05->C06 C05->C09 C06->C10 C08->Y W->Y C00-C01 C00-C02 C00-C08 C02-C03 C03-C08,0.0101256670022849,0.0,0.010558417008724064,,19,198,61,0,0.416923773311606,4.001166507388836,12,7,C00,11
u2_c12_seed00000033_xC07_tiered_nt2,u2_c12_seed00000033_xC07,tiered_unconfounded,fast_gate,12,3,measured,,,2,33,C07,Y,7,6,9,9,0.8333333333333334,2,"C00,W",0.14285714285714285,1,0,1,0,3,True,1,ok,local_up_fast,mpdag_criterion,True,"Conjecture 2 (proved: Anti-Exchange Case B, THEOREMS.md section 4)",C00->Y C01->C08 C01->C09 C01->C10 C04->C08 C04->C09 C05->C06 C07->Y C08->C10 C10->C11 W->Y C00-C01 C01-C02 C01-C03 C01-C04 C01-C05 C05-C07 C06-C07,0.0010642080014804378,0.0,0.0016514160088263452,,1,9,2,0,0.7257738846506416,5.981724890048529,12,4,C00,9
u2_c12_seed00000033_xC07_tiered_nt3,u2_c12_seed00000033_xC07,tiered_unconfounded,fast_gate,12,3,measured,,,3,33,C07,Y,8,5,10,10,0.8333333333333334,2,"C00,W",0.0,0,0,2,0,3,True,3,ok,local_up_fast,mpdag_criterion,True,"Conjecture 2 (proved: Anti-Exchange Case B, THEOREMS.md section 4)",C00->Y C01->C04 C01->C08 C01->C09 C01->C10 C05->C06 C07->Y C08->C10 C10->C11 W->Y C00-C01 C01-C02 C01-C03 C01-C05 C04-C08 C04-C09 C05-C07 C06-C07,0.012965041998540983,0.0,0.01343020799686201,,16,136,49,0,0.8413912397633625,7.059227440646878,14,6,C00,9
u2_c12_seed00000033_xC07_tiered_nt4,u2_c12_seed00000033_xC07,tiered_unconfounded,fast_gate,12,3,measured,,,4,33,C07,Y,11,3,12,12,0.8333333333333334,2,"C00,W",0.0,0,0,2,0,3,True,2,ok,local_up_fast,mpdag_criterion,True,"Conjecture 2 (proved: Anti-Exchange Case B, THEOREMS.md section 4)",C00->Y C01->C03 C01->C04 C01->C08 C01->C09 C01->C10 C04->C08 C04->C09 C05->C06 C07->Y C08->C10 C10->C11 W->Y C00-C01 C01-C02 C01-C05 C05-C07 C06-C07,0.003051958992728032,0.0,0.0034954180009663105,,4,45,17,0,0.9906109293028624,5.905134158947688,14,8,C00,9
u2_c12_seed00000034_xC10_tiered_nt2,u2_c12_seed00000034_xC10,tiered_unconfounded,fast_gate,12,4,measured,,,2,34,C10,Y,3,7,6,6,0.8125,2,"C00,W",0.3333333333333333,1,0,1,0,3,True,2,ok,local_up_fast,mpdag_criterion,True,"Conjecture 2 (proved: Anti-Exchange Case B, THEOREMS.md section 4)",C00->Y C03->C07 C04->C08 C06->C09 C09->C11 C10->Y W->Y C00-C01 C00-C02 C00-C03 C01-C03 C01-C05 C02-C04 C04-C06 C06-C10 C09-C10,0.0017588329938007519,0.0,0.002181457995902747,,3,16,7,0,0.9282764114599754,6.342122642976494,11,4,C00,11
u2_c12_seed00000034_xC10_tiered_nt3,u2_c12_seed00000034_xC10,tiered_unconfounded,fast_gate,12,4,measured,,,3,34,C10,Y,5,5,8,8,0.8125,2,"C00,W",0.0,0,0,2,0,3,True,3,ok,local_up_fast,mpdag_criterion,True,"Conjecture 2 (proved: Anti-Exchange Case B, THEOREMS.md section 4)",C00->Y C01->C05 C03->C07 C04->C08 C06->C09 C09->C11 C10->Y W->Y C00-C01 C00-C02 C00-C03 C01-C03 C02-C04 C04-C06 C06-C10 C09-C10,0.004197415997623466,0.0,0.00454549900314305,,8,53,15,0,0.990031735120582,6.95015867560291,12,5,C00,11
u2_c12_seed00000034_xC10_tiered_nt4,u2_c12_seed00000034_xC10,tiered_unconfounded,fast_gate,12,4,measured,,,4,34,C10,Y,10,2,11,11,0.8125,2,"C00,W",0.0,0,0,3,0,3,True,4,ok,e1_ladder,mpdag_criterion,True,"Conjecture 2 (proved: Anti-Exchange Case B, THEOREMS.md section 4)","(('C00', 'C03'), ('C00', 'Y'), ('C01', 'C03'), ('C01', 'C05'), ('C03', 'C07'), ('C04', 'C08'), ('C09', 'C10'), ('C09', 'C11'), ('C10', 'Y'), ('W', 'Y'))",0.009610416993382387,0.05773491600120906,0.06770737499755342,,39,177,39,0,0.9979911588607241,4.979911588607241,11,6,C00,11
u2_c12_seed00000036_xC04_tiered_nt3,u2_c12_seed00000036_xC04,tiered_unconfounded,fast_gate,12,2,measured,,,3,36,C04,Y,10,3,10,10,0.8125,2,"C00,W",0.1,1,0,1,0,3,True,1,ok,local_up_fast,mpdag_criterion,True,"Conjecture 2 (proved: Anti-Exchange Case B, THEOREMS.md section 4)",C00->C07 C00->Y C01->C08 C01->C09 C02->C05 C02->C11 C03->C07 C04->C10 C04->Y C05->C06 C05->C11 W->Y C00-C01 C00-C02 C00-C03 C03-C04,0.0005481660045916215,0.0,0.0009223740053130314,,1,10,4,0,0.9815866120151518,4.742058151503576,12,7,C00,11
u2_c12_seed00000036_xC04_tiered_nt4,u2_c12_seed00000036_xC04,tiered_unconfounded,fast_gate,12,2,measured,,,4,36,C04,Y,10,2,11,11,0.8125,2,"C00,W",0.1,1,0,1,0,3,True,2,ok,local_up_fast,mpdag_criterion,True,"Conjecture 2 (proved: Anti-Exchange Case B, THEOREMS.md section 4)",C00->C07 C00->Y C01->C08 C01->C09 C02->C05 C02->C11 C03->C07 C04->C10 C04->Y C05->C06 C05->C11 W->Y C00-C01 C00-C02 C00-C03 C03-C04,0.003729916992597282,0.0,0.004083124993485399,,7,71,27,0,0.9968266253869968,4.960612216365186,11,6,C00,11
u2_c12_seed00000037_xC08_tiered_nt4,u2_c12_seed00000037_xC08,tiered_unconfounded,fast_gate,12,1,measured,,,4,37,C08,Y,12,3,13,13,0.8421052631578947,2,"C00,W",0.08333333333333333,1,0,1,0,3,True,1,ok,local_up_fast,mpdag_criterion,True,"Conjecture 2 (proved: Anti-Exchange Case B, THEOREMS.md section 4)",C00->C03 C00->C11 C00->Y C01->C11 C02->C03 C03->C04 C03->C05 C03->C06 C04->C10 C05->C07 C06->C07 C06->C09 C07->C09 C08->Y W->Y C00-C01 C00-C02 C00-C08 C05-C06,0.0007931250002002344,0.0,0.0013982090022182092,,1,13,5,0,0.9602988045554637,6.4799283734285,13,6,C00,4
u2_c12_seed00000038_xC04_tiered_nt3,u2_c12_seed00000038_xC04,tiered_unconfounded,fast_gate,12,2,measured,,,3,38,C04,Y,8,5,9,9,0.8235294117647058,2,"C00,W",0.125,1,0,1,0,3,True,1,ok,local_up_fast,mpdag_criterion,True,"Conjecture 2 (proved: Anti-Exchange Case B, THEOREMS.md section 4)",C00->Y C01->C03 C01->C05 C01->C09 C03->C06 C03->C08 C03->C11 C04->Y C05->C07 C05->C08 W->Y C00-C01 C00-C02 C00-C10 C01-C02 C01-C04 C03-C05,0.0007012499991105869,0.0,0.00123666699801106,,1,9,4,0,0.9277336406781558,6.308223400590428,13,6,C00,10
u2_c12_seed00000038_xC04_tiered_nt4,u2_c12_seed00000038_xC04,tiered_unconfounded,fast_gate,12,2,measured,,,4,38,C04,Y,12,2,12,12,0.8235294117647058,2,"C00,W",0.08333333333333333,1,0,1,0,3,True,1,ok,local_up_fast,mpdag_criterion,True,"Conjecture 2 (proved: Anti-Exchange Case B, THEOREMS.md section 4)",C00->C02 C00->Y C01->C02 C01->C03 C01->C05 C01->C09 C03->C05 C03->C06 C03->C08 C03->C11 C04->Y C05->C07 C05->C08 W->Y C00-C01 C00-C10 C01-C04,0.0006066250061849132,0.0,0.0011204580077901483,,1,12,4,0,0.9840478491138374,5.736961371675924,13,7,C00,10
u2_c12_seed00000039_xC04_tiered_nt3,u2_c12_seed00000039_xC04,tiered_unconfounded,fast_gate,12,2,measured,,,3,39,C04,Y,7,7,8,8,0.8333333333333334,2,"C00,W",0.14285714285714285,1,0,1,0,3,True,1,ok,local_up_fast,mpdag_criterion,True,"Conjecture 2 (proved: Anti-Exchange Case B, THEOREMS.md section 4)",C00->Y C01->C05 C01->C07 C02->C08 C04->Y C05->C06 C05->C09 C05->C10 C10->C11 W->Y C00-C01 C00-C03 C01-C02 C01-C03 C01-C04 C04-C05 C06-C09 C06-C10,0.0009941669995896518,0.0,0.0013640010001836345,,1,8,5,0,0.841022632569155,6.952383006766962,13,5,C00,7
u2_c12_seed00000039_xC04_tiered_nt4,u2_c12_seed00000039_xC04,tiered_unconfounded,fast_gate,12,2,measured,,,4,39,C04,Y,11,2,13,13,0.8333333333333334,2,"C00,W",0.09090909090909091,1,0,1,0,3,True,1,ok,local_up_fast,mpdag_criterion,True,"Conjecture 2 (proved: Anti-Exchange Case B, THEOREMS.md section 4)",C00->C03 C00->Y C01->C03 C01->C05 C01->C07 C02->C08 C04->C05 C04->Y C05->C06 C05->C09 C05->C10 C06->C09 C06->C10 C10->C11 W->Y C00-C01 C01-C02 C01-C04,0.0008475419890601188,0.0,0.0011526249872986227,,1,13,7,0,0.9606544249401392,7.55919048895571,13,5,C00,7
u2_c12_seed00000040_xC08_tiered_nt2,u2_c12_seed00000040_xC08,tiered_unconfounded,fast_gate,12,2,measured,,,2,40,C08,Y,4,7,7,7,0.8235294117647058,2,"C00,W",0.25,1,0,1,0,3,True,1,ok,local_up_fast,mpdag_criterion,True,"Conjecture 2 (proved: Anti-Exchange Case B, THEOREMS.md section 4)",C00->Y C02->C03 C03->C07 C04->C06 C04->C09 C06->C10 C08->C10 C08->Y W->Y C00-C01 C00-C04 C00-C05 C00-C11 C01-C02 C04-C08 C06-C08 C06-C09,0.001032291998853907,0.0,0.0015354999923147261,,1,7,3,0,0.7231023687793064,5.029938371154918,12,5,C00,11
u2_c12_seed00000040_xC08_tiered_nt3,u2_c12_seed00000040_xC08,tiered_unconfounded,fast_gate,12,2,measured,,,3,40,C08,Y,9,4,10,10,0.8235294117647058,2,"C00,W",0.1111111111111111,1,0,1,0,3,True,1,ok,local_up_fast,mpdag_criterion,True,"Conjecture 2 (proved: Anti-Exchange Case B, THEOREMS.md section 4)",C00->C11 C00->Y C01->C02 C02->C03 C03->C07 C04->C06 C04->C09 C06->C09 C06->C10 C08->C10 C08->Y W->Y C00-C01 C00-C04 C00-C05 C04-C08 C06-C08,0.000781832990469411,0.0,0.0012002499861409888,,1,10,3,0,0.9486573003109833,5.563764516230994,12,6,C00,11
u2_c12_seed00000040_xC08_tiered_nt4,u2_c12_seed00000040_xC08,tiered_unconfounded,fast_gate,12,2,measured,,,4,40,C08,Y,10,4,10,10,0.8235294117647058,2,"C00,W",0.1,1,0,1,0,3,True,1,ok,local_up_fast,mpdag_criterion,True,"Conjecture 2 (proved: Anti-Exchange Case B, THEOREMS.md section 4)",C00->C05 C00->C11 C00->Y C01->C02 C02->C03 C03->C07 C04->C06 C04->C09 C06->C10 C08->C10 C08->Y W->Y C00-C01 C00-C04 C04-C08 C06-C08 C06-C09,0.0007652909989701584,0.0,0.0011665000056382269,,1,10,3,0,0.9744653472337911,4.744184209081224,12,7,C00,11
u2_c12_seed00000041_xC08_tiered_nt2,u2_c12_seed00000041_xC08,tiered_unconfounded,fast_gate,12,3,measured,,,2,41,C08,Y,6,6,6,6,0.8,2,"C00,W",0.16666666666666666,1,0,1,0,3,True,1,ok,local_up_fast,mpdag_criterion,True,"Conjecture 2 (proved: Anti-Exchange Case B, THEOREMS.md section 4)",C00->Y C03->C07 C03->C11 C04->C10 C05->C06 C05->C09 C08->Y W->Y C00-C01 C01-C02 C01-C03 C01-C04 C02-C03 C04-C05 C04-C08,0.000659333003568463,0.0,0.0011232500110054389,,1,6,5,0,0.7314974696166291,3.8602819621291182,10,5,C00,9
u2_c12_seed00000041_xC08_tiered_nt3,u2_c12_seed00000041_xC08,tiered_unconfounded,fast_gate,12,3,measured,,,3,41,C08,Y,8,3,9,9,0.8,2,"C00,W",0.125,1,0,1,0,3,True,1,ok,local_up_fast,mpdag_criterion,True,"Conjecture 2 (proved: Anti-Exchange Case B, THEOREMS.md section 4)",C00->Y C01->C03 C02->C03 C03->C07 C03->C11 C04->C05 C04->C10 C05->C06 C05->C09 C08->Y W->Y C00-C01 C01-C02 C01-C04 C04-C08,0.0005213330005062744,0.0,0.0008752909925533459,,1,9,3,0,0.9373431467298493,5.44989545616145,10,4,C00,9
u2_c12_seed00000041_xC08_tiered_nt4,u2_c12_seed00000041_xC08,tiered_unconfounded,fast_gate,12,3,measured,,,4,41,C08,Y,9,2,10,10,0.8,2,"C00,W",0.0,0,0,2,0,3,True,2,ok,local_up_fast,mpdag_criterion,True,"Conjecture 2 (proved: Anti-Exchange Case B, THEOREMS.md section 4)",C00->Y C01->C03 C02->C03 C03->C07 C03->C11 C04->C05 C04->C10 C05->C06 C05->C09 C08->Y W->Y C00-C01 C01-C02 C01-C04 C04-C08,0.0013087080005789176,0.0,0.0016654579958412796,,3,28,8,0,0.9771781437322623,5.854284205871903,11,5,C00,9
u2_c12_seed00000043_xC04_tiered_nt2,u2_c12_seed00000043_xC04,tiered_unconfounded,fast_gate,12,2,measured,,,2,43,C04,Y,6,8,8,8,0.8421052631578947,2,"C00,W",0.16666666666666666,1,0,1,0,3,True,1,ok,local_up_fast,mpdag_criterion,True,"Conjecture 2 (proved: Anti-Exchange Case B, THEOREMS.md section 4)",C00->Y C01->C09 C01->C11 C02->C07 C03->C11 C04->C05 C04->Y C07->C10 C08->C09 W->Y C00-C01 C00-C02 C00-C03 C00-C06 C01-C02 C01-C03 C01-C06 C01-C08 C03-C04,0.0011345419916324317,0.0,0.0018302919925190508,,1,8,4,0,0.6938724889225866,6.6371325087353865,13,4,C00,11
u2_c12_seed00000043_xC04_tiered_nt3,u2_c12_seed00000043_xC04,tiered_unconfounded,fast_gate,12,2,measured,,,3,43,C04,Y,10,6,10,10,0.8421052631578947,2,"C00,W",0.1,1,0,1,0,3,True,1,ok,local_up_fast,mpdag_criterion,True,"Conjecture 2 (proved: Anti-Exchange Case B, THEOREMS.md section 4)",C00->C06 C00->Y C01->C06 C01->C08 C01->C09 C01->C11 C02->C07 C03->C11 C04->C05 C04->Y C07->C10 W->Y C00-C01 C00-C02 C00-C03 C01-C02 C01-C03 C03-C04 C08-C09,0.0007261669961735606,0.0,0.0012774999922839925,,1,10,3,0,0.9623846507115934,6.5464607813741535,13,6,C00,11
u2_c12_seed00000043_xC04_tiered_nt4,u2_c12_seed00000043_xC04,tiered_unconfounded,fast_gate,12,2,measured,,,4,43,C04,Y,13,3,13,13,0.8421052631578947,2,"C00,W",0.0,0,0,3,0,3,True,3,ok,local_up_fast,mpdag_criterion,True,"Conjecture 2 (proved: Anti-Exchange Case B, THEOREMS.md section 4)",C00->C06 C00->Y C01->C06 C01->C08 C01->C09 C01->C11 C02->C07 C03->C11 C04->C05 C04->Y C07->C10 C08->C09 W->Y C00-C01 C00-C02 C00-C03 C01-C02 C01-C03 C03-C04,0.052153459007968195,0.0,0.05276666700956412,,31,350,91,0,0.9984373749499801,5.978092317353259,14,8,C00,11
u2_c12_seed00000044_xC08_tiered_nt2,u2_c12_seed00000044_xC08,tiered_unconfounded,fast_gate,12,2,measured,,,2,44,C08,Y,4,8,7,7,0.8333333333333334,2,"C00,W",0.25,1,0,1,0,3,True,1,ok,local_up_fast,mpdag_criterion,True,"Conjecture 2 (proved: Anti-Exchange Case B, THEOREMS.md section 4)",C00->Y C02->C07 C03->C05 C04->C05 C08->C09 C08->Y C09->C10 C09->C11 W->Y C00-C01 C00-C02 C00-C03 C00-C04 C00-C06 C01-C02 C03-C04 C03-C08 C10-C11,0.0008446669962722808,0.0,0.0012692089949268848,,1,7,3,0,0.634997737400492,3.6904212851457494,12,4,C00,9
u2_c12_seed00000044_xC08_tiered_nt3,u2_c12_seed00000044_xC08,tiered_unconfounded,fast_gate,12,2,measured,,,3,44,C08,Y,7,4,11,11,0.8333333333333334,2,"C00,W",0.14285714285714285,1,0,1,0,3,True,1,ok,local_up_fast,mpdag_criterion,True,"Conjecture 2 (proved: Anti-Exchange Case B, THEOREMS.md section 4)",C00->C02 C00->C04 C00->Y C01->C02 C02->C07 C03->C04 C03->C05 C04->C05 C08->C09 C08->Y C09->C10 C09->C11 W->Y C00-C01 C00-C03 C00-C06 C03-C08 C10-C11,0.0006940000021131709,0.0,0.0010732080118032172,,1,11,2,0,0.7904993785044923,6.356648415649317,14,6,C00,9
u2_c12_seed00000044_xC08_tiered_nt4,u2_c12_seed00000044_xC08,tiered_unconfounded,fast_gate,12,2,measured,,,4,44,C08,Y,11,3,12,12,0.8333333333333334,2,"C00,W",0.09090909090909091,1,0,1,0,3,True,1,ok,local_up_fast,mpdag_criterion,True,"Conjecture 2 (proved: Anti-Exchange Case B, THEOREMS.md section 4)",C00->C02 C00->C04 C00->C06 C00->Y C01->C02 C02->C07 C03->C04 C03->C05 C04->C05 C08->C09 C08->Y C09->C10 C09->C11 W->Y C00-C01 C00-C03 C03-C08 C10-C11,0.0006071249954402447,0.0,0.0009842500003287569,,1,12,2,0,0.6791872249224378,5.787668606066974,14,7,C00,9
u2_c12_seed00000045_xC06_tiered_nt2,u2_c12_seed00000045_xC06,tiered_unconfounded,fast_gate,12,3,measured,,,2,45,C06,Y,3,5,6,6,0.7857142857142857,2,"C00,W",0.3333333333333333,1,0,1,0,3,True,1,ok,local_up_fast,mpdag_criterion,True,"Conjecture 2 (proved: Anti-Exchange Case B, THEOREMS.md section 4)",C00->Y C04->C05 C04->C08 C05->C07 C06->C09 C06->Y C07->C11 W->Y C00-C01 C01-C02 C01-C03 C01-C10 C02-C04 C03-C06,0.0006726249994244426,0.0,0.0010588330042082816,,1,6,4,0,0.7201825718262234,3.5830813493066076,11,6,C00,11
u2_c12_seed00000045_xC06_tiered_nt3,u2_c12_seed00000045_xC06,tiered_unconfounded,fast_gate,12,3,measured,,,3,45,C06,Y,5,3,8,8,0.7857142857142857,2,"C00,W",0.2,1,0,1,0,3,True,1,ok,local_up_fast,mpdag_criterion,True,"Conjecture 2 (proved: Anti-Exchange Case B, THEOREMS.md section 4)",C00->Y C01->C10 C02->C04 C04->C05 C04->C08 C05->C07 C06->C09 C06->Y C07->C11 W->Y C00-C01 C01-C02 C01-C03 C03-C06,0.0004706250037997961,0.0,0.0007634159992448986,,1,8,2,0,0.9096980681496442,5.519580649118265,10,4,C00,11
u2_c12_seed00000045_xC06_tiered_nt4,u2_c12_seed00000045_xC06,tiered_unconfounded,fast_gate,12,3,measured,,,4,45,C06,Y,7,2,9,9,0.7857142857142857,2,"C00,W",0.0,0,0,2,0,3,True,2,ok,local_up_fast,mpdag_criterion,True,"Conjecture 2 (proved: Anti-Exchange Case B, THEOREMS.md section 4)",C00->Y C01->C10 C02->C04 C04->C05 C04->C08 C05->C07 C06->C09 C06->Y C07->C11 W->Y C00-C01 C01-C02 C01-C03 C03-C06,0.0016608750011073425,0.0,0.0019472499989205971,,4,33,10,0,0.9712942225727786,3.901591433719508,11,7,C00,11
u2_c12_seed00000046_xC09_tiered_nt2,u2_c12_seed00000046_xC09,tiered_unconfounded,fast_gate,12,4,measured,,,2,46,C09,Y,1,8,6,6,0.8235294117647058,2,"C00,W",1.0,1,0,1,0,1,True,3,ok,local_up_fast,mpdag_criterion,True,"Conjecture 2 (proved: Anti-Exchange Case B, THEOREMS.md section 4)",C00->Y C04->C08 C04->C10 C08->C11 C09->Y W->Y C00-C01 C00-C02 C00-C03 C00-C06 C01-C02 C01-C07 C02-C03 C02-C04 C04-C05 C05-C09 C05-C10,0.0024611249973531812,0.0,0.0029999999969732016,,5,23,10,0,0.9878810766273002,9.407840304150769,13,3,C00,11
u2_c12_seed00000046_xC09_tiered_nt3,u2_c12_seed00000046_xC09,tiered_unconfounded,fast_gate,12,4,measured,,,3,46,C09,Y,8,4,10,10,0.8235294117647058,2,"C00,W",0.0,0,0,2,0,3,True,3,ok,local_up_fast,mpdag_criterion,True,"Conjecture 2 (proved: Anti-Exchange Case B, THEOREMS.md section 4)",C00->C03 C00->Y C01->C07 C02->C03 C04->C08 C04->C10 C05->C10 C08->C11 C09->Y W->Y C00-C01 C00-C02 C00-C06 C01-C02 C02-C04 C04-C05 C05-C09,0.006929082999704406,0.0,0.007338416005950421,,12,103,33,0,0.9930092789284778,7.938429446503994,11,3,C00,11
u2_c12_seed00000046_xC09_tiered_nt4,u2_c12_seed00000046_xC09,tiered_unconfounded,fast_gate,12,4,measured,,,4,46,C09,Y,8,2,12,12,0.8235294117647058,2,"C00,W",0.0,0,0,3,0,3,True,5,ok,e1_ladder,mpdag_criterion,True,"Conjecture 2 (proved: Anti-Exchange Case B, THEOREMS.md section 4)","(('C00', 'C03'), ('C00', 'Y'), ('C01', 'C07'), ('C02', 'C03'), ('C04', 'C08'), ('C04', 'C10'), ('C05', 'C10'), ('C08', 'C11'), ('C09', 'Y'), ('W', 'Y'))",0.007229540991829708,0.1024939170019934,0.1102007499866886,,22,135,22,0,1.0,9.0,12,3,C00,11
u2_c12_seed00000047_xC04_tiered_nt4,u2_c12_seed00000047_xC04,tiered_unconfounded,fast_gate,12,1,measured,,,4,47,C04,Y,9,2,9,9,0.7857142857142857,2,"C00,W",0.1111111111111111,1,0,1,0,3,True,1,ok,local_up_fast,mpdag_criterion,True,"Conjecture 2 (proved: Anti-Exchange Case B, THEOREMS.md section 4)",C00->C05 C00->Y C01->C07 C01->C09 C02->C03 C03->C08 C04->Y C05->C06 C06->C11 C09->C10 W->Y C00-C01 C00-C02 C00-C04,0.0004908749979222193,0.0,0.0008347080001840368,,1,9,6,0,0.9660030479692301,2.8447823957875,10,7,C00,11
u2_c12_seed00000049_xC04_tiered_nt3,u2_c12_seed00000049_xC04,tiered_unconfounded,fast_gate,12,2,measured,,,3,49,C04,Y,8,3,9,9,0.8,2,"C00,W",0.125,1,0,1,0,3,True,1,ok,local_up_fast,mpdag_criterion,True,"Conjecture 2 (proved: Anti-Exchange Case B, THEOREMS.md section 4)",C00->Y C01->C03 C01->C05 C01->C08 C01->C09 C02->C06 C03->C05 C04->C11 C04->Y C05->C07 W->Y C00-C01 C00-C02 C00-C10 C02-C04,0.0005003340047551319,0.0,0.0008497500093653798,,1,9,4,0,0.9473428464339259,5.537506038014428,12,6,C00,10
u2_c12_seed00000049_xC04_tiered_nt4,u2_c12_seed00000049_xC04,tiered_unconfounded,fast_gate,12,2,measured,,,4,49,C04,Y,10,2,10,10,0.8,2,"C00,W",0.1,1,0,1,0,3,True,1,ok,local_up_fast,mpdag_criterion,True,"Conjecture 2 (proved: Anti-Exchange Case B, THEOREMS.md section 4)",C00->C10 C00->Y C01->C03 C01->C05 C01->C08 C01->C09 C02->C06 C03->C05 C04->C11 C04->Y C05->C07 W->Y C00-C01 C00-C02 C02-C04,0.0004665829910663888,0.0,0.0008012499893084168,,1,10,4,0,0.9878958037042486,3.818020098261245,11,7,C00,10
u2_c12_seed00000050_xC02_tiered_nt4,u2_c12_seed00000050_xC02,tiered_unconfounded,fast_gate,12,2,measured,,,4,50,C02,Y,11,2,11,11,0.8125,2,"C00,W",0.09090909090909091,1,0,1,0,3,True,1,ok,local_up_fast,mpdag_criterion,True,"Conjecture 2 (proved: Anti-Exchange Case B, THEOREMS.md section 4)",C00->C04 C00->C10 C00->Y C01->C04 C01->C10 C02->C03 C02->C09 C02->Y C04->C05 C04->C06 C05->C08 C10->C11 W->Y C00-C01 C00-C07 C01-C02,0.0006375829980242997,0.0,0.0012238740018801764,,1,11,4,0,0.8858489484186143,3.681206458741737,11,7,C00,11
u2_c12_seed00000051_xC05_tiered_nt2,u2_c12_seed00000051_xC05,tiered_unconfounded,fast_gate,12,1,measured,,,2,51,C05,Y,6,7,7,7,0.8235294117647058,2,"C00,W",0.16666666666666666,1,0,1,0,3,True,1,ok,local_up_fast,mpdag_criterion,True,"Conjecture 2 (proved: Anti-Exchange Case B, THEOREMS.md section 4)",C00->Y C01->C05 C03->C08 C04->C06 C04->C09 C05->Y C07->C10 C08->C11 W->Y C00-C01 C00-C02 C00-C03 C00-C05 C00-C07 C01-C04 C02-C03 C06-C09,0.0010287090117344633,0.0,0.0014379170024767518,,1,7,7,0,0.6707033295467912,4.333008400297333,11,5,C00,8
u2_c12_seed00000051_xC05_tiered_nt3,u2_c12_seed00000051_xC05,tiered_unconfounded,fast_gate,12,1,measured,,,3,51,C05,Y,9,3,11,11,0.8235294117647058,2,"C00,W",0.1111111111111111,1,0,1,0,3,True,1,ok,local_up_fast,mpdag_criterion,True,"Conjecture 2 (proved: Anti-Exchange Case B, THEOREMS.md section 4)",C00->C03 C00->Y C01->C04 C01->C05 C02->C03 C03->C08 C04->C06 C04->C09 C05->Y C06->C09 C07->C10 C08->C11 W->Y C00-C01 C00-C02 C00-C05 C00-C07,0.0008136660035233945,0.0,0.0011209160002181306,,1,11,7,0,0.6569028417404017,5.308608858766703,11,4,C00,8
u2_c12_seed00000051_xC05_tiered_nt4,u2_c12_seed00000051_xC05,tiered_unconfounded,fast_gate,12,1,measured,,,4,51,C05,Y,12,2,12,12,0.8235294117647058,2,"C00,W",0.08333333333333333,1,0,1,0,3,True,1,ok,local_up_fast,mpdag_criterion,True,"Conjecture 2 (proved: Anti-Exchange Case B, THEOREMS.md section 4)",C00->C03 C00->C07 C00->Y C01->C04 C01->C05 C02->C03 C03->C08 C04->C06 C04->C09 C05->Y C06->C09 C07->C10 C08->C11 W->Y C00-C01 C00-C02 C00-C05,0.0008278329914901406,0.0,0.001173957993160002,,1,12,7,0,0.6119392024244574,4.222635940076847,12,7,C00,8
u2_c12_seed00000052_xC04_tiered_nt2,u2_c12_seed00000052_xC04,tiered_unconfounded,fast_gate,12,3,measured,,,2,52,C04,Y,5,7,8,8,0.8333333333333334,2,"C00,W",0.2,1,0,1,0,3,True,1,ok,local_up_fast,mpdag_criterion,True,"Conjecture 2 (proved: Anti-Exchange Case B, THEOREMS.md section 4)",C00->Y C01->C07 C01->C10 C02->C07 C02->C10 C04->Y C07->C08 C07->C11 C08->C09 W->Y C00-C01 C00-C05 C00-C06 C01-C02 C01-C03 C03-C04 C05-C06 C08-C11,0.001259708995348774,0.0,0.0017982499848585576,,1,8,2,0,0.8348447553115438,7.762481821223571,12,3,C00,8
u2_c12_seed00000052_xC04_tiered_nt3,u2_c12_seed00000052_xC04,tiered_unconfounded,fast_gate,12,3,measured,,,3,52,C04,Y,9,4,11,11,0.8333333333333334,2,"C00,W",0.1111111111111111,1,0,1,0,3,True,2,ok,local_up_fast,mpdag_criterion,True,"Conjecture 2 (proved: Anti-Exchange Case B, THEOREMS.md section 4)",C00->C06 C00->Y C01->C07 C01->C10 C02->C07 C02->C10 C04->Y C05->C06 C07->C08 C07->C11 C08->C09 W->Y C00-C01 C00-C05 C01-C02 C01-C03 C03-C04 C08-C11,0.00461054100014735,0.0,0.005069165999884717,,7,71,29,0,0.986548639533309,7.893732009368176,13,5,C00,8
u2_c12_seed00000052_xC04_tiered_nt4,u2_c12_seed00000052_xC04,tiered_unconfounded,fast_gate,12,3,measured,,,4,52,C04,Y,12,2,13,13,0.8333333333333334,2,"C00,W",0.0,0,0,2,0,3,True,2,ok,local_up_fast,mpdag_criterion,True,"Conjecture 2 (proved: Anti-Exchange Case B, THEOREMS.md section 4)",C00->C06 C00->Y C01->C02 C01->C07 C01->C10 C02->C07 C02->C10 C04->Y C05->C06 C07->C08 C07->C11 C08->C09 C08->C11 W->Y C00-C01 C00-C05 C01-C03 C03-C04,0.004177124996203929,0.0,0.004698458986240439,,6,73,29,0,0.9982940160648933,6.968242961255332,13,6,C00,8
u2_c12_seed00000053_xC04_tiered_nt3,u2_c12_seed00000053_xC04,tiered_unconfounded,fast_gate,12,2,measured,,,3,53,C04,Y,9,3,11,11,0.8235294117647058,2,"C00,W",0.1111111111111111,1,0,1,0,3,True,1,ok,local_up_fast,mpdag_criterion,True,"Conjecture 2 (proved: Anti-Exchange Case B, THEOREMS.md section 4)",C00->Y C01->C10 C02->C04 C04->C05 C04->C06 C04->C08 C04->C11 C04->Y C05->C07 C06->C08 C06->C09 C06->C11 W->Y C00-C01 C00-C03 C01-C02 C01-C04,0.000787291006417945,0.0,0.0010513320157770067,,1,11,6,0,0.5992919903935935,4.645199276610044,12,4,C00,5
u2_c12_seed00000053_xC04_tiered_nt4,u2_c12_seed00000053_xC04,tiered_unconfounded,fast_gate,12,2,measured,,,4,53,C04,Y,10,3,11,11,0.8235294117647058,2,"C00,W",0.1,1,0,1,0,3,True,1,ok,local_up_fast,mpdag_criterion,True,"Conjecture 2 (proved: Anti-Exchange Case B, THEOREMS.md section 4)",C00->Y C01->C02 C01->C10 C04->C05 C04->C06 C04->C08 C04->C11 C04->Y C05->C07 C06->C08 C06->C09 C06->C11 W->Y C00-C01 C00-C03 C01-C04 C02-C04,0.0009690830047475174,0.0,0.00119779200758785,,1,11,5,0,0.7415939552461621,4.658784901938781,12,6,C00,5
u2_c12_seed00000054_xC05_tiered_nt2,u2_c12_seed00000054_xC05,tiered_unconfounded,fast_gate,12,2,measured,,,2,54,C05,Y,7,6,8,8,0.8235294117647058,2,"C00,W",0.14285714285714285,1,0,1,0,3,True,1,ok,local_up_fast,mpdag_criterion,True,"Conjecture 2 (proved: Anti-Exchange Case B, THEOREMS.md section 4)",C00->Y C01->C10 C02->C04 C02->C06 C02->C09 C03->C04 C03->C11 C04->C09 C05->Y W->Y C00-C01 C00-C02 C00-C03 C00-C07 C00-C08 C02-C03 C02-C05,0.000898041995242238,0.0,0.0014434589975280687,,1,8,5,0,0.8105391496052127,4.953748156821266,10,4,C00,11
u2_c12_seed00000054_xC05_tiered_nt3,u2_c12_seed00000054_xC05,tiered_unconfounded,fast_gate,12,2,measured,,,3,54,C05,Y,10,3,11,11,0.8235294117647058,2,"C00,W",0.1,1,0,1,0,3,True,1,ok,local_up_fast,mpdag_criterion,True,"Conjecture 2 (proved: Anti-Exchange Case B, THEOREMS.md section 4)",C00->C03 C00->C08 C00->Y C01->C10 C02->C03 C02->C04 C02->C06 C02->C09 C03->C04 C03->C11 C04->C09 C05->Y W->Y C00-C01 C00-C02 C00-C07 C02-C05,0.0006414579984266311,0.0,0.0011107919999631122,,1,11,3,0,0.9688819949125008,4.620847598894593,13,8,C00,11
u2_c12_seed00000054_xC05_tiered_nt4,u2_c12_seed00000054_xC05,tiered_unconfounded,fast_gate,12,2,measured,,,4,54,C05,Y,12,2,12,12,0.8235294117647058,2,"C00,W",0.08333333333333333,1,0,1,0,3,True,1,ok,local_up_fast,mpdag_criterion,True,"Conjecture 2 (proved: Anti-Exchange Case B, THEOREMS.md section 4)",C00->C03 C00->C07 C00->C08 C00->Y C01->C10 C02->C03 C02->C04 C02->C06 C02->C09 C03->C04 C03->C11 C04->C09 C05->Y W->Y C00-C01 C00-C02 C02-C05,0.0006640000065090135,0.0,0.0011403750104364008,,1,12,3,0,0.9925837438423646,4.870996923594323,13,8,C00,11
u2_c12_seed00000055_xC11_tiered_nt3,u2_c12_seed00000055_xC11,tiered_unconfounded,fast_gate,12,1,measured,,,3,55,C11,Y,8,4,10,10,0.8235294117647058,2,"C00,W",0.125,1,0,1,0,3,True,1,ok,local_up_fast,mpdag_criterion,True,"Conjecture 2 (proved: Anti-Exchange Case B, THEOREMS.md section 4)",C00->Y C01->C03 C01->C05 C01->C11 C02->C03 C03->C04 C03->C06 C03->C07 C04->C09 C05->C08 C11->Y W->Y C00-C01 C00-C10 C00-C11 C01-C02 C04-C07,0.0008186670020222664,0.0,0.0009926249913405627,,1,10,6,0,0.5389759053326695,5.03264843086721,13,5,C00,7
u2_c12_seed00000055_xC11_tiered_nt4,u2_c12_seed00000055_xC11,tiered_unconfounded,fast_gate,12,1,measured,,,4,55,C11,Y,11,2,12,12,0.8235294117647058,2,"C00,W",0.09090909090909091,1,0,1,0,3,True,1,ok,local_up_fast,mpdag_criterion,True,"Conjecture 2 (proved: Anti-Exchange Case B, THEOREMS.md section 4)",C00->Y C01->C02 C01->C03 C01->C05 C01->C11 C02->C03 C03->C04 C03->C06 C03->C07 C04->C07 C04->C09 C05->C08 C11->Y W->Y C00-C01 C00-C10 C00-C11,0.0008932920027291402,0.0,0.0010303340095560998,,1,12,7,0,0.29134514407191253,3.8685648141573488,12,6,C00,7
u2_c12_seed00000058_xC08_tiered_nt2,u2_c12_seed00000058_xC08,tiered_unconfounded,fast_gate,12,3,measured,,,2,58,C08,Y,8,8,8,8,0.8421052631578947,2,"C00,W",0.125,1,0,1,0,3,True,1,ok,local_up_fast,mpdag_criterion,True,"Conjecture 2 (proved: Anti-Exchange Case B, THEOREMS.md section 4)",C00->Y C01->C06 C03->C07 C03->C10 C04->C08 C04->C09 C04->C11 C05->C06 C08->Y W->Y C00-C01 C00-C03 C00-C05 C01-C02 C01-C03 C01-C05 C02-C04 C02-C08 C07-C10,0.0012668749986914918,0.0,0.0018823340069502592,,1,8,8,0,0.4221455952058769,4.273943680751318,11,4,C00,11
u2_c12_seed00000058_xC08_tiered_nt3,u2_c12_seed00000058_xC08,tiered_unconfounded,fast_gate,12,3,measured,,,3,58,C08,Y,10,5,11,11,0.8421052631578947,2,"C00,W",0.1,1,0,1,0,3,True,1,ok,local_up_fast,mpdag_criterion,True,"Conjecture 2 (proved: Anti-Exchange Case B, THEOREMS.md section 4)",C00->C05 C00->Y C01->C05 C01->C06 C02->C04 C03->C07 C03->C10 C04->C09 C04->C11 C05->C06 C07->C10 C08->Y W->Y C00-C01 C00-C03 C01-C02 C01-C03 C02-C08 C04-C08,0.0009163750073639676,0.0,0.001326500001596287,,1,11,4,0,0.9265854699918779,6.259308055074261,13,6,C00,11
u2_c12_seed00000058_xC08_tiered_nt4,u2_c12_seed00000058_xC08,tiered_unconfounded,fast_gate,12,3,measured,,,4,58,C08,Y,14,2,14,14,0.8421052631578947,2,"C00,W",0.0,0,0,2,0,3,True,2,ok,local_up_fast,mpdag_criterion,True,"Conjecture 2 (proved: Anti-Exchange Case B, THEOREMS.md section 4)",C00->C03 C00->C05 C00->Y C01->C03 C01->C05 C01->C06 C02->C04 C03->C07 C03->C10 C04->C09 C04->C11 C05->C06 C07->C10 C08->Y W->Y C00-C01 C01-C02 C02-C08 C04-C08,0.0022975409956416115,0.0,0.0027278329944238067,,3,40,15,0,0.9327775686471339,5.162180695143448,12,6,C00,11
u2_c12_seed00000061_xC06_tiered_nt2,u2_c12_seed00000061_xC06,tiered_unconfounded,fast_gate,12,3,measured,,,2,61,C06,Y,3,7,6,6,0.8125,2,"C00,W",0.3333333333333333,1,0,1,0,3,True,1,ok,local_up_fast,mpdag_criterion,True,"Conjecture 2 (proved: Anti-Exchange Case B, THEOREMS.md section 4)",C00->Y C03->C05 C04->C07 C06->C09 C06->C10 C06->C11 C06->Y W->Y C00-C01 C00-C02 C01-C03 C01-C08 C02-C04 C04-C06 C06-C07 C09-C11,0.000855666003189981,0.0,0.001220791004016064,,1,6,3,0,0.7497518771479675,2.870469053520866,12,5,C00,11
u2_c12_seed00000061_xC06_tiered_nt3,u2_c12_seed00000061_xC06,tiered_unconfounded,fast_gate,12,3,measured,,,3,61,C06,Y,6,5,8,8,0.8125,2,"C00,W",0.16666666666666666,1,0,1,0,3,True,2,ok,local_up_fast,mpdag_criterion,True,"Conjecture 2 (proved: Anti-Exchange Case B, THEOREMS.md section 4)",C00->Y C01->C08 C03->C05 C04->C07 C06->C09 C06->C10 C06->C11 C06->Y W->Y C00-C01 C00-C02 C01-C03 C02-C04 C04-C06 C06-C07 C09-C11,0.0016607080033281818,0.0,0.00196695800696034,,3,22,8,0,0.9406397515527951,5.642853719372035,12,6,C00,11
u2_c12_seed00000062_xC05_tiered_nt3,u2_c12_seed00000062_xC05,tiered_unconfounded,fast_gate,12,2,measured,,,3,62,C05,Y,10,3,10,10,0.8125,2,"C00,W",0.1,1,0,1,0,3,True,1,ok,local_up_fast,mpdag_criterion,True,"Conjecture 2 (proved: Anti-Exchange Case B, THEOREMS.md section 4)",C00->C09 C00->Y C01->C03 C01->C06 C02->C09 C02->C10 C02->C11 C03->C07 C03->C08 C05->Y C10->C11 W->Y C00-C01 C00-C02 C00-C04 C01-C05,0.0006509169907076284,0.0,0.0010953749879263341,,1,10,6,0,0.8877692424966777,4.467312025224675,12,7,C00,11
u2_c12_seed00000064_xC05_tiered_nt2,u2_c12_seed00000064_xC05,tiered_unconfounded,fast_gate,12,2,measured,,,2,64,C05,Y,5,5,9,9,0.8235294117647058,2,"C00,W",0.2,1,0,1,0,3,True,1,ok,local_up_fast,mpdag_criterion,True,"Conjecture 2 (proved: Anti-Exchange Case B, THEOREMS.md section 4)",C00->Y C01->C03 C01->C07 C02->C03 C02->C05 C03->C09 C03->C10 C05->C06 C05->C07 C05->Y W->Y C00-C01 C00-C04 C00-C11 C01-C02 C01-C05 C04-C08,0.0011125830060336739,0.0,0.0016125000111060217,,1,9,4,0,0.5791331202367733,3.8154969376551255,13,6,C00,7
u2_c12_seed00000064_xC05_tiered_nt3,u2_c12_seed00000064_xC05,tiered_unconfounded,fast_gate,12,2,measured,,,3,64,C05,Y,8,5,9,9,0.8235294117647058,2,"C00,W",0.125,1,0,1,0,3,True,1,ok,local_up_fast,mpdag_criterion,True,"Conjecture 2 (proved: Anti-Exchange Case B, THEOREMS.md section 4)",C00->Y C01->C02 C01->C03 C01->C07 C03->C09 C03->C10 C04->C08 C05->C06 C05->C07 C05->Y W->Y C00-C01 C00-C04 C00-C11 C01-C05 C02-C03 C02-C05,0.000927917004446499,0.0,0.0013272499927552417,,1,9,4,0,0.5244660095821535,4.221992215585224,12,6,C00,7
u2_c12_seed00000065_xC05_tiered_nt2,u2_c12_seed00000065_xC05,tiered_unconfounded,fast_gate,12,2,measured,,,2,65,C05,Y,5,6,7,7,0.8125,2,"C00,W",0.2,1,0,1,0,3,True,1,ok,local_up_fast,mpdag_criterion,True,"Conjecture 2 (proved: Anti-Exchange Case B, THEOREMS.md section 4)",C00->C06 C00->Y C01->C06 C01->C07 C01->C08 C05->Y C06->C09 C06->C11 W->Y C00-C01 C00-C02 C00-C03 C00-C10 C01-C05 C03-C04 C05-C07,0.0011630410008365288,0.0,0.0016511660069227219,,1,7,5,0,0.7730134683684606,6.618327911722789,12,4,C00,11
u2_c12_seed00000065_xC05_tiered_nt3,u2_c12_seed00000065_xC05,tiered_unconfounded,fast_gate,12,2,measured,,,3,65,C05,Y,10,3,10,10,0.8125,2,"C00,W",0.1,1,0,1,0,3,True,1,ok,local_up_fast,mpdag_criterion,True,"Conjecture 2 (proved: Anti-Exchange Case B, THEOREMS.md section 4)",C00->C06 C00->C10 C00->Y C01->C06 C01->C07 C01->C08 C03->C04 C05->C07 C05->Y C06->C09 C06->C11 W->Y C00-C01 C00-C02 C00-C03 C01-C05,0.000680875004036352,0.0,0.0010613330086925998,,1,10,6,0,0.9825632621647802,4.73748096288003,12,7,C00,11
u2_c12_seed00000066_xC03_tiered_nt3,u2_c12_seed00000066_xC03,tiered_unconfounded,fast_gate,12,2,measured,,,3,66,C03,Y,7,4,9,9,0.8125,2,"C00,W",0.14285714285714285,1,0,1,0,3,True,1,ok,local_up_fast,mpdag_criterion,True,"Conjecture 2 (proved: Anti-Exchange Case B, THEOREMS.md section 4)",C00->Y C01->C10 C01->C11 C02->C03 C02->C04 C03->C05 C03->C06 C03->C08 C03->Y C08->C09 W->Y C00-C01 C00-C07 C01-C02 C01-C03 C10-C11,0.0007417909946525469,0.0,0.0010140829981537536,,1,9,6,0,0.4773203451163389,3.8531863825456503,12,5,C00,7
u2_c12_seed00000068_xC09_tiered_nt2,u2_c12_seed00000068_xC09,tiered_unconfounded,fast_gate,12,2,measured,,,2,68,C09,Y,5,5,7,7,0.8,2,"C00,W",0.2,1,0,1,0,3,True,1,ok,local_up_fast,mpdag_criterion,True,"Conjecture 2 (proved: Anti-Exchange Case B, THEOREMS.md section 4)",C00->C08 C00->Y C01->C03 C02->C08 C03->C04 C03->C05 C09->Y C10->C11 W->Y C00-C01 C00-C02 C00-C06 C00-C07 C00-C10 C01-C09,0.0007124160038074479,0.0,0.0011607080086832866,,1,7,4,0,0.7778163049917552,6.389312242560432,10,2,C00,11
u2_c12_seed00000070_xC07_tiered_nt2,u2_c12_seed00000070_xC07,tiered_unconfounded,fast_gate,12,2,measured,,,2,70,C07,Y,9,5,10,10,0.8333333333333334,2,"C00,W",0.1111111111111111,1,0,1,0,3,True,1,ok,local_up_fast,mpdag_criterion,True,"Conjecture 2 (proved: Anti-Exchange Case B, THEOREMS.md section 4)",C00->Y C01->C06 C01->C08 C01->C09 C02->C06 C02->C08 C02->C11 C03->C09 C03->C10 C07->Y C09->C10 W->Y C00-C01 C00-C04 C01-C02 C01-C03 C01-C07 C04-C05,0.001109999997424893,0.0,0.0017183749878313392,,1,10,8,0,0.5665117379371766,4.632573694008273,11,4,C00,11
u2_c12_seed00000073_xC06_tiered_nt2,u2_c12_seed00000073_xC06,tiered_unconfounded,fast_gate,12,4,measured,,,2,73,C06,Y,5,6,9,9,0.8333333333333334,2,"C00,W",0.0,0,0,2,0,3,True,4,ok,e1_ladder,mpdag_criterion,True,"Conjecture 2 (proved: Anti-Exchange Case B, THEOREMS.md section 4)","(('C00', 'Y'), ('C01', 'C11'), ('C02', 'C03'), ('C03', 'C10'), ('C04', 'C10'), ('C06', 'Y'), ('C07', 'C09'), ('W', 'Y'))",0.013249166993773542,0.1073720830027014,0.12124041699280497,,21,96,21,0,0.9474256427465801,8.668052694240346,12,3,C00,10
u2_c12_seed00000074_xC10_tiered_nt2,u2_c12_seed00000074_xC10,tiered_unconfounded,fast_gate,12,3,measured,,,2,74,C10,Y,5,5,6,6,0.7857142857142857,2,"C00,W",0.2,1,0,1,0,3,True,2,ok,local_up_fast,mpdag_criterion,True,"Conjecture 2 (proved: Anti-Exchange Case B, THEOREMS.md section 4)",C00->Y C03->C04 C03->C05 C06->C11 C07->C09 C10->Y W->Y C00-C01 C00-C02 C00-C07 C02-C03 C02-C06 C07-C08 C08-C10,0.0018455829995218664,0.0,0.0025992079899879172,,3,16,11,0,0.9702838778792617,4.833761812284105,9,4,C00,11
u2_c12_seed00000081_xC05_tiered_nt2,u2_c12_seed00000081_xC05,tiered_unconfounded,fast_gate,12,3,measured,,,2,81,C05,Y,7,6,8,8,0.8235294117647058,2,"C00,W",0.14285714285714285,1,0,1,0,3,True,1,ok,local_up_fast,mpdag_criterion,True,"Conjecture 2 (proved: Anti-Exchange Case B, THEOREMS.md section 4)",C00->Y C01->C06 C01->C07 C01->C10 C02->C06 C03->C07 C05->Y C08->C09 C10->C11 W->Y C00-C01 C00-C02 C00-C08 C01-C02 C01-C03 C01-C04 C03-C05,0.0016182079998543486,0.0,0.0025851249956758693,,1,8,4,0,0.8824777017863514,7.068638018340755,12,4,C00,11
u2_c12_seed00000082_xC10_tiered_nt2,u2_c12_seed00000082_xC10,tiered_unconfounded,fast_gate,12,2,measured,,,2,82,C10,Y,6,6,8,8,0.8235294117647058,2,"C00,W",0.16666666666666666,1,0,1,0,3,True,1,ok,local_up_fast,mpdag_criterion,True,"Conjecture 2 (proved: Anti-Exchange Case B, THEOREMS.md section 4)",C00->Y C01->C11 C03->C04 C03->C06 C04->C05 C04->C08 C07->C10 C09->C11 C10->Y W->Y C00-C01 C01-C02 C01-C03 C01-C07 C01-C09 C01-C10 C02-C03,0.0011213329999009147,0.0,0.001605249010026455,,1,8,7,0,0.6964199223907478,5.480891517229227,12,3,C00,7
u2_c12_seed00000083_xC06_tiered_nt2,u2_c12_seed00000083_xC06,tiered_unconfounded,fast_gate,12,2,measured,,,2,83,C06,Y,5,7,6,6,0.8125,2,"C00,W",0.2,1,0,1,0,3,True,1,ok,local_up_fast,mpdag_criterion,True,"Conjecture 2 (proved: Anti-Exchange Case B, THEOREMS.md section 4)",C00->Y C01->C07 C01->C11 C02->C08 C05->C10 C06->Y C08->C09 W->Y C00-C01 C00-C02 C00-C03 C00-C05 C01-C02 C01-C04 C01-C05 C05-C06,0.0007244159933179617,0.0,0.0012550409883260727,,1,6,3,0,0.8448628220492985,6.163028263808009,10,3,C00,11
u2_c12_seed00000084_xC03_tiered_nt2,u2_c12_seed00000084_xC03,tiered_unconfounded,fast_gate,12,3,measured,,,2,84,C03,Y,4,6,7,7,0.8125,2,"C00,W",0.25,1,0,1,0,3,True,1,ok,local_up_fast,mpdag_criterion,True,"Conjecture 2 (proved: Anti-Exchange Case B, THEOREMS.md section 4)",C00->Y C01->C08 C01->C09 C02->C04 C03->C06 C03->C11 C03->Y C04->C06 W->Y C00-C01 C00-C10 C01-C02 C01-C05 C01-C07 C02-C03 C03-C04,0.0008382499945582822,0.0,0.001239082994288765,,1,7,3,0,0.6626802966241573,3.4893887730860764,12,5,C00,11
u2_c12_seed00000086_xC10_tiered_nt2,u2_c12_seed00000086_xC10,tiered_unconfounded,fast_gate,12,2,measured,,,2,86,C10,Y,6,6,8,8,0.8235294117647058,2,"C00,W",0.16666666666666666,1,0,1,0,3,True,1,ok,local_up_fast,mpdag_criterion,True,"Conjecture 2 (proved: Anti-Exchange Case B, THEOREMS.md section 4)",C00->C06 C00->Y C01->C08 C03->C08 C04->C06 C05->C07 C08->C09 C08->C11 C10->Y W->Y C00-C01 C00-C02 C00-C04 C01-C02 C01-C03 C01-C05 C02-C10,0.000865459005581215,0.0,0.0013935010065324605,,1,8,5,0,0.8279500417290612,7.863558148794497,11,2,C00,9
u2_c12_seed00000087_xC10_tiered_nt2,u2_c12_seed00000087_xC10,tiered_unconfounded,fast_gate,12,1,measured,,,2,87,C10,Y,7,6,8,8,0.8235294117647058,2,"C00,W",0.14285714285714285,1,0,1,0,3,True,1,ok,local_up_fast,mpdag_criterion,True,"Conjecture 2 (proved: Anti-Exchange Case B, THEOREMS.md section 4)",C00->Y C01->C03 C02->C03 C05->C07 C05->C08 C05->C09 C05->C10 C09->C11 C10->Y W->Y C00-C01 C00-C05 C00-C10 C01-C02 C01-C04 C01-C06 C07-C09,0.001018791997921653,0.0,0.0013722090079681948,,1,8,8,0,0.48597606229266804,4.241794615447884,12,5,C00,10
u2_c12_seed00000089_xC11_tiered_nt2,u2_c12_seed00000089_xC11,tiered_unconfounded,fast_gate,12,3,measured,,,2,89,C11,Y,7,5,8,8,0.8125,2,"C00,W",0.14285714285714285,1,0,1,0,3,True,2,ok,local_up_fast,mpdag_criterion,True,"Conjecture 2 (proved: Anti-Exchange Case B, THEOREMS.md section 4)",C00->C07 C00->Y C01->C06 C01->C10 C02->C08 C03->C10 C05->C07 C11->Y W->Y C00-C01 C00-C04 C00-C05 C01-C02 C01-C03 C01-C09 C09-C11,0.0046977079909993336,0.0,0.005337915994459763,,6,43,27,0,0.933679651372904,6.513302754842159,10,3,C00,11
u2_c12_seed00000090_xC07_tiered_nt2,u2_c12_seed00000090_xC07,tiered_unconfounded,fast_gate,12,3,measured,,,2,90,C07,Y,5,7,7,7,0.8235294117647058,2,"C00,W",0.2,1,0,1,0,3,True,1,ok,local_up_fast,mpdag_criterion,True,"Conjecture 2 (proved: Anti-Exchange Case B, THEOREMS.md section 4)",C00->Y C01->C08 C02->C06 C02->C08 C04->C11 C06->C09 C07->Y C08->C10 W->Y C00-C01 C01-C02 C01-C03 C01-C04 C01-C05 C02-C05 C04-C07 C07-C11,0.0012390420015435666,0.0,0.0017207089986186475,,1,7,3,0,0.7765698307128379,6.124587651560849,12,4,C00,10
u2_c12_seed00000091_xC07_tiered_nt2,u2_c12_seed00000091_xC07,tiered_unconfounded,fast_gate,12,2,measured,,,2,91,C07,Y,7,5,8,8,0.8125,2,"C00,W",0.14285714285714285,1,0,1,0,3,True,1,ok,local_up_fast,mpdag_criterion,True,"Conjecture 2 (proved: Anti-Exchange Case B, THEOREMS.md section 4)",C00->C08 C00->Y C01->C11 C03->C08 C03->C09 C04->C06 C05->C11 C07->Y C08->C10 W->Y C00-C01 C00-C03 C01-C02 C01-C05 C01-C07 C03-C04,0.0007889589905971661,0.0,0.0012407089961925521,,1,8,7,0,0.7959903768861548,4.624231499193759,11,5,C00,11
