instance_id,base_instance_id,arm,gate,component_size,separation,separation_status,coverage,base_wrongness,n_tiers,seed,x,y,n_k,shd_truth,shd_cpdag,k_g0,undirected_fraction,z_size,z_star,phi_1,phi_1_n_broken,phi_1_n_inconsistent,r_claim,r_claim_censored,r_claim_cap,s0_ok,r_val,r_status,r_method,r_oracle,r_exact,r_assumes,r_witness,r_search_seconds,r_ladder_seconds,r_total_seconds,wall_until_timeout_s,r_stat_elements_visited,r_stat_closures,r_stat_validity_checks,r_stat_extensions_enumerated,AUC_frac,AUC_abs,n_depths_evaluated,n_depths_all_contradictory
c08_s01_cov050_seed00000000_bw000,c08_s01_cov050_seed00000000,flip,fast_gate,8,1,measured,0.5,0.0,,0,X,Y,4,2,7,7,0.75,2,"C00,W",0.25,1,0,1,0,3,True,1,ok,local_up_fast,mpdag_criterion,True,"Conjecture 2 (hence Anti-Exchange Case B, verified not proved)",C00->C02 C00->C03 C00->C04 C00->Y C03->C05 C04->C07 C05->C06 W->Y X->Y C00-X C02-X C03-X,0.00041362499999997304,0.0,0.00041362499999997304,,1,7,2,0,0.2343,0.781,4,2
c08_s01_cov050_seed00000001_bw000,c08_s01_cov050_seed00000001,flip,fast_gate,8,1,measured,0.5,0.0,,1,X,Y,4,1,7,7,0.7272727272727273,2,"C00,W",0.25,1,0,1,0,3,True,1,ok,local_up_fast,mpdag_criterion,True,"Conjecture 2 (hence Anti-Exchange Case B, verified not proved)",C00->C02 C00->C03 C00->Y C03->C04 C04->C05 C05->C07 W->Y X->C06 X->Y C00-X C03-X,0.0003267500000001533,0.0,0.0003267500000001533,,1,7,2,0,0.36326315789473684,1.2108771929824562,4,1
c08_s01_cov050_seed00000002_bw000,c08_s01_cov050_seed00000002,flip,fast_gate,8,1,measured,0.5,0.0,,2,X,Y,5,4,6,6,0.7692307692307693,2,"C00,W",0.2,1,0,1,0,3,True,1,ok,local_up_fast,mpdag_criterion,True,"Conjecture 2 (hence Anti-Exchange Case B, verified not proved)",C00->C02 C00->C03 C00->C05 C00->C06 C00->Y W->Y X->C04 X->Y C00-C07 C00-X C02-X C05-C06 C07-X,0.0009169170000000726,0.0,0.0009169170000000726,,1,6,2,0,0.5572792452830189,1.26011320754717,5,3
c08_s01_cov050_seed00000003_bw000,c08_s01_cov050_seed00000003,flip,fast_gate,8,1,measured,0.5,0.0,,3,X,Y,6,3,8,8,0.7857142857142857,2,"C00,W",0.16666666666666666,1,0,1,0,3,True,1,ok,local_up_fast,mpdag_criterion,True,"Conjecture 2 (hence Anti-Exchange Case B, verified not proved)",C00->C02 C00->C03 C00->C04 C00->C06 C00->Y C02->C05 C03->C07 C04->C07 W->Y X->Y C00-X C02-X C03-C04 C03-C06,0.00047670799999988134,0.0,0.00047670799999988134,,1,8,2,0,0.31459557985873776,1.5729778992936887,6,3
c08_s01_cov050_seed00000004_bw000,c08_s01_cov050_seed00000004,flip,fast_gate,8,1,measured,0.5,0.0,,4,X,Y,4,1,7,7,0.7272727272727273,2,"C00,W",0.25,1,0,1,0,3,True,1,ok,local_up_fast,mpdag_criterion,True,"Conjecture 2 (hence Anti-Exchange Case B, verified not proved)",C00->C05 C00->Y C02->C03 C03->C04 C03->C06 C04->C07 W->Y X->C02 X->Y C00-X C04-C06,0.00034916599999945674,0.0,0.00034916599999945674,,1,7,2,0,0.14478527607361963,0.48261758691206547,4,1
c08_s01_cov050_seed00000005_bw000,c08_s01_cov050_seed00000005,flip,fast_gate,8,1,measured,0.5,0.0,,5,X,Y,4,1,8,8,0.75,2,"C00,W",0.25,1,0,1,0,3,True,1,ok,local_up_fast,mpdag_criterion,True,"Conjecture 2 (hence Anti-Exchange Case B, verified not proved)",C00->C07 C00->Y C02->C03 C02->C04 W->Y X->C02 X->C04 X->C05 X->C06 X->Y C00-X C02-C06,0.00039474999999988825,0.0,0.00039474999999988825,,1,8,3,0,0.41576008514615026,0.9690384715227662,4,2
c08_s01_cov050_seed00000006_bw000,c08_s01_cov050_seed00000006,flip,fast_gate,8,1,measured,0.5,0.0,,6,X,Y,4,0,7,7,0.7,2,"C00,W",0.25,1,0,1,0,3,True,1,ok,local_up_fast,mpdag_criterion,True,"Conjecture 2 (hence Anti-Exchange Case B, verified not proved)",C00->C02 C00->Y C02->C04 C02->C06 C04->C07 W->Y X->C03 X->C05 X->Y C00-X,0.0002469579999999638,0.0,0.0002469579999999638,,1,7,2,0,0.8432748538011696,1.4775828460038987,4,2
c08_s01_cov050_seed00000007_bw000,c08_s01_cov050_seed00000007,flip,fast_gate,8,1,measured,0.5,0.0,,7,X,Y,4,0,7,7,0.7,2,"C00,W",0.25,1,0,1,0,3,True,1,ok,local_up_fast,mpdag_criterion,True,"Conjecture 2 (hence Anti-Exchange Case B, verified not proved)",C00->C07 C00->Y C03->C04 C05->C06 W->Y X->C02 X->C03 X->C05 X->Y C00-X,0.00026616699999948423,0.0,0.00026616699999948423,,1,7,2,0,0.1463855421686747,0.4879518072289157,4,2
c08_s01_cov050_seed00000008_bw000,c08_s01_cov050_seed00000008,flip,fast_gate,8,1,measured,0.5,0.0,,8,X,Y,4,1,7,7,0.7272727272727273,2,"C00,W",0.25,1,0,1,0,3,True,1,ok,local_up_fast,mpdag_criterion,True,"Conjecture 2 (hence Anti-Exchange Case B, verified not proved)",C00->C03 C00->Y C02->C04 C03->C05 C03->C06 C03->C07 W->Y X->C02 X->Y C00-X C05-C07,0.0003191659999988161,0.0,0.0003191659999988161,,1,7,2,0,0.49854541416833237,0.9834554741283589,4,2
c08_s01_cov050_seed00000009_bw000,c08_s01_cov050_seed00000009,flip,fast_gate,8,1,measured,0.5,0.0,,9,X,Y,4,2,7,7,0.75,2,"C00,W",0.25,1,0,1,0,3,True,1,ok,local_up_fast,mpdag_criterion,True,"Conjecture 2 (hence Anti-Exchange Case B, verified not proved)",C00->C02 C00->Y C02->C03 C02->C04 C03->C05 C05->C06 C05->C07 W->Y X->Y C00-X C02-X C06-C07,0.00040170800000005613,0.0,0.00040170800000005613,,1,7,2,0,0.340527297101561,1.1350909903385364,4,1
c08_s01_cov050_seed00000010_bw000,c08_s01_cov050_seed00000010,flip,fast_gate,8,1,measured,0.5,0.0,,10,X,Y,4,2,7,7,0.75,2,"C00,W",0.25,1,0,1,0,3,True,1,ok,local_up_fast,mpdag_criterion,True,"Conjecture 2 (hence Anti-Exchange Case B, verified not proved)",C00->C02 C00->C05 C00->C07 C00->Y C02->C03 C02->C04 C04->C06 W->Y X->Y C00-X C02-X C05-X,0.000558375000000666,0.0,0.000558375000000666,,1,7,2,0,0.21989999999999998,0.733,4,2
c08_s01_cov050_seed00000011_bw000,c08_s01_cov050_seed00000011,flip,fast_gate,8,1,measured,0.5,0.0,,11,X,Y,4,5,4,4,0.75,2,"C00,W",0.25,1,0,1,0,3,True,1,ok,local_up_fast,mpdag_criterion,True,"Conjecture 2 (hence Anti-Exchange Case B, verified not proved)",C00->C02 C00->C03 C00->C04 C00->Y W->Y X->Y C00-C05 C00-C06 C00-C07 C00-X C02-C04 C03-C06,0.00037529099999922266,0.0,0.00037529099999922266,,1,4,2,0,0.9304,1.768,4,2
c08_s01_cov050_seed00000012_bw000,c08_s01_cov050_seed00000012,flip,fast_gate,8,1,measured,0.5,0.0,,12,X,Y,5,3,7,7,0.7692307692307693,2,"C00,W",0.2,1,0,1,0,3,True,1,ok,local_up_fast,mpdag_criterion,True,"Conjecture 2 (hence Anti-Exchange Case B, verified not proved)",C00->C03 C00->C04 C00->C05 C00->C06 C00->Y C06->C07 W->Y X->C02 X->Y C00-X C03-X C04-C05 C04-C06,0.00046304199999980256,0.0,0.00046304199999980256,,1,7,2,0,0.6995536585365854,1.4445052264808362,5,3
c08_s01_cov050_seed00000013_bw000,c08_s01_cov050_seed00000013,flip,fast_gate,8,1,measured,0.5,0.0,,13,X,Y,4,0,9,9,0.75,2,"C00,W",0.25,1,0,1,0,3,True,1,ok,local_up_fast,mpdag_criterion,True,"Conjecture 2 (hence Anti-Exchange Case B, verified not proved)",C00->Y C02->C03 C02->C04 C03->C04 C03->C06 C04->C06 C05->C07 W->Y X->C02 X->C05 X->Y C00-X,0.0003916670000023714,0.0,0.0003916670000023714,,1,9,3,0,0.1439516129032258,0.4798387096774194,4,0
c08_s01_cov050_seed00000014_bw000,c08_s01_cov050_seed00000014,flip,fast_gate,8,1,measured,0.5,0.0,,14,X,Y,4,0,7,7,0.7,2,"C00,W",0.25,1,0,1,0,3,True,1,ok,local_up_fast,mpdag_criterion,True,"Conjecture 2 (hence Anti-Exchange Case B, verified not proved)",C00->C02 C00->C06 C00->Y C02->C03 C04->C05 C05->C07 W->Y X->C04 X->Y C00-X,0.0002570410000011236,0.0,0.0002570410000011236,,1,7,2,0,0.8993288590604027,1.6644295302013423,4,2
c08_s01_cov050_seed00000015_bw000,c08_s01_cov050_seed00000015,flip,fast_gate,8,1,measured,0.5,0.0,,15,X,Y,4,1,7,7,0.7272727272727273,2,"C00,W",0.25,1,0,1,0,3,True,1,ok,local_up_fast,mpdag_criterion,True,"Conjecture 2 (hence Anti-Exchange Case B, verified not proved)",C00->C04 C00->C05 C00->Y C02->C03 C04->C06 C04->C07 W->Y X->C02 X->Y C00-X C04-C05,0.0003294159999995827,0.0,0.0003294159999995827,,1,7,2,0,0.5167790811339199,1.108455522971652,4,2
c08_s01_cov050_seed00000016_bw000,c08_s01_cov050_seed00000016,flip,fast_gate,8,1,measured,0.5,0.0,,16,X,Y,4,0,8,8,0.7272727272727273,2,"C00,W",0.25,1,0,1,0,3,True,1,ok,local_up_fast,mpdag_criterion,True,"Conjecture 2 (hence Anti-Exchange Case B, verified not proved)",C00->C06 C00->Y C02->C03 C02->C05 C06->C07 W->Y X->C02 X->C03 X->C04 X->Y C00-X,0.00034454200000055835,0.0,0.00034454200000055835,,1,8,3,0,0.45687231148785423,1.0567618716261808,4,2
c08_s01_cov050_seed00000017_bw000,c08_s01_cov050_seed00000017,flip,fast_gate,8,1,measured,0.5,0.0,,17,X,Y,4,2,7,7,0.75,2,"C00,W",0.25,1,0,1,0,3,True,1,ok,local_up_fast,mpdag_criterion,True,"Conjecture 2 (hence Anti-Exchange Case B, verified not proved)",C00->C02 C00->Y C02->C03 C02->C04 C02->C07 C05->C06 W->Y X->C05 X->Y C00-X C02-X C03-C04,0.0005739170000005345,0.0,0.0005739170000005345,,1,7,2,0,0.41516295316240265,1.4933224687611424,4,0
c08_s01_cov050_seed00000018_bw000,c08_s01_cov050_seed00000018,flip,fast_gate,8,1,measured,0.5,0.0,,18,X,Y,4,2,7,7,0.75,2,"C00,W",0.25,1,0,1,0,3,True,1,ok,local_up_fast,mpdag_criterion,True,"Conjecture 2 (hence Anti-Exchange Case B, verified not proved)",C00->C03 C00->C04 C00->Y C03->C05 C03->C06 C03->C07 W->Y X->C02 X->Y C00-X C03-X C05-C07,0.000426042000000848,0.0,0.000426042000000848,,1,7,2,0,0.3525400313971743,1.175133437990581,4,1
c08_s01_cov050_seed00000019_bw000,c08_s01_cov050_seed00000019,flip,fast_gate,8,1,measured,0.5,0.0,,19,X,Y,4,0,8,8,0.7272727272727273,2,"C00,W",0.25,1,0,1,0,3,True,1,ok,local_up_fast,mpdag_criterion,True,"Conjecture 2 (hence Anti-Exchange Case B, verified not proved)",C00->C04 C00->C05 C00->Y C02->C03 C04->C06 C05->C07 W->Y X->C02 X->C03 X->Y C00-X,0.0003324170000027493,0.0,0.0003324170000027493,,1,8,3,0,0.6971951456310679,1.4411359223300972,4,2
c08_s01_cov050_seed00000020_bw000,c08_s01_cov050_seed00000020,flip,fast_gate,8,1,measured,0.5,0.0,,20,X,Y,4,3,6,6,0.75,2,"C00,W",0.25,1,0,1,0,3,True,1,ok,local_up_fast,mpdag_criterion,True,"Conjecture 2 (hence Anti-Exchange Case B, verified not proved)",C00->C03 C00->C04 C00->C06 C00->Y W->Y X->C02 X->C05 X->Y C00-C07 C00-X C02-C05 C03-X,0.0004244580000012377,0.0,0.0004244580000012377,,1,6,2,0,0.2265,0.755,4,2
c08_s01_cov050_seed00000021_bw000,c08_s01_cov050_seed00000021,flip,fast_gate,8,1,measured,0.5,0.0,,21,X,Y,4,1,7,7,0.7272727272727273,2,"C00,W",0.25,1,0,1,0,3,True,1,ok,local_up_fast,mpdag_criterion,True,"Conjecture 2 (hence Anti-Exchange Case B, verified not proved)",C00->C02 C00->C05 C00->C06 C00->Y C02->C03 C04->C07 W->Y X->C04 X->Y C00-X C06-X,0.0003335829999997486,0.0,0.0003335829999997486,,1,7,2,0,0.22290000000000001,0.743,4,2
c08_s01_cov050_seed00000022_bw000,c08_s01_cov050_seed00000022,flip,fast_gate,8,1,measured,0.5,0.0,,22,X,Y,4,3,6,6,0.75,2,"C00,W",0.25,1,0,1,0,3,True,1,ok,local_up_fast,mpdag_criterion,True,"Conjecture 2 (hence Anti-Exchange Case B, verified not proved)",C00->C02 C00->C03 C00->C05 C00->Y C02->C04 C05->C06 W->Y X->Y C00-C07 C00-X C02-X C03-X,0.000616834000002342,0.0,0.000616834000002342,,1,6,2,0,0.22349999999999998,0.745,4,2
c08_s01_cov050_seed00000023_bw000,c08_s01_cov050_seed00000023,flip,fast_gate,8,1,measured,0.5,0.0,,23,X,Y,4,4,5,5,0.75,2,"C00,W",0.25,1,0,1,0,3,True,1,ok,local_up_fast,mpdag_criterion,True,"Conjecture 2 (hence Anti-Exchange Case B, verified not proved)",C00->C02 C00->C03 C00->C05 C00->Y C02->C04 W->Y X->Y C00-C06 C00-C07 C00-X C02-C03 C02-C06,0.00043866600000086464,0.0,0.00043866600000086464,,1,5,2,0,0.9262,1.754,4,2
c08_s01_cov050_seed00000024_bw000,c08_s01_cov050_seed00000024,flip,fast_gate,8,1,measured,0.5,0.0,,24,X,Y,4,3,5,5,0.7272727272727273,2,"C00,W",0.25,1,0,1,0,3,True,1,ok,local_up_fast,mpdag_criterion,True,"Conjecture 2 (hence Anti-Exchange Case B, verified not proved)",C00->C02 C00->C03 C00->C04 C00->Y C02->C05 W->Y X->Y C00-C06 C00-X C03-C06 C06-C07,0.0003642920000004324,0.0,0.0003642920000004324,,1,5,2,0,0.7400000000000001,0.74,4,3
c08_s01_cov050_seed00000025_bw000,c08_s01_cov050_seed00000025,flip,fast_gate,8,1,measured,0.5,0.0,,25,X,Y,6,1,10,10,0.7857142857142857,2,"C00,W",0.16666666666666666,1,0,1,0,3,True,1,ok,local_up_fast,mpdag_criterion,True,"Conjecture 2 (hence Anti-Exchange Case B, verified not proved)",C00->C02 C00->C03 C00->C05 C00->Y C02->C03 C02->C04 C02->C06 C03->C06 W->Y X->C04 X->C07 X->Y C00-X C02-X,0.0006622499999977549,0.0,0.0006622499999977549,,1,10,3,0,0.6083885917835069,1.9968979138724894,6,3
c08_s01_cov050_seed00000026_bw000,c08_s01_cov050_seed00000026,flip,fast_gate,8,1,measured,0.5,0.0,,26,X,Y,6,2,9,9,0.7857142857142857,2,"C00,W",0.16666666666666666,1,0,1,0,3,True,1,ok,local_up_fast,mpdag_criterion,True,"Conjecture 2 (hence Anti-Exchange Case B, verified not proved)",C00->C02 C00->C03 C00->Y C02->C04 C02->C05 C03->C06 C03->C07 C06->C07 W->Y X->C06 X->Y C00-X C02-X C03-X,0.0006808750000004693,0.0,0.0006808750000004693,,1,9,2,0,0.226543176415014,1.13271588207507,6,3
c08_s01_cov050_seed00000027_bw000,c08_s01_cov050_seed00000027,flip,fast_gate,8,1,measured,0.5,0.0,,27,X,Y,5,1,9,9,0.7692307692307693,2,"C00,W",0.2,1,0,1,0,3,True,1,ok,local_up_fast,mpdag_criterion,True,"Conjecture 2 (hence Anti-Exchange Case B, verified not proved)",C00->C02 C00->C03 C00->C07 C00->Y C02->C03 C02->C04 C02->C06 C03->C07 W->Y X->C05 X->Y C00-X C04-C06,0.0004464579999989837,0.0,0.0004464579999989837,,1,9,3,0,0.8547655540534432,2.4369599072982115,5,2
c08_s01_cov050_seed00000028_bw000,c08_s01_cov050_seed00000028,flip,fast_gate,8,1,measured,0.5,0.0,,28,X,Y,4,1,7,7,0.7272727272727273,2,"C00,W",0.25,1,0,1,0,3,True,1,ok,local_up_fast,mpdag_criterion,True,"Conjecture 2 (hence Anti-Exchange Case B, verified not proved)",C00->C05 C00->Y C02->C03 C02->C04 C02->C06 C06->C07 W->Y X->C02 X->Y C00-X C03-C04,0.0003425829999983421,0.0,0.0003425829999983421,,1,7,2,0,0.15063025210084033,0.5021008403361344,4,1
c08_s01_cov050_seed00000029_bw000,c08_s01_cov050_seed00000029,flip,fast_gate,8,1,measured,0.5,0.0,,29,X,Y,5,0,10,10,0.7692307692307693,2,"C00,W",0.2,1,0,1,0,3,True,1,ok,local_up_fast,mpdag_criterion,True,"Conjecture 2 (hence Anti-Exchange Case B, verified not proved)",C00->C03 C00->Y C02->C04 C02->C05 C02->C06 C04->C07 W->Y X->C02 X->C04 X->C05 X->C07 X->Y C00-X,0.0004786249999995107,0.0,0.0004786249999995107,,1,10,4,0,0.49048732858246263,1.118745051176302,5,3
c08_s01_cov050_seed00000030_bw000,c08_s01_cov050_seed00000030,flip,fast_gate,8,1,measured,0.5,0.0,,30,X,Y,4,3,6,6,0.75,2,"C00,W",0.25,1,0,1,0,3,True,1,ok,local_up_fast,mpdag_criterion,True,"Conjecture 2 (hence Anti-Exchange Case B, verified not proved)",C00->C02 C00->C03 C00->C05 C00->Y C02->C04 W->Y X->C07 X->Y C00-C06 C00-X C02-C03 C05-C06,0.00037783300000171494,0.0,0.00037783300000171494,,1,6,2,0,0.9208000000000001,1.736,4,2
c08_s01_cov050_seed00000031_bw000,c08_s01_cov050_seed00000031,flip,fast_gate,8,1,measured,0.5,0.0,,31,X,Y,5,3,7,7,0.7692307692307693,2,"C00,W",0.2,1,0,1,0,3,True,1,ok,local_up_fast,mpdag_criterion,True,"Conjecture 2 (hence Anti-Exchange Case B, verified not proved)",C00->C02 C00->C04 C00->C05 C00->C06 C00->Y C02->C03 C06->C07 W->Y X->Y C00-X C02-C05 C02-X C05-C06,0.0005797090000001504,0.0,0.0005797090000001504,,1,7,2,0,0.7010703071672355,1.449529010238908,5,3
c08_s01_cov050_seed00000032_bw000,c08_s01_cov050_seed00000032,flip,fast_gate,8,1,measured,0.5,0.0,,32,X,Y,4,0,7,7,0.7,2,"C00,W",0.25,1,0,1,0,3,True,1,ok,local_up_fast,mpdag_criterion,True,"Conjecture 2 (hence Anti-Exchange Case B, verified not proved)",C00->C03 C00->Y C04->C06 C06->C07 W->Y X->C02 X->C04 X->C05 X->Y C00-X,0.00028354200000535457,0.0,0.00028354200000535457,,1,7,2,0,0.16112224448897794,0.5370741482965932,4,1
c08_s01_cov050_seed00000033_bw000,c08_s01_cov050_seed00000033,flip,fast_gate,8,1,measured,0.5,0.0,,33,X,Y,4,0,8,8,0.7272727272727273,2,"C00,W",0.25,1,0,1,0,3,True,1,ok,local_up_fast,mpdag_criterion,True,"Conjecture 2 (hence Anti-Exchange Case B, verified not proved)",C00->Y C05->C06 C05->C07 C06->C07 W->Y X->C02 X->C03 X->C04 X->C05 X->Y C00-X,0.00035020900000404254,0.0,0.00035020900000404254,,1,8,3,0,0.14728370221327966,0.4909456740442656,4,0
c08_s01_cov050_seed00000034_bw000,c08_s01_cov050_seed00000034,flip,fast_gate,8,1,measured,0.5,0.0,,34,X,Y,4,1,7,7,0.7272727272727273,2,"C00,W",0.25,1,0,1,0,3,True,1,ok,local_up_fast,mpdag_criterion,True,"Conjecture 2 (hence Anti-Exchange Case B, verified not proved)",C00->C02 C00->C03 C00->Y C02->C04 C03->C07 C04->C06 W->Y X->C05 X->Y C00-X C03-X,0.0003583330000012097,0.0,0.0003583330000012097,,1,7,2,0,0.5332729061786765,1.145568198984987,4,2
c08_s01_cov050_seed00000035_bw000,c08_s01_cov050_seed00000035,flip,fast_gate,8,1,measured,0.5,0.0,,35,X,Y,4,1,7,7,0.7272727272727273,2,"C00,W",0.25,1,0,1,0,3,True,1,ok,local_up_fast,mpdag_criterion,True,"Conjecture 2 (hence Anti-Exchange Case B, verified not proved)",C00->C02 C00->C04 C00->C06 C00->Y C02->C05 W->Y X->C03 X->C07 X->Y C00-X C02-C04,0.00033745800000417603,0.0,0.00033745800000417603,,1,7,2,0,0.9274000000000001,1.758,4,2
c08_s01_cov050_seed00000036_bw000,c08_s01_cov050_seed00000036,flip,fast_gate,8,1,measured,0.5,0.0,,36,X,Y,4,1,7,7,0.7272727272727273,2,"C00,W",0.25,1,0,1,0,3,True,1,ok,local_up_fast,mpdag_criterion,True,"Conjecture 2 (hence Anti-Exchange Case B, verified not proved)",C00->C02 C00->C03 C00->C07 C00->Y C02->C05 C03->C04 C05->C06 W->Y X->Y C00-X C03-C07,0.00030783300000081226,0.0,0.00030783300000081226,,1,7,2,0,0.9259000000000001,1.7530000000000001,4,2
c08_s01_cov050_seed00000037_bw000,c08_s01_cov050_seed00000037,flip,fast_gate,8,1,measured,0.5,0.0,,37,X,Y,5,1,9,9,0.7692307692307693,2,"C00,W",0.2,1,0,1,0,3,True,1,ok,local_up_fast,mpdag_criterion,True,"Conjecture 2 (hence Anti-Exchange Case B, verified not proved)",C00->C02 C00->C03 C00->Y C02->C03 C03->C04 C03->C05 C03->C06 C05->C07 C06->C07 W->Y X->Y C00-X C05-C06,0.0004621670000020117,0.0,0.0004621670000020117,,1,9,3,0,0.832701676910486,3.33235014637951,5,1
c08_s01_cov050_seed00000038_bw000,c08_s01_cov050_seed00000038,flip,fast_gate,8,1,measured,0.5,0.0,,38,X,Y,4,1,8,8,0.75,2,"C00,W",0.25,1,0,1,0,3,True,1,ok,local_up_fast,mpdag_criterion,True,"Conjecture 2 (hence Anti-Exchange Case B, verified not proved)",C00->C02 C00->Y C03->C05 C03->C06 C05->C07 W->Y X->C03 X->C04 X->C05 X->Y C00-X C02-X,0.0004968329999996968,0.0,0.0004968329999996968,,1,8,3,0,0.2953749137110767,0.9845830457035889,4,1
c08_s01_cov050_seed00000039_bw000,c08_s01_cov050_seed00000039,flip,fast_gate,8,1,measured,0.5,0.0,,39,X,Y,4,1,8,8,0.75,2,"C00,W",0.25,1,0,1,0,3,True,1,ok,local_up_fast,mpdag_criterion,True,"Conjecture 2 (hence Anti-Exchange Case B, verified not proved)",C00->C03 C00->Y C04->C05 C05->C06 W->Y X->C02 X->C04 X->C05 X->C07 X->Y C00-X C03-X,0.0009124579999948423,0.0,0.0009124579999948423,,1,8,3,0,0.30279204773203716,1.0093068257734572,4,0
c08_s01_cov050_seed00000000_bw010,c08_s01_cov050_seed00000000,flip,fast_gate,8,1,measured,0.5,0.1,,0,X,Y,4,2,7,7,0.75,2,"C00,W",0.25,1,0,1,0,3,True,1,ok,local_up_fast,mpdag_criterion,True,"Conjecture 2 (hence Anti-Exchange Case B, verified not proved)",C00->C02 C00->C03 C00->C04 C00->Y C03->C05 C04->C07 C05->C06 W->Y X->Y C00-X C02-X C03-X,0.0005653750000007562,0.0,0.0005653750000007562,,1,7,2,0,0.2259,0.753,4,2
c08_s01_cov050_seed00000001_bw010,c08_s01_cov050_seed00000001,flip,fast_gate,8,1,measured,0.5,0.1,,1,X,Y,4,1,7,7,0.7272727272727273,2,"C00,W",0.25,1,0,1,0,3,True,1,ok,local_up_fast,mpdag_criterion,True,"Conjecture 2 (hence Anti-Exchange Case B, verified not proved)",C00->C02 C00->C03 C00->Y C03->C04 C04->C05 C05->C07 W->Y X->C06 X->Y C00-X C03-X,0.00031883300000146164,0.0,0.00031883300000146164,,1,7,2,0,0.3632476861444951,1.2108256204816503,4,1
c08_s01_cov050_seed00000002_bw010,c08_s01_cov050_seed00000002,flip,fast_gate,8,1,measured,0.5,0.1,,2,X,Y,5,4,6,6,0.7692307692307693,2,"C00,W",0.2,1,0,1,0,3,True,1,ok,local_up_fast,mpdag_criterion,True,"Conjecture 2 (hence Anti-Exchange Case B, verified not proved)",C00->C02 C00->C03 C00->C05 C00->C06 C00->Y W->Y X->C04 X->Y C00-C07 C00-X C02-X C05-C06 C07-X,0.0004213329999984694,0.0,0.0004213329999984694,,1,6,2,0,0.6206736842105264,1.3461052631578947,5,3
c08_s01_cov050_seed00000003_bw010,c08_s01_cov050_seed00000003,flip,fast_gate,8,1,measured,0.5,0.1,,3,X,Y,6,6,9,9,0.7857142857142857,2,"C00,W",0.16666666666666666,1,0,1,0,3,True,1,ok,local_up_fast,mpdag_criterion,True,"Conjecture 2 (hence Anti-Exchange Case B, verified not proved)",C00->C03 C00->C04 C00->C06 C00->Y C02->C00 C02->C05 C02->X C03->C07 C04->C07 W->Y X->Y C00-X C03-C04 C03-C06,0.0007937499999997044,0.0,0.0007937499999997044,,1,9,4,0,0.839730933023616,2.19865466511808,6,3
c08_s01_cov050_seed00000004_bw010,c08_s01_cov050_seed00000004,flip,fast_gate,8,1,measured,0.5,0.1,,4,X,Y,4,1,7,7,0.7272727272727273,2,"C00,W",0.25,1,0,1,0,3,True,1,ok,local_up_fast,mpdag_criterion,True,"Conjecture 2 (hence Anti-Exchange Case B, verified not proved)",C00->C05 C00->Y C02->C03 C03->C04 C03->C06 C04->C07 W->Y X->C02 X->Y C00-X C04-C06,0.00029733400000253596,0.0,0.00029733400000253596,,1,7,2,0,0.15748502994011976,0.5249500998003992,4,1
c08_s01_cov050_seed00000005_bw010,c08_s01_cov050_seed00000005,flip,fast_gate,8,1,measured,0.5,0.1,,5,X,Y,4,1,8,8,0.75,2,"C00,W",0.25,1,0,1,0,3,True,1,ok,local_up_fast,mpdag_criterion,True,"Conjecture 2 (hence Anti-Exchange Case B, verified not proved)",C00->C07 C00->Y C02->C03 C02->C04 W->Y X->C02 X->C04 X->C05 X->C06 X->Y C00-X C02-C06,0.00036204199999900766,0.0,0.00036204199999900766,,1,8,3,0,0.4356444700421799,1.0225805905171683,4,2
c08_s01_cov050_seed00000006_bw010,c08_s01_cov050_seed00000006,flip,fast_gate,8,1,measured,0.5,0.1,,6,X,Y,4,0,7,7,0.7,2,"C00,W",0.25,1,0,1,0,3,True,1,ok,local_up_fast,mpdag_criterion,True,"Conjecture 2 (hence Anti-Exchange Case B, verified not proved)",C00->C02 C00->Y C02->C04 C02->C06 C04->C07 W->Y X->C03 X->C05 X->Y C00-X,0.0002486670000010349,0.0,0.0002486670000010349,,1,7,2,0,0.85,1.5,4,2
c08_s01_cov050_seed00000007_bw010,c08_s01_cov050_seed00000007,flip,fast_gate,8,1,measured,0.5,0.1,,7,X,Y,4,0,7,7,0.7,2,"C00,W",0.25,1,0,1,0,3,True,1,ok,local_up_fast,mpdag_criterion,True,"Conjecture 2 (hence Anti-Exchange Case B, verified not proved)",C00->C07 C00->Y C03->C04 C05->C06 W->Y X->C02 X->C03 X->C05 X->Y C00-X,0.00024716699999771663,0.0,0.00024716699999771663,,1,7,2,0,0.16007905138339923,0.5335968379446641,4,2
c08_s01_cov050_seed00000008_bw010,c08_s01_cov050_seed00000008,flip,fast_gate,8,1,measured,0.5,0.1,,8,X,Y,4,1,7,7,0.7272727272727273,2,"C00,W",0.25,1,0,1,0,3,True,1,ok,local_up_fast,mpdag_criterion,True,"Conjecture 2 (hence Anti-Exchange Case B, verified not proved)",C00->C03 C00->Y C02->C04 C03->C05 C03->C06 C03->C07 W->Y X->C02 X->Y C00-X C05-C07,0.0002960830000091619,0.0,0.0002960830000091619,,1,7,2,0,0.45065419464563233,0.9210861214555904,4,2
c08_s01_cov050_seed00000009_bw010,c08_s01_cov050_seed00000009,flip,fast_gate,8,1,measured,0.5,0.1,,9,X,Y,4,2,7,7,0.75,2,"C00,W",0.25,1,0,1,0,3,True,1,ok,local_up_fast,mpdag_criterion,True,"Conjecture 2 (hence Anti-Exchange Case B, verified not proved)",C00->C02 C00->Y C02->C03 C02->C04 C03->C05 C05->C06 C05->C07 W->Y X->Y C00-X C02-X C06-C07,0.00041137499999877036,0.0,0.00041137499999877036,,1,7,2,0,0.33477077047612036,1.1159025682537347,4,1
c08_s01_cov050_seed00000010_bw010,c08_s01_cov050_seed00000010,flip,fast_gate,8,1,measured,0.5,0.1,,10,X,Y,4,2,7,7,0.75,2,"C00,W",0.25,1,0,1,0,3,True,1,ok,local_up_fast,mpdag_criterion,True,"Conjecture 2 (hence Anti-Exchange Case B, verified not proved)",C00->C02 C00->C05 C00->C07 C00->Y C02->C03 C02->C04 C04->C06 W->Y X->Y C00-X C02-X C05-X,0.0006906659999970088,0.0,0.0006906659999970088,,1,7,2,0,0.22469999999999998,0.749,4,2
c08_s01_cov050_seed00000011_bw010,c08_s01_cov050_seed00000011,flip,fast_gate,8,1,measured,0.5,0.1,,11,X,Y,4,5,4,4,0.75,2,"C00,W",0.25,1,0,1,0,3,True,1,ok,local_up_fast,mpdag_criterion,True,"Conjecture 2 (hence Anti-Exchange Case B, verified not proved)",C00->C02 C00->C03 C00->C04 C00->Y W->Y X->Y C00-C05 C00-C06 C00-C07 C00-X C02-C04 C03-C06,0.0003354170000022805,0.0,0.0003354170000022805,,1,4,2,0,0.9211,1.737,4,2
c08_s01_cov050_seed00000012_bw010,c08_s01_cov050_seed00000012,flip,fast_gate,8,1,measured,0.5,0.1,,12,X,Y,5,3,7,7,0.7692307692307693,2,"C00,W",0.2,1,0,1,0,3,True,1,ok,local_up_fast,mpdag_criterion,True,"Conjecture 2 (hence Anti-Exchange Case B, verified not proved)",C00->C03 C00->C04 C00->C05 C00->C06 C00->Y C06->C07 W->Y X->C02 X->Y C00-X C03-X C04-C05 C04-C06,0.0004255829999948446,0.0,0.0004255829999948446,,1,7,2,0,0.6960585365853657,1.4560836236933798,5,3
c08_s01_cov050_seed00000013_bw010,c08_s01_cov050_seed00000013,flip,fast_gate,8,1,measured,0.5,0.1,,13,X,Y,4,0,9,9,0.75,2,"C00,W",0.25,1,0,1,0,3,True,1,ok,local_up_fast,mpdag_criterion,True,"Conjecture 2 (hence Anti-Exchange Case B, verified not proved)",C00->Y C02->C03 C02->C04 C03->C04 C03->C06 C04->C06 C05->C07 W->Y X->C02 X->C05 X->Y C00-X,0.00034437499999739885,0.0,0.00034437499999739885,,1,9,3,0,0.14198019801980197,0.47326732673267324,4,0
c08_s01_cov050_seed00000014_bw010,c08_s01_cov050_seed00000014,flip,fast_gate,8,1,measured,0.5,0.1,,14,X,Y,4,0,7,7,0.7,2,"C00,W",0.25,1,0,1,0,3,True,1,ok,local_up_fast,mpdag_criterion,True,"Conjecture 2 (hence Anti-Exchange Case B, verified not proved)",C00->C02 C00->C06 C00->Y C02->C03 C04->C05 C05->C07 W->Y X->C04 X->Y C00-X,0.000237957999999594,0.0,0.000237957999999594,,1,7,2,0,0.8933333333333333,1.6444444444444444,4,2
c08_s01_cov050_seed00000015_bw010,c08_s01_cov050_seed00000015,flip,fast_gate,8,1,measured,0.5,0.1,,15,X,Y,4,1,7,7,0.7272727272727273,2,"C00,W",0.25,1,0,1,0,3,True,1,ok,local_up_fast,mpdag_criterion,True,"Conjecture 2 (hence Anti-Exchange Case B, verified not proved)",C00->C04 C00->C05 C00->Y C02->C03 C04->C06 C04->C07 W->Y X->C02 X->Y C00-X C04-C05,0.00030120899999985795,0.0,0.00030120899999985795,,1,7,2,0,0.5723358403803436,1.1794279256459217,4,2
c08_s01_cov050_seed00000016_bw010,c08_s01_cov050_seed00000016,flip,fast_gate,8,1,measured,0.5,0.1,,16,X,Y,4,0,8,8,0.7272727272727273,2,"C00,W",0.25,1,0,1,0,3,True,1,ok,local_up_fast,mpdag_criterion,True,"Conjecture 2 (hence Anti-Exchange Case B, verified not proved)",C00->C06 C00->Y C02->C03 C02->C05 C06->C07 W->Y X->C02 X->C03 X->C04 X->Y C00-X,0.00028166699999587763,0.0,0.00028166699999587763,,1,8,3,0,0.4432829007434459,1.0060649536976654,4,2
c08_s01_cov050_seed00000017_bw010,c08_s01_cov050_seed00000017,flip,fast_gate,8,1,measured,0.5,0.1,,17,X,Y,4,2,7,7,0.75,2,"C00,W",0.25,1,0,1,0,3,True,1,ok,local_up_fast,mpdag_criterion,True,"Conjecture 2 (hence Anti-Exchange Case B, verified not proved)",C00->C02 C00->Y C02->C03 C02->C04 C02->C07 C05->C06 W->Y X->C05 X->Y C00-X C02-X C03-C04,0.00040612500001202534,0.0,0.00040612500001202534,,1,7,2,0,0.41893440346901534,1.5209040603014174,4,0
c08_s01_cov050_seed00000018_bw010,c08_s01_cov050_seed00000018,flip,fast_gate,8,1,measured,0.5,0.1,,18,X,Y,4,2,7,7,0.75,2,"C00,W",0.25,1,0,1,0,3,True,1,ok,local_up_fast,mpdag_criterion,True,"Conjecture 2 (hence Anti-Exchange Case B, verified not proved)",C00->C03 C00->C04 C00->Y C03->C05 C03->C06 C03->C07 W->Y X->C02 X->Y C00-X C03-X C05-C07,0.0003967499999930624,0.0,0.0003967499999930624,,1,7,2,0,0.34920782851817334,1.1640260950605779,4,1
c08_s01_cov050_seed00000019_bw010,c08_s01_cov050_seed00000019,flip,fast_gate,8,1,measured,0.5,0.1,,19,X,Y,4,0,8,8,0.7272727272727273,2,"C00,W",0.25,1,0,1,0,3,True,1,ok,local_up_fast,mpdag_criterion,True,"Conjecture 2 (hence Anti-Exchange Case B, verified not proved)",C00->C04 C00->C05 C00->Y C02->C03 C04->C06 C05->C07 W->Y X->C02 X->C03 X->Y C00-X,0.00026187500000673936,0.0,0.00026187500000673936,,1,8,3,0,0.6946140625,1.411734375,4,2
c08_s01_cov050_seed00000020_bw010,c08_s01_cov050_seed00000020,flip,fast_gate,8,1,measured,0.5,0.1,,20,X,Y,4,3,6,6,0.75,2,"C00,W",0.25,1,0,1,0,3,True,1,ok,local_up_fast,mpdag_criterion,True,"Conjecture 2 (hence Anti-Exchange Case B, verified not proved)",C00->C03 C00->C04 C00->C06 C00->Y W->Y X->C02 X->C05 X->Y C00-C07 C00-X C02-C05 C03-X,0.00038025000000629916,0.0,0.00038025000000629916,,1,6,2,0,0.22080000000000002,0.736,4,2
c08_s01_cov050_seed00000021_bw010,c08_s01_cov050_seed00000021,flip,fast_gate,8,1,measured,0.5,0.1,,21,X,Y,4,1,7,7,0.7272727272727273,2,"C00,W",0.25,1,0,1,0,3,True,1,ok,local_up_fast,mpdag_criterion,True,"Conjecture 2 (hence Anti-Exchange Case B, verified not proved)",C00->C02 C00->C05 C00->C06 C00->Y C02->C03 C04->C07 W->Y X->C04 X->Y C00-X C06-X,0.0003107499999970287,0.0,0.0003107499999970287,,1,7,2,0,0.2253,0.751,4,2
c08_s01_cov050_seed00000022_bw010,c08_s01_cov050_seed00000022,flip,fast_gate,8,1,measured,0.5,0.1,,22,X,Y,4,3,6,6,0.75,2,"C00,W",0.25,1,0,1,0,3,True,1,ok,local_up_fast,mpdag_criterion,True,"Conjecture 2 (hence Anti-Exchange Case B, verified not proved)",C00->C02 C00->C03 C00->C05 C00->Y C02->C04 C05->C06 W->Y X->Y C00-C07 C00-X C02-X C03-X,0.00044941699999867524,0.0,0.00044941699999867524,,1,6,2,0,0.22469999999999998,0.749,4,2
c08_s01_cov050_seed00000023_bw010,c08_s01_cov050_seed00000023,flip,fast_gate,8,1,measured,0.5,0.1,,23,X,Y,4,4,5,5,0.75,2,"C00,W",0.25,1,0,1,0,3,True,1,ok,local_up_fast,mpdag_criterion,True,"Conjecture 2 (hence Anti-Exchange Case B, verified not proved)",C00->C02 C00->C03 C00->C05 C00->Y C02->C04 W->Y X->Y C00-C06 C00-C07 C00-X C02-C03 C02-C06,0.00034779099999582286,0.0,0.00034779099999582286,,1,5,2,0,0.9225999999999999,1.742,4,2
c08_s01_cov050_seed00000024_bw010,c08_s01_cov050_seed00000024,flip,fast_gate,8,1,measured,0.5,0.1,,24,X,Y,4,3,5,5,0.7272727272727273,2,"C00,W",0.25,1,0,1,0,3,True,1,ok,local_up_fast,mpdag_criterion,True,"Conjecture 2 (hence Anti-Exchange Case B, verified not proved)",C00->C02 C00->C03 C00->C04 C00->Y C02->C05 W->Y X->Y C00-C06 C00-X C03-C06 C06-C07,0.0003133749999904012,0.0,0.0003133749999904012,,1,5,2,0,0.7510000000000001,0.751,4,3
c08_s01_cov050_seed00000027_bw010,c08_s01_cov050_seed00000027,flip,fast_gate,8,1,measured,0.5,0.1,,27,X,Y,5,1,9,9,0.7692307692307693,2,"C00,W",0.2,1,0,1,0,3,True,1,ok,local_up_fast,mpdag_criterion,True,"Conjecture 2 (hence Anti-Exchange Case B, verified not proved)",C00->C02 C00->C03 C00->C07 C00->Y C02->C03 C02->C04 C02->C06 C03->C07 W->Y X->C05 X->Y C00-X C04-C06,0.00039612499999464035,0.0,0.00039612499999464035,,1,9,3,0,0.8667813572569409,2.4734215176538554,5,2
c08_s01_cov050_seed00000028_bw010,c08_s01_cov050_seed00000028,flip,fast_gate,8,1,measured,0.5,0.1,,28,X,Y,4,1,7,7,0.7272727272727273,2,"C00,W",0.25,1,0,1,0,3,True,1,ok,local_up_fast,mpdag_criterion,True,"Conjecture 2 (hence Anti-Exchange Case B, verified not proved)",C00->C05 C00->Y C02->C03 C02->C04 C02->C06 C06->C07 W->Y X->C02 X->Y C00-X C03-C04,0.0003361249999898064,0.0,0.0003361249999898064,,1,7,2,0,0.149079754601227,0.49693251533742333,4,1
c08_s01_cov050_seed00000029_bw010,c08_s01_cov050_seed00000029,flip,fast_gate,8,1,measured,0.5,0.1,,29,X,Y,5,0,10,10,0.7692307692307693,2,"C00,W",0.2,1,0,1,0,3,True,1,ok,local_up_fast,mpdag_criterion,True,"Conjecture 2 (hence Anti-Exchange Case B, verified not proved)",C00->C03 C00->Y C02->C04 C02->C05 C02->C06 C04->C07 W->Y X->C02 X->C04 X->C05 X->C07 X->Y C00-X,0.00037395900000092297,0.0,0.00037395900000092297,,1,10,4,0,0.5095768887493992,1.1689453603899607,5,3
c08_s01_cov050_seed00000030_bw010,c08_s01_cov050_seed00000030,flip,fast_gate,8,1,measured,0.5,0.1,,30,X,Y,4,3,6,6,0.75,2,"C00,W",0.25,1,0,1,0,3,True,1,ok,local_up_fast,mpdag_criterion,True,"Conjecture 2 (hence Anti-Exchange Case B, verified not proved)",C00->C02 C00->C03 C00->C05 C00->Y C02->C04 W->Y X->C07 X->Y C00-C06 C00-X C02-C03 C05-C06,0.000337707999989334,0.0,0.000337707999989334,,1,6,2,0,0.9307000000000001,1.7690000000000001,4,2
c08_s01_cov050_seed00000031_bw010,c08_s01_cov050_seed00000031,flip,fast_gate,8,1,measured,0.5,0.1,,31,X,Y,5,3,7,7,0.7692307692307693,2,"C00,W",0.2,1,0,1,0,3,True,1,ok,local_up_fast,mpdag_criterion,True,"Conjecture 2 (hence Anti-Exchange Case B, verified not proved)",C00->C02 C00->C04 C00->C05 C00->C06 C00->Y C02->C03 C06->C07 W->Y X->Y C00-X C02-C05 C02-X C05-C06,0.0008707920000006197,0.0,0.0008707920000006197,,1,7,2,0,0.7032418604651163,1.4537740863787376,5,3
c08_s01_cov050_seed00000032_bw010,c08_s01_cov050_seed00000032,flip,fast_gate,8,1,measured,0.5,0.1,,32,X,Y,4,0,7,7,0.7,2,"C00,W",0.25,1,0,1,0,3,True,1,ok,local_up_fast,mpdag_criterion,True,"Conjecture 2 (hence Anti-Exchange Case B, verified not proved)",C00->C03 C00->Y C04->C06 C06->C07 W->Y X->C02 X->C04 X->C05 X->Y C00-X,0.0002363750000000664,0.0,0.0002363750000000664,,1,7,2,0,0.1482,0.494,4,1
c08_s01_cov050_seed00000033_bw010,c08_s01_cov050_seed00000033,flip,fast_gate,8,1,measured,0.5,0.1,,33,X,Y,4,0,8,8,0.7272727272727273,2,"C00,W",0.25,1,0,1,0,3,True,1,ok,local_up_fast,mpdag_criterion,True,"Conjecture 2 (hence Anti-Exchange Case B, verified not proved)",C00->Y C05->C06 C05->C07 C06->C07 W->Y X->C02 X->C03 X->C04 X->C05 X->Y C00-X,0.00031383400001061545,0.0,0.00031383400001061545,,1,8,3,0,0.15799180327868853,0.5266393442622951,4,0
c08_s01_cov050_seed00000034_bw010,c08_s01_cov050_seed00000034,flip,fast_gate,8,1,measured,0.5,0.1,,34,X,Y,4,1,7,7,0.7272727272727273,2,"C00,W",0.25,1,0,1,0,3,True,1,ok,local_up_fast,mpdag_criterion,True,"Conjecture 2 (hence Anti-Exchange Case B, verified not proved)",C00->C02 C00->C03 C00->Y C02->C04 C03->C07 C04->C06 W->Y X->C05 X->Y C00-X C03-X,0.00032795900000337497,0.0,0.00032795900000337497,,1,7,2,0,0.5110466812120081,1.1002228470755697,4,2
c08_s01_cov050_seed00000035_bw010,c08_s01_cov050_seed00000035,flip,fast_gate,8,1,measured,0.5,0.1,,35,X,Y,4,1,7,7,0.7272727272727273,2,"C00,W",0.25,1,0,1,0,3,True,1,ok,local_up_fast,mpdag_criterion,True,"Conjecture 2 (hence Anti-Exchange Case B, verified not proved)",C00->C02 C00->C04 C00->C06 C00->Y C02->C05 W->Y X->C03 X->C07 X->Y C00-X C02-C04,0.00028920900000173333,0.0,0.00028920900000173333,,1,7,2,0,0.9319,1.7730000000000001,4,2
c08_s01_cov050_seed00000036_bw010,c08_s01_cov050_seed00000036,flip,fast_gate,8,1,measured,0.5,0.1,,36,X,Y,4,1,7,7,0.7272727272727273,2,"C00,W",0.25,1,0,1,0,3,True,1,ok,local_up_fast,mpdag_criterion,True,"Conjecture 2 (hence Anti-Exchange Case B, verified not proved)",C00->C02 C00->C03 C00->C07 C00->Y C02->C05 C03->C04 C05->C06 W->Y X->Y C00-X C03-C07,0.0002770410000039192,0.0,0.0002770410000039192,,1,7,2,0,0.9277000000000001,1.759,4,2
c08_s01_cov050_seed00000037_bw010,c08_s01_cov050_seed00000037,flip,fast_gate,8,1,measured,0.5,0.1,,37,X,Y,5,1,9,9,0.7692307692307693,2,"C00,W",0.2,1,0,1,0,3,True,1,ok,local_up_fast,mpdag_criterion,True,"Conjecture 2 (hence Anti-Exchange Case B, verified not proved)",C00->C02 C00->C03 C00->Y C02->C03 C03->C04 C03->C05 C03->C06 C05->C07 C06->C07 W->Y X->Y C00-X C05-C06,0.0007479579999909447,0.0,0.0007479579999909447,,1,9,3,0,0.8349258408718931,3.344424426202469,5,1
c08_s01_cov050_seed00000038_bw010,c08_s01_cov050_seed00000038,flip,fast_gate,8,1,measured,0.5,0.1,,38,X,Y,4,1,8,8,0.75,2,"C00,W",0.25,1,0,1,0,3,True,1,ok,local_up_fast,mpdag_criterion,True,"Conjecture 2 (hence Anti-Exchange Case B, verified not proved)",C00->C02 C00->Y C03->C05 C03->C06 C05->C07 W->Y X->C03 X->C04 X->C05 X->Y C00-X C02-X,0.0007849580000112155,0.0,0.0007849580000112155,,1,8,3,0,0.27563171253172636,0.9187723751057543,4,1
c08_s01_cov050_seed00000039_bw010,c08_s01_cov050_seed00000039,flip,fast_gate,8,1,measured,0.5,0.1,,39,X,Y,4,1,8,8,0.75,2,"C00,W",0.25,1,0,1,0,3,True,1,ok,local_up_fast,mpdag_criterion,True,"Conjecture 2 (hence Anti-Exchange Case B, verified not proved)",C00->C03 C00->Y C04->C05 C05->C06 W->Y X->C02 X->C04 X->C05 X->C07 X->Y C00-X C03-X,0.0004182499999956235,0.0,0.0004182499999956235,,1,8,3,0,0.301264347135995,1.0042144904533166,4,0
c08_s01_cov050_seed00000040_bw010,c08_s01_cov050_seed00000040,flip,fast_gate,8,1,measured,0.5,0.1,,40,X,Y,4,0,7,7,0.7,2,"C00,W",0.25,1,0,1,0,3,True,1,ok,local_up_fast,mpdag_criterion,True,"Conjecture 2 (hence Anti-Exchange Case B, verified not proved)",C00->C04 C00->C05 C00->Y C02->C03 C03->C07 C04->C06 W->Y X->C02 X->Y C00-X,0.0002534999999994625,0.0,0.0002534999999994625,,1,7,2,0,0.1882673942701228,0.6275579809004093,4,2
c08_s01_cov050_seed00000041_bw010,c08_s01_cov050_seed00000041,flip,fast_gate,8,1,measured,0.5,0.1,,41,X,Y,4,0,8,8,0.7272727272727273,2,"C00,W",0.25,1,0,1,0,3,True,1,ok,local_up_fast,mpdag_criterion,True,"Conjecture 2 (hence Anti-Exchange Case B, verified not proved)",C00->Y C02->C03 C03->C07 C04->C05 C05->C06 W->Y X->C02 X->C03 X->C04 X->Y C00-X,0.0003442919999940841,0.0,0.0003442919999940841,,1,8,3,0,0.16121212121212122,0.5373737373737374,4,1
c08_s01_cov050_seed00000000_bw025,c08_s01_cov050_seed00000000,flip,fast_gate,8,1,measured,0.5,0.25,,0,X,Y,4,5,6,6,0.75,2,"C00,W",0.0,0,0,2,0,3,True,2,ok,local_up_fast,mpdag_criterion,True,"Conjecture 2 (hence Anti-Exchange Case B, verified not proved)",C00->C02 C00->C03 C00->Y C03->C05 C05->C06 W->Y X->Y C00-C04 C00-X C02-X C03-X C04-C07,0.0009242080000007036,0.0,0.0009242080000007036,,2,11,3,0,0.4922755741127349,1.6409185803757829,4,1
c08_s01_cov050_seed00000001_bw025,c08_s01_cov050_seed00000001,flip,fast_gate,8,1,measured,0.5,0.25,,1,X,Y,4,3,7,7,0.7272727272727273,2,"C00,W",0.0,0,0,2,0,3,True,2,ok,local_up_fast,mpdag_criterion,True,"Conjecture 2 (hence Anti-Exchange Case B, verified not proved)",C00->C03 C00->Y C03->C04 C04->C05 C05->C07 W->Y X->C06 X->Y C00-C02 C00-X C03-X,0.0012254579999932957,0.0,0.0012254579999932957,,2,13,3,0,0.5639809400043319,2.0479748754602554,4,0
c08_s01_cov050_seed00000002_bw025,c08_s01_cov050_seed00000002,flip,fast_gate,8,1,measured,0.5,0.25,,2,X,Y,5,5,9,9,0.7692307692307693,2,"C00,W",0.2,1,0,1,0,3,True,1,ok,local_up_fast,mpdag_criterion,True,"Conjecture 2 (hence Anti-Exchange Case B, verified not proved)",C00->C03 C00->C05 C00->C06 C00->C07 C00->Y C02->C00 C02->X W->Y X->C04 X->C07 X->Y C00-X C05-C06,0.0008959999999973434,0.0,0.0008959999999973434,,1,9,3,0,0.8006319275479858,2.2513348202216816,5,2
c08_s01_cov050_seed00000004_bw025,c08_s01_cov050_seed00000004,flip,fast_gate,8,1,measured,0.5,0.25,,4,X,Y,4,4,6,6,0.7272727272727273,1,W,0.25,1,0,1,0,3,True,1,ok,local_up_fast,mpdag_criterion,True,"Conjecture 2 (hence Anti-Exchange Case B, verified not proved)",C00->C05 C00->Y C02->C03 C03->C04 C03->C06 C04->C07 W->Y X->Y C00-X C02-X C04-C06,0.0003627079999972693,0.0,0.0003627079999972693,,1,6,2,0,0.48259227388494563,0.9631077717394443,4,2
c08_s01_cov050_seed00000005_bw025,c08_s01_cov050_seed00000005,flip,fast_gate,8,1,measured,0.5,0.25,,5,X,Y,4,3,8,8,0.75,2,"C00,W",0.0,0,0,2,0,3,True,2,ok,local_up_fast,mpdag_criterion,True,"Conjecture 2 (hence Anti-Exchange Case B, verified not proved)",C00->Y C02->C03 C02->C04 W->Y X->C02 X->C04 X->C05 X->C06 X->Y C00-C07 C00-X C02-C06,0.0009463749999980564,0.0,0.0009463749999980564,,2,15,5,0,0.4563636363636364,1.5212121212121212,4,1
c08_s01_cov050_seed00000006_bw025,c08_s01_cov050_seed00000006,flip,fast_gate,8,1,measured,0.5,0.25,,6,X,Y,4,2,7,7,0.7,2,"C00,W",0.0,0,0,2,0,3,True,2,ok,local_up_fast,mpdag_criterion,True,"Conjecture 2 (hence Anti-Exchange Case B, verified not proved)",C00->Y C02->C04 C02->C06 C04->C07 W->Y X->C03 X->C05 X->Y C00-C02 C00-X,0.0010339579999936177,0.0,0.0010339579999936177,,4,25,9,0,0.3,1.0,4,2
c08_s01_cov050_seed00000007_bw025,c08_s01_cov050_seed00000007,flip,fast_gate,8,1,measured,0.5,0.25,,7,X,Y,4,5,4,4,0.7,1,W,0.25,1,0,1,0,3,True,1,ok,local_up_fast,mpdag_criterion,True,"Conjecture 2 (hence Anti-Exchange Case B, verified not proved)",C00->C07 C00->Y C03->C04 C05->C06 W->Y X->Y C00-X C02-X C03-X C05-X,0.0003695000000050186,0.0,0.0003695000000050186,,1,4,2,0,0.20625,0.6875,4,2
c08_s01_cov050_seed00000009_bw025,c08_s01_cov050_seed00000009,flip,fast_gate,8,1,measured,0.5,0.25,,9,X,Y,4,3,8,8,0.75,1,W,0.5,2,0,1,0,3,True,1,ok,local_up_fast,mpdag_criterion,True,"Conjecture 2 (hence Anti-Exchange Case B, verified not proved)",C00->C02 C00->Y C02->C03 C02->C04 C03->C05 C05->C06 C05->C07 W->Y X->C02 X->Y C00-X C06-C07,0.0007273749999967549,0.0,0.0007273749999967549,,1,8,2,0,0.0,0.0,4,1
c08_s01_cov050_seed00000010_bw025,c08_s01_cov050_seed00000010,flip,fast_gate,8,1,measured,0.5,0.25,,10,X,Y,4,4,7,7,0.75,2,"C00,W",0.0,0,0,2,0,3,True,2,ok,local_up_fast,mpdag_criterion,True,"Conjecture 2 (hence Anti-Exchange Case B, verified not proved)",C00->C02 C00->C05 C00->Y C02->C03 C02->C04 C04->C06 W->Y X->Y C00-C07 C00-X C02-X C05-X,0.001278291000005538,0.0,0.001278291000005538,,2,13,3,0,0.4986,1.662,4,1
c08_s01_cov050_seed00000011_bw025,c08_s01_cov050_seed00000011,flip,fast_gate,8,1,measured,0.5,0.25,,11,X,Y,4,3,8,8,0.75,2,"C00,W",0.0,0,0,2,0,3,True,2,ok,local_up_fast,mpdag_criterion,True,"Conjecture 2 (hence Anti-Exchange Case B, verified not proved)",C00->C03 C00->C04 C00->C05 C00->C06 C00->C07 C00->Y C02->C04 W->Y X->Y C00-C02 C00-X C03-C06,0.0007108329999994112,0.0,0.0007108329999994112,,2,15,5,0,0.7648221343873517,1.6640316205533598,4,2
c08_s01_cov050_seed00000012_bw025,c08_s01_cov050_seed00000012,flip,fast_gate,8,1,measured,0.5,0.25,,12,X,Y,5,5,9,9,0.7692307692307693,2,"C00,W",0.0,0,0,2,0,3,True,2,ok,local_up_fast,mpdag_criterion,True,"Conjecture 2 (hence Anti-Exchange Case B, verified not proved)",C00->C03 C00->C04 C00->C06 C00->Y C04->C06 C05->C04 C06->C07 W->Y X->C02 X->Y C00-C05 C00-X C03-X,0.0009977920000068252,0.0,0.0009977920000068252,,2,17,5,0,0.7147078700006146,2.297929593905511,5,2
c08_s01_cov050_seed00000013_bw025,c08_s01_cov050_seed00000013,flip,fast_gate,8,1,measured,0.5,0.25,,13,X,Y,4,5,6,6,0.75,1,W,0.25,1,0,1,0,3,True,1,ok,local_up_fast,mpdag_criterion,True,"Conjecture 2 (hence Anti-Exchange Case B, verified not proved)",C00->Y C02->C03 C02->C04 C03->C04 C03->C06 C04->C06 W->Y X->Y C00-X C02-X C05-C07 C05-X,0.0004936670000006416,0.0,0.0004936670000006416,,1,6,2,0,0.8039334598184034,2.3464448660613453,4,1
c08_s01_cov050_seed00000014_bw025,c08_s01_cov050_seed00000014,flip,fast_gate,8,1,measured,0.5,0.25,,14,X,Y,4,2,7,7,0.7,2,"C00,W",0.0,0,0,2,0,3,True,2,ok,local_up_fast,mpdag_criterion,True,"Conjecture 2 (hence Anti-Exchange Case B, verified not proved)",C00->C02 C00->Y C02->C03 C04->C05 C05->C07 W->Y X->C04 X->Y C00-C06 C00-X,0.0005460830000032502,0.0,0.0005460830000032502,,2,13,3,0,0.8334328358208956,2.4447761194029853,4,1
c08_s01_cov050_seed00000015_bw025,c08_s01_cov050_seed00000015,flip,fast_gate,8,1,measured,0.5,0.25,,15,X,Y,4,4,6,6,0.7272727272727273,1,W,0.25,1,0,1,0,3,True,1,ok,local_up_fast,mpdag_criterion,True,"Conjecture 2 (hence Anti-Exchange Case B, verified not proved)",C00->C04 C00->C05 C00->Y C02->C03 C04->C06 C04->C07 W->Y X->Y C00-X C02-X C04-C05,0.0003564579999988382,0.0,0.0003564579999988382,,1,6,2,0,0.1517509727626459,0.5058365758754864,4,1
c08_s01_cov050_seed00000016_bw025,c08_s01_cov050_seed00000016,flip,fast_gate,8,1,measured,0.5,0.25,,16,X,Y,4,5,5,5,0.7272727272727273,1,W,0.25,1,0,1,0,3,True,1,ok,local_up_fast,mpdag_criterion,True,"Conjecture 2 (hence Anti-Exchange Case B, verified not proved)",C00->C06 C00->Y C02->C03 C02->C05 C06->C07 W->Y X->Y C00-X C02-X C03-X C04-X,0.0004496659999944086,0.0,0.0004496659999944086,,1,5,2,0,0.19986702127659575,0.6662234042553191,4,1
c08_s01_cov050_seed00000017_bw025,c08_s01_cov050_seed00000017,flip,fast_gate,8,1,measured,0.5,0.25,,17,X,Y,4,6,7,7,0.75,2,"C00,W",0.25,1,0,1,0,3,True,1,ok,local_up_fast,mpdag_criterion,True,"Conjecture 2 (hence Anti-Exchange Case B, verified not proved)",C00->Y C02->C00 C02->C03 C02->C04 C02->X C05->C06 W->Y X->C05 X->Y C00-X C02-C07 C03-C04,0.0009522089999904892,0.0,0.0009522089999904892,,1,7,5,0,0.3025631500742942,1.0085438335809807,4,1
c08_s01_cov050_seed00000018_bw025,c08_s01_cov050_seed00000018,flip,fast_gate,8,1,measured,0.5,0.25,,18,X,Y,4,4,7,7,0.75,1,W,0.5,2,0,1,0,3,True,1,ok,local_up_fast,mpdag_criterion,True,"Conjecture 2 (hence Anti-Exchange Case B, verified not proved)",C00->C03 C00->C04 C00->Y C03->C05 C03->C06 C03->C07 W->Y X->C03 X->Y C00-X C02-X C05-C07,0.000527083000008588,0.0,0.000527083000008588,,1,7,2,0,0.0,0.0,4,1
c08_s01_cov050_seed00000019_bw025,c08_s01_cov050_seed00000019,flip,fast_gate,8,1,measured,0.5,0.25,,19,X,Y,4,3,7,7,0.7272727272727273,2,"C00,W",0.0,0,0,2,0,3,True,2,ok,local_up_fast,mpdag_criterion,True,"Conjecture 2 (hence Anti-Exchange Case B, verified not proved)",C00->C05 C00->Y C02->C03 C05->C07 W->Y X->C02 X->C03 X->Y C00-C04 C00-X C04-C06,0.0007272499999828597,0.0,0.0007272499999828597,,2,13,5,0,0.6961507936507936,2.159126984126984,4,1
c08_s01_cov050_seed00000020_bw025,c08_s01_cov050_seed00000020,flip,fast_gate,8,1,measured,0.5,0.25,,20,X,Y,4,4,7,7,0.75,2,"C00,W",0.0,0,0,2,0,3,True,2,ok,local_up_fast,mpdag_criterion,True,"Conjecture 2 (hence Anti-Exchange Case B, verified not proved)",C00->C03 C00->C04 C00->C07 C00->Y W->Y X->C02 X->C05 X->Y C00-C06 C00-X C02-C05 C03-X,0.001537041999995381,0.0,0.001537041999995381,,2,13,3,0,0.5056179775280899,1.6853932584269664,4,1
c08_s01_cov050_seed00000021_bw025,c08_s01_cov050_seed00000021,flip,fast_gate,8,1,measured,0.5,0.25,,21,X,Y,4,4,8,8,0.7272727272727273,2,"C00,W",0.25,1,0,1,0,3,True,1,ok,local_up_fast,mpdag_criterion,True,"Conjecture 2 (hence Anti-Exchange Case B, verified not proved)",C00->C02 C00->C05 C00->Y C02->C03 C04->C07 C06->C00 C06->X W->Y X->C04 X->Y C00-X,0.0005794170000115173,0.0,0.0005794170000115173,,1,8,3,0,0.6198264571054356,1.1930723173355786,4,2
c08_s01_cov050_seed00000022_bw025,c08_s01_cov050_seed00000022,flip,fast_gate,8,1,measured,0.5,0.25,,22,X,Y,4,4,9,9,0.75,2,"C00,W",0.25,1,0,1,0,3,True,1,ok,local_up_fast,mpdag_criterion,True,"Conjecture 2 (hence Anti-Exchange Case B, verified not proved)",C00->C02 C00->C05 C00->C07 C00->Y C02->C04 C03->C00 C03->X C05->C06 W->Y X->C02 X->Y C00-X,0.0004179590000035205,0.0,0.0004179590000035205,,1,9,3,0,0.3521739130434783,1.173913043478261,4,1
c08_s01_cov050_seed00000023_bw025,c08_s01_cov050_seed00000023,flip,fast_gate,8,1,measured,0.5,0.25,,23,X,Y,4,4,9,9,0.75,2,"C00,W",0.0,0,0,2,0,3,True,2,ok,local_up_fast,mpdag_criterion,True,"Conjecture 2 (hence Anti-Exchange Case B, verified not proved)",C00->C02 C00->C05 C00->C06 C00->C07 C00->Y C02->C04 C02->C06 C03->C02 W->Y X->Y C00-C03 C00-X,0.0007063330000107726,0.0,0.0007063330000107726,,2,17,5,0,0.7438000000000001,1.634,4,2
c08_s01_cov050_seed00000024_bw025,c08_s01_cov050_seed00000024,flip,fast_gate,8,1,measured,0.5,0.25,,24,X,Y,4,3,7,7,0.7272727272727273,2,"C00,W",0.0,0,0,2,0,3,True,2,ok,local_up_fast,mpdag_criterion,True,"Conjecture 2 (hence Anti-Exchange Case B, verified not proved)",C00->C02 C00->C03 C00->C06 C00->Y C02->C05 C06->C07 W->Y X->Y C00-C04 C00-X C03-C06,0.0007281660000160173,0.0,0.0007281660000160173,,2,13,3,0,0.7680894308943091,1.66869918699187,4,2
c08_s01_cov050_seed00000028_bw025,c08_s01_cov050_seed00000028,flip,fast_gate,8,1,measured,0.5,0.25,,28,X,Y,4,6,4,4,0.7272727272727273,1,W,0.25,1,0,1,0,3,True,1,ok,local_up_fast,mpdag_criterion,True,"Conjecture 2 (hence Anti-Exchange Case B, verified not proved)",C00->C05 C00->Y C02->C03 C02->C04 W->Y X->Y C00-X C02-C06 C02-X C03-C04 C06-C07,0.0007574159999990115,0.0,0.0007574159999990115,,1,4,2,0,0.5308377475217771,1.1410603668651382,4,2
c08_s01_cov050_seed00000029_bw025,c08_s01_cov050_seed00000029,flip,fast_gate,8,1,measured,0.5,0.25,,29,X,Y,5,3,9,9,0.7692307692307693,2,"C00,W",0.2,1,0,1,0,3,True,1,ok,local_up_fast,mpdag_criterion,True,"Conjecture 2 (hence Anti-Exchange Case B, verified not proved)",C00->C03 C00->Y C02->C05 C02->C06 C04->C02 W->Y X->C02 X->C04 X->C05 X->C07 X->Y C00-X C04-C07,0.0004615419999822734,0.0,0.0004615419999822734,,1,9,3,0,0.49672406155656323,1.6682197662953187,5,2
c08_s01_cov050_seed00000030_bw025,c08_s01_cov050_seed00000030,flip,fast_gate,8,1,measured,0.5,0.25,,30,X,Y,4,5,6,6,0.75,2,"C00,W",0.0,0,0,2,0,3,True,2,ok,local_up_fast,mpdag_criterion,True,"Conjecture 2 (hence Anti-Exchange Case B, verified not proved)",C00->C02 C00->C03 C00->Y C02->C04 W->Y X->C07 X->Y C00-C05 C00-C06 C00-X C02-C03 C05-C06,0.0007363750000024538,0.0,0.0007363750000024538,,2,11,3,0,0.8978473581213308,2.659491193737769,4,1
c08_s01_cov050_seed00000031_bw025,c08_s01_cov050_seed00000031,flip,fast_gate,8,1,measured,0.5,0.25,,31,X,Y,5,5,7,7,0.7692307692307693,2,"C00,W",0.0,0,0,2,0,3,True,2,ok,local_up_fast,mpdag_criterion,True,"Conjecture 2 (hence Anti-Exchange Case B, verified not proved)",C00->C02 C00->C05 C00->C06 C00->Y C02->C03 C06->C07 W->Y X->Y C00-C04 C00-X C02-C05 C02-X C05-C06,0.0011031669999965743,0.0,0.0011031669999965743,,2,13,3,0,0.7999141752491417,2.4567626570676264,5,2
c08_s01_cov050_seed00000032_bw025,c08_s01_cov050_seed00000032,flip,fast_gate,8,1,measured,0.5,0.25,,32,X,Y,4,2,7,7,0.7,2,"C00,W",0.0,0,0,2,0,3,True,2,ok,local_up_fast,mpdag_criterion,True,"Conjecture 2 (hence Anti-Exchange Case B, verified not proved)",C00->Y C04->C06 C06->C07 W->Y X->C02 X->C04 X->C05 X->Y C00-C03 C00-X,0.0005458330000180922,0.0,0.0005458330000180922,,2,13,3,0,0.3,1.0,4,0
c08_s01_cov050_seed00000033_bw025,c08_s01_cov050_seed00000033,flip,fast_gate,8,1,measured,0.5,0.25,,33,X,Y,4,6,4,4,0.7272727272727273,1,W,0.25,1,0,1,0,3,True,1,ok,local_up_fast,mpdag_criterion,True,"Conjecture 2 (hence Anti-Exchange Case B, verified not proved)",C00->Y C05->C06 C05->C07 C06->C07 W->Y X->Y C00-X C02-X C03-X C04-X C05-X,0.0004721659999802341,0.0,0.0004721659999802341,,1,4,2,0,0.8087279495063926,2.362426498354642,4,1
c08_s01_cov050_seed00000034_bw025,c08_s01_cov050_seed00000034,flip,fast_gate,8,1,measured,0.5,0.25,,34,X,Y,4,3,7,7,0.7272727272727273,2,"C00,W",0.0,0,0,2,0,3,True,2,ok,local_up_fast,mpdag_criterion,True,"Conjecture 2 (hence Anti-Exchange Case B, verified not proved)",C00->C03 C00->Y C02->C04 C03->C07 C04->C06 W->Y X->C05 X->Y C00-C02 C00-X C03-X,0.0011392920000048434,0.0,0.0011392920000048434,,3,19,6,0,0.44371257485029947,1.4790419161676647,4,1
c08_s01_cov050_seed00000035_bw025,c08_s01_cov050_seed00000035,flip,fast_gate,8,1,measured,0.5,0.25,,35,X,Y,4,5,5,5,0.7272727272727273,1,W,0.25,1,0,1,0,3,True,1,ok,local_up_fast,mpdag_criterion,True,"Conjecture 2 (hence Anti-Exchange Case B, verified not proved)",C00->C02 C00->C04 C00->C06 C00->Y C02->C05 W->Y X->Y C00-X C02-C04 C03-X C07-X,0.0004179999999962547,0.0,0.0004179999999962547,,1,5,2,0,0.0,0.0,4,1
c08_s01_cov050_seed00000036_bw025,c08_s01_cov050_seed00000036,flip,fast_gate,8,1,measured,0.5,0.25,,36,X,Y,4,4,8,8,0.7272727272727273,2,"C00,W",0.0,0,0,2,0,3,True,2,ok,local_up_fast,mpdag_criterion,True,"Conjecture 2 (hence Anti-Exchange Case B, verified not proved)",C00->C02 C00->C03 C00->Y C02->C05 C03->C04 C05->C06 C07->C03 W->Y X->Y C00-C07 C00-X,0.0006570410000108495,0.0,0.0006570410000108495,,2,15,5,0,0.7870833333333331,1.6958333333333333,4,2
c08_s01_cov050_seed00000037_bw025,c08_s01_cov050_seed00000037,flip,fast_gate,8,1,measured,0.5,0.25,,37,X,Y,5,3,9,9,0.7692307692307693,2,"C00,W",0.0,0,0,2,0,3,True,2,ok,local_up_fast,mpdag_criterion,True,"Conjecture 2 (hence Anti-Exchange Case B, verified not proved)",C00->C03 C00->Y C02->C03 C03->C04 C03->C05 C03->C06 C05->C07 C06->C07 W->Y X->Y C00-C02 C00-X C05-C06,0.0008934999999894444,0.0,0.0008934999999894444,,2,17,5,0,0.871772197524931,3.3588609876246545,5,1
c08_s01_cov050_seed00000038_bw025,c08_s01_cov050_seed00000038,flip,fast_gate,8,1,measured,0.5,0.25,,38,X,Y,4,3,8,8,0.75,2,"C00,W",0.25,1,0,1,0,3,True,1,ok,local_up_fast,mpdag_criterion,True,"Conjecture 2 (hence Anti-Exchange Case B, verified not proved)",C00->C02 C00->Y C03->C06 C05->C03 C05->C07 W->Y X->C03 X->C04 X->C05 X->Y C00-X C02-X,0.00045195899997452216,0.0,0.00045195899997452216,,1,8,3,0,0.2987264673311184,0.9957548911037283,4,0
c08_s01_cov050_seed00000039_bw025,c08_s01_cov050_seed00000039,flip,fast_gate,8,1,measured,0.5,0.25,,39,X,Y,4,6,5,5,0.75,1,W,0.5,2,0,1,0,3,True,1,ok,local_up_fast,mpdag_criterion,True,"Conjecture 2 (hence Anti-Exchange Case B, verified not proved)",C00->C03 C00->Y C04->C05 C05->C06 W->Y X->C03 X->Y C00-X C02-X C04-X C05-X C07-X,0.0005659999999920728,0.0,0.0005659999999920728,,1,5,2,0,0.3816895602573056,1.1036398356518422,4,1
c08_s01_cov050_seed00000041_bw025,c08_s01_cov050_seed00000041,flip,fast_gate,8,1,measured,0.5,0.25,,41,X,Y,4,2,8,8,0.7272727272727273,2,"C00,W",0.25,1,0,1,0,3,True,1,ok,local_up_fast,mpdag_criterion,True,"Conjecture 2 (hence Anti-Exchange Case B, verified not proved)",C00->Y C03->C02 C03->C07 C04->C05 C05->C06 W->Y X->C02 X->C03 X->C04 X->Y C00-X,0.000360707999988108,0.0,0.000360707999988108,,1,8,3,0,0.15355731225296446,0.5118577075098815,4,1
c08_s01_cov050_seed00000042_bw025,c08_s01_cov050_seed00000042,flip,fast_gate,8,1,measured,0.5,0.25,,42,X,Y,4,4,6,6,0.7272727272727273,2,"C00,W",0.0,0,0,2,0,3,True,2,ok,local_up_fast,mpdag_criterion,True,"Conjecture 2 (hence Anti-Exchange Case B, verified not proved)",C00->C04 C00->Y C02->C03 C02->C04 C03->C07 W->Y X->Y C00-C02 C00-X C02-C05 C05-C06,0.0011044169999934184,0.0,0.0011044169999934184,,3,16,9,0,0.7675889328063242,1.6679841897233203,4,2
c08_s01_cov050_seed00000043_bw025,c08_s01_cov050_seed00000043,flip,fast_gate,8,1,measured,0.5,0.25,,43,X,Y,5,4,10,10,0.7692307692307693,2,"C00,W",0.2,1,0,1,0,3,True,1,ok,local_up_fast,mpdag_criterion,True,"Conjecture 2 (hence Anti-Exchange Case B, verified not proved)",C00->C03 C00->C06 C00->Y C02->C00 C02->C07 C02->X C03->C04 C04->C05 W->Y X->C03 X->C06 X->Y C00-X,0.0004892919999974765,0.0,0.0004892919999974765,,1,10,4,0,0.2935875669322189,1.1589395324539637,5,2
c08_s01_cov050_seed00000044_bw025,c08_s01_cov050_seed00000044,flip,fast_gate,8,1,measured,0.5,0.25,,44,X,Y,5,5,9,9,0.7692307692307693,2,"C00,W",0.0,0,0,2,0,3,True,2,ok,local_up_fast,mpdag_criterion,True,"Conjecture 2 (hence Anti-Exchange Case B, verified not proved)",C00->C02 C00->C03 C00->C06 C00->Y C02->C07 C03->C05 C04->C03 C04->C05 W->Y X->Y C00-C04 C00-X C02-X,0.0015030419999959577,0.0,0.0015030419999959577,,2,17,5,0,0.44803921568627453,1.7401960784313726,5,2
c08_s01_cov050_seed00000046_bw025,c08_s01_cov050_seed00000046,flip,fast_gate,8,1,measured,0.5,0.25,,46,X,Y,4,3,8,8,0.75,1,W,0.5,2,0,1,0,3,True,1,ok,local_up_fast,mpdag_criterion,True,"Conjecture 2 (hence Anti-Exchange Case B, verified not proved)",C00->C02 C00->C03 C00->C06 C00->Y C02->C03 C02->C04 C04->C05 W->Y X->C02 X->Y C00-X C07-X,0.0004098749999741358,0.0,0.0004098749999741358,,1,8,2,0,0.0,0.0,4,1
c08_s01_cov100_seed00000000_bw000,c08_s01_cov100_seed00000000,flip,fast_gate,8,1,measured,1.0,0.0,,0,X,Y,9,0,9,9,0.75,2,"C00,W",0.1111111111111111,1,0,1,0,3,True,1,ok,local_up_fast,mpdag_criterion,True,"Conjecture 2 (hence Anti-Exchange Case B, verified not proved)",C00->C02 C00->C03 C00->C04 C00->Y C03->C05 C04->C07 C05->C06 W->Y X->C02 X->C03 X->Y C00-X,0.0007794999999930496,0.0,0.0007794999999930496,,1,9,4,0,0.3404254295658222,2.708602121745179,9,4
c08_s01_cov100_seed00000001_bw000,c08_s01_cov100_seed00000001,flip,fast_gate,8,1,measured,1.0,0.0,,1,X,Y,8,0,8,8,0.7272727272727273,2,"C00,W",0.125,1,0,1,0,3,True,1,ok,local_up_fast,mpdag_criterion,True,"Conjecture 2 (hence Anti-Exchange Case B, verified not proved)",C00->C02 C00->C03 C00->Y C03->C04 C04->C05 C05->C07 W->Y X->C03 X->C06 X->Y C00-X,0.0003443329999868183,0.0,0.0003443329999868183,,1,8,3,0,0.29888723071767564,2.5144197524322314,8,2
c08_s01_cov100_seed00000002_bw000,c08_s01_cov100_seed00000002,flip,fast_gate,8,1,measured,1.0,0.0,,2,X,Y,10,0,10,10,0.7692307692307693,2,"C00,W",0.1,1,0,1,0,3,True,1,ok,local_up_fast,mpdag_criterion,True,"Conjecture 2 (hence Anti-Exchange Case B, verified not proved)",C00->C02 C00->C03 C00->C05 C00->C06 C00->C07 C00->Y C05->C06 W->Y X->C02 X->C04 X->C07 X->Y C00-X,0.00048641699999052435,0.0,0.00048641699999052435,,1,10,5,0,0.42075651736138975,2.3814782170921585,10,6
c08_s01_cov100_seed00000003_bw000,c08_s01_cov100_seed00000003,flip,fast_gate,8,1,measured,1.0,0.0,,3,X,Y,11,0,11,11,0.7857142857142857,2,"C00,W",0.09090909090909091,1,0,1,0,3,True,1,ok,local_up_fast,mpdag_criterion,True,"Conjecture 2 (hence Anti-Exchange Case B, verified not proved)",C00->C02 C00->C03 C00->C04 C00->C06 C00->Y C02->C05 C03->C04 C03->C06 C03->C07 C04->C07 W->Y X->C02 X->Y C00-X,0.0005074999999976626,0.0,0.0005074999999976626,,1,11,5,0,0.8640152270623721,4.640152270623721,11,5
c08_s01_cov100_seed00000004_bw000,c08_s01_cov100_seed00000004,flip,fast_gate,8,1,measured,1.0,0.0,,4,X,Y,8,0,8,8,0.7272727272727273,2,"C00,W",0.125,1,0,1,0,3,True,1,ok,local_up_fast,mpdag_criterion,True,"Conjecture 2 (hence Anti-Exchange Case B, verified not proved)",C00->C05 C00->Y C02->C03 C03->C04 C03->C06 C04->C06 C04->C07 W->Y X->C02 X->Y C00-X,0.0006055839999987711,0.0,0.0006055839999987711,,1,8,3,0,0.12596983061321948,0.9813477906682773,8,2
c08_s01_cov100_seed00000005_bw000,c08_s01_cov100_seed00000005,flip,fast_gate,8,1,measured,1.0,0.0,,5,X,Y,9,0,9,9,0.75,2,"C00,W",0.1111111111111111,1,0,1,0,3,True,1,ok,local_up_fast,mpdag_criterion,True,"Conjecture 2 (hence Anti-Exchange Case B, verified not proved)",C00->C07 C00->Y C02->C03 C02->C04 C02->C06 W->Y X->C02 X->C04 X->C05 X->C06 X->Y C00-X,0.00039620799998374423,0.0,0.00039620799998374423,,1,9,4,0,0.10958479923240194,1.0958479923240194,9,5
c08_s01_cov100_seed00000006_bw000,c08_s01_cov100_seed00000006,flip,fast_gate,8,1,measured,1.0,0.0,,6,X,Y,7,0,7,7,0.7,2,"C00,W",0.14285714285714285,1,0,1,0,3,True,1,ok,local_up_fast,mpdag_criterion,True,"Conjecture 2 (hence Anti-Exchange Case B, verified not proved)",C00->C02 C00->Y C02->C04 C02->C06 C04->C07 W->Y X->C03 X->C05 X->Y C00-X,0.0004624579999870093,0.0,0.0004624579999870093,,1,7,2,0,0.848837963278957,1.9967408368029487,7,4
c08_s01_cov100_seed00000007_bw000,c08_s01_cov100_seed00000007,flip,fast_gate,8,1,measured,1.0,0.0,,7,X,Y,7,0,7,7,0.7,2,"C00,W",0.14285714285714285,1,0,1,0,3,True,1,ok,local_up_fast,mpdag_criterion,True,"Conjecture 2 (hence Anti-Exchange Case B, verified not proved)",C00->C07 C00->Y C03->C04 C05->C06 W->Y X->C02 X->C03 X->C05 X->Y C00-X,0.0002606669999920541,0.0,0.0002606669999920541,,1,7,2,0,0.09733840304182509,0.4866920152091255,7,4
c08_s01_cov100_seed00000008_bw000,c08_s01_cov100_seed00000008,flip,fast_gate,8,1,measured,1.0,0.0,,8,X,Y,8,0,8,8,0.7272727272727273,2,"C00,W",0.125,1,0,1,0,3,True,1,ok,local_up_fast,mpdag_criterion,True,"Conjecture 2 (hence Anti-Exchange Case B, verified not proved)",C00->C03 C00->Y C02->C04 C03->C05 C03->C06 C03->C07 C05->C07 W->Y X->C02 X->Y C00-X,0.0005674589999955515,0.0,0.0005674589999955515,,1,8,3,0,0.5620789498378084,2.3866874718232287,8,4
c08_s01_cov100_seed00000009_bw000,c08_s01_cov100_seed00000009,flip,fast_gate,8,1,measured,1.0,0.0,,9,X,Y,9,0,9,9,0.75,2,"C00,W",0.1111111111111111,1,0,1,0,3,True,1,ok,local_up_fast,mpdag_criterion,True,"Conjecture 2 (hence Anti-Exchange Case B, verified not proved)",C00->C02 C00->Y C02->C03 C02->C04 C03->C05 C05->C06 C05->C07 C06->C07 W->Y X->C02 X->Y C00-X,0.0007911659999990661,0.0,0.0007911659999990661,,1,9,4,0,0.3888974418401467,3.4238581393316996,9,1
c08_s01_cov100_seed00000010_bw000,c08_s01_cov100_seed00000010,flip,fast_gate,8,1,measured,1.0,0.0,,10,X,Y,9,0,9,9,0.75,2,"C00,W",0.1111111111111111,1,0,1,0,3,True,1,ok,local_up_fast,mpdag_criterion,True,"Conjecture 2 (hence Anti-Exchange Case B, verified not proved)",C00->C02 C00->C05 C00->C07 C00->Y C02->C03 C02->C04 C04->C06 W->Y X->C02 X->C05 X->Y C00-X,0.00042891600000416474,0.0,0.00042891600000416474,,1,9,4,0,0.24122256363563993,2.126511350642114,9,4
c08_s01_cov100_seed00000011_bw000,c08_s01_cov100_seed00000011,flip,fast_gate,8,1,measured,1.0,0.0,,11,X,Y,9,0,9,9,0.75,2,"C00,W",0.1111111111111111,1,0,1,0,3,True,1,ok,local_up_fast,mpdag_criterion,True,"Conjecture 2 (hence Anti-Exchange Case B, verified not proved)",C00->C02 C00->C03 C00->C04 C00->C05 C00->C06 C00->C07 C00->Y C02->C04 C03->C06 W->Y X->Y C00-X,0.00037299999999618194,0.0,0.00037299999999618194,,1,9,4,0,0.9581996039347509,3.581996039347509,9,5
c08_s01_cov100_seed00000012_bw000,c08_s01_cov100_seed00000012,flip,fast_gate,8,1,measured,1.0,0.0,,12,X,Y,10,0,10,10,0.7692307692307693,2,"C00,W",0.1,1,0,1,0,3,True,1,ok,local_up_fast,mpdag_criterion,True,"Conjecture 2 (hence Anti-Exchange Case B, verified not proved)",C00->C03 C00->C04 C00->C05 C00->C06 C00->Y C04->C05 C04->C06 C06->C07 W->Y X->C02 X->C03 X->Y C00-X,0.0004904579999731595,0.0,0.0004904579999731595,,1,10,5,0,0.8372440553481578,3.3724405534815776,10,5
c08_s01_cov100_seed00000013_bw000,c08_s01_cov100_seed00000013,flip,fast_gate,8,1,measured,1.0,0.0,,13,X,Y,9,0,9,9,0.75,2,"C00,W",0.1111111111111111,1,0,1,0,3,True,1,ok,local_up_fast,mpdag_criterion,True,"Conjecture 2 (hence Anti-Exchange Case B, verified not proved)",C00->Y C02->C03 C02->C04 C03->C04 C03->C06 C04->C06 C05->C07 W->Y X->C02 X->C05 X->Y C00-X,0.00035612499999615466,0.0,0.00035612499999615466,,1,9,3,0,0.05022421524663677,0.5022421524663677,9,2
c08_s01_cov100_seed00000014_bw000,c08_s01_cov100_seed00000014,flip,fast_gate,8,1,measured,1.0,0.0,,14,X,Y,7,0,7,7,0.7,2,"C00,W",0.14285714285714285,1,0,1,0,3,True,1,ok,local_up_fast,mpdag_criterion,True,"Conjecture 2 (hence Anti-Exchange Case B, verified not proved)",C00->C02 C00->C06 C00->Y C02->C03 C04->C05 C05->C07 W->Y X->C04 X->Y C00-X,0.00023699999999848842,0.0,0.00023699999999848842,,1,7,2,0,0.1891173887587822,1.242461943793911,7,3
c08_s01_cov100_seed00000015_bw000,c08_s01_cov100_seed00000015,flip,fast_gate,8,1,measured,1.0,0.0,,15,X,Y,8,0,8,8,0.7272727272727273,2,"C00,W",0.125,1,0,1,0,3,True,1,ok,local_up_fast,mpdag_criterion,True,"Conjecture 2 (hence Anti-Exchange Case B, verified not proved)",C00->C04 C00->C05 C00->Y C02->C03 C04->C05 C04->C06 C04->C07 W->Y X->C02 X->Y C00-X,0.0003430840000078206,0.0,0.0003430840000078206,,1,8,3,0,0.2526893285183441,1.884406238551316,8,4
c08_s01_cov100_seed00000016_bw000,c08_s01_cov100_seed00000016,flip,fast_gate,8,1,measured,1.0,0.0,,16,X,Y,8,0,8,8,0.7272727272727273,2,"C00,W",0.125,1,0,1,0,3,True,1,ok,local_up_fast,mpdag_criterion,True,"Conjecture 2 (hence Anti-Exchange Case B, verified not proved)",C00->C06 C00->Y C02->C03 C02->C05 C06->C07 W->Y X->C02 X->C03 X->C04 X->Y C00-X,0.0005880409999861058,0.0,0.0005880409999861058,,1,8,3,0,0.18040898564994623,1.4374231898327956,8,4
c08_s01_cov100_seed00000017_bw000,c08_s01_cov100_seed00000017,flip,fast_gate,8,1,measured,1.0,0.0,,17,X,Y,9,0,9,9,0.75,2,"C00,W",0.1111111111111111,1,0,1,0,3,True,1,ok,local_up_fast,mpdag_criterion,True,"Conjecture 2 (hence Anti-Exchange Case B, verified not proved)",C00->C02 C00->Y C02->C03 C02->C04 C02->C07 C03->C04 C05->C06 W->Y X->C02 X->C05 X->Y C00-X,0.00044174999999313513,0.0,0.00044174999999313513,,1,9,4,0,0.20774560275906578,1.811831027590658,9,3
c08_s01_cov100_seed00000018_bw000,c08_s01_cov100_seed00000018,flip,fast_gate,8,1,measured,1.0,0.0,,18,X,Y,9,0,9,9,0.75,2,"C00,W",0.1111111111111111,1,0,1,0,3,True,1,ok,local_up_fast,mpdag_criterion,True,"Conjecture 2 (hence Anti-Exchange Case B, verified not proved)",C00->C03 C00->C04 C00->Y C03->C05 C03->C06 C03->C07 C05->C07 W->Y X->C02 X->C03 X->Y C00-X,0.00040733299999828887,0.0,0.00040733299999828887,,1,9,4,0,0.276456233243346,2.357782671416511,9,3
c08_s01_cov100_seed00000019_bw000,c08_s01_cov100_seed00000019,flip,fast_gate,8,1,measured,1.0,0.0,,19,X,Y,8,0,8,8,0.7272727272727273,2,"C00,W",0.125,1,0,1,0,3,True,1,ok,local_up_fast,mpdag_criterion,True,"Conjecture 2 (hence Anti-Exchange Case B, verified not proved)",C00->C04 C00->C05 C00->Y C02->C03 C04->C06 C05->C07 W->Y X->C02 X->C03 X->Y C00-X,0.0002865419999977803,0.0,0.0002865419999977803,,1,8,3,0,0.2355701888096254,1.7547629209601041,8,4
c08_s01_cov100_seed00000020_bw000,c08_s01_cov100_seed00000020,flip,fast_gate,8,1,measured,1.0,0.0,,20,X,Y,9,0,9,9,0.75,2,"C00,W",0.1111111111111111,1,0,1,0,3,True,1,ok,local_up_fast,mpdag_criterion,True,"Conjecture 2 (hence Anti-Exchange Case B, verified not proved)",C00->C03 C00->C04 C00->C06 C00->C07 C00->Y C02->C05 W->Y X->C02 X->C03 X->C05 X->Y C00-X,0.0003972499999918,0.0,0.0003972499999918,,1,9,4,0,0.21042788007001842,2.1042788007001842,9,4
c08_s01_cov100_seed00000021_bw000,c08_s01_cov100_seed00000021,flip,fast_gate,8,1,measured,1.0,0.0,,21,X,Y,8,0,8,8,0.7272727272727273,2,"C00,W",0.125,1,0,1,0,3,True,1,ok,local_up_fast,mpdag_criterion,True,"Conjecture 2 (hence Anti-Exchange Case B, verified not proved)",C00->C02 C00->C05 C00->C06 C00->Y C02->C03 C04->C07 W->Y X->C04 X->C06 X->Y C00-X,0.00032933299999626797,0.0,0.00032933299999626797,,1,8,3,0,0.22868724317365657,1.6260794801947156,8,4
c08_s01_cov100_seed00000022_bw000,c08_s01_cov100_seed00000022,flip,fast_gate,8,1,measured,1.0,0.0,,22,X,Y,9,0,9,9,0.75,2,"C00,W",0.1111111111111111,1,0,1,0,3,True,1,ok,local_up_fast,mpdag_criterion,True,"Conjecture 2 (hence Anti-Exchange Case B, verified not proved)",C00->C02 C00->C03 C00->C05 C00->C07 C00->Y C02->C04 C05->C06 W->Y X->C02 X->C03 X->Y C00-X,0.00043045800001095813,0.0,0.00043045800001095813,,1,9,4,0,0.22628171247357293,2.2628171247357294,9,5
c08_s01_cov100_seed00000023_bw000,c08_s01_cov100_seed00000023,flip,fast_gate,8,1,measured,1.0,0.0,,23,X,Y,9,0,9,9,0.75,2,"C00,W",0.1111111111111111,1,0,1,0,3,True,1,ok,local_up_fast,mpdag_criterion,True,"Conjecture 2 (hence Anti-Exchange Case B, verified not proved)",C00->C02 C00->C03 C00->C05 C00->C06 C00->C07 C00->Y C02->C03 C02->C04 C02->C06 W->Y X->Y C00-X,0.0007349999999917145,0.0,0.0007349999999917145,,1,9,4,0,0.9638941102756892,2.6389411027568923,9,6
c08_s01_cov100_seed00000024_bw000,c08_s01_cov100_seed00000024,flip,fast_gate,8,1,measured,1.0,0.0,,24,X,Y,8,0,8,8,0.7272727272727273,2,"C00,W",0.125,1,0,1,0,3,True,1,ok,local_up_fast,mpdag_criterion,True,"Conjecture 2 (hence Anti-Exchange Case B, verified not proved)",C00->C02 C00->C03 C00->C04 C00->C06 C00->Y C02->C05 C03->C06 C06->C07 W->Y X->Y C00-X,0.0003230410000014672,0.0,0.0003230410000014672,,1,8,3,0,0.9465791282433129,3.633212096912767,8,4
c08_s01_cov100_seed00000025_bw000,c08_s01_cov100_seed00000025,flip,fast_gate,8,1,measured,1.0,0.0,,25,X,Y,11,0,11,11,0.7857142857142857,2,"C00,W",0.09090909090909091,1,0,1,0,3,True,1,ok,local_up_fast,mpdag_criterion,True,"Conjecture 2 (hence Anti-Exchange Case B, verified not proved)",C00->C02 C00->C03 C00->C05 C00->Y C02->C03 C02->C04 C02->C06 C03->C06 W->Y X->C02 X->C04 X->C07 X->Y C00-X,0.0009367499999939355,0.0,0.0009367499999939355,,1,11,3,0,0.7771004396004396,3.771004396004396,11,5
c08_s01_cov100_seed00000026_bw000,c08_s01_cov100_seed00000026,flip,fast_gate,8,1,measured,1.0,0.0,,26,X,Y,11,0,11,11,0.7857142857142857,2,"C00,W",0.09090909090909091,1,0,1,0,3,True,1,ok,local_up_fast,mpdag_criterion,True,"Conjecture 2 (hence Anti-Exchange Case B, verified not proved)",C00->C02 C00->C03 C00->Y C02->C04 C02->C05 C03->C06 C03->C07 C06->C07 W->Y X->C02 X->C03 X->C06 X->Y C00-X,0.0005455830000187234,0.0,0.0005455830000187234,,1,11,4,0,0.15124756335282652,1.5124756335282652,11,4
c08_s01_cov100_seed00000027_bw000,c08_s01_cov100_seed00000027,flip,fast_gate,8,1,measured,1.0,0.0,,27,X,Y,10,0,10,10,0.7692307692307693,2,"C00,W",0.1,1,0,1,0,3,True,1,ok,local_up_fast,mpdag_criterion,True,"Conjecture 2 (hence Anti-Exchange Case B, verified not proved)",C00->C02 C00->C03 C00->C07 C00->Y C02->C03 C02->C04 C02->C06 C03->C07 C04->C06 W->Y X->C05 X->Y C00-X,0.0007727089999889358,0.0,0.0007727089999889358,,1,10,4,0,0.6272893657582244,3.3562269909155775,10,5
c08_s01_cov100_seed00000028_bw000,c08_s01_cov100_seed00000028,flip,fast_gate,8,1,measured,1.0,0.0,,28,X,Y,8,0,8,8,0.7272727272727273,2,"C00,W",0.125,1,0,1,0,3,True,1,ok,local_up_fast,mpdag_criterion,True,"Conjecture 2 (hence Anti-Exchange Case B, verified not proved)",C00->C05 C00->Y C02->C03 C02->C04 C02->C06 C03->C04 C06->C07 W->Y X->C02 X->Y C00-X,0.00032312500002262823,0.0,0.00032312500002262823,,1,8,3,0,0.1147763480392157,0.9007046568627451,8,3
c08_s01_cov100_seed00000029_bw000,c08_s01_cov100_seed00000029,flip,fast_gate,8,1,measured,1.0,0.0,,29,X,Y,10,0,10,10,0.7692307692307693,2,"C00,W",0.1,1,0,1,0,3,True,1,ok,local_up_fast,mpdag_criterion,True,"Conjecture 2 (hence Anti-Exchange Case B, verified not proved)",C00->C03 C00->Y C02->C04 C02->C05 C02->C06 C04->C07 W->Y X->C02 X->C04 X->C05 X->C07 X->Y C00-X,0.0008746670000050472,0.0,0.0008746670000050472,,1,10,4,0,0.13894877438531145,1.3894877438531144,10,5
c08_s01_cov100_seed00000030_bw000,c08_s01_cov100_seed00000030,flip,fast_gate,8,1,measured,1.0,0.0,,30,X,Y,9,0,9,9,0.75,2,"C00,W",0.1111111111111111,1,0,1,0,3,True,1,ok,local_up_fast,mpdag_criterion,True,"Conjecture 2 (hence Anti-Exchange Case B, verified not proved)",C00->C02 C00->C03 C00->C05 C00->C06 C00->Y C02->C03 C02->C04 C05->C06 W->Y X->C07 X->Y C00-X,0.0003948329999730049,0.0,0.0003948329999730049,,1,9,4,0,0.6919252878685468,2.9192528786854663,9,5
c08_s01_cov100_seed00000031_bw000,c08_s01_cov100_seed00000031,flip,fast_gate,8,1,measured,1.0,0.0,,31,X,Y,10,0,10,10,0.7692307692307693,2,"C00,W",0.1,1,0,1,0,3,True,1,ok,local_up_fast,mpdag_criterion,True,"Conjecture 2 (hence Anti-Exchange Case B, verified not proved)",C00->C02 C00->C04 C00->C05 C00->C06 C00->Y C02->C03 C02->C05 C05->C06 C06->C07 W->Y X->C02 X->Y C00-X,0.0004594580000230053,0.0,0.0004594580000230053,,1,10,3,0,0.9031055912260688,5.031055912260689,10,4
c08_s01_cov100_seed00000032_bw000,c08_s01_cov100_seed00000032,flip,fast_gate,8,1,measured,1.0,0.0,,32,X,Y,7,0,7,7,0.7,2,"C00,W",0.14285714285714285,1,0,1,0,3,True,1,ok,local_up_fast,mpdag_criterion,True,"Conjecture 2 (hence Anti-Exchange Case B, verified not proved)",C00->C03 C00->Y C04->C06 C06->C07 W->Y X->C02 X->C04 X->C05 X->Y C00-X,0.00045870799999647716,0.0,0.00045870799999647716,,1,7,2,0,0.09272030651340997,0.46360153256704983,7,3
c08_s01_cov100_seed00000033_bw000,c08_s01_cov100_seed00000033,flip,fast_gate,8,1,measured,1.0,0.0,,33,X,Y,8,0,8,8,0.7272727272727273,2,"C00,W",0.125,1,0,1,0,3,True,1,ok,local_up_fast,mpdag_criterion,True,"Conjecture 2 (hence Anti-Exchange Case B, verified not proved)",C00->Y C05->C06 C05->C07 C06->C07 W->Y X->C02 X->C03 X->C04 X->C05 X->Y C00-X,0.0003151250000428263,0.0,0.0003151250000428263,,1,8,3,0,0.04679245283018868,0.4679245283018868,8,3
c08_s01_cov100_seed00000034_bw000,c08_s01_cov100_seed00000034,flip,fast_gate,8,1,measured,1.0,0.0,,34,X,Y,8,0,8,8,0.7272727272727273,2,"C00,W",0.125,1,0,1,0,3,True,1,ok,local_up_fast,mpdag_criterion,True,"Conjecture 2 (hence Anti-Exchange Case B, verified not proved)",C00->C02 C00->C03 C00->Y C02->C04 C03->C07 C04->C06 W->Y X->C03 X->C05 X->Y C00-X,0.00034837500004414323,0.0,0.00034837500004414323,,1,8,3,0,0.62240437625053,2.523517792748562,8,4
c08_s01_cov100_seed00000035_bw000,c08_s01_cov100_seed00000035,flip,fast_gate,8,1,measured,1.0,0.0,,35,X,Y,8,0,8,8,0.7272727272727273,2,"C00,W",0.125,1,0,1,0,3,True,1,ok,local_up_fast,mpdag_criterion,True,"Conjecture 2 (hence Anti-Exchange Case B, verified not proved)",C00->C02 C00->C04 C00->C06 C00->Y C02->C04 C02->C05 W->Y X->C03 X->C07 X->Y C00-X,0.000468500000010863,0.0,0.000468500000010863,,1,8,3,0,0.462905424787955,1.7096767378393884,8,5
c08_s01_cov100_seed00000036_bw000,c08_s01_cov100_seed00000036,flip,fast_gate,8,1,measured,1.0,0.0,,36,X,Y,8,0,8,8,0.7272727272727273,2,"C00,W",0.125,1,0,1,0,3,True,1,ok,local_up_fast,mpdag_criterion,True,"Conjecture 2 (hence Anti-Exchange Case B, verified not proved)",C00->C02 C00->C03 C00->C07 C00->Y C02->C05 C03->C04 C03->C07 C05->C06 W->Y X->Y C00-X,0.0003005000000371183,0.0,0.0003005000000371183,,1,8,3,0,0.9424204216618438,3.5998139727159986,8,4
c08_s01_cov100_seed00000037_bw000,c08_s01_cov100_seed00000037,flip,fast_gate,8,1,measured,1.0,0.0,,37,X,Y,10,0,10,10,0.7692307692307693,2,"C00,W",0.1,1,0,1,0,3,True,1,ok,local_up_fast,mpdag_criterion,True,"Conjecture 2 (hence Anti-Exchange Case B, verified not proved)",C00->C02 C00->C03 C00->Y C02->C03 C03->C04 C03->C05 C03->C06 C05->C06 C05->C07 C06->C07 W->Y X->Y C00-X,0.00043745900001113114,0.0,0.00043745900001113114,,1,10,4,0,0.9143628593628594,7.143628593628594,10,2
c08_s01_cov100_seed00000038_bw000,c08_s01_cov100_seed00000038,flip,fast_gate,8,1,measured,1.0,0.0,,38,X,Y,9,0,9,9,0.75,2,"C00,W",0.1111111111111111,1,0,1,0,3,True,1,ok,local_up_fast,mpdag_criterion,True,"Conjecture 2 (hence Anti-Exchange Case B, verified not proved)",C00->C02 C00->Y C03->C05 C03->C06 C05->C07 W->Y X->C02 X->C03 X->C04 X->C05 X->Y C00-X,0.0004164590000073076,0.0,0.0004164590000073076,,1,9,4,0,0.10006351207567521,1.000635120756752,9,3
c08_s01_cov100_seed00000039_bw000,c08_s01_cov100_seed00000039,flip,fast_gate,8,1,measured,1.0,0.0,,39,X,Y,9,0,9,9,0.75,2,"C00,W",0.1111111111111111,1,0,1,0,3,True,1,ok,local_up_fast,mpdag_criterion,True,"Conjecture 2 (hence Anti-Exchange Case B, verified not proved)",C00->C03 C00->Y C04->C05 C05->C06 W->Y X->C02 X->C03 X->C04 X->C05 X->C07 X->Y C00-X,0.00041579200001251593,0.0,0.00041579200001251593,,1,9,4,0,0.11180528501598737,1.1180528501598737,9,3
c08_s01_cov100_seed00000000_bw010,c08_s01_cov100_seed00000000,flip,fast_gate,8,1,measured,1.0,0.1,,0,X,Y,9,2,9,9,0.75,2,"C00,W",0.0,0,0,2,0,3,True,2,ok,local_up_fast,mpdag_criterion,True,"Conjecture 2 (hence Anti-Exchange Case B, verified not proved)",C00->C02 C00->C03 C00->C04 C00->Y C03->C05 C04->C07 C05->C06 W->Y X->C03 X->Y C00-X C02-X,0.0009230000000002292,0.0,0.0009230000000002292,,2,17,6,0,0.39072504708097927,3.2961393596986817,9,3
c08_s01_cov100_seed00000002_bw010,c08_s01_cov100_seed00000002,flip,fast_gate,8,1,measured,1.0,0.1,,2,X,Y,10,2,10,10,0.7692307692307693,2,"C00,W",0.1,1,0,1,0,3,True,1,ok,local_up_fast,mpdag_criterion,True,"Conjecture 2 (hence Anti-Exchange Case B, verified not proved)",C00->C02 C00->C03 C00->C05 C00->C06 C00->C07 C00->Y C06->C05 W->Y X->C02 X->C04 X->C07 X->Y C00-X,0.0008566249999830688,0.0,0.0008566249999830688,,1,10,5,0,0.3864730698104485,2.3647306981044847,10,6
c08_s01_cov100_seed00000003_bw010,c08_s01_cov100_seed00000003,flip,fast_gate,8,1,measured,1.0,0.1,,3,X,Y,11,2,11,11,0.7857142857142857,2,"C00,W",0.09090909090909091,1,0,1,0,3,True,1,ok,local_up_fast,mpdag_criterion,True,"Conjecture 2 (hence Anti-Exchange Case B, verified not proved)",C00->C02 C00->C03 C00->C04 C00->C06 C00->Y C02->C05 C03->C04 C03->C07 C04->C07 C06->C03 W->Y X->C02 X->Y C00-X,0.00047825000001466833,0.0,0.00047825000001466833,,1,11,4,0,0.8707102846846502,5.61619375593741,11,4
c08_s01_cov100_seed00000004_bw010,c08_s01_cov100_seed00000004,flip,fast_gate,8,1,measured,1.0,0.1,,4,X,Y,8,2,8,8,0.7272727272727273,2,"C00,W",0.0,0,0,2,0,3,True,2,ok,local_up_fast,mpdag_criterion,True,"Conjecture 2 (hence Anti-Exchange Case B, verified not proved)",C00->Y C02->C03 C03->C04 C03->C06 C04->C06 C04->C07 W->Y X->C02 X->Y C00-C05 C00-X,0.004371124999977383,0.0,0.004371124999977383,,2,15,5,0,0.20133333333333336,1.5066666666666668,8,1
c08_s01_cov100_seed00000007_bw010,c08_s01_cov100_seed00000007,flip,fast_gate,8,1,measured,1.0,0.1,,7,X,Y,7,2,7,7,0.7,2,"C00,W",0.0,0,0,2,0,3,True,2,ok,local_up_fast,mpdag_criterion,True,"Conjecture 2 (hence Anti-Exchange Case B, verified not proved)",C00->Y C03->C04 C05->C06 W->Y X->C02 X->C03 X->C05 X->Y C00-C07 C00-X,0.0005482920000190461,0.0,0.0005482920000190461,,2,13,3,0,0.2,1.0,7,3
c08_s01_cov100_seed00000009_bw010,c08_s01_cov100_seed00000009,flip,fast_gate,8,1,measured,1.0,0.1,,9,X,Y,9,2,9,9,0.75,2,"C00,W",0.0,0,0,2,0,3,True,2,ok,local_up_fast,mpdag_criterion,True,"Conjecture 2 (hence Anti-Exchange Case B, verified not proved)",C00->C02 C00->Y C02->C03 C02->C04 C03->C05 C05->C06 C05->C07 C06->C07 W->Y X->Y C00-X C02-X,0.0058615419999910046,0.0,0.0058615419999910046,,3,25,7,0,0.34266456656744115,3.1371719814638848,9,2
c08_s01_cov100_seed00000010_bw010,c08_s01_cov100_seed00000010,flip,fast_gate,8,1,measured,1.0,0.1,,10,X,Y,9,2,9,9,0.75,2,"C00,W",0.0,0,0,2,0,3,True,2,ok,local_up_fast,mpdag_criterion,True,"Conjecture 2 (hence Anti-Exchange Case B, verified not proved)",C00->C02 C00->C05 C00->C07 C00->Y C02->C03 C02->C04 C04->C06 W->Y X->C05 X->Y C00-X C02-X,0.0007919580000361748,0.0,0.0007919580000361748,,2,17,6,0,0.22192348849652221,2.219234884965222,9,5
c08_s01_cov100_seed00000015_bw010,c08_s01_cov100_seed00000015,flip,fast_gate,8,1,measured,1.0,0.1,,15,X,Y,8,2,8,8,0.7272727272727273,2,"C00,W",0.125,1,0,1,0,3,True,1,ok,local_up_fast,mpdag_criterion,True,"Conjecture 2 (hence Anti-Exchange Case B, verified not proved)",C00->C04 C00->C05 C00->Y C02->C03 C04->C06 C04->C07 C05->C04 W->Y X->C02 X->Y C00-X,0.00033312499999738066,0.0,0.00033312499999738066,,1,8,3,0,0.6705937023530625,2.5397121087256287,8,4
c08_s01_cov100_seed00000017_bw010,c08_s01_cov100_seed00000017,flip,fast_gate,8,1,measured,1.0,0.1,,17,X,Y,9,2,9,9,0.75,2,"C00,W",0.0,0,0,2,0,3,True,2,ok,local_up_fast,mpdag_criterion,True,"Conjecture 2 (hence Anti-Exchange Case B, verified not proved)",C00->C02 C00->Y C02->C03 C02->C04 C02->C07 C03->C04 C05->C06 W->Y X->C05 X->Y C00-X C02-X,0.001135124999962045,0.0,0.001135124999962045,,3,25,7,0,0.21843434343434343,2.0782828282828283,9,3
c08_s01_cov100_seed00000019_bw010,c08_s01_cov100_seed00000019,flip,fast_gate,8,1,measured,1.0,0.1,,19,X,Y,8,2,8,8,0.7272727272727273,1,W,0.125,1,0,1,0,3,True,1,ok,local_up_fast,mpdag_criterion,True,"Conjecture 2 (hence Anti-Exchange Case B, verified not proved)",C00->C04 C00->C05 C00->Y C02->C03 C04->C06 C05->C07 W->Y X->C02 X->C03 X->Y C00-X,0.0003506659999743533,0.0,0.0003506659999743533,,1,8,3,0,0.17573418358785028,1.3110141522626837,8,4
c08_s01_cov100_seed00000021_bw010,c08_s01_cov100_seed00000021,flip,fast_gate,8,1,measured,1.0,0.1,,21,X,Y,8,2,8,8,0.7272727272727273,1,W,0.125,1,0,1,0,3,True,1,ok,local_up_fast,mpdag_criterion,True,"Conjecture 2 (hence Anti-Exchange Case B, verified not proved)",C00->C02 C00->C05 C00->C06 C00->Y C02->C03 C04->C07 W->Y X->C04 X->C06 X->Y C00-X,0.00034437499999739885,0.0,0.00034437499999739885,,1,8,3,0,0.14971498978379122,1.2001201948676152,8,4
c08_s01_cov100_seed00000022_bw010,c08_s01_cov100_seed00000022,flip,fast_gate,8,1,measured,1.0,0.1,,22,X,Y,9,2,9,9,0.75,2,"C00,W",0.0,0,0,2,0,3,True,2,ok,local_up_fast,mpdag_criterion,True,"Conjecture 2 (hence Anti-Exchange Case B, verified not proved)",C00->C02 C00->C03 C00->C07 C00->Y C02->C04 C05->C06 W->Y X->C02 X->C03 X->Y C00-C05 C00-X,0.001894542000002275,0.0,0.001894542000002275,,5,41,12,0,0.30909161406392976,2.805201854925012,9,4
c08_s01_cov100_seed00000025_bw010,c08_s01_cov100_seed00000025,flip,fast_gate,8,1,measured,1.0,0.1,,25,X,Y,11,2,11,11,0.7857142857142857,1,W,0.09090909090909091,1,0,1,0,3,True,1,ok,local_up_fast,mpdag_criterion,True,"Conjecture 2 (hence Anti-Exchange Case B, verified not proved)",C00->C02 C00->C03 C00->C05 C00->Y C02->C03 C02->C04 C02->C06 C03->C06 W->Y X->C02 X->C04 X->C07 X->Y C00-X,0.0004899580000028436,0.0,0.0004899580000028436,,1,11,3,0,0.1224130113121092,1.224130113121092,11,4
c08_s01_cov100_seed00000030_bw010,c08_s01_cov100_seed00000030,flip,fast_gate,8,1,measured,1.0,0.1,,30,X,Y,9,2,9,9,0.75,2,"C00,W",0.1111111111111111,1,0,1,0,3,True,1,ok,local_up_fast,mpdag_criterion,True,"Conjecture 2 (hence Anti-Exchange Case B, verified not proved)",C00->C02 C00->C03 C00->C05 C00->C06 C00->Y C02->C03 C02->C04 C06->C05 W->Y X->C07 X->Y C00-X,0.0007467499999620486,0.0,0.0007467499999620486,,1,9,4,0,0.7367579584737218,3.0039432211008537,9,5
c08_s01_cov100_seed00000031_bw010,c08_s01_cov100_seed00000031,flip,fast_gate,8,1,measured,1.0,0.1,,31,X,Y,10,2,10,10,0.7692307692307693,2,"C00,W",0.0,0,0,2,0,3,True,2,ok,local_up_fast,mpdag_criterion,True,"Conjecture 2 (hence Anti-Exchange Case B, verified not proved)",C00->C02 C00->C05 C00->C06 C00->Y C02->C03 C02->C05 C05->C06 C06->C07 W->Y X->C02 X->Y C00-C04 C00-X,0.0013614590000088356,0.0,0.0013614590000088356,,3,28,6,0,0.9194117647058825,6.194117647058824,10,3
c08_s01_cov100_seed00000035_bw010,c08_s01_cov100_seed00000035,flip,fast_gate,8,1,measured,1.0,0.1,,35,X,Y,8,2,8,8,0.7272727272727273,2,"C00,W",0.125,1,0,1,0,3,True,1,ok,local_up_fast,mpdag_criterion,True,"Conjecture 2 (hence Anti-Exchange Case B, verified not proved)",C00->C02 C00->C04 C00->C06 C00->Y C02->C05 C04->C02 W->Y X->C03 X->C07 X->Y C00-X,0.0003188329999943562,0.0,0.0003188329999943562,,1,8,3,0,0.8308689626230666,2.8228405696268934,8,4
c08_s01_cov100_seed00000036_bw010,c08_s01_cov100_seed00000036,flip,fast_gate,8,1,measured,1.0,0.1,,36,X,Y,8,2,8,8,0.7272727272727273,2,"C00,W",0.125,1,0,1,0,3,True,1,ok,local_up_fast,mpdag_criterion,True,"Conjecture 2 (hence Anti-Exchange Case B, verified not proved)",C00->C02 C00->C03 C00->C07 C00->Y C02->C05 C03->C04 C05->C06 C07->C03 W->Y X->Y C00-X,0.0003063749999796528,0.0,0.0003063749999796528,,1,8,3,0,0.9358141392624152,3.5477965650379444,8,4
c08_s01_cov100_seed00000038_bw010,c08_s01_cov100_seed00000038,flip,fast_gate,8,1,measured,1.0,0.1,,38,X,Y,9,2,9,9,0.75,2,"C00,W",0.0,0,0,2,0,3,True,2,ok,local_up_fast,mpdag_criterion,True,"Conjecture 2 (hence Anti-Exchange Case B, verified not proved)",C00->C02 C00->Y C03->C05 C03->C06 C05->C07 W->Y X->C03 X->C04 X->C05 X->Y C00-X C02-X,0.0011180829999943853,0.0,0.0011180829999943853,,3,25,7,0,0.1515625,1.515625,9,2
c08_s01_cov100_seed00000040_bw010,c08_s01_cov100_seed00000040,flip,fast_gate,8,1,measured,1.0,0.1,,40,X,Y,7,2,7,7,0.7,2,"C00,W",0.0,0,0,2,0,3,True,2,ok,local_up_fast,mpdag_criterion,True,"Conjecture 2 (hence Anti-Exchange Case B, verified not proved)",C00->C04 C00->Y C02->C03 C03->C07 C04->C06 W->Y X->C02 X->Y C00-C05 C00-X,0.0013377089999835334,0.0,0.0013377089999835334,,2,13,3,0,0.35212765957446807,2.0106382978723403,7,2
c08_s01_cov100_seed00000043_bw010,c08_s01_cov100_seed00000043,flip,fast_gate,8,1,measured,1.0,0.1,,43,X,Y,10,2,10,10,0.7692307692307693,2,"C00,W",0.0,0,0,2,0,3,True,2,ok,local_up_fast,mpdag_criterion,True,"Conjecture 2 (hence Anti-Exchange Case B, verified not proved)",C00->C02 C00->C03 C00->C06 C00->Y C02->C07 C03->C04 C04->C05 W->Y X->C02 X->C06 X->Y C00-X C03-X,0.001016374999949221,0.0,0.001016374999949221,,2,19,6,0,0.23980255039078574,2.3980255039078573,10,5
c08_s01_cov100_seed00000045_bw010,c08_s01_cov100_seed00000045,flip,fast_gate,8,1,measured,1.0,0.1,,45,X,Y,7,2,7,7,0.7,1,W,0.14285714285714285,1,0,1,0,3,True,1,ok,local_up_fast,mpdag_criterion,True,"Conjecture 2 (hence Anti-Exchange Case B, verified not proved)",C00->Y C02->C04 C03->C06 C04->C05 C05->C07 W->Y X->C02 X->C03 X->Y C00-X,0.0006505829999809976,0.0,0.0006505829999809976,,1,7,4,0,0.9345971563981041,3.6729857819905214,7,3
c08_s01_cov100_seed00000050_bw010,c08_s01_cov100_seed00000050,flip,fast_gate,8,1,measured,1.0,0.1,,50,X,Y,8,2,8,8,0.7272727272727273,1,W,0.125,1,0,1,0,3,True,1,ok,local_up_fast,mpdag_criterion,True,"Conjecture 2 (hence Anti-Exchange Case B, verified not proved)",C00->C04 C00->C07 C00->Y C02->C03 C04->C05 C04->C06 W->Y X->C02 X->C04 X->Y C00-X,0.00036866700003201913,0.0,0.00036866700003201913,,1,8,3,0,0.1627082017923831,1.2249656158074291,8,4
c08_s01_cov100_seed00000054_bw010,c08_s01_cov100_seed00000054,flip,fast_gate,8,1,measured,1.0,0.1,,54,X,Y,9,2,9,9,0.75,2,"C00,W",0.0,0,0,2,0,3,True,2,ok,local_up_fast,mpdag_criterion,True,"Conjecture 2 (hence Anti-Exchange Case B, verified not proved)",C00->C02 C00->C03 C00->Y C02->C03 C02->C04 C02->C05 C02->C06 C03->C04 W->Y X->Y C00-C07 C00-X,0.0007400409999718249,0.0,0.0007400409999718249,,2,17,5,0,0.9529451137884873,5.529451137884873,9,3
c08_s01_cov100_seed00000055_bw010,c08_s01_cov100_seed00000055,flip,fast_gate,8,1,measured,1.0,0.1,,55,X,Y,9,2,9,9,0.75,2,"C00,W",0.1111111111111111,1,0,1,0,3,True,1,ok,local_up_fast,mpdag_criterion,True,"Conjecture 2 (hence Anti-Exchange Case B, verified not proved)",C00->Y C02->C03 C03->C04 C03->C06 C03->C07 C07->C04 W->Y X->C02 X->C03 X->C05 X->Y C00-X,0.0004382500000019718,0.0,0.0004382500000019718,,1,9,4,0,0.08972262213264229,0.8972262213264229,9,2
c08_s01_cov100_seed00000056_bw010,c08_s01_cov100_seed00000056,flip,fast_gate,8,1,measured,1.0,0.1,,56,X,Y,9,2,9,9,0.75,2,"C00,W",0.0,0,0,2,0,3,True,2,ok,local_up_fast,mpdag_criterion,True,"Conjecture 2 (hence Anti-Exchange Case B, verified not proved)",C00->C02 C00->Y C02->C03 C02->C04 C02->C05 C02->C06 C03->C05 C04->C07 W->Y X->Y C00-X C02-X,0.001161833999958617,0.0,0.001161833999958617,,3,25,7,0,0.2913987415952131,2.560141262105977,9,4
c08_s01_cov100_seed00000057_bw010,c08_s01_cov100_seed00000057,flip,fast_gate,8,1,measured,1.0,0.1,,57,X,Y,9,2,9,9,0.75,2,"C00,W",0.0,0,0,2,0,3,True,2,ok,local_up_fast,mpdag_criterion,True,"Conjecture 2 (hence Anti-Exchange Case B, verified not proved)",C00->C02 C00->C05 C00->Y C02->C03 C02->C06 C02->C07 C03->C04 C03->C07 W->Y X->Y C00-X C05-X,0.001499625000008109,0.0,0.001499625000008109,,2,17,7,0,0.9275080221522574,4.387983447329026,9,4
c08_s01_cov100_seed00000063_bw010,c08_s01_cov100_seed00000063,flip,fast_gate,8,1,measured,1.0,0.1,,63,X,Y,11,2,11,11,0.7857142857142857,2,"C00,W",0.09090909090909091,1,0,1,0,3,True,1,ok,local_up_fast,mpdag_criterion,True,"Conjecture 2 (hence Anti-Exchange Case B, verified not proved)",C00->C02 C00->C03 C00->C04 C00->C05 C00->C06 C00->Y C02->C04 C02->C05 C02->C07 C06->C02 W->Y X->C03 X->Y C00-X,0.0005079580000142414,0.0,0.0005079580000142414,,1,11,4,0,0.6916757714495453,3.7917577144954526,11,6
c08_s01_cov100_seed00000064_bw010,c08_s01_cov100_seed00000064,flip,fast_gate,8,1,measured,1.0,0.1,,64,X,Y,10,2,10,10,0.7692307692307693,2,"C00,W",0.1,1,0,1,0,3,True,1,ok,local_up_fast,mpdag_criterion,True,"Conjecture 2 (hence Anti-Exchange Case B, verified not proved)",C00->C04 C00->Y C02->C05 C03->C02 C05->C06 C05->C07 W->Y X->C02 X->C03 X->C05 X->C07 X->Y C00-X,0.0004441250000013497,0.0,0.0004441250000013497,,1,10,3,0,0.18385429275630477,1.8385429275630478,10,4
c08_s01_cov100_seed00000068_bw010,c08_s01_cov100_seed00000068,flip,fast_gate,8,1,measured,1.0,0.1,,68,X,Y,7,2,7,7,0.7,2,"C00,W",0.0,0,0,2,0,3,True,2,ok,local_up_fast,mpdag_criterion,True,"Conjecture 2 (hence Anti-Exchange Case B, verified not proved)",C00->C02 C00->C07 C00->Y C03->C04 C03->C05 W->Y X->C03 X->Y C00-C06 C00-X,0.000664957999958915,0.0,0.000664957999958915,,2,13,3,0,0.26643835616438355,1.6643835616438356,7,3
c08_s01_cov100_seed00000069_bw010,c08_s01_cov100_seed00000069,flip,fast_gate,8,1,measured,1.0,0.1,,69,X,Y,8,2,8,8,0.7272727272727273,2,"C00,W",0.0,0,0,2,0,3,True,2,ok,local_up_fast,mpdag_criterion,True,"Conjecture 2 (hence Anti-Exchange Case B, verified not proved)",C00->Y C03->C05 C03->C07 C04->C06 C05->C07 W->Y X->C03 X->C04 X->Y C00-C02 C00-X,0.0023615829999812377,0.0,0.0023615829999812377,,3,22,5,0,0.2211267605633803,1.6056338028169015,8,2
c08_s01_cov100_seed00000072_bw010,c08_s01_cov100_seed00000072,flip,fast_gate,8,1,measured,1.0,0.1,,72,X,Y,10,2,10,10,0.7692307692307693,1,W,0.1,1,0,1,0,3,True,1,ok,local_up_fast,mpdag_criterion,True,"Conjecture 2 (hence Anti-Exchange Case B, verified not proved)",C00->C02 C00->C03 C00->C04 C00->Y C02->C03 C02->C06 C02->C07 C03->C05 W->Y X->C02 X->C06 X->Y C00-X,0.00042758300003242766,0.0,0.00042758300003242766,,1,10,2,0,0.06973079004329005,0.6973079004329005,10,4
c08_s01_cov100_seed00000077_bw010,c08_s01_cov100_seed00000077,flip,fast_gate,8,1,measured,1.0,0.1,,77,X,Y,9,2,9,9,0.75,2,"C00,W",0.1111111111111111,1,0,1,0,3,True,1,ok,local_up_fast,mpdag_criterion,True,"Conjecture 2 (hence Anti-Exchange Case B, verified not proved)",C00->C02 C00->C03 C00->Y C02->C03 C03->C04 C06->C05 C06->C07 W->Y X->C05 X->C06 X->Y C00-X,0.0010596250000389773,0.0,0.0010596250000389773,,1,9,4,0,0.4747369737897696,2.676781502603578,9,4
c08_s01_cov100_seed00000086_bw010,c08_s01_cov100_seed00000086,flip,fast_gate,8,1,measured,1.0,0.1,,86,X,Y,9,2,9,9,0.75,2,"C00,W",0.0,0,0,2,0,3,True,2,ok,local_up_fast,mpdag_criterion,True,"Conjecture 2 (hence Anti-Exchange Case B, verified not proved)",C00->C02 C00->C04 C00->C06 C00->Y C04->C06 C05->C07 W->Y X->C03 X->C05 X->Y C00-X C02-X,0.0022743750000131513,0.0,0.0022743750000131513,,3,25,10,0,0.2173600043367485,2.1008727706402124,9,3
c08_s01_cov100_seed00000088_bw010,c08_s01_cov100_seed00000088,flip,fast_gate,8,1,measured,1.0,0.1,,88,X,Y,9,2,9,9,0.75,1,W,0.1111111111111111,1,0,1,0,3,True,1,ok,local_up_fast,mpdag_criterion,True,"Conjecture 2 (hence Anti-Exchange Case B, verified not proved)",C00->C03 C00->Y C02->C07 C03->C04 C03->C05 C04->C05 W->Y X->C02 X->C06 X->C07 X->Y C00-X,0.0004567500000121072,0.0,0.0004567500000121072,,1,9,4,0,0.22024842325594207,2.116769946845135,9,3
c08_s01_cov100_seed00000089_bw010,c08_s01_cov100_seed00000089,flip,fast_gate,8,1,measured,1.0,0.1,,89,X,Y,8,2,8,8,0.7272727272727273,1,W,0.125,1,0,1,0,3,True,1,ok,local_up_fast,mpdag_criterion,True,"Conjecture 2 (hence Anti-Exchange Case B, verified not proved)",C00->C04 C00->C05 C00->C07 C00->Y C05->C07 W->Y X->C02 X->C03 X->C06 X->Y C00-X,0.0006844580000233691,0.0,0.0006844580000233691,,1,8,5,0,0.1776607450520494,1.278771952684996,8,4
c08_s01_cov100_seed00000094_bw010,c08_s01_cov100_seed00000094,flip,fast_gate,8,1,measured,1.0,0.1,,94,X,Y,8,2,8,8,0.7272727272727273,2,"C00,W",0.0,0,0,2,0,3,True,2,ok,local_up_fast,mpdag_criterion,True,"Conjecture 2 (hence Anti-Exchange Case B, verified not proved)",C00->C02 C00->C05 C00->Y C02->C07 C03->C05 C03->C06 W->Y X->C04 X->Y C00-C03 C00-X,0.0009863749999681204,0.0,0.0009863749999681204,,3,22,8,0,0.6904747155934435,3.0426855648309297,8,4
c08_s01_cov100_seed00000097_bw010,c08_s01_cov100_seed00000097,flip,fast_gate,8,1,measured,1.0,0.1,,97,X,Y,9,2,9,9,0.75,1,W,0.1111111111111111,1,0,1,0,3,True,1,ok,local_up_fast,mpdag_criterion,True,"Conjecture 2 (hence Anti-Exchange Case B, verified not proved)",C00->C02 C00->C07 C00->Y C02->C03 C02->C04 C02->C05 C03->C04 C04->C05 C05->C06 W->Y X->Y C00-X,0.0003648329999919042,0.0,0.0003648329999919042,,1,9,2,0,0.08434108527131783,0.8434108527131783,9,2
c08_s01_cov100_seed00000100_bw010,c08_s01_cov100_seed00000100,flip,fast_gate,8,1,measured,1.0,0.1,,100,X,Y,8,2,8,8,0.7272727272727273,1,W,0.125,1,0,1,0,3,True,1,ok,local_up_fast,mpdag_criterion,True,"Conjecture 2 (hence Anti-Exchange Case B, verified not proved)",C00->C05 C00->Y C02->C03 C02->C06 C05->C07 W->Y X->C02 X->C03 X->C04 X->Y C00-X,0.0004148339999687778,0.0,0.0004148339999687778,,1,8,4,0,0.2662244049413828,1.968847822998733,8,4
c08_s01_cov100_seed00000104_bw010,c08_s01_cov100_seed00000104,flip,fast_gate,8,1,measured,1.0,0.1,,104,X,Y,8,2,8,8,0.7272727272727273,1,W,0.125,1,0,1,0,3,True,1,ok,local_up_fast,mpdag_criterion,True,"Conjecture 2 (hence Anti-Exchange Case B, verified not proved)",C00->C04 C00->C05 C00->Y C02->C03 C05->C07 W->Y X->C02 X->C03 X->C06 X->Y C00-X,0.0007605000000125983,0.0,0.0007605000000125983,,1,8,4,0,0.2005027036804326,1.5009619961539193,8,4
c08_s01_cov100_seed00000105_bw010,c08_s01_cov100_seed00000105,flip,fast_gate,8,1,measured,1.0,0.1,,105,X,Y,10,2,10,10,0.7692307692307693,1,W,0.1,1,0,1,0,3,True,1,ok,local_up_fast,mpdag_criterion,True,"Conjecture 2 (hence Anti-Exchange Case B, verified not proved)",C00->C02 C00->C03 C00->Y C02->C04 C02->C05 C03->C07 C04->C05 C05->C06 W->Y X->C03 X->C07 X->Y C00-X,0.00040595799998754956,0.0,0.00040595799998754956,,1,10,2,0,0.09829930213889257,0.9829930213889257,10,3
c08_s01_cov100_seed00000002_bw025,c08_s01_cov100_seed00000002,flip,fast_gate,8,1,measured,1.0,0.25,,2,X,Y,10,4,10,10,0.7692307692307693,1,W,0.0,0,0,2,0,3,True,2,ok,local_up_fast,mpdag_criterion,True,"Conjecture 2 (hence Anti-Exchange Case B, verified not proved)",C00->C02 C00->C03 C00->C05 C00->C06 C00->C07 C00->Y C05->C06 W->Y X->C02 X->C07 X->Y C00-X C04-X,0.0012990419999709957,0.0,0.0012990419999709957,,3,28,9,0,0.21130581747020102,2.1130581747020103,10,4
c08_s01_cov100_seed00000007_bw025,c08_s01_cov100_seed00000007,flip,fast_gate,8,1,measured,1.0,0.25,,7,X,Y,7,4,7,7,0.7,1,W,0.0,0,0,2,0,3,True,2,ok,local_up_fast,mpdag_criterion,True,"Conjecture 2 (hence Anti-Exchange Case B, verified not proved)",C00->C07 C00->Y C03->C04 C05->C06 W->Y X->C02 X->C03 X->Y C00-X C05-X,0.0006719589999875097,0.0,0.0006719589999875097,,2,13,6,0,0.5706504904491483,2.168043366029943,7,4
c08_s01_cov100_seed00000012_bw025,c08_s01_cov100_seed00000012,flip,fast_gate,8,1,measured,1.0,0.25,,12,X,Y,10,4,10,10,0.7692307692307693,1,W,0.0,0,0,2,0,3,True,2,ok,local_up_fast,mpdag_criterion,True,"Conjecture 2 (hence Anti-Exchange Case B, verified not proved)",C00->C03 C00->C04 C00->C05 C00->C06 C00->Y C04->C05 C04->C06 C06->C07 W->Y X->C03 X->Y C00-X C02-X,0.0026503340000090247,0.0,0.0026503340000090247,,4,37,11,0,0.19896125116713353,1.9896125116713352,10,3
c08_s01_cov100_seed00000019_bw025,c08_s01_cov100_seed00000019,flip,fast_gate,8,1,measured,1.0,0.25,,19,X,Y,8,4,8,8,0.7272727272727273,1,W,0.0,0,0,2,0,3,True,2,ok,local_up_fast,mpdag_criterion,True,"Conjecture 2 (hence Anti-Exchange Case B, verified not proved)",C00->C04 C00->C05 C00->Y C02->C03 C04->C06 C05->C07 W->Y X->C03 X->Y C00-X C02-X,0.001024666000034813,0.0,0.001024666000034813,,3,22,6,0,0.25380333951762524,1.9053803339517625,8,3
c08_s01_cov100_seed00000021_bw025,c08_s01_cov100_seed00000021,flip,fast_gate,8,1,measured,1.0,0.25,,21,X,Y,8,4,8,8,0.7272727272727273,2,"C00,W",0.0,0,0,3,0,3,True,3,ok,local_up_fast,mpdag_criterion,True,"Conjecture 2 (hence Anti-Exchange Case B, verified not proved)",C00->C05 C00->C06 C00->Y C02->C03 C04->C07 W->Y X->C04 X->Y C00-C02 C00-X C06-X,0.0018179999999574648,0.0,0.0018179999999574648,,6,41,11,0,0.33599999999999997,2.36,8,2
c08_s01_cov100_seed00000023_bw025,c08_s01_cov100_seed00000023,flip,fast_gate,8,1,measured,1.0,0.25,,23,X,Y,9,4,9,9,0.75,1,W,0.1111111111111111,1,0,1,0,3,True,1,ok,local_up_fast,mpdag_criterion,True,"Conjecture 2 (hence Anti-Exchange Case B, verified not proved)",C00->C02 C00->C03 C00->C05 C00->C06 C00->C07 C00->Y C02->C04 C02->C06 C03->C02 W->Y X->Y C00-X,0.0006527920000394261,0.0,0.0006527920000394261,,1,9,2,0,0.07065340342005456,0.7065340342005456,9,4
c08_s01_cov100_seed00000024_bw025,c08_s01_cov100_seed00000024,flip,fast_gate,8,1,measured,1.0,0.25,,24,X,Y,8,4,8,8,0.7272727272727273,2,"C00,W",0.0,0,0,2,0,3,True,2,ok,local_up_fast,mpdag_criterion,True,"Conjecture 2 (hence Anti-Exchange Case B, verified not proved)",C00->C02 C00->C03 C00->C06 C00->Y C02->C05 C06->C03 C06->C07 W->Y X->Y C00-C04 C00-X,0.0008631669999772384,0.0,0.0008631669999772384,,3,22,5,0,0.9183978638184245,3.512550066755674,8,4
c08_s01_cov100_seed00000030_bw025,c08_s01_cov100_seed00000030,flip,fast_gate,8,1,measured,1.0,0.25,,30,X,Y,9,4,9,9,0.75,1,W,0.1111111111111111,1,0,1,0,3,True,1,ok,local_up_fast,mpdag_criterion,True,"Conjecture 2 (hence Anti-Exchange Case B, verified not proved)",C00->C02 C00->C03 C00->C05 C00->C06 C00->Y C02->C03 C02->C04 C06->C05 W->Y X->C07 X->Y C00-X,0.000390917000004265,0.0,0.000390917000004265,,1,9,3,0,0.13391703902024277,1.3391703902024277,9,4
c08_s01_cov100_seed00000035_bw025,c08_s01_cov100_seed00000035,flip,fast_gate,8,1,measured,1.0,0.25,,35,X,Y,8,4,8,8,0.7272727272727273,1,W,0.0,0,0,2,0,3,True,2,ok,local_up_fast,mpdag_criterion,True,"Conjecture 2 (hence Anti-Exchange Case B, verified not proved)",C00->C02 C00->C04 C00->C06 C00->Y C02->C04 C02->C05 W->Y X->C07 X->Y C00-X C03-X,0.0007904579999831185,0.0,0.0007904579999831185,,2,15,5,0,0.2391973244147157,1.8267558528428092,8,3
c08_s01_cov100_seed00000037_bw025,c08_s01_cov100_seed00000037,flip,fast_gate,8,1,measured,1.0,0.25,,37,X,Y,10,4,10,10,0.7692307692307693,1,W,0.1,1,0,1,0,3,True,1,ok,local_up_fast,mpdag_criterion,True,"Conjecture 2 (hence Anti-Exchange Case B, verified not proved)",C00->C02 C00->C03 C00->Y C02->C03 C03->C04 C03->C05 C03->C06 C05->C07 C06->C05 C06->C07 W->Y X->Y C00-X,0.00037837500002524393,0.0,0.00037837500002524393,,1,10,2,0,0.09710144927536232,0.9710144927536232,10,1
c08_s01_cov100_seed00000045_bw025,c08_s01_cov100_seed00000045,flip,fast_gate,8,1,measured,1.0,0.25,,45,X,Y,7,4,7,7,0.7,1,W,0.0,0,0,2,0,3,True,2,ok,local_up_fast,mpdag_criterion,True,"Conjecture 2 (hence Anti-Exchange Case B, verified not proved)",C00->Y C02->C04 C03->C06 C04->C05 C05->C07 W->Y X->C02 X->Y C00-X C03-X,0.0006109169999604092,0.0,0.0006109169999604092,,2,13,5,0,0.9408163265306122,4.408163265306122,7,2
c08_s01_cov100_seed00000046_bw025,c08_s01_cov100_seed00000046,flip,fast_gate,8,1,measured,1.0,0.25,,46,X,Y,9,4,9,9,0.75,2,"C00,W",0.1111111111111111,1,0,1,0,3,True,1,ok,local_up_fast,mpdag_criterion,True,"Conjecture 2 (hence Anti-Exchange Case B, verified not proved)",C00->C03 C00->C06 C00->Y C02->C00 C02->C03 C02->C04 C02->X C04->C05 W->Y X->C07 X->Y C00-X,0.0003857499999639913,0.0,0.0003857499999639913,,1,9,4,0,0.21011416193431298,2.10114161934313,9,5
c08_s01_cov100_seed00000049_bw025,c08_s01_cov100_seed00000049,flip,fast_gate,8,1,measured,1.0,0.25,,49,X,Y,8,4,8,8,0.7272727272727273,2,"C00,W",0.0,0,0,3,0,3,True,3,ok,local_up_fast,mpdag_criterion,True,"Conjecture 2 (hence Anti-Exchange Case B, verified not proved)",C00->Y C02->C06 C03->C05 C05->C07 W->Y X->C03 X->C05 X->Y C00-C02 C00-X C02-C04,0.0019626249999191714,0.0,0.0019626249999191714,,6,40,10,0,0.36,2.6,8,1
c08_s01_cov100_seed00000052_bw025,c08_s01_cov100_seed00000052,flip,fast_gate,8,1,measured,1.0,0.25,,52,X,Y,9,4,9,9,0.75,2,"C00,W",0.0,0,0,2,0,3,True,2,ok,local_up_fast,mpdag_criterion,True,"Conjecture 2 (hence Anti-Exchange Case B, verified not proved)",C00->C06 C00->Y C03->C04 C05->C06 C07->C02 W->Y X->C02 X->C03 X->C07 X->Y C00-C05 C00-X,0.0024240409999265466,0.0,0.0024240409999265466,,3,25,8,0,0.25962401649445443,2.450785619489999,9,3
c08_s01_cov100_seed00000056_bw025,c08_s01_cov100_seed00000056,flip,fast_gate,8,1,measured,1.0,0.25,,56,X,Y,9,4,9,9,0.75,2,"C00,W",0.1111111111111111,1,0,1,0,3,True,1,ok,local_up_fast,mpdag_criterion,True,"Conjecture 2 (hence Anti-Exchange Case B, verified not proved)",C00->Y C02->C00 C02->C03 C02->C04 C02->C05 C02->C06 C02->X C03->C05 C04->C07 W->Y X->Y C00-X,0.0008259590000534445,0.0,0.0008259590000534445,,1,9,7,0,0.17090063793385873,1.7090063793385872,9,5
c08_s01_cov100_seed00000069_bw025,c08_s01_cov100_seed00000069,flip,fast_gate,8,1,measured,1.0,0.25,,69,X,Y,8,4,8,8,0.7272727272727273,1,W,0.0,0,0,2,0,3,True,2,ok,local_up_fast,mpdag_criterion,True,"Conjecture 2 (hence Anti-Exchange Case B, verified not proved)",C00->C02 C00->Y C03->C05 C03->C07 C04->C06 C05->C07 W->Y X->C03 X->Y C00-X C04-X,0.0011294999999336142,0.0,0.0011294999999336142,,3,22,8,0,0.8634602553673763,3.930377201561086,8,3
c08_s01_cov100_seed00000070_bw025,c08_s01_cov100_seed00000070,flip,fast_gate,8,1,measured,1.0,0.25,,70,X,Y,8,4,8,8,0.7272727272727273,1,W,0.0,0,0,2,0,3,True,2,ok,local_up_fast,mpdag_criterion,True,"Conjecture 2 (hence Anti-Exchange Case B, verified not proved)",C00->C04 C00->Y C02->C06 C04->C05 W->Y X->C02 X->C06 X->C07 X->Y C00-X C03-X,0.0007715000000416694,0.0,0.0007715000000416694,,2,15,6,0,0.3615246978205006,2.800961263919292,8,3
c08_s01_cov100_seed00000086_bw025,c08_s01_cov100_seed00000086,flip,fast_gate,8,1,measured,1.0,0.25,,86,X,Y,9,4,9,9,0.75,2,"C00,W",0.0,0,0,3,0,3,True,3,ok,local_up_fast,mpdag_criterion,True,"Conjecture 2 (hence Anti-Exchange Case B, verified not proved)",C00->C02 C00->C06 C00->Y C04->C06 C05->C07 W->Y X->C03 X->C05 X->Y C00-C04 C00-X C02-X,0.0022951669999429214,0.0,0.0022951669999429214,,6,47,14,0,0.2940834473324213,2.801299589603283,9,2
c08_s01_cov100_seed00000087_bw025,c08_s01_cov100_seed00000087,flip,fast_gate,8,1,measured,1.0,0.25,,87,X,Y,8,4,8,8,0.7272727272727273,2,"C00,W",0.0,0,0,3,0,3,True,3,ok,local_up_fast,mpdag_criterion,True,"Conjecture 2 (hence Anti-Exchange Case B, verified not proved)",C00->Y C02->C03 W->Y X->C02 X->C03 X->C04 X->C06 X->Y C00-C05 C00-X C05-C07,0.0014670410000690026,0.0,0.0014670410000690026,,4,28,7,0,0.3484848484848485,2.484848484848485,8,2
c08_s01_cov100_seed00000091_bw025,c08_s01_cov100_seed00000091,flip,fast_gate,8,1,measured,1.0,0.25,,91,X,Y,7,4,7,7,0.7,1,W,0.0,0,0,2,0,3,True,2,ok,local_up_fast,mpdag_criterion,True,"Conjecture 2 (hence Anti-Exchange Case B, verified not proved)",C00->C03 C00->Y C03->C04 C04->C06 W->Y X->C02 X->C05 X->Y C00-X C07-X,0.0006994999999960783,0.0,0.0006994999999960783,,2,13,5,0,0.268,1.6800000000000002,7,2
c08_s01_cov100_seed00000092_bw025,c08_s01_cov100_seed00000092,flip,fast_gate,8,1,measured,1.0,0.25,,92,X,Y,12,6,12,12,0.8,1,W,0.0,0,0,2,0,3,True,2,ok,local_up_fast,mpdag_criterion,True,"Conjecture 2 (hence Anti-Exchange Case B, verified not proved)",C00->C02 C00->Y C02->C04 C03->C06 C04->C07 C05->C03 C05->C06 W->Y X->C02 X->C03 X->C04 X->C07 X->Y C00-X C05-X,0.0032348749999755455,0.0,0.0032348749999755455,,3,34,9,0,0.6185552279015581,4.885552279015582,12,5
c08_s01_cov100_seed00000102_bw025,c08_s01_cov100_seed00000102,flip,fast_gate,8,1,measured,1.0,0.25,,102,X,Y,7,4,7,7,0.7,1,W,0.0,0,0,2,0,3,True,2,ok,local_up_fast,mpdag_criterion,True,"Conjecture 2 (hence Anti-Exchange Case B, verified not proved)",C00->C02 C00->C03 C00->Y C02->C06 C06->C07 W->Y X->C05 X->Y C00-X C04-X,0.0012164170000232843,0.0,0.0012164170000232843,,2,13,4,0,0.24545454545454545,1.4545454545454546,7,2
c08_s01_cov100_seed00000105_bw025,c08_s01_cov100_seed00000105,flip,fast_gate,8,1,measured,1.0,0.25,,105,X,Y,10,4,10,10,0.7692307692307693,1,W,0.1,1,0,1,0,3,True,1,ok,local_up_fast,mpdag_criterion,True,"Conjecture 2 (hence Anti-Exchange Case B, verified not proved)",C00->C02 C00->C03 C00->Y C02->C04 C02->C05 C03->C07 C05->C04 C05->C06 W->Y X->C03 X->C07 X->Y C00-X,0.0003870829999641501,0.0,0.0003870829999641501,,1,10,2,0,0.11093113969026377,1.1093113969026378,10,4
c08_s01_cov100_seed00000106_bw025,c08_s01_cov100_seed00000106,flip,fast_gate,8,1,measured,1.0,0.25,,106,X,Y,11,6,11,11,0.7857142857142857,2,"C00,W",0.0,0,0,2,0,3,True,2,ok,local_up_fast,mpdag_criterion,True,"Conjecture 2 (hence Anti-Exchange Case B, verified not proved)",C00->Y C02->C00 C02->C03 C02->C06 C02->C07 C02->X C06->C07 W->Y X->C03 X->C04 X->C05 X->Y C00-C06 C00-X,0.0015856249999615102,0.0,0.0015856249999615102,,3,31,10,0,0.2536057692307693,2.5360576923076925,11,6
c08_s01_cov100_seed00000107_bw025,c08_s01_cov100_seed00000107,flip,fast_gate,8,1,measured,1.0,0.25,,107,X,Y,9,4,9,9,0.75,1,W,0.1111111111111111,1,0,1,0,3,True,1,ok,local_up_fast,mpdag_criterion,True,"Conjecture 2 (hence Anti-Exchange Case B, verified not proved)",C00->C02 C00->C06 C00->C07 C00->Y C02->C07 C05->C03 W->Y X->C03 X->C04 X->C05 X->Y C00-X,0.00042433400005847943,0.0,0.00042433400005847943,,1,9,4,0,0.2182064687107804,1.9928754979186147,9,4
c08_s01_cov100_seed00000111_bw025,c08_s01_cov100_seed00000111,flip,fast_gate,8,1,measured,1.0,0.25,,111,X,Y,10,4,10,10,0.7692307692307693,1,W,0.1,1,0,1,0,3,True,1,ok,local_up_fast,mpdag_criterion,True,"Conjecture 2 (hence Anti-Exchange Case B, verified not proved)",C00->C02 C00->C03 C00->C05 C00->C06 C00->C07 C00->Y C05->C03 C05->C07 W->Y X->C02 X->C04 X->Y C00-X,0.00043212499997480336,0.0,0.00043212499997480336,,1,10,3,0,0.1461908361284769,1.4619083612847688,10,5
c08_s01_cov100_seed00000119_bw025,c08_s01_cov100_seed00000119,flip,fast_gate,8,1,measured,1.0,0.25,,119,X,Y,9,4,9,9,0.75,1,W,0.1111111111111111,1,0,1,0,3,True,1,ok,local_up_fast,mpdag_criterion,True,"Conjecture 2 (hence Anti-Exchange Case B, verified not proved)",C00->C02 C00->C05 C00->Y C02->C03 C02->C04 C02->C06 C03->C06 C04->C07 C05->C02 W->Y X->Y C00-X,0.0005817079999133057,0.0,0.0005817079999133057,,1,9,2,0,0.09802138076629385,0.9802138076629385,9,2
c08_s01_cov100_seed00000125_bw025,c08_s01_cov100_seed00000125,flip,fast_gate,8,1,measured,1.0,0.25,,125,X,Y,9,4,9,9,0.75,1,W,0.1111111111111111,1,0,1,0,3,True,1,ok,local_up_fast,mpdag_criterion,True,"Conjecture 2 (hence Anti-Exchange Case B, verified not proved)",C00->C02 C00->C04 C00->C07 C00->Y C02->C03 C02->C07 C04->C02 C04->C06 W->Y X->C05 X->Y C00-X,0.00041091599996434525,0.0,0.00041091599996434525,,1,9,3,0,0.1306292990812496,1.306292990812496,9,4
c08_s01_cov100_seed00000135_bw025,c08_s01_cov100_seed00000135,flip,fast_gate,8,1,measured,1.0,0.25,,135,X,Y,9,4,9,9,0.75,1,W,0.1111111111111111,1,0,1,0,3,True,1,ok,local_up_fast,mpdag_criterion,True,"Conjecture 2 (hence Anti-Exchange Case B, verified not proved)",C00->C07 C00->Y C02->C00 C02->C05 C03->C04 W->Y X->C00 X->C03 X->C04 X->C06 X->Y C02-X,0.0004831659999808835,0.0,0.0004831659999808835,,1,9,4,0,0.22961389182617792,2.0669722515951126,9,4
c08_s01_cov100_seed00000136_bw025,c08_s01_cov100_seed00000136,flip,fast_gate,8,1,measured,1.0,0.25,,136,X,Y,10,4,10,10,0.7692307692307693,1,W,0.1,1,0,1,0,3,True,1,ok,local_up_fast,mpdag_criterion,True,"Conjecture 2 (hence Anti-Exchange Case B, verified not proved)",C00->C03 C00->Y C02->C00 C03->C05 C03->C06 W->Y X->C00 X->C03 X->C04 X->C06 X->C07 X->Y C02-X,0.0005359580000003916,0.0,0.0005359580000003916,,1,10,4,0,0.20059330570003198,2.0059330570003198,10,5
c08_s01_cov100_seed00000143_bw025,c08_s01_cov100_seed00000143,flip,fast_gate,8,1,measured,1.0,0.25,,143,X,Y,8,4,8,8,0.7272727272727273,1,W,0.125,1,0,1,0,3,True,1,ok,local_up_fast,mpdag_criterion,True,"Conjecture 2 (hence Anti-Exchange Case B, verified not proved)",C00->Y C02->C04 C02->C07 C03->C05 C06->C00 W->Y X->C00 X->C02 X->C03 X->Y C06-X,0.0010242079999898124,0.0,0.0010242079999898124,,1,8,2,0,0.6575228094353996,2.051783411546763,8,5
c08_s01_cov100_seed00000145_bw025,c08_s01_cov100_seed00000145,flip,fast_gate,8,1,measured,1.0,0.25,,145,X,Y,9,4,9,9,0.75,2,"C00,W",0.1111111111111111,1,0,1,0,3,True,1,ok,local_up_fast,mpdag_criterion,True,"Conjecture 2 (hence Anti-Exchange Case B, verified not proved)",C00->C06 C00->C07 C00->Y C02->C00 C02->X C03->C04 W->Y X->C03 X->C05 X->C07 X->Y C00-X,0.0004281669999954829,0.0,0.0004281669999954829,,1,9,3,0,0.24482011671357048,2.1012623916255007,9,3
c08_s01_cov100_seed00000150_bw025,c08_s01_cov100_seed00000150,flip,fast_gate,8,1,measured,1.0,0.25,,150,X,Y,8,4,8,8,0.7272727272727273,2,"C00,W",0.0,0,0,2,0,3,True,2,ok,local_up_fast,mpdag_criterion,True,"Conjecture 2 (hence Anti-Exchange Case B, verified not proved)",C00->Y C05->C07 C06->C04 W->Y X->C02 X->C04 X->C05 X->C06 X->Y C00-C03 C00-X,0.0009859169999799633,0.0,0.0009859169999799633,,3,22,5,0,0.2046153846153846,1.523076923076923,8,3
c08_s01_cov100_seed00000163_bw025,c08_s01_cov100_seed00000163,flip,fast_gate,8,1,measured,1.0,0.25,,163,X,Y,10,4,10,10,0.7692307692307693,2,"C00,W",0.1,1,0,1,0,3,True,1,ok,local_up_fast,mpdag_criterion,True,"Conjecture 2 (hence Anti-Exchange Case B, verified not proved)",C00->Y C02->C00 C02->C03 C02->C04 C02->C06 C02->X C03->C06 C03->C07 W->Y X->C04 X->C05 X->Y C00-X,0.0005180419999533115,0.0,0.0005180419999533115,,1,10,5,0,0.1700498139937828,1.700498139937828,10,5
c08_s01_cov100_seed00000173_bw025,c08_s01_cov100_seed00000173,flip,fast_gate,8,1,measured,1.0,0.25,,173,X,Y,9,4,9,9,0.75,2,"C00,W",0.0,0,0,3,0,3,True,3,ok,local_up_fast,mpdag_criterion,True,"Conjecture 2 (hence Anti-Exchange Case B, verified not proved)",C00->C03 C00->C06 C00->Y C02->C05 C02->C07 C03->C04 W->Y X->C02 X->Y C00-X C03-C06 C03-X,0.001628832999926999,0.0,0.001628832999926999,,4,32,8,0,0.2944838455476753,2.759653270291568,9,3
c08_s01_cov100_seed00000175_bw025,c08_s01_cov100_seed00000175,flip,fast_gate,8,1,measured,1.0,0.25,,175,X,Y,10,4,10,10,0.7692307692307693,2,"C00,W",0.1,1,0,1,0,3,True,1,ok,local_up_fast,mpdag_criterion,True,"Conjecture 2 (hence Anti-Exchange Case B, verified not proved)",C00->C03 C00->C04 C00->Y C02->C07 C03->C04 C06->C00 C06->X W->Y X->C02 X->C03 X->C05 X->Y C00-X,0.0004687499999818101,0.0,0.0004687499999818101,,1,10,3,0,0.5273477979274611,2.7734779792746114,10,4
c08_s01_cov100_seed00000179_bw025,c08_s01_cov100_seed00000179,flip,fast_gate,8,1,measured,1.0,0.25,,179,X,Y,8,4,8,8,0.7272727272727273,2,"C00,W",0.125,1,0,1,0,3,True,1,ok,local_up_fast,mpdag_criterion,True,"Conjecture 2 (hence Anti-Exchange Case B, verified not proved)",C00->Y C02->C03 C02->C07 C03->C06 C05->C00 C05->X W->Y X->C02 X->C04 X->Y C00-X,0.0003629589999718519,0.0,0.0003629589999718519,,1,8,3,0,0.16599376778214334,1.0861671860181548,8,2
c08_s01_cov100_seed00000182_bw025,c08_s01_cov100_seed00000182,flip,fast_gate,8,1,measured,1.0,0.25,,182,X,Y,9,4,9,9,0.75,1,W,0.0,0,0,2,0,3,True,2,ok,local_up_fast,mpdag_criterion,True,"Conjecture 2 (hence Anti-Exchange Case B, verified not proved)",C00->C03 C00->C05 C00->C06 C00->Y C02->C04 C03->C06 C06->C07 W->Y X->C05 X->Y C00-X C02-X,0.0022384579999652487,0.0,0.0022384579999652487,,3,25,9,0,0.2174070990690986,2.174070990690986,9,2
c08_s01_cov100_seed00000184_bw025,c08_s01_cov100_seed00000184,flip,fast_gate,8,1,measured,1.0,0.25,,184,X,Y,9,4,9,9,0.75,2,"C00,W",0.0,0,0,2,0,3,True,2,ok,local_up_fast,mpdag_criterion,True,"Conjecture 2 (hence Anti-Exchange Case B, verified not proved)",C00->C03 C00->C05 C00->C07 C00->Y C02->C07 C04->C06 C05->C03 W->Y X->C04 X->Y C00-C02 C00-X,0.0011472090000097523,0.0,0.0011472090000097523,,3,25,8,0,0.37078431372549026,3.2411764705882358,9,3
c08_s01_cov100_seed00000186_bw025,c08_s01_cov100_seed00000186,flip,fast_gate,8,1,measured,1.0,0.25,,186,X,Y,7,4,7,7,0.7,1,W,0.0,0,0,2,0,3,True,2,ok,local_up_fast,mpdag_criterion,True,"Conjecture 2 (hence Anti-Exchange Case B, verified not proved)",C00->C02 C00->Y C02->C04 C03->C05 C03->C06 W->Y X->C03 X->Y C00-X C07-X,0.0011930830000892456,0.0,0.0011930830000892456,,2,13,4,0,0.38089451476793246,2.1956118143459915,7,3
c08_s04_cov050_seed00000000_bw000,c08_s04_cov050_seed00000000,flip,fast_gate,8,4,measured,0.5,0.0,,0,X,Y,4,3,6,6,0.75,2,"C00,W",0.0,0,0,,1,3,True,4,ok,e1_ladder,mpdag_criterion,True,"Conjecture 2 (hence Anti-Exchange Case B, verified not proved)","(('C00', 'Y'), ('C02', 'C06'), ('C03', 'C05'), ('W', 'Y'), ('X', 'Y'))",0.0023988340000187236,0.043350334000024304,0.04574916800004303,,5,15,5,0,0.8,3.0,4,0
c08_s04_cov050_seed00000001_bw000,c08_s04_cov050_seed00000001,flip,fast_gate,8,4,measured,0.5,0.0,,1,X,Y,4,1,7,7,0.7272727272727273,2,"C00,W",0.0,0,0,,1,3,True,4,ok,e1_ladder,mpdag_criterion,True,"Conjecture 2 (hence Anti-Exchange Case B, verified not proved)","(('C00', 'Y'), ('C02', 'C05'), ('C03', 'C06'), ('C06', 'C07'), ('W', 'Y'), ('X', 'Y'))",0.0021392500000274595,0.029907374999993408,0.03204662500002087,,5,18,5,0,0.8,3.0,4,0
c08_s04_cov050_seed00000002_bw000,c08_s04_cov050_seed00000002,flip,fast_gate,8,4,measured,0.5,0.0,,2,X,Y,4,1,7,7,0.7272727272727273,2,"C00,W",0.0,0,0,,1,3,True,4,ok,e1_ladder,mpdag_criterion,True,"Conjecture 2 (hence Anti-Exchange Case B, verified not proved)","(('C00', 'Y'), ('C01', 'C06'), ('C03', 'C05'), ('C03', 'C07'), ('W', 'Y'), ('X', 'Y'))",0.0032210839999606833,0.037481334000062816,0.0407024180000235,,6,23,6,0,0.8,3.0,4,0
c08_s04_cov050_seed00000003_bw000,c08_s04_cov050_seed00000003,flip,fast_gate,8,4,measured,0.5,0.0,,3,X,Y,4,4,5,5,0.75,2,"C00,W",0.0,0,0,,1,3,True,4,ok,e1_ladder,mpdag_criterion,True,"Conjecture 2 (hence Anti-Exchange Case B, verified not proved)","(('C00', 'Y'), ('C03', 'C05'), ('W', 'Y'), ('X', 'Y'))",0.0011421670000117956,0.05167795899990324,0.052820125999915035,,4,12,4,0,0.8,3.0,4,0
c08_s04_cov050_seed00000004_bw000,c08_s04_cov050_seed00000004,flip,fast_gate,8,4,measured,0.5,0.0,,4,X,Y,4,0,7,7,0.7,2,"C00,W",0.0,0,0,,1,3,True,4,ok,e1_ladder,mpdag_criterion,True,"Conjecture 2 (hence Anti-Exchange Case B, verified not proved)","(('C00', 'Y'), ('C03', 'C05'), ('C05', 'C06'), ('C06', 'C07'), ('W', 'Y'), ('X', 'Y'))",0.0008062079999717753,0.03205470900002183,0.032860916999993606,,4,18,4,0,0.8,3.0,4,0
c08_s04_cov050_seed00000005_bw000,c08_s04_cov050_seed00000005,flip,fast_gate,8,4,measured,0.5,0.0,,5,X,Y,4,1,7,7,0.7272727272727273,2,"C00,W",0.0,0,0,,1,3,True,4,ok,e1_ladder,mpdag_criterion,True,"Conjecture 2 (hence Anti-Exchange Case B, verified not proved)","(('C00', 'Y'), ('C03', 'C05'), ('C03', 'C07'), ('W', 'Y'), ('X', 'C06'), ('X', 'Y'))",0.0021881249999751162,0.028119000000060623,0.03030712500003574,,4,18,4,0,0.8,3.0,4,0
c08_s04_cov050_seed00000006_bw000,c08_s04_cov050_seed00000006,flip,fast_gate,8,4,measured,0.5,0.0,,6,X,Y,4,0,7,7,0.7,2,"C00,W",0.0,0,0,,1,3,True,4,ok,e1_ladder,mpdag_criterion,True,"Conjecture 2 (hence Anti-Exchange Case B, verified not proved)","(('C00', 'Y'), ('C02', 'C05'), ('C03', 'C06'), ('W', 'Y'), ('X', 'C07'), ('X', 'Y'))",0.000777624999955151,0.022385167000038564,0.023162791999993715,,5,18,5,0,0.8,3.0,4,0
c08_s04_cov050_seed00000007_bw000,c08_s04_cov050_seed00000007,flip,fast_gate,8,4,measured,0.5,0.0,,7,X,Y,4,0,7,7,0.7,2,"C00,W",0.0,0,0,,1,3,True,4,ok,e1_ladder,mpdag_criterion,True,"Conjecture 2 (hence Anti-Exchange Case B, verified not proved)","(('C00', 'Y'), ('C03', 'C06'), ('C05', 'C07'), ('W', 'Y'), ('X', 'C05'), ('X', 'Y'))",0.0010324579999405614,0.02590908299998773,0.026941540999928293,,4,18,4,0,0.8,3.0,4,0
c08_s04_cov050_seed00000008_bw000,c08_s04_cov050_seed00000008,flip,fast_gate,8,4,measured,0.5,0.0,,8,X,Y,4,0,7,7,0.7,2,"C00,W",0.0,0,0,,1,3,True,4,ok,e1_ladder,mpdag_criterion,True,"Conjecture 2 (hence Anti-Exchange Case B, verified not proved)","(('C00', 'Y'), ('C01', 'C06'), ('C03', 'C05'), ('W', 'Y'), ('X', 'C07'), ('X', 'Y'))",0.001049875000035172,0.031952332999935606,0.03300220799997078,,6,23,6,0,0.8,3.0,4,0
c08_s04_cov050_seed00000009_bw000,c08_s04_cov050_seed00000009,flip,fast_gate,8,4,measured,0.5,0.0,,9,X,Y,4,2,6,6,0.7272727272727273,2,"C00,W",0.0,0,0,,1,3,True,4,ok,e1_ladder,mpdag_criterion,True,"Conjecture 2 (hence Anti-Exchange Case B, verified not proved)","(('C00', 'Y'), ('C02', 'C05'), ('W', 'Y'), ('X', 'C07'), ('X', 'Y'))",0.0012268749999293505,0.03342299999997067,0.03464987499990002,,5,15,5,0,0.8,3.0,4,0
c08_s04_cov050_seed00000010_bw000,c08_s04_cov050_seed00000010,flip,fast_gate,8,4,measured,0.5,0.0,,10,X,Y,5,1,9,9,0.7692307692307693,2,"C00,W",0.0,0,0,,1,3,True,4,ok,e1_ladder,mpdag_criterion,True,"Conjecture 2 (hence Anti-Exchange Case B, verified not proved)","(('C00', 'Y'), ('C03', 'C05'), ('C05', 'C06'), ('C05', 'C07'), ('W', 'Y'), ('X', 'C06'), ('X', 'C07'), ('X', 'Y'))",0.002735458999950424,0.038900957999999264,0.04163641699994969,,4,24,4,0,0.797,3.485,5,0
c08_s04_cov050_seed00000011_bw000,c08_s04_cov050_seed00000011,flip,fast_gate,8,4,measured,0.5,0.0,,11,X,Y,4,3,5,5,0.7272727272727273,2,"C00,W",0.0,0,0,,1,3,True,4,ok,e1_ladder,mpdag_criterion,True,"Conjecture 2 (hence Anti-Exchange Case B, verified not proved)","(('C00', 'Y'), ('C03', 'C07'), ('W', 'Y'), ('X', 'Y'))",0.001678792000006979,0.02960695800004487,0.03128575000005185,,4,12,4,0,0.8,3.0,4,0
c08_s04_cov050_seed00000012_bw000,c08_s04_cov050_seed00000012,flip,fast_gate,8,4,measured,0.5,0.0,,12,X,Y,4,2,6,6,0.7272727272727273,2,"C00,W",0.0,0,0,,1,3,True,4,ok,e1_ladder,mpdag_criterion,True,"Conjecture 2 (hence Anti-Exchange Case B, verified not proved)","(('C00', 'Y'), ('C01', 'C07'), ('C03', 'C05'), ('W', 'Y'), ('X', 'Y'))",0.0012493750000430737,0.04520170800003598,0.04645108300007905,,6,19,6,0,0.8,3.0,4,0
c08_s04_cov050_seed00000013_bw000,c08_s04_cov050_seed00000013,flip,fast_gate,8,4,measured,0.5,0.0,,13,X,Y,4,1,7,7,0.7272727272727273,2,"C00,W",0.0,0,0,,1,3,True,4,ok,e1_ladder,mpdag_criterion,True,"Conjecture 2 (hence Anti-Exchange Case B, verified not proved)","(('C00', 'Y'), ('C05', 'C06'), ('C05', 'C07'), ('W', 'Y'), ('X', 'C05'), ('X', 'Y'))",0.0009195840000302269,0.02780912499997612,0.028728709000006347,,4,18,4,0,0.8,3.0,4,0
c08_s04_cov050_seed00000014_bw000,c08_s04_cov050_seed00000014,flip,fast_gate,8,4,measured,0.5,0.0,,14,X,Y,4,1,6,6,0.7,2,"C00,W",0.0,0,0,,1,3,True,4,ok,e1_ladder,mpdag_criterion,True,"Conjecture 2 (hence Anti-Exchange Case B, verified not proved)","(('C00', 'Y'), ('C02', 'C07'), ('W', 'Y'), ('X', 'C06'), ('X', 'Y'))",0.0008107920000384183,0.030744749999939813,0.03155554199997823,,5,15,5,0,0.8,3.0,4,0
c08_s04_cov050_seed00000015_bw000,c08_s04_cov050_seed00000015,flip,fast_gate,8,4,measured,0.5,0.0,,15,X,Y,4,0,7,7,0.7,2,"C00,W",0.0,0,0,,1,3,True,4,ok,e1_ladder,mpdag_criterion,True,"Conjecture 2 (hence Anti-Exchange Case B, verified not proved)","(('C00', 'Y'), ('C01', 'C07'), ('W', 'Y'), ('X', 'C05'), ('X', 'C06'), ('X', 'Y'))",0.0010806249999859574,0.025551332999953047,0.026631957999939004,,6,23,6,0,0.8,3.0,4,0
c08_s04_cov050_seed00000016_bw000,c08_s04_cov050_seed00000016,flip,fast_gate,8,4,measured,0.5,0.0,,16,X,Y,4,1,7,7,0.7272727272727273,2,"C00,W",0.0,0,0,,1,3,True,4,ok,e1_ladder,mpdag_criterion,True,"Conjecture 2 (hence Anti-Exchange Case B, verified not proved)","(('C00', 'Y'), ('C02', 'C05'), ('C02', 'C07'), ('C03', 'C06'), ('W', 'Y'), ('X', 'Y'))",0.0028693330000351125,0.02971991699996579,0.0325892500000009,,6,18,6,0,0.8,3.0,4,0
c08_s04_cov050_seed00000017_bw000,c08_s04_cov050_seed00000017,flip,fast_gate,8,4,measured,0.5,0.0,,17,X,Y,4,2,7,7,0.75,2,"C00,W",0.0,0,0,,1,3,True,4,ok,e1_ladder,mpdag_criterion,True,"Conjecture 2 (hence Anti-Exchange Case B, verified not proved)","(('C00', 'Y'), ('C02', 'C06'), ('C03', 'C05'), ('C03', 'C07'), ('W', 'Y'), ('X', 'Y'))",0.0029937919999838414,0.03643495799997254,0.03942874999995638,,5,18,5,0,0.8,3.0,4,0
c08_s04_cov050_seed00000018_bw000,c08_s04_cov050_seed00000018,flip,fast_gate,8,4,measured,0.5,0.0,,18,X,Y,4,2,6,6,0.7272727272727273,2,"C00,W",0.0,0,0,,1,3,True,4,ok,e1_ladder,mpdag_criterion,True,"Conjecture 2 (hence Anti-Exchange Case B, verified not proved)","(('C00', 'Y'), ('C01', 'C06'), ('W', 'Y'), ('X', 'C05'), ('X', 'Y'))",0.0012264590000086173,0.030858667000075002,0.03208512600008362,,6,19,6,0,0.8,3.0,4,0
c08_s04_cov050_seed00000019_bw000,c08_s04_cov050_seed00000019,flip,fast_gate,8,4,measured,0.5,0.0,,19,X,Y,4,2,6,6,0.7272727272727273,2,"C00,W",0.0,0,0,,1,3,True,4,ok,e1_ladder,mpdag_criterion,True,"Conjecture 2 (hence Anti-Exchange Case B, verified not proved)","(('C00', 'Y'), ('C02', 'C05'), ('C02', 'C06'), ('W', 'Y'), ('X', 'Y'))",0.001837958000010076,0.04102841600001739,0.04286637400002746,,6,15,6,0,0.8,3.0,4,0
c08_s04_cov050_seed00000020_bw000,c08_s04_cov050_seed00000020,flip,fast_gate,8,4,measured,0.5,0.0,,20,X,Y,4,2,6,6,0.7272727272727273,2,"C00,W",0.0,0,0,,1,3,True,4,ok,e1_ladder,mpdag_criterion,True,"Conjecture 2 (hence Anti-Exchange Case B, verified not proved)","(('C00', 'Y'), ('C03', 'C07'), ('W', 'Y'), ('X', 'C05'), ('X', 'Y'))",0.002040500000020984,0.09697570900004848,0.09901620900006947,,4,15,4,0,0.8,3.0,4,0
c08_s04_cov050_seed00000021_bw000,c08_s04_cov050_seed00000021,flip,fast_gate,8,4,measured,0.5,0.0,,21,X,Y,4,0,7,7,0.7,2,"C00,W",0.0,0,0,,1,3,True,4,ok,e1_ladder,mpdag_criterion,True,"Conjecture 2 (hence Anti-Exchange Case B, verified not proved)","(('C00', 'Y'), ('C01', 'C05'), ('C02', 'C07'), ('W', 'Y'), ('X', 'C06'), ('X', 'Y'))",0.0010283750000326108,0.040380124999956024,0.041408499999988635,,7,23,7,0,0.8,3.0,4,0
c08_s04_cov050_seed00000022_bw000,c08_s04_cov050_seed00000022,flip,fast_gate,8,4,measured,0.5,0.0,,22,X,Y,4,2,6,6,0.7272727272727273,2,"C00,W",0.0,0,0,,1,3,True,4,ok,e1_ladder,mpdag_criterion,True,"Conjecture 2 (hence Anti-Exchange Case B, verified not proved)","(('C00', 'Y'), ('C02', 'C05'), ('C05', 'C06'), ('W', 'Y'), ('X', 'Y'))",0.0009325409999973999,0.031298999999989974,0.032231540999987374,,5,15,5,0,0.8,3.0,4,0
c08_s04_cov050_seed00000023_bw000,c08_s04_cov050_seed00000023,flip,fast_gate,8,4,measured,0.5,0.0,,23,X,Y,4,2,6,6,0.7272727272727273,2,"C00,W",0.0,0,0,,1,3,True,4,ok,e1_ladder,mpdag_criterion,True,"Conjecture 2 (hence Anti-Exchange Case B, verified not proved)","(('C00', 'Y'), ('C03', 'C06'), ('W', 'Y'), ('X', 'C07'), ('X', 'Y'))",0.0010965420000275117,0.02849979200004782,0.02959633400007533,,4,15,4,0,0.8,3.0,4,0
c08_s04_cov050_seed00000024_bw000,c08_s04_cov050_seed00000024,flip,fast_gate,8,4,measured,0.5,0.0,,24,X,Y,4,1,6,6,0.7,2,"C00,W",0.0,0,0,,1,3,True,4,ok,e1_ladder,mpdag_criterion,True,"Conjecture 2 (hence Anti-Exchange Case B, verified not proved)","(('C00', 'Y'), ('C01', 'C05'), ('C01', 'C06'), ('W', 'Y'), ('X', 'Y'))",0.0012594999999464562,0.02410787500002698,0.025367374999973435,,9,23,9,0,0.8,3.0,4,0
c08_s04_cov050_seed00000025_bw000,c08_s04_cov050_seed00000025,flip,fast_gate,8,4,measured,0.5,0.0,,25,X,Y,4,2,7,7,0.75,2,"C00,W",0.0,0,0,,1,3,True,4,ok,e1_ladder,mpdag_criterion,True,"Conjecture 2 (hence Anti-Exchange Case B, verified not proved)","(('C00', 'Y'), ('C01', 'C05'), ('C01', 'C06'), ('C01', 'C07'), ('W', 'Y'), ('X', 'Y'))",0.006953207999913502,0.04234374999998636,0.04929695799989986,,13,33,13,0,0.8,3.0,4,0
c08_s04_cov050_seed00000026_bw000,c08_s04_cov050_seed00000026,flip,fast_gate,8,4,measured,0.5,0.0,,26,X,Y,4,2,7,7,0.75,2,"C00,W",0.0,0,0,,1,3,True,4,ok,e1_ladder,mpdag_criterion,True,"Conjecture 2 (hence Anti-Exchange Case B, verified not proved)","(('C00', 'Y'), ('C01', 'C06'), ('C03', 'C05'), ('W', 'Y'), ('X', 'C07'), ('X', 'Y'))",0.001989958999956798,0.02536699999996017,0.02735695899991697,,6,23,6,0,0.8,3.0,4,0
c08_s04_cov050_seed00000027_bw000,c08_s04_cov050_seed00000027,flip,fast_gate,8,4,measured,0.5,0.0,,27,X,Y,4,2,6,6,0.7272727272727273,2,"C00,W",0.0,0,0,,1,3,True,4,ok,e1_ladder,mpdag_criterion,True,"Conjecture 2 (hence Anti-Exchange Case B, verified not proved)","(('C00', 'Y'), ('C03', 'C06'), ('W', 'Y'), ('X', 'C07'), ('X', 'Y'))",0.0019082090000210883,0.045440209000048526,0.047348418000069614,,4,15,4,0,0.8,3.0,4,0
c08_s04_cov050_seed00000028_bw000,c08_s04_cov050_seed00000028,flip,fast_gate,8,4,measured,0.5,0.0,,28,X,Y,4,1,7,7,0.7272727272727273,2,"C00,W",0.0,0,0,,1,3,True,4,ok,e1_ladder,mpdag_criterion,True,"Conjecture 2 (hence Anti-Exchange Case B, verified not proved)","(('C00', 'Y'), ('C03', 'C05'), ('C03', 'C07'), ('C05', 'C06'), ('W', 'Y'), ('X', 'Y'))",0.0009663330000648784,0.03455929099993682,0.0355256240000017,,4,18,4,0,0.8,3.0,4,0
c08_s04_cov050_seed00000029_bw000,c08_s04_cov050_seed00000029,flip,fast_gate,8,4,measured,0.5,0.0,,29,X,Y,4,2,6,6,0.7272727272727273,2,"C00,W",0.0,0,0,,1,3,True,4,ok,e1_ladder,mpdag_criterion,True,"Conjecture 2 (hence Anti-Exchange Case B, verified not proved)","(('C00', 'Y'), ('C03', 'C07'), ('W', 'Y'), ('X', 'C05'), ('X', 'Y'))",0.0010941250000087166,0.031796166999924935,0.03289029199993365,,4,15,4,0,0.8,3.0,4,0
c08_s04_cov050_seed00000030_bw000,c08_s04_cov050_seed00000030,flip,fast_gate,8,4,measured,0.5,0.0,,30,X,Y,4,2,6,6,0.7272727272727273,2,"C00,W",0.0,0,0,,1,3,True,4,ok,e1_ladder,mpdag_criterion,True,"Conjecture 2 (hence Anti-Exchange Case B, verified not proved)","(('C00', 'Y'), ('C01', 'C06'), ('W', 'Y'), ('X', 'C07'), ('X', 'Y'))",0.001263584000071205,0.030378250000012486,0.03164183400008369,,6,19,6,0,0.8,3.0,4,0
c08_s04_cov050_seed00000031_bw000,c08_s04_cov050_seed00000031,flip,fast_gate,8,4,measured,0.5,0.0,,31,X,Y,4,1,7,7,0.7272727272727273,2,"C00,W",0.0,0,0,,1,3,True,4,ok,e1_ladder,mpdag_criterion,True,"Conjecture 2 (hence Anti-Exchange Case B, verified not proved)","(('C00', 'Y'), ('C02', 'C05'), ('C03', 'C06'), ('W', 'Y'), ('X', 'C07'), ('X', 'Y'))",0.0009609590000536627,0.03571370899999238,0.03667466800004604,,5,18,5,0,0.8,3.0,4,0
c08_s04_cov050_seed00000032_bw000,c08_s04_cov050_seed00000032,flip,fast_gate,8,4,measured,0.5,0.0,,32,X,Y,4,1,6,6,0.7,2,"C00,W",0.0,0,0,,1,3,True,4,ok,e1_ladder,mpdag_criterion,True,"Conjecture 2 (hence Anti-Exchange Case B, verified not proved)","(('C00', 'Y'), ('C01', 'C07'), ('W', 'Y'), ('X', 'C05'), ('X', 'Y'))",0.0010397089999969467,0.029432749999955377,0.030472458999952323,,6,19,6,0,0.8,3.0,4,0
c08_s04_cov050_seed00000033_bw000,c08_s04_cov050_seed00000033,flip,fast_gate,8,4,measured,0.5,0.0,,33,X,Y,4,0,7,7,0.7,2,"C00,W",0.0,0,0,,1,3,True,4,ok,e1_ladder,mpdag_criterion,True,"Conjecture 2 (hence Anti-Exchange Case B, verified not proved)","(('C00', 'Y'), ('C02', 'C06'), ('C02', 'C07'), ('W', 'Y'), ('X', 'C05'), ('X', 'Y'))",0.0007827079999742637,0.035903583000049366,0.03668629100002363,,6,18,6,0,0.8,3.0,4,0
c08_s04_cov050_seed00000034_bw000,c08_s04_cov050_seed00000034,flip,fast_gate,8,4,measured,0.5,0.0,,34,X,Y,4,3,5,5,0.7272727272727273,2,"C00,W",0.0,0,0,,1,3,True,4,ok,e1_ladder,mpdag_criterion,True,"Conjecture 2 (hence Anti-Exchange Case B, verified not proved)","(('C00', 'Y'), ('W', 'Y'), ('X', 'C07'), ('X', 'Y'))",0.0008769170000277882,0.04404929199995422,0.04492620899998201,,4,12,4,0,0.8,3.0,4,0
c08_s04_cov050_seed00000035_bw000,c08_s04_cov050_seed00000035,flip,fast_gate,8,4,measured,0.5,0.0,,35,X,Y,4,2,6,6,0.7272727272727273,2,"C00,W",0.0,0,0,,1,3,True,4,ok,e1_ladder,mpdag_criterion,True,"Conjecture 2 (hence Anti-Exchange Case B, verified not proved)","(('C00', 'Y'), ('C01', 'C07'), ('C02', 'C06'), ('W', 'Y'), ('X', 'Y'))",0.0012346669999487858,0.02459874999999556,0.025833416999944347,,7,19,7,0,0.8,3.0,4,0
c08_s04_cov050_seed00000036_bw000,c08_s04_cov050_seed00000036,flip,fast_gate,8,4,measured,0.5,0.0,,36,X,Y,4,0,7,7,0.7,2,"C00,W",0.0,0,0,,1,3,True,4,ok,e1_ladder,mpdag_criterion,True,"Conjecture 2 (hence Anti-Exchange Case B, verified not proved)","(('C00', 'Y'), ('C01', 'C05'), ('C01', 'C06'), ('C06', 'C07'), ('W', 'Y'), ('X', 'Y'))",0.0024207920000662853,0.024738875000025473,0.02715966700009176,,10,28,10,0,0.8,3.0,4,0
c08_s04_cov050_seed00000037_bw000,c08_s04_cov050_seed00000037,flip,fast_gate,8,4,measured,0.5,0.0,,37,X,Y,4,2,6,6,0.7272727272727273,2,"C00,W",0.0,0,0,,1,3,True,4,ok,e1_ladder,mpdag_criterion,True,"Conjecture 2 (hence Anti-Exchange Case B, verified not proved)","(('C00', 'Y'), ('C03', 'C06'), ('C06', 'C07'), ('W', 'Y'), ('X', 'Y'))",0.0019430410000040865,0.02732566700001371,0.029268708000017796,,4,15,4,0,0.8,3.0,4,0
c08_s04_cov050_seed00000038_bw000,c08_s04_cov050_seed00000038,flip,fast_gate,8,4,measured,0.5,0.0,,38,X,Y,4,3,5,5,0.7272727272727273,2,"C00,W",0.0,0,0,,1,3,True,4,ok,e1_ladder,mpdag_criterion,True,"Conjecture 2 (hence Anti-Exchange Case B, verified not proved)","(('C00', 'Y'), ('C02', 'C06'), ('W', 'Y'), ('X', 'Y'))",0.0009058340000365206,0.04252433299996028,0.0434301669999968,,5,12,5,0,0.8,3.0,4,0
c08_s04_cov050_seed00000039_bw000,c08_s04_cov050_seed00000039,flip,fast_gate,8,4,measured,0.5,0.0,,39,X,Y,4,1,7,7,0.7272727272727273,2,"C00,W",0.0,0,0,,1,3,True,4,ok,e1_ladder,mpdag_criterion,True,"Conjecture 2 (hence Anti-Exchange Case B, verified not proved)","(('C00', 'Y'), ('C02', 'C06'), ('C02', 'C07'), ('W', 'Y'), ('X', 'C05'), ('X', 'Y'))",0.0009418329999562047,0.03278404100001353,0.033725873999969735,,6,18,6,0,0.8,3.0,4,0
c08_s04_cov050_seed00000000_bw010,c08_s04_cov050_seed00000000,flip,fast_gate,8,4,measured,0.5,0.1,,0,X,Y,4,3,6,6,0.75,2,"C00,W",0.0,0,0,,1,3,True,4,ok,e1_ladder,mpdag_criterion,True,"Conjecture 2 (hence Anti-Exchange Case B, verified not proved)","(('C00', 'Y'), ('C02', 'C06'), ('C03', 'C05'), ('W', 'Y'), ('X', 'Y'))",0.001104499999996733,0.041157666999993126,0.04226216699998986,,5,15,5,0,0.8,3.0,4,0
c08_s04_cov050_seed00000001_bw010,c08_s04_cov050_seed00000001,flip,fast_gate,8,4,measured,0.5,0.1,,1,X,Y,4,1,7,7,0.7272727272727273,2,"C00,W",0.0,0,0,,1,3,True,4,ok,e1_ladder,mpdag_criterion,True,"Conjecture 2 (hence Anti-Exchange Case B, verified not proved)","(('C00', 'Y'), ('C02', 'C05'), ('C03', 'C06'), ('C06', 'C07'), ('W', 'Y'), ('X', 'Y'))",0.001785709000046154,0.02557212499993966,0.027357833999985814,,5,18,5,0,0.8,3.0,4,0
c08_s04_cov050_seed00000002_bw010,c08_s04_cov050_seed00000002,flip,fast_gate,8,4,measured,0.5,0.1,,2,X,Y,4,1,7,7,0.7272727272727273,2,"C00,W",0.0,0,0,,1,3,True,4,ok,e1_ladder,mpdag_criterion,True,"Conjecture 2 (hence Anti-Exchange Case B, verified not proved)","(('C00', 'Y'), ('C01', 'C06'), ('C03', 'C05'), ('C03', 'C07'), ('W', 'Y'), ('X', 'Y'))",0.0012242080000532951,0.02855395899996438,0.029778167000017675,,6,23,6,0,0.8,3.0,4,0
c08_s04_cov050_seed00000003_bw010,c08_s04_cov050_seed00000003,flip,fast_gate,8,4,measured,0.5,0.1,,3,X,Y,4,4,5,5,0.75,2,"C00,W",0.0,0,0,,1,3,True,4,ok,e1_ladder,mpdag_criterion,True,"Conjecture 2 (hence Anti-Exchange Case B, verified not proved)","(('C00', 'Y'), ('C03', 'C05'), ('W', 'Y'), ('X', 'Y'))",0.0009517500000129075,0.036912166999968576,0.037863916999981484,,4,12,4,0,0.8,3.0,4,0
c08_s04_cov050_seed00000004_bw010,c08_s04_cov050_seed00000004,flip,fast_gate,8,4,measured,0.5,0.1,,4,X,Y,4,0,7,7,0.7,2,"C00,W",0.0,0,0,,1,3,True,4,ok,e1_ladder,mpdag_criterion,True,"Conjecture 2 (hence Anti-Exchange Case B, verified not proved)","(('C00', 'Y'), ('C03', 'C05'), ('C05', 'C06'), ('C06', 'C07'), ('W', 'Y'), ('X', 'Y'))",0.0006589999999278007,0.02002329100002953,0.02068229099995733,,4,18,4,0,0.8,3.0,4,0
c08_s04_cov050_seed00000005_bw010,c08_s04_cov050_seed00000005,flip,fast_gate,8,4,measured,0.5,0.1,,5,X,Y,4,1,7,7,0.7272727272727273,2,"C00,W",0.0,0,0,,1,3,True,4,ok,e1_ladder,mpdag_criterion,True,"Conjecture 2 (hence Anti-Exchange Case B, verified not proved)","(('C00', 'Y'), ('C03', 'C05'), ('C03', 'C07'), ('W', 'Y'), ('X', 'C06'), ('X', 'Y'))",0.0017515829999865673,0.0344905420000714,0.03624212500005797,,4,18,4,0,0.8,3.0,4,0
c08_s04_cov050_seed00000006_bw010,c08_s04_cov050_seed00000006,flip,fast_gate,8,4,measured,0.5,0.1,,6,X,Y,4,0,7,7,0.7,2,"C00,W",0.0,0,0,,1,3,True,4,ok,e1_ladder,mpdag_criterion,True,"Conjecture 2 (hence Anti-Exchange Case B, verified not proved)","(('C00', 'Y'), ('C02', 'C05'), ('C03', 'C06'), ('W', 'Y'), ('X', 'C07'), ('X', 'Y'))",0.0013034169999173173,0.033916374999989785,0.0352197919999071,,5,18,5,0,0.8,3.0,4,0
c08_s04_cov050_seed00000007_bw010,c08_s04_cov050_seed00000007,flip,fast_gate,8,4,measured,0.5,0.1,,7,X,Y,4,0,7,7,0.7,2,"C00,W",0.0,0,0,,1,3,True,4,ok,e1_ladder,mpdag_criterion,True,"Conjecture 2 (hence Anti-Exchange Case B, verified not proved)","(('C00', 'Y'), ('C03', 'C06'), ('C05', 'C07'), ('W', 'Y'), ('X', 'C05'), ('X', 'Y'))",0.000694625000051019,0.027899042000058216,0.028593667000109235,,4,18,4,0,0.8,3.0,4,0
c08_s04_cov050_seed00000008_bw010,c08_s04_cov050_seed00000008,flip,fast_gate,8,4,measured,0.5,0.1,,8,X,Y,4,0,7,7,0.7,2,"C00,W",0.0,0,0,,1,3,True,4,ok,e1_ladder,mpdag_criterion,True,"Conjecture 2 (hence Anti-Exchange Case B, verified not proved)","(('C00', 'Y'), ('C01', 'C06'), ('C03', 'C05'), ('W', 'Y'), ('X', 'C07'), ('X', 'Y'))",0.002582292000056441,0.03826170899992576,0.0408440009999822,,6,23,6,0,0.8,3.0,4,0
c08_s04_cov050_seed00000009_bw010,c08_s04_cov050_seed00000009,flip,fast_gate,8,4,measured,0.5,0.1,,9,X,Y,4,2,6,6,0.7272727272727273,2,"C00,W",0.0,0,0,,1,3,True,4,ok,e1_ladder,mpdag_criterion,True,"Conjecture 2 (hence Anti-Exchange Case B, verified not proved)","(('C00', 'Y'), ('C02', 'C05'), ('W', 'Y'), ('X', 'C07'), ('X', 'Y'))",0.0008179999999811116,0.026539749999983542,0.027357749999964653,,5,15,5,0,0.8,3.0,4,0
c08_s04_cov050_seed00000010_bw010,c08_s04_cov050_seed00000010,flip,fast_gate,8,4,measured,0.5,0.1,,10,X,Y,5,1,9,9,0.7692307692307693,2,"C00,W",0.0,0,0,,1,3,True,4,ok,e1_ladder,mpdag_criterion,True,"Conjecture 2 (hence Anti-Exchange Case B, verified not proved)","(('C00', 'Y'), ('C03', 'C05'), ('C05', 'C06'), ('C05', 'C07'), ('W', 'Y'), ('X', 'C06'), ('X', 'C07'), ('X', 'Y'))",0.00242033300003186,0.03609641599996394,0.0385167489999958,,4,24,4,0,0.8020725388601037,3.510362694300518,5,0
c08_s04_cov050_seed00000011_bw010,c08_s04_cov050_seed00000011,flip,fast_gate,8,4,measured,0.5,0.1,,11,X,Y,4,3,5,5,0.7272727272727273,2,"C00,W",0.0,0,0,,1,3,True,4,ok,e1_ladder,mpdag_criterion,True,"Conjecture 2 (hence Anti-Exchange Case B, verified not proved)","(('C00', 'Y'), ('C03', 'C07'), ('W', 'Y'), ('X', 'Y'))",0.0009039999999913562,0.041865959000006114,0.04276995899999747,,4,12,4,0,0.8,3.0,4,0
c08_s04_cov050_seed00000012_bw010,c08_s04_cov050_seed00000012,flip,fast_gate,8,4,measured,0.5,0.1,,12,X,Y,4,2,6,6,0.7272727272727273,2,"C00,W",0.0,0,0,,1,3,True,4,ok,e1_ladder,mpdag_criterion,True,"Conjecture 2 (hence Anti-Exchange Case B, verified not proved)","(('C00', 'Y'), ('C01', 'C07'), ('C03', 'C05'), ('W', 'Y'), ('X', 'Y'))",0.001900291999959336,0.03932379100001526,0.0412240829999746,,6,19,6,0,0.8,3.0,4,0
c08_s04_cov050_seed00000013_bw010,c08_s04_cov050_seed00000013,flip,fast_gate,8,4,measured,0.5,0.1,,13,X,Y,4,1,7,7,0.7272727272727273,2,"C00,W",0.0,0,0,,1,3,True,4,ok,e1_ladder,mpdag_criterion,True,"Conjecture 2 (hence Anti-Exchange Case B, verified not proved)","(('C00', 'Y'), ('C05', 'C06'), ('C05', 'C07'), ('W', 'Y'), ('X', 'C05'), ('X', 'Y'))",0.0009965000000420332,0.021439833000044928,0.02243633300008696,,4,18,4,0,0.8,3.0,4,0
c08_s04_cov050_seed00000014_bw010,c08_s04_cov050_seed00000014,flip,fast_gate,8,4,measured,0.5,0.1,,14,X,Y,4,1,6,6,0.7,2,"C00,W",0.0,0,0,,1,3,True,4,ok,e1_ladder,mpdag_criterion,True,"Conjecture 2 (hence Anti-Exchange Case B, verified not proved)","(('C00', 'Y'), ('C02', 'C07'), ('W', 'Y'), ('X', 'C06'), ('X', 'Y'))",0.0007019160000254487,0.02766266700007236,0.02836458300009781,,5,15,5,0,0.8,3.0,4,0
c08_s04_cov050_seed00000015_bw010,c08_s04_cov050_seed00000015,flip,fast_gate,8,4,measured,0.5,0.1,,15,X,Y,4,0,7,7,0.7,2,"C00,W",0.0,0,0,,1,3,True,4,ok,e1_ladder,mpdag_criterion,True,"Conjecture 2 (hence Anti-Exchange Case B, verified not proved)","(('C00', 'Y'), ('C01', 'C07'), ('W', 'Y'), ('X', 'C05'), ('X', 'C06'), ('X', 'Y'))",0.0009501670000418017,0.02903804200002469,0.02998820900006649,,6,23,6,0,0.8,3.0,4,0
c08_s04_cov050_seed00000016_bw010,c08_s04_cov050_seed00000016,flip,fast_gate,8,4,measured,0.5,0.1,,16,X,Y,4,1,7,7,0.7272727272727273,2,"C00,W",0.0,0,0,,1,3,True,4,ok,e1_ladder,mpdag_criterion,True,"Conjecture 2 (hence Anti-Exchange Case B, verified not proved)","(('C00', 'Y'), ('C02', 'C05'), ('C02', 'C07'), ('C03', 'C06'), ('W', 'Y'), ('X', 'Y'))",0.0019634999999880165,0.0356592499999806,0.03762274999996862,,6,18,6,0,0.8,3.0,4,0
c08_s04_cov050_seed00000017_bw010,c08_s04_cov050_seed00000017,flip,fast_gate,8,4,measured,0.5,0.1,,17,X,Y,4,2,7,7,0.75,2,"C00,W",0.0,0,0,,1,3,True,4,ok,e1_ladder,mpdag_criterion,True,"Conjecture 2 (hence Anti-Exchange Case B, verified not proved)","(('C00', 'Y'), ('C02', 'C06'), ('C03', 'C05'), ('C03', 'C07'), ('W', 'Y'), ('X', 'Y'))",0.002286583000000064,0.04405950000000303,0.04634608300000309,,5,18,5,0,0.8,3.0,4,0
c08_s04_cov050_seed00000018_bw010,c08_s04_cov050_seed00000018,flip,fast_gate,8,4,measured,0.5,0.1,,18,X,Y,4,2,6,6,0.7272727272727273,2,"C00,W",0.0,0,0,,1,3,True,4,ok,e1_ladder,mpdag_criterion,True,"Conjecture 2 (hence Anti-Exchange Case B, verified not proved)","(('C00', 'Y'), ('C01', 'C06'), ('W', 'Y'), ('X', 'C05'), ('X', 'Y'))",0.001860875000033957,0.034804624999992484,0.03666550000002644,,6,19,6,0,0.8,3.0,4,0
c08_s04_cov050_seed00000019_bw010,c08_s04_cov050_seed00000019,flip,fast_gate,8,4,measured,0.5,0.1,,19,X,Y,4,2,6,6,0.7272727272727273,2,"C00,W",0.0,0,0,,1,3,True,4,ok,e1_ladder,mpdag_criterion,True,"Conjecture 2 (hence Anti-Exchange Case B, verified not proved)","(('C00', 'Y'), ('C02', 'C05'), ('C02', 'C06'), ('W', 'Y'), ('X', 'Y'))",0.0015342920000875893,0.031998749999957,0.03353304200004459,,6,15,6,0,0.8,3.0,4,0
c08_s04_cov050_seed00000020_bw010,c08_s04_cov050_seed00000020,flip,fast_gate,8,4,measured,0.5,0.1,,20,X,Y,4,2,6,6,0.7272727272727273,2,"C00,W",0.0,0,0,,1,3,True,4,ok,e1_ladder,mpdag_criterion,True,"Conjecture 2 (hence Anti-Exchange Case B, verified not proved)","(('C00', 'Y'), ('C03', 'C07'), ('W', 'Y'), ('X', 'C05'), ('X', 'Y'))",0.0008327499999722932,0.03460933400003796,0.035442084000010254,,4,15,4,0,0.8,3.0,4,0
c08_s04_cov050_seed00000021_bw010,c08_s04_cov050_seed00000021,flip,fast_gate,8,4,measured,0.5,0.1,,21,X,Y,4,0,7,7,0.7,2,"C00,W",0.0,0,0,,1,3,True,4,ok,e1_ladder,mpdag_criterion,True,"Conjecture 2 (hence Anti-Exchange Case B, verified not proved)","(('C00', 'Y'), ('C01', 'C05'), ('C02', 'C07'), ('W', 'Y'), ('X', 'C06'), ('X', 'Y'))",0.0009154159999980038,0.03806774999998197,0.038983165999979974,,7,23,7,0,0.8,3.0,4,0
c08_s04_cov050_seed00000022_bw010,c08_s04_cov050_seed00000022,flip,fast_gate,8,4,measured,0.5,0.1,,22,X,Y,4,2,6,6,0.7272727272727273,2,"C00,W",0.0,0,0,,1,3,True,4,ok,e1_ladder,mpdag_criterion,True,"Conjecture 2 (hence Anti-Exchange Case B, verified not proved)","(('C00', 'Y'), ('C02', 'C05'), ('C05', 'C06'), ('W', 'Y'), ('X', 'Y'))",0.0014723330000379065,0.030106541999998626,0.03157887500003653,,5,15,5,0,0.8,3.0,4,0
c08_s04_cov050_seed00000023_bw010,c08_s04_cov050_seed00000023,flip,fast_gate,8,4,measured,0.5,0.1,,23,X,Y,4,2,6,6,0.7272727272727273,2,"C00,W",0.0,0,0,,1,3,True,4,ok,e1_ladder,mpdag_criterion,True,"Conjecture 2 (hence Anti-Exchange Case B, verified not proved)","(('C00', 'Y'), ('C03', 'C06'), ('W', 'Y'), ('X', 'C07'), ('X', 'Y'))",0.0009504580000339047,0.0369614169999295,0.0379118749999634,,4,15,4,0,0.8,3.0,4,0
c08_s04_cov050_seed00000024_bw010,c08_s04_cov050_seed00000024,flip,fast_gate,8,4,measured,0.5,0.1,,24,X,Y,4,1,6,6,0.7,2,"C00,W",0.0,0,0,,1,3,True,4,ok,e1_ladder,mpdag_criterion,True,"Conjecture 2 (hence Anti-Exchange Case B, verified not proved)","(('C00', 'Y'), ('C01', 'C05'), ('C01', 'C06'), ('W', 'Y'), ('X', 'Y'))",0.001052708000088387,0.024152249999929154,0.02520495800001754,,9,23,9,0,0.8,3.0,4,0
c08_s04_cov050_seed00000025_bw010,c08_s04_cov050_seed00000025,flip,fast_gate,8,4,measured,0.5,0.1,,25,X,Y,4,2,7,7,0.75,2,"C00,W",0.0,0,0,,1,3,True,4,ok,e1_ladder,mpdag_criterion,True,"Conjecture 2 (hence Anti-Exchange Case B, verified not proved)","(('C00', 'Y'), ('C01', 'C05'), ('C01', 'C06'), ('C01', 'C07'), ('W', 'Y'), ('X', 'Y'))",0.0018308749999960128,0.043290959000046314,0.04512183400004233,,13,33,13,0,0.8,3.0,4,0
c08_s04_cov050_seed00000026_bw010,c08_s04_cov050_seed00000026,flip,fast_gate,8,4,measured,0.5,0.1,,26,X,Y,4,2,7,7,0.75,2,"C00,W",0.0,0,0,,1,3,True,4,ok,e1_ladder,mpdag_criterion,True,"Conjecture 2 (hence Anti-Exchange Case B, verified not proved)","(('C00', 'Y'), ('C01', 'C06'), ('C03', 'C05'), ('W', 'Y'), ('X', 'C07'), ('X', 'Y'))",0.0014849589999812451,0.029885416999945846,0.03137037599992709,,6,23,6,0,0.8,3.0,4,0
c08_s04_cov050_seed00000027_bw010,c08_s04_cov050_seed00000027,flip,fast_gate,8,4,measured,0.5,0.1,,27,X,Y,4,2,6,6,0.7272727272727273,2,"C00,W",0.0,0,0,,1,3,True,4,ok,e1_ladder,mpdag_criterion,True,"Conjecture 2 (hence Anti-Exchange Case B, verified not proved)","(('C00', 'Y'), ('C03', 'C06'), ('W', 'Y'), ('X', 'C07'), ('X', 'Y'))",0.002337500000066939,0.03219654099996205,0.03453404100002899,,4,15,4,0,0.8,3.0,4,0
c08_s04_cov050_seed00000028_bw010,c08_s04_cov050_seed00000028,flip,fast_gate,8,4,measured,0.5,0.1,,28,X,Y,4,1,7,7,0.7272727272727273,2,"C00,W",0.0,0,0,,1,3,True,4,ok,e1_ladder,mpdag_criterion,True,"Conjecture 2 (hence Anti-Exchange Case B, verified not proved)","(('C00', 'Y'), ('C03', 'C05'), ('C03', 'C07'), ('C05', 'C06'), ('W', 'Y'), ('X', 'Y'))",0.0015366249999715365,0.025470541999993657,0.027007166999965193,,4,18,4,0,0.8,3.0,4,0
c08_s04_cov050_seed00000029_bw010,c08_s04_cov050_seed00000029,flip,fast_gate,8,4,measured,0.5,0.1,,29,X,Y,4,2,6,6,0.7272727272727273,2,"C00,W",0.0,0,0,,1,3,True,4,ok,e1_ladder,mpdag_criterion,True,"Conjecture 2 (hence Anti-Exchange Case B, verified not proved)","(('C00', 'Y'), ('C03', 'C07'), ('W', 'Y'), ('X', 'C05'), ('X', 'Y'))",0.0009400830000458882,0.03279108300000644,0.033731166000052326,,4,15,4,0,0.8,3.0,4,0
c08_s04_cov050_seed00000030_bw010,c08_s04_cov050_seed00000030,flip,fast_gate,8,4,measured,0.5,0.1,,30,X,Y,4,2,6,6,0.7272727272727273,2,"C00,W",0.0,0,0,,1,3,True,4,ok,e1_ladder,mpdag_criterion,True,"Conjecture 2 (hence Anti-Exchange Case B, verified not proved)","(('C00', 'Y'), ('C01', 'C06'), ('W', 'Y'), ('X', 'C07'), ('X', 'Y'))",0.0010334999999486172,0.04779954200000702,0.04883304199995564,,6,19,6,0,0.8,3.0,4,0
c08_s04_cov050_seed00000031_bw010,c08_s04_cov050_seed00000031,flip,fast_gate,8,4,measured,0.5,0.1,,31,X,Y,4,1,7,7,0.7272727272727273,2,"C00,W",0.0,0,0,,1,3,True,4,ok,e1_ladder,mpdag_criterion,True,"Conjecture 2 (hence Anti-Exchange Case B, verified not proved)","(('C00', 'Y'), ('C02', 'C05'), ('C03', 'C06'), ('W', 'Y'), ('X', 'C07'), ('X', 'Y'))",0.0015847079999957714,0.03648141600001509,0.03806612400001086,,5,18,5,0,0.8,3.0,4,0
c08_s04_cov050_seed00000032_bw010,c08_s04_cov050_seed00000032,flip,fast_gate,8,4,measured,0.5,0.1,,32,X,Y,4,1,6,6,0.7,2,"C00,W",0.0,0,0,,1,3,True,4,ok,e1_ladder,mpdag_criterion,True,"Conjecture 2 (hence Anti-Exchange Case B, verified not proved)","(('C00', 'Y'), ('C01', 'C07'), ('W', 'Y'), ('X', 'C05'), ('X', 'Y'))",0.0008939169999848673,0.02229637499999626,0.023190291999981127,,6,19,6,0,0.8,3.0,4,0
c08_s04_cov050_seed00000033_bw010,c08_s04_cov050_seed00000033,flip,fast_gate,8,4,measured,0.5,0.1,,33,X,Y,4,0,7,7,0.7,2,"C00,W",0.0,0,0,,1,3,True,4,ok,e1_ladder,mpdag_criterion,True,"Conjecture 2 (hence Anti-Exchange Case B, verified not proved)","(('C00', 'Y'), ('C02', 'C06'), ('C02', 'C07'), ('W', 'Y'), ('X', 'C05'), ('X', 'Y'))",0.0007016250000333457,0.0253535000000511,0.026055125000084445,,6,18,6,0,0.8,3.0,4,0
c08_s04_cov050_seed00000034_bw010,c08_s04_cov050_seed00000034,flip,fast_gate,8,4,measured,0.5,0.1,,34,X,Y,4,3,5,5,0.7272727272727273,2,"C00,W",0.0,0,0,,1,3,True,4,ok,e1_ladder,mpdag_criterion,True,"Conjecture 2 (hence Anti-Exchange Case B, verified not proved)","(('C00', 'Y'), ('W', 'Y'), ('X', 'C07'), ('X', 'Y'))",0.0007712080000601418,0.04293279099999836,0.0437039990000585,,4,12,4,0,0.8,3.0,4,0
c08_s04_cov050_seed00000035_bw010,c08_s04_cov050_seed00000035,flip,fast_gate,8,4,measured,0.5,0.1,,35,X,Y,4,2,6,6,0.7272727272727273,2,"C00,W",0.0,0,0,,1,3,True,4,ok,e1_ladder,mpdag_criterion,True,"Conjecture 2 (hence Anti-Exchange Case B, verified not proved)","(('C00', 'Y'), ('C01', 'C07'), ('C02', 'C06'), ('W', 'Y'), ('X', 'Y'))",0.001037084000017785,0.04071579100002509,0.04175287500004288,,7,19,7,0,0.8,3.0,4,0
c08_s04_cov050_seed00000036_bw010,c08_s04_cov050_seed00000036,flip,fast_gate,8,4,measured,0.5,0.1,,36,X,Y,4,0,7,7,0.7,2,"C00,W",0.0,0,0,,1,3,True,4,ok,e1_ladder,mpdag_criterion,True,"Conjecture 2 (hence Anti-Exchange Case B, verified not proved)","(('C00', 'Y'), ('C01', 'C05'), ('C01', 'C06'), ('C06', 'C07'), ('W', 'Y'), ('X', 'Y'))",0.0032755419999830337,0.02675395800008573,0.030029500000068765,,10,28,10,0,0.8,3.0,4,0
c08_s04_cov050_seed00000037_bw010,c08_s04_cov050_seed00000037,flip,fast_gate,8,4,measured,0.5,0.1,,37,X,Y,4,2,6,6,0.7272727272727273,2,"C00,W",0.0,0,0,,1,3,True,4,ok,e1_ladder,mpdag_criterion,True,"Conjecture 2 (hence Anti-Exchange Case B, verified not proved)","(('C00', 'Y'), ('C03', 'C06'), ('C06', 'C07'), ('W', 'Y'), ('X', 'Y'))",0.0008718750000298314,0.023760334000030525,0.024632209000060357,,4,15,4,0,0.8,3.0,4,0
c08_s04_cov050_seed00000038_bw010,c08_s04_cov050_seed00000038,flip,fast_gate,8,4,measured,0.5,0.1,,38,X,Y,4,3,5,5,0.7272727272727273,2,"C00,W",0.0,0,0,,1,3,True,4,ok,e1_ladder,mpdag_criterion,True,"Conjecture 2 (hence Anti-Exchange Case B, verified not proved)","(('C00', 'Y'), ('C02', 'C06'), ('W', 'Y'), ('X', 'Y'))",0.0012259999999741922,0.04831808300002649,0.04954408300000068,,5,12,5,0,0.8,3.0,4,0
c08_s04_cov050_seed00000039_bw010,c08_s04_cov050_seed00000039,flip,fast_gate,8,4,measured,0.5,0.1,,39,X,Y,4,1,7,7,0.7272727272727273,2,"C00,W",0.0,0,0,,1,3,True,4,ok,e1_ladder,mpdag_criterion,True,"Conjecture 2 (hence Anti-Exchange Case B, verified not proved)","(('C00', 'Y'), ('C02', 'C06'), ('C02', 'C07'), ('W', 'Y'), ('X', 'C05'), ('X', 'Y'))",0.0009669579999354028,0.03817741599993951,0.039144373999874915,,6,18,6,0,0.8,3.0,4,0
c08_s04_cov050_seed00000007_bw025,c08_s04_cov050_seed00000007,flip,fast_gate,8,4,measured,0.5,0.25,,7,X,Y,4,2,7,7,0.7,2,"C00,W",0.0,0,0,3,0,3,True,3,ok,local_up_fast,mpdag_criterion,True,"Conjecture 2 (hence Anti-Exchange Case B, verified not proved)",C00->Y C01->C00 C03->C06 C05->C07 W->Y X->C05 X->Y C01-C02 C02-C03 C03-X,0.0028786249999939173,0.0,0.0028786249999939173,,4,24,6,0,0.6,2.0,4,1
c08_s04_cov050_seed00000011_bw025,c08_s04_cov050_seed00000011,flip,fast_gate,8,4,measured,0.5,0.25,,11,X,Y,4,3,7,7,0.7272727272727273,2,"C00,W",0.0,0,0,3,0,3,True,3,ok,local_up_fast,mpdag_criterion,True,"Conjecture 2 (hence Anti-Exchange Case B, verified not proved)",C00->C05 C00->C06 C00->Y C01->C00 C03->C07 W->Y X->Y C01-C02 C02-C03 C03-X C07-X,0.001551124999991771,0.0,0.001551124999991771,,4,24,8,0,0.6,2.0,4,1
c08_s04_cov050_seed00000016_bw025,c08_s04_cov050_seed00000016,flip,fast_gate,8,4,measured,0.5,0.25,,16,X,Y,4,3,7,7,0.7272727272727273,2,"C00,W",0.0,0,0,3,0,3,True,3,ok,local_up_fast,mpdag_criterion,True,"Conjecture 2 (hence Anti-Exchange Case B, verified not proved)",C00->Y C01->C00 C02->C05 C02->C07 C03->C06 W->Y X->Y C01-C02 C02-C03 C03-X C06-X,0.004134583999984898,0.0,0.004134583999984898,,6,34,13,0,0.6,2.0,4,1
c08_s04_cov050_seed00000022_bw025,c08_s04_cov050_seed00000022,flip,fast_gate,8,4,measured,0.5,0.25,,22,X,Y,4,3,7,7,0.7272727272727273,2,"C00,W",0.0,0,0,3,0,3,True,3,ok,local_up_fast,mpdag_criterion,True,"Conjecture 2 (hence Anti-Exchange Case B, verified not proved)",C00->C07 C00->Y C01->C00 C02->C05 C05->C06 W->Y X->Y C01-C02 C02-C03 C03-C05 C03-X,0.0027608330000248316,0.0,0.0027608330000248316,,5,29,11,0,0.6,2.0,4,1
c08_s04_cov050_seed00000024_bw025,c08_s04_cov050_seed00000024,flip,fast_gate,8,4,measured,0.5,0.25,,24,X,Y,4,4,5,5,0.7,2,"C00,W",0.0,0,0,3,0,3,True,3,ok,local_up_fast,mpdag_criterion,True,"Conjecture 2 (hence Anti-Exchange Case B, verified not proved)",C00->C07 C00->Y C01->C00 W->Y X->Y C01-C02 C01-C05 C01-C06 C02-C03 C03-X,0.0021588749999637002,0.0,0.0021588749999637002,,4,16,7,0,0.6,2.0,4,1
c08_s04_cov050_seed00000025_bw025,c08_s04_cov050_seed00000025,flip,fast_gate,8,4,measured,0.5,0.25,,25,X,Y,4,7,4,4,0.75,2,"C00,W",0.0,0,0,3,0,3,True,3,ok,local_up_fast,mpdag_criterion,True,"Conjecture 2 (hence Anti-Exchange Case B, verified not proved)",C00->Y C01->C00 W->Y X->Y C01-C02 C01-C05 C01-C06 C01-C07 C02-C03 C02-C05 C03-X C05-C07,0.0016399999999521242,0.0,0.0016399999999521242,,4,12,6,0,0.6,2.0,4,1
c08_s04_cov050_seed00000028_bw025,c08_s04_cov050_seed00000028,flip,fast_gate,8,4,measured,0.5,0.25,,28,X,Y,4,3,7,7,0.7272727272727273,2,"C00,W",0.0,0,0,3,0,3,True,3,ok,local_up_fast,mpdag_criterion,True,"Conjecture 2 (hence Anti-Exchange Case B, verified not proved)",C00->Y C01->C00 C03->C05 C03->C07 C05->C06 W->Y X->Y C01-C02 C02-C03 C03-X C05-C07,0.0012851669999918158,0.0,0.0012851669999918158,,4,24,6,0,0.6,2.0,4,1
c08_s04_cov050_seed00000030_bw025,c08_s04_cov050_seed00000030,flip,fast_gate,8,4,measured,0.5,0.25,,30,X,Y,4,4,6,6,0.7272727272727273,2,"C00,W",0.0,0,0,3,0,3,True,3,ok,local_up_fast,mpdag_criterion,True,"Conjecture 2 (hence Anti-Exchange Case B, verified not proved)",C00->C05 C00->Y C01->C00 W->Y X->C07 X->Y C01-C02 C01-C06 C02-C03 C02-C06 C03-X,0.0013616669999692022,0.0,0.0013616669999692022,,4,20,7,0,0.6,2.0,4,1
c08_s04_cov050_seed00000033_bw025,c08_s04_cov050_seed00000033,flip,fast_gate,8,4,measured,0.5,0.25,,33,X,Y,4,2,7,7,0.7,2,"C00,W",0.0,0,0,3,0,3,True,3,ok,local_up_fast,mpdag_criterion,True,"Conjecture 2 (hence Anti-Exchange Case B, verified not proved)",C00->Y C01->C00 C02->C06 C02->C07 W->Y X->C05 X->Y C01-C02 C02-C03 C03-X,0.0016582499999913125,0.0,0.0016582499999913125,,6,34,13,0,0.6,2.0,4,1
c08_s04_cov050_seed00000044_bw025,c08_s04_cov050_seed00000044,flip,fast_gate,8,4,measured,0.5,0.25,,44,X,Y,4,4,7,7,0.75,2,"C00,W",0.0,0,0,3,0,3,True,3,ok,local_up_fast,mpdag_criterion,True,"Conjecture 2 (hence Anti-Exchange Case B, verified not proved)",C00->Y C01->C00 C02->C05 C02->C07 C03->C06 W->Y X->Y C01-C02 C02-C03 C03-C05 C03-X C05-C07,0.012460458999953516,0.0,0.012460458999953516,,6,34,13,0,0.6,2.0,4,1
c08_s04_cov050_seed00000045_bw025,c08_s04_cov050_seed00000045,flip,fast_gate,8,4,measured,0.5,0.25,,45,X,Y,4,2,7,7,0.7,2,"C00,W",0.0,0,0,3,0,3,True,3,ok,local_up_fast,mpdag_criterion,True,"Conjecture 2 (hence Anti-Exchange Case B, verified not proved)",C00->Y C01->C00 C03->C06 W->Y X->C05 X->C07 X->Y C01-C02 C02-C03 C03-X,0.0013546669999868755,0.0,0.0013546669999868755,,4,24,6,0,0.6,2.0,4,1
c08_s04_cov050_seed00000046_bw025,c08_s04_cov050_seed00000046,flip,fast_gate,8,4,measured,0.5,0.25,,46,X,Y,4,4,6,6,0.7272727272727273,2,"C00,W",0.0,0,0,3,0,3,True,3,ok,local_up_fast,mpdag_criterion,True,"Conjecture 2 (hence Anti-Exchange Case B, verified not proved)",C00->Y C01->C00 C02->C05 C03->C06 W->Y X->Y C01-C02 C01-C07 C02-C03 C03-C05 C03-X,0.003046708000056242,0.0,0.003046708000056242,,5,24,9,0,0.6,2.0,4,1
c08_s04_cov050_seed00000047_bw025,c08_s04_cov050_seed00000047,flip,fast_gate,8,4,measured,0.5,0.25,,47,X,Y,4,2,7,7,0.7,2,"C00,W",0.0,0,0,3,0,3,True,3,ok,local_up_fast,mpdag_criterion,True,"Conjecture 2 (hence Anti-Exchange Case B, verified not proved)",C00->C05 C00->C07 C00->Y C01->C00 W->Y X->C06 X->Y C01-C02 C02-C03 C03-X,0.0012500420000378654,0.0,0.0012500420000378654,,4,24,8,0,0.6,2.0,4,1
c08_s04_cov050_seed00000050_bw025,c08_s04_cov050_seed00000050,flip,fast_gate,8,4,measured,0.5,0.25,,50,X,Y,4,4,6,6,0.7272727272727273,2,"C00,W",0.0,0,0,3,0,3,True,3,ok,local_up_fast,mpdag_criterion,True,"Conjecture 2 (hence Anti-Exchange Case B, verified not proved)",C00->Y C01->C00 C03->C05 W->Y X->C06 X->Y C01-C02 C01-C07 C02-C03 C02-C07 C03-X,0.002912583000011182,0.0,0.002912583000011182,,4,20,6,0,0.6,2.0,4,1
c08_s04_cov050_seed00000051_bw025,c08_s04_cov050_seed00000051,flip,fast_gate,8,4,measured,0.5,0.25,,51,X,Y,4,5,5,5,0.7272727272727273,2,"C00,W",0.0,0,0,3,0,3,True,3,ok,local_up_fast,mpdag_criterion,True,"Conjecture 2 (hence Anti-Exchange Case B, verified not proved)",C00->Y C01->C00 C02->C07 W->Y X->Y C01-C02 C01-C05 C01-C06 C02-C03 C03-X C05-C06,0.0014989999999670545,0.0,0.0014989999999670545,,5,19,9,0,0.6,2.0,4,1
c08_s04_cov050_seed00000052_bw025,c08_s04_cov050_seed00000052,flip,fast_gate,8,4,measured,0.5,0.25,,52,X,Y,4,2,7,7,0.7,2,"C00,W",0.0,0,0,3,0,3,True,3,ok,local_up_fast,mpdag_criterion,True,"Conjecture 2 (hence Anti-Exchange Case B, verified not proved)",C00->Y C01->C00 C03->C06 C05->C07 W->Y X->C05 X->Y C01-C02 C02-C03 C03-X,0.0009601670000165541,0.0,0.0009601670000165541,,4,24,6,0,0.6,2.0,4,1
c08_s04_cov050_seed00000055_bw025,c08_s04_cov050_seed00000055,flip,fast_gate,8,4,measured,0.5,0.25,,55,X,Y,4,4,6,6,0.7272727272727273,2,"C00,W",0.0,0,0,3,0,3,True,3,ok,local_up_fast,mpdag_criterion,True,"Conjecture 2 (hence Anti-Exchange Case B, verified not proved)",C00->Y C01->C00 W->Y X->C05 X->C06 X->Y C01-C02 C01-C07 C02-C03 C03-X C05-C06,0.0012990840000384196,0.0,0.0012990840000384196,,4,20,6,0,0.6,2.0,4,1
c08_s04_cov050_seed00000061_bw025,c08_s04_cov050_seed00000061,flip,fast_gate,8,4,measured,0.5,0.25,,61,X,Y,4,2,7,7,0.7,2,"C00,W",0.0,0,0,3,0,3,True,3,ok,local_up_fast,mpdag_criterion,True,"Conjecture 2 (hence Anti-Exchange Case B, verified not proved)",C00->Y C01->C00 C02->C05 C02->C06 C05->C07 W->Y X->Y C01-C02 C02-C03 C03-X,0.0021699170000601953,0.0,0.0021699170000601953,,6,34,14,0,0.6,2.0,4,1
c08_s04_cov050_seed00000064_bw025,c08_s04_cov050_seed00000064,flip,fast_gate,8,4,measured,0.5,0.25,,64,X,Y,4,3,7,7,0.7272727272727273,2,"C00,W",0.0,0,0,3,0,3,True,3,ok,local_up_fast,mpdag_criterion,True,"Conjecture 2 (hence Anti-Exchange Case B, verified not proved)",C00->C07 C00->Y C01->C00 C02->C05 C02->C06 W->Y X->Y C01-C02 C02-C03 C03-X C05-C06,0.0018659170000319136,0.0,0.0018659170000319136,,6,34,14,0,0.6,2.0,4,1
c08_s04_cov050_seed00000066_bw025,c08_s04_cov050_seed00000066,flip,fast_gate,8,4,measured,0.5,0.25,,66,X,Y,4,3,7,7,0.7272727272727273,2,"C00,W",0.0,0,0,3,0,3,True,3,ok,local_up_fast,mpdag_criterion,True,"Conjecture 2 (hence Anti-Exchange Case B, verified not proved)",C00->Y C01->C00 C05->C07 W->Y X->C05 X->C06 X->Y C01-C02 C02-C03 C03-X C05-C06,0.0013329160000239426,0.0,0.0013329160000239426,,4,24,6,0,0.6,2.0,4,1
c08_s04_cov050_seed00000067_bw025,c08_s04_cov050_seed00000067,flip,fast_gate,8,4,measured,0.5,0.25,,67,X,Y,4,4,7,7,0.75,2,"C00,W",0.0,0,0,3,0,3,True,3,ok,local_up_fast,mpdag_criterion,True,"Conjecture 2 (hence Anti-Exchange Case B, verified not proved)",C00->Y C01->C00 C02->C05 C02->C06 C05->C07 W->Y X->Y C01-C02 C02-C03 C03-C05 C03-C06 C03-X,0.0037303330000213464,0.0,0.0037303330000213464,,6,34,14,0,0.6,2.0,4,1
c08_s04_cov050_seed00000076_bw025,c08_s04_cov050_seed00000076,flip,fast_gate,8,4,measured,0.5,0.25,,76,X,Y,4,3,7,7,0.7272727272727273,2,"C00,W",0.0,0,0,3,0,3,True,3,ok,local_up_fast,mpdag_criterion,True,"Conjecture 2 (hence Anti-Exchange Case B, verified not proved)",C00->Y C01->C00 C02->C05 W->Y X->C06 X->C07 X->Y C01-C02 C02-C03 C03-X C06-C07,0.0015098330000000715,0.0,0.0015098330000000715,,5,29,9,0,0.6,2.0,4,1
c08_s04_cov050_seed00000078_bw025,c08_s04_cov050_seed00000078,flip,fast_gate,8,4,measured,0.5,0.25,,78,X,Y,4,3,6,6,0.7,2,"C00,W",0.0,0,0,3,0,3,True,3,ok,local_up_fast,mpdag_criterion,True,"Conjecture 2 (hence Anti-Exchange Case B, verified not proved)",C00->Y C01->C00 C02->C06 C03->C05 W->Y X->Y C01-C02 C01-C07 C02-C03 C03-X,0.0014555420000306185,0.0,0.0014555420000306185,,5,24,9,0,0.6,2.0,4,1
c08_s04_cov050_seed00000084_bw025,c08_s04_cov050_seed00000084,flip,fast_gate,8,4,measured,0.5,0.25,,84,X,Y,4,3,7,7,0.7272727272727273,2,"C00,W",0.0,0,0,3,0,3,True,3,ok,local_up_fast,mpdag_criterion,True,"Conjecture 2 (hence Anti-Exchange Case B, verified not proved)",C00->Y C01->C00 C03->C05 C03->C07 W->Y X->C06 X->Y C01-C02 C02-C03 C03-X C05-C07,0.0012234579999130801,0.0,0.0012234579999130801,,4,24,6,0,0.6,2.0,4,1
c08_s04_cov050_seed00000087_bw025,c08_s04_cov050_seed00000087,flip,fast_gate,8,4,measured,0.5,0.25,,87,X,Y,4,3,7,7,0.7272727272727273,2,"C00,W",0.0,0,0,3,0,3,True,3,ok,local_up_fast,mpdag_criterion,True,"Conjecture 2 (hence Anti-Exchange Case B, verified not proved)",C00->Y C01->C00 C03->C05 C03->C06 C03->C07 W->Y X->Y C01-C02 C02-C03 C03-X C05-C06,0.0012931670000853046,0.0,0.0012931670000853046,,4,24,6,0,0.6,2.0,4,1
c08_s04_cov050_seed00000092_bw025,c08_s04_cov050_seed00000092,flip,fast_gate,8,4,measured,0.5,0.25,,92,X,Y,4,4,7,7,0.75,2,"C00,W",0.0,0,0,3,0,3,True,3,ok,local_up_fast,mpdag_criterion,True,"Conjecture 2 (hence Anti-Exchange Case B, verified not proved)",C00->Y C01->C00 C02->C05 C02->C06 C02->C07 W->Y X->Y C01-C02 C02-C03 C03-C05 C03-X C05-C07,0.0027044169999044243,0.0,0.0027044169999044243,,7,39,18,0,0.6,2.0,4,1
c08_s04_cov050_seed00000096_bw025,c08_s04_cov050_seed00000096,flip,fast_gate,8,4,measured,0.5,0.25,,96,X,Y,4,2,7,7,0.7,2,"C00,W",0.0,0,0,3,0,3,True,3,ok,local_up_fast,mpdag_criterion,True,"Conjecture 2 (hence Anti-Exchange Case B, verified not proved)",C00->Y C01->C00 C06->C07 W->Y X->C05 X->C06 X->Y C01-C02 C02-C03 C03-X,0.0010977089999641976,0.0,0.0010977089999641976,,4,24,6,0,0.6,2.0,4,1
c08_s04_cov050_seed00000098_bw025,c08_s04_cov050_seed00000098,flip,fast_gate,8,4,measured,0.5,0.25,,98,X,Y,4,7,4,4,0.75,2,"C00,W",0.0,0,0,3,0,3,True,3,ok,local_up_fast,mpdag_criterion,True,"Conjecture 2 (hence Anti-Exchange Case B, verified not proved)",C00->Y C01->C00 W->Y X->Y C00-C07 C01-C02 C01-C05 C01-C06 C01-C07 C02-C03 C03-X C05-C06,0.0023069999999734137,0.0,0.0023069999999734137,,4,12,6,0,0.6,2.0,4,1
c08_s04_cov050_seed00000102_bw025,c08_s04_cov050_seed00000102,flip,fast_gate,8,4,measured,0.5,0.25,,102,X,Y,4,2,7,7,0.7,2,"C00,W",0.0,0,0,3,0,3,True,3,ok,local_up_fast,mpdag_criterion,True,"Conjecture 2 (hence Anti-Exchange Case B, verified not proved)",C00->C06 C00->Y C01->C00 C02->C05 C02->C07 W->Y X->Y C01-C02 C02-C03 C03-X,0.0017471669999622463,0.0,0.0017471669999622463,,6,34,14,0,0.6,2.0,4,1
c08_s04_cov050_seed00000107_bw025,c08_s04_cov050_seed00000107,flip,fast_gate,8,4,measured,0.5,0.25,,107,X,Y,4,2,7,7,0.7,2,"C00,W",0.0,0,0,3,0,3,True,3,ok,local_up_fast,mpdag_criterion,True,"Conjecture 2 (hence Anti-Exchange Case B, verified not proved)",C00->C05 C00->Y C01->C00 C02->C07 C03->C06 W->Y X->Y C01-C02 C02-C03 C03-X,0.0013203750000911896,0.0,0.0013203750000911896,,5,29,10,0,0.6,2.0,4,1
c08_s04_cov050_seed00000110_bw025,c08_s04_cov050_seed00000110,flip,fast_gate,8,4,measured,0.5,0.25,,110,X,Y,4,3,7,7,0.7272727272727273,2,"C00,W",0.0,0,0,3,0,3,True,3,ok,local_up_fast,mpdag_criterion,True,"Conjecture 2 (hence Anti-Exchange Case B, verified not proved)",C00->Y C01->C00 C02->C05 C03->C07 C05->C06 W->Y X->Y C01-C02 C02-C03 C03-X C07-X,0.00347641600001225,0.0,0.00347641600001225,,5,29,10,0,0.6,2.0,4,1
c08_s04_cov050_seed00000112_bw025,c08_s04_cov050_seed00000112,flip,fast_gate,8,4,measured,0.5,0.25,,112,X,Y,4,3,7,7,0.7272727272727273,2,"C00,W",0.0,0,0,3,0,3,True,3,ok,local_up_fast,mpdag_criterion,True,"Conjecture 2 (hence Anti-Exchange Case B, verified not proved)",C00->C05 C00->C06 C00->C07 C00->Y C01->C00 W->Y X->Y C01-C02 C02-C03 C03-X C05-C07,0.0025064580000844217,0.0,0.0025064580000844217,,4,24,9,0,0.6,2.0,4,1
c08_s04_cov050_seed00000114_bw025,c08_s04_cov050_seed00000114,flip,fast_gate,8,4,measured,0.5,0.25,,114,X,Y,4,4,6,6,0.7272727272727273,2,"C00,W",0.0,0,0,3,0,3,True,3,ok,local_up_fast,mpdag_criterion,True,"Conjecture 2 (hence Anti-Exchange Case B, verified not proved)",C00->Y C01->C00 C02->C07 W->Y X->C06 X->Y C00-C05 C01-C02 C01-C05 C02-C03 C03-X,0.001530375000015738,0.0,0.001530375000015738,,5,24,9,0,0.6,2.0,4,1
c08_s04_cov050_seed00000123_bw025,c08_s04_cov050_seed00000123,flip,fast_gate,8,4,measured,0.5,0.25,,123,X,Y,5,5,9,9,0.7692307692307693,2,"C00,W",0.0,0,0,,1,3,True,5,ok,e1_ladder,mpdag_criterion,True,"Conjecture 2 (hence Anti-Exchange Case B, verified not proved)","(('C00', 'C07'), ('C00', 'Y'), ('C01', 'C07'), ('C03', 'C06'), ('C05', 'C00'), ('W', 'Y'), ('X', 'Y'))",0.006351459000029536,0.05507470800000647,0.061426167000036,,9,46,9,0,0.8058823529411765,3.5294117647058822,5,0
c08_s04_cov050_seed00000124_bw025,c08_s04_cov050_seed00000124,flip,fast_gate,8,4,measured,0.5,0.25,,124,X,Y,4,2,7,7,0.7,2,"C00,W",0.0,0,0,3,0,3,True,3,ok,local_up_fast,mpdag_criterion,True,"Conjecture 2 (hence Anti-Exchange Case B, verified not proved)",C00->C07 C00->Y C01->C00 W->Y X->C05 X->C06 X->Y C01-C02 C02-C03 C03-X,0.002585791000001336,0.0,0.002585791000001336,,4,24,7,0,0.6,2.0,4,1
c08_s04_cov050_seed00000131_bw025,c08_s04_cov050_seed00000131,flip,fast_gate,8,4,measured,0.5,0.25,,131,X,Y,4,3,7,7,0.7272727272727273,2,"C00,W",0.0,0,0,3,0,3,True,3,ok,local_up_fast,mpdag_criterion,True,"Conjecture 2 (hence Anti-Exchange Case B, verified not proved)",C00->Y C01->C00 C02->C05 C03->C06 C03->C07 W->Y X->Y C01-C02 C02-C03 C03-X C06-C07,0.0015327090000027965,0.0,0.0015327090000027965,,5,29,9,0,0.6,2.0,4,1
c08_s04_cov050_seed00000143_bw025,c08_s04_cov050_seed00000143,flip,fast_gate,8,4,measured,0.5,0.25,,143,X,Y,4,2,7,7,0.7,2,"C00,W",0.0,0,0,3,0,3,True,3,ok,local_up_fast,mpdag_criterion,True,"Conjecture 2 (hence Anti-Exchange Case B, verified not proved)",C00->Y C01->C00 C02->C06 W->Y X->C05 X->C07 X->Y C01-C02 C02-C03 C03-X,0.0013372500000059517,0.0,0.0013372500000059517,,5,29,9,0,0.6,2.0,4,1
c08_s04_cov050_seed00000144_bw025,c08_s04_cov050_seed00000144,flip,fast_gate,8,4,measured,0.5,0.25,,144,X,Y,5,6,6,6,0.7692307692307693,2,"C00,W",0.0,0,0,3,0,3,True,3,ok,local_up_fast,mpdag_criterion,True,"Conjecture 2 (hence Anti-Exchange Case B, verified not proved)",C00->Y C01->C00 C01->C05 C02->C07 W->Y X->Y C01-C02 C01-C06 C02-C03 C02-C05 C03-C07 C03-X C05-C06,0.005661333000034574,0.0,0.005661333000034574,,8,37,15,0,0.597071129707113,2.485355648535565,5,1
c08_s04_cov050_seed00000145_bw025,c08_s04_cov050_seed00000145,flip,fast_gate,8,4,measured,0.5,0.25,,145,X,Y,4,5,6,6,0.75,2,"C00,W",0.0,0,0,3,0,3,True,3,ok,local_up_fast,mpdag_criterion,True,"Conjecture 2 (hence Anti-Exchange Case B, verified not proved)",C00->Y C01->C00 C02->C05 C05->C07 W->Y X->Y C01-C02 C01-C06 C02-C03 C02-C06 C03-C05 C03-X,0.0034456669999372025,0.0,0.0034456669999372025,,5,24,10,0,0.6,2.0,4,1
c08_s04_cov050_seed00000147_bw025,c08_s04_cov050_seed00000147,flip,fast_gate,8,4,measured,0.5,0.25,,147,X,Y,4,2,7,7,0.7,2,"C00,W",0.0,0,0,3,0,3,True,3,ok,local_up_fast,mpdag_criterion,True,"Conjecture 2 (hence Anti-Exchange Case B, verified not proved)",C00->C05 C00->Y C01->C00 C05->C06 C06->C07 W->Y X->Y C01-C02 C02-C03 C03-X,0.0010176670000419108,0.0,0.0010176670000419108,,4,24,7,0,0.6,2.0,4,1
c08_s04_cov100_seed00000000_bw000,c08_s04_cov100_seed00000000,flip,fast_gate,8,4,measured,1.0,0.0,,0,X,Y,9,0,9,9,0.75,2,"C00,W",0.0,0,0,,1,3,True,4,ok,e1_ladder,mpdag_criterion,True,"Conjecture 2 (hence Anti-Exchange Case B, verified not proved)","(('C00', 'C07'), ('C00', 'Y'), ('C02', 'C06'), ('C03', 'C05'), ('C03', 'C06'), ('W', 'Y'), ('X', 'C05'), ('X', 'Y'))",0.006786207999994076,0.03477208399999654,0.041558291999990615,,20,90,20,0,0.582847078915534,4.998683555112787,9,2
c08_s04_cov100_seed00000001_bw000,c08_s04_cov100_seed00000001,flip,fast_gate,8,4,measured,1.0,0.0,,1,X,Y,8,0,8,8,0.7272727272727273,2,"C00,W",0.0,0,0,,1,3,True,4,ok,e1_ladder,mpdag_criterion,True,"Conjecture 2 (hence Anti-Exchange Case B, verified not proved)","(('C00', 'Y'), ('C02', 'C05'), ('C03', 'C06'), ('C06', 'C07'), ('W', 'Y'), ('X', 'C06'), ('X', 'Y'))",0.003072999999972126,0.03155562499989628,0.03462862499986841,,8,34,8,0,0.6234821778300039,4.651488444966706,8,1
c08_s04_cov100_seed00000002_bw000,c08_s04_cov100_seed00000002,flip,fast_gate,8,4,measured,1.0,0.0,,2,X,Y,8,0,8,8,0.7272727272727273,2,"C00,W",0.0,0,0,,1,3,True,4,ok,e1_ladder,mpdag_criterion,True,"Conjecture 2 (hence Anti-Exchange Case B, verified not proved)","(('C00', 'Y'), ('C01', 'C06'), ('C03', 'C05'), ('C03', 'C07'), ('W', 'Y'), ('X', 'C05'), ('X', 'Y'))",0.0035195409999460026,0.029962374999968233,0.033481915999914236,,10,40,10,0,0.5311827956989248,4.311827956989247,8,2
c08_s04_cov100_seed00000003_bw000,c08_s04_cov100_seed00000003,flip,fast_gate,8,4,measured,1.0,0.0,,3,X,Y,9,0,9,9,0.75,2,"C00,W",0.0,0,0,,1,3,True,4,ok,e1_ladder,mpdag_criterion,True,"Conjecture 2 (hence Anti-Exchange Case B, verified not proved)","(('C00', 'C06'), ('C00', 'C07'), ('C00', 'Y'), ('C03', 'C05'), ('C06', 'C07'), ('W', 'Y'), ('X', 'C05'), ('X', 'Y'))",0.007076583000070968,0.042026082999996106,0.049102666000067074,,27,104,27,0,0.5578177150192554,4.773299101412066,9,2
c08_s04_cov100_seed00000004_bw000,c08_s04_cov100_seed00000004,flip,fast_gate,8,4,measured,1.0,0.0,,4,X,Y,7,0,7,7,0.7,2,"C00,W",0.0,0,0,,1,3,True,4,ok,e1_ladder,mpdag_criterion,True,"Conjecture 2 (hence Anti-Exchange Case B, verified not proved)","(('C00', 'Y'), ('C03', 'C05'), ('C05', 'C06'), ('C06', 'C07'), ('W', 'Y'), ('X', 'Y'))",0.0013947919999282021,0.022703875000047447,0.02409866699997565,,4,18,4,0,0.953448275862069,5.5344827586206895,7,1
c08_s04_cov100_seed00000005_bw000,c08_s04_cov100_seed00000005,flip,fast_gate,8,4,measured,1.0,0.0,,5,X,Y,8,0,8,8,0.7272727272727273,2,"C00,W",0.0,0,0,,1,3,True,4,ok,e1_ladder,mpdag_criterion,True,"Conjecture 2 (hence Anti-Exchange Case B, verified not proved)","(('C00', 'Y'), ('C03', 'C05'), ('C03', 'C07'), ('W', 'Y'), ('X', 'C06'), ('X', 'C07'), ('X', 'Y'))",0.0021758330000238857,0.03594412499990085,0.038119957999924736,,7,34,7,0,0.5296428571428571,4.296428571428572,8,2
c08_s04_cov100_seed00000006_bw000,c08_s04_cov100_seed00000006,flip,fast_gate,8,4,measured,1.0,0.0,,6,X,Y,7,0,7,7,0.7,2,"C00,W",0.0,0,0,,1,3,True,4,ok,e1_ladder,mpdag_criterion,True,"Conjecture 2 (hence Anti-Exchange Case B, verified not proved)","(('C00', 'Y'), ('C02', 'C05'), ('C03', 'C06'), ('W', 'Y'), ('X', 'C07'), ('X', 'Y'))",0.0007168330000695278,0.030947833000027458,0.031664666000096986,,5,18,5,0,0.5509433962264151,3.509433962264151,7,2
c08_s04_cov100_seed00000007_bw000,c08_s04_cov100_seed00000007,flip,fast_gate,8,4,measured,1.0,0.0,,7,X,Y,7,0,7,7,0.7,2,"C00,W",0.0,0,0,,1,3,True,4,ok,e1_ladder,mpdag_criterion,True,"Conjecture 2 (hence Anti-Exchange Case B, verified not proved)","(('C00', 'Y'), ('C03', 'C06'), ('C05', 'C07'), ('W', 'Y'), ('X', 'C05'), ('X', 'Y'))",0.0012993330000199421,0.029374582999935228,0.03067391599995517,,4,18,4,0,0.5385964912280702,3.3859649122807016,7,1
c08_s04_cov100_seed00000008_bw000,c08_s04_cov100_seed00000008,flip,fast_gate,8,4,measured,1.0,0.0,,8,X,Y,7,0,7,7,0.7,2,"C00,W",0.0,0,0,,1,3,True,4,ok,e1_ladder,mpdag_criterion,True,"Conjecture 2 (hence Anti-Exchange Case B, verified not proved)","(('C00', 'Y'), ('C01', 'C06'), ('C03', 'C05'), ('W', 'Y'), ('X', 'C07'), ('X', 'Y'))",0.0009532919999628575,0.030280666999942696,0.031233958999905553,,6,23,6,0,0.5466666666666666,3.466666666666667,7,2
c08_s04_cov100_seed00000009_bw000,c08_s04_cov100_seed00000009,flip,fast_gate,8,4,measured,1.0,0.0,,9,X,Y,8,0,8,8,0.7272727272727273,2,"C00,W",0.0,0,0,,1,3,True,4,ok,e1_ladder,mpdag_criterion,True,"Conjecture 2 (hence Anti-Exchange Case B, verified not proved)","(('C00', 'C06'), ('C00', 'Y'), ('C02', 'C05'), ('C03', 'C05'), ('W', 'Y'), ('X', 'C07'), ('X', 'Y'))",0.0025028339999835225,0.032634874999985186,0.03513770899996871,,12,53,12,0,0.5029185867895546,4.029185867895546,8,2
c08_s04_cov100_seed00000010_bw000,c08_s04_cov100_seed00000010,flip,fast_gate,8,4,measured,1.0,0.0,,10,X,Y,10,0,10,10,0.7692307692307693,2,"C00,W",0.0,0,0,,1,3,True,4,ok,e1_ladder,mpdag_criterion,True,"Conjecture 2 (hence Anti-Exchange Case B, verified not proved)","(('C00', 'Y'), ('C03', 'C05'), ('C05', 'C06'), ('C05', 'C07'), ('W', 'Y'), ('X', 'C05'), ('X', 'C06'), ('X', 'C07'), ('X', 'Y'))",0.0020982500000172877,0.03805675000000974,0.04015500000002703,,7,44,7,0,0.40499999999999997,4.05,10,2
c08_s04_cov100_seed00000011_bw000,c08_s04_cov100_seed00000011,flip,fast_gate,8,4,measured,1.0,0.0,,11,X,Y,8,0,8,8,0.7272727272727273,2,"C00,W",0.0,0,0,,1,3,True,4,ok,e1_ladder,mpdag_criterion,True,"Conjecture 2 (hence Anti-Exchange Case B, verified not proved)","(('C00', 'C05'), ('C00', 'C06'), ('C00', 'Y'), ('C03', 'C07'), ('W', 'Y'), ('X', 'C07'), ('X', 'Y'))",0.0036814590000631142,0.04207662500004972,0.04575808400011283,,20,78,20,0,0.49232954545454544,3.9232954545454546,8,2
c08_s04_cov100_seed00000012_bw000,c08_s04_cov100_seed00000012,flip,fast_gate,8,4,measured,1.0,0.0,,12,X,Y,8,0,8,8,0.7272727272727273,2,"C00,W",0.0,0,0,,1,3,True,4,ok,e1_ladder,mpdag_criterion,True,"Conjecture 2 (hence Anti-Exchange Case B, verified not proved)","(('C00', 'C06'), ('C00', 'Y'), ('C01', 'C06'), ('C01', 'C07'), ('C03', 'C05'), ('W', 'Y'), ('X', 'Y'))",0.0025777910000215343,0.034254374999932224,0.03683216599995376,,15,52,15,0,0.7395010395010394,4.232848232848233,8,3
c08_s04_cov100_seed00000013_bw000,c08_s04_cov100_seed00000013,flip,fast_gate,8,4,measured,1.0,0.0,,13,X,Y,8,0,8,8,0.7272727272727273,2,"C00,W",0.0,0,0,,1,3,True,4,ok,e1_ladder,mpdag_criterion,True,"Conjecture 2 (hence Anti-Exchange Case B, verified not proved)","(('C00', 'Y'), ('C05', 'C06'), ('C05', 'C07'), ('C06', 'C07'), ('W', 'Y'), ('X', 'C05'), ('X', 'Y'))",0.0028858329999366106,0.02757891600003859,0.0304647489999752,,7,34,7,0,0.46875,3.6875,8,0
c08_s04_cov100_seed00000014_bw000,c08_s04_cov100_seed00000014,flip,fast_gate,8,4,measured,1.0,0.0,,14,X,Y,7,0,7,7,0.7,2,"C00,W",0.0,0,0,,1,3,True,4,ok,e1_ladder,mpdag_criterion,True,"Conjecture 2 (hence Anti-Exchange Case B, verified not proved)","(('C00', 'C05'), ('C00', 'Y'), ('C02', 'C07'), ('W', 'Y'), ('X', 'C06'), ('X', 'Y'))",0.0022140840000020034,0.02329883400000199,0.025512918000003992,,8,29,8,0,0.5,3.0,7,2
c08_s04_cov100_seed00000015_bw000,c08_s04_cov100_seed00000015,flip,fast_gate,8,4,measured,1.0,0.0,,15,X,Y,7,0,7,7,0.7,2,"C00,W",0.0,0,0,,1,3,True,4,ok,e1_ladder,mpdag_criterion,True,"Conjecture 2 (hence Anti-Exchange Case B, verified not proved)","(('C00', 'Y'), ('C01', 'C07'), ('W', 'Y'), ('X', 'C05'), ('X', 'C06'), ('X', 'Y'))",0.0010773750000225846,0.02625258299997313,0.027329957999995713,,6,23,6,0,0.5,3.0,7,2
c08_s04_cov100_seed00000016_bw000,c08_s04_cov100_seed00000016,flip,fast_gate,8,4,measured,1.0,0.0,,16,X,Y,8,0,8,8,0.7272727272727273,2,"C00,W",0.0,0,0,,1,3,True,4,ok,e1_ladder,mpdag_criterion,True,"Conjecture 2 (hence Anti-Exchange Case B, verified not proved)","(('C00', 'Y'), ('C02', 'C05'), ('C02', 'C07'), ('C03', 'C06'), ('W', 'Y'), ('X', 'C06'), ('X', 'Y'))",0.0016027909999820622,0.03307099999994989,0.03467379099993195,,9,34,9,0,0.5135104578858112,4.135104578858112,8,2
c08_s04_cov100_seed00000017_bw000,c08_s04_cov100_seed00000017,flip,fast_gate,8,4,measured,1.0,0.0,,17,X,Y,9,0,9,9,0.75,2,"C00,W",0.0,0,0,,1,3,True,4,ok,e1_ladder,mpdag_criterion,True,"Conjecture 2 (hence Anti-Exchange Case B, verified not proved)","(('C00', 'Y'), ('C02', 'C06'), ('C03', 'C05'), ('C03', 'C07'), ('W', 'Y'), ('X', 'C05'), ('X', 'C07'), ('X', 'Y'))",0.002997583000023951,0.03280912499997157,0.035806707999995524,,13,61,13,0,0.49468085106382975,4.223404255319149,9,3
c08_s04_cov100_seed00000018_bw000,c08_s04_cov100_seed00000018,flip,fast_gate,8,4,measured,1.0,0.0,,18,X,Y,8,0,8,8,0.7272727272727273,2,"C00,W",0.0,0,0,,1,3,True,4,ok,e1_ladder,mpdag_criterion,True,"Conjecture 2 (hence Anti-Exchange Case B, verified not proved)","(('C00', 'C07'), ('C00', 'Y'), ('C01', 'C06'), ('C02', 'C06'), ('W', 'Y'), ('X', 'C05'), ('X', 'Y'))",0.002459084000065559,0.03221579199998814,0.0346748760000537,,14,53,14,0,0.45813953488372094,3.5813953488372094,8,2
c08_s04_cov100_seed00000019_bw000,c08_s04_cov100_seed00000019,flip,fast_gate,8,4,measured,1.0,0.0,,19,X,Y,8,0,8,8,0.7272727272727273,2,"C00,W",0.0,0,0,,1,3,True,4,ok,e1_ladder,mpdag_criterion,True,"Conjecture 2 (hence Anti-Exchange Case B, verified not proved)","(('C00', 'C07'), ('C00', 'Y'), ('C02', 'C05'), ('C02', 'C06'), ('C05', 'C06'), ('W', 'Y'), ('X', 'Y'))",0.0023741659999814146,0.02761837499997455,0.029992540999955963,,13,53,13,0,0.6656597774244831,4.143084260731319,8,3
c08_s04_cov100_seed00000020_bw000,c08_s04_cov100_seed00000020,flip,fast_gate,8,4,measured,1.0,0.0,,20,X,Y,8,0,8,8,0.7272727272727273,2,"C00,W",0.0,0,0,,1,3,True,4,ok,e1_ladder,mpdag_criterion,True,"Conjecture 2 (hence Anti-Exchange Case B, verified not proved)","(('C00', 'C06'), ('C00', 'Y'), ('C01', 'C06'), ('C03', 'C07'), ('W', 'Y'), ('X', 'C05'), ('X', 'Y'))",0.003760374999956184,0.04095225000003211,0.04471262499998829,,11,46,11,0,0.507922077922078,4.079220779220779,8,2
c08_s04_cov100_seed00000021_bw000,c08_s04_cov100_seed00000021,flip,fast_gate,8,4,measured,1.0,0.0,,21,X,Y,7,0,7,7,0.7,2,"C00,W",0.0,0,0,,1,3,True,4,ok,e1_ladder,mpdag_criterion,True,"Conjecture 2 (hence Anti-Exchange Case B, verified not proved)","(('C00', 'Y'), ('C01', 'C05'), ('C02', 'C07'), ('W', 'Y'), ('X', 'C06'), ('X', 'Y'))",0.0009675000000015643,0.028406041999915033,0.029373541999916597,,7,23,7,0,0.5,3.0,7,2
c08_s04_cov100_seed00000022_bw000,c08_s04_cov100_seed00000022,flip,fast_gate,8,4,measured,1.0,0.0,,22,X,Y,8,0,8,8,0.7272727272727273,2,"C00,W",0.0,0,0,,1,3,True,4,ok,e1_ladder,mpdag_criterion,True,"Conjecture 2 (hence Anti-Exchange Case B, verified not proved)","(('C00', 'C07'), ('C00', 'Y'), ('C02', 'C05'), ('C03', 'C05'), ('C05', 'C06'), ('W', 'Y'), ('X', 'Y'))",0.0030074589999458112,0.029093417000012778,0.03210087599995859,,12,53,12,0,0.9295127353266889,5.2951273532668885,8,2
c08_s04_cov100_seed00000023_bw000,c08_s04_cov100_seed00000023,flip,fast_gate,8,4,measured,1.0,0.0,,23,X,Y,8,0,8,8,0.7272727272727273,2,"C00,W",0.0,0,0,,1,3,True,4,ok,e1_ladder,mpdag_criterion,True,"Conjecture 2 (hence Anti-Exchange Case B, verified not proved)","(('C00', 'C05'), ('C00', 'Y'), ('C03', 'C06'), ('W', 'Y'), ('X', 'C06'), ('X', 'C07'), ('X', 'Y'))",0.0023780000000215296,0.03899233399999957,0.0413703340000211,,12,53,12,0,0.48065934065934063,3.8065934065934064,8,2
c08_s04_cov100_seed00000024_bw000,c08_s04_cov100_seed00000024,flip,fast_gate,8,4,measured,1.0,0.0,,24,X,Y,7,0,7,7,0.7,2,"C00,W",0.0,0,0,,1,3,True,4,ok,e1_ladder,mpdag_criterion,True,"Conjecture 2 (hence Anti-Exchange Case B, verified not proved)","(('C00', 'C07'), ('C00', 'Y'), ('C01', 'C05'), ('C01', 'C06'), ('W', 'Y'), ('X', 'Y'))",0.003284125000050153,0.03792479200001253,0.041208917000062684,,14,39,14,0,0.5,3.0,7,3
c08_s04_cov100_seed00000025_bw000,c08_s04_cov100_seed00000025,flip,fast_gate,8,4,measured,1.0,0.0,,25,X,Y,9,0,9,9,0.75,2,"C00,W",0.0,0,0,,1,3,True,4,ok,e1_ladder,mpdag_criterion,True,"Conjecture 2 (hence Anti-Exchange Case B, verified not proved)","(('C00', 'Y'), ('C01', 'C05'), ('C01', 'C06'), ('C01', 'C07'), ('C02', 'C05'), ('C05', 'C07'), ('W', 'Y'), ('X', 'Y'))",0.005079874999978529,0.03436966700007815,0.03944954200005668,,14,53,14,0,0.6390804597701147,4.195402298850574,9,4
c08_s04_cov100_seed00000026_bw000,c08_s04_cov100_seed00000026,flip,fast_gate,8,4,measured,1.0,0.0,,26,X,Y,9,0,9,9,0.75,2,"C00,W",0.0,0,0,,1,3,True,4,ok,e1_ladder,mpdag_criterion,True,"Conjecture 2 (hence Anti-Exchange Case B, verified not proved)","(('C00', 'Y'), ('C01', 'C06'), ('C02', 'C06'), ('C03', 'C05'), ('W', 'Y'), ('X', 'C05'), ('X', 'C07'), ('X', 'Y'))",0.005816041999992194,0.031698083000037514,0.03751412500002971,,14,61,14,0,0.5440170940170941,4.662393162393163,9,2
c08_s04_cov100_seed00000027_bw000,c08_s04_cov100_seed00000027,flip,fast_gate,8,4,measured,1.0,0.0,,27,X,Y,8,0,8,8,0.7272727272727273,2,"C00,W",0.0,0,0,,1,3,True,4,ok,e1_ladder,mpdag_criterion,True,"Conjecture 2 (hence Anti-Exchange Case B, verified not proved)","(('C00', 'C05'), ('C00', 'Y'), ('C03', 'C06'), ('W', 'Y'), ('X', 'C06'), ('X', 'C07'), ('X', 'Y'))",0.0021811249999927895,0.025408958000070925,0.027590083000063714,,12,53,12,0,0.46729559748427674,3.6729559748427674,8,2
c08_s04_cov100_seed00000028_bw000,c08_s04_cov100_seed00000028,flip,fast_gate,8,4,measured,1.0,0.0,,28,X,Y,8,0,8,8,0.7272727272727273,2,"C00,W",0.0,0,0,,1,3,True,4,ok,e1_ladder,mpdag_criterion,True,"Conjecture 2 (hence Anti-Exchange Case B, verified not proved)","(('C00', 'Y'), ('C03', 'C05'), ('C03', 'C07'), ('C05', 'C06'), ('C05', 'C07'), ('W', 'Y'), ('X', 'Y'))",0.0020843749999812644,0.027508207999972,0.029592582999953265,,7,34,7,0,0.9557737627651217,5.557737627651218,8,2
c08_s04_cov100_seed00000029_bw000,c08_s04_cov100_seed00000029,flip,fast_gate,8,4,measured,1.0,0.0,,29,X,Y,8,0,8,8,0.7272727272727273,2,"C00,W",0.0,0,0,,1,3,True,4,ok,e1_ladder,mpdag_criterion,True,"Conjecture 2 (hence Anti-Exchange Case B, verified not proved)","(('C00', 'C06'), ('C00', 'Y'), ('C03', 'C07'), ('W', 'Y'), ('X', 'C05'), ('X', 'C07'), ('X', 'Y'))",0.002524666999988767,0.028745582999931685,0.03127024999992045,,12,53,12,0,0.4704702194357367,3.704702194357367,8,2
c08_s04_cov100_seed00000030_bw000,c08_s04_cov100_seed00000030,flip,fast_gate,8,4,measured,1.0,0.0,,30,X,Y,8,0,8,8,0.7272727272727273,2,"C00,W",0.0,0,0,,1,3,True,4,ok,e1_ladder,mpdag_criterion,True,"Conjecture 2 (hence Anti-Exchange Case B, verified not proved)","(('C00', 'C05'), ('C00', 'Y'), ('C01', 'C06'), ('C02', 'C06'), ('W', 'Y'), ('X', 'C07'), ('X', 'Y'))",0.002422040999931596,0.0321244580001121,0.034546499000043696,,14,53,14,0,0.46976744186046515,3.697674418604651,8,2
c08_s04_cov100_seed00000031_bw000,c08_s04_cov100_seed00000031,flip,fast_gate,8,4,measured,1.0,0.0,,31,X,Y,8,0,8,8,0.7272727272727273,2,"C00,W",0.0,0,0,,1,3,True,4,ok,e1_ladder,mpdag_criterion,True,"Conjecture 2 (hence Anti-Exchange Case B, verified not proved)","(('C00', 'Y'), ('C02', 'C05'), ('C03', 'C05'), ('C03', 'C06'), ('W', 'Y'), ('X', 'C07'), ('X', 'Y'))",0.0016782909999619733,0.037081208000017796,0.03875949899997977,,7,34,7,0,0.5172341417910448,4.172341417910448,8,2
c08_s04_cov100_seed00000032_bw000,c08_s04_cov100_seed00000032,flip,fast_gate,8,4,measured,1.0,0.0,,32,X,Y,7,0,7,7,0.7,2,"C00,W",0.0,0,0,,1,3,True,4,ok,e1_ladder,mpdag_criterion,True,"Conjecture 2 (hence Anti-Exchange Case B, verified not proved)","(('C00', 'C06'), ('C00', 'Y'), ('C01', 'C07'), ('W', 'Y'), ('X', 'C05'), ('X', 'Y'))",0.0020599160000074335,0.023527208000018618,0.02558712400002605,,10,34,10,0,0.5,3.0,7,2
c08_s04_cov100_seed00000033_bw000,c08_s04_cov100_seed00000033,flip,fast_gate,8,4,measured,1.0,0.0,,33,X,Y,7,0,7,7,0.7,2,"C00,W",0.0,0,0,,1,3,True,4,ok,e1_ladder,mpdag_criterion,True,"Conjecture 2 (hence Anti-Exchange Case B, verified not proved)","(('C00', 'Y'), ('C02', 'C06'), ('C02', 'C07'), ('W', 'Y'), ('X', 'C05'), ('X', 'Y'))",0.0008873329999232737,0.030470041999933528,0.0313573749998568,,6,18,6,0,0.5,3.0,7,2
c08_s04_cov100_seed00000034_bw000,c08_s04_cov100_seed00000034,flip,fast_gate,8,4,measured,1.0,0.0,,34,X,Y,8,0,8,8,0.7272727272727273,2,"C00,W",0.0,0,0,,1,3,True,4,ok,e1_ladder,mpdag_criterion,True,"Conjecture 2 (hence Anti-Exchange Case B, verified not proved)","(('C00', 'C05'), ('C00', 'C06'), ('C00', 'Y'), ('C01', 'C06'), ('W', 'Y'), ('X', 'C07'), ('X', 'Y'))",0.003136375000053704,0.03208316600000671,0.03521954100006042,,18,65,18,0,0.4416666666666667,3.4166666666666665,8,2
c08_s04_cov100_seed00000035_bw000,c08_s04_cov100_seed00000035,flip,fast_gate,8,4,measured,1.0,0.0,,35,X,Y,8,0,8,8,0.7272727272727273,2,"C00,W",0.0,0,0,,1,3,True,4,ok,e1_ladder,mpdag_criterion,True,"Conjecture 2 (hence Anti-Exchange Case B, verified not proved)","(('C00', 'C05'), ('C00', 'Y'), ('C01', 'C07'), ('C02', 'C06'), ('C02', 'C07'), ('W', 'Y'), ('X', 'Y'))",0.004630750000046646,0.030051707999973587,0.03468245800002023,,15,53,15,0,0.47536231884057967,3.753623188405797,8,3
c08_s04_cov100_seed00000036_bw000,c08_s04_cov100_seed00000036,flip,fast_gate,8,4,measured,1.0,0.0,,36,X,Y,7,0,7,7,0.7,2,"C00,W",0.0,0,0,,1,3,True,4,ok,e1_ladder,mpdag_criterion,True,"Conjecture 2 (hence Anti-Exchange Case B, verified not proved)","(('C00', 'Y'), ('C01', 'C05'), ('C01', 'C06'), ('C06', 'C07'), ('W', 'Y'), ('X', 'Y'))",0.0012313749999748325,0.02832441700002164,0.029555791999996472,,10,28,10,0,0.5,3.0,7,3
c08_s04_cov100_seed00000037_bw000,c08_s04_cov100_seed00000037,flip,fast_gate,8,4,measured,1.0,0.0,,37,X,Y,8,0,8,8,0.7272727272727273,2,"C00,W",0.0,0,0,,1,3,True,4,ok,e1_ladder,mpdag_criterion,True,"Conjecture 2 (hence Anti-Exchange Case B, verified not proved)","(('C00', 'C05'), ('C00', 'Y'), ('C03', 'C06'), ('C06', 'C07'), ('W', 'Y'), ('X', 'C06'), ('X', 'Y'))",0.004271499999958905,0.0386083339999459,0.042879833999904804,,12,53,12,0,0.5893665158371041,4.408371040723981,8,1
c08_s04_cov100_seed00000038_bw000,c08_s04_cov100_seed00000038,flip,fast_gate,8,4,measured,1.0,0.0,,38,X,Y,8,0,8,8,0.7272727272727273,2,"C00,W",0.0,0,0,,1,3,True,4,ok,e1_ladder,mpdag_criterion,True,"Conjecture 2 (hence Anti-Exchange Case B, verified not proved)","(('C00', 'C05'), ('C00', 'Y'), ('C01', 'C05'), ('C02', 'C06'), ('C05', 'C07'), ('W', 'Y'), ('X', 'Y'))",0.004005000000006476,0.04754533299990271,0.05155033299990919,,13,46,13,0,0.472,3.7199999999999998,8,3
c08_s04_cov100_seed00000039_bw000,c08_s04_cov100_seed00000039,flip,fast_gate,8,4,measured,1.0,0.0,,39,X,Y,8,0,8,8,0.7272727272727273,2,"C00,W",0.0,0,0,,1,3,True,4,ok,e1_ladder,mpdag_criterion,True,"Conjecture 2 (hence Anti-Exchange Case B, verified not proved)","(('C00', 'Y'), ('C02', 'C06'), ('C02', 'C07'), ('C03', 'C06'), ('W', 'Y'), ('X', 'C05'), ('X', 'Y'))",0.0014863339999919845,0.0375187920000144,0.039005126000006385,,8,34,8,0,0.5084401237295626,4.0844012372956255,8,2
c08_s04_cov100_seed00000015_bw010,c08_s04_cov100_seed00000015,flip,fast_gate,8,4,measured,1.0,0.1,,15,X,Y,7,2,7,7,0.7,2,"C00,W",0.0,0,0,3,0,3,True,3,ok,local_up_fast,mpdag_criterion,True,"Conjecture 2 (hence Anti-Exchange Case B, verified not proved)",C00->Y C01->C00 C01->C07 W->Y X->C05 X->C06 X->Y C01-C02 C02-C03 C03-X,0.003367125000067972,0.0,0.003367125000067972,,7,40,11,0,0.3,2.0,7,3
c08_s04_cov100_seed00000017_bw010,c08_s04_cov100_seed00000017,flip,fast_gate,8,4,measured,1.0,0.1,,17,X,Y,9,2,9,9,0.75,2,"C00,W",0.0,0,0,,1,3,True,5,ok,e1_ladder,mpdag_criterion,True,"Conjecture 2 (hence Anti-Exchange Case B, verified not proved)","(('C00', 'Y'), ('C02', 'C06'), ('C03', 'C05'), ('C03', 'C07'), ('W', 'Y'), ('X', 'C05'), ('X', 'Y'))",0.0021797089999608943,0.04302754200000436,0.045207250999965254,,10,46,10,0,0.5625435540069686,4.625435540069686,9,2
c08_s04_cov100_seed00000018_bw010,c08_s04_cov100_seed00000018,flip,fast_gate,8,4,measured,1.0,0.1,,18,X,Y,8,2,8,8,0.7272727272727273,2,"C00,W",0.0,0,0,3,0,3,True,3,ok,local_up_fast,mpdag_criterion,True,"Conjecture 2 (hence Anti-Exchange Case B, verified not proved)",C00->C07 C00->Y C01->C00 C01->C06 C02->C06 W->Y X->C05 X->Y C01-C02 C02-C03 C03-X,0.004100792000031106,0.0,0.004100792000031106,,8,53,17,0,0.375,2.75,8,3
c08_s04_cov100_seed00000019_bw010,c08_s04_cov100_seed00000019,flip,fast_gate,8,4,measured,1.0,0.1,,19,X,Y,8,2,8,8,0.7272727272727273,2,"C00,W",0.0,0,0,,1,3,True,5,ok,e1_ladder,mpdag_criterion,True,"Conjecture 2 (hence Anti-Exchange Case B, verified not proved)","(('C00', 'Y'), ('C02', 'C05'), ('C02', 'C06'), ('C05', 'C06'), ('W', 'Y'), ('X', 'Y'))",0.001432792000059635,0.03723320899996452,0.03866600100002415,,7,34,7,0,0.7420879120879122,5.151648351648352,8,2
c08_s04_cov100_seed00000021_bw010,c08_s04_cov100_seed00000021,flip,fast_gate,8,4,measured,1.0,0.1,,21,X,Y,7,2,7,7,0.7,2,"C00,W",0.0,0,0,3,0,3,True,3,ok,local_up_fast,mpdag_criterion,True,"Conjecture 2 (hence Anti-Exchange Case B, verified not proved)",C00->Y C01->C00 C01->C05 C02->C07 W->Y X->C06 X->Y C01-C02 C02-C03 C03-X,0.0019043339999598174,0.0,0.0019043339999598174,,8,45,15,0,0.3,2.0,7,3
c08_s04_cov100_seed00000023_bw010,c08_s04_cov100_seed00000023,flip,fast_gate,8,4,measured,1.0,0.1,,23,X,Y,8,2,8,8,0.7272727272727273,2,"C00,W",0.0,0,0,,1,3,True,5,ok,e1_ladder,mpdag_criterion,True,"Conjecture 2 (hence Anti-Exchange Case B, verified not proved)","(('C00', 'C05'), ('C00', 'Y'), ('C03', 'C06'), ('W', 'Y'), ('X', 'C07'), ('X', 'Y'))",0.004706666000060977,0.037557166999931724,0.0422638329999927,,12,53,12,0,0.5,4.0,8,1
c08_s04_cov100_seed00000027_bw010,c08_s04_cov100_seed00000027,flip,fast_gate,8,4,measured,1.0,0.1,,27,X,Y,8,2,8,8,0.7272727272727273,2,"C00,W",0.0,0,0,3,0,3,True,3,ok,local_up_fast,mpdag_criterion,True,"Conjecture 2 (hence Anti-Exchange Case B, verified not proved)",C00->C05 C00->Y C01->C00 C03->C06 W->Y X->C06 X->C07 X->Y C01-C02 C02-C03 C03-X,0.0022137079999993148,0.0,0.0022137079999993148,,7,47,13,0,0.3965531736023539,2.9655317360235394,8,3
c08_s04_cov100_seed00000034_bw010,c08_s04_cov100_seed00000034,flip,fast_gate,8,4,measured,1.0,0.1,,34,X,Y,8,2,8,8,0.7272727272727273,2,"C00,W",0.0,0,0,,1,3,True,5,ok,e1_ladder,mpdag_criterion,True,"Conjecture 2 (hence Anti-Exchange Case B, verified not proved)","(('C00', 'C05'), ('C00', 'C06'), ('C00', 'Y'), ('W', 'Y'), ('X', 'C07'), ('X', 'Y'))",0.002726040999959878,0.04740845799994986,0.05013449899990974,,14,59,14,0,0.5565217391304348,4.565217391304348,8,1
c08_s04_cov100_seed00000039_bw010,c08_s04_cov100_seed00000039,flip,fast_gate,8,4,measured,1.0,0.1,,39,X,Y,8,2,8,8,0.7272727272727273,2,"C00,W",0.0,0,0,3,0,3,True,3,ok,local_up_fast,mpdag_criterion,True,"Conjecture 2 (hence Anti-Exchange Case B, verified not proved)",C00->Y C01->C00 C02->C06 C02->C07 C03->C06 W->Y X->C05 X->Y C01-C02 C02-C03 C03-X,0.003917249999972228,0.0,0.003917249999972228,,8,53,16,0,0.4135294117647058,3.135294117647059,8,3
c08_s04_cov100_seed00000043_bw010,c08_s04_cov100_seed00000043,flip,fast_gate,8,4,measured,1.0,0.1,,43,X,Y,8,2,8,8,0.7272727272727273,2,"C00,W",0.0,0,0,,1,3,True,5,ok,e1_ladder,mpdag_criterion,True,"Conjecture 2 (hence Anti-Exchange Case B, verified not proved)","(('C00', 'Y'), ('C02', 'C05'), ('C03', 'C05'), ('C03', 'C06'), ('W', 'Y'), ('X', 'Y'))",0.0039055419999840524,0.030989083999998,0.034894625999982054,,7,34,7,0,0.8469485614646904,5.48561464690497,8,2
c08_s04_cov100_seed00000045_bw010,c08_s04_cov100_seed00000045,flip,fast_gate,8,4,measured,1.0,0.1,,45,X,Y,7,2,7,7,0.7,2,"C00,W",0.0,0,0,3,0,3,True,3,ok,local_up_fast,mpdag_criterion,True,"Conjecture 2 (hence Anti-Exchange Case B, verified not proved)",C00->Y C01->C00 C03->C06 W->Y X->C05 X->C07 X->Y C01-C02 C02-C03 C03-X,0.0009111250000159998,0.0,0.0009111250000159998,,4,24,6,0,0.3793103448275862,2.396551724137931,7,3
c08_s04_cov100_seed00000047_bw010,c08_s04_cov100_seed00000047,flip,fast_gate,8,4,measured,1.0,0.1,,47,X,Y,7,2,7,7,0.7,2,"C00,W",0.0,0,0,,1,3,True,5,ok,e1_ladder,mpdag_criterion,True,"Conjecture 2 (hence Anti-Exchange Case B, verified not proved)","(('C00', 'C05'), ('C00', 'Y'), ('W', 'Y'), ('X', 'C06'), ('X', 'Y'))",0.0010092909999457333,0.02460758299991994,0.025616873999865675,,6,23,6,0,0.6,4.0,7,1
c08_s04_cov100_seed00000048_bw010,c08_s04_cov100_seed00000048,flip,fast_gate,8,4,measured,1.0,0.1,,48,X,Y,7,2,7,7,0.7,2,"C00,W",0.0,0,0,3,0,3,True,3,ok,local_up_fast,mpdag_criterion,True,"Conjecture 2 (hence Anti-Exchange Case B, verified not proved)",C00->C05 C00->C07 C00->Y C01->C00 C02->C06 W->Y X->Y C01-C02 C02-C03 C03-X,0.002093332999947961,0.0,0.002093332999947961,,5,29,11,0,0.3,2.0,7,4
c08_s04_cov100_seed00000053_bw010,c08_s04_cov100_seed00000053,flip,fast_gate,8,4,measured,1.0,0.1,,53,X,Y,8,2,8,8,0.7272727272727273,2,"C00,W",0.0,0,0,,1,3,True,4,ok,e1_ladder,mpdag_criterion,True,"Conjecture 2 (hence Anti-Exchange Case B, verified not proved)","(('C00', 'C06'), ('C00', 'Y'), ('C03', 'C05'), ('C03', 'C07'), ('C07', 'C05'), ('W', 'Y'), ('X', 'Y'))",0.0048069999999142965,0.03906720800000585,0.043874207999920145,,12,53,12,0,0.9302392344497609,5.3023923444976075,8,2
c08_s04_cov100_seed00000054_bw010,c08_s04_cov100_seed00000054,flip,fast_gate,8,4,measured,1.0,0.1,,54,X,Y,9,2,9,9,0.75,2,"C00,W",0.0,0,0,,1,3,True,5,ok,e1_ladder,mpdag_criterion,True,"Conjecture 2 (hence Anti-Exchange Case B, verified not proved)","(('C00', 'Y'), ('C01', 'C05'), ('C01', 'C06'), ('C03', 'C07'), ('C05', 'C06'), ('W', 'Y'), ('X', 'Y'))",0.0035395410000091942,0.03728758299996571,0.0408271239999749,,18,68,18,0,0.5538461538461539,4.538461538461538,9,2
c08_s04_cov100_seed00000056_bw010,c08_s04_cov100_seed00000056,flip,fast_gate,8,4,measured,1.0,0.1,,56,X,Y,8,2,8,8,0.7272727272727273,2,"C00,W",0.0,0,0,,1,3,True,5,ok,e1_ladder,mpdag_criterion,True,"Conjecture 2 (hence Anti-Exchange Case B, verified not proved)","(('C00', 'Y'), ('C01', 'C05'), ('C05', 'C06'), ('C06', 'C07'), ('W', 'Y'), ('X', 'Y'))",0.0018513750000010987,0.034939499999950385,0.036790874999951484,,9,34,9,0,0.5590163934426229,4.590163934426229,8,2
c08_s04_cov100_seed00000058_bw010,c08_s04_cov100_seed00000058,flip,fast_gate,8,4,measured,1.0,0.1,,58,X,Y,8,2,8,8,0.7272727272727273,2,"C00,W",0.0,0,0,,1,3,True,5,ok,e1_ladder,mpdag_criterion,True,"Conjecture 2 (hence Anti-Exchange Case B, verified not proved)","(('C00', 'Y'), ('C01', 'C06'), ('C01', 'C07'), ('C02', 'C05'), ('W', 'Y'), ('X', 'Y'))",0.0020248339999398013,0.04157783300001938,0.04360266699995918,,11,40,11,0,0.5649122807017544,4.649122807017544,8,2
c08_s04_cov100_seed00000063_bw010,c08_s04_cov100_seed00000063,flip,fast_gate,8,4,measured,1.0,0.1,,63,X,Y,9,2,9,9,0.75,2,"C00,W",0.0,0,0,,1,3,True,5,ok,e1_ladder,mpdag_criterion,True,"Conjecture 2 (hence Anti-Exchange Case B, verified not proved)","(('C00', 'Y'), ('C02', 'C05'), ('C03', 'C06'), ('C03', 'C07'), ('W', 'Y'), ('X', 'C06'), ('X', 'Y'))",0.005030625000017608,0.03329633299995294,0.038326957999970546,,10,46,10,0,0.5886939571150097,4.886939571150097,9,2
c08_s04_cov100_seed00000064_bw010,c08_s04_cov100_seed00000064,flip,fast_gate,8,4,measured,1.0,0.1,,64,X,Y,8,2,8,8,0.7272727272727273,2,"C00,W",0.0,0,0,,1,3,True,4,ok,e1_ladder,mpdag_criterion,True,"Conjecture 2 (hence Anti-Exchange Case B, verified not proved)","(('C00', 'C07'), ('C00', 'Y'), ('C02', 'C05'), ('C02', 'C06'), ('C06', 'C05'), ('W', 'Y'), ('X', 'Y'))",0.0046859999999924185,0.043570541000008234,0.04825654100000065,,13,53,13,0,0.723218304576144,4.278694673668417,8,3
c08_s04_cov100_seed00000065_bw010,c08_s04_cov100_seed00000065,flip,fast_gate,8,4,measured,1.0,0.1,,65,X,Y,7,2,7,7,0.7,2,"C00,W",0.0,0,0,,1,3,True,5,ok,e1_ladder,mpdag_criterion,True,"Conjecture 2 (hence Anti-Exchange Case B, verified not proved)","(('C00', 'C05'), ('C00', 'Y'), ('C06', 'C07'), ('W', 'Y'), ('X', 'Y'))",0.0030974169999353762,0.03303504200005136,0.03613245899998674,,10,34,10,0,0.6,4.0,7,2
c08_s04_cov100_seed00000068_bw010,c08_s04_cov100_seed00000068,flip,fast_gate,8,4,measured,1.0,0.1,,68,X,Y,7,2,7,7,0.7,2,"C00,W",0.0,0,0,3,0,3,True,3,ok,local_up_fast,mpdag_criterion,True,"Conjecture 2 (hence Anti-Exchange Case B, verified not proved)",C00->Y C01->C00 C02->C05 C02->C06 C06->C07 W->Y X->Y C01-C02 C02-C03 C03-X,0.0016615419999652659,0.0,0.0016615419999652659,,6,34,14,0,0.6181818181818179,2.4545454545454546,7,4
c08_s04_cov100_seed00000069_bw010,c08_s04_cov100_seed00000069,flip,fast_gate,8,4,measured,1.0,0.1,,69,X,Y,7,2,7,7,0.7,2,"C00,W",0.0,0,0,,1,3,True,5,ok,e1_ladder,mpdag_criterion,True,"Conjecture 2 (hence Anti-Exchange Case B, verified not proved)","(('C00', 'Y'), ('C02', 'C07'), ('C03', 'C06'), ('W', 'Y'), ('X', 'Y'))",0.0007837079999717389,0.03396125000006123,0.034744958000032966,,4,18,4,0,0.7918367346938776,4.479591836734694,7,2
c08_s04_cov100_seed00000070_bw010,c08_s04_cov100_seed00000070,flip,fast_gate,8,4,measured,1.0,0.1,,70,X,Y,7,2,7,7,0.7,2,"C00,W",0.0,0,0,3,0,3,True,3,ok,local_up_fast,mpdag_criterion,True,"Conjecture 2 (hence Anti-Exchange Case B, verified not proved)",C00->C07 C00->Y C01->C00 C02->C06 C03->C05 W->Y X->Y C01-C02 C02-C03 C03-X,0.0024415000000317377,0.0,0.0024415000000317377,,5,29,10,0,0.5692307692307694,2.3846153846153846,7,4
c08_s04_cov100_seed00000072_bw010,c08_s04_cov100_seed00000072,flip,fast_gate,8,4,measured,1.0,0.1,,72,X,Y,9,2,9,9,0.75,2,"C00,W",0.0,0,0,3,0,3,True,3,ok,local_up_fast,mpdag_criterion,True,"Conjecture 2 (hence Anti-Exchange Case B, verified not proved)",C00->C07 C00->Y C01->C00 C03->C05 C03->C06 C05->C06 W->Y X->C05 X->Y C01-C02 C02-C03 C03-X,0.005764957999986109,0.0,0.005764957999986109,,8,61,16,0,0.9211575211575213,5.302484302484302,9,3
c08_s04_cov100_seed00000073_bw010,c08_s04_cov100_seed00000073,flip,fast_gate,8,4,measured,1.0,0.1,,73,X,Y,9,2,9,9,0.75,2,"C00,W",0.0,0,0,3,0,3,True,3,ok,local_up_fast,mpdag_criterion,True,"Conjecture 2 (hence Anti-Exchange Case B, verified not proved)",C00->Y C01->C00 C02->C06 C03->C06 C03->C07 C06->C07 W->Y X->C05 X->Y C01-C02 C02-C03 C03-X,0.003171666000071127,0.0,0.003171666000071127,,7,54,12,0,0.5481977671451357,3.8880382775119617,9,3
c08_s04_cov100_seed00000077_bw010,c08_s04_cov100_seed00000077,flip,fast_gate,8,4,measured,1.0,0.1,,77,X,Y,8,2,8,8,0.7272727272727273,2,"C00,W",0.0,0,0,3,0,3,True,3,ok,local_up_fast,mpdag_criterion,True,"Conjecture 2 (hence Anti-Exchange Case B, verified not proved)",C00->C05 C00->Y C01->C00 C03->C06 C06->C07 W->Y X->C06 X->Y C01-C02 C02-C03 C03-X,0.0036666669999476653,0.0,0.0036666669999476653,,7,47,13,0,0.48099136730715675,3.8099136730715673,8,2
c08_s04_cov100_seed00000080_bw010,c08_s04_cov100_seed00000080,flip,fast_gate,8,4,measured,1.0,0.1,,80,X,Y,9,2,9,9,0.75,2,"C00,W",0.0,0,0,3,0,3,True,3,ok,local_up_fast,mpdag_criterion,True,"Conjecture 2 (hence Anti-Exchange Case B, verified not proved)",C00->Y C01->C00 C03->C05 C03->C06 W->Y X->C05 X->C06 X->C07 X->Y C01-C02 C02-C03 C03-X,0.005423250000035296,0.0,0.005423250000035296,,11,83,19,0,0.3529411764705882,3.098039215686274,9,4
c08_s04_cov100_seed00000081_bw010,c08_s04_cov100_seed00000081,flip,fast_gate,8,4,measured,1.0,0.1,,81,X,Y,8,2,8,8,0.7272727272727273,2,"C00,W",0.0,0,0,3,0,3,True,3,ok,local_up_fast,mpdag_criterion,True,"Conjecture 2 (hence Anti-Exchange Case B, verified not proved)",C00->C05 C00->Y C01->C00 C01->C05 C02->C06 C02->C07 W->Y X->Y C01-C02 C02-C03 C03-X,0.0024202910000212796,0.0,0.0024202910000212796,,7,47,20,0,0.37916666666666665,2.7916666666666665,8,4
c08_s04_cov100_seed00000090_bw010,c08_s04_cov100_seed00000090,flip,fast_gate,8,4,measured,1.0,0.1,,90,X,Y,7,2,7,7,0.7,2,"C00,W",0.0,0,0,3,0,3,True,3,ok,local_up_fast,mpdag_criterion,True,"Conjecture 2 (hence Anti-Exchange Case B, verified not proved)",C00->Y C01->C00 C02->C06 C02->C07 C03->C05 W->Y X->Y C01-C02 C02-C03 C03-X,0.003046667000035086,0.0,0.003046667000035086,,6,34,13,0,0.6945454545454545,2.5636363636363635,7,4
c08_s04_cov100_seed00000092_bw010,c08_s04_cov100_seed00000092,flip,fast_gate,8,4,measured,1.0,0.1,,92,X,Y,9,2,9,9,0.75,2,"C00,W",0.0,0,0,,1,3,True,5,ok,e1_ladder,mpdag_criterion,True,"Conjecture 2 (hence Anti-Exchange Case B, verified not proved)","(('C00', 'Y'), ('C02', 'C05'), ('C02', 'C06'), ('C02', 'C07'), ('C05', 'C07'), ('W', 'Y'), ('X', 'Y'))",0.00433324999994511,0.04223524999997608,0.04656849999992119,,13,61,13,0,0.5695652173913043,4.695652173913043,9,3
c08_s04_cov100_seed00000094_bw010,c08_s04_cov100_seed00000094,flip,fast_gate,8,4,measured,1.0,0.1,,94,X,Y,7,2,7,7,0.7,2,"C00,W",0.0,0,0,3,0,3,True,3,ok,local_up_fast,mpdag_criterion,True,"Conjecture 2 (hence Anti-Exchange Case B, verified not proved)",C00->C05 C00->Y C01->C00 C01->C06 C03->C07 W->Y X->Y C01-C02 C02-C03 C03-X,0.0019652080000014394,0.0,0.0019652080000014394,,7,40,13,0,0.6383333333333334,2.4833333333333334,7,4
c08_s04_cov100_seed00000098_bw010,c08_s04_cov100_seed00000098,flip,fast_gate,8,4,measured,1.0,0.1,,98,X,Y,9,2,9,9,0.75,2,"C00,W",0.0,0,0,,1,3,True,5,ok,e1_ladder,mpdag_criterion,True,"Conjecture 2 (hence Anti-Exchange Case B, verified not proved)","(('C00', 'C07'), ('C00', 'Y'), ('C01', 'C05'), ('C01', 'C06'), ('C05', 'C06'), ('W', 'Y'), ('X', 'Y'))",0.002969624999991538,0.04454295799996544,0.047512582999956976,,15,68,15,0,0.6355888093689004,5.355888093689004,9,2
c08_s04_cov100_seed00000099_bw010,c08_s04_cov100_seed00000099,flip,fast_gate,8,4,measured,1.0,0.1,,99,X,Y,7,2,7,7,0.7,2,"C00,W",0.0,0,0,3,0,3,True,3,ok,local_up_fast,mpdag_criterion,True,"Conjecture 2 (hence Anti-Exchange Case B, verified not proved)",C00->Y C01->C00 C03->C06 C06->C07 W->Y X->C05 X->Y C01-C02 C02-C03 C03-X,0.0010397500000181026,0.0,0.0010397500000181026,,4,24,6,0,0.6233034571062739,2.9193341869398206,7,3
c08_s04_cov100_seed00000101_bw010,c08_s04_cov100_seed00000101,flip,fast_gate,8,4,measured,1.0,0.1,,101,X,Y,8,2,8,8,0.7272727272727273,2,"C00,W",0.0,0,0,,1,3,True,5,ok,e1_ladder,mpdag_criterion,True,"Conjecture 2 (hence Anti-Exchange Case B, verified not proved)","(('C00', 'Y'), ('C01', 'C05'), ('C02', 'C07'), ('C05', 'C06'), ('W', 'Y'), ('X', 'Y'))",0.0036205829999289563,0.03529833300001428,0.03891891599994324,,11,40,11,0,0.5441860465116279,4.441860465116279,8,2
c08_s04_cov100_seed00000102_bw010,c08_s04_cov100_seed00000102,flip,fast_gate,8,4,measured,1.0,0.1,,102,X,Y,7,2,7,7,0.7,2,"C00,W",0.0,0,0,3,0,3,True,3,ok,local_up_fast,mpdag_criterion,True,"Conjecture 2 (hence Anti-Exchange Case B, verified not proved)",C00->C06 C00->Y C01->C00 C02->C05 C02->C07 W->Y X->Y C01-C02 C02-C03 C03-X,0.0012952910000194606,0.0,0.0012952910000194606,,6,34,14,0,0.3,2.0,7,4
c08_s04_cov100_seed00000113_bw010,c08_s04_cov100_seed00000113,flip,fast_gate,8,4,measured,1.0,0.1,,113,X,Y,8,2,8,8,0.7272727272727273,2,"C00,W",0.0,0,0,,1,3,True,5,ok,e1_ladder,mpdag_criterion,True,"Conjecture 2 (hence Anti-Exchange Case B, verified not proved)","(('C00', 'C05'), ('C00', 'Y'), ('C01', 'C07'), ('W', 'Y'), ('X', 'C06'), ('X', 'Y'))",0.0018662919999314909,0.037685500000065986,0.039551791999997477,,9,40,9,0,0.5533333333333333,4.533333333333333,8,1
c08_s04_cov100_seed00000120_bw010,c08_s04_cov100_seed00000120,flip,fast_gate,8,4,measured,1.0,0.1,,120,X,Y,8,2,8,8,0.7272727272727273,2,"C00,W",0.0,0,0,3,0,3,True,3,ok,local_up_fast,mpdag_criterion,True,"Conjecture 2 (hence Anti-Exchange Case B, verified not proved)",C00->Y C01->C00 C01->C05 C01->C07 C02->C05 C03->C06 W->Y X->Y C01-C02 C02-C03 C03-X,0.006682875000024069,0.0,0.006682875000024069,,12,78,25,0,0.7122171945701357,3.3280542986425337,8,4
c08_s04_cov100_seed00000122_bw010,c08_s04_cov100_seed00000122,flip,fast_gate,8,4,measured,1.0,0.1,,122,X,Y,8,2,8,8,0.7272727272727273,2,"C00,W",0.0,0,0,,1,3,True,5,ok,e1_ladder,mpdag_criterion,True,"Conjecture 2 (hence Anti-Exchange Case B, verified not proved)","(('C00', 'Y'), ('C03', 'C05'), ('W', 'Y'), ('X', 'C05'), ('X', 'C06'), ('X', 'Y'))",0.0031260000000656873,0.03461824999999408,0.037744250000059765,,7,34,7,0,0.643888888888889,5.03888888888889,8,1
c08_s04_cov100_seed00000134_bw010,c08_s04_cov100_seed00000134,flip,fast_gate,8,4,measured,1.0,0.1,,134,X,Y,7,2,7,7,0.7,2,"C00,W",0.0,0,0,3,0,3,True,3,ok,local_up_fast,mpdag_criterion,True,"Conjecture 2 (hence Anti-Exchange Case B, verified not proved)",C00->Y C01->C00 C02->C07 C03->C05 C05->C06 W->Y X->Y C01-C02 C02-C03 C03-X,0.0017781669998839789,0.0,0.0017781669998839789,,5,29,9,0,0.888888888888889,3.4444444444444446,7,3
c08_s04_cov100_seed00000136_bw010,c08_s04_cov100_seed00000136,flip,fast_gate,8,4,measured,1.0,0.1,,136,X,Y,9,2,9,9,0.75,2,"C00,W",0.0,0,0,,1,3,True,5,ok,e1_ladder,mpdag_criterion,True,"Conjecture 2 (hence Anti-Exchange Case B, verified not proved)","(('C00', 'C06'), ('C00', 'Y'), ('C01', 'C06'), ('C02', 'C07'), ('C03', 'C05'), ('W', 'Y'), ('X', 'Y'))",0.007341125000039028,0.06366324999999051,0.07100437500002954,,19,75,19,0,0.5394736842105263,4.394736842105263,9,2
c08_s04_cov100_seed00000002_bw025,c08_s04_cov100_seed00000002,flip,fast_gate,8,4,measured,1.0,0.25,,2,X,Y,8,4,8,8,0.7272727272727273,2,"C00,W",0.0,0,0,,1,3,True,4,ok,e1_ladder,mpdag_criterion,True,"Conjecture 2 (hence Anti-Exchange Case B, verified not proved)","(('C00', 'Y'), ('C01', 'C00'), ('C03', 'C05'), ('C03', 'C07'), ('W', 'Y'), ('X', 'C05'), ('X', 'Y'))",0.0018725420000009763,0.030204709000145158,0.032077251000146134,,10,40,10,0,0.5310909090909092,4.310909090909091,8,2
c08_s04_cov100_seed00000003_bw025,c08_s04_cov100_seed00000003,flip,fast_gate,8,4,measured,1.0,0.25,,3,X,Y,9,4,9,9,0.75,2,"C00,W",0.0,0,0,,1,3,True,6,ok,e1_ladder,mpdag_criterion,True,"Conjecture 2 (hence Anti-Exchange Case B, verified not proved)","(('C00', 'C07'), ('C00', 'Y'), ('C03', 'C05'), ('C06', 'C07'), ('W', 'Y'), ('X', 'Y'))",0.004515500000024986,0.05187799999998788,0.056393500000012864,,18,75,18,0,0.6478260869565218,5.478260869565218,9,1
c08_s04_cov100_seed00000029_bw025,c08_s04_cov100_seed00000029,flip,fast_gate,8,4,measured,1.0,0.25,,29,X,Y,8,4,8,8,0.7272727272727273,2,"C00,W",0.0,0,0,,1,3,True,4,ok,e1_ladder,mpdag_criterion,True,"Conjecture 2 (hence Anti-Exchange Case B, verified not proved)","(('C00', 'C06'), ('C00', 'Y'), ('C01', 'C00'), ('C03', 'C07'), ('W', 'Y'), ('X', 'C05'), ('X', 'Y'))",0.004767083999922761,0.02611950000004981,0.030886583999972572,,15,59,15,0,0.4,3.0,8,2
c08_s04_cov100_seed00000038_bw025,c08_s04_cov100_seed00000038,flip,fast_gate,8,4,measured,1.0,0.25,,38,X,Y,8,4,8,8,0.7272727272727273,2,"C00,W",0.0,0,0,3,0,3,True,3,ok,local_up_fast,mpdag_criterion,True,"Conjecture 2 (hence Anti-Exchange Case B, verified not proved)",C00->Y C01->C00 C01->C05 C02->C06 C05->C00 C05->C07 W->Y X->Y C01-C02 C02-C03 C03-X,0.004080584000121235,0.0,0.004080584000121235,,12,77,25,0,0.3873563218390805,2.873563218390805,8,4
c08_s04_cov100_seed00000054_bw025,c08_s04_cov100_seed00000054,flip,fast_gate,8,4,measured,1.0,0.25,,54,X,Y,9,4,9,9,0.75,2,"C00,W",0.0,0,0,,1,3,True,4,ok,e1_ladder,mpdag_criterion,True,"Conjecture 2 (hence Anti-Exchange Case B, verified not proved)","(('C00', 'Y'), ('C01', 'C00'), ('C01', 'C05'), ('C01', 'C06'), ('C03', 'C07'), ('C05', 'C06'), ('W', 'Y'), ('X', 'Y'))",0.00886758399997234,0.028864666999879773,0.03773225099985211,,41,140,41,0,0.4111111111111111,3.5555555555555554,9,3
c08_s04_cov100_seed00000071_bw025,c08_s04_cov100_seed00000071,flip,fast_gate,8,4,measured,1.0,0.25,,71,X,Y,8,4,8,8,0.7272727272727273,2,"C00,W",0.0,0,0,,1,3,True,4,ok,e1_ladder,mpdag_criterion,True,"Conjecture 2 (hence Anti-Exchange Case B, verified not proved)","(('C00', 'Y'), ('C01', 'C00'), ('C01', 'C06'), ('C02', 'C07'), ('W', 'Y'), ('X', 'C05'), ('X', 'Y'))",0.007668167000019821,0.029430667000042376,0.0370988340000622,,21,78,21,0,0.4521739130434782,3.5217391304347827,8,2
c08_s04_cov100_seed00000073_bw025,c08_s04_cov100_seed00000073,flip,fast_gate,8,4,measured,1.0,0.25,,73,X,Y,9,4,9,9,0.75,2,"C00,W",0.0,0,0,,1,3,True,4,ok,e1_ladder,mpdag_criterion,True,"Conjecture 2 (hence Anti-Exchange Case B, verified not proved)","(('C00', 'Y'), ('C01', 'C00'), ('C02', 'C06'), ('C03', 'C07'), ('C06', 'C07'), ('W', 'Y'), ('X', 'C05'), ('X', 'Y'))",0.005124833000081708,0.0302649160000783,0.03538974900016001,,13,61,13,0,0.4987142857142858,4.347142857142857,9,2
c08_s04_cov100_seed00000101_bw025,c08_s04_cov100_seed00000101,flip,fast_gate,8,4,measured,1.0,0.25,,101,X,Y,8,4,8,8,0.7272727272727273,2,"C00,W",0.0,0,0,2,0,3,True,2,ok,local_up_fast,mpdag_criterion,True,"Conjecture 2 (hence Anti-Exchange Case B, verified not proved)",C00->Y C01->C00 C01->C05 C02->C01 C02->C07 C03->C07 C05->C06 W->Y X->Y C02-C03 C03-X,0.000982750000048327,0.0,0.000982750000048327,,3,22,8,0,0.9402321083172147,3.5841392649903288,8,4
c08_s04_cov100_seed00000125_bw025,c08_s04_cov100_seed00000125,flip,fast_gate,8,4,measured,1.0,0.25,,125,X,Y,8,4,8,8,0.7272727272727273,2,"C00,W",0.0,0,0,2,0,3,True,2,ok,local_up_fast,mpdag_criterion,True,"Conjecture 2 (hence Anti-Exchange Case B, verified not proved)",C00->Y C01->C00 C02->C01 C02->C05 C03->C07 C05->C06 W->Y X->C07 X->Y C02-C03 C03-X,0.0014278330002071016,0.0,0.0014278330002071016,,4,29,12,0,0.35130553656869445,2.642241968557758,8,4
c08_s04_cov100_seed00000128_bw025,c08_s04_cov100_seed00000128,flip,fast_gate,8,4,measured,1.0,0.25,,128,X,Y,8,4,8,8,0.7272727272727273,2,"C00,W",0.0,0,0,2,0,3,True,2,ok,local_up_fast,mpdag_criterion,True,"Conjecture 2 (hence Anti-Exchange Case B, verified not proved)",C00->C07 C00->Y C01->C00 C01->C07 C02->C01 C03->C05 C03->C06 W->Y X->Y C02-C03 C03-X,0.0006474159999925178,0.0,0.0006474159999925178,,2,15,5,0,0.9464646464646463,3.61010101010101,8,4
c08_s04_cov100_seed00000130_bw025,c08_s04_cov100_seed00000130,flip,fast_gate,8,4,measured,1.0,0.25,,130,X,Y,8,4,8,8,0.7272727272727273,2,"C00,W",0.0,0,0,,1,3,True,4,ok,e1_ladder,mpdag_criterion,True,"Conjecture 2 (hence Anti-Exchange Case B, verified not proved)","(('C00', 'Y'), ('C01', 'C00'), ('C02', 'C05'), ('C02', 'C07'), ('W', 'Y'), ('X', 'C06'), ('X', 'Y'))",0.0029135409999980766,0.03086216700012301,0.033775708000121085,,17,59,17,0,0.4461538461538462,3.4615384615384617,8,2
c08_s04_cov100_seed00000136_bw025,c08_s04_cov100_seed00000136,flip,fast_gate,8,4,measured,1.0,0.25,,136,X,Y,9,4,9,9,0.75,2,"C00,W",0.0,0,0,,1,3,True,6,ok,e1_ladder,mpdag_criterion,True,"Conjecture 2 (hence Anti-Exchange Case B, verified not proved)","(('C00', 'C06'), ('C00', 'Y'), ('C02', 'C07'), ('C05', 'X'), ('W', 'Y'), ('X', 'Y'))",0.0029638749999776337,0.056470875000059095,0.05943475000003673,,14,68,14,0,0.6571428571428571,5.571428571428571,9,1
c08_s04_cov100_seed00000158_bw025,c08_s04_cov100_seed00000158,flip,fast_gate,8,4,measured,1.0,0.25,,158,X,Y,7,4,7,7,0.7,2,"C00,W",0.0,0,0,2,0,3,True,2,ok,local_up_fast,mpdag_criterion,True,"Conjecture 2 (hence Anti-Exchange Case B, verified not proved)",C00->Y C01->C00 C01->C07 C02->C01 C02->C05 C05->C06 W->Y X->Y C02-C03 C03-X,0.0008775829999194684,0.0,0.0008775829999194684,,3,19,8,0,0.8099009900990097,1.7623762376237624,7,5
c08_s04_cov100_seed00000162_bw025,c08_s04_cov100_seed00000162,flip,fast_gate,8,4,measured,1.0,0.25,,162,X,Y,9,4,9,9,0.75,2,"C00,W",0.0,0,0,,1,3,True,4,ok,e1_ladder,mpdag_criterion,True,"Conjecture 2 (hence Anti-Exchange Case B, verified not proved)","(('C00', 'Y'), ('C01', 'C00'), ('C01', 'C05'), ('C01', 'C06'), ('C03', 'C07'), ('W', 'Y'), ('X', 'C07'), ('X', 'Y'))",0.006831124999962412,0.03449275000002672,0.04132387499998913,,36,133,36,0,0.54894836523126,4.610695773524721,9,2
c08_s04_cov100_seed00000174_bw025,c08_s04_cov100_seed00000174,flip,fast_gate,8,4,measured,1.0,0.25,,174,X,Y,8,4,8,8,0.7272727272727273,2,"C00,W",0.0,0,0,,1,3,True,4,ok,e1_ladder,mpdag_criterion,True,"Conjecture 2 (hence Anti-Exchange Case B, verified not proved)","(('C00', 'Y'), ('C01', 'C00'), ('C01', 'C07'), ('C05', 'C06'), ('C05', 'C07'), ('W', 'Y'), ('X', 'Y'))",0.00441675000001851,0.025903166999796667,0.030319916999815177,,23,71,23,0,0.4416666666666667,3.4166666666666665,8,3
c08_s04_cov100_seed00000186_bw025,c08_s04_cov100_seed00000186,flip,fast_gate,8,4,measured,1.0,0.25,,186,X,Y,7,4,7,7,0.7,2,"C00,W",0.0,0,0,2,0,3,True,2,ok,local_up_fast,mpdag_criterion,True,"Conjecture 2 (hence Anti-Exchange Case B, verified not proved)",C00->C05 C00->Y C01->C00 C02->C01 C03->C06 C05->C07 W->Y X->Y C02-C03 C03-X,0.0010305420000804588,0.0,0.0010305420000804588,,2,13,4,0,0.9661417322834647,3.661417322834646,7,3
c08_s04_cov100_seed00000196_bw025,c08_s04_cov100_seed00000196,flip,fast_gate,8,4,measured,1.0,0.25,,196,X,Y,8,4,8,8,0.7272727272727273,2,"C00,W",0.0,0,0,,1,3,True,5,ok,e1_ladder,mpdag_criterion,True,"Conjecture 2 (hence Anti-Exchange Case B, verified not proved)","(('C00', 'Y'), ('C01', 'C05'), ('C05', 'C06'), ('C07', 'C00'), ('W', 'Y'), ('X', 'Y'))",0.0021918329998698027,0.03613879099998485,0.03833062399985465,,9,40,9,0,0.5568965517241379,4.568965517241379,8,2
c08_s04_cov100_seed00000214_bw025,c08_s04_cov100_seed00000214,flip,fast_gate,8,4,measured,1.0,0.25,,214,X,Y,8,4,8,8,0.7272727272727273,2,"C00,W",0.0,0,0,2,0,3,True,2,ok,local_up_fast,mpdag_criterion,True,"Conjecture 2 (hence Anti-Exchange Case B, verified not proved)",C00->C05 C00->C06 C00->Y C01->C00 C01->C06 C02->C01 C06->C07 W->Y X->Y C02-C03 C03-X,0.0006680409999262338,0.0,0.0006680409999262338,,2,15,5,0,0.9224697568571086,4.4891603784884415,8,3
c08_s04_cov100_seed00000233_bw025,c08_s04_cov100_seed00000233,flip,fast_gate,8,4,measured,1.0,0.25,,233,X,Y,9,4,9,9,0.75,2,"C00,W",0.0,0,0,,1,3,True,6,ok,e1_ladder,mpdag_criterion,True,"Conjecture 2 (hence Anti-Exchange Case B, verified not proved)","(('C00', 'Y'), ('C02', 'C07'), ('C03', 'C07'), ('C05', 'C06'), ('W', 'Y'), ('X', 'Y'))",0.0032267079998291592,0.05076041699999223,0.05398712499982139,,14,68,14,0,0.8604692073216968,7.0829529427821845,9,1
c08_s04_cov100_seed00000236_bw025,c08_s04_cov100_seed00000236,flip,fast_gate,8,4,measured,1.0,0.25,,236,X,Y,7,4,7,7,0.7,2,"C00,W",0.0,0,0,2,0,3,True,2,ok,local_up_fast,mpdag_criterion,True,"Conjecture 2 (hence Anti-Exchange Case B, verified not proved)",C00->Y C01->C00 C02->C01 C02->C05 C05->C07 W->Y X->C06 X->Y C02-C03 C03-X,0.0015471250001155568,0.0,0.0015471250001155568,,3,19,8,0,0.2712230215827338,1.7122302158273381,7,4
c08_s04_cov100_seed00000240_bw025,c08_s04_cov100_seed00000240,flip,fast_gate,8,4,measured,1.0,0.25,,240,X,Y,9,4,9,9,0.75,2,"C00,W",0.0,0,0,2,0,3,True,2,ok,local_up_fast,mpdag_criterion,True,"Conjecture 2 (hence Anti-Exchange Case B, verified not proved)",C00->Y C01->C00 C02->C01 C02->C07 C03->C05 C03->C06 W->Y X->C05 X->C06 X->Y C02-C03 C03-X,0.0030699579999691196,0.0,0.0030699579999691196,,5,41,16,0,0.25449916822100116,2.5449916822100116,9,5
c08_s04_cov100_seed00000285_bw025,c08_s04_cov100_seed00000285,flip,fast_gate,8,4,measured,1.0,0.25,,285,X,Y,9,4,9,9,0.75,2,"C00,W",0.0,0,0,,1,3,True,4,ok,e1_ladder,mpdag_criterion,True,"Conjecture 2 (hence Anti-Exchange Case B, verified not proved)","(('C00', 'Y'), ('C01', 'C00'), ('C01', 'C06'), ('C02', 'C05'), ('C03', 'C05'), ('C06', 'C07'), ('W', 'Y'), ('X', 'Y'))",0.008890500000006796,0.02580604099989614,0.034696540999902936,,28,104,28,0,0.7222222222222222,4.877777777777778,9,3
c08_s04_cov100_seed00000301_bw025,c08_s04_cov100_seed00000301,flip,fast_gate,8,4,measured,1.0,0.25,,301,X,Y,8,4,8,8,0.7272727272727273,2,"C00,W",0.0,0,0,2,0,3,True,2,ok,local_up_fast,mpdag_criterion,True,"Conjecture 2 (hence Anti-Exchange Case B, verified not proved)",C00->C05 C00->Y C01->C00 C01->C05 C02->C01 C02->C06 C02->C07 W->Y X->Y C02-C03 C03-X,0.0012511659999745461,0.0,0.0012511659999745461,,4,29,14,0,0.9387823185988324,3.5575479566305255,8,4
c08_s04_cov100_seed00000331_bw025,c08_s04_cov100_seed00000331,flip,fast_gate,8,4,measured,1.0,0.25,,331,X,Y,8,4,8,8,0.7272727272727273,2,"C00,W",0.0,0,0,2,0,3,True,2,ok,local_up_fast,mpdag_criterion,True,"Conjecture 2 (hence Anti-Exchange Case B, verified not proved)",C00->C05 C00->Y C01->C00 C01->C06 C02->C01 C02->C06 C02->C07 W->Y X->Y C02-C03 C03-X,0.0020934589999797026,0.0,0.0020934589999797026,,3,22,9,0,0.94426614481409,3.607045009784736,8,4
c08_s04_cov100_seed00000332_bw025,c08_s04_cov100_seed00000332,flip,fast_gate,8,4,measured,1.0,0.25,,332,X,Y,9,4,9,9,0.75,2,"C00,W",0.0,0,0,3,0,3,True,3,ok,local_up_fast,mpdag_criterion,True,"Conjecture 2 (hence Anti-Exchange Case B, verified not proved)",C00->C06 C00->Y C01->C00 C01->C06 C02->C05 C02->C07 C07->C05 W->Y X->Y C01-C02 C02-C03 C03-X,0.003942083000083585,0.0,0.003942083000083585,,10,76,28,0,0.708310214375788,4.191551071878941,9,4
c08_s04_cov100_seed00000362_bw025,c08_s04_cov100_seed00000362,flip,fast_gate,8,4,measured,1.0,0.25,,362,X,Y,8,4,8,8,0.7272727272727273,2,"C00,W",0.0,0,0,3,0,3,True,3,ok,local_up_fast,mpdag_criterion,True,"Conjecture 2 (hence Anti-Exchange Case B, verified not proved)",C00->Y C01->C00 C01->C06 C03->C05 C06->C00 W->Y X->C07 X->Y C01-C02 C02-C03 C03-X,0.005765542000062851,0.0,0.005765542000062851,,10,65,17,0,0.40397727272727274,3.039772727272727,8,3
c08_s04_cov100_seed00000364_bw025,c08_s04_cov100_seed00000364,flip,fast_gate,8,4,measured,1.0,0.25,,364,X,Y,9,4,9,9,0.75,2,"C00,W",0.0,0,0,,1,3,True,6,ok,e1_ladder,mpdag_criterion,True,"Conjecture 2 (hence Anti-Exchange Case B, verified not proved)","(('C00', 'C06'), ('C00', 'Y'), ('C02', 'C05'), ('C03', 'C07'), ('W', 'Y'), ('X', 'Y'))",0.003274874999988242,0.04733629199995448,0.050611166999942725,,14,68,14,0,0.6543859649122807,5.543859649122807,9,1
c08_s04_cov100_seed00000368_bw025,c08_s04_cov100_seed00000368,flip,fast_gate,8,4,measured,1.0,0.25,,368,X,Y,7,4,7,7,0.7,2,"C00,W",0.0,0,0,,1,3,True,4,ok,e1_ladder,mpdag_criterion,True,"Conjecture 2 (hence Anti-Exchange Case B, verified not proved)","(('C00', 'Y'), ('C01', 'C00'), ('C03', 'C07'), ('W', 'Y'), ('X', 'C05'), ('X', 'Y'))",0.0010601249998671847,0.029205749999846375,0.03026587499971356,,6,23,6,0,0.5622950819672131,3.6229508196721314,7,2
c08_s04_cov100_seed00000371_bw025,c08_s04_cov100_seed00000371,flip,fast_gate,8,4,measured,1.0,0.25,,371,X,Y,7,4,7,7,0.7,2,"C00,W",0.0,0,0,,1,3,True,4,ok,e1_ladder,mpdag_criterion,True,"Conjecture 2 (hence Anti-Exchange Case B, verified not proved)","(('C00', 'Y'), ('C01', 'C00'), ('C06', 'C07'), ('W', 'Y'), ('X', 'C05'), ('X', 'Y'))",0.0028096670000650192,0.02378941599999962,0.02659908300006464,,10,34,10,0,0.5,3.0,7,2
c08_s04_cov100_seed00000407_bw025,c08_s04_cov100_seed00000407,flip,fast_gate,8,4,measured,1.0,0.25,,407,X,Y,9,4,9,9,0.75,2,"C00,W",0.0,0,0,3,0,3,True,3,ok,local_up_fast,mpdag_criterion,True,"Conjecture 2 (hence Anti-Exchange Case B, verified not proved)",C00->C06 C00->Y C01->C00 C01->C05 C02->C07 C03->C07 C05->C00 W->Y X->Y C01-C02 C02-C03 C03-X,0.008299750000105632,0.0,0.008299750000105632,,14,104,29,0,0.6946164369146585,4.120825002630748,9,4
c08_s04_cov100_seed00000413_bw025,c08_s04_cov100_seed00000413,flip,fast_gate,8,4,measured,1.0,0.25,,413,X,Y,8,4,8,8,0.7272727272727273,2,"C00,W",0.0,0,0,,1,3,True,4,ok,e1_ladder,mpdag_criterion,True,"Conjecture 2 (hence Anti-Exchange Case B, verified not proved)","(('C00', 'C06'), ('C00', 'Y'), ('C01', 'C00'), ('C01', 'C06'), ('C03', 'C07'), ('W', 'Y'), ('X', 'Y'))",0.0025733340000897442,0.03438304199994491,0.03695637600003465,,12,40,12,0,0.8092681258549932,4.395006839945281,8,3
c08_s04_cov100_seed00000431_bw025,c08_s04_cov100_seed00000431,flip,fast_gate,8,4,measured,1.0,0.25,,431,X,Y,8,4,8,8,0.7272727272727273,2,"C00,W",0.0,0,0,,1,3,True,4,ok,e1_ladder,mpdag_criterion,True,"Conjecture 2 (hence Anti-Exchange Case B, verified not proved)","(('C00', 'C06'), ('C00', 'Y'), ('C01', 'C00'), ('C03', 'C05'), ('C03', 'C07'), ('W', 'Y'), ('X', 'Y'))",0.002895166999905996,0.03085116699980972,0.033746333999715716,,16,59,16,0,0.4298507462686567,3.298507462686567,8,3
c08_s04_cov100_seed00000446_bw025,c08_s04_cov100_seed00000446,flip,fast_gate,8,4,measured,1.0,0.25,,446,X,Y,7,4,7,7,0.7,2,"C00,W",0.0,0,0,2,0,3,True,2,ok,local_up_fast,mpdag_criterion,True,"Conjecture 2 (hence Anti-Exchange Case B, verified not proved)",C00->C05 C00->Y C01->C00 C02->C01 W->Y X->C06 X->C07 X->Y C02-C03 C03-X,0.0005588340000031167,0.0,0.0005588340000031167,,2,13,4,0,0.524915330774441,1.946827726349063,7,4
c08_s04_cov100_seed00000453_bw025,c08_s04_cov100_seed00000453,flip,fast_gate,8,4,measured,1.0,0.25,,453,X,Y,8,4,8,8,0.7272727272727273,2,"C00,W",0.0,0,0,,1,3,True,4,ok,e1_ladder,mpdag_criterion,True,"Conjecture 2 (hence Anti-Exchange Case B, verified not proved)","(('C00', 'Y'), ('C01', 'C00'), ('C03', 'C05'), ('C03', 'C07'), ('C05', 'C07'), ('W', 'Y'), ('X', 'Y'))",0.001911500000005617,0.03575520799995502,0.037666707999960636,,10,40,10,0,0.9297619047619048,5.2976190476190474,8,2
c08_s04_cov100_seed00000464_bw025,c08_s04_cov100_seed00000464,flip,fast_gate,8,4,measured,1.0,0.25,,464,X,Y,8,4,8,8,0.7272727272727273,2,"C00,W",0.0,0,0,2,0,3,True,2,ok,local_up_fast,mpdag_criterion,True,"Conjecture 2 (hence Anti-Exchange Case B, verified not proved)",C00->C05 C00->Y C01->C00 C02->C01 C03->C06 C03->C07 C06->C07 W->Y X->Y C02-C03 C03-X,0.0017240839999885793,0.0,0.0017240839999885793,,3,22,7,0,0.9474041838448617,3.649183081386471,8,4
c08_s04_cov100_seed00000471_bw025,c08_s04_cov100_seed00000471,flip,fast_gate,8,4,measured,1.0,0.25,,471,X,Y,8,4,8,8,0.7272727272727273,2,"C00,W",0.0,0,0,,1,3,True,5,ok,e1_ladder,mpdag_criterion,True,"Conjecture 2 (hence Anti-Exchange Case B, verified not proved)","(('C00', 'C07'), ('C00', 'Y'), ('C05', 'C00'), ('W', 'Y'), ('X', 'C06'), ('X', 'Y'))",0.002127417000110654,0.044512082999972336,0.04663950000008299,,11,46,11,0,0.5571428571428572,4.571428571428571,8,1
c08_s04_cov100_seed00000474_bw025,c08_s04_cov100_seed00000474,flip,fast_gate,8,4,measured,1.0,0.25,,474,X,Y,8,4,8,8,0.7272727272727273,2,"C00,W",0.0,0,0,2,0,3,True,2,ok,local_up_fast,mpdag_criterion,True,"Conjecture 2 (hence Anti-Exchange Case B, verified not proved)",C00->C07 C00->Y C01->C00 C01->C05 C01->C07 C02->C01 W->Y X->C06 X->Y C02-C03 C03-X,0.0012137920000441227,0.0,0.0012137920000441227,,2,15,5,0,0.6340275921345158,2.8645670836731307,8,4
c08_s04_cov100_seed00000498_bw025,c08_s04_cov100_seed00000498,flip,fast_gate,8,4,measured,1.0,0.25,,498,X,Y,9,4,9,9,0.75,2,"C00,W",0.0,0,0,,1,3,True,4,ok,e1_ladder,mpdag_criterion,True,"Conjecture 2 (hence Anti-Exchange Case B, verified not proved)","(('C00', 'Y'), ('C01', 'C00'), ('C02', 'C05'), ('C03', 'C06'), ('C06', 'C07'), ('W', 'Y'), ('X', 'C07'), ('X', 'Y'))",0.003836541000055149,0.028539416999819878,0.03237595799987503,,16,68,16,0,0.3,3.0,9,2
c08_s04_cov100_seed00000521_bw025,c08_s04_cov100_seed00000521,flip,fast_gate,8,4,measured,1.0,0.25,,521,X,Y,8,4,8,8,0.7272727272727273,2,"C00,W",0.0,0,0,,1,3,True,5,ok,e1_ladder,mpdag_criterion,True,"Conjecture 2 (hence Anti-Exchange Case B, verified not proved)","(('C00', 'Y'), ('C03', 'C07'), ('C05', 'C00'), ('W', 'Y'), ('X', 'C06'), ('X', 'Y'))",0.0018378749998646526,0.04801666599996679,0.04985454099983144,,8,40,8,0,0.6412994350282485,5.023163841807909,8,1
c08_s04_cov100_seed00000536_bw025,c08_s04_cov100_seed00000536,flip,fast_gate,8,4,measured,1.0,0.25,,536,X,Y,10,4,10,10,0.7692307692307693,2,"C00,W",0.0,0,0,,1,3,True,6,ok,e1_ladder,mpdag_criterion,True,"Conjecture 2 (hence Anti-Exchange Case B, verified not proved)","(('C00', 'C06'), ('C00', 'Y'), ('C01', 'C06'), ('C03', 'C07'), ('C05', 'X'), ('W', 'Y'), ('X', 'Y'))",0.008823665999898367,0.05941179199999169,0.06823545799989006,,21,93,21,0,0.5841750841750841,5.841750841750842,10,2
c08_s07_cov050_seed00000000_bw000,c08_s07_cov050_seed00000000,flip,fast_gate,8,7,measured,0.5,0.0,,0,X,Y,4,3,4,4,0.7,2,"C00,W",0.0,0,0,,1,3,True,4,ok,e1_ladder,mpdag_criterion,True,"Conjecture 2 (hence Anti-Exchange Case B, verified not proved)","(('C00', 'Y'), ('W', 'Y'), ('X', 'Y'))",0.000811375000012049,0.028085250000003725,0.028896625000015774,,4,9,4,0,0.8,3.0,4,0
c08_s07_cov050_seed00000001_bw000,c08_s07_cov050_seed00000001,flip,fast_gate,8,7,measured,0.5,0.0,,1,X,Y,4,3,4,4,0.7,2,"C00,W",0.0,0,0,,1,3,True,4,ok,e1_ladder,mpdag_criterion,True,"Conjecture 2 (hence Anti-Exchange Case B, verified not proved)","(('C00', 'Y'), ('W', 'Y'), ('X', 'Y'))",0.0005513329999757843,0.022232333999909315,0.0227836669998851,,4,9,4,0,0.8,3.0,4,0
c08_s07_cov050_seed00000002_bw000,c08_s07_cov050_seed00000002,flip,fast_gate,8,7,measured,0.5,0.0,,2,X,Y,4,3,4,4,0.7,2,"C00,W",0.0,0,0,,1,3,True,4,ok,e1_ladder,mpdag_criterion,True,"Conjecture 2 (hence Anti-Exchange Case B, verified not proved)","(('C00', 'Y'), ('W', 'Y'), ('X', 'Y'))",0.0010802080000757996,0.026169749999780834,0.027249957999856633,,4,9,4,0,0.8,3.0,4,0
c08_s07_cov050_seed00000003_bw000,c08_s07_cov050_seed00000003,flip,fast_gate,8,7,measured,0.5,0.0,,3,X,Y,4,3,4,4,0.7,2,"C00,W",0.0,0,0,,1,3,True,4,ok,e1_ladder,mpdag_criterion,True,"Conjecture 2 (hence Anti-Exchange Case B, verified not proved)","(('C00', 'Y'), ('W', 'Y'), ('X', 'Y'))",0.0009708330001103604,0.027157166000051802,0.028127999000162163,,4,9,4,0,0.8,3.0,4,0
c08_s07_cov050_seed00000004_bw000,c08_s07_cov050_seed00000004,flip,fast_gate,8,7,measured,0.5,0.0,,4,X,Y,4,3,4,4,0.7,2,"C00,W",0.0,0,0,,1,3,True,4,ok,e1_ladder,mpdag_criterion,True,"Conjecture 2 (hence Anti-Exchange Case B, verified not proved)","(('C00', 'Y'), ('W', 'Y'), ('X', 'Y'))",0.0010176670000419108,0.03341612500003066,0.03443379200007257,,4,9,4,0,0.8,3.0,4,0
c08_s07_cov050_seed00000005_bw000,c08_s07_cov050_seed00000005,flip,fast_gate,8,7,measured,0.5,0.0,,5,X,Y,4,3,4,4,0.7,2,"C00,W",0.0,0,0,,1,3,True,4,ok,e1_ladder,mpdag_criterion,True,"Conjecture 2 (hence Anti-Exchange Case B, verified not proved)","(('C00', 'Y'), ('W', 'Y'), ('X', 'Y'))",0.0006853750001027947,0.030682083000101557,0.03136745800020435,,4,9,4,0,0.8,3.0,4,0
c08_s07_cov050_seed00000006_bw000,c08_s07_cov050_seed00000006,flip,fast_gate,8,7,measured,0.5,0.0,,6,X,Y,4,3,4,4,0.7,2,"C00,W",0.0,0,0,,1,3,True,4,ok,e1_ladder,mpdag_criterion,True,"Conjecture 2 (hence Anti-Exchange Case B, verified not proved)","(('C00', 'Y'), ('W', 'Y'), ('X', 'Y'))",0.0005175409999083058,0.019751666000047408,0.020269206999955713,,4,9,4,0,0.8,3.0,4,0
c08_s07_cov050_seed00000007_bw000,c08_s07_cov050_seed00000007,flip,fast_gate,8,7,measured,0.5,0.0,,7,X,Y,4,3,4,4,0.7,2,"C00,W",0.0,0,0,,1,3,True,4,ok,e1_ladder,mpdag_criterion,True,"Conjecture 2 (hence Anti-Exchange Case B, verified not proved)","(('C00', 'Y'), ('W', 'Y'), ('X', 'Y'))",0.0009932909999861295,0.025996584000040457,0.026989875000026586,,4,9,4,0,0.8,3.0,4,0
c08_s07_cov050_seed00000008_bw000,c08_s07_cov050_seed00000008,flip,fast_gate,8,7,measured,0.5,0.0,,8,X,Y,4,3,4,4,0.7,2,"C00,W",0.0,0,0,,1,3,True,4,ok,e1_ladder,mpdag_criterion,True,"Conjecture 2 (hence Anti-Exchange Case B, verified not proved)","(('C00', 'Y'), ('W', 'Y'), ('X', 'Y'))",0.000989792000154921,0.025535541999943234,0.026525334000098155,,4,9,4,0,0.8,3.0,4,0
c08_s07_cov050_seed00000009_bw000,c08_s07_cov050_seed00000009,flip,fast_gate,8,7,measured,0.5,0.0,,9,X,Y,4,3,4,4,0.7,2,"C00,W",0.0,0,0,,1,3,True,4,ok,e1_ladder,mpdag_criterion,True,"Conjecture 2 (hence Anti-Exchange Case B, verified not proved)","(('C00', 'Y'), ('W', 'Y'), ('X', 'Y'))",0.0005123339999499876,0.02404249999995045,0.02455483399990044,,4,9,4,0,0.8,3.0,4,0
c08_s07_cov050_seed00000010_bw000,c08_s07_cov050_seed00000010,flip,fast_gate,8,7,measured,0.5,0.0,,10,X,Y,4,3,4,4,0.7,2,"C00,W",0.0,0,0,,1,3,True,4,ok,e1_ladder,mpdag_criterion,True,"Conjecture 2 (hence Anti-Exchange Case B, verified not proved)","(('C00', 'Y'), ('W', 'Y'), ('X', 'Y'))",0.0005310419999204896,0.02307833299983031,0.0236093749997508,,4,9,4,0,0.8,3.0,4,0
c08_s07_cov050_seed00000011_bw000,c08_s07_cov050_seed00000011,flip,fast_gate,8,7,measured,0.5,0.0,,11,X,Y,4,3,4,4,0.7,2,"C00,W",0.0,0,0,,1,3,True,4,ok,e1_ladder,mpdag_criterion,True,"Conjecture 2 (hence Anti-Exchange Case B, verified not proved)","(('C00', 'Y'), ('W', 'Y'), ('X', 'Y'))",0.0005294590000630706,0.02207462499995927,0.02260408400002234,,4,9,4,0,0.8,3.0,4,0
c08_s07_cov050_seed00000012_bw000,c08_s07_cov050_seed00000012,flip,fast_gate,8,7,measured,0.5,0.0,,12,X,Y,4,3,4,4,0.7,2,"C00,W",0.0,0,0,,1,3,True,4,ok,e1_ladder,mpdag_criterion,True,"Conjecture 2 (hence Anti-Exchange Case B, verified not proved)","(('C00', 'Y'), ('W', 'Y'), ('X', 'Y'))",0.0005209579999245761,0.021025833999829047,0.021546791999753623,,4,9,4,0,0.8,3.0,4,0
c08_s07_cov050_seed00000013_bw000,c08_s07_cov050_seed00000013,flip,fast_gate,8,7,measured,0.5,0.0,,13,X,Y,4,3,4,4,0.7,2,"C00,W",0.0,0,0,,1,3,True,4,ok,e1_ladder,mpdag_criterion,True,"Conjecture 2 (hence Anti-Exchange Case B, verified not proved)","(('C00', 'Y'), ('W', 'Y'), ('X', 'Y'))",0.0005262079998828995,0.02275941699986106,0.02328562499974396,,4,9,4,0,0.8,3.0,4,0
c08_s07_cov050_seed00000014_bw000,c08_s07_cov050_seed00000014,flip,fast_gate,8,7,measured,0.5,0.0,,14,X,Y,4,3,4,4,0.7,2,"C00,W",0.0,0,0,,1,3,True,4,ok,e1_ladder,mpdag_criterion,True,"Conjecture 2 (hence Anti-Exchange Case B, verified not proved)","(('C00', 'Y'), ('W', 'Y'), ('X', 'Y'))",0.0005567910000081611,0.01972075000003315,0.02027754100004131,,4,9,4,0,0.8,3.0,4,0
c08_s07_cov050_seed00000015_bw000,c08_s07_cov050_seed00000015,flip,fast_gate,8,7,measured,0.5,0.0,,15,X,Y,4,3,4,4,0.7,2,"C00,W",0.0,0,0,,1,3,True,4,ok,e1_ladder,mpdag_criterion,True,"Conjecture 2 (hence Anti-Exchange Case B, verified not proved)","(('C00', 'Y'), ('W', 'Y'), ('X', 'Y'))",0.0006599580001420691,0.02150687499988635,0.02216683300002842,,4,9,4,0,0.8,3.0,4,0
c08_s07_cov050_seed00000016_bw000,c08_s07_cov050_seed00000016,flip,fast_gate,8,7,measured,0.5,0.0,,16,X,Y,4,3,4,4,0.7,2,"C00,W",0.0,0,0,,1,3,True,4,ok,e1_ladder,mpdag_criterion,True,"Conjecture 2 (hence Anti-Exchange Case B, verified not proved)","(('C00', 'Y'), ('W', 'Y'), ('X', 'Y'))",0.0005475840000599419,0.02465795800003434,0.025205542000094283,,4,9,4,0,0.8,3.0,4,0
c08_s07_cov050_seed00000017_bw000,c08_s07_cov050_seed00000017,flip,fast_gate,8,7,measured,0.5,0.0,,17,X,Y,4,3,4,4,0.7,2,"C00,W",0.0,0,0,,1,3,True,4,ok,e1_ladder,mpdag_criterion,True,"Conjecture 2 (hence Anti-Exchange Case B, verified not proved)","(('C00', 'Y'), ('W', 'Y'), ('X', 'Y'))",0.0006929999999556458,0.026412458000095285,0.02710545800005093,,4,9,4,0,0.8,3.0,4,0
c08_s07_cov050_seed00000018_bw000,c08_s07_cov050_seed00000018,flip,fast_gate,8,7,measured,0.5,0.0,,18,X,Y,4,3,4,4,0.7,2,"C00,W",0.0,0,0,,1,3,True,4,ok,e1_ladder,mpdag_criterion,True,"Conjecture 2 (hence Anti-Exchange Case B, verified not proved)","(('C00', 'Y'), ('W', 'Y'), ('X', 'Y'))",0.0009798749999845313,0.03656545800004096,0.037545333000025494,,4,9,4,0,0.8,3.0,4,0
c08_s07_cov050_seed00000019_bw000,c08_s07_cov050_seed00000019,flip,fast_gate,8,7,measured,0.5,0.0,,19,X,Y,4,3,4,4,0.7,2,"C00,W",0.0,0,0,,1,3,True,4,ok,e1_ladder,mpdag_criterion,True,"Conjecture 2 (hence Anti-Exchange Case B, verified not proved)","(('C00', 'Y'), ('W', 'Y'), ('X', 'Y'))",0.0011095410000052652,0.025050417000102243,0.02615995800010751,,4,9,4,0,0.8,3.0,4,0
c08_s07_cov050_seed00000020_bw000,c08_s07_cov050_seed00000020,flip,fast_gate,8,7,measured,0.5,0.0,,20,X,Y,4,3,4,4,0.7,2,"C00,W",0.0,0,0,,1,3,True,4,ok,e1_ladder,mpdag_criterion,True,"Conjecture 2 (hence Anti-Exchange Case B, verified not proved)","(('C00', 'Y'), ('W', 'Y'), ('X', 'Y'))",0.0010103750000780565,0.026463499999863416,0.027473874999941472,,4,9,4,0,0.8,3.0,4,0
c08_s07_cov050_seed00000021_bw000,c08_s07_cov050_seed00000021,flip,fast_gate,8,7,measured,0.5,0.0,,21,X,Y,4,3,4,4,0.7,2,"C00,W",0.0,0,0,,1,3,True,4,ok,e1_ladder,mpdag_criterion,True,"Conjecture 2 (hence Anti-Exchange Case B, verified not proved)","(('C00', 'Y'), ('W', 'Y'), ('X', 'Y'))",0.0010277920000589802,0.029591917000061585,0.030619709000120565,,4,9,4,0,0.8,3.0,4,0
c08_s07_cov050_seed00000022_bw000,c08_s07_cov050_seed00000022,flip,fast_gate,8,7,measured,0.5,0.0,,22,X,Y,4,3,4,4,0.7,2,"C00,W",0.0,0,0,,1,3,True,4,ok,e1_ladder,mpdag_criterion,True,"Conjecture 2 (hence Anti-Exchange Case B, verified not proved)","(('C00', 'Y'), ('W', 'Y'), ('X', 'Y'))",0.0005323749999206484,0.02796058300009463,0.028492958000015278,,4,9,4,0,0.8,3.0,4,0
c08_s07_cov050_seed00000023_bw000,c08_s07_cov050_seed00000023,flip,fast_gate,8,7,measured,0.5,0.0,,23,X,Y,4,3,4,4,0.7,2,"C00,W",0.0,0,0,,1,3,True,4,ok,e1_ladder,mpdag_criterion,True,"Conjecture 2 (hence Anti-Exchange Case B, verified not proved)","(('C00', 'Y'), ('W', 'Y'), ('X', 'Y'))",0.0005488749998221465,0.019648415999881763,0.02019729099970391,,4,9,4,0,0.8,3.0,4,0
c08_s07_cov050_seed00000024_bw000,c08_s07_cov050_seed00000024,flip,fast_gate,8,7,measured,0.5,0.0,,24,X,Y,4,3,4,4,0.7,2,"C00,W",0.0,0,0,,1,3,True,4,ok,e1_ladder,mpdag_criterion,True,"Conjecture 2 (hence Anti-Exchange Case B, verified not proved)","(('C00', 'Y'), ('W', 'Y'), ('X', 'Y'))",0.0010165420001158054,0.028131042000040907,0.029147584000156712,,4,9,4,0,0.8,3.0,4,0
c08_s07_cov050_seed00000025_bw000,c08_s07_cov050_seed00000025,flip,fast_gate,8,7,measured,0.5,0.0,,25,X,Y,4,3,4,4,0.7,2,"C00,W",0.0,0,0,,1,3,True,4,ok,e1_ladder,mpdag_criterion,True,"Conjecture 2 (hence Anti-Exchange Case B, verified not proved)","(('C00', 'Y'), ('W', 'Y'), ('X', 'Y'))",0.0005546669999603182,0.020045582999955514,0.02060024999991583,,4,9,4,0,0.8,3.0,4,0
c08_s07_cov050_seed00000026_bw000,c08_s07_cov050_seed00000026,flip,fast_gate,8,7,measured,0.5,0.0,,26,X,Y,4,3,4,4,0.7,2,"C00,W",0.0,0,0,,1,3,True,4,ok,e1_ladder,mpdag_criterion,True,"Conjecture 2 (hence Anti-Exchange Case B, verified not proved)","(('C00', 'Y'), ('W', 'Y'), ('X', 'Y'))",0.0005465840001761535,0.026828416999933324,0.027375001000109478,,4,9,4,0,0.8,3.0,4,0
c08_s07_cov050_seed00000027_bw000,c08_s07_cov050_seed00000027,flip,fast_gate,8,7,measured,0.5,0.0,,27,X,Y,4,3,4,4,0.7,2,"C00,W",0.0,0,0,,1,3,True,4,ok,e1_ladder,mpdag_criterion,True,"Conjecture 2 (hence Anti-Exchange Case B, verified not proved)","(('C00', 'Y'), ('W', 'Y'), ('X', 'Y'))",0.0005387080000218702,0.027611125000021275,0.028149833000043145,,4,9,4,0,0.8,3.0,4,0
c08_s07_cov050_seed00000028_bw000,c08_s07_cov050_seed00000028,flip,fast_gate,8,7,measured,0.5,0.0,,28,X,Y,4,3,4,4,0.7,2,"C00,W",0.0,0,0,,1,3,True,4,ok,e1_ladder,mpdag_criterion,True,"Conjecture 2 (hence Anti-Exchange Case B, verified not proved)","(('C00', 'Y'), ('W', 'Y'), ('X', 'Y'))",0.0005405829999745038,0.021498708000081024,0.022039291000055528,,4,9,4,0,0.8,3.0,4,0
c08_s07_cov050_seed00000029_bw000,c08_s07_cov050_seed00000029,flip,fast_gate,8,7,measured,0.5,0.0,,29,X,Y,4,3,4,4,0.7,2,"C00,W",0.0,0,0,,1,3,True,4,ok,e1_ladder,mpdag_criterion,True,"Conjecture 2 (hence Anti-Exchange Case B, verified not proved)","(('C00', 'Y'), ('W', 'Y'), ('X', 'Y'))",0.0005227089998243173,0.023925333000079263,0.02444804199990358,,4,9,4,0,0.8,3.0,4,0
c08_s07_cov050_seed00000030_bw000,c08_s07_cov050_seed00000030,flip,fast_gate,8,7,measured,0.5,0.0,,30,X,Y,4,3,4,4,0.7,2,"C00,W",0.0,0,0,,1,3,True,4,ok,e1_ladder,mpdag_criterion,True,"Conjecture 2 (hence Anti-Exchange Case B, verified not proved)","(('C00', 'Y'), ('W', 'Y'), ('X', 'Y'))",0.0005197920002046885,0.02082012500000019,0.021339917000204878,,4,9,4,0,0.8,3.0,4,0
c08_s07_cov050_seed00000031_bw000,c08_s07_cov050_seed00000031,flip,fast_gate,8,7,measured,0.5,0.0,,31,X,Y,4,3,4,4,0.7,2,"C00,W",0.0,0,0,,1,3,True,4,ok,e1_ladder,mpdag_criterion,True,"Conjecture 2 (hence Anti-Exchange Case B, verified not proved)","(('C00', 'Y'), ('W', 'Y'), ('X', 'Y'))",0.0005284999999730644,0.02102766600000905,0.021556165999982113,,4,9,4,0,0.8,3.0,4,0
c08_s07_cov050_seed00000032_bw000,c08_s07_cov050_seed00000032,flip,fast_gate,8,7,measured,0.5,0.0,,32,X,Y,4,3,4,4,0.7,2,"C00,W",0.0,0,0,,1,3,True,4,ok,e1_ladder,mpdag_criterion,True,"Conjecture 2 (hence Anti-Exchange Case B, verified not proved)","(('C00', 'Y'), ('W', 'Y'), ('X', 'Y'))",0.0005344579999473353,0.020062083000084385,0.02059654100003172,,4,9,4,0,0.8,3.0,4,0
c08_s07_cov050_seed00000033_bw000,c08_s07_cov050_seed00000033,flip,fast_gate,8,7,measured,0.5,0.0,,33,X,Y,4,3,4,4,0.7,2,"C00,W",0.0,0,0,,1,3,True,4,ok,e1_ladder,mpdag_criterion,True,"Conjecture 2 (hence Anti-Exchange Case B, verified not proved)","(('C00', 'Y'), ('W', 'Y'), ('X', 'Y'))",0.000543333999985407,0.02044008300003952,0.02098341700002493,,4,9,4,0,0.8,3.0,4,0
c08_s07_cov050_seed00000034_bw000,c08_s07_cov050_seed00000034,flip,fast_gate,8,7,measured,0.5,0.0,,34,X,Y,4,3,4,4,0.7,2,"C00,W",0.0,0,0,,1,3,True,4,ok,e1_ladder,mpdag_criterion,True,"Conjecture 2 (hence Anti-Exchange Case B, verified not proved)","(('C00', 'Y'), ('W', 'Y'), ('X', 'Y'))",0.000958541999807494,0.027894208999896364,0.028852750999703858,,4,9,4,0,0.8,3.0,4,0
c08_s07_cov050_seed00000035_bw000,c08_s07_cov050_seed00000035,flip,fast_gate,8,7,measured,0.5,0.0,,35,X,Y,4,3,4,4,0.7,2,"C00,W",0.0,0,0,,1,3,True,4,ok,e1_ladder,mpdag_criterion,True,"Conjecture 2 (hence Anti-Exchange Case B, verified not proved)","(('C00', 'Y'), ('W', 'Y'), ('X', 'Y'))",0.0005579580001722206,0.02727545800007647,0.02783341600024869,,4,9,4,0,0.8,3.0,4,0
c08_s07_cov050_seed00000036_bw000,c08_s07_cov050_seed00000036,flip,fast_gate,8,7,measured,0.5,0.0,,36,X,Y,4,3,4,4,0.7,2,"C00,W",0.0,0,0,,1,3,True,4,ok,e1_ladder,mpdag_criterion,True,"Conjecture 2 (hence Anti-Exchange Case B, verified not proved)","(('C00', 'Y'), ('W', 'Y'), ('X', 'Y'))",0.0006054590000985627,0.024604958000054467,0.02521041700015303,,4,9,4,0,0.8,3.0,4,0
c08_s07_cov050_seed00000037_bw000,c08_s07_cov050_seed00000037,flip,fast_gate,8,7,measured,0.5,0.0,,37,X,Y,4,3,4,4,0.7,2,"C00,W",0.0,0,0,,1,3,True,4,ok,e1_ladder,mpdag_criterion,True,"Conjecture 2 (hence Anti-Exchange Case B, verified not proved)","(('C00', 'Y'), ('W', 'Y'), ('X', 'Y'))",0.0005394170000272425,0.024978667000141286,0.02551808400016853,,4,9,4,0,0.8,3.0,4,0
c08_s07_cov050_seed00000038_bw000,c08_s07_cov050_seed00000038,flip,fast_gate,8,7,measured,0.5,0.0,,38,X,Y,4,3,4,4,0.7,2,"C00,W",0.0,0,0,,1,3,True,4,ok,e1_ladder,mpdag_criterion,True,"Conjecture 2 (hence Anti-Exchange Case B, verified not proved)","(('C00', 'Y'), ('W', 'Y'), ('X', 'Y'))",0.0005577500000981672,0.020459083000105238,0.021016833000203405,,4,9,4,0,0.8,3.0,4,0
c08_s07_cov050_seed00000039_bw000,c08_s07_cov050_seed00000039,flip,fast_gate,8,7,measured,0.5,0.0,,39,X,Y,4,3,4,4,0.7,2,"C00,W",0.0,0,0,,1,3,True,4,ok,e1_ladder,mpdag_criterion,True,"Conjecture 2 (hence Anti-Exchange Case B, verified not proved)","(('C00', 'Y'), ('W', 'Y'), ('X', 'Y'))",0.0005295419998674333,0.020273166999913883,0.020802708999781316,,4,9,4,0,0.8,3.0,4,0
c08_s07_cov050_seed00000000_bw010,c08_s07_cov050_seed00000000,flip,fast_gate,8,7,measured,0.5,0.1,,0,X,Y,4,3,4,4,0.7,2,"C00,W",0.0,0,0,,1,3,True,4,ok,e1_ladder,mpdag_criterion,True,"Conjecture 2 (hence Anti-Exchange Case B, verified not proved)","(('C00', 'Y'), ('W', 'Y'), ('X', 'Y'))",0.0005506249999598367,0.02466608300005646,0.025216708000016297,,4,9,4,0,0.8,3.0,4,0
c08_s07_cov050_seed00000001_bw010,c08_s07_cov050_seed00000001,flip,fast_gate,8,7,measured,0.5,0.1,,1,X,Y,4,3,4,4,0.7,2,"C00,W",0.0,0,0,,1,3,True,4,ok,e1_ladder,mpdag_criterion,True,"Conjecture 2 (hence Anti-Exchange Case B, verified not proved)","(('C00', 'Y'), ('W', 'Y'), ('X', 'Y'))",0.0007235830000809074,0.023403750000170476,0.024127333000251383,,4,9,4,0,0.8,3.0,4,0
c08_s07_cov050_seed00000002_bw010,c08_s07_cov050_seed00000002,flip,fast_gate,8,7,measured,0.5,0.1,,2,X,Y,4,3,4,4,0.7,2,"C00,W",0.0,0,0,,1,3,True,4,ok,e1_ladder,mpdag_criterion,True,"Conjecture 2 (hence Anti-Exchange Case B, verified not proved)","(('C00', 'Y'), ('W', 'Y'), ('X', 'Y'))",0.0005261669998617435,0.02381575000003977,0.024341916999901514,,4,9,4,0,0.8,3.0,4,0
c08_s07_cov050_seed00000003_bw010,c08_s07_cov050_seed00000003,flip,fast_gate,8,7,measured,0.5,0.1,,3,X,Y,4,3,4,4,0.7,2,"C00,W",0.0,0,0,,1,3,True,4,ok,e1_ladder,mpdag_criterion,True,"Conjecture 2 (hence Anti-Exchange Case B, verified not proved)","(('C00', 'Y'), ('W', 'Y'), ('X', 'Y'))",0.0005516250000709988,0.03447174999996605,0.03502337500003705,,4,9,4,0,0.8,3.0,4,0
c08_s07_cov050_seed00000004_bw010,c08_s07_cov050_seed00000004,flip,fast_gate,8,7,measured,0.5,0.1,,4,X,Y,4,3,4,4,0.7,2,"C00,W",0.0,0,0,,1,3,True,4,ok,e1_ladder,mpdag_criterion,True,"Conjecture 2 (hence Anti-Exchange Case B, verified not proved)","(('C00', 'Y'), ('W', 'Y'), ('X', 'Y'))",0.0010026250001828885,0.02736887499986551,0.0283715000000484,,4,9,4,0,0.8,3.0,4,0
c08_s07_cov050_seed00000005_bw010,c08_s07_cov050_seed00000005,flip,fast_gate,8,7,measured,0.5,0.1,,5,X,Y,4,3,4,4,0.7,2,"C00,W",0.0,0,0,,1,3,True,4,ok,e1_ladder,mpdag_criterion,True,"Conjecture 2 (hence Anti-Exchange Case B, verified not proved)","(('C00', 'Y'), ('W', 'Y'), ('X', 'Y'))",0.0007157080001434224,0.01909825000007004,0.01981395800021346,,4,9,4,0,0.8,3.0,4,0
c08_s07_cov050_seed00000006_bw010,c08_s07_cov050_seed00000006,flip,fast_gate,8,7,measured,0.5,0.1,,6,X,Y,4,3,4,4,0.7,2,"C00,W",0.0,0,0,,1,3,True,4,ok,e1_ladder,mpdag_criterion,True,"Conjecture 2 (hence Anti-Exchange Case B, verified not proved)","(('C00', 'Y'), ('W', 'Y'), ('X', 'Y'))",0.0005292920000101731,0.026106249999884312,0.026635541999894485,,4,9,4,0,0.8,3.0,4,0
c08_s07_cov050_seed00000007_bw010,c08_s07_cov050_seed00000007,flip,fast_gate,8,7,measured,0.5,0.1,,7,X,Y,4,3,4,4,0.7,2,"C00,W",0.0,0,0,,1,3,True,4,ok,e1_ladder,mpdag_criterion,True,"Conjecture 2 (hence Anti-Exchange Case B, verified not proved)","(('C00', 'Y'), ('W', 'Y'), ('X', 'Y'))",0.0005339159999948606,0.02609145900009935,0.02662537500009421,,4,9,4,0,0.8,3.0,4,0
c08_s07_cov050_seed00000008_bw010,c08_s07_cov050_seed00000008,flip,fast_gate,8,7,measured,0.5,0.1,,8,X,Y,4,3,4,4,0.7,2,"C00,W",0.0,0,0,,1,3,True,4,ok,e1_ladder,mpdag_criterion,True,"Conjecture 2 (hence Anti-Exchange Case B, verified not proved)","(('C00', 'Y'), ('W', 'Y'), ('X', 'Y'))",0.0008063329999004054,0.023688332999881823,0.024494665999782228,,4,9,4,0,0.8,3.0,4,0
c08_s07_cov050_seed00000009_bw010,c08_s07_cov050_seed00000009,flip,fast_gate,8,7,measured,0.5,0.1,,9,X,Y,4,3,4,4,0.7,2,"C00,W",0.0,0,0,,1,3,True,4,ok,e1_ladder,mpdag_criterion,True,"Conjecture 2 (hence Anti-Exchange Case B, verified not proved)","(('C00', 'Y'), ('W', 'Y'), ('X', 'Y'))",0.0005444580001494614,0.019182250000085332,0.019726708000234794,,4,9,4,0,0.8,3.0,4,0
c08_s07_cov050_seed00000010_bw010,c08_s07_cov050_seed00000010,flip,fast_gate,8,7,measured,0.5,0.1,,10,X,Y,4,3,4,4,0.7,2,"C00,W",0.0,0,0,,1,3,True,4,ok,e1_ladder,mpdag_criterion,True,"Conjecture 2 (hence Anti-Exchange Case B, verified not proved)","(('C00', 'Y'), ('W', 'Y'), ('X', 'Y'))",0.001060542000004716,0.03184683299991775,0.03290737499992247,,4,9,4,0,0.8,3.0,4,0
c08_s07_cov050_seed00000011_bw010,c08_s07_cov050_seed00000011,flip,fast_gate,8,7,measured,0.5,0.1,,11,X,Y,4,3,4,4,0.7,2,"C00,W",0.0,0,0,,1,3,True,4,ok,e1_ladder,mpdag_criterion,True,"Conjecture 2 (hence Anti-Exchange Case B, verified not proved)","(('C00', 'Y'), ('W', 'Y'), ('X', 'Y'))",0.0010707080000429414,0.025262249999968844,0.026332958000011786,,4,9,4,0,0.8,3.0,4,0
c08_s07_cov050_seed00000012_bw010,c08_s07_cov050_seed00000012,flip,fast_gate,8,7,measured,0.5,0.1,,12,X,Y,4,3,4,4,0.7,2,"C00,W",0.0,0,0,,1,3,True,4,ok,e1_ladder,mpdag_criterion,True,"Conjecture 2 (hence Anti-Exchange Case B, verified not proved)","(('C00', 'Y'), ('W', 'Y'), ('X', 'Y'))",0.0007085409999945114,0.019780707999871083,0.020489248999865595,,4,9,4,0,0.8,3.0,4,0
c08_s07_cov050_seed00000013_bw010,c08_s07_cov050_seed00000013,flip,fast_gate,8,7,measured,0.5,0.1,,13,X,Y,4,3,4,4,0.7,2,"C00,W",0.0,0,0,,1,3,True,4,ok,e1_ladder,mpdag_criterion,True,"Conjecture 2 (hence Anti-Exchange Case B, verified not proved)","(('C00', 'Y'), ('W', 'Y'), ('X', 'Y'))",0.0024162919999071164,0.02544358399995872,0.027859875999865835,,4,9,4,0,0.8,3.0,4,0
c08_s07_cov050_seed00000014_bw010,c08_s07_cov050_seed00000014,flip,fast_gate,8,7,measured,0.5,0.1,,14,X,Y,4,3,4,4,0.7,2,"C00,W",0.0,0,0,,1,3,True,4,ok,e1_ladder,mpdag_criterion,True,"Conjecture 2 (hence Anti-Exchange Case B, verified not proved)","(('C00', 'Y'), ('W', 'Y'), ('X', 'Y'))",0.0005005410000649135,0.022234458999946582,0.022735000000011496,,4,9,4,0,0.8,3.0,4,0
c08_s07_cov050_seed00000015_bw010,c08_s07_cov050_seed00000015,flip,fast_gate,8,7,measured,0.5,0.1,,15,X,Y,4,3,4,4,0.7,2,"C00,W",0.0,0,0,,1,3,True,4,ok,e1_ladder,mpdag_criterion,True,"Conjecture 2 (hence Anti-Exchange Case B, verified not proved)","(('C00', 'Y'), ('W', 'Y'), ('X', 'Y'))",0.0005205830000249989,0.02711520799994105,0.027635790999966048,,4,9,4,0,0.8,3.0,4,0
c08_s07_cov050_seed00000016_bw010,c08_s07_cov050_seed00000016,flip,fast_gate,8,7,measured,0.5,0.1,,16,X,Y,4,3,4,4,0.7,2,"C00,W",0.0,0,0,,1,3,True,4,ok,e1_ladder,mpdag_criterion,True,"Conjecture 2 (hence Anti-Exchange Case B, verified not proved)","(('C00', 'Y'), ('W', 'Y'), ('X', 'Y'))",0.0005114160001085111,0.025692958000036015,0.026204374000144526,,4,9,4,0,0.8,3.0,4,0
c08_s07_cov050_seed00000017_bw010,c08_s07_cov050_seed00000017,flip,fast_gate,8,7,measured,0.5,0.1,,17,X,Y,4,3,4,4,0.7,2,"C00,W",0.0,0,0,,1,3,True,4,ok,e1_ladder,mpdag_criterion,True,"Conjecture 2 (hence Anti-Exchange Case B, verified not proved)","(('C00', 'Y'), ('W', 'Y'), ('X', 'Y'))",0.0005271249999623251,0.02811933299994962,0.028646457999911945,,4,9,4,0,0.8,3.0,4,0
c08_s07_cov050_seed00000018_bw010,c08_s07_cov050_seed00000018,flip,fast_gate,8,7,measured,0.5,0.1,,18,X,Y,4,3,4,4,0.7,2,"C00,W",0.0,0,0,,1,3,True,4,ok,e1_ladder,mpdag_criterion,True,"Conjecture 2 (hence Anti-Exchange Case B, verified not proved)","(('C00', 'Y'), ('W', 'Y'), ('X', 'Y'))",0.0005360410000321281,0.021695790999956444,0.02223183199998857,,4,9,4,0,0.8,3.0,4,0
c08_s07_cov050_seed00000019_bw010,c08_s07_cov050_seed00000019,flip,fast_gate,8,7,measured,0.5,0.1,,19,X,Y,4,3,4,4,0.7,2,"C00,W",0.0,0,0,,1,3,True,4,ok,e1_ladder,mpdag_criterion,True,"Conjecture 2 (hence Anti-Exchange Case B, verified not proved)","(('C00', 'Y'), ('W', 'Y'), ('X', 'Y'))",0.0005190839999613672,0.02052520799998092,0.02104429199994229,,4,9,4,0,0.8,3.0,4,0
c08_s07_cov050_seed00000020_bw010,c08_s07_cov050_seed00000020,flip,fast_gate,8,7,measured,0.5,0.1,,20,X,Y,4,3,4,4,0.7,2,"C00,W",0.0,0,0,,1,3,True,4,ok,e1_ladder,mpdag_criterion,True,"Conjecture 2 (hence Anti-Exchange Case B, verified not proved)","(('C00', 'Y'), ('W', 'Y'), ('X', 'Y'))",0.0005645419998927537,0.027199916000199664,0.027764458000092418,,4,9,4,0,0.8,3.0,4,0
c08_s07_cov050_seed00000021_bw010,c08_s07_cov050_seed00000021,flip,fast_gate,8,7,measured,0.5,0.1,,21,X,Y,4,3,4,4,0.7,2,"C00,W",0.0,0,0,,1,3,True,4,ok,e1_ladder,mpdag_criterion,True,"Conjecture 2 (hence Anti-Exchange Case B, verified not proved)","(('C00', 'Y'), ('W', 'Y'), ('X', 'Y'))",0.0005694999999832362,0.019531791999952475,0.02010129199993571,,4,9,4,0,0.8,3.0,4,0
c08_s07_cov050_seed00000022_bw010,c08_s07_cov050_seed00000022,flip,fast_gate,8,7,measured,0.5,0.1,,22,X,Y,4,3,4,4,0.7,2,"C00,W",0.0,0,0,,1,3,True,4,ok,e1_ladder,mpdag_criterion,True,"Conjecture 2 (hence Anti-Exchange Case B, verified not proved)","(('C00', 'Y'), ('W', 'Y'), ('X', 'Y'))",0.0005500419999862061,0.02670429099998728,0.027254332999973485,,4,9,4,0,0.8,3.0,4,0
c08_s07_cov050_seed00000023_bw010,c08_s07_cov050_seed00000023,flip,fast_gate,8,7,measured,0.5,0.1,,23,X,Y,4,3,4,4,0.7,2,"C00,W",0.0,0,0,,1,3,True,4,ok,e1_ladder,mpdag_criterion,True,"Conjecture 2 (hence Anti-Exchange Case B, verified not proved)","(('C00', 'Y'), ('W', 'Y'), ('X', 'Y'))",0.0005444589999115124,0.027352834000112125,0.027897293000023637,,4,9,4,0,0.8,3.0,4,0
c08_s07_cov050_seed00000024_bw010,c08_s07_cov050_seed00000024,flip,fast_gate,8,7,measured,0.5,0.1,,24,X,Y,4,3,4,4,0.7,2,"C00,W",0.0,0,0,,1,3,True,4,ok,e1_ladder,mpdag_criterion,True,"Conjecture 2 (hence Anti-Exchange Case B, verified not proved)","(('C00', 'Y'), ('W', 'Y'), ('X', 'Y'))",0.0007162089998473675,0.024468374999969456,0.025184583999816823,,4,9,4,0,0.8,3.0,4,0
c08_s07_cov050_seed00000025_bw010,c08_s07_cov050_seed00000025,flip,fast_gate,8,7,measured,0.5,0.1,,25,X,Y,4,3,4,4,0.7,2,"C00,W",0.0,0,0,,1,3,True,4,ok,e1_ladder,mpdag_criterion,True,"Conjecture 2 (hence Anti-Exchange Case B, verified not proved)","(('C00', 'Y'), ('W', 'Y'), ('X', 'Y'))",0.0005252500000096916,0.020962957999927312,0.021488207999937003,,4,9,4,0,0.8,3.0,4,0
c08_s07_cov050_seed00000026_bw010,c08_s07_cov050_seed00000026,flip,fast_gate,8,7,measured,0.5,0.1,,26,X,Y,4,3,4,4,0.7,2,"C00,W",0.0,0,0,,1,3,True,4,ok,e1_ladder,mpdag_criterion,True,"Conjecture 2 (hence Anti-Exchange Case B, verified not proved)","(('C00', 'Y'), ('W', 'Y'), ('X', 'Y'))",0.001012916999798108,0.025599915999919176,0.026612832999717284,,4,9,4,0,0.8,3.0,4,0
c08_s07_cov050_seed00000027_bw010,c08_s07_cov050_seed00000027,flip,fast_gate,8,7,measured,0.5,0.1,,27,X,Y,4,3,4,4,0.7,2,"C00,W",0.0,0,0,,1,3,True,4,ok,e1_ladder,mpdag_criterion,True,"Conjecture 2 (hence Anti-Exchange Case B, verified not proved)","(('C00', 'Y'), ('W', 'Y'), ('X', 'Y'))",0.000503207999827282,0.024654833999875336,0.02515804199970262,,4,9,4,0,0.8,3.0,4,0
c08_s07_cov050_seed00000028_bw010,c08_s07_cov050_seed00000028,flip,fast_gate,8,7,measured,0.5,0.1,,28,X,Y,4,3,4,4,0.7,2,"C00,W",0.0,0,0,,1,3,True,4,ok,e1_ladder,mpdag_criterion,True,"Conjecture 2 (hence Anti-Exchange Case B, verified not proved)","(('C00', 'Y'), ('W', 'Y'), ('X', 'Y'))",0.0005276249999042193,0.02962508399991748,0.030152708999821698,,4,9,4,0,0.8,3.0,4,0
c08_s07_cov050_seed00000029_bw010,c08_s07_cov050_seed00000029,flip,fast_gate,8,7,measured,0.5,0.1,,29,X,Y,4,3,4,4,0.7,2,"C00,W",0.0,0,0,,1,3,True,4,ok,e1_ladder,mpdag_criterion,True,"Conjecture 2 (hence Anti-Exchange Case B, verified not proved)","(('C00', 'Y'), ('W', 'Y'), ('X', 'Y'))",0.0005275409998830582,0.024153542000021844,0.024681082999904902,,4,9,4,0,0.8,3.0,4,0
c08_s07_cov050_seed00000030_bw010,c08_s07_cov050_seed00000030,flip,fast_gate,8,7,measured,0.5,0.1,,30,X,Y,4,3,4,4,0.7,2,"C00,W",0.0,0,0,,1,3,True,4,ok,e1_ladder,mpdag_criterion,True,"Conjecture 2 (hence Anti-Exchange Case B, verified not proved)","(('C00', 'Y'), ('W', 'Y'), ('X', 'Y'))",0.0005097499999919819,0.02176129100007529,0.02227104100006727,,4,9,4,0,0.8,3.0,4,0
c08_s07_cov050_seed00000031_bw010,c08_s07_cov050_seed00000031,flip,fast_gate,8,7,measured,0.5,0.1,,31,X,Y,4,3,4,4,0.7,2,"C00,W",0.0,0,0,,1,3,True,4,ok,e1_ladder,mpdag_criterion,True,"Conjecture 2 (hence Anti-Exchange Case B, verified not proved)","(('C00', 'Y'), ('W', 'Y'), ('X', 'Y'))",0.0005340420000266022,0.029086374999906184,0.029620416999932786,,4,9,4,0,0.8,3.0,4,0
c08_s07_cov050_seed00000032_bw010,c08_s07_cov050_seed00000032,flip,fast_gate,8,7,measured,0.5,0.1,,32,X,Y,4,3,4,4,0.7,2,"C00,W",0.0,0,0,,1,3,True,4,ok,e1_ladder,mpdag_criterion,True,"Conjecture 2 (hence Anti-Exchange Case B, verified not proved)","(('C00', 'Y'), ('W', 'Y'), ('X', 'Y'))",0.0005270840001685428,0.020150750000084372,0.020677834000252915,,4,9,4,0,0.8,3.0,4,0
c08_s07_cov050_seed00000033_bw010,c08_s07_cov050_seed00000033,flip,fast_gate,8,7,measured,0.5,0.1,,33,X,Y,4,3,4,4,0.7,2,"C00,W",0.0,0,0,,1,3,True,4,ok,e1_ladder,mpdag_criterion,True,"Conjecture 2 (hence Anti-Exchange Case B, verified not proved)","(('C00', 'Y'), ('W', 'Y'), ('X', 'Y'))",0.00098941700002797,0.024394625000013548,0.025384042000041518,,4,9,4,0,0.8,3.0,4,0
c08_s07_cov050_seed00000034_bw010,c08_s07_cov050_seed00000034,flip,fast_gate,8,7,measured,0.5,0.1,,34,X,Y,4,3,4,4,0.7,2,"C00,W",0.0,0,0,,1,3,True,4,ok,e1_ladder,mpdag_criterion,True,"Conjecture 2 (hence Anti-Exchange Case B, verified not proved)","(('C00', 'Y'), ('W', 'Y'), ('X', 'Y'))",0.0005277920001844905,0.027620832999900813,0.028148625000085303,,4,9,4,0,0.8,3.0,4,0
c08_s07_cov050_seed00000035_bw010,c08_s07_cov050_seed00000035,flip,fast_gate,8,7,measured,0.5,0.1,,35,X,Y,4,3,4,4,0.7,2,"C00,W",0.0,0,0,,1,3,True,4,ok,e1_ladder,mpdag_criterion,True,"Conjecture 2 (hence Anti-Exchange Case B, verified not proved)","(('C00', 'Y'), ('W', 'Y'), ('X', 'Y'))",0.0005282500001158041,0.023480541000026278,0.024008791000142082,,4,9,4,0,0.8,3.0,4,0
c08_s07_cov050_seed00000036_bw010,c08_s07_cov050_seed00000036,flip,fast_gate,8,7,measured,0.5,0.1,,36,X,Y,4,3,4,4,0.7,2,"C00,W",0.0,0,0,,1,3,True,4,ok,e1_ladder,mpdag_criterion,True,"Conjecture 2 (hence Anti-Exchange Case B, verified not proved)","(('C00', 'Y'), ('W', 'Y'), ('X', 'Y'))",0.0008074579998265108,0.024019999999836728,0.02482745799966324,,4,9,4,0,0.8,3.0,4,0
c08_s07_cov050_seed00000037_bw010,c08_s07_cov050_seed00000037,flip,fast_gate,8,7,measured,0.5,0.1,,37,X,Y,4,3,4,4,0.7,2,"C00,W",0.0,0,0,,1,3,True,4,ok,e1_ladder,mpdag_criterion,True,"Conjecture 2 (hence Anti-Exchange Case B, verified not proved)","(('C00', 'Y'), ('W', 'Y'), ('X', 'Y'))",0.0005085829998279223,0.020066208999878654,0.020574791999706576,,4,9,4,0,0.8,3.0,4,0
c08_s07_cov050_seed00000038_bw010,c08_s07_cov050_seed00000038,flip,fast_gate,8,7,measured,0.5,0.1,,38,X,Y,4,3,4,4,0.7,2,"C00,W",0.0,0,0,,1,3,True,4,ok,e1_ladder,mpdag_criterion,True,"Conjecture 2 (hence Anti-Exchange Case B, verified not proved)","(('C00', 'Y'), ('W', 'Y'), ('X', 'Y'))",0.0005346659997940151,0.019893790999958583,0.020428456999752598,,4,9,4,0,0.8,3.0,4,0
c08_s07_cov050_seed00000039_bw010,c08_s07_cov050_seed00000039,flip,fast_gate,8,7,measured,0.5,0.1,,39,X,Y,4,3,4,4,0.7,2,"C00,W",0.0,0,0,,1,3,True,4,ok,e1_ladder,mpdag_criterion,True,"Conjecture 2 (hence Anti-Exchange Case B, verified not proved)","(('C00', 'Y'), ('W', 'Y'), ('X', 'Y'))",0.0005256659999304247,0.024117458000091574,0.024643124000022,,4,9,4,0,0.8,3.0,4,0
c08_s07_cov050_seed00000009_bw025,c08_s07_cov050_seed00000009,flip,fast_gate,8,7,measured,0.5,0.25,,9,X,Y,4,8,7,7,0.7,2,"C00,W",0.0,0,0,3,0,3,True,3,ok,local_up_fast,mpdag_criterion,True,"Conjecture 2 (hence Anti-Exchange Case B, verified not proved)",C00->Y C01->C00 C02->C01 C03->C02 C04->C03 W->Y X->Y C04-C05 C05-C06 C06-X,0.001501125000004322,0.0,0.001501125000004322,,4,24,7,0,0.6,2.0,4,1
c08_s07_cov050_seed00000011_bw025,c08_s07_cov050_seed00000011,flip,fast_gate,8,7,measured,0.5,0.25,,11,X,Y,4,8,7,7,0.7,2,"C00,W",0.0,0,0,3,0,3,True,3,ok,local_up_fast,mpdag_criterion,True,"Conjecture 2 (hence Anti-Exchange Case B, verified not proved)",C00->Y C01->C00 C02->C01 C03->C02 C04->C03 W->Y X->Y C04-C05 C05-C06 C06-X,0.0011493750000681757,0.0,0.0011493750000681757,,4,24,7,0,0.6,2.0,4,1
c08_s07_cov050_seed00000015_bw025,c08_s07_cov050_seed00000015,flip,fast_gate,8,7,measured,0.5,0.25,,15,X,Y,4,8,7,7,0.7,2,"C00,W",0.0,0,0,3,0,3,True,3,ok,local_up_fast,mpdag_criterion,True,"Conjecture 2 (hence Anti-Exchange Case B, verified not proved)",C00->Y C01->C00 C02->C01 C03->C02 C04->C03 W->Y X->Y C04-C05 C05-C06 C06-X,0.0009426250001070002,0.0,0.0009426250001070002,,4,24,7,0,0.6,2.0,4,1
c08_s07_cov050_seed00000019_bw025,c08_s07_cov050_seed00000019,flip,fast_gate,8,7,measured,0.5,0.25,,19,X,Y,4,8,7,7,0.7,2,"C00,W",0.0,0,0,3,0,3,True,3,ok,local_up_fast,mpdag_criterion,True,"Conjecture 2 (hence Anti-Exchange Case B, verified not proved)",C00->Y C01->C00 C02->C01 C03->C02 C04->C03 W->Y X->Y C04-C05 C05-C06 C06-X,0.0009854159998212708,0.0,0.0009854159998212708,,4,24,7,0,0.6,2.0,4,1
c08_s07_cov050_seed00000026_bw025,c08_s07_cov050_seed00000026,flip,fast_gate,8,7,measured,0.5,0.25,,26,X,Y,4,8,7,7,0.7,2,"C00,W",0.0,0,0,3,0,3,True,3,ok,local_up_fast,mpdag_criterion,True,"Conjecture 2 (hence Anti-Exchange Case B, verified not proved)",C00->Y C01->C00 C02->C01 C03->C02 C04->C03 W->Y X->Y C04-C05 C05-C06 C06-X,0.0016928750001170556,0.0,0.0016928750001170556,,4,24,7,0,0.6,2.0,4,1
c08_s07_cov050_seed00000028_bw025,c08_s07_cov050_seed00000028,flip,fast_gate,8,7,measured,0.5,0.25,,28,X,Y,4,8,7,7,0.7,2,"C00,W",0.0,0,0,3,0,3,True,3,ok,local_up_fast,mpdag_criterion,True,"Conjecture 2 (hence Anti-Exchange Case B, verified not proved)",C00->Y C01->C00 C02->C01 C03->C02 C04->C03 W->Y X->Y C04-C05 C05-C06 C06-X,0.0009271670000998711,0.0,0.0009271670000998711,,4,24,7,0,0.6,2.0,4,1
c08_s07_cov050_seed00000029_bw025,c08_s07_cov050_seed00000029,flip,fast_gate,8,7,measured,0.5,0.25,,29,X,Y,4,8,7,7,0.7,2,"C00,W",0.0,0,0,3,0,3,True,3,ok,local_up_fast,mpdag_criterion,True,"Conjecture 2 (hence Anti-Exchange Case B, verified not proved)",C00->Y C01->C00 C02->C01 C03->C02 C04->C03 W->Y X->Y C04-C05 C05-C06 C06-X,0.0009419999998954154,0.0,0.0009419999998954154,,4,24,7,0,0.6,2.0,4,1
c08_s07_cov050_seed00000030_bw025,c08_s07_cov050_seed00000030,flip,fast_gate,8,7,measured,0.5,0.25,,30,X,Y,4,8,7,7,0.7,2,"C00,W",0.0,0,0,3,0,3,True,3,ok,local_up_fast,mpdag_criterion,True,"Conjecture 2 (hence Anti-Exchange Case B, verified not proved)",C00->Y C01->C00 C02->C01 C03->C02 C04->C03 W->Y X->Y C04-C05 C05-C06 C06-X,0.0009159589999399032,0.0,0.0009159589999399032,,4,24,7,0,0.6,2.0,4,1
c08_s07_cov050_seed00000034_bw025,c08_s07_cov050_seed00000034,flip,fast_gate,8,7,measured,0.5,0.25,,34,X,Y,4,8,7,7,0.7,2,"C00,W",0.0,0,0,3,0,3,True,3,ok,local_up_fast,mpdag_criterion,True,"Conjecture 2 (hence Anti-Exchange Case B, verified not proved)",C00->Y C01->C00 C02->C01 C03->C02 C04->C03 W->Y X->Y C04-C05 C05-C06 C06-X,0.0009606660000827105,0.0,0.0009606660000827105,,4,24,7,0,0.6,2.0,4,1
c08_s07_cov050_seed00000035_bw025,c08_s07_cov050_seed00000035,flip,fast_gate,8,7,measured,0.5,0.25,,35,X,Y,4,8,7,7,0.7,2,"C00,W",0.0,0,0,3,0,3,True,3,ok,local_up_fast,mpdag_criterion,True,"Conjecture 2 (hence Anti-Exchange Case B, verified not proved)",C00->Y C01->C00 C02->C01 C03->C02 C04->C03 W->Y X->Y C04-C05 C05-C06 C06-X,0.001211999999895852,0.0,0.001211999999895852,,4,24,7,0,0.6,2.0,4,1
c08_s07_cov050_seed00000036_bw025,c08_s07_cov050_seed00000036,flip,fast_gate,8,7,measured,0.5,0.25,,36,X,Y,4,8,7,7,0.7,2,"C00,W",0.0,0,0,3,0,3,True,3,ok,local_up_fast,mpdag_criterion,True,"Conjecture 2 (hence Anti-Exchange Case B, verified not proved)",C00->Y C01->C00 C02->C01 C03->C02 C04->C03 W->Y X->Y C04-C05 C05-C06 C06-X,0.0009277080000629212,0.0,0.0009277080000629212,,4,24,7,0,0.6,2.0,4,1
c08_s07_cov050_seed00000041_bw025,c08_s07_cov050_seed00000041,flip,fast_gate,8,7,measured,0.5,0.25,,41,X,Y,4,8,7,7,0.7,2,"C00,W",0.0,0,0,3,0,3,True,3,ok,local_up_fast,mpdag_criterion,True,"Conjecture 2 (hence Anti-Exchange Case B, verified not proved)",C00->Y C01->C00 C02->C01 C03->C02 C04->C03 W->Y X->Y C04-C05 C05-C06 C06-X,0.0021437089999380987,0.0,0.0021437089999380987,,4,24,7,0,0.6,2.0,4,1
c08_s07_cov050_seed00000043_bw025,c08_s07_cov050_seed00000043,flip,fast_gate,8,7,measured,0.5,0.25,,43,X,Y,4,8,7,7,0.7,2,"C00,W",0.0,0,0,3,0,3,True,3,ok,local_up_fast,mpdag_criterion,True,"Conjecture 2 (hence Anti-Exchange Case B, verified not proved)",C00->Y C01->C00 C02->C01 C03->C02 C04->C03 W->Y X->Y C04-C05 C05-C06 C06-X,0.0009723330001634167,0.0,0.0009723330001634167,,4,24,7,0,0.6,2.0,4,1
c08_s07_cov050_seed00000046_bw025,c08_s07_cov050_seed00000046,flip,fast_gate,8,7,measured,0.5,0.25,,46,X,Y,4,8,7,7,0.7,2,"C00,W",0.0,0,0,3,0,3,True,3,ok,local_up_fast,mpdag_criterion,True,"Conjecture 2 (hence Anti-Exchange Case B, verified not proved)",C00->Y C01->C00 C02->C01 C03->C02 C04->C03 W->Y X->Y C04-C05 C05-C06 C06-X,0.0011323749999974098,0.0,0.0011323749999974098,,4,24,7,0,0.6,2.0,4,1
c08_s07_cov050_seed00000050_bw025,c08_s07_cov050_seed00000050,flip,fast_gate,8,7,measured,0.5,0.25,,50,X,Y,4,8,7,7,0.7,2,"C00,W",0.0,0,0,3,0,3,True,3,ok,local_up_fast,mpdag_criterion,True,"Conjecture 2 (hence Anti-Exchange Case B, verified not proved)",C00->Y C01->C00 C02->C01 C03->C02 C04->C03 W->Y X->Y C04-C05 C05-C06 C06-X,0.001619125000161148,0.0,0.001619125000161148,,4,24,7,0,0.6,2.0,4,1
c08_s07_cov050_seed00000053_bw025,c08_s07_cov050_seed00000053,flip,fast_gate,8,7,measured,0.5,0.25,,53,X,Y,4,8,7,7,0.7,2,"C00,W",0.0,0,0,3,0,3,True,3,ok,local_up_fast,mpdag_criterion,True,"Conjecture 2 (hence Anti-Exchange Case B, verified not proved)",C00->Y C01->C00 C02->C01 C03->C02 C04->C03 W->Y X->Y C04-C05 C05-C06 C06-X,0.000967000000173357,0.0,0.000967000000173357,,4,24,7,0,0.6,2.0,4,1
c08_s07_cov050_seed00000057_bw025,c08_s07_cov050_seed00000057,flip,fast_gate,8,7,measured,0.5,0.25,,57,X,Y,4,8,7,7,0.7,2,"C00,W",0.0,0,0,3,0,3,True,3,ok,local_up_fast,mpdag_criterion,True,"Conjecture 2 (hence Anti-Exchange Case B, verified not proved)",C00->Y C01->C00 C02->C01 C03->C02 C04->C03 W->Y X->Y C04-C05 C05-C06 C06-X,0.0016984579999643756,0.0,0.0016984579999643756,,4,24,7,0,0.6,2.0,4,1
c08_s07_cov050_seed00000059_bw025,c08_s07_cov050_seed00000059,flip,fast_gate,8,7,measured,0.5,0.25,,59,X,Y,4,8,7,7,0.7,2,"C00,W",0.0,0,0,3,0,3,True,3,ok,local_up_fast,mpdag_criterion,True,"Conjecture 2 (hence Anti-Exchange Case B, verified not proved)",C00->Y C01->C00 C02->C01 C03->C02 C04->C03 W->Y X->Y C04-C05 C05-C06 C06-X,0.0009800830000585847,0.0,0.0009800830000585847,,4,24,7,0,0.6,2.0,4,1
c08_s07_cov050_seed00000061_bw025,c08_s07_cov050_seed00000061,flip,fast_gate,8,7,measured,0.5,0.25,,61,X,Y,4,8,7,7,0.7,2,"C00,W",0.0,0,0,3,0,3,True,3,ok,local_up_fast,mpdag_criterion,True,"Conjecture 2 (hence Anti-Exchange Case B, verified not proved)",C00->Y C01->C00 C02->C01 C03->C02 C04->C03 W->Y X->Y C04-C05 C05-C06 C06-X,0.0009645409998029209,0.0,0.0009645409998029209,,4,24,7,0,0.6,2.0,4,1
c08_s07_cov050_seed00000063_bw025,c08_s07_cov050_seed00000063,flip,fast_gate,8,7,measured,0.5,0.25,,63,X,Y,4,8,7,7,0.7,2,"C00,W",0.0,0,0,3,0,3,True,3,ok,local_up_fast,mpdag_criterion,True,"Conjecture 2 (hence Anti-Exchange Case B, verified not proved)",C00->Y C01->C00 C02->C01 C03->C02 C04->C03 W->Y X->Y C04-C05 C05-C06 C06-X,0.0018811249999544088,0.0,0.0018811249999544088,,4,24,7,0,0.6,2.0,4,1
c08_s07_cov050_seed00000067_bw025,c08_s07_cov050_seed00000067,flip,fast_gate,8,7,measured,0.5,0.25,,67,X,Y,4,8,7,7,0.7,2,"C00,W",0.0,0,0,3,0,3,True,3,ok,local_up_fast,mpdag_criterion,True,"Conjecture 2 (hence Anti-Exchange Case B, verified not proved)",C00->Y C01->C00 C02->C01 C03->C02 C04->C03 W->Y X->Y C04-C05 C05-C06 C06-X,0.0009534169998914876,0.0,0.0009534169998914876,,4,24,7,0,0.6,2.0,4,1
c08_s07_cov050_seed00000079_bw025,c08_s07_cov050_seed00000079,flip,fast_gate,8,7,measured,0.5,0.25,,79,X,Y,4,8,7,7,0.7,2,"C00,W",0.0,0,0,3,0,3,True,3,ok,local_up_fast,mpdag_criterion,True,"Conjecture 2 (hence Anti-Exchange Case B, verified not proved)",C00->Y C01->C00 C02->C01 C03->C02 C04->C03 W->Y X->Y C04-C05 C05-C06 C06-X,0.0008965829999851849,0.0,0.0008965829999851849,,4,24,7,0,0.6,2.0,4,1
c08_s07_cov050_seed00000086_bw025,c08_s07_cov050_seed00000086,flip,fast_gate,8,7,measured,0.5,0.25,,86,X,Y,4,8,7,7,0.7,2,"C00,W",0.0,0,0,3,0,3,True,3,ok,local_up_fast,mpdag_criterion,True,"Conjecture 2 (hence Anti-Exchange Case B, verified not proved)",C00->Y C01->C00 C02->C01 C03->C02 C04->C03 W->Y X->Y C04-C05 C05-C06 C06-X,0.0009053339999809396,0.0,0.0009053339999809396,,4,24,7,0,0.6,2.0,4,1
c08_s07_cov050_seed00000091_bw025,c08_s07_cov050_seed00000091,flip,fast_gate,8,7,measured,0.5,0.25,,91,X,Y,4,8,7,7,0.7,2,"C00,W",0.0,0,0,3,0,3,True,3,ok,local_up_fast,mpdag_criterion,True,"Conjecture 2 (hence Anti-Exchange Case B, verified not proved)",C00->Y C01->C00 C02->C01 C03->C02 C04->C03 W->Y X->Y C04-C05 C05-C06 C06-X,0.0014747919999535952,0.0,0.0014747919999535952,,4,24,7,0,0.6,2.0,4,1
c08_s07_cov050_seed00000097_bw025,c08_s07_cov050_seed00000097,flip,fast_gate,8,7,measured,0.5,0.25,,97,X,Y,4,8,7,7,0.7,2,"C00,W",0.0,0,0,3,0,3,True,3,ok,local_up_fast,mpdag_criterion,True,"Conjecture 2 (hence Anti-Exchange Case B, verified not proved)",C00->Y C01->C00 C02->C01 C03->C02 C04->C03 W->Y X->Y C04-C05 C05-C06 C06-X,0.001759999999876527,0.0,0.001759999999876527,,4,24,7,0,0.6,2.0,4,1
c08_s07_cov050_seed00000098_bw025,c08_s07_cov050_seed00000098,flip,fast_gate,8,7,measured,0.5,0.25,,98,X,Y,4,8,7,7,0.7,2,"C00,W",0.0,0,0,3,0,3,True,3,ok,local_up_fast,mpdag_criterion,True,"Conjecture 2 (hence Anti-Exchange Case B, verified not proved)",C00->Y C01->C00 C02->C01 C03->C02 C04->C03 W->Y X->Y C04-C05 C05-C06 C06-X,0.0009784579999632115,0.0,0.0009784579999632115,,4,24,7,0,0.6,2.0,4,1
c08_s07_cov050_seed00000099_bw025,c08_s07_cov050_seed00000099,flip,fast_gate,8,7,measured,0.5,0.25,,99,X,Y,4,8,7,7,0.7,2,"C00,W",0.0,0,0,3,0,3,True,3,ok,local_up_fast,mpdag_criterion,True,"Conjecture 2 (hence Anti-Exchange Case B, verified not proved)",C00->Y C01->C00 C02->C01 C03->C02 C04->C03 W->Y X->Y C04-C05 C05-C06 C06-X,0.0009068750000551518,0.0,0.0009068750000551518,,4,24,7,0,0.6,2.0,4,1
c08_s07_cov050_seed00000104_bw025,c08_s07_cov050_seed00000104,flip,fast_gate,8,7,measured,0.5,0.25,,104,X,Y,4,8,7,7,0.7,2,"C00,W",0.0,0,0,3,0,3,True,3,ok,local_up_fast,mpdag_criterion,True,"Conjecture 2 (hence Anti-Exchange Case B, verified not proved)",C00->Y C01->C00 C02->C01 C03->C02 C04->C03 W->Y X->Y C04-C05 C05-C06 C06-X,0.0009394999999585707,0.0,0.0009394999999585707,,4,24,7,0,0.6,2.0,4,1
c08_s07_cov050_seed00000109_bw025,c08_s07_cov050_seed00000109,flip,fast_gate,8,7,measured,0.5,0.25,,109,X,Y,4,8,7,7,0.7,2,"C00,W",0.0,0,0,3,0,3,True,3,ok,local_up_fast,mpdag_criterion,True,"Conjecture 2 (hence Anti-Exchange Case B, verified not proved)",C00->Y C01->C00 C02->C01 C03->C02 C04->C03 W->Y X->Y C04-C05 C05-C06 C06-X,0.000907374999997046,0.0,0.000907374999997046,,4,24,7,0,0.6,2.0,4,1
c08_s07_cov050_seed00000111_bw025,c08_s07_cov050_seed00000111,flip,fast_gate,8,7,measured,0.5,0.25,,111,X,Y,4,8,7,7,0.7,2,"C00,W",0.0,0,0,3,0,3,True,3,ok,local_up_fast,mpdag_criterion,True,"Conjecture 2 (hence Anti-Exchange Case B, verified not proved)",C00->Y C01->C00 C02->C01 C03->C02 C04->C03 W->Y X->Y C04-C05 C05-C06 C06-X,0.0010395420001714228,0.0,0.0010395420001714228,,4,24,7,0,0.6,2.0,4,1
c08_s07_cov050_seed00000115_bw025,c08_s07_cov050_seed00000115,flip,fast_gate,8,7,measured,0.5,0.25,,115,X,Y,4,8,7,7,0.7,2,"C00,W",0.0,0,0,3,0,3,True,3,ok,local_up_fast,mpdag_criterion,True,"Conjecture 2 (hence Anti-Exchange Case B, verified not proved)",C00->Y C01->C00 C02->C01 C03->C02 C04->C03 W->Y X->Y C04-C05 C05-C06 C06-X,0.0009313329999258713,0.0,0.0009313329999258713,,4,24,7,0,0.6,2.0,4,1
c08_s07_cov050_seed00000117_bw025,c08_s07_cov050_seed00000117,flip,fast_gate,8,7,measured,0.5,0.25,,117,X,Y,4,8,7,7,0.7,2,"C00,W",0.0,0,0,3,0,3,True,3,ok,local_up_fast,mpdag_criterion,True,"Conjecture 2 (hence Anti-Exchange Case B, verified not proved)",C00->Y C01->C00 C02->C01 C03->C02 C04->C03 W->Y X->Y C04-C05 C05-C06 C06-X,0.0017160419999981968,0.0,0.0017160419999981968,,4,24,7,0,0.6,2.0,4,1
c08_s07_cov050_seed00000124_bw025,c08_s07_cov050_seed00000124,flip,fast_gate,8,7,measured,0.5,0.25,,124,X,Y,4,8,7,7,0.7,2,"C00,W",0.0,0,0,3,0,3,True,3,ok,local_up_fast,mpdag_criterion,True,"Conjecture 2 (hence Anti-Exchange Case B, verified not proved)",C00->Y C01->C00 C02->C01 C03->C02 C04->C03 W->Y X->Y C04-C05 C05-C06 C06-X,0.0008960420000221347,0.0,0.0008960420000221347,,4,24,7,0,0.6,2.0,4,1
c08_s07_cov050_seed00000125_bw025,c08_s07_cov050_seed00000125,flip,fast_gate,8,7,measured,0.5,0.25,,125,X,Y,4,8,7,7,0.7,2,"C00,W",0.0,0,0,3,0,3,True,3,ok,local_up_fast,mpdag_criterion,True,"Conjecture 2 (hence Anti-Exchange Case B, verified not proved)",C00->Y C01->C00 C02->C01 C03->C02 C04->C03 W->Y X->Y C04-C05 C05-C06 C06-X,0.0018593750000945874,0.0,0.0018593750000945874,,4,24,7,0,0.6,2.0,4,1
c08_s07_cov050_seed00000144_bw025,c08_s07_cov050_seed00000144,flip,fast_gate,8,7,measured,0.5,0.25,,144,X,Y,4,8,7,7,0.7,2,"C00,W",0.0,0,0,3,0,3,True,3,ok,local_up_fast,mpdag_criterion,True,"Conjecture 2 (hence Anti-Exchange Case B, verified not proved)",C00->Y C01->C00 C02->C01 C03->C02 C04->C03 W->Y X->Y C04-C05 C05-C06 C06-X,0.0017390000000432337,0.0,0.0017390000000432337,,4,24,7,0,0.6,2.0,4,1
c08_s07_cov050_seed00000145_bw025,c08_s07_cov050_seed00000145,flip,fast_gate,8,7,measured,0.5,0.25,,145,X,Y,4,8,7,7,0.7,2,"C00,W",0.0,0,0,3,0,3,True,3,ok,local_up_fast,mpdag_criterion,True,"Conjecture 2 (hence Anti-Exchange Case B, verified not proved)",C00->Y C01->C00 C02->C01 C03->C02 C04->C03 W->Y X->Y C04-C05 C05-C06 C06-X,0.0009280830001898721,0.0,0.0009280830001898721,,4,24,7,0,0.6,2.0,4,1
c08_s07_cov050_seed00000146_bw025,c08_s07_cov050_seed00000146,flip,fast_gate,8,7,measured,0.5,0.25,,146,X,Y,4,8,7,7,0.7,2,"C00,W",0.0,0,0,3,0,3,True,3,ok,local_up_fast,mpdag_criterion,True,"Conjecture 2 (hence Anti-Exchange Case B, verified not proved)",C00->Y C01->C00 C02->C01 C03->C02 C04->C03 W->Y X->Y C04-C05 C05-C06 C06-X,0.0018438750000768778,0.0,0.0018438750000768778,,4,24,7,0,0.6,2.0,4,1
c08_s07_cov050_seed00000151_bw025,c08_s07_cov050_seed00000151,flip,fast_gate,8,7,measured,0.5,0.25,,151,X,Y,4,8,7,7,0.7,2,"C00,W",0.0,0,0,3,0,3,True,3,ok,local_up_fast,mpdag_criterion,True,"Conjecture 2 (hence Anti-Exchange Case B, verified not proved)",C00->Y C01->C00 C02->C01 C03->C02 C04->C03 W->Y X->Y C04-C05 C05-C06 C06-X,0.0017020410000441188,0.0,0.0017020410000441188,,4,24,7,0,0.6,2.0,4,1
c08_s07_cov050_seed00000155_bw025,c08_s07_cov050_seed00000155,flip,fast_gate,8,7,measured,0.5,0.25,,155,X,Y,4,8,7,7,0.7,2,"C00,W",0.0,0,0,3,0,3,True,3,ok,local_up_fast,mpdag_criterion,True,"Conjecture 2 (hence Anti-Exchange Case B, verified not proved)",C00->Y C01->C00 C02->C01 C03->C02 C04->C03 W->Y X->Y C04-C05 C05-C06 C06-X,0.000978750000058426,0.0,0.000978750000058426,,4,24,7,0,0.6,2.0,4,1
c08_s07_cov050_seed00000159_bw025,c08_s07_cov050_seed00000159,flip,fast_gate,8,7,measured,0.5,0.25,,159,X,Y,4,8,7,7,0.7,2,"C00,W",0.0,0,0,3,0,3,True,3,ok,local_up_fast,mpdag_criterion,True,"Conjecture 2 (hence Anti-Exchange Case B, verified not proved)",C00->Y C01->C00 C02->C01 C03->C02 C04->C03 W->Y X->Y C04-C05 C05-C06 C06-X,0.0009435839999696327,0.0,0.0009435839999696327,,4,24,7,0,0.6,2.0,4,1
c08_s07_cov100_seed00000000_bw000,c08_s07_cov100_seed00000000,flip,fast_gate,8,7,measured,1.0,0.0,,0,X,Y,7,0,7,7,0.7,2,"C00,W",0.0,0,0,,1,3,True,7,ok,e1_ladder,mpdag_criterion,True,"Conjecture 2 (hence Anti-Exchange Case B, verified not proved)","(('C00', 'Y'), ('W', 'Y'), ('X', 'Y'))",0.0011863750000884465,0.03768404199990982,0.03887041699999827,,4,18,4,0,0.9,6.0,7,0
c08_s07_cov100_seed00000001_bw000,c08_s07_cov100_seed00000001,flip,fast_gate,8,7,measured,1.0,0.0,,1,X,Y,7,0,7,7,0.7,2,"C00,W",0.0,0,0,,1,3,True,7,ok,e1_ladder,mpdag_criterion,True,"Conjecture 2 (hence Anti-Exchange Case B, verified not proved)","(('C00', 'Y'), ('W', 'Y'), ('X', 'Y'))",0.0006652919998941798,0.03591829099991628,0.03658358299981046,,4,18,4,0,0.9,6.0,7,0
c08_s07_cov100_seed00000002_bw000,c08_s07_cov100_seed00000002,flip,fast_gate,8,7,measured,1.0,0.0,,2,X,Y,7,0,7,7,0.7,2,"C00,W",0.0,0,0,,1,3,True,7,ok,e1_ladder,mpdag_criterion,True,"Conjecture 2 (hence Anti-Exchange Case B, verified not proved)","(('C00', 'Y'), ('W', 'Y'), ('X', 'Y'))",0.0007169170000906888,0.033174708000160535,0.033891625000251224,,4,18,4,0,0.9,6.0,7,0
c08_s07_cov100_seed00000003_bw000,c08_s07_cov100_seed00000003,flip,fast_gate,8,7,measured,1.0,0.0,,3,X,Y,7,0,7,7,0.7,2,"C00,W",0.0,0,0,,1,3,True,7,ok,e1_ladder,mpdag_criterion,True,"Conjecture 2 (hence Anti-Exchange Case B, verified not proved)","(('C00', 'Y'), ('W', 'Y'), ('X', 'Y'))",0.000895291000006182,0.02823729200008529,0.029132583000091472,,4,18,4,0,0.9,6.0,7,0
c08_s07_cov100_seed00000004_bw000,c08_s07_cov100_seed00000004,flip,fast_gate,8,7,measured,1.0,0.0,,4,X,Y,7,0,7,7,0.7,2,"C00,W",0.0,0,0,,1,3,True,7,ok,e1_ladder,mpdag_criterion,True,"Conjecture 2 (hence Anti-Exchange Case B, verified not proved)","(('C00', 'Y'), ('W', 'Y'), ('X', 'Y'))",0.0007514579999678972,0.038091542000074696,0.03884300000004259,,4,18,4,0,0.9,6.0,7,0
c08_s07_cov100_seed00000005_bw000,c08_s07_cov100_seed00000005,flip,fast_gate,8,7,measured,1.0,0.0,,5,X,Y,7,0,7,7,0.7,2,"C00,W",0.0,0,0,,1,3,True,7,ok,e1_ladder,mpdag_criterion,True,"Conjecture 2 (hence Anti-Exchange Case B, verified not proved)","(('C00', 'Y'), ('W', 'Y'), ('X', 'Y'))",0.001110542000105852,0.03055254099990634,0.03166308300001219,,4,18,4,0,0.9,6.0,7,0
c08_s07_cov100_seed00000006_bw000,c08_s07_cov100_seed00000006,flip,fast_gate,8,7,measured,1.0,0.0,,6,X,Y,7,0,7,7,0.7,2,"C00,W",0.0,0,0,,1,3,True,7,ok,e1_ladder,mpdag_criterion,True,"Conjecture 2 (hence Anti-Exchange Case B, verified not proved)","(('C00', 'Y'), ('W', 'Y'), ('X', 'Y'))",0.0008751249999932043,0.03809079200004817,0.03896591700004137,,4,18,4,0,0.9,6.0,7,0
c08_s07_cov100_seed00000007_bw000,c08_s07_cov100_seed00000007,flip,fast_gate,8,7,measured,1.0,0.0,,7,X,Y,7,0,7,7,0.7,2,"C00,W",0.0,0,0,,1,3,True,7,ok,e1_ladder,mpdag_criterion,True,"Conjecture 2 (hence Anti-Exchange Case B, verified not proved)","(('C00', 'Y'), ('W', 'Y'), ('X', 'Y'))",0.0006969999999455467,0.039678124999909414,0.04037512499985496,,4,18,4,0,0.9,6.0,7,0
c08_s07_cov100_seed00000008_bw000,c08_s07_cov100_seed00000008,flip,fast_gate,8,7,measured,1.0,0.0,,8,X,Y,7,0,7,7,0.7,2,"C00,W",0.0,0,0,,1,3,True,7,ok,e1_ladder,mpdag_criterion,True,"Conjecture 2 (hence Anti-Exchange Case B, verified not proved)","(('C00', 'Y'), ('W', 'Y'), ('X', 'Y'))",0.0007018329999937123,0.030743209000092975,0.03144504200008669,,4,18,4,0,0.9,6.0,7,0
c08_s07_cov100_seed00000009_bw000,c08_s07_cov100_seed00000009,flip,fast_gate,8,7,measured,1.0,0.0,,9,X,Y,7,0,7,7,0.7,2,"C00,W",0.0,0,0,,1,3,True,7,ok,e1_ladder,mpdag_criterion,True,"Conjecture 2 (hence Anti-Exchange Case B, verified not proved)","(('C00', 'Y'), ('W', 'Y'), ('X', 'Y'))",0.0007259999999860156,0.024608707999959734,0.02533470799994575,,4,18,4,0,0.9,6.0,7,0
c08_s07_cov100_seed00000010_bw000,c08_s07_cov100_seed00000010,flip,fast_gate,8,7,measured,1.0,0.0,,10,X,Y,7,0,7,7,0.7,2,"C00,W",0.0,0,0,,1,3,True,7,ok,e1_ladder,mpdag_criterion,True,"Conjecture 2 (hence Anti-Exchange Case B, verified not proved)","(('C00', 'Y'), ('W', 'Y'), ('X', 'Y'))",0.0007038749999992433,0.03241637499991157,0.03312024999991081,,4,18,4,0,0.9,6.0,7,0
c08_s07_cov100_seed00000011_bw000,c08_s07_cov100_seed00000011,flip,fast_gate,8,7,measured,1.0,0.0,,11,X,Y,7,0,7,7,0.7,2,"C00,W",0.0,0,0,,1,3,True,7,ok,e1_ladder,mpdag_criterion,True,"Conjecture 2 (hence Anti-Exchange Case B, verified not proved)","(('C00', 'Y'), ('W', 'Y'), ('X', 'Y'))",0.0007176249998792628,0.03067487499993149,0.03139249999981075,,4,18,4,0,0.9,6.0,7,0
c08_s07_cov100_seed00000012_bw000,c08_s07_cov100_seed00000012,flip,fast_gate,8,7,measured,1.0,0.0,,12,X,Y,7,0,7,7,0.7,2,"C00,W",0.0,0,0,,1,3,True,7,ok,e1_ladder,mpdag_criterion,True,"Conjecture 2 (hence Anti-Exchange Case B, verified not proved)","(('C00', 'Y'), ('W', 'Y'), ('X', 'Y'))",0.0007017089999408199,0.0359683749998112,0.03667008399975202,,4,18,4,0,0.9,6.0,7,0
c08_s07_cov100_seed00000013_bw000,c08_s07_cov100_seed00000013,flip,fast_gate,8,7,measured,1.0,0.0,,13,X,Y,7,0,7,7,0.7,2,"C00,W",0.0,0,0,,1,3,True,7,ok,e1_ladder,mpdag_criterion,True,"Conjecture 2 (hence Anti-Exchange Case B, verified not proved)","(('C00', 'Y'), ('W', 'Y'), ('X', 'Y'))",0.0008973750000222935,0.0284352090000084,0.029332584000030693,,4,18,4,0,0.9,6.0,7,0
c08_s07_cov100_seed00000014_bw000,c08_s07_cov100_seed00000014,flip,fast_gate,8,7,measured,1.0,0.0,,14,X,Y,7,0,7,7,0.7,2,"C00,W",0.0,0,0,,1,3,True,7,ok,e1_ladder,mpdag_criterion,True,"Conjecture 2 (hence Anti-Exchange Case B, verified not proved)","(('C00', 'Y'), ('W', 'Y'), ('X', 'Y'))",0.000698499999998603,0.03334204099996896,0.03404054099996756,,4,18,4,0,0.9,6.0,7,0
c08_s07_cov100_seed00000015_bw000,c08_s07_cov100_seed00000015,flip,fast_gate,8,7,measured,1.0,0.0,,15,X,Y,7,0,7,7,0.7,2,"C00,W",0.0,0,0,,1,3,True,7,ok,e1_ladder,mpdag_criterion,True,"Conjecture 2 (hence Anti-Exchange Case B, verified not proved)","(('C00', 'Y'), ('W', 'Y'), ('X', 'Y'))",0.0007143749999158899,0.029281833000140978,0.029996208000056868,,4,18,4,0,0.9,6.0,7,0
c08_s07_cov100_seed00000016_bw000,c08_s07_cov100_seed00000016,flip,fast_gate,8,7,measured,1.0,0.0,,16,X,Y,7,0,7,7,0.7,2,"C00,W",0.0,0,0,,1,3,True,7,ok,e1_ladder,mpdag_criterion,True,"Conjecture 2 (hence Anti-Exchange Case B, verified not proved)","(('C00', 'Y'), ('W', 'Y'), ('X', 'Y'))",0.0007057909999730327,0.03244466699993609,0.03315045799990912,,4,18,4,0,0.9,6.0,7,0
c08_s07_cov100_seed00000017_bw000,c08_s07_cov100_seed00000017,flip,fast_gate,8,7,measured,1.0,0.0,,17,X,Y,7,0,7,7,0.7,2,"C00,W",0.0,0,0,,1,3,True,7,ok,e1_ladder,mpdag_criterion,True,"Conjecture 2 (hence Anti-Exchange Case B, verified not proved)","(('C00', 'Y'), ('W', 'Y'), ('X', 'Y'))",0.0013375840001117467,0.032988541999884546,0.03432612599999629,,4,18,4,0,0.9,6.0,7,0
c08_s07_cov100_seed00000018_bw000,c08_s07_cov100_seed00000018,flip,fast_gate,8,7,measured,1.0,0.0,,18,X,Y,7,0,7,7,0.7,2,"C00,W",0.0,0,0,,1,3,True,7,ok,e1_ladder,mpdag_criterion,True,"Conjecture 2 (hence Anti-Exchange Case B, verified not proved)","(('C00', 'Y'), ('W', 'Y'), ('X', 'Y'))",0.0013811670000904996,0.031400249999933294,0.032781417000023794,,4,18,4,0,0.9,6.0,7,0
c08_s07_cov100_seed00000019_bw000,c08_s07_cov100_seed00000019,flip,fast_gate,8,7,measured,1.0,0.0,,19,X,Y,7,0,7,7,0.7,2,"C00,W",0.0,0,0,,1,3,True,7,ok,e1_ladder,mpdag_criterion,True,"Conjecture 2 (hence Anti-Exchange Case B, verified not proved)","(('C00', 'Y'), ('W', 'Y'), ('X', 'Y'))",0.000696457999993072,0.03927075000001423,0.039967208000007304,,4,18,4,0,0.9,6.0,7,0
c08_s07_cov100_seed00000020_bw000,c08_s07_cov100_seed00000020,flip,fast_gate,8,7,measured,1.0,0.0,,20,X,Y,7,0,7,7,0.7,2,"C00,W",0.0,0,0,,1,3,True,7,ok,e1_ladder,mpdag_criterion,True,"Conjecture 2 (hence Anti-Exchange Case B, verified not proved)","(('C00', 'Y'), ('W', 'Y'), ('X', 'Y'))",0.0007296660000974953,0.037052041999913854,0.03778170800001135,,4,18,4,0,0.9,6.0,7,0
c08_s07_cov100_seed00000021_bw000,c08_s07_cov100_seed00000021,flip,fast_gate,8,7,measured,1.0,0.0,,21,X,Y,7,0,7,7,0.7,2,"C00,W",0.0,0,0,,1,3,True,7,ok,e1_ladder,mpdag_criterion,True,"Conjecture 2 (hence Anti-Exchange Case B, verified not proved)","(('C00', 'Y'), ('W', 'Y'), ('X', 'Y'))",0.0012552919999961887,0.02991937499996311,0.0311746669999593,,4,18,4,0,0.9,6.0,7,0
c08_s07_cov100_seed00000022_bw000,c08_s07_cov100_seed00000022,flip,fast_gate,8,7,measured,1.0,0.0,,22,X,Y,7,0,7,7,0.7,2,"C00,W",0.0,0,0,,1,3,True,7,ok,e1_ladder,mpdag_criterion,True,"Conjecture 2 (hence Anti-Exchange Case B, verified not proved)","(('C00', 'Y'), ('W', 'Y'), ('X', 'Y'))",0.0006882080001560098,0.03178391599999486,0.03247212400015087,,4,18,4,0,0.9,6.0,7,0
c08_s07_cov100_seed00000023_bw000,c08_s07_cov100_seed00000023,flip,fast_gate,8,7,measured,1.0,0.0,,23,X,Y,7,0,7,7,0.7,2,"C00,W",0.0,0,0,,1,3,True,7,ok,e1_ladder,mpdag_criterion,True,"Conjecture 2 (hence Anti-Exchange Case B, verified not proved)","(('C00', 'Y'), ('W', 'Y'), ('X', 'Y'))",0.0007124580001800496,0.025371666999944864,0.026084125000124914,,4,18,4,0,0.9,6.0,7,0
c08_s07_cov100_seed00000024_bw000,c08_s07_cov100_seed00000024,flip,fast_gate,8,7,measured,1.0,0.0,,24,X,Y,7,0,7,7,0.7,2,"C00,W",0.0,0,0,,1,3,True,7,ok,e1_ladder,mpdag_criterion,True,"Conjecture 2 (hence Anti-Exchange Case B, verified not proved)","(('C00', 'Y'), ('W', 'Y'), ('X', 'Y'))",0.0006847500001185836,0.03402291600013996,0.03470766600025854,,4,18,4,0,0.9,6.0,7,0
c08_s07_cov100_seed00000025_bw000,c08_s07_cov100_seed00000025,flip,fast_gate,8,7,measured,1.0,0.0,,25,X,Y,7,0,7,7,0.7,2,"C00,W",0.0,0,0,,1,3,True,7,ok,e1_ladder,mpdag_criterion,True,"Conjecture 2 (hence Anti-Exchange Case B, verified not proved)","(('C00', 'Y'), ('W', 'Y'), ('X', 'Y'))",0.0007097499999417778,0.035316250000050786,0.036025999999992564,,4,18,4,0,0.9,6.0,7,0
c08_s07_cov100_seed00000026_bw000,c08_s07_cov100_seed00000026,flip,fast_gate,8,7,measured,1.0,0.0,,26,X,Y,7,0,7,7,0.7,2,"C00,W",0.0,0,0,,1,3,True,7,ok,e1_ladder,mpdag_criterion,True,"Conjecture 2 (hence Anti-Exchange Case B, verified not proved)","(('C00', 'Y'), ('W', 'Y'), ('X', 'Y'))",0.0006735839999691962,0.03236754099998507,0.03304112499995426,,4,18,4,0,0.9,6.0,7,0
c08_s07_cov100_seed00000027_bw000,c08_s07_cov100_seed00000027,flip,fast_gate,8,7,measured,1.0,0.0,,27,X,Y,7,0,7,7,0.7,2,"C00,W",0.0,0,0,,1,3,True,7,ok,e1_ladder,mpdag_criterion,True,"Conjecture 2 (hence Anti-Exchange Case B, verified not proved)","(('C00', 'Y'), ('W', 'Y'), ('X', 'Y'))",0.001273917000162328,0.031529707999879975,0.0328036250000423,,4,18,4,0,0.9,6.0,7,0
c08_s07_cov100_seed00000028_bw000,c08_s07_cov100_seed00000028,flip,fast_gate,8,7,measured,1.0,0.0,,28,X,Y,7,0,7,7,0.7,2,"C00,W",0.0,0,0,,1,3,True,7,ok,e1_ladder,mpdag_criterion,True,"Conjecture 2 (hence Anti-Exchange Case B, verified not proved)","(('C00', 'Y'), ('W', 'Y'), ('X', 'Y'))",0.0007129999999051506,0.03336658300008821,0.03407958299999336,,4,18,4,0,0.9,6.0,7,0
c08_s07_cov100_seed00000029_bw000,c08_s07_cov100_seed00000029,flip,fast_gate,8,7,measured,1.0,0.0,,29,X,Y,7,0,7,7,0.7,2,"C00,W",0.0,0,0,,1,3,True,7,ok,e1_ladder,mpdag_criterion,True,"Conjecture 2 (hence Anti-Exchange Case B, verified not proved)","(('C00', 'Y'), ('W', 'Y'), ('X', 'Y'))",0.0013085410000712727,0.032508792000044195,0.03381733300011547,,4,18,4,0,0.9,6.0,7,0
c08_s07_cov100_seed00000030_bw000,c08_s07_cov100_seed00000030,flip,fast_gate,8,7,measured,1.0,0.0,,30,X,Y,7,0,7,7,0.7,2,"C00,W",0.0,0,0,,1,3,True,7,ok,e1_ladder,mpdag_criterion,True,"Conjecture 2 (hence Anti-Exchange Case B, verified not proved)","(('C00', 'Y'), ('W', 'Y'), ('X', 'Y'))",0.0007083750001584121,0.03676712500009671,0.037475500000255124,,4,18,4,0,0.9,6.0,7,0
c08_s07_cov100_seed00000031_bw000,c08_s07_cov100_seed00000031,flip,fast_gate,8,7,measured,1.0,0.0,,31,X,Y,7,0,7,7,0.7,2,"C00,W",0.0,0,0,,1,3,True,7,ok,e1_ladder,mpdag_criterion,True,"Conjecture 2 (hence Anti-Exchange Case B, verified not proved)","(('C00', 'Y'), ('W', 'Y'), ('X', 'Y'))",0.0006805000000440486,0.029104541000151585,0.029785041000195633,,4,18,4,0,0.9,6.0,7,0
c08_s07_cov100_seed00000032_bw000,c08_s07_cov100_seed00000032,flip,fast_gate,8,7,measured,1.0,0.0,,32,X,Y,7,0,7,7,0.7,2,"C00,W",0.0,0,0,,1,3,True,7,ok,e1_ladder,mpdag_criterion,True,"Conjecture 2 (hence Anti-Exchange Case B, verified not proved)","(('C00', 'Y'), ('W', 'Y'), ('X', 'Y'))",0.0006959580000511778,0.03269045799993364,0.03338641599998482,,4,18,4,0,0.9,6.0,7,0
c08_s07_cov100_seed00000033_bw000,c08_s07_cov100_seed00000033,flip,fast_gate,8,7,measured,1.0,0.0,,33,X,Y,7,0,7,7,0.7,2,"C00,W",0.0,0,0,,1,3,True,7,ok,e1_ladder,mpdag_criterion,True,"Conjecture 2 (hence Anti-Exchange Case B, verified not proved)","(('C00', 'Y'), ('W', 'Y'), ('X', 'Y'))",0.0006615419999889127,0.028651040999875477,0.02931258299986439,,4,18,4,0,0.9,6.0,7,0
c08_s07_cov100_seed00000034_bw000,c08_s07_cov100_seed00000034,flip,fast_gate,8,7,measured,1.0,0.0,,34,X,Y,7,0,7,7,0.7,2,"C00,W",0.0,0,0,,1,3,True,7,ok,e1_ladder,mpdag_criterion,True,"Conjecture 2 (hence Anti-Exchange Case B, verified not proved)","(('C00', 'Y'), ('W', 'Y'), ('X', 'Y'))",0.0006670419998044963,0.03199337499995636,0.032660416999760855,,4,18,4,0,0.9,6.0,7,0
c08_s07_cov100_seed00000035_bw000,c08_s07_cov100_seed00000035,flip,fast_gate,8,7,measured,1.0,0.0,,35,X,Y,7,0,7,7,0.7,2,"C00,W",0.0,0,0,,1,3,True,7,ok,e1_ladder,mpdag_criterion,True,"Conjecture 2 (hence Anti-Exchange Case B, verified not proved)","(('C00', 'Y'), ('W', 'Y'), ('X', 'Y'))",0.0007001670001045568,0.0341029169999274,0.03480308400003196,,4,18,4,0,0.9,6.0,7,0
c08_s07_cov100_seed00000036_bw000,c08_s07_cov100_seed00000036,flip,fast_gate,8,7,measured,1.0,0.0,,36,X,Y,7,0,7,7,0.7,2,"C00,W",0.0,0,0,,1,3,True,7,ok,e1_ladder,mpdag_criterion,True,"Conjecture 2 (hence Anti-Exchange Case B, verified not proved)","(('C00', 'Y'), ('W', 'Y'), ('X', 'Y'))",0.0006918750000295404,0.026548083000079714,0.027239958000109254,,4,18,4,0,0.9,6.0,7,0
c08_s07_cov100_seed00000037_bw000,c08_s07_cov100_seed00000037,flip,fast_gate,8,7,measured,1.0,0.0,,37,X,Y,7,0,7,7,0.7,2,"C00,W",0.0,0,0,,1,3,True,7,ok,e1_ladder,mpdag_criterion,True,"Conjecture 2 (hence Anti-Exchange Case B, verified not proved)","(('C00', 'Y'), ('W', 'Y'), ('X', 'Y'))",0.0012601670000549348,0.02920599999993101,0.030466166999985944,,4,18,4,0,0.9,6.0,7,0
c08_s07_cov100_seed00000038_bw000,c08_s07_cov100_seed00000038,flip,fast_gate,8,7,measured,1.0,0.0,,38,X,Y,7,0,7,7,0.7,2,"C00,W",0.0,0,0,,1,3,True,7,ok,e1_ladder,mpdag_criterion,True,"Conjecture 2 (hence Anti-Exchange Case B, verified not proved)","(('C00', 'Y'), ('W', 'Y'), ('X', 'Y'))",0.0012660830000186252,0.03369175000011637,0.034957833000135,,4,18,4,0,0.9,6.0,7,0
c08_s07_cov100_seed00000039_bw000,c08_s07_cov100_seed00000039,flip,fast_gate,8,7,measured,1.0,0.0,,39,X,Y,7,0,7,7,0.7,2,"C00,W",0.0,0,0,,1,3,True,7,ok,e1_ladder,mpdag_criterion,True,"Conjecture 2 (hence Anti-Exchange Case B, verified not proved)","(('C00', 'Y'), ('W', 'Y'), ('X', 'Y'))",0.0012575000000651926,0.029474291000042285,0.030731791000107478,,4,18,4,0,0.9,6.0,7,0
c08_s07_cov100_seed00000000_bw010,c08_s07_cov100_seed00000000,flip,fast_gate,8,7,measured,1.0,0.1,,0,X,Y,7,2,7,7,0.7,2,"C00,W",0.0,0,0,,1,3,True,6,ok,e1_ladder,mpdag_criterion,True,"Conjecture 2 (hence Anti-Exchange Case B, verified not proved)","(('C00', 'Y'), ('C01', 'C00'), ('W', 'Y'), ('X', 'Y'))",0.0011917079998511326,0.02704016600000614,0.02823187399985727,,7,29,7,0,0.7,5.0,7,1
c08_s07_cov100_seed00000030_bw010,c08_s07_cov100_seed00000030,flip,fast_gate,8,7,measured,1.0,0.1,,30,X,Y,7,2,7,7,0.7,2,"C00,W",0.0,0,0,,1,3,True,6,ok,e1_ladder,mpdag_criterion,True,"Conjecture 2 (hence Anti-Exchange Case B, verified not proved)","(('C00', 'Y'), ('C01', 'C00'), ('W', 'Y'), ('X', 'Y'))",0.001106958000036684,0.027889999999842985,0.02899695799987967,,7,29,7,0,0.7,5.0,7,1
c08_s07_cov100_seed00000053_bw010,c08_s07_cov100_seed00000053,flip,fast_gate,8,7,measured,1.0,0.1,,53,X,Y,7,2,7,7,0.7,2,"C00,W",0.0,0,0,,1,3,True,6,ok,e1_ladder,mpdag_criterion,True,"Conjecture 2 (hence Anti-Exchange Case B, verified not proved)","(('C00', 'Y'), ('C01', 'C00'), ('W', 'Y'), ('X', 'Y'))",0.0011289169999599835,0.027303124999889405,0.02843204199984939,,7,29,7,0,0.7,5.0,7,1
c08_s07_cov100_seed00000055_bw010,c08_s07_cov100_seed00000055,flip,fast_gate,8,7,measured,1.0,0.1,,55,X,Y,7,2,7,7,0.7,2,"C00,W",0.0,0,0,,1,3,True,6,ok,e1_ladder,mpdag_criterion,True,"Conjecture 2 (hence Anti-Exchange Case B, verified not proved)","(('C00', 'Y'), ('C01', 'C00'), ('W', 'Y'), ('X', 'Y'))",0.002067957999997816,0.03162833300007151,0.03369629100006932,,7,29,7,0,0.7,5.0,7,1
c08_s07_cov100_seed00000058_bw010,c08_s07_cov100_seed00000058,flip,fast_gate,8,7,measured,1.0,0.1,,58,X,Y,7,2,7,7,0.7,2,"C00,W",0.0,0,0,,1,3,True,6,ok,e1_ladder,mpdag_criterion,True,"Conjecture 2 (hence Anti-Exchange Case B, verified not proved)","(('C00', 'Y'), ('C01', 'C00'), ('W', 'Y'), ('X', 'Y'))",0.0010942499998236599,0.032539999999926295,0.033634249999749954,,7,29,7,0,0.7,5.0,7,1
c08_s07_cov100_seed00000059_bw010,c08_s07_cov100_seed00000059,flip,fast_gate,8,7,measured,1.0,0.1,,59,X,Y,7,2,7,7,0.7,2,"C00,W",0.0,0,0,,1,3,True,6,ok,e1_ladder,mpdag_criterion,True,"Conjecture 2 (hence Anti-Exchange Case B, verified not proved)","(('C00', 'Y'), ('C01', 'C00'), ('W', 'Y'), ('X', 'Y'))",0.0010704169999371516,0.03178200000002107,0.03285241699995822,,7,29,7,0,0.7,5.0,7,1
c08_s07_cov100_seed00000062_bw010,c08_s07_cov100_seed00000062,flip,fast_gate,8,7,measured,1.0,0.1,,62,X,Y,7,2,7,7,0.7,2,"C00,W",0.0,0,0,,1,3,True,6,ok,e1_ladder,mpdag_criterion,True,"Conjecture 2 (hence Anti-Exchange Case B, verified not proved)","(('C00', 'Y'), ('C01', 'C00'), ('W', 'Y'), ('X', 'Y'))",0.0017498750000868313,0.027709540999921956,0.029459416000008787,,7,29,7,0,0.7,5.0,7,1
c08_s07_cov100_seed00000075_bw010,c08_s07_cov100_seed00000075,flip,fast_gate,8,7,measured,1.0,0.1,,75,X,Y,7,2,7,7,0.7,2,"C00,W",0.0,0,0,,1,3,True,6,ok,e1_ladder,mpdag_criterion,True,"Conjecture 2 (hence Anti-Exchange Case B, verified not proved)","(('C00', 'Y'), ('C01', 'C00'), ('W', 'Y'), ('X', 'Y'))",0.001291333999915878,0.031018667000125788,0.032310001000041666,,7,29,7,0,0.7,5.0,7,1
c08_s07_cov100_seed00000097_bw010,c08_s07_cov100_seed00000097,flip,fast_gate,8,7,measured,1.0,0.1,,97,X,Y,7,2,7,7,0.7,2,"C00,W",0.0,0,0,,1,3,True,6,ok,e1_ladder,mpdag_criterion,True,"Conjecture 2 (hence Anti-Exchange Case B, verified not proved)","(('C00', 'Y'), ('C01', 'C00'), ('W', 'Y'), ('X', 'Y'))",0.001084666999986439,0.03168808300006276,0.0327727500000492,,7,29,7,0,0.7,5.0,7,1
c08_s07_cov100_seed00000099_bw010,c08_s07_cov100_seed00000099,flip,fast_gate,8,7,measured,1.0,0.1,,99,X,Y,7,2,7,7,0.7,2,"C00,W",0.0,0,0,,1,3,True,6,ok,e1_ladder,mpdag_criterion,True,"Conjecture 2 (hence Anti-Exchange Case B, verified not proved)","(('C00', 'Y'), ('C01', 'C00'), ('W', 'Y'), ('X', 'Y'))",0.0021248329999252746,0.032365125000069384,0.03448995799999466,,7,29,7,0,0.7,5.0,7,1
c08_s07_cov100_seed00000113_bw010,c08_s07_cov100_seed00000113,flip,fast_gate,8,7,measured,1.0,0.1,,113,X,Y,7,2,7,7,0.7,2,"C00,W",0.0,0,0,,1,3,True,6,ok,e1_ladder,mpdag_criterion,True,"Conjecture 2 (hence Anti-Exchange Case B, verified not proved)","(('C00', 'Y'), ('C01', 'C00'), ('W', 'Y'), ('X', 'Y'))",0.0011475410001366981,0.0304930830000103,0.031640624000147,,7,29,7,0,0.7,5.0,7,1
c08_s07_cov100_seed00000117_bw010,c08_s07_cov100_seed00000117,flip,fast_gate,8,7,measured,1.0,0.1,,117,X,Y,7,2,7,7,0.7,2,"C00,W",0.0,0,0,,1,3,True,6,ok,e1_ladder,mpdag_criterion,True,"Conjecture 2 (hence Anti-Exchange Case B, verified not proved)","(('C00', 'Y'), ('C01', 'C00'), ('W', 'Y'), ('X', 'Y'))",0.0010859579999760172,0.0284027079999305,0.029488665999906516,,7,29,7,0,0.7,5.0,7,1
c08_s07_cov100_seed00000126_bw010,c08_s07_cov100_seed00000126,flip,fast_gate,8,7,measured,1.0,0.1,,126,X,Y,7,2,7,7,0.7,2,"C00,W",0.0,0,0,,1,3,True,6,ok,e1_ladder,mpdag_criterion,True,"Conjecture 2 (hence Anti-Exchange Case B, verified not proved)","(('C00', 'Y'), ('C01', 'C00'), ('W', 'Y'), ('X', 'Y'))",0.0011325000000397267,0.02664070800005902,0.027773208000098748,,7,29,7,0,0.7,5.0,7,1
c08_s07_cov100_seed00000131_bw010,c08_s07_cov100_seed00000131,flip,fast_gate,8,7,measured,1.0,0.1,,131,X,Y,7,2,7,7,0.7,2,"C00,W",0.0,0,0,,1,3,True,6,ok,e1_ladder,mpdag_criterion,True,"Conjecture 2 (hence Anti-Exchange Case B, verified not proved)","(('C00', 'Y'), ('C01', 'C00'), ('W', 'Y'), ('X', 'Y'))",0.002144292000139103,0.035978707999902326,0.03812300000004143,,7,29,7,0,0.7,5.0,7,1
c08_s07_cov100_seed00000147_bw010,c08_s07_cov100_seed00000147,flip,fast_gate,8,7,measured,1.0,0.1,,147,X,Y,7,2,7,7,0.7,2,"C00,W",0.0,0,0,,1,3,True,6,ok,e1_ladder,mpdag_criterion,True,"Conjecture 2 (hence Anti-Exchange Case B, verified not proved)","(('C00', 'Y'), ('C01', 'C00'), ('W', 'Y'), ('X', 'Y'))",0.0011129590000109602,0.03234779099989282,0.03346074999990378,,7,29,7,0,0.7,5.0,7,1
c08_s07_cov100_seed00000148_bw010,c08_s07_cov100_seed00000148,flip,fast_gate,8,7,measured,1.0,0.1,,148,X,Y,7,2,7,7,0.7,2,"C00,W",0.0,0,0,,1,3,True,6,ok,e1_ladder,mpdag_criterion,True,"Conjecture 2 (hence Anti-Exchange Case B, verified not proved)","(('C00', 'Y'), ('C01', 'C00'), ('W', 'Y'), ('X', 'Y'))",0.0011130830000638525,0.02801104100012708,0.029124124000190932,,7,29,7,0,0.7,5.0,7,1
c08_s07_cov100_seed00000153_bw010,c08_s07_cov100_seed00000153,flip,fast_gate,8,7,measured,1.0,0.1,,153,X,Y,7,2,7,7,0.7,2,"C00,W",0.0,0,0,,1,3,True,6,ok,e1_ladder,mpdag_criterion,True,"Conjecture 2 (hence Anti-Exchange Case B, verified not proved)","(('C00', 'Y'), ('C01', 'C00'), ('W', 'Y'), ('X', 'Y'))",0.0010725420002017927,0.027180708000059894,0.028253250000261687,,7,29,7,0,0.7,5.0,7,1
c08_s07_cov100_seed00000154_bw010,c08_s07_cov100_seed00000154,flip,fast_gate,8,7,measured,1.0,0.1,,154,X,Y,7,2,7,7,0.7,2,"C00,W",0.0,0,0,,1,3,True,6,ok,e1_ladder,mpdag_criterion,True,"Conjecture 2 (hence Anti-Exchange Case B, verified not proved)","(('C00', 'Y'), ('C01', 'C00'), ('W', 'Y'), ('X', 'Y'))",0.0021617500001411827,0.033725916999856054,0.035887666999997236,,7,29,7,0,0.7,5.0,7,1
c08_s07_cov100_seed00000158_bw010,c08_s07_cov100_seed00000158,flip,fast_gate,8,7,measured,1.0,0.1,,158,X,Y,7,2,7,7,0.7,2,"C00,W",0.0,0,0,,1,3,True,6,ok,e1_ladder,mpdag_criterion,True,"Conjecture 2 (hence Anti-Exchange Case B, verified not proved)","(('C00', 'Y'), ('C01', 'C00'), ('W', 'Y'), ('X', 'Y'))",0.0014691659998788964,0.031148625000014363,0.03261779099989326,,7,29,7,0,0.7,5.0,7,1
c08_s07_cov100_seed00000165_bw010,c08_s07_cov100_seed00000165,flip,fast_gate,8,7,measured,1.0,0.1,,165,X,Y,7,2,7,7,0.7,2,"C00,W",0.0,0,0,,1,3,True,6,ok,e1_ladder,mpdag_criterion,True,"Conjecture 2 (hence Anti-Exchange Case B, verified not proved)","(('C00', 'Y'), ('C01', 'C00'), ('W', 'Y'), ('X', 'Y'))",0.001130707999891456,0.03341154200006713,0.034542249999958585,,7,29,7,0,0.7,5.0,7,1
c08_s07_cov100_seed00000168_bw010,c08_s07_cov100_seed00000168,flip,fast_gate,8,7,measured,1.0,0.1,,168,X,Y,7,2,7,7,0.7,2,"C00,W",0.0,0,0,,1,3,True,6,ok,e1_ladder,mpdag_criterion,True,"Conjecture 2 (hence Anti-Exchange Case B, verified not proved)","(('C00', 'Y'), ('C01', 'C00'), ('W', 'Y'), ('X', 'Y'))",0.0011729579998700501,0.03132658399999855,0.0324995419998686,,7,29,7,0,0.7,5.0,7,1
c08_s07_cov100_seed00000172_bw010,c08_s07_cov100_seed00000172,flip,fast_gate,8,7,measured,1.0,0.1,,172,X,Y,7,2,7,7,0.7,2,"C00,W",0.0,0,0,,1,3,True,6,ok,e1_ladder,mpdag_criterion,True,"Conjecture 2 (hence Anti-Exchange Case B, verified not proved)","(('C00', 'Y'), ('C01', 'C00'), ('W', 'Y'), ('X', 'Y'))",0.0014731249998476414,0.03541562500004147,0.036888749999889114,,7,29,7,0,0.7,5.0,7,1
c08_s07_cov100_seed00000181_bw010,c08_s07_cov100_seed00000181,flip,fast_gate,8,7,measured,1.0,0.1,,181,X,Y,7,2,7,7,0.7,2,"C00,W",0.0,0,0,,1,3,True,6,ok,e1_ladder,mpdag_criterion,True,"Conjecture 2 (hence Anti-Exchange Case B, verified not proved)","(('C00', 'Y'), ('C01', 'C00'), ('W', 'Y'), ('X', 'Y'))",0.0010899580001932918,0.028131291999898167,0.02922125000009146,,7,29,7,0,0.7,5.0,7,1
c08_s07_cov100_seed00000184_bw010,c08_s07_cov100_seed00000184,flip,fast_gate,8,7,measured,1.0,0.1,,184,X,Y,7,2,7,7,0.7,2,"C00,W",0.0,0,0,,1,3,True,6,ok,e1_ladder,mpdag_criterion,True,"Conjecture 2 (hence Anti-Exchange Case B, verified not proved)","(('C00', 'Y'), ('C01', 'C00'), ('W', 'Y'), ('X', 'Y'))",0.0011239169998589205,0.028411958999868148,0.029535875999727068,,7,29,7,0,0.7,5.0,7,1
c08_s07_cov100_seed00000200_bw010,c08_s07_cov100_seed00000200,flip,fast_gate,8,7,measured,1.0,0.1,,200,X,Y,7,2,7,7,0.7,2,"C00,W",0.0,0,0,,1,3,True,6,ok,e1_ladder,mpdag_criterion,True,"Conjecture 2 (hence Anti-Exchange Case B, verified not proved)","(('C00', 'Y'), ('C01', 'C00'), ('W', 'Y'), ('X', 'Y'))",0.001141875000030268,0.02721641599987379,0.028358290999904057,,7,29,7,0,0.7,5.0,7,1
c08_s07_cov100_seed00000205_bw010,c08_s07_cov100_seed00000205,flip,fast_gate,8,7,measured,1.0,0.1,,205,X,Y,7,2,7,7,0.7,2,"C00,W",0.0,0,0,,1,3,True,6,ok,e1_ladder,mpdag_criterion,True,"Conjecture 2 (hence Anti-Exchange Case B, verified not proved)","(('C00', 'Y'), ('C01', 'C00'), ('W', 'Y'), ('X', 'Y'))",0.0010984160001044074,0.0254487090001021,0.026547125000206506,,7,29,7,0,0.7,5.0,7,1
c08_s07_cov100_seed00000206_bw010,c08_s07_cov100_seed00000206,flip,fast_gate,8,7,measured,1.0,0.1,,206,X,Y,7,2,7,7,0.7,2,"C00,W",0.0,0,0,,1,3,True,6,ok,e1_ladder,mpdag_criterion,True,"Conjecture 2 (hence Anti-Exchange Case B, verified not proved)","(('C00', 'Y'), ('C01', 'C00'), ('W', 'Y'), ('X', 'Y'))",0.0012440000000424334,0.02744879200008654,0.028692792000128975,,7,29,7,0,0.7,5.0,7,1
c08_s07_cov100_seed00000208_bw010,c08_s07_cov100_seed00000208,flip,fast_gate,8,7,measured,1.0,0.1,,208,X,Y,7,2,7,7,0.7,2,"C00,W",0.0,0,0,,1,3,True,6,ok,e1_ladder,mpdag_criterion,True,"Conjecture 2 (hence Anti-Exchange Case B, verified not proved)","(('C00', 'Y'), ('C01', 'C00'), ('W', 'Y'), ('X', 'Y'))",0.0012157920000390732,0.02631991700013714,0.02753570900017621,,7,29,7,0,0.7,5.0,7,1
c08_s07_cov100_seed00000224_bw010,c08_s07_cov100_seed00000224,flip,fast_gate,8,7,measured,1.0,0.1,,224,X,Y,7,2,7,7,0.7,2,"C00,W",0.0,0,0,,1,3,True,6,ok,e1_ladder,mpdag_criterion,True,"Conjecture 2 (hence Anti-Exchange Case B, verified not proved)","(('C00', 'Y'), ('C01', 'C00'), ('W', 'Y'), ('X', 'Y'))",0.002089583000042694,0.028572124999982407,0.0306617080000251,,7,29,7,0,0.7,5.0,7,1
c08_s07_cov100_seed00000228_bw010,c08_s07_cov100_seed00000228,flip,fast_gate,8,7,measured,1.0,0.1,,228,X,Y,7,2,7,7,0.7,2,"C00,W",0.0,0,0,,1,3,True,6,ok,e1_ladder,mpdag_criterion,True,"Conjecture 2 (hence Anti-Exchange Case B, verified not proved)","(('C00', 'Y'), ('C01', 'C00'), ('W', 'Y'), ('X', 'Y'))",0.0011630419999164587,0.02856266699996013,0.029725708999876588,,7,29,7,0,0.7,5.0,7,1
c08_s07_cov100_seed00000244_bw010,c08_s07_cov100_seed00000244,flip,fast_gate,8,7,measured,1.0,0.1,,244,X,Y,7,2,7,7,0.7,2,"C00,W",0.0,0,0,,1,3,True,6,ok,e1_ladder,mpdag_criterion,True,"Conjecture 2 (hence Anti-Exchange Case B, verified not proved)","(('C00', 'Y'), ('C01', 'C00'), ('W', 'Y'), ('X', 'Y'))",0.002188917000012225,0.025819167000008747,0.028008084000020972,,7,29,7,0,0.7,5.0,7,1
c08_s07_cov100_seed00000248_bw010,c08_s07_cov100_seed00000248,flip,fast_gate,8,7,measured,1.0,0.1,,248,X,Y,7,2,7,7,0.7,2,"C00,W",0.0,0,0,,1,3,True,6,ok,e1_ladder,mpdag_criterion,True,"Conjecture 2 (hence Anti-Exchange Case B, verified not proved)","(('C00', 'Y'), ('C01', 'C00'), ('W', 'Y'), ('X', 'Y'))",0.0012192499998491257,0.0305431659999158,0.031762415999764926,,7,29,7,0,0.7,5.0,7,1
c08_s07_cov100_seed00000253_bw010,c08_s07_cov100_seed00000253,flip,fast_gate,8,7,measured,1.0,0.1,,253,X,Y,7,2,7,7,0.7,2,"C00,W",0.0,0,0,,1,3,True,6,ok,e1_ladder,mpdag_criterion,True,"Conjecture 2 (hence Anti-Exchange Case B, verified not proved)","(('C00', 'Y'), ('C01', 'C00'), ('W', 'Y'), ('X', 'Y'))",0.00212941600011618,0.03612816700001531,0.03825758300013149,,7,29,7,0,0.7,5.0,7,1
c08_s07_cov100_seed00000255_bw010,c08_s07_cov100_seed00000255,flip,fast_gate,8,7,measured,1.0,0.1,,255,X,Y,7,2,7,7,0.7,2,"C00,W",0.0,0,0,,1,3,True,6,ok,e1_ladder,mpdag_criterion,True,"Conjecture 2 (hence Anti-Exchange Case B, verified not proved)","(('C00', 'Y'), ('C01', 'C00'), ('W', 'Y'), ('X', 'Y'))",0.0011120829999526904,0.029840042000159883,0.030952125000112574,,7,29,7,0,0.7,5.0,7,1
c08_s07_cov100_seed00000262_bw010,c08_s07_cov100_seed00000262,flip,fast_gate,8,7,measured,1.0,0.1,,262,X,Y,7,2,7,7,0.7,2,"C00,W",0.0,0,0,,1,3,True,6,ok,e1_ladder,mpdag_criterion,True,"Conjecture 2 (hence Anti-Exchange Case B, verified not proved)","(('C00', 'Y'), ('C01', 'C00'), ('W', 'Y'), ('X', 'Y'))",0.002074834000040937,0.02802291700004389,0.030097751000084827,,7,29,7,0,0.7,5.0,7,1
c08_s07_cov100_seed00000272_bw010,c08_s07_cov100_seed00000272,flip,fast_gate,8,7,measured,1.0,0.1,,272,X,Y,7,2,7,7,0.7,2,"C00,W",0.0,0,0,,1,3,True,6,ok,e1_ladder,mpdag_criterion,True,"Conjecture 2 (hence Anti-Exchange Case B, verified not proved)","(('C00', 'Y'), ('C01', 'C00'), ('W', 'Y'), ('X', 'Y'))",0.0011577919999581354,0.033107291000078476,0.03426508300003661,,7,29,7,0,0.7,5.0,7,1
c08_s07_cov100_seed00000273_bw010,c08_s07_cov100_seed00000273,flip,fast_gate,8,7,measured,1.0,0.1,,273,X,Y,7,2,7,7,0.7,2,"C00,W",0.0,0,0,,1,3,True,6,ok,e1_ladder,mpdag_criterion,True,"Conjecture 2 (hence Anti-Exchange Case B, verified not proved)","(('C00', 'Y'), ('C01', 'C00'), ('W', 'Y'), ('X', 'Y'))",0.001102292000041416,0.02884266700016269,0.029944959000204108,,7,29,7,0,0.7,5.0,7,1
c08_s07_cov100_seed00000279_bw010,c08_s07_cov100_seed00000279,flip,fast_gate,8,7,measured,1.0,0.1,,279,X,Y,7,2,7,7,0.7,2,"C00,W",0.0,0,0,,1,3,True,6,ok,e1_ladder,mpdag_criterion,True,"Conjecture 2 (hence Anti-Exchange Case B, verified not proved)","(('C00', 'Y'), ('C01', 'C00'), ('W', 'Y'), ('X', 'Y'))",0.0013360410000586853,0.033494000000018787,0.03483004100007747,,7,29,7,0,0.7,5.0,7,1
c08_s07_cov100_seed00000281_bw010,c08_s07_cov100_seed00000281,flip,fast_gate,8,7,measured,1.0,0.1,,281,X,Y,7,2,7,7,0.7,2,"C00,W",0.0,0,0,,1,3,True,6,ok,e1_ladder,mpdag_criterion,True,"Conjecture 2 (hence Anti-Exchange Case B, verified not proved)","(('C00', 'Y'), ('C01', 'C00'), ('W', 'Y'), ('X', 'Y'))",0.0010602499999095016,0.029274208999822804,0.030334458999732306,,7,29,7,0,0.7,5.0,7,1
c08_s07_cov100_seed00000287_bw010,c08_s07_cov100_seed00000287,flip,fast_gate,8,7,measured,1.0,0.1,,287,X,Y,7,2,7,7,0.7,2,"C00,W",0.0,0,0,,1,3,True,6,ok,e1_ladder,mpdag_criterion,True,"Conjecture 2 (hence Anti-Exchange Case B, verified not proved)","(('C00', 'Y'), ('C01', 'C00'), ('W', 'Y'), ('X', 'Y'))",0.002024625000103697,0.029164458999957787,0.031189084000061484,,7,29,7,0,0.7,5.0,7,1
c08_s07_cov100_seed00000002_bw025,c08_s07_cov100_seed00000002,flip,fast_gate,8,7,measured,1.0,0.25,,2,X,Y,7,4,7,7,0.7,2,"C00,W",0.0,0,0,,1,3,True,5,ok,e1_ladder,mpdag_criterion,True,"Conjecture 2 (hence Anti-Exchange Case B, verified not proved)","(('C00', 'Y'), ('C01', 'C00'), ('C02', 'C01'), ('W', 'Y'), ('X', 'Y'))",0.0013768750000053842,0.02498587500008398,0.026362750000089363,,9,34,9,0,0.6,4.0,7,2
c08_s07_cov100_seed00000035_bw025,c08_s07_cov100_seed00000035,flip,fast_gate,8,7,measured,1.0,0.25,,35,X,Y,7,4,7,7,0.7,2,"C00,W",0.0,0,0,,1,3,True,5,ok,e1_ladder,mpdag_criterion,True,"Conjecture 2 (hence Anti-Exchange Case B, verified not proved)","(('C00', 'Y'), ('C01', 'C00'), ('C02', 'C01'), ('W', 'Y'), ('X', 'Y'))",0.001375083999846538,0.02622487500002535,0.027599958999871887,,9,34,9,0,0.6,4.0,7,2
c08_s07_cov100_seed00000061_bw025,c08_s07_cov100_seed00000061,flip,fast_gate,8,7,measured,1.0,0.25,,61,X,Y,7,4,7,7,0.7,2,"C00,W",0.0,0,0,,1,3,True,5,ok,e1_ladder,mpdag_criterion,True,"Conjecture 2 (hence Anti-Exchange Case B, verified not proved)","(('C00', 'Y'), ('C01', 'C00'), ('C02', 'C01'), ('W', 'Y'), ('X', 'Y'))",0.001321665999967081,0.02127062499994281,0.022592290999909892,,9,34,9,0,0.6,4.0,7,2
c08_s07_cov100_seed00000065_bw025,c08_s07_cov100_seed00000065,flip,fast_gate,8,7,measured,1.0,0.25,,65,X,Y,7,4,7,7,0.7,2,"C00,W",0.0,0,0,,1,3,True,5,ok,e1_ladder,mpdag_criterion,True,"Conjecture 2 (hence Anti-Exchange Case B, verified not proved)","(('C00', 'Y'), ('C01', 'C00'), ('C02', 'C01'), ('W', 'Y'), ('X', 'Y'))",0.0014521250000143482,0.025086459000021932,0.02653858400003628,,9,34,9,0,0.6,4.0,7,2
c08_s07_cov100_seed00000066_bw025,c08_s07_cov100_seed00000066,flip,fast_gate,8,7,measured,1.0,0.25,,66,X,Y,7,4,7,7,0.7,2,"C00,W",0.0,0,0,,1,3,True,5,ok,e1_ladder,mpdag_criterion,True,"Conjecture 2 (hence Anti-Exchange Case B, verified not proved)","(('C00', 'Y'), ('C01', 'C00'), ('C02', 'C01'), ('W', 'Y'), ('X', 'Y'))",0.0013786249999157008,0.03214220899985776,0.03352083399977346,,9,34,9,0,0.6,4.0,7,2
c08_s07_cov100_seed00000101_bw025,c08_s07_cov100_seed00000101,flip,fast_gate,8,7,measured,1.0,0.25,,101,X,Y,7,4,7,7,0.7,2,"C00,W",0.0,0,0,,1,3,True,5,ok,e1_ladder,mpdag_criterion,True,"Conjecture 2 (hence Anti-Exchange Case B, verified not proved)","(('C00', 'Y'), ('C01', 'C00'), ('C02', 'C01'), ('W', 'Y'), ('X', 'Y'))",0.0016088340000806056,0.02474416699988069,0.026353000999961296,,9,34,9,0,0.6,4.0,7,2
c08_s07_cov100_seed00000108_bw025,c08_s07_cov100_seed00000108,flip,fast_gate,8,7,measured,1.0,0.25,,108,X,Y,7,4,7,7,0.7,2,"C00,W",0.0,0,0,,1,3,True,5,ok,e1_ladder,mpdag_criterion,True,"Conjecture 2 (hence Anti-Exchange Case B, verified not proved)","(('C00', 'Y'), ('C01', 'C00'), ('C02', 'C01'), ('W', 'Y'), ('X', 'Y'))",0.001421708999941984,0.036231667000038215,0.0376533759999802,,9,34,9,0,0.6,4.0,7,2
c08_s07_cov100_seed00000115_bw025,c08_s07_cov100_seed00000115,flip,fast_gate,8,7,measured,1.0,0.25,,115,X,Y,7,4,7,7,0.7,2,"C00,W",0.0,0,0,,1,3,True,5,ok,e1_ladder,mpdag_criterion,True,"Conjecture 2 (hence Anti-Exchange Case B, verified not proved)","(('C00', 'Y'), ('C01', 'C00'), ('C02', 'C01'), ('W', 'Y'), ('X', 'Y'))",0.0024387920000208396,0.02882750000003398,0.03126629200005482,,9,34,9,0,0.6,4.0,7,2
c08_s07_cov100_seed00000120_bw025,c08_s07_cov100_seed00000120,flip,fast_gate,8,7,measured,1.0,0.25,,120,X,Y,7,4,7,7,0.7,2,"C00,W",0.0,0,0,,1,3,True,5,ok,e1_ladder,mpdag_criterion,True,"Conjecture 2 (hence Anti-Exchange Case B, verified not proved)","(('C00', 'Y'), ('C01', 'C00'), ('C02', 'C01'), ('W', 'Y'), ('X', 'Y'))",0.0015105830000265996,0.034088708000126644,0.035599291000153244,,9,34,9,0,0.6,4.0,7,2
c08_s07_cov100_seed00000136_bw025,c08_s07_cov100_seed00000136,flip,fast_gate,8,7,measured,1.0,0.25,,136,X,Y,7,4,7,7,0.7,2,"C00,W",0.0,0,0,,1,3,True,5,ok,e1_ladder,mpdag_criterion,True,"Conjecture 2 (hence Anti-Exchange Case B, verified not proved)","(('C00', 'Y'), ('C01', 'C00'), ('C02', 'C01'), ('W', 'Y'), ('X', 'Y'))",0.0013993749998917338,0.030371334000165007,0.03177070900005674,,9,34,9,0,0.6,4.0,7,2
c08_s07_cov100_seed00000170_bw025,c08_s07_cov100_seed00000170,flip,fast_gate,8,7,measured,1.0,0.25,,170,X,Y,7,4,7,7,0.7,2,"C00,W",0.0,0,0,,1,3,True,5,ok,e1_ladder,mpdag_criterion,True,"Conjecture 2 (hence Anti-Exchange Case B, verified not proved)","(('C00', 'Y'), ('C01', 'C00'), ('C02', 'C01'), ('W', 'Y'), ('X', 'Y'))",0.001310791999912908,0.023266375000048356,0.024577166999961264,,9,34,9,0,0.6,4.0,7,2
c08_s07_cov100_seed00000199_bw025,c08_s07_cov100_seed00000199,flip,fast_gate,8,7,measured,1.0,0.25,,199,X,Y,7,4,7,7,0.7,2,"C00,W",0.0,0,0,,1,3,True,5,ok,e1_ladder,mpdag_criterion,True,"Conjecture 2 (hence Anti-Exchange Case B, verified not proved)","(('C00', 'Y'), ('C01', 'C00'), ('C02', 'C01'), ('W', 'Y'), ('X', 'Y'))",0.0013365419999900041,0.027809791999970912,0.029146333999960916,,9,34,9,0,0.6,4.0,7,2
c08_s07_cov100_seed00000242_bw025,c08_s07_cov100_seed00000242,flip,fast_gate,8,7,measured,1.0,0.25,,242,X,Y,7,4,7,7,0.7,2,"C00,W",0.0,0,0,,1,3,True,5,ok,e1_ladder,mpdag_criterion,True,"Conjecture 2 (hence Anti-Exchange Case B, verified not proved)","(('C00', 'Y'), ('C01', 'C00'), ('C02', 'C01'), ('W', 'Y'), ('X', 'Y'))",0.0013065420000657468,0.030386583000108658,0.031693125000174405,,9,34,9,0,0.6,4.0,7,2
c08_s07_cov100_seed00000319_bw025,c08_s07_cov100_seed00000319,flip,fast_gate,8,7,measured,1.0,0.25,,319,X,Y,7,4,7,7,0.7,2,"C00,W",0.0,0,0,,1,3,True,5,ok,e1_ladder,mpdag_criterion,True,"Conjecture 2 (hence Anti-Exchange Case B, verified not proved)","(('C00', 'Y'), ('C01', 'C00'), ('C02', 'C01'), ('W', 'Y'), ('X', 'Y'))",0.0013409169998794823,0.03135558300004959,0.032696499999929074,,9,34,9,0,0.6,4.0,7,2
c08_s07_cov100_seed00000359_bw025,c08_s07_cov100_seed00000359,flip,fast_gate,8,7,measured,1.0,0.25,,359,X,Y,7,4,7,7,0.7,2,"C00,W",0.0,0,0,,1,3,True,5,ok,e1_ladder,mpdag_criterion,True,"Conjecture 2 (hence Anti-Exchange Case B, verified not proved)","(('C00', 'Y'), ('C01', 'C00'), ('C02', 'C01'), ('W', 'Y'), ('X', 'Y'))",0.001514209000106348,0.03064900000003945,0.0321632090001458,,9,34,9,0,0.6,4.0,7,2
c08_s07_cov100_seed00000390_bw025,c08_s07_cov100_seed00000390,flip,fast_gate,8,7,measured,1.0,0.25,,390,X,Y,7,4,7,7,0.7,2,"C00,W",0.0,0,0,,1,3,True,5,ok,e1_ladder,mpdag_criterion,True,"Conjecture 2 (hence Anti-Exchange Case B, verified not proved)","(('C00', 'Y'), ('C01', 'C00'), ('C02', 'C01'), ('W', 'Y'), ('X', 'Y'))",0.002492874999916239,0.024795791000087775,0.027288666000004014,,9,34,9,0,0.6,4.0,7,2
c08_s07_cov100_seed00000391_bw025,c08_s07_cov100_seed00000391,flip,fast_gate,8,7,measured,1.0,0.25,,391,X,Y,7,4,7,7,0.7,2,"C00,W",0.0,0,0,,1,3,True,5,ok,e1_ladder,mpdag_criterion,True,"Conjecture 2 (hence Anti-Exchange Case B, verified not proved)","(('C00', 'Y'), ('C01', 'C00'), ('C02', 'C01'), ('W', 'Y'), ('X', 'Y'))",0.0013498329999492853,0.04030054199984079,0.041650374999790074,,9,34,9,0,0.6,4.0,7,2
c08_s07_cov100_seed00000467_bw025,c08_s07_cov100_seed00000467,flip,fast_gate,8,7,measured,1.0,0.25,,467,X,Y,7,4,7,7,0.7,2,"C00,W",0.0,0,0,,1,3,True,5,ok,e1_ladder,mpdag_criterion,True,"Conjecture 2 (hence Anti-Exchange Case B, verified not proved)","(('C00', 'Y'), ('C01', 'C00'), ('C02', 'C01'), ('W', 'Y'), ('X', 'Y'))",0.001410000000078071,0.025770959000055882,0.027180959000133953,,9,34,9,0,0.6,4.0,7,2
c08_s07_cov100_seed00000530_bw025,c08_s07_cov100_seed00000530,flip,fast_gate,8,7,measured,1.0,0.25,,530,X,Y,7,4,7,7,0.7,2,"C00,W",0.0,0,0,,1,3,True,5,ok,e1_ladder,mpdag_criterion,True,"Conjecture 2 (hence Anti-Exchange Case B, verified not proved)","(('C00', 'Y'), ('C01', 'C00'), ('C02', 'C01'), ('W', 'Y'), ('X', 'Y'))",0.0014831249998223939,0.03422083399982512,0.03570395899964751,,9,34,9,0,0.6,4.0,7,2
c08_s07_cov100_seed00000542_bw025,c08_s07_cov100_seed00000542,flip,fast_gate,8,7,measured,1.0,0.25,,542,X,Y,7,4,7,7,0.7,2,"C00,W",0.0,0,0,,1,3,True,5,ok,e1_ladder,mpdag_criterion,True,"Conjecture 2 (hence Anti-Exchange Case B, verified not proved)","(('C00', 'Y'), ('C01', 'C00'), ('C02', 'C01'), ('W', 'Y'), ('X', 'Y'))",0.0013080829999125854,0.026265582999940307,0.027573665999852892,,9,34,9,0,0.6,4.0,7,2
c08_s07_cov100_seed00000562_bw025,c08_s07_cov100_seed00000562,flip,fast_gate,8,7,measured,1.0,0.25,,562,X,Y,7,4,7,7,0.7,2,"C00,W",0.0,0,0,,1,3,True,5,ok,e1_ladder,mpdag_criterion,True,"Conjecture 2 (hence Anti-Exchange Case B, verified not proved)","(('C00', 'Y'), ('C01', 'C00'), ('C02', 'C01'), ('W', 'Y'), ('X', 'Y'))",0.0013745839999046439,0.025870790999988458,0.0272453749998931,,9,34,9,0,0.6,4.0,7,2
c08_s07_cov100_seed00000587_bw025,c08_s07_cov100_seed00000587,flip,fast_gate,8,7,measured,1.0,0.25,,587,X,Y,7,4,7,7,0.7,2,"C00,W",0.0,0,0,,1,3,True,5,ok,e1_ladder,mpdag_criterion,True,"Conjecture 2 (hence Anti-Exchange Case B, verified not proved)","(('C00', 'Y'), ('C01', 'C00'), ('C02', 'C01'), ('W', 'Y'), ('X', 'Y'))",0.002645833000087805,0.02801383300015914,0.030659666000246943,,9,34,9,0,0.6,4.0,7,2
c08_s07_cov100_seed00000592_bw025,c08_s07_cov100_seed00000592,flip,fast_gate,8,7,measured,1.0,0.25,,592,X,Y,7,4,7,7,0.7,2,"C00,W",0.0,0,0,,1,3,True,5,ok,e1_ladder,mpdag_criterion,True,"Conjecture 2 (hence Anti-Exchange Case B, verified not proved)","(('C00', 'Y'), ('C01', 'C00'), ('C02', 'C01'), ('W', 'Y'), ('X', 'Y'))",0.0024126669998167927,0.025521084000047267,0.02793375099986406,,9,34,9,0,0.6,4.0,7,2
