instance_id,component_size,separation,coverage,base_wrongness,n_draws,d,n_eval,n_contradictory,contradiction_rate,S,S_contra_as_fail
c06_s01_cov100_seed00000001_bw025,6,1,1.0,0.25,200,1,111,89,0.445,0.6396396396396397,0.355
c06_s01_cov100_seed00000001_bw025,6,1,1.0,0.25,200,2,71,129,0.645,0.5774647887323944,0.205
c06_s01_cov100_seed00000001_bw025,6,1,1.0,0.25,200,3,31,169,0.845,0.25806451612903225,0.04
c06_s01_cov100_seed00000001_bw025,6,1,1.0,0.25,200,4,0,200,1.0,,0.0
c06_s01_cov100_seed00000001_bw025,6,1,1.0,0.25,200,5,0,200,1.0,,0.0
c06_s01_cov100_seed00000001_bw025,6,1,1.0,0.25,200,6,0,200,1.0,,0.0
c06_s01_cov100_seed00000001_bw025,6,1,1.0,0.25,1000,1,517,483,0.483,0.6460348162475822,0.334
c06_s01_cov100_seed00000001_bw025,6,1,1.0,0.25,1000,2,343,657,0.657,0.6064139941690962,0.208
c06_s01_cov100_seed00000001_bw025,6,1,1.0,0.25,1000,3,128,872,0.872,0.3359375,0.043
c06_s01_cov100_seed00000001_bw025,6,1,1.0,0.25,1000,4,0,1000,1.0,,0.0
c06_s01_cov100_seed00000001_bw025,6,1,1.0,0.25,1000,5,0,1000,1.0,,0.0
c06_s01_cov100_seed00000001_bw025,6,1,1.0,0.25,1000,6,0,1000,1.0,,0.0
c06_s01_cov100_seed00000007_bw025,6,1,1.0,0.25,200,1,161,39,0.195,0.8260869565217391,0.665
c06_s01_cov100_seed00000007_bw025,6,1,1.0,0.25,200,2,25,175,0.875,1.0,0.125
c06_s01_cov100_seed00000007_bw025,6,1,1.0,0.25,200,3,0,200,1.0,,0.0
c06_s01_cov100_seed00000007_bw025,6,1,1.0,0.25,200,4,0,200,1.0,,0.0
c06_s01_cov100_seed00000007_bw025,6,1,1.0,0.25,200,5,0,200,1.0,,0.0
c06_s01_cov100_seed00000007_bw025,6,1,1.0,0.25,1000,1,783,217,0.217,0.7624521072796935,0.597
c06_s01_cov100_seed00000007_bw025,6,1,1.0,0.25,1000,2,113,887,0.887,1.0,0.113
c06_s01_cov100_seed00000007_bw025,6,1,1.0,0.25,1000,3,0,1000,1.0,,0.0
c06_s01_cov100_seed00000007_bw025,6,1,1.0,0.25,1000,4,0,1000,1.0,,0.0
c06_s01_cov100_seed00000007_bw025,6,1,1.0,0.25,1000,5,0,1000,1.0,,0.0
c06_s01_cov100_seed00000008_bw025,6,1,1.0,0.25,200,1,75,125,0.625,0.4,0.15
c06_s01_cov100_seed00000008_bw025,6,1,1.0,0.25,200,2,38,162,0.81,0.4473684210526316,0.085
c06_s01_cov100_seed00000008_bw025,6,1,1.0,0.25,200,3,23,177,0.885,0.0,0.0
c06_s01_cov100_seed00000008_bw025,6,1,1.0,0.25,200,4,0,200,1.0,,0.0
c06_s01_cov100_seed00000008_bw025,6,1,1.0,0.25,200,5,0,200,1.0,,0.0
c06_s01_cov100_seed00000008_bw025,6,1,1.0,0.25,1000,1,378,622,0.622,0.46296296296296297,0.175
c06_s01_cov100_seed00000008_bw025,6,1,1.0,0.25,1000,2,211,789,0.789,0.4597156398104265,0.097
c06_s01_cov100_seed00000008_bw025,6,1,1.0,0.25,1000,3,128,872,0.872,0.0,0.0
c06_s01_cov100_seed00000008_bw025,6,1,1.0,0.25,1000,4,0,1000,1.0,,0.0
c06_s01_cov100_seed00000008_bw025,6,1,1.0,0.25,1000,5,0,1000,1.0,,0.0
c06_s01_cov100_seed00000010_bw025,6,1,1.0,0.25,200,1,113,87,0.435,0.6814159292035398,0.385
c06_s01_cov100_seed00000010_bw025,6,1,1.0,0.25,200,2,30,170,0.85,0.26666666666666666,0.04
c06_s01_cov100_seed00000010_bw025,6,1,1.0,0.25,200,3,13,187,0.935,0.5384615384615384,0.035
c06_s01_cov100_seed00000010_bw025,6,1,1.0,0.25,200,4,10,190,0.95,0.5,0.025
c06_s01_cov100_seed00000010_bw025,6,1,1.0,0.25,200,5,12,188,0.94,0.0,0.0
c06_s01_cov100_seed00000010_bw025,6,1,1.0,0.25,200,6,0,200,1.0,,0.0
c06_s01_cov100_seed00000010_bw025,6,1,1.0,0.25,200,7,0,200,1.0,,0.0
c06_s01_cov100_seed00000010_bw025,6,1,1.0,0.25,1000,1,541,459,0.459,0.7634011090573013,0.413
c06_s01_cov100_seed00000010_bw025,6,1,1.0,0.25,1000,2,191,809,0.809,0.2774869109947644,0.053
c06_s01_cov100_seed00000010_bw025,6,1,1.0,0.25,1000,3,59,941,0.941,0.5423728813559322,0.032
c06_s01_cov100_seed00000010_bw025,6,1,1.0,0.25,1000,4,59,941,0.941,0.4406779661016949,0.026
c06_s01_cov100_seed00000010_bw025,6,1,1.0,0.25,1000,5,48,952,0.952,0.0,0.0
c06_s01_cov100_seed00000010_bw025,6,1,1.0,0.25,1000,6,0,1000,1.0,,0.0
c06_s01_cov100_seed00000010_bw025,6,1,1.0,0.25,1000,7,0,1000,1.0,,0.0
c06_s01_cov100_seed00000012_bw025,6,1,1.0,0.25,200,1,115,85,0.425,0.7217391304347827,0.415
c06_s01_cov100_seed00000012_bw025,6,1,1.0,0.25,200,2,72,128,0.64,0.4027777777777778,0.145
c06_s01_cov100_seed00000012_bw025,6,1,1.0,0.25,200,3,36,164,0.82,0.08333333333333333,0.015
c06_s01_cov100_seed00000012_bw025,6,1,1.0,0.25,200,4,23,177,0.885,0.0,0.0
c06_s01_cov100_seed00000012_bw025,6,1,1.0,0.25,200,5,5,195,0.975,0.0,0.0
c06_s01_cov100_seed00000012_bw025,6,1,1.0,0.25,200,6,0,200,1.0,,0.0
c06_s01_cov100_seed00000012_bw025,6,1,1.0,0.25,200,7,0,200,1.0,,0.0
c06_s01_cov100_seed00000012_bw025,6,1,1.0,0.25,1000,1,585,415,0.415,0.7435897435897436,0.435
c06_s01_cov100_seed00000012_bw025,6,1,1.0,0.25,1000,2,355,645,0.645,0.4197183098591549,0.149
c06_s01_cov100_seed00000012_bw025,6,1,1.0,0.25,1000,3,187,813,0.813,0.1497326203208556,0.028
c06_s01_cov100_seed00000012_bw025,6,1,1.0,0.25,1000,4,133,867,0.867,0.0,0.0
c06_s01_cov100_seed00000012_bw025,6,1,1.0,0.25,1000,5,52,948,0.948,0.0,0.0
c06_s01_cov100_seed00000012_bw025,6,1,1.0,0.25,1000,6,0,1000,1.0,,0.0
c06_s01_cov100_seed00000012_bw025,6,1,1.0,0.25,1000,7,0,1000,1.0,,0.0
c06_s01_cov100_seed00000021_bw025,6,1,1.0,0.25,200,1,81,119,0.595,0.5679012345679012,0.23
c06_s01_cov100_seed00000021_bw025,6,1,1.0,0.25,200,2,37,163,0.815,0.0,0.0
c06_s01_cov100_seed00000021_bw025,6,1,1.0,0.25,200,3,23,177,0.885,0.0,0.0
c06_s01_cov100_seed00000021_bw025,6,1,1.0,0.25,200,4,0,200,1.0,,0.0
c06_s01_cov100_seed00000021_bw025,6,1,1.0,0.25,200,5,0,200,1.0,,0.0
c06_s01_cov100_seed00000021_bw025,6,1,1.0,0.25,1000,1,392,608,0.608,0.45663265306122447,0.179
c06_s01_cov100_seed00000021_bw025,6,1,1.0,0.25,1000,2,217,783,0.783,0.0,0.0
c06_s01_cov100_seed00000021_bw025,6,1,1.0,0.25,1000,3,99,901,0.901,0.0,0.0
c06_s01_cov100_seed00000021_bw025,6,1,1.0,0.25,1000,4,0,1000,1.0,,0.0
c06_s01_cov100_seed00000021_bw025,6,1,1.0,0.25,1000,5,0,1000,1.0,,0.0
c06_s01_cov100_seed00000023_bw025,6,1,1.0,0.25,200,1,62,138,0.69,0.4032258064516129,0.125
c06_s01_cov100_seed00000023_bw025,6,1,1.0,0.25,200,2,41,159,0.795,0.0,0.0
c06_s01_cov100_seed00000023_bw025,6,1,1.0,0.25,200,3,32,168,0.84,0.0,0.0
c06_s01_cov100_seed00000023_bw025,6,1,1.0,0.25,200,4,26,174,0.87,0.0,0.0
c06_s01_cov100_seed00000023_bw025,6,1,1.0,0.25,200,5,34,166,0.83,0.0,0.0
c06_s01_cov100_seed00000023_bw025,6,1,1.0,0.25,200,6,0,200,1.0,,0.0
c06_s01_cov100_seed00000023_bw025,6,1,1.0,0.25,1000,1,344,656,0.656,0.4622093023255814,0.159
c06_s01_cov100_seed00000023_bw025,6,1,1.0,0.25,1000,2,200,800,0.8,0.0,0.0
c06_s01_cov100_seed00000023_bw025,6,1,1.0,0.25,1000,3,168,832,0.832,0.0,0.0
c06_s01_cov100_seed00000023_bw025,6,1,1.0,0.25,1000,4,129,871,0.871,0.0,0.0
c06_s01_cov100_seed00000023_bw025,6,1,1.0,0.25,1000,5,180,820,0.82,0.0,0.0
c06_s01_cov100_seed00000023_bw025,6,1,1.0,0.25,1000,6,0,1000,1.0,,0.0
c06_s01_cov100_seed00000024_bw025,6,1,1.0,0.25,200,1,35,165,0.825,0.0,0.0
c06_s01_cov100_seed00000024_bw025,6,1,1.0,0.25,200,2,59,141,0.705,0.0,0.0
c06_s01_cov100_seed00000024_bw025,6,1,1.0,0.25,200,3,19,181,0.905,0.0,0.0
c06_s01_cov100_seed00000024_bw025,6,1,1.0,0.25,200,4,0,200,1.0,,0.0
c06_s01_cov100_seed00000024_bw025,6,1,1.0,0.25,200,5,0,200,1.0,,0.0
c06_s01_cov100_seed00000024_bw025,6,1,1.0,0.25,1000,1,185,815,0.815,0.0,0.0
c06_s01_cov100_seed00000024_bw025,6,1,1.0,0.25,1000,2,309,691,0.691,0.0,0.0
c06_s01_cov100_seed00000024_bw025,6,1,1.0,0.25,1000,3,103,897,0.897,0.0,0.0
c06_s01_cov100_seed00000024_bw025,6,1,1.0,0.25,1000,4,0,1000,1.0,,0.0
c06_s01_cov100_seed00000024_bw025,6,1,1.0,0.25,1000,5,0,1000,1.0,,0.0
c06_s01_cov100_seed00000026_bw025,6,1,1.0,0.25,200,1,115,85,0.425,0.6956521739130435,0.4
c06_s01_cov100_seed00000026_bw025,6,1,1.0,0.25,200,2,41,159,0.795,0.2682926829268293,0.055
c06_s01_cov100_seed00000026_bw025,6,1,1.0,0.25,200,3,12,188,0.94,0.6666666666666666,0.04
c06_s01_cov100_seed00000026_bw025,6,1,1.0,0.25,200,4,12,188,0.94,0.5833333333333334,0.035
c06_s01_cov100_seed00000026_bw025,6,1,1.0,0.25,200,5,8,192,0.96,0.0,0.0
c06_s01_cov100_seed00000026_bw025,6,1,1.0,0.25,200,6,0,200,1.0,,0.0
c06_s01_cov100_seed00000026_bw025,6,1,1.0,0.25,200,7,0,200,1.0,,0.0
c06_s01_cov100_seed00000026_bw025,6,1,1.0,0.25,1000,1,555,445,0.445,0.7747747747747747,0.43
c06_s01_cov100_seed00000026_bw025,6,1,1.0,0.25,1000,2,177,823,0.823,0.24293785310734464,0.043
c06_s01_cov100_seed00000026_bw025,6,1,1.0,0.25,1000,3,62,938,0.938,0.5645161290322581,0.035
c06_s01_cov100_seed00000026_bw025,6,1,1.0,0.25,1000,4,53,947,0.947,0.49056603773584906,0.026
c06_s01_cov100_seed00000026_bw025,6,1,1.0,0.25,1000,5,36,964,0.964,0.0,0.0
c06_s01_cov100_seed00000026_bw025,6,1,1.0,0.25,1000,6,0,1000,1.0,,0.0
c06_s01_cov100_seed00000026_bw025,6,1,1.0,0.25,1000,7,0,1000,1.0,,0.0
c06_s01_cov100_seed00000031_bw025,6,1,1.0,0.25,200,1,91,109,0.545,1.0,0.455
c06_s01_cov100_seed00000031_bw025,6,1,1.0,0.25,200,2,24,176,0.88,1.0,0.12
c06_s01_cov100_seed00000031_bw025,6,1,1.0,0.25,200,3,28,172,0.86,0.5,0.07
c06_s01_cov100_seed00000031_bw025,6,1,1.0,0.25,200,4,23,177,0.885,0.391304347826087,0.045
c06_s01_cov100_seed00000031_bw025,6,1,1.0,0.25,200,5,0,200,1.0,,0.0
c06_s01_cov100_seed00000031_bw025,6,1,1.0,0.25,200,6,0,200,1.0,,0.0
c06_s01_cov100_seed00000031_bw025,6,1,1.0,0.25,200,7,0,200,1.0,,0.0
c06_s01_cov100_seed00000031_bw025,6,1,1.0,0.25,1000,1,460,540,0.54,1.0,0.46
c06_s01_cov100_seed00000031_bw025,6,1,1.0,0.25,1000,2,141,859,0.859,1.0,0.141
c06_s01_cov100_seed00000031_bw025,6,1,1.0,0.25,1000,3,150,850,0.85,0.58,0.087
c06_s01_cov100_seed00000031_bw025,6,1,1.0,0.25,1000,4,120,880,0.88,0.4166666666666667,0.05
c06_s01_cov100_seed00000031_bw025,6,1,1.0,0.25,1000,5,0,1000,1.0,,0.0
c06_s01_cov100_seed00000031_bw025,6,1,1.0,0.25,1000,6,0,1000,1.0,,0.0
c06_s01_cov100_seed00000031_bw025,6,1,1.0,0.25,1000,7,0,1000,1.0,,0.0
c06_s01_cov100_seed00000035_bw025,6,1,1.0,0.25,200,1,60,140,0.7,1.0,0.3
c06_s01_cov100_seed00000035_bw025,6,1,1.0,0.25,200,2,34,166,0.83,0.47058823529411764,0.08
c06_s01_cov100_seed00000035_bw025,6,1,1.0,0.25,200,3,17,183,0.915,0.0,0.0
c06_s01_cov100_seed00000035_bw025,6,1,1.0,0.25,200,4,53,147,0.735,0.0,0.0
c06_s01_cov100_seed00000035_bw025,6,1,1.0,0.25,200,5,54,146,0.73,0.0,0.0
c06_s01_cov100_seed00000035_bw025,6,1,1.0,0.25,200,6,0,200,1.0,,0.0
c06_s01_cov100_seed00000035_bw025,6,1,1.0,0.25,1000,1,335,665,0.665,1.0,0.335
c06_s01_cov100_seed00000035_bw025,6,1,1.0,0.25,1000,2,142,858,0.858,0.45774647887323944,0.065
c06_s01_cov100_seed00000035_bw025,6,1,1.0,0.25,1000,3,102,898,0.898,0.0,0.0
c06_s01_cov100_seed00000035_bw025,6,1,1.0,0.25,1000,4,197,803,0.803,0.0,0.0
c06_s01_cov100_seed00000035_bw025,6,1,1.0,0.25,1000,5,323,677,0.677,0.0,0.0
c06_s01_cov100_seed00000035_bw025,6,1,1.0,0.25,1000,6,0,1000,1.0,,0.0
c06_s01_cov100_seed00000036_bw025,6,1,1.0,0.25,200,1,58,142,0.71,0.0,0.0
c06_s01_cov100_seed00000036_bw025,6,1,1.0,0.25,200,2,40,160,0.8,0.0,0.0
c06_s01_cov100_seed00000036_bw025,6,1,1.0,0.25,200,3,39,161,0.805,0.0,0.0
c06_s01_cov100_seed00000036_bw025,6,1,1.0,0.25,200,4,0,200,1.0,,0.0
c06_s01_cov100_seed00000036_bw025,6,1,1.0,0.25,200,5,0,200,1.0,,0.0
c06_s01_cov100_seed00000036_bw025,6,1,1.0,0.25,1000,1,210,790,0.79,0.0,0.0
c06_s01_cov100_seed00000036_bw025,6,1,1.0,0.25,1000,2,212,788,0.788,0.0,0.0
c06_s01_cov100_seed00000036_bw025,6,1,1.0,0.25,1000,3,194,806,0.806,0.0,0.0
c06_s01_cov100_seed00000036_bw025,6,1,1.0,0.25,1000,4,0,1000,1.0,,0.0
c06_s01_cov100_seed00000036_bw025,6,1,1.0,0.25,1000,5,0,1000,1.0,,0.0
c06_s01_cov100_seed00000040_bw025,6,1,1.0,0.25,200,1,41,159,0.795,1.0,0.205
c06_s01_cov100_seed00000040_bw025,6,1,1.0,0.25,200,2,38,162,0.81,0.42105263157894735,0.08
c06_s01_cov100_seed00000040_bw025,6,1,1.0,0.25,200,3,16,184,0.92,0.0,0.0
c06_s01_cov100_seed00000040_bw025,6,1,1.0,0.25,200,4,48,152,0.76,0.0,0.0
c06_s01_cov100_seed00000040_bw025,6,1,1.0,0.25,200,5,0,200,1.0,,0.0
c06_s01_cov100_seed00000040_bw025,6,1,1.0,0.25,1000,1,212,788,0.788,1.0,0.212
c06_s01_cov100_seed00000040_bw025,6,1,1.0,0.25,1000,2,182,818,0.818,0.4945054945054945,0.09
c06_s01_cov100_seed00000040_bw025,6,1,1.0,0.25,1000,3,107,893,0.893,0.0,0.0
c06_s01_cov100_seed00000040_bw025,6,1,1.0,0.25,1000,4,228,772,0.772,0.0,0.0
c06_s01_cov100_seed00000040_bw025,6,1,1.0,0.25,1000,5,0,1000,1.0,,0.0
c06_s01_cov100_seed00000042_bw025,6,1,1.0,0.25,200,1,68,132,0.66,1.0,0.34
c06_s01_cov100_seed00000042_bw025,6,1,1.0,0.25,200,2,36,164,0.82,1.0,0.18
c06_s01_cov100_seed00000042_bw025,6,1,1.0,0.25,200,3,43,157,0.785,0.8604651162790697,0.185
c06_s01_cov100_seed00000042_bw025,6,1,1.0,0.25,200,4,31,169,0.845,0.6129032258064516,0.095
c06_s01_cov100_seed00000042_bw025,6,1,1.0,0.25,200,5,0,200,1.0,,0.0
c06_s01_cov100_seed00000042_bw025,6,1,1.0,0.25,200,6,0,200,1.0,,0.0
c06_s01_cov100_seed00000042_bw025,6,1,1.0,0.25,1000,1,338,662,0.662,1.0,0.338
c06_s01_cov100_seed00000042_bw025,6,1,1.0,0.25,1000,2,197,803,0.803,1.0,0.197
c06_s01_cov100_seed00000042_bw025,6,1,1.0,0.25,1000,3,203,797,0.797,0.7684729064039408,0.156
c06_s01_cov100_seed00000042_bw025,6,1,1.0,0.25,1000,4,132,868,0.868,0.5151515151515151,0.068
c06_s01_cov100_seed00000042_bw025,6,1,1.0,0.25,1000,5,0,1000,1.0,,0.0
c06_s01_cov100_seed00000042_bw025,6,1,1.0,0.25,1000,6,0,1000,1.0,,0.0
c06_s01_cov100_seed00000047_bw025,6,1,1.0,0.25,200,1,41,159,0.795,1.0,0.205
c06_s01_cov100_seed00000047_bw025,6,1,1.0,0.25,200,2,61,139,0.695,0.6721311475409836,0.205
c06_s01_cov100_seed00000047_bw025,6,1,1.0,0.25,200,3,20,180,0.9,1.0,0.1
c06_s01_cov100_seed00000047_bw025,6,1,1.0,0.25,200,4,0,200,1.0,,0.0
c06_s01_cov100_seed00000047_bw025,6,1,1.0,0.25,200,5,0,200,1.0,,0.0
c06_s01_cov100_seed00000047_bw025,6,1,1.0,0.25,1000,1,206,794,0.794,1.0,0.206
c06_s01_cov100_seed00000047_bw025,6,1,1.0,0.25,1000,2,308,692,0.692,0.6623376623376623,0.204
c06_s01_cov100_seed00000047_bw025,6,1,1.0,0.25,1000,3,118,882,0.882,1.0,0.118
c06_s01_cov100_seed00000047_bw025,6,1,1.0,0.25,1000,4,0,1000,1.0,,0.0
c06_s01_cov100_seed00000047_bw025,6,1,1.0,0.25,1000,5,0,1000,1.0,,0.0
c06_s01_cov100_seed00000048_bw025,6,1,1.0,0.25,200,1,53,147,0.735,1.0,0.265
c06_s01_cov100_seed00000048_bw025,6,1,1.0,0.25,200,2,52,148,0.74,0.5,0.13
c06_s01_cov100_seed00000048_bw025,6,1,1.0,0.25,200,3,18,182,0.91,0.0,0.0
c06_s01_cov100_seed00000048_bw025,6,1,1.0,0.25,200,4,34,166,0.83,0.0,0.0
c06_s01_cov100_seed00000048_bw025,6,1,1.0,0.25,200,5,0,200,1.0,,0.0
c06_s01_cov100_seed00000048_bw025,6,1,1.0,0.25,1000,1,219,781,0.781,1.0,0.219
c06_s01_cov100_seed00000048_bw025,6,1,1.0,0.25,1000,2,205,795,0.795,0.5365853658536586,0.11
c06_s01_cov100_seed00000048_bw025,6,1,1.0,0.25,1000,3,95,905,0.905,0.0,0.0
c06_s01_cov100_seed00000048_bw025,6,1,1.0,0.25,1000,4,200,800,0.8,0.0,0.0
c06_s01_cov100_seed00000048_bw025,6,1,1.0,0.25,1000,5,0,1000,1.0,,0.0
c06_s01_cov100_seed00000054_bw025,6,1,1.0,0.25,200,1,110,90,0.45,1.0,0.55
c06_s01_cov100_seed00000054_bw025,6,1,1.0,0.25,200,2,57,143,0.715,1.0,0.285
c06_s01_cov100_seed00000054_bw025,6,1,1.0,0.25,200,3,16,184,0.92,0.8125,0.065
c06_s01_cov100_seed00000054_bw025,6,1,1.0,0.25,200,4,6,194,0.97,0.0,0.0
c06_s01_cov100_seed00000054_bw025,6,1,1.0,0.25,200,5,0,200,1.0,,0.0
c06_s01_cov100_seed00000054_bw025,6,1,1.0,0.25,200,6,0,200,1.0,,0.0
c06_s01_cov100_seed00000054_bw025,6,1,1.0,0.25,200,7,0,200,1.0,,0.0
c06_s01_cov100_seed00000054_bw025,6,1,1.0,0.25,1000,1,561,439,0.439,1.0,0.561
c06_s01_cov100_seed00000054_bw025,6,1,1.0,0.25,1000,2,286,714,0.714,1.0,0.286
c06_s01_cov100_seed00000054_bw025,6,1,1.0,0.25,1000,3,95,905,0.905,0.7052631578947368,0.067
c06_s01_cov100_seed00000054_bw025,6,1,1.0,0.25,1000,4,29,971,0.971,0.0,0.0
c06_s01_cov100_seed00000054_bw025,6,1,1.0,0.25,1000,5,0,1000,1.0,,0.0
c06_s01_cov100_seed00000054_bw025,6,1,1.0,0.25,1000,6,0,1000,1.0,,0.0
c06_s01_cov100_seed00000054_bw025,6,1,1.0,0.25,1000,7,0,1000,1.0,,0.0
c06_s01_cov100_seed00000057_bw025,6,1,1.0,0.25,200,1,90,110,0.55,1.0,0.45
c06_s01_cov100_seed00000057_bw025,6,1,1.0,0.25,200,2,55,145,0.725,1.0,0.275
c06_s01_cov100_seed00000057_bw025,6,1,1.0,0.25,200,3,28,172,0.86,0.39285714285714285,0.055
c06_s01_cov100_seed00000057_bw025,6,1,1.0,0.25,200,4,12,188,0.94,0.0,0.0
c06_s01_cov100_seed00000057_bw025,6,1,1.0,0.25,200,5,0,200,1.0,,0.0
c06_s01_cov100_seed00000057_bw025,6,1,1.0,0.25,200,6,0,200,1.0,,0.0
c06_s01_cov100_seed00000057_bw025,6,1,1.0,0.25,1000,1,494,506,0.506,1.0,0.494
c06_s01_cov100_seed00000057_bw025,6,1,1.0,0.25,1000,2,250,750,0.75,1.0,0.25
c06_s01_cov100_seed00000057_bw025,6,1,1.0,0.25,1000,3,160,840,0.84,0.35625,0.057
c06_s01_cov100_seed00000057_bw025,6,1,1.0,0.25,1000,4,60,940,0.94,0.0,0.0
c06_s01_cov100_seed00000057_bw025,6,1,1.0,0.25,1000,5,0,1000,1.0,,0.0
c06_s01_cov100_seed00000057_bw025,6,1,1.0,0.25,1000,6,0,1000,1.0,,0.0
c06_s01_cov100_seed00000059_bw025,6,1,1.0,0.25,200,1,78,122,0.61,1.0,0.39
c06_s01_cov100_seed00000059_bw025,6,1,1.0,0.25,200,2,42,158,0.79,0.8809523809523809,0.185
c06_s01_cov100_seed00000059_bw025,6,1,1.0,0.25,200,3,27,173,0.865,0.48148148148148145,0.065
c06_s01_cov100_seed00000059_bw025,6,1,1.0,0.25,200,4,10,190,0.95,0.0,0.0
c06_s01_cov100_seed00000059_bw025,6,1,1.0,0.25,200,5,11,189,0.945,0.0,0.0
c06_s01_cov100_seed00000059_bw025,6,1,1.0,0.25,200,6,23,177,0.885,0.0,0.0
c06_s01_cov100_seed00000059_bw025,6,1,1.0,0.25,200,7,22,178,0.89,0.0,0.0
c06_s01_cov100_seed00000059_bw025,6,1,1.0,0.25,200,8,0,200,1.0,,0.0
c06_s01_cov100_seed00000059_bw025,6,1,1.0,0.25,1000,1,371,629,0.629,1.0,0.371
c06_s01_cov100_seed00000059_bw025,6,1,1.0,0.25,1000,2,182,818,0.818,0.8186813186813187,0.149
c06_s01_cov100_seed00000059_bw025,6,1,1.0,0.25,1000,3,112,888,0.888,0.5714285714285714,0.064
c06_s01_cov100_seed00000059_bw025,6,1,1.0,0.25,1000,4,70,930,0.93,0.14285714285714285,0.01
c06_s01_cov100_seed00000059_bw025,6,1,1.0,0.25,1000,5,67,933,0.933,0.0,0.0
c06_s01_cov100_seed00000059_bw025,6,1,1.0,0.25,1000,6,113,887,0.887,0.0,0.0
c06_s01_cov100_seed00000059_bw025,6,1,1.0,0.25,1000,7,128,872,0.872,0.0,0.0
c06_s01_cov100_seed00000059_bw025,6,1,1.0,0.25,1000,8,0,1000,1.0,,0.0
c06_s01_cov100_seed00000062_bw025,6,1,1.0,0.25,200,1,123,77,0.385,0.6504065040650406,0.4
c06_s01_cov100_seed00000062_bw025,6,1,1.0,0.25,200,2,36,164,0.82,0.0,0.0
c06_s01_cov100_seed00000062_bw025,6,1,1.0,0.25,200,3,0,200,1.0,,0.0
c06_s01_cov100_seed00000062_bw025,6,1,1.0,0.25,200,4,0,200,1.0,,0.0
c06_s01_cov100_seed00000062_bw025,6,1,1.0,0.25,200,5,0,200,1.0,,0.0
c06_s01_cov100_seed00000062_bw025,6,1,1.0,0.25,1000,1,595,405,0.405,0.6521008403361345,0.388
c06_s01_cov100_seed00000062_bw025,6,1,1.0,0.25,1000,2,191,809,0.809,0.0,0.0
c06_s01_cov100_seed00000062_bw025,6,1,1.0,0.25,1000,3,0,1000,1.0,,0.0
c06_s01_cov100_seed00000062_bw025,6,1,1.0,0.25,1000,4,0,1000,1.0,,0.0
c06_s01_cov100_seed00000062_bw025,6,1,1.0,0.25,1000,5,0,1000,1.0,,0.0
c06_s03_cov100_seed00000002_bw025,6,3,1.0,0.25,200,1,134,66,0.33,1.0,0.67
c06_s03_cov100_seed00000002_bw025,6,3,1.0,0.25,200,2,52,148,0.74,1.0,0.26
c06_s03_cov100_seed00000002_bw025,6,3,1.0,0.25,200,3,24,176,0.88,0.0,0.0
c06_s03_cov100_seed00000002_bw025,6,3,1.0,0.25,200,4,17,183,0.915,0.0,0.0
c06_s03_cov100_seed00000002_bw025,6,3,1.0,0.25,200,5,0,200,1.0,,0.0
c06_s03_cov100_seed00000002_bw025,6,3,1.0,0.25,200,6,0,200,1.0,,0.0
c06_s03_cov100_seed00000002_bw025,6,3,1.0,0.25,1000,1,687,313,0.313,1.0,0.687
c06_s03_cov100_seed00000002_bw025,6,3,1.0,0.25,1000,2,274,726,0.726,1.0,0.274
c06_s03_cov100_seed00000002_bw025,6,3,1.0,0.25,1000,3,98,902,0.902,0.0,0.0
c06_s03_cov100_seed00000002_bw025,6,3,1.0,0.25,1000,4,66,934,0.934,0.0,0.0
c06_s03_cov100_seed00000002_bw025,6,3,1.0,0.25,1000,5,0,1000,1.0,,0.0
c06_s03_cov100_seed00000002_bw025,6,3,1.0,0.25,1000,6,0,1000,1.0,,0.0
c06_s03_cov100_seed00000005_bw025,6,3,1.0,0.25,200,1,99,101,0.505,1.0,0.495
c06_s03_cov100_seed00000005_bw025,6,3,1.0,0.25,200,2,40,160,0.8,0.625,0.125
c06_s03_cov100_seed00000005_bw025,6,3,1.0,0.25,200,3,25,175,0.875,1.0,0.125
c06_s03_cov100_seed00000005_bw025,6,3,1.0,0.25,200,4,0,200,1.0,,0.0
c06_s03_cov100_seed00000005_bw025,6,3,1.0,0.25,200,5,0,200,1.0,,0.0
c06_s03_cov100_seed00000005_bw025,6,3,1.0,0.25,1000,1,429,571,0.571,1.0,0.429
c06_s03_cov100_seed00000005_bw025,6,3,1.0,0.25,1000,2,210,790,0.79,0.5571428571428572,0.117
c06_s03_cov100_seed00000005_bw025,6,3,1.0,0.25,1000,3,103,897,0.897,1.0,0.103
c06_s03_cov100_seed00000005_bw025,6,3,1.0,0.25,1000,4,0,1000,1.0,,0.0
c06_s03_cov100_seed00000005_bw025,6,3,1.0,0.25,1000,5,0,1000,1.0,,0.0
c06_s03_cov100_seed00000008_bw025,6,3,1.0,0.25,200,1,117,83,0.415,1.0,0.585
c06_s03_cov100_seed00000008_bw025,6,3,1.0,0.25,200,2,39,161,0.805,0.48717948717948717,0.095
c06_s03_cov100_seed00000008_bw025,6,3,1.0,0.25,200,3,0,200,1.0,,0.0
c06_s03_cov100_seed00000008_bw025,6,3,1.0,0.25,200,4,0,200,1.0,,0.0
c06_s03_cov100_seed00000008_bw025,6,3,1.0,0.25,200,5,0,200,1.0,,0.0
c06_s03_cov100_seed00000008_bw025,6,3,1.0,0.25,1000,1,600,400,0.4,1.0,0.6
c06_s03_cov100_seed00000008_bw025,6,3,1.0,0.25,1000,2,183,817,0.817,0.4808743169398907,0.088
c06_s03_cov100_seed00000008_bw025,6,3,1.0,0.25,1000,3,0,1000,1.0,,0.0
c06_s03_cov100_seed00000008_bw025,6,3,1.0,0.25,1000,4,0,1000,1.0,,0.0
c06_s03_cov100_seed00000008_bw025,6,3,1.0,0.25,1000,5,0,1000,1.0,,0.0
c06_s03_cov100_seed00000011_bw025,6,3,1.0,0.25,200,1,77,123,0.615,1.0,0.385
c06_s03_cov100_seed00000011_bw025,6,3,1.0,0.25,200,2,58,142,0.71,0.6551724137931034,0.19
c06_s03_cov100_seed00000011_bw025,6,3,1.0,0.25,200,3,0,200,1.0,,0.0
c06_s03_cov100_seed00000011_bw025,6,3,1.0,0.25,200,4,0,200,1.0,,0.0
c06_s03_cov100_seed00000011_bw025,6,3,1.0,0.25,200,5,0,200,1.0,,0.0
c06_s03_cov100_seed00000011_bw025,6,3,1.0,0.25,1000,1,391,609,0.609,1.0,0.391
c06_s03_cov100_seed00000011_bw025,6,3,1.0,0.25,1000,2,302,698,0.698,0.6556291390728477,0.198
c06_s03_cov100_seed00000011_bw025,6,3,1.0,0.25,1000,3,0,1000,1.0,,0.0
c06_s03_cov100_seed00000011_bw025,6,3,1.0,0.25,1000,4,0,1000,1.0,,0.0
c06_s03_cov100_seed00000011_bw025,6,3,1.0,0.25,1000,5,0,1000,1.0,,0.0
c06_s03_cov100_seed00000012_bw025,6,3,1.0,0.25,200,1,67,133,0.665,1.0,0.335
c06_s03_cov100_seed00000012_bw025,6,3,1.0,0.25,200,2,23,177,0.885,1.0,0.115
c06_s03_cov100_seed00000012_bw025,6,3,1.0,0.25,200,3,16,184,0.92,1.0,0.08
c06_s03_cov100_seed00000012_bw025,6,3,1.0,0.25,200,4,34,166,0.83,0.7352941176470589,0.125
c06_s03_cov100_seed00000012_bw025,6,3,1.0,0.25,200,5,56,144,0.72,0.44642857142857145,0.125
c06_s03_cov100_seed00000012_bw025,6,3,1.0,0.25,200,6,0,200,1.0,,0.0
c06_s03_cov100_seed00000012_bw025,6,3,1.0,0.25,1000,1,313,687,0.687,1.0,0.313
c06_s03_cov100_seed00000012_bw025,6,3,1.0,0.25,1000,2,130,870,0.87,1.0,0.13
c06_s03_cov100_seed00000012_bw025,6,3,1.0,0.25,1000,3,92,908,0.908,1.0,0.092
c06_s03_cov100_seed00000012_bw025,6,3,1.0,0.25,1000,4,193,807,0.807,0.6476683937823834,0.125
c06_s03_cov100_seed00000012_bw025,6,3,1.0,0.25,1000,5,302,698,0.698,0.4337748344370861,0.131
c06_s03_cov100_seed00000012_bw025,6,3,1.0,0.25,1000,6,0,1000,1.0,,0.0
c06_s03_cov100_seed00000018_bw025,6,3,1.0,0.25,200,1,113,87,0.435,0.672566371681416,0.38
c06_s03_cov100_seed00000018_bw025,6,3,1.0,0.25,200,2,61,139,0.695,0.5573770491803278,0.17
c06_s03_cov100_seed00000018_bw025,6,3,1.0,0.25,200,3,27,173,0.865,0.7037037037037037,0.095
c06_s03_cov100_seed00000018_bw025,6,3,1.0,0.25,200,4,21,179,0.895,1.0,0.105
c06_s03_cov100_seed00000018_bw025,6,3,1.0,0.25,200,5,0,200,1.0,,0.0
c06_s03_cov100_seed00000018_bw025,6,3,1.0,0.25,200,6,0,200,1.0,,0.0
c06_s03_cov100_seed00000018_bw025,6,3,1.0,0.25,1000,1,502,498,0.498,0.6693227091633466,0.336
c06_s03_cov100_seed00000018_bw025,6,3,1.0,0.25,1000,2,274,726,0.726,0.5109489051094891,0.14
c06_s03_cov100_seed00000018_bw025,6,3,1.0,0.25,1000,3,142,858,0.858,0.6197183098591549,0.088
c06_s03_cov100_seed00000018_bw025,6,3,1.0,0.25,1000,4,68,932,0.932,1.0,0.068
c06_s03_cov100_seed00000018_bw025,6,3,1.0,0.25,1000,5,0,1000,1.0,,0.0
c06_s03_cov100_seed00000018_bw025,6,3,1.0,0.25,1000,6,0,1000,1.0,,0.0
c06_s03_cov100_seed00000019_bw025,6,3,1.0,0.25,200,1,91,109,0.545,1.0,0.455
c06_s03_cov100_seed00000019_bw025,6,3,1.0,0.25,200,2,57,143,0.715,0.7894736842105263,0.225
c06_s03_cov100_seed00000019_bw025,6,3,1.0,0.25,200,3,37,163,0.815,0.7837837837837838,0.145
c06_s03_cov100_seed00000019_bw025,6,3,1.0,0.25,200,4,12,188,0.94,1.0,0.06
c06_s03_cov100_seed00000019_bw025,6,3,1.0,0.25,200,5,0,200,1.0,,0.0
c06_s03_cov100_seed00000019_bw025,6,3,1.0,0.25,200,6,0,200,1.0,,0.0
c06_s03_cov100_seed00000019_bw025,6,3,1.0,0.25,1000,1,504,496,0.496,1.0,0.504
c06_s03_cov100_seed00000019_bw025,6,3,1.0,0.25,1000,2,263,737,0.737,0.7452471482889734,0.196
c06_s03_cov100_seed00000019_bw025,6,3,1.0,0.25,1000,3,141,859,0.859,0.7588652482269503,0.107
c06_s03_cov100_seed00000019_bw025,6,3,1.0,0.25,1000,4,66,934,0.934,1.0,0.066
c06_s03_cov100_seed00000019_bw025,6,3,1.0,0.25,1000,5,0,1000,1.0,,0.0
c06_s03_cov100_seed00000019_bw025,6,3,1.0,0.25,1000,6,0,1000,1.0,,0.0
c06_s03_cov100_seed00000020_bw025,6,3,1.0,0.25,200,1,103,97,0.485,0.6601941747572816,0.34
c06_s03_cov100_seed00000020_bw025,6,3,1.0,0.25,200,2,53,147,0.735,0.49056603773584906,0.13
c06_s03_cov100_seed00000020_bw025,6,3,1.0,0.25,200,3,26,174,0.87,0.6538461538461539,0.085
c06_s03_cov100_seed00000020_bw025,6,3,1.0,0.25,200,4,14,186,0.93,1.0,0.07
c06_s03_cov100_seed00000020_bw025,6,3,1.0,0.25,200,5,0,200,1.0,,0.0
c06_s03_cov100_seed00000020_bw025,6,3,1.0,0.25,200,6,0,200,1.0,,0.0
c06_s03_cov100_seed00000020_bw025,6,3,1.0,0.25,1000,1,497,503,0.503,0.6800804828973843,0.338
c06_s03_cov100_seed00000020_bw025,6,3,1.0,0.25,1000,2,258,742,0.742,0.49224806201550386,0.127
c06_s03_cov100_seed00000020_bw025,6,3,1.0,0.25,1000,3,171,829,0.829,0.6491228070175439,0.111
c06_s03_cov100_seed00000020_bw025,6,3,1.0,0.25,1000,4,61,939,0.939,1.0,0.061
c06_s03_cov100_seed00000020_bw025,6,3,1.0,0.25,1000,5,0,1000,1.0,,0.0
c06_s03_cov100_seed00000020_bw025,6,3,1.0,0.25,1000,6,0,1000,1.0,,0.0
c06_s03_cov100_seed00000024_bw025,6,3,1.0,0.25,200,1,160,40,0.2,1.0,0.8
c06_s03_cov100_seed00000024_bw025,6,3,1.0,0.25,200,2,18,182,0.91,0.0,0.0
c06_s03_cov100_seed00000024_bw025,6,3,1.0,0.25,200,3,0,200,1.0,,0.0
c06_s03_cov100_seed00000024_bw025,6,3,1.0,0.25,200,4,0,200,1.0,,0.0
c06_s03_cov100_seed00000024_bw025,6,3,1.0,0.25,200,5,0,200,1.0,,0.0
c06_s03_cov100_seed00000024_bw025,6,3,1.0,0.25,1000,1,793,207,0.207,1.0,0.793
c06_s03_cov100_seed00000024_bw025,6,3,1.0,0.25,1000,2,95,905,0.905,0.0,0.0
c06_s03_cov100_seed00000024_bw025,6,3,1.0,0.25,1000,3,0,1000,1.0,,0.0
c06_s03_cov100_seed00000024_bw025,6,3,1.0,0.25,1000,4,0,1000,1.0,,0.0
c06_s03_cov100_seed00000024_bw025,6,3,1.0,0.25,1000,5,0,1000,1.0,,0.0
c06_s03_cov100_seed00000042_bw025,6,3,1.0,0.25,200,1,28,172,0.86,1.0,0.14
c06_s03_cov100_seed00000042_bw025,6,3,1.0,0.25,200,2,26,174,0.87,1.0,0.13
c06_s03_cov100_seed00000042_bw025,6,3,1.0,0.25,200,3,23,177,0.885,1.0,0.115
c06_s03_cov100_seed00000042_bw025,6,3,1.0,0.25,200,4,40,160,0.8,0.0,0.0
c06_s03_cov100_seed00000042_bw025,6,3,1.0,0.25,200,5,200,0,0.0,0.0,0.0
c06_s03_cov100_seed00000042_bw025,6,3,1.0,0.25,1000,1,179,821,0.821,1.0,0.179
c06_s03_cov100_seed00000042_bw025,6,3,1.0,0.25,1000,2,99,901,0.901,1.0,0.099
c06_s03_cov100_seed00000042_bw025,6,3,1.0,0.25,1000,3,107,893,0.893,1.0,0.107
c06_s03_cov100_seed00000042_bw025,6,3,1.0,0.25,1000,4,198,802,0.802,0.0,0.0
c06_s03_cov100_seed00000042_bw025,6,3,1.0,0.25,1000,5,1000,0,0.0,0.0,0.0
c06_s03_cov100_seed00000048_bw025,6,3,1.0,0.25,200,1,38,162,0.81,1.0,0.19
c06_s03_cov100_seed00000048_bw025,6,3,1.0,0.25,200,2,17,183,0.915,1.0,0.085
c06_s03_cov100_seed00000048_bw025,6,3,1.0,0.25,200,3,38,162,0.81,1.0,0.19
c06_s03_cov100_seed00000048_bw025,6,3,1.0,0.25,200,4,34,166,0.83,0.0,0.0
c06_s03_cov100_seed00000048_bw025,6,3,1.0,0.25,200,5,0,200,1.0,,0.0
c06_s03_cov100_seed00000048_bw025,6,3,1.0,0.25,1000,1,201,799,0.799,1.0,0.201
c06_s03_cov100_seed00000048_bw025,6,3,1.0,0.25,1000,2,105,895,0.895,1.0,0.105
c06_s03_cov100_seed00000048_bw025,6,3,1.0,0.25,1000,3,207,793,0.793,1.0,0.207
c06_s03_cov100_seed00000048_bw025,6,3,1.0,0.25,1000,4,204,796,0.796,0.0,0.0
c06_s03_cov100_seed00000048_bw025,6,3,1.0,0.25,1000,5,0,1000,1.0,,0.0
c06_s03_cov100_seed00000050_bw025,6,3,1.0,0.25,200,1,80,120,0.6,1.0,0.4
c06_s03_cov100_seed00000050_bw025,6,3,1.0,0.25,200,2,20,180,0.9,0.0,0.0
c06_s03_cov100_seed00000050_bw025,6,3,1.0,0.25,200,3,34,166,0.83,0.0,0.0
c06_s03_cov100_seed00000050_bw025,6,3,1.0,0.25,200,4,0,200,1.0,,0.0
c06_s03_cov100_seed00000050_bw025,6,3,1.0,0.25,200,5,0,200,1.0,,0.0
c06_s03_cov100_seed00000050_bw025,6,3,1.0,0.25,1000,1,405,595,0.595,1.0,0.405
c06_s03_cov100_seed00000050_bw025,6,3,1.0,0.25,1000,2,107,893,0.893,0.0,0.0
c06_s03_cov100_seed00000050_bw025,6,3,1.0,0.25,1000,3,203,797,0.797,0.0,0.0
c06_s03_cov100_seed00000050_bw025,6,3,1.0,0.25,1000,4,0,1000,1.0,,0.0
c06_s03_cov100_seed00000050_bw025,6,3,1.0,0.25,1000,5,0,1000,1.0,,0.0
c06_s03_cov100_seed00000052_bw025,6,3,1.0,0.25,200,1,71,129,0.645,1.0,0.355
c06_s03_cov100_seed00000052_bw025,6,3,1.0,0.25,200,2,14,186,0.93,0.0,0.0
c06_s03_cov100_seed00000052_bw025,6,3,1.0,0.25,200,3,35,165,0.825,0.0,0.0
c06_s03_cov100_seed00000052_bw025,6,3,1.0,0.25,200,4,0,200,1.0,,0.0
c06_s03_cov100_seed00000052_bw025,6,3,1.0,0.25,200,5,0,200,1.0,,0.0
c06_s03_cov100_seed00000052_bw025,6,3,1.0,0.25,1000,1,383,617,0.617,1.0,0.383
c06_s03_cov100_seed00000052_bw025,6,3,1.0,0.25,1000,2,89,911,0.911,0.0,0.0
c06_s03_cov100_seed00000052_bw025,6,3,1.0,0.25,1000,3,197,803,0.803,0.0,0.0
c06_s03_cov100_seed00000052_bw025,6,3,1.0,0.25,1000,4,0,1000,1.0,,0.0
c06_s03_cov100_seed00000052_bw025,6,3,1.0,0.25,1000,5,0,1000,1.0,,0.0
c06_s03_cov100_seed00000054_bw025,6,3,1.0,0.25,200,1,125,75,0.375,1.0,0.625
c06_s03_cov100_seed00000054_bw025,6,3,1.0,0.25,200,2,60,140,0.7,0.7666666666666667,0.23
c06_s03_cov100_seed00000054_bw025,6,3,1.0,0.25,200,3,27,173,0.865,0.4074074074074074,0.055
c06_s03_cov100_seed00000054_bw025,6,3,1.0,0.25,200,4,0,200,1.0,,0.0
c06_s03_cov100_seed00000054_bw025,6,3,1.0,0.25,200,5,0,200,1.0,,0.0
c06_s03_cov100_seed00000054_bw025,6,3,1.0,0.25,200,6,0,200,1.0,,0.0
c06_s03_cov100_seed00000054_bw025,6,3,1.0,0.25,1000,1,677,323,0.323,1.0,0.677
c06_s03_cov100_seed00000054_bw025,6,3,1.0,0.25,1000,2,331,669,0.669,0.743202416918429,0.246
c06_s03_cov100_seed00000054_bw025,6,3,1.0,0.25,1000,3,101,899,0.899,0.5346534653465347,0.054
c06_s03_cov100_seed00000054_bw025,6,3,1.0,0.25,1000,4,0,1000,1.0,,0.0
c06_s03_cov100_seed00000054_bw025,6,3,1.0,0.25,1000,5,0,1000,1.0,,0.0
c06_s03_cov100_seed00000054_bw025,6,3,1.0,0.25,1000,6,0,1000,1.0,,0.0
c06_s03_cov100_seed00000058_bw025,6,3,1.0,0.25,200,1,103,97,0.485,1.0,0.515
c06_s03_cov100_seed00000058_bw025,6,3,1.0,0.25,200,2,33,167,0.835,1.0,0.165
c06_s03_cov100_seed00000058_bw025,6,3,1.0,0.25,200,3,28,172,0.86,0.6071428571428571,0.085
c06_s03_cov100_seed00000058_bw025,6,3,1.0,0.25,200,4,28,172,0.86,0.5,0.07
c06_s03_cov100_seed00000058_bw025,6,3,1.0,0.25,200,5,0,200,1.0,,0.0
c06_s03_cov100_seed00000058_bw025,6,3,1.0,0.25,200,6,0,200,1.0,,0.0
c06_s03_cov100_seed00000058_bw025,6,3,1.0,0.25,1000,1,521,479,0.479,1.0,0.521
c06_s03_cov100_seed00000058_bw025,6,3,1.0,0.25,1000,2,196,804,0.804,1.0,0.196
c06_s03_cov100_seed00000058_bw025,6,3,1.0,0.25,1000,3,160,840,0.84,0.65625,0.105
c06_s03_cov100_seed00000058_bw025,6,3,1.0,0.25,1000,4,134,866,0.866,0.5223880597014925,0.07
c06_s03_cov100_seed00000058_bw025,6,3,1.0,0.25,1000,5,0,1000,1.0,,0.0
c06_s03_cov100_seed00000058_bw025,6,3,1.0,0.25,1000,6,0,1000,1.0,,0.0
c06_s03_cov100_seed00000067_bw025,6,3,1.0,0.25,200,1,106,94,0.47,1.0,0.53
c06_s03_cov100_seed00000067_bw025,6,3,1.0,0.25,200,2,48,152,0.76,1.0,0.24
c06_s03_cov100_seed00000067_bw025,6,3,1.0,0.25,200,3,28,172,0.86,0.21428571428571427,0.03
c06_s03_cov100_seed00000067_bw025,6,3,1.0,0.25,200,4,15,185,0.925,0.0,0.0
c06_s03_cov100_seed00000067_bw025,6,3,1.0,0.25,200,5,0,200,1.0,,0.0
c06_s03_cov100_seed00000067_bw025,6,3,1.0,0.25,200,6,0,200,1.0,,0.0
c06_s03_cov100_seed00000067_bw025,6,3,1.0,0.25,1000,1,528,472,0.472,1.0,0.528
c06_s03_cov100_seed00000067_bw025,6,3,1.0,0.25,1000,2,271,729,0.729,1.0,0.271
c06_s03_cov100_seed00000067_bw025,6,3,1.0,0.25,1000,3,149,851,0.851,0.2550335570469799,0.038
c06_s03_cov100_seed00000067_bw025,6,3,1.0,0.25,1000,4,77,923,0.923,0.0,0.0
c06_s03_cov100_seed00000067_bw025,6,3,1.0,0.25,1000,5,0,1000,1.0,,0.0
c06_s03_cov100_seed00000067_bw025,6,3,1.0,0.25,1000,6,0,1000,1.0,,0.0
c06_s03_cov100_seed00000074_bw025,6,3,1.0,0.25,200,1,84,116,0.58,1.0,0.42
c06_s03_cov100_seed00000074_bw025,6,3,1.0,0.25,200,2,14,186,0.93,1.0,0.07
c06_s03_cov100_seed00000074_bw025,6,3,1.0,0.25,200,3,21,179,0.895,1.0,0.105
c06_s03_cov100_seed00000074_bw025,6,3,1.0,0.25,200,4,37,163,0.815,0.0,0.0
c06_s03_cov100_seed00000074_bw025,6,3,1.0,0.25,200,5,0,200,1.0,,0.0
c06_s03_cov100_seed00000074_bw025,6,3,1.0,0.25,1000,1,414,586,0.586,1.0,0.414
c06_s03_cov100_seed00000074_bw025,6,3,1.0,0.25,1000,2,97,903,0.903,1.0,0.097
c06_s03_cov100_seed00000074_bw025,6,3,1.0,0.25,1000,3,85,915,0.915,1.0,0.085
c06_s03_cov100_seed00000074_bw025,6,3,1.0,0.25,1000,4,208,792,0.792,0.0,0.0
c06_s03_cov100_seed00000074_bw025,6,3,1.0,0.25,1000,5,0,1000,1.0,,0.0
c06_s03_cov100_seed00000078_bw025,6,3,1.0,0.25,200,1,73,127,0.635,1.0,0.365
c06_s03_cov100_seed00000078_bw025,6,3,1.0,0.25,200,2,64,136,0.68,0.625,0.2
c06_s03_cov100_seed00000078_bw025,6,3,1.0,0.25,200,3,0,200,1.0,,0.0
c06_s03_cov100_seed00000078_bw025,6,3,1.0,0.25,200,4,0,200,1.0,,0.0
c06_s03_cov100_seed00000078_bw025,6,3,1.0,0.25,200,5,0,200,1.0,,0.0
c06_s03_cov100_seed00000078_bw025,6,3,1.0,0.25,1000,1,406,594,0.594,1.0,0.406
c06_s03_cov100_seed00000078_bw025,6,3,1.0,0.25,1000,2,291,709,0.709,0.6323024054982818,0.184
c06_s03_cov100_seed00000078_bw025,6,3,1.0,0.25,1000,3,0,1000,1.0,,0.0
c06_s03_cov100_seed00000078_bw025,6,3,1.0,0.25,1000,4,0,1000,1.0,,0.0
c06_s03_cov100_seed00000078_bw025,6,3,1.0,0.25,1000,5,0,1000,1.0,,0.0
c06_s03_cov100_seed00000081_bw025,6,3,1.0,0.25,200,1,86,114,0.57,1.0,0.43
c06_s03_cov100_seed00000081_bw025,6,3,1.0,0.25,200,2,70,130,0.65,0.7571428571428571,0.265
c06_s03_cov100_seed00000081_bw025,6,3,1.0,0.25,200,3,33,167,0.835,0.6363636363636364,0.105
c06_s03_cov100_seed00000081_bw025,6,3,1.0,0.25,200,4,0,200,1.0,,0.0
c06_s03_cov100_seed00000081_bw025,6,3,1.0,0.25,200,5,0,200,1.0,,0.0
c06_s03_cov100_seed00000081_bw025,6,3,1.0,0.25,200,6,0,200,1.0,,0.0
c06_s03_cov100_seed00000081_bw025,6,3,1.0,0.25,1000,1,489,511,0.511,1.0,0.489
c06_s03_cov100_seed00000081_bw025,6,3,1.0,0.25,1000,2,345,655,0.655,0.7855072463768116,0.271
c06_s03_cov100_seed00000081_bw025,6,3,1.0,0.25,1000,3,141,859,0.859,0.6524822695035462,0.092
c06_s03_cov100_seed00000081_bw025,6,3,1.0,0.25,1000,4,0,1000,1.0,,0.0
c06_s03_cov100_seed00000081_bw025,6,3,1.0,0.25,1000,5,0,1000,1.0,,0.0
c06_s03_cov100_seed00000081_bw025,6,3,1.0,0.25,1000,6,0,1000,1.0,,0.0
c06_s03_cov100_seed00000084_bw025,6,3,1.0,0.25,200,1,71,129,0.645,1.0,0.355
c06_s03_cov100_seed00000084_bw025,6,3,1.0,0.25,200,2,41,159,0.795,0.5609756097560976,0.115
c06_s03_cov100_seed00000084_bw025,6,3,1.0,0.25,200,3,22,178,0.89,0.0,0.0
c06_s03_cov100_seed00000084_bw025,6,3,1.0,0.25,200,4,0,200,1.0,,0.0
c06_s03_cov100_seed00000084_bw025,6,3,1.0,0.25,200,5,0,200,1.0,,0.0
c06_s03_cov100_seed00000084_bw025,6,3,1.0,0.25,1000,1,391,609,0.609,1.0,0.391
c06_s03_cov100_seed00000084_bw025,6,3,1.0,0.25,1000,2,212,788,0.788,0.5471698113207547,0.116
c06_s03_cov100_seed00000084_bw025,6,3,1.0,0.25,1000,3,98,902,0.902,0.0,0.0
c06_s03_cov100_seed00000084_bw025,6,3,1.0,0.25,1000,4,0,1000,1.0,,0.0
c06_s03_cov100_seed00000084_bw025,6,3,1.0,0.25,1000,5,0,1000,1.0,,0.0
c06_s05_cov100_seed00000011_bw025,6,5,1.0,0.25,200,1,79,121,0.605,1.0,0.395
c06_s05_cov100_seed00000011_bw025,6,5,1.0,0.25,200,2,19,181,0.905,1.0,0.095
c06_s05_cov100_seed00000011_bw025,6,5,1.0,0.25,200,3,19,181,0.905,1.0,0.095
c06_s05_cov100_seed00000011_bw025,6,5,1.0,0.25,200,4,52,148,0.74,0.0,0.0
c06_s05_cov100_seed00000011_bw025,6,5,1.0,0.25,200,5,0,200,1.0,,0.0
c06_s05_cov100_seed00000011_bw025,6,5,1.0,0.25,1000,1,394,606,0.606,1.0,0.394
c06_s05_cov100_seed00000011_bw025,6,5,1.0,0.25,1000,2,95,905,0.905,1.0,0.095
c06_s05_cov100_seed00000011_bw025,6,5,1.0,0.25,1000,3,88,912,0.912,1.0,0.088
c06_s05_cov100_seed00000011_bw025,6,5,1.0,0.25,1000,4,221,779,0.779,0.0,0.0
c06_s05_cov100_seed00000011_bw025,6,5,1.0,0.25,1000,5,0,1000,1.0,,0.0
c06_s05_cov100_seed00000015_bw025,6,5,1.0,0.25,200,1,74,126,0.63,1.0,0.37
c06_s05_cov100_seed00000015_bw025,6,5,1.0,0.25,200,2,16,184,0.92,1.0,0.08
c06_s05_cov100_seed00000015_bw025,6,5,1.0,0.25,200,3,27,173,0.865,1.0,0.135
c06_s05_cov100_seed00000015_bw025,6,5,1.0,0.25,200,4,42,158,0.79,0.0,0.0
c06_s05_cov100_seed00000015_bw025,6,5,1.0,0.25,200,5,0,200,1.0,,0.0
c06_s05_cov100_seed00000015_bw025,6,5,1.0,0.25,1000,1,387,613,0.613,1.0,0.387
c06_s05_cov100_seed00000015_bw025,6,5,1.0,0.25,1000,2,100,900,0.9,1.0,0.1
c06_s05_cov100_seed00000015_bw025,6,5,1.0,0.25,1000,3,116,884,0.884,1.0,0.116
c06_s05_cov100_seed00000015_bw025,6,5,1.0,0.25,1000,4,222,778,0.778,0.0,0.0
c06_s05_cov100_seed00000015_bw025,6,5,1.0,0.25,1000,5,0,1000,1.0,,0.0
c06_s05_cov100_seed00000019_bw025,6,5,1.0,0.25,200,1,85,115,0.575,1.0,0.425
c06_s05_cov100_seed00000019_bw025,6,5,1.0,0.25,200,2,20,180,0.9,1.0,0.1
c06_s05_cov100_seed00000019_bw025,6,5,1.0,0.25,200,3,18,182,0.91,1.0,0.09
c06_s05_cov100_seed00000019_bw025,6,5,1.0,0.25,200,4,40,160,0.8,0.0,0.0
c06_s05_cov100_seed00000019_bw025,6,5,1.0,0.25,200,5,0,200,1.0,,0.0
c06_s05_cov100_seed00000019_bw025,6,5,1.0,0.25,1000,1,380,620,0.62,1.0,0.38
c06_s05_cov100_seed00000019_bw025,6,5,1.0,0.25,1000,2,105,895,0.895,1.0,0.105
c06_s05_cov100_seed00000019_bw025,6,5,1.0,0.25,1000,3,103,897,0.897,1.0,0.103
c06_s05_cov100_seed00000019_bw025,6,5,1.0,0.25,1000,4,182,818,0.818,0.0,0.0
c06_s05_cov100_seed00000019_bw025,6,5,1.0,0.25,1000,5,0,1000,1.0,,0.0
c06_s05_cov100_seed00000022_bw025,6,5,1.0,0.25,200,1,73,127,0.635,1.0,0.365
c06_s05_cov100_seed00000022_bw025,6,5,1.0,0.25,200,2,24,176,0.88,1.0,0.12
c06_s05_cov100_seed00000022_bw025,6,5,1.0,0.25,200,3,21,179,0.895,1.0,0.105
c06_s05_cov100_seed00000022_bw025,6,5,1.0,0.25,200,4,41,159,0.795,0.0,0.0
c06_s05_cov100_seed00000022_bw025,6,5,1.0,0.25,200,5,0,200,1.0,,0.0
c06_s05_cov100_seed00000022_bw025,6,5,1.0,0.25,1000,1,388,612,0.612,1.0,0.388
c06_s05_cov100_seed00000022_bw025,6,5,1.0,0.25,1000,2,102,898,0.898,1.0,0.102
c06_s05_cov100_seed00000022_bw025,6,5,1.0,0.25,1000,3,99,901,0.901,1.0,0.099
c06_s05_cov100_seed00000022_bw025,6,5,1.0,0.25,1000,4,182,818,0.818,0.0,0.0
c06_s05_cov100_seed00000022_bw025,6,5,1.0,0.25,1000,5,0,1000,1.0,,0.0
c06_s05_cov100_seed00000029_bw025,6,5,1.0,0.25,200,1,86,114,0.57,1.0,0.43
c06_s05_cov100_seed00000029_bw025,6,5,1.0,0.25,200,2,17,183,0.915,1.0,0.085
c06_s05_cov100_seed00000029_bw025,6,5,1.0,0.25,200,3,16,184,0.92,1.0,0.08
c06_s05_cov100_seed00000029_bw025,6,5,1.0,0.25,200,4,40,160,0.8,0.0,0.0
c06_s05_cov100_seed00000029_bw025,6,5,1.0,0.25,200,5,0,200,1.0,,0.0
c06_s05_cov100_seed00000029_bw025,6,5,1.0,0.25,1000,1,414,586,0.586,1.0,0.414
c06_s05_cov100_seed00000029_bw025,6,5,1.0,0.25,1000,2,84,916,0.916,1.0,0.084
c06_s05_cov100_seed00000029_bw025,6,5,1.0,0.25,1000,3,98,902,0.902,1.0,0.098
c06_s05_cov100_seed00000029_bw025,6,5,1.0,0.25,1000,4,208,792,0.792,0.0,0.0
c06_s05_cov100_seed00000029_bw025,6,5,1.0,0.25,1000,5,0,1000,1.0,,0.0
c06_s05_cov100_seed00000038_bw025,6,5,1.0,0.25,200,1,90,110,0.55,1.0,0.45
c06_s05_cov100_seed00000038_bw025,6,5,1.0,0.25,200,2,19,181,0.905,1.0,0.095
c06_s05_cov100_seed00000038_bw025,6,5,1.0,0.25,200,3,18,182,0.91,1.0,0.09
c06_s05_cov100_seed00000038_bw025,6,5,1.0,0.25,200,4,35,165,0.825,0.0,0.0
c06_s05_cov100_seed00000038_bw025,6,5,1.0,0.25,200,5,0,200,1.0,,0.0
c06_s05_cov100_seed00000038_bw025,6,5,1.0,0.25,1000,1,411,589,0.589,1.0,0.411
c06_s05_cov100_seed00000038_bw025,6,5,1.0,0.25,1000,2,92,908,0.908,1.0,0.092
c06_s05_cov100_seed00000038_bw025,6,5,1.0,0.25,1000,3,105,895,0.895,1.0,0.105
c06_s05_cov100_seed00000038_bw025,6,5,1.0,0.25,1000,4,187,813,0.813,0.0,0.0
c06_s05_cov100_seed00000038_bw025,6,5,1.0,0.25,1000,5,0,1000,1.0,,0.0
c06_s05_cov100_seed00000041_bw025,6,5,1.0,0.25,200,1,70,130,0.65,1.0,0.35
c06_s05_cov100_seed00000041_bw025,6,5,1.0,0.25,200,2,23,177,0.885,1.0,0.115
c06_s05_cov100_seed00000041_bw025,6,5,1.0,0.25,200,3,23,177,0.885,1.0,0.115
c06_s05_cov100_seed00000041_bw025,6,5,1.0,0.25,200,4,39,161,0.805,0.0,0.0
c06_s05_cov100_seed00000041_bw025,6,5,1.0,0.25,200,5,0,200,1.0,,0.0
c06_s05_cov100_seed00000041_bw025,6,5,1.0,0.25,1000,1,410,590,0.59,1.0,0.41
c06_s05_cov100_seed00000041_bw025,6,5,1.0,0.25,1000,2,112,888,0.888,1.0,0.112
c06_s05_cov100_seed00000041_bw025,6,5,1.0,0.25,1000,3,95,905,0.905,1.0,0.095
c06_s05_cov100_seed00000041_bw025,6,5,1.0,0.25,1000,4,205,795,0.795,0.0,0.0
c06_s05_cov100_seed00000041_bw025,6,5,1.0,0.25,1000,5,0,1000,1.0,,0.0
c06_s05_cov100_seed00000046_bw025,6,5,1.0,0.25,200,1,80,120,0.6,1.0,0.4
c06_s05_cov100_seed00000046_bw025,6,5,1.0,0.25,200,2,18,182,0.91,1.0,0.09
c06_s05_cov100_seed00000046_bw025,6,5,1.0,0.25,200,3,13,187,0.935,1.0,0.065
c06_s05_cov100_seed00000046_bw025,6,5,1.0,0.25,200,4,50,150,0.75,0.0,0.0
c06_s05_cov100_seed00000046_bw025,6,5,1.0,0.25,200,5,0,200,1.0,,0.0
c06_s05_cov100_seed00000046_bw025,6,5,1.0,0.25,1000,1,397,603,0.603,1.0,0.397
c06_s05_cov100_seed00000046_bw025,6,5,1.0,0.25,1000,2,95,905,0.905,1.0,0.095
c06_s05_cov100_seed00000046_bw025,6,5,1.0,0.25,1000,3,104,896,0.896,1.0,0.104
c06_s05_cov100_seed00000046_bw025,6,5,1.0,0.25,1000,4,215,785,0.785,0.0,0.0
c06_s05_cov100_seed00000046_bw025,6,5,1.0,0.25,1000,5,0,1000,1.0,,0.0
c06_s05_cov100_seed00000048_bw025,6,5,1.0,0.25,200,1,77,123,0.615,1.0,0.385
c06_s05_cov100_seed00000048_bw025,6,5,1.0,0.25,200,2,15,185,0.925,1.0,0.075
c06_s05_cov100_seed00000048_bw025,6,5,1.0,0.25,200,3,24,176,0.88,1.0,0.12
c06_s05_cov100_seed00000048_bw025,6,5,1.0,0.25,200,4,40,160,0.8,0.0,0.0
c06_s05_cov100_seed00000048_bw025,6,5,1.0,0.25,200,5,0,200,1.0,,0.0
c06_s05_cov100_seed00000048_bw025,6,5,1.0,0.25,1000,1,383,617,0.617,1.0,0.383
c06_s05_cov100_seed00000048_bw025,6,5,1.0,0.25,1000,2,95,905,0.905,1.0,0.095
c06_s05_cov100_seed00000048_bw025,6,5,1.0,0.25,1000,3,100,900,0.9,1.0,0.1
c06_s05_cov100_seed00000048_bw025,6,5,1.0,0.25,1000,4,235,765,0.765,0.0,0.0
c06_s05_cov100_seed00000048_bw025,6,5,1.0,0.25,1000,5,0,1000,1.0,,0.0
c06_s05_cov100_seed00000054_bw025,6,5,1.0,0.25,200,1,95,105,0.525,1.0,0.475
c06_s05_cov100_seed00000054_bw025,6,5,1.0,0.25,200,2,21,179,0.895,1.0,0.105
c06_s05_cov100_seed00000054_bw025,6,5,1.0,0.25,200,3,25,175,0.875,1.0,0.125
c06_s05_cov100_seed00000054_bw025,6,5,1.0,0.25,200,4,35,165,0.825,0.0,0.0
c06_s05_cov100_seed00000054_bw025,6,5,1.0,0.25,200,5,0,200,1.0,,0.0
c06_s05_cov100_seed00000054_bw025,6,5,1.0,0.25,1000,1,415,585,0.585,1.0,0.415
c06_s05_cov100_seed00000054_bw025,6,5,1.0,0.25,1000,2,97,903,0.903,1.0,0.097
c06_s05_cov100_seed00000054_bw025,6,5,1.0,0.25,1000,3,98,902,0.902,1.0,0.098
c06_s05_cov100_seed00000054_bw025,6,5,1.0,0.25,1000,4,179,821,0.821,0.0,0.0
c06_s05_cov100_seed00000054_bw025,6,5,1.0,0.25,1000,5,0,1000,1.0,,0.0
c06_s05_cov100_seed00000055_bw025,6,5,1.0,0.25,200,1,83,117,0.585,1.0,0.415
c06_s05_cov100_seed00000055_bw025,6,5,1.0,0.25,200,2,19,181,0.905,1.0,0.095
c06_s05_cov100_seed00000055_bw025,6,5,1.0,0.25,200,3,19,181,0.905,1.0,0.095
c06_s05_cov100_seed00000055_bw025,6,5,1.0,0.25,200,4,40,160,0.8,0.0,0.0
c06_s05_cov100_seed00000055_bw025,6,5,1.0,0.25,200,5,0,200,1.0,,0.0
c06_s05_cov100_seed00000055_bw025,6,5,1.0,0.25,1000,1,394,606,0.606,1.0,0.394
c06_s05_cov100_seed00000055_bw025,6,5,1.0,0.25,1000,2,87,913,0.913,1.0,0.087
c06_s05_cov100_seed00000055_bw025,6,5,1.0,0.25,1000,3,100,900,0.9,1.0,0.1
c06_s05_cov100_seed00000055_bw025,6,5,1.0,0.25,1000,4,186,814,0.814,0.0,0.0
c06_s05_cov100_seed00000055_bw025,6,5,1.0,0.25,1000,5,0,1000,1.0,,0.0
c06_s05_cov100_seed00000060_bw025,6,5,1.0,0.25,200,1,77,123,0.615,1.0,0.385
c06_s05_cov100_seed00000060_bw025,6,5,1.0,0.25,200,2,21,179,0.895,1.0,0.105
c06_s05_cov100_seed00000060_bw025,6,5,1.0,0.25,200,3,18,182,0.91,1.0,0.09
c06_s05_cov100_seed00000060_bw025,6,5,1.0,0.25,200,4,42,158,0.79,0.0,0.0
c06_s05_cov100_seed00000060_bw025,6,5,1.0,0.25,200,5,0,200,1.0,,0.0
c06_s05_cov100_seed00000060_bw025,6,5,1.0,0.25,1000,1,395,605,0.605,1.0,0.395
c06_s05_cov100_seed00000060_bw025,6,5,1.0,0.25,1000,2,94,906,0.906,1.0,0.094
c06_s05_cov100_seed00000060_bw025,6,5,1.0,0.25,1000,3,106,894,0.894,1.0,0.106
c06_s05_cov100_seed00000060_bw025,6,5,1.0,0.25,1000,4,194,806,0.806,0.0,0.0
c06_s05_cov100_seed00000060_bw025,6,5,1.0,0.25,1000,5,0,1000,1.0,,0.0
c06_s05_cov100_seed00000067_bw025,6,5,1.0,0.25,200,1,69,131,0.655,1.0,0.345
c06_s05_cov100_seed00000067_bw025,6,5,1.0,0.25,200,2,24,176,0.88,1.0,0.12
c06_s05_cov100_seed00000067_bw025,6,5,1.0,0.25,200,3,20,180,0.9,1.0,0.1
c06_s05_cov100_seed00000067_bw025,6,5,1.0,0.25,200,4,39,161,0.805,0.0,0.0
c06_s05_cov100_seed00000067_bw025,6,5,1.0,0.25,200,5,0,200,1.0,,0.0
c06_s05_cov100_seed00000067_bw025,6,5,1.0,0.25,1000,1,397,603,0.603,1.0,0.397
c06_s05_cov100_seed00000067_bw025,6,5,1.0,0.25,1000,2,117,883,0.883,1.0,0.117
c06_s05_cov100_seed00000067_bw025,6,5,1.0,0.25,1000,3,96,904,0.904,1.0,0.096
c06_s05_cov100_seed00000067_bw025,6,5,1.0,0.25,1000,4,215,785,0.785,0.0,0.0
c06_s05_cov100_seed00000067_bw025,6,5,1.0,0.25,1000,5,0,1000,1.0,,0.0
c06_s05_cov100_seed00000068_bw025,6,5,1.0,0.25,200,1,94,106,0.53,1.0,0.47
c06_s05_cov100_seed00000068_bw025,6,5,1.0,0.25,200,2,24,176,0.88,1.0,0.12
c06_s05_cov100_seed00000068_bw025,6,5,1.0,0.25,200,3,19,181,0.905,1.0,0.095
c06_s05_cov100_seed00000068_bw025,6,5,1.0,0.25,200,4,43,157,0.785,0.0,0.0
c06_s05_cov100_seed00000068_bw025,6,5,1.0,0.25,200,5,0,200,1.0,,0.0
c06_s05_cov100_seed00000068_bw025,6,5,1.0,0.25,1000,1,414,586,0.586,1.0,0.414
c06_s05_cov100_seed00000068_bw025,6,5,1.0,0.25,1000,2,102,898,0.898,1.0,0.102
c06_s05_cov100_seed00000068_bw025,6,5,1.0,0.25,1000,3,90,910,0.91,1.0,0.09
c06_s05_cov100_seed00000068_bw025,6,5,1.0,0.25,1000,4,217,783,0.783,0.0,0.0
c06_s05_cov100_seed00000068_bw025,6,5,1.0,0.25,1000,5,0,1000,1.0,,0.0
c06_s05_cov100_seed00000078_bw025,6,5,1.0,0.25,200,1,76,124,0.62,1.0,0.38
c06_s05_cov100_seed00000078_bw025,6,5,1.0,0.25,200,2,28,172,0.86,1.0,0.14
c06_s05_cov100_seed00000078_bw025,6,5,1.0,0.25,200,3,14,186,0.93,1.0,0.07
c06_s05_cov100_seed00000078_bw025,6,5,1.0,0.25,200,4,52,148,0.74,0.0,0.0
c06_s05_cov100_seed00000078_bw025,6,5,1.0,0.25,200,5,0,200,1.0,,0.0
c06_s05_cov100_seed00000078_bw025,6,5,1.0,0.25,1000,1,406,594,0.594,1.0,0.406
c06_s05_cov100_seed00000078_bw025,6,5,1.0,0.25,1000,2,104,896,0.896,1.0,0.104
c06_s05_cov100_seed00000078_bw025,6,5,1.0,0.25,1000,3,102,898,0.898,1.0,0.102
c06_s05_cov100_seed00000078_bw025,6,5,1.0,0.25,1000,4,215,785,0.785,0.0,0.0
c06_s05_cov100_seed00000078_bw025,6,5,1.0,0.25,1000,5,0,1000,1.0,,0.0
c06_s05_cov100_seed00000091_bw025,6,5,1.0,0.25,200,1,91,109,0.545,1.0,0.455
c06_s05_cov100_seed00000091_bw025,6,5,1.0,0.25,200,2,29,171,0.855,1.0,0.145
c06_s05_cov100_seed00000091_bw025,6,5,1.0,0.25,200,3,11,189,0.945,1.0,0.055
c06_s05_cov100_seed00000091_bw025,6,5,1.0,0.25,200,4,28,172,0.86,0.0,0.0
c06_s05_cov100_seed00000091_bw025,6,5,1.0,0.25,200,5,0,200,1.0,,0.0
c06_s05_cov100_seed00000091_bw025,6,5,1.0,0.25,1000,1,445,555,0.555,1.0,0.445
c06_s05_cov100_seed00000091_bw025,6,5,1.0,0.25,1000,2,103,897,0.897,1.0,0.103
c06_s05_cov100_seed00000091_bw025,6,5,1.0,0.25,1000,3,87,913,0.913,1.0,0.087
c06_s05_cov100_seed00000091_bw025,6,5,1.0,0.25,1000,4,205,795,0.795,0.0,0.0
c06_s05_cov100_seed00000091_bw025,6,5,1.0,0.25,1000,5,0,1000,1.0,,0.0
c06_s05_cov100_seed00000095_bw025,6,5,1.0,0.25,200,1,93,107,0.535,1.0,0.465
c06_s05_cov100_seed00000095_bw025,6,5,1.0,0.25,200,2,26,174,0.87,1.0,0.13
c06_s05_cov100_seed00000095_bw025,6,5,1.0,0.25,200,3,27,173,0.865,1.0,0.135
c06_s05_cov100_seed00000095_bw025,6,5,1.0,0.25,200,4,41,159,0.795,0.0,0.0
c06_s05_cov100_seed00000095_bw025,6,5,1.0,0.25,200,5,0,200,1.0,,0.0
c06_s05_cov100_seed00000095_bw025,6,5,1.0,0.25,1000,1,422,578,0.578,1.0,0.422
c06_s05_cov100_seed00000095_bw025,6,5,1.0,0.25,1000,2,106,894,0.894,1.0,0.106
c06_s05_cov100_seed00000095_bw025,6,5,1.0,0.25,1000,3,114,886,0.886,1.0,0.114
c06_s05_cov100_seed00000095_bw025,6,5,1.0,0.25,1000,4,201,799,0.799,0.0,0.0
c06_s05_cov100_seed00000095_bw025,6,5,1.0,0.25,1000,5,0,1000,1.0,,0.0
c06_s05_cov100_seed00000100_bw025,6,5,1.0,0.25,200,1,84,116,0.58,1.0,0.42
c06_s05_cov100_seed00000100_bw025,6,5,1.0,0.25,200,2,22,178,0.89,1.0,0.11
c06_s05_cov100_seed00000100_bw025,6,5,1.0,0.25,200,3,10,190,0.95,1.0,0.05
c06_s05_cov100_seed00000100_bw025,6,5,1.0,0.25,200,4,31,169,0.845,0.0,0.0
c06_s05_cov100_seed00000100_bw025,6,5,1.0,0.25,200,5,0,200,1.0,,0.0
c06_s05_cov100_seed00000100_bw025,6,5,1.0,0.25,1000,1,382,618,0.618,1.0,0.382
c06_s05_cov100_seed00000100_bw025,6,5,1.0,0.25,1000,2,101,899,0.899,1.0,0.101
c06_s05_cov100_seed00000100_bw025,6,5,1.0,0.25,1000,3,95,905,0.905,1.0,0.095
c06_s05_cov100_seed00000100_bw025,6,5,1.0,0.25,1000,4,196,804,0.804,0.0,0.0
c06_s05_cov100_seed00000100_bw025,6,5,1.0,0.25,1000,5,0,1000,1.0,,0.0
c06_s05_cov100_seed00000107_bw025,6,5,1.0,0.25,200,1,80,120,0.6,1.0,0.4
c06_s05_cov100_seed00000107_bw025,6,5,1.0,0.25,200,2,27,173,0.865,1.0,0.135
c06_s05_cov100_seed00000107_bw025,6,5,1.0,0.25,200,3,17,183,0.915,1.0,0.085
c06_s05_cov100_seed00000107_bw025,6,5,1.0,0.25,200,4,32,168,0.84,0.0,0.0
c06_s05_cov100_seed00000107_bw025,6,5,1.0,0.25,200,5,0,200,1.0,,0.0
c06_s05_cov100_seed00000107_bw025,6,5,1.0,0.25,1000,1,392,608,0.608,1.0,0.392
c06_s05_cov100_seed00000107_bw025,6,5,1.0,0.25,1000,2,104,896,0.896,1.0,0.104
c06_s05_cov100_seed00000107_bw025,6,5,1.0,0.25,1000,3,85,915,0.915,1.0,0.085
c06_s05_cov100_seed00000107_bw025,6,5,1.0,0.25,1000,4,217,783,0.783,0.0,0.0
c06_s05_cov100_seed00000107_bw025,6,5,1.0,0.25,1000,5,0,1000,1.0,,0.0
c06_s05_cov100_seed00000109_bw025,6,5,1.0,0.25,200,1,77,123,0.615,1.0,0.385
c06_s05_cov100_seed00000109_bw025,6,5,1.0,0.25,200,2,24,176,0.88,1.0,0.12
c06_s05_cov100_seed00000109_bw025,6,5,1.0,0.25,200,3,16,184,0.92,1.0,0.08
c06_s05_cov100_seed00000109_bw025,6,5,1.0,0.25,200,4,39,161,0.805,0.0,0.0
c06_s05_cov100_seed00000109_bw025,6,5,1.0,0.25,200,5,0,200,1.0,,0.0
c06_s05_cov100_seed00000109_bw025,6,5,1.0,0.25,1000,1,401,599,0.599,1.0,0.401
c06_s05_cov100_seed00000109_bw025,6,5,1.0,0.25,1000,2,115,885,0.885,1.0,0.115
c06_s05_cov100_seed00000109_bw025,6,5,1.0,0.25,1000,3,99,901,0.901,1.0,0.099
c06_s05_cov100_seed00000109_bw025,6,5,1.0,0.25,1000,4,212,788,0.788,0.0,0.0
c06_s05_cov100_seed00000109_bw025,6,5,1.0,0.25,1000,5,0,1000,1.0,,0.0
c08_s01_cov100_seed00000002_bw025,8,1,1.0,0.25,200,1,77,123,0.615,1.0,0.385
c08_s01_cov100_seed00000002_bw025,8,1,1.0,0.25,200,2,28,172,0.86,0.7857142857142857,0.11
c08_s01_cov100_seed00000002_bw025,8,1,1.0,0.25,200,3,18,182,0.91,0.3333333333333333,0.03
c08_s01_cov100_seed00000002_bw025,8,1,1.0,0.25,200,4,11,189,0.945,0.0,0.0
c08_s01_cov100_seed00000002_bw025,8,1,1.0,0.25,200,5,7,193,0.965,0.0,0.0
c08_s01_cov100_seed00000002_bw025,8,1,1.0,0.25,200,6,0,200,1.0,,0.0
c08_s01_cov100_seed00000002_bw025,8,1,1.0,0.25,200,7,0,200,1.0,,0.0
c08_s01_cov100_seed00000002_bw025,8,1,1.0,0.25,200,8,0,200,1.0,,0.0
c08_s01_cov100_seed00000002_bw025,8,1,1.0,0.25,200,9,0,200,1.0,,0.0
c08_s01_cov100_seed00000002_bw025,8,1,1.0,0.25,200,10,0,200,1.0,,0.0
c08_s01_cov100_seed00000002_bw025,8,1,1.0,0.25,1000,1,387,613,0.613,1.0,0.387
c08_s01_cov100_seed00000002_bw025,8,1,1.0,0.25,1000,2,146,854,0.854,0.8013698630136986,0.117
c08_s01_cov100_seed00000002_bw025,8,1,1.0,0.25,1000,3,77,923,0.923,0.3116883116883117,0.024
c08_s01_cov100_seed00000002_bw025,8,1,1.0,0.25,1000,4,57,943,0.943,0.0,0.0
c08_s01_cov100_seed00000002_bw025,8,1,1.0,0.25,1000,5,40,960,0.96,0.0,0.0
c08_s01_cov100_seed00000002_bw025,8,1,1.0,0.25,1000,6,10,990,0.99,0.0,0.0
c08_s01_cov100_seed00000002_bw025,8,1,1.0,0.25,1000,7,0,1000,1.0,,0.0
c08_s01_cov100_seed00000002_bw025,8,1,1.0,0.25,1000,8,0,1000,1.0,,0.0
c08_s01_cov100_seed00000002_bw025,8,1,1.0,0.25,1000,9,0,1000,1.0,,0.0
c08_s01_cov100_seed00000002_bw025,8,1,1.0,0.25,1000,10,0,1000,1.0,,0.0
c08_s01_cov100_seed00000007_bw025,8,1,1.0,0.25,200,1,57,143,0.715,1.0,0.285
c08_s01_cov100_seed00000007_bw025,8,1,1.0,0.25,200,2,32,168,0.84,0.6875,0.11
c08_s01_cov100_seed00000007_bw025,8,1,1.0,0.25,200,3,10,190,0.95,0.2,0.01
c08_s01_cov100_seed00000007_bw025,8,1,1.0,0.25,200,4,0,200,1.0,,0.0
c08_s01_cov100_seed00000007_bw025,8,1,1.0,0.25,200,5,0,200,1.0,,0.0
c08_s01_cov100_seed00000007_bw025,8,1,1.0,0.25,200,6,0,200,1.0,,0.0
c08_s01_cov100_seed00000007_bw025,8,1,1.0,0.25,200,7,0,200,1.0,,0.0
c08_s01_cov100_seed00000007_bw025,8,1,1.0,0.25,1000,1,278,722,0.722,1.0,0.278
c08_s01_cov100_seed00000007_bw025,8,1,1.0,0.25,1000,2,149,851,0.851,0.7449664429530202,0.111
c08_s01_cov100_seed00000007_bw025,8,1,1.0,0.25,1000,3,52,948,0.948,0.4230769230769231,0.022
c08_s01_cov100_seed00000007_bw025,8,1,1.0,0.25,1000,4,0,1000,1.0,,0.0
c08_s01_cov100_seed00000007_bw025,8,1,1.0,0.25,1000,5,0,1000,1.0,,0.0
c08_s01_cov100_seed00000007_bw025,8,1,1.0,0.25,1000,6,0,1000,1.0,,0.0
c08_s01_cov100_seed00000007_bw025,8,1,1.0,0.25,1000,7,0,1000,1.0,,0.0
c08_s01_cov100_seed00000012_bw025,8,1,1.0,0.25,200,1,79,121,0.605,1.0,0.395
c08_s01_cov100_seed00000012_bw025,8,1,1.0,0.25,200,2,38,162,0.81,0.9473684210526315,0.18
c08_s01_cov100_seed00000012_bw025,8,1,1.0,0.25,200,3,12,188,0.94,0.16666666666666666,0.01
c08_s01_cov100_seed00000012_bw025,8,1,1.0,0.25,200,4,8,192,0.96,0.0,0.0
c08_s01_cov100_seed00000012_bw025,8,1,1.0,0.25,200,5,6,194,0.97,0.0,0.0
c08_s01_cov100_seed00000012_bw025,8,1,1.0,0.25,200,6,2,198,0.99,0.0,0.0
c08_s01_cov100_seed00000012_bw025,8,1,1.0,0.25,200,7,3,197,0.985,0.0,0.0
c08_s01_cov100_seed00000012_bw025,8,1,1.0,0.25,200,8,0,200,1.0,,0.0
c08_s01_cov100_seed00000012_bw025,8,1,1.0,0.25,200,9,0,200,1.0,,0.0
c08_s01_cov100_seed00000012_bw025,8,1,1.0,0.25,200,10,0,200,1.0,,0.0
c08_s01_cov100_seed00000012_bw025,8,1,1.0,0.25,1000,1,396,604,0.604,1.0,0.396
c08_s01_cov100_seed00000012_bw025,8,1,1.0,0.25,1000,2,136,864,0.864,0.8308823529411765,0.113
c08_s01_cov100_seed00000012_bw025,8,1,1.0,0.25,1000,3,63,937,0.937,0.15873015873015872,0.01
c08_s01_cov100_seed00000012_bw025,8,1,1.0,0.25,1000,4,45,955,0.955,0.0,0.0
c08_s01_cov100_seed00000012_bw025,8,1,1.0,0.25,1000,5,32,968,0.968,0.0,0.0
c08_s01_cov100_seed00000012_bw025,8,1,1.0,0.25,1000,6,16,984,0.984,0.0,0.0
c08_s01_cov100_seed00000012_bw025,8,1,1.0,0.25,1000,7,12,988,0.988,0.0,0.0
c08_s01_cov100_seed00000012_bw025,8,1,1.0,0.25,1000,8,0,1000,1.0,,0.0
c08_s01_cov100_seed00000012_bw025,8,1,1.0,0.25,1000,9,0,1000,1.0,,0.0
c08_s01_cov100_seed00000012_bw025,8,1,1.0,0.25,1000,10,0,1000,1.0,,0.0
c08_s01_cov100_seed00000019_bw025,8,1,1.0,0.25,200,1,64,136,0.68,1.0,0.32
c08_s01_cov100_seed00000019_bw025,8,1,1.0,0.25,200,2,17,183,0.915,0.47058823529411764,0.04
c08_s01_cov100_seed00000019_bw025,8,1,1.0,0.25,200,3,12,188,0.94,0.16666666666666666,0.01
c08_s01_cov100_seed00000019_bw025,8,1,1.0,0.25,200,4,11,189,0.945,0.0,0.0
c08_s01_cov100_seed00000019_bw025,8,1,1.0,0.25,200,5,3,197,0.985,0.0,0.0
c08_s01_cov100_seed00000019_bw025,8,1,1.0,0.25,200,6,0,200,1.0,,0.0
c08_s01_cov100_seed00000019_bw025,8,1,1.0,0.25,200,7,0,200,1.0,,0.0
c08_s01_cov100_seed00000019_bw025,8,1,1.0,0.25,200,8,0,200,1.0,,0.0
c08_s01_cov100_seed00000019_bw025,8,1,1.0,0.25,1000,1,250,750,0.75,1.0,0.25
c08_s01_cov100_seed00000019_bw025,8,1,1.0,0.25,1000,2,98,902,0.902,0.6326530612244898,0.062
c08_s01_cov100_seed00000019_bw025,8,1,1.0,0.25,1000,3,66,934,0.934,0.2727272727272727,0.018
c08_s01_cov100_seed00000019_bw025,8,1,1.0,0.25,1000,4,57,943,0.943,0.0,0.0
c08_s01_cov100_seed00000019_bw025,8,1,1.0,0.25,1000,5,36,964,0.964,0.0,0.0
c08_s01_cov100_seed00000019_bw025,8,1,1.0,0.25,1000,6,0,1000,1.0,,0.0
c08_s01_cov100_seed00000019_bw025,8,1,1.0,0.25,1000,7,0,1000,1.0,,0.0
c08_s01_cov100_seed00000019_bw025,8,1,1.0,0.25,1000,8,0,1000,1.0,,0.0
c08_s01_cov100_seed00000021_bw025,8,1,1.0,0.25,200,1,82,118,0.59,1.0,0.41
c08_s01_cov100_seed00000021_bw025,8,1,1.0,0.25,200,2,31,169,0.845,1.0,0.155
c08_s01_cov100_seed00000021_bw025,8,1,1.0,0.25,200,3,8,192,0.96,0.5,0.02
c08_s01_cov100_seed00000021_bw025,8,1,1.0,0.25,200,4,7,193,0.965,0.0,0.0
c08_s01_cov100_seed00000021_bw025,8,1,1.0,0.25,200,5,6,194,0.97,0.0,0.0
c08_s01_cov100_seed00000021_bw025,8,1,1.0,0.25,200,6,2,198,0.99,0.0,0.0
c08_s01_cov100_seed00000021_bw025,8,1,1.0,0.25,200,7,0,200,1.0,,0.0
c08_s01_cov100_seed00000021_bw025,8,1,1.0,0.25,200,8,0,200,1.0,,0.0
c08_s01_cov100_seed00000021_bw025,8,1,1.0,0.25,1000,1,404,596,0.596,1.0,0.404
c08_s01_cov100_seed00000021_bw025,8,1,1.0,0.25,1000,2,149,851,0.851,1.0,0.149
c08_s01_cov100_seed00000021_bw025,8,1,1.0,0.25,1000,3,50,950,0.95,0.36,0.018
c08_s01_cov100_seed00000021_bw025,8,1,1.0,0.25,1000,4,27,973,0.973,0.0,0.0
c08_s01_cov100_seed00000021_bw025,8,1,1.0,0.25,1000,5,36,964,0.964,0.0,0.0
c08_s01_cov100_seed00000021_bw025,8,1,1.0,0.25,1000,6,31,969,0.969,0.0,0.0
c08_s01_cov100_seed00000021_bw025,8,1,1.0,0.25,1000,7,0,1000,1.0,,0.0
c08_s01_cov100_seed00000021_bw025,8,1,1.0,0.25,1000,8,0,1000,1.0,,0.0
c08_s01_cov100_seed00000023_bw025,8,1,1.0,0.25,200,1,51,149,0.745,0.49019607843137253,0.125
c08_s01_cov100_seed00000023_bw025,8,1,1.0,0.25,200,2,29,171,0.855,0.1724137931034483,0.025
c08_s01_cov100_seed00000023_bw025,8,1,1.0,0.25,200,3,9,191,0.955,0.0,0.0
c08_s01_cov100_seed00000023_bw025,8,1,1.0,0.25,200,4,8,192,0.96,0.0,0.0
c08_s01_cov100_seed00000023_bw025,8,1,1.0,0.25,200,5,4,196,0.98,0.0,0.0
c08_s01_cov100_seed00000023_bw025,8,1,1.0,0.25,200,6,0,200,1.0,,0.0
c08_s01_cov100_seed00000023_bw025,8,1,1.0,0.25,200,7,0,200,1.0,,0.0
c08_s01_cov100_seed00000023_bw025,8,1,1.0,0.25,200,8,0,200,1.0,,0.0
c08_s01_cov100_seed00000023_bw025,8,1,1.0,0.25,200,9,0,200,1.0,,0.0
c08_s01_cov100_seed00000023_bw025,8,1,1.0,0.25,1000,1,226,774,0.774,0.47345132743362833,0.107
c08_s01_cov100_seed00000023_bw025,8,1,1.0,0.25,1000,2,133,867,0.867,0.23308270676691728,0.031
c08_s01_cov100_seed00000023_bw025,8,1,1.0,0.25,1000,3,64,936,0.936,0.0,0.0
c08_s01_cov100_seed00000023_bw025,8,1,1.0,0.25,1000,4,42,958,0.958,0.0,0.0
c08_s01_cov100_seed00000023_bw025,8,1,1.0,0.25,1000,5,28,972,0.972,0.0,0.0
c08_s01_cov100_seed00000023_bw025,8,1,1.0,0.25,1000,6,0,1000,1.0,,0.0
c08_s01_cov100_seed00000023_bw025,8,1,1.0,0.25,1000,7,0,1000,1.0,,0.0
c08_s01_cov100_seed00000023_bw025,8,1,1.0,0.25,1000,8,0,1000,1.0,,0.0
c08_s01_cov100_seed00000023_bw025,8,1,1.0,0.25,1000,9,0,1000,1.0,,0.0
c08_s01_cov100_seed00000024_bw025,8,1,1.0,0.25,200,1,48,152,0.76,1.0,0.24
c08_s01_cov100_seed00000024_bw025,8,1,1.0,0.25,200,2,35,165,0.825,0.6857142857142857,0.12
c08_s01_cov100_seed00000024_bw025,8,1,1.0,0.25,200,3,19,181,0.905,0.7368421052631579,0.07
c08_s01_cov100_seed00000024_bw025,8,1,1.0,0.25,200,4,7,193,0.965,1.0,0.035
c08_s01_cov100_seed00000024_bw025,8,1,1.0,0.25,200,5,0,200,1.0,,0.0
c08_s01_cov100_seed00000024_bw025,8,1,1.0,0.25,200,6,0,200,1.0,,0.0
c08_s01_cov100_seed00000024_bw025,8,1,1.0,0.25,200,7,0,200,1.0,,0.0
c08_s01_cov100_seed00000024_bw025,8,1,1.0,0.25,200,8,0,200,1.0,,0.0
c08_s01_cov100_seed00000024_bw025,8,1,1.0,0.25,1000,1,249,751,0.751,1.0,0.249
c08_s01_cov100_seed00000024_bw025,8,1,1.0,0.25,1000,2,140,860,0.86,0.6714285714285714,0.094
c08_s01_cov100_seed00000024_bw025,8,1,1.0,0.25,1000,3,107,893,0.893,0.8411214953271028,0.09
c08_s01_cov100_seed00000024_bw025,8,1,1.0,0.25,1000,4,33,967,0.967,1.0,0.033
c08_s01_cov100_seed00000024_bw025,8,1,1.0,0.25,1000,5,0,1000,1.0,,0.0
c08_s01_cov100_seed00000024_bw025,8,1,1.0,0.25,1000,6,0,1000,1.0,,0.0
c08_s01_cov100_seed00000024_bw025,8,1,1.0,0.25,1000,7,0,1000,1.0,,0.0
c08_s01_cov100_seed00000024_bw025,8,1,1.0,0.25,1000,8,0,1000,1.0,,0.0
c08_s01_cov100_seed00000030_bw025,8,1,1.0,0.25,200,1,96,104,0.52,0.7708333333333334,0.37
c08_s01_cov100_seed00000030_bw025,8,1,1.0,0.25,200,2,43,157,0.785,0.3953488372093023,0.085
c08_s01_cov100_seed00000030_bw025,8,1,1.0,0.25,200,3,21,179,0.895,0.19047619047619047,0.02
c08_s01_cov100_seed00000030_bw025,8,1,1.0,0.25,200,4,13,187,0.935,0.0,0.0
c08_s01_cov100_seed00000030_bw025,8,1,1.0,0.25,200,5,1,199,0.995,0.0,0.0
c08_s01_cov100_seed00000030_bw025,8,1,1.0,0.25,200,6,0,200,1.0,,0.0
c08_s01_cov100_seed00000030_bw025,8,1,1.0,0.25,200,7,0,200,1.0,,0.0
c08_s01_cov100_seed00000030_bw025,8,1,1.0,0.25,200,8,0,200,1.0,,0.0
c08_s01_cov100_seed00000030_bw025,8,1,1.0,0.25,200,9,0,200,1.0,,0.0
c08_s01_cov100_seed00000030_bw025,8,1,1.0,0.25,1000,1,447,553,0.553,0.7785234899328859,0.348
c08_s01_cov100_seed00000030_bw025,8,1,1.0,0.25,1000,2,210,790,0.79,0.42857142857142855,0.09
c08_s01_cov100_seed00000030_bw025,8,1,1.0,0.25,1000,3,106,894,0.894,0.1320754716981132,0.014
c08_s01_cov100_seed00000030_bw025,8,1,1.0,0.25,1000,4,66,934,0.934,0.0,0.0
c08_s01_cov100_seed00000030_bw025,8,1,1.0,0.25,1000,5,18,982,0.982,0.0,0.0
c08_s01_cov100_seed00000030_bw025,8,1,1.0,0.25,1000,6,0,1000,1.0,,0.0
c08_s01_cov100_seed00000030_bw025,8,1,1.0,0.25,1000,7,0,1000,1.0,,0.0
c08_s01_cov100_seed00000030_bw025,8,1,1.0,0.25,1000,8,0,1000,1.0,,0.0
c08_s01_cov100_seed00000030_bw025,8,1,1.0,0.25,1000,9,0,1000,1.0,,0.0
c08_s01_cov100_seed00000035_bw025,8,1,1.0,0.25,200,1,41,159,0.795,1.0,0.205
c08_s01_cov100_seed00000035_bw025,8,1,1.0,0.25,200,2,28,172,0.86,0.5357142857142857,0.075
c08_s01_cov100_seed00000035_bw025,8,1,1.0,0.25,200,3,11,189,0.945,0.2727272727272727,0.015
c08_s01_cov100_seed00000035_bw025,8,1,1.0,0.25,200,4,12,188,0.94,0.0,0.0
c08_s01_cov100_seed00000035_bw025,8,1,1.0,0.25,200,5,2,198,0.99,0.0,0.0
c08_s01_cov100_seed00000035_bw025,8,1,1.0,0.25,200,6,0,200,1.0,,0.0
c08_s01_cov100_seed00000035_bw025,8,1,1.0,0.25,200,7,0,200,1.0,,0.0
c08_s01_cov100_seed00000035_bw025,8,1,1.0,0.25,200,8,0,200,1.0,,0.0
c08_s01_cov100_seed00000035_bw025,8,1,1.0,0.25,1000,1,232,768,0.768,1.0,0.232
c08_s01_cov100_seed00000035_bw025,8,1,1.0,0.25,1000,2,115,885,0.885,0.5652173913043478,0.065
c08_s01_cov100_seed00000035_bw025,8,1,1.0,0.25,1000,3,65,935,0.935,0.26153846153846155,0.017
c08_s01_cov100_seed00000035_bw025,8,1,1.0,0.25,1000,4,51,949,0.949,0.0,0.0
c08_s01_cov100_seed00000035_bw025,8,1,1.0,0.25,1000,5,33,967,0.967,0.0,0.0
c08_s01_cov100_seed00000035_bw025,8,1,1.0,0.25,1000,6,0,1000,1.0,,0.0
c08_s01_cov100_seed00000035_bw025,8,1,1.0,0.25,1000,7,0,1000,1.0,,0.0
c08_s01_cov100_seed00000035_bw025,8,1,1.0,0.25,1000,8,0,1000,1.0,,0.0
c08_s01_cov100_seed00000037_bw025,8,1,1.0,0.25,200,1,59,141,0.705,0.6949152542372882,0.205
c08_s01_cov100_seed00000037_bw025,8,1,1.0,0.25,200,2,14,186,0.93,0.5,0.035
c08_s01_cov100_seed00000037_bw025,8,1,1.0,0.25,200,3,5,195,0.975,0.0,0.0
c08_s01_cov100_seed00000037_bw025,8,1,1.0,0.25,200,4,6,194,0.97,0.0,0.0
c08_s01_cov100_seed00000037_bw025,8,1,1.0,0.25,200,5,4,196,0.98,0.0,0.0
c08_s01_cov100_seed00000037_bw025,8,1,1.0,0.25,200,6,4,196,0.98,0.0,0.0
c08_s01_cov100_seed00000037_bw025,8,1,1.0,0.25,200,7,5,195,0.975,0.0,0.0
c08_s01_cov100_seed00000037_bw025,8,1,1.0,0.25,200,8,9,191,0.955,0.0,0.0
c08_s01_cov100_seed00000037_bw025,8,1,1.0,0.25,200,9,21,179,0.895,0.0,0.0
c08_s01_cov100_seed00000037_bw025,8,1,1.0,0.25,200,10,0,200,1.0,,0.0
c08_s01_cov100_seed00000037_bw025,8,1,1.0,0.25,1000,1,285,715,0.715,0.6666666666666666,0.19
c08_s01_cov100_seed00000037_bw025,8,1,1.0,0.25,1000,2,92,908,0.908,0.30434782608695654,0.028
c08_s01_cov100_seed00000037_bw025,8,1,1.0,0.25,1000,3,41,959,0.959,0.0,0.0
c08_s01_cov100_seed00000037_bw025,8,1,1.0,0.25,1000,4,31,969,0.969,0.0,0.0
c08_s01_cov100_seed00000037_bw025,8,1,1.0,0.25,1000,5,22,978,0.978,0.0,0.0
c08_s01_cov100_seed00000037_bw025,8,1,1.0,0.25,1000,6,15,985,0.985,0.0,0.0
c08_s01_cov100_seed00000037_bw025,8,1,1.0,0.25,1000,7,30,970,0.97,0.0,0.0
c08_s01_cov100_seed00000037_bw025,8,1,1.0,0.25,1000,8,63,937,0.937,0.0,0.0
c08_s01_cov100_seed00000037_bw025,8,1,1.0,0.25,1000,9,107,893,0.893,0.0,0.0
c08_s01_cov100_seed00000037_bw025,8,1,1.0,0.25,1000,10,0,1000,1.0,,0.0
c08_s01_cov100_seed00000045_bw025,8,1,1.0,0.25,200,1,54,146,0.73,1.0,0.27
c08_s01_cov100_seed00000045_bw025,8,1,1.0,0.25,200,2,26,174,0.87,0.3076923076923077,0.04
c08_s01_cov100_seed00000045_bw025,8,1,1.0,0.25,200,3,4,196,0.98,1.0,0.02
c08_s01_cov100_seed00000045_bw025,8,1,1.0,0.25,200,4,7,193,0.965,1.0,0.035
c08_s01_cov100_seed00000045_bw025,8,1,1.0,0.25,200,5,19,181,0.905,1.0,0.095
c08_s01_cov100_seed00000045_bw025,8,1,1.0,0.25,200,6,0,200,1.0,,0.0
c08_s01_cov100_seed00000045_bw025,8,1,1.0,0.25,200,7,0,200,1.0,,0.0
c08_s01_cov100_seed00000045_bw025,8,1,1.0,0.25,1000,1,267,733,0.733,1.0,0.267
c08_s01_cov100_seed00000045_bw025,8,1,1.0,0.25,1000,2,98,902,0.902,0.40816326530612246,0.04
c08_s01_cov100_seed00000045_bw025,8,1,1.0,0.25,1000,3,26,974,0.974,1.0,0.026
c08_s01_cov100_seed00000045_bw025,8,1,1.0,0.25,1000,4,31,969,0.969,1.0,0.031
c08_s01_cov100_seed00000045_bw025,8,1,1.0,0.25,1000,5,56,944,0.944,1.0,0.056
c08_s01_cov100_seed00000045_bw025,8,1,1.0,0.25,1000,6,0,1000,1.0,,0.0
c08_s01_cov100_seed00000045_bw025,8,1,1.0,0.25,1000,7,0,1000,1.0,,0.0
c08_s01_cov100_seed00000046_bw025,8,1,1.0,0.25,200,1,88,112,0.56,0.75,0.33
c08_s01_cov100_seed00000046_bw025,8,1,1.0,0.25,200,2,39,161,0.805,0.7692307692307693,0.15
c08_s01_cov100_seed00000046_bw025,8,1,1.0,0.25,200,3,16,184,0.92,0.4375,0.035
c08_s01_cov100_seed00000046_bw025,8,1,1.0,0.25,200,4,1,199,0.995,0.0,0.0
c08_s01_cov100_seed00000046_bw025,8,1,1.0,0.25,200,5,0,200,1.0,,0.0
c08_s01_cov100_seed00000046_bw025,8,1,1.0,0.25,200,6,0,200,1.0,,0.0
c08_s01_cov100_seed00000046_bw025,8,1,1.0,0.25,200,7,0,200,1.0,,0.0
c08_s01_cov100_seed00000046_bw025,8,1,1.0,0.25,200,8,0,200,1.0,,0.0
c08_s01_cov100_seed00000046_bw025,8,1,1.0,0.25,200,9,0,200,1.0,,0.0
c08_s01_cov100_seed00000046_bw025,8,1,1.0,0.25,1000,1,465,535,0.535,0.7720430107526882,0.359
c08_s01_cov100_seed00000046_bw025,8,1,1.0,0.25,1000,2,228,772,0.772,0.7543859649122807,0.172
c08_s01_cov100_seed00000046_bw025,8,1,1.0,0.25,1000,3,87,913,0.913,0.5747126436781609,0.05
c08_s01_cov100_seed00000046_bw025,8,1,1.0,0.25,1000,4,4,996,0.996,0.0,0.0
c08_s01_cov100_seed00000046_bw025,8,1,1.0,0.25,1000,5,0,1000,1.0,,0.0
c08_s01_cov100_seed00000046_bw025,8,1,1.0,0.25,1000,6,0,1000,1.0,,0.0
c08_s01_cov100_seed00000046_bw025,8,1,1.0,0.25,1000,7,0,1000,1.0,,0.0
c08_s01_cov100_seed00000046_bw025,8,1,1.0,0.25,1000,8,0,1000,1.0,,0.0
c08_s01_cov100_seed00000046_bw025,8,1,1.0,0.25,1000,9,0,1000,1.0,,0.0
c08_s01_cov100_seed00000049_bw025,8,1,1.0,0.25,200,1,58,142,0.71,1.0,0.29
c08_s01_cov100_seed00000049_bw025,8,1,1.0,0.25,200,2,28,172,0.86,1.0,0.14
c08_s01_cov100_seed00000049_bw025,8,1,1.0,0.25,200,3,12,188,0.94,0.75,0.045
c08_s01_cov100_seed00000049_bw025,8,1,1.0,0.25,200,4,7,193,0.965,0.0,0.0
c08_s01_cov100_seed00000049_bw025,8,1,1.0,0.25,200,5,7,193,0.965,0.0,0.0
c08_s01_cov100_seed00000049_bw025,8,1,1.0,0.25,200,6,15,185,0.925,0.0,0.0
c08_s01_cov100_seed00000049_bw025,8,1,1.0,0.25,200,7,24,176,0.88,0.0,0.0
c08_s01_cov100_seed00000049_bw025,8,1,1.0,0.25,200,8,0,200,1.0,,0.0
c08_s01_cov100_seed00000049_bw025,8,1,1.0,0.25,1000,1,239,761,0.761,1.0,0.239
c08_s01_cov100_seed00000049_bw025,8,1,1.0,0.25,1000,2,131,869,0.869,1.0,0.131
c08_s01_cov100_seed00000049_bw025,8,1,1.0,0.25,1000,3,55,945,0.945,0.6,0.033
c08_s01_cov100_seed00000049_bw025,8,1,1.0,0.25,1000,4,35,965,0.965,0.0,0.0
c08_s01_cov100_seed00000049_bw025,8,1,1.0,0.25,1000,5,37,963,0.963,0.0,0.0
c08_s01_cov100_seed00000049_bw025,8,1,1.0,0.25,1000,6,70,930,0.93,0.0,0.0
c08_s01_cov100_seed00000049_bw025,8,1,1.0,0.25,1000,7,133,867,0.867,0.0,0.0
c08_s01_cov100_seed00000049_bw025,8,1,1.0,0.25,1000,8,0,1000,1.0,,0.0
c08_s01_cov100_seed00000052_bw025,8,1,1.0,0.25,200,1,69,131,0.655,1.0,0.345
c08_s01_cov100_seed00000052_bw025,8,1,1.0,0.25,200,2,29,171,0.855,0.8275862068965517,0.12
c08_s01_cov100_seed00000052_bw025,8,1,1.0,0.25,200,3,22,178,0.89,0.45454545454545453,0.05
c08_s01_cov100_seed00000052_bw025,8,1,1.0,0.25,200,4,10,190,0.95,0.1,0.005
c08_s01_cov100_seed00000052_bw025,8,1,1.0,0.25,200,5,7,193,0.965,0.0,0.0
c08_s01_cov100_seed00000052_bw025,8,1,1.0,0.25,200,6,5,195,0.975,0.0,0.0
c08_s01_cov100_seed00000052_bw025,8,1,1.0,0.25,200,7,0,200,1.0,,0.0
c08_s01_cov100_seed00000052_bw025,8,1,1.0,0.25,200,8,0,200,1.0,,0.0
c08_s01_cov100_seed00000052_bw025,8,1,1.0,0.25,200,9,0,200,1.0,,0.0
c08_s01_cov100_seed00000052_bw025,8,1,1.0,0.25,1000,1,352,648,0.648,1.0,0.352
c08_s01_cov100_seed00000052_bw025,8,1,1.0,0.25,1000,2,137,863,0.863,0.8321167883211679,0.114
c08_s01_cov100_seed00000052_bw025,8,1,1.0,0.25,1000,3,112,888,0.888,0.4732142857142857,0.053
c08_s01_cov100_seed00000052_bw025,8,1,1.0,0.25,1000,4,55,945,0.945,0.14545454545454545,0.008
c08_s01_cov100_seed00000052_bw025,8,1,1.0,0.25,1000,5,38,962,0.962,0.0,0.0
c08_s01_cov100_seed00000052_bw025,8,1,1.0,0.25,1000,6,25,975,0.975,0.0,0.0
c08_s01_cov100_seed00000052_bw025,8,1,1.0,0.25,1000,7,0,1000,1.0,,0.0
c08_s01_cov100_seed00000052_bw025,8,1,1.0,0.25,1000,8,0,1000,1.0,,0.0
c08_s01_cov100_seed00000052_bw025,8,1,1.0,0.25,1000,9,0,1000,1.0,,0.0
c08_s01_cov100_seed00000056_bw025,8,1,1.0,0.25,200,1,135,65,0.325,0.837037037037037,0.565
c08_s01_cov100_seed00000056_bw025,8,1,1.0,0.25,200,2,58,142,0.71,0.5344827586206896,0.155
c08_s01_cov100_seed00000056_bw025,8,1,1.0,0.25,200,3,11,189,0.945,0.45454545454545453,0.025
c08_s01_cov100_seed00000056_bw025,8,1,1.0,0.25,200,4,2,198,0.99,0.0,0.0
c08_s01_cov100_seed00000056_bw025,8,1,1.0,0.25,200,5,0,200,1.0,,0.0
c08_s01_cov100_seed00000056_bw025,8,1,1.0,0.25,200,6,0,200,1.0,,0.0
c08_s01_cov100_seed00000056_bw025,8,1,1.0,0.25,200,7,0,200,1.0,,0.0
c08_s01_cov100_seed00000056_bw025,8,1,1.0,0.25,200,8,0,200,1.0,,0.0
c08_s01_cov100_seed00000056_bw025,8,1,1.0,0.25,200,9,0,200,1.0,,0.0
c08_s01_cov100_seed00000056_bw025,8,1,1.0,0.25,1000,1,668,332,0.332,0.8098802395209581,0.541
c08_s01_cov100_seed00000056_bw025,8,1,1.0,0.25,1000,2,329,671,0.671,0.5866261398176292,0.193
c08_s01_cov100_seed00000056_bw025,8,1,1.0,0.25,1000,3,112,888,0.888,0.3125,0.035
c08_s01_cov100_seed00000056_bw025,8,1,1.0,0.25,1000,4,20,980,0.98,0.0,0.0
c08_s01_cov100_seed00000056_bw025,8,1,1.0,0.25,1000,5,0,1000,1.0,,0.0
c08_s01_cov100_seed00000056_bw025,8,1,1.0,0.25,1000,6,0,1000,1.0,,0.0
c08_s01_cov100_seed00000056_bw025,8,1,1.0,0.25,1000,7,0,1000,1.0,,0.0
c08_s01_cov100_seed00000056_bw025,8,1,1.0,0.25,1000,8,0,1000,1.0,,0.0
c08_s01_cov100_seed00000056_bw025,8,1,1.0,0.25,1000,9,0,1000,1.0,,0.0
c08_s01_cov100_seed00000069_bw025,8,1,1.0,0.25,200,1,75,125,0.625,1.0,0.375
c08_s01_cov100_seed00000069_bw025,8,1,1.0,0.25,200,2,30,170,0.85,0.7333333333333333,0.11
c08_s01_cov100_seed00000069_bw025,8,1,1.0,0.25,200,3,11,189,0.945,0.5454545454545454,0.03
c08_s01_cov100_seed00000069_bw025,8,1,1.0,0.25,200,4,9,191,0.955,0.5555555555555556,0.025
c08_s01_cov100_seed00000069_bw025,8,1,1.0,0.25,200,5,0,200,1.0,,0.0
c08_s01_cov100_seed00000069_bw025,8,1,1.0,0.25,200,6,0,200,1.0,,0.0
c08_s01_cov100_seed00000069_bw025,8,1,1.0,0.25,200,7,0,200,1.0,,0.0
c08_s01_cov100_seed00000069_bw025,8,1,1.0,0.25,200,8,0,200,1.0,,0.0
c08_s01_cov100_seed00000069_bw025,8,1,1.0,0.25,1000,1,364,636,0.636,1.0,0.364
c08_s01_cov100_seed00000069_bw025,8,1,1.0,0.25,1000,2,142,858,0.858,0.704225352112676,0.1
c08_s01_cov100_seed00000069_bw025,8,1,1.0,0.25,1000,3,67,933,0.933,0.5522388059701493,0.037
c08_s01_cov100_seed00000069_bw025,8,1,1.0,0.25,1000,4,46,954,0.954,0.6739130434782609,0.031
c08_s01_cov100_seed00000069_bw025,8,1,1.0,0.25,1000,5,7,993,0.993,1.0,0.007
c08_s01_cov100_seed00000069_bw025,8,1,1.0,0.25,1000,6,0,1000,1.0,,0.0
c08_s01_cov100_seed00000069_bw025,8,1,1.0,0.25,1000,7,0,1000,1.0,,0.0
c08_s01_cov100_seed00000069_bw025,8,1,1.0,0.25,1000,8,0,1000,1.0,,0.0
c08_s01_cov100_seed00000070_bw025,8,1,1.0,0.25,200,1,57,143,0.715,1.0,0.285
c08_s01_cov100_seed00000070_bw025,8,1,1.0,0.25,200,2,28,172,0.86,0.8928571428571429,0.125
c08_s01_cov100_seed00000070_bw025,8,1,1.0,0.25,200,3,17,183,0.915,0.8235294117647058,0.07
c08_s01_cov100_seed00000070_bw025,8,1,1.0,0.25,200,4,10,190,0.95,0.6,0.03
c08_s01_cov100_seed00000070_bw025,8,1,1.0,0.25,200,5,3,197,0.985,0.0,0.0
c08_s01_cov100_seed00000070_bw025,8,1,1.0,0.25,200,6,0,200,1.0,,0.0
c08_s01_cov100_seed00000070_bw025,8,1,1.0,0.25,200,7,0,200,1.0,,0.0
c08_s01_cov100_seed00000070_bw025,8,1,1.0,0.25,200,8,0,200,1.0,,0.0
c08_s01_cov100_seed00000070_bw025,8,1,1.0,0.25,1000,1,225,775,0.775,1.0,0.225
c08_s01_cov100_seed00000070_bw025,8,1,1.0,0.25,1000,2,140,860,0.86,0.8142857142857143,0.114
c08_s01_cov100_seed00000070_bw025,8,1,1.0,0.25,1000,3,79,921,0.921,0.6708860759493671,0.053
c08_s01_cov100_seed00000070_bw025,8,1,1.0,0.25,1000,4,38,962,0.962,0.3157894736842105,0.012
c08_s01_cov100_seed00000070_bw025,8,1,1.0,0.25,1000,5,17,983,0.983,0.0,0.0
c08_s01_cov100_seed00000070_bw025,8,1,1.0,0.25,1000,6,0,1000,1.0,,0.0
c08_s01_cov100_seed00000070_bw025,8,1,1.0,0.25,1000,7,0,1000,1.0,,0.0
c08_s01_cov100_seed00000070_bw025,8,1,1.0,0.25,1000,8,0,1000,1.0,,0.0
c08_s01_cov100_seed00000086_bw025,8,1,1.0,0.25,200,1,60,140,0.7,1.0,0.3
c08_s01_cov100_seed00000086_bw025,8,1,1.0,0.25,200,2,27,173,0.865,1.0,0.135
c08_s01_cov100_seed00000086_bw025,8,1,1.0,0.25,200,3,20,180,0.9,0.65,0.065
c08_s01_cov100_seed00000086_bw025,8,1,1.0,0.25,200,4,7,193,0.965,0.14285714285714285,0.005
c08_s01_cov100_seed00000086_bw025,8,1,1.0,0.25,200,5,12,188,0.94,0.0,0.0
c08_s01_cov100_seed00000086_bw025,8,1,1.0,0.25,200,6,8,192,0.96,0.0,0.0
c08_s01_cov100_seed00000086_bw025,8,1,1.0,0.25,200,7,6,194,0.97,0.0,0.0
c08_s01_cov100_seed00000086_bw025,8,1,1.0,0.25,200,8,0,200,1.0,,0.0
c08_s01_cov100_seed00000086_bw025,8,1,1.0,0.25,200,9,0,200,1.0,,0.0
c08_s01_cov100_seed00000086_bw025,8,1,1.0,0.25,1000,1,312,688,0.688,1.0,0.312
c08_s01_cov100_seed00000086_bw025,8,1,1.0,0.25,1000,2,126,874,0.874,1.0,0.126
c08_s01_cov100_seed00000086_bw025,8,1,1.0,0.25,1000,3,68,932,0.932,0.6617647058823529,0.045
c08_s01_cov100_seed00000086_bw025,8,1,1.0,0.25,1000,4,43,957,0.957,0.13953488372093023,0.006
c08_s01_cov100_seed00000086_bw025,8,1,1.0,0.25,1000,5,44,956,0.956,0.0,0.0
c08_s01_cov100_seed00000086_bw025,8,1,1.0,0.25,1000,6,37,963,0.963,0.0,0.0
c08_s01_cov100_seed00000086_bw025,8,1,1.0,0.25,1000,7,24,976,0.976,0.0,0.0
c08_s01_cov100_seed00000086_bw025,8,1,1.0,0.25,1000,8,0,1000,1.0,,0.0
c08_s01_cov100_seed00000086_bw025,8,1,1.0,0.25,1000,9,0,1000,1.0,,0.0
c08_s01_cov100_seed00000087_bw025,8,1,1.0,0.25,200,1,52,148,0.74,1.0,0.26
c08_s01_cov100_seed00000087_bw025,8,1,1.0,0.25,200,2,21,179,0.895,1.0,0.105
c08_s01_cov100_seed00000087_bw025,8,1,1.0,0.25,200,3,8,192,0.96,0.625,0.025
c08_s01_cov100_seed00000087_bw025,8,1,1.0,0.25,200,4,10,190,0.95,0.0,0.0
c08_s01_cov100_seed00000087_bw025,8,1,1.0,0.25,200,5,19,181,0.905,0.0,0.0
c08_s01_cov100_seed00000087_bw025,8,1,1.0,0.25,200,6,9,191,0.955,0.0,0.0
c08_s01_cov100_seed00000087_bw025,8,1,1.0,0.25,200,7,0,200,1.0,,0.0
c08_s01_cov100_seed00000087_bw025,8,1,1.0,0.25,200,8,0,200,1.0,,0.0
c08_s01_cov100_seed00000087_bw025,8,1,1.0,0.25,1000,1,241,759,0.759,1.0,0.241
c08_s01_cov100_seed00000087_bw025,8,1,1.0,0.25,1000,2,82,918,0.918,1.0,0.082
c08_s01_cov100_seed00000087_bw025,8,1,1.0,0.25,1000,3,33,967,0.967,0.48484848484848486,0.016
c08_s01_cov100_seed00000087_bw025,8,1,1.0,0.25,1000,4,63,937,0.937,0.0,0.0
c08_s01_cov100_seed00000087_bw025,8,1,1.0,0.25,1000,5,78,922,0.922,0.0,0.0
c08_s01_cov100_seed00000087_bw025,8,1,1.0,0.25,1000,6,41,959,0.959,0.0,0.0
c08_s01_cov100_seed00000087_bw025,8,1,1.0,0.25,1000,7,0,1000,1.0,,0.0
c08_s01_cov100_seed00000087_bw025,8,1,1.0,0.25,1000,8,0,1000,1.0,,0.0
c08_s01_cov100_seed00000091_bw025,8,1,1.0,0.25,200,1,21,179,0.895,1.0,0.105
c08_s01_cov100_seed00000091_bw025,8,1,1.0,0.25,200,2,34,166,0.83,0.6176470588235294,0.105
c08_s01_cov100_seed00000091_bw025,8,1,1.0,0.25,200,3,11,189,0.945,0.0,0.0
c08_s01_cov100_seed00000091_bw025,8,1,1.0,0.25,200,4,7,193,0.965,0.0,0.0
c08_s01_cov100_seed00000091_bw025,8,1,1.0,0.25,200,5,3,197,0.985,0.0,0.0
c08_s01_cov100_seed00000091_bw025,8,1,1.0,0.25,200,6,0,200,1.0,,0.0
c08_s01_cov100_seed00000091_bw025,8,1,1.0,0.25,200,7,0,200,1.0,,0.0
c08_s01_cov100_seed00000091_bw025,8,1,1.0,0.25,1000,1,131,869,0.869,1.0,0.131
c08_s01_cov100_seed00000091_bw025,8,1,1.0,0.25,1000,2,150,850,0.85,0.68,0.102
c08_s01_cov100_seed00000091_bw025,8,1,1.0,0.25,1000,3,33,967,0.967,0.0,0.0
c08_s01_cov100_seed00000091_bw025,8,1,1.0,0.25,1000,4,29,971,0.971,0.0,0.0
c08_s01_cov100_seed00000091_bw025,8,1,1.0,0.25,1000,5,33,967,0.967,0.0,0.0
c08_s01_cov100_seed00000091_bw025,8,1,1.0,0.25,1000,6,0,1000,1.0,,0.0
c08_s01_cov100_seed00000091_bw025,8,1,1.0,0.25,1000,7,0,1000,1.0,,0.0
c08_s04_cov100_seed00000002_bw025,8,4,1.0,0.25,200,1,52,148,0.74,1.0,0.26
c08_s04_cov100_seed00000002_bw025,8,4,1.0,0.25,200,2,25,175,0.875,1.0,0.125
c08_s04_cov100_seed00000002_bw025,8,4,1.0,0.25,200,3,12,188,0.94,1.0,0.06
c08_s04_cov100_seed00000002_bw025,8,4,1.0,0.25,200,4,8,192,0.96,0.75,0.03
c08_s04_cov100_seed00000002_bw025,8,4,1.0,0.25,200,5,9,191,0.955,0.6666666666666666,0.03
c08_s04_cov100_seed00000002_bw025,8,4,1.0,0.25,200,6,9,191,0.955,0.0,0.0
c08_s04_cov100_seed00000002_bw025,8,4,1.0,0.25,200,7,0,200,1.0,,0.0
c08_s04_cov100_seed00000002_bw025,8,4,1.0,0.25,200,8,0,200,1.0,,0.0
c08_s04_cov100_seed00000002_bw025,8,4,1.0,0.25,1000,1,268,732,0.732,1.0,0.268
c08_s04_cov100_seed00000002_bw025,8,4,1.0,0.25,1000,2,117,883,0.883,1.0,0.117
c08_s04_cov100_seed00000002_bw025,8,4,1.0,0.25,1000,3,45,955,0.955,1.0,0.045
c08_s04_cov100_seed00000002_bw025,8,4,1.0,0.25,1000,4,55,945,0.945,0.6909090909090909,0.038
c08_s04_cov100_seed00000002_bw025,8,4,1.0,0.25,1000,5,50,950,0.95,0.62,0.031
c08_s04_cov100_seed00000002_bw025,8,4,1.0,0.25,1000,6,31,969,0.969,0.0,0.0
c08_s04_cov100_seed00000002_bw025,8,4,1.0,0.25,1000,7,0,1000,1.0,,0.0
c08_s04_cov100_seed00000002_bw025,8,4,1.0,0.25,1000,8,0,1000,1.0,,0.0
c08_s04_cov100_seed00000003_bw025,8,4,1.0,0.25,200,1,71,129,0.645,1.0,0.355
c08_s04_cov100_seed00000003_bw025,8,4,1.0,0.25,200,2,24,176,0.88,1.0,0.12
c08_s04_cov100_seed00000003_bw025,8,4,1.0,0.25,200,3,6,194,0.97,1.0,0.03
c08_s04_cov100_seed00000003_bw025,8,4,1.0,0.25,200,4,7,193,0.965,1.0,0.035
c08_s04_cov100_seed00000003_bw025,8,4,1.0,0.25,200,5,13,187,0.935,1.0,0.065
c08_s04_cov100_seed00000003_bw025,8,4,1.0,0.25,200,6,7,193,0.965,0.42857142857142855,0.015
c08_s04_cov100_seed00000003_bw025,8,4,1.0,0.25,200,7,17,183,0.915,0.0,0.0
c08_s04_cov100_seed00000003_bw025,8,4,1.0,0.25,200,8,12,188,0.94,0.0,0.0
c08_s04_cov100_seed00000003_bw025,8,4,1.0,0.25,200,9,0,200,1.0,,0.0
c08_s04_cov100_seed00000003_bw025,8,4,1.0,0.25,1000,1,347,653,0.653,1.0,0.347
c08_s04_cov100_seed00000003_bw025,8,4,1.0,0.25,1000,2,147,853,0.853,1.0,0.147
c08_s04_cov100_seed00000003_bw025,8,4,1.0,0.25,1000,3,69,931,0.931,1.0,0.069
c08_s04_cov100_seed00000003_bw025,8,4,1.0,0.25,1000,4,33,967,0.967,1.0,0.033
c08_s04_cov100_seed00000003_bw025,8,4,1.0,0.25,1000,5,40,960,0.96,1.0,0.04
c08_s04_cov100_seed00000003_bw025,8,4,1.0,0.25,1000,6,46,954,0.954,0.4782608695652174,0.022
c08_s04_cov100_seed00000003_bw025,8,4,1.0,0.25,1000,7,74,926,0.926,0.0,0.0
c08_s04_cov100_seed00000003_bw025,8,4,1.0,0.25,1000,8,103,897,0.897,0.0,0.0
c08_s04_cov100_seed00000003_bw025,8,4,1.0,0.25,1000,9,0,1000,1.0,,0.0
c08_s04_cov100_seed00000029_bw025,8,4,1.0,0.25,200,1,65,135,0.675,1.0,0.325
c08_s04_cov100_seed00000029_bw025,8,4,1.0,0.25,200,2,24,176,0.88,1.0,0.12
c08_s04_cov100_seed00000029_bw025,8,4,1.0,0.25,200,3,10,190,0.95,1.0,0.05
c08_s04_cov100_seed00000029_bw025,8,4,1.0,0.25,200,4,7,193,0.965,0.0,0.0
c08_s04_cov100_seed00000029_bw025,8,4,1.0,0.25,200,5,8,192,0.96,0.0,0.0
c08_s04_cov100_seed00000029_bw025,8,4,1.0,0.25,200,6,7,193,0.965,0.0,0.0
c08_s04_cov100_seed00000029_bw025,8,4,1.0,0.25,200,7,0,200,1.0,,0.0
c08_s04_cov100_seed00000029_bw025,8,4,1.0,0.25,200,8,0,200,1.0,,0.0
c08_s04_cov100_seed00000029_bw025,8,4,1.0,0.25,1000,1,384,616,0.616,1.0,0.384
c08_s04_cov100_seed00000029_bw025,8,4,1.0,0.25,1000,2,128,872,0.872,1.0,0.128
c08_s04_cov100_seed00000029_bw025,8,4,1.0,0.25,1000,3,45,955,0.955,1.0,0.045
c08_s04_cov100_seed00000029_bw025,8,4,1.0,0.25,1000,4,37,963,0.963,0.0,0.0
c08_s04_cov100_seed00000029_bw025,8,4,1.0,0.25,1000,5,35,965,0.965,0.0,0.0
c08_s04_cov100_seed00000029_bw025,8,4,1.0,0.25,1000,6,45,955,0.955,0.0,0.0
c08_s04_cov100_seed00000029_bw025,8,4,1.0,0.25,1000,7,0,1000,1.0,,0.0
c08_s04_cov100_seed00000029_bw025,8,4,1.0,0.25,1000,8,0,1000,1.0,,0.0
c08_s04_cov100_seed00000038_bw025,8,4,1.0,0.25,200,1,65,135,0.675,1.0,0.325
c08_s04_cov100_seed00000038_bw025,8,4,1.0,0.25,200,2,49,151,0.755,1.0,0.245
c08_s04_cov100_seed00000038_bw025,8,4,1.0,0.25,200,3,12,188,0.94,0.8333333333333334,0.05
c08_s04_cov100_seed00000038_bw025,8,4,1.0,0.25,200,4,3,197,0.985,0.0,0.0
c08_s04_cov100_seed00000038_bw025,8,4,1.0,0.25,200,5,0,200,1.0,,0.0
c08_s04_cov100_seed00000038_bw025,8,4,1.0,0.25,200,6,0,200,1.0,,0.0
c08_s04_cov100_seed00000038_bw025,8,4,1.0,0.25,200,7,0,200,1.0,,0.0
c08_s04_cov100_seed00000038_bw025,8,4,1.0,0.25,200,8,0,200,1.0,,0.0
c08_s04_cov100_seed00000038_bw025,8,4,1.0,0.25,1000,1,370,630,0.63,1.0,0.37
c08_s04_cov100_seed00000038_bw025,8,4,1.0,0.25,1000,2,220,780,0.78,1.0,0.22
c08_s04_cov100_seed00000038_bw025,8,4,1.0,0.25,1000,3,87,913,0.913,0.8735632183908046,0.076
c08_s04_cov100_seed00000038_bw025,8,4,1.0,0.25,1000,4,14,986,0.986,0.0,0.0
c08_s04_cov100_seed00000038_bw025,8,4,1.0,0.25,1000,5,0,1000,1.0,,0.0
c08_s04_cov100_seed00000038_bw025,8,4,1.0,0.25,1000,6,0,1000,1.0,,0.0
c08_s04_cov100_seed00000038_bw025,8,4,1.0,0.25,1000,7,0,1000,1.0,,0.0
c08_s04_cov100_seed00000038_bw025,8,4,1.0,0.25,1000,8,0,1000,1.0,,0.0
c08_s04_cov100_seed00000054_bw025,8,4,1.0,0.25,200,1,113,87,0.435,1.0,0.565
c08_s04_cov100_seed00000054_bw025,8,4,1.0,0.25,200,2,44,156,0.78,1.0,0.22
c08_s04_cov100_seed00000054_bw025,8,4,1.0,0.25,200,3,21,179,0.895,1.0,0.105
c08_s04_cov100_seed00000054_bw025,8,4,1.0,0.25,200,4,5,195,0.975,0.6,0.015
c08_s04_cov100_seed00000054_bw025,8,4,1.0,0.25,200,5,2,198,0.99,0.0,0.0
c08_s04_cov100_seed00000054_bw025,8,4,1.0,0.25,200,6,3,197,0.985,0.0,0.0
c08_s04_cov100_seed00000054_bw025,8,4,1.0,0.25,200,7,0,200,1.0,,0.0
c08_s04_cov100_seed00000054_bw025,8,4,1.0,0.25,200,8,0,200,1.0,,0.0
c08_s04_cov100_seed00000054_bw025,8,4,1.0,0.25,200,9,0,200,1.0,,0.0
c08_s04_cov100_seed00000054_bw025,8,4,1.0,0.25,1000,1,563,437,0.437,1.0,0.563
c08_s04_cov100_seed00000054_bw025,8,4,1.0,0.25,1000,2,239,761,0.761,1.0,0.239
c08_s04_cov100_seed00000054_bw025,8,4,1.0,0.25,1000,3,81,919,0.919,1.0,0.081
c08_s04_cov100_seed00000054_bw025,8,4,1.0,0.25,1000,4,27,973,0.973,0.5555555555555556,0.015
c08_s04_cov100_seed00000054_bw025,8,4,1.0,0.25,1000,5,20,980,0.98,0.0,0.0
c08_s04_cov100_seed00000054_bw025,8,4,1.0,0.25,1000,6,13,987,0.987,0.0,0.0
c08_s04_cov100_seed00000054_bw025,8,4,1.0,0.25,1000,7,0,1000,1.0,,0.0
c08_s04_cov100_seed00000054_bw025,8,4,1.0,0.25,1000,8,0,1000,1.0,,0.0
c08_s04_cov100_seed00000054_bw025,8,4,1.0,0.25,1000,9,0,1000,1.0,,0.0
c08_s04_cov100_seed00000071_bw025,8,4,1.0,0.25,200,1,97,103,0.515,1.0,0.485
c08_s04_cov100_seed00000071_bw025,8,4,1.0,0.25,200,2,33,167,0.835,1.0,0.165
c08_s04_cov100_seed00000071_bw025,8,4,1.0,0.25,200,3,9,191,0.955,1.0,0.045
c08_s04_cov100_seed00000071_bw025,8,4,1.0,0.25,200,4,4,196,0.98,0.75,0.015
c08_s04_cov100_seed00000071_bw025,8,4,1.0,0.25,200,5,6,194,0.97,0.0,0.0
c08_s04_cov100_seed00000071_bw025,8,4,1.0,0.25,200,6,4,196,0.98,0.0,0.0
c08_s04_cov100_seed00000071_bw025,8,4,1.0,0.25,200,7,0,200,1.0,,0.0
c08_s04_cov100_seed00000071_bw025,8,4,1.0,0.25,200,8,0,200,1.0,,0.0
c08_s04_cov100_seed00000071_bw025,8,4,1.0,0.25,1000,1,505,495,0.495,1.0,0.505
c08_s04_cov100_seed00000071_bw025,8,4,1.0,0.25,1000,2,138,862,0.862,1.0,0.138
c08_s04_cov100_seed00000071_bw025,8,4,1.0,0.25,1000,3,38,962,0.962,1.0,0.038
c08_s04_cov100_seed00000071_bw025,8,4,1.0,0.25,1000,4,23,977,0.977,0.5217391304347826,0.012
c08_s04_cov100_seed00000071_bw025,8,4,1.0,0.25,1000,5,49,951,0.951,0.0,0.0
c08_s04_cov100_seed00000071_bw025,8,4,1.0,0.25,1000,6,32,968,0.968,0.0,0.0
c08_s04_cov100_seed00000071_bw025,8,4,1.0,0.25,1000,7,0,1000,1.0,,0.0
c08_s04_cov100_seed00000071_bw025,8,4,1.0,0.25,1000,8,0,1000,1.0,,0.0
c08_s04_cov100_seed00000073_bw025,8,4,1.0,0.25,200,1,70,130,0.65,1.0,0.35
c08_s04_cov100_seed00000073_bw025,8,4,1.0,0.25,200,2,19,181,0.905,1.0,0.095
c08_s04_cov100_seed00000073_bw025,8,4,1.0,0.25,200,3,4,196,0.98,1.0,0.02
c08_s04_cov100_seed00000073_bw025,8,4,1.0,0.25,200,4,6,194,0.97,0.3333333333333333,0.01
c08_s04_cov100_seed00000073_bw025,8,4,1.0,0.25,200,5,5,195,0.975,0.6,0.015
c08_s04_cov100_seed00000073_bw025,8,4,1.0,0.25,200,6,6,194,0.97,0.3333333333333333,0.01
c08_s04_cov100_seed00000073_bw025,8,4,1.0,0.25,200,7,10,190,0.95,0.0,0.0
c08_s04_cov100_seed00000073_bw025,8,4,1.0,0.25,200,8,0,200,1.0,,0.0
c08_s04_cov100_seed00000073_bw025,8,4,1.0,0.25,200,9,0,200,1.0,,0.0
c08_s04_cov100_seed00000073_bw025,8,4,1.0,0.25,1000,1,327,673,0.673,1.0,0.327
c08_s04_cov100_seed00000073_bw025,8,4,1.0,0.25,1000,2,85,915,0.915,1.0,0.085
c08_s04_cov100_seed00000073_bw025,8,4,1.0,0.25,1000,3,26,974,0.974,1.0,0.026
c08_s04_cov100_seed00000073_bw025,8,4,1.0,0.25,1000,4,25,975,0.975,0.64,0.016
c08_s04_cov100_seed00000073_bw025,8,4,1.0,0.25,1000,5,20,980,0.98,0.45,0.009
c08_s04_cov100_seed00000073_bw025,8,4,1.0,0.25,1000,6,35,965,0.965,0.2571428571428571,0.009
c08_s04_cov100_seed00000073_bw025,8,4,1.0,0.25,1000,7,30,970,0.97,0.0,0.0
c08_s04_cov100_seed00000073_bw025,8,4,1.0,0.25,1000,8,0,1000,1.0,,0.0
c08_s04_cov100_seed00000073_bw025,8,4,1.0,0.25,1000,9,0,1000,1.0,,0.0
c08_s04_cov100_seed00000101_bw025,8,4,1.0,0.25,200,1,86,114,0.57,1.0,0.43
c08_s04_cov100_seed00000101_bw025,8,4,1.0,0.25,200,2,44,156,0.78,0.75,0.165
c08_s04_cov100_seed00000101_bw025,8,4,1.0,0.25,200,3,27,173,0.865,0.8518518518518519,0.115
c08_s04_cov100_seed00000101_bw025,8,4,1.0,0.25,200,4,3,197,0.985,1.0,0.015
c08_s04_cov100_seed00000101_bw025,8,4,1.0,0.25,200,5,0,200,1.0,,0.0
c08_s04_cov100_seed00000101_bw025,8,4,1.0,0.25,200,6,0,200,1.0,,0.0
c08_s04_cov100_seed00000101_bw025,8,4,1.0,0.25,200,7,0,200,1.0,,0.0
c08_s04_cov100_seed00000101_bw025,8,4,1.0,0.25,200,8,0,200,1.0,,0.0
c08_s04_cov100_seed00000101_bw025,8,4,1.0,0.25,1000,1,394,606,0.606,1.0,0.394
c08_s04_cov100_seed00000101_bw025,8,4,1.0,0.25,1000,2,198,802,0.802,0.8181818181818182,0.162
c08_s04_cov100_seed00000101_bw025,8,4,1.0,0.25,1000,3,94,906,0.906,0.7659574468085106,0.072
c08_s04_cov100_seed00000101_bw025,8,4,1.0,0.25,1000,4,12,988,0.988,1.0,0.012
c08_s04_cov100_seed00000101_bw025,8,4,1.0,0.25,1000,5,0,1000,1.0,,0.0
c08_s04_cov100_seed00000101_bw025,8,4,1.0,0.25,1000,6,0,1000,1.0,,0.0
c08_s04_cov100_seed00000101_bw025,8,4,1.0,0.25,1000,7,0,1000,1.0,,0.0
c08_s04_cov100_seed00000101_bw025,8,4,1.0,0.25,1000,8,0,1000,1.0,,0.0
c08_s04_cov100_seed00000125_bw025,8,4,1.0,0.25,200,1,102,98,0.49,1.0,0.51
c08_s04_cov100_seed00000125_bw025,8,4,1.0,0.25,200,2,42,158,0.79,0.8333333333333334,0.175
c08_s04_cov100_seed00000125_bw025,8,4,1.0,0.25,200,3,17,183,0.915,0.8823529411764706,0.075
c08_s04_cov100_seed00000125_bw025,8,4,1.0,0.25,200,4,5,195,0.975,0.0,0.0
c08_s04_cov100_seed00000125_bw025,8,4,1.0,0.25,200,5,0,200,1.0,,0.0
c08_s04_cov100_seed00000125_bw025,8,4,1.0,0.25,200,6,0,200,1.0,,0.0
c08_s04_cov100_seed00000125_bw025,8,4,1.0,0.25,200,7,0,200,1.0,,0.0
c08_s04_cov100_seed00000125_bw025,8,4,1.0,0.25,200,8,0,200,1.0,,0.0
c08_s04_cov100_seed00000125_bw025,8,4,1.0,0.25,1000,1,505,495,0.495,1.0,0.505
c08_s04_cov100_seed00000125_bw025,8,4,1.0,0.25,1000,2,209,791,0.791,0.8708133971291866,0.182
c08_s04_cov100_seed00000125_bw025,8,4,1.0,0.25,1000,3,70,930,0.93,0.7714285714285715,0.054
c08_s04_cov100_seed00000125_bw025,8,4,1.0,0.25,1000,4,15,985,0.985,0.0,0.0
c08_s04_cov100_seed00000125_bw025,8,4,1.0,0.25,1000,5,0,1000,1.0,,0.0
c08_s04_cov100_seed00000125_bw025,8,4,1.0,0.25,1000,6,0,1000,1.0,,0.0
c08_s04_cov100_seed00000125_bw025,8,4,1.0,0.25,1000,7,0,1000,1.0,,0.0
c08_s04_cov100_seed00000125_bw025,8,4,1.0,0.25,1000,8,0,1000,1.0,,0.0
c08_s04_cov100_seed00000128_bw025,8,4,1.0,0.25,200,1,78,122,0.61,1.0,0.39
c08_s04_cov100_seed00000128_bw025,8,4,1.0,0.25,200,2,46,154,0.77,0.8478260869565217,0.195
c08_s04_cov100_seed00000128_bw025,8,4,1.0,0.25,200,3,18,182,0.91,0.9444444444444444,0.085
c08_s04_cov100_seed00000128_bw025,8,4,1.0,0.25,200,4,1,199,0.995,1.0,0.005
c08_s04_cov100_seed00000128_bw025,8,4,1.0,0.25,200,5,0,200,1.0,,0.0
c08_s04_cov100_seed00000128_bw025,8,4,1.0,0.25,200,6,0,200,1.0,,0.0
c08_s04_cov100_seed00000128_bw025,8,4,1.0,0.25,200,7,0,200,1.0,,0.0
c08_s04_cov100_seed00000128_bw025,8,4,1.0,0.25,200,8,0,200,1.0,,0.0
c08_s04_cov100_seed00000128_bw025,8,4,1.0,0.25,1000,1,373,627,0.627,1.0,0.373
c08_s04_cov100_seed00000128_bw025,8,4,1.0,0.25,1000,2,220,780,0.78,0.8545454545454545,0.188
c08_s04_cov100_seed00000128_bw025,8,4,1.0,0.25,1000,3,90,910,0.91,0.7555555555555555,0.068
c08_s04_cov100_seed00000128_bw025,8,4,1.0,0.25,1000,4,16,984,0.984,1.0,0.016
c08_s04_cov100_seed00000128_bw025,8,4,1.0,0.25,1000,5,0,1000,1.0,,0.0
c08_s04_cov100_seed00000128_bw025,8,4,1.0,0.25,1000,6,0,1000,1.0,,0.0
c08_s04_cov100_seed00000128_bw025,8,4,1.0,0.25,1000,7,0,1000,1.0,,0.0
c08_s04_cov100_seed00000128_bw025,8,4,1.0,0.25,1000,8,0,1000,1.0,,0.0
c08_s04_cov100_seed00000130_bw025,8,4,1.0,0.25,200,1,70,130,0.65,1.0,0.35
c08_s04_cov100_seed00000130_bw025,8,4,1.0,0.25,200,2,26,174,0.87,1.0,0.13
c08_s04_cov100_seed00000130_bw025,8,4,1.0,0.25,200,3,10,190,0.95,1.0,0.05
c08_s04_cov100_seed00000130_bw025,8,4,1.0,0.25,200,4,7,193,0.965,0.2857142857142857,0.01
c08_s04_cov100_seed00000130_bw025,8,4,1.0,0.25,200,5,7,193,0.965,0.0,0.0
c08_s04_cov100_seed00000130_bw025,8,4,1.0,0.25,200,6,11,189,0.945,0.0,0.0
c08_s04_cov100_seed00000130_bw025,8,4,1.0,0.25,200,7,0,200,1.0,,0.0
c08_s04_cov100_seed00000130_bw025,8,4,1.0,0.25,200,8,0,200,1.0,,0.0
c08_s04_cov100_seed00000130_bw025,8,4,1.0,0.25,1000,1,376,624,0.624,1.0,0.376
c08_s04_cov100_seed00000130_bw025,8,4,1.0,0.25,1000,2,149,851,0.851,1.0,0.149
c08_s04_cov100_seed00000130_bw025,8,4,1.0,0.25,1000,3,46,954,0.954,1.0,0.046
c08_s04_cov100_seed00000130_bw025,8,4,1.0,0.25,1000,4,39,961,0.961,0.46153846153846156,0.018
c08_s04_cov100_seed00000130_bw025,8,4,1.0,0.25,1000,5,39,961,0.961,0.0,0.0
c08_s04_cov100_seed00000130_bw025,8,4,1.0,0.25,1000,6,39,961,0.961,0.0,0.0
c08_s04_cov100_seed00000130_bw025,8,4,1.0,0.25,1000,7,0,1000,1.0,,0.0
c08_s04_cov100_seed00000130_bw025,8,4,1.0,0.25,1000,8,0,1000,1.0,,0.0
c08_s04_cov100_seed00000136_bw025,8,4,1.0,0.25,200,1,66,134,0.67,1.0,0.33
c08_s04_cov100_seed00000136_bw025,8,4,1.0,0.25,200,2,18,182,0.91,1.0,0.09
c08_s04_cov100_seed00000136_bw025,8,4,1.0,0.25,200,3,14,186,0.93,1.0,0.07
c08_s04_cov100_seed00000136_bw025,8,4,1.0,0.25,200,4,12,188,0.94,1.0,0.06
c08_s04_cov100_seed00000136_bw025,8,4,1.0,0.25,200,5,15,185,0.925,1.0,0.075
c08_s04_cov100_seed00000136_bw025,8,4,1.0,0.25,200,6,8,192,0.96,0.75,0.03
c08_s04_cov100_seed00000136_bw025,8,4,1.0,0.25,200,7,14,186,0.93,0.0,0.0
c08_s04_cov100_seed00000136_bw025,8,4,1.0,0.25,200,8,25,175,0.875,0.0,0.0
c08_s04_cov100_seed00000136_bw025,8,4,1.0,0.25,200,9,0,200,1.0,,0.0
c08_s04_cov100_seed00000136_bw025,8,4,1.0,0.25,1000,1,320,680,0.68,1.0,0.32
c08_s04_cov100_seed00000136_bw025,8,4,1.0,0.25,1000,2,100,900,0.9,1.0,0.1
c08_s04_cov100_seed00000136_bw025,8,4,1.0,0.25,1000,3,47,953,0.953,1.0,0.047
c08_s04_cov100_seed00000136_bw025,8,4,1.0,0.25,1000,4,37,963,0.963,1.0,0.037
c08_s04_cov100_seed00000136_bw025,8,4,1.0,0.25,1000,5,59,941,0.941,1.0,0.059
c08_s04_cov100_seed00000136_bw025,8,4,1.0,0.25,1000,6,42,958,0.958,0.5714285714285714,0.024
c08_s04_cov100_seed00000136_bw025,8,4,1.0,0.25,1000,7,97,903,0.903,0.0,0.0
c08_s04_cov100_seed00000136_bw025,8,4,1.0,0.25,1000,8,117,883,0.883,0.0,0.0
c08_s04_cov100_seed00000136_bw025,8,4,1.0,0.25,1000,9,0,1000,1.0,,0.0
c08_s07_cov100_seed00000002_bw025,8,7,1.0,0.25,200,1,55,145,0.725,1.0,0.275
c08_s07_cov100_seed00000002_bw025,8,7,1.0,0.25,200,2,15,185,0.925,1.0,0.075
c08_s07_cov100_seed00000002_bw025,8,7,1.0,0.25,200,3,4,196,0.98,1.0,0.02
c08_s07_cov100_seed00000002_bw025,8,7,1.0,0.25,200,4,10,190,0.95,1.0,0.05
c08_s07_cov100_seed00000002_bw025,8,7,1.0,0.25,200,5,6,194,0.97,0.0,0.0
c08_s07_cov100_seed00000002_bw025,8,7,1.0,0.25,200,6,0,200,1.0,,0.0
c08_s07_cov100_seed00000002_bw025,8,7,1.0,0.25,200,7,0,200,1.0,,0.0
c08_s07_cov100_seed00000002_bw025,8,7,1.0,0.25,1000,1,272,728,0.728,1.0,0.272
c08_s07_cov100_seed00000002_bw025,8,7,1.0,0.25,1000,2,97,903,0.903,1.0,0.097
c08_s07_cov100_seed00000002_bw025,8,7,1.0,0.25,1000,3,21,979,0.979,1.0,0.021
c08_s07_cov100_seed00000002_bw025,8,7,1.0,0.25,1000,4,34,966,0.966,1.0,0.034
c08_s07_cov100_seed00000002_bw025,8,7,1.0,0.25,1000,5,40,960,0.96,0.0,0.0
c08_s07_cov100_seed00000002_bw025,8,7,1.0,0.25,1000,6,0,1000,1.0,,0.0
c08_s07_cov100_seed00000002_bw025,8,7,1.0,0.25,1000,7,0,1000,1.0,,0.0
c08_s07_cov100_seed00000035_bw025,8,7,1.0,0.25,200,1,56,144,0.72,1.0,0.28
c08_s07_cov100_seed00000035_bw025,8,7,1.0,0.25,200,2,13,187,0.935,1.0,0.065
c08_s07_cov100_seed00000035_bw025,8,7,1.0,0.25,200,3,9,191,0.955,1.0,0.045
c08_s07_cov100_seed00000035_bw025,8,7,1.0,0.25,200,4,7,193,0.965,1.0,0.035
c08_s07_cov100_seed00000035_bw025,8,7,1.0,0.25,200,5,9,191,0.955,0.0,0.0
c08_s07_cov100_seed00000035_bw025,8,7,1.0,0.25,200,6,0,200,1.0,,0.0
c08_s07_cov100_seed00000035_bw025,8,7,1.0,0.25,200,7,0,200,1.0,,0.0
c08_s07_cov100_seed00000035_bw025,8,7,1.0,0.25,1000,1,296,704,0.704,1.0,0.296
c08_s07_cov100_seed00000035_bw025,8,7,1.0,0.25,1000,2,93,907,0.907,1.0,0.093
c08_s07_cov100_seed00000035_bw025,8,7,1.0,0.25,1000,3,32,968,0.968,1.0,0.032
c08_s07_cov100_seed00000035_bw025,8,7,1.0,0.25,1000,4,31,969,0.969,1.0,0.031
c08_s07_cov100_seed00000035_bw025,8,7,1.0,0.25,1000,5,48,952,0.952,0.0,0.0
c08_s07_cov100_seed00000035_bw025,8,7,1.0,0.25,1000,6,0,1000,1.0,,0.0
c08_s07_cov100_seed00000035_bw025,8,7,1.0,0.25,1000,7,0,1000,1.0,,0.0
c08_s07_cov100_seed00000061_bw025,8,7,1.0,0.25,200,1,63,137,0.685,1.0,0.315
c08_s07_cov100_seed00000061_bw025,8,7,1.0,0.25,200,2,19,181,0.905,1.0,0.095
c08_s07_cov100_seed00000061_bw025,8,7,1.0,0.25,200,3,7,193,0.965,1.0,0.035
c08_s07_cov100_seed00000061_bw025,8,7,1.0,0.25,200,4,8,192,0.96,1.0,0.04
c08_s07_cov100_seed00000061_bw025,8,7,1.0,0.25,200,5,8,192,0.96,0.0,0.0
c08_s07_cov100_seed00000061_bw025,8,7,1.0,0.25,200,6,0,200,1.0,,0.0
c08_s07_cov100_seed00000061_bw025,8,7,1.0,0.25,200,7,0,200,1.0,,0.0
c08_s07_cov100_seed00000061_bw025,8,7,1.0,0.25,1000,1,296,704,0.704,1.0,0.296
c08_s07_cov100_seed00000061_bw025,8,7,1.0,0.25,1000,2,106,894,0.894,1.0,0.106
c08_s07_cov100_seed00000061_bw025,8,7,1.0,0.25,1000,3,26,974,0.974,1.0,0.026
c08_s07_cov100_seed00000061_bw025,8,7,1.0,0.25,1000,4,34,966,0.966,1.0,0.034
c08_s07_cov100_seed00000061_bw025,8,7,1.0,0.25,1000,5,45,955,0.955,0.0,0.0
c08_s07_cov100_seed00000061_bw025,8,7,1.0,0.25,1000,6,0,1000,1.0,,0.0
c08_s07_cov100_seed00000061_bw025,8,7,1.0,0.25,1000,7,0,1000,1.0,,0.0
c08_s07_cov100_seed00000065_bw025,8,7,1.0,0.25,200,1,53,147,0.735,1.0,0.265
c08_s07_cov100_seed00000065_bw025,8,7,1.0,0.25,200,2,33,167,0.835,1.0,0.165
c08_s07_cov100_seed00000065_bw025,8,7,1.0,0.25,200,3,3,197,0.985,1.0,0.015
c08_s07_cov100_seed00000065_bw025,8,7,1.0,0.25,200,4,6,194,0.97,1.0,0.03
c08_s07_cov100_seed00000065_bw025,8,7,1.0,0.25,200,5,11,189,0.945,0.0,0.0
c08_s07_cov100_seed00000065_bw025,8,7,1.0,0.25,200,6,0,200,1.0,,0.0
c08_s07_cov100_seed00000065_bw025,8,7,1.0,0.25,200,7,0,200,1.0,,0.0
c08_s07_cov100_seed00000065_bw025,8,7,1.0,0.25,1000,1,279,721,0.721,1.0,0.279
c08_s07_cov100_seed00000065_bw025,8,7,1.0,0.25,1000,2,114,886,0.886,1.0,0.114
c08_s07_cov100_seed00000065_bw025,8,7,1.0,0.25,1000,3,30,970,0.97,1.0,0.03
c08_s07_cov100_seed00000065_bw025,8,7,1.0,0.25,1000,4,31,969,0.969,1.0,0.031
c08_s07_cov100_seed00000065_bw025,8,7,1.0,0.25,1000,5,40,960,0.96,0.0,0.0
c08_s07_cov100_seed00000065_bw025,8,7,1.0,0.25,1000,6,0,1000,1.0,,0.0
c08_s07_cov100_seed00000065_bw025,8,7,1.0,0.25,1000,7,0,1000,1.0,,0.0
c08_s07_cov100_seed00000066_bw025,8,7,1.0,0.25,200,1,68,132,0.66,1.0,0.34
c08_s07_cov100_seed00000066_bw025,8,7,1.0,0.25,200,2,16,184,0.92,1.0,0.08
c08_s07_cov100_seed00000066_bw025,8,7,1.0,0.25,200,3,2,198,0.99,1.0,0.01
c08_s07_cov100_seed00000066_bw025,8,7,1.0,0.25,200,4,7,193,0.965,1.0,0.035
c08_s07_cov100_seed00000066_bw025,8,7,1.0,0.25,200,5,9,191,0.955,0.0,0.0
c08_s07_cov100_seed00000066_bw025,8,7,1.0,0.25,200,6,0,200,1.0,,0.0
c08_s07_cov100_seed00000066_bw025,8,7,1.0,0.25,200,7,0,200,1.0,,0.0
c08_s07_cov100_seed00000066_bw025,8,7,1.0,0.25,1000,1,283,717,0.717,1.0,0.283
c08_s07_cov100_seed00000066_bw025,8,7,1.0,0.25,1000,2,77,923,0.923,1.0,0.077
c08_s07_cov100_seed00000066_bw025,8,7,1.0,0.25,1000,3,26,974,0.974,1.0,0.026
c08_s07_cov100_seed00000066_bw025,8,7,1.0,0.25,1000,4,36,964,0.964,1.0,0.036
c08_s07_cov100_seed00000066_bw025,8,7,1.0,0.25,1000,5,47,953,0.953,0.0,0.0
c08_s07_cov100_seed00000066_bw025,8,7,1.0,0.25,1000,6,0,1000,1.0,,0.0
c08_s07_cov100_seed00000066_bw025,8,7,1.0,0.25,1000,7,0,1000,1.0,,0.0
c08_s07_cov100_seed00000101_bw025,8,7,1.0,0.25,200,1,63,137,0.685,1.0,0.315
c08_s07_cov100_seed00000101_bw025,8,7,1.0,0.25,200,2,20,180,0.9,1.0,0.1
c08_s07_cov100_seed00000101_bw025,8,7,1.0,0.25,200,3,6,194,0.97,1.0,0.03
c08_s07_cov100_seed00000101_bw025,8,7,1.0,0.25,200,4,6,194,0.97,1.0,0.03
c08_s07_cov100_seed00000101_bw025,8,7,1.0,0.25,200,5,11,189,0.945,0.0,0.0
c08_s07_cov100_seed00000101_bw025,8,7,1.0,0.25,200,6,0,200,1.0,,0.0
c08_s07_cov100_seed00000101_bw025,8,7,1.0,0.25,200,7,0,200,1.0,,0.0
c08_s07_cov100_seed00000101_bw025,8,7,1.0,0.25,1000,1,296,704,0.704,1.0,0.296
c08_s07_cov100_seed00000101_bw025,8,7,1.0,0.25,1000,2,104,896,0.896,1.0,0.104
c08_s07_cov100_seed00000101_bw025,8,7,1.0,0.25,1000,3,22,978,0.978,1.0,0.022
c08_s07_cov100_seed00000101_bw025,8,7,1.0,0.25,1000,4,25,975,0.975,1.0,0.025
c08_s07_cov100_seed00000101_bw025,8,7,1.0,0.25,1000,5,53,947,0.947,0.0,0.0
c08_s07_cov100_seed00000101_bw025,8,7,1.0,0.25,1000,6,0,1000,1.0,,0.0
c08_s07_cov100_seed00000101_bw025,8,7,1.0,0.25,1000,7,0,1000,1.0,,0.0
c08_s07_cov100_seed00000108_bw025,8,7,1.0,0.25,200,1,56,144,0.72,1.0,0.28
c08_s07_cov100_seed00000108_bw025,8,7,1.0,0.25,200,2,21,179,0.895,1.0,0.105
c08_s07_cov100_seed00000108_bw025,8,7,1.0,0.25,200,3,7,193,0.965,1.0,0.035
c08_s07_cov100_seed00000108_bw025,8,7,1.0,0.25,200,4,5,195,0.975,1.0,0.025
c08_s07_cov100_seed00000108_bw025,8,7,1.0,0.25,200,5,5,195,0.975,0.0,0.0
c08_s07_cov100_seed00000108_bw025,8,7,1.0,0.25,200,6,0,200,1.0,,0.0
c08_s07_cov100_seed00000108_bw025,8,7,1.0,0.25,200,7,0,200,1.0,,0.0
c08_s07_cov100_seed00000108_bw025,8,7,1.0,0.25,1000,1,293,707,0.707,1.0,0.293
c08_s07_cov100_seed00000108_bw025,8,7,1.0,0.25,1000,2,97,903,0.903,1.0,0.097
c08_s07_cov100_seed00000108_bw025,8,7,1.0,0.25,1000,3,33,967,0.967,1.0,0.033
c08_s07_cov100_seed00000108_bw025,8,7,1.0,0.25,1000,4,32,968,0.968,1.0,0.032
c08_s07_cov100_seed00000108_bw025,8,7,1.0,0.25,1000,5,38,962,0.962,0.0,0.0
c08_s07_cov100_seed00000108_bw025,8,7,1.0,0.25,1000,6,0,1000,1.0,,0.0
c08_s07_cov100_seed00000108_bw025,8,7,1.0,0.25,1000,7,0,1000,1.0,,0.0
c08_s07_cov100_seed00000115_bw025,8,7,1.0,0.25,200,1,75,125,0.625,1.0,0.375
c08_s07_cov100_seed00000115_bw025,8,7,1.0,0.25,200,2,17,183,0.915,1.0,0.085
c08_s07_cov100_seed00000115_bw025,8,7,1.0,0.25,200,3,3,197,0.985,1.0,0.015
c08_s07_cov100_seed00000115_bw025,8,7,1.0,0.25,200,4,6,194,0.97,1.0,0.03
c08_s07_cov100_seed00000115_bw025,8,7,1.0,0.25,200,5,13,187,0.935,0.0,0.0
c08_s07_cov100_seed00000115_bw025,8,7,1.0,0.25,200,6,0,200,1.0,,0.0
c08_s07_cov100_seed00000115_bw025,8,7,1.0,0.25,200,7,0,200,1.0,,0.0
c08_s07_cov100_seed00000115_bw025,8,7,1.0,0.25,1000,1,312,688,0.688,1.0,0.312
c08_s07_cov100_seed00000115_bw025,8,7,1.0,0.25,1000,2,77,923,0.923,1.0,0.077
c08_s07_cov100_seed00000115_bw025,8,7,1.0,0.25,1000,3,32,968,0.968,1.0,0.032
c08_s07_cov100_seed00000115_bw025,8,7,1.0,0.25,1000,4,26,974,0.974,1.0,0.026
c08_s07_cov100_seed00000115_bw025,8,7,1.0,0.25,1000,5,54,946,0.946,0.0,0.0
c08_s07_cov100_seed00000115_bw025,8,7,1.0,0.25,1000,6,0,1000,1.0,,0.0
c08_s07_cov100_seed00000115_bw025,8,7,1.0,0.25,1000,7,0,1000,1.0,,0.0
c08_s07_cov100_seed00000120_bw025,8,7,1.0,0.25,200,1,60,140,0.7,1.0,0.3
c08_s07_cov100_seed00000120_bw025,8,7,1.0,0.25,200,2,25,175,0.875,1.0,0.125
c08_s07_cov100_seed00000120_bw025,8,7,1.0,0.25,200,3,5,195,0.975,1.0,0.025
c08_s07_cov100_seed00000120_bw025,8,7,1.0,0.25,200,4,5,195,0.975,1.0,0.025
c08_s07_cov100_seed00000120_bw025,8,7,1.0,0.25,200,5,11,189,0.945,0.0,0.0
c08_s07_cov100_seed00000120_bw025,8,7,1.0,0.25,200,6,0,200,1.0,,0.0
c08_s07_cov100_seed00000120_bw025,8,7,1.0,0.25,200,7,0,200,1.0,,0.0
c08_s07_cov100_seed00000120_bw025,8,7,1.0,0.25,1000,1,280,720,0.72,1.0,0.28
c08_s07_cov100_seed00000120_bw025,8,7,1.0,0.25,1000,2,85,915,0.915,1.0,0.085
c08_s07_cov100_seed00000120_bw025,8,7,1.0,0.25,1000,3,27,973,0.973,1.0,0.027
c08_s07_cov100_seed00000120_bw025,8,7,1.0,0.25,1000,4,27,973,0.973,1.0,0.027
c08_s07_cov100_seed00000120_bw025,8,7,1.0,0.25,1000,5,39,961,0.961,0.0,0.0
c08_s07_cov100_seed00000120_bw025,8,7,1.0,0.25,1000,6,0,1000,1.0,,0.0
c08_s07_cov100_seed00000120_bw025,8,7,1.0,0.25,1000,7,0,1000,1.0,,0.0
c08_s07_cov100_seed00000136_bw025,8,7,1.0,0.25,200,1,61,139,0.695,1.0,0.305
c08_s07_cov100_seed00000136_bw025,8,7,1.0,0.25,200,2,25,175,0.875,1.0,0.125
c08_s07_cov100_seed00000136_bw025,8,7,1.0,0.25,200,3,9,191,0.955,1.0,0.045
c08_s07_cov100_seed00000136_bw025,8,7,1.0,0.25,200,4,5,195,0.975,1.0,0.025
c08_s07_cov100_seed00000136_bw025,8,7,1.0,0.25,200,5,14,186,0.93,0.0,0.0
c08_s07_cov100_seed00000136_bw025,8,7,1.0,0.25,200,6,0,200,1.0,,0.0
c08_s07_cov100_seed00000136_bw025,8,7,1.0,0.25,200,7,0,200,1.0,,0.0
c08_s07_cov100_seed00000136_bw025,8,7,1.0,0.25,1000,1,280,720,0.72,1.0,0.28
c08_s07_cov100_seed00000136_bw025,8,7,1.0,0.25,1000,2,100,900,0.9,1.0,0.1
c08_s07_cov100_seed00000136_bw025,8,7,1.0,0.25,1000,3,37,963,0.963,1.0,0.037
c08_s07_cov100_seed00000136_bw025,8,7,1.0,0.25,1000,4,29,971,0.971,1.0,0.029
c08_s07_cov100_seed00000136_bw025,8,7,1.0,0.25,1000,5,50,950,0.95,0.0,0.0
c08_s07_cov100_seed00000136_bw025,8,7,1.0,0.25,1000,6,0,1000,1.0,,0.0
c08_s07_cov100_seed00000136_bw025,8,7,1.0,0.25,1000,7,0,1000,1.0,,0.0
c10_s01_cov100_seed00000006_bw025,10,1,1.0,0.25,200,1,43,157,0.785,1.0,0.215
c10_s01_cov100_seed00000006_bw025,10,1,1.0,0.25,200,2,19,181,0.905,0.631578947368421,0.06
c10_s01_cov100_seed00000006_bw025,10,1,1.0,0.25,200,3,4,196,0.98,0.75,0.015
c10_s01_cov100_seed00000006_bw025,10,1,1.0,0.25,200,4,3,197,0.985,0.0,0.0
c10_s01_cov100_seed00000006_bw025,10,1,1.0,0.25,200,5,3,197,0.985,0.0,0.0
c10_s01_cov100_seed00000006_bw025,10,1,1.0,0.25,200,6,0,200,1.0,,0.0
c10_s01_cov100_seed00000006_bw025,10,1,1.0,0.25,200,7,0,200,1.0,,0.0
c10_s01_cov100_seed00000006_bw025,10,1,1.0,0.25,200,8,0,200,1.0,,0.0
c10_s01_cov100_seed00000006_bw025,10,1,1.0,0.25,200,9,0,200,1.0,,0.0
c10_s01_cov100_seed00000006_bw025,10,1,1.0,0.25,200,10,0,200,1.0,,0.0
c10_s01_cov100_seed00000006_bw025,10,1,1.0,0.25,1000,1,223,777,0.777,1.0,0.223
c10_s01_cov100_seed00000006_bw025,10,1,1.0,0.25,1000,2,102,898,0.898,0.8137254901960784,0.083
c10_s01_cov100_seed00000006_bw025,10,1,1.0,0.25,1000,3,42,958,0.958,0.5714285714285714,0.024
c10_s01_cov100_seed00000006_bw025,10,1,1.0,0.25,1000,4,12,988,0.988,0.0,0.0
c10_s01_cov100_seed00000006_bw025,10,1,1.0,0.25,1000,5,11,989,0.989,0.0,0.0
c10_s01_cov100_seed00000006_bw025,10,1,1.0,0.25,1000,6,3,997,0.997,0.0,0.0
c10_s01_cov100_seed00000006_bw025,10,1,1.0,0.25,1000,7,0,1000,1.0,,0.0
c10_s01_cov100_seed00000006_bw025,10,1,1.0,0.25,1000,8,0,1000,1.0,,0.0
c10_s01_cov100_seed00000006_bw025,10,1,1.0,0.25,1000,9,0,1000,1.0,,0.0
c10_s01_cov100_seed00000006_bw025,10,1,1.0,0.25,1000,10,0,1000,1.0,,0.0
c10_s01_cov100_seed00000019_bw025,10,1,1.0,0.25,200,1,65,135,0.675,1.0,0.325
c10_s01_cov100_seed00000019_bw025,10,1,1.0,0.25,200,2,9,191,0.955,1.0,0.045
c10_s01_cov100_seed00000019_bw025,10,1,1.0,0.25,200,3,6,194,0.97,0.3333333333333333,0.01
c10_s01_cov100_seed00000019_bw025,10,1,1.0,0.25,200,4,3,197,0.985,0.0,0.0
c10_s01_cov100_seed00000019_bw025,10,1,1.0,0.25,200,5,2,198,0.99,0.0,0.0
c10_s01_cov100_seed00000019_bw025,10,1,1.0,0.25,200,6,0,200,1.0,,0.0
c10_s01_cov100_seed00000019_bw025,10,1,1.0,0.25,200,7,0,200,1.0,,0.0
c10_s01_cov100_seed00000019_bw025,10,1,1.0,0.25,200,8,0,200,1.0,,0.0
c10_s01_cov100_seed00000019_bw025,10,1,1.0,0.25,200,9,0,200,1.0,,0.0
c10_s01_cov100_seed00000019_bw025,10,1,1.0,0.25,200,10,0,200,1.0,,0.0
c10_s01_cov100_seed00000019_bw025,10,1,1.0,0.25,1000,1,311,689,0.689,1.0,0.311
c10_s01_cov100_seed00000019_bw025,10,1,1.0,0.25,1000,2,78,922,0.922,0.7435897435897436,0.058
c10_s01_cov100_seed00000019_bw025,10,1,1.0,0.25,1000,3,27,973,0.973,0.2962962962962963,0.008
c10_s01_cov100_seed00000019_bw025,10,1,1.0,0.25,1000,4,14,986,0.986,0.0,0.0
c10_s01_cov100_seed00000019_bw025,10,1,1.0,0.25,1000,5,17,983,0.983,0.0,0.0
c10_s01_cov100_seed00000019_bw025,10,1,1.0,0.25,1000,6,3,997,0.997,0.0,0.0
c10_s01_cov100_seed00000019_bw025,10,1,1.0,0.25,1000,7,0,1000,1.0,,0.0
c10_s01_cov100_seed00000019_bw025,10,1,1.0,0.25,1000,8,0,1000,1.0,,0.0
c10_s01_cov100_seed00000019_bw025,10,1,1.0,0.25,1000,9,0,1000,1.0,,0.0
c10_s01_cov100_seed00000019_bw025,10,1,1.0,0.25,1000,10,0,1000,1.0,,0.0
c10_s01_cov100_seed00000051_bw025,10,1,1.0,0.25,200,1,67,133,0.665,1.0,0.335
c10_s01_cov100_seed00000051_bw025,10,1,1.0,0.25,200,2,25,175,0.875,1.0,0.125
c10_s01_cov100_seed00000051_bw025,10,1,1.0,0.25,200,3,15,185,0.925,0.7333333333333333,0.055
c10_s01_cov100_seed00000051_bw025,10,1,1.0,0.25,200,4,6,194,0.97,0.6666666666666666,0.02
c10_s01_cov100_seed00000051_bw025,10,1,1.0,0.25,200,5,5,195,0.975,0.0,0.0
c10_s01_cov100_seed00000051_bw025,10,1,1.0,0.25,200,6,7,193,0.965,0.0,0.0
c10_s01_cov100_seed00000051_bw025,10,1,1.0,0.25,200,7,3,197,0.985,0.0,0.0
c10_s01_cov100_seed00000051_bw025,10,1,1.0,0.25,200,8,0,200,1.0,,0.0
c10_s01_cov100_seed00000051_bw025,10,1,1.0,0.25,200,9,1,199,0.995,0.0,0.0
c10_s01_cov100_seed00000051_bw025,10,1,1.0,0.25,200,10,0,200,1.0,,0.0
c10_s01_cov100_seed00000051_bw025,10,1,1.0,0.25,200,11,0,200,1.0,,0.0
c10_s01_cov100_seed00000051_bw025,10,1,1.0,0.25,200,12,0,200,1.0,,0.0
c10_s01_cov100_seed00000051_bw025,10,1,1.0,0.25,1000,1,303,697,0.697,1.0,0.303
c10_s01_cov100_seed00000051_bw025,10,1,1.0,0.25,1000,2,126,874,0.874,1.0,0.126
c10_s01_cov100_seed00000051_bw025,10,1,1.0,0.25,1000,3,55,945,0.945,0.8545454545454545,0.047
c10_s01_cov100_seed00000051_bw025,10,1,1.0,0.25,1000,4,27,973,0.973,0.5555555555555556,0.015
c10_s01_cov100_seed00000051_bw025,10,1,1.0,0.25,1000,5,17,983,0.983,0.11764705882352941,0.002
c10_s01_cov100_seed00000051_bw025,10,1,1.0,0.25,1000,6,16,984,0.984,0.0,0.0
c10_s01_cov100_seed00000051_bw025,10,1,1.0,0.25,1000,7,9,991,0.991,0.0,0.0
c10_s01_cov100_seed00000051_bw025,10,1,1.0,0.25,1000,8,2,998,0.998,0.0,0.0
c10_s01_cov100_seed00000051_bw025,10,1,1.0,0.25,1000,9,6,994,0.994,0.0,0.0
c10_s01_cov100_seed00000051_bw025,10,1,1.0,0.25,1000,10,0,1000,1.0,,0.0
c10_s01_cov100_seed00000051_bw025,10,1,1.0,0.25,1000,11,0,1000,1.0,,0.0
c10_s01_cov100_seed00000051_bw025,10,1,1.0,0.25,1000,12,0,1000,1.0,,0.0
c10_s01_cov100_seed00000053_bw025,10,1,1.0,0.25,200,1,46,154,0.77,1.0,0.23
c10_s01_cov100_seed00000053_bw025,10,1,1.0,0.25,200,2,28,172,0.86,1.0,0.14
c10_s01_cov100_seed00000053_bw025,10,1,1.0,0.25,200,3,11,189,0.945,0.8181818181818182,0.045
c10_s01_cov100_seed00000053_bw025,10,1,1.0,0.25,200,4,7,193,0.965,0.8571428571428571,0.03
c10_s01_cov100_seed00000053_bw025,10,1,1.0,0.25,200,5,3,197,0.985,0.3333333333333333,0.005
c10_s01_cov100_seed00000053_bw025,10,1,1.0,0.25,200,6,1,199,0.995,0.0,0.0
c10_s01_cov100_seed00000053_bw025,10,1,1.0,0.25,200,7,0,200,1.0,,0.0
c10_s01_cov100_seed00000053_bw025,10,1,1.0,0.25,200,8,0,200,1.0,,0.0
c10_s01_cov100_seed00000053_bw025,10,1,1.0,0.25,200,9,0,200,1.0,,0.0
c10_s01_cov100_seed00000053_bw025,10,1,1.0,0.25,200,10,0,200,1.0,,0.0
c10_s01_cov100_seed00000053_bw025,10,1,1.0,0.25,200,11,0,200,1.0,,0.0
c10_s01_cov100_seed00000053_bw025,10,1,1.0,0.25,1000,1,272,728,0.728,1.0,0.272
c10_s01_cov100_seed00000053_bw025,10,1,1.0,0.25,1000,2,110,890,0.89,1.0,0.11
c10_s01_cov100_seed00000053_bw025,10,1,1.0,0.25,1000,3,59,941,0.941,0.9152542372881356,0.054
c10_s01_cov100_seed00000053_bw025,10,1,1.0,0.25,1000,4,38,962,0.962,0.7894736842105263,0.03
c10_s01_cov100_seed00000053_bw025,10,1,1.0,0.25,1000,5,17,983,0.983,0.5294117647058824,0.009
c10_s01_cov100_seed00000053_bw025,10,1,1.0,0.25,1000,6,1,999,0.999,0.0,0.0
c10_s01_cov100_seed00000053_bw025,10,1,1.0,0.25,1000,7,0,1000,1.0,,0.0
c10_s01_cov100_seed00000053_bw025,10,1,1.0,0.25,1000,8,0,1000,1.0,,0.0
c10_s01_cov100_seed00000053_bw025,10,1,1.0,0.25,1000,9,0,1000,1.0,,0.0
c10_s01_cov100_seed00000053_bw025,10,1,1.0,0.25,1000,10,0,1000,1.0,,0.0
c10_s01_cov100_seed00000053_bw025,10,1,1.0,0.25,1000,11,0,1000,1.0,,0.0
c10_s01_cov100_seed00000069_bw025,10,1,1.0,0.25,200,1,38,162,0.81,1.0,0.19
c10_s01_cov100_seed00000069_bw025,10,1,1.0,0.25,200,2,8,192,0.96,0.75,0.03
c10_s01_cov100_seed00000069_bw025,10,1,1.0,0.25,200,3,8,192,0.96,0.375,0.015
c10_s01_cov100_seed00000069_bw025,10,1,1.0,0.25,200,4,6,194,0.97,0.0,0.0
c10_s01_cov100_seed00000069_bw025,10,1,1.0,0.25,200,5,2,198,0.99,0.0,0.0
c10_s01_cov100_seed00000069_bw025,10,1,1.0,0.25,200,6,0,200,1.0,,0.0
c10_s01_cov100_seed00000069_bw025,10,1,1.0,0.25,200,7,0,200,1.0,,0.0
c10_s01_cov100_seed00000069_bw025,10,1,1.0,0.25,200,8,0,200,1.0,,0.0
c10_s01_cov100_seed00000069_bw025,10,1,1.0,0.25,200,9,0,200,1.0,,0.0
c10_s01_cov100_seed00000069_bw025,10,1,1.0,0.25,200,10,0,200,1.0,,0.0
c10_s01_cov100_seed00000069_bw025,10,1,1.0,0.25,1000,1,194,806,0.806,1.0,0.194
c10_s01_cov100_seed00000069_bw025,10,1,1.0,0.25,1000,2,61,939,0.939,0.6065573770491803,0.037
c10_s01_cov100_seed00000069_bw025,10,1,1.0,0.25,1000,3,38,962,0.962,0.3157894736842105,0.012
c10_s01_cov100_seed00000069_bw025,10,1,1.0,0.25,1000,4,22,978,0.978,0.0,0.0
c10_s01_cov100_seed00000069_bw025,10,1,1.0,0.25,1000,5,10,990,0.99,0.0,0.0
c10_s01_cov100_seed00000069_bw025,10,1,1.0,0.25,1000,6,13,987,0.987,0.0,0.0
c10_s01_cov100_seed00000069_bw025,10,1,1.0,0.25,1000,7,9,991,0.991,0.0,0.0
c10_s01_cov100_seed00000069_bw025,10,1,1.0,0.25,1000,8,0,1000,1.0,,0.0
c10_s01_cov100_seed00000069_bw025,10,1,1.0,0.25,1000,9,0,1000,1.0,,0.0
c10_s01_cov100_seed00000069_bw025,10,1,1.0,0.25,1000,10,0,1000,1.0,,0.0
c10_s01_cov100_seed00000089_bw025,10,1,1.0,0.25,200,1,39,161,0.805,1.0,0.195
c10_s01_cov100_seed00000089_bw025,10,1,1.0,0.25,200,2,15,185,0.925,0.8,0.06
c10_s01_cov100_seed00000089_bw025,10,1,1.0,0.25,200,3,11,189,0.945,0.2727272727272727,0.015
c10_s01_cov100_seed00000089_bw025,10,1,1.0,0.25,200,4,3,197,0.985,0.0,0.0
c10_s01_cov100_seed00000089_bw025,10,1,1.0,0.25,200,5,1,199,0.995,0.0,0.0
c10_s01_cov100_seed00000089_bw025,10,1,1.0,0.25,200,6,0,200,1.0,,0.0
c10_s01_cov100_seed00000089_bw025,10,1,1.0,0.25,200,7,0,200,1.0,,0.0
c10_s01_cov100_seed00000089_bw025,10,1,1.0,0.25,200,8,0,200,1.0,,0.0
c10_s01_cov100_seed00000089_bw025,10,1,1.0,0.25,200,9,0,200,1.0,,0.0
c10_s01_cov100_seed00000089_bw025,10,1,1.0,0.25,200,10,0,200,1.0,,0.0
c10_s01_cov100_seed00000089_bw025,10,1,1.0,0.25,1000,1,202,798,0.798,1.0,0.202
c10_s01_cov100_seed00000089_bw025,10,1,1.0,0.25,1000,2,86,914,0.914,0.7558139534883721,0.065
c10_s01_cov100_seed00000089_bw025,10,1,1.0,0.25,1000,3,64,936,0.936,0.21875,0.014
c10_s01_cov100_seed00000089_bw025,10,1,1.0,0.25,1000,4,30,970,0.97,0.0,0.0
c10_s01_cov100_seed00000089_bw025,10,1,1.0,0.25,1000,5,3,997,0.997,0.0,0.0
c10_s01_cov100_seed00000089_bw025,10,1,1.0,0.25,1000,6,0,1000,1.0,,0.0
c10_s01_cov100_seed00000089_bw025,10,1,1.0,0.25,1000,7,0,1000,1.0,,0.0
c10_s01_cov100_seed00000089_bw025,10,1,1.0,0.25,1000,8,0,1000,1.0,,0.0
c10_s01_cov100_seed00000089_bw025,10,1,1.0,0.25,1000,9,0,1000,1.0,,0.0
c10_s01_cov100_seed00000089_bw025,10,1,1.0,0.25,1000,10,0,1000,1.0,,0.0
c10_s01_cov100_seed00000109_bw025,10,1,1.0,0.25,200,1,73,127,0.635,1.0,0.365
c10_s01_cov100_seed00000109_bw025,10,1,1.0,0.25,200,2,18,182,0.91,0.8333333333333334,0.075
c10_s01_cov100_seed00000109_bw025,10,1,1.0,0.25,200,3,6,194,0.97,0.5,0.015
c10_s01_cov100_seed00000109_bw025,10,1,1.0,0.25,200,4,4,196,0.98,0.0,0.0
c10_s01_cov100_seed00000109_bw025,10,1,1.0,0.25,200,5,5,195,0.975,0.0,0.0
c10_s01_cov100_seed00000109_bw025,10,1,1.0,0.25,200,6,0,200,1.0,,0.0
c10_s01_cov100_seed00000109_bw025,10,1,1.0,0.25,200,7,0,200,1.0,,0.0
c10_s01_cov100_seed00000109_bw025,10,1,1.0,0.25,200,8,0,200,1.0,,0.0
c10_s01_cov100_seed00000109_bw025,10,1,1.0,0.25,200,9,0,200,1.0,,0.0
c10_s01_cov100_seed00000109_bw025,10,1,1.0,0.25,200,10,0,200,1.0,,0.0
c10_s01_cov100_seed00000109_bw025,10,1,1.0,0.25,1000,1,312,688,0.688,1.0,0.312
c10_s01_cov100_seed00000109_bw025,10,1,1.0,0.25,1000,2,92,908,0.908,0.75,0.069
c10_s01_cov100_seed00000109_bw025,10,1,1.0,0.25,1000,3,27,973,0.973,0.14814814814814814,0.004
c10_s01_cov100_seed00000109_bw025,10,1,1.0,0.25,1000,4,24,976,0.976,0.0,0.0
c10_s01_cov100_seed00000109_bw025,10,1,1.0,0.25,1000,5,20,980,0.98,0.0,0.0
c10_s01_cov100_seed00000109_bw025,10,1,1.0,0.25,1000,6,1,999,0.999,0.0,0.0
c10_s01_cov100_seed00000109_bw025,10,1,1.0,0.25,1000,7,0,1000,1.0,,0.0
c10_s01_cov100_seed00000109_bw025,10,1,1.0,0.25,1000,8,0,1000,1.0,,0.0
c10_s01_cov100_seed00000109_bw025,10,1,1.0,0.25,1000,9,0,1000,1.0,,0.0
c10_s01_cov100_seed00000109_bw025,10,1,1.0,0.25,1000,10,0,1000,1.0,,0.0
c10_s01_cov100_seed00000118_bw025,10,1,1.0,0.25,200,1,77,123,0.615,1.0,0.385
c10_s01_cov100_seed00000118_bw025,10,1,1.0,0.25,200,2,26,174,0.87,1.0,0.13
c10_s01_cov100_seed00000118_bw025,10,1,1.0,0.25,200,3,10,190,0.95,0.9,0.045
c10_s01_cov100_seed00000118_bw025,10,1,1.0,0.25,200,4,4,196,0.98,0.75,0.015
c10_s01_cov100_seed00000118_bw025,10,1,1.0,0.25,200,5,1,199,0.995,1.0,0.005
c10_s01_cov100_seed00000118_bw025,10,1,1.0,0.25,200,6,1,199,0.995,0.0,0.0
c10_s01_cov100_seed00000118_bw025,10,1,1.0,0.25,200,7,0,200,1.0,,0.0
c10_s01_cov100_seed00000118_bw025,10,1,1.0,0.25,200,8,1,199,0.995,0.0,0.0
c10_s01_cov100_seed00000118_bw025,10,1,1.0,0.25,200,9,0,200,1.0,,0.0
c10_s01_cov100_seed00000118_bw025,10,1,1.0,0.25,200,10,0,200,1.0,,0.0
c10_s01_cov100_seed00000118_bw025,10,1,1.0,0.25,200,11,0,200,1.0,,0.0
c10_s01_cov100_seed00000118_bw025,10,1,1.0,0.25,200,12,0,200,1.0,,0.0
c10_s01_cov100_seed00000118_bw025,10,1,1.0,0.25,1000,1,338,662,0.662,1.0,0.338
c10_s01_cov100_seed00000118_bw025,10,1,1.0,0.25,1000,2,109,891,0.891,1.0,0.109
c10_s01_cov100_seed00000118_bw025,10,1,1.0,0.25,1000,3,43,957,0.957,0.9302325581395349,0.04
c10_s01_cov100_seed00000118_bw025,10,1,1.0,0.25,1000,4,19,981,0.981,0.7894736842105263,0.015
c10_s01_cov100_seed00000118_bw025,10,1,1.0,0.25,1000,5,13,987,0.987,0.3076923076923077,0.004
c10_s01_cov100_seed00000118_bw025,10,1,1.0,0.25,1000,6,4,996,0.996,0.0,0.0
c10_s01_cov100_seed00000118_bw025,10,1,1.0,0.25,1000,7,3,997,0.997,0.0,0.0
c10_s01_cov100_seed00000118_bw025,10,1,1.0,0.25,1000,8,2,998,0.998,0.0,0.0
c10_s01_cov100_seed00000118_bw025,10,1,1.0,0.25,1000,9,0,1000,1.0,,0.0
c10_s01_cov100_seed00000118_bw025,10,1,1.0,0.25,1000,10,0,1000,1.0,,0.0
c10_s01_cov100_seed00000118_bw025,10,1,1.0,0.25,1000,11,0,1000,1.0,,0.0
c10_s01_cov100_seed00000118_bw025,10,1,1.0,0.25,1000,12,0,1000,1.0,,0.0
c10_s01_cov100_seed00000143_bw025,10,1,1.0,0.25,200,1,85,115,0.575,1.0,0.425
c10_s01_cov100_seed00000143_bw025,10,1,1.0,0.25,200,2,28,172,0.86,0.9285714285714286,0.13
c10_s01_cov100_seed00000143_bw025,10,1,1.0,0.25,200,3,4,196,0.98,1.0,0.02
c10_s01_cov100_seed00000143_bw025,10,1,1.0,0.25,200,4,3,197,0.985,0.0,0.0
c10_s01_cov100_seed00000143_bw025,10,1,1.0,0.25,200,5,0,200,1.0,,0.0
c10_s01_cov100_seed00000143_bw025,10,1,1.0,0.25,200,6,0,200,1.0,,0.0
c10_s01_cov100_seed00000143_bw025,10,1,1.0,0.25,200,7,0,200,1.0,,0.0
c10_s01_cov100_seed00000143_bw025,10,1,1.0,0.25,200,8,0,200,1.0,,0.0
c10_s01_cov100_seed00000143_bw025,10,1,1.0,0.25,200,9,0,200,1.0,,0.0
c10_s01_cov100_seed00000143_bw025,10,1,1.0,0.25,200,10,0,200,1.0,,0.0
c10_s01_cov100_seed00000143_bw025,10,1,1.0,0.25,1000,1,434,566,0.566,1.0,0.434
c10_s01_cov100_seed00000143_bw025,10,1,1.0,0.25,1000,2,117,883,0.883,0.9145299145299145,0.107
c10_s01_cov100_seed00000143_bw025,10,1,1.0,0.25,1000,3,37,963,0.963,0.6216216216216216,0.023
c10_s01_cov100_seed00000143_bw025,10,1,1.0,0.25,1000,4,14,986,0.986,0.07142857142857142,0.001
c10_s01_cov100_seed00000143_bw025,10,1,1.0,0.25,1000,5,3,997,0.997,0.0,0.0
c10_s01_cov100_seed00000143_bw025,10,1,1.0,0.25,1000,6,0,1000,1.0,,0.0
c10_s01_cov100_seed00000143_bw025,10,1,1.0,0.25,1000,7,0,1000,1.0,,0.0
c10_s01_cov100_seed00000143_bw025,10,1,1.0,0.25,1000,8,0,1000,1.0,,0.0
c10_s01_cov100_seed00000143_bw025,10,1,1.0,0.25,1000,9,0,1000,1.0,,0.0
c10_s01_cov100_seed00000143_bw025,10,1,1.0,0.25,1000,10,0,1000,1.0,,0.0
c10_s05_cov100_seed00000009_bw025,10,5,1.0,0.25,200,1,50,150,0.75,1.0,0.25
c10_s05_cov100_seed00000009_bw025,10,5,1.0,0.25,200,2,18,182,0.91,1.0,0.09
c10_s05_cov100_seed00000009_bw025,10,5,1.0,0.25,200,3,6,194,0.97,1.0,0.03
c10_s05_cov100_seed00000009_bw025,10,5,1.0,0.25,200,4,1,199,0.995,1.0,0.005
c10_s05_cov100_seed00000009_bw025,10,5,1.0,0.25,200,5,1,199,0.995,1.0,0.005
c10_s05_cov100_seed00000009_bw025,10,5,1.0,0.25,200,6,4,196,0.98,0.75,0.015
c10_s05_cov100_seed00000009_bw025,10,5,1.0,0.25,200,7,1,199,0.995,1.0,0.005
c10_s05_cov100_seed00000009_bw025,10,5,1.0,0.25,200,8,0,200,1.0,,0.0
c10_s05_cov100_seed00000009_bw025,10,5,1.0,0.25,200,9,0,200,1.0,,0.0
c10_s05_cov100_seed00000009_bw025,10,5,1.0,0.25,200,10,0,200,1.0,,0.0
c10_s05_cov100_seed00000009_bw025,10,5,1.0,0.25,1000,1,294,706,0.706,1.0,0.294
c10_s05_cov100_seed00000009_bw025,10,5,1.0,0.25,1000,2,82,918,0.918,1.0,0.082
c10_s05_cov100_seed00000009_bw025,10,5,1.0,0.25,1000,3,29,971,0.971,1.0,0.029
c10_s05_cov100_seed00000009_bw025,10,5,1.0,0.25,1000,4,9,991,0.991,1.0,0.009
c10_s05_cov100_seed00000009_bw025,10,5,1.0,0.25,1000,5,9,991,0.991,0.8888888888888888,0.008
c10_s05_cov100_seed00000009_bw025,10,5,1.0,0.25,1000,6,17,983,0.983,0.7058823529411765,0.012
c10_s05_cov100_seed00000009_bw025,10,5,1.0,0.25,1000,7,6,994,0.994,1.0,0.006
c10_s05_cov100_seed00000009_bw025,10,5,1.0,0.25,1000,8,0,1000,1.0,,0.0
c10_s05_cov100_seed00000009_bw025,10,5,1.0,0.25,1000,9,0,1000,1.0,,0.0
c10_s05_cov100_seed00000009_bw025,10,5,1.0,0.25,1000,10,0,1000,1.0,,0.0
c10_s05_cov100_seed00000032_bw025,10,5,1.0,0.25,200,1,89,111,0.555,1.0,0.445
c10_s05_cov100_seed00000032_bw025,10,5,1.0,0.25,200,2,22,178,0.89,1.0,0.11
c10_s05_cov100_seed00000032_bw025,10,5,1.0,0.25,200,3,4,196,0.98,0.0,0.0
c10_s05_cov100_seed00000032_bw025,10,5,1.0,0.25,200,4,3,197,0.985,0.0,0.0
c10_s05_cov100_seed00000032_bw025,10,5,1.0,0.25,200,5,0,200,1.0,,0.0
c10_s05_cov100_seed00000032_bw025,10,5,1.0,0.25,200,6,0,200,1.0,,0.0
c10_s05_cov100_seed00000032_bw025,10,5,1.0,0.25,200,7,0,200,1.0,,0.0
c10_s05_cov100_seed00000032_bw025,10,5,1.0,0.25,200,8,0,200,1.0,,0.0
c10_s05_cov100_seed00000032_bw025,10,5,1.0,0.25,200,9,0,200,1.0,,0.0
c10_s05_cov100_seed00000032_bw025,10,5,1.0,0.25,1000,1,457,543,0.543,1.0,0.457
c10_s05_cov100_seed00000032_bw025,10,5,1.0,0.25,1000,2,99,901,0.901,1.0,0.099
c10_s05_cov100_seed00000032_bw025,10,5,1.0,0.25,1000,3,13,987,0.987,0.0,0.0
c10_s05_cov100_seed00000032_bw025,10,5,1.0,0.25,1000,4,11,989,0.989,0.0,0.0
c10_s05_cov100_seed00000032_bw025,10,5,1.0,0.25,1000,5,0,1000,1.0,,0.0
c10_s05_cov100_seed00000032_bw025,10,5,1.0,0.25,1000,6,0,1000,1.0,,0.0
c10_s05_cov100_seed00000032_bw025,10,5,1.0,0.25,1000,7,0,1000,1.0,,0.0
c10_s05_cov100_seed00000032_bw025,10,5,1.0,0.25,1000,8,0,1000,1.0,,0.0
c10_s05_cov100_seed00000032_bw025,10,5,1.0,0.25,1000,9,0,1000,1.0,,0.0
c10_s05_cov100_seed00000036_bw025,10,5,1.0,0.25,200,1,52,148,0.74,1.0,0.26
c10_s05_cov100_seed00000036_bw025,10,5,1.0,0.25,200,2,11,189,0.945,1.0,0.055
c10_s05_cov100_seed00000036_bw025,10,5,1.0,0.25,200,3,4,196,0.98,1.0,0.02
c10_s05_cov100_seed00000036_bw025,10,5,1.0,0.25,200,4,4,196,0.98,1.0,0.02
c10_s05_cov100_seed00000036_bw025,10,5,1.0,0.25,200,5,0,200,1.0,,0.0
c10_s05_cov100_seed00000036_bw025,10,5,1.0,0.25,200,6,0,200,1.0,,0.0
c10_s05_cov100_seed00000036_bw025,10,5,1.0,0.25,200,7,0,200,1.0,,0.0
c10_s05_cov100_seed00000036_bw025,10,5,1.0,0.25,200,8,0,200,1.0,,0.0
c10_s05_cov100_seed00000036_bw025,10,5,1.0,0.25,200,9,0,200,1.0,,0.0
c10_s05_cov100_seed00000036_bw025,10,5,1.0,0.25,1000,1,244,756,0.756,1.0,0.244
c10_s05_cov100_seed00000036_bw025,10,5,1.0,0.25,1000,2,53,947,0.947,1.0,0.053
c10_s05_cov100_seed00000036_bw025,10,5,1.0,0.25,1000,3,18,982,0.982,1.0,0.018
c10_s05_cov100_seed00000036_bw025,10,5,1.0,0.25,1000,4,19,981,0.981,1.0,0.019
c10_s05_cov100_seed00000036_bw025,10,5,1.0,0.25,1000,5,7,993,0.993,0.0,0.0
c10_s05_cov100_seed00000036_bw025,10,5,1.0,0.25,1000,6,0,1000,1.0,,0.0
c10_s05_cov100_seed00000036_bw025,10,5,1.0,0.25,1000,7,0,1000,1.0,,0.0
c10_s05_cov100_seed00000036_bw025,10,5,1.0,0.25,1000,8,0,1000,1.0,,0.0
c10_s05_cov100_seed00000036_bw025,10,5,1.0,0.25,1000,9,0,1000,1.0,,0.0
c10_s05_cov100_seed00000037_bw025,10,5,1.0,0.25,200,1,36,164,0.82,1.0,0.18
c10_s05_cov100_seed00000037_bw025,10,5,1.0,0.25,200,2,8,192,0.96,1.0,0.04
c10_s05_cov100_seed00000037_bw025,10,5,1.0,0.25,200,3,3,197,0.985,1.0,0.015
c10_s05_cov100_seed00000037_bw025,10,5,1.0,0.25,200,4,1,199,0.995,1.0,0.005
c10_s05_cov100_seed00000037_bw025,10,5,1.0,0.25,200,5,0,200,1.0,,0.0
c10_s05_cov100_seed00000037_bw025,10,5,1.0,0.25,200,6,1,199,0.995,1.0,0.005
c10_s05_cov100_seed00000037_bw025,10,5,1.0,0.25,200,7,3,197,0.985,0.0,0.0
c10_s05_cov100_seed00000037_bw025,10,5,1.0,0.25,200,8,17,183,0.915,0.0,0.0
c10_s05_cov100_seed00000037_bw025,10,5,1.0,0.25,200,9,21,179,0.895,0.0,0.0
c10_s05_cov100_seed00000037_bw025,10,5,1.0,0.25,200,10,0,200,1.0,,0.0
c10_s05_cov100_seed00000037_bw025,10,5,1.0,0.25,1000,1,205,795,0.795,1.0,0.205
c10_s05_cov100_seed00000037_bw025,10,5,1.0,0.25,1000,2,43,957,0.957,1.0,0.043
c10_s05_cov100_seed00000037_bw025,10,5,1.0,0.25,1000,3,15,985,0.985,1.0,0.015
c10_s05_cov100_seed00000037_bw025,10,5,1.0,0.25,1000,4,10,990,0.99,1.0,0.01
c10_s05_cov100_seed00000037_bw025,10,5,1.0,0.25,1000,5,4,996,0.996,1.0,0.004
c10_s05_cov100_seed00000037_bw025,10,5,1.0,0.25,1000,6,6,994,0.994,1.0,0.006
c10_s05_cov100_seed00000037_bw025,10,5,1.0,0.25,1000,7,24,976,0.976,0.2916666666666667,0.007
c10_s05_cov100_seed00000037_bw025,10,5,1.0,0.25,1000,8,68,932,0.932,0.0,0.0
c10_s05_cov100_seed00000037_bw025,10,5,1.0,0.25,1000,9,105,895,0.895,0.0,0.0
c10_s05_cov100_seed00000037_bw025,10,5,1.0,0.25,1000,10,0,1000,1.0,,0.0
c10_s05_cov100_seed00000059_bw025,10,5,1.0,0.25,200,1,89,111,0.555,1.0,0.445
c10_s05_cov100_seed00000059_bw025,10,5,1.0,0.25,200,2,44,156,0.78,1.0,0.22
c10_s05_cov100_seed00000059_bw025,10,5,1.0,0.25,200,3,8,192,0.96,1.0,0.04
c10_s05_cov100_seed00000059_bw025,10,5,1.0,0.25,200,4,6,194,0.97,1.0,0.03
c10_s05_cov100_seed00000059_bw025,10,5,1.0,0.25,200,5,2,198,0.99,1.0,0.01
c10_s05_cov100_seed00000059_bw025,10,5,1.0,0.25,200,6,0,200,1.0,,0.0
c10_s05_cov100_seed00000059_bw025,10,5,1.0,0.25,200,7,0,200,1.0,,0.0
c10_s05_cov100_seed00000059_bw025,10,5,1.0,0.25,200,8,0,200,1.0,,0.0
c10_s05_cov100_seed00000059_bw025,10,5,1.0,0.25,200,9,0,200,1.0,,0.0
c10_s05_cov100_seed00000059_bw025,10,5,1.0,0.25,200,10,0,200,1.0,,0.0
c10_s05_cov100_seed00000059_bw025,10,5,1.0,0.25,200,11,0,200,1.0,,0.0
c10_s05_cov100_seed00000059_bw025,10,5,1.0,0.25,200,12,0,200,1.0,,0.0
c10_s05_cov100_seed00000059_bw025,10,5,1.0,0.25,1000,1,422,578,0.578,1.0,0.422
c10_s05_cov100_seed00000059_bw025,10,5,1.0,0.25,1000,2,207,793,0.793,1.0,0.207
c10_s05_cov100_seed00000059_bw025,10,5,1.0,0.25,1000,3,83,917,0.917,0.963855421686747,0.08
c10_s05_cov100_seed00000059_bw025,10,5,1.0,0.25,1000,4,47,953,0.953,0.9361702127659575,0.044
c10_s05_cov100_seed00000059_bw025,10,5,1.0,0.25,1000,5,17,983,0.983,0.6470588235294118,0.011
c10_s05_cov100_seed00000059_bw025,10,5,1.0,0.25,1000,6,3,997,0.997,1.0,0.003
c10_s05_cov100_seed00000059_bw025,10,5,1.0,0.25,1000,7,0,1000,1.0,,0.0
c10_s05_cov100_seed00000059_bw025,10,5,1.0,0.25,1000,8,0,1000,1.0,,0.0
c10_s05_cov100_seed00000059_bw025,10,5,1.0,0.25,1000,9,0,1000,1.0,,0.0
c10_s05_cov100_seed00000059_bw025,10,5,1.0,0.25,1000,10,0,1000,1.0,,0.0
c10_s05_cov100_seed00000059_bw025,10,5,1.0,0.25,1000,11,0,1000,1.0,,0.0
c10_s05_cov100_seed00000059_bw025,10,5,1.0,0.25,1000,12,0,1000,1.0,,0.0
c10_s05_cov100_seed00000079_bw025,10,5,1.0,0.25,200,1,76,124,0.62,1.0,0.38
c10_s05_cov100_seed00000079_bw025,10,5,1.0,0.25,200,2,37,163,0.815,1.0,0.185
c10_s05_cov100_seed00000079_bw025,10,5,1.0,0.25,200,3,16,184,0.92,1.0,0.08
c10_s05_cov100_seed00000079_bw025,10,5,1.0,0.25,200,4,7,193,0.965,1.0,0.035
c10_s05_cov100_seed00000079_bw025,10,5,1.0,0.25,200,5,2,198,0.99,1.0,0.01
c10_s05_cov100_seed00000079_bw025,10,5,1.0,0.25,200,6,1,199,0.995,0.0,0.0
c10_s05_cov100_seed00000079_bw025,10,5,1.0,0.25,200,7,0,200,1.0,,0.0
c10_s05_cov100_seed00000079_bw025,10,5,1.0,0.25,200,8,0,200,1.0,,0.0
c10_s05_cov100_seed00000079_bw025,10,5,1.0,0.25,200,9,0,200,1.0,,0.0
c10_s05_cov100_seed00000079_bw025,10,5,1.0,0.25,200,10,0,200,1.0,,0.0
c10_s05_cov100_seed00000079_bw025,10,5,1.0,0.25,200,11,0,200,1.0,,0.0
c10_s05_cov100_seed00000079_bw025,10,5,1.0,0.25,1000,1,377,623,0.623,1.0,0.377
c10_s05_cov100_seed00000079_bw025,10,5,1.0,0.25,1000,2,170,830,0.83,1.0,0.17
c10_s05_cov100_seed00000079_bw025,10,5,1.0,0.25,1000,3,67,933,0.933,1.0,0.067
c10_s05_cov100_seed00000079_bw025,10,5,1.0,0.25,1000,4,27,973,0.973,1.0,0.027
c10_s05_cov100_seed00000079_bw025,10,5,1.0,0.25,1000,5,9,991,0.991,0.5555555555555556,0.005
c10_s05_cov100_seed00000079_bw025,10,5,1.0,0.25,1000,6,7,993,0.993,0.14285714285714285,0.001
c10_s05_cov100_seed00000079_bw025,10,5,1.0,0.25,1000,7,4,996,0.996,0.0,0.0
c10_s05_cov100_seed00000079_bw025,10,5,1.0,0.25,1000,8,0,1000,1.0,,0.0
c10_s05_cov100_seed00000079_bw025,10,5,1.0,0.25,1000,9,0,1000,1.0,,0.0
c10_s05_cov100_seed00000079_bw025,10,5,1.0,0.25,1000,10,0,1000,1.0,,0.0
c10_s05_cov100_seed00000079_bw025,10,5,1.0,0.25,1000,11,0,1000,1.0,,0.0
c10_s05_cov100_seed00000081_bw025,10,5,1.0,0.25,200,1,36,164,0.82,1.0,0.18
c10_s05_cov100_seed00000081_bw025,10,5,1.0,0.25,200,2,6,194,0.97,1.0,0.03
c10_s05_cov100_seed00000081_bw025,10,5,1.0,0.25,200,3,6,194,0.97,1.0,0.03
c10_s05_cov100_seed00000081_bw025,10,5,1.0,0.25,200,4,3,197,0.985,1.0,0.015
c10_s05_cov100_seed00000081_bw025,10,5,1.0,0.25,200,5,1,199,0.995,1.0,0.005
c10_s05_cov100_seed00000081_bw025,10,5,1.0,0.25,200,6,4,196,0.98,0.5,0.01
c10_s05_cov100_seed00000081_bw025,10,5,1.0,0.25,200,7,4,196,0.98,0.0,0.0
c10_s05_cov100_seed00000081_bw025,10,5,1.0,0.25,200,8,6,194,0.97,0.0,0.0
c10_s05_cov100_seed00000081_bw025,10,5,1.0,0.25,200,9,0,200,1.0,,0.0
c10_s05_cov100_seed00000081_bw025,10,5,1.0,0.25,200,10,0,200,1.0,,0.0
c10_s05_cov100_seed00000081_bw025,10,5,1.0,0.25,1000,1,201,799,0.799,1.0,0.201
c10_s05_cov100_seed00000081_bw025,10,5,1.0,0.25,1000,2,43,957,0.957,1.0,0.043
c10_s05_cov100_seed00000081_bw025,10,5,1.0,0.25,1000,3,16,984,0.984,1.0,0.016
c10_s05_cov100_seed00000081_bw025,10,5,1.0,0.25,1000,4,13,987,0.987,1.0,0.013
c10_s05_cov100_seed00000081_bw025,10,5,1.0,0.25,1000,5,9,991,0.991,1.0,0.009
c10_s05_cov100_seed00000081_bw025,10,5,1.0,0.25,1000,6,24,976,0.976,0.75,0.018
c10_s05_cov100_seed00000081_bw025,10,5,1.0,0.25,1000,7,14,986,0.986,0.0,0.0
c10_s05_cov100_seed00000081_bw025,10,5,1.0,0.25,1000,8,22,978,0.978,0.0,0.0
c10_s05_cov100_seed00000081_bw025,10,5,1.0,0.25,1000,9,0,1000,1.0,,0.0
c10_s05_cov100_seed00000081_bw025,10,5,1.0,0.25,1000,10,0,1000,1.0,,0.0
c10_s05_cov100_seed00000089_bw025,10,5,1.0,0.25,200,1,17,183,0.915,1.0,0.085
c10_s05_cov100_seed00000089_bw025,10,5,1.0,0.25,200,2,14,186,0.93,1.0,0.07
c10_s05_cov100_seed00000089_bw025,10,5,1.0,0.25,200,3,2,198,0.99,1.0,0.01
c10_s05_cov100_seed00000089_bw025,10,5,1.0,0.25,200,4,2,198,0.99,1.0,0.01
c10_s05_cov100_seed00000089_bw025,10,5,1.0,0.25,200,5,3,197,0.985,0.6666666666666666,0.01
c10_s05_cov100_seed00000089_bw025,10,5,1.0,0.25,200,6,2,198,0.99,0.0,0.0
c10_s05_cov100_seed00000089_bw025,10,5,1.0,0.25,200,7,0,200,1.0,,0.0
c10_s05_cov100_seed00000089_bw025,10,5,1.0,0.25,200,8,0,200,1.0,,0.0
c10_s05_cov100_seed00000089_bw025,10,5,1.0,0.25,200,9,0,200,1.0,,0.0
c10_s05_cov100_seed00000089_bw025,10,5,1.0,0.25,1000,1,123,877,0.877,1.0,0.123
c10_s05_cov100_seed00000089_bw025,10,5,1.0,0.25,1000,2,57,943,0.943,1.0,0.057
c10_s05_cov100_seed00000089_bw025,10,5,1.0,0.25,1000,3,21,979,0.979,1.0,0.021
c10_s05_cov100_seed00000089_bw025,10,5,1.0,0.25,1000,4,9,991,0.991,1.0,0.009
c10_s05_cov100_seed00000089_bw025,10,5,1.0,0.25,1000,5,15,985,0.985,0.4,0.006
c10_s05_cov100_seed00000089_bw025,10,5,1.0,0.25,1000,6,7,993,0.993,0.0,0.0
c10_s05_cov100_seed00000089_bw025,10,5,1.0,0.25,1000,7,0,1000,1.0,,0.0
c10_s05_cov100_seed00000089_bw025,10,5,1.0,0.25,1000,8,0,1000,1.0,,0.0
c10_s05_cov100_seed00000089_bw025,10,5,1.0,0.25,1000,9,0,1000,1.0,,0.0
c10_s05_cov100_seed00000104_bw025,10,5,1.0,0.25,200,1,97,103,0.515,1.0,0.485
c10_s05_cov100_seed00000104_bw025,10,5,1.0,0.25,200,2,19,181,0.905,1.0,0.095
c10_s05_cov100_seed00000104_bw025,10,5,1.0,0.25,200,3,1,199,0.995,1.0,0.005
c10_s05_cov100_seed00000104_bw025,10,5,1.0,0.25,200,4,1,199,0.995,1.0,0.005
c10_s05_cov100_seed00000104_bw025,10,5,1.0,0.25,200,5,1,199,0.995,0.0,0.0
c10_s05_cov100_seed00000104_bw025,10,5,1.0,0.25,200,6,0,200,1.0,,0.0
c10_s05_cov100_seed00000104_bw025,10,5,1.0,0.25,200,7,0,200,1.0,,0.0
c10_s05_cov100_seed00000104_bw025,10,5,1.0,0.25,200,8,0,200,1.0,,0.0
c10_s05_cov100_seed00000104_bw025,10,5,1.0,0.25,200,9,0,200,1.0,,0.0
c10_s05_cov100_seed00000104_bw025,10,5,1.0,0.25,200,10,0,200,1.0,,0.0
c10_s05_cov100_seed00000104_bw025,10,5,1.0,0.25,1000,1,521,479,0.479,1.0,0.521
c10_s05_cov100_seed00000104_bw025,10,5,1.0,0.25,1000,2,111,889,0.889,1.0,0.111
c10_s05_cov100_seed00000104_bw025,10,5,1.0,0.25,1000,3,9,991,0.991,1.0,0.009
c10_s05_cov100_seed00000104_bw025,10,5,1.0,0.25,1000,4,12,988,0.988,1.0,0.012
c10_s05_cov100_seed00000104_bw025,10,5,1.0,0.25,1000,5,12,988,0.988,0.4166666666666667,0.005
c10_s05_cov100_seed00000104_bw025,10,5,1.0,0.25,1000,6,4,996,0.996,0.0,0.0
c10_s05_cov100_seed00000104_bw025,10,5,1.0,0.25,1000,7,0,1000,1.0,,0.0
c10_s05_cov100_seed00000104_bw025,10,5,1.0,0.25,1000,8,0,1000,1.0,,0.0
c10_s05_cov100_seed00000104_bw025,10,5,1.0,0.25,1000,9,0,1000,1.0,,0.0
c10_s05_cov100_seed00000104_bw025,10,5,1.0,0.25,1000,10,0,1000,1.0,,0.0
c10_s05_cov100_seed00000140_bw025,10,5,1.0,0.25,200,1,57,143,0.715,1.0,0.285
c10_s05_cov100_seed00000140_bw025,10,5,1.0,0.25,200,2,17,183,0.915,1.0,0.085
c10_s05_cov100_seed00000140_bw025,10,5,1.0,0.25,200,3,4,196,0.98,1.0,0.02
c10_s05_cov100_seed00000140_bw025,10,5,1.0,0.25,200,4,0,200,1.0,,0.0
c10_s05_cov100_seed00000140_bw025,10,5,1.0,0.25,200,5,0,200,1.0,,0.0
c10_s05_cov100_seed00000140_bw025,10,5,1.0,0.25,200,6,0,200,1.0,,0.0
c10_s05_cov100_seed00000140_bw025,10,5,1.0,0.25,200,7,0,200,1.0,,0.0
c10_s05_cov100_seed00000140_bw025,10,5,1.0,0.25,200,8,0,200,1.0,,0.0
c10_s05_cov100_seed00000140_bw025,10,5,1.0,0.25,200,9,0,200,1.0,,0.0
c10_s05_cov100_seed00000140_bw025,10,5,1.0,0.25,1000,1,323,677,0.677,1.0,0.323
c10_s05_cov100_seed00000140_bw025,10,5,1.0,0.25,1000,2,115,885,0.885,1.0,0.115
c10_s05_cov100_seed00000140_bw025,10,5,1.0,0.25,1000,3,25,975,0.975,0.64,0.016
c10_s05_cov100_seed00000140_bw025,10,5,1.0,0.25,1000,4,0,1000,1.0,,0.0
c10_s05_cov100_seed00000140_bw025,10,5,1.0,0.25,1000,5,0,1000,1.0,,0.0
c10_s05_cov100_seed00000140_bw025,10,5,1.0,0.25,1000,6,0,1000,1.0,,0.0
c10_s05_cov100_seed00000140_bw025,10,5,1.0,0.25,1000,7,0,1000,1.0,,0.0
c10_s05_cov100_seed00000140_bw025,10,5,1.0,0.25,1000,8,0,1000,1.0,,0.0
c10_s05_cov100_seed00000140_bw025,10,5,1.0,0.25,1000,9,0,1000,1.0,,0.0
c10_s09_cov100_seed00000002_bw025,10,9,1.0,0.25,200,1,34,166,0.83,1.0,0.17
c10_s09_cov100_seed00000002_bw025,10,9,1.0,0.25,200,2,10,190,0.95,1.0,0.05
c10_s09_cov100_seed00000002_bw025,10,9,1.0,0.25,200,3,5,195,0.975,1.0,0.025
c10_s09_cov100_seed00000002_bw025,10,9,1.0,0.25,200,4,4,196,0.98,1.0,0.02
c10_s09_cov100_seed00000002_bw025,10,9,1.0,0.25,200,5,3,197,0.985,1.0,0.015
c10_s09_cov100_seed00000002_bw025,10,9,1.0,0.25,200,6,1,199,0.995,1.0,0.005
c10_s09_cov100_seed00000002_bw025,10,9,1.0,0.25,200,7,5,195,0.975,0.0,0.0
c10_s09_cov100_seed00000002_bw025,10,9,1.0,0.25,200,8,0,200,1.0,,0.0
c10_s09_cov100_seed00000002_bw025,10,9,1.0,0.25,200,9,0,200,1.0,,0.0
c10_s09_cov100_seed00000002_bw025,10,9,1.0,0.25,1000,1,214,786,0.786,1.0,0.214
c10_s09_cov100_seed00000002_bw025,10,9,1.0,0.25,1000,2,53,947,0.947,1.0,0.053
c10_s09_cov100_seed00000002_bw025,10,9,1.0,0.25,1000,3,15,985,0.985,1.0,0.015
c10_s09_cov100_seed00000002_bw025,10,9,1.0,0.25,1000,4,11,989,0.989,1.0,0.011
c10_s09_cov100_seed00000002_bw025,10,9,1.0,0.25,1000,5,7,993,0.993,1.0,0.007
c10_s09_cov100_seed00000002_bw025,10,9,1.0,0.25,1000,6,12,988,0.988,1.0,0.012
c10_s09_cov100_seed00000002_bw025,10,9,1.0,0.25,1000,7,23,977,0.977,0.0,0.0
c10_s09_cov100_seed00000002_bw025,10,9,1.0,0.25,1000,8,0,1000,1.0,,0.0
c10_s09_cov100_seed00000002_bw025,10,9,1.0,0.25,1000,9,0,1000,1.0,,0.0
c10_s09_cov100_seed00000003_bw025,10,9,1.0,0.25,200,1,34,166,0.83,1.0,0.17
c10_s09_cov100_seed00000003_bw025,10,9,1.0,0.25,200,2,6,194,0.97,1.0,0.03
c10_s09_cov100_seed00000003_bw025,10,9,1.0,0.25,200,3,2,198,0.99,1.0,0.01
c10_s09_cov100_seed00000003_bw025,10,9,1.0,0.25,200,4,1,199,0.995,1.0,0.005
c10_s09_cov100_seed00000003_bw025,10,9,1.0,0.25,200,5,3,197,0.985,1.0,0.015
c10_s09_cov100_seed00000003_bw025,10,9,1.0,0.25,200,6,4,196,0.98,1.0,0.02
c10_s09_cov100_seed00000003_bw025,10,9,1.0,0.25,200,7,5,195,0.975,0.0,0.0
c10_s09_cov100_seed00000003_bw025,10,9,1.0,0.25,200,8,0,200,1.0,,0.0
c10_s09_cov100_seed00000003_bw025,10,9,1.0,0.25,200,9,0,200,1.0,,0.0
c10_s09_cov100_seed00000003_bw025,10,9,1.0,0.25,1000,1,203,797,0.797,1.0,0.203
c10_s09_cov100_seed00000003_bw025,10,9,1.0,0.25,1000,2,49,951,0.951,1.0,0.049
c10_s09_cov100_seed00000003_bw025,10,9,1.0,0.25,1000,3,13,987,0.987,1.0,0.013
c10_s09_cov100_seed00000003_bw025,10,9,1.0,0.25,1000,4,6,994,0.994,1.0,0.006
c10_s09_cov100_seed00000003_bw025,10,9,1.0,0.25,1000,5,7,993,0.993,1.0,0.007
c10_s09_cov100_seed00000003_bw025,10,9,1.0,0.25,1000,6,12,988,0.988,1.0,0.012
c10_s09_cov100_seed00000003_bw025,10,9,1.0,0.25,1000,7,30,970,0.97,0.0,0.0
c10_s09_cov100_seed00000003_bw025,10,9,1.0,0.25,1000,8,0,1000,1.0,,0.0
c10_s09_cov100_seed00000003_bw025,10,9,1.0,0.25,1000,9,0,1000,1.0,,0.0
c10_s09_cov100_seed00000114_bw025,10,9,1.0,0.25,200,1,38,162,0.81,1.0,0.19
c10_s09_cov100_seed00000114_bw025,10,9,1.0,0.25,200,2,13,187,0.935,1.0,0.065
c10_s09_cov100_seed00000114_bw025,10,9,1.0,0.25,200,3,0,200,1.0,,0.0
c10_s09_cov100_seed00000114_bw025,10,9,1.0,0.25,200,4,0,200,1.0,,0.0
c10_s09_cov100_seed00000114_bw025,10,9,1.0,0.25,200,5,1,199,0.995,1.0,0.005
c10_s09_cov100_seed00000114_bw025,10,9,1.0,0.25,200,6,0,200,1.0,,0.0
c10_s09_cov100_seed00000114_bw025,10,9,1.0,0.25,200,7,7,193,0.965,0.0,0.0
c10_s09_cov100_seed00000114_bw025,10,9,1.0,0.25,200,8,0,200,1.0,,0.0
c10_s09_cov100_seed00000114_bw025,10,9,1.0,0.25,200,9,0,200,1.0,,0.0
c10_s09_cov100_seed00000114_bw025,10,9,1.0,0.25,1000,1,225,775,0.775,1.0,0.225
c10_s09_cov100_seed00000114_bw025,10,9,1.0,0.25,1000,2,60,940,0.94,1.0,0.06
c10_s09_cov100_seed00000114_bw025,10,9,1.0,0.25,1000,3,8,992,0.992,1.0,0.008
c10_s09_cov100_seed00000114_bw025,10,9,1.0,0.25,1000,4,4,996,0.996,1.0,0.004
c10_s09_cov100_seed00000114_bw025,10,9,1.0,0.25,1000,5,9,991,0.991,1.0,0.009
c10_s09_cov100_seed00000114_bw025,10,9,1.0,0.25,1000,6,8,992,0.992,1.0,0.008
c10_s09_cov100_seed00000114_bw025,10,9,1.0,0.25,1000,7,29,971,0.971,0.0,0.0
c10_s09_cov100_seed00000114_bw025,10,9,1.0,0.25,1000,8,0,1000,1.0,,0.0
c10_s09_cov100_seed00000114_bw025,10,9,1.0,0.25,1000,9,0,1000,1.0,,0.0
c10_s09_cov100_seed00000131_bw025,10,9,1.0,0.25,200,1,39,161,0.805,1.0,0.195
c10_s09_cov100_seed00000131_bw025,10,9,1.0,0.25,200,2,16,184,0.92,1.0,0.08
c10_s09_cov100_seed00000131_bw025,10,9,1.0,0.25,200,3,4,196,0.98,1.0,0.02
c10_s09_cov100_seed00000131_bw025,10,9,1.0,0.25,200,4,1,199,0.995,1.0,0.005
c10_s09_cov100_seed00000131_bw025,10,9,1.0,0.25,200,5,0,200,1.0,,0.0
c10_s09_cov100_seed00000131_bw025,10,9,1.0,0.25,200,6,2,198,0.99,1.0,0.01
c10_s09_cov100_seed00000131_bw025,10,9,1.0,0.25,200,7,6,194,0.97,0.0,0.0
c10_s09_cov100_seed00000131_bw025,10,9,1.0,0.25,200,8,0,200,1.0,,0.0
c10_s09_cov100_seed00000131_bw025,10,9,1.0,0.25,200,9,0,200,1.0,,0.0
c10_s09_cov100_seed00000131_bw025,10,9,1.0,0.25,1000,1,205,795,0.795,1.0,0.205
c10_s09_cov100_seed00000131_bw025,10,9,1.0,0.25,1000,2,52,948,0.948,1.0,0.052
c10_s09_cov100_seed00000131_bw025,10,9,1.0,0.25,1000,3,19,981,0.981,1.0,0.019
c10_s09_cov100_seed00000131_bw025,10,9,1.0,0.25,1000,4,8,992,0.992,1.0,0.008
c10_s09_cov100_seed00000131_bw025,10,9,1.0,0.25,1000,5,8,992,0.992,1.0,0.008
c10_s09_cov100_seed00000131_bw025,10,9,1.0,0.25,1000,6,13,987,0.987,1.0,0.013
c10_s09_cov100_seed00000131_bw025,10,9,1.0,0.25,1000,7,36,964,0.964,0.0,0.0
c10_s09_cov100_seed00000131_bw025,10,9,1.0,0.25,1000,8,0,1000,1.0,,0.0
c10_s09_cov100_seed00000131_bw025,10,9,1.0,0.25,1000,9,0,1000,1.0,,0.0
c12_s01_cov100_seed00000040_bw025,12,1,1.0,0.25,200,1,44,156,0.78,1.0,0.22
c12_s01_cov100_seed00000040_bw025,12,1,1.0,0.25,200,2,2,198,0.99,1.0,0.01
c12_s01_cov100_seed00000040_bw025,12,1,1.0,0.25,200,3,4,196,0.98,0.25,0.005
c12_s01_cov100_seed00000040_bw025,12,1,1.0,0.25,200,4,1,199,0.995,1.0,0.005
c12_s01_cov100_seed00000040_bw025,12,1,1.0,0.25,200,5,0,200,1.0,,0.0
c12_s01_cov100_seed00000040_bw025,12,1,1.0,0.25,200,6,0,200,1.0,,0.0
c12_s01_cov100_seed00000040_bw025,12,1,1.0,0.25,200,7,0,200,1.0,,0.0
c12_s01_cov100_seed00000040_bw025,12,1,1.0,0.25,200,8,0,200,1.0,,0.0
c12_s01_cov100_seed00000040_bw025,12,1,1.0,0.25,200,9,0,200,1.0,,0.0
c12_s01_cov100_seed00000040_bw025,12,1,1.0,0.25,200,10,0,200,1.0,,0.0
c12_s01_cov100_seed00000040_bw025,12,1,1.0,0.25,200,11,0,200,1.0,,0.0
c12_s01_cov100_seed00000040_bw025,12,1,1.0,0.25,200,12,0,200,1.0,,0.0
c12_s01_cov100_seed00000040_bw025,12,1,1.0,0.25,200,13,0,200,1.0,,0.0
c12_s01_cov100_seed00000040_bw025,12,1,1.0,0.25,200,14,0,200,1.0,,0.0
c12_s01_cov100_seed00000040_bw025,12,1,1.0,0.25,1000,1,210,790,0.79,1.0,0.21
c12_s01_cov100_seed00000040_bw025,12,1,1.0,0.25,1000,2,44,956,0.956,1.0,0.044
c12_s01_cov100_seed00000040_bw025,12,1,1.0,0.25,1000,3,8,992,0.992,0.375,0.003
c12_s01_cov100_seed00000040_bw025,12,1,1.0,0.25,1000,4,2,998,0.998,0.5,0.001
c12_s01_cov100_seed00000040_bw025,12,1,1.0,0.25,1000,5,2,998,0.998,0.0,0.0
c12_s01_cov100_seed00000040_bw025,12,1,1.0,0.25,1000,6,3,997,0.997,0.0,0.0
c12_s01_cov100_seed00000040_bw025,12,1,1.0,0.25,1000,7,0,1000,1.0,,0.0
c12_s01_cov100_seed00000040_bw025,12,1,1.0,0.25,1000,8,1,999,0.999,0.0,0.0
c12_s01_cov100_seed00000040_bw025,12,1,1.0,0.25,1000,9,1,999,0.999,0.0,0.0
c12_s01_cov100_seed00000040_bw025,12,1,1.0,0.25,1000,10,0,1000,1.0,,0.0
c12_s01_cov100_seed00000040_bw025,12,1,1.0,0.25,1000,11,0,1000,1.0,,0.0
c12_s01_cov100_seed00000040_bw025,12,1,1.0,0.25,1000,12,0,1000,1.0,,0.0
c12_s01_cov100_seed00000040_bw025,12,1,1.0,0.25,1000,13,0,1000,1.0,,0.0
c12_s01_cov100_seed00000040_bw025,12,1,1.0,0.25,1000,14,0,1000,1.0,,0.0
c12_s01_cov100_seed00000087_bw025,12,1,1.0,0.25,200,1,51,149,0.745,1.0,0.255
c12_s01_cov100_seed00000087_bw025,12,1,1.0,0.25,200,2,13,187,0.935,1.0,0.065
c12_s01_cov100_seed00000087_bw025,12,1,1.0,0.25,200,3,5,195,0.975,1.0,0.025
c12_s01_cov100_seed00000087_bw025,12,1,1.0,0.25,200,4,3,197,0.985,0.6666666666666666,0.01
c12_s01_cov100_seed00000087_bw025,12,1,1.0,0.25,200,5,2,198,0.99,0.5,0.005
c12_s01_cov100_seed00000087_bw025,12,1,1.0,0.25,200,6,2,198,0.99,0.5,0.005
c12_s01_cov100_seed00000087_bw025,12,1,1.0,0.25,200,7,2,198,0.99,0.0,0.0
c12_s01_cov100_seed00000087_bw025,12,1,1.0,0.25,200,8,2,198,0.99,0.0,0.0
c12_s01_cov100_seed00000087_bw025,12,1,1.0,0.25,200,9,0,200,1.0,,0.0
c12_s01_cov100_seed00000087_bw025,12,1,1.0,0.25,200,10,0,200,1.0,,0.0
c12_s01_cov100_seed00000087_bw025,12,1,1.0,0.25,200,11,0,200,1.0,,0.0
c12_s01_cov100_seed00000087_bw025,12,1,1.0,0.25,200,12,0,200,1.0,,0.0
c12_s01_cov100_seed00000087_bw025,12,1,1.0,0.25,200,13,0,200,1.0,,0.0
c12_s01_cov100_seed00000087_bw025,12,1,1.0,0.25,200,14,0,200,1.0,,0.0
c12_s01_cov100_seed00000087_bw025,12,1,1.0,0.25,1000,1,270,730,0.73,1.0,0.27
c12_s01_cov100_seed00000087_bw025,12,1,1.0,0.25,1000,2,89,911,0.911,1.0,0.089
c12_s01_cov100_seed00000087_bw025,12,1,1.0,0.25,1000,3,20,980,0.98,1.0,0.02
c12_s01_cov100_seed00000087_bw025,12,1,1.0,0.25,1000,4,13,987,0.987,0.9230769230769231,0.012
c12_s01_cov100_seed00000087_bw025,12,1,1.0,0.25,1000,5,7,993,0.993,0.7142857142857143,0.005
c12_s01_cov100_seed00000087_bw025,12,1,1.0,0.25,1000,6,6,994,0.994,0.16666666666666666,0.001
c12_s01_cov100_seed00000087_bw025,12,1,1.0,0.25,1000,7,3,997,0.997,0.0,0.0
c12_s01_cov100_seed00000087_bw025,12,1,1.0,0.25,1000,8,6,994,0.994,0.0,0.0
c12_s01_cov100_seed00000087_bw025,12,1,1.0,0.25,1000,9,1,999,0.999,0.0,0.0
c12_s01_cov100_seed00000087_bw025,12,1,1.0,0.25,1000,10,0,1000,1.0,,0.0
c12_s01_cov100_seed00000087_bw025,12,1,1.0,0.25,1000,11,0,1000,1.0,,0.0
c12_s01_cov100_seed00000087_bw025,12,1,1.0,0.25,1000,12,0,1000,1.0,,0.0
c12_s01_cov100_seed00000087_bw025,12,1,1.0,0.25,1000,13,0,1000,1.0,,0.0
c12_s01_cov100_seed00000087_bw025,12,1,1.0,0.25,1000,14,0,1000,1.0,,0.0
c12_s01_cov100_seed00000109_bw025,12,1,1.0,0.25,200,1,42,158,0.79,1.0,0.21
c12_s01_cov100_seed00000109_bw025,12,1,1.0,0.25,200,2,15,185,0.925,0.7333333333333333,0.055
c12_s01_cov100_seed00000109_bw025,12,1,1.0,0.25,200,3,5,195,0.975,0.8,0.02
c12_s01_cov100_seed00000109_bw025,12,1,1.0,0.25,200,4,3,197,0.985,0.3333333333333333,0.005
c12_s01_cov100_seed00000109_bw025,12,1,1.0,0.25,200,5,1,199,0.995,0.0,0.0
c12_s01_cov100_seed00000109_bw025,12,1,1.0,0.25,200,6,1,199,0.995,0.0,0.0
c12_s01_cov100_seed00000109_bw025,12,1,1.0,0.25,200,7,0,200,1.0,,0.0
c12_s01_cov100_seed00000109_bw025,12,1,1.0,0.25,200,8,0,200,1.0,,0.0
c12_s01_cov100_seed00000109_bw025,12,1,1.0,0.25,200,9,0,200,1.0,,0.0
c12_s01_cov100_seed00000109_bw025,12,1,1.0,0.25,200,10,0,200,1.0,,0.0
c12_s01_cov100_seed00000109_bw025,12,1,1.0,0.25,200,11,0,200,1.0,,0.0
c12_s01_cov100_seed00000109_bw025,12,1,1.0,0.25,200,12,0,200,1.0,,0.0
c12_s01_cov100_seed00000109_bw025,12,1,1.0,0.25,200,13,0,200,1.0,,0.0
c12_s01_cov100_seed00000109_bw025,12,1,1.0,0.25,1000,1,214,786,0.786,1.0,0.214
c12_s01_cov100_seed00000109_bw025,12,1,1.0,0.25,1000,2,78,922,0.922,0.8205128205128205,0.064
c12_s01_cov100_seed00000109_bw025,12,1,1.0,0.25,1000,3,30,970,0.97,0.6666666666666666,0.02
c12_s01_cov100_seed00000109_bw025,12,1,1.0,0.25,1000,4,13,987,0.987,0.38461538461538464,0.005
c12_s01_cov100_seed00000109_bw025,12,1,1.0,0.25,1000,5,4,996,0.996,0.0,0.0
c12_s01_cov100_seed00000109_bw025,12,1,1.0,0.25,1000,6,2,998,0.998,0.0,0.0
c12_s01_cov100_seed00000109_bw025,12,1,1.0,0.25,1000,7,0,1000,1.0,,0.0
c12_s01_cov100_seed00000109_bw025,12,1,1.0,0.25,1000,8,0,1000,1.0,,0.0
c12_s01_cov100_seed00000109_bw025,12,1,1.0,0.25,1000,9,0,1000,1.0,,0.0
c12_s01_cov100_seed00000109_bw025,12,1,1.0,0.25,1000,10,0,1000,1.0,,0.0
c12_s01_cov100_seed00000109_bw025,12,1,1.0,0.25,1000,11,0,1000,1.0,,0.0
c12_s01_cov100_seed00000109_bw025,12,1,1.0,0.25,1000,12,0,1000,1.0,,0.0
c12_s01_cov100_seed00000109_bw025,12,1,1.0,0.25,1000,13,0,1000,1.0,,0.0
c12_s06_cov100_seed00000066_bw025,12,6,1.0,0.25,200,1,52,148,0.74,1.0,0.26
c12_s06_cov100_seed00000066_bw025,12,6,1.0,0.25,200,2,14,186,0.93,1.0,0.07
c12_s06_cov100_seed00000066_bw025,12,6,1.0,0.25,200,3,3,197,0.985,1.0,0.015
c12_s06_cov100_seed00000066_bw025,12,6,1.0,0.25,200,4,1,199,0.995,0.0,0.0
c12_s06_cov100_seed00000066_bw025,12,6,1.0,0.25,200,5,0,200,1.0,,0.0
c12_s06_cov100_seed00000066_bw025,12,6,1.0,0.25,200,6,0,200,1.0,,0.0
c12_s06_cov100_seed00000066_bw025,12,6,1.0,0.25,200,7,0,200,1.0,,0.0
c12_s06_cov100_seed00000066_bw025,12,6,1.0,0.25,200,8,0,200,1.0,,0.0
c12_s06_cov100_seed00000066_bw025,12,6,1.0,0.25,200,9,0,200,1.0,,0.0
c12_s06_cov100_seed00000066_bw025,12,6,1.0,0.25,200,10,0,200,1.0,,0.0
c12_s06_cov100_seed00000066_bw025,12,6,1.0,0.25,200,11,0,200,1.0,,0.0
c12_s06_cov100_seed00000066_bw025,12,6,1.0,0.25,200,12,0,200,1.0,,0.0
c12_s06_cov100_seed00000066_bw025,12,6,1.0,0.25,1000,1,250,750,0.75,1.0,0.25
c12_s06_cov100_seed00000066_bw025,12,6,1.0,0.25,1000,2,55,945,0.945,1.0,0.055
c12_s06_cov100_seed00000066_bw025,12,6,1.0,0.25,1000,3,19,981,0.981,0.7368421052631579,0.014
c12_s06_cov100_seed00000066_bw025,12,6,1.0,0.25,1000,4,11,989,0.989,0.18181818181818182,0.002
c12_s06_cov100_seed00000066_bw025,12,6,1.0,0.25,1000,5,7,993,0.993,0.0,0.0
c12_s06_cov100_seed00000066_bw025,12,6,1.0,0.25,1000,6,3,997,0.997,0.0,0.0
c12_s06_cov100_seed00000066_bw025,12,6,1.0,0.25,1000,7,0,1000,1.0,,0.0
c12_s06_cov100_seed00000066_bw025,12,6,1.0,0.25,1000,8,0,1000,1.0,,0.0
c12_s06_cov100_seed00000066_bw025,12,6,1.0,0.25,1000,9,0,1000,1.0,,0.0
c12_s06_cov100_seed00000066_bw025,12,6,1.0,0.25,1000,10,0,1000,1.0,,0.0
c12_s06_cov100_seed00000066_bw025,12,6,1.0,0.25,1000,11,0,1000,1.0,,0.0
c12_s06_cov100_seed00000066_bw025,12,6,1.0,0.25,1000,12,0,1000,1.0,,0.0
c12_s06_cov100_seed00000081_bw025,12,6,1.0,0.25,200,1,54,146,0.73,1.0,0.27
c12_s06_cov100_seed00000081_bw025,12,6,1.0,0.25,200,2,17,183,0.915,1.0,0.085
c12_s06_cov100_seed00000081_bw025,12,6,1.0,0.25,200,3,7,193,0.965,1.0,0.035
c12_s06_cov100_seed00000081_bw025,12,6,1.0,0.25,200,4,4,196,0.98,1.0,0.02
c12_s06_cov100_seed00000081_bw025,12,6,1.0,0.25,200,5,1,199,0.995,0.0,0.0
c12_s06_cov100_seed00000081_bw025,12,6,1.0,0.25,200,6,2,198,0.99,0.5,0.005
c12_s06_cov100_seed00000081_bw025,12,6,1.0,0.25,200,7,0,200,1.0,,0.0
c12_s06_cov100_seed00000081_bw025,12,6,1.0,0.25,200,8,0,200,1.0,,0.0
c12_s06_cov100_seed00000081_bw025,12,6,1.0,0.25,200,9,0,200,1.0,,0.0
c12_s06_cov100_seed00000081_bw025,12,6,1.0,0.25,200,10,0,200,1.0,,0.0
c12_s06_cov100_seed00000081_bw025,12,6,1.0,0.25,200,11,0,200,1.0,,0.0
c12_s06_cov100_seed00000081_bw025,12,6,1.0,0.25,200,12,0,200,1.0,,0.0
c12_s06_cov100_seed00000081_bw025,12,6,1.0,0.25,200,13,0,200,1.0,,0.0
c12_s06_cov100_seed00000081_bw025,12,6,1.0,0.25,1000,1,285,715,0.715,1.0,0.285
c12_s06_cov100_seed00000081_bw025,12,6,1.0,0.25,1000,2,122,878,0.878,1.0,0.122
c12_s06_cov100_seed00000081_bw025,12,6,1.0,0.25,1000,3,38,962,0.962,1.0,0.038
c12_s06_cov100_seed00000081_bw025,12,6,1.0,0.25,1000,4,11,989,0.989,0.9090909090909091,0.01
c12_s06_cov100_seed00000081_bw025,12,6,1.0,0.25,1000,5,2,998,0.998,0.5,0.001
c12_s06_cov100_seed00000081_bw025,12,6,1.0,0.25,1000,6,7,993,0.993,0.5714285714285714,0.004
c12_s06_cov100_seed00000081_bw025,12,6,1.0,0.25,1000,7,0,1000,1.0,,0.0
c12_s06_cov100_seed00000081_bw025,12,6,1.0,0.25,1000,8,0,1000,1.0,,0.0
c12_s06_cov100_seed00000081_bw025,12,6,1.0,0.25,1000,9,0,1000,1.0,,0.0
c12_s06_cov100_seed00000081_bw025,12,6,1.0,0.25,1000,10,0,1000,1.0,,0.0
c12_s06_cov100_seed00000081_bw025,12,6,1.0,0.25,1000,11,0,1000,1.0,,0.0
c12_s06_cov100_seed00000081_bw025,12,6,1.0,0.25,1000,12,0,1000,1.0,,0.0
c12_s06_cov100_seed00000081_bw025,12,6,1.0,0.25,1000,13,0,1000,1.0,,0.0
c12_s06_cov100_seed00000094_bw025,12,6,1.0,0.25,200,1,52,148,0.74,1.0,0.26
c12_s06_cov100_seed00000094_bw025,12,6,1.0,0.25,200,2,5,195,0.975,1.0,0.025
c12_s06_cov100_seed00000094_bw025,12,6,1.0,0.25,200,3,2,198,0.99,1.0,0.01
c12_s06_cov100_seed00000094_bw025,12,6,1.0,0.25,200,4,2,198,0.99,1.0,0.01
c12_s06_cov100_seed00000094_bw025,12,6,1.0,0.25,200,5,1,199,0.995,1.0,0.005
c12_s06_cov100_seed00000094_bw025,12,6,1.0,0.25,200,6,0,200,1.0,,0.0
c12_s06_cov100_seed00000094_bw025,12,6,1.0,0.25,200,7,0,200,1.0,,0.0
c12_s06_cov100_seed00000094_bw025,12,6,1.0,0.25,200,8,0,200,1.0,,0.0
c12_s06_cov100_seed00000094_bw025,12,6,1.0,0.25,200,9,0,200,1.0,,0.0
c12_s06_cov100_seed00000094_bw025,12,6,1.0,0.25,200,10,0,200,1.0,,0.0
c12_s06_cov100_seed00000094_bw025,12,6,1.0,0.25,200,11,0,200,1.0,,0.0
c12_s06_cov100_seed00000094_bw025,12,6,1.0,0.25,200,12,0,200,1.0,,0.0
c12_s06_cov100_seed00000094_bw025,12,6,1.0,0.25,1000,1,240,760,0.76,1.0,0.24
c12_s06_cov100_seed00000094_bw025,12,6,1.0,0.25,1000,2,51,949,0.949,1.0,0.051
c12_s06_cov100_seed00000094_bw025,12,6,1.0,0.25,1000,3,21,979,0.979,0.9047619047619048,0.019
c12_s06_cov100_seed00000094_bw025,12,6,1.0,0.25,1000,4,11,989,0.989,0.45454545454545453,0.005
c12_s06_cov100_seed00000094_bw025,12,6,1.0,0.25,1000,5,1,999,0.999,1.0,0.001
c12_s06_cov100_seed00000094_bw025,12,6,1.0,0.25,1000,6,0,1000,1.0,,0.0
c12_s06_cov100_seed00000094_bw025,12,6,1.0,0.25,1000,7,0,1000,1.0,,0.0
c12_s06_cov100_seed00000094_bw025,12,6,1.0,0.25,1000,8,0,1000,1.0,,0.0
c12_s06_cov100_seed00000094_bw025,12,6,1.0,0.25,1000,9,0,1000,1.0,,0.0
c12_s06_cov100_seed00000094_bw025,12,6,1.0,0.25,1000,10,0,1000,1.0,,0.0
c12_s06_cov100_seed00000094_bw025,12,6,1.0,0.25,1000,11,0,1000,1.0,,0.0
c12_s06_cov100_seed00000094_bw025,12,6,1.0,0.25,1000,12,0,1000,1.0,,0.0
c12_s06_cov100_seed00000114_bw025,12,6,1.0,0.25,200,1,45,155,0.775,1.0,0.225
c12_s06_cov100_seed00000114_bw025,12,6,1.0,0.25,200,2,25,175,0.875,1.0,0.125
c12_s06_cov100_seed00000114_bw025,12,6,1.0,0.25,200,3,6,194,0.97,1.0,0.03
c12_s06_cov100_seed00000114_bw025,12,6,1.0,0.25,200,4,4,196,0.98,0.75,0.015
c12_s06_cov100_seed00000114_bw025,12,6,1.0,0.25,200,5,2,198,0.99,0.0,0.0
c12_s06_cov100_seed00000114_bw025,12,6,1.0,0.25,200,6,0,200,1.0,,0.0
c12_s06_cov100_seed00000114_bw025,12,6,1.0,0.25,200,7,0,200,1.0,,0.0
c12_s06_cov100_seed00000114_bw025,12,6,1.0,0.25,200,8,0,200,1.0,,0.0
c12_s06_cov100_seed00000114_bw025,12,6,1.0,0.25,200,9,0,200,1.0,,0.0
c12_s06_cov100_seed00000114_bw025,12,6,1.0,0.25,200,10,0,200,1.0,,0.0
c12_s06_cov100_seed00000114_bw025,12,6,1.0,0.25,200,11,0,200,1.0,,0.0
c12_s06_cov100_seed00000114_bw025,12,6,1.0,0.25,200,12,0,200,1.0,,0.0
c12_s06_cov100_seed00000114_bw025,12,6,1.0,0.25,1000,1,267,733,0.733,1.0,0.267
c12_s06_cov100_seed00000114_bw025,12,6,1.0,0.25,1000,2,99,901,0.901,1.0,0.099
c12_s06_cov100_seed00000114_bw025,12,6,1.0,0.25,1000,3,30,970,0.97,1.0,0.03
c12_s06_cov100_seed00000114_bw025,12,6,1.0,0.25,1000,4,8,992,0.992,0.875,0.007
c12_s06_cov100_seed00000114_bw025,12,6,1.0,0.25,1000,5,4,996,0.996,0.0,0.0
c12_s06_cov100_seed00000114_bw025,12,6,1.0,0.25,1000,6,0,1000,1.0,,0.0
c12_s06_cov100_seed00000114_bw025,12,6,1.0,0.25,1000,7,0,1000,1.0,,0.0
c12_s06_cov100_seed00000114_bw025,12,6,1.0,0.25,1000,8,0,1000,1.0,,0.0
c12_s06_cov100_seed00000114_bw025,12,6,1.0,0.25,1000,9,0,1000,1.0,,0.0
c12_s06_cov100_seed00000114_bw025,12,6,1.0,0.25,1000,10,0,1000,1.0,,0.0
c12_s06_cov100_seed00000114_bw025,12,6,1.0,0.25,1000,11,0,1000,1.0,,0.0
c12_s06_cov100_seed00000114_bw025,12,6,1.0,0.25,1000,12,0,1000,1.0,,0.0
c12_s06_cov100_seed00000127_bw025,12,6,1.0,0.25,200,1,33,167,0.835,1.0,0.165
c12_s06_cov100_seed00000127_bw025,12,6,1.0,0.25,200,2,11,189,0.945,1.0,0.055
c12_s06_cov100_seed00000127_bw025,12,6,1.0,0.25,200,3,6,194,0.97,1.0,0.03
c12_s06_cov100_seed00000127_bw025,12,6,1.0,0.25,200,4,1,199,0.995,1.0,0.005
c12_s06_cov100_seed00000127_bw025,12,6,1.0,0.25,200,5,0,200,1.0,,0.0
c12_s06_cov100_seed00000127_bw025,12,6,1.0,0.25,200,6,0,200,1.0,,0.0
c12_s06_cov100_seed00000127_bw025,12,6,1.0,0.25,200,7,0,200,1.0,,0.0
c12_s06_cov100_seed00000127_bw025,12,6,1.0,0.25,200,8,0,200,1.0,,0.0
c12_s06_cov100_seed00000127_bw025,12,6,1.0,0.25,200,9,0,200,1.0,,0.0
c12_s06_cov100_seed00000127_bw025,12,6,1.0,0.25,200,10,0,200,1.0,,0.0
c12_s06_cov100_seed00000127_bw025,12,6,1.0,0.25,200,11,0,200,1.0,,0.0
c12_s06_cov100_seed00000127_bw025,12,6,1.0,0.25,200,12,0,200,1.0,,0.0
c12_s06_cov100_seed00000127_bw025,12,6,1.0,0.25,1000,1,159,841,0.841,1.0,0.159
c12_s06_cov100_seed00000127_bw025,12,6,1.0,0.25,1000,2,42,958,0.958,1.0,0.042
c12_s06_cov100_seed00000127_bw025,12,6,1.0,0.25,1000,3,36,964,0.964,1.0,0.036
c12_s06_cov100_seed00000127_bw025,12,6,1.0,0.25,1000,4,13,987,0.987,1.0,0.013
c12_s06_cov100_seed00000127_bw025,12,6,1.0,0.25,1000,5,3,997,0.997,0.6666666666666666,0.002
c12_s06_cov100_seed00000127_bw025,12,6,1.0,0.25,1000,6,0,1000,1.0,,0.0
c12_s06_cov100_seed00000127_bw025,12,6,1.0,0.25,1000,7,1,999,0.999,0.0,0.0
c12_s06_cov100_seed00000127_bw025,12,6,1.0,0.25,1000,8,0,1000,1.0,,0.0
c12_s06_cov100_seed00000127_bw025,12,6,1.0,0.25,1000,9,0,1000,1.0,,0.0
c12_s06_cov100_seed00000127_bw025,12,6,1.0,0.25,1000,10,0,1000,1.0,,0.0
c12_s06_cov100_seed00000127_bw025,12,6,1.0,0.25,1000,11,0,1000,1.0,,0.0
c12_s06_cov100_seed00000127_bw025,12,6,1.0,0.25,1000,12,0,1000,1.0,,0.0
c12_s11_cov100_seed00000134_bw025,12,11,1.0,0.25,200,1,35,165,0.825,1.0,0.175
c12_s11_cov100_seed00000134_bw025,12,11,1.0,0.25,200,2,10,190,0.95,1.0,0.05
c12_s11_cov100_seed00000134_bw025,12,11,1.0,0.25,200,3,0,200,1.0,,0.0
c12_s11_cov100_seed00000134_bw025,12,11,1.0,0.25,200,4,0,200,1.0,,0.0
c12_s11_cov100_seed00000134_bw025,12,11,1.0,0.25,200,5,1,199,0.995,1.0,0.005
c12_s11_cov100_seed00000134_bw025,12,11,1.0,0.25,200,6,0,200,1.0,,0.0
c12_s11_cov100_seed00000134_bw025,12,11,1.0,0.25,200,7,1,199,0.995,1.0,0.005
c12_s11_cov100_seed00000134_bw025,12,11,1.0,0.25,200,8,0,200,1.0,,0.0
c12_s11_cov100_seed00000134_bw025,12,11,1.0,0.25,200,9,0,200,1.0,,0.0
c12_s11_cov100_seed00000134_bw025,12,11,1.0,0.25,200,10,0,200,1.0,,0.0
c12_s11_cov100_seed00000134_bw025,12,11,1.0,0.25,200,11,0,200,1.0,,0.0
c12_s11_cov100_seed00000134_bw025,12,11,1.0,0.25,1000,1,171,829,0.829,1.0,0.171
c12_s11_cov100_seed00000134_bw025,12,11,1.0,0.25,1000,2,37,963,0.963,1.0,0.037
c12_s11_cov100_seed00000134_bw025,12,11,1.0,0.25,1000,3,11,989,0.989,1.0,0.011
c12_s11_cov100_seed00000134_bw025,12,11,1.0,0.25,1000,4,4,996,0.996,1.0,0.004
c12_s11_cov100_seed00000134_bw025,12,11,1.0,0.25,1000,5,1,999,0.999,1.0,0.001
c12_s11_cov100_seed00000134_bw025,12,11,1.0,0.25,1000,6,2,998,0.998,1.0,0.002
c12_s11_cov100_seed00000134_bw025,12,11,1.0,0.25,1000,7,2,998,0.998,1.0,0.002
c12_s11_cov100_seed00000134_bw025,12,11,1.0,0.25,1000,8,5,995,0.995,0.0,0.0
c12_s11_cov100_seed00000134_bw025,12,11,1.0,0.25,1000,9,0,1000,1.0,,0.0
c12_s11_cov100_seed00000134_bw025,12,11,1.0,0.25,1000,10,0,1000,1.0,,0.0
c12_s11_cov100_seed00000134_bw025,12,11,1.0,0.25,1000,11,0,1000,1.0,,0.0
