n,cpdag,n_undirected,space_size,g0,x,y,z,r_bfs,r_fast,agree,bfs_seconds,fast_seconds,fast_elements_visited,fast_closures,fast_validity_checks
3,V0-V1,1,3,V0-V1,V0,V2,,-1,-1,True,1.887500000000153e-05,1.2708999999999637e-05,1,0,1
3,V0-V1,1,3,V0-V1,V1,V2,,-1,-1,True,1.8084000000001543e-05,1.1499999999997623e-05,1,0,1
3,V0-V1,1,3,V0-V1,V2,V0,,-1,-1,True,1.737500000000003e-05,1.0333000000001258e-05,1,0,1
3,V0-V1,1,3,V0-V1,V2,V1,,-1,-1,True,1.787500000000053e-05,1.0332999999994319e-05,1,0,1
3,V0-V1,1,3,V0->V1,V0,V1,,1,1,True,1.3791999999998583e-05,3.750000000000281e-05,1,1,2
3,V0-V1,1,3,V0->V1,V0,V2,,-1,-1,True,1.841699999999974e-05,3.7083000000000255e-05,2,1,2
3,V0-V1,1,3,V0->V1,V1,V2,,-1,-1,True,1.8207999999998725e-05,3.7374999999999214e-05,2,1,2
3,V0-V1,1,3,V0->V1,V2,V0,,-1,-1,True,1.783299999999488e-05,3.61250000000049e-05,2,1,2
3,V0-V1,1,3,V0->V1,V2,V1,,-1,-1,True,1.762500000000028e-05,3.5832999999999005e-05,2,1,2
3,V0-V1,1,3,V1->V0,V0,V2,,-1,-1,True,1.816699999999949e-05,3.650000000000181e-05,2,1,2
3,V0-V1,1,3,V1->V0,V1,V0,,1,1,True,9.709000000003576e-06,3.070799999999735e-05,1,1,2
3,V0-V1,1,3,V1->V0,V1,V2,,-1,-1,True,1.7749999999996935e-05,3.479199999999877e-05,2,1,2
3,V0-V1,1,3,V1->V0,V2,V0,,-1,-1,True,1.7415999999999265e-05,3.495900000000107e-05,2,1,2
3,V0-V1,1,3,V1->V0,V2,V1,,-1,-1,True,1.7250000000003374e-05,3.399999999999931e-05,2,1,2
3,V0-V1 V0-V2,2,6,V0->V1 V0-V2,V0,V1,,1,1,True,2.5334000000001855e-05,6.429100000000104e-05,1,1,2
3,V0-V1 V0-V2,2,6,V0->V2 V0-V1,V0,V2,,1,1,True,1.9499999999998685e-05,5.8708000000004534e-05,1,1,2
3,V0-V1 V0-V2,2,6,V0->V1 V0->V2,V0,V1,,1,1,True,3.8083000000001255e-05,9.645800000000065e-05,1,2,3
3,V0-V1 V0-V2,2,6,V0->V1 V0->V2,V0,V2,,1,1,True,2.6958000000000537e-05,7.995799999999803e-05,1,2,2
3,V0-V1 V0-V2,2,6,V0->V1 V2->V0,V0,V1,,2,2,True,3.2874999999994714e-05,0.00011429200000000195,2,3,3
3,V0-V1 V0-V2,2,6,V0->V1 V2->V0,V2,V0,,1,1,True,1.7000000000003124e-05,5.9791999999996015e-05,1,2,2
3,V0-V1 V0-V2,2,6,V0->V1 V2->V0,V2,V1,,1,1,True,1.962500000000228e-05,5.083300000000013e-05,1,2,2
3,V0-V1 V0-V2,2,6,V0->V2 V1->V0,V0,V2,,2,2,True,2.608300000000313e-05,0.00010229199999999689,2,3,3
3,V0-V1 V0-V2,2,6,V0->V2 V1->V0,V1,V0,,1,1,True,1.6792000000001583e-05,4.8915999999996074e-05,1,2,2
3,V0-V1 V0-V2,2,6,V0->V2 V1->V0,V1,V2,,1,1,True,1.858299999999563e-05,5.200000000000343e-05,1,2,2
3,V0-V1 V0-V2 V1-V2,3,19,V0->V1 V0->V2 V1-V2,V0,V1,,1,1,True,4.629200000000333e-05,0.00010879199999999645,1,2,2
3,V0-V1 V0-V2 V1-V2,3,19,V0->V1 V0->V2 V1-V2,V0,V2,,1,1,True,4.3332999999999566e-05,0.00010708300000000087,1,2,2
3,V0-V1 V0-V2 V1-V2,3,19,V1->V0 V1->V2 V0-V2,V1,V0,,1,1,True,3.529199999999927e-05,0.00010745799999999778,1,2,2
3,V0-V1 V0-V2 V1-V2,3,19,V1->V0 V1->V2 V0-V2,V1,V2,,1,1,True,3.4540999999999045e-05,0.00010320899999999994,1,2,2
3,V0-V1 V0-V2 V1-V2,3,19,V2->V0 V2->V1 V0-V1,V2,V0,,1,1,True,3.087499999999965e-05,0.00010058300000000131,1,2,2
3,V0-V1 V0-V2 V1-V2,3,19,V2->V0 V2->V1 V0-V1,V2,V1,,1,1,True,3.116699999999861e-05,9.833299999999906e-05,1,2,2
3,V0-V1 V0-V2 V1-V2,3,19,V0->V1 V0->V2 V1->V2,V0,V1,,1,1,True,5.9457999999998346e-05,9.595899999999963e-05,1,3,3
3,V0-V1 V0-V2 V1-V2,3,19,V0->V1 V0->V2 V1->V2,V0,V2,,1,1,True,5.9041999999995265e-05,9.662500000000296e-05,1,3,3
3,V0-V1 V0-V2 V1-V2,3,19,V0->V1 V0->V2 V1->V2,V1,V2,V0,1,1,True,4.791600000000201e-05,8.608400000000016e-05,1,3,2
3,V0-V1 V0-V2 V1-V2,3,19,V0->V1 V0->V2 V2->V1,V0,V1,,1,1,True,6.18750000000029e-05,9.679199999999832e-05,1,3,3
3,V0-V1 V0-V2 V1-V2,3,19,V0->V1 V0->V2 V2->V1,V0,V2,,1,1,True,5.7042000000000204e-05,9.187499999999821e-05,1,3,3
3,V0-V1 V0-V2 V1-V2,3,19,V0->V1 V0->V2 V2->V1,V2,V1,V0,1,1,True,3.062500000000634e-05,7.924999999999599e-05,1,3,2
3,V0-V1 V0-V2 V1-V2,3,19,V0->V1 V2->V0 V2->V1,V0,V1,V2,1,1,True,1.4124999999996779e-05,7.408400000000204e-05,1,3,2
3,V0-V1 V0-V2 V1-V2,3,19,V0->V1 V2->V0 V2->V1,V2,V0,,1,1,True,2.6708000000000287e-05,7.687499999999708e-05,1,3,2
3,V0-V1 V0-V2 V1-V2,3,19,V0->V1 V2->V0 V2->V1,V2,V1,,1,1,True,2.8749999999994058e-05,7.741700000000323e-05,1,3,2
3,V0-V1 V0-V2 V1-V2,3,19,V0->V2 V1->V0 V1->V2,V0,V2,V1,1,1,True,1.379099999999911e-05,8.183400000000285e-05,1,3,2
3,V0-V1 V0-V2 V1-V2,3,19,V0->V2 V1->V0 V1->V2,V1,V0,,1,1,True,2.470899999999776e-05,7.754100000000042e-05,1,3,2
3,V0-V1 V0-V2 V1-V2,3,19,V0->V2 V1->V0 V1->V2,V1,V2,,1,1,True,2.7334000000003855e-05,7.887499999999908e-05,1,3,2
3,V0-V1 V0-V2 V1-V2,3,19,V1->V0 V1->V2 V2->V0,V1,V0,,1,1,True,5.5750000000000244e-05,0.00011483300000000168,1,3,3
3,V0-V1 V0-V2 V1-V2,3,19,V1->V0 V1->V2 V2->V0,V1,V2,,1,1,True,4.7917000000001486e-05,9.10000000000008e-05,1,3,3
3,V0-V1 V0-V2 V1-V2,3,19,V1->V0 V1->V2 V2->V0,V2,V0,V1,1,1,True,3.058300000000069e-05,7.65839999999976e-05,1,3,2
3,V0-V1 V0-V2 V1-V2,3,19,V1->V0 V2->V0 V2->V1,V1,V0,V2,1,1,True,1.3374999999996029e-05,7.258300000000106e-05,1,3,2
3,V0-V1 V0-V2 V1-V2,3,19,V1->V0 V2->V0 V2->V1,V2,V0,,1,1,True,2.845900000000151e-05,7.645800000000147e-05,1,3,2
3,V0-V1 V0-V2 V1-V2,3,19,V1->V0 V2->V0 V2->V1,V2,V1,,1,1,True,2.670899999999976e-05,7.349999999999718e-05,1,3,2
3,V0-V1 V1-V2,2,6,V1->V0 V1-V2,V1,V0,,1,1,True,1.641699999999774e-05,5.962500000000065e-05,1,1,2
3,V0-V1 V1-V2,2,6,V1->V2 V0-V1,V1,V2,,1,1,True,2.4292000000002145e-05,6.554200000000177e-05,1,1,2
3,V0-V1 V1-V2,2,6,V0->V1 V1->V2,V0,V1,,1,1,True,2.416699999999855e-05,5.591700000000255e-05,1,2,2
3,V0-V1 V1-V2,2,6,V0->V1 V1->V2,V0,V2,,1,1,True,2.7540999999998983e-05,5.412499999999515e-05,1,2,2
3,V0-V1 V1-V2,2,6,V0->V1 V1->V2,V1,V2,,2,2,True,2.89579999999956e-05,0.00010087500000000027,2,3,3
3,V0-V1 V1-V2,2,6,V1->V0 V1->V2,V1,V0,,1,1,True,2.437500000000009e-05,6.666699999999942e-05,1,2,3
3,V0-V1 V1-V2,2,6,V1->V0 V1->V2,V1,V2,,1,1,True,2.7208000000000787e-05,5.762500000000559e-05,1,2,2
3,V0-V1 V1-V2,2,6,V1->V0 V2->V1,V1,V0,,2,2,True,2.079099999999917e-05,9.204200000000051e-05,2,3,3
3,V0-V1 V1-V2,2,6,V1->V0 V2->V1,V2,V0,,1,1,True,1.8250000000004374e-05,4.837499999999634e-05,1,2,2
3,V0-V1 V1-V2,2,6,V1->V0 V2->V1,V2,V1,,1,1,True,1.6707999999997225e-05,4.4916999999998486e-05,1,2,2
3,V0-V2,1,3,V0-V2,V0,V1,,-1,-1,True,1.887500000000153e-05,1.1375000000000968e-05,1,0,1
3,V0-V2,1,3,V0-V2,V1,V0,,-1,-1,True,1.7457999999997975e-05,1.0458000000004852e-05,1,0,1
3,V0-V2,1,3,V0-V2,V1,V2,,-1,-1,True,1.7166000000005954e-05,1.0083999999993543e-05,1,0,1
3,V0-V2,1,3,V0-V2,V2,V1,,-1,-1,True,1.783300000000182e-05,1.0707999999998163e-05,1,0,1
3,V0-V2,1,3,V0->V2,V0,V1,,-1,-1,True,1.8499999999997685e-05,3.7374999999999214e-05,2,1,2
3,V0-V2,1,3,V0->V2,V0,V2,,1,1,True,1.304099999999836e-05,3.466700000000211e-05,1,1,2
3,V0-V2,1,3,V0->V2,V1,V0,,-1,-1,True,1.716699999999849e-05,3.44580000000011e-05,2,1,2
3,V0-V2,1,3,V0->V2,V1,V2,,-1,-1,True,1.708300000000107e-05,3.5124999999996964e-05,2,1,2
3,V0-V2,1,3,V0->V2,V2,V1,,-1,-1,True,1.762500000000028e-05,3.5582999999998755e-05,2,1,2
3,V0-V2,1,3,V2->V0,V0,V1,,-1,-1,True,1.77089999999977e-05,3.8541000000003045e-05,2,1,2
3,V0-V2,1,3,V2->V0,V1,V0,,-1,-1,True,1.6792000000001583e-05,3.49580000000016e-05,2,1,2
3,V0-V2,1,3,V2->V0,V1,V2,,-1,-1,True,1.7000000000003124e-05,3.404199999999802e-05,2,1,2
3,V0-V2,1,3,V2->V0,V2,V0,,1,1,True,9.250000000002312e-06,2.9999999999995308e-05,1,1,2
3,V0-V2,1,3,V2->V0,V2,V1,,-1,-1,True,1.758300000000157e-05,3.4332999999997504e-05,2,1,2
3,V0-V2 V1-V2,2,6,V2->V0 V1-V2,V2,V0,,1,1,True,1.6000000000002124e-05,5.4958000000000784e-05,1,1,2
3,V0-V2 V1-V2,2,6,V2->V1 V0-V2,V2,V1,,1,1,True,2.058299999999763e-05,5.8292000000001454e-05,1,1,2
3,V0-V2 V1-V2,2,6,V0->V2 V2->V1,V0,V1,,1,1,True,2.84170000000028e-05,5.3957999999999784e-05,1,2,2
3,V0-V2 V1-V2,2,6,V0->V2 V2->V1,V0,V2,,1,1,True,2.5207999999998787e-05,5.1707999999997534e-05,1,2,2
3,V0-V2 V1-V2,2,6,V0->V2 V2->V1,V2,V1,,2,2,True,2.5250000000004436e-05,0.00010170799999999897,2,3,3
3,V0-V2 V1-V2,2,6,V1->V2 V2->V0,V1,V0,,1,1,True,2.358300000000063e-05,5.445899999999976e-05,1,2,2
3,V0-V2 V1-V2,2,6,V1->V2 V2->V0,V1,V2,,1,1,True,2.0916000000002766e-05,5.000000000000143e-05,1,2,2
3,V0-V2 V1-V2,2,6,V1->V2 V2->V0,V2,V0,,2,2,True,2.054099999999892e-05,9.333400000000047e-05,2,3,3
3,V0-V2 V1-V2,2,6,V2->V0 V2->V1,V2,V0,,1,1,True,2.504100000000342e-05,6.720899999999863e-05,1,2,3
3,V0-V2 V1-V2,2,6,V2->V0 V2->V1,V2,V1,,1,1,True,2.0708000000001225e-05,5.437500000000234e-05,1,2,2
3,V1-V2,1,3,V1-V2,V0,V1,,-1,-1,True,1.837500000000103e-05,1.0875000000000468e-05,1,0,1
3,V1-V2,1,3,V1-V2,V0,V2,,-1,-1,True,1.7000000000003124e-05,1.0084000000000481e-05,1,0,1
3,V1-V2,1,3,V1-V2,V1,V0,,-1,-1,True,1.7707999999998225e-05,1.0416999999998677e-05,1,0,1
3,V1-V2,1,3,V1-V2,V2,V0,,-1,-1,True,1.758299999999463e-05,1.0208000000004602e-05,1,0,1
3,V1-V2,1,3,V1->V2,V0,V1,,-1,-1,True,1.6957999999997475e-05,3.566700000000311e-05,2,1,2
3,V1-V2,1,3,V1->V2,V0,V2,,-1,-1,True,1.6667000000004928e-05,3.5374999999997214e-05,2,1,2
3,V1-V2,1,3,V1->V2,V1,V0,,-1,-1,True,1.837500000000103e-05,3.458399999999723e-05,2,1,2
3,V1-V2,1,3,V1->V2,V1,V2,,1,1,True,1.2749999999998873e-05,3.316700000000061e-05,1,1,2
3,V1-V2,1,3,V1->V2,V2,V0,,-1,-1,True,1.7665999999999515e-05,3.466700000000211e-05,2,1,2
3,V1-V2,1,3,V2->V1,V0,V1,,-1,-1,True,1.7207999999997725e-05,3.541700000000286e-05,2,1,2
3,V1-V2,1,3,V2->V1,V0,V2,,-1,-1,True,1.6999999999996185e-05,3.408400000000367e-05,2,1,2
3,V1-V2,1,3,V2->V1,V1,V0,,-1,-1,True,1.758300000000157e-05,3.5374999999997214e-05,2,1,2
3,V1-V2,1,3,V2->V1,V2,V0,,-1,-1,True,1.737500000000003e-05,3.41659999999952e-05,2,1,2
3,V1-V2,1,3,V2->V1,V2,V1,,1,1,True,9.624999999999218e-06,3.0208000000003787e-05,1,1,2
4,V0->V1 V0->V2 V3->V1 V3->V2 V1-V2,1,3,V0->V1 V0->V2 V3->V1 V3->V2 V1-V2,V0,V1,V3,-1,-1,True,3.0041999999994018e-05,1.808300000000207e-05,1,0,1
4,V0->V1 V0->V2 V3->V1 V3->V2 V1-V2,1,3,V0->V1 V0->V2 V3->V1 V3->V2 V1-V2,V0,V2,V3,-1,-1,True,2.8833999999991478e-05,1.70410000000093e-05,1,0,1
4,V0->V1 V0->V2 V3->V1 V3->V2 V1-V2,1,3,V0->V1 V0->V2 V3->V1 V3->V2 V1-V2,V0,V3,,-1,-1,True,2.166700000000299e-05,1.3374999999996029e-05,1,0,1
4,V0->V1 V0->V2 V3->V1 V3->V2 V1-V2,1,3,V0->V1 V0->V2 V3->V1 V3->V2 V1-V2,V3,V0,,-1,-1,True,2.212499999999784e-05,1.3916000000002704e-05,1,0,1
4,V0->V1 V0->V2 V3->V1 V3->V2 V1-V2,1,3,V0->V1 V0->V2 V3->V1 V3->V2 V1-V2,V3,V1,V0,-1,-1,True,2.9166999999996612e-05,1.7000000000003124e-05,1,0,1
4,V0->V1 V0->V2 V3->V1 V3->V2 V1-V2,1,3,V0->V1 V0->V2 V3->V1 V3->V2 V1-V2,V3,V2,V0,-1,-1,True,2.920799999998891e-05,1.7000000000003124e-05,1,0,1
4,V0->V1 V0->V2 V3->V1 V3->V2 V1-V2,1,3,V0->V1 V0->V2 V1->V2 V3->V1 V3->V2,V0,V1,V3,-1,-1,True,2.9082999999999193e-05,6.041699999999317e-05,2,1,2
4,V0->V1 V0->V2 V3->V1 V3->V2 V1-V2,1,3,V0->V1 V0->V2 V1->V2 V3->V1 V3->V2,V0,V2,V3,-1,-1,True,2.9292000000000207e-05,6.066700000000036e-05,2,1,2
4,V0->V1 V0->V2 V3->V1 V3->V2 V1-V2,1,3,V0->V1 V0->V2 V1->V2 V3->V1 V3->V2,V0,V3,,-1,-1,True,2.208300000000607e-05,5.316699999999286e-05,2,1,2
4,V0->V1 V0->V2 V3->V1 V3->V2 V1-V2,1,3,V0->V1 V0->V2 V1->V2 V3->V1 V3->V2,V1,V2,V0|V3,1,1,True,2.8082999999998193e-05,6.370799999999566e-05,1,1,2
4,V0->V1 V0->V2 V3->V1 V3->V2 V1-V2,1,3,V0->V1 V0->V2 V1->V2 V3->V1 V3->V2,V3,V0,,-1,-1,True,2.2292000000007084e-05,5.375000000000518e-05,2,1,2
4,V0->V1 V0->V2 V3->V1 V3->V2 V1-V2,1,3,V0->V1 V0->V2 V1->V2 V3->V1 V3->V2,V3,V1,V0,-1,-1,True,2.89170000000033e-05,5.88749999999999e-05,2,1,2
4,V0->V1 V0->V2 V3->V1 V3->V2 V1-V2,1,3,V0->V1 V0->V2 V1->V2 V3->V1 V3->V2,V3,V2,V0,-1,-1,True,2.8749999999994058e-05,5.8833999999993725e-05,2,1,2
4,V0->V1 V0->V2 V3->V1 V3->V2 V1-V2,1,3,V0->V1 V0->V2 V2->V1 V3->V1 V3->V2,V0,V1,V3,-1,-1,True,2.9374999999998153e-05,5.8916000000006075e-05,2,1,2
4,V0->V1 V0->V2 V3->V1 V3->V2 V1-V2,1,3,V0->V1 V0->V2 V2->V1 V3->V1 V3->V2,V0,V2,V3,-1,-1,True,2.8833000000005882e-05,5.73749999999984e-05,2,1,2
4,V0->V1 V0->V2 V3->V1 V3->V2 V1-V2,1,3,V0->V1 V0->V2 V2->V1 V3->V1 V3->V2,V0,V3,,-1,-1,True,2.191700000001018e-05,5.279199999999595e-05,2,1,2
4,V0->V1 V0->V2 V3->V1 V3->V2 V1-V2,1,3,V0->V1 V0->V2 V2->V1 V3->V1 V3->V2,V2,V1,V0|V3,1,1,True,2.0000000000006124e-05,5.4208000000000034e-05,1,1,2
4,V0->V1 V0->V2 V3->V1 V3->V2 V1-V2,1,3,V0->V1 V0->V2 V2->V1 V3->V1 V3->V2,V3,V0,,-1,-1,True,2.1999999999994246e-05,5.354100000000417e-05,2,1,2
4,V0->V1 V0->V2 V3->V1 V3->V2 V1-V2,1,3,V0->V1 V0->V2 V2->V1 V3->V1 V3->V2,V3,V1,V0,-1,-1,True,2.8582999999998693e-05,5.854200000000864e-05,2,1,2
4,V0->V1 V0->V2 V3->V1 V3->V2 V1-V2,1,3,V0->V1 V0->V2 V2->V1 V3->V1 V3->V2,V3,V2,V0,-1,-1,True,2.912500000000484e-05,5.7500000000001994e-05,2,1,2
4,V0->V1 V0->V3 V2->V1 V2->V3 V1-V3,1,3,V0->V1 V0->V3 V2->V1 V2->V3 V1-V3,V0,V1,V2,-1,-1,True,2.9000000000001247e-05,1.7415999999992327e-05,1,0,1
4,V0->V1 V0->V3 V2->V1 V2->V3 V1-V3,1,3,V0->V1 V0->V3 V2->V1 V2->V3 V1-V3,V0,V2,,-1,-1,True,2.2000000000008124e-05,1.3374999999996029e-05,1,0,1
4,V0->V1 V0->V3 V2->V1 V2->V3 V1-V3,1,3,V0->V1 V0->V3 V2->V1 V2->V3 V1-V3,V0,V3,V2,-1,-1,True,2.8291999999999207e-05,1.6457999999996975e-05,1,0,1
4,V0->V1 V0->V3 V2->V1 V2->V3 V1-V3,1,3,V0->V1 V0->V3 V2->V1 V2->V3 V1-V3,V2,V0,,-1,-1,True,2.237500000000503e-05,1.3583999999997043e-05,1,0,1
4,V0->V1 V0->V3 V2->V1 V2->V3 V1-V3,1,3,V0->V1 V0->V3 V2->V1 V2->V3 V1-V3,V2,V1,V0,-1,-1,True,2.8542000000006396e-05,1.6415999999991326e-05,1,0,1
4,V0->V1 V0->V3 V2->V1 V2->V3 V1-V3,1,3,V0->V1 V0->V3 V2->V1 V2->V3 V1-V3,V2,V3,V0,-1,-1,True,2.8041000000006422e-05,1.6249999999995435e-05,1,0,1
4,V0->V1 V0->V3 V2->V1 V2->V3 V1-V3,1,3,V0->V1 V0->V3 V1->V3 V2->V1 V2->V3,V0,V1,V2,-1,-1,True,2.9000000000001247e-05,6.025000000001168e-05,2,1,2
4,V0->V1 V0->V3 V2->V1 V2->V3 V1-V3,1,3,V0->V1 V0->V3 V1->V3 V2->V1 V2->V3,V0,V2,,-1,-1,True,2.2207999999995787e-05,5.408399999999591e-05,2,1,2
4,V0->V1 V0->V3 V2->V1 V2->V3 V1-V3,1,3,V0->V1 V0->V3 V1->V3 V2->V1 V2->V3,V0,V3,V2,-1,-1,True,2.8374999999997152e-05,5.9208000000005034e-05,2,1,2
4,V0->V1 V0->V3 V2->V1 V2->V3 V1-V3,1,3,V0->V1 V0->V3 V1->V3 V2->V1 V2->V3,V1,V3,V0|V2,1,1,True,2.8249999999993558e-05,6.262500000001059e-05,1,1,2
4,V0->V1 V0->V3 V2->V1 V2->V3 V1-V3,1,3,V0->V1 V0->V3 V1->V3 V2->V1 V2->V3,V2,V0,,-1,-1,True,2.2790999999994233e-05,5.5291999999998453e-05,2,1,2
4,V0->V1 V0->V3 V2->V1 V2->V3 V1-V3,1,3,V0->V1 V0->V3 V1->V3 V2->V1 V2->V3,V2,V1,V0,-1,-1,True,3.020799999998991e-05,6.320800000000903e-05,2,1,2
4,V0->V1 V0->V3 V2->V1 V2->V3 V1-V3,1,3,V0->V1 V0->V3 V1->V3 V2->V1 V2->V3,V2,V3,V0,-1,-1,True,2.8666999999996112e-05,6.058300000000294e-05,2,1,2
4,V0->V1 V0->V3 V2->V1 V2->V3 V1-V3,1,3,V0->V1 V0->V3 V2->V1 V2->V3 V3->V1,V0,V1,V2,-1,-1,True,2.966700000001099e-05,6.945799999999447e-05,2,1,2
4,V0->V1 V0->V3 V2->V1 V2->V3 V1-V3,1,3,V0->V1 V0->V3 V2->V1 V2->V3 V3->V1,V0,V2,,-1,-1,True,2.208300000000607e-05,5.408399999999591e-05,2,1,2
4,V0->V1 V0->V3 V2->V1 V2->V3 V1-V3,1,3,V0->V1 V0->V3 V2->V1 V2->V3 V3->V1,V0,V3,V2,-1,-1,True,2.89170000000033e-05,5.7208000000003034e-05,2,1,2
4,V0->V1 V0->V3 V2->V1 V2->V3 V1-V3,1,3,V0->V1 V0->V3 V2->V1 V2->V3 V3->V1,V2,V0,,-1,-1,True,2.2333999999998855e-05,5.379099999999748e-05,2,1,2
4,V0->V1 V0->V3 V2->V1 V2->V3 V1-V3,1,3,V0->V1 V0->V3 V2->V1 V2->V3 V3->V1,V2,V1,V0,-1,-1,True,2.9083999999998666e-05,5.904099999999579e-05,2,1,2
4,V0->V1 V0->V3 V2->V1 V2->V3 V1-V3,1,3,V0->V1 V0->V3 V2->V1 V2->V3 V3->V1,V2,V3,V0,-1,-1,True,2.8249999999993558e-05,5.7500000000001994e-05,2,1,2
4,V0->V1 V0->V3 V2->V1 V2->V3 V1-V3,1,3,V0->V1 V0->V3 V2->V1 V2->V3 V3->V1,V3,V1,V0|V2,1,1,True,1.983299999999688e-05,5.495800000000772e-05,1,1,2
4,V0->V1 V2->V1 V0-V3,1,3,V0->V1 V2->V1 V0-V3,V0,V1,V2,-1,-1,True,2.7208000000000787e-05,1.720899999999026e-05,1,0,1
4,V0->V1 V2->V1 V0-V3,1,3,V0->V1 V2->V1 V0-V3,V0,V2,,-1,-1,True,2.145900000000145e-05,1.3250000000006312e-05,1,0,1
4,V0->V1 V2->V1 V0-V3,1,3,V0->V1 V2->V1 V0-V3,V2,V0,,-1,-1,True,2.1458000000001975e-05,1.2999999999999123e-05,1,0,1
4,V0->V1 V2->V1 V0-V3,1,3,V0->V1 V2->V1 V0-V3,V2,V1,V0,-1,-1,True,2.5292000000010084e-05,1.4915999999989826e-05,1,0,1
4,V0->V1 V2->V1 V0-V3,1,3,V0->V1 V2->V1 V0-V3,V2,V3,,-1,-1,True,2.0541999999998395e-05,1.2417000000000677e-05,1,0,1
4,V0->V1 V2->V1 V0-V3,1,3,V0->V1 V2->V1 V0-V3,V3,V2,,-1,-1,True,2.166700000000299e-05,1.308299999999707e-05,1,0,1
4,V0->V1 V2->V1 V0-V3,1,3,V0->V1 V0->V3 V2->V1,V0,V1,V2,-1,-1,True,2.5750000000004936e-05,5.445899999999282e-05,2,1,2
4,V0->V1 V2->V1 V0-V3,1,3,V0->V1 V0->V3 V2->V1,V0,V2,,-1,-1,True,2.2208000000009664e-05,4.83749999999894e-05,2,1,2
4,V0->V1 V2->V1 V0-V3,1,3,V0->V1 V0->V3 V2->V1,V0,V3,,1,1,True,1.5500000000001624e-05,4.5333000000008505e-05,1,1,2
4,V0->V1 V2->V1 V0-V3,1,3,V0->V1 V0->V3 V2->V1,V2,V0,,-1,-1,True,2.137500000000403e-05,4.795800000000072e-05,2,1,2
4,V0->V1 V2->V1 V0-V3,1,3,V0->V1 V0->V3 V2->V1,V2,V1,V0,-1,-1,True,2.5791999999996706e-05,4.975000000000118e-05,2,1,2
4,V0->V1 V2->V1 V0-V3,1,3,V0->V1 V0->V3 V2->V1,V2,V3,,-1,-1,True,2.108300000000507e-05,4.674999999999818e-05,2,1,2
4,V0->V1 V2->V1 V0-V3,1,3,V0->V1 V0->V3 V2->V1,V3,V2,,-1,-1,True,2.179100000000711e-05,4.762499999999559e-05,2,1,2
4,V0->V1 V2->V1 V0-V3,1,3,V0->V1 V2->V1 V3->V0,V0,V1,V2,-1,-1,True,2.562500000000134e-05,5.062499999999859e-05,2,1,2
4,V0->V1 V2->V1 V0-V3,1,3,V0->V1 V2->V1 V3->V0,V0,V2,,-1,-1,True,2.112499999999684e-05,4.645799999999922e-05,2,1,2
4,V0->V1 V2->V1 V0-V3,1,3,V0->V1 V2->V1 V3->V0,V2,V0,,-1,-1,True,2.112499999999684e-05,4.674999999999818e-05,2,1,2
4,V0->V1 V2->V1 V0-V3,1,3,V0->V1 V2->V1 V3->V0,V2,V1,V0,-1,-1,True,2.583300000000288e-05,5.112499999999909e-05,2,1,2
4,V0->V1 V2->V1 V0-V3,1,3,V0->V1 V2->V1 V3->V0,V2,V3,,-1,-1,True,2.0999999999993246e-05,4.6166999999999736e-05,2,1,2
4,V0->V1 V2->V1 V0-V3,1,3,V0->V1 V2->V1 V3->V0,V3,V0,,1,1,True,1.1665999999993515e-05,4.104200000000502e-05,1,1,2
4,V0->V1 V2->V1 V0-V3,1,3,V0->V1 V2->V1 V3->V0,V3,V1,V2,1,1,True,1.6000000000002124e-05,4.591600000000695e-05,1,1,2
4,V0->V1 V2->V1 V0-V3,1,3,V0->V1 V2->V1 V3->V0,V3,V2,,-1,-1,True,2.229100000000761e-05,4.6958999999999196e-05,2,1,2
4,V0->V1 V2->V1 V0-V3 V2-V3,2,6,V0->V1 V2->V1 V3->V0 V2-V3,V0,V1,V2,1,1,True,1.858300000000257e-05,7.012499999999033e-05,1,1,2
4,V0->V1 V2->V1 V0-V3 V2-V3,2,6,V0->V1 V2->V1 V3->V0 V2-V3,V3,V0,,1,1,True,1.9166000000001016e-05,7.033400000000523e-05,1,1,2
4,V0->V1 V2->V1 V0-V3 V2-V3,2,6,V0->V1 V2->V1 V3->V2 V0-V3,V2,V1,V0,1,1,True,2.54169999999998e-05,7.658300000000506e-05,1,1,2
4,V0->V1 V2->V1 V0-V3 V2-V3,2,6,V0->V1 V2->V1 V3->V2 V0-V3,V3,V2,,1,1,True,2.4707999999998287e-05,7.520799999999328e-05,1,1,2
4,V0->V1 V2->V1 V0-V3 V2-V3,2,6,V0->V1 V0->V3 V2->V1 V3->V2,V0,V1,,1,1,True,3.716599999999126e-05,7.224999999999593e-05,1,2,2
4,V0->V1 V2->V1 V0-V3 V2-V3,2,6,V0->V1 V0->V3 V2->V1 V3->V2,V0,V2,,1,1,True,3.2208999999991383e-05,6.766600000000789e-05,1,2,2
4,V0->V1 V2->V1 V0-V3 V2-V3,2,6,V0->V1 V0->V3 V2->V1 V3->V2,V0,V3,,1,1,True,2.9291000000000733e-05,6.570900000001101e-05,1,2,2
4,V0->V1 V2->V1 V0-V3 V2-V3,2,6,V0->V1 V0->V3 V2->V1 V3->V2,V2,V1,V0,2,2,True,3.266700000000011e-05,0.00012891700000000617,2,3,3
4,V0->V1 V2->V1 V0-V3 V2-V3,2,6,V0->V1 V0->V3 V2->V1 V3->V2,V3,V1,V0,1,1,True,2.737500000001003e-05,6.587499999999302e-05,1,2,2
4,V0->V1 V2->V1 V0-V3 V2-V3,2,6,V0->V1 V0->V3 V2->V1 V3->V2,V3,V2,,2,2,True,3.120800000000479e-05,0.00012520800000000165,2,3,3
4,V0->V1 V2->V1 V0-V3 V2-V3,2,6,V0->V1 V2->V1 V2->V3 V3->V0,V0,V1,V2,2,2,True,2.608300000001007e-05,0.00012529199999999907,2,3,3
4,V0->V1 V2->V1 V0-V3 V2-V3,2,6,V0->V1 V2->V1 V2->V3 V3->V0,V2,V0,,1,1,True,2.7916999999988423e-05,7.062500000000471e-05,1,2,2
4,V0->V1 V2->V1 V0-V3 V2-V3,2,6,V0->V1 V2->V1 V2->V3 V3->V0,V2,V1,,1,1,True,3.120800000000479e-05,7.166699999999748e-05,1,2,2
4,V0->V1 V2->V1 V0-V3 V2-V3,2,6,V0->V1 V2->V1 V2->V3 V3->V0,V2,V3,,1,1,True,2.4833999999987477e-05,6.554100000000229e-05,1,2,2
4,V0->V1 V2->V1 V0-V3 V2-V3,2,6,V0->V1 V2->V1 V2->V3 V3->V0,V3,V0,,2,2,True,2.5334000000001855e-05,0.0001224999999999976,2,3,3
4,V0->V1 V2->V1 V0-V3 V2-V3,2,6,V0->V1 V2->V1 V2->V3 V3->V0,V3,V1,V2,1,1,True,2.0166000000002016e-05,6.454200000000077e-05,1,2,2
4,V0->V1 V2->V1 V0-V3 V2-V3,2,6,V0->V1 V2->V1 V3->V0 V3->V2,V0,V1,V2,1,1,True,2.9249999999994558e-05,8.924999999999905e-05,1,2,3
4,V0->V1 V2->V1 V0-V3 V2-V3,2,6,V0->V1 V2->V1 V3->V0 V3->V2,V2,V1,V0,1,1,True,2.0874999999989652e-05,7.033400000000523e-05,1,2,2
4,V0->V1 V2->V1 V0-V3 V2-V3,2,6,V0->V1 V2->V1 V3->V0 V3->V2,V3,V0,,1,1,True,3.0832999999994004e-05,8.44170000000033e-05,1,2,3
4,V0->V1 V2->V1 V0-V3 V2-V3,2,6,V0->V1 V2->V1 V3->V0 V3->V2,V3,V1,,1,1,True,2.537500000000803e-05,7.84169999999973e-05,1,2,2
4,V0->V1 V2->V1 V0-V3 V2-V3,2,6,V0->V1 V2->V1 V3->V0 V3->V2,V3,V2,,1,1,True,4.558400000000129e-05,8.166599999999413e-05,1,2,2
4,V0->V1 V2->V1 V2-V3,1,3,V0->V1 V2->V1 V2-V3,V0,V1,V2,-1,-1,True,2.612500000000184e-05,1.5249999999994435e-05,1,0,1
4,V0->V1 V2->V1 V2-V3,1,3,V0->V1 V2->V1 V2-V3,V0,V2,,-1,-1,True,2.04169999999948e-05,1.2333000000003258e-05,1,0,1
4,V0->V1 V2->V1 V2-V3,1,3,V0->V1 V2->V1 V2-V3,V0,V3,,-1,-1,True,2.4666000000006516e-05,1.4583999999998043e-05,1,0,1
4,V0->V1 V2->V1 V2-V3,1,3,V0->V1 V2->V1 V2-V3,V2,V0,,-1,-1,True,2.1833999999998355e-05,1.2665999999994515e-05,1,0,1
4,V0->V1 V2->V1 V2-V3,1,3,V0->V1 V2->V1 V2-V3,V2,V1,V0,-1,-1,True,2.4958000000005476e-05,1.4125000000003718e-05,1,0,1
4,V0->V1 V2->V1 V2-V3,1,3,V0->V1 V2->V1 V2-V3,V3,V0,,-1,-1,True,2.1457999999988098e-05,1.2708000000000164e-05,1,0,1
4,V0->V1 V2->V1 V2-V3,1,3,V0->V1 V2->V1 V2->V3,V0,V1,V2,-1,-1,True,2.5292000000010084e-05,4.9915999999997074e-05,2,1,2
4,V0->V1 V2->V1 V2-V3,1,3,V0->V1 V2->V1 V2->V3,V0,V2,,-1,-1,True,2.012500000000972e-05,4.5083000000001316e-05,2,1,2
4,V0->V1 V2->V1 V2-V3,1,3,V0->V1 V2->V1 V2->V3,V0,V3,,-1,-1,True,2.012499999999584e-05,4.5083000000001316e-05,2,1,2
4,V0->V1 V2->V1 V2-V3,1,3,V0->V1 V2->V1 V2->V3,V2,V0,,-1,-1,True,2.162499999999734e-05,4.579100000000336e-05,2,1,2
4,V0->V1 V2->V1 V2-V3,1,3,V0->V1 V2->V1 V2->V3,V2,V1,V0,-1,-1,True,2.5374999999994152e-05,4.8667000000002236e-05,2,1,2
4,V0->V1 V2->V1 V2-V3,1,3,V0->V1 V2->V1 V2->V3,V2,V3,,1,1,True,1.533299999999238e-05,4.375000000000906e-05,1,1,2
4,V0->V1 V2->V1 V2-V3,1,3,V0->V1 V2->V1 V2->V3,V3,V0,,-1,-1,True,2.1792000000006584e-05,4.562499999999359e-05,2,1,2
4,V0->V1 V2->V1 V2-V3,1,3,V0->V1 V2->V1 V3->V2,V0,V1,V2,-1,-1,True,2.59170000000003e-05,5.0207999999996034e-05,2,1,2
4,V0->V1 V2->V1 V2-V3,1,3,V0->V1 V2->V1 V3->V2,V0,V2,,-1,-1,True,2.079100000000611e-05,4.574999999999718e-05,2,1,2
4,V0->V1 V2->V1 V2-V3,1,3,V0->V1 V2->V1 V3->V2,V0,V3,,-1,-1,True,2.05410000000128e-05,4.43339999999931e-05,2,1,2
4,V0->V1 V2->V1 V2-V3,1,3,V0->V1 V2->V1 V3->V2,V2,V0,,-1,-1,True,2.112499999999684e-05,4.600000000000437e-05,2,1,2
4,V0->V1 V2->V1 V2-V3,1,3,V0->V1 V2->V1 V3->V2,V2,V1,V0,-1,-1,True,2.5457999999992098e-05,4.9459000000001696e-05,2,1,2
4,V0->V1 V2->V1 V2-V3,1,3,V0->V1 V2->V1 V3->V2,V3,V0,,-1,-1,True,2.1541999999999395e-05,4.550000000000387e-05,2,1,2
4,V0->V1 V2->V1 V2-V3,1,3,V0->V1 V2->V1 V3->V2,V3,V1,V0,1,1,True,1.5249999999994435e-05,4.3374999999998276e-05,1,1,2
4,V0->V1 V2->V1 V2-V3,1,3,V0->V1 V2->V1 V3->V2,V3,V2,,1,1,True,1.0834000000001232e-05,3.825000000000356e-05,1,1,2
4,V0->V1 V2->V1 V3->V1 V0-V2,1,3,V0->V1 V2->V1 V3->V1 V0-V2,V0,V3,,-1,-1,True,2.3333999999999855e-05,1.4000000000000123e-05,1,0,1
4,V0->V1 V2->V1 V3->V1 V0-V2,1,3,V0->V1 V2->V1 V3->V1 V0-V2,V2,V3,,-1,-1,True,2.2499999999994746e-05,1.358299999999757e-05,1,0,1
4,V0->V1 V2->V1 V3->V1 V0-V2,1,3,V0->V1 V2->V1 V3->V1 V0-V2,V3,V0,,-1,-1,True,2.1709000000008638e-05,1.2957999999993475e-05,1,0,1
4,V0->V1 V2->V1 V3->V1 V0-V2,1,3,V0->V1 V2->V1 V3->V1 V0-V2,V3,V1,V0|V2,-1,-1,True,3.108400000000067e-05,1.7500000000003624e-05,1,0,1
4,V0->V1 V2->V1 V3->V1 V0-V2,1,3,V0->V1 V2->V1 V3->V1 V0-V2,V3,V2,,-1,-1,True,4.475000000001006e-05,1.529100000000061e-05,1,0,1
4,V0->V1 V2->V1 V3->V1 V0-V2,1,3,V0->V1 V0->V2 V2->V1 V3->V1,V0,V1,V3,1,1,True,2.4292000000009084e-05,5.9957999999998846e-05,1,1,2
4,V0->V1 V2->V1 V3->V1 V0-V2,1,3,V0->V1 V0->V2 V2->V1 V3->V1,V0,V2,,1,1,True,1.737500000000003e-05,5.175000000000318e-05,1,1,2
4,V0->V1 V2->V1 V3->V1 V0-V2,1,3,V0->V1 V0->V2 V2->V1 V3->V1,V0,V3,,-1,-1,True,2.316700000000449e-05,6.091699999999367e-05,2,1,2
4,V0->V1 V2->V1 V3->V1 V0-V2,1,3,V0->V1 V0->V2 V2->V1 V3->V1,V2,V1,V0|V3,1,1,True,1.862500000000822e-05,5.204100000000267e-05,1,1,2
4,V0->V1 V2->V1 V3->V1 V0-V2,1,3,V0->V1 V0->V2 V2->V1 V3->V1,V2,V3,,-1,-1,True,2.345900000000345e-05,5.279099999999648e-05,2,1,2
4,V0->V1 V2->V1 V3->V1 V0-V2,1,3,V0->V1 V0->V2 V2->V1 V3->V1,V3,V0,,-1,-1,True,2.2874999999991652e-05,5.100000000000937e-05,2,1,2
4,V0->V1 V2->V1 V3->V1 V0-V2,1,3,V0->V1 V0->V2 V2->V1 V3->V1,V3,V1,V0|V2,-1,-1,True,3.2124999999993964e-05,5.7792000000000954e-05,2,1,2
4,V0->V1 V2->V1 V3->V1 V0-V2,1,3,V0->V1 V0->V2 V2->V1 V3->V1,V3,V2,,-1,-1,True,2.212499999999784e-05,5.154100000000217e-05,2,1,2
4,V0->V1 V2->V1 V3->V1 V0-V2,1,3,V0->V1 V2->V0 V2->V1 V3->V1,V0,V1,V2|V3,1,1,True,1.1000000000011001e-05,4.329200000000033e-05,1,1,2
4,V0->V1 V2->V1 V3->V1 V0-V2,1,3,V0->V1 V2->V0 V2->V1 V3->V1,V0,V3,,-1,-1,True,2.337500000000603e-05,5.333299999998875e-05,2,1,2
4,V0->V1 V2->V1 V3->V1 V0-V2,1,3,V0->V1 V2->V0 V2->V1 V3->V1,V2,V0,,1,1,True,1.2417000000000677e-05,4.595799999999872e-05,1,1,2
4,V0->V1 V2->V1 V3->V1 V0-V2,1,3,V0->V1 V2->V0 V2->V1 V3->V1,V2,V1,V3,1,1,True,1.6582999999986692e-05,4.954200000001352e-05,1,1,2
4,V0->V1 V2->V1 V3->V1 V0-V2,1,3,V0->V1 V2->V0 V2->V1 V3->V1,V2,V3,,-1,-1,True,2.312499999999884e-05,5.125000000000268e-05,2,1,2
4,V0->V1 V2->V1 V3->V1 V0-V2,1,3,V0->V1 V2->V0 V2->V1 V3->V1,V3,V0,,-1,-1,True,2.2542000000000395e-05,5.075000000000218e-05,2,1,2
4,V0->V1 V2->V1 V3->V1 V0-V2,1,3,V0->V1 V2->V0 V2->V1 V3->V1,V3,V1,V0|V2,-1,-1,True,3.174999999999706e-05,5.795800000001072e-05,2,1,2
4,V0->V1 V2->V1 V3->V1 V0-V2,1,3,V0->V1 V2->V0 V2->V1 V3->V1,V3,V2,,-1,-1,True,2.24169999999968e-05,4.979100000000736e-05,2,1,2
4,V0->V1 V2->V1 V3->V1 V0-V2 V0-V3,2,6,V0->V1 V0->V2 V2->V1 V3->V1 V0-V3,V0,V2,,1,1,True,3.158400000000117e-05,8.7332999999995e-05,1,1,2
4,V0->V1 V2->V1 V3->V1 V0-V2 V0-V3,2,6,V0->V1 V0->V2 V2->V1 V3->V1 V0-V3,V2,V1,V0|V3,1,1,True,3.854200000000252e-05,9.391699999999892e-05,1,1,2
4,V0->V1 V2->V1 V3->V1 V0-V2 V0-V3,2,6,V0->V1 V0->V3 V2->V1 V3->V1 V0-V2,V0,V3,,1,1,True,2.5583999999995166e-05,8.025000000000393e-05,1,1,2
4,V0->V1 V2->V1 V3->V1 V0-V2 V0-V3,2,6,V0->V1 V0->V3 V2->V1 V3->V1 V0-V2,V3,V1,V0|V2,1,1,True,2.9874999999998653e-05,8.483300000000638e-05,1,1,2
4,V0->V1 V2->V1 V3->V1 V0-V2 V0-V3,2,6,V0->V1 V0->V2 V0->V3 V2->V1 V3->V1,V0,V1,,1,1,True,3.9625000000001465e-05,9.145800000000259e-05,1,2,2
4,V0->V1 V2->V1 V3->V1 V0-V2 V0-V3,2,6,V0->V1 V0->V2 V0->V3 V2->V1 V3->V1,V0,V2,,1,1,True,4.829100000000586e-05,9.824999999999418e-05,1,2,3
4,V0->V1 V2->V1 V3->V1 V0-V2 V0-V3,2,6,V0->V1 V0->V2 V0->V3 V2->V1 V3->V1,V0,V3,,1,1,True,3.0334000000006855e-05,8.404099999999304e-05,1,2,2
4,V0->V1 V2->V1 V3->V1 V0-V2 V0-V3,2,6,V0->V1 V0->V2 V0->V3 V2->V1 V3->V1,V2,V1,V0|V3,1,1,True,5.729100000000098e-05,0.00010595900000000269,1,2,3
4,V0->V1 V2->V1 V3->V1 V0-V2 V0-V3,2,6,V0->V1 V0->V2 V0->V3 V2->V1 V3->V1,V3,V1,V0|V2,1,1,True,3.179100000000323e-05,8.604199999999451e-05,1,2,2
4,V0->V1 V2->V1 V3->V1 V0-V2 V0-V3,2,6,V0->V1 V0->V2 V2->V1 V3->V0 V3->V1,V0,V1,V3,1,1,True,1.4166999999995489e-05,6.454100000000129e-05,1,2,2
4,V0->V1 V2->V1 V3->V1 V0-V2 V0-V3,2,6,V0->V1 V0->V2 V2->V1 V3->V0 V3->V1,V0,V2,,2,2,True,5.541700000000205e-05,0.00015604099999999566,2,3,3
4,V0->V1 V2->V1 V3->V1 V0-V2 V0-V3,2,6,V0->V1 V0->V2 V2->V1 V3->V0 V3->V1,V2,V1,V0|V3,2,2,True,4.808399999998991e-05,0.00016916599999999837,2,3,3
4,V0->V1 V2->V1 V3->V1 V0-V2 V0-V3,2,6,V0->V1 V0->V2 V2->V1 V3->V0 V3->V1,V3,V0,,1,1,True,1.966700000000099e-05,6.545800000000435e-05,1,2,2
4,V0->V1 V2->V1 V3->V1 V0-V2 V0-V3,2,6,V0->V1 V0->V2 V2->V1 V3->V0 V3->V1,V3,V1,,1,1,True,2.5957999999992598e-05,6.98750000000109e-05,1,2,2
4,V0->V1 V2->V1 V3->V1 V0-V2 V0-V3,2,6,V0->V1 V0->V2 V2->V1 V3->V0 V3->V1,V3,V2,,1,1,True,2.254100000000092e-05,6.562499999999971e-05,1,2,2
4,V0->V1 V2->V1 V3->V1 V0-V2 V0-V3,2,6,V0->V1 V0->V3 V2->V0 V2->V1 V3->V1,V0,V1,V2,1,1,True,1.4083000000011947e-05,6.504200000000127e-05,1,2,2
4,V0->V1 V2->V1 V3->V1 V0-V2 V0-V3,2,6,V0->V1 V0->V3 V2->V0 V2->V1 V3->V1,V0,V3,,2,2,True,3.208400000000167e-05,0.00013599999999999723,2,3,3
4,V0->V1 V2->V1 V3->V1 V0-V2 V0-V3,2,6,V0->V1 V0->V3 V2->V0 V2->V1 V3->V1,V2,V0,,1,1,True,1.9915999999994827e-05,6.541699999999817e-05,1,2,2
4,V0->V1 V2->V1 V3->V1 V0-V2 V0-V3,2,6,V0->V1 V0->V3 V2->V0 V2->V1 V3->V1,V2,V1,,1,1,True,2.6582999999996693e-05,6.870800000000066e-05,1,2,2
4,V0->V1 V2->V1 V3->V1 V0-V2 V0-V3,2,6,V0->V1 V0->V3 V2->V0 V2->V1 V3->V1,V2,V3,,1,1,True,2.2207999999995787e-05,6.562499999999971e-05,1,2,2
4,V0->V1 V2->V1 V3->V1 V0-V2 V0-V3,2,6,V0->V1 V0->V3 V2->V0 V2->V1 V3->V1,V3,V1,V0|V2,2,2,True,3.89580000000056e-05,0.00014224999999999655,2,3,3
4,V0->V1 V2->V1 V3->V1 V0-V2 V2-V3,2,6,V0->V1 V2->V0 V2->V1 V3->V1 V2-V3,V0,V1,V2|V3,1,1,True,2.19169999999963e-05,7.695800000000197e-05,1,1,2
4,V0->V1 V2->V1 V3->V1 V0-V2 V2-V3,2,6,V0->V1 V2->V0 V2->V1 V3->V1 V2-V3,V2,V0,,1,1,True,3.0334000000006855e-05,7.558300000000406e-05,1,1,2
4,V0->V1 V2->V1 V3->V1 V0-V2 V2-V3,2,6,V0->V1 V2->V1 V2->V3 V3->V1 V0-V2,V2,V3,,1,1,True,3.137500000000015e-05,8.758400000000166e-05,1,1,2
4,V0->V1 V2->V1 V3->V1 V0-V2 V2-V3,2,6,V0->V1 V2->V1 V2->V3 V3->V1 V0-V2,V3,V1,V0|V2,1,1,True,3.775000000000306e-05,9.404200000000251e-05,1,1,2
4,V0->V1 V2->V1 V3->V1 V0-V2 V2-V3,2,6,V0->V1 V0->V2 V2->V1 V2->V3 V3->V1,V0,V1,,1,1,True,4.174999999999318e-05,7.854200000000089e-05,1,2,2
4,V0->V1 V2->V1 V3->V1 V0-V2 V2-V3,2,6,V0->V1 V0->V2 V2->V1 V2->V3 V3->V1,V0,V2,,1,1,True,3.0249999999995558e-05,7.074999999999443e-05,1,2,2
4,V0->V1 V2->V1 V3->V1 V0-V2 V2-V3,2,6,V0->V1 V0->V2 V2->V1 V2->V3 V3->V1,V0,V3,,1,1,True,3.437500000000315e-05,7.258300000000106e-05,1,2,2
4,V0->V1 V2->V1 V3->V1 V0-V2 V2-V3,2,6,V0->V1 V0->V2 V2->V1 V2->V3 V3->V1,V2,V1,V0,1,1,True,3.0083000000000193e-05,8.058399999999466e-05,1,2,2
4,V0->V1 V2->V1 V3->V1 V0-V2 V2-V3,2,6,V0->V1 V0->V2 V2->V1 V2->V3 V3->V1,V2,V3,,2,2,True,3.854200000000252e-05,0.0001479580000000036,2,3,3
4,V0->V1 V2->V1 V3->V1 V0-V2 V2-V3,2,6,V0->V1 V0->V2 V2->V1 V2->V3 V3->V1,V3,V1,V0|V2,2,2,True,4.7375000000002276e-05,0.00015212500000000295,2,3,3
4,V0->V1 V2->V1 V3->V1 V0-V2 V2-V3,2,6,V0->V1 V2->V0 V2->V1 V2->V3 V3->V1,V0,V1,V2|V3,1,1,True,3.3332999999996504e-05,9.945799999999672e-05,1,2,3
4,V0->V1 V2->V1 V3->V1 V0-V2 V2-V3,2,6,V0->V1 V2->V0 V2->V1 V2->V3 V3->V1,V2,V0,,1,1,True,3.145900000001145e-05,9.254099999998766e-05,1,2,3
4,V0->V1 V2->V1 V3->V1 V0-V2 V2-V3,2,6,V0->V1 V2->V0 V2->V1 V2->V3 V3->V1,V2,V1,,1,1,True,3.2582999999988815e-05,9.02920000000057e-05,1,2,2
4,V0->V1 V2->V1 V3->V1 V0-V2 V2-V3,2,6,V0->V1 V2->V0 V2->V1 V2->V3 V3->V1,V2,V3,,1,1,True,3.683399999999948e-05,8.374999999999355e-05,1,2,2
4,V0->V1 V2->V1 V3->V1 V0-V2 V2-V3,2,6,V0->V1 V2->V0 V2->V1 V2->V3 V3->V1,V3,V1,V0|V2,1,1,True,3.9917000000000424e-05,8.712499999999346e-05,1,2,2
4,V0->V1 V2->V1 V3->V1 V0-V2 V2-V3,2,6,V0->V1 V2->V0 V2->V1 V3->V1 V3->V2,V0,V1,V2|V3,2,2,True,3.0208000000003787e-05,0.0001361669999999926,2,3,3
4,V0->V1 V2->V1 V3->V1 V0-V2 V2-V3,2,6,V0->V1 V2->V0 V2->V1 V3->V1 V3->V2,V2,V0,,2,2,True,2.712500000000284e-05,0.00013245900000000144,2,3,3
4,V0->V1 V2->V1 V3->V1 V0-V2 V2-V3,2,6,V0->V1 V2->V0 V2->V1 V3->V1 V3->V2,V2,V1,V3,1,1,True,1.4208000000001664e-05,6.2500000000007e-05,1,2,2
4,V0->V1 V2->V1 V3->V1 V0-V2 V2-V3,2,6,V0->V1 V2->V0 V2->V1 V3->V1 V3->V2,V3,V0,,1,1,True,2.262499999999834e-05,6.599999999999662e-05,1,2,2
4,V0->V1 V2->V1 V3->V1 V0-V2 V2-V3,2,6,V0->V1 V2->V0 V2->V1 V3->V1 V3->V2,V3,V1,,1,1,True,2.616599999999414e-05,6.712500000000121e-05,1,2,2
4,V0->V1 V2->V1 V3->V1 V0-V2 V2-V3,2,6,V0->V1 V2->V0 V2->V1 V3->V1 V3->V2,V3,V2,,1,1,True,2.0207999999993786e-05,6.18750000000029e-05,1,2,2
4,V0->V1 V2->V1 V3->V1 V0-V3,1,3,V0->V1 V2->V1 V3->V1 V0-V3,V0,V2,,-1,-1,True,2.3291999999994206e-05,1.4208000000001664e-05,1,0,1
4,V0->V1 V2->V1 V3->V1 V0-V3,1,3,V0->V1 V2->V1 V3->V1 V0-V3,V2,V0,,-1,-1,True,2.1417000000009678e-05,1.3249999999992434e-05,1,0,1
4,V0->V1 V2->V1 V3->V1 V0-V3,1,3,V0->V1 V2->V1 V3->V1 V0-V3,V2,V1,V0|V3,-1,-1,True,3.108300000000119e-05,1.7292000000002083e-05,1,0,1
4,V0->V1 V2->V1 V3->V1 V0-V3,1,3,V0->V1 V2->V1 V3->V1 V0-V3,V2,V3,,-1,-1,True,2.0999999999993246e-05,1.2666999999993989e-05,1,0,1
4,V0->V1 V2->V1 V3->V1 V0-V3,1,3,V0->V1 V2->V1 V3->V1 V0-V3,V3,V2,,-1,-1,True,2.237500000000503e-05,1.3417000000001678e-05,1,0,1
4,V0->V1 V2->V1 V3->V1 V0-V3,1,3,V0->V1 V0->V3 V2->V1 V3->V1,V0,V1,V2,1,1,True,2.2958000000003476e-05,5.595899999999432e-05,1,1,2
4,V0->V1 V2->V1 V3->V1 V0-V3,1,3,V0->V1 V0->V3 V2->V1 V3->V1,V0,V2,,-1,-1,True,2.262500000001222e-05,4.98749999999909e-05,2,1,2
4,V0->V1 V2->V1 V3->V1 V0-V3,1,3,V0->V1 V0->V3 V2->V1 V3->V1,V0,V3,,1,1,True,1.6500000000002624e-05,5.075000000000218e-05,1,1,2
4,V0->V1 V2->V1 V3->V1 V0-V3,1,3,V0->V1 V0->V3 V2->V1 V3->V1,V2,V0,,-1,-1,True,2.437500000000703e-05,5.912499999999321e-05,2,1,2
4,V0->V1 V2->V1 V3->V1 V0-V3,1,3,V0->V1 V0->V3 V2->V1 V3->V1,V2,V1,V0|V3,-1,-1,True,3.2832999999996004e-05,6.20000000000065e-05,2,1,2
4,V0->V1 V2->V1 V3->V1 V0-V3,1,3,V0->V1 V0->V3 V2->V1 V3->V1,V2,V3,,-1,-1,True,2.208300000000607e-05,5.212500000000009e-05,2,1,2
4,V0->V1 V2->V1 V3->V1 V0-V3,1,3,V0->V1 V0->V3 V2->V1 V3->V1,V3,V1,V0|V2,1,1,True,1.808300000000207e-05,5.8999999999989616e-05,1,1,2
4,V0->V1 V2->V1 V3->V1 V0-V3,1,3,V0->V1 V0->V3 V2->V1 V3->V1,V3,V2,,-1,-1,True,2.3250000000002435e-05,5.229100000000986e-05,2,1,2
4,V0->V1 V2->V1 V3->V1 V0-V3,1,3,V0->V1 V2->V1 V3->V0 V3->V1,V0,V1,V2|V3,1,1,True,1.0999999999997123e-05,4.3374999999998276e-05,1,1,2
4,V0->V1 V2->V1 V3->V1 V0-V3,1,3,V0->V1 V2->V1 V3->V0 V3->V1,V0,V2,,-1,-1,True,2.358300000000757e-05,5.058399999999241e-05,2,1,2
4,V0->V1 V2->V1 V3->V1 V0-V3,1,3,V0->V1 V2->V1 V3->V0 V3->V1,V2,V0,,-1,-1,True,2.212500000001172e-05,5.099999999999549e-05,2,1,2
4,V0->V1 V2->V1 V3->V1 V0-V3,1,3,V0->V1 V2->V1 V3->V0 V3->V1,V2,V1,V0|V3,-1,-1,True,3.150000000000375e-05,5.7792000000000954e-05,2,1,2
4,V0->V1 V2->V1 V3->V1 V0-V3,1,3,V0->V1 V2->V1 V3->V0 V3->V1,V2,V3,,-1,-1,True,2.183299999999888e-05,5.0125000000011966e-05,2,1,2
4,V0->V1 V2->V1 V3->V1 V0-V3,1,3,V0->V1 V2->V1 V3->V0 V3->V1,V3,V0,,1,1,True,1.2374999999995029e-05,4.429100000000186e-05,1,1,2
4,V0->V1 V2->V1 V3->V1 V0-V3,1,3,V0->V1 V2->V1 V3->V0 V3->V1,V3,V1,V2,1,1,True,1.6250000000009313e-05,4.808399999998991e-05,1,1,2
4,V0->V1 V2->V1 V3->V1 V0-V3,1,3,V0->V1 V2->V1 V3->V0 V3->V1,V3,V2,,-1,-1,True,2.270899999999576e-05,4.9707999999995534e-05,2,1,2
4,V0->V1 V2->V1 V3->V1 V0-V3 V2-V3,2,6,V0->V1 V2->V1 V3->V0 V3->V1 V2-V3,V0,V1,V2|V3,1,1,True,2.1792000000006584e-05,7.749999999999424e-05,1,1,2
4,V0->V1 V2->V1 V3->V1 V0-V3 V2-V3,2,6,V0->V1 V2->V1 V3->V0 V3->V1 V2-V3,V3,V0,,1,1,True,1.9833999999996355e-05,7.59160000000092e-05,1,1,2
4,V0->V1 V2->V1 V3->V1 V0-V3 V2-V3,2,6,V0->V1 V2->V1 V3->V1 V3->V2 V0-V3,V2,V1,V0|V3,1,1,True,3.0334000000006855e-05,8.737500000000065e-05,1,1,2
4,V0->V1 V2->V1 V3->V1 V0-V3 V2-V3,2,6,V0->V1 V2->V1 V3->V1 V3->V2 V0-V3,V3,V2,,1,1,True,2.5542000000003395e-05,8.174999999999155e-05,1,1,2
4,V0->V1 V2->V1 V3->V1 V0-V3 V2-V3,2,6,V0->V1 V0->V3 V2->V1 V3->V1 V3->V2,V0,V1,,1,1,True,4.170800000000141e-05,8.054199999998901e-05,1,2,2
4,V0->V1 V2->V1 V3->V1 V0-V3 V2-V3,2,6,V0->V1 V0->V3 V2->V1 V3->V1 V3->V2,V0,V2,,1,1,True,3.499999999999337e-05,7.408300000000256e-05,1,2,2
4,V0->V1 V2->V1 V3->V1 V0-V3 V2-V3,2,6,V0->V1 V0->V3 V2->V1 V3->V1 V3->V2,V0,V3,,1,1,True,3.1916999999992424e-05,7.09160000000042e-05,1,2,2
4,V0->V1 V2->V1 V3->V1 V0-V3 V2-V3,2,6,V0->V1 V0->V3 V2->V1 V3->V1 V3->V2,V2,V1,V0|V3,2,2,True,4.0582999999996816e-05,0.0001515420000000045,2,3,3
4,V0->V1 V2->V1 V3->V1 V0-V3 V2-V3,2,6,V0->V1 V0->V3 V2->V1 V3->V1 V3->V2,V3,V1,V0,1,1,True,2.916599999999714e-05,7.374999999999743e-05,1,2,2
4,V0->V1 V2->V1 V3->V1 V0-V3 V2-V3,2,6,V0->V1 V0->V3 V2->V1 V3->V1 V3->V2,V3,V2,,2,2,True,3.19579999999986e-05,0.00014095899999999606,2,3,3
4,V0->V1 V2->V1 V3->V1 V0-V3 V2-V3,2,6,V0->V1 V2->V1 V2->V3 V3->V0 V3->V1,V0,V1,V2|V3,2,2,True,3.116699999999861e-05,0.0001392919999999992,2,3,3
4,V0->V1 V2->V1 V3->V1 V0-V3 V2-V3,2,6,V0->V1 V2->V1 V2->V3 V3->V0 V3->V1,V2,V0,,1,1,True,2.9333000000006382e-05,7.44169999999933e-05,1,2,2
4,V0->V1 V2->V1 V3->V1 V0-V3 V2-V3,2,6,V0->V1 V2->V1 V2->V3 V3->V0 V3->V1,V2,V1,,1,1,True,3.4290999999991856e-05,7.762500000001171e-05,1,2,2
4,V0->V1 V2->V1 V3->V1 V0-V3 V2-V3,2,6,V0->V1 V2->V1 V2->V3 V3->V0 V3->V1,V2,V3,,1,1,True,2.6250000000005436e-05,7.033300000000575e-05,1,2,2
4,V0->V1 V2->V1 V3->V1 V0-V3 V2-V3,2,6,V0->V1 V2->V1 V2->V3 V3->V0 V3->V1,V3,V0,,2,2,True,2.6708000000000287e-05,0.00013258400000000503,2,3,3
4,V0->V1 V2->V1 V3->V1 V0-V3 V2-V3,2,6,V0->V1 V2->V1 V2->V3 V3->V0 V3->V1,V3,V1,V2,1,1,True,2.162499999999734e-05,6.945899999999394e-05,1,2,2
4,V0->V1 V2->V1 V3->V1 V0-V3 V2-V3,2,6,V0->V1 V2->V1 V3->V0 V3->V1 V3->V2,V0,V1,V2|V3,1,1,True,3.245899999999857e-05,9.729099999999935e-05,1,2,3
4,V0->V1 V2->V1 V3->V1 V0-V3 V2-V3,2,6,V0->V1 V2->V1 V3->V0 V3->V1 V3->V2,V2,V1,V0|V3,1,1,True,2.39169999999983e-05,7.720799999999528e-05,1,2,2
4,V0->V1 V2->V1 V3->V1 V0-V3 V2-V3,2,6,V0->V1 V2->V1 V3->V0 V3->V1 V3->V2,V3,V0,,1,1,True,5.358299999999594e-05,0.00010129200000000282,1,2,3
4,V0->V1 V2->V1 V3->V1 V0-V3 V2-V3,2,6,V0->V1 V2->V1 V3->V0 V3->V1 V3->V2,V3,V1,,1,1,True,2.6874999999995652e-05,8.350000000000024e-05,1,2,2
4,V0->V1 V2->V1 V3->V1 V0-V3 V2-V3,2,6,V0->V1 V2->V1 V3->V0 V3->V1 V3->V2,V3,V2,,1,1,True,2.5999999999998247e-05,7.833399999999935e-05,1,2,2
4,V0->V1 V2->V1 V3->V1 V2-V3,1,3,V0->V1 V2->V1 V3->V1 V2-V3,V0,V1,V2|V3,-1,-1,True,3.249999999999087e-05,1.837500000000103e-05,1,0,1
4,V0->V1 V2->V1 V3->V1 V2-V3,1,3,V0->V1 V2->V1 V3->V1 V2-V3,V0,V2,,-1,-1,True,2.1499999999993746e-05,1.3334000000003732e-05,1,0,1
4,V0->V1 V2->V1 V3->V1 V2-V3,1,3,V0->V1 V2->V1 V3->V1 V2-V3,V0,V3,,-1,-1,True,2.2500000000008624e-05,1.3249999999992434e-05,1,0,1
4,V0->V1 V2->V1 V3->V1 V2-V3,1,3,V0->V1 V2->V1 V3->V1 V2-V3,V2,V0,,-1,-1,True,2.312499999999884e-05,1.3625000000003218e-05,1,0,1
4,V0->V1 V2->V1 V3->V1 V2-V3,1,3,V0->V1 V2->V1 V3->V1 V2-V3,V3,V0,,-1,-1,True,2.3084000000006544e-05,1.354099999999192e-05,1,0,1
4,V0->V1 V2->V1 V3->V1 V2-V3,1,3,V0->V1 V2->V1 V2->V3 V3->V1,V0,V1,V2|V3,-1,-1,True,3.179200000000271e-05,5.9165999999999386e-05,2,1,2
4,V0->V1 V2->V1 V3->V1 V2-V3,1,3,V0->V1 V2->V1 V2->V3 V3->V1,V0,V2,,-1,-1,True,2.2166000000004016e-05,5.058399999999241e-05,2,1,2
4,V0->V1 V2->V1 V3->V1 V2-V3,1,3,V0->V1 V2->V1 V2->V3 V3->V1,V0,V3,,-1,-1,True,2.212499999999784e-05,5.062499999999859e-05,2,1,2
4,V0->V1 V2->V1 V3->V1 V2-V3,1,3,V0->V1 V2->V1 V2->V3 V3->V1,V2,V0,,-1,-1,True,2.283299999999988e-05,5.0667000000004236e-05,2,1,2
4,V0->V1 V2->V1 V3->V1 V2-V3,1,3,V0->V1 V2->V1 V2->V3 V3->V1,V2,V1,V0,1,1,True,2.3207999999996787e-05,5.495800000000772e-05,1,1,2
4,V0->V1 V2->V1 V3->V1 V2-V3,1,3,V0->V1 V2->V1 V2->V3 V3->V1,V2,V3,,1,1,True,1.6292000000001083e-05,4.745800000000022e-05,1,1,2
4,V0->V1 V2->V1 V3->V1 V2-V3,1,3,V0->V1 V2->V1 V2->V3 V3->V1,V3,V0,,-1,-1,True,2.333300000000038e-05,5.0667000000004236e-05,2,1,2
4,V0->V1 V2->V1 V3->V1 V2-V3,1,3,V0->V1 V2->V1 V2->V3 V3->V1,V3,V1,V0|V2,1,1,True,1.762499999999334e-05,0.00010825000000000418,1,1,2
4,V0->V1 V2->V1 V3->V1 V2-V3,1,3,V0->V1 V2->V1 V3->V1 V3->V2,V0,V1,V2|V3,-1,-1,True,3.133300000000838e-05,5.9083999999987036e-05,2,1,2
4,V0->V1 V2->V1 V3->V1 V2-V3,1,3,V0->V1 V2->V1 V3->V1 V3->V2,V0,V2,,-1,-1,True,2.204100000000042e-05,5.091699999999755e-05,2,1,2
4,V0->V1 V2->V1 V3->V1 V2-V3,1,3,V0->V1 V2->V1 V3->V1 V3->V2,V0,V3,,-1,-1,True,2.154099999999992e-05,4.9459000000001696e-05,2,1,2
4,V0->V1 V2->V1 V3->V1 V2-V3,1,3,V0->V1 V2->V1 V3->V1 V3->V2,V2,V0,,-1,-1,True,2.2791999999993706e-05,5.154100000000217e-05,2,1,2
4,V0->V1 V2->V1 V3->V1 V2-V3,1,3,V0->V1 V2->V1 V3->V1 V3->V2,V2,V1,V0|V3,1,1,True,1.0583999999994043e-05,4.1374999999996276e-05,1,1,2
4,V0->V1 V2->V1 V3->V1 V2-V3,1,3,V0->V1 V2->V1 V3->V1 V3->V2,V3,V0,,-1,-1,True,2.262499999999834e-05,4.904200000001302e-05,2,1,2
4,V0->V1 V2->V1 V3->V1 V2-V3,1,3,V0->V1 V2->V1 V3->V1 V3->V2,V3,V1,V0,1,1,True,1.587499999999853e-05,4.7875000000002776e-05,1,1,2
4,V0->V1 V2->V1 V3->V1 V2-V3,1,3,V0->V1 V2->V1 V3->V1 V3->V2,V3,V2,,1,1,True,1.2082999999996069e-05,4.3666999999997236e-05,1,1,2
4,V0->V1 V3->V1 V0-V2,1,3,V0->V1 V3->V1 V0-V2,V0,V1,V3,-1,-1,True,2.7708000000001287e-05,1.5166999999996489e-05,1,0,1
4,V0->V1 V3->V1 V0-V2,1,3,V0->V1 V3->V1 V0-V2,V0,V3,,-1,-1,True,2.112499999999684e-05,1.2708999999999637e-05,1,0,1
4,V0->V1 V3->V1 V0-V2,1,3,V0->V1 V3->V1 V0-V2,V2,V3,,-1,-1,True,2.1250000000000435e-05,1.3374999999996029e-05,1,0,1
4,V0->V1 V3->V1 V0-V2,1,3,V0->V1 V3->V1 V0-V2,V3,V0,,-1,-1,True,2.029100000000561e-05,1.1958999999991948e-05,1,0,1
4,V0->V1 V3->V1 V0-V2,1,3,V0->V1 V3->V1 V0-V2,V3,V1,V0,-1,-1,True,2.4958000000005476e-05,1.4208000000001664e-05,1,0,1
4,V0->V1 V3->V1 V0-V2,1,3,V0->V1 V3->V1 V0-V2,V3,V2,,-1,-1,True,1.987500000000253e-05,1.1749999999990934e-05,1,0,1
4,V0->V1 V3->V1 V0-V2,1,3,V0->V1 V0->V2 V3->V1,V0,V1,V3,-1,-1,True,2.537500000000803e-05,5.158399999999341e-05,2,1,2
4,V0->V1 V3->V1 V0-V2,1,3,V0->V1 V0->V2 V3->V1,V0,V2,,1,1,True,1.5541999999993394e-05,4.620800000000591e-05,1,1,2
4,V0->V1 V3->V1 V0-V2,1,3,V0->V1 V0->V2 V3->V1,V0,V3,,-1,-1,True,2.137500000000403e-05,4.616600000000026e-05,2,1,2
4,V0->V1 V3->V1 V0-V2,1,3,V0->V1 V0->V2 V3->V1,V2,V3,,-1,-1,True,2.0916000000009705e-05,4.6458999999998696e-05,2,1,2
4,V0->V1 V3->V1 V0-V2,1,3,V0->V1 V0->V2 V3->V1,V3,V0,,-1,-1,True,2.0833999999997355e-05,4.525000000001056e-05,2,1,2
4,V0->V1 V3->V1 V0-V2,1,3,V0->V1 V0->V2 V3->V1,V3,V1,V0,-1,-1,True,2.5040999999989544e-05,4.808400000000379e-05,2,1,2
4,V0->V1 V3->V1 V0-V2,1,3,V0->V1 V0->V2 V3->V1,V3,V2,,-1,-1,True,1.9749999999998935e-05,4.470799999999053e-05,2,1,2
4,V0->V1 V3->V1 V0-V2,1,3,V0->V1 V2->V0 V3->V1,V0,V1,V3,-1,-1,True,2.483300000000188e-05,4.829199999999145e-05,2,1,2
4,V0->V1 V3->V1 V0-V2,1,3,V0->V1 V2->V0 V3->V1,V0,V3,,-1,-1,True,2.0541999999998395e-05,4.604199999999614e-05,2,1,2
4,V0->V1 V3->V1 V0-V2,1,3,V0->V1 V2->V0 V3->V1,V2,V0,,1,1,True,1.0916999999999177e-05,3.941600000000045e-05,1,1,2
4,V0->V1 V3->V1 V0-V2,1,3,V0->V1 V2->V0 V3->V1,V2,V1,V3,1,1,True,1.533299999999238e-05,4.3167000000010614e-05,1,1,2
4,V0->V1 V3->V1 V0-V2,1,3,V0->V1 V2->V0 V3->V1,V2,V3,,-1,-1,True,2.095900000000095e-05,4.416599999999826e-05,2,1,2
4,V0->V1 V3->V1 V0-V2,1,3,V0->V1 V2->V0 V3->V1,V3,V0,,-1,-1,True,1.9833999999996355e-05,4.516599999999926e-05,2,1,2
4,V0->V1 V3->V1 V0-V2,1,3,V0->V1 V2->V0 V3->V1,V3,V1,V0,-1,-1,True,2.49169999999993e-05,4.824999999999968e-05,2,1,2
4,V0->V1 V3->V1 V0-V2,1,3,V0->V1 V2->V0 V3->V1,V3,V2,,-1,-1,True,1.9917000000008178e-05,4.333299999999263e-05,2,1,2
4,V0->V1 V3->V1 V0-V2 V2-V3,2,6,V0->V1 V2->V0 V3->V1 V2-V3,V0,V1,V3,1,1,True,1.8790999999990232e-05,6.899999999999962e-05,1,1,2
4,V0->V1 V3->V1 V0-V2 V2-V3,2,6,V0->V1 V2->V0 V3->V1 V2-V3,V2,V0,,1,1,True,1.8792000000003584e-05,6.837499999999552e-05,1,1,2
4,V0->V1 V3->V1 V0-V2 V2-V3,2,6,V0->V1 V2->V3 V3->V1 V0-V2,V2,V3,,1,1,True,2.9416999999989923e-05,7.950000000001012e-05,1,1,2
4,V0->V1 V3->V1 V0-V2 V2-V3,2,6,V0->V1 V2->V3 V3->V1 V0-V2,V3,V1,V0,1,1,True,3.625000000000156e-05,8.27919999999982e-05,1,1,2
4,V0->V1 V3->V1 V0-V2 V2-V3,2,6,V0->V1 V0->V2 V2->V3 V3->V1,V0,V1,,1,1,True,3.595900000000207e-05,6.962500000000371e-05,1,2,2
4,V0->V1 V3->V1 V0-V2 V2-V3,2,6,V0->V1 V0->V2 V2->V3 V3->V1,V0,V2,,1,1,True,2.8124999999989964e-05,6.466600000000489e-05,1,2,2
4,V0->V1 V3->V1 V0-V2 V2-V3,2,6,V0->V1 V0->V2 V2->V3 V3->V1,V0,V3,,1,1,True,3.204199999999602e-05,6.599999999999662e-05,1,2,2
4,V0->V1 V3->V1 V0-V2 V2-V3,2,6,V0->V1 V0->V2 V2->V3 V3->V1,V2,V1,V0,1,1,True,2.7250000000006436e-05,6.404200000000027e-05,1,2,2
4,V0->V1 V3->V1 V0-V2 V2-V3,2,6,V0->V1 V0->V2 V2->V3 V3->V1,V2,V3,,2,2,True,3.5416999999995924e-05,0.0001277910000000021,2,3,3
4,V0->V1 V3->V1 V0-V2 V2-V3,2,6,V0->V1 V0->V2 V2->V3 V3->V1,V3,V1,V0,2,2,True,3.999999999999837e-05,0.00013204199999999888,2,3,3
4,V0->V1 V3->V1 V0-V2 V2-V3,2,6,V0->V1 V2->V0 V2->V3 V3->V1,V0,V1,V3,1,1,True,2.816599999999614e-05,8.537499999999865e-05,1,2,3
4,V0->V1 V3->V1 V0-V2 V2-V3,2,6,V0->V1 V2->V0 V2->V3 V3->V1,V2,V0,,1,1,True,3.0290999999987855e-05,8.370900000000125e-05,1,2,3
4,V0->V1 V3->V1 V0-V2 V2-V3,2,6,V0->V1 V2->V0 V2->V3 V3->V1,V2,V1,,1,1,True,3.0832999999994004e-05,7.99169999999988e-05,1,2,2
4,V0->V1 V3->V1 V0-V2 V2-V3,2,6,V0->V1 V2->V0 V2->V3 V3->V1,V2,V3,,1,1,True,3.3791000000005234e-05,7.358400000000154e-05,1,2,2
4,V0->V1 V3->V1 V0-V2 V2-V3,2,6,V0->V1 V2->V0 V2->V3 V3->V1,V3,V1,V0,1,1,True,3.504199999999902e-05,7.42500000000118e-05,1,2,2
4,V0->V1 V3->V1 V0-V2 V2-V3,2,6,V0->V1 V2->V0 V3->V1 V3->V2,V0,V1,V3,2,2,True,2.6207999999999787e-05,0.00011966700000000385,2,3,3
4,V0->V1 V3->V1 V0-V2 V2-V3,2,6,V0->V1 V2->V0 V3->V1 V3->V2,V2,V0,,2,2,True,2.4957999999991598e-05,0.00011625000000001218,2,3,3
4,V0->V1 V3->V1 V0-V2 V2-V3,2,6,V0->V1 V2->V0 V3->V1 V3->V2,V2,V1,V3,1,1,True,1.2750000000005812e-05,5.58749999999969e-05,1,2,2
4,V0->V1 V3->V1 V0-V2 V2-V3,2,6,V0->V1 V2->V0 V3->V1 V3->V2,V3,V0,,1,1,True,2.1250000000000435e-05,5.875000000001018e-05,1,2,2
4,V0->V1 V3->V1 V0-V2 V2-V3,2,6,V0->V1 V2->V0 V3->V1 V3->V2,V3,V1,,1,1,True,2.3999999999996247e-05,6.0792000000003954e-05,1,2,2
4,V0->V1 V3->V1 V0-V2 V2-V3,2,6,V0->V1 V2->V0 V3->V1 V3->V2,V3,V2,,1,1,True,1.912500000000872e-05,5.620899999998763e-05,1,2,2
4,V0->V1 V3->V1 V2-V3,1,3,V0->V1 V3->V1 V2-V3,V0,V1,V3,-1,-1,True,2.566599999999364e-05,1.4959000000008826e-05,1,0,1
4,V0->V1 V3->V1 V2-V3,1,3,V0->V1 V3->V1 V2-V3,V0,V2,,-1,-1,True,2.0249999999999435e-05,1.2374999999995029e-05,1,0,1
4,V0->V1 V3->V1 V2-V3,1,3,V0->V1 V3->V1 V2-V3,V0,V3,,-1,-1,True,1.987500000000253e-05,1.1957999999992475e-05,1,0,1
4,V0->V1 V3->V1 V2-V3,1,3,V0->V1 V3->V1 V2-V3,V2,V0,,-1,-1,True,2.108300000000507e-05,1.2334000000002732e-05,1,0,1
4,V0->V1 V3->V1 V2-V3,1,3,V0->V1 V3->V1 V2-V3,V3,V0,,-1,-1,True,2.1999999999994246e-05,1.3750000000006812e-05,1,0,1
4,V0->V1 V3->V1 V2-V3,1,3,V0->V1 V3->V1 V2-V3,V3,V1,V0,-1,-1,True,2.44169999999988e-05,1.5000000000001124e-05,1,0,1
4,V0->V1 V3->V1 V2-V3,1,3,V0->V1 V2->V3 V3->V1,V0,V1,V3,-1,-1,True,2.554100000000392e-05,5.391700000000055e-05,2,1,2
4,V0->V1 V3->V1 V2-V3,1,3,V0->V1 V2->V3 V3->V1,V0,V2,,-1,-1,True,2.083299999999788e-05,4.700000000000537e-05,2,1,2
4,V0->V1 V3->V1 V2-V3,1,3,V0->V1 V2->V3 V3->V1,V0,V3,,-1,-1,True,2.1957999999988598e-05,4.725000000001256e-05,2,1,2
4,V0->V1 V3->V1 V2-V3,1,3,V0->V1 V2->V3 V3->V1,V2,V0,,-1,-1,True,2.2208000000009664e-05,4.83339999999971e-05,2,1,2
4,V0->V1 V3->V1 V2-V3,1,3,V0->V1 V2->V3 V3->V1,V2,V1,V0,1,1,True,2.237500000000503e-05,5.1707999999997534e-05,1,1,2
4,V0->V1 V3->V1 V2-V3,1,3,V0->V1 V2->V3 V3->V1,V2,V3,,1,1,True,1.5166999999996489e-05,4.4583000000000816e-05,1,1,2
4,V0->V1 V3->V1 V2-V3,1,3,V0->V1 V2->V3 V3->V1,V3,V0,,-1,-1,True,2.1041999999998895e-05,4.758300000000382e-05,2,1,2
4,V0->V1 V3->V1 V2-V3,1,3,V0->V1 V2->V3 V3->V1,V3,V1,V0,-1,-1,True,2.5749999999991058e-05,5.025000000000168e-05,2,1,2
4,V0->V1 V3->V1 V2-V3,1,3,V0->V1 V3->V1 V3->V2,V0,V1,V3,-1,-1,True,2.6749999999992058e-05,5.2709000000011885e-05,2,1,2
4,V0->V1 V3->V1 V2-V3,1,3,V0->V1 V3->V1 V3->V2,V0,V2,,-1,-1,True,2.1000000000007124e-05,4.574999999999718e-05,2,1,2
4,V0->V1 V3->V1 V2-V3,1,3,V0->V1 V3->V1 V3->V2,V0,V3,,-1,-1,True,2.0958000000001475e-05,4.533299999999463e-05,2,1,2
4,V0->V1 V3->V1 V2-V3,1,3,V0->V1 V3->V1 V3->V2,V2,V0,,-1,-1,True,2.1499999999993746e-05,4.754199999999764e-05,2,1,2
4,V0->V1 V3->V1 V2-V3,1,3,V0->V1 V3->V1 V3->V2,V3,V0,,-1,-1,True,2.112499999999684e-05,4.5709000000004885e-05,2,1,2
4,V0->V1 V3->V1 V2-V3,1,3,V0->V1 V3->V1 V3->V2,V3,V1,V0,-1,-1,True,2.520899999999826e-05,4.908299999999144e-05,2,1,2
4,V0->V1 V3->V1 V2-V3,1,3,V0->V1 V3->V1 V3->V2,V3,V2,,1,1,True,1.1083999999994543e-05,3.9625000000001465e-05,1,1,2
4,V0->V2 V0->V3 V1->V2 V1->V3 V2-V3,1,3,V0->V2 V0->V3 V1->V2 V1->V3 V2-V3,V0,V1,,-1,-1,True,2.337500000000603e-05,1.4041999999991894e-05,1,0,1
4,V0->V2 V0->V3 V1->V2 V1->V3 V2-V3,1,3,V0->V2 V0->V3 V1->V2 V1->V3 V2-V3,V0,V2,V1,-1,-1,True,2.9292000000000207e-05,1.683299999999388e-05,1,0,1
4,V0->V2 V0->V3 V1->V2 V1->V3 V2-V3,1,3,V0->V2 V0->V3 V1->V2 V1->V3 V2-V3,V0,V3,V1,-1,-1,True,2.9500000000001747e-05,1.7165999999999015e-05,1,0,1
4,V0->V2 V0->V3 V1->V2 V1->V3 V2-V3,1,3,V0->V2 V0->V3 V1->V2 V1->V3 V2-V3,V1,V0,,-1,-1,True,2.283299999999988e-05,1.3917000000002178e-05,1,0,1
4,V0->V2 V0->V3 V1->V2 V1->V3 V2-V3,1,3,V0->V2 V0->V3 V1->V2 V1->V3 V2-V3,V1,V2,V0,-1,-1,True,2.991599999999095e-05,1.7042000000008772e-05,1,0,1
4,V0->V2 V0->V3 V1->V2 V1->V3 V2-V3,1,3,V0->V2 V0->V3 V1->V2 V1->V3 V2-V3,V1,V3,V0,-1,-1,True,2.99170000000043e-05,1.7292000000002083e-05,1,0,1
4,V0->V2 V0->V3 V1->V2 V1->V3 V2-V3,1,3,V0->V2 V0->V3 V1->V2 V1->V3 V2->V3,V0,V1,,-1,-1,True,2.304100000000142e-05,5.754200000000764e-05,2,1,2
4,V0->V2 V0->V3 V1->V2 V1->V3 V2-V3,1,3,V0->V2 V0->V3 V1->V2 V1->V3 V2->V3,V0,V2,V1,-1,-1,True,3.154199999999552e-05,6.20000000000065e-05,2,1,2
4,V0->V2 V0->V3 V1->V2 V1->V3 V2-V3,1,3,V0->V2 V0->V3 V1->V2 V1->V3 V2->V3,V0,V3,V1,-1,-1,True,2.9124999999990964e-05,6.016699999999986e-05,2,1,2
4,V0->V2 V0->V3 V1->V2 V1->V3 V2-V3,1,3,V0->V2 V0->V3 V1->V2 V1->V3 V2->V3,V1,V0,,-1,-1,True,2.2542000000000395e-05,5.525000000000668e-05,2,1,2
4,V0->V2 V0->V3 V1->V2 V1->V3 V2-V3,1,3,V0->V2 V0->V3 V1->V2 V1->V3 V2->V3,V1,V2,V0,-1,-1,True,2.9874999999998653e-05,5.995800000001272e-05,2,1,2
4,V0->V2 V0->V3 V1->V2 V1->V3 V2-V3,1,3,V0->V2 V0->V3 V1->V2 V1->V3 V2->V3,V1,V3,V0,-1,-1,True,2.9292000000000207e-05,5.962499999999371e-05,2,1,2
4,V0->V2 V0->V3 V1->V2 V1->V3 V2-V3,1,3,V0->V2 V0->V3 V1->V2 V1->V3 V2->V3,V2,V3,V0|V1,1,1,True,2.870799999998841e-05,6.454200000000077e-05,1,1,2
4,V0->V2 V0->V3 V1->V2 V1->V3 V2-V3,1,3,V0->V2 V0->V3 V1->V2 V1->V3 V3->V2,V0,V1,,-1,-1,True,2.3249999999988558e-05,5.616600000001026e-05,2,1,2
4,V0->V2 V0->V3 V1->V2 V1->V3 V2-V3,1,3,V0->V2 V0->V3 V1->V2 V1->V3 V3->V2,V0,V2,V1,-1,-1,True,3.054199999999452e-05,6.358300000000594e-05,2,1,2
4,V0->V2 V0->V3 V1->V2 V1->V3 V2-V3,1,3,V0->V2 V0->V3 V1->V2 V1->V3 V3->V2,V0,V3,V1,-1,-1,True,2.94579999999961e-05,5.9792000000002954e-05,2,1,2
4,V0->V2 V0->V3 V1->V2 V1->V3 V2-V3,1,3,V0->V2 V0->V3 V1->V2 V1->V3 V3->V2,V1,V0,,-1,-1,True,2.3791999999994706e-05,5.404200000000414e-05,2,1,2
4,V0->V2 V0->V3 V1->V2 V1->V3 V2-V3,1,3,V0->V2 V0->V3 V1->V2 V1->V3 V3->V2,V1,V2,V0,-1,-1,True,2.9958999999996072e-05,6.17499999999993e-05,2,1,2
4,V0->V2 V0->V3 V1->V2 V1->V3 V2-V3,1,3,V0->V2 V0->V3 V1->V2 V1->V3 V3->V2,V1,V3,V0,-1,-1,True,2.94579999999961e-05,5.833299999999375e-05,2,1,2
4,V0->V2 V0->V3 V1->V2 V1->V3 V2-V3,1,3,V0->V2 V0->V3 V1->V2 V1->V3 V3->V2,V3,V2,V0|V1,1,1,True,2.112499999999684e-05,5.9249999999996805e-05,1,1,2
4,V0->V2 V1->V2 V0-V3,1,3,V0->V2 V1->V2 V0-V3,V0,V1,,-1,-1,True,2.266700000000399e-05,1.3374999999996029e-05,1,0,1
4,V0->V2 V1->V2 V0-V3,1,3,V0->V2 V1->V2 V0-V3,V0,V2,V1,-1,-1,True,2.6290999999997733e-05,1.5166999999996489e-05,1,0,1
4,V0->V2 V1->V2 V0-V3,1,3,V0->V2 V1->V2 V0-V3,V1,V0,,-1,-1,True,2.1084000000004544e-05,1.283299999998988e-05,1,0,1
4,V0->V2 V1->V2 V0-V3,1,3,V0->V2 V1->V2 V0-V3,V1,V2,V0,-1,-1,True,2.612500000000184e-05,1.5125000000004718e-05,1,0,1
4,V0->V2 V1->V2 V0-V3,1,3,V0->V2 V1->V2 V0-V3,V1,V3,,-1,-1,True,2.0499999999992746e-05,1.2541000000004798e-05,1,0,1
4,V0->V2 V1->V2 V0-V3,1,3,V0->V2 V1->V2 V0-V3,V3,V1,,-1,-1,True,2.1750000000000935e-05,1.2917000000001178e-05,1,0,1
4,V0->V2 V1->V2 V0-V3,1,3,V0->V2 V0->V3 V1->V2,V0,V1,,-1,-1,True,2.112499999999684e-05,4.6917000000007425e-05,2,1,2
4,V0->V2 V1->V2 V0-V3,1,3,V0->V2 V0->V3 V1->V2,V0,V2,V1,-1,-1,True,2.5958000000006476e-05,5.03339999999991e-05,2,1,2
4,V0->V2 V1->V2 V0-V3,1,3,V0->V2 V0->V3 V1->V2,V0,V3,,1,1,True,1.5333000000006258e-05,4.512499999999309e-05,1,1,2
4,V0->V2 V1->V2 V0-V3,1,3,V0->V2 V0->V3 V1->V2,V1,V0,,-1,-1,True,2.0500000000006624e-05,4.5083000000001316e-05,2,1,2
4,V0->V2 V1->V2 V0-V3,1,3,V0->V2 V0->V3 V1->V2,V1,V2,V0,-1,-1,True,2.54169999999998e-05,4.824999999999968e-05,2,1,2
4,V0->V2 V1->V2 V0-V3,1,3,V0->V2 V0->V3 V1->V2,V1,V3,,-1,-1,True,2.0041999999997895e-05,4.5666999999999236e-05,2,1,2
4,V0->V2 V1->V2 V0-V3,1,3,V0->V2 V0->V3 V1->V2,V3,V1,,-1,-1,True,2.112499999999684e-05,4.629100000000386e-05,2,1,2
4,V0->V2 V1->V2 V0-V3,1,3,V0->V2 V1->V2 V3->V0,V0,V1,,-1,-1,True,2.116700000000249e-05,4.774999999999918e-05,2,1,2
4,V0->V2 V1->V2 V0-V3,1,3,V0->V2 V1->V2 V3->V0,V0,V2,V1,-1,-1,True,2.520899999999826e-05,4.945800000000222e-05,2,1,2
4,V0->V2 V1->V2 V0-V3,1,3,V0->V2 V1->V2 V3->V0,V1,V0,,-1,-1,True,2.0208000000007664e-05,4.691699999999355e-05,2,1,2
4,V0->V2 V1->V2 V0-V3,1,3,V0->V2 V1->V2 V3->V0,V1,V2,V0,-1,-1,True,2.54169999999998e-05,4.908300000000532e-05,2,1,2
4,V0->V2 V1->V2 V0-V3,1,3,V0->V2 V1->V2 V3->V0,V1,V3,,-1,-1,True,2.0082999999990192e-05,4.6417000000006925e-05,2,1,2
4,V0->V2 V1->V2 V0-V3,1,3,V0->V2 V1->V2 V3->V0,V3,V0,,1,1,True,1.1083999999994543e-05,4.0041000000004545e-05,1,1,2
4,V0->V2 V1->V2 V0-V3,1,3,V0->V2 V1->V2 V3->V0,V3,V1,,-1,-1,True,2.162499999999734e-05,4.695799999999972e-05,2,1,2
4,V0->V2 V1->V2 V0-V3,1,3,V0->V2 V1->V2 V3->V0,V3,V2,V1,1,1,True,1.5457999999995975e-05,4.450000000000287e-05,1,1,2
4,V0->V2 V1->V2 V0-V3 V1-V3,2,6,V0->V2 V1->V2 V3->V0 V1-V3,V0,V2,V1,1,1,True,2.0041999999997895e-05,7.170800000000366e-05,1,1,2
4,V0->V2 V1->V2 V0-V3 V1-V3,2,6,V0->V2 V1->V2 V3->V0 V1-V3,V3,V0,,1,1,True,2.0000000000020002e-05,7.129200000000058e-05,1,1,2
4,V0->V2 V1->V2 V0-V3 V1-V3,2,6,V0->V2 V1->V2 V3->V1 V0-V3,V1,V2,V0,1,1,True,2.8332999999991504e-05,8.029199999998182e-05,1,1,2
4,V0->V2 V1->V2 V0-V3 V1-V3,2,6,V0->V2 V1->V2 V3->V1 V0-V3,V3,V1,,1,1,True,2.9292000000014085e-05,8.691699999999192e-05,1,1,2
4,V0->V2 V1->V2 V0-V3 V1-V3,2,6,V0->V2 V0->V3 V1->V2 V3->V1,V0,V1,,1,1,True,3.49580000000016e-05,7.316700000001286e-05,1,2,2
4,V0->V2 V1->V2 V0-V3 V1-V3,2,6,V0->V2 V0->V3 V1->V2 V3->V1,V0,V2,,1,1,True,3.7874999999992776e-05,7.258399999998666e-05,1,2,2
4,V0->V2 V1->V2 V0-V3 V1-V3,2,6,V0->V2 V0->V3 V1->V2 V3->V1,V0,V3,,1,1,True,3.049999999998887e-05,6.629199999999558e-05,1,2,2
4,V0->V2 V1->V2 V0-V3 V1-V3,2,6,V0->V2 V0->V3 V1->V2 V3->V1,V1,V2,V0,2,2,True,3.429100000001961e-05,0.0001377919999999977,2,3,3
4,V0->V2 V1->V2 V0-V3 V1-V3,2,6,V0->V2 V0->V3 V1->V2 V3->V1,V3,V1,,2,2,True,3.2250000000011436e-05,0.00013104199999999788,2,3,3
4,V0->V2 V1->V2 V0-V3 V1-V3,2,6,V0->V2 V0->V3 V1->V2 V3->V1,V3,V2,V0,1,1,True,2.783300000000488e-05,6.591699999999867e-05,1,2,2
4,V0->V2 V1->V2 V0-V3 V1-V3,2,6,V0->V2 V1->V2 V1->V3 V3->V0,V0,V2,V1,2,2,True,4.4167000000011614e-05,0.00014687499999999076,2,3,3
4,V0->V2 V1->V2 V0-V3 V1-V3,2,6,V0->V2 V1->V2 V1->V3 V3->V0,V1,V0,,1,1,True,3.033300000002126e-05,7.312499999997946e-05,1,2,2
4,V0->V2 V1->V2 V0-V3 V1-V3,2,6,V0->V2 V1->V2 V1->V3 V3->V0,V1,V2,,1,1,True,3.262500000000834e-05,7.379099999998973e-05,1,2,2
4,V0->V2 V1->V2 V0-V3 V1-V3,2,6,V0->V2 V1->V2 V1->V3 V3->V0,V1,V3,,1,1,True,2.5749999999991058e-05,6.662499999998683e-05,1,2,2
4,V0->V2 V1->V2 V0-V3 V1-V3,2,6,V0->V2 V1->V2 V1->V3 V3->V0,V3,V0,,2,2,True,2.7166999999994612e-05,0.00013041599999999431,2,3,3
4,V0->V2 V1->V2 V0-V3 V1-V3,2,6,V0->V2 V1->V2 V1->V3 V3->V0,V3,V2,V1,1,1,True,2.116699999998861e-05,6.712500000000121e-05,1,2,2
4,V0->V2 V1->V2 V0-V3 V1-V3,2,6,V0->V2 V1->V2 V3->V0 V3->V1,V0,V2,V1,1,1,True,3.004199999998014e-05,9.158300000000619e-05,1,2,3
4,V0->V2 V1->V2 V0-V3 V1-V3,2,6,V0->V2 V1->V2 V3->V0 V3->V1,V1,V2,V0,1,1,True,2.2292000000007084e-05,7.324999999999693e-05,1,2,2
4,V0->V2 V1->V2 V0-V3 V1-V3,2,6,V0->V2 V1->V2 V3->V0 V3->V1,V3,V0,,1,1,True,3.304099999998367e-05,9.029200000001958e-05,1,2,3
4,V0->V2 V1->V2 V0-V3 V1-V3,2,6,V0->V2 V1->V2 V3->V0 V3->V1,V3,V1,,1,1,True,2.6958000000021354e-05,7.599999999999274e-05,1,2,2
4,V0->V2 V1->V2 V0-V3 V1-V3,2,6,V0->V2 V1->V2 V3->V0 V3->V1,V3,V2,,1,1,True,2.7374999999996152e-05,7.933400000001423e-05,1,2,2
4,V0->V2 V1->V2 V1-V3,1,3,V0->V2 V1->V2 V1-V3,V0,V1,,-1,-1,True,2.2916000000011705e-05,1.3709000000000637e-05,1,0,1
4,V0->V2 V1->V2 V1-V3,1,3,V0->V2 V1->V2 V1-V3,V0,V2,V1,-1,-1,True,2.662500000000234e-05,1.5500000000001624e-05,1,0,1
4,V0->V2 V1->V2 V1-V3,1,3,V0->V2 V1->V2 V1-V3,V0,V3,,-1,-1,True,2.087500000000353e-05,1.2750000000005812e-05,1,0,1
4,V0->V2 V1->V2 V1-V3,1,3,V0->V2 V1->V2 V1-V3,V1,V0,,-1,-1,True,2.2167000000017367e-05,1.3041999999990894e-05,1,0,1
4,V0->V2 V1->V2 V1-V3,1,3,V0->V2 V1->V2 V1-V3,V1,V2,V0,-1,-1,True,2.5374999999994152e-05,1.4791999999985705e-05,1,0,1
4,V0->V2 V1->V2 V1-V3,1,3,V0->V2 V1->V2 V1-V3,V3,V0,,-1,-1,True,2.1542000000013273e-05,1.3374999999982151e-05,1,0,1
4,V0->V2 V1->V2 V1-V3,1,3,V0->V2 V1->V2 V1->V3,V0,V1,,-1,-1,True,2.1165999999989138e-05,4.8667000000002236e-05,2,1,2
4,V0->V2 V1->V2 V1-V3,1,3,V0->V2 V1->V2 V1->V3,V0,V2,V1,-1,-1,True,2.5541999999989518e-05,5.179099999999548e-05,2,1,2
4,V0->V2 V1->V2 V1-V3,1,3,V0->V2 V1->V2 V1->V3,V0,V3,,-1,-1,True,2.0415999999995327e-05,4.750000000000587e-05,2,1,2
4,V0->V2 V1->V2 V1-V3,1,3,V0->V2 V1->V2 V1->V3,V1,V0,,-1,-1,True,2.216699999998961e-05,4.891600000000995e-05,2,1,2
4,V0->V2 V1->V2 V1-V3,1,3,V0->V2 V1->V2 V1->V3,V1,V2,V0,-1,-1,True,2.5999999999998247e-05,5.0667000000004236e-05,2,1,2
4,V0->V2 V1->V2 V1-V3,1,3,V0->V2 V1->V2 V1->V3,V1,V3,,1,1,True,1.529100000000061e-05,4.4666999999998236e-05,1,1,2
4,V0->V2 V1->V2 V1-V3,1,3,V0->V2 V1->V2 V1->V3,V3,V0,,-1,-1,True,2.191700000001018e-05,4.799999999999249e-05,2,1,2
4,V0->V2 V1->V2 V1-V3,1,3,V0->V2 V1->V2 V3->V1,V0,V1,,-1,-1,True,2.104099999999942e-05,4.662499999999459e-05,2,1,2
4,V0->V2 V1->V2 V1-V3,1,3,V0->V2 V1->V2 V3->V1,V0,V2,V1,-1,-1,True,2.520899999999826e-05,5.3915999999987196e-05,2,1,2
4,V0->V2 V1->V2 V1-V3,1,3,V0->V2 V1->V2 V3->V1,V0,V3,,-1,-1,True,2.083299999999788e-05,4.6125000000007965e-05,2,1,2
4,V0->V2 V1->V2 V1-V3,1,3,V0->V2 V1->V2 V3->V1,V1,V0,,-1,-1,True,2.0958000000015353e-05,4.6541999999982764e-05,2,1,2
4,V0->V2 V1->V2 V1-V3,1,3,V0->V2 V1->V2 V3->V1,V1,V2,V0,-1,-1,True,2.5416000000000327e-05,5.1125000000012966e-05,2,1,2
4,V0->V2 V1->V2 V1-V3,1,3,V0->V2 V1->V2 V3->V1,V3,V0,,-1,-1,True,2.187500000000453e-05,4.6125000000007965e-05,2,1,2
4,V0->V2 V1->V2 V1-V3,1,3,V0->V2 V1->V2 V3->V1,V3,V1,,1,1,True,1.1041000000017176e-05,3.958399999998141e-05,1,1,2
4,V0->V2 V1->V2 V1-V3,1,3,V0->V2 V1->V2 V3->V1,V3,V2,V0,1,1,True,1.5332999999978503e-05,4.350000000000187e-05,1,1,2
4,V0->V2 V1->V2 V3->V2 V0-V1,1,3,V0->V2 V1->V2 V3->V2 V0-V1,V0,V3,,-1,-1,True,2.3166999999990612e-05,1.4291999999999083e-05,1,0,1
4,V0->V2 V1->V2 V3->V2 V0-V1,1,3,V0->V2 V1->V2 V3->V2 V0-V1,V1,V3,,-1,-1,True,2.2250000000001435e-05,1.3750000000006812e-05,1,0,1
4,V0->V2 V1->V2 V3->V2 V0-V1,1,3,V0->V2 V1->V2 V3->V2 V0-V1,V3,V0,,-1,-1,True,2.2375000000018908e-05,1.3458999999993448e-05,1,0,1
4,V0->V2 V1->V2 V3->V2 V0-V1,1,3,V0->V2 V1->V2 V3->V2 V0-V1,V3,V1,,-1,-1,True,2.1708000000009164e-05,1.3207999999986786e-05,1,0,1
4,V0->V2 V1->V2 V3->V2 V0-V1,1,3,V0->V2 V1->V2 V3->V2 V0-V1,V3,V2,V0|V1,-1,-1,True,3.116699999999861e-05,1.7999999999990246e-05,1,0,1
4,V0->V2 V1->V2 V3->V2 V0-V1,1,3,V0->V1 V0->V2 V1->V2 V3->V2,V0,V1,,1,1,True,1.6999999999989246e-05,5.0207999999996034e-05,1,1,2
4,V0->V2 V1->V2 V3->V2 V0-V1,1,3,V0->V1 V0->V2 V1->V2 V3->V2,V0,V2,V3,1,1,True,2.262499999999834e-05,5.5208000000001034e-05,1,1,2
4,V0->V2 V1->V2 V3->V2 V0-V1,1,3,V0->V1 V0->V2 V1->V2 V3->V2,V0,V3,,-1,-1,True,2.2165999999990138e-05,5.008400000000579e-05,2,1,2
4,V0->V2 V1->V2 V3->V2 V0-V1,1,3,V0->V1 V0->V2 V1->V2 V3->V2,V1,V2,V0|V3,1,1,True,1.766699999999899e-05,5.079099999999448e-05,1,1,2
4,V0->V2 V1->V2 V3->V2 V0-V1,1,3,V0->V1 V0->V2 V1->V2 V3->V2,V1,V3,,-1,-1,True,2.3084000000006544e-05,5.1541000000016046e-05,2,1,2
4,V0->V2 V1->V2 V3->V2 V0-V1,1,3,V0->V1 V0->V2 V1->V2 V3->V2,V3,V0,,-1,-1,True,2.2749999999988058e-05,5.2125000000013966e-05,2,1,2
4,V0->V2 V1->V2 V3->V2 V0-V1,1,3,V0->V1 V0->V2 V1->V2 V3->V2,V3,V1,,-1,-1,True,2.2583000000020448e-05,5.13749999999924e-05,2,1,2
4,V0->V2 V1->V2 V3->V2 V0-V1,1,3,V0->V1 V0->V2 V1->V2 V3->V2,V3,V2,V0|V1,-1,-1,True,3.1332999999994504e-05,5.816699999999786e-05,2,1,2
4,V0->V2 V1->V2 V3->V2 V0-V1,1,3,V0->V2 V1->V0 V1->V2 V3->V2,V0,V2,V1|V3,1,1,True,1.0582999999980691e-05,4.195900000000807e-05,1,1,2
4,V0->V2 V1->V2 V3->V2 V0-V1,1,3,V0->V2 V1->V0 V1->V2 V3->V2,V0,V3,,-1,-1,True,2.3207999999996787e-05,5.075000000001606e-05,2,1,2
4,V0->V2 V1->V2 V3->V2 V0-V1,1,3,V0->V2 V1->V0 V1->V2 V3->V2,V1,V0,,1,1,True,1.1917000000000177e-05,4.3167000000010614e-05,1,1,2
4,V0->V2 V1->V2 V3->V2 V0-V1,1,3,V0->V2 V1->V0 V1->V2 V3->V2,V1,V2,V3,1,1,True,1.6457999999996975e-05,4.824999999999968e-05,1,1,2
4,V0->V2 V1->V2 V3->V2 V0-V1,1,3,V0->V2 V1->V0 V1->V2 V3->V2,V1,V3,,-1,-1,True,2.3791999999994706e-05,4.941699999999605e-05,2,1,2
4,V0->V2 V1->V2 V3->V2 V0-V1,1,3,V0->V2 V1->V0 V1->V2 V3->V2,V3,V0,,-1,-1,True,2.1791999999992706e-05,5.0415999999997574e-05,2,1,2
4,V0->V2 V1->V2 V3->V2 V0-V1,1,3,V0->V2 V1->V0 V1->V2 V3->V2,V3,V1,,-1,-1,True,2.166700000000299e-05,4.858299999999094e-05,2,1,2
4,V0->V2 V1->V2 V3->V2 V0-V1,1,3,V0->V2 V1->V0 V1->V2 V3->V2,V3,V2,V0|V1,-1,-1,True,3.1292000000016085e-05,5.833299999999375e-05,2,1,2
4,V0->V2 V1->V2 V3->V2 V0-V1 V0-V3,2,6,V0->V1 V0->V2 V1->V2 V3->V2 V0-V3,V0,V1,,1,1,True,3.145799999998422e-05,8.604200000000839e-05,1,1,2
4,V0->V2 V1->V2 V3->V2 V0-V1 V0-V3,2,6,V0->V1 V0->V2 V1->V2 V3->V2 V0-V3,V1,V2,V0|V3,1,1,True,3.941600000001433e-05,8.991699999999492e-05,1,1,2
4,V0->V2 V1->V2 V3->V2 V0-V1 V0-V3,2,6,V0->V2 V0->V3 V1->V2 V3->V2 V0-V1,V0,V3,,1,1,True,2.520899999999826e-05,7.954100000001629e-05,1,1,2
4,V0->V2 V1->V2 V3->V2 V0-V1 V0-V3,2,6,V0->V2 V0->V3 V1->V2 V3->V2 V0-V1,V3,V2,V0|V1,1,1,True,2.9042000000006896e-05,8.262500000000284e-05,1,1,2
4,V0->V2 V1->V2 V3->V2 V0-V1 V0-V3,2,6,V0->V1 V0->V2 V0->V3 V1->V2 V3->V2,V0,V1,,1,1,True,4.654099999998329e-05,9.375000000000355e-05,1,2,3
4,V0->V2 V1->V2 V3->V2 V0-V1 V0-V3,2,6,V0->V1 V0->V2 V0->V3 V1->V2 V3->V2,V0,V2,,1,1,True,3.791599999999895e-05,8.57920000000012e-05,1,2,2
4,V0->V2 V1->V2 V3->V2 V0-V1 V0-V3,2,6,V0->V1 V0->V2 V0->V3 V1->V2 V3->V2,V0,V3,,1,1,True,2.8416000000003327e-05,7.912500000001321e-05,1,2,2
4,V0->V2 V1->V2 V3->V2 V0-V1 V0-V3,2,6,V0->V1 V0->V2 V0->V3 V1->V2 V3->V2,V1,V2,V0|V3,1,1,True,5.4915999999988196e-05,9.891700000000392e-05,1,2,3
4,V0->V2 V1->V2 V3->V2 V0-V1 V0-V3,2,6,V0->V1 V0->V2 V0->V3 V1->V2 V3->V2,V3,V2,V0|V1,1,1,True,3.045900000001045e-05,8.341599999997507e-05,1,2,2
4,V0->V2 V1->V2 V3->V2 V0-V1 V0-V3,2,6,V0->V1 V0->V2 V1->V2 V3->V0 V3->V2,V0,V1,,2,2,True,3.799999999998249e-05,0.00014420800000000678,2,3,3
4,V0->V2 V1->V2 V3->V2 V0-V1 V0-V3,2,6,V0->V1 V0->V2 V1->V2 V3->V0 V3->V2,V0,V2,V3,1,1,True,1.3542000000005272e-05,6.324999999998693e-05,1,2,2
4,V0->V2 V1->V2 V3->V2 V0-V1 V0-V3,2,6,V0->V1 V0->V2 V1->V2 V3->V0 V3->V2,V1,V2,V0|V3,2,2,True,4.704099999999767e-05,0.00014812499999999895,2,3,3
4,V0->V2 V1->V2 V3->V2 V0-V1 V0-V3,2,6,V0->V1 V0->V2 V1->V2 V3->V0 V3->V2,V3,V0,,1,1,True,1.908300000000307e-05,6.320799999998128e-05,1,2,2
4,V0->V2 V1->V2 V3->V2 V0-V1 V0-V3,2,6,V0->V1 V0->V2 V1->V2 V3->V0 V3->V2,V3,V1,,1,1,True,2.187500000000453e-05,6.316700000000286e-05,1,2,2
4,V0->V2 V1->V2 V3->V2 V0-V1 V0-V3,2,6,V0->V1 V0->V2 V1->V2 V3->V0 V3->V2,V3,V2,,1,1,True,2.5834000000002355e-05,6.666599999999301e-05,1,2,2
4,V0->V2 V1->V2 V3->V2 V0-V1 V0-V3,2,6,V0->V2 V0->V3 V1->V0 V1->V2 V3->V2,V0,V2,V1,1,1,True,1.3666999999994989e-05,6.349999999999412e-05,1,2,2
4,V0->V2 V1->V2 V3->V2 V0-V1 V0-V3,2,6,V0->V2 V0->V3 V1->V0 V1->V2 V3->V2,V0,V3,,2,2,True,3.2082999999988315e-05,0.00013304199999999988,2,3,3
4,V0->V2 V1->V2 V3->V2 V0-V1 V0-V3,2,6,V0->V2 V0->V3 V1->V0 V1->V2 V3->V2,V1,V0,,1,1,True,2.008300000000407e-05,6.425000000001568e-05,1,2,2
4,V0->V2 V1->V2 V3->V2 V0-V1 V0-V3,2,6,V0->V2 V0->V3 V1->V0 V1->V2 V3->V2,V1,V2,,1,1,True,2.6374999999995152e-05,7.045799999999547e-05,1,2,2
4,V0->V2 V1->V2 V3->V2 V0-V1 V0-V3,2,6,V0->V2 V0->V3 V1->V0 V1->V2 V3->V2,V1,V3,,1,1,True,2.2167000000017367e-05,6.624999999998993e-05,1,2,2
4,V0->V2 V1->V2 V3->V2 V0-V1 V0-V3,2,6,V0->V2 V0->V3 V1->V0 V1->V2 V3->V2,V3,V2,V0|V1,2,2,True,3.737500000000615e-05,0.00014366699999998622,2,3,3
4,V0->V2 V1->V2 V3->V2 V0-V1 V1-V3,2,6,V0->V2 V1->V0 V1->V2 V3->V2 V1-V3,V0,V2,V1|V3,1,1,True,2.1750000000014813e-05,7.804200000000039e-05,1,1,2
4,V0->V2 V1->V2 V3->V2 V0-V1 V1-V3,2,6,V0->V2 V1->V0 V1->V2 V3->V2 V1-V3,V1,V0,,1,1,True,1.945899999999945e-05,7.179100000001548e-05,1,1,2
4,V0->V2 V1->V2 V3->V2 V0-V1 V1-V3,2,6,V0->V2 V1->V2 V1->V3 V3->V2 V0-V1,V1,V3,,1,1,True,3.0832999999980126e-05,8.475000000002231e-05,1,1,2
4,V0->V2 V1->V2 V3->V2 V0-V1 V1-V3,2,6,V0->V2 V1->V2 V1->V3 V3->V2 V0-V1,V3,V2,V0|V1,1,1,True,3.708300000002107e-05,9.08339999999841e-05,1,1,2
4,V0->V2 V1->V2 V3->V2 V0-V1 V1-V3,2,6,V0->V1 V0->V2 V1->V2 V1->V3 V3->V2,V0,V1,,1,1,True,3.074999999999606e-05,7.03750000000114e-05,1,2,2
4,V0->V2 V1->V2 V3->V2 V0-V1 V1-V3,2,6,V0->V1 V0->V2 V1->V2 V1->V3 V3->V2,V0,V2,,1,1,True,4.0290999999997856e-05,7.745900000000194e-05,1,2,2
4,V0->V2 V1->V2 V3->V2 V0-V1 V1-V3,2,6,V0->V1 V0->V2 V1->V2 V1->V3 V3->V2,V0,V3,,1,1,True,3.5250000000014436e-05,7.291699999997792e-05,1,2,2
4,V0->V2 V1->V2 V3->V2 V0-V1 V1-V3,2,6,V0->V1 V0->V2 V1->V2 V1->V3 V3->V2,V1,V2,V0,1,1,True,2.962500000000534e-05,7.050000000000112e-05,1,2,2
4,V0->V2 V1->V2 V3->V2 V0-V1 V1-V3,2,6,V0->V1 V0->V2 V1->V2 V1->V3 V3->V2,V1,V3,,2,2,True,3.649999999999487e-05,0.00014466700000001498,2,3,3
4,V0->V2 V1->V2 V3->V2 V0-V1 V1-V3,2,6,V0->V1 V0->V2 V1->V2 V1->V3 V3->V2,V3,V2,V0|V1,2,2,True,5.133299999998675e-05,0.00018624999999999892,2,3,3
4,V0->V2 V1->V2 V3->V2 V0-V1 V1-V3,2,6,V0->V2 V1->V0 V1->V2 V1->V3 V3->V2,V0,V2,V1|V3,1,1,True,3.4124999999995964e-05,0.00010566700000000373,1,2,3
4,V0->V2 V1->V2 V3->V2 V0-V1 V1-V3,2,6,V0->V2 V1->V0 V1->V2 V1->V3 V3->V2,V1,V0,,1,1,True,3.224999999998368e-05,0.00010500000000002174,1,2,3
4,V0->V2 V1->V2 V3->V2 V0-V1 V1-V3,2,6,V0->V2 V1->V0 V1->V2 V1->V3 V3->V2,V1,V2,,1,1,True,3.2540999999997045e-05,9.158400000000566e-05,1,2,2
4,V0->V2 V1->V2 V3->V2 V0-V1 V1-V3,2,6,V0->V2 V1->V0 V1->V2 V1->V3 V3->V2,V1,V3,,1,1,True,3.620900000000926e-05,8.362500000000384e-05,1,2,2
4,V0->V2 V1->V2 V3->V2 V0-V1 V1-V3,2,6,V0->V2 V1->V0 V1->V2 V1->V3 V3->V2,V3,V2,V0|V1,1,1,True,4.154200000000552e-05,8.758300000000219e-05,1,2,2
4,V0->V2 V1->V2 V3->V2 V0-V1 V1-V3,2,6,V0->V2 V1->V0 V1->V2 V3->V1 V3->V2,V0,V2,V1|V3,2,2,True,3.079100000000223e-05,0.00013704200000000388,2,3,3
4,V0->V2 V1->V2 V3->V2 V0-V1 V1-V3,2,6,V0->V2 V1->V0 V1->V2 V3->V1 V3->V2,V1,V0,,2,2,True,2.6500000000012625e-05,0.00013099999999999223,2,3,3
4,V0->V2 V1->V2 V3->V2 V0-V1 V1-V3,2,6,V0->V2 V1->V0 V1->V2 V3->V1 V3->V2,V1,V2,V3,1,1,True,1.3790999999985232e-05,6.379200000000695e-05,1,2,2
4,V0->V2 V1->V2 V3->V2 V0-V1 V1-V3,2,6,V0->V2 V1->V0 V1->V2 V3->V1 V3->V2,V3,V0,,1,1,True,2.287500000000553e-05,6.783299999998937e-05,1,2,2
4,V0->V2 V1->V2 V3->V2 V0-V1 V1-V3,2,6,V0->V2 V1->V0 V1->V2 V3->V1 V3->V2,V3,V1,,1,1,True,2.1708999999980882e-05,6.479100000000848e-05,1,2,2
4,V0->V2 V1->V2 V3->V2 V0-V1 V1-V3,2,6,V0->V2 V1->V0 V1->V2 V3->V1 V3->V2,V3,V2,,1,1,True,2.724999999997868e-05,6.962500000001759e-05,1,2,2
4,V0->V2 V1->V2 V3->V2 V0-V3,1,3,V0->V2 V1->V2 V3->V2 V0-V3,V0,V1,,-1,-1,True,2.4332999999987504e-05,1.4500000000000624e-05,1,0,1
4,V0->V2 V1->V2 V3->V2 V0-V3,1,3,V0->V2 V1->V2 V3->V2 V0-V3,V1,V0,,-1,-1,True,2.212500000001172e-05,1.3249999999992434e-05,1,0,1
4,V0->V2 V1->V2 V3->V2 V0-V3,1,3,V0->V2 V1->V2 V3->V2 V0-V3,V1,V2,V0|V3,-1,-1,True,3.099999999997549e-05,1.7542000000009272e-05,1,0,1
4,V0->V2 V1->V2 V3->V2 V0-V3,1,3,V0->V2 V1->V2 V3->V2 V0-V3,V1,V3,,-1,-1,True,2.0958000000015353e-05,1.2750000000005812e-05,1,0,1
4,V0->V2 V1->V2 V3->V2 V0-V3,1,3,V0->V2 V1->V2 V3->V2 V0-V3,V3,V1,,-1,-1,True,2.2749999999988058e-05,1.3959000000007826e-05,1,0,1
4,V0->V2 V1->V2 V3->V2 V0-V3,1,3,V0->V2 V0->V3 V1->V2 V3->V2,V0,V1,,-1,-1,True,2.3749999999989058e-05,5.5125000000016966e-05,2,1,2
4,V0->V2 V1->V2 V3->V2 V0-V3,1,3,V0->V2 V0->V3 V1->V2 V3->V2,V0,V2,V1,1,1,True,2.34169999999978e-05,5.6416000000003574e-05,1,1,2
4,V0->V2 V1->V2 V3->V2 V0-V3,1,3,V0->V2 V0->V3 V1->V2 V3->V2,V0,V3,,1,1,True,1.7292000000002083e-05,5.0667000000004236e-05,1,1,2
4,V0->V2 V1->V2 V3->V2 V0-V3,1,3,V0->V2 V0->V3 V1->V2 V3->V2,V1,V0,,-1,-1,True,2.2165999999990138e-05,4.98339999999986e-05,2,1,2
4,V0->V2 V1->V2 V3->V2 V0-V3,1,3,V0->V2 V0->V3 V1->V2 V3->V2,V1,V2,V0|V3,-1,-1,True,3.29579999999996e-05,5.816699999999786e-05,2,1,2
4,V0->V2 V1->V2 V3->V2 V0-V3,1,3,V0->V2 V0->V3 V1->V2 V3->V2,V1,V3,,-1,-1,True,2.1666000000003516e-05,4.920899999999451e-05,2,1,2
4,V0->V2 V1->V2 V3->V2 V0-V3,1,3,V0->V2 V0->V3 V1->V2 V3->V2,V3,V1,,-1,-1,True,2.2999999999995246e-05,5.262500000000059e-05,2,1,2
4,V0->V2 V1->V2 V3->V2 V0-V3,1,3,V0->V2 V0->V3 V1->V2 V3->V2,V3,V2,V0|V1,1,1,True,1.7709000000004638e-05,4.9791000000021235e-05,1,1,2
4,V0->V2 V1->V2 V3->V2 V0-V3,1,3,V0->V2 V1->V2 V3->V0 V3->V2,V0,V1,,-1,-1,True,2.4166999999991612e-05,5.3583000000023695e-05,2,1,2
4,V0->V2 V1->V2 V3->V2 V0-V3,1,3,V0->V2 V1->V2 V3->V0 V3->V2,V0,V2,V1|V3,1,1,True,1.0542000000002272e-05,4.420799999999003e-05,1,1,2
4,V0->V2 V1->V2 V3->V2 V0-V3,1,3,V0->V2 V1->V2 V3->V0 V3->V2,V1,V0,,-1,-1,True,2.25410000000148e-05,5.2749999999990305e-05,2,1,2
4,V0->V2 V1->V2 V3->V2 V0-V3,1,3,V0->V2 V1->V2 V3->V0 V3->V2,V1,V2,V0|V3,-1,-1,True,3.2791000000004233e-05,5.93750000000004e-05,2,1,2
4,V0->V2 V1->V2 V3->V2 V0-V3,1,3,V0->V2 V1->V2 V3->V0 V3->V2,V1,V3,,-1,-1,True,2.245900000000245e-05,5.166600000000576e-05,2,1,2
4,V0->V2 V1->V2 V3->V2 V0-V3,1,3,V0->V2 V1->V2 V3->V0 V3->V2,V3,V0,,1,1,True,1.2000000000012001e-05,4.43749999999854e-05,1,1,2
4,V0->V2 V1->V2 V3->V2 V0-V3,1,3,V0->V2 V1->V2 V3->V0 V3->V2,V3,V1,,-1,-1,True,2.2791999999993706e-05,5.09580000000176e-05,2,1,2
4,V0->V2 V1->V2 V3->V2 V0-V3,1,3,V0->V2 V1->V2 V3->V0 V3->V2,V3,V2,V1,1,1,True,1.64169999999908e-05,4.991699999998267e-05,1,1,2
4,V0->V2 V1->V2 V3->V2 V0-V3 V1-V3,2,6,V0->V2 V1->V2 V3->V0 V3->V2 V1-V3,V0,V2,V1|V3,1,1,True,2.266700000000399e-05,8.058299999999519e-05,1,1,2
4,V0->V2 V1->V2 V3->V2 V0-V3 V1-V3,2,6,V0->V2 V1->V2 V3->V0 V3->V2 V1-V3,V3,V0,,1,1,True,2.016699999998761e-05,7.63750000000174e-05,1,1,2
4,V0->V2 V1->V2 V3->V2 V0-V3 V1-V3,2,6,V0->V2 V1->V2 V3->V1 V3->V2 V0-V3,V1,V2,V0|V3,1,1,True,2.9874999999984775e-05,8.550000000001612e-05,1,1,2
4,V0->V2 V1->V2 V3->V2 V0-V3 V1-V3,2,6,V0->V2 V1->V2 V3->V1 V3->V2 V0-V3,V3,V1,,1,1,True,2.5332999999988504e-05,8.07919999999962e-05,1,1,2
4,V0->V2 V1->V2 V3->V2 V0-V3 V1-V3,2,6,V0->V2 V0->V3 V1->V2 V3->V1 V3->V2,V0,V1,,1,1,True,3.562500000001134e-05,7.666700000000248e-05,1,2,2
4,V0->V2 V1->V2 V3->V2 V0-V3 V1-V3,2,6,V0->V2 V0->V3 V1->V2 V3->V1 V3->V2,V0,V2,,1,1,True,4.2125000000003965e-05,7.812499999998446e-05,1,2,2
4,V0->V2 V1->V2 V3->V2 V0-V3 V1-V3,2,6,V0->V2 V0->V3 V1->V2 V3->V1 V3->V2,V0,V3,,1,1,True,3.291700000002118e-05,7.191599999997744e-05,1,2,2
4,V0->V2 V1->V2 V3->V2 V0-V3 V1-V3,2,6,V0->V2 V0->V3 V1->V2 V3->V1 V3->V2,V1,V2,V0|V3,2,2,True,3.841599999998557e-05,0.00014362500000000833,2,3,3
4,V0->V2 V1->V2 V3->V2 V0-V3 V1-V3,2,6,V0->V2 V0->V3 V1->V2 V3->V1 V3->V2,V3,V1,,2,2,True,3.354199999999752e-05,0.00014424999999998467,2,3,3
4,V0->V2 V1->V2 V3->V2 V0-V3 V1-V3,2,6,V0->V2 V0->V3 V1->V2 V3->V1 V3->V2,V3,V2,V0,1,1,True,5.183300000000113e-05,8.025000000000393e-05,1,2,2
4,V0->V2 V1->V2 V3->V2 V0-V3 V1-V3,2,6,V0->V2 V1->V2 V1->V3 V3->V0 V3->V2,V0,V2,V1|V3,2,2,True,3.149999999998987e-05,0.0001409169999999904,2,3,3
4,V0->V2 V1->V2 V3->V2 V0-V3 V1-V3,2,6,V0->V2 V1->V2 V1->V3 V3->V0 V3->V2,V1,V0,,1,1,True,2.9666999999983235e-05,7.40000000000185e-05,1,2,2
4,V0->V2 V1->V2 V3->V2 V0-V3 V1-V3,2,6,V0->V2 V1->V2 V1->V3 V3->V0 V3->V2,V1,V2,,1,1,True,3.454199999999852e-05,7.53750000000164e-05,1,2,2
4,V0->V2 V1->V2 V3->V2 V0-V3 V1-V3,2,6,V0->V2 V1->V2 V1->V3 V3->V0 V3->V2,V1,V3,,1,1,True,2.6834000000003355e-05,7.124999999999493e-05,1,2,2
4,V0->V2 V1->V2 V3->V2 V0-V3 V1-V3,2,6,V0->V2 V1->V2 V1->V3 V3->V0 V3->V2,V3,V0,,2,2,True,2.5958000000020354e-05,0.00012845899999999744,2,3,3
4,V0->V2 V1->V2 V3->V2 V0-V3 V1-V3,2,6,V0->V2 V1->V2 V1->V3 V3->V0 V3->V2,V3,V2,V1,1,1,True,2.0084000000003543e-05,6.749999999999812e-05,1,2,2
4,V0->V2 V1->V2 V3->V2 V0-V3 V1-V3,2,6,V0->V2 V1->V2 V3->V0 V3->V1 V3->V2,V0,V2,V1|V3,1,1,True,3.120800000000479e-05,9.549999999999836e-05,1,2,3
4,V0->V2 V1->V2 V3->V2 V0-V3 V1-V3,2,6,V0->V2 V1->V2 V3->V0 V3->V1 V3->V2,V1,V2,V0|V3,1,1,True,2.3374999999992152e-05,7.633399999998347e-05,1,2,2
4,V0->V2 V1->V2 V3->V2 V0-V3 V1-V3,2,6,V0->V2 V1->V2 V3->V0 V3->V1 V3->V2,V3,V0,,1,1,True,3.149999999998987e-05,8.858400000000266e-05,1,2,3
4,V0->V2 V1->V2 V3->V2 V0-V3 V1-V3,2,6,V0->V2 V1->V2 V3->V0 V3->V1 V3->V2,V3,V1,,1,1,True,2.4542000000016273e-05,7.27500000000103e-05,1,2,2
4,V0->V2 V1->V2 V3->V2 V0-V3 V1-V3,2,6,V0->V2 V1->V2 V3->V0 V3->V1 V3->V2,V3,V2,,1,1,True,2.4541999999988517e-05,7.658300000001894e-05,1,2,2
4,V0->V2 V1->V2 V3->V2 V1-V3,1,3,V0->V2 V1->V2 V3->V2 V1-V3,V0,V1,,-1,-1,True,2.2540999999987044e-05,1.3625000000017096e-05,1,0,1
4,V0->V2 V1->V2 V3->V2 V1-V3,1,3,V0->V2 V1->V2 V3->V2 V1-V3,V0,V2,V1|V3,-1,-1,True,3.066700000001199e-05,1.8207999999991786e-05,1,0,1
4,V0->V2 V1->V2 V3->V2 V1-V3,1,3,V0->V2 V1->V2 V3->V2 V1-V3,V0,V3,,-1,-1,True,2.1582999999991692e-05,1.3000000000013001e-05,1,0,1
4,V0->V2 V1->V2 V3->V2 V1-V3,1,3,V0->V2 V1->V2 V3->V2 V1-V3,V1,V0,,-1,-1,True,2.295899999998907e-05,1.3541000000005798e-05,1,0,1
4,V0->V2 V1->V2 V3->V2 V1-V3,1,3,V0->V2 V1->V2 V3->V2 V1-V3,V3,V0,,-1,-1,True,2.2541999999986517e-05,1.366600000002327e-05,1,0,1
4,V0->V2 V1->V2 V3->V2 V1-V3,1,3,V0->V2 V1->V2 V1->V3 V3->V2,V0,V1,,-1,-1,True,2.2332999999985503e-05,5.183300000000113e-05,2,1,2
4,V0->V2 V1->V2 V3->V2 V1-V3,1,3,V0->V2 V1->V2 V1->V3 V3->V2,V0,V2,V1|V3,-1,-1,True,3.108399999998679e-05,5.7416000000004574e-05,2,1,2
4,V0->V2 V1->V2 V3->V2 V1-V3,1,3,V0->V2 V1->V2 V1->V3 V3->V2,V0,V3,,-1,-1,True,2.191700000001018e-05,4.987500000000478e-05,2,1,2
4,V0->V2 V1->V2 V3->V2 V1-V3,1,3,V0->V2 V1->V2 V1->V3 V3->V2,V1,V0,,-1,-1,True,2.2999999999995246e-05,4.99580000000166e-05,2,1,2
4,V0->V2 V1->V2 V3->V2 V1-V3,1,3,V0->V2 V1->V2 V1->V3 V3->V2,V1,V2,V0,1,1,True,2.4374999999993152e-05,5.762500000000559e-05,1,1,2
4,V0->V2 V1->V2 V3->V2 V1-V3,1,3,V0->V2 V1->V2 V1->V3 V3->V2,V1,V3,,1,1,True,1.65410000000088e-05,4.791699999998067e-05,1,1,2
4,V0->V2 V1->V2 V3->V2 V1-V3,1,3,V0->V2 V1->V2 V1->V3 V3->V2,V3,V0,,-1,-1,True,2.2582999999992692e-05,5.129200000000833e-05,2,1,2
4,V0->V2 V1->V2 V3->V2 V1-V3,1,3,V0->V2 V1->V2 V1->V3 V3->V2,V3,V2,V0|V1,1,1,True,1.7207999999990786e-05,5.150000000000987e-05,1,1,2
4,V0->V2 V1->V2 V3->V2 V1-V3,1,3,V0->V2 V1->V2 V3->V1 V3->V2,V0,V1,,-1,-1,True,2.2458000000002976e-05,5.333299999998875e-05,2,1,2
4,V0->V2 V1->V2 V3->V2 V1-V3,1,3,V0->V2 V1->V2 V3->V1 V3->V2,V0,V2,V1|V3,-1,-1,True,3.124999999998268e-05,5.804200000000814e-05,2,1,2
4,V0->V2 V1->V2 V3->V2 V1-V3,1,3,V0->V2 V1->V2 V3->V1 V3->V2,V0,V3,,-1,-1,True,2.1916000000010705e-05,4.987499999997702e-05,2,1,2
4,V0->V2 V1->V2 V3->V2 V1-V3,1,3,V0->V2 V1->V2 V3->V1 V3->V2,V1,V0,,-1,-1,True,2.3207999999996787e-05,5.004200000000014e-05,2,1,2
4,V0->V2 V1->V2 V3->V2 V1-V3,1,3,V0->V2 V1->V2 V3->V1 V3->V2,V1,V2,V0|V3,1,1,True,1.0457999999990975e-05,4.062499999998859e-05,1,1,2
4,V0->V2 V1->V2 V3->V2 V1-V3,1,3,V0->V2 V1->V2 V3->V1 V3->V2,V3,V0,,-1,-1,True,2.2916999999983423e-05,4.983299999999913e-05,2,1,2
4,V0->V2 V1->V2 V3->V2 V1-V3,1,3,V0->V2 V1->V2 V3->V1 V3->V2,V3,V1,,1,1,True,1.1499999999997623e-05,4.2082999999998316e-05,1,1,2
4,V0->V2 V1->V2 V3->V2 V1-V3,1,3,V0->V2 V1->V2 V3->V1 V3->V2,V3,V2,V0,1,1,True,1.5457999999995975e-05,4.662499999999459e-05,1,1,2
4,V0->V2 V3->V2 V0-V1,1,3,V0->V2 V3->V2 V0-V1,V0,V2,V3,-1,-1,True,2.6290999999983855e-05,1.545899999999545e-05,1,0,1
4,V0->V2 V3->V2 V0-V1,1,3,V0->V2 V3->V2 V0-V1,V0,V3,,-1,-1,True,2.187500000000453e-05,1.3125000000002718e-05,1,0,1
4,V0->V2 V3->V2 V0-V1,1,3,V0->V2 V3->V2 V0-V1,V1,V3,,-1,-1,True,2.120899999999426e-05,1.2874999999995529e-05,1,0,1
4,V0->V2 V3->V2 V0-V1,1,3,V0->V2 V3->V2 V0-V1,V3,V0,,-1,-1,True,2.1000000000021002e-05,1.2458999999992448e-05,1,0,1
4,V0->V2 V3->V2 V0-V1,1,3,V0->V2 V3->V2 V0-V1,V3,V1,,-1,-1,True,1.983299999999688e-05,1.1917000000000177e-05,1,0,1
4,V0->V2 V3->V2 V0-V1,1,3,V0->V2 V3->V2 V0-V1,V3,V2,V0,-1,-1,True,2.508399999998079e-05,1.429099999999961e-05,1,0,1
4,V0->V2 V3->V2 V0-V1,1,3,V0->V1 V0->V2 V3->V2,V0,V1,,1,1,True,1.6209000000017015e-05,4.6915999999980196e-05,1,1,2
4,V0->V2 V3->V2 V0-V1,1,3,V0->V1 V0->V2 V3->V2,V0,V2,V3,-1,-1,True,2.54169999999998e-05,4.950000000000787e-05,2,1,2
4,V0->V2 V3->V2 V0-V1,1,3,V0->V1 V0->V2 V3->V2,V0,V3,,-1,-1,True,2.120899999999426e-05,4.670800000000641e-05,2,1,2
4,V0->V2 V3->V2 V0-V1,1,3,V0->V1 V0->V2 V3->V2,V1,V3,,-1,-1,True,2.1999999999994246e-05,4.704099999999767e-05,2,1,2
4,V0->V2 V3->V2 V0-V1,1,3,V0->V1 V0->V2 V3->V2,V3,V0,,-1,-1,True,2.0583000000018448e-05,4.545799999999822e-05,2,1,2
4,V0->V2 V3->V2 V0-V1,1,3,V0->V1 V0->V2 V3->V2,V3,V1,,-1,-1,True,2.0292000000005084e-05,4.4083000000000316e-05,2,1,2
4,V0->V2 V3->V2 V0-V1,1,3,V0->V1 V0->V2 V3->V2,V3,V2,V0,-1,-1,True,2.504100000000342e-05,4.808400000000379e-05,2,1,2
4,V0->V2 V3->V2 V0-V1,1,3,V0->V2 V1->V0 V3->V2,V0,V2,V3,-1,-1,True,2.512500000001472e-05,4.9749999999987304e-05,2,1,2
4,V0->V2 V3->V2 V0-V1,1,3,V0->V2 V1->V0 V3->V2,V0,V3,,-1,-1,True,2.116699999998861e-05,4.524999999999668e-05,2,1,2
4,V0->V2 V3->V2 V0-V1,1,3,V0->V2 V1->V0 V3->V2,V1,V0,,1,1,True,1.1167000000006366e-05,3.820800000001179e-05,1,1,2
4,V0->V2 V3->V2 V0-V1,1,3,V0->V2 V1->V0 V3->V2,V1,V2,V3,1,1,True,1.6417000000018556e-05,4.404099999999467e-05,1,1,2
4,V0->V2 V3->V2 V0-V1,1,3,V0->V2 V1->V0 V3->V2,V1,V3,,-1,-1,True,2.108300000000507e-05,4.541699999999205e-05,2,1,2
4,V0->V2 V3->V2 V0-V1,1,3,V0->V2 V1->V0 V3->V2,V3,V0,,-1,-1,True,2.0958000000015353e-05,4.6917000000007425e-05,2,1,2
4,V0->V2 V3->V2 V0-V1,1,3,V0->V2 V1->V0 V3->V2,V3,V1,,-1,-1,True,2.0375000000016907e-05,4.58339999999946e-05,2,1,2
4,V0->V2 V3->V2 V0-V1,1,3,V0->V2 V1->V0 V3->V2,V3,V2,V0,-1,-1,True,2.545900000000545e-05,4.999999999999449e-05,2,1,2
4,V0->V2 V3->V2 V0-V1 V1-V3,2,6,V0->V2 V1->V0 V3->V2 V1-V3,V0,V2,V3,1,1,True,1.85410000000108e-05,6.616700000000586e-05,1,1,2
4,V0->V2 V3->V2 V0-V1 V1-V3,2,6,V0->V2 V1->V0 V3->V2 V1-V3,V1,V0,,1,1,True,1.8583999999988166e-05,6.649999999999712e-05,1,1,2
4,V0->V2 V3->V2 V0-V1 V1-V3,2,6,V0->V2 V1->V3 V3->V2 V0-V1,V1,V3,,1,1,True,2.9250000000008436e-05,7.77079999999819e-05,1,1,2
4,V0->V2 V3->V2 V0-V1 V1-V3,2,6,V0->V2 V1->V3 V3->V2 V0-V1,V3,V2,V0,1,1,True,3.24170000000068e-05,8.079099999999673e-05,1,1,2
4,V0->V2 V3->V2 V0-V1 V1-V3,2,6,V0->V1 V0->V2 V1->V3 V3->V2,V0,V1,,1,1,True,2.7750000000020814e-05,6.704199999998939e-05,1,2,2
4,V0->V2 V3->V2 V0-V1 V1-V3,2,6,V0->V1 V0->V2 V1->V3 V3->V2,V0,V2,,1,1,True,3.570799999999541e-05,0.0001038339999999971,1,2,2
4,V0->V2 V3->V2 V0-V1 V1-V3,2,6,V0->V1 V0->V2 V1->V3 V3->V2,V0,V3,,1,1,True,4.8207999999994033e-05,7.299999999998974e-05,1,2,2
4,V0->V2 V3->V2 V0-V1 V1-V3,2,6,V0->V1 V0->V2 V1->V3 V3->V2,V1,V2,V0,1,1,True,2.8124999999989964e-05,6.758300000000994e-05,1,2,2
4,V0->V2 V3->V2 V0-V1 V1-V3,2,6,V0->V1 V0->V2 V1->V3 V3->V2,V1,V3,,2,2,True,4.0125000000001965e-05,0.00013891700000001617,2,3,3
4,V0->V2 V3->V2 V0-V1 V1-V3,2,6,V0->V1 V0->V2 V1->V3 V3->V2,V3,V2,V0,2,2,True,4.1125000000002965e-05,0.00013583400000000134,2,3,3
4,V0->V2 V3->V2 V0-V1 V1-V3,2,6,V0->V2 V1->V0 V1->V3 V3->V2,V0,V2,V3,1,1,True,2.770799999998741e-05,8.608400000001404e-05,1,2,3
4,V0->V2 V3->V2 V0-V1 V1-V3,2,6,V0->V2 V1->V0 V1->V3 V3->V2,V1,V0,,1,1,True,2.9540999999994044e-05,8.266700000000848e-05,1,2,3
4,V0->V2 V3->V2 V0-V1 V1-V3,2,6,V0->V2 V1->V0 V1->V3 V3->V2,V1,V2,,1,1,True,3.1540999999996044e-05,8.44170000000033e-05,1,2,2
4,V0->V2 V3->V2 V0-V1 V1-V3,2,6,V0->V2 V1->V0 V1->V3 V3->V2,V1,V3,,1,1,True,3.4124999999995964e-05,7.687500000000402e-05,1,2,2
4,V0->V2 V3->V2 V0-V1 V1-V3,2,6,V0->V2 V1->V0 V1->V3 V3->V2,V3,V2,V0,1,1,True,3.562500000001134e-05,7.770800000000966e-05,1,2,2
4,V0->V2 V3->V2 V0-V1 V1-V3,2,6,V0->V2 V1->V0 V3->V1 V3->V2,V0,V2,V3,2,2,True,2.549999999998387e-05,0.00012445799999999396,2,3,3
4,V0->V2 V3->V2 V0-V1 V1-V3,2,6,V0->V2 V1->V0 V3->V1 V3->V2,V1,V0,,2,2,True,2.6374999999995152e-05,0.00012095800000000434,2,3,3
4,V0->V2 V3->V2 V0-V1 V1-V3,2,6,V0->V2 V1->V0 V3->V1 V3->V2,V1,V2,V3,1,1,True,1.308299999999707e-05,5.604200000000614e-05,1,2,2
4,V0->V2 V3->V2 V0-V1 V1-V3,2,6,V0->V2 V1->V0 V3->V1 V3->V2,V3,V0,,1,1,True,2.1041999999998895e-05,6.0000000000004494e-05,1,2,2
4,V0->V2 V3->V2 V0-V1 V1-V3,2,6,V0->V2 V1->V0 V3->V1 V3->V2,V3,V1,,1,1,True,1.8833000000023636e-05,5.924999999998293e-05,1,2,2
4,V0->V2 V3->V2 V0-V1 V1-V3,2,6,V0->V2 V1->V0 V3->V1 V3->V2,V3,V2,,1,1,True,2.4042000000001895e-05,6.287499999999002e-05,1,2,2
4,V0->V2 V3->V2 V1-V3,1,3,V0->V2 V3->V2 V1-V3,V0,V1,,-1,-1,True,2.1500000000007624e-05,1.2708000000000164e-05,1,0,1
4,V0->V2 V3->V2 V1-V3,1,3,V0->V2 V3->V2 V1-V3,V0,V2,V3,-1,-1,True,2.487500000000753e-05,1.4709000000001637e-05,1,0,1
4,V0->V2 V3->V2 V1-V3,1,3,V0->V2 V3->V2 V1-V3,V0,V3,,-1,-1,True,2.0709000000007638e-05,1.2374999999981151e-05,1,0,1
4,V0->V2 V3->V2 V1-V3,1,3,V0->V2 V3->V2 V1-V3,V1,V0,,-1,-1,True,2.187500000000453e-05,1.3041999999990894e-05,1,0,1
4,V0->V2 V3->V2 V1-V3,1,3,V0->V2 V3->V2 V1-V3,V3,V0,,-1,-1,True,2.0999999999993246e-05,1.2457999999992975e-05,1,0,1
4,V0->V2 V3->V2 V1-V3,1,3,V0->V2 V3->V2 V1-V3,V3,V2,V0,-1,-1,True,2.5332999999988504e-05,1.4999999999987246e-05,1,0,1
4,V0->V2 V3->V2 V1-V3,1,3,V0->V2 V1->V3 V3->V2,V0,V1,,-1,-1,True,2.0999999999993246e-05,5.079099999999448e-05,2,1,2
4,V0->V2 V3->V2 V1-V3,1,3,V0->V2 V1->V3 V3->V2,V0,V2,V3,-1,-1,True,2.5000000000025002e-05,5.1207999999997034e-05,2,1,2
4,V0->V2 V3->V2 V1-V3,1,3,V0->V2 V1->V3 V3->V2,V0,V3,,-1,-1,True,2.087500000000353e-05,4.804199999999814e-05,2,1,2
4,V0->V2 V3->V2 V1-V3,1,3,V0->V2 V1->V3 V3->V2,V1,V0,,-1,-1,True,2.208300000000607e-05,4.699999999999149e-05,2,1,2
4,V0->V2 V3->V2 V1-V3,1,3,V0->V2 V1->V3 V3->V2,V1,V2,V0,1,1,True,2.162499999999734e-05,5.1917000000012425e-05,1,1,2
4,V0->V2 V3->V2 V1-V3,1,3,V0->V2 V1->V3 V3->V2,V1,V3,,1,1,True,1.608300000000007e-05,4.450000000000287e-05,1,1,2
4,V0->V2 V3->V2 V1-V3,1,3,V0->V2 V1->V3 V3->V2,V3,V0,,-1,-1,True,2.0749999999986057e-05,4.84170000000228e-05,2,1,2
4,V0->V2 V3->V2 V1-V3,1,3,V0->V2 V1->V3 V3->V2,V3,V2,V0,-1,-1,True,2.529100000001061e-05,5.162499999999959e-05,2,1,2
4,V0->V2 V3->V2 V1-V3,1,3,V0->V2 V3->V1 V3->V2,V0,V1,,-1,-1,True,2.0957999999987598e-05,4.7959000000014074e-05,2,1,2
4,V0->V2 V3->V2 V1-V3,1,3,V0->V2 V3->V1 V3->V2,V0,V2,V3,-1,-1,True,2.587500000000853e-05,4.9707999999981656e-05,2,1,2
4,V0->V2 V3->V2 V1-V3,1,3,V0->V2 V3->V1 V3->V2,V0,V3,,-1,-1,True,2.108300000000507e-05,4.6125000000007965e-05,2,1,2
4,V0->V2 V3->V2 V1-V3,1,3,V0->V2 V3->V1 V3->V2,V1,V0,,-1,-1,True,2.14169999999958e-05,4.670800000000641e-05,2,1,2
4,V0->V2 V3->V2 V1-V3,1,3,V0->V2 V3->V1 V3->V2,V3,V0,,-1,-1,True,2.087500000000353e-05,4.5666999999999236e-05,2,1,2
4,V0->V2 V3->V2 V1-V3,1,3,V0->V2 V3->V1 V3->V2,V3,V1,,1,1,True,1.0666999999991988e-05,3.824999999998968e-05,1,1,2
4,V0->V2 V3->V2 V1-V3,1,3,V0->V2 V3->V1 V3->V2,V3,V2,V0,-1,-1,True,2.462500000000034e-05,4.850000000000687e-05,2,1,2
4,V0->V3 V1->V3 V0-V2,1,3,V0->V3 V1->V3 V0-V2,V0,V1,,-1,-1,True,2.1957999999988598e-05,1.283400000001711e-05,1,0,1
4,V0->V3 V1->V3 V0-V2,1,3,V0->V3 V1->V3 V0-V2,V0,V3,V1,-1,-1,True,2.4207999999997787e-05,1.4874999999997529e-05,1,0,1
4,V0->V3 V1->V3 V0-V2,1,3,V0->V3 V1->V3 V0-V2,V1,V0,,-1,-1,True,2.0833999999997355e-05,1.2665999999994515e-05,1,0,1
4,V0->V3 V1->V3 V0-V2,1,3,V0->V3 V1->V3 V0-V2,V1,V2,,-1,-1,True,2.0290999999977855e-05,1.2542000000004272e-05,1,0,1
4,V0->V3 V1->V3 V0-V2,1,3,V0->V3 V1->V3 V0-V2,V1,V3,V0,-1,-1,True,2.4834000000001355e-05,1.4374999999983151e-05,1,0,1
4,V0->V3 V1->V3 V0-V2,1,3,V0->V3 V1->V3 V0-V2,V2,V1,,-1,-1,True,2.1375000000017907e-05,1.2874999999995529e-05,1,0,1
4,V0->V3 V1->V3 V0-V2,1,3,V0->V2 V0->V3 V1->V3,V0,V1,,-1,-1,True,2.1250000000000435e-05,4.93749999999904e-05,2,1,2
4,V0->V3 V1->V3 V0-V2,1,3,V0->V2 V0->V3 V1->V3,V0,V2,,1,1,True,1.5124999999976962e-05,4.333400000000598e-05,1,1,2
4,V0->V3 V1->V3 V0-V2,1,3,V0->V2 V0->V3 V1->V3,V0,V3,V1,-1,-1,True,2.466700000000599e-05,4.7749999999985304e-05,2,1,2
4,V0->V3 V1->V3 V0-V2,1,3,V0->V2 V0->V3 V1->V3,V1,V0,,-1,-1,True,1.979200000001846e-05,4.420799999999003e-05,2,1,2
4,V0->V3 V1->V3 V0-V2,1,3,V0->V2 V0->V3 V1->V3,V1,V2,,-1,-1,True,1.9958000000014353e-05,4.458399999998641e-05,2,1,2
4,V0->V3 V1->V3 V0-V2,1,3,V0->V2 V0->V3 V1->V3,V1,V3,V0,-1,-1,True,2.545900000000545e-05,4.8333000000011506e-05,2,1,2
4,V0->V3 V1->V3 V0-V2,1,3,V0->V2 V0->V3 V1->V3,V2,V1,,-1,-1,True,2.1708000000009164e-05,4.624999999999768e-05,2,1,2
4,V0->V3 V1->V3 V0-V2,1,3,V0->V3 V1->V3 V2->V0,V0,V1,,-1,-1,True,2.0833999999997355e-05,4.604099999999667e-05,2,1,2
4,V0->V3 V1->V3 V0-V2,1,3,V0->V3 V1->V3 V2->V0,V0,V3,V1,-1,-1,True,2.429100000000961e-05,4.770899999997913e-05,2,1,2
4,V0->V3 V1->V3 V0-V2,1,3,V0->V3 V1->V3 V2->V0,V1,V0,,-1,-1,True,1.9583000000017448e-05,4.420799999999003e-05,2,1,2
4,V0->V3 V1->V3 V0-V2,1,3,V0->V3 V1->V3 V2->V0,V1,V2,,-1,-1,True,1.9791999999990706e-05,4.275000000000806e-05,2,1,2
4,V0->V3 V1->V3 V0-V2,1,3,V0->V3 V1->V3 V2->V0,V1,V3,V0,-1,-1,True,2.4124999999985963e-05,4.783299999999713e-05,2,1,2
4,V0->V3 V1->V3 V0-V2,1,3,V0->V3 V1->V3 V2->V0,V2,V0,,1,1,True,1.0874999999993529e-05,3.8333000000001505e-05,1,1,2
4,V0->V3 V1->V3 V0-V2,1,3,V0->V3 V1->V3 V2->V0,V2,V1,,-1,-1,True,2.087500000000353e-05,4.4083000000000316e-05,2,1,2
4,V0->V3 V1->V3 V0-V2,1,3,V0->V3 V1->V3 V2->V0,V2,V3,V1,1,1,True,1.529100000000061e-05,4.316699999998286e-05,1,1,2
4,V0->V3 V1->V3 V0-V2 V1-V2,2,6,V0->V3 V1->V3 V2->V0 V1-V2,V0,V3,V1,1,1,True,1.8709000000005638e-05,6.80000000000125e-05,1,1,2
4,V0->V3 V1->V3 V0-V2 V1-V2,2,6,V0->V3 V1->V3 V2->V0 V1-V2,V2,V0,,1,1,True,2.0708000000008164e-05,7.01669999999821e-05,1,1,2
4,V0->V3 V1->V3 V0-V2 V1-V2,2,6,V0->V3 V1->V3 V2->V1 V0-V2,V1,V3,V0,1,1,True,2.549999999998387e-05,7.89160000000122e-05,1,1,2
4,V0->V3 V1->V3 V0-V2 V1-V2,2,6,V0->V3 V1->V3 V2->V1 V0-V2,V2,V1,,1,1,True,2.4999999999997247e-05,7.654200000001277e-05,1,1,2
4,V0->V3 V1->V3 V0-V2 V1-V2,2,6,V0->V2 V0->V3 V1->V3 V2->V1,V0,V1,,1,1,True,3.237500000000115e-05,6.787499999999502e-05,1,2,2
4,V0->V3 V1->V3 V0-V2 V1-V2,2,6,V0->V2 V0->V3 V1->V3 V2->V1,V0,V2,,1,1,True,2.9792000000000707e-05,6.487500000001978e-05,1,2,2
4,V0->V3 V1->V3 V0-V2 V1-V2,2,6,V0->V2 V0->V3 V1->V3 V2->V1,V0,V3,,1,1,True,3.6624999999984587e-05,0.00011358399999999991,1,2,2
4,V0->V3 V1->V3 V0-V2 V1-V2,2,6,V0->V2 V0->V3 V1->V3 V2->V1,V1,V3,V0,2,2,True,3.2624999999980586e-05,0.0001269160000000047,2,3,3
4,V0->V3 V1->V3 V0-V2 V1-V2,2,6,V0->V2 V0->V3 V1->V3 V2->V1,V2,V1,,2,2,True,2.9958999999996072e-05,0.0001263750000000119,2,3,3
4,V0->V3 V1->V3 V0-V2 V1-V2,2,6,V0->V2 V0->V3 V1->V3 V2->V1,V2,V3,V0,1,1,True,2.7332999999990504e-05,6.479200000000795e-05,1,2,2
4,V0->V3 V1->V3 V0-V2 V1-V2,2,6,V0->V3 V1->V2 V1->V3 V2->V0,V0,V3,V1,2,2,True,2.612500000001572e-05,0.00012095899999997606,2,3,3
4,V0->V3 V1->V3 V0-V2 V1-V2,2,6,V0->V3 V1->V2 V1->V3 V2->V0,V1,V0,,1,1,True,2.7540999999992044e-05,6.833400000000323e-05,1,2,2
4,V0->V3 V1->V3 V0-V2 V1-V2,2,6,V0->V3 V1->V2 V1->V3 V2->V0,V1,V2,,1,1,True,2.429100000000961e-05,6.33750000000044e-05,1,2,2
4,V0->V3 V1->V3 V0-V2 V1-V2,2,6,V0->V3 V1->V2 V1->V3 V2->V0,V1,V3,,1,1,True,3.133399999999398e-05,6.762500000001559e-05,1,2,2
4,V0->V3 V1->V3 V0-V2 V1-V2,2,6,V0->V3 V1->V2 V1->V3 V2->V0,V2,V0,,2,2,True,2.5124999999986963e-05,0.00011525000000001118,2,3,3
4,V0->V3 V1->V3 V0-V2 V1-V2,2,6,V0->V3 V1->V2 V1->V3 V2->V0,V2,V3,V1,1,1,True,1.9917000000008178e-05,6.23750000000034e-05,1,2,2
4,V0->V3 V1->V3 V0-V2 V1-V2,2,6,V0->V3 V1->V3 V2->V0 V2->V1,V0,V3,V1,1,1,True,2.812500000001772e-05,8.429199999998582e-05,1,2,3
4,V0->V3 V1->V3 V0-V2 V1-V2,2,6,V0->V3 V1->V3 V2->V0 V2->V1,V1,V3,V0,1,1,True,2.004099999999842e-05,6.833400000000323e-05,1,2,2
4,V0->V3 V1->V3 V0-V2 V1-V2,2,6,V0->V3 V1->V3 V2->V0 V2->V1,V2,V0,,1,1,True,3.149999999998987e-05,8.487500000001202e-05,1,2,3
4,V0->V3 V1->V3 V0-V2 V1-V2,2,6,V0->V3 V1->V3 V2->V0 V2->V1,V2,V1,,1,1,True,2.483300000000188e-05,6.983399999999085e-05,1,2,2
4,V0->V3 V1->V3 V0-V2 V1-V2,2,6,V0->V3 V1->V3 V2->V0 V2->V1,V2,V3,,1,1,True,2.512500000001472e-05,7.579099999999173e-05,1,2,2
4,V0->V3 V1->V3 V1-V2,1,3,V0->V3 V1->V3 V1-V2,V0,V1,,-1,-1,True,2.1250000000000435e-05,1.2749999999978057e-05,1,0,1
4,V0->V3 V1->V3 V1-V2,1,3,V0->V3 V1->V3 V1-V2,V0,V2,,-1,-1,True,1.987500000000253e-05,1.2083999999995543e-05,1,0,1
4,V0->V3 V1->V3 V1-V2,1,3,V0->V3 V1->V3 V1-V2,V0,V3,V1,-1,-1,True,2.483300000000188e-05,1.4542000000006272e-05,1,0,1
4,V0->V3 V1->V3 V1-V2,1,3,V0->V3 V1->V3 V1-V2,V1,V0,,-1,-1,True,2.0958000000015353e-05,1.220899999998526e-05,1,0,1
4,V0->V3 V1->V3 V1-V2,1,3,V0->V3 V1->V3 V1-V2,V1,V3,V0,-1,-1,True,2.44169999999988e-05,1.4125000000003718e-05,1,0,1
4,V0->V3 V1->V3 V1-V2,1,3,V0->V3 V1->V3 V1-V2,V2,V0,,-1,-1,True,2.116699999998861e-05,1.225000000001919e-05,1,0,1
4,V0->V3 V1->V3 V1-V2,1,3,V0->V3 V1->V2 V1->V3,V0,V1,,-1,-1,True,2.1124999999982963e-05,4.750000000000587e-05,2,1,2
4,V0->V3 V1->V3 V1-V2,1,3,V0->V3 V1->V2 V1->V3,V0,V2,,-1,-1,True,1.991599999998095e-05,4.683400000002336e-05,2,1,2
4,V0->V3 V1->V3 V1-V2,1,3,V0->V3 V1->V2 V1->V3,V0,V3,V1,-1,-1,True,2.5250000000004436e-05,4.958299999999194e-05,2,1,2
4,V0->V3 V1->V3 V1-V2,1,3,V0->V3 V1->V2 V1->V3,V1,V0,,-1,-1,True,2.145900000000145e-05,4.545799999999822e-05,2,1,2
4,V0->V3 V1->V3 V1-V2,1,3,V0->V3 V1->V2 V1->V3,V1,V2,,1,1,True,1.558299999998569e-05,4.499999999998949e-05,1,1,2
4,V0->V3 V1->V3 V1-V2,1,3,V0->V3 V1->V2 V1->V3,V1,V3,V0,-1,-1,True,2.529100000001061e-05,4.795899999998632e-05,2,1,2
4,V0->V3 V1->V3 V1-V2,1,3,V0->V3 V1->V2 V1->V3,V2,V0,,-1,-1,True,2.1084000000004544e-05,4.466599999999876e-05,2,1,2
4,V0->V3 V1->V3 V1-V2,1,3,V0->V3 V1->V3 V2->V1,V0,V1,,-1,-1,True,2.1041999999998895e-05,4.591600000000695e-05,2,1,2
4,V0->V3 V1->V3 V1-V2,1,3,V0->V3 V1->V3 V2->V1,V0,V2,,-1,-1,True,1.979200000001846e-05,4.345799999999622e-05,2,1,2
4,V0->V3 V1->V3 V1-V2,1,3,V0->V3 V1->V3 V2->V1,V0,V3,V1,-1,-1,True,2.5749999999991058e-05,5.008400000000579e-05,2,1,2
4,V0->V3 V1->V3 V1-V2,1,3,V0->V3 V1->V3 V2->V1,V1,V0,,-1,-1,True,2.1540999999986044e-05,4.729200000000433e-05,2,1,2
4,V0->V3 V1->V3 V1-V2,1,3,V0->V3 V1->V3 V2->V1,V1,V3,V0,-1,-1,True,2.5541999999989518e-05,5.087500000000578e-05,2,1,2
4,V0->V3 V1->V3 V1-V2,1,3,V0->V3 V1->V3 V2->V1,V2,V0,,-1,-1,True,2.1540999999986044e-05,4.4959000000011073e-05,2,1,2
4,V0->V3 V1->V3 V1-V2,1,3,V0->V3 V1->V3 V2->V1,V2,V1,,1,1,True,1.116699999997861e-05,4.020800000001379e-05,1,1,2
4,V0->V3 V1->V3 V1-V2,1,3,V0->V3 V1->V3 V2->V1,V2,V3,V0,1,1,True,1.4999999999987246e-05,4.2709000000001884e-05,1,1,2
4,V0->V3 V1->V3 V2->V3 V0-V1,1,3,V0->V3 V1->V3 V2->V3 V0-V1,V0,V2,,-1,-1,True,2.391599999998495e-05,1.4709000000001637e-05,1,0,1
4,V0->V3 V1->V3 V2->V3 V0-V1,1,3,V0->V3 V1->V3 V2->V3 V0-V1,V1,V2,,-1,-1,True,2.266700000000399e-05,1.3582999999983691e-05,1,0,1
4,V0->V3 V1->V3 V2->V3 V0-V1,1,3,V0->V3 V1->V3 V2->V3 V0-V1,V2,V0,,-1,-1,True,2.187500000000453e-05,1.2999999999985246e-05,1,0,1
4,V0->V3 V1->V3 V2->V3 V0-V1,1,3,V0->V3 V1->V3 V2->V3 V0-V1,V2,V1,,-1,-1,True,2.1292000000006084e-05,1.2625000000016096e-05,1,0,1
4,V0->V3 V1->V3 V2->V3 V0-V1,1,3,V0->V3 V1->V3 V2->V3 V0-V1,V2,V3,V0|V1,-1,-1,True,3.2332999999995504e-05,1.8041999999995895e-05,1,0,1
4,V0->V3 V1->V3 V2->V3 V0-V1,1,3,V0->V1 V0->V3 V1->V3 V2->V3,V0,V1,,1,1,True,1.6791999999987706e-05,4.9541000000014046e-05,1,1,2
4,V0->V3 V1->V3 V2->V3 V0-V1,1,3,V0->V1 V0->V3 V1->V3 V2->V3,V0,V2,,-1,-1,True,2.387500000000653e-05,5.1957999999990845e-05,2,1,2
4,V0->V3 V1->V3 V2->V3 V0-V1,1,3,V0->V1 V0->V3 V1->V3 V2->V3,V0,V3,V2,1,1,True,2.34169999999978e-05,5.5375000000024155e-05,1,1,2
4,V0->V3 V1->V3 V2->V3 V0-V1,1,3,V0->V1 V0->V3 V1->V3 V2->V3,V1,V2,,-1,-1,True,2.2999999999995246e-05,5.2207999999998034e-05,2,1,2
4,V0->V3 V1->V3 V2->V3 V0-V1,1,3,V0->V1 V0->V3 V1->V3 V2->V3,V1,V3,V0|V2,1,1,True,1.7541999999981517e-05,4.9583000000019695e-05,1,1,2
4,V0->V3 V1->V3 V2->V3 V0-V1,1,3,V0->V1 V0->V3 V1->V3 V2->V3,V2,V0,,-1,-1,True,2.191700000001018e-05,4.9541000000014046e-05,2,1,2
4,V0->V3 V1->V3 V2->V3 V0-V1,1,3,V0->V1 V0->V3 V1->V3 V2->V3,V2,V1,,-1,-1,True,2.187500000000453e-05,5.004100000000067e-05,2,1,2
4,V0->V3 V1->V3 V2->V3 V0-V1,1,3,V0->V1 V0->V3 V1->V3 V2->V3,V2,V3,V0|V1,-1,-1,True,3.170799999999141e-05,5.662500000000459e-05,2,1,2
4,V0->V3 V1->V3 V2->V3 V0-V1,1,3,V0->V3 V1->V0 V1->V3 V2->V3,V0,V2,,-1,-1,True,2.2708000000010164e-05,5.162499999999959e-05,2,1,2
4,V0->V3 V1->V3 V2->V3 V0-V1,1,3,V0->V3 V1->V0 V1->V3 V2->V3,V0,V3,V1|V2,1,1,True,1.0541000000002798e-05,4.1749999999979304e-05,1,1,2
4,V0->V3 V1->V3 V2->V3 V0-V1,1,3,V0->V3 V1->V0 V1->V3 V2->V3,V1,V0,,1,1,True,1.1666999999992989e-05,4.266599999999676e-05,1,1,2
4,V0->V3 V1->V3 V2->V3 V0-V1,1,3,V0->V3 V1->V0 V1->V3 V2->V3,V1,V2,,-1,-1,True,2.2250000000001435e-05,4.8583000000018695e-05,2,1,2
4,V0->V3 V1->V3 V2->V3 V0-V1,1,3,V0->V3 V1->V0 V1->V3 V2->V3,V1,V3,V2,1,1,True,1.5750000000008813e-05,4.624999999999768e-05,1,1,2
4,V0->V3 V1->V3 V2->V3 V0-V1,1,3,V0->V3 V1->V0 V1->V3 V2->V3,V2,V0,,-1,-1,True,2.1791999999992706e-05,4.845800000000122e-05,2,1,2
4,V0->V3 V1->V3 V2->V3 V0-V1,1,3,V0->V3 V1->V0 V1->V3 V2->V3,V2,V1,,-1,-1,True,2.1332999999984503e-05,4.6959000000013074e-05,2,1,2
4,V0->V3 V1->V3 V2->V3 V0-V1,1,3,V0->V3 V1->V0 V1->V3 V2->V3,V2,V3,V0|V1,-1,-1,True,3.0374999999999153e-05,5.4791999999997953e-05,2,1,2
4,V0->V3 V1->V3 V2->V3 V0-V1 V0-V2,2,6,V0->V1 V0->V3 V1->V3 V2->V3 V0-V2,V0,V1,,1,1,True,3.270799999999241e-05,8.912499999999546e-05,1,1,2
4,V0->V3 V1->V3 V2->V3 V0-V1 V0-V2,2,6,V0->V1 V0->V3 V1->V3 V2->V3 V0-V2,V1,V3,V0|V2,1,1,True,3.908399999999479e-05,9.400000000001074e-05,1,1,2
4,V0->V3 V1->V3 V2->V3 V0-V1 V0-V2,2,6,V0->V2 V0->V3 V1->V3 V2->V3 V0-V1,V0,V2,,1,1,True,2.5333999999987977e-05,7.925000000000293e-05,1,1,2
4,V0->V3 V1->V3 V2->V3 V0-V1 V0-V2,2,6,V0->V2 V0->V3 V1->V3 V2->V3 V0-V1,V2,V3,V0|V1,1,1,True,2.9458000000009976e-05,8.412499999999046e-05,1,1,2
4,V0->V3 V1->V3 V2->V3 V0-V1 V0-V2,2,6,V0->V1 V0->V2 V0->V3 V1->V3 V2->V3,V0,V1,,1,1,True,4.845800000000122e-05,9.904199999999364e-05,1,2,3
4,V0->V3 V1->V3 V2->V3 V0-V1 V0-V2,2,6,V0->V1 V0->V2 V0->V3 V1->V3 V2->V3,V0,V2,,1,1,True,2.966700000001099e-05,8.395799999999509e-05,1,2,2
4,V0->V3 V1->V3 V2->V3 V0-V1 V0-V2,2,6,V0->V1 V0->V2 V0->V3 V1->V3 V2->V3,V0,V3,,1,1,True,3.8916999999999424e-05,8.825000000001193e-05,1,2,2
4,V0->V3 V1->V3 V2->V3 V0-V1 V0-V2,2,6,V0->V1 V0->V2 V0->V3 V1->V3 V2->V3,V1,V3,V0|V2,1,1,True,5.7125000000018966e-05,0.00010495899999998781,1,2,3
4,V0->V3 V1->V3 V2->V3 V0-V1 V0-V2,2,6,V0->V1 V0->V2 V0->V3 V1->V3 V2->V3,V2,V3,V0|V1,1,1,True,3.0540999999995044e-05,8.475000000002231e-05,1,2,2
4,V0->V3 V1->V3 V2->V3 V0-V1 V0-V2,2,6,V0->V1 V0->V3 V1->V3 V2->V0 V2->V3,V0,V1,,2,2,True,3.8042000000015896e-05,0.00014491599999999494,2,3,3
4,V0->V3 V1->V3 V2->V3 V0-V1 V0-V2,2,6,V0->V1 V0->V3 V1->V3 V2->V0 V2->V3,V0,V3,V2,1,1,True,1.3416000000016082e-05,6.366699999998948e-05,1,2,2
4,V0->V3 V1->V3 V2->V3 V0-V1 V0-V2,2,6,V0->V1 V0->V3 V1->V3 V2->V0 V2->V3,V1,V3,V0|V2,2,2,True,4.754200000001152e-05,0.00015441699999999003,2,3,3
4,V0->V3 V1->V3 V2->V3 V0-V1 V0-V2,2,6,V0->V1 V0->V3 V1->V3 V2->V0 V2->V3,V2,V0,,1,1,True,2.0292000000005084e-05,6.608299999999456e-05,1,2,2
4,V0->V3 V1->V3 V2->V3 V0-V1 V0-V2,2,6,V0->V1 V0->V3 V1->V3 V2->V0 V2->V3,V2,V1,,1,1,True,2.2250000000001435e-05,6.53750000000064e-05,1,2,2
4,V0->V3 V1->V3 V2->V3 V0-V1 V0-V2,2,6,V0->V1 V0->V3 V1->V3 V2->V0 V2->V3,V2,V3,,1,1,True,2.6292000000011084e-05,6.687499999999402e-05,1,2,2
4,V0->V3 V1->V3 V2->V3 V0-V1 V0-V2,2,6,V0->V2 V0->V3 V1->V0 V1->V3 V2->V3,V0,V2,,2,2,True,3.149999999998987e-05,0.00013479200000002245,2,3,3
4,V0->V3 V1->V3 V2->V3 V0-V1 V0-V2,2,6,V0->V2 V0->V3 V1->V0 V1->V3 V2->V3,V0,V3,V1,1,1,True,1.3041999999990894e-05,6.149999999999212e-05,1,2,2
4,V0->V3 V1->V3 V2->V3 V0-V1 V0-V2,2,6,V0->V2 V0->V3 V1->V0 V1->V3 V2->V3,V1,V0,,1,1,True,2.008300000000407e-05,6.341699999998229e-05,1,2,2
4,V0->V3 V1->V3 V2->V3 V0-V1 V0-V2,2,6,V0->V2 V0->V3 V1->V0 V1->V3 V2->V3,V1,V2,,1,1,True,2.2500000000008624e-05,6.624999999998993e-05,1,2,2
4,V0->V3 V1->V3 V2->V3 V0-V1 V0-V2,2,6,V0->V2 V0->V3 V1->V0 V1->V3 V2->V3,V1,V3,,1,1,True,2.6292000000011084e-05,6.912499999997546e-05,1,2,2
4,V0->V3 V1->V3 V2->V3 V0-V1 V0-V2,2,6,V0->V2 V0->V3 V1->V0 V1->V3 V2->V3,V2,V3,V0|V1,2,2,True,3.862500000001434e-05,0.00014174999999999605,2,3,3
4,V0->V3 V1->V3 V2->V3 V0-V1 V1-V2,2,6,V0->V3 V1->V0 V1->V3 V2->V3 V1-V2,V0,V3,V1|V2,1,1,True,2.108300000000507e-05,7.41669999999861e-05,1,1,2
4,V0->V3 V1->V3 V2->V3 V0-V1 V1-V2,2,6,V0->V3 V1->V0 V1->V3 V2->V3 V1-V2,V1,V0,,1,1,True,1.912500000000872e-05,7.133300000000675e-05,1,1,2
4,V0->V3 V1->V3 V2->V3 V0-V1 V1-V2,2,6,V0->V3 V1->V2 V1->V3 V2->V3 V0-V1,V1,V2,,1,1,True,3.0500000000016625e-05,8.57920000000012e-05,1,1,2
4,V0->V3 V1->V3 V2->V3 V0-V1 V1-V2,2,6,V0->V3 V1->V2 V1->V3 V2->V3 V0-V1,V2,V3,V0|V1,1,1,True,3.745799999999022e-05,9.083400000001185e-05,1,1,2
4,V0->V3 V1->V3 V2->V3 V0-V1 V1-V2,2,6,V0->V1 V0->V3 V1->V2 V1->V3 V2->V3,V0,V1,,1,1,True,3.09579999999976e-05,7.095799999998209e-05,1,2,2
4,V0->V3 V1->V3 V2->V3 V0-V1 V1-V2,2,6,V0->V1 V0->V3 V1->V2 V1->V3 V2->V3,V0,V2,,1,1,True,3.429199999999133e-05,7.041600000001758e-05,1,2,2
4,V0->V3 V1->V3 V2->V3 V0-V1 V1-V2,2,6,V0->V1 V0->V3 V1->V2 V1->V3 V2->V3,V0,V3,,1,1,True,4.120799999998703e-05,7.508300000000356e-05,1,2,2
4,V0->V3 V1->V3 V2->V3 V0-V1 V1-V2,2,6,V0->V1 V0->V3 V1->V2 V1->V3 V2->V3,V1,V2,,2,2,True,3.645799999998922e-05,0.00013808400000001053,2,3,3
4,V0->V3 V1->V3 V2->V3 V0-V1 V1-V2,2,6,V0->V1 V0->V3 V1->V2 V1->V3 V2->V3,V1,V3,V0,1,1,True,2.829199999998533e-05,6.820800000001404e-05,1,2,2
4,V0->V3 V1->V3 V2->V3 V0-V1 V1-V2,2,6,V0->V1 V0->V3 V1->V2 V1->V3 V2->V3,V2,V3,V0|V1,2,2,True,4.662499999999459e-05,0.00015812500000000895,2,3,3
4,V0->V3 V1->V3 V2->V3 V0-V1 V1-V2,2,6,V0->V3 V1->V0 V1->V2 V1->V3 V2->V3,V0,V3,V1|V2,1,1,True,3.229199999998933e-05,9.737500000001065e-05,1,2,3
4,V0->V3 V1->V3 V2->V3 V0-V1 V1-V2,2,6,V0->V3 V1->V0 V1->V2 V1->V3 V2->V3,V1,V0,,1,1,True,3.104199999998114e-05,0.00010308300000000381,1,2,3
4,V0->V3 V1->V3 V2->V3 V0-V1 V1-V2,2,6,V0->V3 V1->V0 V1->V2 V1->V3 V2->V3,V1,V2,,1,1,True,3.483299999998413e-05,8.183400000000285e-05,1,2,2
4,V0->V3 V1->V3 V2->V3 V0-V1 V1-V2,2,6,V0->V3 V1->V0 V1->V2 V1->V3 V2->V3,V1,V3,,1,1,True,3.204199999998214e-05,8.729200000001658e-05,1,2,2
4,V0->V3 V1->V3 V2->V3 V0-V1 V1-V2,2,6,V0->V3 V1->V0 V1->V2 V1->V3 V2->V3,V2,V3,V0|V1,1,1,True,3.975000000000506e-05,8.408300000001256e-05,1,2,2
4,V0->V3 V1->V3 V2->V3 V0-V1 V1-V2,2,6,V0->V3 V1->V0 V1->V3 V2->V1 V2->V3,V0,V3,V1|V2,2,2,True,3.39580000000006e-05,0.00013404200000000088,2,3,3
4,V0->V3 V1->V3 V2->V3 V0-V1 V1-V2,2,6,V0->V3 V1->V0 V1->V3 V2->V1 V2->V3,V1,V0,,2,2,True,2.6750000000019813e-05,0.00012899999999999023,2,3,3
4,V0->V3 V1->V3 V2->V3 V0-V1 V1-V2,2,6,V0->V3 V1->V0 V1->V3 V2->V1 V2->V3,V1,V3,V2,1,1,True,1.2999999999985246e-05,6.116700000000086e-05,1,2,2
4,V0->V3 V1->V3 V2->V3 V0-V1 V1-V2,2,6,V0->V3 V1->V0 V1->V3 V2->V1 V2->V3,V2,V0,,1,1,True,2.3166999999990612e-05,8.74170000000063e-05,1,2,2
4,V0->V3 V1->V3 V2->V3 V0-V1 V1-V2,2,6,V0->V3 V1->V0 V1->V3 V2->V1 V2->V3,V2,V1,,1,1,True,2.212500000001172e-05,7.104199999999339e-05,1,2,2
4,V0->V3 V1->V3 V2->V3 V0-V1 V1-V2,2,6,V0->V3 V1->V0 V1->V3 V2->V1 V2->V3,V2,V3,,1,1,True,2.7500000000013625e-05,6.945799999999447e-05,1,2,2
4,V0->V3 V1->V3 V2->V3 V0-V2,1,3,V0->V3 V1->V3 V2->V3 V0-V2,V0,V1,,-1,-1,True,2.312500000001272e-05,1.3999999999986246e-05,1,0,1
4,V0->V3 V1->V3 V2->V3 V0-V2,1,3,V0->V3 V1->V3 V2->V3 V0-V2,V1,V0,,-1,-1,True,2.2334000000012733e-05,1.3499999999999623e-05,1,0,1
4,V0->V3 V1->V3 V2->V3 V0-V2,1,3,V0->V3 V1->V3 V2->V3 V0-V2,V1,V2,,-1,-1,True,2.2084000000005544e-05,1.2958000000007353e-05,1,0,1
4,V0->V3 V1->V3 V2->V3 V0-V2,1,3,V0->V3 V1->V3 V2->V3 V0-V2,V1,V3,V0|V2,-1,-1,True,3.129199999998833e-05,1.7583000000015447e-05,1,0,1
4,V0->V3 V1->V3 V2->V3 V0-V2,1,3,V0->V3 V1->V3 V2->V3 V0-V2,V2,V1,,-1,-1,True,2.2207999999995787e-05,1.3499999999999623e-05,1,0,1
4,V0->V3 V1->V3 V2->V3 V0-V2,1,3,V0->V2 V0->V3 V1->V3 V2->V3,V0,V1,,-1,-1,True,2.2749999999988058e-05,5.175000000001706e-05,2,1,2
4,V0->V3 V1->V3 V2->V3 V0-V2,1,3,V0->V2 V0->V3 V1->V3 V2->V3,V0,V2,,1,1,True,1.6041999999993894e-05,4.799999999999249e-05,1,1,2
4,V0->V3 V1->V3 V2->V3 V0-V2,1,3,V0->V2 V0->V3 V1->V3 V2->V3,V0,V3,V1,1,1,True,2.2165999999990138e-05,5.4459000000006696e-05,1,1,2
4,V0->V3 V1->V3 V2->V3 V0-V2,1,3,V0->V2 V0->V3 V1->V3 V2->V3,V1,V0,,-1,-1,True,2.187500000000453e-05,4.8459000000000696e-05,2,1,2
4,V0->V3 V1->V3 V2->V3 V0-V2,1,3,V0->V2 V0->V3 V1->V3 V2->V3,V1,V2,,-1,-1,True,2.162499999999734e-05,4.9917000000010425e-05,2,1,2
4,V0->V3 V1->V3 V2->V3 V0-V2,1,3,V0->V2 V0->V3 V1->V3 V2->V3,V1,V3,V0|V2,-1,-1,True,3.0958000000025354e-05,6.554199999997401e-05,2,1,2
4,V0->V3 V1->V3 V2->V3 V0-V2,1,3,V0->V2 V0->V3 V1->V3 V2->V3,V2,V1,,-1,-1,True,2.2415999999997327e-05,5.0291999999979575e-05,2,1,2
4,V0->V3 V1->V3 V2->V3 V0-V2,1,3,V0->V2 V0->V3 V1->V3 V2->V3,V2,V3,V0|V1,1,1,True,1.7166000000012893e-05,4.808400000000379e-05,1,1,2
4,V0->V3 V1->V3 V2->V3 V0-V2,1,3,V0->V3 V1->V3 V2->V0 V2->V3,V0,V1,,-1,-1,True,2.2292000000007084e-05,5.0957999999989845e-05,2,1,2
4,V0->V3 V1->V3 V2->V3 V0-V2,1,3,V0->V3 V1->V3 V2->V0 V2->V3,V0,V3,V1|V2,1,1,True,1.0292000000022838e-05,4.1082999999997316e-05,1,1,2
4,V0->V3 V1->V3 V2->V3 V0-V2,1,3,V0->V3 V1->V3 V2->V0 V2->V3,V1,V0,,-1,-1,True,2.166700000000299e-05,5.0583000000020695e-05,2,1,2
4,V0->V3 V1->V3 V2->V3 V0-V2,1,3,V0->V3 V1->V3 V2->V0 V2->V3,V1,V2,,-1,-1,True,2.1916999999982423e-05,4.9125000000010965e-05,2,1,2
4,V0->V3 V1->V3 V2->V3 V0-V2,1,3,V0->V3 V1->V3 V2->V0 V2->V3,V1,V3,V0|V2,-1,-1,True,3.15410000000238e-05,5.73749999999984e-05,2,1,2
4,V0->V3 V1->V3 V2->V3 V0-V2,1,3,V0->V3 V1->V3 V2->V0 V2->V3,V2,V0,,1,1,True,1.2209000000013015e-05,4.6165999999986385e-05,1,1,2
4,V0->V3 V1->V3 V2->V3 V0-V2,1,3,V0->V3 V1->V3 V2->V0 V2->V3,V2,V1,,-1,-1,True,2.291700000001118e-05,5.03749999999914e-05,2,1,2
4,V0->V3 V1->V3 V2->V3 V0-V2,1,3,V0->V3 V1->V3 V2->V0 V2->V3,V2,V3,V1,1,1,True,1.6125000000005718e-05,4.754200000001152e-05,1,1,2
4,V0->V3 V1->V3 V2->V3 V0-V2 V1-V2,2,6,V0->V3 V1->V3 V2->V0 V2->V3 V1-V2,V0,V3,V1|V2,1,1,True,2.2207999999995787e-05,7.733400000001223e-05,1,1,2
4,V0->V3 V1->V3 V2->V3 V0-V2 V1-V2,2,6,V0->V3 V1->V3 V2->V0 V2->V3 V1-V2,V2,V0,,1,1,True,1.9334000000009732e-05,7.483299999999637e-05,1,1,2
4,V0->V3 V1->V3 V2->V3 V0-V2 V1-V2,2,6,V0->V3 V1->V3 V2->V1 V2->V3 V0-V2,V1,V3,V0|V2,1,1,True,2.9749999999995058e-05,8.437499999999765e-05,1,1,2
4,V0->V3 V1->V3 V2->V3 V0-V2 V1-V2,2,6,V0->V3 V1->V3 V2->V1 V2->V3 V0-V2,V2,V1,,1,1,True,2.4541999999988517e-05,7.791700000001067e-05,1,1,2
4,V0->V3 V1->V3 V2->V3 V0-V2 V1-V2,2,6,V0->V2 V0->V3 V1->V3 V2->V1 V2->V3,V0,V1,,1,1,True,3.5124999999996964e-05,7.42910000000041e-05,1,2,2
4,V0->V3 V1->V3 V2->V3 V0-V2 V1-V2,2,6,V0->V2 V0->V3 V1->V3 V2->V1 V2->V3,V0,V2,,1,1,True,3.0250000000009436e-05,6.94169999999883e-05,1,2,2
4,V0->V3 V1->V3 V2->V3 V0-V2 V1-V2,2,6,V0->V2 V0->V3 V1->V3 V2->V1 V2->V3,V0,V3,,1,1,True,3.983299999998913e-05,7.499999999999174e-05,1,2,2
4,V0->V3 V1->V3 V2->V3 V0-V2 V1-V2,2,6,V0->V2 V0->V3 V1->V3 V2->V1 V2->V3,V1,V3,V0|V2,2,2,True,3.8292000000023085e-05,0.00014212499999999295,2,3,3
4,V0->V3 V1->V3 V2->V3 V0-V2 V1-V2,2,6,V0->V2 V0->V3 V1->V3 V2->V1 V2->V3,V2,V1,,2,2,True,3.229199999998933e-05,0.00013620799999999877,2,3,3
4,V0->V3 V1->V3 V2->V3 V0-V2 V1-V2,2,6,V0->V2 V0->V3 V1->V3 V2->V1 V2->V3,V2,V3,V0,1,1,True,2.8208000000001787e-05,7.012500000000421e-05,1,2,2
4,V0->V3 V1->V3 V2->V3 V0-V2 V1-V2,2,6,V0->V3 V1->V2 V1->V3 V2->V0 V2->V3,V0,V3,V1|V2,2,2,True,3.0874999999985775e-05,0.0001345000000000096,2,3,3
4,V0->V3 V1->V3 V2->V3 V0-V2 V1-V2,2,6,V0->V3 V1->V2 V1->V3 V2->V0 V2->V3,V1,V0,,1,1,True,2.9749999999995058e-05,7.23750000000134e-05,1,2,2
4,V0->V3 V1->V3 V2->V3 V0-V2 V1-V2,2,6,V0->V3 V1->V2 V1->V3 V2->V0 V2->V3,V1,V2,,1,1,True,2.6334000000016733e-05,7.162499999999183e-05,1,2,2
4,V0->V3 V1->V3 V2->V3 V0-V2 V1-V2,2,6,V0->V3 V1->V2 V1->V3 V2->V0 V2->V3,V1,V3,,1,1,True,3.4624999999982586e-05,0.00010425000000000018,1,2,2
4,V0->V3 V1->V3 V2->V3 V0-V2 V1-V2,2,6,V0->V3 V1->V2 V1->V3 V2->V0 V2->V3,V2,V0,,2,2,True,2.808300000001207e-05,0.0001367919999999967,2,3,3
4,V0->V3 V1->V3 V2->V3 V0-V2 V1-V2,2,6,V0->V3 V1->V2 V1->V3 V2->V0 V2->V3,V2,V3,V1,1,1,True,2.591700000001418e-05,8.304099999997816e-05,1,2,2
4,V0->V3 V1->V3 V2->V3 V0-V2 V1-V2,2,6,V0->V3 V1->V3 V2->V0 V2->V1 V2->V3,V0,V3,V1|V2,1,1,True,3.254199999999652e-05,9.77080000000019e-05,1,2,3
4,V0->V3 V1->V3 V2->V3 V0-V2 V1-V2,2,6,V0->V3 V1->V3 V2->V0 V2->V1 V2->V3,V1,V3,V0|V2,1,1,True,2.3666000000005516e-05,7.570900000000713e-05,1,2,2
4,V0->V3 V1->V3 V2->V3 V0-V2 V1-V2,2,6,V0->V3 V1->V3 V2->V0 V2->V1 V2->V3,V2,V0,,1,1,True,3.216699999999961e-05,9.354100000000254e-05,1,2,3
4,V0->V3 V1->V3 V2->V3 V0-V2 V1-V2,2,6,V0->V3 V1->V3 V2->V0 V2->V1 V2->V3,V2,V1,,1,1,True,2.5458000000005976e-05,7.620899999999375e-05,1,2,2
4,V0->V3 V1->V3 V2->V3 V0-V2 V1-V2,2,6,V0->V3 V1->V3 V2->V0 V2->V1 V2->V3,V2,V3,,1,1,True,2.583300000000288e-05,7.962499999999983e-05,1,2,2
4,V0->V3 V1->V3 V2->V3 V1-V2,1,3,V0->V3 V1->V3 V2->V3 V1-V2,V0,V1,,-1,-1,True,2.304100000000142e-05,1.3833999999990354e-05,1,0,1
4,V0->V3 V1->V3 V2->V3 V1-V2,1,3,V0->V3 V1->V3 V2->V3 V1-V2,V0,V2,,-1,-1,True,2.1916999999982423e-05,1.3166000000008893e-05,1,0,1
4,V0->V3 V1->V3 V2->V3 V1-V2,1,3,V0->V3 V1->V3 V2->V3 V1-V2,V0,V3,V1|V2,-1,-1,True,3.1916999999992424e-05,1.787500000000053e-05,1,0,1
4,V0->V3 V1->V3 V2->V3 V1-V2,1,3,V0->V3 V1->V3 V2->V3 V1-V2,V1,V0,,-1,-1,True,2.2749999999988058e-05,1.3333000000004258e-05,1,0,1
4,V0->V3 V1->V3 V2->V3 V1-V2,1,3,V0->V3 V1->V3 V2->V3 V1-V2,V2,V0,,-1,-1,True,2.287500000000553e-05,1.3417000000015555e-05,1,0,1
4,V0->V3 V1->V3 V2->V3 V1-V2,1,3,V0->V3 V1->V2 V1->V3 V2->V3,V0,V1,,-1,-1,True,2.2374999999991152e-05,5.154200000001552e-05,2,1,2
4,V0->V3 V1->V3 V2->V3 V1-V2,1,3,V0->V3 V1->V2 V1->V3 V2->V3,V0,V2,,-1,-1,True,2.1916999999982423e-05,5.025000000000168e-05,2,1,2
4,V0->V3 V1->V3 V2->V3 V1-V2,1,3,V0->V3 V1->V2 V1->V3 V2->V3,V0,V3,V1|V2,-1,-1,True,3.1874999999986775e-05,5.83749999999994e-05,2,1,2
4,V0->V3 V1->V3 V2->V3 V1-V2,1,3,V0->V3 V1->V2 V1->V3 V2->V3,V1,V0,,-1,-1,True,2.266700000000399e-05,5.012499999998421e-05,2,1,2
4,V0->V3 V1->V3 V2->V3 V1-V2,1,3,V0->V3 V1->V2 V1->V3 V2->V3,V1,V2,,1,1,True,1.6249999999995435e-05,4.7667000000001236e-05,1,1,2
4,V0->V3 V1->V3 V2->V3 V1-V2,1,3,V0->V3 V1->V2 V1->V3 V2->V3,V1,V3,V0,1,1,True,2.2207999999995787e-05,5.283300000000213e-05,1,1,2
4,V0->V3 V1->V3 V2->V3 V1-V2,1,3,V0->V3 V1->V2 V1->V3 V2->V3,V2,V0,,-1,-1,True,2.2709000000009638e-05,5.033299999998575e-05,2,1,2
4,V0->V3 V1->V3 V2->V3 V1-V2,1,3,V0->V3 V1->V2 V1->V3 V2->V3,V2,V3,V0|V1,1,1,True,1.7750000000010813e-05,4.941699999999605e-05,1,1,2
4,V0->V3 V1->V3 V2->V3 V1-V2,1,3,V0->V3 V1->V3 V2->V1 V2->V3,V0,V1,,-1,-1,True,2.229100000000761e-05,5.262500000000059e-05,2,1,2
4,V0->V3 V1->V3 V2->V3 V1-V2,1,3,V0->V3 V1->V3 V2->V1 V2->V3,V0,V2,,-1,-1,True,2.2957999999989598e-05,4.908400000000479e-05,2,1,2
4,V0->V3 V1->V3 V2->V3 V1-V2,1,3,V0->V3 V1->V3 V2->V1 V2->V3,V0,V3,V1|V2,-1,-1,True,3.179200000000271e-05,5.666599999998301e-05,2,1,2
4,V0->V3 V1->V3 V2->V3 V1-V2,1,3,V0->V3 V1->V3 V2->V1 V2->V3,V1,V0,,-1,-1,True,2.2750000000015813e-05,7.383299999999537e-05,2,1,2
4,V0->V3 V1->V3 V2->V3 V1-V2,1,3,V0->V3 V1->V3 V2->V1 V2->V3,V1,V3,V0|V2,1,1,True,1.1125000000000718e-05,4.4709000000003885e-05,1,1,2
4,V0->V3 V1->V3 V2->V3 V1-V2,1,3,V0->V3 V1->V3 V2->V1 V2->V3,V2,V0,,-1,-1,True,2.3250000000002435e-05,5.287500000000778e-05,2,1,2
4,V0->V3 V1->V3 V2->V3 V1-V2,1,3,V0->V3 V1->V3 V2->V1 V2->V3,V2,V1,,1,1,True,1.1666999999992989e-05,4.620799999999203e-05,1,1,2
4,V0->V3 V1->V3 V2->V3 V1-V2,1,3,V0->V3 V1->V3 V2->V1 V2->V3,V2,V3,V0,1,1,True,1.64169999999908e-05,4.845800000000122e-05,1,1,2
4,V0->V3 V2->V3 V0-V1,1,3,V0->V3 V2->V3 V0-V1,V0,V2,,-1,-1,True,2.116699999998861e-05,1.3083000000024825e-05,1,0,1
4,V0->V3 V2->V3 V0-V1,1,3,V0->V3 V2->V3 V0-V1,V0,V3,V2,-1,-1,True,2.466700000000599e-05,1.4457999999994975e-05,1,0,1
4,V0->V3 V2->V3 V0-V1,1,3,V0->V3 V2->V3 V0-V1,V1,V2,,-1,-1,True,2.1374999999990152e-05,1.3125000000002718e-05,1,0,1
4,V0->V3 V2->V3 V0-V1,1,3,V0->V3 V2->V3 V0-V1,V2,V0,,-1,-1,True,1.9957999999986598e-05,1.2082999999996069e-05,1,0,1
4,V0->V3 V2->V3 V0-V1,1,3,V0->V3 V2->V3 V0-V1,V2,V1,,-1,-1,True,2.066700000000199e-05,1.2082999999996069e-05,1,0,1
4,V0->V3 V2->V3 V0-V1,1,3,V0->V3 V2->V3 V0-V1,V2,V3,V0,-1,-1,True,2.4791999999995706e-05,1.4041999999991894e-05,1,0,1
4,V0->V3 V2->V3 V0-V1,1,3,V0->V1 V0->V3 V2->V3,V0,V1,,1,1,True,1.666699999999799e-05,4.620800000001979e-05,1,1,2
4,V0->V3 V2->V3 V0-V1,1,3,V0->V1 V0->V3 V2->V3,V0,V2,,-1,-1,True,2.1957999999988598e-05,4.729200000000433e-05,2,1,2
4,V0->V3 V2->V3 V0-V1,1,3,V0->V1 V0->V3 V2->V3,V0,V3,V2,-1,-1,True,2.5666000000007516e-05,5.150000000000987e-05,2,1,2
4,V0->V3 V2->V3 V0-V1,1,3,V0->V1 V0->V3 V2->V3,V1,V2,,-1,-1,True,2.2084000000005544e-05,4.7915999999981196e-05,2,1,2
4,V0->V3 V2->V3 V0-V1,1,3,V0->V1 V0->V3 V2->V3,V2,V0,,-1,-1,True,2.1084000000004544e-05,4.6749999999984304e-05,2,1,2
4,V0->V3 V2->V3 V0-V1,1,3,V0->V1 V0->V3 V2->V3,V2,V1,,-1,-1,True,2.0374999999989152e-05,4.504199999999514e-05,2,1,2
4,V0->V3 V2->V3 V0-V1,1,3,V0->V1 V0->V3 V2->V3,V2,V3,V0,-1,-1,True,2.591599999998695e-05,4.8917000000009425e-05,2,1,2
4,V0->V3 V2->V3 V0-V1,1,3,V0->V3 V1->V0 V2->V3,V0,V2,,-1,-1,True,2.1166000000016894e-05,4.599999999999049e-05,2,1,2
4,V0->V3 V2->V3 V0-V1,1,3,V0->V3 V1->V0 V2->V3,V0,V3,V2,-1,-1,True,2.54169999999998e-05,4.9167000000016614e-05,2,1,2
4,V0->V3 V2->V3 V0-V1,1,3,V0->V3 V1->V0 V2->V3,V1,V0,,1,1,True,1.1166000000006893e-05,3.954199999997576e-05,1,1,2
4,V0->V3 V2->V3 V0-V1,1,3,V0->V3 V1->V0 V2->V3,V1,V2,,-1,-1,True,2.208300000000607e-05,4.699999999999149e-05,2,1,2
4,V0->V3 V2->V3 V0-V1,1,3,V0->V3 V1->V0 V2->V3,V1,V3,V2,1,1,True,1.5333000000006258e-05,4.341699999999005e-05,1,1,2
4,V0->V3 V2->V3 V0-V1,1,3,V0->V3 V1->V0 V2->V3,V2,V0,,-1,-1,True,2.049999999997887e-05,4.5375000000014154e-05,2,1,2
4,V0->V3 V2->V3 V0-V1,1,3,V0->V3 V1->V0 V2->V3,V2,V1,,-1,-1,True,2.045900000000045e-05,4.450000000000287e-05,2,1,2
4,V0->V3 V2->V3 V0-V1,1,3,V0->V3 V1->V0 V2->V3,V2,V3,V0,-1,-1,True,2.5541999999989518e-05,4.8541000000013046e-05,2,1,2
4,V0->V3 V2->V3 V0-V1 V1-V2,2,6,V0->V3 V1->V0 V2->V3 V1-V2,V0,V3,V2,1,1,True,1.845899999999845e-05,6.804100000001867e-05,1,1,2
4,V0->V3 V2->V3 V0-V1 V1-V2,2,6,V0->V3 V1->V0 V2->V3 V1-V2,V1,V0,,1,1,True,1.9165999999987138e-05,6.687499999999402e-05,1,1,2
4,V0->V3 V2->V3 V0-V1 V1-V2,2,6,V0->V3 V1->V2 V2->V3 V0-V1,V1,V2,,1,1,True,3.049999999998887e-05,8.350000000001412e-05,1,1,2
4,V0->V3 V2->V3 V0-V1 V1-V2,2,6,V0->V3 V1->V2 V2->V3 V0-V1,V2,V3,V0,1,1,True,3.454199999999852e-05,8.71669999999991e-05,1,1,2
4,V0->V3 V2->V3 V0-V1 V1-V2,2,6,V0->V1 V0->V3 V1->V2 V2->V3,V0,V1,,1,1,True,2.887500000001153e-05,6.587499999999302e-05,1,2,2
4,V0->V3 V2->V3 V0-V1 V1-V2,2,6,V0->V1 V0->V3 V1->V2 V2->V3,V0,V2,,1,1,True,3.537500000000415e-05,9.120800000000928e-05,1,2,2
4,V0->V3 V2->V3 V0-V1 V1-V2,2,6,V0->V1 V0->V3 V1->V2 V2->V3,V0,V3,,1,1,True,3.858299999998094e-05,7.433300000000975e-05,1,2,2
4,V0->V3 V2->V3 V0-V1 V1-V2,2,6,V0->V1 V0->V3 V1->V2 V2->V3,V1,V2,,2,2,True,3.654200000000052e-05,0.00013470800000001115,2,3,3
4,V0->V3 V2->V3 V0-V1 V1-V2,2,6,V0->V1 V0->V3 V1->V2 V2->V3,V1,V3,V0,1,1,True,3.358300000000369e-05,6.654200000000277e-05,1,2,2
4,V0->V3 V2->V3 V0-V1 V1-V2,2,6,V0->V1 V0->V3 V1->V2 V2->V3,V2,V3,V0,2,2,True,4.154200000000552e-05,0.00013695799999999259,2,3,3
4,V0->V3 V2->V3 V0-V1 V1-V2,2,6,V0->V3 V1->V0 V1->V2 V2->V3,V0,V3,V2,1,1,True,2.88339999999776e-05,8.708300000001556e-05,1,2,3
4,V0->V3 V2->V3 V0-V1 V1-V2,2,6,V0->V3 V1->V0 V1->V2 V2->V3,V1,V0,,1,1,True,3.09579999999976e-05,8.354199999999201e-05,1,2,3
4,V0->V3 V2->V3 V0-V1 V1-V2,2,6,V0->V3 V1->V0 V1->V2 V2->V3,V1,V2,,1,1,True,3.445799999998722e-05,7.462499999999483e-05,1,2,2
4,V0->V3 V2->V3 V0-V1 V1-V2,2,6,V0->V3 V1->V0 V1->V2 V2->V3,V1,V3,,1,1,True,3.200000000000425e-05,7.933300000001475e-05,1,2,2
4,V0->V3 V2->V3 V0-V1 V1-V2,2,6,V0->V3 V1->V0 V1->V2 V2->V3,V2,V3,V0,1,1,True,3.5332999999998504e-05,7.458299999998919e-05,1,2,2
4,V0->V3 V2->V3 V0-V1 V1-V2,2,6,V0->V3 V1->V0 V2->V1 V2->V3,V0,V3,V2,2,2,True,2.6292000000011084e-05,0.00012408299999999706,2,3,3
4,V0->V3 V2->V3 V0-V1 V1-V2,2,6,V0->V3 V1->V0 V2->V1 V2->V3,V1,V0,,2,2,True,2.6874999999981775e-05,0.00012179200000000945,2,3,3
4,V0->V3 V2->V3 V0-V1 V1-V2,2,6,V0->V3 V1->V0 V2->V1 V2->V3,V1,V3,V2,1,1,True,1.3333999999975976e-05,5.804100000000867e-05,1,2,2
4,V0->V3 V2->V3 V0-V1 V1-V2,2,6,V0->V3 V1->V0 V2->V1 V2->V3,V2,V0,,1,1,True,2.2334000000012733e-05,6.008299999998856e-05,1,2,2
4,V0->V3 V2->V3 V0-V1 V1-V2,2,6,V0->V3 V1->V0 V2->V1 V2->V3,V2,V1,,1,1,True,1.9874999999974774e-05,5.8959000000025075e-05,1,2,2
4,V0->V3 V2->V3 V0-V1 V1-V2,2,6,V0->V3 V1->V0 V2->V1 V2->V3,V2,V3,,1,1,True,2.483300000000188e-05,6.199999999997874e-05,1,2,2
4,V0->V3 V2->V3 V1-V2,1,3,V0->V3 V2->V3 V1-V2,V0,V1,,-1,-1,True,2.1167000000016367e-05,1.3125000000002718e-05,1,0,1
4,V0->V3 V2->V3 V1-V2,1,3,V0->V3 V2->V3 V1-V2,V0,V2,,-1,-1,True,2.04169999999948e-05,1.2457999999992975e-05,1,0,1
4,V0->V3 V2->V3 V1-V2,1,3,V0->V3 V2->V3 V1-V2,V0,V3,V2,-1,-1,True,2.5958999999992072e-05,1.508299999999907e-05,1,0,1
4,V0->V3 V2->V3 V1-V2,1,3,V0->V3 V2->V3 V1-V2,V1,V0,,-1,-1,True,2.1333999999983977e-05,1.2583000000010447e-05,1,0,1
4,V0->V3 V2->V3 V1-V2,1,3,V0->V3 V2->V3 V1-V2,V2,V0,,-1,-1,True,2.0749999999986057e-05,1.2415999999987326e-05,1,0,1
4,V0->V3 V2->V3 V1-V2,1,3,V0->V3 V2->V3 V1-V2,V2,V3,V0,-1,-1,True,2.54169999999998e-05,1.462499999999034e-05,1,0,1
4,V0->V3 V2->V3 V1-V2,1,3,V0->V3 V1->V2 V2->V3,V0,V1,,-1,-1,True,2.3500000000009624e-05,4.9667000000003236e-05,2,1,2
4,V0->V3 V2->V3 V1-V2,1,3,V0->V3 V1->V2 V2->V3,V0,V2,,-1,-1,True,2.133300000001226e-05,4.7749999999985304e-05,2,1,2
4,V0->V3 V2->V3 V1-V2,1,3,V0->V3 V1->V2 V2->V3,V0,V3,V2,-1,-1,True,2.583300000000288e-05,5.08339999999996e-05,2,1,2
4,V0->V3 V2->V3 V1-V2,1,3,V0->V3 V1->V2 V2->V3,V1,V0,,-1,-1,True,2.216699999998961e-05,4.645799999999922e-05,2,1,2
4,V0->V3 V2->V3 V1-V2,1,3,V0->V3 V1->V2 V2->V3,V1,V2,,1,1,True,1.5708000000003164e-05,4.479199999998795e-05,1,1,2
4,V0->V3 V2->V3 V1-V2,1,3,V0->V3 V1->V2 V2->V3,V1,V3,V0,1,1,True,2.183299999999888e-05,5.0583000000020695e-05,1,1,2
4,V0->V3 V2->V3 V1-V2,1,3,V0->V3 V1->V2 V2->V3,V2,V0,,-1,-1,True,2.187500000000453e-05,4.7499999999978115e-05,2,1,2
4,V0->V3 V2->V3 V1-V2,1,3,V0->V3 V1->V2 V2->V3,V2,V3,V0,-1,-1,True,2.5292000000010084e-05,4.9167000000016614e-05,2,1,2
4,V0->V3 V2->V3 V1-V2,1,3,V0->V3 V2->V1 V2->V3,V0,V1,,-1,-1,True,2.0749999999986057e-05,4.6667000000000236e-05,2,1,2
4,V0->V3 V2->V3 V1-V2,1,3,V0->V3 V2->V1 V2->V3,V0,V2,,-1,-1,True,2.066700000000199e-05,4.524999999999668e-05,2,1,2
4,V0->V3 V2->V3 V1-V2,1,3,V0->V3 V2->V1 V2->V3,V0,V3,V2,-1,-1,True,2.5957999999992598e-05,4.904199999999914e-05,2,1,2
4,V0->V3 V2->V3 V1-V2,1,3,V0->V3 V2->V1 V2->V3,V1,V0,,-1,-1,True,2.195899999998807e-05,4.675000000001206e-05,2,1,2
4,V0->V3 V2->V3 V1-V2,1,3,V0->V3 V2->V1 V2->V3,V2,V0,,-1,-1,True,2.1625000000025096e-05,4.570899999997713e-05,2,1,2
4,V0->V3 V2->V3 V1-V2,1,3,V0->V3 V2->V1 V2->V3,V2,V1,,1,1,True,1.1041999999988894e-05,3.845799999999122e-05,1,1,2
4,V0->V3 V2->V3 V1-V2,1,3,V0->V3 V2->V1 V2->V3,V2,V3,V0,-1,-1,True,2.5582999999995693e-05,4.879200000001971e-05,2,1,2
4,V0-V1,1,3,V0-V1,V0,V2,,-1,-1,True,1.8249999999997435e-05,1.1459000000019204e-05,1,0,1
4,V0-V1,1,3,V0-V1,V0,V3,,-1,-1,True,1.7708000000005164e-05,1.0499999999996623e-05,1,0,1
4,V0-V1,1,3,V0-V1,V1,V2,,-1,-1,True,1.758400000001492e-05,1.029099999999561e-05,1,0,1
4,V0-V1,1,3,V0-V1,V1,V3,,-1,-1,True,1.7125000000006718e-05,1.0167000000005366e-05,1,0,1
4,V0-V1,1,3,V0-V1,V2,V0,,-1,-1,True,1.6833999999993354e-05,1.0000000000010001e-05,1,0,1
4,V0-V1,1,3,V0-V1,V2,V1,,-1,-1,True,1.8000000000018e-05,1.0375000000006906e-05,1,0,1
4,V0-V1,1,3,V0-V1,V2,V3,,-1,-1,True,1.5500000000001624e-05,9.167000000004366e-06,1,0,1
4,V0-V1,1,3,V0-V1,V3,V0,,-1,-1,True,1.7000000000017e-05,1.0082999999994069e-05,1,0,1
4,V0-V1,1,3,V0-V1,V3,V1,,-1,-1,True,1.6791999999987706e-05,9.79200000000846e-06,1,0,1
4,V0-V1,1,3,V0-V1,V3,V2,,-1,-1,True,1.5333000000006258e-05,9.124999999998717e-06,1,0,1
4,V0-V1,1,3,V0->V1,V0,V1,,1,1,True,1.3333000000004258e-05,3.770799999999741e-05,1,1,2
4,V0-V1,1,3,V0->V1,V0,V2,,-1,-1,True,1.8208000000019542e-05,3.762499999998559e-05,2,1,2
4,V0-V1,1,3,V0->V1,V0,V3,,-1,-1,True,1.7790999999989232e-05,3.64170000000108e-05,2,1,2
4,V0-V1,1,3,V0->V1,V1,V2,,-1,-1,True,1.8457999999998975e-05,3.8292000000023085e-05,2,1,2
4,V0-V1,1,3,V0->V1,V1,V3,,-1,-1,True,1.8124999999979963e-05,3.716700000000461e-05,2,1,2
4,V0-V1,1,3,V0->V1,V2,V0,,-1,-1,True,1.7375000000013907e-05,3.641599999998357e-05,2,1,2
4,V0-V1,1,3,V0->V1,V2,V1,,-1,-1,True,1.716699999998461e-05,3.616600000000414e-05,2,1,2
4,V0-V1,1,3,V0->V1,V2,V3,,-1,-1,True,1.5333000000006258e-05,3.479200000000571e-05,2,1,2
4,V0-V1,1,3,V0->V1,V3,V0,,-1,-1,True,1.708300000000107e-05,3.537500000000415e-05,2,1,2
4,V0-V1,1,3,V0->V1,V3,V1,,-1,-1,True,1.7000000000017e-05,3.620799999998203e-05,2,1,2
4,V0-V1,1,3,V0->V1,V3,V2,,-1,-1,True,1.529100000000061e-05,3.3834000000010356e-05,2,1,2
4,V0-V1,1,3,V1->V0,V0,V2,,-1,-1,True,1.795899999998407e-05,3.7082999999993316e-05,2,1,2
4,V0-V1,1,3,V1->V0,V0,V3,,-1,-1,True,1.7500000000003624e-05,3.6583000000006693e-05,2,1,2
4,V0-V1,1,3,V1->V0,V1,V0,,1,1,True,9.625000000013095e-06,3.1874999999986775e-05,1,1,2
4,V0-V1,1,3,V1->V0,V1,V2,,-1,-1,True,1.7750000000010813e-05,3.5874999999990775e-05,2,1,2
4,V0-V1,1,3,V1->V0,V1,V3,,-1,-1,True,1.7542000000009272e-05,3.5583000000005693e-05,2,1,2
4,V0-V1,1,3,V1->V0,V2,V0,,-1,-1,True,1.7041000000023176e-05,3.5624999999983586e-05,2,1,2
4,V0-V1,1,3,V1->V0,V2,V1,,-1,-1,True,1.7125000000006718e-05,3.541599999998257e-05,2,1,2
4,V0-V1,1,3,V1->V0,V2,V3,,-1,-1,True,1.5208000000016542e-05,3.454199999999852e-05,2,1,2
4,V0-V1,1,3,V1->V0,V3,V0,,-1,-1,True,1.729100000000261e-05,3.6458999999988695e-05,2,1,2
4,V0-V1,1,3,V1->V0,V3,V1,,-1,-1,True,1.7207999999990786e-05,3.562500000001134e-05,2,1,2
4,V0-V1,1,3,V1->V0,V3,V2,,-1,-1,True,1.5375000000011907e-05,3.449999999999287e-05,2,1,2
4,V0-V1 V0-V2,2,6,V0-V1 V0-V2,V0,V3,,-1,-1,True,4.8207999999994033e-05,1.6833999999993354e-05,1,0,1
4,V0-V1 V0-V2,2,6,V0-V1 V0-V2,V1,V3,,-1,-1,True,5.1957999999990845e-05,1.7292000000002083e-05,1,0,1
4,V0-V1 V0-V2,2,6,V0-V1 V0-V2,V2,V3,,-1,-1,True,5.079199999999395e-05,1.7249999999996435e-05,1,0,1
4,V0-V1 V0-V2,2,6,V0-V1 V0-V2,V3,V0,,-1,-1,True,4.4959000000011073e-05,1.5165999999983137e-05,1,0,1
4,V0-V1 V0-V2,2,6,V0-V1 V0-V2,V3,V1,,-1,-1,True,4.708400000000279e-05,1.6249999999995435e-05,1,0,1
4,V0-V1 V0-V2,2,6,V0-V1 V0-V2,V3,V2,,-1,-1,True,4.808300000000432e-05,1.5999999999988246e-05,1,0,1
4,V0-V1 V0-V2,2,6,V0->V1 V0-V2,V0,V1,,1,1,True,2.6749999999992058e-05,9.27920000000082e-05,1,1,2
4,V0-V1 V0-V2,2,6,V0->V1 V0-V2,V0,V3,,-1,-1,True,4.99580000000166e-05,6.945799999999447e-05,2,1,2
4,V0-V1 V0-V2,2,6,V0->V1 V0-V2,V1,V3,,-1,-1,True,5.2333000000015506e-05,7.162499999999183e-05,2,1,2
4,V0-V1 V0-V2,2,6,V0->V1 V0-V2,V2,V3,,-1,-1,True,5.1709000000010885e-05,6.699999999998374e-05,2,1,2
4,V0-V1 V0-V2,2,6,V0->V1 V0-V2,V3,V0,,-1,-1,True,4.6415999999993574e-05,6.470899999999613e-05,2,1,2
4,V0-V1 V0-V2,2,6,V0->V1 V0-V2,V3,V1,,-1,-1,True,4.9749999999987304e-05,6.712500000000121e-05,2,1,2
4,V0-V1 V0-V2,2,6,V0->V1 V0-V2,V3,V2,,-1,-1,True,4.999999999999449e-05,6.570800000002541e-05,2,1,2
4,V0-V1 V0-V2,2,6,V0->V2 V0-V1,V0,V2,,1,1,True,2.0041999999997895e-05,6.112499999999521e-05,1,1,2
4,V0-V1 V0-V2,2,6,V0->V2 V0-V1,V0,V3,,-1,-1,True,4.945800000000222e-05,6.779200000001095e-05,2,1,2
4,V0-V1 V0-V2,2,6,V0->V2 V0-V1,V1,V3,,-1,-1,True,5.2541999999988764e-05,6.825000000001968e-05,2,1,2
4,V0-V1 V0-V2,2,6,V0->V2 V0-V1,V2,V3,,-1,-1,True,5.13749999999924e-05,6.987499999999702e-05,2,1,2
4,V0-V1 V0-V2,2,6,V0->V2 V0-V1,V3,V0,,-1,-1,True,4.775000000001306e-05,6.508299999999356e-05,2,1,2
4,V0-V1 V0-V2,2,6,V0->V2 V0-V1,V3,V1,,-1,-1,True,4.8709000000007885e-05,6.449999999999512e-05,2,1,2
4,V0-V1 V0-V2,2,6,V0->V2 V0-V1,V3,V2,,-1,-1,True,5.0333000000013506e-05,6.645799999999147e-05,2,1,2
4,V0-V1 V0-V2,2,6,V0->V1 V0->V2,V0,V1,,1,1,True,3.916600000000714e-05,7.637499999998965e-05,1,2,3
4,V0-V1 V0-V2,2,6,V0->V1 V0->V2,V0,V2,,1,1,True,2.3708999999982883e-05,6.370799999999566e-05,1,2,2
4,V0-V1 V0-V2,2,6,V0->V1 V0->V2,V0,V3,,-1,-1,True,4.8125000000009965e-05,0.00016641699999997428,4,4,4
4,V0-V1 V0-V2,2,6,V0->V1 V0->V2,V1,V3,,-1,-1,True,5.208300000000832e-05,0.00017141699999997928,4,4,4
4,V0-V1 V0-V2,2,6,V0->V1 V0->V2,V2,V3,,-1,-1,True,5.3499999999984116e-05,0.0001695840000000004,4,4,4
4,V0-V1 V0-V2,2,6,V0->V1 V0->V2,V3,V0,,-1,-1,True,4.670800000000641e-05,0.0001607499999999873,4,4,4
4,V0-V1 V0-V2,2,6,V0->V1 V0->V2,V3,V1,,-1,-1,True,5.041699999999705e-05,0.00016279100000002322,4,4,4
4,V0-V1 V0-V2,2,6,V0->V1 V0->V2,V3,V2,,-1,-1,True,4.908299999997756e-05,0.00016312500000001395,4,4,4
4,V0-V1 V0-V2,2,6,V0->V1 V2->V0,V0,V1,,2,2,True,3.008300000001407e-05,0.0001067499999999888,2,3,3
4,V0-V1 V0-V2,2,6,V0->V1 V2->V0,V0,V3,,-1,-1,True,4.78339999999966e-05,0.00010645800000000372,3,3,3
4,V0-V1 V0-V2,2,6,V0->V1 V2->V0,V1,V3,,-1,-1,True,5.141699999999805e-05,0.0001089580000000201,3,3,3
4,V0-V1 V0-V2,2,6,V0->V1 V2->V0,V2,V0,,1,1,True,1.5833000000020636e-05,4.912499999998321e-05,1,2,2
4,V0-V1 V0-V2,2,6,V0->V1 V2->V0,V2,V1,,1,1,True,1.837499999998715e-05,5.054200000001452e-05,1,2,2
4,V0-V1 V0-V2,2,6,V0->V1 V2->V0,V2,V3,,-1,-1,True,5.1333999999986224e-05,0.000109333000000017,3,3,3
4,V0-V1 V0-V2,2,6,V0->V1 V2->V0,V3,V0,,-1,-1,True,4.620799999999203e-05,0.00010754199999998826,3,3,3
4,V0-V1 V0-V2,2,6,V0->V1 V2->V0,V3,V1,,-1,-1,True,4.9499999999980115e-05,0.00011191700000001692,3,3,3
4,V0-V1 V0-V2,2,6,V0->V1 V2->V0,V3,V2,,-1,-1,True,4.895899999998732e-05,0.00010629100000000835,3,3,3
4,V0-V1 V0-V2,2,6,V0->V2 V1->V0,V0,V2,,2,2,True,2.5708000000013165e-05,0.0001067499999999888,2,3,3
4,V0-V1 V0-V2,2,6,V0->V2 V1->V0,V0,V3,,-1,-1,True,4.8125000000009965e-05,0.0001097499999999918,3,3,3
4,V0-V1 V0-V2,2,6,V0->V2 V1->V0,V1,V0,,1,1,True,1.6500000000002624e-05,5.083300000000013e-05,1,2,2
4,V0-V1 V0-V2,2,6,V0->V2 V1->V0,V1,V2,,1,1,True,1.870799999997841e-05,5.0959000000017074e-05,1,2,2
4,V0-V1 V0-V2,2,6,V0->V2 V1->V0,V1,V3,,-1,-1,True,5.387500000000878e-05,0.00011220800000000253,3,3,3
4,V0-V1 V0-V2,2,6,V0->V2 V1->V0,V2,V3,,-1,-1,True,5.2541000000017046e-05,0.00011245899999998143,3,3,3
4,V0-V1 V0-V2,2,6,V0->V2 V1->V0,V3,V0,,-1,-1,True,4.629100000000386e-05,0.00010670900000001038,3,3,3
4,V0-V1 V0-V2,2,6,V0->V2 V1->V0,V3,V1,,-1,-1,True,4.904099999999967e-05,0.00010520900000002276,3,3,3
4,V0-V1 V0-V2,2,6,V0->V2 V1->V0,V3,V2,,-1,-1,True,5.045800000000322e-05,0.00011262500000000508,3,3,3
4,V0-V1 V0-V2 V0-V3,3,11,V0->V1 V0-V2 V0-V3,V0,V1,,1,1,True,3.775000000000306e-05,0.00010787499999997952,1,1,2
4,V0-V1 V0-V2 V0-V3,3,11,V0->V2 V0-V1 V0-V3,V0,V2,,1,1,True,3.24170000000068e-05,0.00010658299999999343,1,1,2
4,V0-V1 V0-V2 V0-V3,3,11,V0->V3 V0-V1 V0-V2,V0,V3,,1,1,True,2.6874999999981775e-05,9.437500000000765e-05,1,1,2
4,V0-V1 V0-V2 V0-V3,3,11,V0->V1 V0->V2 V0-V3,V0,V1,,1,1,True,6.187499999998902e-05,0.00012862499999999333,1,2,3
4,V0-V1 V0-V2 V0-V3,3,11,V0->V1 V0->V2 V0-V3,V0,V2,,1,1,True,4.083299999999013e-05,0.00010795799999999134,1,2,2
4,V0-V1 V0-V2 V0-V3,3,11,V0->V1 V0->V3 V0-V2,V0,V1,,1,1,True,6.0083999999988036e-05,0.0001259160000000037,1,2,3
4,V0-V1 V0-V2 V0-V3,3,11,V0->V1 V0->V3 V0-V2,V0,V3,,1,1,True,3.1124999999992964e-05,0.0001028339999999961,1,2,2
4,V0-V1 V0-V2 V0-V3,3,11,V0->V2 V0->V3 V0-V1,V0,V2,,1,1,True,5.062499999999859e-05,0.00012020899999998225,1,2,3
4,V0-V1 V0-V2 V0-V3,3,11,V0->V2 V0->V3 V0-V1,V0,V3,,1,1,True,3.012500000001972e-05,0.00010079199999998845,1,2,2
4,V0-V1 V0-V2 V0-V3,3,11,V0->V1 V0->V2 V0->V3,V0,V1,,1,1,True,8.470800000001666e-05,0.00011595899999999881,1,3,4
4,V0-V1 V0-V2 V0-V3,3,11,V0->V1 V0->V2 V0->V3,V0,V2,,1,1,True,5.462500000000259e-05,0.00010233400000000947,1,3,3
4,V0-V1 V0-V2 V0-V3,3,11,V0->V1 V0->V2 V0->V3,V0,V3,,1,1,True,3.5042000000012896e-05,9.275000000000255e-05,1,3,2
4,V0-V1 V0-V2 V0-V3,3,11,V0->V1 V0->V2 V3->V0,V0,V1,,2,2,True,6.633300000000175e-05,0.00019308400000001003,2,5,4
4,V0-V1 V0-V2 V0-V3,3,11,V0->V1 V0->V2 V3->V0,V0,V2,,2,2,True,4.824999999999968e-05,0.00017595800000000383,2,5,3
4,V0-V1 V0-V2 V0-V3,3,11,V0->V1 V0->V2 V3->V0,V3,V0,,1,1,True,2.3207999999996787e-05,7.03750000000114e-05,1,3,2
4,V0-V1 V0-V2 V0-V3,3,11,V0->V1 V0->V2 V3->V0,V3,V1,,1,1,True,3.4124999999995964e-05,7.233400000000723e-05,1,3,2
4,V0-V1 V0-V2 V0-V3,3,11,V0->V1 V0->V2 V3->V0,V3,V2,,1,1,True,2.6750000000019813e-05,7.02910000000001e-05,1,3,2
4,V0-V1 V0-V2 V0-V3,3,11,V0->V1 V0->V3 V2->V0,V0,V1,,2,2,True,6.737499999998064e-05,0.00019091600000001319,2,5,4
4,V0-V1 V0-V2 V0-V3,3,11,V0->V1 V0->V3 V2->V0,V0,V3,,2,2,True,3.729199999999433e-05,0.00016616599999999537,2,5,3
4,V0-V1 V0-V2 V0-V3,3,11,V0->V1 V0->V3 V2->V0,V2,V0,,1,1,True,2.3042000000000895e-05,6.954200000000577e-05,1,3,2
4,V0-V1 V0-V2 V0-V3,3,11,V0->V1 V0->V3 V2->V0,V2,V1,,1,1,True,2.6999999999999247e-05,7.091700000000367e-05,1,3,2
4,V0-V1 V0-V2 V0-V3,3,11,V0->V1 V0->V3 V2->V0,V2,V3,,1,1,True,2.708300000001107e-05,6.866699999999448e-05,1,3,2
4,V0-V1 V0-V2 V0-V3,3,11,V0->V2 V0->V3 V1->V0,V0,V2,,2,2,True,5.799999999997474e-05,0.00018370900000000412,2,5,4
4,V0-V1 V0-V2 V0-V3,3,11,V0->V2 V0->V3 V1->V0,V0,V3,,2,2,True,3.816700000000561e-05,0.00016687500000001076,2,5,3
4,V0-V1 V0-V2 V0-V3,3,11,V0->V2 V0->V3 V1->V0,V1,V0,,1,1,True,2.3415999999998327e-05,7.195900000001032e-05,1,3,2
4,V0-V1 V0-V2 V0-V3,3,11,V0->V2 V0->V3 V1->V0,V1,V2,,1,1,True,2.7540999999992044e-05,7.166699999999748e-05,1,3,2
4,V0-V1 V0-V2 V0-V3,3,11,V0->V2 V0->V3 V1->V0,V1,V3,,1,1,True,2.645799999997922e-05,7.070900000000213e-05,1,3,2
4,V0-V1 V0-V2 V0-V3 V1-V2,4,32,V0->V3 V0-V1 V0-V2 V1-V2,V0,V3,,1,1,True,5.3915999999987196e-05,0.00019866700000001347,1,1,2
4,V0-V1 V0-V2 V0-V3 V1-V2,4,32,V0->V1 V0->V2 V0-V3 V1-V2,V0,V1,,1,1,True,8.512499999999146e-05,0.0002021670000000031,1,2,2
4,V0-V1 V0-V2 V0-V3 V1-V2,4,32,V0->V1 V0->V2 V0-V3 V1-V2,V0,V2,,1,1,True,8.341600000000282e-05,0.00019749999999998935,1,2,2
4,V0-V1 V0-V2 V0-V3 V1-V2,4,32,V0->V1 V0->V3 V0-V2 V1-V2,V0,V3,,1,1,True,4.8875000000003777e-05,0.00017554099999997352,1,2,2
4,V0-V1 V0-V2 V0-V3 V1-V2,4,32,V0->V2 V0->V3 V0-V1 V1-V2,V0,V3,,1,1,True,4.8959000000015074e-05,0.00017683299999998736,1,2,2
4,V0-V1 V0-V2 V0-V3 V1-V2,4,32,V0->V3 V1->V0 V0-V2 V1-V2,V0,V3,,2,2,True,0.00010012500000000646,0.0003029999999999977,2,3,3
4,V0-V1 V0-V2 V0-V3 V1-V2,4,32,V0->V3 V1->V2 V0-V1 V0-V2,V0,V3,,1,1,True,8.125000000000493e-05,0.00021341699999999353,1,2,3
4,V0-V1 V0-V2 V0-V3 V1-V2,4,32,V0->V3 V2->V0 V0-V1 V1-V2,V0,V3,,2,2,True,0.00010799999999999699,0.0003162079999999845,2,3,3
4,V0-V1 V0-V2 V0-V3 V1-V2,4,32,V0->V3 V2->V1 V0-V1 V0-V2,V0,V3,,1,1,True,8.099999999999774e-05,0.0002128329999999956,1,2,3
4,V0-V1 V0-V2 V0-V3 V1-V2,4,32,V0->V1 V0->V2 V0->V3 V1-V2,V0,V1,,1,1,True,0.00011429200000001583,0.00018862499999999782,1,3,3
4,V0-V1 V0-V2 V0-V3 V1-V2,4,32,V0->V1 V0->V2 V0->V3 V1-V2,V0,V2,,1,1,True,0.00010779099999999597,0.00018479200000001694,1,3,3
4,V0-V1 V0-V2 V0-V3 V1-V2,4,32,V0->V1 V0->V2 V0->V3 V1-V2,V0,V3,,1,1,True,5.7792000000000954e-05,0.0001559170000000054,1,3,2
4,V0-V1 V0-V2 V0-V3 V1-V2,4,32,V0->V1 V0->V2 V1->V2 V0-V3,V0,V1,,1,1,True,0.00011025000000000618,0.0001693749999999994,1,3,3
4,V0-V1 V0-V2 V0-V3 V1-V2,4,32,V0->V1 V0->V2 V1->V2 V0-V3,V0,V2,,1,1,True,0.00011308300000001381,0.00017695799999997708,1,3,3
4,V0-V1 V0-V2 V0-V3 V1-V2,4,32,V0->V1 V0->V2 V1->V2 V0-V3,V1,V2,V0,1,1,True,5.883300000000813e-05,0.0001409169999999904,1,3,2
4,V0-V1 V0-V2 V0-V3 V1-V2,4,32,V0->V1 V0->V2 V2->V1 V0-V3,V0,V1,,1,1,True,0.00011499999999997623,0.0001703330000000225,1,3,3
4,V0-V1 V0-V2 V0-V3 V1-V2,4,32,V0->V1 V0->V2 V2->V1 V0-V3,V0,V2,,1,1,True,0.00010950000000001237,0.0001662909999999851,1,3,3
4,V0-V1 V0-V2 V0-V3 V1-V2,4,32,V0->V1 V0->V2 V2->V1 V0-V3,V2,V1,V0,1,1,True,4.133400000000398e-05,0.0001453329999999975,1,3,2
4,V0-V1 V0-V2 V0-V3 V1-V2,4,32,V0->V1 V0->V2 V3->V0 V1-V2,V0,V1,,2,2,True,0.00011099999999999999,0.0002983749999999896,2,5,3
4,V0-V1 V0-V2 V0-V3 V1-V2,4,32,V0->V1 V0->V2 V3->V0 V1-V2,V0,V2,,2,2,True,0.00011045900000000719,0.0002954159999999928,2,5,3
4,V0-V1 V0-V2 V0-V3 V1-V2,4,32,V0->V1 V0->V2 V3->V0 V1-V2,V3,V0,,1,1,True,3.208399999998779e-05,0.00010687500000000627,1,3,2
4,V0-V1 V0-V2 V0-V3 V1-V2,4,32,V0->V1 V0->V2 V3->V0 V1-V2,V3,V1,,1,1,True,3.749999999999587e-05,0.00010999999999999899,1,3,2
4,V0-V1 V0-V2 V0-V3 V1-V2,4,32,V0->V1 V0->V2 V3->V0 V1-V2,V3,V2,,1,1,True,4.1709000000000884e-05,0.00011133299999999124,1,3,2
4,V0-V1 V0-V2 V0-V3 V1-V2,4,32,V0->V1 V0->V3 V2->V1 V0-V2,V0,V3,,1,1,True,7.008399999999804e-05,0.00016954099999999528,1,3,3
4,V0-V1 V0-V2 V0-V3 V1-V2,4,32,V0->V2 V0->V3 V1->V2 V0-V1,V0,V3,,1,1,True,7.845800000000347e-05,0.00017220800000000702,1,3,3
4,V0-V1 V0-V2 V0-V3 V1-V2,4,32,V0->V3 V1->V0 V1->V2 V0-V2,V0,V3,,2,2,True,0.00012699999999998823,0.0004501670000000013,3,7,5
4,V0-V1 V0-V2 V0-V3 V1-V2,4,32,V0->V3 V1->V0 V1->V2 V0-V2,V1,V0,,1,1,True,4.520800000001879e-05,0.00014133299999996574,1,3,2
4,V0-V1 V0-V2 V0-V3 V1-V2,4,32,V0->V3 V1->V0 V1->V2 V0-V2,V1,V2,,1,1,True,4.529100000000286e-05,0.00013604200000000288,1,3,2
4,V0-V1 V0-V2 V0-V3 V1-V2,4,32,V0->V3 V1->V0 V1->V2 V0-V2,V1,V3,,1,1,True,5.162499999999959e-05,0.00015300000000001424,1,3,2
4,V0-V1 V0-V2 V0-V3 V1-V2,4,32,V0->V3 V1->V0 V2->V0 V1-V2,V0,V3,,3,3,True,0.00014408300000001706,0.0005297499999999955,4,8,5
4,V0-V1 V0-V2 V0-V3 V1-V2,4,32,V0->V3 V2->V0 V2->V1 V0-V1,V0,V3,,2,2,True,0.00012766600000002626,0.00044641699999997675,3,7,5
4,V0-V1 V0-V2 V0-V3 V1-V2,4,32,V0->V3 V2->V0 V2->V1 V0-V1,V2,V0,,1,1,True,4.1292000000026086e-05,0.000132000000000021,1,3,2
4,V0-V1 V0-V2 V0-V3 V1-V2,4,32,V0->V3 V2->V0 V2->V1 V0-V1,V2,V1,,1,1,True,4.1083999999969034e-05,0.00012850000000003137,1,3,2
4,V0-V1 V0-V2 V0-V3 V1-V2,4,32,V0->V3 V2->V0 V2->V1 V0-V1,V2,V3,,1,1,True,4.575000000001106e-05,0.00013024999999999842,1,3,2
4,V0-V1 V0-V2 V0-V3 V1-V2,4,32,V0->V1 V0->V2 V0->V3 V1->V2,V0,V1,,1,1,True,0.00013687499999998076,0.0001466660000000175,1,4,4
4,V0-V1 V0-V2 V0-V3 V1-V2,4,32,V0->V1 V0->V2 V0->V3 V1->V2,V0,V2,,1,1,True,0.00013500000000005175,0.00014612499999999695,1,4,4
4,V0-V1 V0-V2 V0-V3 V1-V2,4,32,V0->V1 V0->V2 V0->V3 V1->V2,V0,V3,,1,1,True,7.487499999997427e-05,0.00012783300000002162,1,4,3
4,V0-V1 V0-V2 V0-V3 V1-V2,4,32,V0->V1 V0->V2 V0->V3 V1->V2,V1,V2,V0,1,1,True,6.383399999998485e-05,0.00011895800000000234,1,4,2
4,V0-V1 V0-V2 V0-V3 V1-V2,4,32,V0->V1 V0->V2 V0->V3 V2->V1,V0,V1,,1,1,True,0.00014029200000004183,0.0001467499999999733,1,4,4
4,V0-V1 V0-V2 V0-V3 V1-V2,4,32,V0->V1 V0->V2 V0->V3 V2->V1,V0,V2,,1,1,True,0.0001311669999999876,0.00013929200000001307,1,4,4
4,V0-V1 V0-V2 V0-V3 V1-V2,4,32,V0->V1 V0->V2 V0->V3 V2->V1,V0,V3,,1,1,True,7.287499999997227e-05,0.00012779200000001545,1,4,3
4,V0-V1 V0-V2 V0-V3 V1-V2,4,32,V0->V1 V0->V2 V0->V3 V2->V1,V2,V1,V0,1,1,True,3.9416999999986047e-05,0.00011287500000001227,1,4,2
4,V0-V1 V0-V2 V0-V3 V1-V2,4,32,V0->V1 V0->V2 V1->V2 V3->V0,V0,V1,,2,2,True,0.00012812500000003446,0.00027366600000000574,2,7,5
4,V0-V1 V0-V2 V0-V3 V1-V2,4,32,V0->V1 V0->V2 V1->V2 V3->V0,V0,V2,,2,2,True,0.0001275000000000026,0.00027195799999996106,2,7,5
4,V0-V1 V0-V2 V0-V3 V1-V2,4,32,V0->V1 V0->V2 V1->V2 V3->V0,V1,V2,V0,1,1,True,8.045899999997719e-05,0.0001815000000000011,1,4,3
4,V0-V1 V0-V2 V0-V3 V1-V2,4,32,V0->V1 V0->V2 V1->V2 V3->V0,V3,V0,,1,1,True,3.208399999998779e-05,0.0001022910000000321,1,4,2
4,V0-V1 V0-V2 V0-V3 V1-V2,4,32,V0->V1 V0->V2 V1->V2 V3->V0,V3,V1,,1,1,True,3.683299999995837e-05,0.00010508400000003304,1,4,2
4,V0-V1 V0-V2 V0-V3 V1-V2,4,32,V0->V1 V0->V2 V1->V2 V3->V0,V3,V2,,1,1,True,4.3167000000010614e-05,0.00010308300000000381,1,4,2
4,V0-V1 V0-V2 V0-V3 V1-V2,4,32,V0->V1 V0->V2 V2->V1 V3->V0,V0,V1,,2,2,True,0.00013420799999996902,0.0002807500000000518,2,7,5
4,V0-V1 V0-V2 V0-V3 V1-V2,4,32,V0->V1 V0->V2 V2->V1 V3->V0,V0,V2,,2,2,True,0.00012337500000003665,0.0002707499999999863,2,7,5
4,V0-V1 V0-V2 V0-V3 V1-V2,4,32,V0->V1 V0->V2 V2->V1 V3->V0,V2,V1,V0,1,1,True,5.67079999999609e-05,0.00012179200000000945,1,4,3
4,V0-V1 V0-V2 V0-V3 V1-V2,4,32,V0->V1 V0->V2 V2->V1 V3->V0,V3,V0,,1,1,True,3.1834000000008356e-05,9.95410000000363e-05,1,4,2
4,V0-V1 V0-V2 V0-V3 V1-V2,4,32,V0->V1 V0->V2 V2->V1 V3->V0,V3,V1,,1,1,True,3.9500000000025626e-05,0.00010408299999997705,1,4,2
4,V0-V1 V0-V2 V0-V3 V1-V2,4,32,V0->V1 V0->V2 V2->V1 V3->V0,V3,V2,,1,1,True,4.145799999999422e-05,0.00010191700000000692,1,4,2
4,V0-V1 V0-V2 V0-V3 V1-V2,4,32,V0->V1 V0->V3 V2->V0 V2->V1,V0,V1,V2,1,1,True,1.80840000000293e-05,9.924999999999518e-05,1,4,2
4,V0-V1 V0-V2 V0-V3 V1-V2,4,32,V0->V1 V0->V3 V2->V0 V2->V1,V0,V3,,2,2,True,8.845800000001347e-05,0.00027733399999996244,2,7,5
4,V0-V1 V0-V2 V0-V3 V1-V2,4,32,V0->V1 V0->V3 V2->V0 V2->V1,V2,V0,,1,1,True,3.545799999998822e-05,0.00010145799999999872,1,4,2
4,V0-V1 V0-V2 V0-V3 V1-V2,4,32,V0->V1 V0->V3 V2->V0 V2->V1,V2,V1,,1,1,True,3.9208999999984506e-05,0.0001007499999999828,1,4,2
4,V0-V1 V0-V2 V0-V3 V1-V2,4,32,V0->V1 V0->V3 V2->V0 V2->V1,V2,V3,,1,1,True,4.025000000001944e-05,0.00010149999999997661,1,4,2
4,V0-V1 V0-V2 V0-V3 V1-V2,4,32,V0->V2 V0->V3 V1->V0 V1->V2,V0,V2,V1,1,1,True,1.7749999999983057e-05,9.754200000000601e-05,1,4,2
4,V0-V1 V0-V2 V0-V3 V1-V2,4,32,V0->V2 V0->V3 V1->V0 V1->V2,V0,V3,,2,2,True,8.945900000001394e-05,0.00027841600000000355,2,7,5
4,V0-V1 V0-V2 V0-V3 V1-V2,4,32,V0->V2 V0->V3 V1->V0 V1->V2,V1,V0,,1,1,True,3.1916999999992424e-05,0.00010045800000002547,1,4,2
4,V0-V1 V0-V2 V0-V3 V1-V2,4,32,V0->V2 V0->V3 V1->V0 V1->V2,V1,V2,,1,1,True,3.6041999999958385e-05,0.00010187500000002903,1,4,2
4,V0-V1 V0-V2 V0-V3 V1-V2,4,32,V0->V2 V0->V3 V1->V0 V1->V2,V1,V3,,1,1,True,3.645800000001698e-05,0.0001007499999999828,1,4,2
4,V0-V1 V0-V2 V0-V3 V1-V2,4,32,V0->V3 V1->V0 V1->V2 V2->V0,V0,V3,,3,3,True,0.00016583399999997583,0.000675625000000013,5,14,8
4,V0-V1 V0-V2 V0-V3 V1-V2,4,32,V0->V3 V1->V0 V1->V2 V2->V0,V1,V0,,1,1,True,6.233299999997e-05,0.00012025000000004393,1,4,3
4,V0-V1 V0-V2 V0-V3 V1-V2,4,32,V0->V3 V1->V0 V1->V2 V2->V0,V1,V2,,1,1,True,6.03750000000014e-05,0.00011529199999998907,1,4,3
4,V0-V1 V0-V2 V0-V3 V1-V2,4,32,V0->V3 V1->V0 V1->V2 V2->V0,V1,V3,,1,1,True,6.858399999998266e-05,0.00011954100000000079,1,4,3
4,V0-V1 V0-V2 V0-V3 V1-V2,4,32,V0->V3 V1->V0 V1->V2 V2->V0,V2,V0,V1,1,1,True,3.96250000000431e-05,9.983299999999362e-05,1,4,2
4,V0-V1 V0-V2 V0-V3 V1-V2,4,32,V0->V3 V1->V0 V1->V2 V2->V0,V2,V3,V1,1,1,True,4.4000000000044004e-05,0.00010008400000000028,1,4,2
4,V0-V1 V0-V2 V0-V3 V1-V2,4,32,V0->V3 V1->V0 V2->V0 V2->V1,V0,V3,,3,3,True,0.0001639170000000134,0.0007660419999999668,6,16,8
4,V0-V1 V0-V2 V0-V3 V1-V2,4,32,V0->V3 V1->V0 V2->V0 V2->V1,V1,V0,V2,1,1,True,1.6958000000011353e-05,9.591700000000092e-05,1,4,2
4,V0-V1 V0-V2 V0-V3 V1-V2,4,32,V0->V3 V1->V0 V2->V0 V2->V1,V1,V3,V2,1,1,True,1.737499999998615e-05,9.916700000001111e-05,1,4,2
4,V0-V1 V0-V2 V0-V3 V1-V2,4,32,V0->V3 V1->V0 V2->V0 V2->V1,V2,V0,,1,1,True,3.8666999999992235e-05,0.00010004099999999516,1,4,2
4,V0-V1 V0-V2 V0-V3 V1-V2,4,32,V0->V3 V1->V0 V2->V0 V2->V1,V2,V1,,1,1,True,3.816599999995063e-05,0.00010129200000003058,1,4,2
4,V0-V1 V0-V2 V0-V3 V1-V2,4,32,V0->V3 V1->V0 V2->V0 V2->V1,V2,V3,,1,1,True,4.2874999999997776e-05,0.0001059580000000171,1,4,2
4,V0-V1 V0-V2 V0-V3 V1-V2 V1-V3,5,50,V0->V1 V0->V2 V0->V3 V1-V2 V1-V3,V0,V1,,1,1,True,9.483300000001638e-05,0.0002722500000000294,1,3,2
4,V0-V1 V0-V2 V0-V3 V1-V2 V1-V3,5,50,V0->V1 V0->V2 V0->V3 V1-V2 V1-V3,V0,V2,,1,1,True,9.770799999997415e-05,0.0002714580000000022,1,3,2
4,V0-V1 V0-V2 V0-V3 V1-V2 V1-V3,5,50,V0->V1 V0->V2 V0->V3 V1-V2 V1-V3,V0,V3,,1,1,True,9.99580000000111e-05,0.0002889999999999837,1,3,2
4,V0-V1 V0-V2 V0-V3 V1-V2 V1-V3,5,50,V0->V1 V0->V2 V1->V2 V0-V3 V1-V3,V1,V2,V0,1,1,True,9.391699999999892e-05,0.00023445799999999295,1,3,2
4,V0-V1 V0-V2 V0-V3 V1-V2 V1-V3,5,50,V0->V1 V0->V3 V1->V3 V0-V2 V1-V2,V1,V3,V0,1,1,True,7.250000000003087e-05,0.00022862499999998231,1,3,2
4,V0-V1 V0-V2 V0-V3 V1-V2 V1-V3,5,50,V0->V2 V1->V0 V1->V2 V0-V3 V1-V3,V0,V2,V1,1,1,True,3.545799999998822e-05,0.00021183399999996633,1,3,2
4,V0-V1 V0-V2 V0-V3 V1-V2 V1-V3,5,50,V0->V3 V1->V0 V1->V3 V0-V2 V1-V2,V0,V3,V1,1,1,True,3.5624999999983586e-05,0.00021183400000002184,1,3,2
4,V0-V1 V0-V2 V0-V3 V1-V2 V1-V3,5,50,V1->V0 V1->V2 V1->V3 V0-V2 V0-V3,V1,V0,,1,1,True,5.470800000001441e-05,0.0002664170000000188,1,3,2
4,V0-V1 V0-V2 V0-V3 V1-V2 V1-V3,5,50,V1->V0 V1->V2 V1->V3 V0-V2 V0-V3,V1,V2,,1,1,True,5.83749999999994e-05,0.0002602500000000174,1,3,2
4,V0-V1 V0-V2 V0-V3 V1-V2 V1-V3,5,50,V1->V0 V1->V2 V1->V3 V0-V2 V0-V3,V1,V3,,1,1,True,5.408299999998256e-05,0.00026170799999997163,1,3,2
4,V0-V1 V0-V2 V0-V3 V1-V2 V1-V3,5,50,V0->V1 V0->V2 V0->V3 V1->V2 V1-V3,V0,V1,,1,1,True,0.0001227920000000382,0.00021445799999997295,1,4,3
4,V0-V1 V0-V2 V0-V3 V1-V2 V1-V3,5,50,V0->V1 V0->V2 V0->V3 V1->V2 V1-V3,V0,V2,,1,1,True,0.00013208399999997678,0.00021520800000002227,1,4,3
4,V0-V1 V0-V2 V0-V3 V1-V2 V1-V3,5,50,V0->V1 V0->V2 V0->V3 V1->V2 V1-V3,V0,V3,,1,1,True,0.0001207080000000249,0.00021083299999996585,1,4,3
4,V0-V1 V0-V2 V0-V3 V1-V2 V1-V3,5,50,V0->V1 V0->V2 V0->V3 V1->V2 V1-V3,V1,V2,V0,1,1,True,0.00010733300000004276,0.00020962499999999107,1,4,2
4,V0-V1 V0-V2 V0-V3 V1-V2 V1-V3,5,50,V0->V1 V0->V2 V0->V3 V1->V3 V1-V2,V0,V1,,1,1,True,0.0001234999999999986,0.00021458400000001765,1,4,3
4,V0-V1 V0-V2 V0-V3 V1-V2 V1-V3,5,50,V0->V1 V0->V2 V0->V3 V1->V3 V1-V2,V0,V2,,1,1,True,0.0001263750000000119,0.00021074999999998179,1,4,3
4,V0-V1 V0-V2 V0-V3 V1-V2 V1-V3,5,50,V0->V1 V0->V2 V0->V3 V1->V3 V1-V2,V0,V3,,1,1,True,0.00012491700000000217,0.00021329100000000434,1,4,3
4,V0-V1 V0-V2 V0-V3 V1-V2 V1-V3,5,50,V0->V1 V0->V2 V0->V3 V1->V3 V1-V2,V1,V3,V0,1,1,True,7.504200000002514e-05,0.00018804199999999938,1,4,2
4,V0-V1 V0-V2 V0-V3 V1-V2 V1-V3,5,50,V0->V1 V0->V2 V1->V2 V3->V1 V0-V3,V1,V2,V0,1,1,True,0.00012795900000001081,0.00019799999999997597,1,4,3
4,V0-V1 V0-V2 V0-V3 V1-V2 V1-V3,5,50,V0->V1 V0->V3 V1->V3 V2->V1 V0-V2,V1,V3,V0,1,1,True,0.00010799999999999699,0.0002119160000000342,1,4,3
4,V0-V1 V0-V2 V0-V3 V1-V2 V1-V3,5,50,V0->V2 V1->V0 V1->V2 V1->V3 V0-V3,V0,V2,V1,1,1,True,5.362500000000159e-05,0.00022137499999996813,1,4,3
4,V0-V1 V0-V2 V0-V3 V1-V2 V1-V3,5,50,V0->V2 V1->V0 V1->V2 V1->V3 V0-V3,V1,V0,,1,1,True,5.512499999998921e-05,0.00019720800000000427,1,4,2
4,V0-V1 V0-V2 V0-V3 V1-V2 V1-V3,5,50,V0->V2 V1->V0 V1->V2 V1->V3 V0-V3,V1,V2,,1,1,True,6.162500000000959e-05,0.0001998329999999826,1,4,2
4,V0-V1 V0-V2 V0-V3 V1-V2 V1-V3,5,50,V0->V2 V1->V0 V1->V2 V1->V3 V0-V3,V1,V3,,1,1,True,5.520800000002879e-05,0.00019129199999995405,1,4,2
4,V0-V1 V0-V2 V0-V3 V1-V2 V1-V3,5,50,V0->V2 V1->V0 V1->V2 V3->V0 V1-V3,V0,V2,V1,1,1,True,5.424999999997793e-05,0.00018754100000001328,1,4,3
4,V0-V1 V0-V2 V0-V3 V1-V2 V1-V3,5,50,V0->V2 V1->V2 V3->V0 V3->V1 V0-V1,V3,V0,,1,1,True,5.3790999999969724e-05,0.00017000000000000348,1,4,2
4,V0-V1 V0-V2 V0-V3 V1-V2 V1-V3,5,50,V0->V2 V1->V2 V3->V0 V3->V1 V0-V1,V3,V1,,1,1,True,5.4749999999992305e-05,0.00016662500000003133,1,4,2
4,V0-V1 V0-V2 V0-V3 V1-V2 V1-V3,5,50,V0->V2 V1->V2 V3->V0 V3->V1 V0-V1,V3,V2,,1,1,True,6.47079999999689e-05,0.00017291700000005017,1,4,2
4,V0-V1 V0-V2 V0-V3 V1-V2 V1-V3,5,50,V0->V3 V1->V0 V1->V2 V1->V3 V0-V2,V0,V3,V1,1,1,True,5.345800000000622e-05,0.00021404199999996987,1,4,3
4,V0-V1 V0-V2 V0-V3 V1-V2 V1-V3,5,50,V0->V3 V1->V0 V1->V2 V1->V3 V0-V2,V1,V0,,1,1,True,5.4458999999951185e-05,0.00019537499999999763,1,4,2
4,V0-V1 V0-V2 V0-V3 V1-V2 V1-V3,5,50,V0->V3 V1->V0 V1->V2 V1->V3 V0-V2,V1,V2,,1,1,True,5.495899999996556e-05,0.0001939160000000162,1,4,2
4,V0-V1 V0-V2 V0-V3 V1-V2 V1-V3,5,50,V0->V3 V1->V0 V1->V2 V1->V3 V0-V2,V1,V3,,1,1,True,6.0874999999960266e-05,0.00019650000000004386,1,4,2
4,V0-V1 V0-V2 V0-V3 V1-V2 V1-V3,5,50,V0->V3 V1->V0 V1->V3 V2->V0 V1-V2,V0,V3,V1,1,1,True,5.424999999997793e-05,0.000185875000000002,1,4,3
4,V0-V1 V0-V2 V0-V3 V1-V2 V1-V3,5,50,V0->V3 V1->V3 V2->V0 V2->V1 V0-V1,V2,V0,,1,1,True,5.3999999999998494e-05,0.0001699589999999973,1,4,2
4,V0-V1 V0-V2 V0-V3 V1-V2 V1-V3,5,50,V0->V3 V1->V3 V2->V0 V2->V1 V0-V1,V2,V1,,1,1,True,5.5082999999955806e-05,0.00016525000000000567,1,4,2
4,V0-V1 V0-V2 V0-V3 V1-V2 V1-V3,5,50,V0->V3 V1->V3 V2->V0 V2->V1 V0-V1,V2,V3,,1,1,True,9.424999999996242e-05,0.00017979100000004022,1,4,2
4,V0-V1 V0-V2 V0-V3 V1-V2 V1-V3,5,50,V0->V1 V0->V2 V0->V3 V1->V2 V1->V3,V0,V1,,1,1,True,0.00015616699999998485,0.00017424999999998692,1,5,4
4,V0-V1 V0-V2 V0-V3 V1-V2 V1-V3,5,50,V0->V1 V0->V2 V0->V3 V1->V2 V1->V3,V0,V2,,1,1,True,0.00016262499999997182,0.00017329200000004708,1,5,4
4,V0-V1 V0-V2 V0-V3 V1-V2 V1-V3,5,50,V0->V1 V0->V2 V0->V3 V1->V2 V1->V3,V0,V3,,1,1,True,0.00015583399999996583,0.00017404100000001366,1,5,4
4,V0-V1 V0-V2 V0-V3 V1-V2 V1-V3,5,50,V0->V1 V0->V2 V0->V3 V1->V2 V1->V3,V1,V2,V0,1,1,True,0.00013162500000002408,0.00016695799999999483,1,5,3
4,V0-V1 V0-V2 V0-V3 V1-V2 V1-V3,5,50,V0->V1 V0->V2 V0->V3 V1->V2 V1->V3,V1,V3,V0,1,1,True,8.329200000001258e-05,0.0001450829999999903,1,5,2
4,V0-V1 V0-V2 V0-V3 V1-V2 V1-V3,5,50,V0->V1 V0->V2 V0->V3 V1->V2 V3->V1,V0,V1,,1,1,True,0.00014454199999996975,0.00014883300000001487,1,5,3
4,V0-V1 V0-V2 V0-V3 V1-V2 V1-V3,5,50,V0->V1 V0->V2 V0->V3 V1->V2 V3->V1,V0,V2,,1,1,True,0.00015774999999995654,0.00015049999999999786,1,5,3
4,V0-V1 V0-V2 V0-V3 V1-V2 V1-V3,5,50,V0->V1 V0->V2 V0->V3 V1->V2 V3->V1,V0,V3,,1,1,True,0.00014008300000001306,0.0001524170000000158,1,5,3
4,V0-V1 V0-V2 V0-V3 V1-V2 V1-V3,5,50,V0->V1 V0->V2 V0->V3 V1->V2 V3->V1,V1,V2,V0,2,2,True,0.0001334579999999752,0.0003466249999999893,2,9,4
4,V0-V1 V0-V2 V0-V3 V1-V2 V1-V3,5,50,V0->V1 V0->V2 V0->V3 V1->V2 V3->V1,V3,V1,V0,1,1,True,5.325000000000468e-05,0.00013008300000000306,1,5,2
4,V0-V1 V0-V2 V0-V3 V1-V2 V1-V3,5,50,V0->V1 V0->V2 V0->V3 V1->V2 V3->V1,V3,V2,V0,1,1,True,6.091699999999367e-05,0.00012987500000000152,1,5,2
4,V0-V1 V0-V2 V0-V3 V1-V2 V1-V3,5,50,V0->V1 V0->V2 V0->V3 V1->V3 V2->V1,V0,V1,,1,1,True,0.00014566700000001598,0.000150665999999966,1,5,3
4,V0-V1 V0-V2 V0-V3 V1-V2 V1-V3,5,50,V0->V1 V0->V2 V0->V3 V1->V3 V2->V1,V0,V2,,1,1,True,0.00014429199999999032,0.0001542910000000286,1,5,3
4,V0-V1 V0-V2 V0-V3 V1-V2 V1-V3,5,50,V0->V1 V0->V2 V0->V3 V1->V3 V2->V1,V0,V3,,1,1,True,0.00015858299999998993,0.000149874999999966,1,5,3
4,V0-V1 V0-V2 V0-V3 V1-V2 V1-V3,5,50,V0->V1 V0->V2 V0->V3 V1->V3 V2->V1,V1,V3,V0,2,2,True,0.00010366600000000226,0.0003349999999999742,2,9,4
4,V0-V1 V0-V2 V0-V3 V1-V2 V1-V3,5,50,V0->V1 V0->V2 V0->V3 V1->V3 V2->V1,V2,V1,V0,1,1,True,5.23749999999934e-05,0.00012766699999999798,1,5,2
4,V0-V1 V0-V2 V0-V3 V1-V2 V1-V3,5,50,V0->V1 V0->V2 V0->V3 V1->V3 V2->V1,V2,V3,V0,1,1,True,6.00420000000379e-05,0.00013095800000001434,1,5,2
4,V0-V1 V0-V2 V0-V3 V1-V2 V1-V3,5,50,V0->V1 V0->V2 V1->V2 V3->V0 V3->V1,V0,V1,V3,1,1,True,2.3375000000047663e-05,0.0001263329999999785,1,5,2
4,V0-V1 V0-V2 V0-V3 V1-V2 V1-V3,5,50,V0->V1 V0->V2 V1->V2 V3->V0 V3->V1,V0,V2,V3,1,1,True,2.3957999999990598e-05,0.00012170800000005366,1,5,2
4,V0-V1 V0-V2 V0-V3 V1-V2 V1-V3,5,50,V0->V1 V0->V2 V1->V2 V3->V0 V3->V1,V1,V2,V0,1,1,True,0.00014158300000000068,0.00015175000000000605,1,5,3
4,V0-V1 V0-V2 V0-V3 V1-V2 V1-V3,5,50,V0->V1 V0->V2 V1->V2 V3->V0 V3->V1,V3,V0,,1,1,True,4.879200000001971e-05,0.0001250409999999924,1,5,2
4,V0-V1 V0-V2 V0-V3 V1-V2 V1-V3,5,50,V0->V1 V0->V2 V1->V2 V3->V0 V3->V1,V3,V1,,1,1,True,5.166699999997748e-05,0.000126000000000015,1,5,2
4,V0-V1 V0-V2 V0-V3 V1-V2 V1-V3,5,50,V0->V1 V0->V2 V1->V2 V3->V0 V3->V1,V3,V2,,1,1,True,5.879200000002971e-05,0.00012799999999996148,1,5,2
4,V0-V1 V0-V2 V0-V3 V1-V2 V1-V3,5,50,V0->V1 V0->V3 V1->V3 V2->V0 V2->V1,V0,V1,V2,1,1,True,2.3833000000028637e-05,0.0001331250000000117,1,5,2
4,V0-V1 V0-V2 V0-V3 V1-V2 V1-V3,5,50,V0->V1 V0->V3 V1->V3 V2->V0 V2->V1,V0,V3,V2,1,1,True,2.3625000000027097e-05,0.0001407920000000007,1,5,2
4,V0-V1 V0-V2 V0-V3 V1-V2 V1-V3,5,50,V0->V1 V0->V3 V1->V3 V2->V0 V2->V1,V1,V3,V0,1,1,True,0.00011899999999998023,0.00015379199999998594,1,5,3
4,V0-V1 V0-V2 V0-V3 V1-V2 V1-V3,5,50,V0->V1 V0->V3 V1->V3 V2->V0 V2->V1,V2,V0,,1,1,True,4.808300000003207e-05,0.00012816699999995684,1,5,2
4,V0-V1 V0-V2 V0-V3 V1-V2 V1-V3,5,50,V0->V1 V0->V3 V1->V3 V2->V0 V2->V1,V2,V1,,1,1,True,5.1290999999953346e-05,0.0001255000000000006,1,5,2
4,V0-V1 V0-V2 V0-V3 V1-V2 V1-V3,5,50,V0->V1 V0->V3 V1->V3 V2->V0 V2->V1,V2,V3,,1,1,True,5.795799999996909e-05,0.00012704200000002164,1,5,2
4,V0-V1 V0-V2 V0-V3 V1-V2 V1-V3,5,50,V0->V2 V0->V3 V1->V0 V1->V2 V1->V3,V0,V2,V1,1,1,True,2.387500000000653e-05,0.0001395000000000146,1,5,2
4,V0-V1 V0-V2 V0-V3 V1-V2 V1-V3,5,50,V0->V2 V0->V3 V1->V0 V1->V2 V1->V3,V0,V3,V1,1,1,True,2.3374999999992152e-05,0.00013504200000002964,1,5,2
4,V0-V1 V0-V2 V0-V3 V1-V2 V1-V3,5,50,V0->V2 V0->V3 V1->V0 V1->V2 V1->V3,V1,V0,,1,1,True,4.2125000000003965e-05,0.00013641600000002807,1,5,2
4,V0-V1 V0-V2 V0-V3 V1-V2 V1-V3,5,50,V0->V2 V0->V3 V1->V0 V1->V2 V1->V3,V1,V2,,1,1,True,4.712500000003672e-05,0.00013733299999996174,1,5,2
4,V0-V1 V0-V2 V0-V3 V1-V2 V1-V3,5,50,V0->V2 V0->V3 V1->V0 V1->V2 V1->V3,V1,V3,,1,1,True,4.650000000000487e-05,0.00013733299999996174,1,5,2
4,V0-V1 V0-V2 V0-V3 V1-V2 V1-V3,5,50,V0->V2 V1->V0 V1->V2 V1->V3 V3->V0,V0,V2,V1,2,2,True,7.950000000001012e-05,0.0003662500000000124,2,9,5
4,V0-V1 V0-V2 V0-V3 V1-V2 V1-V3,5,50,V0->V2 V1->V0 V1->V2 V1->V3 V3->V0,V1,V0,,1,1,True,7.362499999996608e-05,0.00014820800000003853,1,5,3
4,V0-V1 V0-V2 V0-V3 V1-V2 V1-V3,5,50,V0->V2 V1->V0 V1->V2 V1->V3 V3->V0,V1,V2,,1,1,True,8.31669999999951e-05,0.00014979199999998194,1,5,3
4,V0-V1 V0-V2 V0-V3 V1-V2 V1-V3,5,50,V0->V2 V1->V0 V1->V2 V1->V3 V3->V0,V1,V3,,1,1,True,7.220799999996252e-05,0.00014158300000000068,1,5,3
4,V0-V1 V0-V2 V0-V3 V1-V2 V1-V3,5,50,V0->V2 V1->V0 V1->V2 V1->V3 V3->V0,V3,V0,V1,1,1,True,5.387499999998102e-05,0.000128000000000017,1,5,2
4,V0-V1 V0-V2 V0-V3 V1-V2 V1-V3,5,50,V0->V2 V1->V0 V1->V2 V1->V3 V3->V0,V3,V2,V1,1,1,True,6.154099999999829e-05,0.0001292089999999635,1,5,2
4,V0-V1 V0-V2 V0-V3 V1-V2 V1-V3,5,50,V0->V2 V1->V0 V1->V2 V3->V0 V3->V1,V0,V2,V1,1,1,True,6.549999999999612e-05,0.00015541700000004655,1,5,3
4,V0-V1 V0-V2 V0-V3 V1-V2 V1-V3,5,50,V0->V2 V1->V0 V1->V2 V3->V0 V3->V1,V1,V0,V3,1,1,True,2.2333000000041014e-05,0.00013245899999997368,1,5,2
4,V0-V1 V0-V2 V0-V3 V1-V2 V1-V3,5,50,V0->V2 V1->V0 V1->V2 V3->V0 V3->V1,V1,V2,V3,1,1,True,2.3625000000027097e-05,0.00012137499999997914,1,5,2
4,V0-V1 V0-V2 V0-V3 V1-V2 V1-V3,5,50,V0->V2 V1->V0 V1->V2 V3->V0 V3->V1,V3,V0,,1,1,True,5.050000000000887e-05,0.0001270409999999944,1,5,2
4,V0-V1 V0-V2 V0-V3 V1-V2 V1-V3,5,50,V0->V2 V1->V0 V1->V2 V3->V0 V3->V1,V3,V1,,1,1,True,4.987499999997702e-05,0.0001239160000000017,1,5,2
4,V0-V1 V0-V2 V0-V3 V1-V2 V1-V3,5,50,V0->V2 V1->V0 V1->V2 V3->V0 V3->V1,V3,V2,,1,1,True,5.8957999999997845e-05,0.00012887499999997276,1,5,2
4,V0-V1 V0-V2 V0-V3 V1-V2 V1-V3,5,50,V0->V3 V1->V0 V1->V2 V1->V3 V2->V0,V0,V3,V1,2,2,True,8.004200000000239e-05,0.0003542920000000338,2,9,5
4,V0-V1 V0-V2 V0-V3 V1-V2 V1-V3,5,50,V0->V3 V1->V0 V1->V2 V1->V3 V2->V0,V1,V0,,1,1,True,7.445799999999947e-05,0.00014608300000001906,1,5,3
4,V0-V1 V0-V2 V0-V3 V1-V2 V1-V3,5,50,V0->V3 V1->V0 V1->V2 V1->V3 V2->V0,V1,V2,,1,1,True,7.233399999995171e-05,0.00014195799999999759,1,5,3
4,V0-V1 V0-V2 V0-V3 V1-V2 V1-V3,5,50,V0->V3 V1->V0 V1->V2 V1->V3 V2->V0,V1,V3,,1,1,True,8.233300000004551e-05,0.00014887499999999276,1,5,3
4,V0-V1 V0-V2 V0-V3 V1-V2 V1-V3,5,50,V0->V3 V1->V0 V1->V2 V1->V3 V2->V0,V2,V0,V1,1,1,True,5.429199999995582e-05,0.00012716600000001188,1,5,2
4,V0-V1 V0-V2 V0-V3 V1-V2 V1-V3,5,50,V0->V3 V1->V0 V1->V2 V1->V3 V2->V0,V2,V3,V1,1,1,True,6.149999999999212e-05,0.00012937499999998714,1,5,2
4,V0-V1 V0-V2 V0-V3 V1-V2 V1-V3,5,50,V0->V3 V1->V0 V1->V3 V2->V0 V2->V1,V0,V3,V1,1,1,True,6.683300000004389e-05,0.000167874999999984,1,5,3
4,V0-V1 V0-V2 V0-V3 V1-V2 V1-V3,5,50,V0->V3 V1->V0 V1->V3 V2->V0 V2->V1,V1,V0,V2,1,1,True,2.1374999999990152e-05,0.00012204100000001716,1,5,2
4,V0-V1 V0-V2 V0-V3 V1-V2 V1-V3,5,50,V0->V3 V1->V0 V1->V3 V2->V0 V2->V1,V1,V3,V2,1,1,True,2.2332999999985503e-05,0.00012104200000001564,1,5,2
4,V0-V1 V0-V2 V0-V3 V1-V2 V1-V3,5,50,V0->V3 V1->V0 V1->V3 V2->V0 V2->V1,V2,V0,,1,1,True,5.133299999998675e-05,0.00012725000000002318,1,5,2
4,V0-V1 V0-V2 V0-V3 V1-V2 V1-V3,5,50,V0->V3 V1->V0 V1->V3 V2->V0 V2->V1,V2,V1,,1,1,True,5.016699999998986e-05,0.0001227500000000048,1,5,2
4,V0-V1 V0-V2 V0-V3 V1-V2 V1-V3,5,50,V0->V3 V1->V0 V1->V3 V2->V0 V2->V1,V2,V3,,1,1,True,5.8625000000034344e-05,0.00012824999999999642,1,5,2
4,V0-V1 V0-V2 V0-V3 V1-V2 V1-V3 V2-V3,6,207,V0->V1 V0->V2 V0->V3 V1-V2 V1-V3 V2-V3,V0,V1,,1,1,True,0.00019725000000003767,0.0005262499999999504,1,3,2
4,V0-V1 V0-V2 V0-V3 V1-V2 V1-V3 V2-V3,6,207,V0->V1 V0->V2 V0->V3 V1-V2 V1-V3 V2-V3,V0,V2,,1,1,True,0.00020079100000003347,0.0005049169999999936,1,3,2
4,V0-V1 V0-V2 V0-V3 V1-V2 V1-V3 V2-V3,6,207,V0->V1 V0->V2 V0->V3 V1-V2 V1-V3 V2-V3,V0,V3,,1,1,True,0.0001947079999999879,0.0005086669999999627,1,3,2
4,V0-V1 V0-V2 V0-V3 V1-V2 V1-V3 V2-V3,6,207,V1->V0 V1->V2 V1->V3 V0-V2 V0-V3 V2-V3,V1,V0,,1,1,True,0.00011845899999995968,0.0004950409999999739,1,3,2
4,V0-V1 V0-V2 V0-V3 V1-V2 V1-V3 V2-V3,6,207,V1->V0 V1->V2 V1->V3 V0-V2 V0-V3 V2-V3,V1,V2,,1,1,True,0.00012416699999995284,0.0004841250000000574,1,3,2
4,V0-V1 V0-V2 V0-V3 V1-V2 V1-V3 V2-V3,6,207,V1->V0 V1->V2 V1->V3 V0-V2 V0-V3 V2-V3,V1,V3,,1,1,True,0.00011770799999999415,0.00047600000000003195,1,3,2
4,V0-V1 V0-V2 V0-V3 V1-V2 V1-V3 V2-V3,6,207,V2->V0 V2->V1 V2->V3 V0-V1 V0-V3 V1-V3,V2,V0,,1,1,True,0.00011833299999997049,0.0004930419999999991,1,3,2
4,V0-V1 V0-V2 V0-V3 V1-V2 V1-V3 V2-V3,6,207,V2->V0 V2->V1 V2->V3 V0-V1 V0-V3 V1-V3,V2,V1,,1,1,True,0.00014733300000002725,0.0005100829999999945,1,3,2
4,V0-V1 V0-V2 V0-V3 V1-V2 V1-V3 V2-V3,6,207,V2->V0 V2->V1 V2->V3 V0-V1 V0-V3 V1-V3,V2,V3,,1,1,True,0.00012137499999997914,0.0004942500000000294,1,3,2
4,V0-V1 V0-V2 V0-V3 V1-V2 V1-V3 V2-V3,6,207,V3->V0 V3->V1 V3->V2 V0-V1 V0-V2 V1-V2,V3,V0,,1,1,True,0.0001050409999999724,0.00047874999999997225,1,3,2
4,V0-V1 V0-V2 V0-V3 V1-V2 V1-V3 V2-V3,6,207,V3->V0 V3->V1 V3->V2 V0-V1 V0-V2 V1-V2,V3,V1,,1,1,True,0.00011533399999996696,0.0004868329999999643,1,3,2
4,V0-V1 V0-V2 V0-V3 V1-V2 V1-V3 V2-V3,6,207,V3->V0 V3->V1 V3->V2 V0-V1 V0-V2 V1-V2,V3,V2,,1,1,True,0.00011108400000003904,0.0004830000000000112,1,3,2
4,V0-V1 V0-V2 V0-V3 V1-V2 V1-V3 V2-V3,6,207,V0->V1 V0->V2 V0->V3 V1->V2 V1-V3 V2-V3,V0,V1,,1,1,True,0.0002411669999999866,0.00037366699999996644,1,4,3
4,V0-V1 V0-V2 V0-V3 V1-V2 V1-V3 V2-V3,6,207,V0->V1 V0->V2 V0->V3 V1->V2 V1-V3 V2-V3,V0,V2,,1,1,True,0.00025254100000005053,0.00038199999999999346,1,4,3
4,V0-V1 V0-V2 V0-V3 V1-V2 V1-V3 V2-V3,6,207,V0->V1 V0->V2 V0->V3 V1->V2 V1-V3 V2-V3,V0,V3,,1,1,True,0.0002338330000000166,0.0003654579999999852,1,4,3
4,V0-V1 V0-V2 V0-V3 V1-V2 V1-V3 V2-V3,6,207,V0->V1 V0->V2 V0->V3 V1->V3 V1-V2 V2-V3,V0,V1,,1,1,True,0.00024837499999996737,0.00038441700000002577,1,4,3
4,V0-V1 V0-V2 V0-V3 V1-V2 V1-V3 V2-V3,6,207,V0->V1 V0->V2 V0->V3 V1->V3 V1-V2 V2-V3,V0,V2,,1,1,True,0.00024683299999994635,0.0003735000000000266,1,4,3
4,V0-V1 V0-V2 V0-V3 V1-V2 V1-V3 V2-V3,6,207,V0->V1 V0->V2 V0->V3 V1->V3 V1-V2 V2-V3,V0,V3,,1,1,True,0.00024733399999998795,0.00038775000000002,1,4,3
4,V0-V1 V0-V2 V0-V3 V1-V2 V1-V3 V2-V3,6,207,V0->V1 V0->V2 V0->V3 V2->V1 V1-V3 V2-V3,V0,V1,,1,1,True,0.00024604100000003015,0.0003762920000000003,1,4,3
4,V0-V1 V0-V2 V0-V3 V1-V2 V1-V3 V2-V3,6,207,V0->V1 V0->V2 V0->V3 V2->V1 V1-V3 V2-V3,V0,V2,,1,1,True,0.0002470420000000306,0.00039924999999996214,1,4,3
4,V0-V1 V0-V2 V0-V3 V1-V2 V1-V3 V2-V3,6,207,V0->V1 V0->V2 V0->V3 V2->V1 V1-V3 V2-V3,V0,V3,,1,1,True,0.0002422499999999994,0.00037412500000000293,1,4,3
4,V0-V1 V0-V2 V0-V3 V1-V2 V1-V3 V2-V3,6,207,V0->V1 V0->V2 V0->V3 V2->V3 V1-V2 V1-V3,V0,V1,,1,1,True,0.0002443750000000744,0.00037633299999995096,1,4,3
4,V0-V1 V0-V2 V0-V3 V1-V2 V1-V3 V2-V3,6,207,V0->V1 V0->V2 V0->V3 V2->V3 V1-V2 V1-V3,V0,V2,,1,1,True,0.0002683749999999874,0.00038612500000001493,1,4,3
4,V0-V1 V0-V2 V0-V3 V1-V2 V1-V3 V2-V3,6,207,V0->V1 V0->V2 V0->V3 V2->V3 V1-V2 V1-V3,V0,V3,,1,1,True,0.00024679100000002396,0.0003842499999999749,1,4,3
4,V0-V1 V0-V2 V0-V3 V1-V2 V1-V3 V2-V3,6,207,V0->V1 V0->V2 V0->V3 V3->V1 V1-V2 V2-V3,V0,V1,,1,1,True,0.00025404199999989885,0.0003899580000000791,1,4,3
4,V0-V1 V0-V2 V0-V3 V1-V2 V1-V3 V2-V3,6,207,V0->V1 V0->V2 V0->V3 V3->V1 V1-V2 V2-V3,V0,V2,,1,1,True,0.0002522499999999539,0.00037608399999999875,1,4,3
4,V0-V1 V0-V2 V0-V3 V1-V2 V1-V3 V2-V3,6,207,V0->V1 V0->V2 V0->V3 V3->V1 V1-V2 V2-V3,V0,V3,,1,1,True,0.00024112499999995318,0.00037279099999998344,1,4,3
4,V0-V1 V0-V2 V0-V3 V1-V2 V1-V3 V2-V3,6,207,V0->V1 V0->V2 V0->V3 V3->V2 V1-V2 V1-V3,V0,V1,,1,1,True,0.00024975000000004854,0.0004093330000000117,1,4,3
4,V0-V1 V0-V2 V0-V3 V1-V2 V1-V3 V2-V3,6,207,V0->V1 V0->V2 V0->V3 V3->V2 V1-V2 V1-V3,V0,V2,,1,1,True,0.00025541699999998,0.0003791250000000357,1,4,3
4,V0-V1 V0-V2 V0-V3 V1-V2 V1-V3 V2-V3,6,207,V0->V1 V0->V2 V0->V3 V3->V2 V1-V2 V1-V3,V0,V3,,1,1,True,0.0002327920000000372,0.00039866599999993646,1,4,3
4,V0-V1 V0-V2 V0-V3 V1-V2 V1-V3 V2-V3,6,207,V0->V1 V2->V0 V2->V1 V2->V3 V0-V3 V1-V3,V2,V0,,1,1,True,8.787499999995951e-05,0.00033720800000003326,1,4,2
4,V0-V1 V0-V2 V0-V3 V1-V2 V1-V3 V2-V3,6,207,V0->V1 V2->V0 V2->V1 V2->V3 V0-V3 V1-V3,V2,V1,,1,1,True,9.550000000002612e-05,0.00033795800000002707,1,4,2
4,V0-V1 V0-V2 V0-V3 V1-V2 V1-V3 V2-V3,6,207,V0->V1 V2->V0 V2->V1 V2->V3 V0-V3 V1-V3,V2,V3,,1,1,True,9.391700000005443e-05,0.00032808299999997903,1,4,2
4,V0-V1 V0-V2 V0-V3 V1-V2 V1-V3 V2-V3,6,207,V0->V1 V3->V0 V3->V1 V3->V2 V0-V2 V1-V2,V3,V0,,1,1,True,8.245799999995196e-05,0.0003159590000000323,1,4,2
4,V0-V1 V0-V2 V0-V3 V1-V2 V1-V3 V2-V3,6,207,V0->V1 V3->V0 V3->V1 V3->V2 V0-V2 V1-V2,V3,V1,,1,1,True,8.912499999991219e-05,0.0003147500000000303,1,4,2
4,V0-V1 V0-V2 V0-V3 V1-V2 V1-V3 V2-V3,6,207,V0->V1 V3->V0 V3->V1 V3->V2 V0-V2 V1-V2,V3,V2,,1,1,True,8.741699999992303e-05,0.00031004100000009416,1,4,2
4,V0-V1 V0-V2 V0-V3 V1-V2 V1-V3 V2-V3,6,207,V0->V2 V1->V0 V1->V2 V1->V3 V0-V3 V2-V3,V1,V0,,1,1,True,8.174999999999155e-05,0.00032433300000001,1,4,2
4,V0-V1 V0-V2 V0-V3 V1-V2 V1-V3 V2-V3,6,207,V0->V2 V1->V0 V1->V2 V1->V3 V0-V3 V2-V3,V1,V2,,1,1,True,9.312500000002721e-05,0.0003325410000000195,1,4,2
4,V0-V1 V0-V2 V0-V3 V1-V2 V1-V3 V2-V3,6,207,V0->V2 V1->V0 V1->V2 V1->V3 V0-V3 V2-V3,V1,V3,,1,1,True,9.229100000007762e-05,0.0003270419999999996,1,4,2
4,V0-V1 V0-V2 V0-V3 V1-V2 V1-V3 V2-V3,6,207,V0->V2 V3->V0 V3->V1 V3->V2 V0-V1 V1-V2,V3,V0,,1,1,True,8.308399999990002e-05,0.000326541000000069,1,4,2
4,V0-V1 V0-V2 V0-V3 V1-V2 V1-V3 V2-V3,6,207,V0->V2 V3->V0 V3->V1 V3->V2 V0-V1 V1-V2,V3,V1,,1,1,True,8.770899999999138e-05,0.0003230830000000573,1,4,2
4,V0-V1 V0-V2 V0-V3 V1-V2 V1-V3 V2-V3,6,207,V0->V2 V3->V0 V3->V1 V3->V2 V0-V1 V1-V2,V3,V2,,1,1,True,9.50829999999403e-05,0.0003246670000000007,1,4,2
4,V0-V1 V0-V2 V0-V3 V1-V2 V1-V3 V2-V3,6,207,V0->V3 V1->V0 V1->V2 V1->V3 V0-V2 V2-V3,V1,V0,,1,1,True,8.454199999996526e-05,0.00032991599999998567,1,4,2
4,V0-V1 V0-V2 V0-V3 V1-V2 V1-V3 V2-V3,6,207,V0->V3 V1->V0 V1->V2 V1->V3 V0-V2 V2-V3,V1,V2,,1,1,True,8.616700000008137e-05,0.0003257499999999025,1,4,2
4,V0-V1 V0-V2 V0-V3 V1-V2 V1-V3 V2-V3,6,207,V0->V3 V1->V0 V1->V2 V1->V3 V0-V2 V2-V3,V1,V3,,1,1,True,9.812499999994895e-05,0.00037837500000004187,1,4,2
4,V0-V1 V0-V2 V0-V3 V1-V2 V1-V3 V2-V3,6,207,V0->V3 V2->V0 V2->V1 V2->V3 V0-V1 V1-V3,V2,V0,,1,1,True,8.245799999995196e-05,0.00035354200000004,1,4,2
4,V0-V1 V0-V2 V0-V3 V1-V2 V1-V3 V2-V3,6,207,V0->V3 V2->V0 V2->V1 V2->V3 V0-V1 V1-V3,V2,V1,,1,1,True,8.966700000001548e-05,0.0003253329999999277,1,4,2
4,V0-V1 V0-V2 V0-V3 V1-V2 V1-V3 V2-V3,6,207,V0->V3 V2->V0 V2->V1 V2->V3 V0-V1 V1-V3,V2,V3,,1,1,True,9.362499999998608e-05,0.0003249579999999863,1,4,2
4,V0-V1 V0-V2 V0-V3 V1-V2 V1-V3 V2-V3,6,207,V1->V0 V1->V2 V1->V3 V2->V0 V0-V3 V2-V3,V1,V0,,1,1,True,0.00017108399999998802,0.00037791600000003367,1,4,3
4,V0-V1 V0-V2 V0-V3 V1-V2 V1-V3 V2-V3,6,207,V1->V0 V1->V2 V1->V3 V2->V0 V0-V3 V2-V3,V1,V2,,1,1,True,0.0001934579999999242,0.00037312499999997417,1,4,3
4,V0-V1 V0-V2 V0-V3 V1-V2 V1-V3 V2-V3,6,207,V1->V0 V1->V2 V1->V3 V2->V0 V0-V3 V2-V3,V1,V3,,1,1,True,0.00016254199999998775,0.0003631250000000197,1,4,3
4,V0-V1 V0-V2 V0-V3 V1-V2 V1-V3 V2-V3,6,207,V1->V0 V1->V2 V1->V3 V2->V3 V0-V2 V0-V3,V1,V0,,1,1,True,0.0001531249999999762,0.00036008300000001103,1,4,3
4,V0-V1 V0-V2 V0-V3 V1-V2 V1-V3 V2-V3,6,207,V1->V0 V1->V2 V1->V3 V2->V3 V0-V2 V0-V3,V1,V2,,1,1,True,0.0001606669999999477,0.00035166699999999995,1,4,3
4,V0-V1 V0-V2 V0-V3 V1-V2 V1-V3 V2-V3,6,207,V1->V0 V1->V2 V1->V3 V2->V3 V0-V2 V0-V3,V1,V3,,1,1,True,0.00016258399999991013,0.00036125000000009067,1,4,3
4,V0-V1 V0-V2 V0-V3 V1-V2 V1-V3 V2-V3,6,207,V1->V0 V1->V2 V1->V3 V3->V0 V0-V2 V2-V3,V1,V0,,1,1,True,0.00015441599999999056,0.0003622500000000084,1,4,3
4,V0-V1 V0-V2 V0-V3 V1-V2 V1-V3 V2-V3,6,207,V1->V0 V1->V2 V1->V3 V3->V0 V0-V2 V2-V3,V1,V2,,1,1,True,0.00015808299999997555,0.00036045800000006345,1,4,3
4,V0-V1 V0-V2 V0-V3 V1-V2 V1-V3 V2-V3,6,207,V1->V0 V1->V2 V1->V3 V3->V0 V0-V2 V2-V3,V1,V3,,1,1,True,0.0001479160000000812,0.00034562500000001606,1,4,3
4,V0-V1 V0-V2 V0-V3 V1-V2 V1-V3 V2-V3,6,207,V1->V0 V1->V2 V1->V3 V3->V2 V0-V2 V0-V3,V1,V0,,1,1,True,0.0001527080000000014,0.0003606250000000033,1,4,3
4,V0-V1 V0-V2 V0-V3 V1-V2 V1-V3 V2-V3,6,207,V1->V0 V1->V2 V1->V3 V3->V2 V0-V2 V0-V3,V1,V2,,1,1,True,0.0001707499999999973,0.0003597079999999586,1,4,3
4,V0-V1 V0-V2 V0-V3 V1-V2 V1-V3 V2-V3,6,207,V1->V0 V1->V2 V1->V3 V3->V2 V0-V2 V0-V3,V1,V3,,1,1,True,0.00015329199999991605,0.00035770800000001213,1,4,3
4,V0-V1 V0-V2 V0-V3 V1-V2 V1-V3 V2-V3,6,207,V1->V0 V2->V0 V2->V1 V2->V3 V0-V3 V1-V3,V2,V0,,1,1,True,9.708399999996953e-05,0.000341875000000047,1,4,2
4,V0-V1 V0-V2 V0-V3 V1-V2 V1-V3 V2-V3,6,207,V1->V0 V2->V0 V2->V1 V2->V3 V0-V3 V1-V3,V2,V1,,1,1,True,8.604099999998116e-05,0.00032404200000002437,1,4,2
4,V0-V1 V0-V2 V0-V3 V1-V2 V1-V3 V2-V3,6,207,V1->V0 V2->V0 V2->V1 V2->V3 V0-V3 V1-V3,V2,V3,,1,1,True,9.399999999992747e-05,0.00032283300000002235,1,4,2
4,V0-V1 V0-V2 V0-V3 V1-V2 V1-V3 V2-V3,6,207,V1->V0 V3->V0 V3->V1 V3->V2 V0-V2 V1-V2,V3,V0,,1,1,True,9.341600000001282e-05,0.0003313750000000226,1,4,2
4,V0-V1 V0-V2 V0-V3 V1-V2 V1-V3 V2-V3,6,207,V1->V0 V3->V0 V3->V1 V3->V2 V0-V2 V1-V2,V3,V1,,1,1,True,8.2791000000082e-05,0.00031491699999997014,1,4,2
4,V0-V1 V0-V2 V0-V3 V1-V2 V1-V3 V2-V3,6,207,V1->V0 V3->V0 V3->V1 V3->V2 V0-V2 V1-V2,V3,V2,,1,1,True,9.037500000008691e-05,0.000318207999999931,1,4,2
4,V0-V1 V0-V2 V0-V3 V1-V2 V1-V3 V2-V3,6,207,V1->V2 V3->V0 V3->V1 V3->V2 V0-V1 V0-V2,V3,V0,,1,1,True,7.904100000000192e-05,0.0003138339999999573,1,4,2
4,V0-V1 V0-V2 V0-V3 V1-V2 V1-V3 V2-V3,6,207,V1->V2 V3->V0 V3->V1 V3->V2 V0-V1 V0-V2,V3,V1,,1,1,True,8.012499999998646e-05,0.00030774999999994,1,4,2
4,V0-V1 V0-V2 V0-V3 V1-V2 V1-V3 V2-V3,6,207,V1->V2 V3->V0 V3->V1 V3->V2 V0-V1 V0-V2,V3,V2,,1,1,True,8.895899999994406e-05,0.0003141660000000046,1,4,2
4,V0-V1 V0-V2 V0-V3 V1-V2 V1-V3 V2-V3,6,207,V1->V3 V2->V0 V2->V1 V2->V3 V0-V1 V0-V3,V2,V0,,1,1,True,7.820799999991301e-05,0.00031729200000008007,1,4,2
4,V0-V1 V0-V2 V0-V3 V1-V2 V1-V3 V2-V3,6,207,V1->V3 V2->V0 V2->V1 V2->V3 V0-V1 V0-V3,V2,V1,,1,1,True,7.520800000004879e-05,0.00030649999999998734,1,4,2
4,V0-V1 V0-V2 V0-V3 V1-V2 V1-V3 V2-V3,6,207,V1->V3 V2->V0 V2->V1 V2->V3 V0-V1 V0-V3,V2,V3,,1,1,True,8.595799999999709e-05,0.0003124170000000648,1,4,2
4,V0-V1 V0-V2 V0-V3 V1-V2 V1-V3 V2-V3,6,207,V2->V0 V2->V1 V2->V3 V3->V0 V0-V1 V1-V3,V2,V0,,1,1,True,0.0001532080000000713,0.0003522089999999922,1,4,3
4,V0-V1 V0-V2 V0-V3 V1-V2 V1-V3 V2-V3,6,207,V2->V0 V2->V1 V2->V3 V3->V0 V0-V1 V1-V3,V2,V1,,1,1,True,0.00015845800000002797,0.00034841699999998976,1,4,3
4,V0-V1 V0-V2 V0-V3 V1-V2 V1-V3 V2-V3,6,207,V2->V0 V2->V1 V2->V3 V3->V0 V0-V1 V1-V3,V2,V3,,1,1,True,0.00014554099999997128,0.00036274999999996727,1,4,3
4,V0-V1 V0-V2 V0-V3 V1-V2 V1-V3 V2-V3,6,207,V2->V0 V2->V1 V2->V3 V3->V1 V0-V1 V0-V3,V2,V0,,1,1,True,0.00015795799999995808,0.00036637500000002987,1,4,3
4,V0-V1 V0-V2 V0-V3 V1-V2 V1-V3 V2-V3,6,207,V2->V0 V2->V1 V2->V3 V3->V1 V0-V1 V0-V3,V2,V1,,1,1,True,0.0001703330000000225,0.0003660829999999615,1,4,3
4,V0-V1 V0-V2 V0-V3 V1-V2 V1-V3 V2-V3,6,207,V2->V0 V2->V1 V2->V3 V3->V1 V0-V1 V0-V3,V2,V3,,1,1,True,0.00015379200000009696,0.00035545799999991967,1,4,3
4,V0-V1 V0-V2 V0-V3 V1-V2 V1-V3 V2-V3,6,207,V2->V0 V3->V0 V3->V1 V3->V2 V0-V1 V1-V2,V3,V0,,1,1,True,7.620799999996652e-05,0.000302208000000026,1,4,2
4,V0-V1 V0-V2 V0-V3 V1-V2 V1-V3 V2-V3,6,207,V2->V0 V3->V0 V3->V1 V3->V2 V0-V1 V1-V2,V3,V1,,1,1,True,7.574999999993004e-05,0.00029770800000006314,1,4,2
4,V0-V1 V0-V2 V0-V3 V1-V2 V1-V3 V2-V3,6,207,V2->V0 V3->V0 V3->V1 V3->V2 V0-V1 V1-V2,V3,V2,,1,1,True,6.858300000001094e-05,0.0002910000000000412,1,4,2
4,V0-V1 V0-V2 V0-V3 V1-V2 V1-V3 V2-V3,6,207,V2->V1 V3->V0 V3->V1 V3->V2 V0-V1 V0-V2,V3,V0,,1,1,True,8.112500000001521e-05,0.0003214580000000522,1,4,2
4,V0-V1 V0-V2 V0-V3 V1-V2 V1-V3 V2-V3,6,207,V2->V1 V3->V0 V3->V1 V3->V2 V0-V1 V0-V2,V3,V1,,1,1,True,8.658299999997343e-05,0.00032250000000000334,1,4,2
4,V0-V1 V0-V2 V0-V3 V1-V2 V1-V3 V2-V3,6,207,V2->V1 V3->V0 V3->V1 V3->V2 V0-V1 V0-V2,V3,V2,,1,1,True,7.87079999999829e-05,0.0003042919999999283,1,4,2
4,V0-V1 V0-V2 V0-V3 V1-V2 V1-V3 V2-V3,6,207,V0->V1 V0->V2 V0->V3 V1->V2 V1->V3 V2-V3,V0,V1,,1,1,True,0.00029404099999996713,0.0002807500000000518,1,5,4
4,V0-V1 V0-V2 V0-V3 V1-V2 V1-V3 V2-V3,6,207,V0->V1 V0->V2 V0->V3 V1->V2 V1->V3 V2-V3,V0,V2,,1,1,True,0.00030600000000002847,0.0002869999999999262,1,5,4
4,V0-V1 V0-V2 V0-V3 V1-V2 V1-V3 V2-V3,6,207,V0->V1 V0->V2 V0->V3 V1->V2 V1->V3 V2-V3,V0,V3,,1,1,True,0.00029450000000008636,0.00028474999999994477,1,5,4
4,V0-V1 V0-V2 V0-V3 V1-V2 V1-V3 V2-V3,6,207,V0->V1 V0->V2 V0->V3 V1->V2 V1->V3 V2-V3,V1,V2,V0,1,1,True,0.00015908400000008704,0.00024412499999992843,1,5,2
4,V0-V1 V0-V2 V0-V3 V1-V2 V1-V3 V2-V3,6,207,V0->V1 V0->V2 V0->V3 V1->V2 V1->V3 V2-V3,V1,V3,V0,1,1,True,0.0001515839999999269,0.00024058300000007193,1,5,2
4,V0-V1 V0-V2 V0-V3 V1-V2 V1-V3 V2-V3,6,207,V0->V1 V0->V2 V0->V3 V1->V2 V3->V2 V1-V3,V0,V1,,1,1,True,0.00029087500000002375,0.0003002500000000019,1,5,4
4,V0-V1 V0-V2 V0-V3 V1-V2 V1-V3 V2-V3,6,207,V0->V1 V0->V2 V0->V3 V1->V2 V3->V2 V1-V3,V0,V2,,1,1,True,0.00030599999999991745,0.0003230419999999956,1,5,4
4,V0-V1 V0-V2 V0-V3 V1-V2 V1-V3 V2-V3,6,207,V0->V1 V0->V2 V0->V3 V1->V2 V3->V2 V1-V3,V0,V3,,1,1,True,0.00028170800000004714,0.0002934589999999959,1,5,4
4,V0-V1 V0-V2 V0-V3 V1-V2 V1-V3 V2-V3,6,207,V0->V1 V0->V2 V0->V3 V1->V3 V2->V3 V1-V2,V0,V1,,1,1,True,0.0002937499999999815,0.0003057909999999442,1,5,4
4,V0-V1 V0-V2 V0-V3 V1-V2 V1-V3 V2-V3,6,207,V0->V1 V0->V2 V0->V3 V1->V3 V2->V3 V1-V2,V0,V2,,1,1,True,0.00028933399999997444,0.0002983330000000395,1,5,4
4,V0-V1 V0-V2 V0-V3 V1-V2 V1-V3 V2-V3,6,207,V0->V1 V0->V2 V0->V3 V1->V3 V2->V3 V1-V2,V0,V3,,1,1,True,0.0002969999999999917,0.00030458399999999664,1,5,4
4,V0-V1 V0-V2 V0-V3 V1-V2 V1-V3 V2-V3,6,207,V0->V1 V0->V2 V0->V3 V2->V1 V2->V3 V1-V3,V0,V1,,1,1,True,0.0002970829999999758,0.00028500000000009074,1,5,4
4,V0-V1 V0-V2 V0-V3 V1-V2 V1-V3 V2-V3,6,207,V0->V1 V0->V2 V0->V3 V2->V1 V2->V3 V1-V3,V0,V2,,1,1,True,0.0002795420000000215,0.00026729100000000283,1,5,4
4,V0-V1 V0-V2 V0-V3 V1-V2 V1-V3 V2-V3,6,207,V0->V1 V0->V2 V0->V3 V2->V1 V2->V3 V1-V3,V0,V3,,1,1,True,0.0002862499999999324,0.000277542000000075,1,5,4
4,V0-V1 V0-V2 V0-V3 V1-V2 V1-V3 V2-V3,6,207,V0->V1 V0->V2 V0->V3 V2->V1 V2->V3 V1-V3,V2,V1,V0,1,1,True,9.150000000002212e-05,0.00023933300000000823,1,5,2
4,V0-V1 V0-V2 V0-V3 V1-V2 V1-V3 V2-V3,6,207,V0->V1 V0->V2 V0->V3 V2->V1 V2->V3 V1-V3,V2,V3,V0,1,1,True,9.500000000006725e-05,0.00023754099999995226,1,5,2
4,V0-V1 V0-V2 V0-V3 V1-V2 V1-V3 V2-V3,6,207,V0->V1 V0->V2 V0->V3 V2->V1 V3->V1 V2-V3,V0,V1,,1,1,True,0.00032650000000000734,0.0003407080000000784,1,5,4
4,V0-V1 V0-V2 V0-V3 V1-V2 V1-V3 V2-V3,6,207,V0->V1 V0->V2 V0->V3 V2->V1 V3->V1 V2-V3,V0,V2,,1,1,True,0.00029441699999999127,0.00030845800000001145,1,5,4
4,V0-V1 V0-V2 V0-V3 V1-V2 V1-V3 V2-V3,6,207,V0->V1 V0->V2 V0->V3 V2->V1 V3->V1 V2-V3,V0,V3,,1,1,True,0.00028925000000001866,0.00029962500000002557,1,5,4
4,V0-V1 V0-V2 V0-V3 V1-V2 V1-V3 V2-V3,6,207,V0->V1 V0->V2 V0->V3 V3->V1 V3->V2 V1-V2,V0,V1,,1,1,True,0.0003110419999999836,0.0003022919999999818,1,5,4
4,V0-V1 V0-V2 V0-V3 V1-V2 V1-V3 V2-V3,6,207,V0->V1 V0->V2 V0->V3 V3->V1 V3->V2 V1-V2,V0,V2,,1,1,True,0.0003054590000000079,0.0003071249999999637,1,5,4
4,V0-V1 V0-V2 V0-V3 V1-V2 V1-V3 V2-V3,6,207,V0->V1 V0->V2 V0->V3 V3->V1 V3->V2 V1-V2,V0,V3,,1,1,True,0.0002814580000000122,0.00027454199999998874,1,5,4
4,V0-V1 V0-V2 V0-V3 V1-V2 V1-V3 V2-V3,6,207,V0->V1 V0->V2 V0->V3 V3->V1 V3->V2 V1-V2,V3,V1,V0,1,1,True,9.212499999999846e-05,0.00023849999999991933,1,5,2
4,V0-V1 V0-V2 V0-V3 V1-V2 V1-V3 V2-V3,6,207,V0->V1 V0->V2 V0->V3 V3->V1 V3->V2 V1-V2,V3,V2,V0,1,1,True,9.34579999999352e-05,0.00023662499999999032,1,5,2
4,V0-V1 V0-V2 V0-V3 V1-V2 V1-V3 V2-V3,6,207,V0->V1 V0->V2 V1->V2 V3->V1 V3->V2 V0-V3,V1,V2,V0|V3,1,1,True,4.7833999999968846e-05,0.00022920800000003627,1,5,2
4,V0-V1 V0-V2 V0-V3 V1-V2 V1-V3 V2-V3,6,207,V0->V1 V0->V2 V2->V1 V3->V1 V3->V2 V0-V3,V2,V1,V0|V3,1,1,True,4.587499999997302e-05,0.00022679100000000396,1,5,2
4,V0-V1 V0-V2 V0-V3 V1-V2 V1-V3 V2-V3,6,207,V0->V1 V0->V2 V3->V0 V3->V1 V3->V2 V1-V2,V0,V1,V3,1,1,True,5.845800000003898e-05,0.00023008399999990825,1,5,2
4,V0-V1 V0-V2 V0-V3 V1-V2 V1-V3 V2-V3,6,207,V0->V1 V0->V2 V3->V0 V3->V1 V3->V2 V1-V2,V0,V2,V3,1,1,True,4.691699999992416e-05,0.00022095799999999333,1,5,2
4,V0-V1 V0-V2 V0-V3 V1-V2 V1-V3 V2-V3,6,207,V0->V1 V0->V2 V3->V0 V3->V1 V3->V2 V1-V2,V3,V0,,1,1,True,7.224999999999593e-05,0.00022333299999999223,1,5,2
4,V0-V1 V0-V2 V0-V3 V1-V2 V1-V3 V2-V3,6,207,V0->V1 V0->V2 V3->V0 V3->V1 V3->V2 V1-V2,V3,V1,,1,1,True,7.816699999996235e-05,0.0002250830000000148,1,5,2
4,V0-V1 V0-V2 V0-V3 V1-V2 V1-V3 V2-V3,6,207,V0->V1 V0->V2 V3->V0 V3->V1 V3->V2 V1-V2,V3,V2,,1,1,True,8.266700000003624e-05,0.00023491600000002943,1,5,2
4,V0-V1 V0-V2 V0-V3 V1-V2 V1-V3 V2-V3,6,207,V0->V1 V0->V3 V1->V3 V2->V1 V2->V3 V0-V2,V1,V3,V0|V2,1,1,True,4.650000000006038e-05,0.00022537499999997213,1,5,2
4,V0-V1 V0-V2 V0-V3 V1-V2 V1-V3 V2-V3,6,207,V0->V1 V0->V3 V2->V0 V2->V1 V2->V3 V1-V3,V0,V1,V2,1,1,True,4.533299999998075e-05,0.0002210419999999491,1,5,2
4,V0-V1 V0-V2 V0-V3 V1-V2 V1-V3 V2-V3,6,207,V0->V1 V0->V3 V2->V0 V2->V1 V2->V3 V1-V3,V0,V3,V2,1,1,True,4.695899999995756e-05,0.0002670409999999679,1,5,2
4,V0-V1 V0-V2 V0-V3 V1-V2 V1-V3 V2-V3,6,207,V0->V1 V0->V3 V2->V0 V2->V1 V2->V3 V1-V3,V2,V0,,1,1,True,6.87919999999842e-05,0.000228666000000044,1,5,2
4,V0-V1 V0-V2 V0-V3 V1-V2 V1-V3 V2-V3,6,207,V0->V1 V0->V3 V2->V0 V2->V1 V2->V3 V1-V3,V2,V1,,1,1,True,7.320799999999128e-05,0.00022416700000005285,1,5,2
4,V0-V1 V0-V2 V0-V3 V1-V2 V1-V3 V2-V3,6,207,V0->V1 V0->V3 V2->V0 V2->V1 V2->V3 V1-V3,V2,V3,,1,1,True,7.983399999988983e-05,0.00022370800000004465,1,5,2
4,V0-V1 V0-V2 V0-V3 V1-V2 V1-V3 V2-V3,6,207,V0->V1 V0->V3 V2->V1 V2->V3 V3->V1 V0-V2,V3,V1,V0|V2,1,1,True,9.262500000006835e-05,0.00023645799999993944,1,5,2
4,V0-V1 V0-V2 V0-V3 V1-V2 V1-V3 V2-V3,6,207,V0->V1 V2->V0 V2->V1 V2->V3 V3->V1 V0-V3,V2,V0,,1,1,True,0.00011733300000005276,0.0002802920000000153,1,5,3
4,V0-V1 V0-V2 V0-V3 V1-V2 V1-V3 V2-V3,6,207,V0->V1 V2->V0 V2->V1 V2->V3 V3->V1 V0-V3,V2,V1,,1,1,True,0.0001320840000000878,0.0003044999999999298,1,5,3
4,V0-V1 V0-V2 V0-V3 V1-V2 V1-V3 V2-V3,6,207,V0->V1 V2->V0 V2->V1 V2->V3 V3->V1 V0-V3,V2,V3,,1,1,True,0.00012345800000002072,0.0002734169999999425,1,5,3
4,V0-V1 V0-V2 V0-V3 V1-V2 V1-V3 V2-V3,6,207,V0->V1 V2->V0 V2->V1 V3->V0 V3->V1 V2-V3,V0,V1,V2|V3,1,1,True,5.0625000000081855e-05,0.00023016700000000334,1,5,2
4,V0-V1 V0-V2 V0-V3 V1-V2 V1-V3 V2-V3,6,207,V0->V1 V2->V1 V3->V0 V3->V1 V3->V2 V0-V2,V3,V0,,1,1,True,8.216699999996635e-05,0.0002558750000000165,1,5,2
4,V0-V1 V0-V2 V0-V3 V1-V2 V1-V3 V2-V3,6,207,V0->V1 V2->V1 V3->V0 V3->V1 V3->V2 V0-V2,V3,V1,,1,1,True,9.083299999990135e-05,0.0002580840000000473,1,5,2
4,V0-V1 V0-V2 V0-V3 V1-V2 V1-V3 V2-V3,6,207,V0->V1 V2->V1 V3->V0 V3->V1 V3->V2 V0-V2,V3,V2,,1,1,True,8.350000000001412e-05,0.0002451669999999906,1,5,2
4,V0-V1 V0-V2 V0-V3 V1-V2 V1-V3 V2-V3,6,207,V0->V2 V0->V3 V1->V0 V1->V2 V1->V3 V2-V3,V0,V2,V1,1,1,True,4.754200000001152e-05,0.00022433299999990997,1,5,2
4,V0-V1 V0-V2 V0-V3 V1-V2 V1-V3 V2-V3,6,207,V0->V2 V0->V3 V1->V0 V1->V2 V1->V3 V2-V3,V0,V3,V1,1,1,True,4.595800000006811e-05,0.0002191249999999867,1,5,2
4,V0-V1 V0-V2 V0-V3 V1-V2 V1-V3 V2-V3,6,207,V0->V2 V0->V3 V1->V0 V1->V2 V1->V3 V2-V3,V1,V0,,1,1,True,6.279199999992269e-05,0.00021645800000003046,1,5,2
4,V0-V1 V0-V2 V0-V3 V1-V2 V1-V3 V2-V3,6,207,V0->V2 V0->V3 V1->V0 V1->V2 V1->V3 V2-V3,V1,V2,,1,1,True,6.970799999994615e-05,0.00022004200000003138,1,5,2
4,V0-V1 V0-V2 V0-V3 V1-V2 V1-V3 V2-V3,6,207,V0->V2 V0->V3 V1->V0 V1->V2 V1->V3 V2-V3,V1,V3,,1,1,True,7.637499999990638e-05,0.00021920800000008178,1,5,2
4,V0-V1 V0-V2 V0-V3 V1-V2 V1-V3 V2-V3,6,207,V0->V2 V0->V3 V1->V2 V1->V3 V2->V3 V0-V1,V2,V3,V0|V1,1,1,True,0.00013741699999991752,0.000244333000000041,1,5,2
4,V0-V1 V0-V2 V0-V3 V1-V2 V1-V3 V2-V3,6,207,V0->V2 V0->V3 V1->V2 V1->V3 V3->V2 V0-V1,V3,V2,V0|V1,1,1,True,9.091699999996816e-05,0.00023520800000009778,1,5,2
4,V0-V1 V0-V2 V0-V3 V1-V2 V1-V3 V2-V3,6,207,V0->V2 V1->V0 V1->V2 V1->V3 V3->V2 V0-V3,V1,V0,,1,1,True,0.00011641699999997979,0.0002798330000000071,1,5,3
4,V0-V1 V0-V2 V0-V3 V1-V2 V1-V3 V2-V3,6,207,V0->V2 V1->V0 V1->V2 V1->V3 V3->V2 V0-V3,V1,V2,,1,1,True,0.00012879100000007249,0.0002798749999999295,1,5,3
4,V0-V1 V0-V2 V0-V3 V1-V2 V1-V3 V2-V3,6,207,V0->V2 V1->V0 V1->V2 V1->V3 V3->V2 V0-V3,V1,V3,,1,1,True,0.0001191249999999977,0.00026854200000003825,1,5,3
4,V0-V1 V0-V2 V0-V3 V1-V2 V1-V3 V2-V3,6,207,V0->V2 V1->V0 V1->V2 V3->V0 V3->V2 V1-V3,V0,V2,V1|V3,1,1,True,4.750000000008914e-05,0.00022108399999998252,1,5,2
4,V0-V1 V0-V2 V0-V3 V1-V2 V1-V3 V2-V3,6,207,V0->V2 V1->V2 V3->V0 V3->V1 V3->V2 V0-V1,V3,V0,,1,1,True,7.945799999997671e-05,0.0002482919999999833,1,5,2
4,V0-V1 V0-V2 V0-V3 V1-V2 V1-V3 V2-V3,6,207,V0->V2 V1->V2 V3->V0 V3->V1 V3->V2 V0-V1,V3,V1,,1,1,True,7.958299999999419e-05,0.0002439589999999603,1,5,2
4,V0-V1 V0-V2 V0-V3 V1-V2 V1-V3 V2-V3,6,207,V0->V2 V1->V2 V3->V0 V3->V1 V3->V2 V0-V1,V3,V2,,1,1,True,8.929200000007409e-05,0.0002471250000000147,1,5,2
4,V0-V1 V0-V2 V0-V3 V1-V2 V1-V3 V2-V3,6,207,V0->V3 V1->V0 V1->V2 V1->V3 V2->V3 V0-V2,V1,V0,,1,1,True,0.0001114579999998977,0.0002787499999999943,1,5,3
4,V0-V1 V0-V2 V0-V3 V1-V2 V1-V3 V2-V3,6,207,V0->V3 V1->V0 V1->V2 V1->V3 V2->V3 V0-V2,V1,V2,,1,1,True,0.00011341600000003282,0.00029616700000001384,1,5,3
4,V0-V1 V0-V2 V0-V3 V1-V2 V1-V3 V2-V3,6,207,V0->V3 V1->V0 V1->V2 V1->V3 V2->V3 V0-V2,V1,V3,,1,1,True,0.00013854099999999203,0.00030399999999997096,1,5,3
4,V0-V1 V0-V2 V0-V3 V1-V2 V1-V3 V2-V3,6,207,V0->V3 V1->V0 V1->V3 V2->V0 V2->V3 V1-V2,V0,V3,V1|V2,1,1,True,5.3667000000090503e-05,0.00023087499999996375,1,5,2
4,V0-V1 V0-V2 V0-V3 V1-V2 V1-V3 V2-V3,6,207,V0->V3 V1->V3 V2->V0 V2->V1 V2->V3 V0-V1,V2,V0,,1,1,True,7.920799999994177e-05,0.00025737500000000413,1,5,2
4,V0-V1 V0-V2 V0-V3 V1-V2 V1-V3 V2-V3,6,207,V0->V3 V1->V3 V2->V0 V2->V1 V2->V3 V0-V1,V2,V1,,1,1,True,7.845799999994796e-05,0.0002512089999999745,1,5,2
4,V0-V1 V0-V2 V0-V3 V1-V2 V1-V3 V2-V3,6,207,V0->V3 V1->V3 V2->V0 V2->V1 V2->V3 V0-V1,V2,V3,,1,1,True,9.00000000000345e-05,0.00025737500000000413,1,5,2
4,V0-V1 V0-V2 V0-V3 V1-V2 V1-V3 V2-V3,6,207,V1->V0 V1->V2 V1->V3 V2->V0 V2->V3 V0-V3,V1,V0,,1,1,True,0.00021745900000003093,0.00028879100000001046,1,5,4
4,V0-V1 V0-V2 V0-V3 V1-V2 V1-V3 V2-V3,6,207,V1->V0 V1->V2 V1->V3 V2->V0 V2->V3 V0-V3,V1,V2,,1,1,True,0.00021216699999992983,0.0002707500000000973,1,5,4
4,V0-V1 V0-V2 V0-V3 V1-V2 V1-V3 V2-V3,6,207,V1->V0 V1->V2 V1->V3 V2->V0 V2->V3 V0-V3,V1,V3,,1,1,True,0.00021812499999995794,0.0002842920000000193,1,5,4
4,V0-V1 V0-V2 V0-V3 V1-V2 V1-V3 V2-V3,6,207,V1->V0 V1->V2 V1->V3 V2->V0 V2->V3 V0-V3,V2,V0,V1,1,1,True,9.566699999996597e-05,0.0002515830000000552,1,5,2
4,V0-V1 V0-V2 V0-V3 V1-V2 V1-V3 V2-V3,6,207,V1->V0 V1->V2 V1->V3 V2->V0 V2->V3 V0-V3,V2,V3,V1,1,1,True,0.00010025000000002393,0.00029762499999996805,1,5,2
4,V0-V1 V0-V2 V0-V3 V1-V2 V1-V3 V2-V3,6,207,V1->V0 V1->V2 V1->V3 V2->V0 V3->V0 V2-V3,V1,V0,,1,1,True,0.0002307080000000239,0.00032012500000000443,1,5,4
4,V0-V1 V0-V2 V0-V3 V1-V2 V1-V3 V2-V3,6,207,V1->V0 V1->V2 V1->V3 V2->V0 V3->V0 V2-V3,V1,V2,,1,1,True,0.00022179199999994292,0.00029887500000003175,1,5,4
4,V0-V1 V0-V2 V0-V3 V1-V2 V1-V3 V2-V3,6,207,V1->V0 V1->V2 V1->V3 V2->V0 V3->V0 V2-V3,V1,V3,,1,1,True,0.0002122910000000866,0.0002951249999999517,1,5,4
4,V0-V1 V0-V2 V0-V3 V1-V2 V1-V3 V2-V3,6,207,V1->V0 V1->V2 V1->V3 V3->V0 V3->V2 V0-V2,V1,V0,,1,1,True,0.00019891699999996515,0.0002854580000000162,1,5,4
4,V0-V1 V0-V2 V0-V3 V1-V2 V1-V3 V2-V3,6,207,V1->V0 V1->V2 V1->V3 V3->V0 V3->V2 V0-V2,V1,V2,,1,1,True,0.00022887500000001726,0.00028995799999997907,1,5,4
4,V0-V1 V0-V2 V0-V3 V1-V2 V1-V3 V2-V3,6,207,V1->V0 V1->V2 V1->V3 V3->V0 V3->V2 V0-V2,V1,V3,,1,1,True,0.00019000000000002348,0.0002675420000000095,1,5,4
4,V0-V1 V0-V2 V0-V3 V1-V2 V1-V3 V2-V3,6,207,V1->V0 V1->V2 V1->V3 V3->V0 V3->V2 V0-V2,V3,V0,V1,1,1,True,9.254100000000154e-05,0.0002386669999999702,1,5,2
4,V0-V1 V0-V2 V0-V3 V1-V2 V1-V3 V2-V3,6,207,V1->V0 V1->V2 V1->V3 V3->V0 V3->V2 V0-V2,V3,V2,V1,1,1,True,9.445799999996396e-05,0.0002370830000000268,1,5,2
4,V0-V1 V0-V2 V0-V3 V1-V2 V1-V3 V2-V3,6,207,V1->V0 V1->V2 V2->V0 V3->V0 V3->V2 V1-V3,V2,V0,V1|V3,1,1,True,4.625000000002544e-05,0.00023300000000003873,1,5,2
4,V0-V1 V0-V2 V0-V3 V1-V2 V1-V3 V2-V3,6,207,V1->V0 V1->V2 V3->V0 V3->V1 V3->V2 V0-V2,V1,V0,V3,1,1,True,4.5583000000015694e-05,0.00022412500000001945,1,5,2
4,V0-V1 V0-V2 V0-V3 V1-V2 V1-V3 V2-V3,6,207,V1->V0 V1->V2 V3->V0 V3->V1 V3->V2 V0-V2,V1,V2,V3,1,1,True,4.574999999995555e-05,0.0002192090000000535,1,5,2
4,V0-V1 V0-V2 V0-V3 V1-V2 V1-V3 V2-V3,6,207,V1->V0 V1->V2 V3->V0 V3->V1 V3->V2 V0-V2,V3,V0,,1,1,True,7.816699999996235e-05,0.00022383300000006212,1,5,2
4,V0-V1 V0-V2 V0-V3 V1-V2 V1-V3 V2-V3,6,207,V1->V0 V1->V2 V3->V0 V3->V1 V3->V2 V0-V2,V3,V1,,1,1,True,7.254099999998154e-05,0.00021737499999996412,1,5,2
4,V0-V1 V0-V2 V0-V3 V1-V2 V1-V3 V2-V3,6,207,V1->V0 V1->V2 V3->V0 V3->V1 V3->V2 V0-V2,V3,V2,,1,1,True,8.291599999998844e-05,0.00022220900000002874,1,5,2
4,V0-V1 V0-V2 V0-V3 V1-V2 V1-V3 V2-V3,6,207,V1->V0 V1->V3 V2->V0 V2->V1 V2->V3 V0-V3,V1,V0,V2,1,1,True,4.650000000006038e-05,0.0002242919999999593,1,5,2
4,V0-V1 V0-V2 V0-V3 V1-V2 V1-V3 V2-V3,6,207,V1->V0 V1->V3 V2->V0 V2->V1 V2->V3 V0-V3,V1,V3,V2,1,1,True,4.4958000000039355e-05,0.00021983400000002984,1,5,2
4,V0-V1 V0-V2 V0-V3 V1-V2 V1-V3 V2-V3,6,207,V1->V0 V1->V3 V2->V0 V2->V1 V2->V3 V0-V3,V2,V0,,1,1,True,8.500000000000174e-05,0.00023941699999996402,1,5,2
4,V0-V1 V0-V2 V0-V3 V1-V2 V1-V3 V2-V3,6,207,V1->V0 V1->V3 V2->V0 V2->V1 V2->V3 V0-V3,V2,V1,,1,1,True,6.808300000005207e-05,0.00021925000000000416,1,5,2
4,V0-V1 V0-V2 V0-V3 V1-V2 V1-V3 V2-V3,6,207,V1->V0 V1->V3 V2->V0 V2->V1 V2->V3 V0-V3,V2,V3,,1,1,True,7.962499999991657e-05,0.00022187500000003801,1,5,2
4,V0-V1 V0-V2 V0-V3 V1-V2 V1-V3 V2-V3,6,207,V1->V0 V1->V3 V2->V0 V2->V3 V3->V0 V1-V2,V3,V0,V1|V2,1,1,True,9.287499999999227e-05,0.00023474999999995028,1,5,2
4,V0-V1 V0-V2 V0-V3 V1-V2 V1-V3 V2-V3,6,207,V1->V0 V2->V0 V2->V1 V2->V3 V3->V0 V1-V3,V2,V0,,1,1,True,0.00013716600000002188,0.0002991250000000667,1,5,3
4,V0-V1 V0-V2 V0-V3 V1-V2 V1-V3 V2-V3,6,207,V1->V0 V2->V0 V2->V1 V2->V3 V3->V0 V1-V3,V2,V1,,1,1,True,0.0001167499999999988,0.0002770420000000051,1,5,3
4,V0-V1 V0-V2 V0-V3 V1-V2 V1-V3 V2-V3,6,207,V1->V0 V2->V0 V2->V1 V2->V3 V3->V0 V1-V3,V2,V3,,1,1,True,0.00012495800000000834,0.00027816700000005135,1,5,3
4,V0-V1 V0-V2 V0-V3 V1-V2 V1-V3 V2-V3,6,207,V1->V0 V2->V0 V2->V1 V3->V0 V3->V1 V2-V3,V1,V0,V2|V3,1,1,True,4.9416999999940536e-05,0.00022533300000004974,1,5,2
4,V0-V1 V0-V2 V0-V3 V1-V2 V1-V3 V2-V3,6,207,V1->V0 V2->V0 V3->V0 V3->V1 V3->V2 V1-V2,V3,V0,,1,1,True,9.19160000000252e-05,0.00025933399999999995,1,5,2
4,V0-V1 V0-V2 V0-V3 V1-V2 V1-V3 V2-V3,6,207,V1->V0 V2->V0 V3->V0 V3->V1 V3->V2 V1-V2,V3,V1,,1,1,True,8.287500000003778e-05,0.0002489579999999103,1,5,2
4,V0-V1 V0-V2 V0-V3 V1-V2 V1-V3 V2-V3,6,207,V1->V0 V2->V0 V3->V0 V3->V1 V3->V2 V1-V2,V3,V2,,1,1,True,8.520800000000328e-05,0.0002476250000000846,1,5,2
4,V0-V1 V0-V2 V0-V3 V1-V2 V1-V3 V2-V3,6,207,V2->V0 V2->V1 V2->V3 V3->V0 V3->V1 V0-V1,V2,V0,,1,1,True,0.00020500000000001073,0.00028558299999992265,1,5,4
4,V0-V1 V0-V2 V0-V3 V1-V2 V1-V3 V2-V3,6,207,V2->V0 V2->V1 V2->V3 V3->V0 V3->V1 V0-V1,V2,V1,,1,1,True,0.00022608300000004355,0.0003069580000000238,1,5,4
4,V0-V1 V0-V2 V0-V3 V1-V2 V1-V3 V2-V3,6,207,V2->V0 V2->V1 V2->V3 V3->V0 V3->V1 V0-V1,V2,V3,,1,1,True,0.00019291700000001466,0.0002663330000000075,1,5,4
4,V0-V1 V0-V2 V0-V3 V1-V2 V1-V3 V2-V3,6,207,V2->V0 V2->V1 V2->V3 V3->V0 V3->V1 V0-V1,V3,V0,V2,1,1,True,9.220900000006527e-05,0.000238207999999962,1,5,2
4,V0-V1 V0-V2 V0-V3 V1-V2 V1-V3 V2-V3,6,207,V2->V0 V2->V1 V2->V3 V3->V0 V3->V1 V0-V1,V3,V1,V2,1,1,True,9.516599999992437e-05,0.00024129200000000406,1,5,2
4,V0-V1 V0-V2 V0-V3 V1-V2 V1-V3 V2-V3,6,207,V2->V0 V2->V1 V3->V0 V3->V1 V3->V2 V0-V1,V2,V0,V3,1,1,True,4.6209000000074774e-05,0.00022516599999999887,1,5,2
4,V0-V1 V0-V2 V0-V3 V1-V2 V1-V3 V2-V3,6,207,V2->V0 V2->V1 V3->V0 V3->V1 V3->V2 V0-V1,V2,V1,V3,1,1,True,4.487500000005529e-05,0.00021816699999999134,1,5,2
4,V0-V1 V0-V2 V0-V3 V1-V2 V1-V3 V2-V3,6,207,V2->V0 V2->V1 V3->V0 V3->V1 V3->V2 V0-V1,V3,V0,,1,1,True,7.933400000004198e-05,0.00022454100000002253,1,5,2
4,V0-V1 V0-V2 V0-V3 V1-V2 V1-V3 V2-V3,6,207,V2->V0 V2->V1 V3->V0 V3->V1 V3->V2 V0-V1,V3,V1,,1,1,True,8.104200000003114e-05,0.0002191670000000201,1,5,2
4,V0-V1 V0-V2 V0-V3 V1-V2 V1-V3 V2-V3,6,207,V2->V0 V2->V1 V3->V0 V3->V1 V3->V2 V0-V1,V3,V2,,1,1,True,7.395899999995681e-05,0.00021845799999997695,1,5,2
4,V0-V1 V0-V2 V0-V3 V1-V2 V1-V3 V2-V3,6,207,V0->V1 V0->V2 V0->V3 V1->V2 V1->V3 V2->V3,V0,V1,,1,1,True,0.00034716699999992606,0.00021208300000008506,1,6,4
4,V0-V1 V0-V2 V0-V3 V1-V2 V1-V3 V2-V3,6,207,V0->V1 V0->V2 V0->V3 V1->V2 V1->V3 V2->V3,V0,V2,,1,1,True,0.00035241600000002204,0.0002083339999999767,1,6,4
4,V0-V1 V0-V2 V0-V3 V1-V2 V1-V3 V2-V3,6,207,V0->V1 V0->V2 V0->V3 V1->V2 V1->V3 V2->V3,V0,V3,,1,1,True,0.0003594160000000013,0.00021604199999991636,1,6,4
4,V0-V1 V0-V2 V0-V3 V1-V2 V1-V3 V2-V3,6,207,V0->V1 V0->V2 V0->V3 V1->V2 V1->V3 V2->V3,V1,V2,V0,1,1,True,0.00018429200000003032,0.00019679100000002947,1,6,3
4,V0-V1 V0-V2 V0-V3 V1-V2 V1-V3 V2-V3,6,207,V0->V1 V0->V2 V0->V3 V1->V2 V1->V3 V2->V3,V1,V3,V0,1,1,True,0.00018249999999997435,0.00020241700000001028,1,6,3
4,V0-V1 V0-V2 V0-V3 V1-V2 V1-V3 V2-V3,6,207,V0->V1 V0->V2 V0->V3 V1->V2 V1->V3 V2->V3,V2,V3,V0|V1,1,1,True,0.00019687499999998526,0.00020537500000006315,1,6,2
4,V0-V1 V0-V2 V0-V3 V1-V2 V1-V3 V2-V3,6,207,V0->V1 V0->V2 V0->V3 V1->V2 V1->V3 V3->V2,V0,V1,,1,1,True,0.0003454159999999318,0.0002084170000000718,1,6,4
4,V0-V1 V0-V2 V0-V3 V1-V2 V1-V3 V2-V3,6,207,V0->V1 V0->V2 V0->V3 V1->V2 V1->V3 V3->V2,V0,V2,,1,1,True,0.00037074999999997527,0.0002126249999999663,1,6,4
4,V0-V1 V0-V2 V0-V3 V1-V2 V1-V3 V2-V3,6,207,V0->V1 V0->V2 V0->V3 V1->V2 V1->V3 V3->V2,V0,V3,,1,1,True,0.0003438330000000711,0.00020399999999998197,1,6,4
4,V0-V1 V0-V2 V0-V3 V1-V2 V1-V3 V2-V3,6,207,V0->V1 V0->V2 V0->V3 V1->V2 V1->V3 V3->V2,V1,V2,V0,1,1,True,0.00019420800000002902,0.0002282499999999299,1,6,3
4,V0-V1 V0-V2 V0-V3 V1-V2 V1-V3 V2-V3,6,207,V0->V1 V0->V2 V0->V3 V1->V2 V1->V3 V3->V2,V1,V3,V0,1,1,True,0.00017841600000001456,0.00019620900000005825,1,6,3
4,V0-V1 V0-V2 V0-V3 V1-V2 V1-V3 V2-V3,6,207,V0->V1 V0->V2 V0->V3 V1->V2 V1->V3 V3->V2,V3,V2,V0|V1,1,1,True,9.533299999997524e-05,0.0001734999999999376,1,6,2
4,V0-V1 V0-V2 V0-V3 V1-V2 V1-V3 V2-V3,6,207,V0->V1 V0->V2 V0->V3 V1->V2 V3->V1 V3->V2,V0,V1,,1,1,True,0.0003734169999999315,0.00020929100000000034,1,6,4
4,V0-V1 V0-V2 V0-V3 V1-V2 V1-V3 V2-V3,6,207,V0->V1 V0->V2 V0->V3 V1->V2 V3->V1 V3->V2,V0,V2,,1,1,True,0.0003648749999999312,0.00021775000000001654,1,6,4
4,V0-V1 V0-V2 V0-V3 V1-V2 V1-V3 V2-V3,6,207,V0->V1 V0->V2 V0->V3 V1->V2 V3->V1 V3->V2,V0,V3,,1,1,True,0.00033125000000000515,0.0001967080000000454,1,6,4
4,V0-V1 V0-V2 V0-V3 V1-V2 V1-V3 V2-V3,6,207,V0->V1 V0->V2 V0->V3 V1->V2 V3->V1 V3->V2,V1,V2,V0|V3,1,1,True,3.9416999999986047e-05,0.00016050000000000786,1,6,2
4,V0-V1 V0-V2 V0-V3 V1-V2 V1-V3 V2-V3,6,207,V0->V1 V0->V2 V0->V3 V1->V2 V3->V1 V3->V2,V3,V1,V0,1,1,True,8.375000000004906e-05,0.0001682079999999475,1,6,2
4,V0-V1 V0-V2 V0-V3 V1-V2 V1-V3 V2-V3,6,207,V0->V1 V0->V2 V0->V3 V1->V2 V3->V1 V3->V2,V3,V2,V0,1,1,True,8.787499999995951e-05,0.00016691599999996143,1,6,2
4,V0-V1 V0-V2 V0-V3 V1-V2 V1-V3 V2-V3,6,207,V0->V1 V0->V2 V0->V3 V1->V3 V2->V1 V2->V3,V0,V1,,1,1,True,0.0003542089999999387,0.0002135830000000727,1,6,4
4,V0-V1 V0-V2 V0-V3 V1-V2 V1-V3 V2-V3,6,207,V0->V1 V0->V2 V0->V3 V1->V3 V2->V1 V2->V3,V0,V2,,1,1,True,0.0003399580000000846,0.00020262500000001182,1,6,4
4,V0-V1 V0-V2 V0-V3 V1-V2 V1-V3 V2-V3,6,207,V0->V1 V0->V2 V0->V3 V1->V3 V2->V1 V2->V3,V0,V3,,1,1,True,0.0003558329999999721,0.00021216700000004085,1,6,4
4,V0-V1 V0-V2 V0-V3 V1-V2 V1-V3 V2-V3,6,207,V0->V1 V0->V2 V0->V3 V1->V3 V2->V1 V2->V3,V1,V3,V0|V2,1,1,True,3.983299999998913e-05,0.00016625000000003443,1,6,2
4,V0-V1 V0-V2 V0-V3 V1-V2 V1-V3 V2-V3,6,207,V0->V1 V0->V2 V0->V3 V1->V3 V2->V1 V2->V3,V2,V1,V0,1,1,True,7.841599999991455e-05,0.00017104200000006564,1,6,2
4,V0-V1 V0-V2 V0-V3 V1-V2 V1-V3 V2-V3,6,207,V0->V1 V0->V2 V0->V3 V1->V3 V2->V1 V2->V3,V2,V3,V0,1,1,True,8.624999999995442e-05,0.00017262500000003733,1,6,2
4,V0-V1 V0-V2 V0-V3 V1-V2 V1-V3 V2-V3,6,207,V0->V1 V0->V2 V0->V3 V2->V1 V2->V3 V3->V1,V0,V1,,1,1,True,0.0003675419999999985,0.00021854199999993273,1,6,4
4,V0-V1 V0-V2 V0-V3 V1-V2 V1-V3 V2-V3,6,207,V0->V1 V0->V2 V0->V3 V2->V1 V2->V3 V3->V1,V0,V2,,1,1,True,0.00033758299999997465,0.00019987500000007152,1,6,4
4,V0-V1 V0-V2 V0-V3 V1-V2 V1-V3 V2-V3,6,207,V0->V1 V0->V2 V0->V3 V2->V1 V2->V3 V3->V1,V0,V3,,1,1,True,0.00034091700000005165,0.0002098329999999926,1,6,4
4,V0-V1 V0-V2 V0-V3 V1-V2 V1-V3 V2-V3,6,207,V0->V1 V0->V2 V0->V3 V2->V1 V2->V3 V3->V1,V2,V1,V0,1,1,True,0.00012266699999996522,0.00020016600000005713,1,6,3
4,V0-V1 V0-V2 V0-V3 V1-V2 V1-V3 V2-V3,6,207,V0->V1 V0->V2 V0->V3 V2->V1 V2->V3 V3->V1,V2,V3,V0,1,1,True,0.00012133400000002847,0.0001966249999999503,1,6,3
4,V0-V1 V0-V2 V0-V3 V1-V2 V1-V3 V2-V3,6,207,V0->V1 V0->V2 V0->V3 V2->V1 V2->V3 V3->V1,V3,V1,V0|V2,1,1,True,9.562499999993257e-05,0.00017395900000005682,1,6,2
4,V0-V1 V0-V2 V0-V3 V1-V2 V1-V3 V2-V3,6,207,V0->V1 V0->V2 V0->V3 V2->V1 V3->V1 V3->V2,V0,V1,,1,1,True,0.00037208399999999475,0.00021687500000000526,1,6,4
4,V0-V1 V0-V2 V0-V3 V1-V2 V1-V3 V2-V3,6,207,V0->V1 V0->V2 V0->V3 V2->V1 V3->V1 V3->V2,V0,V2,,1,1,True,0.0003482499999999389,0.00020887499999999726,1,6,4
4,V0-V1 V0-V2 V0-V3 V1-V2 V1-V3 V2-V3,6,207,V0->V1 V0->V2 V0->V3 V2->V1 V3->V1 V3->V2,V0,V3,,1,1,True,0.00034029099999999257,0.00020141699999998153,1,6,4
4,V0-V1 V0-V2 V0-V3 V1-V2 V1-V3 V2-V3,6,207,V0->V1 V0->V2 V0->V3 V2->V1 V3->V1 V3->V2,V2,V1,V0|V3,1,1,True,3.8333000000001505e-05,0.00016458299999999593,1,6,2
4,V0-V1 V0-V2 V0-V3 V1-V2 V1-V3 V2-V3,6,207,V0->V1 V0->V2 V0->V3 V2->V1 V3->V1 V3->V2,V3,V1,V0,1,1,True,8.599999999991947e-05,0.0001714999999999911,1,6,2
4,V0-V1 V0-V2 V0-V3 V1-V2 V1-V3 V2-V3,6,207,V0->V1 V0->V2 V0->V3 V2->V1 V3->V1 V3->V2,V3,V2,V0,1,1,True,8.779199999997545e-05,0.00017145800000006872,1,6,2
4,V0-V1 V0-V2 V0-V3 V1-V2 V1-V3 V2-V3,6,207,V0->V1 V0->V2 V1->V2 V3->V0 V3->V1 V3->V2,V0,V1,V3,1,1,True,4.016699999997986e-05,0.00016558299999991366,1,6,2
4,V0-V1 V0-V2 V0-V3 V1-V2 V1-V3 V2-V3,6,207,V0->V1 V0->V2 V1->V2 V3->V0 V3->V1 V3->V2,V0,V2,V3,1,1,True,4.1292000000026086e-05,0.00016058299999999193,1,6,2
4,V0-V1 V0-V2 V0-V3 V1-V2 V1-V3 V2-V3,6,207,V0->V1 V0->V2 V1->V2 V3->V0 V3->V1 V3->V2,V1,V2,V0|V3,1,1,True,7.816599999999063e-05,0.0002019169999999404,1,6,3
4,V0-V1 V0-V2 V0-V3 V1-V2 V1-V3 V2-V3,6,207,V0->V1 V0->V2 V1->V2 V3->V0 V3->V1 V3->V2,V3,V0,,1,1,True,7.695900000004308e-05,0.00016416600000002113,1,6,2
4,V0-V1 V0-V2 V0-V3 V1-V2 V1-V3 V2-V3,6,207,V0->V1 V0->V2 V1->V2 V3->V0 V3->V1 V3->V2,V3,V1,,1,1,True,8.083300000005789e-05,0.00016458399999996765,1,6,2
4,V0-V1 V0-V2 V0-V3 V1-V2 V1-V3 V2-V3,6,207,V0->V1 V0->V2 V1->V2 V3->V0 V3->V1 V3->V2,V3,V2,,1,1,True,9.287499999999227e-05,0.00016599999999999948,1,6,2
4,V0-V1 V0-V2 V0-V3 V1-V2 V1-V3 V2-V3,6,207,V0->V1 V0->V2 V2->V1 V3->V0 V3->V1 V3->V2,V0,V1,V3,1,1,True,4.112499999997521e-05,0.00016329100000000984,1,6,2
4,V0-V1 V0-V2 V0-V3 V1-V2 V1-V3 V2-V3,6,207,V0->V1 V0->V2 V2->V1 V3->V0 V3->V1 V3->V2,V0,V2,V3,1,1,True,4.0124999999946453e-05,0.0001588340000000521,1,6,2
4,V0-V1 V0-V2 V0-V3 V1-V2 V1-V3 V2-V3,6,207,V0->V1 V0->V2 V2->V1 V3->V0 V3->V1 V3->V2,V2,V1,V0|V3,1,1,True,6.620800000001204e-05,0.00019445800000006397,1,6,3
4,V0-V1 V0-V2 V0-V3 V1-V2 V1-V3 V2-V3,6,207,V0->V1 V0->V2 V2->V1 V3->V0 V3->V1 V3->V2,V3,V0,,1,1,True,7.650000000003487e-05,0.0001639580000000196,1,6,2
4,V0-V1 V0-V2 V0-V3 V1-V2 V1-V3 V2-V3,6,207,V0->V1 V0->V2 V2->V1 V3->V0 V3->V1 V3->V2,V3,V1,,1,1,True,8.483300000006189e-05,0.0001671669999999681,1,6,2
4,V0-V1 V0-V2 V0-V3 V1-V2 V1-V3 V2-V3,6,207,V0->V1 V0->V2 V2->V1 V3->V0 V3->V1 V3->V2,V3,V2,,1,1,True,8.375000000004906e-05,0.00016795799999991257,1,6,2
4,V0-V1 V0-V2 V0-V3 V1-V2 V1-V3 V2-V3,6,207,V0->V1 V0->V3 V1->V3 V2->V0 V2->V1 V2->V3,V0,V1,V2,1,1,True,4.0332999999947994e-05,0.0001684590000000652,1,6,2
4,V0-V1 V0-V2 V0-V3 V1-V2 V1-V3 V2-V3,6,207,V0->V1 V0->V3 V1->V3 V2->V0 V2->V1 V2->V3,V0,V3,V2,1,1,True,3.9291999999968574e-05,0.00015929100000000584,1,6,2
4,V0-V1 V0-V2 V0-V3 V1-V2 V1-V3 V2-V3,6,207,V0->V1 V0->V3 V1->V3 V2->V0 V2->V1 V2->V3,V1,V3,V0|V2,1,1,True,7.629200000003333e-05,0.0002061659999998966,1,6,3
4,V0-V1 V0-V2 V0-V3 V1-V2 V1-V3 V2-V3,6,207,V0->V1 V0->V3 V1->V3 V2->V0 V2->V1 V2->V3,V2,V0,,1,1,True,6.912500000000321e-05,0.0001642910000000386,1,6,2
4,V0-V1 V0-V2 V0-V3 V1-V2 V1-V3 V2-V3,6,207,V0->V1 V0->V3 V1->V3 V2->V0 V2->V1 V2->V3,V2,V1,,1,1,True,7.266699999997073e-05,0.00016300000000002424,1,6,2
4,V0-V1 V0-V2 V0-V3 V1-V2 V1-V3 V2-V3,6,207,V0->V1 V0->V3 V1->V3 V2->V0 V2->V1 V2->V3,V2,V3,,1,1,True,8.129099999998335e-05,0.00016416699999999285,1,6,2
4,V0-V1 V0-V2 V0-V3 V1-V2 V1-V3 V2-V3,6,207,V0->V1 V0->V3 V2->V0 V2->V1 V2->V3 V3->V1,V0,V1,V2,1,1,True,5.608400000001179e-05,0.00018283299999999336,1,6,3
4,V0-V1 V0-V2 V0-V3 V1-V2 V1-V3 V2-V3,6,207,V0->V1 V0->V3 V2->V0 V2->V1 V2->V3 V3->V1,V0,V3,V2,1,1,True,5.4332999999906484e-05,0.0001771670000000336,1,6,3
4,V0-V1 V0-V2 V0-V3 V1-V2 V1-V3 V2-V3,6,207,V0->V1 V0->V3 V2->V0 V2->V1 V2->V3 V3->V1,V2,V0,,1,1,True,7.875000000001631e-05,0.00017500000000003624,1,6,3
4,V0-V1 V0-V2 V0-V3 V1-V2 V1-V3 V2-V3,6,207,V0->V1 V0->V3 V2->V0 V2->V1 V2->V3 V3->V1,V2,V1,,1,1,True,8.820800000008955e-05,0.0001819169999999204,1,6,3
4,V0-V1 V0-V2 V0-V3 V1-V2 V1-V3 V2-V3,6,207,V0->V1 V0->V3 V2->V0 V2->V1 V2->V3 V3->V1,V2,V3,,1,1,True,9.15419999999445e-05,0.0001790830000000243,1,6,3
4,V0-V1 V0-V2 V0-V3 V1-V2 V1-V3 V2-V3,6,207,V0->V1 V0->V3 V2->V0 V2->V1 V2->V3 V3->V1,V3,V1,V0|V2,1,1,True,9.733300000003275e-05,0.00016904200000000813,1,6,2
4,V0-V1 V0-V2 V0-V3 V1-V2 V1-V3 V2-V3,6,207,V0->V1 V2->V0 V2->V1 V2->V3 V3->V0 V3->V1,V0,V1,V2|V3,1,1,True,4.0333000000059016e-05,0.00016091699999998266,1,6,2
4,V0-V1 V0-V2 V0-V3 V1-V2 V1-V3 V2-V3,6,207,V0->V1 V2->V0 V2->V1 V2->V3 V3->V0 V3->V1,V2,V0,,1,1,True,0.00013495900000004557,0.00018399999999996197,1,6,3
4,V0-V1 V0-V2 V0-V3 V1-V2 V1-V3 V2-V3,6,207,V0->V1 V2->V0 V2->V1 V2->V3 V3->V0 V3->V1,V2,V1,,1,1,True,0.00015270899999997312,0.00018887499999997726,1,6,3
4,V0-V1 V0-V2 V0-V3 V1-V2 V1-V3 V2-V3,6,207,V0->V1 V2->V0 V2->V1 V2->V3 V3->V0 V3->V1,V2,V3,,1,1,True,0.00013866699999998122,0.00017987500000005152,1,6,3
4,V0-V1 V0-V2 V0-V3 V1-V2 V1-V3 V2-V3,6,207,V0->V1 V2->V0 V2->V1 V2->V3 V3->V0 V3->V1,V3,V0,V2,1,1,True,8.379199999997144e-05,0.0001614580000000032,1,6,2
4,V0-V1 V0-V2 V0-V3 V1-V2 V1-V3 V2-V3,6,207,V0->V1 V2->V0 V2->V1 V2->V3 V3->V0 V3->V1,V3,V1,V2,1,1,True,9.187500000007454e-05,0.0002170419999999451,1,6,2
4,V0-V1 V0-V2 V0-V3 V1-V2 V1-V3 V2-V3,6,207,V0->V1 V2->V0 V2->V1 V3->V0 V3->V1 V3->V2,V0,V1,V2|V3,1,1,True,6.20420000000399e-05,0.00018887499999997726,1,6,3
4,V0-V1 V0-V2 V0-V3 V1-V2 V1-V3 V2-V3,6,207,V0->V1 V2->V0 V2->V1 V3->V0 V3->V1 V3->V2,V2,V0,V3,1,1,True,3.779199999998095e-05,0.00015654099999995452,1,6,2
4,V0-V1 V0-V2 V0-V3 V1-V2 V1-V3 V2-V3,6,207,V0->V1 V2->V0 V2->V1 V3->V0 V3->V1 V3->V2,V2,V1,V3,1,1,True,3.858400000000817e-05,0.00015604099999999566,1,6,2
4,V0-V1 V0-V2 V0-V3 V1-V2 V1-V3 V2-V3,6,207,V0->V1 V2->V0 V2->V1 V3->V0 V3->V1 V3->V2,V3,V0,,1,1,True,7.962500000002759e-05,0.0001623330000000145,1,6,2
4,V0-V1 V0-V2 V0-V3 V1-V2 V1-V3 V2-V3,6,207,V0->V1 V2->V0 V2->V1 V3->V0 V3->V1 V3->V2,V3,V1,,1,1,True,8.495900000005108e-05,0.00016525000000000567,1,6,2
4,V0-V1 V0-V2 V0-V3 V1-V2 V1-V3 V2-V3,6,207,V0->V1 V2->V0 V2->V1 V3->V0 V3->V1 V3->V2,V3,V2,,1,1,True,7.91249999999577e-05,0.0001590830000000043,1,6,2
4,V0-V1 V0-V2 V0-V3 V1-V2 V1-V3 V2-V3,6,207,V0->V2 V0->V3 V1->V0 V1->V2 V1->V3 V2->V3,V0,V2,V1,1,1,True,5.783300000006264e-05,0.00018370899999997636,1,6,3
4,V0-V1 V0-V2 V0-V3 V1-V2 V1-V3 V2-V3,6,207,V0->V2 V0->V3 V1->V0 V1->V2 V1->V3 V2->V3,V0,V3,V1,1,1,True,5.554200000001952e-05,0.00017770799999994313,1,6,3
4,V0-V1 V0-V2 V0-V3 V1-V2 V1-V3 V2-V3,6,207,V0->V2 V0->V3 V1->V0 V1->V2 V1->V3 V2->V3,V1,V0,,1,1,True,7.395800000009611e-05,0.00017608399999990976,1,6,3
4,V0-V1 V0-V2 V0-V3 V1-V2 V1-V3 V2-V3,6,207,V0->V2 V0->V3 V1->V0 V1->V2 V1->V3 V2->V3,V1,V2,,1,1,True,8.320899999991749e-05,0.00018079100000001347,1,6,3
4,V0-V1 V0-V2 V0-V3 V1-V2 V1-V3 V2-V3,6,207,V0->V2 V0->V3 V1->V0 V1->V2 V1->V3 V2->V3,V1,V3,,1,1,True,0.00010179200000004496,0.00019262500000005733,1,6,3
4,V0-V1 V0-V2 V0-V3 V1-V2 V1-V3 V2-V3,6,207,V0->V2 V0->V3 V1->V0 V1->V2 V1->V3 V2->V3,V2,V3,V0|V1,1,1,True,0.00014791599999997018,0.00017612500000008247,1,6,2
4,V0-V1 V0-V2 V0-V3 V1-V2 V1-V3 V2-V3,6,207,V0->V2 V0->V3 V1->V0 V1->V2 V1->V3 V3->V2,V0,V2,V1,1,1,True,5.729200000004209e-05,0.00018337499999998563,1,6,3
4,V0-V1 V0-V2 V0-V3 V1-V2 V1-V3 V2-V3,6,207,V0->V2 V0->V3 V1->V0 V1->V2 V1->V3 V3->V2,V0,V3,V1,1,1,True,5.562500000000359e-05,0.00017933299999994823,1,6,3
4,V0-V1 V0-V2 V0-V3 V1-V2 V1-V3 V2-V3,6,207,V0->V2 V0->V3 V1->V0 V1->V2 V1->V3 V3->V2,V1,V0,,1,1,True,7.520900000002051e-05,0.00017895800000000683,1,6,3
4,V0-V1 V0-V2 V0-V3 V1-V2 V1-V3 V2-V3,6,207,V0->V2 V0->V3 V1->V0 V1->V2 V1->V3 V3->V2,V1,V2,,1,1,True,8.574999999999555e-05,0.00018241600000001856,1,6,3
4,V0-V1 V0-V2 V0-V3 V1-V2 V1-V3 V2-V3,6,207,V0->V2 V0->V3 V1->V0 V1->V2 V1->V3 V3->V2,V1,V3,,1,1,True,8.908400000007255e-05,0.00017754100000000328,1,6,3
4,V0-V1 V0-V2 V0-V3 V1-V2 V1-V3 V2-V3,6,207,V0->V2 V0->V3 V1->V0 V1->V2 V1->V3 V3->V2,V3,V2,V0|V1,1,1,True,9.529100000005286e-05,0.00018324999999996816,1,6,2
4,V0-V1 V0-V2 V0-V3 V1-V2 V1-V3 V2-V3,6,207,V0->V2 V1->V0 V1->V2 V1->V3 V3->V0 V3->V2,V0,V2,V1|V3,1,1,True,4.2750000000091326e-05,0.00016566600000000875,1,6,2
4,V0-V1 V0-V2 V0-V3 V1-V2 V1-V3 V2-V3,6,207,V0->V2 V1->V0 V1->V2 V1->V3 V3->V0 V3->V2,V1,V0,,1,1,True,0.00013779199999996994,0.00019437499999996888,1,6,3
4,V0-V1 V0-V2 V0-V3 V1-V2 V1-V3 V2-V3,6,207,V0->V2 V1->V0 V1->V2 V1->V3 V3->V0 V3->V2,V1,V2,,1,1,True,0.00015387499999997,0.00019062499999999982,1,6,3
4,V0-V1 V0-V2 V0-V3 V1-V2 V1-V3 V2-V3,6,207,V0->V2 V1->V0 V1->V2 V1->V3 V3->V0 V3->V2,V1,V3,,1,1,True,0.00013779099999999822,0.0001811670000000376,1,6,3
4,V0-V1 V0-V2 V0-V3 V1-V2 V1-V3 V2-V3,6,207,V0->V2 V1->V0 V1->V2 V1->V3 V3->V0 V3->V2,V3,V0,V1,1,1,True,8.387499999995551e-05,0.0001628340000000561,1,6,2
4,V0-V1 V0-V2 V0-V3 V1-V2 V1-V3 V2-V3,6,207,V0->V2 V1->V0 V1->V2 V1->V3 V3->V0 V3->V2,V3,V2,V1,1,1,True,8.820900000006127e-05,0.0001651249999999882,1,6,2
4,V0-V1 V0-V2 V0-V3 V1-V2 V1-V3 V2-V3,6,207,V0->V2 V1->V0 V1->V2 V3->V0 V3->V1 V3->V2,V0,V2,V1|V3,1,1,True,6.025000000009495e-05,0.00018291699999994915,1,6,3
4,V0-V1 V0-V2 V0-V3 V1-V2 V1-V3 V2-V3,6,207,V0->V2 V1->V0 V1->V2 V3->V0 V3->V1 V3->V2,V1,V0,V3,1,1,True,3.825000000001744e-05,0.0001567500000000388,1,6,2
4,V0-V1 V0-V2 V0-V3 V1-V2 V1-V3 V2-V3,6,207,V0->V2 V1->V0 V1->V2 V3->V0 V3->V1 V3->V2,V1,V2,V3,1,1,True,3.841699999995729e-05,0.00015904199999994262,1,6,2
4,V0-V1 V0-V2 V0-V3 V1-V2 V1-V3 V2-V3,6,207,V0->V2 V1->V0 V1->V2 V3->V0 V3->V1 V3->V2,V3,V0,,1,1,True,7.80420000000559e-05,0.00016237499999993688,1,6,2
4,V0-V1 V0-V2 V0-V3 V1-V2 V1-V3 V2-V3,6,207,V0->V2 V1->V0 V1->V2 V3->V0 V3->V1 V3->V2,V3,V1,,1,1,True,7.741699999996854e-05,0.00015941600000002332,1,6,2
4,V0-V1 V0-V2 V0-V3 V1-V2 V1-V3 V2-V3,6,207,V0->V2 V1->V0 V1->V2 V3->V0 V3->V1 V3->V2,V3,V2,,1,1,True,8.462499999994932e-05,0.0001623330000000145,1,6,2
4,V0-V1 V0-V2 V0-V3 V1-V2 V1-V3 V2-V3,6,207,V0->V3 V1->V0 V1->V2 V1->V3 V2->V0 V2->V3,V0,V3,V1|V2,1,1,True,4.20420000000199e-05,0.0001650409999999214,1,6,2
4,V0-V1 V0-V2 V0-V3 V1-V2 V1-V3 V2-V3,6,207,V0->V3 V1->V0 V1->V2 V1->V3 V2->V0 V2->V3,V1,V0,,1,1,True,0.0001351250000000137,0.00018649999999997835,1,6,3
4,V0-V1 V0-V2 V0-V3 V1-V2 V1-V3 V2-V3,6,207,V0->V3 V1->V0 V1->V2 V1->V3 V2->V0 V2->V3,V1,V2,,1,1,True,0.00013337499999999114,0.00018137499999992812,1,6,3
4,V0-V1 V0-V2 V0-V3 V1-V2 V1-V3 V2-V3,6,207,V0->V3 V1->V0 V1->V2 V1->V3 V2->V0 V2->V3,V1,V3,,1,1,True,0.00015658399999995964,0.00022716599999994536,1,6,3
4,V0-V1 V0-V2 V0-V3 V1-V2 V1-V3 V2-V3,6,207,V0->V3 V1->V0 V1->V2 V1->V3 V2->V0 V2->V3,V2,V0,V1,1,1,True,8.495899999994005e-05,0.00016879100000000147,1,6,2
4,V0-V1 V0-V2 V0-V3 V1-V2 V1-V3 V2-V3,6,207,V0->V3 V1->V0 V1->V2 V1->V3 V2->V0 V2->V3,V2,V3,V1,1,1,True,9.045799999995996e-05,0.00016833299999996498,1,6,2
4,V0-V1 V0-V2 V0-V3 V1-V2 V1-V3 V2-V3,6,207,V0->V3 V1->V0 V1->V3 V2->V0 V2->V1 V2->V3,V0,V3,V1|V2,1,1,True,6.158299999992067e-05,0.00018737499999998963,1,6,3
4,V0-V1 V0-V2 V0-V3 V1-V2 V1-V3 V2-V3,6,207,V0->V3 V1->V0 V1->V3 V2->V0 V2->V1 V2->V3,V1,V0,V2,1,1,True,3.841699999995729e-05,0.00015929100000000584,1,6,2
4,V0-V1 V0-V2 V0-V3 V1-V2 V1-V3 V2-V3,6,207,V0->V3 V1->V0 V1->V3 V2->V0 V2->V1 V2->V3,V1,V3,V2,1,1,True,3.9290999999996856e-05,0.00016141700000005255,1,6,2
4,V0-V1 V0-V2 V0-V3 V1-V2 V1-V3 V2-V3,6,207,V0->V3 V1->V0 V1->V3 V2->V0 V2->V1 V2->V3,V2,V0,,1,1,True,7.445899999991568e-05,0.00016199999999999548,1,6,2
4,V0-V1 V0-V2 V0-V3 V1-V2 V1-V3 V2-V3,6,207,V0->V3 V1->V0 V1->V3 V2->V0 V2->V1 V2->V3,V2,V1,,1,1,True,7.295899999992805e-05,0.00016216600000007464,1,6,2
4,V0-V1 V0-V2 V0-V3 V1-V2 V1-V3 V2-V3,6,207,V0->V3 V1->V0 V1->V3 V2->V0 V2->V1 V2->V3,V2,V3,,1,1,True,8.370800000001566e-05,0.00016291700000004017,1,6,2
4,V0-V1 V0-V2 V0-V3 V1-V2 V1-V3 V2-V3,6,207,V1->V0 V1->V2 V1->V3 V2->V0 V2->V3 V3->V0,V1,V0,,1,1,True,0.00028733300000005624,0.0002205829999999409,1,6,4
4,V0-V1 V0-V2 V0-V3 V1-V2 V1-V3 V2-V3,6,207,V1->V0 V1->V2 V1->V3 V2->V0 V2->V3 V3->V0,V1,V2,,1,1,True,0.0002639169999999469,0.0002018329999999846,1,6,4
4,V0-V1 V0-V2 V0-V3 V1-V2 V1-V3 V2-V3,6,207,V1->V0 V1->V2 V1->V3 V2->V0 V2->V3 V3->V0,V1,V3,,1,1,True,0.00026687499999999975,0.0002078329999999351,1,6,4
4,V0-V1 V0-V2 V0-V3 V1-V2 V1-V3 V2-V3,6,207,V1->V0 V1->V2 V1->V3 V2->V0 V2->V3 V3->V0,V2,V0,V1,1,1,True,0.00012112500000005522,0.0002031249999999707,1,6,3
4,V0-V1 V0-V2 V0-V3 V1-V2 V1-V3 V2-V3,6,207,V1->V0 V1->V2 V1->V3 V2->V0 V2->V3 V3->V0,V2,V3,V1,1,1,True,0.00012370799999994464,0.000197541999999995,1,6,3
4,V0-V1 V0-V2 V0-V3 V1-V2 V1-V3 V2-V3,6,207,V1->V0 V1->V2 V1->V3 V2->V0 V2->V3 V3->V0,V3,V0,V1|V2,1,1,True,9.266699999999073e-05,0.00017299999999997873,1,6,2
4,V0-V1 V0-V2 V0-V3 V1-V2 V1-V3 V2-V3,6,207,V1->V0 V1->V2 V1->V3 V2->V0 V3->V0 V3->V2,V1,V0,,1,1,True,0.0003145829999999794,0.00023295800000000533,1,6,4
4,V0-V1 V0-V2 V0-V3 V1-V2 V1-V3 V2-V3,6,207,V1->V0 V1->V2 V1->V3 V2->V0 V3->V0 V3->V2,V1,V2,,1,1,True,0.00028679099999995294,0.00020891700000003066,1,6,4
4,V0-V1 V0-V2 V0-V3 V1-V2 V1-V3 V2-V3,6,207,V1->V0 V1->V2 V1->V3 V2->V0 V3->V0 V3->V2,V1,V3,,1,1,True,0.00026049999999999685,0.00020145900000001493,1,6,4
4,V0-V1 V0-V2 V0-V3 V1-V2 V1-V3 V2-V3,6,207,V1->V0 V1->V2 V1->V3 V2->V0 V3->V0 V3->V2,V2,V0,V1|V3,1,1,True,3.866600000002052e-05,0.00017233400000005172,1,6,2
4,V0-V1 V0-V2 V0-V3 V1-V2 V1-V3 V2-V3,6,207,V1->V0 V1->V2 V1->V3 V2->V0 V3->V0 V3->V2,V3,V0,V1,1,1,True,8.929199999996307e-05,0.00017008299999998755,1,6,2
4,V0-V1 V0-V2 V0-V3 V1-V2 V1-V3 V2-V3,6,207,V1->V0 V1->V2 V1->V3 V2->V0 V3->V0 V3->V2,V3,V2,V1,1,1,True,8.820900000006127e-05,0.000168665999999984,1,6,2
4,V0-V1 V0-V2 V0-V3 V1-V2 V1-V3 V2-V3,6,207,V1->V0 V1->V2 V2->V0 V3->V0 V3->V1 V3->V2,V1,V0,V3,1,1,True,4.133299999997675e-05,0.00016424999999997691,1,6,2
4,V0-V1 V0-V2 V0-V3 V1-V2 V1-V3 V2-V3,6,207,V1->V0 V1->V2 V2->V0 V3->V0 V3->V1 V3->V2,V1,V2,V3,1,1,True,3.987500000002253e-05,0.0001607500000000428,1,6,2
4,V0-V1 V0-V2 V0-V3 V1-V2 V1-V3 V2-V3,6,207,V1->V0 V1->V2 V2->V0 V3->V0 V3->V1 V3->V2,V2,V0,V1|V3,1,1,True,7.020800000001604e-05,0.00019466700000003723,1,6,3
4,V0-V1 V0-V2 V0-V3 V1-V2 V1-V3 V2-V3,6,207,V1->V0 V1->V2 V2->V0 V3->V0 V3->V1 V3->V2,V3,V0,,1,1,True,8.47499999999668e-05,0.0001672090000000015,1,6,2
4,V0-V1 V0-V2 V0-V3 V1-V2 V1-V3 V2-V3,6,207,V1->V0 V1->V2 V2->V0 V3->V0 V3->V1 V3->V2,V3,V1,,1,1,True,7.82910000000081e-05,0.0001627499999999893,1,6,2
4,V0-V1 V0-V2 V0-V3 V1-V2 V1-V3 V2-V3,6,207,V1->V0 V1->V2 V2->V0 V3->V0 V3->V1 V3->V2,V3,V2,,1,1,True,8.291599999998844e-05,0.00018191700000003141,1,6,2
4,V0-V1 V0-V2 V0-V3 V1-V2 V1-V3 V2-V3,6,207,V1->V0 V1->V3 V2->V0 V2->V1 V2->V3 V3->V0,V1,V0,V2,1,1,True,5.575000000002106e-05,0.0001911249999999587,1,6,3
4,V0-V1 V0-V2 V0-V3 V1-V2 V1-V3 V2-V3,6,207,V1->V0 V1->V3 V2->V0 V2->V1 V2->V3 V3->V0,V1,V3,V2,1,1,True,5.3707999999930145e-05,0.00018145899999999493,1,6,3
4,V0-V1 V0-V2 V0-V3 V1-V2 V1-V3 V2-V3,6,207,V1->V0 V1->V3 V2->V0 V2->V1 V2->V3 V3->V0,V2,V0,,1,1,True,9.229200000004933e-05,0.00018812499999998344,1,6,3
4,V0-V1 V0-V2 V0-V3 V1-V2 V1-V3 V2-V3,6,207,V1->V0 V1->V3 V2->V0 V2->V1 V2->V3 V3->V0,V2,V1,,1,1,True,8.249999999998536e-05,0.00018033400000005972,1,6,3
4,V0-V1 V0-V2 V0-V3 V1-V2 V1-V3 V2-V3,6,207,V1->V0 V1->V3 V2->V0 V2->V1 V2->V3 V3->V0,V2,V3,,1,1,True,9.504100000001792e-05,0.0001835420000000365,1,6,3
4,V0-V1 V0-V2 V0-V3 V1-V2 V1-V3 V2-V3,6,207,V1->V0 V1->V3 V2->V0 V2->V1 V2->V3 V3->V0,V3,V0,V1|V2,1,1,True,9.679100000004048e-05,0.00017258399999997565,1,6,2
4,V0-V1 V0-V2 V0-V3 V1-V2 V1-V3 V2-V3,6,207,V1->V0 V2->V0 V2->V1 V2->V3 V3->V0 V3->V1,V1,V0,V2|V3,1,1,True,4.045800000007649e-05,0.00016845799999998246,1,6,2
4,V0-V1 V0-V2 V0-V3 V1-V2 V1-V3 V2-V3,6,207,V1->V0 V2->V0 V2->V1 V2->V3 V3->V0 V3->V1,V2,V0,,1,1,True,0.00016012499999995544,0.00019625000000000892,1,6,3
4,V0-V1 V0-V2 V0-V3 V1-V2 V1-V3 V2-V3,6,207,V1->V0 V2->V0 V2->V1 V2->V3 V3->V0 V3->V1,V2,V1,,1,1,True,0.00013766699999995247,0.00019245800000000646,1,6,3
4,V0-V1 V0-V2 V0-V3 V1-V2 V1-V3 V2-V3,6,207,V1->V0 V2->V0 V2->V1 V2->V3 V3->V0 V3->V1,V2,V3,,1,1,True,0.0001407920000000562,0.00018324999999996816,1,6,3
4,V0-V1 V0-V2 V0-V3 V1-V2 V1-V3 V2-V3,6,207,V1->V0 V2->V0 V2->V1 V2->V3 V3->V0 V3->V1,V3,V0,V2,1,1,True,9.150000000002212e-05,0.00016966600000001275,1,6,2
4,V0-V1 V0-V2 V0-V3 V1-V2 V1-V3 V2-V3,6,207,V1->V0 V2->V0 V2->V1 V2->V3 V3->V0 V3->V1,V3,V1,V2,1,1,True,8.687499999993076e-05,0.00016370800000009567,1,6,2
4,V0-V1 V0-V2 V0-V3 V1-V2 V1-V3 V2-V3,6,207,V1->V0 V2->V0 V2->V1 V3->V0 V3->V1 V3->V2,V1,V0,V2|V3,1,1,True,5.966599999995825e-05,0.00018641699999999428,1,6,3
4,V0-V1 V0-V2 V0-V3 V1-V2 V1-V3 V2-V3,6,207,V1->V0 V2->V0 V2->V1 V3->V0 V3->V1 V3->V2,V2,V0,V3,1,1,True,3.954200000000352e-05,0.0001611670000000176,1,6,2
4,V0-V1 V0-V2 V0-V3 V1-V2 V1-V3 V2-V3,6,207,V1->V0 V2->V0 V2->V1 V3->V0 V3->V1 V3->V2,V2,V1,V3,1,1,True,3.779199999998095e-05,0.0001567080000000054,1,6,2
4,V0-V1 V0-V2 V0-V3 V1-V2 V1-V3 V2-V3,6,207,V1->V0 V2->V0 V2->V1 V3->V0 V3->V1 V3->V2,V3,V0,,1,1,True,8.641699999989427e-05,0.00017258300000000393,1,6,2
4,V0-V1 V0-V2 V0-V3 V1-V2 V1-V3 V2-V3,6,207,V1->V0 V2->V0 V2->V1 V3->V0 V3->V1 V3->V2,V3,V1,,1,1,True,8.104100000005943e-05,0.00016491699999998666,1,6,2
4,V0-V1 V0-V2 V0-V3 V1-V2 V1-V3 V2-V3,6,207,V1->V0 V2->V0 V2->V1 V3->V0 V3->V1 V3->V2,V3,V2,,1,1,True,8.087499999998027e-05,0.00016291699999992915,1,6,2
4,V0-V1 V0-V2 V0-V3 V1-V2 V2-V3,5,50,V0->V1 V0->V2 V0->V3 V1-V2 V2-V3,V0,V1,,1,1,True,0.00010304200000010866,0.0002875419999999185,1,3,2
4,V0-V1 V0-V2 V0-V3 V1-V2 V2-V3,5,50,V0->V1 V0->V2 V0->V3 V1-V2 V2-V3,V0,V2,,1,1,True,9.695800000009136e-05,0.00027650000000001285,1,3,2
4,V0-V1 V0-V2 V0-V3 V1-V2 V2-V3,5,50,V0->V1 V0->V2 V0->V3 V1-V2 V2-V3,V0,V3,,1,1,True,9.649999999994385e-05,0.00027245799999997544,1,3,2
4,V0-V1 V0-V2 V0-V3 V1-V2 V2-V3,5,50,V0->V1 V0->V2 V2->V1 V0-V3 V2-V3,V2,V1,V0,1,1,True,5.3166000000048896e-05,0.00022349999999993209,1,3,2
4,V0-V1 V0-V2 V0-V3 V1-V2 V2-V3,5,50,V0->V1 V2->V0 V2->V1 V0-V3 V2-V3,V0,V1,V2,1,1,True,3.6083000000131094e-05,0.00021287499999989024,1,3,2
4,V0-V1 V0-V2 V0-V3 V1-V2 V2-V3,5,50,V0->V2 V0->V3 V2->V3 V0-V1 V1-V2,V2,V3,V0,1,1,True,9.479200000006571e-05,0.00023758299999987464,1,3,2
4,V0-V1 V0-V2 V0-V3 V1-V2 V2-V3,5,50,V0->V3 V2->V0 V2->V3 V0-V1 V1-V2,V0,V3,V2,1,1,True,3.4582999999921427e-05,0.00021249999999994884,1,3,2
4,V0-V1 V0-V2 V0-V3 V1-V2 V2-V3,5,50,V2->V0 V2->V1 V2->V3 V0-V1 V0-V3,V2,V0,,1,1,True,5.533400000001798e-05,0.0002685829999999889,1,3,2
4,V0-V1 V0-V2 V0-V3 V1-V2 V2-V3,5,50,V2->V0 V2->V1 V2->V3 V0-V1 V0-V3,V2,V1,,1,1,True,8.329200000001258e-05,0.00028433299999996997,1,3,2
4,V0-V1 V0-V2 V0-V3 V1-V2 V2-V3,5,50,V2->V0 V2->V1 V2->V3 V0-V1 V0-V3,V2,V3,,1,1,True,5.7667000000094504e-05,0.0002642499999998549,1,3,2
4,V0-V1 V0-V2 V0-V3 V1-V2 V2-V3,5,50,V0->V1 V0->V2 V0->V3 V2->V1 V2-V3,V0,V1,,1,1,True,0.00013575000000010107,0.00022662500000003583,1,4,3
4,V0-V1 V0-V2 V0-V3 V1-V2 V2-V3,5,50,V0->V1 V0->V2 V0->V3 V2->V1 V2-V3,V0,V2,,1,1,True,0.00012379199999990043,0.00021641599999999706,1,4,3
4,V0-V1 V0-V2 V0-V3 V1-V2 V2-V3,5,50,V0->V1 V0->V2 V0->V3 V2->V1 V2-V3,V0,V3,,1,1,True,0.00012183399999998734,0.00021495799999993181,1,4,3
4,V0-V1 V0-V2 V0-V3 V1-V2 V2-V3,5,50,V0->V1 V0->V2 V0->V3 V2->V1 V2-V3,V2,V1,V0,1,1,True,5.141600000002633e-05,0.0001879590000000153,1,4,2
4,V0-V1 V0-V2 V0-V3 V1-V2 V2-V3,5,50,V0->V1 V0->V2 V0->V3 V2->V3 V1-V2,V0,V1,,1,1,True,0.00012858299999995992,0.0002215830000000807,1,4,3
4,V0-V1 V0-V2 V0-V3 V1-V2 V2-V3,5,50,V0->V1 V0->V2 V0->V3 V2->V3 V1-V2,V0,V2,,1,1,True,0.00012270799999991588,0.00021724999999994665,1,4,3
4,V0-V1 V0-V2 V0-V3 V1-V2 V2-V3,5,50,V0->V1 V0->V2 V0->V3 V2->V3 V1-V2,V0,V3,,1,1,True,0.00012512500000005922,0.00021945799999989468,1,4,3
4,V0-V1 V0-V2 V0-V3 V1-V2 V2-V3,5,50,V0->V1 V0->V2 V0->V3 V2->V3 V1-V2,V2,V3,V0,1,1,True,0.0001079580000000746,0.00020449999999994084,1,4,2
4,V0-V1 V0-V2 V0-V3 V1-V2 V2-V3,5,50,V0->V1 V0->V2 V2->V1 V3->V2 V0-V3,V2,V1,V0,1,1,True,8.483400000014463e-05,0.0002020829999997975,1,4,3
4,V0-V1 V0-V2 V0-V3 V1-V2 V2-V3,5,50,V0->V1 V2->V0 V2->V1 V2->V3 V0-V3,V0,V1,V2,1,1,True,5.1374999999964643e-05,0.0002073329999998652,1,4,3
4,V0-V1 V0-V2 V0-V3 V1-V2 V2-V3,5,50,V0->V1 V2->V0 V2->V1 V2->V3 V0-V3,V2,V0,,1,1,True,5.5291999999873553e-05,0.00019645800000001046,1,4,2
4,V0-V1 V0-V2 V0-V3 V1-V2 V2-V3,5,50,V0->V1 V2->V0 V2->V1 V2->V3 V0-V3,V2,V1,,1,1,True,6.108399999993352e-05,0.00019654099999999453,1,4,2
4,V0-V1 V0-V2 V0-V3 V1-V2 V2-V3,5,50,V0->V1 V2->V0 V2->V1 V2->V3 V0-V3,V2,V3,,1,1,True,5.8083000000097584e-05,0.00019541700000003104,1,4,2
4,V0-V1 V0-V2 V0-V3 V1-V2 V2-V3,5,50,V0->V1 V2->V0 V2->V1 V3->V0 V2-V3,V0,V1,V2,1,1,True,5.4040999999838135e-05,0.00018812499999998344,1,4,3
4,V0-V1 V0-V2 V0-V3 V1-V2 V2-V3,5,50,V0->V1 V2->V1 V3->V0 V3->V2 V0-V2,V3,V0,,1,1,True,5.6791999999861176e-05,0.0001711669999999721,1,4,2
4,V0-V1 V0-V2 V0-V3 V1-V2 V2-V3,5,50,V0->V1 V2->V1 V3->V0 V3->V2 V0-V2,V3,V1,,1,1,True,6.379100000009075e-05,0.00017204199999998337,1,4,2
4,V0-V1 V0-V2 V0-V3 V1-V2 V2-V3,5,50,V0->V1 V2->V1 V3->V0 V3->V2 V0-V2,V3,V2,,1,1,True,5.920799999992177e-05,0.00016470900000009614,1,4,2
4,V0-V1 V0-V2 V0-V3 V1-V2 V2-V3,5,50,V0->V2 V0->V3 V1->V2 V2->V3 V0-V1,V2,V3,V0,1,1,True,0.0001293340000001475,0.00021133299999998023,1,4,3
4,V0-V1 V0-V2 V0-V3 V1-V2 V2-V3,5,50,V0->V3 V1->V0 V1->V2 V2->V3 V0-V2,V1,V0,,1,1,True,5.712500000010223e-05,0.00017441699999998228,1,4,2
4,V0-V1 V0-V2 V0-V3 V1-V2 V2-V3,5,50,V0->V3 V1->V0 V1->V2 V2->V3 V0-V2,V1,V2,,1,1,True,5.7082999999957806e-05,0.0001723750000000024,1,4,2
4,V0-V1 V0-V2 V0-V3 V1-V2 V2-V3,5,50,V0->V3 V1->V0 V1->V2 V2->V3 V0-V2,V1,V3,,1,1,True,7.008299999999856e-05,0.00017562500000001258,1,4,2
4,V0-V1 V0-V2 V0-V3 V1-V2 V2-V3,5,50,V0->V3 V1->V0 V2->V0 V2->V3 V1-V2,V0,V3,V2,1,1,True,2.8958999999995072e-05,0.0001586249999998568,1,4,2
4,V0-V1 V0-V2 V0-V3 V1-V2 V2-V3,5,50,V0->V3 V2->V0 V2->V1 V2->V3 V0-V1,V0,V3,V2,1,1,True,5.116699999985208e-05,0.00020887499999999726,1,4,3
4,V0-V1 V0-V2 V0-V3 V1-V2 V2-V3,5,50,V0->V3 V2->V0 V2->V1 V2->V3 V0-V1,V2,V0,,1,1,True,5.162499999999959e-05,0.00019491600000010045,1,4,2
4,V0-V1 V0-V2 V0-V3 V1-V2 V2-V3,5,50,V0->V3 V2->V0 V2->V1 V2->V3 V0-V1,V2,V1,,1,1,True,5.1250000000058193e-05,0.00018574999999998454,1,4,2
4,V0-V1 V0-V2 V0-V3 V1-V2 V2-V3,5,50,V0->V3 V2->V0 V2->V1 V2->V3 V0-V1,V2,V3,,1,1,True,5.558399999983088e-05,0.00018908300000020084,1,4,2
4,V0-V1 V0-V2 V0-V3 V1-V2 V2-V3,5,50,V0->V1 V0->V2 V0->V3 V1->V2 V2->V3,V0,V1,,1,1,True,0.00014783400000006885,0.00014495799999991732,1,5,3
4,V0-V1 V0-V2 V0-V3 V1-V2 V2-V3,5,50,V0->V1 V0->V2 V0->V3 V1->V2 V2->V3,V0,V2,,1,1,True,0.000140000000000029,0.00014366699999990296,1,5,3
4,V0-V1 V0-V2 V0-V3 V1-V2 V2-V3,5,50,V0->V1 V0->V2 V0->V3 V1->V2 V2->V3,V0,V3,,1,1,True,0.0001492080000000673,0.00015129199999996956,1,5,3
4,V0-V1 V0-V2 V0-V3 V1-V2 V2-V3,5,50,V0->V1 V0->V2 V0->V3 V1->V2 V2->V3,V1,V2,V0,1,1,True,8.804099999992765e-05,0.00013499999999999623,1,5,2
4,V0-V1 V0-V2 V0-V3 V1-V2 V2-V3,5,50,V0->V1 V0->V2 V0->V3 V1->V2 V2->V3,V1,V3,V0,1,1,True,9.879099999987595e-05,0.00013691700000006968,1,5,2
4,V0-V1 V0-V2 V0-V3 V1-V2 V2-V3,5,50,V0->V1 V0->V2 V0->V3 V1->V2 V2->V3,V2,V3,V0,2,2,True,0.00013245799999994645,0.00034320899999995547,2,9,4
4,V0-V1 V0-V2 V0-V3 V1-V2 V2-V3,5,50,V0->V1 V0->V2 V0->V3 V2->V1 V2->V3,V0,V1,,1,1,True,0.0001882499999998899,0.00018612500000014798,1,5,4
4,V0-V1 V0-V2 V0-V3 V1-V2 V2-V3,5,50,V0->V1 V0->V2 V0->V3 V2->V1 V2->V3,V0,V2,,1,1,True,0.000152000000000152,0.00017279199999986616,1,5,4
4,V0-V1 V0-V2 V0-V3 V1-V2 V2-V3,5,50,V0->V1 V0->V2 V0->V3 V2->V1 V2->V3,V0,V3,,1,1,True,0.00015408399999983224,0.0001768750000001873,1,5,4
4,V0-V1 V0-V2 V0-V3 V1-V2 V2-V3,5,50,V0->V1 V0->V2 V0->V3 V2->V1 V2->V3,V2,V1,V0,1,1,True,6.745799999996471e-05,0.0001600420000000824,1,5,3
4,V0-V1 V0-V2 V0-V3 V1-V2 V2-V3,5,50,V0->V1 V0->V2 V0->V3 V2->V1 V2->V3,V2,V3,V0,1,1,True,0.00011020799999994502,0.00014783400000006885,1,5,2
4,V0-V1 V0-V2 V0-V3 V1-V2 V2-V3,5,50,V0->V1 V0->V2 V0->V3 V2->V1 V3->V2,V0,V1,,1,1,True,0.00015499999999990521,0.00015379200000009696,1,5,3
4,V0-V1 V0-V2 V0-V3 V1-V2 V2-V3,5,50,V0->V1 V0->V2 V0->V3 V2->V1 V3->V2,V0,V2,,1,1,True,0.00014074999999991178,0.0001484590000000452,1,5,3
4,V0-V1 V0-V2 V0-V3 V1-V2 V2-V3,5,50,V0->V1 V0->V2 V0->V3 V2->V1 V3->V2,V0,V3,,1,1,True,0.00013583300000008514,0.00014258400000000115,1,5,3
4,V0-V1 V0-V2 V0-V3 V1-V2 V2-V3,5,50,V0->V1 V0->V2 V0->V3 V2->V1 V3->V2,V2,V1,V0,2,2,True,7.42910000000041e-05,0.0003311670000001321,2,9,4
4,V0-V1 V0-V2 V0-V3 V1-V2 V2-V3,5,50,V0->V1 V0->V2 V0->V3 V2->V1 V3->V2,V3,V1,V0,1,1,True,5.8749999999996305e-05,0.00012995900000012384,1,5,2
4,V0-V1 V0-V2 V0-V3 V1-V2 V2-V3,5,50,V0->V1 V0->V2 V0->V3 V2->V1 V3->V2,V3,V2,V0,1,1,True,5.950000000010114e-05,0.00012854199999989824,1,5,2
4,V0-V1 V0-V2 V0-V3 V1-V2 V2-V3,5,50,V0->V1 V0->V2 V2->V1 V3->V0 V3->V2,V0,V1,V3,1,1,True,2.3917000000039934e-05,0.00012237499999989687,1,5,2
4,V0-V1 V0-V2 V0-V3 V1-V2 V2-V3,5,50,V0->V1 V0->V2 V2->V1 V3->V0 V3->V2,V0,V2,V3,1,1,True,2.2874999999977774e-05,0.00011820900000003576,1,5,2
4,V0-V1 V0-V2 V0-V3 V1-V2 V2-V3,5,50,V0->V1 V0->V2 V2->V1 V3->V0 V3->V2,V2,V1,V0,1,1,True,9.63750000000374e-05,0.0001495000000000246,1,5,3
4,V0-V1 V0-V2 V0-V3 V1-V2 V2-V3,5,50,V0->V1 V0->V2 V2->V1 V3->V0 V3->V2,V3,V0,,1,1,True,5.0667000000004236e-05,0.00012204199999987786,1,5,2
4,V0-V1 V0-V2 V0-V3 V1-V2 V2-V3,5,50,V0->V1 V0->V2 V2->V1 V3->V0 V3->V2,V3,V1,,1,1,True,5.733299999999275e-05,0.00013095799999995883,1,5,2
4,V0-V1 V0-V2 V0-V3 V1-V2 V2-V3,5,50,V0->V1 V0->V2 V2->V1 V3->V0 V3->V2,V3,V2,,1,1,True,5.5915999999989197e-05,0.00012429199999997032,1,5,2
4,V0-V1 V0-V2 V0-V3 V1-V2 V2-V3,5,50,V0->V1 V0->V3 V2->V0 V2->V1 V2->V3,V0,V1,V2,1,1,True,2.354200000009854e-05,0.00013649999999998386,1,5,2
4,V0-V1 V0-V2 V0-V3 V1-V2 V2-V3,5,50,V0->V1 V0->V3 V2->V0 V2->V1 V2->V3,V0,V3,V2,1,1,True,2.291600000003946e-05,0.00013083399999991308,1,5,2
4,V0-V1 V0-V2 V0-V3 V1-V2 V2-V3,5,50,V0->V1 V0->V3 V2->V0 V2->V1 V2->V3,V2,V0,,1,1,True,4.4041999999855364e-05,0.0001327920000000482,1,5,2
4,V0-V1 V0-V2 V0-V3 V1-V2 V2-V3,5,50,V0->V1 V0->V3 V2->V0 V2->V1 V2->V3,V2,V1,,1,1,True,4.9041000000027424e-05,0.0001362919999998713,1,5,2
4,V0-V1 V0-V2 V0-V3 V1-V2 V2-V3,5,50,V0->V1 V0->V3 V2->V0 V2->V1 V2->V3,V2,V3,,1,1,True,4.9042000000110164e-05,0.00013399999999985646,1,5,2
4,V0-V1 V0-V2 V0-V3 V1-V2 V2-V3,5,50,V0->V1 V2->V0 V2->V1 V2->V3 V3->V0,V0,V1,V2,2,2,True,7.712500000001121e-05,0.0003492079999998232,2,9,5
4,V0-V1 V0-V2 V0-V3 V1-V2 V2-V3,5,50,V0->V1 V2->V0 V2->V1 V2->V3 V3->V0,V2,V0,,1,1,True,7.591600000012022e-05,0.00014379200000003145,1,5,3
4,V0-V1 V0-V2 V0-V3 V1-V2 V2-V3,5,50,V0->V1 V2->V0 V2->V1 V2->V3 V3->V0,V2,V1,,1,1,True,8.233299999993449e-05,0.00014616700000003036,1,5,3
4,V0-V1 V0-V2 V0-V3 V1-V2 V2-V3,5,50,V0->V1 V2->V0 V2->V1 V2->V3 V3->V0,V2,V3,,1,1,True,7.404099999996916e-05,0.00014191700000010243,1,5,3
4,V0-V1 V0-V2 V0-V3 V1-V2 V2-V3,5,50,V0->V1 V2->V0 V2->V1 V2->V3 V3->V0,V3,V0,V2,1,1,True,5.966599999984723e-05,0.00014891699999997066,1,5,2
4,V0-V1 V0-V2 V0-V3 V1-V2 V2-V3,5,50,V0->V1 V2->V0 V2->V1 V2->V3 V3->V0,V3,V1,V2,1,1,True,6.445799999998947e-05,0.00013604199999983635,1,5,2
4,V0-V1 V0-V2 V0-V3 V1-V2 V2-V3,5,50,V0->V1 V2->V0 V2->V1 V3->V0 V3->V2,V0,V1,V2,1,1,True,6.545899999998994e-05,0.00014775000000000205,1,5,3
4,V0-V1 V0-V2 V0-V3 V1-V2 V2-V3,5,50,V0->V1 V2->V0 V2->V1 V3->V0 V3->V2,V2,V0,V3,1,1,True,2.145799999997422e-05,0.00012654200000006277,1,5,2
4,V0-V1 V0-V2 V0-V3 V1-V2 V2-V3,5,50,V0->V1 V2->V0 V2->V1 V3->V0 V3->V2,V2,V1,V3,1,1,True,2.1332999999845725e-05,0.0001207500000000028,1,5,2
4,V0-V1 V0-V2 V0-V3 V1-V2 V2-V3,5,50,V0->V1 V2->V0 V2->V1 V3->V0 V3->V2,V3,V0,,1,1,True,5.483399999994809e-05,0.00012795799999998358,1,5,2
4,V0-V1 V0-V2 V0-V3 V1-V2 V2-V3,5,50,V0->V1 V2->V0 V2->V1 V3->V0 V3->V2,V3,V1,,1,1,True,5.825000000014846e-05,0.00013041699999982725,1,5,2
4,V0-V1 V0-V2 V0-V3 V1-V2 V2-V3,5,50,V0->V1 V2->V0 V2->V1 V3->V0 V3->V2,V3,V2,,1,1,True,5.358399999999541e-05,0.000124333000000032,1,5,2
4,V0-V1 V0-V2 V0-V3 V1-V2 V2-V3,5,50,V0->V2 V0->V3 V1->V0 V1->V2 V2->V3,V0,V2,V1,1,1,True,2.2583000000020448e-05,0.00012512500000005922,1,5,2
4,V0-V1 V0-V2 V0-V3 V1-V2 V2-V3,5,50,V0->V2 V0->V3 V1->V0 V1->V2 V2->V3,V0,V3,V1,1,1,True,2.31669999999351e-05,0.00012337500000003665,1,5,2
4,V0-V1 V0-V2 V0-V3 V1-V2 V2-V3,5,50,V0->V2 V0->V3 V1->V0 V1->V2 V2->V3,V1,V0,,1,1,True,4.379099999995972e-05,0.00012729199999994556,1,5,2
4,V0-V1 V0-V2 V0-V3 V1-V2 V2-V3,5,50,V0->V2 V0->V3 V1->V0 V1->V2 V2->V3,V1,V2,,1,1,True,4.979100000013226e-05,0.00012666699999996922,1,5,2
4,V0-V1 V0-V2 V0-V3 V1-V2 V2-V3,5,50,V0->V2 V0->V3 V1->V0 V1->V2 V2->V3,V1,V3,,1,1,True,5.625000000009095e-05,0.00012929099999992033,1,5,2
4,V0-V1 V0-V2 V0-V3 V1-V2 V2-V3,5,50,V0->V2 V0->V3 V1->V0 V1->V2 V2->V3,V2,V3,V0,1,1,True,0.0001442499999999569,0.00015866700000000122,1,5,3
4,V0-V1 V0-V2 V0-V3 V1-V2 V2-V3,5,50,V0->V3 V1->V0 V1->V2 V2->V0 V2->V3,V0,V3,V2,1,1,True,2.3499999999954113e-05,0.00012608399999991526,1,5,2
4,V0-V1 V0-V2 V0-V3 V1-V2 V2-V3,5,50,V0->V3 V1->V0 V1->V2 V2->V0 V2->V3,V1,V0,,1,1,True,7.691699999989865e-05,0.00014650000000004937,1,5,3
4,V0-V1 V0-V2 V0-V3 V1-V2 V2-V3,5,50,V0->V3 V1->V0 V1->V2 V2->V0 V2->V3,V1,V2,,1,1,True,7.395799999998509e-05,0.0001431670000000551,1,5,3
4,V0-V1 V0-V2 V0-V3 V1-V2 V2-V3,5,50,V0->V3 V1->V0 V1->V2 V2->V0 V2->V3,V1,V3,,1,1,True,9.174999999994604e-05,0.0001536670000001905,1,5,3
4,V0-V1 V0-V2 V0-V3 V1-V2 V2-V3,5,50,V0->V3 V1->V0 V1->V2 V2->V0 V2->V3,V2,V0,V1,1,1,True,5.1833999999972846e-05,0.0001259160000000037,1,5,2
4,V0-V1 V0-V2 V0-V3 V1-V2 V2-V3,5,50,V0->V3 V1->V0 V1->V2 V2->V0 V2->V3,V2,V3,V1,1,1,True,5.6625000000032344e-05,0.0001281659999998741,1,5,2
4,V0-V1 V0-V2 V0-V3 V1-V2 V2-V3,5,50,V0->V3 V1->V0 V2->V0 V2->V1 V2->V3,V0,V3,V2,2,2,True,5.254199999993325e-05,0.00029387500000011,2,9,4
4,V0-V1 V0-V2 V0-V3 V1-V2 V2-V3,5,50,V0->V3 V1->V0 V2->V0 V2->V1 V2->V3,V1,V0,V2,1,1,True,2.9124999999963208e-05,0.00012337500000003665,1,5,2
4,V0-V1 V0-V2 V0-V3 V1-V2 V2-V3,5,50,V0->V3 V1->V0 V2->V0 V2->V1 V2->V3,V1,V3,V2,1,1,True,3.262500000000834e-05,0.00012658300000012446,1,5,2
4,V0-V1 V0-V2 V0-V3 V1-V2 V2-V3,5,50,V0->V3 V1->V0 V2->V0 V2->V1 V2->V3,V2,V0,,1,1,True,4.9041000000027424e-05,0.00012579199999995794,1,5,2
4,V0-V1 V0-V2 V0-V3 V1-V2 V2-V3,5,50,V0->V3 V1->V0 V2->V0 V2->V1 V2->V3,V2,V1,,1,1,True,4.741699999999405e-05,0.00012354100000000479,1,5,2
4,V0-V1 V0-V2 V0-V3 V1-V2 V2-V3,5,50,V0->V3 V1->V0 V2->V0 V2->V1 V2->V3,V2,V3,,1,1,True,5.333399999996047e-05,0.00013037499999990487,1,5,2
4,V0-V1 V0-V2 V0-V3 V1-V3,4,32,V0->V2 V0-V1 V0-V3 V1-V3,V0,V2,,1,1,True,5.9167000000082126e-05,0.0001803750000000104,1,1,2
4,V0-V1 V0-V2 V0-V3 V1-V3,4,32,V0->V1 V0->V2 V0-V3 V1-V3,V0,V2,,1,1,True,5.970799999999166e-05,0.00018212500000003295,1,2,2
4,V0-V1 V0-V2 V0-V3 V1-V3,4,32,V0->V1 V0->V3 V0-V2 V1-V3,V0,V1,,1,1,True,5.9499999999879094e-05,0.0001820420000000489,1,2,2
4,V0-V1 V0-V2 V0-V3 V1-V3,4,32,V0->V1 V0->V3 V0-V2 V1-V3,V0,V3,,1,1,True,5.799999999989147e-05,0.0001783330000000305,1,2,2
4,V0-V1 V0-V2 V0-V3 V1-V3,4,32,V0->V2 V0->V3 V0-V1 V1-V3,V0,V2,,1,1,True,8.908400000007255e-05,0.00021374999999990152,1,2,3
4,V0-V1 V0-V2 V0-V3 V1-V3,4,32,V0->V2 V1->V0 V0-V3 V1-V3,V0,V2,,2,2,True,0.00010737500000002065,0.0003109580000000278,2,3,3
4,V0-V1 V0-V2 V0-V3 V1-V3,4,32,V0->V2 V1->V3 V0-V1 V0-V3,V0,V2,,1,1,True,8.979200000003296e-05,0.00021483300000002536,1,2,3
4,V0-V1 V0-V2 V0-V3 V1-V3,4,32,V0->V2 V3->V0 V0-V1 V1-V3,V0,V2,,2,2,True,0.0001087920000000242,0.00030170800000006714,2,3,3
4,V0-V1 V0-V2 V0-V3 V1-V3,4,32,V0->V2 V3->V1 V0-V1 V0-V3,V0,V2,,1,1,True,9.625000000013095e-05,0.0002197909999999137,1,2,3
4,V0-V1 V0-V2 V0-V3 V1-V3,4,32,V0->V1 V0->V2 V0->V3 V1-V3,V0,V1,,1,1,True,6.775000000014408e-05,0.00016549999999981857,1,3,2
4,V0-V1 V0-V2 V0-V3 V1-V3,4,32,V0->V1 V0->V2 V0->V3 V1-V3,V0,V2,,1,1,True,8.504200000003515e-05,0.00017433299999991547,1,3,3
4,V0-V1 V0-V2 V0-V3 V1-V3,4,32,V0->V1 V0->V2 V0->V3 V1-V3,V0,V3,,1,1,True,6.304200000006865e-05,0.00015554199999989748,1,3,2
4,V0-V1 V0-V2 V0-V3 V1-V3,4,32,V0->V1 V0->V2 V3->V1 V0-V3,V0,V2,,1,1,True,8.641700000011632e-05,0.00017812499999991793,1,3,3
4,V0-V1 V0-V2 V0-V3 V1-V3,4,32,V0->V1 V0->V3 V1->V3 V0-V2,V0,V1,,1,1,True,8.679099999997497e-05,0.0001686669999998447,1,3,3
4,V0-V1 V0-V2 V0-V3 V1-V3,4,32,V0->V1 V0->V3 V1->V3 V0-V2,V0,V3,,1,1,True,8.98329999998726e-05,0.00017062499999997982,1,3,3
4,V0-V1 V0-V2 V0-V3 V1-V3,4,32,V0->V1 V0->V3 V1->V3 V0-V2,V1,V3,V0,1,1,True,5.862499999986781e-05,0.0001400840000000958,1,3,2
4,V0-V1 V0-V2 V0-V3 V1-V3,4,32,V0->V1 V0->V3 V2->V0 V1-V3,V0,V1,,2,2,True,8.70829999999323e-05,0.0002845830000000049,2,5,3
4,V0-V1 V0-V2 V0-V3 V1-V3,4,32,V0->V1 V0->V3 V2->V0 V1-V3,V0,V3,,2,2,True,8.32500000000902e-05,0.0002764170000000288,2,5,3
4,V0-V1 V0-V2 V0-V3 V1-V3,4,32,V0->V1 V0->V3 V2->V0 V1-V3,V2,V0,,1,1,True,3.07079999999349e-05,0.00010408399999994877,1,3,2
4,V0-V1 V0-V2 V0-V3 V1-V3,4,32,V0->V1 V0->V3 V2->V0 V1-V3,V2,V1,,1,1,True,3.720799999995528e-05,0.00010587500000003303,1,3,2
4,V0-V1 V0-V2 V0-V3 V1-V3,4,32,V0->V1 V0->V3 V2->V0 V1-V3,V2,V3,,1,1,True,4.0958000000035355e-05,0.00010691700000009519,1,3,2
4,V0-V1 V0-V2 V0-V3 V1-V3,4,32,V0->V1 V0->V3 V3->V1 V0-V2,V0,V1,,1,1,True,8.566700000001148e-05,0.00016370800000009567,1,3,3
4,V0-V1 V0-V2 V0-V3 V1-V3,4,32,V0->V1 V0->V3 V3->V1 V0-V2,V0,V3,,1,1,True,7.899999999994023e-05,0.00016020800000005053,1,3,3
4,V0-V1 V0-V2 V0-V3 V1-V3,4,32,V0->V1 V0->V3 V3->V1 V0-V2,V3,V1,V0,1,1,True,4.124999999999268e-05,0.00013537499999993763,1,3,2
4,V0-V1 V0-V2 V0-V3 V1-V3,4,32,V0->V2 V0->V3 V1->V3 V0-V1,V0,V2,,1,1,True,0.0001287500000000108,0.00018758299999999117,1,3,4
4,V0-V1 V0-V2 V0-V3 V1-V3,4,32,V0->V2 V1->V0 V1->V3 V0-V3,V0,V2,,2,2,True,0.00013425000000011345,0.00045999999999990493,3,7,5
4,V0-V1 V0-V2 V0-V3 V1-V3,4,32,V0->V2 V1->V0 V1->V3 V0-V3,V1,V0,,1,1,True,4.470800000011543e-05,0.00014091699999996266,1,3,2
4,V0-V1 V0-V2 V0-V3 V1-V3,4,32,V0->V2 V1->V0 V1->V3 V0-V3,V1,V2,,1,1,True,6.858300000001094e-05,0.0001640840000001198,1,3,2
4,V0-V1 V0-V2 V0-V3 V1-V3,4,32,V0->V2 V1->V0 V1->V3 V0-V3,V1,V3,,1,1,True,4.637500000015393e-05,0.0001394999999999591,1,3,2
4,V0-V1 V0-V2 V0-V3 V1-V3,4,32,V0->V2 V1->V0 V3->V0 V1-V3,V0,V2,,3,3,True,0.00015420800000010004,0.0005405839999998996,4,8,5
4,V0-V1 V0-V2 V0-V3 V1-V3,4,32,V0->V2 V3->V0 V3->V1 V0-V1,V0,V2,,2,2,True,0.0001383329999999905,0.0004642080000001325,3,7,5
4,V0-V1 V0-V2 V0-V3 V1-V3,4,32,V0->V2 V3->V0 V3->V1 V0-V1,V3,V0,,1,1,True,4.291599999994844e-05,0.0001375839999999684,1,3,2
4,V0-V1 V0-V2 V0-V3 V1-V3,4,32,V0->V2 V3->V0 V3->V1 V0-V1,V3,V1,,1,1,True,4.208400000016432e-05,0.00013395799999993407,1,3,2
4,V0-V1 V0-V2 V0-V3 V1-V3,4,32,V0->V2 V3->V0 V3->V1 V0-V1,V3,V2,,1,1,True,4.758299999996218e-05,0.0001374579999999792,1,3,2
4,V0-V1 V0-V2 V0-V3 V1-V3,4,32,V0->V1 V0->V2 V0->V3 V1->V3,V0,V1,,1,1,True,9.341699999998454e-05,0.0001460420000001239,1,4,4
4,V0-V1 V0-V2 V0-V3 V1-V3,4,32,V0->V1 V0->V2 V0->V3 V1->V3,V0,V2,,1,1,True,0.00010075000000009382,0.0001284169999999918,1,4,3
4,V0-V1 V0-V2 V0-V3 V1-V3,4,32,V0->V1 V0->V2 V0->V3 V1->V3,V0,V3,,1,1,True,9.129200000002058e-05,0.00014312499999991068,1,4,4
4,V0-V1 V0-V2 V0-V3 V1-V3,4,32,V0->V1 V0->V2 V0->V3 V1->V3,V1,V3,V0,1,1,True,6.408400000013081e-05,0.0001201659999998661,1,4,2
4,V0-V1 V0-V2 V0-V3 V1-V3,4,32,V0->V1 V0->V2 V0->V3 V3->V1,V0,V1,,1,1,True,8.329200000001258e-05,0.00013525000000003118,1,4,3
4,V0-V1 V0-V2 V0-V3 V1-V3,4,32,V0->V1 V0->V2 V0->V3 V3->V1,V0,V2,,1,1,True,0.00010979200000016398,0.00013804099999981112,1,4,4
4,V0-V1 V0-V2 V0-V3 V1-V3,4,32,V0->V1 V0->V2 V0->V3 V3->V1,V0,V3,,1,1,True,7.770800000006517e-05,0.00012799999999990597,1,4,3
4,V0-V1 V0-V2 V0-V3 V1-V3,4,32,V0->V1 V0->V2 V0->V3 V3->V1,V3,V1,V0,1,1,True,3.9917000000055936e-05,0.00011516599999983335,1,4,2
4,V0-V1 V0-V2 V0-V3 V1-V3,4,32,V0->V1 V0->V2 V3->V0 V3->V1,V0,V1,V3,1,1,True,1.8041999999995895e-05,9.770799999997415e-05,1,4,2
4,V0-V1 V0-V2 V0-V3 V1-V3,4,32,V0->V1 V0->V2 V3->V0 V3->V1,V0,V2,,2,2,True,0.00010704200000000164,0.0002859170000000244,2,7,5
4,V0-V1 V0-V2 V0-V3 V1-V3,4,32,V0->V1 V0->V2 V3->V0 V3->V1,V3,V0,,1,1,True,3.533300000002626e-05,0.0001020000000000465,1,4,2
4,V0-V1 V0-V2 V0-V3 V1-V3,4,32,V0->V1 V0->V2 V3->V0 V3->V1,V3,V1,,1,1,True,3.933300000014128e-05,0.00010183299999999562,1,4,2
4,V0-V1 V0-V2 V0-V3 V1-V3,4,32,V0->V1 V0->V2 V3->V0 V3->V1,V3,V2,,1,1,True,4.08339999999896e-05,0.00010387499999997551,1,4,2
4,V0-V1 V0-V2 V0-V3 V1-V3,4,32,V0->V1 V0->V3 V1->V3 V2->V0,V0,V1,,2,2,True,0.0001091660000001049,0.00028395899999988927,2,7,5
4,V0-V1 V0-V2 V0-V3 V1-V3,4,32,V0->V1 V0->V3 V1->V3 V2->V0,V0,V3,,2,2,True,0.00010966700000003549,0.0002873329999999452,2,7,5
4,V0-V1 V0-V2 V0-V3 V1-V3,4,32,V0->V1 V0->V3 V1->V3 V2->V0,V1,V3,V0,1,1,True,8.39589999999113e-05,0.00013441600000008158,1,4,3
4,V0-V1 V0-V2 V0-V3 V1-V3,4,32,V0->V1 V0->V3 V1->V3 V2->V0,V2,V0,,1,1,True,3.095799999996984e-05,0.00010633299999995849,1,4,2
4,V0-V1 V0-V2 V0-V3 V1-V3,4,32,V0->V1 V0->V3 V1->V3 V2->V0,V2,V1,,1,1,True,5.437500000016193e-05,0.00011424999999998242,1,4,2
4,V0-V1 V0-V2 V0-V3 V1-V3,4,32,V0->V1 V0->V3 V1->V3 V2->V0,V2,V3,,1,1,True,4.44170000000188e-05,0.00010645799999986494,1,4,2
4,V0-V1 V0-V2 V0-V3 V1-V3,4,32,V0->V1 V0->V3 V2->V0 V3->V1,V0,V1,,2,2,True,0.00010637499999988087,0.0003682910000000206,3,10,5
4,V0-V1 V0-V2 V0-V3 V1-V3,4,32,V0->V1 V0->V3 V2->V0 V3->V1,V0,V3,,2,2,True,9.762499999999008e-05,0.00036008399999998275,3,10,5
4,V0-V1 V0-V2 V0-V3 V1-V3,4,32,V0->V1 V0->V3 V2->V0 V3->V1,V2,V0,,1,1,True,5.983399999998085e-05,0.00012737500000015167,1,4,3
4,V0-V1 V0-V2 V0-V3 V1-V3,4,32,V0->V1 V0->V3 V2->V0 V3->V1,V2,V1,,1,1,True,5.3917000000014426e-05,0.0001256670000000515,1,4,3
4,V0-V1 V0-V2 V0-V3 V1-V3,4,32,V0->V1 V0->V3 V2->V0 V3->V1,V2,V3,,1,1,True,5.6084000000122813e-05,0.00012262499999993182,1,4,3
4,V0-V1 V0-V2 V0-V3 V1-V3,4,32,V0->V1 V0->V3 V2->V0 V3->V1,V3,V1,V0,1,1,True,4.28750000001088e-05,0.00011045799999997996,1,4,2
4,V0-V1 V0-V2 V0-V3 V1-V3,4,32,V0->V2 V0->V3 V1->V0 V1->V3,V0,V2,,2,2,True,0.00017158399999983587,0.00030579100000016624,2,7,6
4,V0-V1 V0-V2 V0-V3 V1-V3,4,32,V0->V2 V0->V3 V1->V0 V1->V3,V0,V3,V1,1,1,True,1.8124999999979963e-05,9.979100000001573e-05,1,4,2
4,V0-V1 V0-V2 V0-V3 V1-V3,4,32,V0->V2 V0->V3 V1->V0 V1->V3,V1,V0,,1,1,True,3.2666999999930724e-05,9.962500000004759e-05,1,4,2
4,V0-V1 V0-V2 V0-V3 V1-V3,4,32,V0->V2 V0->V3 V1->V0 V1->V3,V1,V2,,1,1,True,3.712499999997121e-05,0.00010362499999994057,1,4,2
4,V0-V1 V0-V2 V0-V3 V1-V3,4,32,V0->V2 V0->V3 V1->V0 V1->V3,V1,V3,,1,1,True,3.6125000000053475e-05,0.00010004199999991137,1,4,2
4,V0-V1 V0-V2 V0-V3 V1-V3,4,32,V0->V2 V1->V0 V1->V3 V3->V0,V0,V2,,3,3,True,0.00017216600000002913,0.0007039589999999762,5,14,8
4,V0-V1 V0-V2 V0-V3 V1-V3,4,32,V0->V2 V1->V0 V1->V3 V3->V0,V1,V0,,1,1,True,6.416699999989284e-05,0.00012316700000014613,1,4,3
4,V0-V1 V0-V2 V0-V3 V1-V3,4,32,V0->V2 V1->V0 V1->V3 V3->V0,V1,V2,,1,1,True,7.008299999999856e-05,0.00012662500000004684,1,4,3
4,V0-V1 V0-V2 V0-V3 V1-V3,4,32,V0->V2 V1->V0 V1->V3 V3->V0,V1,V3,,1,1,True,6.100000000008876e-05,0.00011929199999993756,1,4,3
4,V0-V1 V0-V2 V0-V3 V1-V3,4,32,V0->V2 V1->V0 V1->V3 V3->V0,V3,V0,V1,1,1,True,4.058300000009396e-05,0.00010458299999993592,1,4,2
4,V0-V1 V0-V2 V0-V3 V1-V3,4,32,V0->V2 V1->V0 V1->V3 V3->V0,V3,V2,V1,1,1,True,4.6625000000188876e-05,0.00010587499999981098,1,4,2
4,V0-V1 V0-V2 V0-V3 V1-V3,4,32,V0->V2 V1->V0 V3->V0 V3->V1,V0,V2,,3,3,True,0.000181874999999998,0.0007996669999998929,6,16,8
4,V0-V1 V0-V2 V0-V3 V1-V3,4,32,V0->V2 V1->V0 V3->V0 V3->V1,V1,V0,V3,1,1,True,1.7957999999929086e-05,9.970800000003166e-05,1,4,2
4,V0-V1 V0-V2 V0-V3 V1-V3,4,32,V0->V2 V1->V0 V3->V0 V3->V1,V1,V2,V3,1,1,True,1.8958000000068864e-05,9.958300000012521e-05,1,4,2
4,V0-V1 V0-V2 V0-V3 V1-V3,4,32,V0->V2 V1->V0 V3->V0 V3->V1,V3,V0,,1,1,True,3.8874999999993776e-05,0.00010299999999996423,1,4,2
4,V0-V1 V0-V2 V0-V3 V1-V3,4,32,V0->V2 V1->V0 V3->V0 V3->V1,V3,V1,,1,1,True,3.6999999999842714e-05,9.829200000011085e-05,1,4,2
4,V0-V1 V0-V2 V0-V3 V1-V3,4,32,V0->V2 V1->V0 V3->V0 V3->V1,V3,V2,,1,1,True,4.262499999985181e-05,0.00010175000000001155,1,4,2
4,V0-V1 V0-V2 V0-V3 V1-V3 V2-V3,5,50,V0->V1 V0->V2 V0->V3 V1-V3 V2-V3,V0,V1,,1,1,True,9.974999999995404e-05,0.0002915839999999559,1,3,2
4,V0-V1 V0-V2 V0-V3 V1-V3 V2-V3,5,50,V0->V1 V0->V2 V0->V3 V1-V3 V2-V3,V0,V2,,1,1,True,9.608300000008008e-05,0.0002717079999998706,1,3,2
4,V0-V1 V0-V2 V0-V3 V1-V3 V2-V3,5,50,V0->V1 V0->V2 V0->V3 V1-V3 V2-V3,V0,V3,,1,1,True,8.970799999996615e-05,0.00027050000000006236,1,3,2
4,V0-V1 V0-V2 V0-V3 V1-V3 V2-V3,5,50,V0->V1 V0->V3 V3->V1 V0-V2 V2-V3,V3,V1,V0,1,1,True,5.237499999988238e-05,0.00021891699999998515,1,3,2
4,V0-V1 V0-V2 V0-V3 V1-V3 V2-V3,5,50,V0->V1 V3->V0 V3->V1 V0-V2 V2-V3,V0,V1,V3,1,1,True,3.5082999999991316e-05,0.0002080420000001304,1,3,2
4,V0-V1 V0-V2 V0-V3 V1-V3 V2-V3,5,50,V0->V2 V0->V3 V3->V2 V0-V1 V1-V3,V3,V2,V0,1,1,True,7.52500000000822e-05,0.00022849999999996484,1,3,2
4,V0-V1 V0-V2 V0-V3 V1-V3 V2-V3,5,50,V0->V2 V3->V0 V3->V2 V0-V1 V1-V3,V0,V2,V3,1,1,True,3.7292000000022085e-05,0.00021895800000004684,1,3,2
4,V0-V1 V0-V2 V0-V3 V1-V3 V2-V3,5,50,V3->V0 V3->V1 V3->V2 V0-V1 V0-V2,V3,V0,,1,1,True,5.216699999999186e-05,0.0002634999999999721,1,3,2
4,V0-V1 V0-V2 V0-V3 V1-V3 V2-V3,5,50,V3->V0 V3->V1 V3->V2 V0-V1 V0-V2,V3,V1,,1,1,True,5.629099999993059e-05,0.00026329200000008157,1,3,2
4,V0-V1 V0-V2 V0-V3 V1-V3 V2-V3,5,50,V3->V0 V3->V1 V3->V2 V0-V1 V0-V2,V3,V2,,1,1,True,5.3499999999928605e-05,0.0002590419999999316,1,3,2
4,V0-V1 V0-V2 V0-V3 V1-V3 V2-V3,5,50,V0->V1 V0->V2 V0->V3 V3->V1 V2-V3,V0,V1,,1,1,True,0.00013191699999981488,0.0002292080000001473,1,4,3
4,V0-V1 V0-V2 V0-V3 V1-V3 V2-V3,5,50,V0->V1 V0->V2 V0->V3 V3->V1 V2-V3,V0,V2,,1,1,True,0.0001291249999999522,0.00021975000000007405,1,4,3
4,V0-V1 V0-V2 V0-V3 V1-V3 V2-V3,5,50,V0->V1 V0->V2 V0->V3 V3->V1 V2-V3,V0,V3,,1,1,True,0.00012295799999995083,0.0002167500000000988,1,4,3
4,V0-V1 V0-V2 V0-V3 V1-V3 V2-V3,5,50,V0->V1 V0->V2 V0->V3 V3->V1 V2-V3,V3,V1,V0,1,1,True,5.229100000003761e-05,0.00020087499999998926,1,4,2
4,V0-V1 V0-V2 V0-V3 V1-V3 V2-V3,5,50,V0->V1 V0->V2 V0->V3 V3->V2 V1-V3,V0,V1,,1,1,True,0.00012883299999999487,0.00022529199999987704,1,4,3
4,V0-V1 V0-V2 V0-V3 V1-V3 V2-V3,5,50,V0->V1 V0->V2 V0->V3 V3->V2 V1-V3,V0,V2,,1,1,True,0.00013883300000006038,0.0002270829999999613,1,4,3
4,V0-V1 V0-V2 V0-V3 V1-V3 V2-V3,5,50,V0->V1 V0->V2 V0->V3 V3->V2 V1-V3,V0,V3,,1,1,True,0.00012100000000003774,0.00021408400000000327,1,4,3
4,V0-V1 V0-V2 V0-V3 V1-V3 V2-V3,5,50,V0->V1 V0->V2 V0->V3 V3->V2 V1-V3,V3,V2,V0,1,1,True,8.370800000001566e-05,0.00019791700000015844,1,4,2
4,V0-V1 V0-V2 V0-V3 V1-V3 V2-V3,5,50,V0->V1 V0->V3 V2->V3 V3->V1 V0-V2,V3,V1,V0,1,1,True,8.866599999990399e-05,0.00022545900000014996,1,4,3
4,V0-V1 V0-V2 V0-V3 V1-V3 V2-V3,5,50,V0->V1 V2->V0 V2->V3 V3->V1 V0-V3,V2,V0,,1,1,True,5.974999999991404e-05,0.00017458300000017246,1,4,2
4,V0-V1 V0-V2 V0-V3 V1-V3 V2-V3,5,50,V0->V1 V2->V0 V2->V3 V3->V1 V0-V3,V2,V1,,1,1,True,6.933300000011577e-05,0.00017566699999993496,1,4,2
4,V0-V1 V0-V2 V0-V3 V1-V3 V2-V3,5,50,V0->V1 V2->V0 V2->V3 V3->V1 V0-V3,V2,V3,,1,1,True,6.191700000002243e-05,0.00016495800000004834,1,4,2
4,V0-V1 V0-V2 V0-V3 V1-V3 V2-V3,5,50,V0->V1 V2->V0 V3->V0 V3->V1 V2-V3,V0,V1,V3,1,1,True,2.966699999995548e-05,0.00015387499999985899,1,4,2
4,V0-V1 V0-V2 V0-V3 V1-V3 V2-V3,5,50,V0->V1 V3->V0 V3->V1 V3->V2 V0-V2,V0,V1,V3,1,1,True,5.187500000003453e-05,0.00020620800000004103,1,4,3
4,V0-V1 V0-V2 V0-V3 V1-V3 V2-V3,5,50,V0->V1 V3->V0 V3->V1 V3->V2 V0-V2,V3,V0,,1,1,True,5.166699999992197e-05,0.00018516600000006989,1,4,2
4,V0-V1 V0-V2 V0-V3 V1-V3 V2-V3,5,50,V0->V1 V3->V0 V3->V1 V3->V2 V0-V2,V3,V1,,1,1,True,5.670800000001641e-05,0.00018845800000000246,1,4,2
4,V0-V1 V0-V2 V0-V3 V1-V3 V2-V3,5,50,V0->V1 V3->V0 V3->V1 V3->V2 V0-V2,V3,V2,,1,1,True,5.366699999997948e-05,0.0001823750000000679,1,4,2
4,V0-V1 V0-V2 V0-V3 V1-V3 V2-V3,5,50,V0->V2 V0->V3 V1->V3 V3->V2 V0-V1,V3,V2,V0,1,1,True,0.0001087920000000242,0.00019950000000013013,1,4,3
4,V0-V1 V0-V2 V0-V3 V1-V3 V2-V3,5,50,V0->V2 V1->V0 V1->V3 V3->V2 V0-V3,V1,V0,,1,1,True,5.579100000008275e-05,0.00017095899999985953,1,4,2
4,V0-V1 V0-V2 V0-V3 V1-V3 V2-V3,5,50,V0->V2 V1->V0 V1->V3 V3->V2 V0-V3,V1,V2,,1,1,True,6.858399999987164e-05,0.00017458299999995042,1,4,2
4,V0-V1 V0-V2 V0-V3 V1-V3 V2-V3,5,50,V0->V2 V1->V0 V1->V3 V3->V2 V0-V3,V1,V3,,1,1,True,5.61250000001845e-05,0.00016462500000002933,1,4,2
4,V0-V1 V0-V2 V0-V3 V1-V3 V2-V3,5,50,V0->V2 V1->V0 V3->V0 V3->V2 V1-V3,V0,V2,V3,1,1,True,2.970899999987786e-05,0.0001556250000001036,1,4,2
4,V0-V1 V0-V2 V0-V3 V1-V3 V2-V3,5,50,V0->V2 V3->V0 V3->V1 V3->V2 V0-V1,V0,V2,V3,1,1,True,5.191600000009622e-05,0.0002062499999999634,1,4,3
4,V0-V1 V0-V2 V0-V3 V1-V3 V2-V3,5,50,V0->V2 V3->V0 V3->V1 V3->V2 V0-V1,V3,V0,,1,1,True,5.174999999990604e-05,0.0001855840000000164,1,4,2
4,V0-V1 V0-V2 V0-V3 V1-V3 V2-V3,5,50,V0->V2 V3->V0 V3->V1 V3->V2 V0-V1,V3,V1,,1,1,True,5.3375000000022155e-05,0.00018754099999984675,1,4,2
4,V0-V1 V0-V2 V0-V3 V1-V3 V2-V3,5,50,V0->V2 V3->V0 V3->V1 V3->V2 V0-V1,V3,V2,,1,1,True,5.6249999999868905e-05,0.00018845800000000246,1,4,2
4,V0-V1 V0-V2 V0-V3 V1-V3 V2-V3,5,50,V0->V1 V0->V2 V0->V3 V1->V3 V3->V2,V0,V1,,1,1,True,0.00014608299999996355,0.0001760420000000984,1,5,3
4,V0-V1 V0-V2 V0-V3 V1-V3 V2-V3,5,50,V0->V1 V0->V2 V0->V3 V1->V3 V3->V2,V0,V2,,1,1,True,0.00015270800000011242,0.0001562499999998579,1,5,3
4,V0-V1 V0-V2 V0-V3 V1-V3 V2-V3,5,50,V0->V1 V0->V2 V0->V3 V1->V3 V3->V2,V0,V3,,1,1,True,0.00013779099999999822,0.00014574999999994454,1,5,3
4,V0-V1 V0-V2 V0-V3 V1-V3 V2-V3,5,50,V0->V1 V0->V2 V0->V3 V1->V3 V3->V2,V1,V2,V0,1,1,True,9.99580000000666e-05,0.0001374589999998399,1,5,2
4,V0-V1 V0-V2 V0-V3 V1-V3 V2-V3,5,50,V0->V1 V0->V2 V0->V3 V1->V3 V3->V2,V1,V3,V0,1,1,True,9.187500000007454e-05,0.00013179199999990843,1,5,2
4,V0-V1 V0-V2 V0-V3 V1-V3 V2-V3,5,50,V0->V1 V0->V2 V0->V3 V1->V3 V3->V2,V3,V2,V0,2,2,True,0.0001066659999999775,0.0003685839999998386,2,9,4
4,V0-V1 V0-V2 V0-V3 V1-V3 V2-V3,5,50,V0->V1 V0->V2 V0->V3 V2->V3 V3->V1,V0,V1,,1,1,True,0.00015687500000005627,0.0001580000000001025,1,5,3
4,V0-V1 V0-V2 V0-V3 V1-V3 V2-V3,5,50,V0->V1 V0->V2 V0->V3 V2->V3 V3->V1,V0,V2,,1,1,True,0.0001451249999999682,0.00014866600000007502,1,5,3
4,V0-V1 V0-V2 V0-V3 V1-V3 V2-V3,5,50,V0->V1 V0->V2 V0->V3 V2->V3 V3->V1,V0,V3,,1,1,True,0.00013991599999996218,0.00014920899999992798,1,5,3
4,V0-V1 V0-V2 V0-V3 V1-V3 V2-V3,5,50,V0->V1 V0->V2 V0->V3 V2->V3 V3->V1,V2,V1,V0,1,1,True,7.008299999999856e-05,0.00014304199999992662,1,5,2
4,V0-V1 V0-V2 V0-V3 V1-V3 V2-V3,5,50,V0->V1 V0->V2 V0->V3 V2->V3 V3->V1,V2,V3,V0,1,1,True,6.69999999998172e-05,0.00013683300000000287,1,5,2
4,V0-V1 V0-V2 V0-V3 V1-V3 V2-V3,5,50,V0->V1 V0->V2 V0->V3 V2->V3 V3->V1,V3,V1,V0,2,2,True,7.725000000013971e-05,0.0003325409999999085,2,9,4
4,V0-V1 V0-V2 V0-V3 V1-V3 V2-V3,5,50,V0->V1 V0->V2 V0->V3 V3->V1 V3->V2,V0,V1,,1,1,True,0.0001631669999999641,0.00017862499999998782,1,5,4
4,V0-V1 V0-V2 V0-V3 V1-V3 V2-V3,5,50,V0->V1 V0->V2 V0->V3 V3->V1 V3->V2,V0,V2,,1,1,True,0.00015799999999988046,0.0001760420000000984,1,5,4
4,V0-V1 V0-V2 V0-V3 V1-V3 V2-V3,5,50,V0->V1 V0->V2 V0->V3 V3->V1 V3->V2,V0,V3,,1,1,True,0.00014641599999998256,0.00017541700000012206,1,5,4
4,V0-V1 V0-V2 V0-V3 V1-V3 V2-V3,5,50,V0->V1 V0->V2 V0->V3 V3->V1 V3->V2,V3,V1,V0,1,1,True,6.720800000015181e-05,0.00015949999999986808,1,5,3
4,V0-V1 V0-V2 V0-V3 V1-V3 V2-V3,5,50,V0->V1 V0->V2 V0->V3 V3->V1 V3->V2,V3,V2,V0,1,1,True,8.341699999991903e-05,0.00014045799999995445,1,5,2
4,V0-V1 V0-V2 V0-V3 V1-V3 V2-V3,5,50,V0->V1 V0->V2 V3->V0 V3->V1 V3->V2,V0,V1,V3,1,1,True,2.2874999999977774e-05,0.00013720799999994426,1,5,2
4,V0-V1 V0-V2 V0-V3 V1-V3 V2-V3,5,50,V0->V1 V0->V2 V3->V0 V3->V1 V3->V2,V0,V2,V3,1,1,True,2.2709000000009638e-05,0.0001341659999998246,1,5,2
4,V0-V1 V0-V2 V0-V3 V1-V3 V2-V3,5,50,V0->V1 V0->V2 V3->V0 V3->V1 V3->V2,V3,V0,,1,1,True,4.7833999999857824e-05,0.00013845800000011899,1,5,2
4,V0-V1 V0-V2 V0-V3 V1-V3 V2-V3,5,50,V0->V1 V0->V2 V3->V0 V3->V1 V3->V2,V3,V1,,1,1,True,5.133300000004226e-05,0.00013895900000004957,1,5,2
4,V0-V1 V0-V2 V0-V3 V1-V3 V2-V3,5,50,V0->V1 V0->V2 V3->V0 V3->V1 V3->V2,V3,V2,,1,1,True,5.245800000008849e-05,0.0001378329999999206,1,5,2
4,V0-V1 V0-V2 V0-V3 V1-V3 V2-V3,5,50,V0->V1 V0->V3 V2->V0 V2->V3 V3->V1,V0,V1,V2,1,1,True,2.408300000000807e-05,0.0001251669999999816,1,5,2
4,V0-V1 V0-V2 V0-V3 V1-V3 V2-V3,5,50,V0->V1 V0->V3 V2->V0 V2->V3 V3->V1,V0,V3,V2,1,1,True,2.250000000003638e-05,0.00012254199999994775,1,5,2
4,V0-V1 V0-V2 V0-V3 V1-V3 V2-V3,5,50,V0->V1 V0->V3 V2->V0 V2->V3 V3->V1,V2,V0,,1,1,True,5.041699999996929e-05,0.00012612499999997695,1,5,2
4,V0-V1 V0-V2 V0-V3 V1-V3 V2-V3,5,50,V0->V1 V0->V3 V2->V0 V2->V3 V3->V1,V2,V1,,1,1,True,5.795799999996909e-05,0.0001796250000001276,1,5,2
4,V0-V1 V0-V2 V0-V3 V1-V3 V2-V3,5,50,V0->V1 V0->V3 V2->V0 V2->V3 V3->V1,V2,V3,,1,1,True,5.8208000000004034e-05,0.00013354200000015304,1,5,2
4,V0-V1 V0-V2 V0-V3 V1-V3 V2-V3,5,50,V0->V1 V0->V3 V2->V0 V2->V3 V3->V1,V3,V1,V0,1,1,True,9.854199999992375e-05,0.00015316600000003788,1,5,3
4,V0-V1 V0-V2 V0-V3 V1-V3 V2-V3,5,50,V0->V1 V2->V0 V2->V3 V3->V0 V3->V1,V0,V1,V3,1,1,True,2.4499999999871847e-05,0.0001247920000000402,1,5,2
4,V0-V1 V0-V2 V0-V3 V1-V3 V2-V3,5,50,V0->V1 V2->V0 V2->V3 V3->V0 V3->V1,V2,V0,,1,1,True,8.34999999999031e-05,0.00014941700000004055,1,5,3
4,V0-V1 V0-V2 V0-V3 V1-V3 V2-V3,5,50,V0->V1 V2->V0 V2->V3 V3->V0 V3->V1,V2,V1,,1,1,True,9.349999999996861e-05,0.0001520420000000744,1,5,3
4,V0-V1 V0-V2 V0-V3 V1-V3 V2-V3,5,50,V0->V1 V2->V0 V2->V3 V3->V0 V3->V1,V2,V3,,1,1,True,8.104200000014217e-05,0.00014312499999991068,1,5,3
4,V0-V1 V0-V2 V0-V3 V1-V3 V2-V3,5,50,V0->V1 V2->V0 V2->V3 V3->V0 V3->V1,V3,V0,V2,1,1,True,3.9250000000157215e-05,0.00012666699999996922,1,5,2
4,V0-V1 V0-V2 V0-V3 V1-V3 V2-V3,5,50,V0->V1 V2->V0 V2->V3 V3->V0 V3->V1,V3,V1,V2,1,1,True,4.283299999996437e-05,0.0001281670000001789,1,5,2
4,V0-V1 V0-V2 V0-V3 V1-V3 V2-V3,5,50,V0->V1 V2->V0 V3->V0 V3->V1 V3->V2,V0,V1,V3,2,2,True,5.4292000000177865e-05,0.00029345799999980215,2,9,4
4,V0-V1 V0-V2 V0-V3 V1-V3 V2-V3,5,50,V0->V1 V2->V0 V3->V0 V3->V1 V3->V2,V2,V0,V3,1,1,True,3.850000000005238e-05,0.00012149999999988559,1,5,2
4,V0-V1 V0-V2 V0-V3 V1-V3 V2-V3,5,50,V0->V1 V2->V0 V3->V0 V3->V1 V3->V2,V2,V1,V3,1,1,True,4.03749999999814e-05,0.0001297090000000889,1,5,2
4,V0-V1 V0-V2 V0-V3 V1-V3 V2-V3,5,50,V0->V1 V2->V0 V3->V0 V3->V1 V3->V2,V3,V0,,1,1,True,5.095899999996156e-05,0.0001307500000000683,1,5,2
4,V0-V1 V0-V2 V0-V3 V1-V3 V2-V3,5,50,V0->V1 V2->V0 V3->V0 V3->V1 V3->V2,V3,V1,,1,1,True,5.575000000002106e-05,0.00013024999999999842,1,5,2
4,V0-V1 V0-V2 V0-V3 V1-V3 V2-V3,5,50,V0->V1 V2->V0 V3->V0 V3->V1 V3->V2,V3,V2,,1,1,True,5.02919999998408e-05,0.00012520800000004328,1,5,2
4,V0-V1 V0-V2 V0-V3 V1-V3 V2-V3,5,50,V0->V2 V0->V3 V1->V0 V1->V3 V3->V2,V0,V2,V1,1,1,True,2.4416000000027083e-05,0.00012941700000013157,1,5,2
4,V0-V1 V0-V2 V0-V3 V1-V3 V2-V3,5,50,V0->V2 V0->V3 V1->V0 V1->V3 V3->V2,V0,V3,V1,1,1,True,2.304200000002865e-05,0.0001267080000000309,1,5,2
4,V0-V1 V0-V2 V0-V3 V1-V3 V2-V3,5,50,V0->V2 V0->V3 V1->V0 V1->V3 V3->V2,V1,V0,,1,1,True,4.437500000009642e-05,0.00012558299999998468,1,5,2
4,V0-V1 V0-V2 V0-V3 V1-V3 V2-V3,5,50,V0->V2 V0->V3 V1->V0 V1->V3 V3->V2,V1,V2,,1,1,True,5.6833000000144906e-05,0.00013141699999996703,1,5,2
4,V0-V1 V0-V2 V0-V3 V1-V3 V2-V3,5,50,V0->V2 V0->V3 V1->V0 V1->V3 V3->V2,V1,V3,,1,1,True,6.0541999999941254e-05,0.00013320800000005129,1,5,2
4,V0-V1 V0-V2 V0-V3 V1-V3 V2-V3,5,50,V0->V2 V0->V3 V1->V0 V1->V3 V3->V2,V3,V2,V0,1,1,True,0.00012358299999992717,0.0001535830000001237,1,5,3
4,V0-V1 V0-V2 V0-V3 V1-V3 V2-V3,5,50,V0->V2 V1->V0 V1->V3 V3->V0 V3->V2,V0,V2,V3,1,1,True,2.470900000006715e-05,0.00012704099999982787,1,5,2
4,V0-V1 V0-V2 V0-V3 V1-V3 V2-V3,5,50,V0->V2 V1->V0 V1->V3 V3->V0 V3->V2,V1,V0,,1,1,True,7.912500000006872e-05,0.00015008299999985653,1,5,3
4,V0-V1 V0-V2 V0-V3 V1-V3 V2-V3,5,50,V0->V2 V1->V0 V1->V3 V3->V0 V3->V2,V1,V2,,1,1,True,9.441600000004158e-05,0.00015562499999988155,1,5,3
4,V0-V1 V0-V2 V0-V3 V1-V3 V2-V3,5,50,V0->V2 V1->V0 V1->V3 V3->V0 V3->V2,V1,V3,,1,1,True,7.66669999998637e-05,0.00014466599999996,1,5,3
4,V0-V1 V0-V2 V0-V3 V1-V3 V2-V3,5,50,V0->V2 V1->V0 V1->V3 V3->V0 V3->V2,V3,V0,V1,1,1,True,5.254199999993325e-05,0.00012833300000014702,1,5,2
4,V0-V1 V0-V2 V0-V3 V1-V3 V2-V3,5,50,V0->V2 V1->V0 V1->V3 V3->V0 V3->V2,V3,V2,V1,1,1,True,5.916699999986008e-05,0.00013129200000006058,1,5,2
4,V0-V1 V0-V2 V0-V3 V1-V3 V2-V3,5,50,V0->V2 V1->V0 V3->V0 V3->V1 V3->V2,V0,V2,V3,2,2,True,5.579200000016549e-05,0.0003005409999998765,2,9,4
4,V0-V1 V0-V2 V0-V3 V1-V3 V2-V3,5,50,V0->V2 V1->V0 V3->V0 V3->V1 V3->V2,V1,V0,V3,1,1,True,3.208300000001607e-05,0.0001238749999998845,1,5,2
4,V0-V1 V0-V2 V0-V3 V1-V3 V2-V3,5,50,V0->V2 V1->V0 V3->V0 V3->V1 V3->V2,V1,V2,V3,1,1,True,3.329199999990706e-05,0.0001265829999999024,1,5,2
4,V0-V1 V0-V2 V0-V3 V1-V3 V2-V3,5,50,V0->V2 V1->V0 V3->V0 V3->V1 V3->V2,V3,V0,,1,1,True,5.1790999999967724e-05,0.00013691700000006968,1,5,2
4,V0-V1 V0-V2 V0-V3 V1-V3 V2-V3,5,50,V0->V2 V1->V0 V3->V0 V3->V1 V3->V2,V3,V1,,1,1,True,5.0458999999891674e-05,0.0001274579999999137,1,5,2
4,V0-V1 V0-V2 V0-V3 V1-V3 V2-V3,5,50,V0->V2 V1->V0 V3->V0 V3->V1 V3->V2,V3,V2,,1,1,True,5.55419999999085e-05,0.00012962500000002208,1,5,2
4,V0-V1 V0-V2 V0-V3 V2-V3,4,32,V0->V1 V0-V2 V0-V3 V2-V3,V0,V1,,1,1,True,7.920899999991349e-05,0.00020225000000007043,1,1,2
4,V0-V1 V0-V2 V0-V3 V2-V3,4,32,V0->V1 V0->V2 V0-V3 V2-V3,V0,V1,,1,1,True,0.00011708399999998953,0.00022458300000005593,1,2,3
4,V0-V1 V0-V2 V0-V3 V2-V3,4,32,V0->V1 V0->V3 V0-V2 V2-V3,V0,V1,,1,1,True,0.000114791000000114,0.00021958399999988387,1,2,3
4,V0-V1 V0-V2 V0-V3 V2-V3,4,32,V0->V1 V2->V0 V0-V3 V2-V3,V0,V1,,2,2,True,0.0001251669999999816,0.0003227500000000383,2,3,3
4,V0-V1 V0-V2 V0-V3 V2-V3,4,32,V0->V1 V2->V3 V0-V2 V0-V3,V0,V1,,1,1,True,0.00011845799999998796,0.000221209,1,2,3
4,V0-V1 V0-V2 V0-V3 V2-V3,4,32,V0->V1 V3->V0 V0-V2 V2-V3,V0,V1,,2,2,True,0.00012450000000008288,0.0003207909999998204,2,3,3
4,V0-V1 V0-V2 V0-V3 V2-V3,4,32,V0->V1 V3->V2 V0-V2 V0-V3,V0,V1,,1,1,True,0.00011958400000011693,0.00022274999999982725,1,2,3
4,V0-V1 V0-V2 V0-V3 V2-V3,4,32,V0->V2 V0->V3 V0-V1 V2-V3,V0,V2,,1,1,True,5.962500000000759e-05,0.00018225000000016145,1,2,2
4,V0-V1 V0-V2 V0-V3 V2-V3,4,32,V0->V2 V0->V3 V0-V1 V2-V3,V0,V3,,1,1,True,5.629200000001333e-05,0.0001827500000000093,1,2,2
4,V0-V1 V0-V2 V0-V3 V2-V3,4,32,V0->V1 V0->V2 V0->V3 V2-V3,V0,V1,,1,1,True,0.00015208299999991404,0.0001878749999999485,1,3,4
4,V0-V1 V0-V2 V0-V3 V2-V3,4,32,V0->V1 V0->V2 V0->V3 V2-V3,V0,V2,,1,1,True,6.12500000001237e-05,0.00015300000000006975,1,3,2
4,V0-V1 V0-V2 V0-V3 V2-V3,4,32,V0->V1 V0->V2 V0->V3 V2-V3,V0,V3,,1,1,True,5.9167000000082126e-05,0.00015220800000004253,1,3,2
4,V0-V1 V0-V2 V0-V3 V2-V3,4,32,V0->V1 V0->V2 V3->V2 V0-V3,V0,V1,,1,1,True,0.00015391600000014272,0.00019054199999990473,1,3,4
4,V0-V1 V0-V2 V0-V3 V2-V3,4,32,V0->V1 V0->V3 V2->V3 V0-V2,V0,V1,,1,1,True,0.0001589999999997982,0.00019429100000012411,1,3,4
4,V0-V1 V0-V2 V0-V3 V2-V3,4,32,V0->V1 V2->V0 V2->V3 V0-V3,V0,V1,,2,2,True,0.00016008400000000478,0.00044954100000005326,3,7,5
4,V0-V1 V0-V2 V0-V3 V2-V3,4,32,V0->V1 V2->V0 V2->V3 V0-V3,V2,V0,,1,1,True,4.362499999999159e-05,0.0001345829999999104,1,3,2
4,V0-V1 V0-V2 V0-V3 V2-V3,4,32,V0->V1 V2->V0 V2->V3 V0-V3,V2,V1,,1,1,True,4.849999999989585e-05,0.00013562499999997257,1,3,2
4,V0-V1 V0-V2 V0-V3 V2-V3,4,32,V0->V1 V2->V0 V2->V3 V0-V3,V2,V3,,1,1,True,4.329200000019462e-05,0.00013008299999994755,1,3,2
4,V0-V1 V0-V2 V0-V3 V2-V3,4,32,V0->V1 V2->V0 V3->V0 V2-V3,V0,V1,,3,3,True,0.00016845800000009348,0.0005956670000000219,4,8,5
4,V0-V1 V0-V2 V0-V3 V2-V3,4,32,V0->V1 V3->V0 V3->V2 V0-V2,V0,V1,,2,2,True,0.00016491699999998666,0.0004641659999999881,3,7,5
4,V0-V1 V0-V2 V0-V3 V2-V3,4,32,V0->V1 V3->V0 V3->V2 V0-V2,V3,V0,,1,1,True,4.045899999982616e-05,0.00012970800000000615,1,3,2
4,V0-V1 V0-V2 V0-V3 V2-V3,4,32,V0->V1 V3->V0 V3->V2 V0-V2,V3,V1,,1,1,True,4.6833000000079394e-05,0.0001337499999998215,1,3,2
4,V0-V1 V0-V2 V0-V3 V2-V3,4,32,V0->V1 V3->V0 V3->V2 V0-V2,V3,V2,,1,1,True,4.0417000000125824e-05,0.0001252909999998053,1,3,2
4,V0-V1 V0-V2 V0-V3 V2-V3,4,32,V0->V2 V0->V3 V1->V0 V2-V3,V0,V2,,2,2,True,8.300000000005525e-05,0.00027729200000004006,2,5,3
4,V0-V1 V0-V2 V0-V3 V2-V3,4,32,V0->V2 V0->V3 V1->V0 V2-V3,V0,V3,,2,2,True,8.016700000013088e-05,0.0002722079999999405,2,5,3
4,V0-V1 V0-V2 V0-V3 V2-V3,4,32,V0->V2 V0->V3 V1->V0 V2-V3,V1,V0,,1,1,True,3.0999999999892225e-05,0.00010212500000017499,1,3,2
4,V0-V1 V0-V2 V0-V3 V2-V3,4,32,V0->V2 V0->V3 V1->V0 V2-V3,V1,V2,,1,1,True,3.64170000000108e-05,0.00010624999999997442,1,3,2
4,V0-V1 V0-V2 V0-V3 V2-V3,4,32,V0->V2 V0->V3 V1->V0 V2-V3,V1,V3,,1,1,True,4.141700000004356e-05,0.00010949999999998461,1,3,2
4,V0-V1 V0-V2 V0-V3 V2-V3,4,32,V0->V2 V0->V3 V2->V3 V0-V1,V0,V2,,1,1,True,8.07499999999628e-05,0.00016129200000003507,1,3,3
4,V0-V1 V0-V2 V0-V3 V2-V3,4,32,V0->V2 V0->V3 V2->V3 V0-V1,V0,V3,,1,1,True,8.087499999986925e-05,0.0001591670000000711,1,3,3
4,V0-V1 V0-V2 V0-V3 V2-V3,4,32,V0->V2 V0->V3 V2->V3 V0-V1,V2,V3,V0,1,1,True,5.787499999998502e-05,0.00013974999999999405,1,3,2
4,V0-V1 V0-V2 V0-V3 V2-V3,4,32,V0->V2 V0->V3 V3->V2 V0-V1,V0,V2,,1,1,True,8.329200000001258e-05,0.00016608299999987253,1,3,3
4,V0-V1 V0-V2 V0-V3 V2-V3,4,32,V0->V2 V0->V3 V3->V2 V0-V1,V0,V3,,1,1,True,7.875000000012733e-05,0.0001611249999999842,1,3,3
4,V0-V1 V0-V2 V0-V3 V2-V3,4,32,V0->V2 V0->V3 V3->V2 V0-V1,V3,V2,V0,1,1,True,3.995800000011762e-05,0.00013579200000002345,1,3,2
4,V0-V1 V0-V2 V0-V3 V2-V3,4,32,V0->V1 V0->V2 V0->V3 V2->V3,V0,V1,,1,1,True,0.00019920799999995076,0.00014345900000001244,1,4,4
4,V0-V1 V0-V2 V0-V3 V2-V3,4,32,V0->V1 V0->V2 V0->V3 V2->V3,V0,V2,,1,1,True,7.89170000001782e-05,0.00013079099999990795,1,4,3
4,V0-V1 V0-V2 V0-V3 V2-V3,4,32,V0->V1 V0->V2 V0->V3 V2->V3,V0,V3,,1,1,True,7.879200000004971e-05,0.0001314159999998843,1,4,3
4,V0-V1 V0-V2 V0-V3 V2-V3,4,32,V0->V1 V0->V2 V0->V3 V2->V3,V2,V3,V0,1,1,True,6.275000000011133e-05,0.00012091599999997094,1,4,2
4,V0-V1 V0-V2 V0-V3 V2-V3,4,32,V0->V1 V0->V2 V0->V3 V3->V2,V0,V1,,1,1,True,0.0002006249999999543,0.0001464170000000653,1,4,4
4,V0-V1 V0-V2 V0-V3 V2-V3,4,32,V0->V1 V0->V2 V0->V3 V3->V2,V0,V2,,1,1,True,7.995799999993558e-05,0.00013395800000015612,1,4,3
4,V0-V1 V0-V2 V0-V3 V2-V3,4,32,V0->V1 V0->V2 V0->V3 V3->V2,V0,V3,,1,1,True,7.608299999994905e-05,0.00012754200000020255,1,4,3
4,V0-V1 V0-V2 V0-V3 V2-V3,4,32,V0->V1 V0->V2 V0->V3 V3->V2,V3,V2,V0,1,1,True,4.2125000000003965e-05,0.0001559580000001226,1,4,2
4,V0-V1 V0-V2 V0-V3 V2-V3,4,32,V0->V1 V0->V2 V3->V0 V3->V2,V0,V1,,2,2,True,0.00020470900000013614,0.00032033299999989495,2,7,6
4,V0-V1 V0-V2 V0-V3 V2-V3,4,32,V0->V1 V0->V2 V3->V0 V3->V2,V0,V2,V3,1,1,True,1.7500000000003624e-05,9.679200000012322e-05,1,4,2
4,V0-V1 V0-V2 V0-V3 V2-V3,4,32,V0->V1 V0->V2 V3->V0 V3->V2,V3,V0,,1,1,True,3.6374999999866375e-05,0.0001015410000000383,1,4,2
4,V0-V1 V0-V2 V0-V3 V2-V3,4,32,V0->V1 V0->V2 V3->V0 V3->V2,V3,V1,,1,1,True,4.0041999999962385e-05,9.900000000007125e-05,1,4,2
4,V0-V1 V0-V2 V0-V3 V2-V3,4,32,V0->V1 V0->V2 V3->V0 V3->V2,V3,V2,,1,1,True,3.745799999999022e-05,9.991700000000492e-05,1,4,2
4,V0-V1 V0-V2 V0-V3 V2-V3,4,32,V0->V1 V0->V3 V2->V0 V2->V3,V0,V1,,2,2,True,0.0002190410000000309,0.00030924999999992764,2,7,6
4,V0-V1 V0-V2 V0-V3 V2-V3,4,32,V0->V1 V0->V3 V2->V0 V2->V3,V0,V3,V2,1,1,True,1.816700000012439e-05,9.908300000005532e-05,1,4,2
4,V0-V1 V0-V2 V0-V3 V2-V3,4,32,V0->V1 V0->V3 V2->V0 V2->V3,V2,V0,,1,1,True,3.187499999990351e-05,0.00010175000000001155,1,4,2
4,V0-V1 V0-V2 V0-V3 V2-V3,4,32,V0->V1 V0->V3 V2->V0 V2->V3,V2,V1,,1,1,True,3.64170000000108e-05,0.00010087500000000027,1,4,2
4,V0-V1 V0-V2 V0-V3 V2-V3,4,32,V0->V1 V0->V3 V2->V0 V2->V3,V2,V3,,1,1,True,3.491700000002318e-05,9.937500000001265e-05,1,4,2
4,V0-V1 V0-V2 V0-V3 V2-V3,4,32,V0->V1 V2->V0 V2->V3 V3->V0,V0,V1,,3,3,True,0.00020679100000009498,0.0007132499999999986,5,14,8
4,V0-V1 V0-V2 V0-V3 V2-V3,4,32,V0->V1 V2->V0 V2->V3 V3->V0,V2,V0,,1,1,True,6.191700000002243e-05,0.0001222910000000521,1,4,3
4,V0-V1 V0-V2 V0-V3 V2-V3,4,32,V0->V1 V2->V0 V2->V3 V3->V0,V2,V1,,1,1,True,7.025000000004944e-05,0.00012929200000000307,1,4,3
4,V0-V1 V0-V2 V0-V3 V2-V3,4,32,V0->V1 V2->V0 V2->V3 V3->V0,V2,V3,,1,1,True,6.066599999998701e-05,0.00011812499999996895,1,4,3
4,V0-V1 V0-V2 V0-V3 V2-V3,4,32,V0->V1 V2->V0 V2->V3 V3->V0,V3,V0,V2,1,1,True,4.0249999999852903e-05,0.00010495800000009936,1,4,2
4,V0-V1 V0-V2 V0-V3 V2-V3,4,32,V0->V1 V2->V0 V2->V3 V3->V0,V3,V1,V2,1,1,True,4.595800000006811e-05,0.00010687499999995076,1,4,2
4,V0-V1 V0-V2 V0-V3 V2-V3,4,32,V0->V1 V2->V0 V3->V0 V3->V2,V0,V1,,3,3,True,0.00020620900000012377,0.0008297909999999131,6,16,8
4,V0-V1 V0-V2 V0-V3 V2-V3,4,32,V0->V1 V2->V0 V3->V0 V3->V2,V2,V0,V3,1,1,True,1.712500000006223e-05,9.850000000000136e-05,1,4,2
4,V0-V1 V0-V2 V0-V3 V2-V3,4,32,V0->V1 V2->V0 V3->V0 V3->V2,V2,V1,V3,1,1,True,1.7874999999945018e-05,9.700000000001374e-05,1,4,2
4,V0-V1 V0-V2 V0-V3 V2-V3,4,32,V0->V1 V2->V0 V3->V0 V3->V2,V3,V0,,1,1,True,3.8457999999907955e-05,9.991700000000492e-05,1,4,2
4,V0-V1 V0-V2 V0-V3 V2-V3,4,32,V0->V1 V2->V0 V3->V0 V3->V2,V3,V1,,1,1,True,4.2542000000089786e-05,0.00010074999999987178,1,4,2
4,V0-V1 V0-V2 V0-V3 V2-V3,4,32,V0->V1 V2->V0 V3->V0 V3->V2,V3,V2,,1,1,True,3.649999999999487e-05,9.654200000008828e-05,1,4,2
4,V0-V1 V0-V2 V0-V3 V2-V3,4,32,V0->V2 V0->V3 V1->V0 V2->V3,V0,V2,,2,2,True,0.00010791599999993018,0.00036025000000017293,3,10,5
4,V0-V1 V0-V2 V0-V3 V2-V3,4,32,V0->V2 V0->V3 V1->V0 V2->V3,V0,V3,,2,2,True,0.0001009170000001447,0.0003712919999998565,3,10,5
4,V0-V1 V0-V2 V0-V3 V2-V3,4,32,V0->V2 V0->V3 V1->V0 V2->V3,V1,V0,,1,1,True,4.5292000000030086e-05,0.00011979099999992471,1,4,3
4,V0-V1 V0-V2 V0-V3 V2-V3,4,32,V0->V2 V0->V3 V1->V0 V2->V3,V1,V2,,1,1,True,4.899999999996574e-05,0.00011591700000002092,1,4,3
4,V0-V1 V0-V2 V0-V3 V2-V3,4,32,V0->V2 V0->V3 V1->V0 V2->V3,V1,V3,,1,1,True,5.579200000016549e-05,0.00011695800000000034,1,4,3
4,V0-V1 V0-V2 V0-V3 V2-V3,4,32,V0->V2 V0->V3 V1->V0 V2->V3,V2,V3,V0,1,1,True,6.762500000001559e-05,0.00011066600000009252,1,4,2
4,V0-V1 V0-V2 V0-V3 V2-V3,4,32,V0->V2 V0->V3 V1->V0 V3->V2,V0,V2,,2,2,True,0.0001041659999998501,0.0003579590000000188,3,10,5
4,V0-V1 V0-V2 V0-V3 V2-V3,4,32,V0->V2 V0->V3 V1->V0 V3->V2,V0,V3,,2,2,True,9.65000000001659e-05,0.0003457089999998608,3,10,5
4,V0-V1 V0-V2 V0-V3 V2-V3,4,32,V0->V2 V0->V3 V1->V0 V3->V2,V1,V0,,1,1,True,4.270899999991862e-05,0.00011066600000009252,1,4,3
4,V0-V1 V0-V2 V0-V3 V2-V3,4,32,V0->V2 V0->V3 V1->V0 V3->V2,V1,V2,,1,1,True,5.216699999999186e-05,0.00011724999999995767,1,4,3
4,V0-V1 V0-V2 V0-V3 V2-V3,4,32,V0->V2 V0->V3 V1->V0 V3->V2,V1,V3,,1,1,True,5.370900000012391e-05,0.00011316599999999788,1,4,3
4,V0-V1 V0-V2 V0-V3 V2-V3,4,32,V0->V2 V0->V3 V1->V0 V3->V2,V3,V2,V0,1,1,True,4.216699999992635e-05,0.00010241600000004958,1,4,2
4,V0-V1 V0-V2 V1-V2,3,19,V0-V1 V0-V2 V1-V2,V0,V3,,-1,-1,True,0.00023320899999990097,3.591600000008022e-05,1,0,1
4,V0-V1 V0-V2 V1-V2,3,19,V0-V1 V0-V2 V1-V2,V1,V3,,-1,-1,True,0.0002351660000001754,3.579199999981242e-05,1,0,1
4,V0-V1 V0-V2 V1-V2,3,19,V0-V1 V0-V2 V1-V2,V2,V3,,-1,-1,True,0.00022766600000001525,3.4791999999894685e-05,1,0,1
4,V0-V1 V0-V2 V1-V2,3,19,V0-V1 V0-V2 V1-V2,V3,V0,,-1,-1,True,0.0002147089999999796,3.2208000000144565e-05,1,0,1
4,V0-V1 V0-V2 V1-V2,3,19,V0-V1 V0-V2 V1-V2,V3,V1,,-1,-1,True,0.00021775000000001654,3.2542000000024274e-05,1,0,1
4,V0-V1 V0-V2 V1-V2,3,19,V0-V1 V0-V2 V1-V2,V3,V2,,-1,-1,True,0.00021695799999998933,3.262500000000834e-05,1,0,1
4,V0-V1 V0-V2 V1-V2,3,19,V0->V1 V0-V2 V1-V2,V0,V3,,-1,-1,True,0.000229209000000008,0.00012116600000000588,2,1,2
4,V0-V1 V0-V2 V1-V2,3,19,V0->V1 V0-V2 V1-V2,V1,V3,,-1,-1,True,0.0002294579999999602,0.00012329200000005258,2,1,2
4,V0-V1 V0-V2 V1-V2,3,19,V0->V1 V0-V2 V1-V2,V2,V3,,-1,-1,True,0.00022995800000003008,0.0001482499999998499,2,1,2
4,V0-V1 V0-V2 V1-V2,3,19,V0->V1 V0-V2 V1-V2,V3,V0,,-1,-1,True,0.0002201659999998551,0.00012045900000012821,2,1,2
4,V0-V1 V0-V2 V1-V2,3,19,V0->V1 V0-V2 V1-V2,V3,V1,,-1,-1,True,0.0002179580000001291,0.00012024999999993291,2,1,2
4,V0-V1 V0-V2 V1-V2,3,19,V0->V1 V0-V2 V1-V2,V3,V2,,-1,-1,True,0.0002182920000000088,0.00011641700000009081,2,1,2
4,V0-V1 V0-V2 V1-V2,3,19,V0->V2 V0-V1 V1-V2,V0,V3,,-1,-1,True,0.00022545799999984517,0.00011654199999999726,2,1,2
4,V0-V1 V0-V2 V1-V2,3,19,V0->V2 V0-V1 V1-V2,V1,V3,,-1,-1,True,0.0002251660000001099,0.00011795900000000081,2,1,2
4,V0-V1 V0-V2 V1-V2,3,19,V0->V2 V0-V1 V1-V2,V2,V3,,-1,-1,True,0.0002287499999999998,0.00012362499999984955,2,1,2
4,V0-V1 V0-V2 V1-V2,3,19,V0->V2 V0-V1 V1-V2,V3,V0,,-1,-1,True,0.00021587499999986548,0.00011600000000000499,2,1,2
4,V0-V1 V0-V2 V1-V2,3,19,V0->V2 V0-V1 V1-V2,V3,V1,,-1,-1,True,0.00021312499999992518,0.00011704200000006715,2,1,2
4,V0-V1 V0-V2 V1-V2,3,19,V0->V2 V0-V1 V1-V2,V3,V2,,-1,-1,True,0.00021241599999988203,0.00011958400000011693,2,1,2
4,V0-V1 V0-V2 V1-V2,3,19,V1->V0 V0-V2 V1-V2,V0,V3,,-1,-1,True,0.0002265829999998914,0.00012170799999999815,2,1,2
4,V0-V1 V0-V2 V1-V2,3,19,V1->V0 V0-V2 V1-V2,V1,V3,,-1,-1,True,0.00022716599999994536,0.00011758400000005942,2,1,2
4,V0-V1 V0-V2 V1-V2,3,19,V1->V0 V0-V2 V1-V2,V2,V3,,-1,-1,True,0.0002264170000001453,0.00011870799999980086,2,1,2
4,V0-V1 V0-V2 V1-V2,3,19,V1->V0 V0-V2 V1-V2,V3,V0,,-1,-1,True,0.00021212500000000745,0.00011641700000009081,2,1,2
4,V0-V1 V0-V2 V1-V2,3,19,V1->V0 V0-V2 V1-V2,V3,V1,,-1,-1,True,0.0002127080000000614,0.00011237499999983136,2,1,2
4,V0-V1 V0-V2 V1-V2,3,19,V1->V0 V0-V2 V1-V2,V3,V2,,-1,-1,True,0.00021179100000012774,0.00011291699999982363,2,1,2
4,V0-V1 V0-V2 V1-V2,3,19,V1->V2 V0-V1 V0-V2,V0,V3,,-1,-1,True,0.00022454199999999425,0.0001175410000000543,2,1,2
4,V0-V1 V0-V2 V1-V2,3,19,V1->V2 V0-V1 V0-V2,V1,V3,,-1,-1,True,0.0002254159999999228,0.00011520900000006051,2,1,2
4,V0-V1 V0-V2 V1-V2,3,19,V1->V2 V0-V1 V0-V2,V2,V3,,-1,-1,True,0.00022349999999993209,0.00011979200000000745,2,1,2
4,V0-V1 V0-V2 V1-V2,3,19,V1->V2 V0-V1 V0-V2,V3,V0,,-1,-1,True,0.00021233400000020275,0.00011433299999996649,2,1,2
4,V0-V1 V0-V2 V1-V2,3,19,V1->V2 V0-V1 V0-V2,V3,V1,,-1,-1,True,0.0002389999999998782,0.00012404100000007467,2,1,2
4,V0-V1 V0-V2 V1-V2,3,19,V1->V2 V0-V1 V0-V2,V3,V2,,-1,-1,True,0.00021729199999986903,0.00012150000000010763,2,1,2
4,V0-V1 V0-V2 V1-V2,3,19,V2->V0 V0-V1 V1-V2,V0,V3,,-1,-1,True,0.00023170800000005265,0.00012300000000009526,2,1,2
4,V0-V1 V0-V2 V1-V2,3,19,V2->V0 V0-V1 V1-V2,V1,V3,,-1,-1,True,0.00023008400000001927,0.00011975000000008507,2,1,2
4,V0-V1 V0-V2 V1-V2,3,19,V2->V0 V0-V1 V1-V2,V2,V3,,-1,-1,True,0.00022962500000001107,0.0001169170000001607,2,1,2
4,V0-V1 V0-V2 V1-V2,3,19,V2->V0 V0-V1 V1-V2,V3,V0,,-1,-1,True,0.0002153749999997956,0.00011695900000008308,2,1,2
4,V0-V1 V0-V2 V1-V2,3,19,V2->V0 V0-V1 V1-V2,V3,V1,,-1,-1,True,0.0002151249999999827,0.00011462500000014586,2,1,2
4,V0-V1 V0-V2 V1-V2,3,19,V2->V0 V0-V1 V1-V2,V3,V2,,-1,-1,True,0.00021545900000008444,0.00011270799999985037,2,1,2
4,V0-V1 V0-V2 V1-V2,3,19,V2->V1 V0-V1 V0-V2,V0,V3,,-1,-1,True,0.000228000000000117,0.00012033399999999972,2,1,2
4,V0-V1 V0-V2 V1-V2,3,19,V2->V1 V0-V1 V0-V2,V1,V3,,-1,-1,True,0.000232333000000029,0.00012558400000006742,2,1,2
4,V0-V1 V0-V2 V1-V2,3,19,V2->V1 V0-V1 V0-V2,V2,V3,,-1,-1,True,0.00022974999999991752,0.00011933299999999925,2,1,2
4,V0-V1 V0-V2 V1-V2,3,19,V2->V1 V0-V1 V0-V2,V3,V0,,-1,-1,True,0.0002187080000000119,0.0001184590000000707,2,1,2
4,V0-V1 V0-V2 V1-V2,3,19,V2->V1 V0-V1 V0-V2,V3,V1,,-1,-1,True,0.0002175840000000484,0.00011845799999998796,2,1,2
4,V0-V1 V0-V2 V1-V2,3,19,V2->V1 V0-V1 V0-V2,V3,V2,,-1,-1,True,0.0002147500000000413,0.000113209000000003,2,1,2
4,V0-V1 V0-V2 V1-V2,3,19,V0->V1 V0->V2 V1-V2,V0,V1,,1,1,True,4.350000000008514e-05,0.0001094159999999178,1,2,2
4,V0-V1 V0-V2 V1-V2,3,19,V0->V1 V0->V2 V1-V2,V0,V2,,1,1,True,4.0666999999938724e-05,0.00010475000000020884,1,2,2
4,V0-V1 V0-V2 V1-V2,3,19,V0->V1 V0->V2 V1-V2,V0,V3,,-1,-1,True,0.0002266669999999582,0.0002827080000000759,4,4,4
4,V0-V1 V0-V2 V1-V2,3,19,V0->V1 V0->V2 V1-V2,V1,V3,,-1,-1,True,0.00022883299999998385,0.00029316699999992757,4,4,4
4,V0-V1 V0-V2 V1-V2,3,19,V0->V1 V0->V2 V1-V2,V2,V3,,-1,-1,True,0.00022745800000012473,0.00029329200000005606,4,4,4
4,V0-V1 V0-V2 V1-V2,3,19,V0->V1 V0->V2 V1-V2,V3,V0,,-1,-1,True,0.00022295799999993982,0.0003165830000000369,4,4,4
4,V0-V1 V0-V2 V1-V2,3,19,V0->V1 V0->V2 V1-V2,V3,V1,,-1,-1,True,0.00022087499999989824,0.00029283300000004786,4,4,4
4,V0-V1 V0-V2 V1-V2,3,19,V0->V1 V0->V2 V1-V2,V3,V2,,-1,-1,True,0.00021329199999997606,0.0002869580000000038,4,4,4
4,V0-V1 V0-V2 V1-V2,3,19,V0->V1 V2->V1 V0-V2,V0,V3,,-1,-1,True,0.00022916600000000287,0.0002887920000000932,4,4,4
4,V0-V1 V0-V2 V1-V2,3,19,V0->V1 V2->V1 V0-V2,V1,V3,,-1,-1,True,0.0002275419999999695,0.0002958749999999455,4,4,4
4,V0-V1 V0-V2 V1-V2,3,19,V0->V1 V2->V1 V0-V2,V2,V3,,-1,-1,True,0.00022749999999982506,0.00028579200000011795,4,4,4
4,V0-V1 V0-V2 V1-V2,3,19,V0->V1 V2->V1 V0-V2,V3,V0,,-1,-1,True,0.00021583400000002584,0.00027966599999995623,4,4,4
4,V0-V1 V0-V2 V1-V2,3,19,V0->V1 V2->V1 V0-V2,V3,V1,,-1,-1,True,0.00021395900000009682,0.00028708299999991027,4,4,4
4,V0-V1 V0-V2 V1-V2,3,19,V0->V1 V2->V1 V0-V2,V3,V2,,-1,-1,True,0.00021295899999995704,0.00027874999999988326,4,4,4
4,V0-V1 V0-V2 V1-V2,3,19,V0->V2 V1->V2 V0-V1,V0,V3,,-1,-1,True,0.00022812500000002345,0.00028841699999992976,4,4,4
4,V0-V1 V0-V2 V1-V2,3,19,V0->V2 V1->V2 V0-V1,V1,V3,,-1,-1,True,0.00022929199999999206,0.00028791599999999917,4,4,4
4,V0-V1 V0-V2 V1-V2,3,19,V0->V2 V1->V2 V0-V1,V2,V3,,-1,-1,True,0.00022591700000007542,0.0002962499999998869,4,4,4
4,V0-V1 V0-V2 V1-V2,3,19,V0->V2 V1->V2 V0-V1,V3,V0,,-1,-1,True,0.00021612500000012247,0.0002794580000000657,4,4,4
4,V0-V1 V0-V2 V1-V2,3,19,V0->V2 V1->V2 V0-V1,V3,V1,,-1,-1,True,0.00021537500000001764,0.00028066599999987396,4,4,4
4,V0-V1 V0-V2 V1-V2,3,19,V0->V2 V1->V2 V0-V1,V3,V2,,-1,-1,True,0.0002138329999998856,0.00032975000000012855,4,4,4
4,V0-V1 V0-V2 V1-V2,3,19,V1->V0 V1->V2 V0-V2,V0,V3,,-1,-1,True,0.00023254200000000225,0.00030799999999997496,4,4,4
4,V0-V1 V0-V2 V1-V2,3,19,V1->V0 V1->V2 V0-V2,V1,V0,,1,1,True,3.5500000000077137e-05,0.00011279199999991718,1,2,2
4,V0-V1 V0-V2 V1-V2,3,19,V1->V0 V1->V2 V0-V2,V1,V2,,1,1,True,3.370799999991014e-05,0.000109874999999926,1,2,2
4,V0-V1 V0-V2 V1-V2,3,19,V1->V0 V1->V2 V0-V2,V1,V3,,-1,-1,True,0.00023375000000003254,0.00029254100000009053,4,4,4
4,V0-V1 V0-V2 V1-V2,3,19,V1->V0 V1->V2 V0-V2,V2,V3,,-1,-1,True,0.00022900000000003473,0.0002955419999999265,4,4,4
4,V0-V1 V0-V2 V1-V2,3,19,V1->V0 V1->V2 V0-V2,V3,V0,,-1,-1,True,0.00021820900000002474,0.0002894579999999092,4,4,4
4,V0-V1 V0-V2 V1-V2,3,19,V1->V0 V1->V2 V0-V2,V3,V1,,-1,-1,True,0.00022045800000003446,0.00028799999999984394,4,4,4
4,V0-V1 V0-V2 V1-V2,3,19,V1->V0 V1->V2 V0-V2,V3,V2,,-1,-1,True,0.0002164170000000798,0.00029254199999995123,4,4,4
4,V0-V1 V0-V2 V1-V2,3,19,V1->V0 V2->V0 V1-V2,V0,V3,,-1,-1,True,0.00023254200000000225,0.00030683300000000635,4,4,4
4,V0-V1 V0-V2 V1-V2,3,19,V1->V0 V2->V0 V1-V2,V1,V3,,-1,-1,True,0.00023308299999991178,0.00029337500000004013,4,4,4
4,V0-V1 V0-V2 V1-V2,3,19,V1->V0 V2->V0 V1-V2,V2,V3,,-1,-1,True,0.00023958399999979285,0.00030616600000010763,4,4,4
4,V0-V1 V0-V2 V1-V2,3,19,V1->V0 V2->V0 V1-V2,V3,V0,,-1,-1,True,0.0002169999999999117,0.0002983340000000112,4,4,4
4,V0-V1 V0-V2 V1-V2,3,19,V1->V0 V2->V0 V1-V2,V3,V1,,-1,-1,True,0.000216333000000013,0.00027874999999988326,4,4,4
4,V0-V1 V0-V2 V1-V2,3,19,V1->V0 V2->V0 V1-V2,V3,V2,,-1,-1,True,0.00021491700000009217,0.00028608299999999254,4,4,4
4,V0-V1 V0-V2 V1-V2,3,19,V2->V0 V2->V1 V0-V1,V0,V3,,-1,-1,True,0.00022812500000002345,0.0002952920000001136,4,4,4
4,V0-V1 V0-V2 V1-V2,3,19,V2->V0 V2->V1 V0-V1,V1,V3,,-1,-1,True,0.0002380420000001049,0.0002949580000000118,4,4,4
4,V0-V1 V0-V2 V1-V2,3,19,V2->V0 V2->V1 V0-V1,V2,V0,,1,1,True,3.0250000000009436e-05,0.00010104200000005115,1,2,2
4,V0-V1 V0-V2 V1-V2,3,19,V2->V0 V2->V1 V0-V1,V2,V1,,1,1,True,2.970899999987786e-05,0.0001010409999999684,1,2,2
4,V0-V1 V0-V2 V1-V2,3,19,V2->V0 V2->V1 V0-V1,V2,V3,,-1,-1,True,0.00022904100000009642,0.00029479199999982164,4,4,4
4,V0-V1 V0-V2 V1-V2,3,19,V2->V0 V2->V1 V0-V1,V3,V0,,-1,-1,True,0.00021874999999993427,0.0003183330000000595,4,4,4
4,V0-V1 V0-V2 V1-V2,3,19,V2->V0 V2->V1 V0-V1,V3,V1,,-1,-1,True,0.00021941700000005504,0.00029116600000000936,4,4,4
4,V0-V1 V0-V2 V1-V2,3,19,V2->V0 V2->V1 V0-V1,V3,V2,,-1,-1,True,0.00021562499999983054,0.00027850000000007036,4,4,4
4,V0-V1 V0-V2 V1-V2,3,19,V0->V1 V0->V2 V1->V2,V0,V1,,1,1,True,5.9041000000092936e-05,9.833400000003323e-05,1,3,3
4,V0-V1 V0-V2 V1-V2,3,19,V0->V1 V0->V2 V1->V2,V0,V2,,1,1,True,5.795799999996909e-05,9.779200000004096e-05,1,3,3
4,V0-V1 V0-V2 V1-V2,3,19,V0->V1 V0->V2 V1->V2,V0,V3,,-1,-1,True,0.00023954100000000977,0.0005269589999998825,7,10,7
4,V0-V1 V0-V2 V1-V2,3,19,V0->V1 V0->V2 V1->V2,V1,V2,V0,1,1,True,4.7124999999814676e-05,8.950000000007563e-05,1,3,2
4,V0-V1 V0-V2 V1-V2,3,19,V0->V1 V0->V2 V1->V2,V1,V3,,-1,-1,True,0.00023091600000002543,0.000535084000000019,7,10,7
4,V0-V1 V0-V2 V1-V2,3,19,V0->V1 V0->V2 V1->V2,V2,V3,,-1,-1,True,0.00024124999999997065,0.0005490829999998947,7,10,7
4,V0-V1 V0-V2 V1-V2,3,19,V0->V1 V0->V2 V1->V2,V3,V0,,-1,-1,True,0.00021529200000003357,0.0005096669999999914,7,10,7
4,V0-V1 V0-V2 V1-V2,3,19,V0->V1 V0->V2 V1->V2,V3,V1,,-1,-1,True,0.00021454200000015078,0.000518540999999928,7,10,7
4,V0-V1 V0-V2 V1-V2,3,19,V0->V1 V0->V2 V1->V2,V3,V2,,-1,-1,True,0.00021537500000001764,0.0005262919999999838,7,10,7
4,V0-V1 V0-V2 V1-V2,3,19,V0->V1 V0->V2 V2->V1,V0,V1,,1,1,True,6.283399999995609e-05,0.00013604099999997565,1,3,3
4,V0-V1 V0-V2 V1-V2,3,19,V0->V1 V0->V2 V2->V1,V0,V2,,1,1,True,5.7207999999864256e-05,9.912500000019975e-05,1,3,3
4,V0-V1 V0-V2 V1-V2,3,19,V0->V1 V0->V2 V2->V1,V0,V3,,-1,-1,True,0.00022770799999993763,0.0005225000000002034,7,10,7
4,V0-V1 V0-V2 V1-V2,3,19,V0->V1 V0->V2 V2->V1,V1,V3,,-1,-1,True,0.00023258300000006393,0.000559749999999859,7,10,7
4,V0-V1 V0-V2 V1-V2,3,19,V0->V1 V0->V2 V2->V1,V2,V1,V0,1,1,True,3.0416999999838268e-05,8.145800000014525e-05,1,3,2
4,V0-V1 V0-V2 V1-V2,3,19,V0->V1 V0->V2 V2->V1,V2,V3,,-1,-1,True,0.0002287920000001442,0.0005335829999999486,7,10,7
4,V0-V1 V0-V2 V1-V2,3,19,V0->V1 V0->V2 V2->V1,V3,V0,,-1,-1,True,0.00021687500000000526,0.0005222919999998688,7,10,7
4,V0-V1 V0-V2 V1-V2,3,19,V0->V1 V0->V2 V2->V1,V3,V1,,-1,-1,True,0.00021645900000000218,0.0005272499999999791,7,10,7
4,V0-V1 V0-V2 V1-V2,3,19,V0->V1 V0->V2 V2->V1,V3,V2,,-1,-1,True,0.0002159580000000716,0.0005165839999998756,7,10,7
4,V0-V1 V0-V2 V1-V2,3,19,V0->V1 V2->V0 V2->V1,V0,V1,V2,1,1,True,1.4041000000020176e-05,8.800000000008801e-05,1,3,2
4,V0-V1 V0-V2 V1-V2,3,19,V0->V1 V2->V0 V2->V1,V0,V3,,-1,-1,True,0.00024045800000016548,0.0005287499999999667,7,10,7
4,V0-V1 V0-V2 V1-V2,3,19,V0->V1 V2->V0 V2->V1,V1,V3,,-1,-1,True,0.00022758399999989187,0.0005442500000001349,7,10,7
4,V0-V1 V0-V2 V1-V2,3,19,V0->V1 V2->V0 V2->V1,V2,V0,,1,1,True,2.725000000003419e-05,8.137499999993913e-05,1,3,2
4,V0-V1 V0-V2 V1-V2,3,19,V0->V1 V2->V0 V2->V1,V2,V1,,1,1,True,2.8708999999960128e-05,8.116599999996588e-05,1,3,2
4,V0-V1 V0-V2 V1-V2,3,19,V0->V1 V2->V0 V2->V1,V2,V3,,-1,-1,True,0.0002327500000001148,0.0005319999999999769,7,10,7
4,V0-V1 V0-V2 V1-V2,3,19,V0->V1 V2->V0 V2->V1,V3,V0,,-1,-1,True,0.00022083299999997585,0.0005741250000002029,7,10,7
4,V0-V1 V0-V2 V1-V2,3,19,V0->V1 V2->V0 V2->V1,V3,V1,,-1,-1,True,0.00022087499999989824,0.0005436249999999365,7,10,7
4,V0-V1 V0-V2 V1-V2,3,19,V0->V1 V2->V0 V2->V1,V3,V2,,-1,-1,True,0.000216666000000032,0.0005157920000000704,7,10,7
4,V0-V1 V0-V2 V1-V2,3,19,V0->V2 V1->V0 V1->V2,V0,V2,V1,1,1,True,1.3749999999923546e-05,7.916700000021315e-05,1,3,2
4,V0-V1 V0-V2 V1-V2,3,19,V0->V2 V1->V0 V1->V2,V0,V3,,-1,-1,True,0.00023137500000003364,0.0005355419999999445,7,10,7
4,V0-V1 V0-V2 V1-V2,3,19,V0->V2 V1->V0 V1->V2,V1,V0,,1,1,True,2.3875000000117552e-05,7.899999999994023e-05,1,3,2
4,V0-V1 V0-V2 V1-V2,3,19,V0->V2 V1->V0 V1->V2,V1,V2,,1,1,True,2.6459000000089716e-05,7.95410000000718e-05,1,3,2
4,V0-V1 V0-V2 V1-V2,3,19,V0->V2 V1->V0 V1->V2,V1,V3,,-1,-1,True,0.00022929099999990932,0.0005186249999999948,7,10,7
4,V0-V1 V0-V2 V1-V2,3,19,V0->V2 V1->V0 V1->V2,V2,V3,,-1,-1,True,0.00022683400000000908,0.0005337499999999995,7,10,7
4,V0-V1 V0-V2 V1-V2,3,19,V0->V2 V1->V0 V1->V2,V3,V0,,-1,-1,True,0.00021516700000012712,0.0005300409999999811,7,10,7
4,V0-V1 V0-V2 V1-V2,3,19,V0->V2 V1->V0 V1->V2,V3,V1,,-1,-1,True,0.0002157090000001194,0.0005137499999998685,7,10,7
4,V0-V1 V0-V2 V1-V2,3,19,V0->V2 V1->V0 V1->V2,V3,V2,,-1,-1,True,0.00021591599999992717,0.0005272090000001395,7,10,7
4,V0-V1 V0-V2 V1-V2,3,19,V1->V0 V1->V2 V2->V0,V0,V3,,-1,-1,True,0.0002287499999999998,0.0005403340000000867,7,10,7
4,V0-V1 V0-V2 V1-V2,3,19,V1->V0 V1->V2 V2->V0,V1,V0,,1,1,True,5.091700000003918e-05,9.679200000012322e-05,1,3,3
4,V0-V1 V0-V2 V1-V2,3,19,V1->V0 V1->V2 V2->V0,V1,V2,,1,1,True,4.7459000000138474e-05,9.37909999998432e-05,1,3,3
4,V0-V1 V0-V2 V1-V2,3,19,V1->V0 V1->V2 V2->V0,V1,V3,,-1,-1,True,0.00026216700000003534,0.0005515410000000998,7,10,7
4,V0-V1 V0-V2 V1-V2,3,19,V1->V0 V1->V2 V2->V0,V2,V0,V1,1,1,True,3.145800000003973e-05,8.337499999999665e-05,1,3,2
4,V0-V1 V0-V2 V1-V2,3,19,V1->V0 V1->V2 V2->V0,V2,V3,,-1,-1,True,0.000229209000000008,0.0005349580000000298,7,10,7
4,V0-V1 V0-V2 V1-V2,3,19,V1->V0 V1->V2 V2->V0,V3,V0,,-1,-1,True,0.0002171660000001019,0.0005364999999999398,7,10,7
4,V0-V1 V0-V2 V1-V2,3,19,V1->V0 V1->V2 V2->V0,V3,V1,,-1,-1,True,0.00021612500000012247,0.0005230000000000512,7,10,7
4,V0-V1 V0-V2 V1-V2,3,19,V1->V0 V1->V2 V2->V0,V3,V2,,-1,-1,True,0.00022766699999987594,0.0005286250000000603,7,10,7
4,V0-V1 V0-V2 V1-V2,3,19,V1->V0 V2->V0 V2->V1,V0,V3,,-1,-1,True,0.00023295800000000533,0.0005532079999999162,7,10,7
4,V0-V1 V0-V2 V1-V2,3,19,V1->V0 V2->V0 V2->V1,V1,V0,V2,1,1,True,1.345900000004896e-05,7.845799999994796e-05,1,3,2
4,V0-V1 V0-V2 V1-V2,3,19,V1->V0 V2->V0 V2->V1,V1,V3,,-1,-1,True,0.00023354199999991998,0.0005532500000000606,7,10,7
4,V0-V1 V0-V2 V1-V2,3,19,V1->V0 V2->V0 V2->V1,V2,V0,,1,1,True,2.8958999999995072e-05,8.112499999990419e-05,1,3,2
4,V0-V1 V0-V2 V1-V2,3,19,V1->V0 V2->V0 V2->V1,V2,V1,,1,1,True,2.6540999999991044e-05,7.812499999992895e-05,1,3,2
4,V0-V1 V0-V2 V1-V2,3,19,V1->V0 V2->V0 V2->V1,V2,V3,,-1,-1,True,0.00022962500000001107,0.0005286249999998383,7,10,7
4,V0-V1 V0-V2 V1-V2,3,19,V1->V0 V2->V0 V2->V1,V3,V0,,-1,-1,True,0.0002186669999999502,0.0005350419999998746,7,10,7
4,V0-V1 V0-V2 V1-V2,3,19,V1->V0 V2->V0 V2->V1,V3,V1,,-1,-1,True,0.00021745800000005922,0.0005606249999998703,7,10,7
4,V0-V1 V0-V2 V1-V2,3,19,V1->V0 V2->V0 V2->V1,V3,V2,,-1,-1,True,0.00022087500000012028,0.0005347499999999172,7,10,7
4,V0-V1 V0-V2 V1-V2 V1-V3,4,32,V1->V3 V0-V1 V0-V2 V1-V2,V1,V3,,1,1,True,6.67500000000043e-05,0.00019162500000002858,1,1,2
4,V0-V1 V0-V2 V1-V2 V1-V3,4,32,V0->V1 V1->V3 V0-V2 V1-V2,V1,V3,,2,2,True,0.00011212500000001846,0.00031395899999986376,2,3,3
4,V0-V1 V0-V2 V1-V2 V1-V3,4,32,V0->V2 V1->V3 V0-V1 V1-V2,V1,V3,,1,1,True,8.654200000002277e-05,0.0001858329999999686,1,2,2
4,V0-V1 V0-V2 V1-V2 V1-V3,4,32,V1->V0 V1->V2 V0-V2 V1-V3,V1,V0,,1,1,True,6.091700000010469e-05,0.00019529199999990254,1,2,2
4,V0-V1 V0-V2 V1-V2 V1-V3,4,32,V1->V0 V1->V2 V0-V2 V1-V3,V1,V2,,1,1,True,5.945899999981741e-05,0.00019150000000012213,1,2,2
4,V0-V1 V0-V2 V1-V2 V1-V3,4,32,V1->V0 V1->V3 V0-V2 V1-V2,V1,V3,,1,1,True,5.837500000005491e-05,0.00016945900000009395,1,2,2
4,V0-V1 V0-V2 V1-V2 V1-V3,4,32,V1->V2 V1->V3 V0-V1 V0-V2,V1,V3,,1,1,True,6.39159999999972e-05,0.00017399999999989646,1,2,2
4,V0-V1 V0-V2 V1-V2 V1-V3,4,32,V1->V3 V2->V0 V0-V1 V1-V2,V1,V3,,1,1,True,0.00010183299999999562,0.00021504199999999862,1,2,3
4,V0-V1 V0-V2 V1-V2 V1-V3,4,32,V1->V3 V2->V1 V0-V1 V0-V2,V1,V3,,2,2,True,0.00011258299999994392,0.00030850000000004485,2,3,3
4,V0-V1 V0-V2 V1-V2 V1-V3,4,32,V0->V1 V0->V2 V1->V3 V1-V2,V0,V1,,1,1,True,7.62079999998555e-05,0.00014350000000007412,1,3,2
4,V0-V1 V0-V2 V1-V2 V1-V3,4,32,V0->V1 V0->V2 V1->V3 V1-V2,V0,V2,,1,1,True,6.516700000003262e-05,0.00013495800000007385,1,3,2
4,V0-V1 V0-V2 V1-V2 V1-V3,4,32,V0->V1 V0->V2 V1->V3 V1-V2,V0,V3,,1,1,True,7.437500000007091e-05,0.0001414159999999498,1,3,2
4,V0-V1 V0-V2 V1-V2 V1-V3,4,32,V0->V1 V0->V2 V1->V3 V1-V2,V1,V3,,2,2,True,0.00011779100000008924,0.0004540419999998768,3,7,5
4,V0-V1 V0-V2 V1-V2 V1-V3,4,32,V0->V1 V1->V3 V2->V1 V0-V2,V1,V3,,3,3,True,0.00015862500000007884,0.000564333000000028,4,8,5
4,V0-V1 V0-V2 V1-V2 V1-V3,4,32,V0->V2 V1->V0 V1->V2 V1-V3,V0,V2,V1,1,1,True,2.3749999999989058e-05,0.0001303329999999825,1,3,2
4,V0-V1 V0-V2 V1-V2 V1-V3,4,32,V0->V2 V1->V0 V1->V2 V1-V3,V1,V0,,1,1,True,3.108300000009834e-05,0.00012833299999992498,1,3,2
4,V0-V1 V0-V2 V1-V2 V1-V3,4,32,V0->V2 V1->V0 V1->V2 V1-V3,V1,V2,,1,1,True,3.5749999999890036e-05,0.00012975000000015058,1,3,2
4,V0-V1 V0-V2 V1-V2 V1-V3,4,32,V0->V2 V1->V2 V1->V3 V0-V1,V1,V3,,1,1,True,8.195900000007583e-05,0.00015633299999984196,1,3,2
4,V0-V1 V0-V2 V1-V2 V1-V3,4,32,V1->V0 V1->V2 V1->V3 V0-V2,V1,V0,,1,1,True,8.866699999998673e-05,0.00018424999999999692,1,3,3
4,V0-V1 V0-V2 V1-V2 V1-V3,4,32,V1->V0 V1->V2 V1->V3 V0-V2,V1,V2,,1,1,True,8.5874999999902e-05,0.00018262500000010284,1,3,3
4,V0-V1 V0-V2 V1-V2 V1-V3,4,32,V1->V0 V1->V2 V1->V3 V0-V2,V1,V3,,1,1,True,6.979100000004124e-05,0.00016079199999996518,1,3,2
4,V0-V1 V0-V2 V1-V2 V1-V3,4,32,V1->V0 V1->V2 V2->V0 V1-V3,V1,V0,,1,1,True,9.062500000012186e-05,0.00017124999999995616,1,3,3
4,V0-V1 V0-V2 V1-V2 V1-V3,4,32,V1->V0 V1->V2 V2->V0 V1-V3,V1,V2,,1,1,True,8.612500000015899e-05,0.00016320899999988647,1,3,3
4,V0-V1 V0-V2 V1-V2 V1-V3,4,32,V1->V0 V1->V2 V2->V0 V1-V3,V2,V0,V1,1,1,True,4.008299999980203e-05,0.0001336670000000595,1,3,2
4,V0-V1 V0-V2 V1-V2 V1-V3,4,32,V1->V0 V1->V2 V3->V1 V0-V2,V1,V0,,2,2,True,8.783400000011987e-05,0.0003040409999999216,2,5,3
4,V0-V1 V0-V2 V1-V2 V1-V3,4,32,V1->V0 V1->V2 V3->V1 V0-V2,V1,V2,,2,2,True,8.554199999988299e-05,0.00029333300000011775,2,5,3
4,V0-V1 V0-V2 V1-V2 V1-V3,4,32,V1->V0 V1->V2 V3->V1 V0-V2,V3,V0,,1,1,True,3.787500000007604e-05,0.0001107080000000149,1,3,2
4,V0-V1 V0-V2 V1-V2 V1-V3,4,32,V1->V0 V1->V2 V3->V1 V0-V2,V3,V1,,1,1,True,3.2958000000027354e-05,0.00010329199999992156,1,3,2
4,V0-V1 V0-V2 V1-V2 V1-V3,4,32,V1->V0 V1->V2 V3->V1 V0-V2,V3,V2,,1,1,True,4.233399999997722e-05,0.0001087079999999574,1,3,2
4,V0-V1 V0-V2 V1-V2 V1-V3,4,32,V1->V0 V1->V3 V2->V0 V1-V2,V1,V3,,1,1,True,8.020799999997053e-05,0.0001691249999999922,1,3,3
4,V0-V1 V0-V2 V1-V2 V1-V3,4,32,V1->V3 V2->V0 V2->V1 V0-V1,V1,V3,,2,2,True,0.00014583400000001134,0.00035724999999997564,2,5,5
4,V0-V1 V0-V2 V1-V2 V1-V3,4,32,V1->V3 V2->V0 V2->V1 V0-V1,V2,V0,,1,1,True,4.133299999997675e-05,0.00013204199999994337,1,3,2
4,V0-V1 V0-V2 V1-V2 V1-V3,4,32,V1->V3 V2->V0 V2->V1 V0-V1,V2,V1,,1,1,True,4.1709000000000884e-05,0.00012858299999995992,1,3,2
4,V0-V1 V0-V2 V1-V2 V1-V3,4,32,V1->V3 V2->V0 V2->V1 V0-V1,V2,V3,,1,1,True,4.71669999999591e-05,0.00014204200000000888,1,3,2
4,V0-V1 V0-V2 V1-V2 V1-V3,4,32,V0->V1 V0->V2 V1->V2 V1->V3,V0,V1,,1,1,True,8.366699999995397e-05,0.00012212500000008397,1,4,3
4,V0-V1 V0-V2 V1-V2 V1-V3,4,32,V0->V1 V0->V2 V1->V2 V1->V3,V0,V2,,1,1,True,8.3334000000157e-05,0.00011979099999992471,1,4,3
4,V0-V1 V0-V2 V1-V2 V1-V3,4,32,V0->V1 V0->V2 V1->V2 V1->V3,V0,V3,,1,1,True,9.19589999999193e-05,0.00011970799999994064,1,4,3
4,V0-V1 V0-V2 V1-V2 V1-V3,4,32,V0->V1 V0->V2 V1->V2 V1->V3,V1,V2,V0,1,1,True,6.345799999984969e-05,0.00010650000000000936,1,4,2
4,V0-V1 V0-V2 V1-V2 V1-V3,4,32,V0->V1 V0->V2 V1->V2 V1->V3,V1,V3,,2,2,True,0.00011950000000005012,0.00040241600000001654,3,10,6
4,V0-V1 V0-V2 V1-V2 V1-V3,4,32,V0->V1 V0->V2 V1->V3 V2->V1,V0,V1,,1,1,True,8.574999999999555e-05,0.00012233399999983519,1,4,3
4,V0-V1 V0-V2 V1-V2 V1-V3,4,32,V0->V1 V0->V2 V1->V3 V2->V1,V0,V2,,1,1,True,7.995799999993558e-05,0.00011708399999998953,1,4,3
4,V0-V1 V0-V2 V1-V2 V1-V3,4,32,V0->V1 V0->V2 V1->V3 V2->V1,V0,V3,,1,1,True,9.537500000011967e-05,0.00012250000000002537,1,4,3
4,V0-V1 V0-V2 V1-V2 V1-V3,4,32,V0->V1 V0->V2 V1->V3 V2->V1,V1,V3,,3,3,True,0.00015758300000001668,0.0007542920000001008,5,14,8
4,V0-V1 V0-V2 V1-V2 V1-V3,4,32,V0->V1 V0->V2 V1->V3 V2->V1,V2,V1,V0,1,1,True,4.1459000000187984e-05,0.00010591599999987267,1,4,2
4,V0-V1 V0-V2 V1-V2 V1-V3,4,32,V0->V1 V0->V2 V1->V3 V2->V1,V2,V3,V0,1,1,True,4.495799999992833e-05,0.00010458299999993592,1,4,2
4,V0-V1 V0-V2 V1-V2 V1-V3,4,32,V0->V1 V1->V3 V2->V0 V2->V1,V0,V1,V2,1,1,True,1.8917000000007178e-05,9.86659999999695e-05,1,4,2
4,V0-V1 V0-V2 V1-V2 V1-V3,4,32,V0->V1 V1->V3 V2->V0 V2->V1,V0,V3,V2,1,1,True,1.8959000000151605e-05,9.654100000000554e-05,1,4,2
4,V0-V1 V0-V2 V1-V2 V1-V3,4,32,V0->V1 V1->V3 V2->V0 V2->V1,V1,V3,,3,3,True,0.0001880840000001438,0.0007857079999999961,6,16,8
4,V0-V1 V0-V2 V1-V2 V1-V3,4,32,V0->V1 V1->V3 V2->V0 V2->V1,V2,V0,,1,1,True,3.649999999999487e-05,0.00010183400000007836,1,4,2
4,V0-V1 V0-V2 V1-V2 V1-V3,4,32,V0->V1 V1->V3 V2->V0 V2->V1,V2,V1,,1,1,True,3.912500000002872e-05,0.0001020000000000465,1,4,2
4,V0-V1 V0-V2 V1-V2 V1-V3,4,32,V0->V1 V1->V3 V2->V0 V2->V1,V2,V3,,1,1,True,4.375000000012008e-05,0.00010320899999993749,1,4,2
4,V0-V1 V0-V2 V1-V2 V1-V3,4,32,V0->V2 V1->V0 V1->V2 V1->V3,V0,V2,V1,1,1,True,3.36670000000705e-05,0.0001313749999998226,1,4,3
4,V0-V1 V0-V2 V1-V2 V1-V3,4,32,V0->V2 V1->V0 V1->V2 V1->V3,V1,V0,,1,1,True,4.5792000000099975e-05,0.0001242079999999035,1,4,3
4,V0-V1 V0-V2 V1-V2 V1-V3,4,32,V0->V2 V1->V0 V1->V2 V1->V3,V1,V2,,1,1,True,4.7499999999978115e-05,0.00012591700000008643,1,4,3
4,V0-V1 V0-V2 V1-V2 V1-V3,4,32,V0->V2 V1->V0 V1->V2 V1->V3,V1,V3,,1,1,True,8.783299999981509e-05,0.00011495800000016487,1,4,2
4,V0-V1 V0-V2 V1-V2 V1-V3,4,32,V0->V2 V1->V0 V1->V2 V3->V1,V0,V2,V1,1,1,True,4.816600000001614e-05,0.00012987500000005703,1,4,3
4,V0-V1 V0-V2 V1-V2 V1-V3,4,32,V0->V2 V1->V0 V1->V2 V3->V1,V1,V0,,2,2,True,5.041599999988655e-05,0.00023612500000003145,2,7,4
4,V0-V1 V0-V2 V1-V2 V1-V3,4,32,V0->V2 V1->V0 V1->V2 V3->V1,V1,V2,,2,2,True,5.5166999999967103e-05,0.00024008300000000204,2,7,4
4,V0-V1 V0-V2 V1-V2 V1-V3,4,32,V0->V2 V1->V0 V1->V2 V3->V1,V3,V0,,1,1,True,3.720799999995528e-05,0.0001007920000000162,1,4,2
4,V0-V1 V0-V2 V1-V2 V1-V3,4,32,V0->V2 V1->V0 V1->V2 V3->V1,V3,V1,,1,1,True,3.654199999991725e-05,9.91249999999777e-05,1,4,2
4,V0-V1 V0-V2 V1-V2 V1-V3,4,32,V0->V2 V1->V0 V1->V2 V3->V1,V3,V2,,1,1,True,4.4209000000128285e-05,0.00010562499999999808,1,4,2
4,V0-V1 V0-V2 V1-V2 V1-V3,4,32,V1->V0 V1->V2 V1->V3 V2->V0,V1,V0,,1,1,True,0.00012012499999980442,0.00014850000000010688,1,4,4
4,V0-V1 V0-V2 V1-V2 V1-V3,4,32,V1->V0 V1->V2 V1->V3 V2->V0,V1,V2,,1,1,True,0.00011312500000015824,0.00014087500000004027,1,4,4
4,V0-V1 V0-V2 V1-V2 V1-V3,4,32,V1->V0 V1->V2 V1->V3 V2->V0,V1,V3,,1,1,True,7.929199999989756e-05,0.0001256660000001908,1,4,3
4,V0-V1 V0-V2 V1-V2 V1-V3,4,32,V1->V0 V1->V2 V1->V3 V2->V0,V2,V0,V1,1,1,True,4.141599999996082e-05,0.00011224999999992491,1,4,2
4,V0-V1 V0-V2 V1-V2 V1-V3,4,32,V1->V0 V1->V2 V2->V0 V3->V1,V1,V0,,2,2,True,0.00011095899999991055,0.0002790830000001243,2,7,5
4,V0-V1 V0-V2 V1-V2 V1-V3,4,32,V1->V0 V1->V2 V2->V0 V3->V1,V1,V2,,2,2,True,0.00010529200000020111,0.0002714999999999801,2,7,5
4,V0-V1 V0-V2 V1-V2 V1-V3,4,32,V1->V0 V1->V2 V2->V0 V3->V1,V2,V0,V1,1,1,True,5.779100000014026e-05,0.00012137499999997914,1,4,3
4,V0-V1 V0-V2 V1-V2 V1-V3,4,32,V1->V0 V1->V2 V2->V0 V3->V1,V3,V0,,1,1,True,3.975000000000506e-05,0.00010383400000013587,1,4,2
4,V0-V1 V0-V2 V1-V2 V1-V3,4,32,V1->V0 V1->V2 V2->V0 V3->V1,V3,V1,,1,1,True,3.283299999989886e-05,0.00014495900000000006,1,4,2
4,V0-V1 V0-V2 V1-V2 V1-V3,4,32,V1->V0 V1->V2 V2->V0 V3->V1,V3,V2,,1,1,True,4.199999999987547e-05,0.00010250000000011639,1,4,2
4,V0-V1 V0-V2 V1-V2 V1-V3,4,32,V1->V0 V1->V3 V2->V0 V2->V1,V1,V0,V2,1,1,True,1.7916000000006704e-05,9.870899999997462e-05,1,4,2
4,V0-V1 V0-V2 V1-V2 V1-V3,4,32,V1->V0 V1->V3 V2->V0 V2->V1,V1,V3,,2,2,True,0.00010495800000009936,0.0002762089999999162,2,7,5
4,V0-V1 V0-V2 V1-V2 V1-V3,4,32,V1->V0 V1->V3 V2->V0 V2->V1,V2,V0,,1,1,True,3.858300000003645e-05,0.000101874999999918,1,4,2
4,V0-V1 V0-V2 V1-V2 V1-V3,4,32,V1->V0 V1->V3 V2->V0 V2->V1,V2,V1,,1,1,True,3.670799999988539e-05,9.733300000003275e-05,1,4,2
4,V0-V1 V0-V2 V1-V2 V1-V3,4,32,V1->V0 V1->V3 V2->V0 V2->V1,V2,V3,,1,1,True,4.104100000001942e-05,9.974999999995404e-05,1,4,2
4,V0-V1 V0-V2 V1-V2 V1-V3 V2-V3,5,50,V1->V0 V1->V2 V1->V3 V0-V2 V2-V3,V1,V0,,1,1,True,8.345799999998071e-05,0.0002888330000001549,1,3,2
4,V0-V1 V0-V2 V1-V2 V1-V3 V2-V3,5,50,V1->V0 V1->V2 V1->V3 V0-V2 V2-V3,V1,V2,,1,1,True,7.670799999992539e-05,0.00027545900000003343,1,3,2
4,V0-V1 V0-V2 V1-V2 V1-V3 V2-V3,5,50,V1->V0 V1->V2 V1->V3 V0-V2 V2-V3,V1,V3,,1,1,True,7.76250000000811e-05,0.00027158299999996416,1,3,2
4,V0-V1 V0-V2 V1-V2 V1-V3 V2-V3,5,50,V1->V0 V1->V2 V2->V0 V1-V3 V2-V3,V2,V0,V1,1,1,True,5.24170000000268e-05,0.0002218329999998936,1,3,2
4,V0-V1 V0-V2 V1-V2 V1-V3 V2-V3,5,50,V1->V0 V2->V0 V2->V1 V1-V3 V2-V3,V1,V0,V2,1,1,True,3.500000000000725e-05,0.00021325000000005367,1,3,2
4,V0-V1 V0-V2 V1-V2 V1-V3 V2-V3,5,50,V1->V2 V1->V3 V2->V3 V0-V1 V0-V2,V2,V3,V1,1,1,True,8.070800000004041e-05,0.0002456670000001715,1,3,2
4,V0-V1 V0-V2 V1-V2 V1-V3 V2-V3,5,50,V1->V3 V2->V1 V2->V3 V0-V1 V0-V2,V1,V3,V2,1,1,True,3.395900000002783e-05,0.00021266600000013902,1,3,2
4,V0-V1 V0-V2 V1-V2 V1-V3 V2-V3,5,50,V2->V0 V2->V1 V2->V3 V0-V1 V1-V3,V2,V0,,1,1,True,7.254200000006428e-05,0.00028624999999982137,1,3,2
4,V0-V1 V0-V2 V1-V2 V1-V3 V2-V3,5,50,V2->V0 V2->V1 V2->V3 V0-V1 V1-V3,V2,V1,,1,1,True,6.837499999989838e-05,0.00027166700000003097,1,3,2
4,V0-V1 V0-V2 V1-V2 V1-V3 V2-V3,5,50,V2->V0 V2->V1 V2->V3 V0-V1 V1-V3,V2,V3,,1,1,True,7.029199999997182e-05,0.00026841599999993804,1,3,2
4,V0-V1 V0-V2 V1-V2 V1-V3 V2-V3,5,50,V0->V1 V0->V2 V1->V3 V2->V3 V1-V2,V0,V1,,1,1,True,9.358299999995268e-05,0.0001736250000001771,1,4,2
4,V0-V1 V0-V2 V1-V2 V1-V3 V2-V3,5,50,V0->V1 V0->V2 V1->V3 V2->V3 V1-V2,V0,V2,,1,1,True,8.687500000004178e-05,0.00016812499999985242,1,4,2
4,V0-V1 V0-V2 V1-V2 V1-V3 V2-V3,5,50,V0->V1 V0->V2 V1->V3 V2->V3 V1-V2,V0,V3,,1,1,True,0.00011091699999998816,0.00017533300000005525,1,4,2
4,V0-V1 V0-V2 V1-V2 V1-V3 V2-V3,5,50,V0->V1 V1->V3 V2->V1 V2->V3 V0-V2,V1,V3,V2,1,1,True,2.837500000008042e-05,0.00015750000000003261,1,4,2
4,V0-V1 V0-V2 V1-V2 V1-V3 V2-V3,5,50,V0->V2 V1->V2 V1->V3 V2->V3 V0-V1,V2,V3,V1,1,1,True,8.270799999987588e-05,0.00020737500000000963,1,4,2
4,V0-V1 V0-V2 V1-V2 V1-V3 V2-V3,5,50,V1->V0 V1->V2 V1->V3 V2->V0 V2-V3,V1,V0,,1,1,True,0.00011533300000010627,0.000224333000000021,1,4,3
4,V0-V1 V0-V2 V1-V2 V1-V3 V2-V3,5,50,V1->V0 V1->V2 V1->V3 V2->V0 V2-V3,V1,V2,,1,1,True,0.00010512499999992819,0.00021341700000010455,1,4,3
4,V0-V1 V0-V2 V1-V2 V1-V3 V2-V3,5,50,V1->V0 V1->V2 V1->V3 V2->V0 V2-V3,V1,V3,,1,1,True,0.00010537499999996314,0.00021008300000002755,1,4,3
4,V0-V1 V0-V2 V1-V2 V1-V3 V2-V3,5,50,V1->V0 V1->V2 V1->V3 V2->V0 V2-V3,V2,V0,V1,1,1,True,5.11249999999297e-05,0.0001871669999999881,1,4,2
4,V0-V1 V0-V2 V1-V2 V1-V3 V2-V3,5,50,V1->V0 V1->V2 V1->V3 V2->V3 V0-V2,V1,V0,,1,1,True,0.00011037499999999589,0.00021920800000008178,1,4,3
4,V0-V1 V0-V2 V1-V2 V1-V3 V2-V3,5,50,V1->V0 V1->V2 V1->V3 V2->V3 V0-V2,V1,V2,,1,1,True,0.00010808299999998106,0.00021770800000009416,1,4,3
4,V0-V1 V0-V2 V1-V2 V1-V3 V2-V3,5,50,V1->V0 V1->V2 V1->V3 V2->V3 V0-V2,V1,V3,,1,1,True,0.00011162499999994857,0.00022266600000020453,1,4,3
4,V0-V1 V0-V2 V1-V2 V1-V3 V2-V3,5,50,V1->V0 V1->V2 V1->V3 V2->V3 V0-V2,V2,V3,V1,1,1,True,9.675000000020084e-05,0.000205542000000003,1,4,2
4,V0-V1 V0-V2 V1-V2 V1-V3 V2-V3,5,50,V1->V0 V1->V2 V2->V0 V3->V2 V1-V3,V2,V0,V1,1,1,True,8.770899999999138e-05,0.0002026660000000735,1,4,3
4,V0-V1 V0-V2 V1-V2 V1-V3 V2-V3,5,50,V1->V0 V2->V0 V2->V1 V2->V3 V1-V3,V1,V0,V2,1,1,True,5.387499999987e-05,0.0002135830000000727,1,4,3
4,V0-V1 V0-V2 V1-V2 V1-V3 V2-V3,5,50,V1->V0 V2->V0 V2->V1 V2->V3 V1-V3,V2,V0,,1,1,True,6.191599999993969e-05,0.00020225000000007043,1,4,2
4,V0-V1 V0-V2 V1-V2 V1-V3 V2-V3,5,50,V1->V0 V2->V0 V2->V1 V2->V3 V1-V3,V2,V1,,1,1,True,5.670800000001641e-05,0.00019504200000008964,1,4,2
4,V0-V1 V0-V2 V1-V2 V1-V3 V2-V3,5,50,V1->V0 V2->V0 V2->V1 V2->V3 V1-V3,V2,V3,,1,1,True,5.8874999999902755e-05,0.0001900420000000569,1,4,2
4,V0-V1 V0-V2 V1-V2 V1-V3 V2-V3,5,50,V1->V0 V2->V0 V2->V1 V3->V1 V2-V3,V1,V0,V2,1,1,True,5.291600000001395e-05,0.0001835839999999589,1,4,3
4,V0-V1 V0-V2 V1-V2 V1-V3 V2-V3,5,50,V1->V0 V2->V0 V3->V1 V3->V2 V1-V2,V3,V0,,1,1,True,6.420799999995452e-05,0.00017616700000000485,1,4,2
4,V0-V1 V0-V2 V1-V2 V1-V3 V2-V3,5,50,V1->V0 V2->V0 V3->V1 V3->V2 V1-V2,V3,V1,,1,1,True,6.362499999990057e-05,0.0001656250000001691,1,4,2
4,V0-V1 V0-V2 V1-V2 V1-V3 V2-V3,5,50,V1->V0 V2->V0 V3->V1 V3->V2 V1-V2,V3,V2,,1,1,True,5.775000000007857e-05,0.00015879199999990767,1,4,2
4,V0-V1 V0-V2 V1-V2 V1-V3 V2-V3,5,50,V1->V3 V2->V0 V2->V1 V2->V3 V0-V1,V1,V3,V2,1,1,True,4.429100000002961e-05,0.00018983399999994433,1,4,2
4,V0-V1 V0-V2 V1-V2 V1-V3 V2-V3,5,50,V1->V3 V2->V0 V2->V1 V2->V3 V0-V1,V2,V0,,1,1,True,5.6124999999962455e-05,0.0001872920000001166,1,4,2
4,V0-V1 V0-V2 V1-V2 V1-V3 V2-V3,5,50,V1->V3 V2->V0 V2->V1 V2->V3 V0-V1,V2,V1,,1,1,True,5.512500000004472e-05,0.0002084170000000718,1,4,2
4,V0-V1 V0-V2 V1-V2 V1-V3 V2-V3,5,50,V1->V3 V2->V0 V2->V1 V2->V3 V0-V1,V2,V3,,1,1,True,6.491600000013698e-05,0.00020645899999993667,1,4,2
4,V0-V1 V0-V2 V1-V2 V1-V3 V2-V3,5,50,V0->V1 V0->V2 V1->V2 V1->V3 V2->V3,V0,V1,,1,1,True,0.00010591700000017745,0.00015066599999991048,1,5,3
4,V0-V1 V0-V2 V1-V2 V1-V3 V2-V3,5,50,V0->V1 V0->V2 V1->V2 V1->V3 V2->V3,V0,V2,,1,1,True,0.00010329100000006086,0.00014941700000004055,1,5,3
4,V0-V1 V0-V2 V1-V2 V1-V3 V2-V3,5,50,V0->V1 V0->V2 V1->V2 V1->V3 V2->V3,V0,V3,,1,1,True,0.00012608300000005457,0.0001522919999998873,1,5,3
4,V0-V1 V0-V2 V1-V2 V1-V3 V2-V3,5,50,V0->V1 V0->V2 V1->V2 V1->V3 V2->V3,V1,V2,V0,1,1,True,7.854099999993203e-05,0.00013470900000012165,1,5,2
4,V0-V1 V0-V2 V1-V2 V1-V3 V2-V3,5,50,V0->V1 V0->V2 V1->V2 V1->V3 V2->V3,V1,V3,V0,1,1,True,8.47910000001395e-05,0.00013604199999983635,1,5,2
4,V0-V1 V0-V2 V1-V2 V1-V3 V2-V3,5,50,V0->V1 V0->V2 V1->V2 V1->V3 V2->V3,V2,V3,V1,1,1,True,8.441599999997607e-05,0.00013016700000001435,1,5,2
4,V0-V1 V0-V2 V1-V2 V1-V3 V2-V3,5,50,V0->V1 V0->V2 V1->V3 V2->V1 V2->V3,V0,V1,,1,1,True,0.00011170799999993264,0.00014825000000007194,1,5,3
4,V0-V1 V0-V2 V1-V2 V1-V3 V2-V3,5,50,V0->V1 V0->V2 V1->V3 V2->V1 V2->V3,V0,V2,,1,1,True,0.00010412500000001046,0.00014270900000012965,1,5,3
4,V0-V1 V0-V2 V1-V2 V1-V3 V2-V3,5,50,V0->V1 V0->V2 V1->V3 V2->V1 V2->V3,V0,V3,,1,1,True,0.0001328339999999706,0.00015141600000001532,1,5,3
4,V0-V1 V0-V2 V1-V2 V1-V3 V2-V3,5,50,V0->V1 V0->V2 V1->V3 V2->V1 V2->V3,V1,V3,V2,1,1,True,2.1583000000102714e-05,0.00011995899999983628,1,5,2
4,V0-V1 V0-V2 V1-V2 V1-V3 V2-V3,5,50,V0->V1 V0->V2 V1->V3 V2->V1 V2->V3,V2,V1,V0,1,1,True,5.041699999996929e-05,0.00012533300000017178,1,5,2
4,V0-V1 V0-V2 V1-V2 V1-V3 V2-V3,5,50,V0->V1 V0->V2 V1->V3 V2->V1 V2->V3,V2,V3,V0,1,1,True,5.5291999999873553e-05,0.00012704100000004992,1,5,2
4,V0-V1 V0-V2 V1-V2 V1-V3 V2-V3,5,50,V0->V1 V1->V3 V2->V0 V2->V1 V2->V3,V0,V1,V2,1,1,True,3.595900000008534e-05,0.00012108300000002181,1,5,2
4,V0-V1 V0-V2 V1-V2 V1-V3 V2-V3,5,50,V0->V1 V1->V3 V2->V0 V2->V1 V2->V3,V0,V3,V2,1,1,True,3.904099999996191e-05,0.00012012500000002646,1,5,2
4,V0-V1 V0-V2 V1-V2 V1-V3 V2-V3,5,50,V0->V1 V1->V3 V2->V0 V2->V1 V2->V3,V1,V3,V2,2,2,True,5.900000000003125e-05,0.000287417000000012,2,9,4
4,V0-V1 V0-V2 V1-V2 V1-V3 V2-V3,5,50,V0->V1 V1->V3 V2->V0 V2->V1 V2->V3,V2,V0,,1,1,True,5.183300000011215e-05,0.00012154200000003001,1,5,2
4,V0-V1 V0-V2 V1-V2 V1-V3 V2-V3,5,50,V0->V1 V1->V3 V2->V0 V2->V1 V2->V3,V2,V1,,1,1,True,5.24170000000268e-05,0.00012500000000015277,1,5,2
4,V0-V1 V0-V2 V1-V2 V1-V3 V2-V3,5,50,V0->V1 V1->V3 V2->V0 V2->V1 V2->V3,V2,V3,,1,1,True,6.0292000000128354e-05,0.0001250829999999148,1,5,2
4,V0-V1 V0-V2 V1-V2 V1-V3 V2-V3,5,50,V0->V2 V1->V0 V1->V2 V1->V3 V2->V3,V0,V2,V1,1,1,True,4.891699999998167e-05,0.00012187500000004903,1,5,2
4,V0-V1 V0-V2 V1-V2 V1-V3 V2-V3,5,50,V0->V2 V1->V0 V1->V2 V1->V3 V2->V3,V0,V3,V1,1,1,True,5.416599999996663e-05,0.00012058400000003466,1,5,2
4,V0-V1 V0-V2 V1-V2 V1-V3 V2-V3,5,50,V0->V2 V1->V0 V1->V2 V1->V3 V2->V3,V1,V0,,1,1,True,8.19169999999314e-05,0.00012125000000007269,1,5,2
4,V0-V1 V0-V2 V1-V2 V1-V3 V2-V3,5,50,V0->V2 V1->V0 V1->V2 V1->V3 V2->V3,V1,V2,,1,1,True,0.00012145900000004595,0.00013445800000000396,1,5,2
4,V0-V1 V0-V2 V1-V2 V1-V3 V2-V3,5,50,V0->V2 V1->V0 V1->V2 V1->V3 V2->V3,V1,V3,,1,1,True,8.666600000006852e-05,0.00012658399999998515,1,5,2
4,V0-V1 V0-V2 V1-V2 V1-V3 V2-V3,5,50,V0->V2 V1->V0 V1->V2 V1->V3 V2->V3,V2,V3,V1,2,2,True,0.00011075000000015933,0.00030120899999985795,2,9,4
4,V0-V1 V0-V2 V1-V2 V1-V3 V2-V3,5,50,V1->V0 V1->V2 V1->V3 V2->V0 V2->V3,V1,V0,,1,1,True,0.00014487499999993325,0.00017624999999998892,1,5,4
4,V0-V1 V0-V2 V1-V2 V1-V3 V2-V3,5,50,V1->V0 V1->V2 V1->V3 V2->V0 V2->V3,V1,V2,,1,1,True,0.00013324999999997367,0.00016850000000001586,1,5,4
4,V0-V1 V0-V2 V1-V2 V1-V3 V2-V3,5,50,V1->V0 V1->V2 V1->V3 V2->V0 V2->V3,V1,V3,,1,1,True,0.00013825000000000642,0.0001723750000000024,1,5,4
4,V0-V1 V0-V2 V1-V2 V1-V3 V2-V3,5,50,V1->V0 V1->V2 V1->V3 V2->V0 V2->V3,V2,V0,V1,1,1,True,6.670800000008192e-05,0.0001568339999999946,1,5,3
4,V0-V1 V0-V2 V1-V2 V1-V3 V2-V3,5,50,V1->V0 V1->V2 V1->V3 V2->V0 V2->V3,V2,V3,V1,1,1,True,0.00010279199999985167,0.00014625000000001442,1,5,2
4,V0-V1 V0-V2 V1-V2 V1-V3 V2-V3,5,50,V1->V0 V1->V2 V1->V3 V2->V0 V3->V2,V1,V0,,1,1,True,0.00013525000000003118,0.00018216699999995534,1,5,3
4,V0-V1 V0-V2 V1-V2 V1-V3 V2-V3,5,50,V1->V0 V1->V2 V1->V3 V2->V0 V3->V2,V1,V2,,1,1,True,0.00012849999999997586,0.0001590830000000043,1,5,3
4,V0-V1 V0-V2 V1-V2 V1-V3 V2-V3,5,50,V1->V0 V1->V2 V1->V3 V2->V0 V3->V2,V1,V3,,1,1,True,0.00012441699999987677,0.00014841600000004007,1,5,3
4,V0-V1 V0-V2 V1-V2 V1-V3 V2-V3,5,50,V1->V0 V1->V2 V1->V3 V2->V0 V3->V2,V2,V0,V1,2,2,True,7.975000000004506e-05,0.000337624999999786,2,9,4
4,V0-V1 V0-V2 V1-V2 V1-V3 V2-V3,5,50,V1->V0 V1->V2 V1->V3 V2->V0 V3->V2,V3,V0,V1,1,1,True,6.129200000004609e-05,0.0001345829999999104,1,5,2
4,V0-V1 V0-V2 V1-V2 V1-V3 V2-V3,5,50,V1->V0 V1->V2 V1->V3 V2->V0 V3->V2,V3,V2,V1,1,1,True,5.99589999998873e-05,0.00013008299999994755,1,5,2
4,V0-V1 V0-V2 V1-V2 V1-V3 V2-V3,5,50,V1->V0 V1->V2 V2->V0 V3->V1 V3->V2,V1,V0,V3,1,1,True,2.3499999999954113e-05,0.0001267499999999533,1,5,2
4,V0-V1 V0-V2 V1-V2 V1-V3 V2-V3,5,50,V1->V0 V1->V2 V2->V0 V3->V1 V3->V2,V1,V2,V3,1,1,True,2.250000000003638e-05,0.00012145900000004595,1,5,2
4,V0-V1 V0-V2 V1-V2 V1-V3 V2-V3,5,50,V1->V0 V1->V2 V2->V0 V3->V1 V3->V2,V2,V0,V1,1,1,True,0.00010154200000012104,0.000152665999999968,1,5,3
4,V0-V1 V0-V2 V1-V2 V1-V3 V2-V3,5,50,V1->V0 V1->V2 V2->V0 V3->V1 V3->V2,V3,V0,,1,1,True,5.9790999999975725e-05,0.00013033400000006523,1,5,2
4,V0-V1 V0-V2 V1-V2 V1-V3 V2-V3,5,50,V1->V0 V1->V2 V2->V0 V3->V1 V3->V2,V3,V1,,1,1,True,5.045800000003098e-05,0.0001231250000000017,1,5,2
4,V0-V1 V0-V2 V1-V2 V1-V3 V2-V3,5,50,V1->V0 V1->V2 V2->V0 V3->V1 V3->V2,V3,V2,,1,1,True,5.7709000000016886e-05,0.0001291249999999522,1,5,2
4,V0-V1 V0-V2 V1-V2 V1-V3 V2-V3,5,50,V1->V0 V1->V3 V2->V0 V2->V1 V2->V3,V1,V0,V2,1,1,True,2.1625000000025096e-05,0.00013737499999999514,1,5,2
4,V0-V1 V0-V2 V1-V2 V1-V3 V2-V3,5,50,V1->V0 V1->V3 V2->V0 V2->V1 V2->V3,V1,V3,V2,1,1,True,2.208299999995056e-05,0.00013491700000001217,1,5,2
4,V0-V1 V0-V2 V1-V2 V1-V3 V2-V3,5,50,V1->V0 V1->V3 V2->V0 V2->V1 V2->V3,V2,V0,,1,1,True,5.0000000000105516e-05,0.00013941699999997503,1,5,2
4,V0-V1 V0-V2 V1-V2 V1-V3 V2-V3,5,50,V1->V0 V1->V3 V2->V0 V2->V1 V2->V3,V2,V1,,1,1,True,4.704200000005265e-05,0.00013541599999999931,1,5,2
4,V0-V1 V0-V2 V1-V2 V1-V3 V2-V3,5,50,V1->V0 V1->V3 V2->V0 V2->V1 V2->V3,V2,V3,,1,1,True,5.095800000010087e-05,0.00013533300000001525,1,5,2
4,V0-V1 V0-V2 V1-V2 V1-V3 V2-V3,5,50,V1->V0 V2->V0 V2->V1 V2->V3 V3->V1,V1,V0,V2,2,2,True,7.604100000002667e-05,0.00035962499999997455,2,9,5
4,V0-V1 V0-V2 V1-V2 V1-V3 V2-V3,5,50,V1->V0 V2->V0 V2->V1 V2->V3 V3->V1,V2,V0,,1,1,True,8.395900000013334e-05,0.0001643749999999944,1,5,3
4,V0-V1 V0-V2 V1-V2 V1-V3 V2-V3,5,50,V1->V0 V2->V0 V2->V1 V2->V3 V3->V1,V2,V1,,1,1,True,7.48750000001408e-05,0.00014362499999998057,1,5,3
4,V0-V1 V0-V2 V1-V2 V1-V3 V2-V3,5,50,V1->V0 V2->V0 V2->V1 V2->V3 V3->V1,V2,V3,,1,1,True,7.42919999998648e-05,0.00014004200000017342,1,5,3
4,V0-V1 V0-V2 V1-V2 V1-V3 V2-V3,5,50,V1->V0 V2->V0 V2->V1 V2->V3 V3->V1,V3,V0,V2,1,1,True,6.174999999997155e-05,0.0001270829999999723,1,5,2
4,V0-V1 V0-V2 V1-V2 V1-V3 V2-V3,5,50,V1->V0 V2->V0 V2->V1 V2->V3 V3->V1,V3,V1,V2,1,1,True,5.483399999994809e-05,0.000122791000000122,1,5,2
4,V0-V1 V0-V2 V1-V2 V1-V3 V2-V3,5,50,V1->V0 V2->V0 V2->V1 V3->V1 V3->V2,V1,V0,V2,1,1,True,6.283299999987335e-05,0.00014345900000001244,1,5,3
4,V0-V1 V0-V2 V1-V2 V1-V3 V2-V3,5,50,V1->V0 V2->V0 V2->V1 V3->V1 V3->V2,V2,V0,V3,1,1,True,2.1583000000102714e-05,0.00012262499999993182,1,5,2
4,V0-V1 V0-V2 V1-V2 V1-V3 V2-V3,5,50,V1->V0 V2->V0 V2->V1 V3->V1 V3->V2,V2,V1,V3,1,1,True,2.049999999997887e-05,0.00011850000000013239,1,5,2
4,V0-V1 V0-V2 V1-V2 V1-V3 V2-V3,5,50,V1->V0 V2->V0 V2->V1 V3->V1 V3->V2,V3,V0,,1,1,True,5.84160000001166e-05,0.00012795900000006633,1,5,2
4,V0-V1 V0-V2 V1-V2 V1-V3 V2-V3,5,50,V1->V0 V2->V0 V2->V1 V3->V1 V3->V2,V3,V1,,1,1,True,5.174999999990604e-05,0.00012437500000017643,1,5,2
4,V0-V1 V0-V2 V1-V2 V1-V3 V2-V3,5,50,V1->V0 V2->V0 V2->V1 V3->V1 V3->V2,V3,V2,,1,1,True,5.270899999998413e-05,0.0001219580000000331,1,5,2
4,V0-V1 V0-V2 V1-V2 V2-V3,4,32,V2->V3 V0-V1 V0-V2 V1-V2,V2,V3,,1,1,True,6.091700000010469e-05,0.0002069999999998462,1,1,2
4,V0-V1 V0-V2 V1-V2 V2-V3,4,32,V0->V1 V2->V3 V0-V2 V1-V2,V2,V3,,1,1,True,6.612500000002797e-05,0.0001910830000000363,1,2,2
4,V0-V1 V0-V2 V1-V2 V2-V3,4,32,V0->V2 V2->V3 V0-V1 V1-V2,V2,V3,,2,2,True,0.00010566599999983772,0.00030620900000011275,2,3,3
4,V0-V1 V0-V2 V1-V2 V2-V3,4,32,V1->V0 V2->V3 V0-V2 V1-V2,V2,V3,,1,1,True,6.845899999996519e-05,0.00019191599999990316,1,2,2
4,V0-V1 V0-V2 V1-V2 V2-V3,4,32,V1->V2 V2->V3 V0-V1 V0-V2,V2,V3,,2,2,True,0.00010579200000004896,0.00030799999999997496,2,3,3
4,V0-V1 V0-V2 V1-V2 V2-V3,4,32,V2->V0 V2->V1 V0-V1 V2-V3,V2,V0,,1,1,True,5.0541000000015046e-05,0.00018604199999994186,1,2,2
4,V0-V1 V0-V2 V1-V2 V2-V3,4,32,V2->V0 V2->V1 V0-V1 V2-V3,V2,V1,,1,1,True,5.049999999995336e-05,0.00019416599999999562,1,2,2
4,V0-V1 V0-V2 V1-V2 V2-V3,4,32,V2->V0 V2->V3 V0-V1 V1-V2,V2,V3,,1,1,True,5.162499999999959e-05,0.0001697090000001289,1,2,2
4,V0-V1 V0-V2 V1-V2 V2-V3,4,32,V2->V1 V2->V3 V0-V1 V0-V2,V2,V3,,1,1,True,5.733299999999275e-05,0.00018804199999999938,1,2,2
4,V0-V1 V0-V2 V1-V2 V2-V3,4,32,V0->V1 V0->V2 V2->V3 V1-V2,V0,V1,,1,1,True,6.720800000015181e-05,0.0001394999999999591,1,3,2
4,V0-V1 V0-V2 V1-V2 V2-V3,4,32,V0->V1 V0->V2 V2->V3 V1-V2,V0,V2,,1,1,True,6.304200000006865e-05,0.00013612499999982042,1,3,2
4,V0-V1 V0-V2 V1-V2 V2-V3,4,32,V0->V1 V0->V2 V2->V3 V1-V2,V0,V3,,1,1,True,7.141600000015735e-05,0.0001375839999999684,1,3,2
4,V0-V1 V0-V2 V1-V2 V2-V3,4,32,V0->V1 V0->V2 V2->V3 V1-V2,V2,V3,,2,2,True,0.00011012499999996095,0.00032533400000001045,2,5,4
4,V0-V1 V0-V2 V1-V2 V2-V3,4,32,V0->V1 V2->V0 V2->V1 V2-V3,V0,V1,V2,1,1,True,2.329199999984155e-05,0.0001304170000000493,1,3,2
4,V0-V1 V0-V2 V1-V2 V2-V3,4,32,V0->V1 V2->V0 V2->V1 V2-V3,V2,V0,,1,1,True,3.337499999989113e-05,0.00012891700000006168,1,3,2
4,V0-V1 V0-V2 V1-V2 V2-V3,4,32,V0->V1 V2->V0 V2->V1 V2-V3,V2,V1,,1,1,True,3.5874999999796486e-05,0.00012895800000012336,1,3,2
4,V0-V1 V0-V2 V1-V2 V2-V3,4,32,V0->V1 V2->V1 V2->V3 V0-V2,V2,V3,,1,1,True,7.316700000004062e-05,0.00019787499999979197,1,3,2
4,V0-V1 V0-V2 V1-V2 V2-V3,4,32,V0->V2 V1->V2 V2->V3 V0-V1,V2,V3,,3,3,True,0.0001551250000000337,0.0005614999999998815,4,8,5
4,V0-V1 V0-V2 V1-V2 V2-V3,4,32,V1->V0 V1->V2 V2->V3 V0-V2,V1,V0,,1,1,True,5.575000000002106e-05,0.00014979199999998194,1,3,2
4,V0-V1 V0-V2 V1-V2 V2-V3,4,32,V1->V0 V1->V2 V2->V3 V0-V2,V1,V2,,1,1,True,5.487500000000978e-05,0.0001367500000000188,1,3,2
4,V0-V1 V0-V2 V1-V2 V2-V3,4,32,V1->V0 V1->V2 V2->V3 V0-V2,V1,V3,,1,1,True,6.0999999999866716e-05,0.0001396250000000876,1,3,2
4,V0-V1 V0-V2 V1-V2 V2-V3,4,32,V1->V0 V1->V2 V2->V3 V0-V2,V2,V3,,2,2,True,0.00011216699999994084,0.00032608300000003254,2,5,4
4,V0-V1 V0-V2 V1-V2 V2-V3,4,32,V1->V0 V2->V0 V2->V1 V2-V3,V1,V0,V2,1,1,True,2.3207999999996787e-05,0.00012870899999994911,1,3,2
4,V0-V1 V0-V2 V1-V2 V2-V3,4,32,V1->V0 V2->V0 V2->V1 V2-V3,V2,V0,,1,1,True,4.4750000000037815e-05,0.00013045799999988894,1,3,2
4,V0-V1 V0-V2 V1-V2 V2-V3,4,32,V1->V0 V2->V0 V2->V1 V2-V3,V2,V1,,1,1,True,3.449999999993736e-05,0.00012641700000015632,1,3,2
4,V0-V1 V0-V2 V1-V2 V2-V3,4,32,V1->V0 V2->V0 V2->V3 V1-V2,V2,V3,,1,1,True,7.52500000000822e-05,0.0001558339999998548,1,3,2
4,V0-V1 V0-V2 V1-V2 V2-V3,4,32,V2->V0 V2->V1 V2->V3 V0-V1,V2,V0,,1,1,True,7.104200000007665e-05,0.00017958299999998317,1,3,3
4,V0-V1 V0-V2 V1-V2 V2-V3,4,32,V2->V0 V2->V1 V2->V3 V0-V1,V2,V1,,1,1,True,7.02499999998274e-05,0.00018058300000012295,1,3,3
4,V0-V1 V0-V2 V1-V2 V2-V3,4,32,V2->V0 V2->V1 V2->V3 V0-V1,V2,V3,,1,1,True,5.4458000000146e-05,0.00015449999999983532,1,3,2
4,V0-V1 V0-V2 V1-V2 V2-V3,4,32,V2->V0 V2->V1 V3->V2 V0-V1,V2,V0,,2,2,True,7.299999999998974e-05,0.0002741669999999363,2,5,3
4,V0-V1 V0-V2 V1-V2 V2-V3,4,32,V2->V0 V2->V1 V3->V2 V0-V1,V2,V1,,2,2,True,7.270800000003241e-05,0.00027004199999991485,2,5,3
4,V0-V1 V0-V2 V1-V2 V2-V3,4,32,V2->V0 V2->V1 V3->V2 V0-V1,V3,V0,,1,1,True,3.829199999993982e-05,0.00010254099999995603,1,3,2
4,V0-V1 V0-V2 V1-V2 V2-V3,4,32,V2->V0 V2->V1 V3->V2 V0-V1,V3,V1,,1,1,True,3.999999999981796e-05,0.00010587500000003303,1,3,2
4,V0-V1 V0-V2 V1-V2 V2-V3,4,32,V2->V0 V2->V1 V3->V2 V0-V1,V3,V2,,1,1,True,3.3624999999926075e-05,0.00010066600000002701,1,3,2
4,V0-V1 V0-V2 V1-V2 V2-V3,4,32,V0->V1 V0->V2 V1->V2 V2->V3,V0,V1,,1,1,True,8.137500000016118e-05,0.00011849999999991034,1,4,3
4,V0-V1 V0-V2 V1-V2 V2-V3,4,32,V0->V1 V0->V2 V1->V2 V2->V3,V0,V2,,1,1,True,8.024999999989291e-05,0.00011529200000004458,1,4,3
4,V0-V1 V0-V2 V1-V2 V2-V3,4,32,V0->V1 V0->V2 V1->V2 V2->V3,V0,V3,,1,1,True,8.829200000004533e-05,0.00011775000000002755,1,4,3
4,V0-V1 V0-V2 V1-V2 V2-V3,4,32,V0->V1 V0->V2 V1->V2 V2->V3,V1,V2,V0,1,1,True,6.366700000004499e-05,0.00010479100000004848,1,4,2
4,V0-V1 V0-V2 V1-V2 V2-V3,4,32,V0->V1 V0->V2 V1->V2 V2->V3,V1,V3,V0,1,1,True,6.991700000003043e-05,0.00011350000000009963,1,4,2
4,V0-V1 V0-V2 V1-V2 V2-V3,4,32,V0->V1 V0->V2 V1->V2 V2->V3,V2,V3,,3,3,True,0.0001744590000001267,0.0005832499999998131,4,12,7
4,V0-V1 V0-V2 V1-V2 V2-V3,4,32,V0->V1 V0->V2 V2->V1 V2->V3,V0,V1,,1,1,True,8.091699999979163e-05,0.00012416600000020317,1,4,3
4,V0-V1 V0-V2 V1-V2 V2-V3,4,32,V0->V1 V0->V2 V2->V1 V2->V3,V0,V2,,1,1,True,7.383399999993934e-05,0.00011791599999999569,1,4,3
4,V0-V1 V0-V2 V1-V2 V2-V3,4,32,V0->V1 V0->V2 V2->V1 V2->V3,V0,V3,,1,1,True,8.295799999991083e-05,0.00012575000000003556,1,4,3
4,V0-V1 V0-V2 V1-V2 V2-V3,4,32,V0->V1 V0->V2 V2->V1 V2->V3,V2,V1,V0,1,1,True,4.070800000000041e-05,0.00010333400000006598,1,4,2
4,V0-V1 V0-V2 V1-V2 V2-V3,4,32,V0->V1 V0->V2 V2->V1 V2->V3,V2,V3,,2,2,True,9.433300000005751e-05,0.00040850000000003384,3,10,6
4,V0-V1 V0-V2 V1-V2 V2-V3,4,32,V0->V1 V2->V0 V2->V1 V2->V3,V0,V1,V2,1,1,True,3.2875000000043286e-05,0.0001255000000000006,1,4,3
4,V0-V1 V0-V2 V1-V2 V2-V3,4,32,V0->V1 V2->V0 V2->V1 V2->V3,V2,V0,,1,1,True,4.5250000000107704e-05,0.00012129099999991233,1,4,3
4,V0-V1 V0-V2 V1-V2 V2-V3,4,32,V0->V1 V2->V0 V2->V1 V2->V3,V2,V1,,1,1,True,4.941700000005156e-05,0.00012404100000007467,1,4,3
4,V0-V1 V0-V2 V1-V2 V2-V3,4,32,V0->V1 V2->V0 V2->V1 V2->V3,V2,V3,,1,1,True,7.987499999995151e-05,0.00011408400000001429,1,4,2
4,V0-V1 V0-V2 V1-V2 V2-V3,4,32,V0->V1 V2->V0 V2->V1 V3->V2,V0,V1,V2,1,1,True,4.787499999991951e-05,0.0001314999999999511,1,4,3
4,V0-V1 V0-V2 V1-V2 V2-V3,4,32,V0->V1 V2->V0 V2->V1 V3->V2,V2,V0,,2,2,True,5.3125000000209255e-05,0.00023974999999998303,2,7,4
4,V0-V1 V0-V2 V1-V2 V2-V3,4,32,V0->V1 V2->V0 V2->V1 V3->V2,V2,V1,,2,2,True,5.725000000000868e-05,0.00023775000000014757,2,7,4
4,V0-V1 V0-V2 V1-V2 V2-V3,4,32,V0->V1 V2->V0 V2->V1 V3->V2,V3,V0,,1,1,True,3.987499999991151e-05,0.00010166599999994475,1,4,2
4,V0-V1 V0-V2 V1-V2 V2-V3,4,32,V0->V1 V2->V0 V2->V1 V3->V2,V3,V1,,1,1,True,4.362499999999159e-05,0.00010395900000004232,1,4,2
4,V0-V1 V0-V2 V1-V2 V2-V3,4,32,V0->V1 V2->V0 V2->V1 V3->V2,V3,V2,,1,1,True,3.900000000012227e-05,9.970800000003166e-05,1,4,2
4,V0-V1 V0-V2 V1-V2 V2-V3,4,32,V0->V2 V1->V0 V1->V2 V2->V3,V0,V2,V1,1,1,True,3.0750000000079325e-05,9.958299999990317e-05,1,4,2
4,V0-V1 V0-V2 V1-V2 V2-V3,4,32,V0->V2 V1->V0 V1->V2 V2->V3,V0,V3,V1,1,1,True,3.304200000009416e-05,9.729099999988833e-05,1,4,2
4,V0-V1 V0-V2 V1-V2 V2-V3,4,32,V0->V2 V1->V0 V1->V2 V2->V3,V1,V0,,1,1,True,4.608299999997456e-05,9.983400000002085e-05,1,4,2
4,V0-V1 V0-V2 V1-V2 V2-V3,4,32,V0->V2 V1->V0 V1->V2 V2->V3,V1,V2,,1,1,True,4.7333000000149283e-05,0.00010012499999989544,1,4,2
4,V0-V1 V0-V2 V1-V2 V2-V3,4,32,V0->V2 V1->V0 V1->V2 V2->V3,V1,V3,,1,1,True,5.324999999989366e-05,0.00010137500000007016,1,4,2
4,V0-V1 V0-V2 V1-V2 V2-V3,4,32,V0->V2 V1->V0 V1->V2 V2->V3,V2,V3,,3,3,True,0.00015220800000004253,0.0008262089999999667,6,16,8
4,V0-V1 V0-V2 V1-V2 V2-V3,4,32,V1->V0 V1->V2 V2->V0 V2->V3,V1,V0,,1,1,True,6.91669999999256e-05,0.00012204100000001716,1,4,3
4,V0-V1 V0-V2 V1-V2 V2-V3,4,32,V1->V0 V1->V2 V2->V0 V2->V3,V1,V2,,1,1,True,6.462500000004034e-05,0.00011879200000008971,1,4,3
4,V0-V1 V0-V2 V1-V2 V2-V3,4,32,V1->V0 V1->V2 V2->V0 V2->V3,V1,V3,,1,1,True,7.36670000001105e-05,0.0001207500000000028,1,4,3
4,V0-V1 V0-V2 V1-V2 V2-V3,4,32,V1->V0 V1->V2 V2->V0 V2->V3,V2,V0,V1,1,1,True,4.0958000000035355e-05,0.00010212499999995295,1,4,2
4,V0-V1 V0-V2 V1-V2 V2-V3,4,32,V1->V0 V1->V2 V2->V0 V2->V3,V2,V3,,2,2,True,9.541700000004205e-05,0.0004476249999998405,3,10,6
4,V0-V1 V0-V2 V1-V2 V2-V3,4,32,V1->V0 V2->V0 V2->V1 V2->V3,V1,V0,V2,1,1,True,3.2041999999954385e-05,0.00012641700000015632,1,4,3
4,V0-V1 V0-V2 V1-V2 V2-V3,4,32,V1->V0 V2->V0 V2->V1 V2->V3,V2,V0,,1,1,True,4.9208999999938996e-05,0.00012679100000001498,1,4,3
4,V0-V1 V0-V2 V1-V2 V2-V3,4,32,V1->V0 V2->V0 V2->V1 V2->V3,V2,V1,,1,1,True,4.558299999990467e-05,0.00012308400000016206,1,4,3
4,V0-V1 V0-V2 V1-V2 V2-V3,4,32,V1->V0 V2->V0 V2->V1 V2->V3,V2,V3,,1,1,True,8.14579999999232e-05,0.00011337499999997114,1,4,2
4,V0-V1 V0-V2 V1-V2 V2-V3,4,32,V1->V0 V2->V0 V2->V1 V3->V2,V1,V0,V2,1,1,True,3.9375000000063665e-05,0.00011983299999984709,1,4,3
4,V0-V1 V0-V2 V1-V2 V2-V3,4,32,V1->V0 V2->V0 V2->V1 V3->V2,V2,V0,,2,2,True,5.52920000000956e-05,0.0002386659999999985,2,7,4
4,V0-V1 V0-V2 V1-V2 V2-V3,4,32,V1->V0 V2->V0 V2->V1 V3->V2,V2,V1,,2,2,True,5.2834000000112624e-05,0.00023166599999990822,2,7,4
4,V0-V1 V0-V2 V1-V2 V2-V3,4,32,V1->V0 V2->V0 V2->V1 V3->V2,V3,V0,,1,1,True,4.341600000001833e-05,0.0001011669999999576,1,4,2
4,V0-V1 V0-V2 V1-V2 V2-V3,4,32,V1->V0 V2->V0 V2->V1 V3->V2,V3,V1,,1,1,True,3.9875000000133554e-05,9.899999999984921e-05,1,4,2
4,V0-V1 V0-V2 V1-V2 V2-V3,4,32,V1->V0 V2->V0 V2->V1 V3->V2,V3,V2,,1,1,True,3.87079999999429e-05,9.63750000000374e-05,1,4,2
4,V0-V1 V0-V2 V1-V3,3,10,V0->V2 V0-V1 V1-V3,V0,V2,,1,1,True,2.8458999999925183e-05,9.720799999990426e-05,1,1,2
4,V0-V1 V0-V2 V1-V3,3,10,V1->V3 V0-V1 V0-V2,V1,V3,,1,1,True,3.8583999999897145e-05,0.0001062910000000361,1,1,2
4,V0-V1 V0-V2 V1-V3,3,10,V0->V1 V1->V3 V0-V2,V0,V1,,1,1,True,4.220900000007077e-05,8.824999999990091e-05,1,2,2
4,V0-V1 V0-V2 V1-V3,3,10,V0->V1 V1->V3 V0-V2,V0,V3,,1,1,True,4.691699999992416e-05,9.045800000007098e-05,1,2,2
4,V0-V1 V0-V2 V1-V3,3,10,V0->V1 V1->V3 V0-V2,V1,V3,,2,2,True,6.170800000004917e-05,0.00017641699999981775,2,3,3
4,V0-V1 V0-V2 V1-V3,3,10,V0->V2 V1->V0 V1-V3,V0,V2,,2,2,True,5.054199999987574e-05,0.00016854100000007755,2,3,3
4,V0-V1 V0-V2 V1-V3,3,10,V0->V2 V1->V0 V1-V3,V1,V0,,1,1,True,2.250000000003638e-05,7.749999999995261e-05,1,2,2
4,V0-V1 V0-V2 V1-V3,3,10,V0->V2 V1->V0 V1-V3,V1,V2,,1,1,True,2.524999999997668e-05,7.812499999992895e-05,1,2,2
4,V0-V1 V0-V2 V1-V3,3,10,V0->V2 V1->V3 V0-V1,V0,V2,,1,1,True,4.6875000000001776e-05,0.0001185840000001992,1,2,3
4,V0-V1 V0-V2 V1-V3,3,10,V0->V2 V1->V3 V0-V1,V1,V3,,1,1,True,4.733400000000998e-05,0.00010600000000016152,1,2,2
4,V0-V1 V0-V2 V1-V3,3,10,V0->V1 V0->V2 V1->V3,V0,V1,,1,1,True,7.337499999993113e-05,0.00010266699999994522,1,3,3
4,V0-V1 V0-V2 V1-V3,3,10,V0->V1 V0->V2 V1->V3,V0,V2,,1,1,True,5.083299999997237e-05,8.083299999994686e-05,1,3,2
4,V0-V1 V0-V2 V1-V3,3,10,V0->V1 V0->V2 V1->V3,V0,V3,,1,1,True,7.279100000001648e-05,0.00010145900000013697,1,3,3
4,V0-V1 V0-V2 V1-V3,3,10,V0->V1 V0->V2 V1->V3,V1,V3,,2,2,True,6.358299999997818e-05,0.00026295900000006256,3,7,5
4,V0-V1 V0-V2 V1-V3,3,10,V0->V1 V1->V3 V2->V0,V0,V1,,2,2,True,4.662499999996683e-05,0.00014562500000003809,2,5,3
4,V0-V1 V0-V2 V1-V3,3,10,V0->V1 V1->V3 V2->V0,V0,V3,,2,2,True,5.199999999994098e-05,0.00014579200000008896,2,5,3
4,V0-V1 V0-V2 V1-V3,3,10,V0->V1 V1->V3 V2->V0,V1,V3,,3,3,True,5.975000000013608e-05,0.00024241699999993926,3,6,4
4,V0-V1 V0-V2 V1-V3,3,10,V0->V1 V1->V3 V2->V0,V2,V0,,1,1,True,2.1667000000169523e-05,6.441599999984504e-05,1,3,2
4,V0-V1 V0-V2 V1-V3,3,10,V0->V1 V1->V3 V2->V0,V2,V1,,1,1,True,2.533400000004349e-05,7.304099999982938e-05,1,3,2
4,V0-V1 V0-V2 V1-V3,3,10,V0->V1 V1->V3 V2->V0,V2,V3,,1,1,True,2.829200000009635e-05,6.745799999996471e-05,1,3,2
4,V0-V1 V0-V2 V1-V3,3,10,V0->V2 V1->V0 V1->V3,V0,V2,,2,2,True,6.454199999983423e-05,0.0002594160000000123,3,7,5
4,V0-V1 V0-V2 V1-V3,3,10,V0->V2 V1->V0 V1->V3,V1,V0,,1,1,True,3.220900000000526e-05,8.608300000001456e-05,1,3,3
4,V0-V1 V0-V2 V1-V3,3,10,V0->V2 V1->V0 V1->V3,V1,V2,,1,1,True,3.579200000003446e-05,8.737500000011167e-05,1,3,3
4,V0-V1 V0-V2 V1-V3,3,10,V0->V2 V1->V0 V1->V3,V1,V3,,1,1,True,5.0125000000011966e-05,7.837499999996389e-05,1,3,2
4,V0-V1 V0-V2 V1-V3,3,10,V0->V2 V1->V0 V3->V1,V0,V2,,3,3,True,4.929100000006237e-05,0.00023258399999992463,3,6,4
4,V0-V1 V0-V2 V1-V3,3,10,V0->V2 V1->V0 V3->V1,V1,V0,,2,2,True,2.737499999994064e-05,0.00013408300000006257,2,5,3
4,V0-V1 V0-V2 V1-V3,3,10,V0->V2 V1->V0 V3->V1,V1,V2,,2,2,True,3.0374999999915886e-05,0.0001342909999999531,2,5,3
4,V0-V1 V0-V2 V1-V3,3,10,V0->V2 V1->V0 V3->V1,V3,V0,,1,1,True,2.5541999999934006e-05,6.716700000009013e-05,1,3,2
4,V0-V1 V0-V2 V1-V3,3,10,V0->V2 V1->V0 V3->V1,V3,V1,,1,1,True,2.3416999999970045e-05,6.466599999987999e-05,1,3,2
4,V0-V1 V0-V2 V1-V3,3,10,V0->V2 V1->V0 V3->V1,V3,V2,,1,1,True,2.8041999999839362e-05,6.845800000010449e-05,1,3,2
4,V0-V1 V0-V2 V2-V3,3,10,V0->V1 V0-V2 V2-V3,V0,V1,,1,1,True,3.966599999993825e-05,0.00010883400000016863,1,1,2
4,V0-V1 V0-V2 V2-V3,3,10,V2->V3 V0-V1 V0-V2,V2,V3,,1,1,True,3.32080000000623e-05,0.00010120799999979724,1,1,2
4,V0-V1 V0-V2 V2-V3,3,10,V0->V1 V2->V0 V2-V3,V0,V1,,2,2,True,6.170899999990986e-05,0.00017937500000009265,2,3,3
4,V0-V1 V0-V2 V2-V3,3,10,V0->V1 V2->V0 V2-V3,V2,V0,,1,1,True,2.2791999999993706e-05,7.829100000011913e-05,1,2,2
4,V0-V1 V0-V2 V2-V3,3,10,V0->V1 V2->V0 V2-V3,V2,V1,,1,1,True,2.524999999997668e-05,7.9667000000061e-05,1,2,2
4,V0-V1 V0-V2 V2-V3,3,10,V0->V1 V2->V3 V0-V2,V0,V1,,1,1,True,6.429200000002133e-05,0.00013620800000002653,1,2,3
4,V0-V1 V0-V2 V2-V3,3,10,V0->V1 V2->V3 V0-V2,V2,V3,,1,1,True,4.137499999989913e-05,0.00011554200000007953,1,2,2
4,V0-V1 V0-V2 V2-V3,3,10,V0->V2 V2->V3 V0-V1,V0,V2,,1,1,True,3.174999999999706e-05,8.13340000000995e-05,1,2,2
4,V0-V1 V0-V2 V2-V3,3,10,V0->V2 V2->V3 V0-V1,V0,V3,,1,1,True,3.500000000000725e-05,8.699999999994823e-05,1,2,2
4,V0-V1 V0-V2 V2-V3,3,10,V0->V2 V2->V3 V0-V1,V2,V3,,2,2,True,5.520900000011153e-05,0.000172000000000061,2,3,3
4,V0-V1 V0-V2 V2-V3,3,10,V0->V1 V0->V2 V2->V3,V0,V1,,1,1,True,7.791700000003843e-05,9.495800000003385e-05,1,3,3
4,V0-V1 V0-V2 V2-V3,3,10,V0->V1 V0->V2 V2->V3,V0,V2,,1,1,True,3.525000000004219e-05,7.99160000000132e-05,1,3,2
4,V0-V1 V0-V2 V2-V3,3,10,V0->V1 V0->V2 V2->V3,V0,V3,,1,1,True,4.062500000001634e-05,8.208299999989954e-05,1,3,2
4,V0-V1 V0-V2 V2-V3,3,10,V0->V1 V0->V2 V2->V3,V2,V3,,2,2,True,5.725000000000868e-05,0.00018937499999993612,2,5,4
4,V0-V1 V0-V2 V2-V3,3,10,V0->V1 V2->V0 V2->V3,V0,V1,,2,2,True,8.625000000006544e-05,0.0002759169999999589,3,7,5
4,V0-V1 V0-V2 V2-V3,3,10,V0->V1 V2->V0 V2->V3,V2,V0,,1,1,True,3.2875000000043286e-05,9.141699999992703e-05,1,3,3
4,V0-V1 V0-V2 V2-V3,3,10,V0->V1 V2->V0 V2->V3,V2,V1,,1,1,True,3.741600000006784e-05,9.095900000000157e-05,1,3,3
4,V0-V1 V0-V2 V2-V3,3,10,V0->V1 V2->V0 V2->V3,V2,V3,,1,1,True,4.595899999992881e-05,8.374999999993804e-05,1,3,2
4,V0-V1 V0-V2 V2-V3,3,10,V0->V1 V2->V0 V3->V2,V0,V1,,3,3,True,6.275000000011133e-05,0.0002415000000000056,3,6,4
4,V0-V1 V0-V2 V2-V3,3,10,V0->V1 V2->V0 V3->V2,V2,V0,,2,2,True,2.7915999999850172e-05,0.00013670899999995711,2,5,3
4,V0-V1 V0-V2 V2-V3,3,10,V0->V1 V2->V0 V3->V2,V2,V1,,2,2,True,3.1416999999978046e-05,0.00013958299999994317,2,5,3
4,V0-V1 V0-V2 V2-V3,3,10,V0->V1 V2->V0 V3->V2,V3,V0,,1,1,True,2.6208000000194076e-05,6.783299999990611e-05,1,3,2
4,V0-V1 V0-V2 V2-V3,3,10,V0->V1 V2->V0 V3->V2,V3,V1,,1,1,True,2.9041000000118444e-05,7.091699999994816e-05,1,3,2
4,V0-V1 V0-V2 V2-V3,3,10,V0->V1 V2->V0 V3->V2,V3,V2,,1,1,True,2.450000000009389e-05,6.570900000002489e-05,1,3,2
4,V0-V1 V0-V2 V2-V3,3,10,V0->V2 V1->V0 V2->V3,V0,V2,,2,2,True,3.7832999999931616e-05,0.00014300000000000423,2,5,3
4,V0-V1 V0-V2 V2-V3,3,10,V0->V2 V1->V0 V2->V3,V0,V3,,2,2,True,4.4874999999944265e-05,0.00014854099999994652,2,5,3
4,V0-V1 V0-V2 V2-V3,3,10,V0->V2 V1->V0 V2->V3,V1,V0,,1,1,True,2.241599999996957e-05,6.737499999998064e-05,1,3,2
4,V0-V1 V0-V2 V2-V3,3,10,V0->V2 V1->V0 V2->V3,V1,V2,,1,1,True,2.6208999999832727e-05,6.866599999999501e-05,1,3,2
4,V0-V1 V0-V2 V2-V3,3,10,V0->V2 V1->V0 V2->V3,V1,V3,,1,1,True,2.8708999999960128e-05,6.883300000004589e-05,1,3,2
4,V0-V1 V0-V2 V2-V3,3,10,V0->V2 V1->V0 V2->V3,V2,V3,,3,3,True,5.699999999997374e-05,0.00023458300000012144,3,6,4
4,V0-V1 V0-V3,2,6,V0-V1 V0-V3,V0,V2,,-1,-1,True,4.6957999999985844e-05,1.6667000000136767e-05,1,0,1
4,V0-V1 V0-V3,2,6,V0-V1 V0-V3,V1,V2,,-1,-1,True,5.0791999999910686e-05,1.7375000000097174e-05,1,0,1
4,V0-V1 V0-V3,2,6,V0-V1 V0-V3,V2,V0,,-1,-1,True,4.491700000008869e-05,1.55410000000078e-05,1,0,1
4,V0-V1 V0-V3,2,6,V0-V1 V0-V3,V2,V1,,-1,-1,True,4.670900000003364e-05,1.6000000000016e-05,1,0,1
4,V0-V1 V0-V3,2,6,V0-V1 V0-V3,V2,V3,,-1,-1,True,4.683299999985735e-05,1.587500000010955e-05,1,0,1
4,V0-V1 V0-V3,2,6,V0-V1 V0-V3,V3,V2,,-1,-1,True,4.9709000000008885e-05,1.670799999997641e-05,1,0,1
4,V0-V1 V0-V3,2,6,V0->V1 V0-V3,V0,V1,,1,1,True,2.366700000000499e-05,6.525000000001668e-05,1,1,2
4,V0-V1 V0-V3,2,6,V0->V1 V0-V3,V0,V2,,-1,-1,True,4.516699999990159e-05,6.383300000001313e-05,2,1,2
4,V0-V1 V0-V3,2,6,V0->V1 V0-V3,V1,V2,,-1,-1,True,5.0417000000191337e-05,6.574999999986453e-05,2,1,2
4,V0-V1 V0-V3,2,6,V0->V1 V0-V3,V2,V0,,-1,-1,True,4.454100000006456e-05,6.179200000011598e-05,2,1,2
4,V0-V1 V0-V3,2,6,V0->V1 V0-V3,V2,V1,,-1,-1,True,4.691699999992416e-05,6.349999999999412e-05,2,1,2
4,V0-V1 V0-V3,2,6,V0->V1 V0-V3,V2,V3,,-1,-1,True,4.7708999999951374e-05,6.279100000017301e-05,2,1,2
4,V0-V1 V0-V3,2,6,V0->V1 V0-V3,V3,V2,,-1,-1,True,4.991700000012145e-05,6.420799999995452e-05,2,1,2
4,V0-V1 V0-V3,2,6,V0->V3 V0-V1,V0,V2,,-1,-1,True,4.591600000014573e-05,6.287500000001778e-05,2,1,2
4,V0-V1 V0-V3,2,6,V0->V3 V0-V1,V0,V3,,1,1,True,1.8333000000092525e-05,5.616699999988484e-05,1,1,2
4,V0-V1 V0-V3,2,6,V0->V3 V0-V1,V1,V2,,-1,-1,True,5.162499999999959e-05,9.604200000001839e-05,2,1,2
4,V0-V1 V0-V3,2,6,V0->V3 V0-V1,V2,V0,,-1,-1,True,4.9165999999933874e-05,6.858400000009368e-05,2,1,2
4,V0-V1 V0-V3,2,6,V0->V3 V0-V1,V2,V1,,-1,-1,True,4.887500000005929e-05,6.612500000002797e-05,2,1,2
4,V0-V1 V0-V3,2,6,V0->V3 V0-V1,V2,V3,,-1,-1,True,5.36250000000571e-05,6.616600000008965e-05,2,1,2
4,V0-V1 V0-V3,2,6,V0->V3 V0-V1,V3,V2,,-1,-1,True,5.108300000000732e-05,6.833399999983669e-05,2,1,2
4,V0-V1 V0-V3,2,6,V0->V1 V0->V3,V0,V1,,1,1,True,3.920800000001279e-05,7.729199999984004e-05,1,2,3
4,V0-V1 V0-V3,2,6,V0->V1 V0->V3,V0,V2,,-1,-1,True,4.67079999999509e-05,0.00016258400000013218,4,4,4
4,V0-V1 V0-V3,2,6,V0->V1 V0->V3,V0,V3,,1,1,True,2.3207999999996787e-05,6.237499999994789e-05,1,2,2
4,V0-V1 V0-V3,2,6,V0->V1 V0->V3,V1,V2,,-1,-1,True,5.095899999996156e-05,0.0001655410000001023,4,4,4
4,V0-V1 V0-V3,2,6,V0->V1 V0->V3,V2,V0,,-1,-1,True,4.595899999992881e-05,0.00015966600000005826,4,4,4
4,V0-V1 V0-V3,2,6,V0->V1 V0->V3,V2,V1,,-1,-1,True,4.795800000012562e-05,0.00015937499999996163,4,4,4
4,V0-V1 V0-V3,2,6,V0->V1 V0->V3,V2,V3,,-1,-1,True,4.741699999999405e-05,0.0001606669999998367,4,4,4
4,V0-V1 V0-V3,2,6,V0->V1 V0->V3,V3,V2,,-1,-1,True,5.0749999999988304e-05,0.0001639580000001306,4,4,4
4,V0-V1 V0-V3,2,6,V0->V1 V3->V0,V0,V1,,2,2,True,2.9958999999912805e-05,0.00010783299999994611,2,3,3
4,V0-V1 V0-V3,2,6,V0->V1 V3->V0,V0,V2,,-1,-1,True,4.758300000018423e-05,0.0001066669999998382,3,3,3
4,V0-V1 V0-V3,2,6,V0->V1 V3->V0,V1,V2,,-1,-1,True,5.187500000003453e-05,0.0001100000000000545,3,3,3
4,V0-V1 V0-V3,2,6,V0->V1 V3->V0,V2,V0,,-1,-1,True,4.5957999999846066e-05,0.0001055830000000757,3,3,3
4,V0-V1 V0-V3,2,6,V0->V1 V3->V0,V2,V1,,-1,-1,True,4.766599999994625e-05,0.00010825000000003193,3,3,3
4,V0-V1 V0-V3,2,6,V0->V1 V3->V0,V2,V3,,-1,-1,True,4.7915999999981196e-05,0.00010379199999999145,3,3,3
4,V0-V1 V0-V3,2,6,V0->V1 V3->V0,V3,V0,,1,1,True,1.558299999993018e-05,4.83749999999894e-05,1,2,2
4,V0-V1 V0-V3,2,6,V0->V1 V3->V0,V3,V1,,1,1,True,1.762500000013212e-05,5.004099999994516e-05,1,2,2
4,V0-V1 V0-V3,2,6,V0->V1 V3->V0,V3,V2,,-1,-1,True,5.045800000003098e-05,0.0001054579999999472,3,3,3
4,V0-V1 V0-V3,2,6,V0->V3 V1->V0,V0,V2,,-1,-1,True,4.795899999998632e-05,0.000106791000000106,3,3,3
4,V0-V1 V0-V3,2,6,V0->V3 V1->V0,V0,V3,,2,2,True,2.3957999999879576e-05,0.00010008299999997305,2,3,3
4,V0-V1 V0-V3,2,6,V0->V3 V1->V0,V1,V0,,1,1,True,1.5375000000039662e-05,4.829200000000533e-05,1,2,2
4,V0-V1 V0-V3,2,6,V0->V3 V1->V0,V1,V2,,-1,-1,True,5.174999999990604e-05,0.00010679199999996669,3,3,3
4,V0-V1 V0-V3,2,6,V0->V3 V1->V0,V1,V3,,1,1,True,1.79169999998674e-05,5.02909999999801e-05,1,2,2
4,V0-V1 V0-V3,2,6,V0->V3 V1->V0,V2,V0,,-1,-1,True,4.5167000000123636e-05,0.00010320799999985475,3,3,3
4,V0-V1 V0-V3,2,6,V0->V3 V1->V0,V2,V1,,-1,-1,True,4.762500000010661e-05,0.00010299999999996423,3,3,3
4,V0-V1 V0-V3,2,6,V0->V3 V1->V0,V2,V3,,-1,-1,True,4.799999999982596e-05,0.00010941700000000054,3,3,3
4,V0-V1 V0-V3,2,6,V0->V3 V1->V0,V3,V2,,-1,-1,True,5.02909999999801e-05,0.00011399999999994748,3,3,3
4,V0-V1 V0-V3 V1-V2,3,10,V0->V3 V0-V1 V1-V2,V0,V3,,1,1,True,2.8708999999960128e-05,9.862500000012986e-05,1,1,2
4,V0-V1 V0-V3 V1-V2,3,10,V1->V2 V0-V1 V0-V3,V1,V2,,1,1,True,4.0416000000043084e-05,0.00010975000000001955,1,1,2
4,V0-V1 V0-V3 V1-V2,3,10,V0->V1 V1->V2 V0-V3,V0,V1,,1,1,True,4.345900000002345e-05,9.133299999986022e-05,1,2,2
4,V0-V1 V0-V3 V1-V2,3,10,V0->V1 V1->V2 V0-V3,V0,V2,,1,1,True,4.979199999999295e-05,9.491699999997216e-05,1,2,2
4,V0-V1 V0-V3 V1-V2,3,10,V0->V1 V1->V2 V0-V3,V1,V2,,2,2,True,6.262499999998283e-05,0.00017812500000013998,2,3,3
4,V0-V1 V0-V3 V1-V2,3,10,V0->V3 V1->V0 V1-V2,V0,V3,,2,2,True,5.187500000003453e-05,0.00017095799999999883,2,3,3
4,V0-V1 V0-V3 V1-V2,3,10,V0->V3 V1->V0 V1-V2,V1,V0,,1,1,True,2.358299999993818e-05,8.070800000004041e-05,1,2,2
4,V0-V1 V0-V3 V1-V2,3,10,V0->V3 V1->V0 V1-V2,V1,V3,,1,1,True,2.579199999996895e-05,8.191599999984867e-05,1,2,2
4,V0-V1 V0-V3 V1-V2,3,10,V0->V3 V1->V2 V0-V1,V0,V3,,1,1,True,4.745800000005573e-05,0.0001231669999999241,1,2,3
4,V0-V1 V0-V3 V1-V2,3,10,V0->V3 V1->V2 V0-V1,V1,V2,,1,1,True,4.6957999999985844e-05,0.00010737500000002065,1,2,2
4,V0-V1 V0-V3 V1-V2,3,10,V0->V1 V0->V3 V1->V2,V0,V1,,1,1,True,5.11249999999297e-05,9.483299999990535e-05,1,3,3
4,V0-V1 V0-V3 V1-V2,3,10,V0->V1 V0->V3 V1->V2,V0,V2,,1,1,True,5.666700000017677e-05,9.612500000000246e-05,1,3,3
4,V0-V1 V0-V3 V1-V2,3,10,V0->V1 V0->V3 V1->V2,V0,V3,,1,1,True,5.2708000000123434e-05,8.358299999988716e-05,1,3,2
4,V0-V1 V0-V3 V1-V2,3,10,V0->V1 V0->V3 V1->V2,V1,V2,,2,2,True,6.454200000005628e-05,0.00029879199999993666,3,7,5
4,V0-V1 V0-V3 V1-V2,3,10,V0->V1 V1->V2 V3->V0,V0,V1,,2,2,True,4.808300000003207e-05,0.00015125000000004718,2,5,3
4,V0-V1 V0-V3 V1-V2,3,10,V0->V1 V1->V2 V3->V0,V0,V2,,2,2,True,5.4833000000087395e-05,0.0001542919999999448,2,5,3
4,V0-V1 V0-V3 V1-V2,3,10,V0->V1 V1->V2 V3->V0,V1,V2,,3,3,True,6.220899999997975e-05,0.00024212499999998194,3,6,4
4,V0-V1 V0-V3 V1-V2,3,10,V0->V1 V1->V2 V3->V0,V3,V0,,1,1,True,2.274999999984928e-05,6.858300000001094e-05,1,3,2
4,V0-V1 V0-V3 V1-V2,3,10,V0->V1 V1->V2 V3->V0,V3,V1,,1,1,True,2.5707999999902142e-05,6.858400000009368e-05,1,3,2
4,V0-V1 V0-V3 V1-V2,3,10,V0->V1 V1->V2 V3->V0,V3,V2,,1,1,True,2.941700000014258e-05,7.166599999997025e-05,1,3,2
4,V0-V1 V0-V3 V1-V2,3,10,V0->V3 V1->V0 V1->V2,V0,V3,,2,2,True,6.779200000006647e-05,0.0002714159999999133,3,7,5
4,V0-V1 V0-V3 V1-V2,3,10,V0->V3 V1->V0 V1->V2,V1,V0,,1,1,True,3.437500000003091e-05,9.095800000014087e-05,1,3,3
4,V0-V1 V0-V3 V1-V2,3,10,V0->V3 V1->V0 V1->V2,V1,V2,,1,1,True,5.1709000000066396e-05,8.241599999991855e-05,1,3,2
4,V0-V1 V0-V3 V1-V2,3,10,V0->V3 V1->V0 V1->V2,V1,V3,,1,1,True,3.724999999987766e-05,8.999999999992347e-05,1,3,3
4,V0-V1 V0-V3 V1-V2,3,10,V0->V3 V1->V0 V2->V1,V0,V3,,3,3,True,5.070899999992662e-05,0.00023412499999997394,3,6,4
4,V0-V1 V0-V3 V1-V2,3,10,V0->V3 V1->V0 V2->V1,V1,V0,,2,2,True,2.9124999999963208e-05,0.00013687499999992525,2,5,3
4,V0-V1 V0-V3 V1-V2,3,10,V0->V3 V1->V0 V2->V1,V1,V3,,2,2,True,3.258300000008596e-05,0.00013908299999987328,2,5,3
4,V0-V1 V0-V3 V1-V2,3,10,V0->V3 V1->V0 V2->V1,V2,V0,,1,1,True,2.629200000003884e-05,6.758300000009321e-05,1,3,2
4,V0-V1 V0-V3 V1-V2,3,10,V0->V3 V1->V0 V2->V1,V2,V1,,1,1,True,2.4290999999898588e-05,6.533400000008349e-05,1,3,2
4,V0-V1 V0-V3 V1-V2,3,10,V0->V3 V1->V0 V2->V1,V2,V3,,1,1,True,2.945799999998222e-05,6.895799999995234e-05,1,3,2
4,V0-V1 V0-V3 V1-V2 V1-V3,4,32,V1->V2 V0-V1 V0-V3 V1-V3,V1,V2,,1,1,True,6.89170000001127e-05,0.00019683299999995185,1,1,2
4,V0-V1 V0-V3 V1-V2 V1-V3,4,32,V0->V1 V1->V2 V0-V3 V1-V3,V1,V2,,2,2,True,0.00011433399999982718,0.00031445800000007296,2,3,3
4,V0-V1 V0-V3 V1-V2 V1-V3,4,32,V0->V3 V1->V2 V0-V1 V1-V3,V1,V2,,1,1,True,7.295899999992805e-05,0.00018724999999997216,1,2,2
4,V0-V1 V0-V3 V1-V2 V1-V3,4,32,V1->V0 V1->V2 V0-V3 V1-V3,V1,V2,,1,1,True,5.841700000019934e-05,0.00017158299999997517,1,2,2
4,V0-V1 V0-V3 V1-V2 V1-V3,4,32,V1->V0 V1->V3 V0-V3 V1-V2,V1,V0,,1,1,True,5.491699999993216e-05,0.00019104100000011393,1,2,2
4,V0-V1 V0-V3 V1-V2 V1-V3,4,32,V1->V0 V1->V3 V0-V3 V1-V2,V1,V3,,1,1,True,5.487499999978773e-05,0.00018758299999999117,1,2,2
4,V0-V1 V0-V3 V1-V2 V1-V3,4,32,V1->V2 V1->V3 V0-V1 V0-V3,V1,V2,,1,1,True,0.00010062499999996533,0.00021937500000013266,1,2,3
4,V0-V1 V0-V3 V1-V2 V1-V3,4,32,V1->V2 V3->V0 V0-V1 V1-V3,V1,V2,,1,1,True,0.00010924999999994967,0.0002263330000000785,1,2,3
4,V0-V1 V0-V3 V1-V2 V1-V3,4,32,V1->V2 V3->V1 V0-V1 V0-V3,V1,V2,,2,2,True,0.00012049999999996786,0.0003227080000001159,2,3,3
4,V0-V1 V0-V3 V1-V2 V1-V3,4,32,V0->V1 V0->V3 V1->V2 V1-V3,V0,V1,,1,1,True,6.950000000016665e-05,0.00014412499999982842,1,3,2
4,V0-V1 V0-V3 V1-V2 V1-V3,4,32,V0->V1 V0->V3 V1->V2 V1-V3,V0,V2,,1,1,True,7.470900000017267e-05,0.00014524999999987465,1,3,2
4,V0-V1 V0-V3 V1-V2 V1-V3,4,32,V0->V1 V0->V3 V1->V2 V1-V3,V0,V3,,1,1,True,6.475000000016884e-05,0.00013845799999989694,1,3,2
4,V0-V1 V0-V3 V1-V2 V1-V3,4,32,V0->V1 V0->V3 V1->V2 V1-V3,V1,V2,,2,2,True,0.00011820799999995302,0.00046450000000008984,3,7,5
4,V0-V1 V0-V3 V1-V2 V1-V3,4,32,V0->V1 V1->V2 V3->V1 V0-V3,V1,V2,,3,3,True,0.00015758300000001668,0.0005445829999999319,4,8,5
4,V0-V1 V0-V3 V1-V2 V1-V3,4,32,V0->V3 V1->V0 V1->V3 V1-V2,V0,V3,V1,1,1,True,2.3541999999876495e-05,0.00013145800000002872,1,3,2
4,V0-V1 V0-V3 V1-V2 V1-V3,4,32,V0->V3 V1->V0 V1->V3 V1-V2,V1,V0,,1,1,True,3.1832999999981126e-05,0.00012870800000008842,1,3,2
4,V0-V1 V0-V3 V1-V2 V1-V3,4,32,V0->V3 V1->V0 V1->V3 V1-V2,V1,V3,,1,1,True,3.5167000000058124e-05,0.00013083300000005238,1,3,2
4,V0-V1 V0-V3 V1-V2 V1-V3,4,32,V0->V3 V1->V2 V1->V3 V0-V1,V1,V2,,1,1,True,0.00010229100000014313,0.0001798749999999405,1,3,3
4,V0-V1 V0-V3 V1-V2 V1-V3,4,32,V1->V0 V1->V2 V1->V3 V0-V3,V1,V0,,1,1,True,5.941600000003433e-05,0.00016024999999997291,1,3,2
4,V0-V1 V0-V3 V1-V2 V1-V3,4,32,V1->V0 V1->V2 V1->V3 V0-V3,V1,V2,,1,1,True,7.83339999999022e-05,0.00016595800000018812,1,3,3
4,V0-V1 V0-V3 V1-V2 V1-V3,4,32,V1->V0 V1->V2 V1->V3 V0-V3,V1,V3,,1,1,True,5.933300000005026e-05,0.00015862500000007884,1,3,2
4,V0-V1 V0-V3 V1-V2 V1-V3,4,32,V1->V0 V1->V2 V3->V0 V1-V3,V1,V2,,1,1,True,8.695900000010859e-05,0.00017762499999984804,1,3,3
4,V0-V1 V0-V3 V1-V2 V1-V3,4,32,V1->V0 V1->V3 V2->V1 V0-V3,V1,V0,,2,2,True,7.90829999999243e-05,0.0002903750000000649,2,5,3
4,V0-V1 V0-V3 V1-V2 V1-V3,4,32,V1->V0 V1->V3 V2->V1 V0-V3,V1,V3,,2,2,True,7.945899999994843e-05,0.00034695800000017485,2,5,3
4,V0-V1 V0-V3 V1-V2 V1-V3,4,32,V1->V0 V1->V3 V2->V1 V0-V3,V2,V0,,1,1,True,3.91669999999511e-05,0.00011825000000009744,1,3,2
4,V0-V1 V0-V3 V1-V2 V1-V3,4,32,V1->V0 V1->V3 V2->V1 V0-V3,V2,V1,,1,1,True,3.279200000005922e-05,0.00011066599999987048,1,3,2
4,V0-V1 V0-V3 V1-V2 V1-V3,4,32,V1->V0 V1->V3 V2->V1 V0-V3,V2,V3,,1,1,True,4.199999999987547e-05,0.00011129100000006886,1,3,2
4,V0-V1 V0-V3 V1-V2 V1-V3,4,32,V1->V0 V1->V3 V3->V0 V1-V2,V1,V0,,1,1,True,8.249999999998536e-05,0.00017012500000013198,1,3,3
4,V0-V1 V0-V3 V1-V2 V1-V3,4,32,V1->V0 V1->V3 V3->V0 V1-V2,V1,V3,,1,1,True,7.745899999989092e-05,0.00016216600000018566,1,3,3
4,V0-V1 V0-V3 V1-V2 V1-V3,4,32,V1->V0 V1->V3 V3->V0 V1-V2,V3,V0,V1,1,1,True,4.1208999999930995e-05,0.00013658299999996792,1,3,2
4,V0-V1 V0-V3 V1-V2 V1-V3,4,32,V1->V2 V3->V0 V3->V1 V0-V1,V1,V2,,2,2,True,0.0001555840000000419,0.0003724999999998868,2,5,5
4,V0-V1 V0-V3 V1-V2 V1-V3,4,32,V1->V2 V3->V0 V3->V1 V0-V1,V3,V0,,1,1,True,4.0582999999871916e-05,0.00013383300000002762,1,3,2
4,V0-V1 V0-V3 V1-V2 V1-V3,4,32,V1->V2 V3->V0 V3->V1 V0-V1,V3,V1,,1,1,True,4.2125000000003965e-05,0.00013308300000014484,1,3,2
4,V0-V1 V0-V3 V1-V2 V1-V3,4,32,V1->V2 V3->V0 V3->V1 V0-V1,V3,V2,,1,1,True,4.658300000004445e-05,0.0001351670000000471,1,3,2
4,V0-V1 V0-V3 V1-V2 V1-V3,4,32,V0->V1 V0->V3 V1->V2 V1->V3,V0,V1,,1,1,True,8.408299999995705e-05,0.00012183399999998734,1,4,3
4,V0-V1 V0-V3 V1-V2 V1-V3,4,32,V0->V1 V0->V3 V1->V2 V1->V3,V0,V2,,1,1,True,9.308300000010483e-05,0.00012354199999986548,1,4,3
4,V0-V1 V0-V3 V1-V2 V1-V3,4,32,V0->V1 V0->V3 V1->V2 V1->V3,V0,V3,,1,1,True,8.291700000007118e-05,0.00011970799999994064,1,4,3
4,V0-V1 V0-V3 V1-V2 V1-V3,4,32,V0->V1 V0->V3 V1->V2 V1->V3,V1,V2,,2,2,True,0.00013937500000005265,0.00042558299999995164,3,10,6
4,V0-V1 V0-V3 V1-V2 V1-V3,4,32,V0->V1 V0->V3 V1->V2 V1->V3,V1,V3,V0,1,1,True,6.537500000014518e-05,0.00011170899999979333,1,4,2
4,V0-V1 V0-V3 V1-V2 V1-V3,4,32,V0->V1 V0->V3 V1->V2 V3->V1,V0,V1,,1,1,True,8.5874999999902e-05,0.000124333000000032,1,4,3
4,V0-V1 V0-V3 V1-V2 V1-V3,4,32,V0->V1 V0->V3 V1->V2 V3->V1,V0,V2,,1,1,True,9.600000000009601e-05,0.0001268340000000201,1,4,3
4,V0-V1 V0-V3 V1-V2 V1-V3,4,32,V0->V1 V0->V3 V1->V2 V3->V1,V0,V3,,1,1,True,8.062500000005635e-05,0.0001177909999998672,1,4,3
4,V0-V1 V0-V3 V1-V2 V1-V3,4,32,V0->V1 V0->V3 V1->V2 V3->V1,V1,V2,,3,3,True,0.00015904100000008192,0.0006980839999999322,5,14,8
4,V0-V1 V0-V3 V1-V2 V1-V3,4,32,V0->V1 V0->V3 V1->V2 V3->V1,V3,V1,V0,1,1,True,3.945800000004773e-05,0.00010166700000002749,1,4,2
4,V0-V1 V0-V3 V1-V2 V1-V3,4,32,V0->V1 V0->V3 V1->V2 V3->V1,V3,V2,V0,1,1,True,4.44170000000188e-05,0.00010245799999997196,1,4,2
4,V0-V1 V0-V3 V1-V2 V1-V3,4,32,V0->V1 V1->V2 V3->V0 V3->V1,V0,V1,V3,1,1,True,1.8375000000014907e-05,9.762499999999008e-05,1,4,2
4,V0-V1 V0-V3 V1-V2 V1-V3,4,32,V0->V1 V1->V2 V3->V0 V3->V1,V0,V2,V3,1,1,True,1.8582999999905425e-05,9.608300000008008e-05,1,4,2
4,V0-V1 V0-V3 V1-V2 V1-V3,4,32,V0->V1 V1->V2 V3->V0 V3->V1,V1,V2,,3,3,True,0.00019391700000004342,0.000853624999999969,6,16,8
4,V0-V1 V0-V3 V1-V2 V1-V3,4,32,V0->V1 V1->V2 V3->V0 V3->V1,V3,V0,,1,1,True,3.599999999992498e-05,0.00010295900000012459,1,4,2
4,V0-V1 V0-V3 V1-V2 V1-V3,4,32,V0->V1 V1->V2 V3->V0 V3->V1,V3,V1,,1,1,True,4.0582999999871916e-05,0.00010583300000011064,1,4,2
4,V0-V1 V0-V3 V1-V2 V1-V3,4,32,V0->V1 V1->V2 V3->V0 V3->V1,V3,V2,,1,1,True,4.500000000007276e-05,0.00010591699999995541,1,4,2
4,V0-V1 V0-V3 V1-V2 V1-V3,4,32,V0->V3 V1->V0 V1->V2 V1->V3,V0,V3,V1,1,1,True,3.341700000003556e-05,0.00012770799999994864,1,4,3
4,V0-V1 V0-V3 V1-V2 V1-V3,4,32,V0->V3 V1->V0 V1->V2 V1->V3,V1,V0,,1,1,True,4.2874999999886754e-05,0.00012450000000008288,1,4,3
4,V0-V1 V0-V3 V1-V2 V1-V3,4,32,V0->V3 V1->V0 V1->V2 V1->V3,V1,V2,,1,1,True,0.00010516700000007262,0.00011654199999999726,1,4,2
4,V0-V1 V0-V3 V1-V2 V1-V3,4,32,V0->V3 V1->V0 V1->V2 V1->V3,V1,V3,,1,1,True,4.8124999999954454e-05,0.0001251669999999816,1,4,3
4,V0-V1 V0-V3 V1-V2 V1-V3,4,32,V0->V3 V1->V0 V1->V3 V2->V1,V0,V3,V1,1,1,True,4.766700000002899e-05,0.00013166700000000198,1,4,3
4,V0-V1 V0-V3 V1-V2 V1-V3,4,32,V0->V3 V1->V0 V1->V3 V2->V1,V1,V0,,2,2,True,5.008399999995028e-05,0.00023850000000003035,2,7,4
4,V0-V1 V0-V3 V1-V2 V1-V3,4,32,V0->V3 V1->V0 V1->V3 V2->V1,V1,V3,,2,2,True,5.441699999986227e-05,0.000240333000000037,2,7,4
4,V0-V1 V0-V3 V1-V2 V1-V3,4,32,V0->V3 V1->V0 V1->V3 V2->V1,V2,V0,,1,1,True,3.708400000013157e-05,0.00010124999999994166,1,4,2
4,V0-V1 V0-V3 V1-V2 V1-V3,4,32,V0->V3 V1->V0 V1->V3 V2->V1,V2,V1,,1,1,True,3.5291999999964574e-05,9.887499999994276e-05,1,4,2
4,V0-V1 V0-V3 V1-V2 V1-V3,4,32,V0->V3 V1->V0 V1->V3 V2->V1,V2,V3,,1,1,True,4.374999999989804e-05,0.00010195899999998481,1,4,2
4,V0-V1 V0-V3 V1-V2 V1-V3,4,32,V1->V0 V1->V2 V1->V3 V3->V0,V1,V0,,1,1,True,7.7874999999894e-05,0.00013383300000002762,1,4,3
4,V0-V1 V0-V3 V1-V2 V1-V3,4,32,V1->V0 V1->V2 V1->V3 V3->V0,V1,V2,,1,1,True,0.00010604100000000116,0.00014258400000000115,1,4,4
4,V0-V1 V0-V3 V1-V2 V1-V3,4,32,V1->V0 V1->V2 V1->V3 V3->V0,V1,V3,,1,1,True,7.654199999995726e-05,0.0001303329999999825,1,4,3
4,V0-V1 V0-V3 V1-V2 V1-V3,4,32,V1->V0 V1->V2 V1->V3 V3->V0,V3,V0,V1,1,1,True,4.1583000000011694e-05,0.00011475000000005231,1,4,2
4,V0-V1 V0-V3 V1-V2 V1-V3,4,32,V1->V0 V1->V2 V3->V0 V3->V1,V1,V0,V3,1,1,True,1.7875000000167063e-05,0.00010066699999988771,1,4,2
4,V0-V1 V0-V3 V1-V2 V1-V3,4,32,V1->V0 V1->V2 V3->V0 V3->V1,V1,V2,,2,2,True,0.00010791599999993018,0.0002947920000000437,2,7,5
4,V0-V1 V0-V3 V1-V2 V1-V3,4,32,V1->V0 V1->V2 V3->V0 V3->V1,V3,V0,,1,1,True,3.9624999999876565e-05,0.0001075839999999939,1,4,2
4,V0-V1 V0-V3 V1-V2 V1-V3,4,32,V1->V0 V1->V2 V3->V0 V3->V1,V3,V1,,1,1,True,3.737500000000615e-05,0.00010404200000002639,1,4,2
4,V0-V1 V0-V3 V1-V2 V1-V3,4,32,V1->V0 V1->V2 V3->V0 V3->V1,V3,V2,,1,1,True,4.270800000005792e-05,0.00010433399999998372,1,4,2
4,V0-V1 V0-V3 V1-V2 V1-V3,4,32,V1->V0 V1->V3 V2->V1 V3->V0,V1,V0,,2,2,True,9.999999999998899e-05,0.000368000000000146,3,10,5
4,V0-V1 V0-V3 V1-V2 V1-V3,4,32,V1->V0 V1->V3 V2->V1 V3->V0,V1,V3,,2,2,True,9.704200000015817e-05,0.00035358299999987963,3,10,5
4,V0-V1 V0-V3 V1-V2 V1-V3,4,32,V1->V0 V1->V3 V2->V1 V3->V0,V2,V0,,1,1,True,5.429199999995582e-05,0.00012079100000006449,1,4,3
4,V0-V1 V0-V3 V1-V2 V1-V3,4,32,V1->V0 V1->V3 V2->V1 V3->V0,V2,V1,,1,1,True,4.3833999999964846e-05,0.00011208300000009608,1,4,3
4,V0-V1 V0-V3 V1-V2 V1-V3,4,32,V1->V0 V1->V3 V2->V1 V3->V0,V2,V3,,1,1,True,5.4666999999897214e-05,0.00011620800000011755,1,4,3
4,V0-V1 V0-V3 V1-V2 V1-V3,4,32,V1->V0 V1->V3 V2->V1 V3->V0,V3,V0,V1,1,1,True,4.295899999995356e-05,0.00010329100000006086,1,4,2
4,V0-V1 V0-V3 V1-V2 V1-V3 V2-V3,5,50,V1->V0 V1->V2 V1->V3 V0-V3 V2-V3,V1,V0,,1,1,True,8.029099999995459e-05,0.00028404199999987334,1,3,2
4,V0-V1 V0-V3 V1-V2 V1-V3 V2-V3,5,50,V1->V0 V1->V2 V1->V3 V0-V3 V2-V3,V1,V2,,1,1,True,8.104100000005943e-05,0.000280000000000058,1,3,2
4,V0-V1 V0-V3 V1-V2 V1-V3 V2-V3,5,50,V1->V0 V1->V2 V1->V3 V0-V3 V2-V3,V1,V3,,1,1,True,7.545900000005545e-05,0.00027358300000002167,1,3,2
4,V0-V1 V0-V3 V1-V2 V1-V3 V2-V3,5,50,V1->V0 V1->V3 V3->V0 V1-V2 V2-V3,V3,V0,V1,1,1,True,5.366599999989674e-05,0.00022087500000012028,1,3,2
4,V0-V1 V0-V3 V1-V2 V1-V3 V2-V3,5,50,V1->V0 V3->V0 V3->V1 V1-V2 V2-V3,V1,V0,V3,1,1,True,3.5291999999964574e-05,0.00022012500000001545,1,3,2
4,V0-V1 V0-V3 V1-V2 V1-V3 V2-V3,5,50,V1->V2 V1->V3 V3->V2 V0-V1 V0-V3,V3,V2,V1,1,1,True,7.825000000005744e-05,0.0002663750000000409,1,3,2
4,V0-V1 V0-V3 V1-V2 V1-V3 V2-V3,5,50,V1->V2 V3->V1 V3->V2 V0-V1 V0-V3,V1,V2,V3,1,1,True,3.329100000004637e-05,0.00020774999999995103,1,3,2
4,V0-V1 V0-V3 V1-V2 V1-V3 V2-V3,5,50,V3->V0 V3->V1 V3->V2 V0-V1 V1-V2,V3,V0,,1,1,True,6.354200000013854e-05,0.0002617919999998719,1,3,2
4,V0-V1 V0-V3 V1-V2 V1-V3 V2-V3,5,50,V3->V0 V3->V1 V3->V2 V0-V1 V1-V2,V3,V1,,1,1,True,6.037500000011242e-05,0.000254207999999867,1,3,2
4,V0-V1 V0-V3 V1-V2 V1-V3 V2-V3,5,50,V3->V0 V3->V1 V3->V2 V0-V1 V1-V2,V3,V2,,1,1,True,6.379100000009075e-05,0.0002609169999998606,1,3,2
4,V0-V1 V0-V3 V1-V2 V1-V3 V2-V3,5,50,V0->V1 V0->V3 V1->V2 V3->V2 V1-V3,V0,V1,,1,1,True,9.120799999995377e-05,0.0001691249999999922,1,4,2
4,V0-V1 V0-V3 V1-V2 V1-V3 V2-V3,5,50,V0->V1 V0->V3 V1->V2 V3->V2 V1-V3,V0,V2,,1,1,True,0.00010816599999996512,0.0001716250000001196,1,4,2
4,V0-V1 V0-V3 V1-V2 V1-V3 V2-V3,5,50,V0->V1 V0->V3 V1->V2 V3->V2 V1-V3,V0,V3,,1,1,True,8.625000000006544e-05,0.00016199999999999548,1,4,2
4,V0-V1 V0-V3 V1-V2 V1-V3 V2-V3,5,50,V0->V1 V1->V2 V3->V1 V3->V2 V0-V3,V1,V2,V3,1,1,True,2.995800000005211e-05,0.00015833299999989947,1,4,2
4,V0-V1 V0-V3 V1-V2 V1-V3 V2-V3,5,50,V0->V3 V1->V2 V1->V3 V3->V2 V0-V1,V3,V2,V1,1,1,True,7.666600000000301e-05,0.00016808400000001278,1,4,2
4,V0-V1 V0-V3 V1-V2 V1-V3 V2-V3,5,50,V1->V0 V1->V2 V1->V3 V3->V0 V2-V3,V1,V0,,1,1,True,0.00011187499999998352,0.0002237919999998894,1,4,3
4,V0-V1 V0-V3 V1-V2 V1-V3 V2-V3,5,50,V1->V0 V1->V2 V1->V3 V3->V0 V2-V3,V1,V2,,1,1,True,0.00010937500000007816,0.00021529200000003357,1,4,3
4,V0-V1 V0-V3 V1-V2 V1-V3 V2-V3,5,50,V1->V0 V1->V2 V1->V3 V3->V0 V2-V3,V1,V3,,1,1,True,0.00010237499999998789,0.00021075000000014832,1,4,3
4,V0-V1 V0-V3 V1-V2 V1-V3 V2-V3,5,50,V1->V0 V1->V2 V1->V3 V3->V0 V2-V3,V3,V0,V1,1,1,True,5.162499999999959e-05,0.0001851250000000082,1,4,2
4,V0-V1 V0-V3 V1-V2 V1-V3 V2-V3,5,50,V1->V0 V1->V2 V1->V3 V3->V2 V0-V3,V1,V0,,1,1,True,0.00010895900000007508,0.00023712499999994918,1,4,3
4,V0-V1 V0-V3 V1-V2 V1-V3 V2-V3,5,50,V1->V0 V1->V2 V1->V3 V3->V2 V0-V3,V1,V2,,1,1,True,0.00011291700000004568,0.00022087499999989824,1,4,3
4,V0-V1 V0-V3 V1-V2 V1-V3 V2-V3,5,50,V1->V0 V1->V2 V1->V3 V3->V2 V0-V3,V1,V3,,1,1,True,0.00010341599999996731,0.000215667000000197,1,4,3
4,V0-V1 V0-V3 V1-V2 V1-V3 V2-V3,5,50,V1->V0 V1->V2 V1->V3 V3->V2 V0-V3,V3,V2,V1,1,1,True,7.67919999999922e-05,0.00019520800000005778,1,4,2
4,V0-V1 V0-V3 V1-V2 V1-V3 V2-V3,5,50,V1->V0 V1->V3 V2->V3 V3->V0 V1-V2,V3,V0,V1,1,1,True,8.704199999987061e-05,0.0002032920000001326,1,4,3
4,V0-V1 V0-V3 V1-V2 V1-V3 V2-V3,5,50,V1->V0 V2->V1 V2->V3 V3->V0 V1-V3,V2,V0,,1,1,True,7.066699999991322e-05,0.00018574999999998454,1,4,2
4,V0-V1 V0-V3 V1-V2 V1-V3 V2-V3,5,50,V1->V0 V2->V1 V2->V3 V3->V0 V1-V3,V2,V1,,1,1,True,6.0583999999863636e-05,0.00016987500000009703,1,4,2
4,V0-V1 V0-V3 V1-V2 V1-V3 V2-V3,5,50,V1->V0 V2->V1 V2->V3 V3->V0 V1-V3,V2,V3,,1,1,True,6.279200000003371e-05,0.0001674579999999537,1,4,2
4,V0-V1 V0-V3 V1-V2 V1-V3 V2-V3,5,50,V1->V0 V2->V1 V3->V0 V3->V1 V2-V3,V1,V0,V3,1,1,True,3.0041999999896873e-05,0.00015779100000012924,1,4,2
4,V0-V1 V0-V3 V1-V2 V1-V3 V2-V3,5,50,V1->V0 V3->V0 V3->V1 V3->V2 V1-V2,V1,V0,V3,1,1,True,5.308300000006483e-05,0.00021333399999989844,1,4,3
4,V0-V1 V0-V3 V1-V2 V1-V3 V2-V3,5,50,V1->V0 V3->V0 V3->V1 V3->V2 V1-V2,V3,V0,,1,1,True,5.704199999989612e-05,0.00019337500000005114,1,4,2
4,V0-V1 V0-V3 V1-V2 V1-V3 V2-V3,5,50,V1->V0 V3->V0 V3->V1 V3->V2 V1-V2,V3,V1,,1,1,True,5.2625000000139366e-05,0.0001873749999998786,1,4,2
4,V0-V1 V0-V3 V1-V2 V1-V3 V2-V3,5,50,V1->V0 V3->V0 V3->V1 V3->V2 V1-V2,V3,V2,,1,1,True,5.558399999983088e-05,0.00018766600000019729,1,4,2
4,V0-V1 V0-V3 V1-V2 V1-V3 V2-V3,5,50,V1->V2 V3->V0 V3->V1 V3->V2 V0-V1,V1,V2,V3,1,1,True,4.50409999999124e-05,0.00019329200000006708,1,4,2
4,V0-V1 V0-V3 V1-V2 V1-V3 V2-V3,5,50,V1->V2 V3->V0 V3->V1 V3->V2 V0-V1,V3,V0,,1,1,True,5.900000000003125e-05,0.00019187500000006352,1,4,2
4,V0-V1 V0-V3 V1-V2 V1-V3 V2-V3,5,50,V1->V2 V3->V0 V3->V1 V3->V2 V0-V1,V3,V1,,1,1,True,5.82919999998488e-05,0.00018850000000014688,1,4,2
4,V0-V1 V0-V3 V1-V2 V1-V3 V2-V3,5,50,V1->V2 V3->V0 V3->V1 V3->V2 V0-V1,V3,V2,,1,1,True,6.441699999992778e-05,0.00019474999999991027,1,4,2
4,V0-V1 V0-V3 V1-V2 V1-V3 V2-V3,5,50,V0->V1 V0->V3 V1->V2 V1->V3 V3->V2,V0,V1,,1,1,True,0.00010479100000004848,0.00016499999999997073,1,5,3
4,V0-V1 V0-V3 V1-V2 V1-V3 V2-V3,5,50,V0->V1 V0->V3 V1->V2 V1->V3 V3->V2,V0,V2,,1,1,True,0.00012304200000001764,0.00014895800000003234,1,5,3
4,V0-V1 V0-V3 V1-V2 V1-V3 V2-V3,5,50,V0->V1 V0->V3 V1->V2 V1->V3 V3->V2,V0,V3,,1,1,True,0.00010041599999999207,0.00014158399999986138,1,5,3
4,V0-V1 V0-V3 V1-V2 V1-V3 V2-V3,5,50,V0->V1 V0->V3 V1->V2 V1->V3 V3->V2,V1,V2,V0,1,1,True,8.612499999993695e-05,0.00013012500000009197,1,5,2
4,V0-V1 V0-V3 V1-V2 V1-V3 V2-V3,5,50,V0->V1 V0->V3 V1->V2 V1->V3 V3->V2,V1,V3,V0,1,1,True,7.46659999999455e-05,0.00012629200000002783,1,5,2
4,V0-V1 V0-V3 V1-V2 V1-V3 V2-V3,5,50,V0->V1 V0->V3 V1->V2 V1->V3 V3->V2,V3,V2,V1,1,1,True,7.566599999986323e-05,0.00012845900000013621,1,5,2
4,V0-V1 V0-V3 V1-V2 V1-V3 V2-V3,5,50,V0->V1 V0->V3 V1->V2 V3->V1 V3->V2,V0,V1,,1,1,True,0.00010849999999984483,0.00014341700000009006,1,5,3
4,V0-V1 V0-V3 V1-V2 V1-V3 V2-V3,5,50,V0->V1 V0->V3 V1->V2 V3->V1 V3->V2,V0,V2,,1,1,True,0.0001284160000001311,0.0001479589999999753,1,5,3
4,V0-V1 V0-V3 V1-V2 V1-V3 V2-V3,5,50,V0->V1 V0->V3 V1->V2 V3->V1 V3->V2,V0,V3,,1,1,True,0.00010091699999992265,0.00013733300000007276,1,5,3
4,V0-V1 V0-V3 V1-V2 V1-V3 V2-V3,5,50,V0->V1 V0->V3 V1->V2 V3->V1 V3->V2,V1,V2,V3,1,1,True,2.1749999999931546e-05,0.00011637499999994638,1,5,2
4,V0-V1 V0-V3 V1-V2 V1-V3 V2-V3,5,50,V0->V1 V0->V3 V1->V2 V3->V1 V3->V2,V3,V1,V0,1,1,True,4.879099999999248e-05,0.00012779200000001545,1,5,2
4,V0-V1 V0-V3 V1-V2 V1-V3 V2-V3,5,50,V0->V1 V0->V3 V1->V2 V3->V1 V3->V2,V3,V2,V0,1,1,True,5.3875000000092044e-05,0.00012195799999981105,1,5,2
4,V0-V1 V0-V3 V1-V2 V1-V3 V2-V3,5,50,V0->V1 V1->V2 V3->V0 V3->V1 V3->V2,V0,V1,V3,1,1,True,3.808299999996656e-05,0.00011795900000000081,1,5,2
4,V0-V1 V0-V3 V1-V2 V1-V3 V2-V3,5,50,V0->V1 V1->V2 V3->V0 V3->V1 V3->V2,V0,V2,V3,1,1,True,3.966700000002099e-05,0.00011612499999991144,1,5,2
4,V0-V1 V0-V3 V1-V2 V1-V3 V2-V3,5,50,V0->V1 V1->V2 V3->V0 V3->V1 V3->V2,V1,V2,V3,2,2,True,5.783300000006264e-05,0.0002794999999999881,2,9,4
4,V0-V1 V0-V3 V1-V2 V1-V3 V2-V3,5,50,V0->V1 V1->V2 V3->V0 V3->V1 V3->V2,V3,V0,,1,1,True,5.1250000000058193e-05,0.00011891599999991342,1,5,2
4,V0-V1 V0-V3 V1-V2 V1-V3 V2-V3,5,50,V0->V1 V1->V2 V3->V0 V3->V1 V3->V2,V3,V1,,1,1,True,5.358399999999541e-05,0.00012149999999988559,1,5,2
4,V0-V1 V0-V3 V1-V2 V1-V3 V2-V3,5,50,V0->V1 V1->V2 V3->V0 V3->V1 V3->V2,V3,V2,,1,1,True,5.924999999984415e-05,0.00012091700000005368,1,5,2
4,V0-V1 V0-V3 V1-V2 V1-V3 V2-V3,5,50,V0->V3 V1->V0 V1->V2 V1->V3 V3->V2,V0,V2,V1,1,1,True,5.945900000003945e-05,0.00012049999999996786,1,5,2
4,V0-V1 V0-V3 V1-V2 V1-V3 V2-V3,5,50,V0->V3 V1->V0 V1->V2 V1->V3 V3->V2,V0,V3,V1,1,1,True,5.095800000010087e-05,0.00011533299999988422,1,5,2
4,V0-V1 V0-V3 V1-V2 V1-V3 V2-V3,5,50,V0->V3 V1->V0 V1->V2 V1->V3 V3->V2,V1,V0,,1,1,True,7.808399999986726e-05,0.00011616599999997312,1,5,2
4,V0-V1 V0-V3 V1-V2 V1-V3 V2-V3,5,50,V0->V3 V1->V0 V1->V2 V1->V3 V3->V2,V1,V2,,1,1,True,8.337499999999665e-05,0.00012070799999985837,1,5,2
4,V0-V1 V0-V3 V1-V2 V1-V3 V2-V3,5,50,V0->V3 V1->V0 V1->V2 V1->V3 V3->V2,V1,V3,,1,1,True,7.570800000000766e-05,0.00011825000000009744,1,5,2
4,V0-V1 V0-V3 V1-V2 V1-V3 V2-V3,5,50,V0->V3 V1->V0 V1->V2 V1->V3 V3->V2,V3,V2,V1,2,2,True,9.266700000010175e-05,0.00028833299999986295,2,9,4
4,V0-V1 V0-V3 V1-V2 V1-V3 V2-V3,5,50,V1->V0 V1->V2 V1->V3 V2->V3 V3->V0,V1,V0,,1,1,True,0.00012654099999998003,0.0001477090000001624,1,5,3
4,V0-V1 V0-V3 V1-V2 V1-V3 V2-V3,5,50,V1->V0 V1->V2 V1->V3 V2->V3 V3->V0,V1,V2,,1,1,True,0.00012095800000011536,0.00013762500000003008,1,5,3
4,V0-V1 V0-V3 V1-V2 V1-V3 V2-V3,5,50,V1->V0 V1->V2 V1->V3 V2->V3 V3->V0,V1,V3,,1,1,True,0.0001162079999998955,0.00013787500000006503,1,5,3
4,V0-V1 V0-V3 V1-V2 V1-V3 V2-V3,5,50,V1->V0 V1->V2 V1->V3 V2->V3 V3->V0,V2,V0,V1,1,1,True,6.599999999989947e-05,0.00013633299999993298,1,5,2
4,V0-V1 V0-V3 V1-V2 V1-V3 V2-V3,5,50,V1->V0 V1->V2 V1->V3 V2->V3 V3->V0,V2,V3,V1,1,1,True,8.824999999990091e-05,0.00015141700000009806,1,5,2
4,V0-V1 V0-V3 V1-V2 V1-V3 V2-V3,5,50,V1->V0 V1->V2 V1->V3 V2->V3 V3->V0,V3,V0,V1,2,2,True,7.729099999997935e-05,0.00034362499999995855,2,9,4
4,V0-V1 V0-V3 V1-V2 V1-V3 V2-V3,5,50,V1->V0 V1->V2 V1->V3 V3->V0 V3->V2,V1,V0,,1,1,True,0.00014466700000004273,0.00017608300000016008,1,5,4
4,V0-V1 V0-V3 V1-V2 V1-V3 V2-V3,5,50,V1->V0 V1->V2 V1->V3 V3->V0 V3->V2,V1,V2,,1,1,True,0.00013933300000013027,0.00017308400000004553,1,5,4
4,V0-V1 V0-V3 V1-V2 V1-V3 V2-V3,5,50,V1->V0 V1->V2 V1->V3 V3->V0 V3->V2,V1,V3,,1,1,True,0.00012999999999996348,0.00016729199999998556,1,5,4
4,V0-V1 V0-V3 V1-V2 V1-V3 V2-V3,5,50,V1->V0 V1->V2 V1->V3 V3->V0 V3->V2,V3,V0,V1,1,1,True,6.691699999983314e-05,0.000156000000000045,1,5,3
4,V0-V1 V0-V3 V1-V2 V1-V3 V2-V3,5,50,V1->V0 V1->V2 V1->V3 V3->V0 V3->V2,V3,V2,V1,1,1,True,7.64170000000508e-05,0.00013820800000008404,1,5,2
4,V0-V1 V0-V3 V1-V2 V1-V3 V2-V3,5,50,V1->V0 V1->V2 V3->V0 V3->V1 V3->V2,V1,V0,V3,1,1,True,2.195900000012685e-05,0.00013420799999996902,1,5,2
4,V0-V1 V0-V3 V1-V2 V1-V3 V2-V3,5,50,V1->V0 V1->V2 V3->V0 V3->V1 V3->V2,V1,V2,V3,1,1,True,2.1832999999915614e-05,0.0001304170000000493,1,5,2
4,V0-V1 V0-V3 V1-V2 V1-V3 V2-V3,5,50,V1->V0 V1->V2 V3->V0 V3->V1 V3->V2,V3,V0,,1,1,True,5.041699999996929e-05,0.00014691699999991314,1,5,2
4,V0-V1 V0-V3 V1-V2 V1-V3 V2-V3,5,50,V1->V0 V1->V2 V3->V0 V3->V1 V3->V2,V3,V1,,1,1,True,4.6875000000001776e-05,0.00013245799999994645,1,5,2
4,V0-V1 V0-V3 V1-V2 V1-V3 V2-V3,5,50,V1->V0 V1->V2 V3->V0 V3->V1 V3->V2,V3,V2,,1,1,True,5.204200000008541e-05,0.00013399999999985646,1,5,2
4,V0-V1 V0-V3 V1-V2 V1-V3 V2-V3,5,50,V1->V0 V1->V3 V2->V1 V2->V3 V3->V0,V1,V0,V2,1,1,True,2.2874999999977774e-05,0.00012154200000003001,1,5,2
4,V0-V1 V0-V3 V1-V2 V1-V3 V2-V3,5,50,V1->V0 V1->V3 V2->V1 V2->V3 V3->V0,V1,V3,V2,1,1,True,2.1790999999993232e-05,0.0001184590000000707,1,5,2
4,V0-V1 V0-V3 V1-V2 V1-V3 V2-V3,5,50,V1->V0 V1->V3 V2->V1 V2->V3 V3->V0,V2,V0,,1,1,True,5.8457999999816934e-05,0.00012699999999998823,1,5,2
4,V0-V1 V0-V3 V1-V2 V1-V3 V2-V3,5,50,V1->V0 V1->V3 V2->V1 V2->V3 V3->V0,V2,V1,,1,1,True,4.9958000000183134e-05,0.00012179199999984291,1,5,2
4,V0-V1 V0-V3 V1-V2 V1-V3 V2-V3,5,50,V1->V0 V1->V3 V2->V1 V2->V3 V3->V0,V2,V3,,1,1,True,5.645799999998147e-05,0.0001291249999999522,1,5,2
4,V0-V1 V0-V3 V1-V2 V1-V3 V2-V3,5,50,V1->V0 V1->V3 V2->V1 V2->V3 V3->V0,V3,V0,V1,1,1,True,0.00010112500000003521,0.0001615839999999924,1,5,3
4,V0-V1 V0-V3 V1-V2 V1-V3 V2-V3,5,50,V1->V0 V2->V1 V2->V3 V3->V0 V3->V1,V1,V0,V3,1,1,True,2.4333000000043015e-05,0.000125541999999923,1,5,2
4,V0-V1 V0-V3 V1-V2 V1-V3 V2-V3,5,50,V1->V0 V2->V1 V2->V3 V3->V0 V3->V1,V2,V0,,1,1,True,9.212499999988744e-05,0.00015049999999994235,1,5,3
4,V0-V1 V0-V3 V1-V2 V1-V3 V2-V3,5,50,V1->V0 V2->V1 V2->V3 V3->V0 V3->V1,V2,V1,,1,1,True,7.904200000008466e-05,0.0001455830000001157,1,5,3
4,V0-V1 V0-V3 V1-V2 V1-V3 V2-V3,5,50,V1->V0 V2->V1 V2->V3 V3->V0 V3->V1,V2,V3,,1,1,True,7.837499999996389e-05,0.00013870800000015393,1,5,3
4,V0-V1 V0-V3 V1-V2 V1-V3 V2-V3,5,50,V1->V0 V2->V1 V2->V3 V3->V0 V3->V1,V3,V0,V2,1,1,True,4.1707999999918144e-05,0.0001256670000000515,1,5,2
4,V0-V1 V0-V3 V1-V2 V1-V3 V2-V3,5,50,V1->V0 V2->V1 V2->V3 V3->V0 V3->V1,V3,V1,V2,1,1,True,3.8208000000095055e-05,0.00012295799999995083,1,5,2
4,V0-V1 V0-V3 V1-V2 V1-V3 V2-V3,5,50,V1->V0 V2->V1 V3->V0 V3->V1 V3->V2,V1,V0,V3,2,2,True,5.1958999999879296e-05,0.0002867080000001909,2,9,4
4,V0-V1 V0-V3 V1-V2 V1-V3 V2-V3,5,50,V1->V0 V2->V1 V3->V0 V3->V1 V3->V2,V2,V0,V3,1,1,True,4.020799999993052e-05,0.00011925000000001518,1,5,2
4,V0-V1 V0-V3 V1-V2 V1-V3 V2-V3,5,50,V1->V0 V2->V1 V3->V0 V3->V1 V3->V2,V2,V1,V3,1,1,True,3.862499999995883e-05,0.00011595799999986056,1,5,2
4,V0-V1 V0-V3 V1-V2 V1-V3 V2-V3,5,50,V1->V0 V2->V1 V3->V0 V3->V1 V3->V2,V3,V0,,1,1,True,5.383300000016966e-05,0.00012449999999986083,1,5,2
4,V0-V1 V0-V3 V1-V2 V1-V3 V2-V3,5,50,V1->V0 V2->V1 V3->V0 V3->V1 V3->V2,V3,V1,,1,1,True,6.658299999995343e-05,0.0001363750000000774,1,5,2
4,V0-V1 V0-V3 V1-V2 V1-V3 V2-V3,5,50,V1->V0 V2->V1 V3->V0 V3->V1 V3->V2,V3,V2,,1,1,True,5.212500000006948e-05,0.0001239580000000906,1,5,2
4,V0-V1 V0-V3 V1-V3,3,19,V0-V1 V0-V3 V1-V3,V0,V2,,-1,-1,True,0.00022337500000002564,3.387499999996102e-05,1,0,1
4,V0-V1 V0-V3 V1-V3,3,19,V0-V1 V0-V3 V1-V3,V1,V2,,-1,-1,True,0.00022162499999978102,3.341700000003556e-05,1,0,1
4,V0-V1 V0-V3 V1-V3,3,19,V0-V1 V0-V3 V1-V3,V2,V0,,-1,-1,True,0.00020829200000016534,3.1624999999868564e-05,1,0,1
4,V0-V1 V0-V3 V1-V3,3,19,V0-V1 V0-V3 V1-V3,V2,V1,,-1,-1,True,0.00020841599999998905,3.1499999999962114e-05,1,0,1
4,V0-V1 V0-V3 V1-V3,3,19,V0-V1 V0-V3 V1-V3,V2,V3,,-1,-1,True,0.00020829200000016534,3.7916999999998424e-05,1,0,1
4,V0-V1 V0-V3 V1-V3,3,19,V0-V1 V0-V3 V1-V3,V3,V2,,-1,-1,True,0.00022174999999990952,3.354200000016405e-05,1,0,1
4,V0-V1 V0-V3 V1-V3,3,19,V0->V1 V0-V3 V1-V3,V0,V2,,-1,-1,True,0.00023033299999997148,0.00012233400000005723,2,1,2
4,V0-V1 V0-V3 V1-V3,3,19,V0->V1 V0-V3 V1-V3,V1,V2,,-1,-1,True,0.0002223750000001079,0.00011904199999990261,2,1,2
4,V0-V1 V0-V3 V1-V3,3,19,V0->V1 V0-V3 V1-V3,V2,V0,,-1,-1,True,0.00021262500000007734,0.00011049999999990234,2,1,2
4,V0-V1 V0-V3 V1-V3,3,19,V0->V1 V0-V3 V1-V3,V2,V1,,-1,-1,True,0.00021379200000004595,0.00011387500000004103,2,1,2
4,V0-V1 V0-V3 V1-V3,3,19,V0->V1 V0-V3 V1-V3,V2,V3,,-1,-1,True,0.00020820899999995923,0.00011075000000015933,2,1,2
4,V0-V1 V0-V3 V1-V3,3,19,V0->V1 V0-V3 V1-V3,V3,V2,,-1,-1,True,0.00022025000000014394,0.00011433299999996649,2,1,2
4,V0-V1 V0-V3 V1-V3,3,19,V0->V3 V0-V1 V1-V3,V0,V2,,-1,-1,True,0.00022141700000011255,0.00011395799999980305,2,1,2
4,V0-V1 V0-V3 V1-V3,3,19,V0->V3 V0-V1 V1-V3,V1,V2,,-1,-1,True,0.00022258399999985912,0.00011587500000009854,2,1,2
4,V0-V1 V0-V3 V1-V3,3,19,V0->V3 V0-V1 V1-V3,V2,V0,,-1,-1,True,0.0002091250000000322,0.00010949999999998461,2,1,2
4,V0-V1 V0-V3 V1-V3,3,19,V0->V3 V0-V1 V1-V3,V2,V1,,-1,-1,True,0.0002663750000000409,0.00012991599999989667,2,1,2
4,V0-V1 V0-V3 V1-V3,3,19,V0->V3 V0-V1 V1-V3,V2,V3,,-1,-1,True,0.0002174999999999816,0.00012070800000008042,2,1,2
4,V0-V1 V0-V3 V1-V3,3,19,V0->V3 V0-V1 V1-V3,V3,V2,,-1,-1,True,0.00022900000000003473,0.0001219580000000331,2,1,2
4,V0-V1 V0-V3 V1-V3,3,19,V1->V0 V0-V3 V1-V3,V0,V2,,-1,-1,True,0.00023012500000008096,0.00012291699999988914,2,1,2
4,V0-V1 V0-V3 V1-V3,3,19,V1->V0 V0-V3 V1-V3,V1,V2,,-1,-1,True,0.0002314589999998784,0.00011812499999996895,2,1,2
4,V0-V1 V0-V3 V1-V3,3,19,V1->V0 V0-V3 V1-V3,V2,V0,,-1,-1,True,0.00021604100000005566,0.00011808400000012931,2,1,2
4,V0-V1 V0-V3 V1-V3,3,19,V1->V0 V0-V3 V1-V3,V2,V1,,-1,-1,True,0.00021800000000005149,0.00011354199999979997,2,1,2
4,V0-V1 V0-V3 V1-V3,3,19,V1->V0 V0-V3 V1-V3,V2,V3,,-1,-1,True,0.00022374999999996703,0.00011504200000000964,2,1,2
4,V0-V1 V0-V3 V1-V3,3,19,V1->V0 V0-V3 V1-V3,V3,V2,,-1,-1,True,0.00022900000000003473,0.00011937500000014367,2,1,2
4,V0-V1 V0-V3 V1-V3,3,19,V1->V3 V0-V1 V0-V3,V0,V2,,-1,-1,True,0.0002311249999999987,0.0001207500000000028,2,1,2
4,V0-V1 V0-V3 V1-V3,3,19,V1->V3 V0-V1 V0-V3,V1,V2,,-1,-1,True,0.0002319170000000259,0.00011887499999985174,2,1,2
4,V0-V1 V0-V3 V1-V3,3,19,V1->V3 V0-V1 V0-V3,V2,V0,,-1,-1,True,0.00021329099999989332,0.00012750000000005812,2,1,2
4,V0-V1 V0-V3 V1-V3,3,19,V1->V3 V0-V1 V0-V3,V2,V1,,-1,-1,True,0.0002150830000000603,0.00011362500000000608,2,1,2
4,V0-V1 V0-V3 V1-V3,3,19,V1->V3 V0-V1 V0-V3,V2,V3,,-1,-1,True,0.00021291700000003466,0.0001165829999998369,2,1,2
4,V0-V1 V0-V3 V1-V3,3,19,V1->V3 V0-V1 V0-V3,V3,V2,,-1,-1,True,0.00022612499999996594,0.0001211249999999442,2,1,2
4,V0-V1 V0-V3 V1-V3,3,19,V3->V0 V0-V1 V1-V3,V0,V2,,-1,-1,True,0.00022625000000009443,0.0001229159999998064,2,1,2
4,V0-V1 V0-V3 V1-V3,3,19,V3->V0 V0-V1 V1-V3,V1,V2,,-1,-1,True,0.00022533300000016077,0.0001186249999998168,2,1,2
4,V0-V1 V0-V3 V1-V3,3,19,V3->V0 V0-V1 V1-V3,V2,V0,,-1,-1,True,0.00021133299999998023,0.00011766700000004349,2,1,2
4,V0-V1 V0-V3 V1-V3,3,19,V3->V0 V0-V1 V1-V3,V2,V1,,-1,-1,True,0.00021379200000004595,0.00011775000000002755,2,1,2
4,V0-V1 V0-V3 V1-V3,3,19,V3->V0 V0-V1 V1-V3,V2,V3,,-1,-1,True,0.0002298329999999016,0.00011433400000004923,2,1,2
4,V0-V1 V0-V3 V1-V3,3,19,V3->V0 V0-V1 V1-V3,V3,V2,,-1,-1,True,0.000219416999999833,0.00011329200000020911,2,1,2
4,V0-V1 V0-V3 V1-V3,3,19,V3->V1 V0-V1 V0-V3,V0,V2,,-1,-1,True,0.00022216699999999534,0.0001154999999999351,2,1,2
4,V0-V1 V0-V3 V1-V3,3,19,V3->V1 V0-V1 V0-V3,V1,V2,,-1,-1,True,0.0002191670000000201,0.00012191599999988867,2,1,2
4,V0-V1 V0-V3 V1-V3,3,19,V3->V1 V0-V1 V0-V3,V2,V0,,-1,-1,True,0.0002072080000001808,0.00011066699999995322,2,1,2
4,V0-V1 V0-V3 V1-V3,3,19,V3->V1 V0-V1 V0-V3,V2,V1,,-1,-1,True,0.00020700000000006824,0.0001115419999999645,2,1,2
4,V0-V1 V0-V3 V1-V3,3,19,V3->V1 V0-V1 V0-V3,V2,V3,,-1,-1,True,0.00020658299999998242,0.00010704200000000164,2,1,2
4,V0-V1 V0-V3 V1-V3,3,19,V3->V1 V0-V1 V0-V3,V3,V2,,-1,-1,True,0.00021729200000009108,0.00011095800000004985,2,1,2
4,V0-V1 V0-V3 V1-V3,3,19,V0->V1 V0->V3 V1-V3,V0,V1,,1,1,True,4.2125000000003965e-05,0.00010358300000001819,1,2,2
4,V0-V1 V0-V3 V1-V3,3,19,V0->V1 V0->V3 V1-V3,V0,V2,,-1,-1,True,0.0002205829999999409,0.0002719170000000659,4,4,4
4,V0-V1 V0-V3 V1-V3,3,19,V0->V1 V0->V3 V1-V3,V0,V3,,1,1,True,3.983400000007187e-05,9.991599999992218e-05,1,2,2
4,V0-V1 V0-V3 V1-V3,3,19,V0->V1 V0->V3 V1-V3,V1,V2,,-1,-1,True,0.00021995799999996457,0.0002787920000000277,4,4,4
4,V0-V1 V0-V3 V1-V3,3,19,V0->V1 V0->V3 V1-V3,V2,V0,,-1,-1,True,0.00021158300000001518,0.0002776250000000591,4,4,4
4,V0-V1 V0-V3 V1-V3,3,19,V0->V1 V0->V3 V1-V3,V2,V1,,-1,-1,True,0.00021312499999992518,0.00027379199999999493,4,4,4
4,V0-V1 V0-V3 V1-V3,3,19,V0->V1 V0->V3 V1-V3,V2,V3,,-1,-1,True,0.0002071249999999747,0.00027212499999995643,4,4,4
4,V0-V1 V0-V3 V1-V3,3,19,V0->V1 V0->V3 V1-V3,V3,V2,,-1,-1,True,0.00021787500000014504,0.00027945799999984366,4,4,4
4,V0-V1 V0-V3 V1-V3,3,19,V0->V1 V3->V1 V0-V3,V0,V2,,-1,-1,True,0.00021849999999989933,0.00027495800000010284,4,4,4
4,V0-V1 V0-V3 V1-V3,3,19,V0->V1 V3->V1 V0-V3,V1,V2,,-1,-1,True,0.00021983299999983608,0.00028391700000018893,4,4,4
4,V0-V1 V0-V3 V1-V3,3,19,V0->V1 V3->V1 V0-V3,V2,V0,,-1,-1,True,0.0002410409999999974,0.00030662500000011583,4,4,4
4,V0-V1 V0-V3 V1-V3,3,19,V0->V1 V3->V1 V0-V3,V2,V1,,-1,-1,True,0.00020975000000000854,0.000285209000000064,4,4,4
4,V0-V1 V0-V3 V1-V3,3,19,V0->V1 V3->V1 V0-V3,V2,V3,,-1,-1,True,0.0002113749999999026,0.00027416700000015837,4,4,4
4,V0-V1 V0-V3 V1-V3,3,19,V0->V1 V3->V1 V0-V3,V3,V2,,-1,-1,True,0.0002227500000000493,0.00028012499999996443,4,4,4
4,V0-V1 V0-V3 V1-V3,3,19,V0->V3 V1->V3 V0-V1,V0,V2,,-1,-1,True,0.0002223750000001079,0.0002817909999999202,4,4,4
4,V0-V1 V0-V3 V1-V3,3,19,V0->V3 V1->V3 V0-V1,V1,V2,,-1,-1,True,0.00022491699999993564,0.0002798330000000071,4,4,4
4,V0-V1 V0-V3 V1-V3,3,19,V0->V3 V1->V3 V0-V1,V2,V0,,-1,-1,True,0.00022500000000014175,0.0002750830000000093,4,4,4
4,V0-V1 V0-V3 V1-V3,3,19,V0->V3 V1->V3 V0-V1,V2,V1,,-1,-1,True,0.00021212500000000745,0.00027325000000000266,4,4,4
4,V0-V1 V0-V3 V1-V3,3,19,V0->V3 V1->V3 V0-V1,V2,V3,,-1,-1,True,0.00021054200000003576,0.00028245800000004095,4,4,4
4,V0-V1 V0-V3 V1-V3,3,19,V0->V3 V1->V3 V0-V1,V3,V2,,-1,-1,True,0.00022324999999989714,0.0003167500000000878,4,4,4
4,V0-V1 V0-V3 V1-V3,3,19,V1->V0 V1->V3 V0-V3,V0,V2,,-1,-1,True,0.00022470799999996238,0.0002875419999999185,4,4,4
4,V0-V1 V0-V3 V1-V3,3,19,V1->V0 V1->V3 V0-V3,V1,V0,,1,1,True,3.28339999999816e-05,0.00010441599999988505,1,2,2
4,V0-V1 V0-V3 V1-V3,3,19,V1->V0 V1->V3 V0-V3,V1,V2,,-1,-1,True,0.00022379100000002872,0.00027820899999997373,4,4,4
4,V0-V1 V0-V3 V1-V3,3,19,V1->V0 V1->V3 V0-V3,V1,V3,,1,1,True,3.354100000008131e-05,0.00010166699999980544,1,2,2
4,V0-V1 V0-V3 V1-V3,3,19,V1->V0 V1->V3 V0-V3,V2,V0,,-1,-1,True,0.0002115419999999535,0.00027970800000010065,4,4,4
4,V0-V1 V0-V3 V1-V3,3,19,V1->V0 V1->V3 V0-V3,V2,V1,,-1,-1,True,0.00021133299999998023,0.00027129200000008957,4,4,4
4,V0-V1 V0-V3 V1-V3,3,19,V1->V0 V1->V3 V0-V3,V2,V3,,-1,-1,True,0.0002122499999999139,0.0003131670000000586,4,4,4
4,V0-V1 V0-V3 V1-V3,3,19,V1->V0 V1->V3 V0-V3,V3,V2,,-1,-1,True,0.00023491700000000115,0.0002846669999998497,4,4,4
4,V0-V1 V0-V3 V1-V3,3,19,V1->V0 V3->V0 V1-V3,V0,V2,,-1,-1,True,0.00022662499999981378,0.0002908750000001348,4,4,4
4,V0-V1 V0-V3 V1-V3,3,19,V1->V0 V3->V0 V1-V3,V1,V2,,-1,-1,True,0.0002579160000000247,0.0003082500000000099,4,4,4
4,V0-V1 V0-V3 V1-V3,3,19,V1->V0 V3->V0 V1-V3,V2,V0,,-1,-1,True,0.00022041600000011208,0.00029491699999995014,4,4,4
4,V0-V1 V0-V3 V1-V3,3,19,V1->V0 V3->V0 V1-V3,V2,V1,,-1,-1,True,0.00022029200000006632,0.00028208300000009956,4,4,4
4,V0-V1 V0-V3 V1-V3,3,19,V1->V0 V3->V0 V1-V3,V2,V3,,-1,-1,True,0.0002301669999997813,0.0002859580000000861,4,4,4
4,V0-V1 V0-V3 V1-V3,3,19,V1->V0 V3->V0 V1-V3,V3,V2,,-1,-1,True,0.00022974999999991752,0.00028566699999998946,4,4,4
4,V0-V1 V0-V3 V1-V3,3,19,V3->V0 V3->V1 V0-V1,V0,V2,,-1,-1,True,0.00022929199999999206,0.00029599999999985194,4,4,4
4,V0-V1 V0-V3 V1-V3,3,19,V3->V0 V3->V1 V0-V1,V1,V2,,-1,-1,True,0.00022954099999994426,0.0003121669999999188,4,4,4
4,V0-V1 V0-V3 V1-V3,3,19,V3->V0 V3->V1 V0-V1,V2,V0,,-1,-1,True,0.00022058400000002365,0.0002874999999999961,4,4,4
4,V0-V1 V0-V3 V1-V3,3,19,V3->V0 V3->V1 V0-V1,V2,V1,,-1,-1,True,0.00021754100000004328,0.0002849169999998846,4,4,4
4,V0-V1 V0-V3 V1-V3,3,19,V3->V0 V3->V1 V0-V1,V2,V3,,-1,-1,True,0.0002142499999999714,0.0002736250000001661,4,4,4
4,V0-V1 V0-V3 V1-V3,3,19,V3->V0 V3->V1 V0-V1,V3,V0,,1,1,True,3.066700000009526e-05,9.987499999986049e-05,1,2,2
4,V0-V1 V0-V3 V1-V3,3,19,V3->V0 V3->V1 V0-V1,V3,V1,,1,1,True,2.9749999999939547e-05,9.875000000003631e-05,1,2,2
4,V0-V1 V0-V3 V1-V3,3,19,V3->V0 V3->V1 V0-V1,V3,V2,,-1,-1,True,0.0002283750000000584,0.00028095800000005333,4,4,4
4,V0-V1 V0-V3 V1-V3,3,19,V0->V1 V0->V3 V1->V3,V0,V1,,1,1,True,5.870899999993462e-05,0.00010574999999990453,1,3,3
4,V0-V1 V0-V3 V1-V3,3,19,V0->V1 V0->V3 V1->V3,V0,V2,,-1,-1,True,0.0002551660000000844,0.000535417000000038,7,10,7
4,V0-V1 V0-V3 V1-V3,3,19,V0->V1 V0->V3 V1->V3,V0,V3,,1,1,True,5.862499999986781e-05,9.716700000006462e-05,1,3,3
4,V0-V1 V0-V3 V1-V3,3,19,V0->V1 V0->V3 V1->V3,V1,V2,,-1,-1,True,0.00022737499999991861,0.0005246249999999453,7,10,7
4,V0-V1 V0-V3 V1-V3,3,19,V0->V1 V0->V3 V1->V3,V1,V3,V0,1,1,True,4.666700000011126e-05,8.562499999986706e-05,1,3,2
4,V0-V1 V0-V3 V1-V3,3,19,V0->V1 V0->V3 V1->V3,V2,V0,,-1,-1,True,0.00021362499999999507,0.0005021250000001309,7,10,7
4,V0-V1 V0-V3 V1-V3,3,19,V0->V1 V0->V3 V1->V3,V2,V1,,-1,-1,True,0.00021212500000000745,0.0005368340000000416,7,10,7
4,V0-V1 V0-V3 V1-V3,3,19,V0->V1 V0->V3 V1->V3,V2,V3,,-1,-1,True,0.00021291699999981262,0.000526208000000139,7,10,7
4,V0-V1 V0-V3 V1-V3,3,19,V0->V1 V0->V3 V1->V3,V3,V2,,-1,-1,True,0.00022208400000001127,0.0005319580000000546,7,10,7
4,V0-V1 V0-V3 V1-V3,3,19,V0->V1 V0->V3 V3->V1,V0,V1,,1,1,True,5.950000000010114e-05,9.733300000003275e-05,1,3,3
4,V0-V1 V0-V3 V1-V3,3,19,V0->V1 V0->V3 V3->V1,V0,V2,,-1,-1,True,0.00022591700000007542,0.000522208000000024,7,10,7
4,V0-V1 V0-V3 V1-V3,3,19,V0->V1 V0->V3 V3->V1,V0,V3,,1,1,True,5.587499999992751e-05,9.649999999994385e-05,1,3,3
4,V0-V1 V0-V3 V1-V3,3,19,V0->V1 V0->V3 V3->V1,V1,V2,,-1,-1,True,0.00022933399999991444,0.0005387500000000323,7,10,7
4,V0-V1 V0-V3 V1-V3,3,19,V0->V1 V0->V3 V3->V1,V2,V0,,-1,-1,True,0.00021358400000015543,0.0005050829999999618,7,10,7
4,V0-V1 V0-V3 V1-V3,3,19,V0->V1 V0->V3 V3->V1,V2,V1,,-1,-1,True,0.00021129100000005785,0.0005786249999999438,7,10,7
4,V0-V1 V0-V3 V1-V3,3,19,V0->V1 V0->V3 V3->V1,V2,V3,,-1,-1,True,0.00022133399999990644,0.0005319160000001322,7,10,7
4,V0-V1 V0-V3 V1-V3,3,19,V0->V1 V0->V3 V3->V1,V3,V1,V0,1,1,True,2.9916999999990423e-05,8.254199999990774e-05,1,3,2
4,V0-V1 V0-V3 V1-V3,3,19,V0->V1 V0->V3 V3->V1,V3,V2,,-1,-1,True,0.0002270419999998996,0.0005305420000001337,7,10,7
4,V0-V1 V0-V3 V1-V3,3,19,V0->V1 V3->V0 V3->V1,V0,V1,V3,1,1,True,1.3833999999990354e-05,7.716599999985085e-05,1,3,2
4,V0-V1 V0-V3 V1-V3,3,19,V0->V1 V3->V0 V3->V1,V0,V2,,-1,-1,True,0.00022745799999990268,0.0005254999999999566,7,10,7
4,V0-V1 V0-V3 V1-V3,3,19,V0->V1 V3->V0 V3->V1,V1,V2,,-1,-1,True,0.00022604100000012117,0.0005292500000000366,7,10,7
4,V0-V1 V0-V3 V1-V3,3,19,V0->V1 V3->V0 V3->V1,V2,V0,,-1,-1,True,0.00021349999999986657,0.0005137920000000129,7,10,7
4,V0-V1 V0-V3 V1-V3,3,19,V0->V1 V3->V0 V3->V1,V2,V1,,-1,-1,True,0.000213542000000011,0.0005492080000000232,7,10,7
4,V0-V1 V0-V3 V1-V3,3,19,V0->V1 V3->V0 V3->V1,V2,V3,,-1,-1,True,0.00021995799999996457,0.0005266669999999252,7,10,7
4,V0-V1 V0-V3 V1-V3,3,19,V0->V1 V3->V0 V3->V1,V3,V0,,1,1,True,2.6458999999867672e-05,7.741600000010784e-05,1,3,2
4,V0-V1 V0-V3 V1-V3,3,19,V0->V1 V3->V0 V3->V1,V3,V1,,1,1,True,2.7707999999959654e-05,7.783299999997162e-05,1,3,2
4,V0-V1 V0-V3 V1-V3,3,19,V0->V1 V3->V0 V3->V1,V3,V2,,-1,-1,True,0.0002230830000000683,0.0005099589999999488,7,10,7
4,V0-V1 V0-V3 V1-V3,3,19,V0->V3 V1->V0 V1->V3,V0,V2,,-1,-1,True,0.0002251250000000482,0.0005206669999999747,7,10,7
4,V0-V1 V0-V3 V1-V3,3,19,V0->V3 V1->V0 V1->V3,V0,V3,V1,1,1,True,1.345900000004896e-05,7.399999999990747e-05,1,3,2
4,V0-V1 V0-V3 V1-V3,3,19,V0->V3 V1->V0 V1->V3,V1,V0,,1,1,True,2.31669999999351e-05,7.629199999992231e-05,1,3,2
4,V0-V1 V0-V3 V1-V3,3,19,V0->V3 V1->V0 V1->V3,V1,V2,,-1,-1,True,0.00022820800000000752,0.0005726249999999933,7,10,7
4,V0-V1 V0-V3 V1-V3,3,19,V0->V3 V1->V0 V1->V3,V1,V3,,1,1,True,2.7790999999943722e-05,8.104200000014217e-05,1,3,2
4,V0-V1 V0-V3 V1-V3,3,19,V0->V3 V1->V0 V1->V3,V2,V0,,-1,-1,True,0.00021754199999990398,0.0005205830000001299,7,10,7
4,V0-V1 V0-V3 V1-V3,3,19,V0->V3 V1->V0 V1->V3,V2,V1,,-1,-1,True,0.0002155839999999909,0.0005092500000001277,7,10,7
4,V0-V1 V0-V3 V1-V3,3,19,V0->V3 V1->V0 V1->V3,V2,V3,,-1,-1,True,0.00021416600000012664,0.0005234590000000594,7,10,7
4,V0-V1 V0-V3 V1-V3,3,19,V0->V3 V1->V0 V1->V3,V3,V2,,-1,-1,True,0.00022862500000009334,0.0005370829999999938,7,10,7
4,V0-V1 V0-V3 V1-V3,3,19,V1->V0 V1->V3 V3->V0,V0,V2,,-1,-1,True,0.000231083999999937,0.0005391660000000353,7,10,7
4,V0-V1 V0-V3 V1-V3,3,19,V1->V0 V1->V3 V3->V0,V1,V0,,1,1,True,5.091700000003918e-05,9.754200000000601e-05,1,3,3
4,V0-V1 V0-V3 V1-V3,3,19,V1->V0 V1->V3 V3->V0,V1,V2,,-1,-1,True,0.0002290419999999571,0.0005162499999999959,7,10,7
4,V0-V1 V0-V3 V1-V3,3,19,V1->V0 V1->V3 V3->V0,V1,V3,,1,1,True,4.770800000009068e-05,9.333299999991773e-05,1,3,3
4,V0-V1 V0-V3 V1-V3,3,19,V1->V0 V1->V3 V3->V0,V2,V0,,-1,-1,True,0.00021483300000002536,0.0005222920000000908,7,10,7
4,V0-V1 V0-V3 V1-V3,3,19,V1->V0 V1->V3 V3->V0,V2,V1,,-1,-1,True,0.00023016600000014265,0.0005087500000000578,7,10,7
4,V0-V1 V0-V3 V1-V3,3,19,V1->V0 V1->V3 V3->V0,V2,V3,,-1,-1,True,0.00020858299999981789,0.0005020000000000024,7,10,7
4,V0-V1 V0-V3 V1-V3,3,19,V1->V0 V1->V3 V3->V0,V3,V0,V1,1,1,True,2.958299999988867e-05,7.900000000016227e-05,1,3,2
4,V0-V1 V0-V3 V1-V3,3,19,V1->V0 V1->V3 V3->V0,V3,V2,,-1,-1,True,0.00022291700000010017,0.0005357079999999126,7,10,7
4,V0-V1 V0-V3 V1-V3,3,19,V1->V0 V3->V0 V3->V1,V0,V2,,-1,-1,True,0.0002260000000000595,0.0005335410000000262,7,10,7
4,V0-V1 V0-V3 V1-V3,3,19,V1->V0 V3->V0 V3->V1,V1,V0,V3,1,1,True,1.3290999999915343e-05,7.454199999989974e-05,1,3,2
4,V0-V1 V0-V3 V1-V3,3,19,V1->V0 V3->V0 V3->V1,V1,V2,,-1,-1,True,0.00023137500000003364,0.0005197910000001027,7,10,7
4,V0-V1 V0-V3 V1-V3,3,19,V1->V0 V3->V0 V3->V1,V2,V0,,-1,-1,True,0.0002118749999999725,0.0005181249999999249,7,10,7
4,V0-V1 V0-V3 V1-V3,3,19,V1->V0 V3->V0 V3->V1,V2,V1,,-1,-1,True,0.00021120800000007378,0.0005149579999998988,7,10,7
4,V0-V1 V0-V3 V1-V3,3,19,V1->V0 V3->V0 V3->V1,V2,V3,,-1,-1,True,0.00021283399999982855,0.0004984580000000349,7,10,7
4,V0-V1 V0-V3 V1-V3,3,19,V1->V0 V3->V0 V3->V1,V3,V0,,1,1,True,2.8459000000147228e-05,7.820799999991301e-05,1,3,2
4,V0-V1 V0-V3 V1-V3,3,19,V1->V0 V3->V0 V3->V1,V3,V1,,1,1,True,2.608300000006558e-05,7.562500000002359e-05,1,3,2
4,V0-V1 V0-V3 V1-V3,3,19,V1->V0 V3->V0 V3->V1,V3,V2,,-1,-1,True,0.00022391699999979586,0.000519417000000022,7,10,7
4,V0-V1 V0-V3 V1-V3 V2-V3,4,32,V3->V2 V0-V1 V0-V3 V1-V3,V3,V2,,1,1,True,5.841699999997729e-05,0.00018379200000007145,1,1,2
4,V0-V1 V0-V3 V1-V3 V2-V3,4,32,V0->V1 V3->V2 V0-V3 V1-V3,V3,V2,,1,1,True,5.808299999987554e-05,0.00018600000000001948,1,2,2
4,V0-V1 V0-V3 V1-V3 V2-V3,4,32,V0->V3 V3->V2 V0-V1 V1-V3,V3,V2,,2,2,True,9.850000000000136e-05,0.0003016250000000831,2,3,3
4,V0-V1 V0-V3 V1-V3 V2-V3,4,32,V1->V0 V3->V2 V0-V3 V1-V3,V3,V2,,1,1,True,5.645900000006421e-05,0.0001805829999999009,1,2,2
4,V0-V1 V0-V3 V1-V3 V2-V3,4,32,V1->V3 V3->V2 V0-V1 V0-V3,V3,V2,,2,2,True,9.895799999992683e-05,0.0002943330000000355,2,3,3
4,V0-V1 V0-V3 V1-V3 V2-V3,4,32,V3->V0 V3->V1 V0-V1 V2-V3,V3,V0,,1,1,True,4.83749999999894e-05,0.00018891700000001066,1,2,2
4,V0-V1 V0-V3 V1-V3 V2-V3,4,32,V3->V0 V3->V1 V0-V1 V2-V3,V3,V1,,1,1,True,4.912500000009423e-05,0.00017999999999984695,1,2,2
4,V0-V1 V0-V3 V1-V3 V2-V3,4,32,V3->V0 V3->V2 V0-V1 V1-V3,V3,V2,,1,1,True,4.199999999987547e-05,0.00016174999999996054,1,2,2
4,V0-V1 V0-V3 V1-V3 V2-V3,4,32,V3->V1 V3->V2 V0-V1 V0-V3,V3,V2,,1,1,True,4.683299999985735e-05,0.00016858299999999993,1,2,2
4,V0-V1 V0-V3 V1-V3 V2-V3,4,32,V0->V1 V0->V3 V3->V2 V1-V3,V0,V1,,1,1,True,6.883299999982384e-05,0.00013670900000017916,1,3,2
4,V0-V1 V0-V3 V1-V3 V2-V3,4,32,V0->V1 V0->V3 V3->V2 V1-V3,V0,V2,,1,1,True,7.074999999989728e-05,0.00013645800000006147,1,3,2
4,V0-V1 V0-V3 V1-V3 V2-V3,4,32,V0->V1 V0->V3 V3->V2 V1-V3,V0,V3,,1,1,True,6.433299999986097e-05,0.00014087500000004027,1,3,2
4,V0-V1 V0-V3 V1-V3 V2-V3,4,32,V0->V1 V0->V3 V3->V2 V1-V3,V3,V2,,2,2,True,0.0001011669999999576,0.00034887500000002625,2,5,4
4,V0-V1 V0-V3 V1-V3 V2-V3,4,32,V0->V1 V3->V0 V3->V1 V2-V3,V0,V1,V3,1,1,True,2.474999999990679e-05,0.00013245799999994645,1,3,2
4,V0-V1 V0-V3 V1-V3 V2-V3,4,32,V0->V1 V3->V0 V3->V1 V2-V3,V3,V0,,1,1,True,3.408300000007358e-05,0.00013058300000001744,1,3,2
4,V0-V1 V0-V3 V1-V3 V2-V3,4,32,V0->V1 V3->V0 V3->V1 V2-V3,V3,V1,,1,1,True,3.745799999999022e-05,0.00013050000000003337,1,3,2
4,V0-V1 V0-V3 V1-V3 V2-V3,4,32,V0->V1 V3->V1 V3->V2 V0-V3,V3,V2,,1,1,True,6.141700000017458e-05,0.0001534999999999176,1,3,2
4,V0-V1 V0-V3 V1-V3 V2-V3,4,32,V0->V3 V1->V3 V3->V2 V0-V1,V3,V2,,3,3,True,0.00014808300000002106,0.000569291999999999,4,8,5
4,V0-V1 V0-V3 V1-V3 V2-V3,4,32,V1->V0 V1->V3 V3->V2 V0-V3,V1,V0,,1,1,True,5.987500000004253e-05,0.0001444170000000078,1,3,2
4,V0-V1 V0-V3 V1-V3 V2-V3,4,32,V1->V0 V1->V3 V3->V2 V0-V3,V1,V2,,1,1,True,6.420900000003726e-05,0.0001441659999998901,1,3,2
4,V0-V1 V0-V3 V1-V3 V2-V3,4,32,V1->V0 V1->V3 V3->V2 V0-V3,V1,V3,,1,1,True,5.733299999999275e-05,0.00013833400000007323,1,3,2
4,V0-V1 V0-V3 V1-V3 V2-V3,4,32,V1->V0 V1->V3 V3->V2 V0-V3,V3,V2,,2,2,True,0.00010283299999991335,0.000321875000000027,2,5,4
4,V0-V1 V0-V3 V1-V3 V2-V3,4,32,V1->V0 V3->V0 V3->V1 V2-V3,V1,V0,V3,1,1,True,2.358299999993818e-05,0.0001380420000001159,1,3,2
4,V0-V1 V0-V3 V1-V3 V2-V3,4,32,V1->V0 V3->V0 V3->V1 V2-V3,V3,V0,,1,1,True,3.7167000000115635e-05,0.00013375000000004356,1,3,2
4,V0-V1 V0-V3 V1-V3 V2-V3,4,32,V1->V0 V3->V0 V3->V1 V2-V3,V3,V1,,1,1,True,3.408399999993428e-05,0.00012929100000014238,1,3,2
4,V0-V1 V0-V3 V1-V3 V2-V3,4,32,V1->V0 V3->V0 V3->V2 V1-V3,V3,V2,,1,1,True,6.166699999998748e-05,0.00015233299999994898,1,3,2
4,V0-V1 V0-V3 V1-V3 V2-V3,4,32,V2->V3 V3->V0 V3->V1 V0-V1,V2,V0,,1,1,True,5.095899999996156e-05,0.00011987499999999152,1,3,2
4,V0-V1 V0-V3 V1-V3 V2-V3,4,32,V2->V3 V3->V0 V3->V1 V0-V1,V2,V1,,1,1,True,5.5250000000173216e-05,0.00012008299999988203,1,3,2
4,V0-V1 V0-V3 V1-V3 V2-V3,4,32,V2->V3 V3->V0 V3->V1 V0-V1,V2,V3,,1,1,True,4.4249999999967926e-05,0.00011058299999988641,1,3,2
4,V0-V1 V0-V3 V1-V3 V2-V3,4,32,V2->V3 V3->V0 V3->V1 V0-V1,V3,V0,,2,2,True,7.620899999993824e-05,0.0002915830000000952,2,5,3
4,V0-V1 V0-V3 V1-V3 V2-V3,4,32,V2->V3 V3->V0 V3->V1 V0-V1,V3,V1,,2,2,True,8.541700000019858e-05,0.0002946669999999152,2,5,3
4,V0-V1 V0-V3 V1-V3 V2-V3,4,32,V3->V0 V3->V1 V3->V2 V0-V1,V3,V0,,1,1,True,7.858300000007645e-05,0.00017812499999991793,1,3,3
4,V0-V1 V0-V3 V1-V3 V2-V3,4,32,V3->V0 V3->V1 V3->V2 V0-V1,V3,V1,,1,1,True,7.133299999995124e-05,0.00017787500000010503,1,3,3
4,V0-V1 V0-V3 V1-V3 V2-V3,4,32,V3->V0 V3->V1 V3->V2 V0-V1,V3,V2,,1,1,True,4.28750000001088e-05,0.00014537500000000314,1,3,2
4,V0-V1 V0-V3 V1-V3 V2-V3,4,32,V0->V1 V0->V3 V1->V3 V3->V2,V0,V1,,1,1,True,8.820800000020057e-05,0.00012162499999979204,1,4,3
4,V0-V1 V0-V3 V1-V3 V2-V3,4,32,V0->V1 V0->V3 V1->V3 V3->V2,V0,V2,,1,1,True,9.462500000001484e-05,0.00013083299999983034,1,4,3
4,V0-V1 V0-V3 V1-V3 V2-V3,4,32,V0->V1 V0->V3 V1->V3 V3->V2,V0,V3,,1,1,True,8.450000000004287e-05,0.00012008300000010408,1,4,3
4,V0-V1 V0-V3 V1-V3 V2-V3,4,32,V0->V1 V0->V3 V1->V3 V3->V2,V1,V2,V0,1,1,True,7.350000000005963e-05,0.00011204199999981235,1,4,2
4,V0-V1 V0-V3 V1-V3 V2-V3,4,32,V0->V1 V0->V3 V1->V3 V3->V2,V1,V3,V0,1,1,True,6.579099999992621e-05,0.00010933400000001647,1,4,2
4,V0-V1 V0-V3 V1-V3 V2-V3,4,32,V0->V1 V0->V3 V1->V3 V3->V2,V3,V2,,3,3,True,0.0001432089999999775,0.0005627909999998959,4,12,7
4,V0-V1 V0-V3 V1-V3 V2-V3,4,32,V0->V1 V0->V3 V3->V1 V3->V2,V0,V1,,1,1,True,8.616599999999863e-05,0.00012483400000018463,1,4,3
4,V0-V1 V0-V3 V1-V3 V2-V3,4,32,V0->V1 V0->V3 V3->V1 V3->V2,V0,V2,,1,1,True,8.533399999999247e-05,0.0001230409999999349,1,4,3
4,V0-V1 V0-V3 V1-V3 V2-V3,4,32,V0->V1 V0->V3 V3->V1 V3->V2,V0,V3,,1,1,True,7.812500000015099e-05,0.00011804199999998488,1,4,3
4,V0-V1 V0-V3 V1-V3 V2-V3,4,32,V0->V1 V0->V3 V3->V1 V3->V2,V3,V1,V0,1,1,True,4.0334000000141756e-05,0.0001046249999998583,1,4,2
4,V0-V1 V0-V3 V1-V3 V2-V3,4,32,V0->V1 V0->V3 V3->V1 V3->V2,V3,V2,,2,2,True,8.06249999998343e-05,0.00041220900000005223,3,10,6
4,V0-V1 V0-V3 V1-V3 V2-V3,4,32,V0->V1 V2->V3 V3->V0 V3->V1,V0,V1,V3,1,1,True,4.941700000005156e-05,0.00015474999999987027,1,4,3
4,V0-V1 V0-V3 V1-V3 V2-V3,4,32,V0->V1 V2->V3 V3->V0 V3->V1,V2,V0,,1,1,True,4.616700000004137e-05,0.00011295800000010736,1,4,2
4,V0-V1 V0-V3 V1-V3 V2-V3,4,32,V0->V1 V2->V3 V3->V0 V3->V1,V2,V1,,1,1,True,5.120899999999651e-05,0.00011262500000008835,1,4,2
4,V0-V1 V0-V3 V1-V3 V2-V3,4,32,V0->V1 V2->V3 V3->V0 V3->V1,V2,V3,,1,1,True,4.4125000000061476e-05,0.00010433399999998372,1,4,2
4,V0-V1 V0-V3 V1-V3 V2-V3,4,32,V0->V1 V2->V3 V3->V0 V3->V1,V3,V0,,2,2,True,5.2874999999952266e-05,0.0002381659999999286,2,7,4
4,V0-V1 V0-V3 V1-V3 V2-V3,4,32,V0->V1 V2->V3 V3->V0 V3->V1,V3,V1,,2,2,True,5.6958000000051356e-05,0.00024345900000000142,2,7,4
4,V0-V1 V0-V3 V1-V3 V2-V3,4,32,V0->V1 V3->V0 V3->V1 V3->V2,V0,V1,V3,1,1,True,3.345899999995794e-05,0.00012575000000003556,1,4,3
4,V0-V1 V0-V3 V1-V3 V2-V3,4,32,V0->V1 V3->V0 V3->V1 V3->V2,V3,V0,,1,1,True,4.512499999997921e-05,0.00012324999999990816,1,4,3
4,V0-V1 V0-V3 V1-V3 V2-V3,4,32,V0->V1 V3->V0 V3->V1 V3->V2,V3,V1,,1,1,True,4.954199999995801e-05,0.00012462499999998933,1,4,3
4,V0-V1 V0-V3 V1-V3 V2-V3,4,32,V0->V1 V3->V0 V3->V1 V3->V2,V3,V2,,1,1,True,6.166699999998748e-05,0.00010720799999996977,1,4,2
4,V0-V1 V0-V3 V1-V3 V2-V3,4,32,V0->V3 V1->V0 V1->V3 V3->V2,V0,V2,V1,1,1,True,3.345800000009724e-05,9.833299999995049e-05,1,4,2
4,V0-V1 V0-V3 V1-V3 V2-V3,4,32,V0->V3 V1->V0 V1->V3 V3->V2,V0,V3,V1,1,1,True,3.108399999995903e-05,9.604099999993565e-05,1,4,2
4,V0-V1 V0-V3 V1-V3 V2-V3,4,32,V0->V3 V1->V0 V1->V3 V3->V2,V1,V0,,1,1,True,4.691699999992416e-05,9.850000000000136e-05,1,4,2
4,V0-V1 V0-V3 V1-V3 V2-V3,4,32,V0->V3 V1->V0 V1->V3 V3->V2,V1,V2,,1,1,True,5.3792000000107976e-05,0.00010137499999984811,1,4,2
4,V0-V1 V0-V3 V1-V3 V2-V3,4,32,V0->V3 V1->V0 V1->V3 V3->V2,V1,V3,,1,1,True,4.8000000000048004e-05,0.00011995799999997558,1,4,2
4,V0-V1 V0-V3 V1-V3 V2-V3,4,32,V0->V3 V1->V0 V1->V3 V3->V2,V3,V2,,3,3,True,0.00014041600000003207,0.0008987920000000926,6,16,8
4,V0-V1 V0-V3 V1-V3 V2-V3,4,32,V1->V0 V1->V3 V3->V0 V3->V2,V1,V0,,1,1,True,7.295800000006736e-05,0.00014183400000011837,1,4,3
4,V0-V1 V0-V3 V1-V3 V2-V3,4,32,V1->V0 V1->V3 V3->V0 V3->V2,V1,V2,,1,1,True,7.774999999998755e-05,0.0001332920000001181,1,4,3
4,V0-V1 V0-V3 V1-V3 V2-V3,4,32,V1->V0 V1->V3 V3->V0 V3->V2,V1,V3,,1,1,True,7.366699999988846e-05,0.0001207500000000028,1,4,3
4,V0-V1 V0-V3 V1-V3 V2-V3,4,32,V1->V0 V1->V3 V3->V0 V3->V2,V3,V0,V1,1,1,True,4.1375000000121176e-05,0.00010249999999989434,1,4,2
4,V0-V1 V0-V3 V1-V3 V2-V3,4,32,V1->V0 V1->V3 V3->V0 V3->V2,V3,V2,,2,2,True,8.150000000006763e-05,0.0004121249999999854,3,10,6
4,V0-V1 V0-V3 V1-V3 V2-V3,4,32,V1->V0 V2->V3 V3->V0 V3->V1,V1,V0,V3,1,1,True,4.208399999994228e-05,0.00012645799999999596,1,4,3
4,V0-V1 V0-V3 V1-V3 V2-V3,4,32,V1->V0 V2->V3 V3->V0 V3->V1,V2,V0,,1,1,True,5.283299999980784e-05,0.00011912500000010873,1,4,2
4,V0-V1 V0-V3 V1-V3 V2-V3,4,32,V1->V0 V2->V3 V3->V0 V3->V1,V2,V1,,1,1,True,4.695899999984654e-05,0.00010837500000016043,1,4,2
4,V0-V1 V0-V3 V1-V3 V2-V3,4,32,V1->V0 V2->V3 V3->V0 V3->V1,V2,V3,,1,1,True,4.47919999999602e-05,0.00010487499999989325,1,4,2
4,V0-V1 V0-V3 V1-V3 V2-V3,4,32,V1->V0 V2->V3 V3->V0 V3->V1,V3,V0,,2,2,True,5.762499999995008e-05,0.00024212499999998194,2,7,4
4,V0-V1 V0-V3 V1-V3 V2-V3,4,32,V1->V0 V2->V3 V3->V0 V3->V1,V3,V1,,2,2,True,5.408299999998256e-05,0.00023795899999989878,2,7,4
4,V0-V1 V0-V3 V1-V3 V2-V3,4,32,V1->V0 V3->V0 V3->V1 V3->V2,V1,V0,V3,1,1,True,3.312500000007823e-05,0.00012541700000001654,1,4,3
4,V0-V1 V0-V3 V1-V3 V2-V3,4,32,V1->V0 V3->V0 V3->V1 V3->V2,V3,V0,,1,1,True,5.0125000000011966e-05,0.00012891700000006168,1,4,3
4,V0-V1 V0-V3 V1-V3 V2-V3,4,32,V1->V0 V3->V0 V3->V1 V3->V2,V3,V1,,1,1,True,4.56250000000491e-05,0.00012170899999985885,1,4,3
4,V0-V1 V0-V3 V1-V3 V2-V3,4,32,V1->V0 V3->V0 V3->V1 V3->V2,V3,V2,,1,1,True,6.324999999995917e-05,0.00011300000000002974,1,4,2
4,V0-V1 V0-V3 V2-V3,3,10,V0->V1 V0-V3 V2-V3,V0,V1,,1,1,True,3.7832999999931616e-05,0.0001091669999999656,1,1,2
4,V0-V1 V0-V3 V2-V3,3,10,V3->V2 V0-V1 V0-V3,V3,V2,,1,1,True,2.8833000000005882e-05,0.00010341699999982801,1,1,2
4,V0-V1 V0-V3 V2-V3,3,10,V0->V1 V3->V0 V2-V3,V0,V1,,2,2,True,6.274999999988928e-05,0.0001867079999999799,2,3,3
4,V0-V1 V0-V3 V2-V3,3,10,V0->V1 V3->V0 V2-V3,V3,V0,,1,1,True,2.2709000000009638e-05,8.083299999994686e-05,1,2,2
4,V0-V1 V0-V3 V2-V3,3,10,V0->V1 V3->V0 V2-V3,V3,V1,,1,1,True,2.56670000000625e-05,8.154199999999001e-05,1,2,2
4,V0-V1 V0-V3 V2-V3,3,10,V0->V1 V3->V2 V0-V3,V0,V1,,1,1,True,6.458300000011796e-05,0.00012799999999990597,1,2,3
4,V0-V1 V0-V3 V2-V3,3,10,V0->V1 V3->V2 V0-V3,V3,V2,,1,1,True,3.2416000000035083e-05,0.00010433399999998372,1,2,2
4,V0-V1 V0-V3 V2-V3,3,10,V0->V3 V3->V2 V0-V1,V0,V2,,1,1,True,3.6249999999959925e-05,8.691699999996416e-05,1,2,2
4,V0-V1 V0-V3 V2-V3,3,10,V0->V3 V3->V2 V0-V1,V0,V3,,1,1,True,3.2333000000051015e-05,8.216699999996635e-05,1,2,2
4,V0-V1 V0-V3 V2-V3,3,10,V0->V3 V3->V2 V0-V1,V3,V2,,2,2,True,5.054199999987574e-05,0.00016862500000014435,2,3,3
4,V0-V1 V0-V3 V2-V3,3,10,V0->V1 V0->V3 V3->V2,V0,V1,,1,1,True,7.962499999991657e-05,9.595799999995158e-05,1,3,3
4,V0-V1 V0-V3 V2-V3,3,10,V0->V1 V0->V3 V3->V2,V0,V2,,1,1,True,4.0833000000128905e-05,8.412499999987944e-05,1,3,2
4,V0-V1 V0-V3 V2-V3,3,10,V0->V1 V0->V3 V3->V2,V0,V3,,1,1,True,3.812499999988894e-05,8.491699999990665e-05,1,3,2
4,V0-V1 V0-V3 V2-V3,3,10,V0->V1 V0->V3 V3->V2,V3,V2,,2,2,True,4.916699999979457e-05,0.00019150000000012213,2,5,4
4,V0-V1 V0-V3 V2-V3,3,10,V0->V1 V2->V3 V3->V0,V0,V1,,3,3,True,6.279200000003371e-05,0.00024395799999998857,3,6,4
4,V0-V1 V0-V3 V2-V3,3,10,V0->V1 V2->V3 V3->V0,V2,V0,,1,1,True,3.1375000000055664e-05,7.54999999998951e-05,1,3,2
4,V0-V1 V0-V3 V2-V3,3,10,V0->V1 V2->V3 V3->V0,V2,V1,,1,1,True,3.541700000009307e-05,7.637499999990638e-05,1,3,2
4,V0-V1 V0-V3 V2-V3,3,10,V0->V1 V2->V3 V3->V0,V2,V3,,1,1,True,2.920800000016932e-05,7.008399999985926e-05,1,3,2
4,V0-V1 V0-V3 V2-V3,3,10,V0->V1 V2->V3 V3->V0,V3,V0,,2,2,True,2.8165999999885116e-05,0.00013425000000011345,2,5,3
4,V0-V1 V0-V3 V2-V3,3,10,V0->V1 V2->V3 V3->V0,V3,V1,,2,2,True,3.2000000000032e-05,0.00013774999999993653,2,5,3
4,V0-V1 V0-V3 V2-V3,3,10,V0->V1 V3->V0 V3->V2,V0,V1,,2,2,True,8.054200000007228e-05,0.00027758299999991465,3,7,5
4,V0-V1 V0-V3 V2-V3,3,10,V0->V1 V3->V0 V3->V2,V3,V0,,1,1,True,3.216700000008288e-05,8.895799999986131e-05,1,3,3
4,V0-V1 V0-V3 V2-V3,3,10,V0->V1 V3->V0 V3->V2,V3,V1,,1,1,True,3.695799999992033e-05,8.999999999992347e-05,1,3,3
4,V0-V1 V0-V3 V2-V3,3,10,V0->V1 V3->V0 V3->V2,V3,V2,,1,1,True,3.2416000000035083e-05,7.604200000010941e-05,1,3,2
4,V0-V1 V0-V3 V2-V3,3,10,V0->V3 V1->V0 V3->V2,V0,V2,,2,2,True,4.22919999998328e-05,0.00014650000000004937,2,5,3
4,V0-V1 V0-V3 V2-V3,3,10,V0->V3 V1->V0 V3->V2,V0,V3,,2,2,True,3.837499999992389e-05,0.00014029100000012562,2,5,3
4,V0-V1 V0-V3 V2-V3,3,10,V0->V3 V1->V0 V3->V2,V1,V0,,1,1,True,2.2374999999907885e-05,6.516599999994988e-05,1,3,2
4,V0-V1 V0-V3 V2-V3,3,10,V0->V3 V1->V0 V3->V2,V1,V2,,1,1,True,2.9209000000030017e-05,6.783299999990611e-05,1,3,2
4,V0-V1 V0-V3 V2-V3,3,10,V0->V3 V1->V0 V3->V2,V1,V3,,1,1,True,2.470799999998441e-05,6.629200000007884e-05,1,3,2
4,V0-V1 V0-V3 V2-V3,3,10,V0->V3 V1->V0 V3->V2,V3,V2,,3,3,True,5.0667000000004236e-05,0.00022966699999993345,3,6,4
4,V0-V1 V1-V2,2,6,V0-V1 V1-V2,V0,V3,,-1,-1,True,5.095799999987882e-05,1.7750000000038568e-05,1,0,1
4,V0-V1 V1-V2,2,6,V0-V1 V1-V2,V1,V3,,-1,-1,True,4.56250000000491e-05,1.5832999999965125e-05,1,0,1
4,V0-V1 V1-V2,2,6,V0-V1 V1-V2,V2,V3,,-1,-1,True,5.058299999993743e-05,1.6916999999949667e-05,1,0,1
4,V0-V1 V1-V2,2,6,V0-V1 V1-V2,V3,V0,,-1,-1,True,4.758299999996218e-05,1.5749999999981057e-05,1,0,1
4,V0-V1 V1-V2,2,6,V0-V1 V1-V2,V3,V1,,-1,-1,True,4.391700000017096e-05,1.4999999999876223e-05,1,0,1
4,V0-V1 V1-V2,2,6,V0-V1 V1-V2,V3,V2,,-1,-1,True,4.724999999994317e-05,1.5791000000042743e-05,1,0,1
4,V0-V1 V1-V2,2,6,V1->V0 V1-V2,V0,V3,,-1,-1,True,5.116699999985208e-05,7.599999999996498e-05,2,1,2
4,V0-V1 V1-V2,2,6,V1->V0 V1-V2,V1,V0,,1,1,True,3.345899999995794e-05,9.4458000000186e-05,1,1,2
4,V0-V1 V1-V2,2,6,V1->V0 V1-V2,V1,V3,,-1,-1,True,4.71669999999591e-05,6.55830000000357e-05,2,1,2
4,V0-V1 V1-V2,2,6,V1->V0 V1-V2,V2,V3,,-1,-1,True,5.3750000000185594e-05,6.654199999989174e-05,2,1,2
4,V0-V1 V1-V2,2,6,V1->V0 V1-V2,V3,V0,,-1,-1,True,4.787499999991951e-05,6.504200000012617e-05,2,1,2
4,V0-V1 V1-V2,2,6,V1->V0 V1-V2,V3,V1,,-1,-1,True,4.458299999998694e-05,6.204199999992888e-05,2,1,2
4,V0-V1 V1-V2,2,6,V1->V0 V1-V2,V3,V2,,-1,-1,True,4.716700000018115e-05,6.274999999988928e-05,2,1,2
4,V0-V1 V1-V2,2,6,V1->V2 V0-V1,V0,V3,,-1,-1,True,5.0457999999808933e-05,6.608300000010559e-05,2,1,2
4,V0-V1 V1-V2,2,6,V1->V2 V0-V1,V1,V2,,1,1,True,2.3832999999973126e-05,6.445799999998947e-05,1,1,2
4,V0-V1 V1-V2,2,6,V1->V2 V0-V1,V1,V3,,-1,-1,True,4.6666999999889214e-05,6.45000000001339e-05,2,1,2
4,V0-V1 V1-V2,2,6,V1->V2 V0-V1,V2,V3,,-1,-1,True,5.041699999996929e-05,6.741699999990303e-05,2,1,2
4,V0-V1 V1-V2,2,6,V1->V2 V0-V1,V3,V0,,-1,-1,True,4.791699999984189e-05,6.41250000001925e-05,2,1,2
4,V0-V1 V1-V2,2,6,V1->V2 V0-V1,V3,V1,,-1,-1,True,4.508399999991752e-05,6.312500000005272e-05,2,1,2
4,V0-V1 V1-V2,2,6,V1->V2 V0-V1,V3,V2,,-1,-1,True,4.7792000000157486e-05,6.491699999999767e-05,2,1,2
4,V0-V1 V1-V2,2,6,V0->V1 V1->V2,V0,V1,,1,1,True,2.366700000000499e-05,5.5333000000157284e-05,1,2,2
4,V0-V1 V1-V2,2,6,V0->V1 V1->V2,V0,V2,,1,1,True,2.7917000000154957e-05,5.670800000001641e-05,1,2,2
4,V0-V1 V1-V2,2,6,V0->V1 V1->V2,V0,V3,,-1,-1,True,5.120899999999651e-05,0.0001097909999998592,3,3,3
4,V0-V1 V1-V2,2,6,V0->V1 V1->V2,V1,V2,,2,2,True,2.9292000000014085e-05,0.00010670800000012193,2,3,3
4,V0-V1 V1-V2,2,6,V0->V1 V1->V2,V1,V3,,-1,-1,True,4.6333000000009505e-05,0.00010616699999999035,3,3,3
4,V0-V1 V1-V2,2,6,V0->V1 V1->V2,V2,V3,,-1,-1,True,5.129100000011988e-05,0.0001102499999998674,3,3,3
4,V0-V1 V1-V2,2,6,V0->V1 V1->V2,V3,V0,,-1,-1,True,4.837500000021144e-05,0.00010583399999997134,3,3,3
4,V0-V1 V1-V2,2,6,V0->V1 V1->V2,V3,V1,,-1,-1,True,4.483300000002188e-05,0.00010491699999981563,3,3,3
4,V0-V1 V1-V2,2,6,V0->V1 V1->V2,V3,V2,,-1,-1,True,4.841699999991178e-05,0.00010799999999999699,3,3,3
4,V0-V1 V1-V2,2,6,V1->V0 V1->V2,V0,V3,,-1,-1,True,5.104199999994563e-05,0.00016833299999996498,4,4,4
4,V0-V1 V1-V2,2,6,V1->V0 V1->V2,V1,V0,,1,1,True,2.5250000000198725e-05,6.845899999996519e-05,1,2,3
4,V0-V1 V1-V2,2,6,V1->V0 V1->V2,V1,V2,,1,1,True,2.7291999999956573e-05,6.108300000007283e-05,1,2,2
4,V0-V1 V1-V2,2,6,V1->V0 V1->V2,V1,V3,,-1,-1,True,4.616700000004137e-05,0.00016150000000014764,4,4,4
4,V0-V1 V1-V2,2,6,V1->V0 V1->V2,V2,V3,,-1,-1,True,5.08750000001168e-05,0.00016929200000004307,4,4,4
4,V0-V1 V1-V2,2,6,V1->V0 V1->V2,V3,V0,,-1,-1,True,4.8542000000040275e-05,0.0001650419999998931,4,4,4
4,V0-V1 V1-V2,2,6,V1->V0 V1->V2,V3,V1,,-1,-1,True,4.662499999996683e-05,0.00016237499999993688,4,4,4
4,V0-V1 V1-V2,2,6,V1->V0 V1->V2,V3,V2,,-1,-1,True,4.870800000000841e-05,0.00016150000000014764,4,4,4
4,V0-V1 V1-V2,2,6,V1->V0 V2->V1,V0,V3,,-1,-1,True,5.033300000012453e-05,0.00011029200000001183,3,3,3
4,V0-V1 V1-V2,2,6,V1->V0 V2->V1,V1,V0,,2,2,True,2.0082999999893048e-05,9.541700000004205e-05,2,3,3
4,V0-V1 V1-V2,2,6,V1->V0 V2->V1,V1,V3,,-1,-1,True,4.77909999998527e-05,0.00010979200000016398,3,3,3
4,V0-V1 V1-V2,2,6,V1->V0 V2->V1,V2,V0,,1,1,True,1.8124999999979963e-05,4.8958000000043356e-05,1,2,2
4,V0-V1 V1-V2,2,6,V1->V0 V2->V1,V2,V1,,1,1,True,1.6416999999879778e-05,4.7792000000157486e-05,1,2,2
4,V0-V1 V1-V2,2,6,V1->V0 V2->V1,V2,V3,,-1,-1,True,5.0749999999988304e-05,0.00010504100000008343,3,3,3
4,V0-V1 V1-V2,2,6,V1->V0 V2->V1,V3,V0,,-1,-1,True,4.845799999997347e-05,0.00010608299999992354,3,3,3
4,V0-V1 V1-V2,2,6,V1->V0 V2->V1,V3,V1,,-1,-1,True,4.404200000007741e-05,0.00010204199999996888,3,3,3
4,V0-V1 V1-V2,2,6,V1->V0 V2->V1,V3,V2,,-1,-1,True,4.758299999996218e-05,0.00010620900000013478,3,3,3
4,V0-V1 V1-V2 V1-V3,3,11,V1->V0 V1-V2 V1-V3,V1,V0,,1,1,True,2.2833999999916088e-05,9.458300000009245e-05,1,1,2
4,V0-V1 V1-V2 V1-V3,3,11,V1->V2 V0-V1 V1-V3,V1,V2,,1,1,True,3.645800000007249e-05,0.00010745800000000472,1,1,2
4,V0-V1 V1-V2 V1-V3,3,11,V1->V3 V0-V1 V1-V2,V1,V3,,1,1,True,3.158299999994618e-05,0.00013812500000009997,1,1,2
4,V0-V1 V1-V2 V1-V3,3,11,V1->V0 V1->V2 V1-V3,V1,V0,,1,1,True,3.9041000000183956e-05,0.00012545899999993892,1,2,3
4,V0-V1 V1-V2 V1-V3,3,11,V1->V0 V1->V2 V1-V3,V1,V2,,1,1,True,4.69170000001462e-05,0.00011141699999983601,1,2,2
4,V0-V1 V1-V2 V1-V3,3,11,V1->V0 V1->V3 V1-V2,V1,V0,,1,1,True,3.841700000006831e-05,0.0001190829999999643,1,2,3
4,V0-V1 V1-V2 V1-V3,3,11,V1->V0 V1->V3 V1-V2,V1,V3,,1,1,True,3.64170000000108e-05,0.00010570799999998215,1,2,2
4,V0-V1 V1-V2 V1-V3,3,11,V1->V2 V1->V3 V0-V1,V1,V2,,1,1,True,6.208299999999056e-05,0.00013045899999997168,1,2,3
4,V0-V1 V1-V2 V1-V3,3,11,V1->V2 V1->V3 V0-V1,V1,V3,,1,1,True,4.070800000000041e-05,0.00011137499999991363,1,2,2
4,V0-V1 V1-V2 V1-V3,3,11,V0->V1 V1->V2 V1->V3,V0,V1,,1,1,True,3.958300000017623e-05,8.137499999993913e-05,1,3,2
4,V0-V1 V1-V2 V1-V3,3,11,V0->V1 V1->V2 V1->V3,V0,V2,,1,1,True,4.4332999999951994e-05,7.858399999993715e-05,1,3,2
4,V0-V1 V1-V2 V1-V3,3,11,V0->V1 V1->V2 V1->V3,V0,V3,,1,1,True,4.3458000000162755e-05,7.687499999997627e-05,1,3,2
4,V0-V1 V1-V2 V1-V3,3,11,V0->V1 V1->V2 V1->V3,V1,V2,,2,2,True,6.87919999999842e-05,0.0001951250000000737,2,5,4
4,V0-V1 V1-V2 V1-V3,3,11,V0->V1 V1->V2 V1->V3,V1,V3,,2,2,True,4.6957999999985844e-05,0.00017433299999991547,2,5,3
4,V0-V1 V1-V2 V1-V3,3,11,V1->V0 V1->V2 V1->V3,V1,V0,,1,1,True,5.8083000000097584e-05,0.00011399999999994748,1,3,4
4,V0-V1 V1-V2 V1-V3,3,11,V1->V0 V1->V2 V1->V3,V1,V2,,1,1,True,6.0874999999960266e-05,0.00010362500000016261,1,3,3
4,V0-V1 V1-V2 V1-V3,3,11,V1->V0 V1->V2 V1->V3,V1,V3,,1,1,True,3.995800000011762e-05,9.14999999999111e-05,1,3,2
4,V0-V1 V1-V2 V1-V3,3,11,V1->V0 V1->V2 V3->V1,V1,V0,,2,2,True,4.316699999984408e-05,0.0001825000000001964,2,5,4
4,V0-V1 V1-V2 V1-V3,3,11,V1->V0 V1->V2 V3->V1,V1,V2,,2,2,True,5.174999999990604e-05,0.00017341700000006455,2,5,3
4,V0-V1 V1-V2 V1-V3,3,11,V1->V0 V1->V2 V3->V1,V3,V0,,1,1,True,2.691700000001518e-05,7.212499999997846e-05,1,3,2
4,V0-V1 V1-V2 V1-V3,3,11,V1->V0 V1->V2 V3->V1,V3,V1,,1,1,True,2.4166999999852834e-05,6.89170000001127e-05,1,3,2
4,V0-V1 V1-V2 V1-V3,3,11,V1->V0 V1->V2 V3->V1,V3,V2,,1,1,True,2.8667000000037746e-05,6.895799999995234e-05,1,3,2
4,V0-V1 V1-V2 V1-V3,3,11,V1->V0 V1->V3 V2->V1,V1,V0,,2,2,True,4.4249999999967926e-05,0.00018062500000004533,2,5,4
4,V0-V1 V1-V2 V1-V3,3,11,V1->V0 V1->V3 V2->V1,V1,V3,,2,2,True,4.2500000000167404e-05,0.00016720799999991875,2,5,3
4,V0-V1 V1-V2 V1-V3,3,11,V1->V0 V1->V3 V2->V1,V2,V0,,1,1,True,2.745799999992471e-05,7.099999999993223e-05,1,3,2
4,V0-V1 V1-V2 V1-V3,3,11,V1->V0 V1->V3 V2->V1,V2,V1,,1,1,True,2.4666000000062027e-05,6.895900000003508e-05,1,3,2
4,V0-V1 V1-V2 V1-V3,3,11,V1->V0 V1->V3 V2->V1,V2,V3,,1,1,True,2.7917000000154957e-05,7.062499999999083e-05,1,3,2
4,V0-V1 V1-V2 V1-V3 V2-V3,4,32,V1->V0 V1-V2 V1-V3 V2-V3,V1,V0,,1,1,True,4.354200000000752e-05,0.00016791599999987916,1,1,2
4,V0-V1 V1-V2 V1-V3 V2-V3,4,32,V1->V0 V1->V2 V1-V3 V2-V3,V1,V0,,1,1,True,6.649999999996936e-05,0.00021404099999999815,1,2,3
4,V0-V1 V1-V2 V1-V3 V2-V3,4,32,V1->V0 V1->V3 V1-V2 V2-V3,V1,V0,,1,1,True,6.570799999994215e-05,0.0002095840000000404,1,2,3
4,V0-V1 V1-V2 V1-V3 V2-V3,4,32,V1->V0 V2->V1 V1-V3 V2-V3,V1,V0,,2,2,True,9.133299999986022e-05,0.00029212500000008745,2,3,3
4,V0-V1 V1-V2 V1-V3 V2-V3,4,32,V1->V0 V2->V3 V1-V2 V1-V3,V1,V0,,1,1,True,6.908399999994153e-05,0.000212000000000101,1,2,3
4,V0-V1 V1-V2 V1-V3 V2-V3,4,32,V1->V0 V3->V1 V1-V2 V2-V3,V1,V0,,2,2,True,9.179200000009047e-05,0.00029237499999990035,2,3,3
4,V0-V1 V1-V2 V1-V3 V2-V3,4,32,V1->V0 V3->V2 V1-V2 V1-V3,V1,V0,,1,1,True,6.779199999984442e-05,0.00021016600000001162,1,2,3
4,V0-V1 V1-V2 V1-V3 V2-V3,4,32,V1->V2 V1->V3 V0-V1 V2-V3,V1,V2,,1,1,True,8.887499999987725e-05,0.00022654099999996902,1,2,2
4,V0-V1 V1-V2 V1-V3 V2-V3,4,32,V1->V2 V1->V3 V0-V1 V2-V3,V1,V3,,1,1,True,8.345799999998071e-05,0.00020787499999985748,1,2,2
4,V0-V1 V1-V2 V1-V3 V2-V3,4,32,V0->V1 V1->V2 V1->V3 V2-V3,V0,V1,,1,1,True,6.45000000001339e-05,0.00012245799999988094,1,3,2
4,V0-V1 V1-V2 V1-V3 V2-V3,4,32,V0->V1 V1->V2 V1->V3 V2-V3,V0,V2,,1,1,True,7.766700000000348e-05,0.00012570800000011317,1,3,2
4,V0-V1 V1-V2 V1-V3 V2-V3,4,32,V0->V1 V1->V2 V1->V3 V2-V3,V0,V3,,1,1,True,8.154100000012932e-05,0.00012441699999987677,1,3,2
4,V0-V1 V1-V2 V1-V3 V2-V3,4,32,V0->V1 V1->V2 V1->V3 V2-V3,V1,V2,,2,2,True,0.00010945899999992292,0.00029575000000003904,2,5,3
4,V0-V1 V1-V2 V1-V3 V2-V3,4,32,V0->V1 V1->V2 V1->V3 V2-V3,V1,V3,,2,2,True,0.00010691700000009519,0.0002922919999999163,2,5,3
4,V0-V1 V1-V2 V1-V3 V2-V3,4,32,V1->V0 V1->V2 V1->V3 V2-V3,V1,V0,,1,1,True,9.741699999987752e-05,0.0001827080000000869,1,3,4
4,V0-V1 V1-V2 V1-V3 V2-V3,4,32,V1->V0 V1->V2 V1->V3 V2-V3,V1,V2,,1,1,True,7.600000000018703e-05,0.00015837499999982185,1,3,2
4,V0-V1 V1-V2 V1-V3 V2-V3,4,32,V1->V0 V1->V2 V1->V3 V2-V3,V1,V3,,1,1,True,7.491599999998044e-05,0.0001595420000000125,1,3,2
4,V0-V1 V1-V2 V1-V3 V2-V3,4,32,V1->V0 V1->V2 V3->V2 V1-V3,V1,V0,,1,1,True,9.999999999998899e-05,0.00018570899999992285,1,3,4
4,V0-V1 V1-V2 V1-V3 V2-V3,4,32,V1->V0 V1->V3 V2->V3 V1-V2,V1,V0,,1,1,True,9.866700000005224e-05,0.0001843750000001254,1,3,4
4,V0-V1 V1-V2 V1-V3 V2-V3,4,32,V1->V0 V2->V1 V2->V3 V1-V3,V1,V0,,2,2,True,0.00011220800000000253,0.0004433329999999902,3,7,5
4,V0-V1 V1-V2 V1-V3 V2-V3,4,32,V1->V0 V2->V1 V2->V3 V1-V3,V2,V0,,1,1,True,5.004099999994516e-05,0.00014037499999997038,1,3,2
4,V0-V1 V1-V2 V1-V3 V2-V3,4,32,V1->V0 V2->V1 V2->V3 V1-V3,V2,V1,,1,1,True,4.450000000000287e-05,0.00013499999999999623,1,3,2
4,V0-V1 V1-V2 V1-V3 V2-V3,4,32,V1->V0 V2->V1 V2->V3 V1-V3,V2,V3,,1,1,True,4.566599999988874e-05,0.00013404200000000088,1,3,2
4,V0-V1 V1-V2 V1-V3 V2-V3,4,32,V1->V0 V2->V1 V3->V1 V2-V3,V1,V0,,3,3,True,0.00013724999999986665,0.0005657920000001759,4,8,5
4,V0-V1 V1-V2 V1-V3 V2-V3,4,32,V1->V0 V3->V1 V3->V2 V1-V2,V1,V0,,2,2,True,0.00011470799999990788,0.0004598749999999985,3,7,5
4,V0-V1 V1-V2 V1-V3 V2-V3,4,32,V1->V0 V3->V1 V3->V2 V1-V2,V3,V0,,1,1,True,4.8041999999970386e-05,0.0001355830000000502,1,3,2
4,V0-V1 V1-V2 V1-V3 V2-V3,4,32,V1->V0 V3->V1 V3->V2 V1-V2,V3,V1,,1,1,True,4.270799999983588e-05,0.00012954200000003802,1,3,2
4,V0-V1 V1-V2 V1-V3 V2-V3,4,32,V1->V0 V3->V1 V3->V2 V1-V2,V3,V2,,1,1,True,4.3208999999988507e-05,0.00012862500000010435,1,3,2
4,V0-V1 V1-V2 V1-V3 V2-V3,4,32,V1->V2 V1->V3 V2->V3 V0-V1,V1,V2,,1,1,True,0.00011049999999990234,0.00017120900000011652,1,3,3
4,V0-V1 V1-V2 V1-V3 V2-V3,4,32,V1->V2 V1->V3 V2->V3 V0-V1,V1,V3,,1,1,True,0.00011133400000007398,0.00017058300000005744,1,3,3
4,V0-V1 V1-V2 V1-V3 V2-V3,4,32,V1->V2 V1->V3 V2->V3 V0-V1,V2,V3,V1,1,1,True,6.704099999987889e-05,0.0001439169999999379,1,3,2
4,V0-V1 V1-V2 V1-V3 V2-V3,4,32,V1->V2 V1->V3 V3->V2 V0-V1,V1,V2,,1,1,True,0.0001135830000000837,0.00017137500000008465,1,3,3
4,V0-V1 V1-V2 V1-V3 V2-V3,4,32,V1->V2 V1->V3 V3->V2 V0-V1,V1,V3,,1,1,True,0.00010762500000005559,0.00016579199999999794,1,3,3
4,V0-V1 V1-V2 V1-V3 V2-V3,4,32,V1->V2 V1->V3 V3->V2 V0-V1,V3,V2,V1,1,1,True,4.404099999999467e-05,0.00013862500000016986,1,3,2
4,V0-V1 V1-V2 V1-V3 V2-V3,4,32,V0->V1 V1->V2 V1->V3 V2->V3,V0,V1,,1,1,True,8.087499999986925e-05,0.00012337500000003665,1,4,3
4,V0-V1 V1-V2 V1-V3 V2-V3,4,32,V0->V1 V1->V2 V1->V3 V2->V3,V0,V2,,1,1,True,9.541700000004205e-05,0.00012716599999995637,1,4,3
4,V0-V1 V1-V2 V1-V3 V2-V3,4,32,V0->V1 V1->V2 V1->V3 V2->V3,V0,V3,,1,1,True,0.00010483299999997087,0.00012854199999989824,1,4,3
4,V0-V1 V1-V2 V1-V3 V2-V3,4,32,V0->V1 V1->V2 V1->V3 V2->V3,V1,V2,,2,2,True,0.00013262499999999733,0.00036729100000010284,3,10,5
4,V0-V1 V1-V2 V1-V3 V2-V3,4,32,V0->V1 V1->V2 V1->V3 V2->V3,V1,V3,,2,2,True,0.00013104200000002564,0.00036379200000014045,3,10,5
4,V0-V1 V1-V2 V1-V3 V2-V3,4,32,V0->V1 V1->V2 V1->V3 V2->V3,V2,V3,V1,1,1,True,7.666600000000301e-05,0.00011424999999998242,1,4,2
4,V0-V1 V1-V2 V1-V3 V2-V3,4,32,V0->V1 V1->V2 V1->V3 V3->V2,V0,V1,,1,1,True,8.129200000017711e-05,0.00012187499999982698,1,4,3
4,V0-V1 V1-V2 V1-V3 V2-V3,4,32,V0->V1 V1->V2 V1->V3 V3->V2,V0,V2,,1,1,True,0.0001004580000001365,0.00012962500000002208,1,4,3
4,V0-V1 V1-V2 V1-V3 V2-V3,4,32,V0->V1 V1->V2 V1->V3 V3->V2,V0,V3,,1,1,True,0.00010166700000002749,0.00012583300000001962,1,4,3
4,V0-V1 V1-V2 V1-V3 V2-V3,4,32,V0->V1 V1->V2 V1->V3 V3->V2,V1,V2,,2,2,True,0.00013354200000015304,0.0004084999999998118,3,10,5
4,V0-V1 V1-V2 V1-V3 V2-V3,4,32,V0->V1 V1->V2 V1->V3 V3->V2,V1,V3,,2,2,True,0.00013016700000001435,0.0003758750000000255,3,10,5
4,V0-V1 V1-V2 V1-V3 V2-V3,4,32,V0->V1 V1->V2 V1->V3 V3->V2,V3,V2,V1,1,1,True,4.7915999999981196e-05,0.00011099999999997223,1,4,2
4,V0-V1 V1-V2 V1-V3 V2-V3,4,32,V1->V0 V1->V2 V1->V3 V2->V3,V1,V0,,1,1,True,0.0001386669999998702,0.0001412920000001261,1,4,4
4,V0-V1 V1-V2 V1-V3 V2-V3,4,32,V1->V0 V1->V2 V1->V3 V2->V3,V1,V2,,1,1,True,9.279099999992546e-05,0.0001319589999999593,1,4,3
4,V0-V1 V1-V2 V1-V3 V2-V3,4,32,V1->V0 V1->V2 V1->V3 V2->V3,V1,V3,,1,1,True,9.575000000006106e-05,0.0001331669999999896,1,4,3
4,V0-V1 V1-V2 V1-V3 V2-V3,4,32,V1->V0 V1->V2 V1->V3 V2->V3,V2,V3,V1,1,1,True,6.920899999984798e-05,0.0001226659999999935,1,4,2
4,V0-V1 V1-V2 V1-V3 V2-V3,4,32,V1->V0 V1->V2 V1->V3 V3->V2,V1,V0,,1,1,True,0.0001377090000000969,0.0001396250000000876,1,4,4
4,V0-V1 V1-V2 V1-V3 V2-V3,4,32,V1->V0 V1->V2 V1->V3 V3->V2,V1,V2,,1,1,True,9.491599999988942e-05,0.00013270900000006414,1,4,3
4,V0-V1 V1-V2 V1-V3 V2-V3,4,32,V1->V0 V1->V2 V1->V3 V3->V2,V1,V3,,1,1,True,9.187499999985249e-05,0.00012933300000006476,1,4,3
4,V0-V1 V1-V2 V1-V3 V2-V3,4,32,V1->V0 V1->V2 V1->V3 V3->V2,V3,V2,V1,1,1,True,4.2541000000007045e-05,0.00011487499999995876,1,4,2
4,V0-V1 V1-V2 V1-V3 V2-V3,4,32,V1->V0 V1->V2 V3->V1 V3->V2,V1,V0,,2,2,True,0.0001405829999998609,0.00030016700000001784,2,7,6
4,V0-V1 V1-V2 V1-V3 V2-V3,4,32,V1->V0 V1->V2 V3->V1 V3->V2,V1,V2,V3,1,1,True,1.779099999987821e-05,0.00010066700000010975,1,4,2
4,V0-V1 V1-V2 V1-V3 V2-V3,4,32,V1->V0 V1->V2 V3->V1 V3->V2,V3,V0,,1,1,True,4.179099999990221e-05,0.00010312500000009273,1,4,2
4,V0-V1 V1-V2 V1-V3 V2-V3,4,32,V1->V0 V1->V2 V3->V1 V3->V2,V3,V1,,1,1,True,3.754200000005703e-05,0.00010149999999997661,1,4,2
4,V0-V1 V1-V2 V1-V3 V2-V3,4,32,V1->V0 V1->V2 V3->V1 V3->V2,V3,V2,,1,1,True,4.025000000007495e-05,0.00010266699999994522,1,4,2
4,V0-V1 V1-V2 V1-V3 V2-V3,4,32,V1->V0 V1->V3 V2->V1 V2->V3,V1,V0,,2,2,True,0.0001404170000001148,0.00030087499999997824,2,7,6
4,V0-V1 V1-V2 V1-V3 V2-V3,4,32,V1->V0 V1->V3 V2->V1 V2->V3,V1,V3,V2,1,1,True,1.7457999999859197e-05,9.770900000005689e-05,1,4,2
4,V0-V1 V1-V2 V1-V3 V2-V3,4,32,V1->V0 V1->V3 V2->V1 V2->V3,V2,V0,,1,1,True,3.7416999999928535e-05,0.00010212500000017499,1,4,2
4,V0-V1 V1-V2 V1-V3 V2-V3,4,32,V1->V0 V1->V3 V2->V1 V2->V3,V2,V1,,1,1,True,3.270799999999241e-05,9.879199999995869e-05,1,4,2
4,V0-V1 V1-V2 V1-V3 V2-V3,4,32,V1->V0 V1->V3 V2->V1 V2->V3,V2,V3,,1,1,True,3.825000000001744e-05,0.00010170899999994987,1,4,2
4,V0-V1 V1-V2 V1-V3 V2-V3,4,32,V1->V0 V2->V1 V2->V3 V3->V1,V1,V0,,3,3,True,0.00015608300000002906,0.0006947090000000156,5,14,8
4,V0-V1 V1-V2 V1-V3 V2-V3,4,32,V1->V0 V2->V1 V2->V3 V3->V1,V2,V0,,1,1,True,7.212499999997846e-05,0.00012741700000007405,1,4,3
4,V0-V1 V1-V2 V1-V3 V2-V3,4,32,V1->V0 V2->V1 V2->V3 V3->V1,V2,V1,,1,1,True,6.43750000000054e-05,0.00012179200000006496,1,4,3
4,V0-V1 V1-V2 V1-V3 V2-V3,4,32,V1->V0 V2->V1 V2->V3 V3->V1,V2,V3,,1,1,True,6.283400000017814e-05,0.00011970799999994064,1,4,3
4,V0-V1 V1-V2 V1-V3 V2-V3,4,32,V1->V0 V2->V1 V2->V3 V3->V1,V3,V0,V2,1,1,True,4.662499999996683e-05,0.00010683300000002838,1,4,2
4,V0-V1 V1-V2 V1-V3 V2-V3,4,32,V1->V0 V2->V1 V2->V3 V3->V1,V3,V1,V2,1,1,True,4.20420000000199e-05,0.00010579199999982691,1,4,2
4,V0-V1 V1-V2 V1-V3 V2-V3,4,32,V1->V0 V2->V1 V3->V1 V3->V2,V1,V0,,3,3,True,0.00017216600000002913,0.0008174999999999155,6,16,8
4,V0-V1 V1-V2 V1-V3 V2-V3,4,32,V1->V0 V2->V1 V3->V1 V3->V2,V2,V0,V3,1,1,True,1.8457999999998975e-05,0.00010204199999996888,1,4,2
4,V0-V1 V1-V2 V1-V3 V2-V3,4,32,V1->V0 V2->V1 V3->V1 V3->V2,V2,V1,V3,1,1,True,1.7458000000081242e-05,0.00010025000000002393,1,4,2
4,V0-V1 V1-V2 V1-V3 V2-V3,4,32,V1->V0 V2->V1 V3->V1 V3->V2,V3,V0,,1,1,True,4.50409999999124e-05,0.00010595900000009983,1,4,2
4,V0-V1 V1-V2 V1-V3 V2-V3,4,32,V1->V0 V2->V1 V3->V1 V3->V2,V3,V1,,1,1,True,4.0582999999871916e-05,0.00010295900000012459,1,4,2
4,V0-V1 V1-V2 V1-V3 V2-V3,4,32,V1->V0 V2->V1 V3->V1 V3->V2,V3,V2,,1,1,True,4.0040999999879645e-05,0.00010066700000010975,1,4,2
4,V0-V1 V1-V2 V2-V3,3,10,V1->V0 V1-V2 V2-V3,V1,V0,,1,1,True,2.379199999991144e-05,9.641600000009909e-05,1,1,2
4,V0-V1 V1-V2 V2-V3,3,10,V2->V3 V0-V1 V1-V2,V2,V3,,1,1,True,3.924999999993517e-05,0.0001095410000000463,1,1,2
4,V0-V1 V1-V2 V2-V3,3,10,V1->V0 V2->V1 V2-V3,V1,V0,,2,2,True,5.1832999999890106e-05,0.00016491699999998666,2,3,3
4,V0-V1 V1-V2 V2-V3,3,10,V1->V0 V2->V1 V2-V3,V2,V0,,1,1,True,2.6042000000003895e-05,7.983300000002913e-05,1,2,2
4,V0-V1 V1-V2 V2-V3,3,10,V1->V0 V2->V1 V2-V3,V2,V1,,1,1,True,2.337499999982562e-05,7.64170000000508e-05,1,2,2
4,V0-V1 V1-V2 V2-V3,3,10,V1->V0 V2->V3 V1-V2,V1,V0,,1,1,True,3.929199999985755e-05,0.00011787500000015605,1,2,3
4,V0-V1 V1-V2 V2-V3,3,10,V1->V0 V2->V3 V1-V2,V2,V3,,1,1,True,4.783400000007987e-05,0.00010845799999992245,1,2,2
4,V0-V1 V1-V2 V2-V3,3,10,V1->V2 V2->V3 V0-V1,V1,V2,,1,1,True,4.199999999987547e-05,8.812499999999446e-05,1,2,2
4,V0-V1 V1-V2 V2-V3,3,10,V1->V2 V2->V3 V0-V1,V1,V3,,1,1,True,4.766700000002899e-05,8.920799999989626e-05,1,2,2
4,V0-V1 V1-V2 V2-V3,3,10,V1->V2 V2->V3 V0-V1,V2,V3,,2,2,True,6.216700000005737e-05,0.00017674999999983676,2,3,3
4,V0-V1 V1-V2 V2-V3,3,10,V0->V1 V1->V2 V2->V3,V0,V1,,1,1,True,3.6249999999959925e-05,7.337499999993113e-05,1,3,2
4,V0-V1 V1-V2 V2-V3,3,10,V0->V1 V1->V2 V2->V3,V0,V2,,1,1,True,4.19169999998914e-05,7.341700000007556e-05,1,3,2
4,V0-V1 V1-V2 V2-V3,3,10,V0->V1 V1->V2 V2->V3,V0,V3,,1,1,True,4.75419999999005e-05,7.620800000007755e-05,1,3,2
4,V0-V1 V1-V2 V2-V3,3,10,V0->V1 V1->V2 V2->V3,V1,V2,,2,2,True,4.816600000001614e-05,0.0001467920000000067,2,5,3
4,V0-V1 V1-V2 V2-V3,3,10,V0->V1 V1->V2 V2->V3,V1,V3,,2,2,True,5.6749999999938794e-05,0.00018416700000001285,2,5,3
4,V0-V1 V1-V2 V2-V3,3,10,V0->V1 V1->V2 V2->V3,V2,V3,,3,3,True,6.216700000005737e-05,0.000258207999999982,3,6,4
4,V0-V1 V1-V2 V2-V3,3,10,V1->V0 V1->V2 V2->V3,V1,V0,,1,1,True,4.966600000000376e-05,9.02919999998808e-05,1,3,3
4,V0-V1 V1-V2 V2-V3,3,10,V1->V0 V1->V2 V2->V3,V1,V2,,1,1,True,4.041699999990378e-05,8.029099999995459e-05,1,3,2
4,V0-V1 V1-V2 V2-V3,3,10,V1->V0 V1->V2 V2->V3,V1,V3,,1,1,True,4.604100000005218e-05,8.116700000004862e-05,1,3,2
4,V0-V1 V1-V2 V2-V3,3,10,V1->V0 V1->V2 V2->V3,V2,V3,,2,2,True,6.32920000001036e-05,0.0001899169999999284,2,5,4
4,V0-V1 V1-V2 V2-V3,3,10,V1->V0 V2->V1 V2->V3,V1,V0,,2,2,True,5.5499999999986116e-05,0.0002651250000000882,3,7,5
4,V0-V1 V1-V2 V2-V3,3,10,V1->V0 V2->V1 V2->V3,V2,V0,,1,1,True,3.704199999998714e-05,9.083300000001238e-05,1,3,3
4,V0-V1 V1-V2 V2-V3,3,10,V1->V0 V2->V1 V2->V3,V2,V1,,1,1,True,3.266700000015277e-05,8.566700000001148e-05,1,3,3
4,V0-V1 V1-V2 V2-V3,3,10,V1->V0 V2->V1 V2->V3,V2,V3,,1,1,True,5.049999999995336e-05,7.795899999996081e-05,1,3,2
4,V0-V1 V1-V2 V2-V3,3,10,V1->V0 V2->V1 V3->V2,V1,V0,,3,3,True,4.587500000008404e-05,0.00022016699999993783,3,6,4
4,V0-V1 V1-V2 V2-V3,3,10,V1->V0 V2->V1 V3->V2,V2,V0,,2,2,True,3.1375000000055664e-05,0.0001362499999999489,2,5,3
4,V0-V1 V1-V2 V2-V3,3,10,V1->V0 V2->V1 V3->V2,V2,V1,,2,2,True,2.8750000000021814e-05,0.0001320840000000878,2,5,3
4,V0-V1 V1-V2 V2-V3,3,10,V1->V0 V2->V1 V3->V2,V3,V0,,1,1,True,2.9499999999904603e-05,6.816599999992512e-05,1,3,2
4,V0-V1 V1-V2 V2-V3,3,10,V1->V0 V2->V1 V3->V2,V3,V1,,1,1,True,3.479100000003399e-05,6.75839999999539e-05,1,3,2
4,V0-V1 V1-V2 V2-V3,3,10,V1->V0 V2->V1 V3->V2,V3,V2,,1,1,True,2.537499999988313e-05,6.466700000018477e-05,1,3,2
4,V0-V1 V1-V3,2,6,V0-V1 V1-V3,V0,V2,,-1,-1,True,5.016700000015639e-05,1.741699999979751e-05,1,0,1
4,V0-V1 V1-V3,2,6,V0-V1 V1-V3,V1,V2,,-1,-1,True,4.608299999997456e-05,1.566699999999699e-05,1,0,1
4,V0-V1 V1-V3,2,6,V0-V1 V1-V3,V2,V0,,-1,-1,True,4.67079999999509e-05,1.566699999999699e-05,1,0,1
4,V0-V1 V1-V3,2,6,V0-V1 V1-V3,V2,V1,,-1,-1,True,4.391600000008822e-05,1.4916999999892155e-05,1,0,1
4,V0-V1 V1-V3,2,6,V0-V1 V1-V3,V2,V3,,-1,-1,True,4.616700000004137e-05,1.5541999999868494e-05,1,0,1
4,V0-V1 V1-V3,2,6,V0-V1 V1-V3,V3,V2,,-1,-1,True,4.9291999999923064e-05,1.6333000000035014e-05,1,0,1
4,V0-V1 V1-V3,2,6,V1->V0 V1-V3,V0,V2,,-1,-1,True,4.9583000000019695e-05,6.987500000010805e-05,2,1,2
4,V0-V1 V1-V3,2,6,V1->V0 V1-V3,V1,V0,,1,1,True,1.5167000000149145e-05,5.3624999999835055e-05,1,1,2
4,V0-V1 V1-V3,2,6,V1->V0 V1-V3,V1,V2,,-1,-1,True,4.5375000000014154e-05,6.30829999999083e-05,2,1,2
4,V0-V1 V1-V3,2,6,V1->V0 V1-V3,V2,V0,,-1,-1,True,4.716600000009841e-05,6.362499999990057e-05,2,1,2
4,V0-V1 V1-V3,2,6,V1->V0 V1-V3,V2,V1,,-1,-1,True,4.9707999999926145e-05,6.12500000001237e-05,2,1,2
4,V0-V1 V1-V3,2,6,V1->V0 V1-V3,V2,V3,,-1,-1,True,4.612499999989694e-05,6.133300000010777e-05,2,1,2
4,V0-V1 V1-V3,2,6,V1->V0 V1-V3,V3,V2,,-1,-1,True,4.9167000000016614e-05,6.324999999995917e-05,2,1,2
4,V0-V1 V1-V3,2,6,V1->V3 V0-V1,V0,V2,,-1,-1,True,5.029200000006284e-05,6.47499999999468e-05,2,1,2
4,V0-V1 V1-V3,2,6,V1->V3 V0-V1,V1,V2,,-1,-1,True,4.520900000004602e-05,6.341599999992731e-05,2,1,2
4,V0-V1 V1-V3,2,6,V1->V3 V0-V1,V1,V3,,1,1,True,2.3292000000063595e-05,6.158299999992067e-05,1,1,2
4,V0-V1 V1-V3,2,6,V1->V3 V0-V1,V2,V0,,-1,-1,True,4.674999999987328e-05,6.395800000014162e-05,2,1,2
4,V0-V1 V1-V3,2,6,V1->V3 V0-V1,V2,V1,,-1,-1,True,4.4332999999951994e-05,6.17500000001936e-05,2,1,2
4,V0-V1 V1-V3,2,6,V1->V3 V0-V1,V2,V3,,-1,-1,True,4.629199999994782e-05,6.4000000000064e-05,2,1,2
4,V0-V1 V1-V3,2,6,V1->V3 V0-V1,V3,V2,,-1,-1,True,4.9291999999923064e-05,6.55830000000357e-05,2,1,2
4,V0-V1 V1-V3,2,6,V0->V1 V1->V3,V0,V1,,1,1,True,2.3292000000063595e-05,5.420799999988901e-05,1,2,2
4,V0-V1 V1-V3,2,6,V0->V1 V1->V3,V0,V2,,-1,-1,True,5.0207999999996034e-05,0.00010620900000013478,3,3,3
4,V0-V1 V1-V3,2,6,V0->V1 V1->V3,V0,V3,,1,1,True,2.666700000020228e-05,5.391699999979238e-05,1,2,2
4,V0-V1 V1-V3,2,6,V0->V1 V1->V3,V1,V2,,-1,-1,True,4.56250000000491e-05,0.0001039169999998979,3,3,3
4,V0-V1 V1-V3,2,6,V0->V1 V1->V3,V1,V3,,2,2,True,2.737499999994064e-05,0.00010175000000001155,2,3,3
4,V0-V1 V1-V3,2,6,V0->V1 V1->V3,V2,V0,,-1,-1,True,4.75410000000398e-05,0.00011129199999992956,3,3,3
4,V0-V1 V1-V3,2,6,V0->V1 V1->V3,V2,V1,,-1,-1,True,4.545799999999822e-05,0.00010566700000014251,3,3,3
4,V0-V1 V1-V3,2,6,V0->V1 V1->V3,V2,V3,,-1,-1,True,4.6334000000092246e-05,0.00010637499999988087,3,3,3
4,V0-V1 V1-V3,2,6,V0->V1 V1->V3,V3,V2,,-1,-1,True,4.874999999993079e-05,0.00011691699999993865,3,3,3
4,V0-V1 V1-V3,2,6,V1->V0 V1->V3,V0,V2,,-1,-1,True,5.1167000000074125e-05,0.00016620800000000102,4,4,4
4,V0-V1 V1-V3,2,6,V1->V0 V1->V3,V1,V0,,1,1,True,2.4457999999949465e-05,8.249999999998536e-05,1,2,3
4,V0-V1 V1-V3,2,6,V1->V0 V1->V3,V1,V2,,-1,-1,True,4.520799999996328e-05,0.00015662500000002133,4,4,4
4,V0-V1 V1-V3,2,6,V1->V0 V1->V3,V1,V3,,1,1,True,2.6749999999964302e-05,6.0417000000034804e-05,1,2,2
4,V0-V1 V1-V3,2,6,V1->V0 V1->V3,V2,V0,,-1,-1,True,4.7082999999892294e-05,0.00016016699999998885,4,4,4
4,V0-V1 V1-V3,2,6,V1->V0 V1->V3,V2,V1,,-1,-1,True,4.4874999999944265e-05,0.00015416599999995562,4,4,4
4,V0-V1 V1-V3,2,6,V1->V0 V1->V3,V2,V3,,-1,-1,True,4.937499999990713e-05,0.0001570829999999468,4,4,4
4,V0-V1 V1-V3,2,6,V1->V0 V1->V3,V3,V2,,-1,-1,True,4.9291999999923064e-05,0.00016050000000000786,4,4,4
4,V0-V1 V1-V3,2,6,V1->V0 V3->V1,V0,V2,,-1,-1,True,4.9958999999821785e-05,0.00010716600000004739,3,3,3
4,V0-V1 V1-V3,2,6,V1->V0 V3->V1,V1,V0,,2,2,True,2.0125000000037474e-05,9.491699999997216e-05,2,3,3
4,V0-V1 V1-V3,2,6,V1->V0 V3->V1,V1,V2,,-1,-1,True,4.612499999989694e-05,0.00010470900000014716,3,3,3
4,V0-V1 V1-V3,2,6,V1->V0 V3->V1,V2,V0,,-1,-1,True,4.808300000003207e-05,0.00010620799999983,3,3,3
4,V0-V1 V1-V3,2,6,V1->V0 V3->V1,V2,V1,,-1,-1,True,4.416699999998386e-05,0.0001015410000000383,3,3,3
4,V0-V1 V1-V3,2,6,V1->V0 V3->V1,V2,V3,,-1,-1,True,4.650000000006038e-05,0.00010175000000001155,3,3,3
4,V0-V1 V1-V3,2,6,V1->V0 V3->V1,V3,V0,,1,1,True,1.8124999999979963e-05,4.912500000009423e-05,1,2,2
4,V0-V1 V1-V3,2,6,V1->V0 V3->V1,V3,V1,,1,1,True,1.5832999999965125e-05,4.72920000000876e-05,1,2,2
4,V0-V1 V1-V3,2,6,V1->V0 V3->V1,V3,V2,,-1,-1,True,4.950000000003563e-05,0.00010250000000011639,3,3,3
4,V0-V1 V1-V3 V2-V3,3,10,V1->V0 V1-V3 V2-V3,V1,V0,,1,1,True,2.3333999999985977e-05,0.00010470800000006442,1,1,2
4,V0-V1 V1-V3 V2-V3,3,10,V3->V2 V0-V1 V1-V3,V3,V2,,1,1,True,3.354199999994201e-05,0.00010395799999995958,1,1,2
4,V0-V1 V1-V3 V2-V3,3,10,V1->V0 V3->V1 V2-V3,V1,V0,,2,2,True,4.741699999999405e-05,0.0001694999999999336,2,3,3
4,V0-V1 V1-V3 V2-V3,3,10,V1->V0 V3->V1 V2-V3,V3,V0,,1,1,True,2.720900000019455e-05,8.487499999998427e-05,1,2,2
4,V0-V1 V1-V3 V2-V3,3,10,V1->V0 V3->V1 V2-V3,V3,V1,,1,1,True,2.3749999999989058e-05,7.80000000000225e-05,1,2,2
4,V0-V1 V1-V3 V2-V3,3,10,V1->V0 V3->V2 V1-V3,V1,V0,,1,1,True,3.966599999993825e-05,0.00011825000000009744,1,2,3
4,V0-V1 V1-V3 V2-V3,3,10,V1->V0 V3->V2 V1-V3,V3,V2,,1,1,True,3.874999999986528e-05,0.00010508300000000581,1,2,2
4,V0-V1 V1-V3 V2-V3,3,10,V1->V3 V3->V2 V0-V1,V1,V2,,1,1,True,4.849999999989585e-05,9.237499999992238e-05,1,2,2
4,V0-V1 V1-V3 V2-V3,3,10,V1->V3 V3->V2 V0-V1,V1,V3,,1,1,True,4.3167000000066125e-05,9.30419999998211e-05,1,2,2
4,V0-V1 V1-V3 V2-V3,3,10,V1->V3 V3->V2 V0-V1,V3,V2,,2,2,True,5.9291999999988576e-05,0.00018012499999997544,2,3,3
4,V0-V1 V1-V3 V2-V3,3,10,V0->V1 V1->V3 V3->V2,V0,V1,,1,1,True,3.858300000003645e-05,7.308299999997381e-05,1,3,2
4,V0-V1 V1-V3 V2-V3,3,10,V0->V1 V1->V3 V3->V2,V0,V2,,1,1,True,4.72920000000876e-05,7.624999999999993e-05,1,3,2
4,V0-V1 V1-V3 V2-V3,3,10,V0->V1 V1->V3 V3->V2,V0,V3,,1,1,True,4.1709000000000884e-05,7.225000000010695e-05,1,3,2
4,V0-V1 V1-V3 V2-V3,3,10,V0->V1 V1->V3 V3->V2,V1,V2,,2,2,True,5.374999999996355e-05,0.0001489170000001927,2,5,3
4,V0-V1 V1-V3 V2-V3,3,10,V0->V1 V1->V3 V3->V2,V1,V3,,2,2,True,5.208299999992505e-05,0.0001444170000000078,2,5,3
4,V0-V1 V1-V3 V2-V3,3,10,V0->V1 V1->V3 V3->V2,V3,V2,,3,3,True,5.729100000007037e-05,0.00023054199999994474,3,6,4
4,V0-V1 V1-V3 V2-V3,3,10,V1->V0 V1->V3 V3->V2,V1,V0,,1,1,True,4.937499999990713e-05,8.879100000003248e-05,1,3,3
4,V0-V1 V1-V3 V2-V3,3,10,V1->V0 V1->V3 V3->V2,V1,V2,,1,1,True,4.691699999992416e-05,8.275000000002031e-05,1,3,2
4,V0-V1 V1-V3 V2-V3,3,10,V1->V0 V1->V3 V3->V2,V1,V3,,1,1,True,4.39580000000106e-05,8.016699999990884e-05,1,3,2
4,V0-V1 V1-V3 V2-V3,3,10,V1->V0 V1->V3 V3->V2,V3,V2,,2,2,True,5.462499999997483e-05,0.00018362500000002058,2,5,4
4,V0-V1 V1-V3 V2-V3,3,10,V1->V0 V2->V3 V3->V1,V1,V0,,3,3,True,4.6458000000138e-05,0.00022445799999992744,3,6,4
4,V0-V1 V1-V3 V2-V3,3,10,V1->V0 V2->V3 V3->V1,V2,V0,,1,1,True,3.6208000000037543e-05,7.658399999987964e-05,1,3,2
4,V0-V1 V1-V3 V2-V3,3,10,V1->V0 V2->V3 V3->V1,V2,V1,,1,1,True,3.1917000000047935e-05,7.133299999995124e-05,1,3,2
4,V0-V1 V1-V3 V2-V3,3,10,V1->V0 V2->V3 V3->V1,V2,V3,,1,1,True,3.020899999994775e-05,6.950000000016665e-05,1,3,2
4,V0-V1 V1-V3 V2-V3,3,10,V1->V0 V2->V3 V3->V1,V3,V0,,2,2,True,3.270900000007515e-05,0.00014120800000005929,2,5,3
4,V0-V1 V1-V3 V2-V3,3,10,V1->V0 V2->V3 V3->V1,V3,V1,,2,2,True,2.9499999999904603e-05,0.00013541700000008206,2,5,3
4,V0-V1 V1-V3 V2-V3,3,10,V1->V0 V3->V1 V3->V2,V1,V0,,2,2,True,5.641699999991978e-05,0.00025645799999995944,3,7,5
4,V0-V1 V1-V3 V2-V3,3,10,V1->V0 V3->V1 V3->V2,V3,V0,,1,1,True,3.733300000008377e-05,9.174999999994604e-05,1,3,3
4,V0-V1 V1-V3 V2-V3,3,10,V1->V0 V3->V1 V3->V2,V3,V1,,1,1,True,3.354100000008131e-05,8.625000000006544e-05,1,3,3
4,V0-V1 V1-V3 V2-V3,3,10,V1->V0 V3->V1 V3->V2,V3,V2,,1,1,True,3.829100000007912e-05,7.495899999998556e-05,1,3,2
4,V0-V1 V2-V3,2,9,V0-V1 V2-V3,V0,V2,,-1,-1,True,8.07499999999628e-05,2.2708000000148942e-05,1,0,1
4,V0-V1 V2-V3,2,9,V0-V1 V2-V3,V0,V3,,-1,-1,True,7.695900000004308e-05,2.1207999999939275e-05,1,0,1
4,V0-V1 V2-V3,2,9,V0-V1 V2-V3,V1,V2,,-1,-1,True,7.654199999995726e-05,2.0958000000126376e-05,1,0,1
4,V0-V1 V2-V3,2,9,V0-V1 V2-V3,V1,V3,,-1,-1,True,7.70409999999444e-05,2.095899999998707e-05,1,0,1
4,V0-V1 V2-V3,2,9,V0-V1 V2-V3,V2,V0,,-1,-1,True,7.76250000000811e-05,2.07910000000755e-05,1,0,1
4,V0-V1 V2-V3,2,9,V0-V1 V2-V3,V2,V1,,-1,-1,True,7.67919999999922e-05,2.0542000000123295e-05,1,0,1
4,V0-V1 V2-V3,2,9,V0-V1 V2-V3,V3,V0,,-1,-1,True,7.691600000003795e-05,2.0584000000045677e-05,1,0,1
4,V0-V1 V2-V3,2,9,V0-V1 V2-V3,V3,V1,,-1,-1,True,7.650000000003487e-05,2.0582999999962936e-05,1,0,1
4,V0-V1 V2-V3,2,9,V0->V1 V2-V3,V0,V1,,1,1,True,2.2292000000145862e-05,6.35419999999165e-05,1,1,2
4,V0-V1 V2-V3,2,9,V0->V1 V2-V3,V0,V2,,-1,-1,True,8.212500000004397e-05,6.954199999986699e-05,2,1,2
4,V0-V1 V2-V3,2,9,V0->V1 V2-V3,V0,V3,,-1,-1,True,7.687499999997627e-05,6.89170000001127e-05,2,1,2
4,V0-V1 V2-V3,2,9,V0->V1 V2-V3,V1,V2,,-1,-1,True,7.733399999998447e-05,7.050000000008438e-05,2,1,2
4,V0-V1 V2-V3,2,9,V0->V1 V2-V3,V1,V3,,-1,-1,True,7.683399999991458e-05,7.062499999999083e-05,2,1,2
4,V0-V1 V2-V3,2,9,V0->V1 V2-V3,V2,V0,,-1,-1,True,8.129100000009437e-05,6.954200000008903e-05,2,1,2
4,V0-V1 V2-V3,2,9,V0->V1 V2-V3,V2,V1,,-1,-1,True,7.733399999998447e-05,6.91660000000649e-05,2,1,2
4,V0-V1 V2-V3,2,9,V0->V1 V2-V3,V3,V0,,-1,-1,True,7.733299999990173e-05,6.800000000017903e-05,2,1,2
4,V0-V1 V2-V3,2,9,V0->V1 V2-V3,V3,V1,,-1,-1,True,7.654099999987451e-05,6.933399999997647e-05,2,1,2
4,V0-V1 V2-V3,2,9,V1->V0 V2-V3,V0,V2,,-1,-1,True,8.045899999986617e-05,7.545799999997271e-05,2,1,2
4,V0-V1 V2-V3,2,9,V1->V0 V2-V3,V0,V3,,-1,-1,True,8.108299999998181e-05,8.020799999997053e-05,2,1,2
4,V0-V1 V2-V3,2,9,V1->V0 V2-V3,V1,V0,,1,1,True,1.51669999999271e-05,5.6000000000056005e-05,1,1,2
4,V0-V1 V2-V3,2,9,V1->V0 V2-V3,V1,V2,,-1,-1,True,8.129199999995507e-05,7.679099999990946e-05,2,1,2
4,V0-V1 V2-V3,2,9,V1->V0 V2-V3,V1,V3,,-1,-1,True,7.741699999996854e-05,6.908299999985879e-05,2,1,2
4,V0-V1 V2-V3,2,9,V1->V0 V2-V3,V2,V0,,-1,-1,True,7.891600000009547e-05,7.079200000004171e-05,2,1,2
4,V0-V1 V2-V3,2,9,V1->V0 V2-V3,V2,V1,,-1,-1,True,8.12080000001103e-05,6.979199999990193e-05,2,1,2
4,V0-V1 V2-V3,2,9,V1->V0 V2-V3,V3,V0,,-1,-1,True,7.908400000000704e-05,7.029099999988908e-05,2,1,2
4,V0-V1 V2-V3,2,9,V1->V0 V2-V3,V3,V1,,-1,-1,True,7.858300000007645e-05,6.795799999981256e-05,2,1,2
4,V0-V1 V2-V3,2,9,V2->V3 V0-V1,V0,V2,,-1,-1,True,7.816599999999063e-05,7.22499999998849e-05,2,1,2
4,V0-V1 V2-V3,2,9,V2->V3 V0-V1,V0,V3,,-1,-1,True,7.758399999979737e-05,6.954100000000629e-05,2,1,2
4,V0-V1 V2-V3,2,9,V2->V3 V0-V1,V1,V2,,-1,-1,True,7.71669999999336e-05,6.824999999999193e-05,2,1,2
4,V0-V1 V2-V3,2,9,V2->V3 V0-V1,V1,V3,,-1,-1,True,7.670800000014744e-05,6.86669999998557e-05,2,1,2
4,V0-V1 V2-V3,2,9,V2->V3 V0-V1,V2,V0,,-1,-1,True,7.787500000011605e-05,6.820899999993024e-05,2,1,2
4,V0-V1 V2-V3,2,9,V2->V3 V0-V1,V2,V1,,-1,-1,True,7.670900000000813e-05,6.737499999998064e-05,2,1,2
4,V0-V1 V2-V3,2,9,V2->V3 V0-V1,V2,V3,,1,1,True,1.79169999998674e-05,5.504099999997791e-05,1,1,2
4,V0-V1 V2-V3,2,9,V2->V3 V0-V1,V3,V0,,-1,-1,True,7.76250000000811e-05,6.91669999999256e-05,2,1,2
4,V0-V1 V2-V3,2,9,V2->V3 V0-V1,V3,V1,,-1,-1,True,7.712500000001121e-05,6.895900000003508e-05,2,1,2
4,V0-V1 V2-V3,2,9,V3->V2 V0-V1,V0,V2,,-1,-1,True,7.812500000015099e-05,7.074999999989728e-05,2,1,2
4,V0-V1 V2-V3,2,9,V3->V2 V0-V1,V0,V3,,-1,-1,True,8.595899999996881e-05,6.841599999996006e-05,2,1,2
4,V0-V1 V2-V3,2,9,V3->V2 V0-V1,V1,V2,,-1,-1,True,7.804199999994488e-05,6.958299999992867e-05,2,1,2
4,V0-V1 V2-V3,2,9,V3->V2 V0-V1,V1,V3,,-1,-1,True,7.670900000000813e-05,6.795799999981256e-05,2,1,2
4,V0-V1 V2-V3,2,9,V3->V2 V0-V1,V2,V0,,-1,-1,True,7.754199999987499e-05,7.012500000014299e-05,2,1,2
4,V0-V1 V2-V3,2,9,V3->V2 V0-V1,V2,V1,,-1,-1,True,7.733399999998447e-05,6.933300000011577e-05,2,1,2
4,V0-V1 V2-V3,2,9,V3->V2 V0-V1,V3,V0,,-1,-1,True,7.770800000006517e-05,6.845899999996519e-05,2,1,2
4,V0-V1 V2-V3,2,9,V3->V2 V0-V1,V3,V1,,-1,-1,True,7.670799999992539e-05,6.824999999999193e-05,2,1,2
4,V0-V1 V2-V3,2,9,V3->V2 V0-V1,V3,V2,,1,1,True,1.4207999999849008e-05,5.24170000000268e-05,1,1,2
4,V0-V1 V2-V3,2,9,V0->V1 V2->V3,V0,V1,,1,1,True,3.570899999982835e-05,7.295800000006736e-05,1,2,3
4,V0-V1 V2-V3,2,9,V0->V1 V2->V3,V0,V2,,-1,-1,True,8.062500000005635e-05,0.00016887499999995725,4,4,4
4,V0-V1 V2-V3,2,9,V0->V1 V2->V3,V0,V3,,-1,-1,True,7.891699999995616e-05,0.0001803750000000104,4,4,4
4,V0-V1 V2-V3,2,9,V0->V1 V2->V3,V1,V2,,-1,-1,True,7.950000000001012e-05,0.00017370800000016118,4,4,4
4,V0-V1 V2-V3,2,9,V0->V1 V2->V3,V1,V3,,-1,-1,True,7.804199999994488e-05,0.00016729199999998556,4,4,4
4,V0-V1 V2-V3,2,9,V0->V1 V2->V3,V2,V0,,-1,-1,True,7.845799999994796e-05,0.0001611249999999842,4,4,4
4,V0-V1 V2-V3,2,9,V0->V1 V2->V3,V2,V1,,-1,-1,True,7.766700000000348e-05,0.0001631250000000417,4,4,4
4,V0-V1 V2-V3,2,9,V0->V1 V2->V3,V2,V3,,1,1,True,2.291600000003946e-05,5.933399999991096e-05,1,2,2
4,V0-V1 V2-V3,2,9,V0->V1 V2->V3,V3,V0,,-1,-1,True,7.787500000011605e-05,0.00016612500000001695,4,4,4
4,V0-V1 V2-V3,2,9,V0->V1 V2->V3,V3,V1,,-1,-1,True,7.954099999984976e-05,0.0001664590000001187,4,4,4
4,V0-V1 V2-V3,2,9,V0->V1 V3->V2,V0,V1,,1,1,True,3.483400000003911e-05,6.9874999999886e-05,1,2,3
4,V0-V1 V2-V3,2,9,V0->V1 V3->V2,V0,V2,,-1,-1,True,7.754100000001429e-05,0.00016525000000000567,4,4,4
4,V0-V1 V2-V3,2,9,V0->V1 V3->V2,V0,V3,,-1,-1,True,7.720799999999528e-05,0.00017341700000006455,4,4,4
4,V0-V1 V2-V3,2,9,V0->V1 V3->V2,V1,V2,,-1,-1,True,7.858300000007645e-05,0.00017083399999995308,4,4,4
4,V0-V1 V2-V3,2,9,V0->V1 V3->V2,V1,V3,,-1,-1,True,7.766700000000348e-05,0.00017012500000013198,4,4,4
4,V0-V1 V2-V3,2,9,V0->V1 V3->V2,V2,V0,,-1,-1,True,0.00010470799999984237,0.0001854580000000272,4,4,4
4,V0-V1 V2-V3,2,9,V0->V1 V3->V2,V2,V1,,-1,-1,True,7.750000000017465e-05,0.00018604099999985912,4,4,4
4,V0-V1 V2-V3,2,9,V0->V1 V3->V2,V3,V0,,-1,-1,True,7.845799999994796e-05,0.00016762500000000458,4,4,4
4,V0-V1 V2-V3,2,9,V0->V1 V3->V2,V3,V1,,-1,-1,True,7.674999999984777e-05,0.0001655410000001023,4,4,4
4,V0-V1 V2-V3,2,9,V0->V1 V3->V2,V3,V2,,1,1,True,1.5499999999946112e-05,5.649999999990385e-05,1,2,2
4,V0-V1 V2-V3,2,9,V1->V0 V2->V3,V0,V2,,-1,-1,True,7.895800000001785e-05,0.00016854200000016029,4,4,4
4,V0-V1 V2-V3,2,9,V1->V0 V2->V3,V0,V3,,-1,-1,True,7.783299999997162e-05,0.00016929200000004307,4,4,4
4,V0-V1 V2-V3,2,9,V1->V0 V2->V3,V1,V0,,1,1,True,2.4125000000152497e-05,6.537499999992313e-05,1,2,3
4,V0-V1 V2-V3,2,9,V1->V0 V2->V3,V1,V2,,-1,-1,True,7.837499999996389e-05,0.00016195799999985105,4,4,4
4,V0-V1 V2-V3,2,9,V1->V0 V2->V3,V1,V3,,-1,-1,True,7.654199999995726e-05,0.00016324999999994816,4,4,4
4,V0-V1 V2-V3,2,9,V1->V0 V2->V3,V2,V0,,-1,-1,True,7.783400000005436e-05,0.00016324999999994816,4,4,4
4,V0-V1 V2-V3,2,9,V1->V0 V2->V3,V2,V1,,-1,-1,True,7.749999999995261e-05,0.0001606249999999143,4,4,4
4,V0-V1 V2-V3,2,9,V1->V0 V2->V3,V2,V3,,1,1,True,2.2916999999900156e-05,5.954200000002352e-05,1,2,2
4,V0-V1 V2-V3,2,9,V1->V0 V2->V3,V3,V0,,-1,-1,True,7.733300000012377e-05,0.00016520799999986124,4,4,4
4,V0-V1 V2-V3,2,9,V1->V0 V2->V3,V3,V1,,-1,-1,True,7.770800000006517e-05,0.00016370899999995636,4,4,4
4,V0-V1 V2-V3,2,9,V1->V0 V3->V2,V0,V2,,-1,-1,True,7.795900000018285e-05,0.00016758299999986015,4,4,4
4,V0-V1 V2-V3,2,9,V1->V0 V3->V2,V0,V3,,-1,-1,True,7.716599999985085e-05,0.0001675839999999429,4,4,4
4,V0-V1 V2-V3,2,9,V1->V0 V3->V2,V1,V0,,1,1,True,2.4250000000058947e-05,6.624999999993442e-05,1,2,3
4,V0-V1 V2-V3,2,9,V1->V0 V3->V2,V1,V2,,-1,-1,True,7.774999999998755e-05,0.00016745800000017574,4,4,4
4,V0-V1 V2-V3,2,9,V1->V0 V3->V2,V1,V3,,-1,-1,True,7.754200000009703e-05,0.00016404099999989263,4,4,4
4,V0-V1 V2-V3,2,9,V1->V0 V3->V2,V2,V0,,-1,-1,True,7.820899999999575e-05,0.00017016599999997162,4,4,4
4,V0-V1 V2-V3,2,9,V1->V0 V3->V2,V2,V1,,-1,-1,True,7.691600000003795e-05,0.00016508400000003753,4,4,4
4,V0-V1 V2-V3,2,9,V1->V0 V3->V2,V3,V0,,-1,-1,True,7.774999999998755e-05,0.0001648330000001419,4,4,4
4,V0-V1 V2-V3,2,9,V1->V0 V3->V2,V3,V1,,-1,-1,True,7.708400000017157e-05,0.00016174999999996054,4,4,4
4,V0-V1 V2-V3,2,9,V1->V0 V3->V2,V3,V2,,1,1,True,1.5333999999977976e-05,5.57909999998607e-05,1,2,2
4,V0-V2,1,3,V0-V2,V0,V1,,-1,-1,True,1.8917000000007178e-05,1.1124999999889695e-05,1,0,1
4,V0-V2,1,3,V0-V2,V0,V3,,-1,-1,True,1.7333000000174792e-05,1.0375000000006906e-05,1,0,1
4,V0-V2,1,3,V0-V2,V1,V0,,-1,-1,True,1.6833000000104903e-05,1.0041999999987894e-05,1,0,1
4,V0-V2,1,3,V0-V2,V1,V2,,-1,-1,True,1.6958000000011353e-05,1.0000000000065512e-05,1,0,1
4,V0-V2,1,3,V0-V2,V1,V3,,-1,-1,True,1.4958000000175886e-05,9.041999999848116e-06,1,0,1
4,V0-V2,1,3,V0-V2,V2,V1,,-1,-1,True,1.704200000007816e-05,9.957999999921086e-06,1,0,1
4,V0-V2,1,3,V0-V2,V2,V3,,-1,-1,True,1.6959000000094093e-05,9.999999999843467e-06,1,0,1
4,V0-V2,1,3,V0-V2,V3,V0,,-1,-1,True,1.6583999999930654e-05,9.665999999963759e-06,1,0,1
4,V0-V2,1,3,V0-V2,V3,V1,,-1,-1,True,1.4707999999918897e-05,8.833000000096902e-06,1,0,1
4,V0-V2,1,3,V0-V2,V3,V2,,-1,-1,True,1.6417000000101822e-05,9.582999999979691e-06,1,0,1
4,V0-V2,1,3,V0->V2,V0,V1,,-1,-1,True,1.7458999999941938e-05,3.7832999999931616e-05,2,1,2
4,V0-V2,1,3,V0->V2,V0,V2,,1,1,True,1.2375000000064418e-05,3.437500000003091e-05,1,1,2
4,V0-V2,1,3,V0->V2,V0,V3,,-1,-1,True,1.724999999996868e-05,3.5333999999886956e-05,2,1,2
4,V0-V2,1,3,V0->V2,V1,V0,,-1,-1,True,1.695899999987205e-05,3.48750000001008e-05,2,1,2
4,V0-V2,1,3,V0->V2,V1,V2,,-1,-1,True,1.683299999988286e-05,3.575000000011208e-05,2,1,2
4,V0-V2,1,3,V0->V2,V1,V3,,-1,-1,True,1.4957999999953842e-05,3.4124999999995964e-05,2,1,2
4,V0-V2,1,3,V0->V2,V2,V1,,-1,-1,True,1.7082999999917803e-05,3.6125000000053475e-05,2,1,2
4,V0-V2,1,3,V0->V2,V2,V3,,-1,-1,True,1.724999999996868e-05,3.616699999997586e-05,2,1,2
4,V0-V2,1,3,V0->V2,V3,V0,,-1,-1,True,1.670799999997641e-05,3.51249999999137e-05,2,1,2
4,V0-V2,1,3,V0->V2,V3,V1,,-1,-1,True,1.5375000000039662e-05,3.4542000000081785e-05,2,1,2
4,V0-V2,1,3,V0->V2,V3,V2,,-1,-1,True,1.6666999999914722e-05,3.5624999999983586e-05,2,1,2
4,V0-V2,1,3,V2->V0,V0,V1,,-1,-1,True,1.7582999999987692e-05,3.6791999999952196e-05,2,1,2
4,V0-V2,1,3,V2->V0,V0,V3,,-1,-1,True,1.7124999999840185e-05,3.625000000018197e-05,2,1,2
4,V0-V2,1,3,V2->V0,V1,V0,,-1,-1,True,1.6792000000043217e-05,3.537499999994864e-05,2,1,2
4,V0-V2,1,3,V2->V0,V1,V2,,-1,-1,True,1.670799999997641e-05,3.441699999995329e-05,2,1,2
4,V0-V2,1,3,V2->V0,V1,V3,,-1,-1,True,1.4999999999876223e-05,3.354200000016405e-05,2,1,2
4,V0-V2,1,3,V2->V0,V2,V0,,1,1,True,9.04099999998742e-06,3.050000000004438e-05,1,1,2
4,V0-V2,1,3,V2->V0,V2,V1,,-1,-1,True,1.704200000007816e-05,3.445800000001498e-05,2,1,2
4,V0-V2,1,3,V2->V0,V2,V3,,-1,-1,True,1.712500000006223e-05,3.491700000002318e-05,2,1,2
4,V0-V2,1,3,V2->V0,V3,V0,,-1,-1,True,1.670799999997641e-05,3.504199999992963e-05,2,1,2
4,V0-V2,1,3,V2->V0,V3,V1,,-1,-1,True,1.5000000000098268e-05,3.3749999999832525e-05,2,1,2
4,V0-V2,1,3,V2->V0,V3,V2,,-1,-1,True,1.6416999999879778e-05,3.4291000000186145e-05,2,1,2
4,V0-V2 V0-V3,2,6,V0-V2 V0-V3,V0,V1,,-1,-1,True,4.9583000000019695e-05,1.716699999998461e-05,1,0,1
4,V0-V2 V0-V3,2,6,V0-V2 V0-V3,V1,V0,,-1,-1,True,4.5792000000099975e-05,1.5957999999871575e-05,1,0,1
4,V0-V2 V0-V3,2,6,V0-V2 V0-V3,V1,V2,,-1,-1,True,5.620799999994652e-05,2.237500000012993e-05,1,0,1
4,V0-V2 V0-V3,2,6,V0-V2 V0-V3,V1,V3,,-1,-1,True,4.8000000000048004e-05,1.5915999999949193e-05,1,0,1
4,V0-V2 V0-V3,2,6,V0-V2 V0-V3,V2,V1,,-1,-1,True,5.08750000001168e-05,1.68339999999656e-05,1,0,1
4,V0-V2 V0-V3,2,6,V0-V2 V0-V3,V3,V1,,-1,-1,True,5.0874999999894754e-05,1.6916999999949667e-05,1,0,1
4,V0-V2 V0-V3,2,6,V0->V2 V0-V3,V0,V1,,-1,-1,True,4.766700000002899e-05,7.008299999999856e-05,2,1,2
4,V0-V2 V0-V3,2,6,V0->V2 V0-V3,V0,V2,,1,1,True,2.4334000000125755e-05,6.466599999987999e-05,1,1,2
4,V0-V2 V0-V3,2,6,V0->V2 V0-V3,V1,V0,,-1,-1,True,4.570900000011591e-05,6.516599999994988e-05,2,1,2
4,V0-V2 V0-V3,2,6,V0->V2 V0-V3,V1,V2,,-1,-1,True,4.845800000019551e-05,6.595799999997709e-05,2,1,2
4,V0-V2 V0-V3,2,6,V0->V2 V0-V3,V1,V3,,-1,-1,True,4.849999999989585e-05,6.458300000011796e-05,2,1,2
4,V0-V2 V0-V3,2,6,V0->V2 V0-V3,V2,V1,,-1,-1,True,5.1167000000074125e-05,6.720799999992977e-05,2,1,2
4,V0-V2 V0-V3,2,6,V0->V2 V0-V3,V3,V1,,-1,-1,True,5.079100000004999e-05,6.562499999995808e-05,2,1,2
4,V0-V2 V0-V3,2,6,V0->V3 V0-V2,V0,V1,,-1,-1,True,4.745799999983369e-05,6.52080000000943e-05,2,1,2
4,V0-V2 V0-V3,2,6,V0->V3 V0-V2,V0,V3,,1,1,True,1.9417000000077067e-05,5.845800000003898e-05,1,1,2
4,V0-V2 V0-V3,2,6,V0->V3 V0-V2,V1,V0,,-1,-1,True,4.5915999999923685e-05,6.31669999999751e-05,2,1,2
4,V0-V2 V0-V3,2,6,V0->V3 V0-V2,V1,V2,,-1,-1,True,4.83749999999894e-05,6.324999999995917e-05,2,1,2
4,V0-V2 V0-V3,2,6,V0->V3 V0-V2,V1,V3,,-1,-1,True,4.8542000000040275e-05,6.499999999998174e-05,2,1,2
4,V0-V2 V0-V3,2,6,V0->V3 V0-V2,V2,V1,,-1,-1,True,5.095800000010087e-05,6.550000000005163e-05,2,1,2
4,V0-V2 V0-V3,2,6,V0->V3 V0-V2,V3,V1,,-1,-1,True,5.108300000000732e-05,6.720799999992977e-05,2,1,2
4,V0-V2 V0-V3,2,6,V0->V2 V0->V3,V0,V1,,-1,-1,True,4.845799999997347e-05,0.00017345800000012623,4,4,4
4,V0-V2 V0-V3,2,6,V0->V2 V0->V3,V0,V2,,1,1,True,3.74999999999126e-05,7.233399999995171e-05,1,2,3
4,V0-V2 V0-V3,2,6,V0->V2 V0->V3,V0,V3,,1,1,True,2.254199999995876e-05,6.212499999991294e-05,1,2,2
4,V0-V2 V0-V3,2,6,V0->V2 V0->V3,V1,V0,,-1,-1,True,4.666700000011126e-05,0.00016041599999994105,4,4,4
4,V0-V2 V0-V3,2,6,V0->V2 V0->V3,V1,V2,,-1,-1,True,4.9291999999923064e-05,0.00016079199999996518,4,4,4
4,V0-V2 V0-V3,2,6,V0->V2 V0->V3,V1,V3,,-1,-1,True,4.820799999993852e-05,0.000164000000000053,4,4,4
4,V0-V2 V0-V3,2,6,V0->V2 V0->V3,V2,V1,,-1,-1,True,5.1916999999956914e-05,0.00016474999999993578,4,4,4
4,V0-V2 V0-V3,2,6,V0->V2 V0->V3,V3,V1,,-1,-1,True,5.0374999999824865e-05,0.00016545800000011823,4,4,4
4,V0-V2 V0-V3,2,6,V0->V2 V3->V0,V0,V1,,-1,-1,True,4.783299999999713e-05,0.00010991700000007043,3,3,3
4,V0-V2 V0-V3,2,6,V0->V2 V3->V0,V0,V2,,2,2,True,2.8458000000064487e-05,0.00010504199999994412,2,3,3
4,V0-V2 V0-V3,2,6,V0->V2 V3->V0,V1,V0,,-1,-1,True,4.5915999999923685e-05,0.00011658400000014169,3,3,3
4,V0-V2 V0-V3,2,6,V0->V2 V3->V0,V1,V2,,-1,-1,True,4.820799999993852e-05,0.00011912499999988668,3,3,3
4,V0-V2 V0-V3,2,6,V0->V2 V3->V0,V1,V3,,-1,-1,True,4.9207999999856256e-05,0.00010541700000010756,3,3,3
4,V0-V2 V0-V3,2,6,V0->V2 V3->V0,V2,V1,,-1,-1,True,5.1042000000167675e-05,0.00010991599999998769,3,3,3
4,V0-V2 V0-V3,2,6,V0->V2 V3->V0,V3,V0,,1,1,True,1.529199999983355e-05,4.962500000016412e-05,1,2,2
4,V0-V2 V0-V3,2,6,V0->V2 V3->V0,V3,V1,,-1,-1,True,5.1541000000154824e-05,0.00010537499999996314,3,3,3
4,V0-V2 V0-V3,2,6,V0->V2 V3->V0,V3,V2,,1,1,True,1.7874999999945018e-05,5.062499999985981e-05,1,2,2
4,V0-V2 V0-V3,2,6,V0->V3 V2->V0,V0,V1,,-1,-1,True,4.75410000000398e-05,0.00010616699999999035,3,3,3
4,V0-V2 V0-V3,2,6,V0->V3 V2->V0,V0,V3,,2,2,True,2.3958999999962316e-05,0.00010133299999992573,2,3,3
4,V0-V2 V0-V3,2,6,V0->V3 V2->V0,V1,V0,,-1,-1,True,4.574999999995555e-05,0.00010408399999994877,3,3,3
4,V0-V2 V0-V3,2,6,V0->V3 V2->V0,V1,V2,,-1,-1,True,4.81250000001765e-05,0.00010295899999990255,3,3,3
4,V0-V2 V0-V3,2,6,V0->V3 V2->V0,V1,V3,,-1,-1,True,4.795799999990358e-05,0.00010625000000019647,3,3,3
4,V0-V2 V0-V3,2,6,V0->V3 V2->V0,V2,V0,,1,1,True,1.5375000000039662e-05,4.8666999999946725e-05,1,2,2
4,V0-V2 V0-V3,2,6,V0->V3 V2->V0,V2,V1,,-1,-1,True,5.079200000013273e-05,0.00010466700000000273,3,3,3
4,V0-V2 V0-V3,2,6,V0->V3 V2->V0,V2,V3,,1,1,True,1.7540999999843265e-05,4.954199999995801e-05,1,2,2
4,V0-V2 V0-V3,2,6,V0->V3 V2->V0,V3,V1,,-1,-1,True,5.124999999983615e-05,0.00010862500000019537,3,3,3
4,V0-V2 V0-V3 V1-V2,3,10,V0->V3 V0-V2 V1-V2,V0,V3,,1,1,True,2.725000000003419e-05,9.84170000000173e-05,1,1,2
4,V0-V2 V0-V3 V1-V2,3,10,V2->V1 V0-V2 V0-V3,V2,V1,,1,1,True,3.4249999999902414e-05,0.0001043750000000454,1,1,2
4,V0-V2 V0-V3 V1-V2,3,10,V0->V2 V2->V1 V0-V3,V0,V1,,1,1,True,4.825000000008295e-05,9.479200000006571e-05,1,2,2
4,V0-V2 V0-V3 V1-V2,3,10,V0->V2 V2->V1 V0-V3,V0,V2,,1,1,True,4.308399999986001e-05,8.83750000000294e-05,1,2,2
4,V0-V2 V0-V3 V1-V2,3,10,V0->V2 V2->V1 V0-V3,V2,V1,,2,2,True,5.745899999998194e-05,0.00017624999999998892,2,3,3
4,V0-V2 V0-V3 V1-V2,3,10,V0->V3 V2->V0 V1-V2,V0,V3,,2,2,True,5.175000000012808e-05,0.00017249999999990884,2,3,3
4,V0-V2 V0-V3 V1-V2,3,10,V0->V3 V2->V0 V1-V2,V2,V0,,1,1,True,2.3332999999903237e-05,8.05000000001499e-05,1,2,2
4,V0-V2 V0-V3 V1-V2,3,10,V0->V3 V2->V0 V1-V2,V2,V3,,1,1,True,2.5500000000011624e-05,8.116599999996588e-05,1,2,2
4,V0-V2 V0-V3 V1-V2,3,10,V0->V3 V2->V1 V0-V2,V0,V3,,1,1,True,4.745899999991643e-05,0.00012258300000000943,1,2,3
4,V0-V2 V0-V3 V1-V2,3,10,V0->V3 V2->V1 V0-V2,V2,V1,,1,1,True,3.979199999992744e-05,0.00010612500000006797,1,2,2
4,V0-V2 V0-V3 V1-V2,3,10,V0->V2 V0->V3 V2->V1,V0,V1,,1,1,True,5.945900000003945e-05,0.00010149999999997661,1,3,3
4,V0-V2 V0-V3 V1-V2,3,10,V0->V2 V0->V3 V2->V1,V0,V2,,1,1,True,5.416700000004937e-05,9.579199999998345e-05,1,3,3
4,V0-V2 V0-V3 V1-V2,3,10,V0->V2 V0->V3 V2->V1,V0,V3,,1,1,True,5.199999999994098e-05,8.245800000006298e-05,1,3,2
4,V0-V2 V0-V3 V1-V2,3,10,V0->V2 V0->V3 V2->V1,V2,V1,,2,2,True,5.658399999997066e-05,0.00026679100000004397,3,7,5
4,V0-V2 V0-V3 V1-V2,3,10,V0->V2 V2->V1 V3->V0,V0,V1,,2,2,True,5.595799999991158e-05,0.00015812500000000895,2,5,3
4,V0-V2 V0-V3 V1-V2,3,10,V0->V2 V2->V1 V3->V0,V0,V2,,2,2,True,4.979199999999295e-05,0.00015104100000007392,2,5,3
4,V0-V2 V0-V3 V1-V2,3,10,V0->V2 V2->V1 V3->V0,V2,V1,,3,3,True,5.8000000000113516e-05,0.00023883300000004937,3,6,4
4,V0-V2 V0-V3 V1-V2,3,10,V0->V2 V2->V1 V3->V0,V3,V0,,1,1,True,2.279100000013301e-05,6.912500000000321e-05,1,3,2
4,V0-V2 V0-V3 V1-V2,3,10,V0->V2 V2->V1 V3->V0,V3,V1,,1,1,True,2.9749999999939547e-05,7.275000000017684e-05,1,3,2
4,V0-V2 V0-V3 V1-V2,3,10,V0->V2 V2->V1 V3->V0,V3,V2,,1,1,True,2.5833000000030637e-05,6.941699999996054e-05,1,3,2
4,V0-V2 V0-V3 V1-V2,3,10,V0->V3 V1->V2 V2->V0,V0,V3,,3,3,True,5.2999999999858716e-05,0.00023858300000001442,3,6,4
4,V0-V2 V0-V3 V1-V2,3,10,V0->V3 V1->V2 V2->V0,V1,V0,,1,1,True,3.262500000000834e-05,7.758299999993667e-05,1,3,2
4,V0-V2 V0-V3 V1-V2,3,10,V0->V3 V1->V2 V2->V0,V1,V2,,1,1,True,2.9749999999939547e-05,7.304200000013417e-05,1,3,2
4,V0-V2 V0-V3 V1-V2,3,10,V0->V3 V1->V2 V2->V0,V1,V3,,1,1,True,3.67910000000915e-05,7.950000000001012e-05,1,3,2
4,V0-V2 V0-V3 V1-V2,3,10,V0->V3 V1->V2 V2->V0,V2,V0,,2,2,True,2.9625000000033097e-05,0.00014045799999995445,2,5,3
4,V0-V2 V0-V3 V1-V2,3,10,V0->V3 V1->V2 V2->V0,V2,V3,,2,2,True,3.3084000000016545e-05,0.00017020800000011604,2,5,3
4,V0-V2 V0-V3 V1-V2,3,10,V0->V3 V2->V0 V2->V1,V0,V3,,2,2,True,6.708399999988401e-05,0.0002984160000001346,3,7,5
4,V0-V2 V0-V3 V1-V2,3,10,V0->V3 V2->V0 V2->V1,V2,V0,,1,1,True,3.3584000000086434e-05,9.170800000002366e-05,1,3,3
4,V0-V2 V0-V3 V1-V2,3,10,V0->V3 V2->V0 V2->V1,V2,V1,,1,1,True,3.9499999999970115e-05,7.829099999989708e-05,1,3,2
4,V0-V2 V0-V3 V1-V2,3,10,V0->V3 V2->V0 V2->V1,V2,V3,,1,1,True,3.7832999999931616e-05,9.354199999989099e-05,1,3,3
4,V0-V2 V0-V3 V1-V2 V1-V3 V2-V3,5,50,V2->V0 V2->V1 V2->V3 V0-V3 V1-V3,V2,V0,,1,1,True,6.974999999997955e-05,0.0002942500000000514,1,3,2
4,V0-V2 V0-V3 V1-V2 V1-V3 V2-V3,5,50,V2->V0 V2->V1 V2->V3 V0-V3 V1-V3,V2,V1,,1,1,True,7.00840000000813e-05,0.0002838750000000445,1,3,2
4,V0-V2 V0-V3 V1-V2 V1-V3 V2-V3,5,50,V2->V0 V2->V1 V2->V3 V0-V3 V1-V3,V2,V3,,1,1,True,6.67500000000043e-05,0.00028241699999997927,1,3,2
4,V0-V2 V0-V3 V1-V2 V1-V3 V2-V3,5,50,V2->V0 V2->V3 V3->V0 V1-V2 V1-V3,V3,V0,V2,1,1,True,5.229199999989831e-05,0.00023004100000001415,1,3,2
4,V0-V2 V0-V3 V1-V2 V1-V3 V2-V3,5,50,V2->V0 V3->V0 V3->V2 V1-V2 V1-V3,V2,V0,V3,1,1,True,3.616699999997586e-05,0.00026412499999994843,1,3,2
4,V0-V2 V0-V3 V1-V2 V1-V3 V2-V3,5,50,V2->V1 V2->V3 V3->V1 V0-V2 V0-V3,V3,V1,V2,1,1,True,7.350000000005963e-05,0.00024216699999990432,1,3,2
4,V0-V2 V0-V3 V1-V2 V1-V3 V2-V3,5,50,V2->V1 V3->V1 V3->V2 V0-V2 V0-V3,V2,V1,V3,1,1,True,3.525000000004219e-05,0.0002147500000000413,1,3,2
4,V0-V2 V0-V3 V1-V2 V1-V3 V2-V3,5,50,V3->V0 V3->V1 V3->V2 V0-V2 V1-V2,V3,V0,,1,1,True,6.583300000007064e-05,0.0002729999999999677,1,3,2
4,V0-V2 V0-V3 V1-V2 V1-V3 V2-V3,5,50,V3->V0 V3->V1 V3->V2 V0-V2 V1-V2,V3,V1,,1,1,True,6.499999999998174e-05,0.00026929200000003206,1,3,2
4,V0-V2 V0-V3 V1-V2 V1-V3 V2-V3,5,50,V3->V0 V3->V1 V3->V2 V0-V2 V1-V2,V3,V2,,1,1,True,6.204099999984614e-05,0.0002648340000002136,1,3,2
4,V0-V2 V0-V3 V1-V2 V1-V3 V2-V3,5,50,V0->V2 V0->V3 V2->V1 V3->V1 V2-V3,V0,V1,,1,1,True,0.00011062500000003084,0.00019291699999990364,1,4,2
4,V0-V2 V0-V3 V1-V2 V1-V3 V2-V3,5,50,V0->V2 V0->V3 V2->V1 V3->V1 V2-V3,V0,V2,,1,1,True,0.00010062499999996533,0.00017083399999995308,1,4,2
4,V0-V2 V0-V3 V1-V2 V1-V3 V2-V3,5,50,V0->V2 V0->V3 V2->V1 V3->V1 V2-V3,V0,V3,,1,1,True,8.60000000000305e-05,0.00016804100000000766,1,4,2
4,V0-V2 V0-V3 V1-V2 V1-V3 V2-V3,5,50,V0->V2 V2->V1 V3->V1 V3->V2 V0-V3,V2,V1,V3,1,1,True,2.908299999981878e-05,0.00015745800000011023,1,4,2
4,V0-V2 V0-V3 V1-V2 V1-V3 V2-V3,5,50,V0->V3 V2->V1 V2->V3 V3->V1 V0-V2,V3,V1,V2,1,1,True,7.583299999991411e-05,0.0001667080000000709,1,4,2
4,V0-V2 V0-V3 V1-V2 V1-V3 V2-V3,5,50,V1->V2 V1->V3 V2->V0 V3->V0 V2-V3,V1,V0,,1,1,True,8.458300000002694e-05,0.00018325000000007918,1,4,2
4,V0-V2 V0-V3 V1-V2 V1-V3 V2-V3,5,50,V1->V2 V1->V3 V2->V0 V3->V0 V2-V3,V1,V2,,1,1,True,7.737500000004616e-05,0.0001742499999999314,1,4,2
4,V0-V2 V0-V3 V1-V2 V1-V3 V2-V3,5,50,V1->V2 V1->V3 V2->V0 V3->V0 V2-V3,V1,V3,,1,1,True,7.212499999997846e-05,0.00017204100000012268,1,4,2
4,V0-V2 V0-V3 V1-V2 V1-V3 V2-V3,5,50,V1->V2 V2->V0 V3->V0 V3->V2 V1-V3,V2,V0,V3,1,1,True,2.9207999999947276e-05,0.00015825000000013745,1,4,2
4,V0-V2 V0-V3 V1-V2 V1-V3 V2-V3,5,50,V1->V3 V2->V0 V2->V3 V3->V0 V1-V2,V3,V0,V2,1,1,True,5.691699999998967e-05,0.00017470799999985687,1,4,2
4,V0-V2 V0-V3 V1-V2 V1-V3 V2-V3,5,50,V2->V0 V2->V1 V2->V3 V3->V0 V1-V3,V2,V0,,1,1,True,0.00010054199999998126,0.00022733300000021828,1,4,3
4,V0-V2 V0-V3 V1-V2 V1-V3 V2-V3,5,50,V2->V0 V2->V1 V2->V3 V3->V0 V1-V3,V2,V1,,1,1,True,0.00010062499999996533,0.000220333000000128,1,4,3
4,V0-V2 V0-V3 V1-V2 V1-V3 V2-V3,5,50,V2->V0 V2->V1 V2->V3 V3->V0 V1-V3,V2,V3,,1,1,True,9.63750000000374e-05,0.0002166249999999703,1,4,3
4,V0-V2 V0-V3 V1-V2 V1-V3 V2-V3,5,50,V2->V0 V2->V1 V2->V3 V3->V0 V1-V3,V3,V0,V2,1,1,True,5.199999999994098e-05,0.00019020800000002502,1,4,2
4,V0-V2 V0-V3 V1-V2 V1-V3 V2-V3,5,50,V2->V0 V2->V1 V2->V3 V3->V1 V0-V3,V2,V0,,1,1,True,9.833299999995049e-05,0.00022258299999999842,1,4,3
4,V0-V2 V0-V3 V1-V2 V1-V3 V2-V3,5,50,V2->V0 V2->V1 V2->V3 V3->V1 V0-V3,V2,V1,,1,1,True,0.00010112499999981317,0.00022500000000014175,1,4,3
4,V0-V2 V0-V3 V1-V2 V1-V3 V2-V3,5,50,V2->V0 V2->V1 V2->V3 V3->V1 V0-V3,V2,V3,,1,1,True,9.575000000006106e-05,0.00022799999999989495,1,4,3
4,V0-V2 V0-V3 V1-V2 V1-V3 V2-V3,5,50,V2->V0 V2->V1 V2->V3 V3->V1 V0-V3,V3,V1,V2,1,1,True,7.837499999996389e-05,0.00019916699999988907,1,4,2
4,V0-V2 V0-V3 V1-V2 V1-V3 V2-V3,5,50,V2->V0 V3->V0 V3->V1 V3->V2 V1-V2,V2,V0,V3,1,1,True,3.708400000013157e-05,0.0001982499999999554,1,4,2
4,V0-V2 V0-V3 V1-V2 V1-V3 V2-V3,5,50,V2->V0 V3->V0 V3->V1 V3->V2 V1-V2,V3,V0,,1,1,True,5.97090000000744e-05,0.00019991599999991116,1,4,2
4,V0-V2 V0-V3 V1-V2 V1-V3 V2-V3,5,50,V2->V0 V3->V0 V3->V1 V3->V2 V1-V2,V3,V1,,1,1,True,5.6666999999954726e-05,0.00019425000000006243,1,4,2
4,V0-V2 V0-V3 V1-V2 V1-V3 V2-V3,5,50,V2->V0 V3->V0 V3->V1 V3->V2 V1-V2,V3,V2,,1,1,True,5.3541999999850987e-05,0.0001915420000000445,1,4,2
4,V0-V2 V0-V3 V1-V2 V1-V3 V2-V3,5,50,V2->V1 V3->V0 V3->V1 V3->V2 V0-V2,V2,V1,V3,1,1,True,4.6999999999908226e-05,0.00021025000000007843,1,4,2
4,V0-V2 V0-V3 V1-V2 V1-V3 V2-V3,5,50,V2->V1 V3->V0 V3->V1 V3->V2 V0-V2,V3,V0,,1,1,True,6.208399999985126e-05,0.00019420800000014005,1,4,2
4,V0-V2 V0-V3 V1-V2 V1-V3 V2-V3,5,50,V2->V1 V3->V0 V3->V1 V3->V2 V0-V2,V3,V1,,1,1,True,6.583300000007064e-05,0.00019404199999994987,1,4,2
4,V0-V2 V0-V3 V1-V2 V1-V3 V2-V3,5,50,V2->V1 V3->V0 V3->V1 V3->V2 V0-V2,V3,V2,,1,1,True,5.908300000001532e-05,0.0001908340000000841,1,4,2
4,V0-V2 V0-V3 V1-V2 V1-V3 V2-V3,5,50,V0->V2 V0->V3 V2->V1 V2->V3 V3->V1,V0,V1,,1,1,True,0.0001314999999999511,0.0001609999999998557,1,5,3
4,V0-V2 V0-V3 V1-V2 V1-V3 V2-V3,5,50,V0->V2 V0->V3 V2->V1 V2->V3 V3->V1,V0,V2,,1,1,True,0.00010350000000003412,0.00014566699999996047,1,5,3
4,V0-V2 V0-V3 V1-V2 V1-V3 V2-V3,5,50,V0->V2 V0->V3 V2->V1 V2->V3 V3->V1,V0,V3,,1,1,True,0.00010533300000004076,0.0001460420000001239,1,5,3
4,V0-V2 V0-V3 V1-V2 V1-V3 V2-V3,5,50,V0->V2 V0->V3 V2->V1 V2->V3 V3->V1,V2,V1,V0,1,1,True,8.800000000008801e-05,0.000137209000000027,1,5,2
4,V0-V2 V0-V3 V1-V2 V1-V3 V2-V3,5,50,V0->V2 V0->V3 V2->V1 V2->V3 V3->V1,V2,V3,V0,1,1,True,7.841700000010832e-05,0.00013274999999990378,1,5,2
4,V0-V2 V0-V3 V1-V2 V1-V3 V2-V3,5,50,V0->V2 V0->V3 V2->V1 V2->V3 V3->V1,V3,V1,V2,1,1,True,7.937500000010367e-05,0.00013024999999999842,1,5,2
4,V0-V2 V0-V3 V1-V2 V1-V3 V2-V3,5,50,V0->V2 V0->V3 V2->V1 V3->V1 V3->V2,V0,V1,,1,1,True,0.00013862499999994782,0.00016566699999986945,1,5,3
4,V0-V2 V0-V3 V1-V2 V1-V3 V2-V3,5,50,V0->V2 V0->V3 V2->V1 V3->V1 V3->V2,V0,V2,,1,1,True,0.00011425000000020447,0.0001530409999999094,1,5,3
4,V0-V2 V0-V3 V1-V2 V1-V3 V2-V3,5,50,V0->V2 V0->V3 V2->V1 V3->V1 V3->V2,V0,V3,,1,1,True,0.00010774999999996204,0.00014570800000002215,1,5,3
4,V0-V2 V0-V3 V1-V2 V1-V3 V2-V3,5,50,V0->V2 V0->V3 V2->V1 V3->V1 V3->V2,V2,V1,V3,1,1,True,2.3625000000082608e-05,0.00012437499999995438,1,5,2
4,V0-V2 V0-V3 V1-V2 V1-V3 V2-V3,5,50,V0->V2 V0->V3 V2->V1 V3->V1 V3->V2,V3,V1,V0,1,1,True,5.833300000013253e-05,0.0001311250000000097,1,5,2
4,V0-V2 V0-V3 V1-V2 V1-V3 V2-V3,5,50,V0->V2 V0->V3 V2->V1 V3->V1 V3->V2,V3,V2,V0,1,1,True,5.2332999999959995e-05,0.00012849999999997586,1,5,2
4,V0-V2 V0-V3 V1-V2 V1-V3 V2-V3,5,50,V0->V2 V2->V1 V3->V0 V3->V1 V3->V2,V0,V1,V3,1,1,True,4.22909999999721e-05,0.00012579199999995794,1,5,2
4,V0-V2 V0-V3 V1-V2 V1-V3 V2-V3,5,50,V0->V2 V2->V1 V3->V0 V3->V1 V3->V2,V0,V2,V3,1,1,True,3.804200000012692e-05,0.00011975000000008507,1,5,2
4,V0-V2 V0-V3 V1-V2 V1-V3 V2-V3,5,50,V0->V2 V2->V1 V3->V0 V3->V1 V3->V2,V2,V1,V3,2,2,True,6.070899999999213e-05,0.00029883299999999835,2,9,4
4,V0-V2 V0-V3 V1-V2 V1-V3 V2-V3,5,50,V0->V2 V2->V1 V3->V0 V3->V1 V3->V2,V3,V0,,1,1,True,5.491600000007146e-05,0.0001272089999999615,1,5,2
4,V0-V2 V0-V3 V1-V2 V1-V3 V2-V3,5,50,V0->V2 V2->V1 V3->V0 V3->V1 V3->V2,V3,V1,,1,1,True,6.283299999987335e-05,0.0001307500000000683,1,5,2
4,V0-V2 V0-V3 V1-V2 V1-V3 V2-V3,5,50,V0->V2 V2->V1 V3->V0 V3->V1 V3->V2,V3,V2,,1,1,True,5.649999999990385e-05,0.00012604099999991014,1,5,2
4,V0-V2 V0-V3 V1-V2 V1-V3 V2-V3,5,50,V0->V3 V2->V0 V2->V1 V2->V3 V3->V1,V0,V1,V2,1,1,True,5.7458000000121245e-05,0.00012324999999990816,1,5,2
4,V0-V2 V0-V3 V1-V2 V1-V3 V2-V3,5,50,V0->V3 V2->V0 V2->V1 V2->V3 V3->V1,V0,V3,V2,1,1,True,5.287500000017431e-05,0.0001190829999999643,1,5,2
4,V0-V2 V0-V3 V1-V2 V1-V3 V2-V3,5,50,V0->V3 V2->V0 V2->V1 V2->V3 V3->V1,V2,V0,,1,1,True,6.941699999996054e-05,0.00012645799999999596,1,5,2
4,V0-V2 V0-V3 V1-V2 V1-V3 V2-V3,5,50,V0->V3 V2->V0 V2->V1 V2->V3 V3->V1,V2,V1,,1,1,True,7.650000000003487e-05,0.00012954099999995528,1,5,2
4,V0-V2 V0-V3 V1-V2 V1-V3 V2-V3,5,50,V0->V3 V2->V0 V2->V1 V2->V3 V3->V1,V2,V3,,1,1,True,6.96250000000731e-05,0.00012604199999999288,1,5,2
4,V0-V2 V0-V3 V1-V2 V1-V3 V2-V3,5,50,V0->V3 V2->V0 V2->V1 V2->V3 V3->V1,V3,V1,V2,2,2,True,9.774999999989653e-05,0.0003340000000000565,2,9,4
4,V0-V2 V0-V3 V1-V2 V1-V3 V2-V3,5,50,V1->V2 V1->V3 V2->V0 V2->V3 V3->V0,V1,V0,,1,1,True,9.50829999999403e-05,0.0001607500000000428,1,5,3
4,V0-V2 V0-V3 V1-V2 V1-V3 V2-V3,5,50,V1->V2 V1->V3 V2->V0 V2->V3 V3->V0,V1,V2,,1,1,True,8.033299999987698e-05,0.0001469170000001352,1,5,3
4,V0-V2 V0-V3 V1-V2 V1-V3 V2-V3,5,50,V1->V2 V1->V3 V2->V0 V2->V3 V3->V0,V1,V3,,1,1,True,8.47920000000002e-05,0.00015033300000011351,1,5,3
4,V0-V2 V0-V3 V1-V2 V1-V3 V2-V3,5,50,V1->V2 V1->V3 V2->V0 V2->V3 V3->V0,V2,V0,V1,1,1,True,5.320900000005402e-05,0.0001386660000000095,1,5,2
4,V0-V2 V0-V3 V1-V2 V1-V3 V2-V3,5,50,V1->V2 V1->V3 V2->V0 V2->V3 V3->V0,V2,V3,V1,1,1,True,4.7917000000063936e-05,0.00013483299999994536,1,5,2
4,V0-V2 V0-V3 V1-V2 V1-V3 V2-V3,5,50,V1->V2 V1->V3 V2->V0 V2->V3 V3->V0,V3,V0,V2,1,1,True,5.849999999996136e-05,0.00013145800000002872,1,5,2
4,V0-V2 V0-V3 V1-V2 V1-V3 V2-V3,5,50,V1->V2 V1->V3 V2->V0 V3->V0 V3->V2,V1,V0,,1,1,True,0.00010787500000009054,0.00015783399999991232,1,5,3
4,V0-V2 V0-V3 V1-V2 V1-V3 V2-V3,5,50,V1->V2 V1->V3 V2->V0 V3->V0 V3->V2,V1,V2,,1,1,True,9.204200000012541e-05,0.00014962499999993106,1,5,3
4,V0-V2 V0-V3 V1-V2 V1-V3 V2-V3,5,50,V1->V2 V1->V3 V2->V0 V3->V0 V3->V2,V1,V3,,1,1,True,9.066700000004424e-05,0.00014945800000010223,1,5,3
4,V0-V2 V0-V3 V1-V2 V1-V3 V2-V3,5,50,V1->V2 V1->V3 V2->V0 V3->V0 V3->V2,V2,V0,V3,1,1,True,2.3250000000141213e-05,0.00012174999999992053,1,5,2
4,V0-V2 V0-V3 V1-V2 V1-V3 V2-V3,5,50,V1->V2 V1->V3 V2->V0 V3->V0 V3->V2,V3,V0,V1,1,1,True,4.887499999983724e-05,0.00012900000000004574,1,5,2
4,V0-V2 V0-V3 V1-V2 V1-V3 V2-V3,5,50,V1->V2 V1->V3 V2->V0 V3->V0 V3->V2,V3,V2,V1,1,1,True,3.8333000000001505e-05,0.00012620799999996102,1,5,2
4,V0-V2 V0-V3 V1-V2 V1-V3 V2-V3,5,50,V1->V2 V2->V0 V3->V0 V3->V1 V3->V2,V1,V0,V3,1,1,True,4.233399999997722e-05,0.00012412500000014148,1,5,2
4,V0-V2 V0-V3 V1-V2 V1-V3 V2-V3,5,50,V1->V2 V2->V0 V3->V0 V3->V1 V3->V2,V1,V2,V3,1,1,True,4.0416000000043084e-05,0.00012125000000007269,1,5,2
4,V0-V2 V0-V3 V1-V2 V1-V3 V2-V3,5,50,V1->V2 V2->V0 V3->V0 V3->V1 V3->V2,V2,V0,V3,2,2,True,5.350000000015065e-05,0.0002978339999999413,2,9,4
4,V0-V2 V0-V3 V1-V2 V1-V3 V2-V3,5,50,V1->V2 V2->V0 V3->V0 V3->V1 V3->V2,V3,V0,,1,1,True,5.4417000000084315e-05,0.00012879199999993318,1,5,2
4,V0-V2 V0-V3 V1-V2 V1-V3 V2-V3,5,50,V1->V2 V2->V0 V3->V0 V3->V1 V3->V2,V3,V1,,1,1,True,4.9707999999926145e-05,0.0001492920000001341,1,5,2
4,V0-V2 V0-V3 V1-V2 V1-V3 V2-V3,5,50,V1->V2 V2->V0 V3->V0 V3->V1 V3->V2,V3,V2,,1,1,True,5.216699999999186e-05,0.00013041599999996656,1,5,2
4,V0-V2 V0-V3 V1-V2 V1-V3 V2-V3,5,50,V1->V3 V2->V0 V2->V1 V2->V3 V3->V0,V1,V0,V2,1,1,True,4.658300000004445e-05,0.0001304170000000493,1,5,2
4,V0-V2 V0-V3 V1-V2 V1-V3 V2-V3,5,50,V1->V3 V2->V0 V2->V1 V2->V3 V3->V0,V1,V3,V2,1,1,True,4.820799999993852e-05,0.00012945900000005395,1,5,2
4,V0-V2 V0-V3 V1-V2 V1-V3 V2-V3,5,50,V1->V3 V2->V0 V2->V1 V2->V3 V3->V0,V2,V0,,1,1,True,7.754100000001429e-05,0.0001316250000000796,1,5,2
4,V0-V2 V0-V3 V1-V2 V1-V3 V2-V3,5,50,V1->V3 V2->V0 V2->V1 V2->V3 V3->V0,V2,V1,,1,1,True,7.066600000005252e-05,0.00012408399999985775,1,5,2
4,V0-V2 V0-V3 V1-V2 V1-V3 V2-V3,5,50,V1->V3 V2->V0 V2->V1 V2->V3 V3->V0,V2,V3,,1,1,True,6.850000000002687e-05,0.00012308400000016206,1,5,2
4,V0-V2 V0-V3 V1-V2 V1-V3 V2-V3,5,50,V1->V3 V2->V0 V2->V1 V2->V3 V3->V0,V3,V0,V2,2,2,True,7.841700000010832e-05,0.0003044999999999298,2,9,4
4,V0-V2 V0-V3 V1-V2 V1-V3 V2-V3,5,50,V2->V0 V2->V1 V2->V3 V3->V0 V3->V1,V2,V0,,1,1,True,0.0001339169999998724,0.0001783330000000305,1,5,4
4,V0-V2 V0-V3 V1-V2 V1-V3 V2-V3,5,50,V2->V0 V2->V1 V2->V3 V3->V0 V3->V1,V2,V1,,1,1,True,0.0001299169999999794,0.00017470799999985687,1,5,4
4,V0-V2 V0-V3 V1-V2 V1-V3 V2-V3,5,50,V2->V0 V2->V1 V2->V3 V3->V0 V3->V1,V2,V3,,1,1,True,0.00012487500000002427,0.0001866669999999182,1,5,4
4,V0-V2 V0-V3 V1-V2 V1-V3 V2-V3,5,50,V2->V0 V2->V1 V2->V3 V3->V0 V3->V1,V3,V0,V2,1,1,True,6.583300000007064e-05,0.0001703339999998832,1,5,3
4,V0-V2 V0-V3 V1-V2 V1-V3 V2-V3,5,50,V2->V0 V2->V1 V2->V3 V3->V0 V3->V1,V3,V1,V2,1,1,True,7.537499999998865e-05,0.00013929099999998584,1,5,2
4,V0-V2 V0-V3 V1-V2 V1-V3 V2-V3,5,50,V2->V0 V2->V1 V3->V0 V3->V1 V3->V2,V2,V0,V3,1,1,True,2.2083000000172603e-05,0.00013558299999982815,1,5,2
4,V0-V2 V0-V3 V1-V2 V1-V3 V2-V3,5,50,V2->V0 V2->V1 V3->V0 V3->V1 V3->V2,V2,V1,V3,1,1,True,2.1708000000009164e-05,0.00012941700000013157,1,5,2
4,V0-V2 V0-V3 V1-V2 V1-V3 V2-V3,5,50,V2->V0 V2->V1 V3->V0 V3->V1 V3->V2,V3,V0,,1,1,True,4.950000000003563e-05,0.00013637499999985536,1,5,2
4,V0-V2 V0-V3 V1-V2 V1-V3 V2-V3,5,50,V2->V0 V2->V1 V3->V0 V3->V1 V3->V2,V3,V1,,1,1,True,5.212500000006948e-05,0.00013499999999999623,1,5,2
4,V0-V2 V0-V3 V1-V2 V1-V3 V2-V3,5,50,V2->V0 V2->V1 V3->V0 V3->V1 V3->V2,V3,V2,,1,1,True,4.5874999999862e-05,0.00013258300000007495,1,5,2
4,V0-V2 V0-V3 V1-V2 V2-V3,4,32,V2->V1 V0-V2 V0-V3 V2-V3,V2,V1,,1,1,True,6.170899999990986e-05,0.00018845800000000246,1,1,2
4,V0-V2 V0-V3 V1-V2 V2-V3,4,32,V0->V2 V2->V1 V0-V3 V2-V3,V2,V1,,2,2,True,0.00011074999999993729,0.00031637499999992436,2,3,3
4,V0-V2 V0-V3 V1-V2 V2-V3,4,32,V0->V3 V2->V1 V0-V2 V2-V3,V2,V1,,1,1,True,6.42499999998769e-05,0.00018433299999998098,1,2,2
4,V0-V2 V0-V3 V1-V2 V2-V3,4,32,V2->V0 V2->V1 V0-V3 V2-V3,V2,V1,,1,1,True,5.0916999999817136e-05,0.00016700000000002824,1,2,2
4,V0-V2 V0-V3 V1-V2 V2-V3,4,32,V2->V0 V2->V3 V0-V3 V1-V2,V2,V0,,1,1,True,6.0959000000027075e-05,0.00020008299999996204,1,2,2
4,V0-V2 V0-V3 V1-V2 V2-V3,4,32,V2->V0 V2->V3 V0-V3 V1-V2,V2,V3,,1,1,True,5.9165999999999386e-05,0.00018979200000002194,1,2,2
4,V0-V2 V0-V3 V1-V2 V2-V3,4,32,V2->V1 V2->V3 V0-V2 V0-V3,V2,V1,,1,1,True,8.862500000006435e-05,0.0002082919999999433,1,2,3
4,V0-V2 V0-V3 V1-V2 V2-V3,4,32,V2->V1 V3->V0 V0-V2 V2-V3,V2,V1,,1,1,True,9.141599999984429e-05,0.00020895900000006407,1,2,3
4,V0-V2 V0-V3 V1-V2 V2-V3,4,32,V2->V1 V3->V2 V0-V2 V0-V3,V2,V1,,2,2,True,0.00010637500000010292,0.00029687500000008527,2,3,3
4,V0-V2 V0-V3 V1-V2 V2-V3,4,32,V0->V2 V0->V3 V2->V1 V2-V3,V0,V1,,1,1,True,7.454199999989974e-05,0.00014108300000015284,1,3,2
4,V0-V2 V0-V3 V1-V2 V2-V3,4,32,V0->V2 V0->V3 V2->V1 V2-V3,V0,V2,,1,1,True,6.670800000008192e-05,0.00013333299999995774,1,3,2
4,V0-V2 V0-V3 V1-V2 V2-V3,4,32,V0->V2 V0->V3 V2->V1 V2-V3,V0,V3,,1,1,True,6.541699999984552e-05,0.00013237500000018443,1,3,2
4,V0-V2 V0-V3 V1-V2 V2-V3,4,32,V0->V2 V0->V3 V2->V1 V2-V3,V2,V1,,2,2,True,0.00010779200000010647,0.0004525410000000285,3,7,5
4,V0-V2 V0-V3 V1-V2 V2-V3,4,32,V0->V2 V2->V1 V3->V2 V0-V3,V2,V1,,3,3,True,0.00015699999999996272,0.000525542000000101,4,8,5
4,V0-V2 V0-V3 V1-V2 V2-V3,4,32,V0->V3 V2->V0 V2->V3 V1-V2,V0,V3,V2,1,1,True,2.324999999991917e-05,0.00012712500000011673,1,3,2
4,V0-V2 V0-V3 V1-V2 V2-V3,4,32,V0->V3 V2->V0 V2->V3 V1-V2,V2,V0,,1,1,True,3.0874999999985775e-05,0.00012504200000007515,1,3,2
4,V0-V2 V0-V3 V1-V2 V2-V3,4,32,V0->V3 V2->V0 V2->V3 V1-V2,V2,V3,,1,1,True,3.445799999979293e-05,0.00012558300000020672,1,3,2
4,V0-V2 V0-V3 V1-V2 V2-V3,4,32,V0->V3 V2->V1 V2->V3 V0-V2,V2,V1,,1,1,True,0.00010862499999997333,0.00019674999999996778,1,3,3
4,V0-V2 V0-V3 V1-V2 V2-V3,4,32,V1->V2 V2->V0 V2->V3 V0-V3,V1,V0,,1,1,True,5.083400000005511e-05,0.00011904100000004192,1,3,2
4,V0-V2 V0-V3 V1-V2 V2-V3,4,32,V1->V2 V2->V0 V2->V3 V0-V3,V1,V2,,1,1,True,4.3291999999972575e-05,0.00010979199999994194,1,3,2
4,V0-V2 V0-V3 V1-V2 V2-V3,4,32,V1->V2 V2->V0 V2->V3 V0-V3,V1,V3,,1,1,True,5.904199999995363e-05,0.00011708300000012883,1,3,2
4,V0-V2 V0-V3 V1-V2 V2-V3,4,32,V1->V2 V2->V0 V2->V3 V0-V3,V2,V0,,2,2,True,8.79169999998819e-05,0.00029695800000006933,2,5,3
4,V0-V2 V0-V3 V1-V2 V2-V3,4,32,V1->V2 V2->V0 V2->V3 V0-V3,V2,V3,,2,2,True,0.0001072500000001142,0.00030791599999990815,2,5,3
4,V0-V2 V0-V3 V1-V2 V2-V3,4,32,V2->V0 V2->V1 V2->V3 V0-V3,V2,V0,,1,1,True,6.558400000011844e-05,0.00016141600000008083,1,3,2
4,V0-V2 V0-V3 V1-V2 V2-V3,4,32,V2->V0 V2->V1 V2->V3 V0-V3,V2,V1,,1,1,True,6.575000000008657e-05,0.0001656670000000915,1,3,3
4,V0-V2 V0-V3 V1-V2 V2-V3,4,32,V2->V0 V2->V1 V2->V3 V0-V3,V2,V3,,1,1,True,6.420900000003726e-05,0.0001562079999999355,1,3,2
4,V0-V2 V0-V3 V1-V2 V2-V3,4,32,V2->V0 V2->V1 V3->V0 V2-V3,V2,V1,,1,1,True,6.766699999993797e-05,0.00016695800000010586,1,3,3
4,V0-V2 V0-V3 V1-V2 V2-V3,4,32,V2->V0 V2->V3 V3->V0 V1-V2,V2,V0,,1,1,True,9.262499999995732e-05,0.00017137500000008465,1,3,3
4,V0-V2 V0-V3 V1-V2 V2-V3,4,32,V2->V0 V2->V3 V3->V0 V1-V2,V2,V3,,1,1,True,8.800000000008801e-05,0.00016566600000000875,1,3,3
4,V0-V2 V0-V3 V1-V2 V2-V3,4,32,V2->V0 V2->V3 V3->V0 V1-V2,V3,V0,V2,1,1,True,4.587500000008404e-05,0.00013891699999990514,1,3,2
4,V0-V2 V0-V3 V1-V2 V2-V3,4,32,V2->V1 V3->V0 V3->V2 V0-V2,V2,V1,,2,2,True,0.00014337500000016767,0.00036166699999995444,2,5,5
4,V0-V2 V0-V3 V1-V2 V2-V3,4,32,V2->V1 V3->V0 V3->V2 V0-V2,V3,V0,,1,1,True,4.050000000010989e-05,0.0001309999999998812,1,3,2
4,V0-V2 V0-V3 V1-V2 V2-V3,4,32,V2->V1 V3->V0 V3->V2 V0-V2,V3,V1,,1,1,True,4.6833000000079394e-05,0.00013129200000006058,1,3,2
4,V0-V2 V0-V3 V1-V2 V2-V3,4,32,V2->V1 V3->V0 V3->V2 V0-V2,V3,V2,,1,1,True,4.083299999990686e-05,0.000128000000000128,1,3,2
4,V0-V2 V0-V3 V1-V2 V2-V3,4,32,V0->V2 V0->V3 V2->V1 V2->V3,V0,V1,,1,1,True,9.454099999994803e-05,0.00012370899999991636,1,4,3
4,V0-V2 V0-V3 V1-V2 V2-V3,4,32,V0->V2 V0->V3 V2->V1 V2->V3,V0,V2,,1,1,True,8.300000000005525e-05,0.00011675000000010982,1,4,3
4,V0-V2 V0-V3 V1-V2 V2-V3,4,32,V0->V2 V0->V3 V2->V1 V2->V3,V0,V3,,1,1,True,8.416599999994112e-05,0.00011887500000007378,1,4,3
4,V0-V2 V0-V3 V1-V2 V2-V3,4,32,V0->V2 V0->V3 V2->V1 V2->V3,V2,V1,,2,2,True,0.0001244170000000988,0.0004050419999999111,3,10,6
4,V0-V2 V0-V3 V1-V2 V2-V3,4,32,V0->V2 V0->V3 V2->V1 V2->V3,V2,V3,V0,1,1,True,6.283299999987335e-05,0.00010704200000000164,1,4,2
4,V0-V2 V0-V3 V1-V2 V2-V3,4,32,V0->V2 V0->V3 V2->V1 V3->V2,V0,V1,,1,1,True,0.00010195899999998481,0.0001361659999998821,1,4,3
4,V0-V2 V0-V3 V1-V2 V2-V3,4,32,V0->V2 V0->V3 V2->V1 V3->V2,V0,V2,,1,1,True,8.891700000002167e-05,0.00012379200000012247,1,4,3
4,V0-V2 V0-V3 V1-V2 V2-V3,4,32,V0->V2 V0->V3 V2->V1 V3->V2,V0,V3,,1,1,True,8.333299999985222e-05,0.00011875000000016733,1,4,3
4,V0-V2 V0-V3 V1-V2 V2-V3,4,32,V0->V2 V0->V3 V2->V1 V3->V2,V2,V1,,3,3,True,0.00015170799999997264,0.0007046669999999366,5,14,8
4,V0-V2 V0-V3 V1-V2 V2-V3,4,32,V0->V2 V0->V3 V2->V1 V3->V2,V3,V1,V0,1,1,True,4.558299999990467e-05,0.0001060420000000839,1,4,2
4,V0-V2 V0-V3 V1-V2 V2-V3,4,32,V0->V2 V0->V3 V2->V1 V3->V2,V3,V2,V0,1,1,True,3.958299999995418e-05,0.00010183299999999562,1,4,2
4,V0-V2 V0-V3 V1-V2 V2-V3,4,32,V0->V2 V2->V1 V3->V0 V3->V2,V0,V1,V3,1,1,True,1.987500000000253e-05,9.904199999999364e-05,1,4,2
4,V0-V2 V0-V3 V1-V2 V2-V3,4,32,V0->V2 V2->V1 V3->V0 V3->V2,V0,V2,V3,1,1,True,1.8249999999886413e-05,9.59160000000292e-05,1,4,2
4,V0-V2 V0-V3 V1-V2 V2-V3,4,32,V0->V2 V2->V1 V3->V0 V3->V2,V2,V1,,3,3,True,0.00017920899999990247,0.000809958000000055,6,16,8
4,V0-V2 V0-V3 V1-V2 V2-V3,4,32,V0->V2 V2->V1 V3->V0 V3->V2,V3,V0,,1,1,True,3.683299999979184e-05,0.00010512500000015024,1,4,2
4,V0-V2 V0-V3 V1-V2 V2-V3,4,32,V0->V2 V2->V1 V3->V0 V3->V2,V3,V1,,1,1,True,4.47919999999602e-05,0.0001059580000000171,1,4,2
4,V0-V2 V0-V3 V1-V2 V2-V3,4,32,V0->V2 V2->V1 V3->V0 V3->V2,V3,V2,,1,1,True,3.854199999997476e-05,0.00010183299999999562,1,4,2
4,V0-V2 V0-V3 V1-V2 V2-V3,4,32,V0->V3 V1->V2 V2->V0 V2->V3,V0,V3,V2,1,1,True,4.8958000000043356e-05,0.0001320840000000878,1,4,3
4,V0-V2 V0-V3 V1-V2 V2-V3,4,32,V0->V3 V1->V2 V2->V0 V2->V3,V1,V0,,1,1,True,4.304199999993763e-05,0.0001087079999999574,1,4,2
4,V0-V2 V0-V3 V1-V2 V2-V3,4,32,V0->V3 V1->V2 V2->V0 V2->V3,V1,V2,,1,1,True,4.058300000009396e-05,0.00010466700000000273,1,4,2
4,V0-V2 V0-V3 V1-V2 V2-V3,4,32,V0->V3 V1->V2 V2->V0 V2->V3,V1,V3,,1,1,True,5.11249999999297e-05,0.0001135839999999444,1,4,2
4,V0-V2 V0-V3 V1-V2 V2-V3,4,32,V0->V3 V1->V2 V2->V0 V2->V3,V2,V0,,2,2,True,5.0083000000089584e-05,0.0002391250000000067,2,7,4
4,V0-V2 V0-V3 V1-V2 V2-V3,4,32,V0->V3 V1->V2 V2->V0 V2->V3,V2,V3,,2,2,True,5.4417000000084315e-05,0.00023841699999982424,2,7,4
4,V0-V2 V0-V3 V1-V2 V2-V3,4,32,V0->V3 V2->V0 V2->V1 V2->V3,V0,V3,V2,1,1,True,3.245800000017951e-05,0.00012541700000001654,1,4,3
4,V0-V2 V0-V3 V1-V2 V2-V3,4,32,V0->V3 V2->V0 V2->V1 V2->V3,V2,V0,,1,1,True,4.2125000000003965e-05,0.00012308300000007932,1,4,3
4,V0-V2 V0-V3 V1-V2 V2-V3,4,32,V0->V3 V2->V0 V2->V1 V2->V3,V2,V1,,1,1,True,8.625000000006544e-05,0.00010929100000001135,1,4,2
4,V0-V2 V0-V3 V1-V2 V2-V3,4,32,V0->V3 V2->V0 V2->V1 V2->V3,V2,V3,,1,1,True,4.766599999994625e-05,0.00012616700000012138,1,4,3
4,V0-V2 V0-V3 V1-V2 V2-V3,4,32,V1->V2 V2->V0 V2->V3 V3->V0,V1,V0,,1,1,True,7.308299999997381e-05,0.0001306669999998622,1,4,3
4,V0-V2 V0-V3 V1-V2 V2-V3,4,32,V1->V2 V2->V0 V2->V3 V3->V0,V1,V2,,1,1,True,5.987500000004253e-05,0.00011941699999984401,1,4,3
4,V0-V2 V0-V3 V1-V2 V2-V3,4,32,V1->V2 V2->V0 V2->V3 V3->V0,V1,V3,,1,1,True,7.512500000017575e-05,0.00012366599999991124,1,4,3
4,V0-V2 V0-V3 V1-V2 V2-V3,4,32,V1->V2 V2->V0 V2->V3 V3->V0,V2,V0,,2,2,True,0.0001122909999999866,0.00036720899999997947,3,10,5
4,V0-V2 V0-V3 V1-V2 V2-V3,4,32,V1->V2 V2->V0 V2->V3 V3->V0,V2,V3,,2,2,True,0.00010616699999999035,0.00041391699999993037,3,10,5
4,V0-V2 V0-V3 V1-V2 V2-V3,4,32,V1->V2 V2->V0 V2->V3 V3->V0,V3,V0,V2,1,1,True,4.574999999995555e-05,0.00010924999999994967,1,4,2
4,V0-V2 V0-V3 V1-V2 V2-V3,4,32,V2->V0 V2->V1 V2->V3 V3->V0,V2,V0,,1,1,True,8.308300000003932e-05,0.00013145800000002872,1,4,3
4,V0-V2 V0-V3 V1-V2 V2-V3,4,32,V2->V0 V2->V1 V2->V3 V3->V0,V2,V1,,1,1,True,8.745799999987369e-05,0.00013495800000007385,1,4,4
4,V0-V2 V0-V3 V1-V2 V2-V3,4,32,V2->V0 V2->V1 V2->V3 V3->V0,V2,V3,,1,1,True,7.904199999986261e-05,0.00012695800000006585,1,4,3
4,V0-V2 V0-V3 V1-V2 V2-V3,4,32,V2->V0 V2->V1 V2->V3 V3->V0,V3,V0,V2,1,1,True,4.183300000004664e-05,0.00011366699999992846,1,4,2
4,V0-V2 V0-V3 V1-V2 V2-V3,4,32,V2->V0 V2->V1 V3->V0 V3->V2,V2,V0,V3,1,1,True,1.724999999996868e-05,9.875000000003631e-05,1,4,2
4,V0-V2 V0-V3 V1-V2 V2-V3,4,32,V2->V0 V2->V1 V3->V0 V3->V2,V2,V1,,2,2,True,8.654099999994003e-05,0.0002755000000000951,2,7,5
4,V0-V2 V0-V3 V1-V2 V2-V3,4,32,V2->V0 V2->V1 V3->V0 V3->V2,V3,V0,,1,1,True,3.970799999986063e-05,0.00010187500000014005,1,4,2
4,V0-V2 V0-V3 V1-V2 V2-V3,4,32,V2->V0 V2->V1 V3->V0 V3->V2,V3,V1,,1,1,True,4.2749999999980304e-05,0.00010058300000004294,1,4,2
4,V0-V2 V0-V3 V1-V2 V2-V3,4,32,V2->V0 V2->V1 V3->V0 V3->V2,V3,V2,,1,1,True,3.808299999996656e-05,0.00010045899999999719,1,4,2
4,V0-V2 V0-V3 V1-V3,3,10,V0->V2 V0-V3 V1-V3,V0,V2,,1,1,True,3.908300000010634e-05,0.00010941700000000054,1,1,2
4,V0-V2 V0-V3 V1-V3,3,10,V3->V1 V0-V2 V0-V3,V3,V1,,1,1,True,2.8166999999967857e-05,9.629199999983129e-05,1,1,2
4,V0-V2 V0-V3 V1-V3,3,10,V0->V2 V3->V0 V1-V3,V0,V2,,2,2,True,6.14159999998698e-05,0.0001772500000001287,2,3,3
4,V0-V2 V0-V3 V1-V3,3,10,V0->V2 V3->V0 V1-V3,V3,V0,,1,1,True,2.2165999999934627e-05,7.691699999989865e-05,1,2,2
4,V0-V2 V0-V3 V1-V3,3,10,V0->V2 V3->V0 V1-V3,V3,V2,,1,1,True,2.6582999999913426e-05,8.312500000018375e-05,1,2,2
4,V0-V2 V0-V3 V1-V3,3,10,V0->V2 V3->V1 V0-V3,V0,V2,,1,1,True,6.46249999998183e-05,0.00012970800000000615,1,2,3
4,V0-V2 V0-V3 V1-V3,3,10,V0->V2 V3->V1 V0-V3,V3,V1,,1,1,True,3.2583999999946656e-05,0.00010245799999997196,1,2,2
4,V0-V2 V0-V3 V1-V3,3,10,V0->V3 V3->V1 V0-V2,V0,V1,,1,1,True,3.616699999997586e-05,8.450000000004287e-05,1,2,2
4,V0-V2 V0-V3 V1-V3,3,10,V0->V3 V3->V1 V0-V2,V0,V3,,1,1,True,3.220900000000526e-05,7.933299999995924e-05,1,2,2
4,V0-V2 V0-V3 V1-V3,3,10,V0->V3 V3->V1 V0-V2,V3,V1,,2,2,True,5.08750000001168e-05,0.00016916699999991458,2,3,3
4,V0-V2 V0-V3 V1-V3,3,10,V0->V2 V0->V3 V3->V1,V0,V1,,1,1,True,4.429100000002961e-05,9.04170000000093e-05,1,3,2
4,V0-V2 V0-V3 V1-V3,3,10,V0->V2 V0->V3 V3->V1,V0,V2,,1,1,True,7.858299999985441e-05,9.416700000008937e-05,1,3,3
4,V0-V2 V0-V3 V1-V3,3,10,V0->V2 V0->V3 V3->V1,V0,V3,,1,1,True,4.587500000008404e-05,8.408299999995705e-05,1,3,2
4,V0-V2 V0-V3 V1-V3,3,10,V0->V2 V0->V3 V3->V1,V3,V1,,2,2,True,5.0125000000011966e-05,0.00018699999999993722,2,5,4
4,V0-V2 V0-V3 V1-V3,3,10,V0->V2 V1->V3 V3->V0,V0,V2,,3,3,True,6.266700000012726e-05,0.00023991599999995117,3,6,4
4,V0-V2 V0-V3 V1-V3,3,10,V0->V2 V1->V3 V3->V0,V1,V0,,1,1,True,3.179199999991944e-05,7.458299999996143e-05,1,3,2
4,V0-V2 V0-V3 V1-V3,3,10,V0->V2 V1->V3 V3->V0,V1,V2,,1,1,True,3.579200000003446e-05,7.741600000010784e-05,1,3,2
4,V0-V2 V0-V3 V1-V3,3,10,V0->V2 V1->V3 V3->V0,V1,V3,,1,1,True,2.954200000004903e-05,7.095800000000985e-05,1,3,2
4,V0-V2 V0-V3 V1-V3,3,10,V0->V2 V1->V3 V3->V0,V3,V0,,2,2,True,2.8208000000029543e-05,0.00013687499999992525,2,5,3
4,V0-V2 V0-V3 V1-V3,3,10,V0->V2 V1->V3 V3->V0,V3,V2,,2,2,True,3.204100000009369e-05,0.00013729200000001107,2,5,3
4,V0-V2 V0-V3 V1-V3,3,10,V0->V2 V3->V0 V3->V1,V0,V2,,2,2,True,8.087499999986925e-05,0.0002659170000001154,3,7,5
4,V0-V2 V0-V3 V1-V3,3,10,V0->V2 V3->V0 V3->V1,V3,V0,,1,1,True,3.279099999997648e-05,8.841700000017383e-05,1,3,3
4,V0-V2 V0-V3 V1-V3,3,10,V0->V2 V3->V0 V3->V1,V3,V1,,1,1,True,3.312500000007823e-05,7.508300000003132e-05,1,3,2
4,V0-V2 V0-V3 V1-V3,3,10,V0->V2 V3->V0 V3->V1,V3,V2,,1,1,True,3.720799999995528e-05,8.979200000003296e-05,1,3,3
4,V0-V2 V0-V3 V1-V3,3,10,V0->V3 V2->V0 V3->V1,V0,V1,,2,2,True,4.3583000000069205e-05,0.00014616700000003036,2,5,3
4,V0-V2 V0-V3 V1-V3,3,10,V0->V3 V2->V0 V3->V1,V0,V3,,2,2,True,3.9541999999892496e-05,0.00014304100000006592,2,5,3
4,V0-V2 V0-V3 V1-V3,3,10,V0->V3 V2->V0 V3->V1,V2,V0,,1,1,True,2.2791999999993706e-05,6.670800000008192e-05,1,3,2
4,V0-V2 V0-V3 V1-V3,3,10,V0->V3 V2->V0 V3->V1,V2,V1,,1,1,True,2.916699999988559e-05,7.187500000016556e-05,1,3,2
4,V0-V2 V0-V3 V1-V3,3,10,V0->V3 V2->V0 V3->V1,V2,V3,,1,1,True,2.541600000016686e-05,6.74999999998871e-05,1,3,2
4,V0-V2 V0-V3 V1-V3,3,10,V0->V3 V2->V0 V3->V1,V3,V1,,3,3,True,5.208299999992505e-05,0.00022483399999995157,3,6,4
4,V0-V2 V0-V3 V1-V3 V2-V3,4,32,V3->V1 V0-V2 V0-V3 V2-V3,V3,V1,,1,1,True,5.841599999989455e-05,0.00018858399999999165,1,1,2
4,V0-V2 V0-V3 V1-V3 V2-V3,4,32,V0->V2 V3->V1 V0-V3 V2-V3,V3,V1,,1,1,True,5.933300000005026e-05,0.00018920899999996799,1,2,2
4,V0-V2 V0-V3 V1-V3 V2-V3,4,32,V0->V3 V3->V1 V0-V2 V2-V3,V3,V1,,2,2,True,0.00010554200000001401,0.00031566699999996395,2,3,3
4,V0-V2 V0-V3 V1-V3 V2-V3,4,32,V2->V0 V3->V1 V0-V3 V2-V3,V3,V1,,1,1,True,5.3917000000014426e-05,0.0001812909999998613,1,2,2
4,V0-V2 V0-V3 V1-V3 V2-V3,4,32,V2->V3 V3->V1 V0-V2 V0-V3,V3,V1,,2,2,True,0.00010316700000001511,0.0003087920000000022,2,3,3
4,V0-V2 V0-V3 V1-V3 V2-V3,4,32,V3->V0 V3->V1 V0-V2 V2-V3,V3,V1,,1,1,True,4.391700000017096e-05,0.00016804199999986835,1,2,2
4,V0-V2 V0-V3 V1-V3 V2-V3,4,32,V3->V0 V3->V2 V0-V2 V1-V3,V3,V0,,1,1,True,5.8041999999813854e-05,0.00019429100000012411,1,2,2
4,V0-V2 V0-V3 V1-V3 V2-V3,4,32,V3->V0 V3->V2 V0-V2 V1-V3,V3,V2,,1,1,True,5.791700000012945e-05,0.00019441699999989126,1,2,2
4,V0-V2 V0-V3 V1-V3 V2-V3,4,32,V3->V1 V3->V2 V0-V2 V0-V3,V3,V1,,1,1,True,8.674999999991329e-05,0.0002135830000000727,1,2,3
4,V0-V2 V0-V3 V1-V3 V2-V3,4,32,V0->V2 V0->V3 V3->V1 V2-V3,V0,V1,,1,1,True,7.479199999993469e-05,0.0001474999999999671,1,3,2
4,V0-V2 V0-V3 V1-V3 V2-V3,4,32,V0->V2 V0->V3 V3->V1 V2-V3,V0,V2,,1,1,True,7.437500000007091e-05,0.00014016700000007987,1,3,2
4,V0-V2 V0-V3 V1-V3 V2-V3,4,32,V0->V2 V0->V3 V3->V1 V2-V3,V0,V3,,1,1,True,6.94999999999446e-05,0.00013737500000021718,1,3,2
4,V0-V2 V0-V3 V1-V3 V2-V3,4,32,V0->V2 V0->V3 V3->V1 V2-V3,V3,V1,,2,2,True,0.00010608400000000628,0.0003400409999998466,2,5,4
4,V0-V2 V0-V3 V1-V3 V2-V3,4,32,V0->V2 V3->V0 V3->V2 V1-V3,V0,V2,V3,1,1,True,2.4750000000128836e-05,0.0001465829999998114,1,3,2
4,V0-V2 V0-V3 V1-V3 V2-V3,4,32,V0->V2 V3->V0 V3->V2 V1-V3,V3,V0,,1,1,True,3.5917000000385e-05,0.0001345829999999104,1,3,2
4,V0-V2 V0-V3 V1-V3 V2-V3,4,32,V0->V2 V3->V0 V3->V2 V1-V3,V3,V2,,1,1,True,4.137500000034322e-05,0.0001375839999999684,1,3,2
4,V0-V2 V0-V3 V1-V3 V2-V3,4,32,V0->V2 V3->V1 V3->V2 V0-V3,V3,V1,,1,1,True,8.495799999996834e-05,0.00017433300000035956,1,3,3
4,V0-V2 V0-V3 V1-V3 V2-V3,4,32,V0->V3 V2->V3 V3->V1 V0-V2,V3,V1,,3,3,True,0.00015233400000003172,0.0005440409999999396,4,8,5
4,V0-V2 V0-V3 V1-V3 V2-V3,4,32,V1->V3 V3->V0 V3->V2 V0-V2,V1,V0,,1,1,True,5.1666000000061274e-05,0.00011937500000014367,1,3,2
4,V0-V2 V0-V3 V1-V3 V2-V3,4,32,V1->V3 V3->V0 V3->V2 V0-V2,V1,V2,,1,1,True,5.674999999971675e-05,0.00012104199999996013,1,3,2
4,V0-V2 V0-V3 V1-V3 V2-V3,4,32,V1->V3 V3->V0 V3->V2 V0-V2,V1,V3,,1,1,True,4.529199999980804e-05,0.00011266600000015004,1,3,2
4,V0-V2 V0-V3 V1-V3 V2-V3,4,32,V1->V3 V3->V0 V3->V2 V0-V2,V3,V0,,2,2,True,8.354100000040887e-05,0.0002955000000000041,2,5,3
4,V0-V2 V0-V3 V1-V3 V2-V3,4,32,V1->V3 V3->V0 V3->V2 V0-V2,V3,V2,,2,2,True,8.454100000010456e-05,0.00029116699999987006,2,5,3
4,V0-V2 V0-V3 V1-V3 V2-V3,4,32,V2->V0 V2->V3 V3->V1 V0-V3,V2,V0,,1,1,True,5.416599999996663e-05,0.00014495900000000006,1,3,2
4,V0-V2 V0-V3 V1-V3 V2-V3,4,32,V2->V0 V2->V3 V3->V1 V0-V3,V2,V1,,1,1,True,5.679199999963913e-05,0.000144250000000401,1,3,2
4,V0-V2 V0-V3 V1-V3 V2-V3,4,32,V2->V0 V2->V3 V3->V1 V0-V3,V2,V3,,1,1,True,5.1458000000170756e-05,0.00013466699999975518,1,3,2
4,V0-V2 V0-V3 V1-V3 V2-V3,4,32,V2->V0 V2->V3 V3->V1 V0-V3,V3,V1,,2,2,True,9.799999999993148e-05,0.00032025000000013293,2,5,4
4,V0-V2 V0-V3 V1-V3 V2-V3,4,32,V2->V0 V3->V0 V3->V1 V2-V3,V3,V1,,1,1,True,5.2708000000123434e-05,0.0001496670000000755,1,3,2
4,V0-V2 V0-V3 V1-V3 V2-V3,4,32,V2->V0 V3->V0 V3->V2 V1-V3,V2,V0,V3,1,1,True,3.11669999999431e-05,0.00014250000000037844,1,3,2
4,V0-V2 V0-V3 V1-V3 V2-V3,4,32,V2->V0 V3->V0 V3->V2 V1-V3,V3,V0,,1,1,True,4.4666000000415096e-05,0.0001434589999997904,1,3,2
4,V0-V2 V0-V3 V1-V3 V2-V3,4,32,V2->V0 V3->V0 V3->V2 V1-V3,V3,V2,,1,1,True,4.20420000000199e-05,0.00013845800000034103,1,3,2
4,V0-V2 V0-V3 V1-V3 V2-V3,4,32,V3->V0 V3->V1 V3->V2 V0-V2,V3,V0,,1,1,True,5.891700000004718e-05,0.00016362499999988955,1,3,2
4,V0-V2 V0-V3 V1-V3 V2-V3,4,32,V3->V0 V3->V1 V3->V2 V0-V2,V3,V1,,1,1,True,6.766699999971593e-05,0.00017083300000031443,1,3,3
4,V0-V2 V0-V3 V1-V3 V2-V3,4,32,V3->V0 V3->V1 V3->V2 V0-V2,V3,V2,,1,1,True,5.891700000004718e-05,0.00015762499999993906,1,3,2
4,V0-V2 V0-V3 V1-V3 V2-V3,4,32,V0->V2 V0->V3 V2->V3 V3->V1,V0,V1,,1,1,True,9.974999999995404e-05,0.00013658300000018997,1,4,3
4,V0-V2 V0-V3 V1-V3 V2-V3,4,32,V0->V2 V0->V3 V2->V3 V3->V1,V0,V2,,1,1,True,9.133299999986022e-05,0.00012687499999985974,1,4,3
4,V0-V2 V0-V3 V1-V3 V2-V3,4,32,V0->V2 V0->V3 V2->V3 V3->V1,V0,V3,,1,1,True,8.783300000025918e-05,0.00012641699999971223,1,4,3
4,V0-V2 V0-V3 V1-V3 V2-V3,4,32,V0->V2 V0->V3 V2->V3 V3->V1,V2,V1,V0,1,1,True,7.520800000015981e-05,0.00011724999999973562,1,4,2
4,V0-V2 V0-V3 V1-V3 V2-V3,4,32,V0->V2 V0->V3 V2->V3 V3->V1,V2,V3,V0,1,1,True,6.595799999997709e-05,0.00011150000000004212,1,4,2
4,V0-V2 V0-V3 V1-V3 V2-V3,4,32,V0->V2 V0->V3 V2->V3 V3->V1,V3,V1,,3,3,True,0.00014933400000005648,0.000570290999999834,4,12,7
4,V0-V2 V0-V3 V1-V3 V2-V3,4,32,V0->V2 V0->V3 V3->V1 V3->V2,V0,V1,,1,1,True,9.383399999984832e-05,0.00012904100000010743,1,4,3
4,V0-V2 V0-V3 V1-V3 V2-V3,4,32,V0->V2 V0->V3 V3->V1 V3->V2,V0,V2,,1,1,True,9.09169999996351e-05,0.00015104200000015666,1,4,3
4,V0-V2 V0-V3 V1-V3 V2-V3,4,32,V0->V2 V0->V3 V3->V1 V3->V2,V0,V3,,1,1,True,8.908299999976776e-05,0.00013066700000008424,1,4,3
4,V0-V2 V0-V3 V1-V3 V2-V3,4,32,V0->V2 V0->V3 V3->V1 V3->V2,V3,V1,,2,2,True,0.00010229099999969904,0.00041975000000027407,3,10,6
4,V0-V2 V0-V3 V1-V3 V2-V3,4,32,V0->V2 V0->V3 V3->V1 V3->V2,V3,V2,V0,1,1,True,4.287499999966471e-05,0.00011020800000016706,1,4,2
4,V0-V2 V0-V3 V1-V3 V2-V3,4,32,V0->V2 V1->V3 V3->V0 V3->V2,V0,V2,V3,1,1,True,5.208400000000779e-05,0.00013774999999993653,1,4,3
4,V0-V2 V0-V3 V1-V3 V2-V3,4,32,V0->V2 V1->V3 V3->V0 V3->V2,V1,V0,,1,1,True,4.708300000011434e-05,0.00011054200000026881,1,4,2
4,V0-V2 V0-V3 V1-V3 V2-V3,4,32,V0->V2 V1->V3 V3->V0 V3->V2,V1,V2,,1,1,True,5.1957999999796556e-05,0.00011420899999992074,1,4,2
4,V0-V2 V0-V3 V1-V3 V2-V3,4,32,V0->V2 V1->V3 V3->V0 V3->V2,V1,V3,,1,1,True,4.4332999999951994e-05,0.00010649999999978732,1,4,2
4,V0-V2 V0-V3 V1-V3 V2-V3,4,32,V0->V2 V1->V3 V3->V0 V3->V2,V3,V0,,2,2,True,5.545899999992443e-05,0.00024387500000022655,2,7,4
4,V0-V2 V0-V3 V1-V3 V2-V3,4,32,V0->V2 V1->V3 V3->V0 V3->V2,V3,V2,,2,2,True,5.9832999999898107e-05,0.0002457919999998559,2,7,4
4,V0-V2 V0-V3 V1-V3 V2-V3,4,32,V0->V2 V3->V0 V3->V1 V3->V2,V0,V2,V3,1,1,True,3.6249999999959925e-05,0.00012762500000018662,1,4,3
4,V0-V2 V0-V3 V1-V3 V2-V3,4,32,V0->V2 V3->V0 V3->V1 V3->V2,V3,V0,,1,1,True,4.712500000003672e-05,0.00012654199999984073,1,4,3
4,V0-V2 V0-V3 V1-V3 V2-V3,4,32,V0->V2 V3->V0 V3->V1 V3->V2,V3,V1,,1,1,True,8.320799999994577e-05,0.0001121250000002405,1,4,2
4,V0-V2 V0-V3 V1-V3 V2-V3,4,32,V0->V2 V3->V0 V3->V1 V3->V2,V3,V2,,1,1,True,5.125000000028024e-05,0.0001282499999999409,1,4,3
4,V0-V2 V0-V3 V1-V3 V2-V3,4,32,V0->V3 V2->V0 V2->V3 V3->V1,V0,V1,V2,1,1,True,3.487499999987875e-05,0.00010049999999983683,1,4,2
4,V0-V2 V0-V3 V1-V3 V2-V3,4,32,V0->V3 V2->V0 V2->V3 V3->V1,V0,V3,V2,1,1,True,3.295899999988805e-05,9.820800000026608e-05,1,4,2
4,V0-V2 V0-V3 V1-V3 V2-V3,4,32,V0->V3 V2->V0 V2->V3 V3->V1,V2,V0,,1,1,True,4.133299999997675e-05,0.00010070900000025418,1,4,2
4,V0-V2 V0-V3 V1-V3 V2-V3,4,32,V0->V3 V2->V0 V2->V3 V3->V1,V2,V1,,1,1,True,4.845900000027825e-05,0.00010412500000001046,1,4,2
4,V0-V2 V0-V3 V1-V3 V2-V3,4,32,V0->V3 V2->V0 V2->V3 V3->V1,V2,V3,,1,1,True,4.4915999999783907e-05,0.00010283400000021814,1,4,2
4,V0-V2 V0-V3 V1-V3 V2-V3,4,32,V0->V3 V2->V0 V2->V3 V3->V1,V3,V1,,3,3,True,0.00019916700000033316,0.0008439160000000001,6,16,8
4,V0-V2 V0-V3 V1-V3 V2-V3,4,32,V1->V3 V2->V0 V3->V0 V3->V2,V1,V0,,1,1,True,7.479199999993469e-05,0.00013562499999997257,1,4,3
4,V0-V2 V0-V3 V1-V3 V2-V3,4,32,V1->V3 V2->V0 V3->V0 V3->V2,V1,V2,,1,1,True,6.716600000000739e-05,0.00012566699999982944,1,4,3
4,V0-V2 V0-V3 V1-V3 V2-V3,4,32,V1->V3 V2->V0 V3->V0 V3->V2,V1,V3,,1,1,True,6.191700000002243e-05,0.00012075000000022484,1,4,3
4,V0-V2 V0-V3 V1-V3 V2-V3,4,32,V1->V3 V2->V0 V3->V0 V3->V2,V2,V0,V3,1,1,True,3.4958000000084866e-05,0.00010675000000004431,1,4,2
4,V0-V2 V0-V3 V1-V3 V2-V3,4,32,V1->V3 V2->V0 V3->V0 V3->V2,V3,V0,,2,2,True,6.46249999998183e-05,0.00036820800000025855,3,10,5
4,V0-V2 V0-V3 V1-V3 V2-V3,4,32,V1->V3 V2->V0 V3->V0 V3->V2,V3,V2,,2,2,True,5.999999999994898e-05,0.00035683300000011187,3,10,5
4,V0-V2 V0-V3 V1-V3 V2-V3,4,32,V2->V0 V2->V3 V3->V0 V3->V1,V2,V0,,1,1,True,6.26670000003493e-05,0.00012641699999971223,1,4,3
4,V0-V2 V0-V3 V1-V3 V2-V3,4,32,V2->V0 V2->V3 V3->V0 V3->V1,V2,V1,,1,1,True,6.574999999964248e-05,0.00012650000000036243,1,4,3
4,V0-V2 V0-V3 V1-V3 V2-V3,4,32,V2->V0 V2->V3 V3->V0 V3->V1,V2,V3,,1,1,True,5.966699999992997e-05,0.00012045800000004547,1,4,3
4,V0-V2 V0-V3 V1-V3 V2-V3,4,32,V2->V0 V2->V3 V3->V0 V3->V1,V3,V0,V2,1,1,True,3.6791000000313545e-05,0.00010433399999998372,1,4,2
4,V0-V2 V0-V3 V1-V3 V2-V3,4,32,V2->V0 V2->V3 V3->V0 V3->V1,V3,V1,,2,2,True,7.304200000035621e-05,0.0004140829999998985,3,10,6
4,V0-V2 V0-V3 V1-V3 V2-V3,4,32,V2->V0 V3->V0 V3->V1 V3->V2,V2,V0,V3,1,1,True,2.6375000000022908e-05,0.00011154099999988176,1,4,2
4,V0-V2 V0-V3 V1-V3 V2-V3,4,32,V2->V0 V3->V0 V3->V1 V3->V2,V3,V0,,1,1,True,4.5125000000201254e-05,0.00011445800000009498,1,4,2
4,V0-V2 V0-V3 V1-V3 V2-V3,4,32,V2->V0 V3->V0 V3->V1 V3->V2,V3,V1,,1,1,True,6.504200000012617e-05,0.0001231669999999241,1,4,3
4,V0-V2 V0-V3 V1-V3 V2-V3,4,32,V2->V0 V3->V0 V3->V1 V3->V2,V3,V2,,1,1,True,4.195800000017513e-05,0.00011174999999985502,1,4,2
4,V0-V2 V0-V3 V2-V3,3,19,V0-V2 V0-V3 V2-V3,V0,V1,,-1,-1,True,0.00023366700000027052,3.5500000000077137e-05,1,0,1
4,V0-V2 V0-V3 V2-V3,3,19,V0-V2 V0-V3 V2-V3,V1,V0,,-1,-1,True,0.00021562500000005258,3.2583000000308004e-05,1,0,1
4,V0-V2 V0-V3 V2-V3,3,19,V0-V2 V0-V3 V2-V3,V1,V2,,-1,-1,True,0.0002460000000001905,6.374999999980702e-05,1,0,1
4,V0-V2 V0-V3 V2-V3,3,19,V0-V2 V0-V3 V2-V3,V1,V3,,-1,-1,True,0.00021770800000009416,3.7333000000305816e-05,1,0,1
4,V0-V2 V0-V3 V2-V3,3,19,V0-V2 V0-V3 V2-V3,V2,V1,,-1,-1,True,0.00023012499999985891,3.475000000019435e-05,1,0,1
4,V0-V2 V0-V3 V2-V3,3,19,V0-V2 V0-V3 V2-V3,V3,V1,,-1,-1,True,0.00023041700000003829,3.487499999987875e-05,1,0,1
4,V0-V2 V0-V3 V2-V3,3,19,V0->V2 V0-V3 V2-V3,V0,V1,,-1,-1,True,0.00022979100000020125,0.00012150000000010763,2,1,2
4,V0-V2 V0-V3 V2-V3,3,19,V0->V2 V0-V3 V2-V3,V1,V0,,-1,-1,True,0.00022020799999999952,0.00011804199999998488,2,1,2
4,V0-V2 V0-V3 V2-V3,3,19,V0->V2 V0-V3 V2-V3,V1,V2,,-1,-1,True,0.00021899999999996922,0.00012058300000017397,2,1,2
4,V0-V2 V0-V3 V2-V3,3,19,V0->V2 V0-V3 V2-V3,V1,V3,,-1,-1,True,0.00021833299999984845,0.00011700000000036681,2,1,2
4,V0-V2 V0-V3 V2-V3,3,19,V0->V2 V0-V3 V2-V3,V2,V1,,-1,-1,True,0.00023104099999970984,0.00012154200000003001,2,1,2
4,V0-V2 V0-V3 V2-V3,3,19,V0->V2 V0-V3 V2-V3,V3,V1,,-1,-1,True,0.00023008299999993653,0.00012000000000034206,2,1,2
4,V0-V2 V0-V3 V2-V3,3,19,V0->V3 V0-V2 V2-V3,V0,V1,,-1,-1,True,0.0002318329999999591,0.0001183750000000039,2,1,2
4,V0-V2 V0-V3 V2-V3,3,19,V0->V3 V0-V2 V2-V3,V1,V0,,-1,-1,True,0.00021554100000020782,0.00011504200000000964,2,1,2
4,V0-V2 V0-V3 V2-V3,3,19,V0->V3 V0-V2 V2-V3,V1,V2,,-1,-1,True,0.00021554200000029056,0.00011566600000012528,2,1,2
4,V0-V2 V0-V3 V2-V3,3,19,V0->V3 V0-V2 V2-V3,V1,V3,,-1,-1,True,0.00021358299999985064,0.0001169170000001607,2,1,2
4,V0-V2 V0-V3 V2-V3,3,19,V0->V3 V0-V2 V2-V3,V2,V1,,-1,-1,True,0.00022991600000032975,0.00011908399999960295,2,1,2
4,V0-V2 V0-V3 V2-V3,3,19,V0->V3 V0-V2 V2-V3,V3,V1,,-1,-1,True,0.00022762499999995356,0.00012112499999972215,2,1,2
4,V0-V2 V0-V3 V2-V3,3,19,V2->V0 V0-V3 V2-V3,V0,V1,,-1,-1,True,0.00022945799999973815,0.00012491699999994665,2,1,2
4,V0-V2 V0-V3 V2-V3,3,19,V2->V0 V0-V3 V2-V3,V1,V0,,-1,-1,True,0.00021745799999983717,0.00012045800000004547,2,1,2
4,V0-V2 V0-V3 V2-V3,3,19,V2->V0 V0-V3 V2-V3,V1,V2,,-1,-1,True,0.0002200830000003151,0.00011779199999972789,2,1,2
4,V0-V2 V0-V3 V2-V3,3,19,V2->V0 V0-V3 V2-V3,V1,V3,,-1,-1,True,0.0002158329999999431,0.00014758299999995117,2,1,2
4,V0-V2 V0-V3 V2-V3,3,19,V2->V0 V0-V3 V2-V3,V2,V1,,-1,-1,True,0.00023241700000031784,0.00013566599999981221,2,1,2
4,V0-V2 V0-V3 V2-V3,3,19,V2->V0 V0-V3 V2-V3,V3,V1,,-1,-1,True,0.00022866700000001572,0.00012216599999970157,2,1,2
4,V0-V2 V0-V3 V2-V3,3,19,V2->V3 V0-V2 V0-V3,V0,V1,,-1,-1,True,0.00023095900000003056,0.00012220800000006804,2,1,2
4,V0-V2 V0-V3 V2-V3,3,19,V2->V3 V0-V2 V0-V3,V1,V0,,-1,-1,True,0.00021783300000022265,0.00011779199999972789,2,1,2
4,V0-V2 V0-V3 V2-V3,3,19,V2->V3 V0-V2 V0-V3,V1,V2,,-1,-1,True,0.000213792000000268,0.00011429100000004411,2,1,2
4,V0-V2 V0-V3 V2-V3,3,19,V2->V3 V0-V2 V0-V3,V1,V3,,-1,-1,True,0.00021145899999996942,0.00011708299999968474,2,1,2
4,V0-V2 V0-V3 V2-V3,3,19,V2->V3 V0-V2 V0-V3,V2,V1,,-1,-1,True,0.00023037499999967181,0.000118125000000191,2,1,2
4,V0-V2 V0-V3 V2-V3,3,19,V2->V3 V0-V2 V0-V3,V3,V1,,-1,-1,True,0.00022733399999985693,0.00012262499999993182,2,1,2
4,V0-V2 V0-V3 V2-V3,3,19,V3->V0 V0-V2 V2-V3,V0,V1,,-1,-1,True,0.0002269159999999104,0.0001215839999999524,2,1,2
4,V0-V2 V0-V3 V2-V3,3,19,V3->V0 V0-V2 V2-V3,V1,V0,,-1,-1,True,0.00021324999999983163,0.0001173750000003082,2,1,2
4,V0-V2 V0-V3 V2-V3,3,19,V3->V0 V0-V2 V2-V3,V1,V2,,-1,-1,True,0.00021429100000025514,0.0001169170000001607,2,1,2
4,V0-V2 V0-V3 V2-V3,3,19,V3->V0 V0-V2 V2-V3,V1,V3,,-1,-1,True,0.00021458400000007316,0.00011354099999971723,2,1,2
4,V0-V2 V0-V3 V2-V3,3,19,V3->V0 V0-V2 V2-V3,V2,V1,,-1,-1,True,0.0002259580000001371,0.00011729200000010209,2,1,2
4,V0-V2 V0-V3 V2-V3,3,19,V3->V0 V0-V2 V2-V3,V3,V1,,-1,-1,True,0.0002237919999998894,0.00011445800000009498,2,1,2
4,V0-V2 V0-V3 V2-V3,3,19,V3->V2 V0-V2 V0-V3,V0,V1,,-1,-1,True,0.00022820800000022956,0.0001182499999998754,2,1,2
4,V0-V2 V0-V3 V2-V3,3,19,V3->V2 V0-V2 V0-V3,V1,V0,,-1,-1,True,0.00021333300000003774,0.00011779200000017198,2,1,2
4,V0-V2 V0-V3 V2-V3,3,19,V3->V2 V0-V2 V0-V3,V1,V2,,-1,-1,True,0.0002131670000000696,0.00012049999999996786,2,1,2
4,V0-V2 V0-V3 V2-V3,3,19,V3->V2 V0-V2 V0-V3,V1,V3,,-1,-1,True,0.0002683329999997319,0.0001292500000000807,2,1,2
4,V0-V2 V0-V3 V2-V3,3,19,V3->V2 V0-V2 V0-V3,V2,V1,,-1,-1,True,0.00023537499999992662,0.00021741699999999753,2,1,2
4,V0-V2 V0-V3 V2-V3,3,19,V3->V2 V0-V2 V0-V3,V3,V1,,-1,-1,True,0.0002727920000000772,0.00013249999999986883,2,1,2
4,V0-V2 V0-V3 V2-V3,3,19,V0->V2 V0->V3 V2-V3,V0,V1,,-1,-1,True,0.00023508299999974724,0.0002918339999999908,4,4,4
4,V0-V2 V0-V3 V2-V3,3,19,V0->V2 V0->V3 V2-V3,V0,V2,,1,1,True,4.399999999993298e-05,0.00010699999999985721,1,2,2
4,V0-V2 V0-V3 V2-V3,3,19,V0->V2 V0->V3 V2-V3,V0,V3,,1,1,True,4.054100000017158e-05,0.00010695900000001757,1,2,2
4,V0-V2 V0-V3 V2-V3,3,19,V0->V2 V0->V3 V2-V3,V1,V0,,-1,-1,True,0.00021254099999978848,0.0002784170000000863,4,4,4
4,V0-V2 V0-V3 V2-V3,3,19,V0->V2 V0->V3 V2-V3,V1,V2,,-1,-1,True,0.00021308299999978075,0.00030008400000003377,4,4,4
4,V0-V2 V0-V3 V2-V3,3,19,V0->V2 V0->V3 V2-V3,V1,V3,,-1,-1,True,0.00022362500000028263,0.00029366600000013676,4,4,4
4,V0-V2 V0-V3 V2-V3,3,19,V0->V2 V0->V3 V2-V3,V2,V1,,-1,-1,True,0.000229209000000008,0.00029483299999988333,4,4,4
4,V0-V2 V0-V3 V2-V3,3,19,V0->V2 V0->V3 V2-V3,V3,V1,,-1,-1,True,0.00022495899999963598,0.0002903750000000649,4,4,4
4,V0-V2 V0-V3 V2-V3,3,19,V0->V2 V3->V2 V0-V3,V0,V1,,-1,-1,True,0.00023445799999999295,0.0002932500000003557,4,4,4
4,V0-V2 V0-V3 V2-V3,3,19,V0->V2 V3->V2 V0-V3,V1,V0,,-1,-1,True,0.00021204199999980133,0.000279749999999801,4,4,4
4,V0-V2 V0-V3 V2-V3,3,19,V0->V2 V3->V2 V0-V3,V1,V2,,-1,-1,True,0.00021362499999977302,0.0002907080000000839,4,4,4
4,V0-V2 V0-V3 V2-V3,3,19,V0->V2 V3->V2 V0-V3,V1,V3,,-1,-1,True,0.00021691699999992764,0.0002777499999999655,4,4,4
4,V0-V2 V0-V3 V2-V3,3,19,V0->V2 V3->V2 V0-V3,V2,V1,,-1,-1,True,0.00022895800000011235,0.00029120900000023653,4,4,4
4,V0-V2 V0-V3 V2-V3,3,19,V0->V2 V3->V2 V0-V3,V3,V1,,-1,-1,True,0.0002263330000000785,0.00028533399999997044,4,4,4
4,V0-V2 V0-V3 V2-V3,3,19,V0->V3 V2->V3 V0-V2,V0,V1,,-1,-1,True,0.00027354099999987724,0.00042520899999987094,4,4,4
4,V0-V2 V0-V3 V2-V3,3,19,V0->V3 V2->V3 V0-V2,V1,V0,,-1,-1,True,0.00022045899999989516,0.00029237499999990035,4,4,4
4,V0-V2 V0-V3 V2-V3,3,19,V0->V3 V2->V3 V0-V2,V1,V2,,-1,-1,True,0.00021899999999996922,0.0002833749999999746,4,4,4
4,V0-V2 V0-V3 V2-V3,3,19,V0->V3 V2->V3 V0-V2,V1,V3,,-1,-1,True,0.00021795800000035115,0.00029199999999995896,4,4,4
4,V0-V2 V0-V3 V2-V3,3,19,V0->V3 V2->V3 V0-V2,V2,V1,,-1,-1,True,0.00023008299999993653,0.0002947089999998376,4,4,4
4,V0-V2 V0-V3 V2-V3,3,19,V0->V3 V2->V3 V0-V2,V3,V1,,-1,-1,True,0.00022770799999971558,0.0002958750000003896,4,4,4
4,V0-V2 V0-V3 V2-V3,3,19,V2->V0 V2->V3 V0-V3,V0,V1,,-1,-1,True,0.00023020800000006503,0.0002944999999998643,4,4,4
4,V0-V2 V0-V3 V2-V3,3,19,V2->V0 V2->V3 V0-V3,V1,V0,,-1,-1,True,0.00021625000000025096,0.0002901249999998079,4,4,4
4,V0-V2 V0-V3 V2-V3,3,19,V2->V0 V2->V3 V0-V3,V1,V2,,-1,-1,True,0.00021712499999981816,0.0002778340000002544,4,4,4
4,V0-V2 V0-V3 V2-V3,3,19,V2->V0 V2->V3 V0-V3,V1,V3,,-1,-1,True,0.00021416600000012664,0.0002854999999999386,4,4,4
4,V0-V2 V0-V3 V2-V3,3,19,V2->V0 V2->V3 V0-V3,V2,V0,,1,1,True,3.4124999999995964e-05,0.0001049590000001821,1,2,2
4,V0-V2 V0-V3 V2-V3,3,19,V2->V0 V2->V3 V0-V3,V2,V1,,-1,-1,True,0.00023141600000009532,0.0002877919999999534,4,4,4
4,V0-V2 V0-V3 V2-V3,3,19,V2->V0 V2->V3 V0-V3,V2,V3,,1,1,True,3.512500000013574e-05,0.00010645799999986494,1,2,2
4,V0-V2 V0-V3 V2-V3,3,19,V2->V0 V2->V3 V0-V3,V3,V1,,-1,-1,True,0.00023183400000004184,0.00029862500000010783,4,4,4
4,V0-V2 V0-V3 V2-V3,3,19,V2->V0 V3->V0 V2-V3,V0,V1,,-1,-1,True,0.000232666000000048,0.0003039170000000979,4,4,4
4,V0-V2 V0-V3 V2-V3,3,19,V2->V0 V3->V0 V2-V3,V1,V0,,-1,-1,True,0.00021979200000021848,0.0003600419999996163,4,4,4
4,V0-V2 V0-V3 V2-V3,3,19,V2->V0 V3->V0 V2-V3,V1,V2,,-1,-1,True,0.00028870800000024843,0.00030312499999984865,4,4,4
4,V0-V2 V0-V3 V2-V3,3,19,V2->V0 V3->V0 V2-V3,V1,V3,,-1,-1,True,0.00022187500000026006,0.0002909999999998192,4,4,4
4,V0-V2 V0-V3 V2-V3,3,19,V2->V0 V3->V0 V2-V3,V2,V1,,-1,-1,True,0.0002281659999998631,0.0002927090000000021,4,4,4
4,V0-V2 V0-V3 V2-V3,3,19,V2->V0 V3->V0 V2-V3,V3,V1,,-1,-1,True,0.00023241699999987375,0.0002892920000001631,4,4,4
4,V0-V2 V0-V3 V2-V3,3,19,V3->V0 V3->V2 V0-V2,V0,V1,,-1,-1,True,0.00023104200000023667,0.0003049999999999997,4,4,4
4,V0-V2 V0-V3 V2-V3,3,19,V3->V0 V3->V2 V0-V2,V1,V0,,-1,-1,True,0.0002153329999998732,0.0002900420000000459,4,4,4
4,V0-V2 V0-V3 V2-V3,3,19,V3->V0 V3->V2 V0-V2,V1,V2,,-1,-1,True,0.0002190419999998916,0.00029337500000004013,4,4,4
4,V0-V2 V0-V3 V2-V3,3,19,V3->V0 V3->V2 V0-V2,V1,V3,,-1,-1,True,0.0002198749999999805,0.0002852909999999653,4,4,4
4,V0-V2 V0-V3 V2-V3,3,19,V3->V0 V3->V2 V0-V2,V2,V1,,-1,-1,True,0.00023120799999976072,0.0002953330000003973,4,4,4
4,V0-V2 V0-V3 V2-V3,3,19,V3->V0 V3->V2 V0-V2,V3,V0,,1,1,True,3.0500000000266425e-05,0.0001021249999997309,1,2,2
4,V0-V2 V0-V3 V2-V3,3,19,V3->V0 V3->V2 V0-V2,V3,V1,,-1,-1,True,0.00022937499999997613,0.00028533399999997044,4,4,4
4,V0-V2 V0-V3 V2-V3,3,19,V3->V0 V3->V2 V0-V2,V3,V2,,1,1,True,3.09170000001302e-05,0.00010220799999993702,1,2,2
4,V0-V2 V0-V3 V2-V3,3,19,V0->V2 V0->V3 V2->V3,V0,V1,,-1,-1,True,0.00023449999999991533,0.000543417000000268,7,10,7
4,V0-V2 V0-V3 V2-V3,3,19,V0->V2 V0->V3 V2->V3,V0,V2,,1,1,True,5.9250000000066194e-05,9.608300000030212e-05,1,3,3
4,V0-V2 V0-V3 V2-V3,3,19,V0->V2 V0->V3 V2->V3,V0,V3,,1,1,True,5.754099999988327e-05,9.683400000026765e-05,1,3,3
4,V0-V2 V0-V3 V2-V3,3,19,V0->V2 V0->V3 V2->V3,V1,V0,,-1,-1,True,0.00021912499999965362,0.0005203339999999557,7,10,7
4,V0-V2 V0-V3 V2-V3,3,19,V0->V2 V0->V3 V2->V3,V1,V2,,-1,-1,True,0.0003848339999996675,0.0005580410000001201,7,10,7
4,V0-V2 V0-V3 V2-V3,3,19,V0->V2 V0->V3 V2->V3,V1,V3,,-1,-1,True,0.00021262499999963325,0.0005307910000000859,7,10,7
4,V0-V2 V0-V3 V2-V3,3,19,V0->V2 V0->V3 V2->V3,V2,V1,,-1,-1,True,0.00022775000000008205,0.0005287499999999667,7,10,7
4,V0-V2 V0-V3 V2-V3,3,19,V0->V2 V0->V3 V2->V3,V2,V3,V0,1,1,True,4.741700000021609e-05,8.662499999978479e-05,1,3,2
4,V0-V2 V0-V3 V2-V3,3,19,V0->V2 V0->V3 V2->V3,V3,V1,,-1,-1,True,0.0002257500000002466,0.0005465000000000053,7,10,7
4,V0-V2 V0-V3 V2-V3,3,19,V0->V2 V0->V3 V3->V2,V0,V1,,-1,-1,True,0.00022400000000022402,0.0005282499999998969,7,10,7
4,V0-V2 V0-V3 V2-V3,3,19,V0->V2 V0->V3 V3->V2,V0,V2,,1,1,True,5.970900000029644e-05,9.670800000005642e-05,1,3,3
4,V0-V2 V0-V3 V2-V3,3,19,V0->V2 V0->V3 V3->V2,V0,V3,,1,1,True,5.441699999986227e-05,9.262500000017937e-05,1,3,3
4,V0-V2 V0-V3 V2-V3,3,19,V0->V2 V0->V3 V3->V2,V1,V0,,-1,-1,True,0.0002136670000001395,0.0005129579999998413,7,10,7
4,V0-V2 V0-V3 V2-V3,3,19,V0->V2 V0->V3 V3->V2,V1,V2,,-1,-1,True,0.0002237090000001274,0.0005413750000000661,7,10,7
4,V0-V2 V0-V3 V2-V3,3,19,V0->V2 V0->V3 V3->V2,V1,V3,,-1,-1,True,0.0002136669999996954,0.0005144580000000509,7,10,7
4,V0-V2 V0-V3 V2-V3,3,19,V0->V2 V0->V3 V3->V2,V2,V1,,-1,-1,True,0.00022483399999995157,0.0005220000000001335,7,10,7
4,V0-V2 V0-V3 V2-V3,3,19,V0->V2 V0->V3 V3->V2,V3,V1,,-1,-1,True,0.0002215829999996366,0.0007002499999999579,7,10,7
4,V0-V2 V0-V3 V2-V3,3,19,V0->V2 V0->V3 V3->V2,V3,V2,V0,1,1,True,3.350000000024167e-05,9.075000000002831e-05,1,3,2
4,V0-V2 V0-V3 V2-V3,3,19,V0->V2 V3->V0 V3->V2,V0,V1,,-1,-1,True,0.00023091600000002543,0.00053695900000017,7,10,7
4,V0-V2 V0-V3 V2-V3,3,19,V0->V2 V3->V0 V3->V2,V0,V2,V3,1,1,True,1.3749999999923546e-05,7.741699999996854e-05,1,3,2
4,V0-V2 V0-V3 V2-V3,3,19,V0->V2 V3->V0 V3->V2,V1,V0,,-1,-1,True,0.00021587500000030957,0.0005198749999997254,7,10,7
4,V0-V2 V0-V3 V2-V3,3,19,V0->V2 V3->V0 V3->V2,V1,V2,,-1,-1,True,0.00021583400000002584,0.0005278749999999555,7,10,7
4,V0-V2 V0-V3 V2-V3,3,19,V0->V2 V3->V0 V3->V2,V1,V3,,-1,-1,True,0.00021833300000029254,0.0005297499999996624,7,10,7
4,V0-V2 V0-V3 V2-V3,3,19,V0->V2 V3->V0 V3->V2,V2,V1,,-1,-1,True,0.00023116599999983833,0.0005362920000000493,7,10,7
4,V0-V2 V0-V3 V2-V3,3,19,V0->V2 V3->V0 V3->V2,V3,V0,,1,1,True,2.620799999997203e-05,7.879200000004971e-05,1,3,2
4,V0-V2 V0-V3 V2-V3,3,19,V0->V2 V3->V0 V3->V2,V3,V1,,-1,-1,True,0.00022950000000010462,0.0005287090000001271,7,10,7
4,V0-V2 V0-V3 V2-V3,3,19,V0->V2 V3->V0 V3->V2,V3,V2,,1,1,True,2.8874999999928264e-05,8.008299999984203e-05,1,3,2
4,V0-V2 V0-V3 V2-V3,3,19,V0->V3 V2->V0 V2->V3,V0,V1,,-1,-1,True,0.00023016599999969856,0.0005379169999999434,7,10,7
4,V0-V2 V0-V3 V2-V3,3,19,V0->V3 V2->V0 V2->V3,V0,V3,V2,1,1,True,1.3667000000161522e-05,7.695799999973829e-05,1,3,2
4,V0-V2 V0-V3 V2-V3,3,19,V0->V3 V2->V0 V2->V3,V1,V0,,-1,-1,True,0.00021899999999996922,0.0005305419999999117,7,10,7
4,V0-V2 V0-V3 V2-V3,3,19,V0->V3 V2->V0 V2->V3,V1,V2,,-1,-1,True,0.00021608400000028283,0.0005199160000000091,7,10,7
4,V0-V2 V0-V3 V2-V3,3,19,V0->V3 V2->V0 V2->V3,V1,V3,,-1,-1,True,0.00021683400000016562,0.0005991660000002064,7,10,7
4,V0-V2 V0-V3 V2-V3,3,19,V0->V3 V2->V0 V2->V3,V2,V0,,1,1,True,2.4208000000136565e-05,7.779199999990993e-05,1,3,2
4,V0-V2 V0-V3 V2-V3,3,19,V0->V3 V2->V0 V2->V3,V2,V1,,-1,-1,True,0.00022999999999973042,0.0005232500000000861,7,10,7
4,V0-V2 V0-V3 V2-V3,3,19,V0->V3 V2->V0 V2->V3,V2,V3,,1,1,True,2.7417000000085068e-05,8.020799999997053e-05,1,3,2
4,V0-V2 V0-V3 V2-V3,3,19,V0->V3 V2->V0 V2->V3,V3,V1,,-1,-1,True,0.00023837499999990186,0.0005439159999998111,7,10,7
4,V0-V2 V0-V3 V2-V3,3,19,V2->V0 V2->V3 V3->V0,V0,V1,,-1,-1,True,0.00023383299999979457,0.0005518340000003619,7,10,7
4,V0-V2 V0-V3 V2-V3,3,19,V2->V0 V2->V3 V3->V0,V1,V0,,-1,-1,True,0.00021837499999977084,0.0005397920000000944,7,10,7
4,V0-V2 V0-V3 V2-V3,3,19,V2->V0 V2->V3 V3->V0,V1,V2,,-1,-1,True,0.00021479099999988094,0.0005177920000001279,7,10,7
4,V0-V2 V0-V3 V2-V3,3,19,V2->V0 V2->V3 V3->V0,V1,V3,,-1,-1,True,0.00021645899999978013,0.0005259580000003261,7,10,7
4,V0-V2 V0-V3 V2-V3,3,19,V2->V0 V2->V3 V3->V0,V2,V0,,1,1,True,5.154200000001552e-05,9.77080000001962e-05,1,3,3
4,V0-V2 V0-V3 V2-V3,3,19,V2->V0 V2->V3 V3->V0,V2,V1,,-1,-1,True,0.0002302919999999098,0.0005303749999998608,7,10,7
4,V0-V2 V0-V3 V2-V3,3,19,V2->V0 V2->V3 V3->V0,V2,V3,,1,1,True,4.858299999987992e-05,9.450000000033043e-05,1,3,3
4,V0-V2 V0-V3 V2-V3,3,19,V2->V0 V2->V3 V3->V0,V3,V0,V2,1,1,True,3.462500000006585e-05,8.045799999978342e-05,1,3,2
4,V0-V2 V0-V3 V2-V3,3,19,V2->V0 V2->V3 V3->V0,V3,V1,,-1,-1,True,0.00022862499999964925,0.000537792000000259,7,10,7
4,V0-V2 V0-V3 V2-V3,3,19,V2->V0 V3->V0 V3->V2,V0,V1,,-1,-1,True,0.00023200000000000998,0.0006263329999995904,7,10,7
4,V0-V2 V0-V3 V2-V3,3,19,V2->V0 V3->V0 V3->V2,V1,V0,,-1,-1,True,0.0003177499999997835,0.0005447080000000604,7,10,7
4,V0-V2 V0-V3 V2-V3,3,19,V2->V0 V3->V0 V3->V2,V1,V2,,-1,-1,True,0.00021741699999999753,0.000526125000000377,7,10,7
4,V0-V2 V0-V3 V2-V3,3,19,V2->V0 V3->V0 V3->V2,V1,V3,,-1,-1,True,0.00021604199999991636,0.0005227080000000939,7,10,7
4,V0-V2 V0-V3 V2-V3,3,19,V2->V0 V3->V0 V3->V2,V2,V0,V3,1,1,True,1.4084000000025299e-05,7.700000000010476e-05,1,3,2
4,V0-V2 V0-V3 V2-V3,3,19,V2->V0 V3->V0 V3->V2,V2,V1,,-1,-1,True,0.00023116599999983833,0.0005339169999998283,7,10,7
4,V0-V2 V0-V3 V2-V3,3,19,V2->V0 V3->V0 V3->V2,V3,V0,,1,1,True,2.9166999999663545e-05,7.954100000029385e-05,1,3,2
4,V0-V2 V0-V3 V2-V3,3,19,V2->V0 V3->V0 V3->V2,V3,V1,,-1,-1,True,0.00022833299999991397,0.0005267079999997648,7,10,7
4,V0-V2 V0-V3 V2-V3,3,19,V2->V0 V3->V0 V3->V2,V3,V2,,1,1,True,2.7666000000259316e-05,7.795899999996081e-05,1,3,2
4,V0-V2 V1-V2,2,6,V0-V2 V1-V2,V0,V3,,-1,-1,True,5.200000000016303e-05,1.779199999996095e-05,1,0,1
4,V0-V2 V1-V2,2,6,V0-V2 V1-V2,V1,V3,,-1,-1,True,5.133300000004226e-05,1.7166999999762567e-05,1,0,1
4,V0-V2 V1-V2,2,6,V0-V2 V1-V2,V2,V3,,-1,-1,True,4.662499999996683e-05,1.6082999999778025e-05,1,0,1
4,V0-V2 V1-V2,2,6,V0-V2 V1-V2,V3,V0,,-1,-1,True,4.683299999985735e-05,1.5792000000125483e-05,1,0,1
4,V0-V2 V1-V2,2,6,V0-V2 V1-V2,V3,V1,,-1,-1,True,4.795800000012562e-05,1.620899999998926e-05,1,0,1
4,V0-V2 V1-V2,2,6,V0-V2 V1-V2,V3,V2,,-1,-1,True,4.3875000000248576e-05,1.5374999999817618e-05,1,0,1
4,V0-V2 V1-V2,2,6,V2->V0 V1-V2,V0,V3,,-1,-1,True,5.070799999984388e-05,6.85420000001713e-05,2,1,2
4,V0-V2 V1-V2,2,6,V2->V0 V1-V2,V1,V3,,-1,-1,True,5.024999999969637e-05,6.562500000040217e-05,2,1,2
4,V0-V2 V1-V2,2,6,V2->V0 V1-V2,V2,V0,,1,1,True,1.5332999999895236e-05,5.520900000011153e-05,1,1,2
4,V0-V2 V1-V2,2,6,V2->V0 V1-V2,V2,V3,,-1,-1,True,4.791600000020324e-05,6.687499999991076e-05,2,1,2
4,V0-V2 V1-V2,2,6,V2->V0 V1-V2,V3,V0,,-1,-1,True,4.758400000026697e-05,6.529099999985633e-05,2,1,2
4,V0-V2 V1-V2,2,6,V2->V0 V1-V2,V3,V1,,-1,-1,True,4.6999999999908226e-05,6.41250000001925e-05,2,1,2
4,V0-V2 V1-V2,2,6,V2->V0 V1-V2,V3,V2,,-1,-1,True,4.475000000025986e-05,6.48749999996312e-05,2,1,2
4,V0-V2 V1-V2,2,6,V2->V1 V0-V2,V0,V3,,-1,-1,True,5.025000000014046e-05,6.695799999967278e-05,2,1,2
4,V0-V2 V1-V2,2,6,V2->V1 V0-V2,V1,V3,,-1,-1,True,5.079200000013273e-05,6.733300000005826e-05,2,1,2
4,V0-V2 V1-V2,2,6,V2->V1 V0-V2,V2,V1,,1,1,True,2.0791999999936195e-05,6.095800000016638e-05,1,1,2
4,V0-V2 V1-V2,2,6,V2->V1 V0-V2,V2,V3,,-1,-1,True,4.687500000022382e-05,6.487500000007529e-05,2,1,2
4,V0-V2 V1-V2,2,6,V2->V1 V0-V2,V3,V0,,-1,-1,True,4.770800000031272e-05,6.36669999996009e-05,2,1,2
4,V0-V2 V1-V2,2,6,V2->V1 V0-V2,V3,V1,,-1,-1,True,4.874999999993079e-05,6.599999999989947e-05,2,1,2
4,V0-V2 V1-V2,2,6,V2->V1 V0-V2,V3,V2,,-1,-1,True,4.4083000000139094e-05,6.208299999999056e-05,2,1,2
4,V0-V2 V1-V2,2,6,V0->V2 V2->V1,V0,V1,,1,1,True,2.8707999999877387e-05,5.812500000024201e-05,1,2,2
4,V0-V2 V1-V2,2,6,V0->V2 V2->V1,V0,V2,,1,1,True,2.4457999999949465e-05,0.00010554200000001401,1,2,2
4,V0-V2 V1-V2,2,6,V0->V2 V2->V1,V0,V3,,-1,-1,True,5.341699999972249e-05,0.0001290000000002678,3,3,3
4,V0-V2 V1-V2,2,6,V0->V2 V2->V1,V1,V3,,-1,-1,True,5.4583999999913146e-05,0.0001183750000000039,3,3,3
4,V0-V2 V1-V2,2,6,V0->V2 V2->V1,V2,V1,,2,2,True,2.6000000000081513e-05,0.0001298329999999126,2,3,3
4,V0-V2 V1-V2,2,6,V0->V2 V2->V1,V2,V3,,-1,-1,True,4.929100000028441e-05,0.00011712500000005122,3,3,3
4,V0-V2 V1-V2,2,6,V0->V2 V2->V1,V3,V0,,-1,-1,True,4.83749999999894e-05,0.00010641599999994256,3,3,3
4,V0-V2 V1-V2,2,6,V0->V2 V2->V1,V3,V1,,-1,-1,True,4.791699999984189e-05,0.00010995800000035416,3,3,3
4,V0-V2 V1-V2,2,6,V0->V2 V2->V1,V3,V2,,-1,-1,True,4.450000000000287e-05,0.00010516699999962853,3,3,3
4,V0-V2 V1-V2,2,6,V1->V2 V2->V0,V0,V3,,-1,-1,True,5.020900000030082e-05,0.00011166600000001026,3,3,3
4,V0-V2 V1-V2,2,6,V1->V2 V2->V0,V1,V0,,1,1,True,2.2374999999907885e-05,5.7207999999864256e-05,1,2,2
4,V0-V2 V1-V2,2,6,V1->V2 V2->V0,V1,V2,,1,1,True,2.0209000000104282e-05,5.1415999999804285e-05,1,2,2
4,V0-V2 V1-V2,2,6,V1->V2 V2->V0,V1,V3,,-1,-1,True,4.966700000030855e-05,0.00010512499999970615,3,3,3
4,V0-V2 V1-V2,2,6,V1->V2 V2->V0,V2,V0,,2,2,True,2.0082999999893048e-05,9.649999999972181e-05,2,3,3
4,V0-V2 V1-V2,2,6,V1->V2 V2->V0,V2,V3,,-1,-1,True,4.562500000027114e-05,0.0001072500000001142,3,3,3
4,V0-V2 V1-V2,2,6,V1->V2 V2->V0,V3,V0,,-1,-1,True,4.7208000000242833e-05,0.00011058300000010846,3,3,3
4,V0-V2 V1-V2,2,6,V1->V2 V2->V0,V3,V1,,-1,-1,True,4.733299999992724e-05,0.00010404200000024844,3,3,3
4,V0-V2 V1-V2,2,6,V1->V2 V2->V0,V3,V2,,-1,-1,True,4.458300000020898e-05,0.00010337500000012767,3,3,3
4,V0-V2 V1-V2,2,6,V2->V0 V2->V1,V0,V3,,-1,-1,True,5.3499999999928605e-05,0.00016987500000009703,4,4,4
4,V0-V2 V1-V2,2,6,V2->V0 V2->V1,V1,V3,,-1,-1,True,5.0333999999985224e-05,0.00016179100000002222,4,4,4
4,V0-V2 V1-V2,2,6,V2->V0 V2->V1,V2,V0,,1,1,True,2.4959000000102094e-05,6.575000000008657e-05,1,2,3
4,V0-V2 V1-V2,2,6,V2->V0 V2->V1,V2,V1,,1,1,True,1.9540999999900777e-05,5.4291999999733775e-05,1,2,2
4,V0-V2 V1-V2,2,6,V2->V0 V2->V1,V2,V3,,-1,-1,True,4.508300000027887e-05,0.00015449999999983532,4,4,4
4,V0-V2 V1-V2,2,6,V2->V0 V2->V1,V3,V0,,-1,-1,True,4.6708999999811596e-05,0.00015662499999979929,4,4,4
4,V0-V2 V1-V2,2,6,V2->V0 V2->V1,V3,V1,,-1,-1,True,4.816700000009888e-05,0.00016079199999996518,4,4,4
4,V0-V2 V1-V2,2,6,V2->V0 V2->V1,V3,V2,,-1,-1,True,4.4332999999951994e-05,0.00015520800000023982,4,4,4
4,V0-V2 V1-V2 V1-V3,3,10,V1->V3 V0-V2 V1-V2,V1,V3,,1,1,True,3.716699999989359e-05,0.00010912499999982117,1,1,2
4,V0-V2 V1-V2 V1-V3,3,10,V2->V0 V1-V2 V1-V3,V2,V0,,1,1,True,2.4250000000058947e-05,9.462500000001484e-05,1,1,2
4,V0-V2 V1-V2 V1-V3,3,10,V1->V2 V2->V0 V1-V3,V1,V0,,1,1,True,3.7832999999931616e-05,9.629200000027538e-05,1,2,2
4,V0-V2 V1-V2 V1-V3,3,10,V1->V2 V2->V0 V1-V3,V1,V2,,1,1,True,3.341699999959147e-05,0.00010045800000035854,1,2,2
4,V0-V2 V1-V2 V1-V3,3,10,V1->V2 V2->V0 V1-V3,V2,V0,,2,2,True,4.9874999999754976e-05,0.00021050000000011337,2,3,3
4,V0-V2 V1-V2 V1-V3,3,10,V1->V3 V2->V0 V1-V2,V1,V3,,1,1,True,5.474999999988128e-05,0.000128000000000128,1,2,3
4,V0-V2 V1-V2 V1-V3,3,10,V1->V3 V2->V0 V1-V2,V2,V0,,1,1,True,2.4207999999692476e-05,0.00010125000000016371,1,2,2
4,V0-V2 V1-V2 V1-V3,3,10,V1->V3 V2->V1 V0-V2,V1,V3,,2,2,True,5.895799999988682e-05,0.00018254200000011878,2,3,3
4,V0-V2 V1-V2 V1-V3,3,10,V1->V3 V2->V1 V0-V2,V2,V1,,1,1,True,3.379199999997695e-05,8.704100000000992e-05,1,2,2
4,V0-V2 V1-V2 V1-V3,3,10,V1->V3 V2->V1 V0-V2,V2,V3,,1,1,True,3.824999999979539e-05,8.933300000002475e-05,1,2,2
4,V0-V2 V1-V2 V1-V3,3,10,V0->V2 V1->V3 V2->V1,V0,V1,,1,1,True,4.345799999994071e-05,7.950000000001012e-05,1,3,2
4,V0-V2 V1-V2 V1-V3,3,10,V0->V2 V1->V3 V2->V1,V0,V2,,1,1,True,3.9624999999876565e-05,7.312500000011823e-05,1,3,2
4,V0-V2 V1-V2 V1-V3,3,10,V0->V2 V1->V3 V2->V1,V0,V3,,1,1,True,5.0625000000081855e-05,7.774999999998755e-05,1,3,2
4,V0-V2 V1-V2 V1-V3,3,10,V0->V2 V1->V3 V2->V1,V1,V3,,3,3,True,5.625000000009095e-05,0.00024162499999969,3,6,4
4,V0-V2 V1-V2 V1-V3,3,10,V0->V2 V1->V3 V2->V1,V2,V1,,2,2,True,4.0666999999938724e-05,0.0001606249999999143,2,5,3
4,V0-V2 V1-V2 V1-V3,3,10,V0->V2 V1->V3 V2->V1,V2,V3,,2,2,True,4.5708000000033167e-05,0.00016070900000020316,2,5,3
4,V0-V2 V1-V2 V1-V3,3,10,V1->V2 V1->V3 V2->V0,V1,V0,,1,1,True,4.4625000000131365e-05,0.00015275000000025685,1,3,3
4,V0-V2 V1-V2 V1-V3,3,10,V1->V2 V1->V3 V2->V0,V1,V2,,1,1,True,0.00010679100000032804,0.00018087499999985823,1,3,3
4,V0-V2 V1-V2 V1-V3,3,10,V1->V2 V1->V3 V2->V0,V1,V3,,1,1,True,6.31669999999751e-05,0.00013970799999984962,1,3,2
4,V0-V2 V1-V2 V1-V3,3,10,V1->V2 V1->V3 V2->V0,V2,V0,,2,2,True,7.36670000001105e-05,0.0003337499999997995,3,7,5
4,V0-V2 V1-V2 V1-V3,3,10,V1->V2 V2->V0 V3->V1,V1,V0,,2,2,True,4.9832999999832595e-05,0.00019391700000026546,2,5,3
4,V0-V2 V1-V2 V1-V3,3,10,V1->V2 V2->V0 V3->V1,V1,V2,,2,2,True,5.629200000001333e-05,0.00017045799999992894,2,5,3
4,V0-V2 V1-V2 V1-V3,3,10,V1->V2 V2->V0 V3->V1,V2,V0,,3,3,True,7.179199999995944e-05,0.00026108300000027285,3,6,4
4,V0-V2 V1-V2 V1-V3,3,10,V1->V2 V2->V0 V3->V1,V3,V0,,1,1,True,3.17500000002191e-05,7.44169999999933e-05,1,3,2
4,V0-V2 V1-V2 V1-V3,3,10,V1->V2 V2->V0 V3->V1,V3,V1,,1,1,True,2.6083999999926277e-05,6.929099999997135e-05,1,3,2
4,V0-V2 V1-V2 V1-V3,3,10,V1->V2 V2->V0 V3->V1,V3,V2,,1,1,True,2.750000000029118e-05,7.374999999987253e-05,1,3,2
4,V0-V2 V1-V2 V1-V3,3,10,V1->V3 V2->V0 V2->V1,V1,V3,,2,2,True,7.191700000008794e-05,0.0002215829999996366,2,5,5
4,V0-V2 V1-V2 V1-V3,3,10,V1->V3 V2->V0 V2->V1,V2,V0,,1,1,True,3.487499999987875e-05,9.429199999999582e-05,1,3,3
4,V0-V2 V1-V2 V1-V3,3,10,V1->V3 V2->V0 V2->V1,V2,V1,,1,1,True,3.7041999999765096e-05,7.975000000026711e-05,1,3,2
4,V0-V2 V1-V2 V1-V3,3,10,V1->V3 V2->V0 V2->V1,V2,V3,,1,1,True,4.116599999992587e-05,8.429199999993031e-05,1,3,2
4,V0-V2 V1-V2 V1-V3 V2-V3,4,32,V2->V0 V1-V2 V1-V3 V2-V3,V2,V0,,1,1,True,4.6750000000095326e-05,0.00018133300000000574,1,1,2
4,V0-V2 V1-V2 V1-V3 V2-V3,4,32,V1->V2 V2->V0 V1-V3 V2-V3,V2,V0,,2,2,True,9.57919999997614e-05,0.0003135410000001393,2,3,3
4,V0-V2 V1-V2 V1-V3 V2-V3,4,32,V1->V3 V2->V0 V1-V2 V2-V3,V2,V0,,1,1,True,3.483400000003911e-05,0.00018720799999982773,1,2,2
4,V0-V2 V1-V2 V1-V3 V2-V3,4,32,V2->V0 V2->V1 V1-V3 V2-V3,V2,V0,,1,1,True,7.566599999986323e-05,0.00022491700000015769,1,2,3
4,V0-V2 V1-V2 V1-V3 V2-V3,4,32,V2->V0 V2->V3 V1-V2 V1-V3,V2,V0,,1,1,True,9.25829999998129e-05,0.00034029200000018633,1,2,3
4,V0-V2 V1-V2 V1-V3 V2-V3,4,32,V2->V0 V3->V1 V1-V2 V2-V3,V2,V0,,1,1,True,6.958300000015072e-05,0.00021770799999965007,1,2,3
4,V0-V2 V1-V2 V1-V3 V2-V3,4,32,V2->V0 V3->V2 V1-V2 V1-V3,V2,V0,,2,2,True,0.0001232500000001302,0.00031716699999995157,2,3,3
4,V0-V2 V1-V2 V1-V3 V2-V3,4,32,V2->V1 V2->V3 V0-V2 V1-V3,V2,V1,,1,1,True,7.45419999996777e-05,0.00020383300000004212,1,2,2
4,V0-V2 V1-V2 V1-V3 V2-V3,4,32,V2->V1 V2->V3 V0-V2 V1-V3,V2,V3,,1,1,True,7.387500000000102e-05,0.00019737499999994412,1,2,2
4,V0-V2 V1-V2 V1-V3 V2-V3,4,32,V0->V2 V2->V1 V2->V3 V1-V3,V0,V1,,1,1,True,8.60000000000305e-05,0.00012766600000002626,1,3,2
4,V0-V2 V1-V2 V1-V3 V2-V3,4,32,V0->V2 V2->V1 V2->V3 V1-V3,V0,V2,,1,1,True,6.779200000028851e-05,0.00011929099999985482,1,3,2
4,V0-V2 V1-V2 V1-V3 V2-V3,4,32,V0->V2 V2->V1 V2->V3 V1-V3,V0,V3,,1,1,True,8.295899999977152e-05,0.0001773330000003348,1,3,2
4,V0-V2 V1-V2 V1-V3 V2-V3,4,32,V0->V2 V2->V1 V2->V3 V1-V3,V2,V1,,2,2,True,0.00010195799999968003,0.000341542000000139,2,5,3
4,V0-V2 V1-V2 V1-V3 V2-V3,4,32,V0->V2 V2->V1 V2->V3 V1-V3,V2,V3,,2,2,True,0.00012120799999992826,0.0003610830000000398,2,5,3
4,V0-V2 V1-V2 V1-V3 V2-V3,4,32,V1->V2 V1->V3 V2->V0 V2-V3,V1,V0,,1,1,True,5.2500000000232916e-05,0.00015683399999977254,1,3,2
4,V0-V2 V1-V2 V1-V3 V2-V3,4,32,V1->V2 V1->V3 V2->V0 V2-V3,V1,V2,,1,1,True,7.225000000010695e-05,0.00023179200000011946,1,3,2
4,V0-V2 V1-V2 V1-V3 V2-V3,4,32,V1->V2 V1->V3 V2->V0 V2-V3,V1,V3,,1,1,True,6.179200000033802e-05,0.00018649999999986733,1,3,2
4,V0-V2 V1-V2 V1-V3 V2-V3,4,32,V1->V2 V1->V3 V2->V0 V2-V3,V2,V0,,2,2,True,8.391600000035027e-05,0.000455749999999977,3,7,5
4,V0-V2 V1-V2 V1-V3 V2-V3,4,32,V1->V2 V2->V0 V3->V2 V1-V3,V2,V0,,3,3,True,0.00013887499999976072,0.000528000000000084,4,8,5
4,V0-V2 V1-V2 V1-V3 V2-V3,4,32,V1->V3 V2->V0 V2->V3 V1-V2,V2,V0,,1,1,True,5.291600000001395e-05,0.00017887500000002277,1,3,3
4,V0-V2 V1-V2 V1-V3 V2-V3,4,32,V1->V3 V2->V1 V2->V3 V0-V2,V1,V3,V2,1,1,True,5.3749999999741505e-05,0.00014066700000014976,1,3,2
4,V0-V2 V1-V2 V1-V3 V2-V3,4,32,V1->V3 V2->V1 V2->V3 V0-V2,V2,V1,,1,1,True,5.5874999999705466e-05,0.00013625000000017096,1,3,2
4,V0-V2 V1-V2 V1-V3 V2-V3,4,32,V1->V3 V2->V1 V2->V3 V0-V2,V2,V3,,1,1,True,6.100000000008876e-05,0.000137459000000284,1,3,2
4,V0-V2 V1-V2 V1-V3 V2-V3,4,32,V2->V0 V2->V1 V2->V3 V1-V3,V2,V0,,1,1,True,9.995800000028865e-05,0.00018587500000011303,1,3,4
4,V0-V2 V1-V2 V1-V3 V2-V3,4,32,V2->V0 V2->V1 V2->V3 V1-V3,V2,V1,,1,1,True,5.6124999999962455e-05,0.00016250000000006537,1,3,2
4,V0-V2 V1-V2 V1-V3 V2-V3,4,32,V2->V0 V2->V1 V2->V3 V1-V3,V2,V3,,1,1,True,5.737499999991513e-05,0.00016012499999984442,1,3,2
4,V0-V2 V1-V2 V1-V3 V2-V3,4,32,V2->V0 V2->V1 V3->V1 V2-V3,V2,V0,,1,1,True,0.0001045409999997915,0.000198125000000271,1,3,4
4,V0-V2 V1-V2 V1-V3 V2-V3,4,32,V2->V0 V3->V1 V3->V2 V1-V2,V2,V0,,2,2,True,0.00011687500000023832,0.0003772079999997402,2,5,5
4,V0-V2 V1-V2 V1-V3 V2-V3,4,32,V2->V0 V3->V1 V3->V2 V1-V2,V3,V0,,1,1,True,5.1167000000074125e-05,0.00019658300000013895,1,3,2
4,V0-V2 V1-V2 V1-V3 V2-V3,4,32,V2->V0 V3->V1 V3->V2 V1-V2,V3,V1,,1,1,True,4.4374999999874376e-05,0.00018683299999988634,1,3,2
4,V0-V2 V1-V2 V1-V3 V2-V3,4,32,V2->V0 V3->V1 V3->V2 V1-V2,V3,V2,,1,1,True,4.470899999997613e-05,0.00013620800000024857,1,3,2
4,V0-V2 V1-V2 V1-V3 V2-V3,4,32,V2->V1 V2->V3 V3->V1 V0-V2,V2,V1,,1,1,True,0.0001643339999999327,0.0002615000000001366,1,3,3
4,V0-V2 V1-V2 V1-V3 V2-V3,4,32,V2->V1 V2->V3 V3->V1 V0-V2,V2,V3,,1,1,True,0.00010683299999980633,0.00017816700000006236,1,3,3
4,V0-V2 V1-V2 V1-V3 V2-V3,4,32,V2->V1 V2->V3 V3->V1 V0-V2,V3,V1,V2,1,1,True,4.737500000029371e-05,0.00014274999999974725,1,3,2
4,V0-V2 V1-V2 V1-V3 V2-V3,4,32,V0->V2 V1->V3 V2->V1 V2->V3,V0,V1,,1,1,True,8.749999999979607e-05,0.00013154200000009553,1,4,3
4,V0-V2 V1-V2 V1-V3 V2-V3,4,32,V0->V2 V1->V3 V2->V1 V2->V3,V0,V2,,1,1,True,7.654199999995726e-05,0.00012245799999988094,1,4,3
4,V0-V2 V1-V2 V1-V3 V2-V3,4,32,V0->V2 V1->V3 V2->V1 V2->V3,V0,V3,,1,1,True,9.512500000008473e-05,0.00013254199999979122,1,4,3
4,V0-V2 V1-V2 V1-V3 V2-V3,4,32,V0->V2 V1->V3 V2->V1 V2->V3,V1,V3,V2,1,1,True,6.54579999999072e-05,0.00011670900000027018,1,4,2
4,V0-V2 V1-V2 V1-V3 V2-V3,4,32,V0->V2 V1->V3 V2->V1 V2->V3,V2,V1,,2,2,True,7.675000000029186e-05,0.0003639169999996028,3,10,5
4,V0-V2 V1-V2 V1-V3 V2-V3,4,32,V0->V2 V1->V3 V2->V1 V2->V3,V2,V3,,2,2,True,9.066600000018354e-05,0.00039845899999990664,3,10,5
4,V0-V2 V1-V2 V1-V3 V2-V3,4,32,V0->V2 V2->V1 V2->V3 V3->V1,V0,V1,,1,1,True,0.0001013750000002922,0.0001387919999999987,1,4,3
4,V0-V2 V1-V2 V1-V3 V2-V3,4,32,V0->V2 V2->V1 V2->V3 V3->V1,V0,V2,,1,1,True,8.06249999998343e-05,0.00012008300000010408,1,4,3
4,V0-V2 V1-V2 V1-V3 V2-V3,4,32,V0->V2 V2->V1 V2->V3 V3->V1,V0,V3,,1,1,True,0.00010091600000006196,0.00012383400000004485,1,4,3
4,V0-V2 V1-V2 V1-V3 V2-V3,4,32,V0->V2 V2->V1 V2->V3 V3->V1,V2,V1,,2,2,True,0.0001234999999999431,0.00037016600000017164,3,10,5
4,V0-V2 V1-V2 V1-V3 V2-V3,4,32,V0->V2 V2->V1 V2->V3 V3->V1,V2,V3,,2,2,True,0.00012087499999990925,0.00035745800000031025,3,10,5
4,V0-V2 V1-V2 V1-V3 V2-V3,4,32,V0->V2 V2->V1 V2->V3 V3->V1,V3,V1,V2,1,1,True,4.895799999982131e-05,0.00010879199999980216,1,4,2
4,V0-V2 V1-V2 V1-V3 V2-V3,4,32,V1->V2 V1->V3 V2->V0 V2->V3,V1,V0,,1,1,True,7.087500000002578e-05,0.00012679200000009772,1,4,3
4,V0-V2 V1-V2 V1-V3 V2-V3,4,32,V1->V2 V1->V3 V2->V0 V2->V3,V1,V2,,1,1,True,6.416700000011488e-05,0.00011916699999980906,1,4,3
4,V0-V2 V1-V2 V1-V3 V2-V3,4,32,V1->V2 V1->V3 V2->V0 V2->V3,V1,V3,,1,1,True,6.887499999974622e-05,0.00012591700000008643,1,4,3
4,V0-V2 V1-V2 V1-V3 V2-V3,4,32,V1->V2 V1->V3 V2->V0 V2->V3,V2,V0,,2,2,True,9.12500000000982e-05,0.0005275419999999365,3,10,6
4,V0-V2 V1-V2 V1-V3 V2-V3,4,32,V1->V2 V1->V3 V2->V0 V2->V3,V2,V3,V1,1,1,True,4.4083000000139094e-05,0.0001285000000001979,1,4,2
4,V0-V2 V1-V2 V1-V3 V2-V3,4,32,V1->V2 V1->V3 V2->V0 V3->V2,V1,V0,,1,1,True,8.962500000020412e-05,0.00015570799999986562,1,4,3
4,V0-V2 V1-V2 V1-V3 V2-V3,4,32,V1->V2 V1->V3 V2->V0 V3->V2,V1,V2,,1,1,True,6.662500000009786e-05,0.00012724999999980113,1,4,3
4,V0-V2 V1-V2 V1-V3 V2-V3,4,32,V1->V2 V1->V3 V2->V0 V3->V2,V1,V3,,1,1,True,7.80840000000893e-05,0.00021991600000026423,1,4,3
4,V0-V2 V1-V2 V1-V3 V2-V3,4,32,V1->V2 V1->V3 V2->V0 V3->V2,V2,V0,,3,3,True,0.00013120799999999377,0.0007593749999998956,5,14,8
4,V0-V2 V1-V2 V1-V3 V2-V3,4,32,V1->V2 V1->V3 V2->V0 V3->V2,V3,V0,V1,1,1,True,4.808300000025412e-05,0.00011091699999976612,1,4,2
4,V0-V2 V1-V2 V1-V3 V2-V3,4,32,V1->V2 V1->V3 V2->V0 V3->V2,V3,V2,V1,1,1,True,4.42079999998235e-05,0.00010541699999988552,1,4,2
4,V0-V2 V1-V2 V1-V3 V2-V3,4,32,V1->V2 V2->V0 V3->V1 V3->V2,V1,V0,V3,1,1,True,1.958299999982316e-05,0.00010170899999994987,1,4,2
4,V0-V2 V1-V2 V1-V3 V2-V3,4,32,V1->V2 V2->V0 V3->V1 V3->V2,V1,V2,V3,1,1,True,1.8208000000186075e-05,9.737500000017718e-05,1,4,2
4,V0-V2 V1-V2 V1-V3 V2-V3,4,32,V1->V2 V2->V0 V3->V1 V3->V2,V2,V0,,3,3,True,0.00015687500000005627,0.0008218339999999102,6,16,8
4,V0-V2 V1-V2 V1-V3 V2-V3,4,32,V1->V2 V2->V0 V3->V1 V3->V2,V3,V0,,1,1,True,4.69170000001462e-05,0.00013087499999997476,1,4,2
4,V0-V2 V1-V2 V1-V3 V2-V3,4,32,V1->V2 V2->V0 V3->V1 V3->V2,V3,V1,,1,1,True,4.1749999999840526e-05,0.00010883400000016863,1,4,2
4,V0-V2 V1-V2 V1-V3 V2-V3,4,32,V1->V2 V2->V0 V3->V1 V3->V2,V3,V2,,1,1,True,4.337500000017869e-05,0.00010741700000016507,1,4,2
4,V0-V2 V1-V2 V1-V3 V2-V3,4,32,V1->V3 V2->V0 V2->V1 V2->V3,V1,V3,V2,1,1,True,4.237500000003891e-05,0.00011412500000007597,1,4,2
4,V0-V2 V1-V2 V1-V3 V2-V3,4,32,V1->V3 V2->V0 V2->V1 V2->V3,V2,V0,,1,1,True,6.47499999999468e-05,0.0001287500000000108,1,4,3
4,V0-V2 V1-V2 V1-V3 V2-V3,4,32,V1->V3 V2->V0 V2->V1 V2->V3,V2,V1,,1,1,True,5.341600000008384e-05,0.00011500000000008725,1,4,2
4,V0-V2 V1-V2 V1-V3 V2-V3,4,32,V1->V3 V2->V0 V2->V1 V2->V3,V2,V3,,1,1,True,5.733299999999275e-05,0.00011816699999966929,1,4,2
4,V0-V2 V1-V2 V1-V3 V2-V3,4,32,V2->V0 V2->V1 V2->V3 V3->V1,V2,V0,,1,1,True,0.00014141700000003254,0.00014175000000005156,1,4,4
4,V0-V2 V1-V2 V1-V3 V2-V3,4,32,V2->V0 V2->V1 V2->V3 V3->V1,V2,V1,,1,1,True,7.354099999989927e-05,0.0001337500000002656,1,4,3
4,V0-V2 V1-V2 V1-V3 V2-V3,4,32,V2->V0 V2->V1 V2->V3 V3->V1,V2,V3,,1,1,True,7.312500000011823e-05,0.00013258300000007495,1,4,3
4,V0-V2 V1-V2 V1-V3 V2-V3,4,32,V2->V0 V2->V1 V2->V3 V3->V1,V3,V1,V2,1,1,True,4.520900000004602e-05,0.00011850000000013239,1,4,2
4,V0-V2 V1-V2 V1-V3 V2-V3,4,32,V2->V0 V2->V1 V3->V1 V3->V2,V2,V0,,2,2,True,0.00014362500000020262,0.0003039169999996538,2,7,6
4,V0-V2 V1-V2 V1-V3 V2-V3,4,32,V2->V0 V2->V1 V3->V1 V3->V2,V2,V1,V3,1,1,True,1.7957999999929086e-05,9.900000000007125e-05,1,4,2
4,V0-V2 V1-V2 V1-V3 V2-V3,4,32,V2->V0 V2->V1 V3->V1 V3->V2,V3,V0,,1,1,True,4.7708999999951374e-05,0.00010433300000034507,1,4,2
4,V0-V2 V1-V2 V1-V3 V2-V3,4,32,V2->V0 V2->V1 V3->V1 V3->V2,V3,V1,,1,1,True,4.1207999999848255e-05,0.00013312500000006722,1,4,2
4,V0-V2 V1-V2 V1-V3 V2-V3,4,32,V2->V0 V2->V1 V3->V1 V3->V2,V3,V2,,1,1,True,6.0291999999684265e-05,0.00013754200000004602,1,4,2
4,V0-V2 V1-V2 V2-V3,3,11,V2->V0 V1-V2 V2-V3,V2,V0,,1,1,True,2.220900000038384e-05,9.545799999965965e-05,1,1,2
4,V0-V2 V1-V2 V2-V3,3,11,V2->V1 V0-V2 V2-V3,V2,V1,,1,1,True,3.1499999999962114e-05,9.841699999979525e-05,1,1,2
4,V0-V2 V1-V2 V2-V3,3,11,V2->V3 V0-V2 V1-V2,V2,V3,,1,1,True,3.633300000016604e-05,0.00011183300000006113,1,1,2
4,V0-V2 V1-V2 V2-V3,3,11,V2->V0 V2->V1 V2-V3,V2,V0,,1,1,True,4.029199999999733e-05,0.00012441599999979402,1,2,3
4,V0-V2 V1-V2 V2-V3,3,11,V2->V0 V2->V1 V2-V3,V2,V1,,1,1,True,2.7790999999943722e-05,0.00010500000000002174,1,2,2
4,V0-V2 V1-V2 V2-V3,3,11,V2->V0 V2->V3 V1-V2,V2,V0,,1,1,True,3.745799999999022e-05,0.00012045900000012821,1,2,3
4,V0-V2 V1-V2 V2-V3,3,11,V2->V0 V2->V3 V1-V2,V2,V3,,1,1,True,4.625000000002544e-05,0.00010820899999997025,1,2,2
4,V0-V2 V1-V2 V2-V3,3,11,V2->V1 V2->V3 V0-V2,V2,V1,,1,1,True,4.716599999987636e-05,0.00012150000000010763,1,2,3
4,V0-V2 V1-V2 V2-V3,3,11,V2->V1 V2->V3 V0-V2,V2,V3,,1,1,True,4.5666999999749436e-05,0.0001070000000003013,1,2,2
4,V0-V2 V1-V2 V2-V3,3,11,V0->V2 V2->V1 V2->V3,V0,V1,,1,1,True,4.374999999967599e-05,7.641600000019011e-05,1,3,2
4,V0-V2 V1-V2 V2-V3,3,11,V0->V2 V2->V1 V2->V3,V0,V2,,1,1,True,3.7834000000014356e-05,7.324999999980264e-05,1,3,2
4,V0-V2 V1-V2 V2-V3,3,11,V0->V2 V2->V1 V2->V3,V0,V3,,1,1,True,4.637500000015393e-05,7.604199999988737e-05,1,3,2
4,V0-V2 V1-V2 V2-V3,3,11,V0->V2 V2->V1 V2->V3,V2,V1,,2,2,True,5.337499999980011e-05,0.00017858300000028748,2,5,4
4,V0-V2 V1-V2 V2-V3,3,11,V0->V2 V2->V1 V2->V3,V2,V3,,2,2,True,5.154200000001552e-05,0.00016570799999993113,2,5,3
4,V0-V2 V1-V2 V2-V3,3,11,V1->V2 V2->V0 V2->V3,V1,V0,,1,1,True,3.7541000000196334e-05,7.633399999962265e-05,1,3,2
4,V0-V2 V1-V2 V2-V3,3,11,V1->V2 V2->V0 V2->V3,V1,V2,,1,1,True,3.420900000028482e-05,7.337499999993113e-05,1,3,2
4,V0-V2 V1-V2 V2-V3,3,11,V1->V2 V2->V0 V2->V3,V1,V3,,1,1,True,3.9416999999986047e-05,7.587499999983649e-05,1,3,2
4,V0-V2 V1-V2 V2-V3,3,11,V1->V2 V2->V0 V2->V3,V2,V0,,2,2,True,4.4374999999874376e-05,0.0001768750000001873,2,5,4
4,V0-V2 V1-V2 V2-V3,3,11,V1->V2 V2->V0 V2->V3,V2,V3,,2,2,True,5.9540999999718736e-05,0.00023641699999998878,2,5,3
4,V0-V2 V1-V2 V2-V3,3,11,V2->V0 V2->V1 V2->V3,V2,V0,,1,1,True,5.866699999979019e-05,0.00015162499999998857,1,3,4
4,V0-V2 V1-V2 V2-V3,3,11,V2->V0 V2->V1 V2->V3,V2,V1,,1,1,True,6.520899999973295e-05,0.00010870800000040148,1,3,3
4,V0-V2 V1-V2 V2-V3,3,11,V2->V0 V2->V1 V2->V3,V2,V3,,1,1,True,5.154200000001552e-05,9.31660000000889e-05,1,3,2
4,V0-V2 V1-V2 V2-V3,3,11,V2->V0 V2->V1 V3->V2,V2,V0,,2,2,True,4.325000000005019e-05,0.00028641700000031634,2,5,4
4,V0-V2 V1-V2 V2-V3,3,11,V2->V0 V2->V1 V3->V2,V2,V1,,2,2,True,5.104099999986289e-05,0.00021324999999983163,2,5,3
4,V0-V2 V1-V2 V2-V3,3,11,V2->V0 V2->V1 V3->V2,V3,V0,,1,1,True,2.9000000000056758e-05,7.141700000001805e-05,1,3,2
4,V0-V2 V1-V2 V2-V3,3,11,V2->V0 V2->V1 V3->V2,V3,V1,,1,1,True,2.879199999972215e-05,6.85420000001713e-05,1,3,2
4,V0-V2 V1-V2 V2-V3,3,11,V2->V0 V2->V1 V3->V2,V3,V2,,1,1,True,2.5458000000089243e-05,6.666700000002024e-05,1,3,2
4,V0-V2 V1-V3,2,9,V0-V2 V1-V3,V0,V1,,-1,-1,True,8.03750000000214e-05,2.2374999999907885e-05,1,0,1
4,V0-V2 V1-V3,2,9,V0-V2 V1-V3,V0,V3,,-1,-1,True,7.854100000015407e-05,2.1374999999768107e-05,1,0,1
4,V0-V2 V1-V3,2,9,V0-V2 V1-V3,V1,V0,,-1,-1,True,8.029199999981529e-05,2.254099999987602e-05,1,0,1
4,V0-V2 V1-V3,2,9,V0-V2 V1-V3,V1,V2,,-1,-1,True,7.895800000001785e-05,2.1292000000006084e-05,1,0,1
4,V0-V2 V1-V3,2,9,V0-V2 V1-V3,V2,V1,,-1,-1,True,8.154199999976797e-05,2.2416000000191616e-05,1,0,1
4,V0-V2 V1-V3,2,9,V0-V2 V1-V3,V2,V3,,-1,-1,True,7.816699999985133e-05,2.1083000000032825e-05,1,0,1
4,V0-V2 V1-V3,2,9,V0-V2 V1-V3,V3,V0,,-1,-1,True,8.016600000004814e-05,2.1584000000185455e-05,1,0,1
4,V0-V2 V1-V3,2,9,V0-V2 V1-V3,V3,V2,,-1,-1,True,7.937499999988162e-05,2.1375000000212196e-05,1,0,1
4,V0-V2 V1-V3,2,9,V0->V2 V1-V3,V0,V1,,-1,-1,True,7.983400000011187e-05,8.962499999976004e-05,2,1,2
4,V0-V2 V1-V3,2,9,V0->V2 V1-V3,V0,V2,,1,1,True,2.32910000002029e-05,6.46249999998183e-05,1,1,2
4,V0-V2 V1-V3,2,9,V0->V2 V1-V3,V0,V3,,-1,-1,True,0.00010704199999977959,8.01250000002085e-05,2,1,2
4,V0-V2 V1-V3,2,9,V0->V2 V1-V3,V1,V0,,-1,-1,True,8.104100000005943e-05,8.387500000006654e-05,2,1,2
4,V0-V2 V1-V3,2,9,V0->V2 V1-V3,V1,V2,,-1,-1,True,7.87089999998436e-05,7.416600000009765e-05,2,1,2
4,V0-V2 V1-V3,2,9,V0->V2 V1-V3,V2,V1,,-1,-1,True,7.879199999960562e-05,7.266600000033208e-05,2,1,2
4,V0-V2 V1-V3,2,9,V0->V2 V1-V3,V2,V3,,-1,-1,True,7.995800000015763e-05,7.479199999993469e-05,2,1,2
4,V0-V2 V1-V3,2,9,V0->V2 V1-V3,V3,V0,,-1,-1,True,8.029199999981529e-05,7.141700000001805e-05,2,1,2
4,V0-V2 V1-V3,2,9,V0->V2 V1-V3,V3,V2,,-1,-1,True,7.879200000004971e-05,7.270800000025446e-05,2,1,2
4,V0-V2 V1-V3,2,9,V1->V3 V0-V2,V0,V1,,-1,-1,True,8.033300000009902e-05,7.145799999985769e-05,2,1,2
4,V0-V2 V1-V3,2,9,V1->V3 V0-V2,V0,V3,,-1,-1,True,7.858300000007645e-05,7.316700000004062e-05,2,1,2
4,V0-V2 V1-V3,2,9,V1->V3 V0-V2,V1,V0,,-1,-1,True,7.850000000031443e-05,6.875000000006182e-05,2,1,2
4,V0-V2 V1-V3,2,9,V1->V3 V0-V2,V1,V2,,-1,-1,True,7.812499999992895e-05,6.983400000004636e-05,2,1,2
4,V0-V2 V1-V3,2,9,V1->V3 V0-V2,V1,V3,,1,1,True,1.8499999999921357e-05,5.6124999999962455e-05,1,1,2
4,V0-V2 V1-V3,2,9,V1->V3 V0-V2,V2,V1,,-1,-1,True,7.837499999974185e-05,6.933399999997647e-05,2,1,2
4,V0-V2 V1-V3,2,9,V1->V3 V0-V2,V2,V3,,-1,-1,True,7.695899999982103e-05,7.066600000005252e-05,2,1,2
4,V0-V2 V1-V3,2,9,V1->V3 V0-V2,V3,V0,,-1,-1,True,7.970899999998338e-05,7.095800000023189e-05,2,1,2
4,V0-V2 V1-V3,2,9,V1->V3 V0-V2,V3,V2,,-1,-1,True,7.616599999993312e-05,7.304200000035621e-05,2,1,2
4,V0-V2 V1-V3,2,9,V2->V0 V1-V3,V0,V1,,-1,-1,True,8.091599999993093e-05,7.212499999997846e-05,2,1,2
4,V0-V2 V1-V3,2,9,V2->V0 V1-V3,V0,V3,,-1,-1,True,7.762499999985906e-05,7.154200000014654e-05,2,1,2
4,V0-V2 V1-V3,2,9,V2->V0 V1-V3,V1,V0,,-1,-1,True,7.92920000001196e-05,7.129199999988955e-05,2,1,2
4,V0-V2 V1-V3,2,9,V2->V0 V1-V3,V1,V2,,-1,-1,True,0.00012100000000003774,0.00013354099999984825,2,1,2
4,V0-V2 V1-V3,2,9,V2->V0 V1-V3,V2,V0,,1,1,True,1.8209000000268816e-05,6.229099999988108e-05,1,1,2
4,V0-V2 V1-V3,2,9,V2->V0 V1-V3,V2,V1,,-1,-1,True,0.00011912500000033077,0.00010920800000002728,2,1,2
4,V0-V2 V1-V3,2,9,V2->V0 V1-V3,V2,V3,,-1,-1,True,7.937499999988162e-05,7.516600000023743e-05,2,1,2
4,V0-V2 V1-V3,2,9,V2->V0 V1-V3,V3,V0,,-1,-1,True,0.00010112500000003521,0.00013620799999980449,2,1,2
4,V0-V2 V1-V3,2,9,V2->V0 V1-V3,V3,V2,,-1,-1,True,0.00010704099999969685,7.375000000031662e-05,2,1,2
4,V0-V2 V1-V3,2,9,V3->V1 V0-V2,V0,V1,,-1,-1,True,8.125000000003268e-05,9.279199999978616e-05,2,1,2
4,V0-V2 V1-V3,2,9,V3->V1 V0-V2,V0,V3,,-1,-1,True,8.524999999970362e-05,7.520800000015981e-05,2,1,2
4,V0-V2 V1-V3,2,9,V3->V1 V0-V2,V1,V0,,-1,-1,True,7.812500000037303e-05,9.316699999972755e-05,2,1,2
4,V0-V2 V1-V3,2,9,V3->V1 V0-V2,V1,V2,,-1,-1,True,8.183399999994734e-05,7.720799999999528e-05,2,1,2
4,V0-V2 V1-V3,2,9,V3->V1 V0-V2,V2,V1,,-1,-1,True,8.058399999999466e-05,7.387500000000102e-05,2,1,2
4,V0-V2 V1-V3,2,9,V3->V1 V0-V2,V2,V3,,-1,-1,True,7.899999999994023e-05,7.100000000015427e-05,2,1,2
4,V0-V2 V1-V3,2,9,V3->V1 V0-V2,V3,V0,,-1,-1,True,8.075000000040689e-05,7.07079999999749e-05,2,1,2
4,V0-V2 V1-V3,2,9,V3->V1 V0-V2,V3,V1,,1,1,True,1.545800000002373e-05,5.549999999976407e-05,1,1,2
4,V0-V2 V1-V3,2,9,V3->V1 V0-V2,V3,V2,,-1,-1,True,7.891600000009547e-05,7.087500000002578e-05,2,1,2
4,V0-V2 V1-V3,2,9,V0->V2 V1->V3,V0,V1,,-1,-1,True,8.3334000000157e-05,0.0001728330000001499,4,4,4
4,V0-V2 V1-V3,2,9,V0->V2 V1->V3,V0,V2,,1,1,True,3.5416999999871024e-05,7.254200000028632e-05,1,2,3
4,V0-V2 V1-V3,2,9,V0->V2 V1->V3,V0,V3,,-1,-1,True,8.058299999991192e-05,0.0001716250000001196,4,4,4
4,V0-V2 V1-V3,2,9,V0->V2 V1->V3,V1,V0,,-1,-1,True,8.000000000008001e-05,0.00016725000000006318,4,4,4
4,V0-V2 V1-V3,2,9,V0->V2 V1->V3,V1,V2,,-1,-1,True,7.962499999969452e-05,0.00016845800000009348,4,4,4
4,V0-V2 V1-V3,2,9,V0->V2 V1->V3,V1,V3,,1,1,True,2.333300000012528e-05,6.525000000001668e-05,1,2,2
4,V0-V2 V1-V3,2,9,V0->V2 V1->V3,V2,V1,,-1,-1,True,7.974999999982302e-05,0.00017387500000021205,4,4,4
4,V0-V2 V1-V3,2,9,V0->V2 V1->V3,V2,V3,,-1,-1,True,7.916599999990837e-05,0.00018174999999986952,4,4,4
4,V0-V2 V1-V3,2,9,V0->V2 V1->V3,V3,V0,,-1,-1,True,7.89170000001782e-05,0.00016958299999991766,4,4,4
4,V0-V2 V1-V3,2,9,V0->V2 V1->V3,V3,V2,,-1,-1,True,8.058299999991192e-05,0.00017691700000010968,4,4,4
4,V0-V2 V1-V3,2,9,V0->V2 V3->V1,V0,V1,,-1,-1,True,8.14579999999232e-05,0.0001762919999999113,4,4,4
4,V0-V2 V1-V3,2,9,V0->V2 V3->V1,V0,V2,,1,1,True,3.554199999999952e-05,7.233299999986897e-05,1,2,3
4,V0-V2 V1-V3,2,9,V0->V2 V3->V1,V0,V3,,-1,-1,True,7.958300000021623e-05,0.0001694589999998719,4,4,4
4,V0-V2 V1-V3,2,9,V0->V2 V3->V1,V1,V0,,-1,-1,True,7.875000000012733e-05,0.00016633399999976817,4,4,4
4,V0-V2 V1-V3,2,9,V0->V2 V3->V1,V1,V2,,-1,-1,True,7.850000000031443e-05,0.00016741600000003132,4,4,4
4,V0-V2 V1-V3,2,9,V0->V2 V3->V1,V2,V1,,-1,-1,True,7.862499999999883e-05,0.00016462500000002933,4,4,4
4,V0-V2 V1-V3,2,9,V0->V2 V3->V1,V2,V3,,-1,-1,True,7.837499999974185e-05,0.0001620830000002016,4,4,4
4,V0-V2 V1-V3,2,9,V0->V2 V3->V1,V3,V0,,-1,-1,True,7.887500000025582e-05,0.00016079099999988244,4,4,4
4,V0-V2 V1-V3,2,9,V0->V2 V3->V1,V3,V1,,1,1,True,1.5875000000331596e-05,5.570899999973733e-05,1,2,2
4,V0-V2 V1-V3,2,9,V0->V2 V3->V1,V3,V2,,-1,-1,True,7.737500000004616e-05,0.00016258399999991013,4,4,4
4,V0-V2 V1-V3,2,9,V1->V3 V2->V0,V0,V1,,-1,-1,True,8.195900000007583e-05,0.00016591600000026574,4,4,4
4,V0-V2 V1-V3,2,9,V1->V3 V2->V0,V0,V3,,-1,-1,True,7.862499999999883e-05,0.00019770799999996314,4,4,4
4,V0-V2 V1-V3,2,9,V1->V3 V2->V0,V1,V0,,-1,-1,True,9.070800000010593e-05,0.00026416700000009286,4,4,4
4,V0-V2 V1-V3,2,9,V1->V3 V2->V0,V1,V2,,-1,-1,True,0.00015849999999995035,0.00021216700000037392,4,4,4
4,V0-V2 V1-V3,2,9,V1->V3 V2->V0,V1,V3,,1,1,True,4.7250000000165215e-05,0.0001231669999999241,1,2,3
4,V0-V2 V1-V3,2,9,V1->V3 V2->V0,V2,V0,,1,1,True,3.062499999995083e-05,7.245799999999747e-05,1,2,2
4,V0-V2 V1-V3,2,9,V1->V3 V2->V0,V2,V1,,-1,-1,True,9.525000000021322e-05,0.000251749999999884,4,4,4
4,V0-V2 V1-V3,2,9,V1->V3 V2->V0,V2,V3,,-1,-1,True,8.091599999993093e-05,0.0001717500000002481,4,4,4
4,V0-V2 V1-V3,2,9,V1->V3 V2->V0,V3,V0,,-1,-1,True,7.908300000014634e-05,0.00017304199999967906,4,4,4
4,V0-V2 V1-V3,2,9,V1->V3 V2->V0,V3,V2,,-1,-1,True,7.862499999999883e-05,0.0001668330000001994,4,4,4
4,V0-V2 V1-V3,2,9,V2->V0 V3->V1,V0,V1,,-1,-1,True,8.108299999998181e-05,0.00017133400000002297,4,4,4
4,V0-V2 V1-V3,2,9,V2->V0 V3->V1,V0,V3,,-1,-1,True,7.84590000000307e-05,0.00016641600000033563,4,4,4
4,V0-V2 V1-V3,2,9,V2->V0 V3->V1,V1,V0,,-1,-1,True,7.816699999985133e-05,0.00016833299999996498,4,4,4
4,V0-V2 V1-V3,2,9,V2->V0 V3->V1,V1,V2,,-1,-1,True,7.799999999980045e-05,0.00016516599999993886,4,4,4
4,V0-V2 V1-V3,2,9,V2->V0 V3->V1,V2,V0,,1,1,True,2.437500000018744e-05,6.645800000004698e-05,1,2,3
4,V0-V2 V1-V3,2,9,V2->V0 V3->V1,V2,V1,,-1,-1,True,7.804200000016692e-05,0.00016508300000017684,4,4,4
4,V0-V2 V1-V3,2,9,V2->V0 V3->V1,V2,V3,,-1,-1,True,7.974999999982302e-05,0.00016470799999979135,4,4,4
4,V0-V2 V1-V3,2,9,V2->V0 V3->V1,V3,V0,,-1,-1,True,7.770900000014791e-05,0.00021816600000024167,4,4,4
4,V0-V2 V1-V3,2,9,V2->V0 V3->V1,V3,V1,,1,1,True,1.8958000000068864e-05,6.333299999994324e-05,1,2,2
4,V0-V2 V1-V3,2,9,V2->V0 V3->V1,V3,V2,,-1,-1,True,8.308299999981728e-05,0.00017204199999998337,4,4,4
4,V0-V2 V1-V3 V2-V3,3,10,V2->V0 V1-V3 V2-V3,V2,V0,,1,1,True,2.4917000000179712e-05,9.766699999991246e-05,1,1,2
4,V0-V2 V1-V3 V2-V3,3,10,V3->V1 V0-V2 V2-V3,V3,V1,,1,1,True,3.1541999999884496e-05,0.00010266700000016726,1,1,2
4,V0-V2 V1-V3 V2-V3,3,10,V2->V0 V3->V1 V2-V3,V2,V0,,1,1,True,4.1208000000292344e-05,0.00016887499999995725,1,2,3
4,V0-V2 V1-V3 V2-V3,3,10,V2->V0 V3->V1 V2-V3,V3,V1,,1,1,True,4.612500000034103e-05,0.00018058299999967886,1,2,2
4,V0-V2 V1-V3 V2-V3,3,10,V2->V0 V3->V2 V1-V3,V2,V0,,2,2,True,5.004199999980585e-05,0.00017658300000000793,2,3,3
4,V0-V2 V1-V3 V2-V3,3,10,V2->V0 V3->V2 V1-V3,V3,V0,,1,1,True,3.76250000000411e-05,0.0001345000000001484,1,2,2
4,V0-V2 V1-V3 V2-V3,3,10,V2->V0 V3->V2 V1-V3,V3,V2,,1,1,True,3.558299999983916e-05,8.912500000013424e-05,1,2,2
4,V0-V2 V1-V3 V2-V3,3,10,V2->V3 V3->V1 V0-V2,V2,V1,,1,1,True,4.599999999976845e-05,9.72080000001263e-05,1,2,2
4,V0-V2 V1-V3 V2-V3,3,10,V2->V3 V3->V1 V0-V2,V2,V3,,1,1,True,4.0707999999778366e-05,9.120800000017582e-05,1,2,2
4,V0-V2 V1-V3 V2-V3,3,10,V2->V3 V3->V1 V0-V2,V3,V1,,2,2,True,5.475000000032537e-05,0.00017691599999958285,2,3,3
4,V0-V2 V1-V3 V2-V3,3,10,V0->V2 V2->V3 V3->V1,V0,V1,,1,1,True,5.125000000028024e-05,8.070800000004041e-05,1,3,2
4,V0-V2 V1-V3 V2-V3,3,10,V0->V2 V2->V3 V3->V1,V0,V2,,1,1,True,4.0165999999786095e-05,7.616700000001586e-05,1,3,2
4,V0-V2 V1-V3 V2-V3,3,10,V0->V2 V2->V3 V3->V1,V0,V3,,1,1,True,4.500000000007276e-05,7.533299999984422e-05,1,3,2
4,V0-V2 V1-V3 V2-V3,3,10,V0->V2 V2->V3 V3->V1,V2,V1,,2,2,True,5.179199999982842e-05,0.00015520800000023982,2,5,3
4,V0-V2 V1-V3 V2-V3,3,10,V0->V2 V2->V3 V3->V1,V2,V3,,2,2,True,4.6999999999908226e-05,0.00015129199999996956,2,5,3
4,V0-V2 V1-V3 V2-V3,3,10,V0->V2 V2->V3 V3->V1,V3,V1,,3,3,True,5.5042000000060654e-05,0.0002410419999998581,3,6,4
4,V0-V2 V1-V3 V2-V3,3,10,V1->V3 V2->V0 V3->V2,V1,V0,,1,1,True,4.466599999997101e-05,8.145900000000594e-05,1,3,2
4,V0-V2 V1-V3 V2-V3,3,10,V1->V3 V2->V0 V3->V2,V1,V2,,1,1,True,4.233299999967244e-05,7.829199999997982e-05,1,3,2
4,V0-V2 V1-V3 V2-V3,3,10,V1->V3 V2->V0 V3->V2,V1,V3,,1,1,True,3.799999999998249e-05,7.733400000020652e-05,1,3,2
4,V0-V2 V1-V3 V2-V3,3,10,V1->V3 V2->V0 V3->V2,V2,V0,,3,3,True,6.649999999996936e-05,0.000249542000000158,3,6,4
4,V0-V2 V1-V3 V2-V3,3,10,V1->V3 V2->V0 V3->V2,V3,V0,,2,2,True,4.20420000000199e-05,0.00015912500000014873,2,5,3
4,V0-V2 V1-V3 V2-V3,3,10,V1->V3 V2->V0 V3->V2,V3,V2,,2,2,True,3.6542000000139296e-05,0.00014837499999975634,2,5,3
4,V0-V2 V1-V3 V2-V3,3,10,V2->V0 V2->V3 V3->V1,V2,V0,,1,1,True,5.249999999978883e-05,9.433300000027955e-05,1,3,3
4,V0-V2 V1-V3 V2-V3,3,10,V2->V0 V2->V3 V3->V1,V2,V1,,1,1,True,3.850000000005238e-05,8.633300000004951e-05,1,3,2
4,V0-V2 V1-V3 V2-V3,3,10,V2->V0 V2->V3 V3->V1,V2,V3,,1,1,True,3.641600000037215e-05,8.729199999990556e-05,1,3,2
4,V0-V2 V1-V3 V2-V3,3,10,V2->V0 V2->V3 V3->V1,V3,V1,,2,2,True,4.991600000003871e-05,0.00018954200000020904,2,5,4
4,V0-V2 V1-V3 V2-V3,3,10,V2->V0 V3->V1 V3->V2,V2,V0,,2,2,True,6.0041000000232714e-05,0.0002079170000000019,2,5,5
4,V0-V2 V1-V3 V2-V3,3,10,V2->V0 V3->V1 V3->V2,V3,V0,,1,1,True,3.400000000031156e-05,8.029199999981529e-05,1,3,2
4,V0-V2 V1-V3 V2-V3,3,10,V2->V0 V3->V1 V3->V2,V3,V1,,1,1,True,4.129200000013711e-05,9.029099999979806e-05,1,3,3
4,V0-V2 V1-V3 V2-V3,3,10,V2->V0 V3->V1 V3->V2,V3,V2,,1,1,True,2.954099999996629e-05,7.670900000000813e-05,1,3,2
4,V0-V2 V2-V3,2,6,V0-V2 V2-V3,V0,V1,,-1,-1,True,5.224999999997593e-05,1.7582999999987692e-05,1,0,1
4,V0-V2 V2-V3,2,6,V0-V2 V2-V3,V1,V0,,-1,-1,True,4.729100000000486e-05,1.620899999998926e-05,1,0,1
4,V0-V2 V2-V3,2,6,V0-V2 V2-V3,V1,V2,,-1,-1,True,4.441599999971402e-05,1.5125000000004718e-05,1,0,1
4,V0-V2 V2-V3,2,6,V0-V2 V2-V3,V1,V3,,-1,-1,True,4.6457999999915955e-05,1.570800000028072e-05,1,0,1
4,V0-V2 V2-V3,2,6,V0-V2 V2-V3,V2,V1,,-1,-1,True,4.658400000012719e-05,1.541600000010135e-05,1,0,1
4,V0-V2 V2-V3,2,6,V0-V2 V2-V3,V3,V1,,-1,-1,True,5.020799999977399e-05,1.650000000008589e-05,1,0,1
4,V0-V2 V2-V3,2,6,V2->V0 V2-V3,V0,V1,,-1,-1,True,0.00011579099999980969,0.00012395900000017335,2,1,2
4,V0-V2 V2-V3,2,6,V2->V0 V2-V3,V1,V0,,-1,-1,True,7.062499999976879e-05,0.00011658300000005895,2,1,2
4,V0-V2 V2-V3,2,6,V2->V0 V2-V3,V1,V2,,-1,-1,True,7.054200000000677e-05,0.0001071249999999857,2,1,2
4,V0-V2 V2-V3,2,6,V2->V0 V2-V3,V1,V3,,-1,-1,True,4.825000000030499e-05,8.112499999990419e-05,2,1,2
4,V0-V2 V2-V3,2,6,V2->V0 V2-V3,V2,V0,,1,1,True,1.570799999983663e-05,5.616699999988484e-05,1,1,2
4,V0-V2 V2-V3,2,6,V2->V0 V2-V3,V2,V1,,-1,-1,True,4.733299999992724e-05,0.00010354200000017855,2,1,2
4,V0-V2 V2-V3,2,6,V2->V0 V2-V3,V3,V1,,-1,-1,True,7.17909999998767e-05,7.695900000026512e-05,2,1,2
4,V0-V2 V2-V3,2,6,V2->V3 V0-V2,V0,V1,,-1,-1,True,9.141700000014907e-05,0.00013099999999965917,2,1,2
4,V0-V2 V2-V3,2,6,V2->V3 V0-V2,V1,V0,,-1,-1,True,5.0125000000011966e-05,7.479100000029604e-05,2,1,2
4,V0-V2 V2-V3,2,6,V2->V3 V0-V2,V1,V2,,-1,-1,True,4.625000000002544e-05,6.633400000000123e-05,2,1,2
4,V0-V2 V2-V3,2,6,V2->V3 V0-V2,V1,V3,,-1,-1,True,4.891599999989893e-05,6.666700000002024e-05,2,1,2
4,V0-V2 V2-V3,2,6,V2->V3 V0-V2,V2,V1,,-1,-1,True,4.71669999999591e-05,6.504200000012617e-05,2,1,2
4,V0-V2 V2-V3,2,6,V2->V3 V0-V2,V2,V3,,1,1,True,2.4290999999898588e-05,6.312500000005272e-05,1,1,2
4,V0-V2 V2-V3,2,6,V2->V3 V0-V2,V3,V1,,-1,-1,True,5.083299999997237e-05,6.654199999989174e-05,2,1,2
4,V0-V2 V2-V3,2,6,V0->V2 V2->V3,V0,V1,,-1,-1,True,5.370899999990186e-05,0.00011445800000009498,3,3,3
4,V0-V2 V2-V3,2,6,V0->V2 V2->V3,V0,V2,,1,1,True,2.4541000000155577e-05,5.36250000000571e-05,1,2,2
4,V0-V2 V2-V3,2,6,V0->V2 V2->V3,V0,V3,,1,1,True,2.7665999999815227e-05,5.80420000000359e-05,1,2,2
4,V0-V2 V2-V3,2,6,V0->V2 V2->V3,V1,V0,,-1,-1,True,4.9583000000019695e-05,0.00010854199999998926,3,3,3
4,V0-V2 V2-V3,2,6,V0->V2 V2->V3,V1,V2,,-1,-1,True,4.5917000000006425e-05,0.00010670800000012193,3,3,3
4,V0-V2 V2-V3,2,6,V0->V2 V2->V3,V1,V3,,-1,-1,True,4.758400000026697e-05,0.00010512499999970615,3,3,3
4,V0-V2 V2-V3,2,6,V0->V2 V2->V3,V2,V1,,-1,-1,True,4.716600000032045e-05,0.00010474999999976475,3,3,3
4,V0-V2 V2-V3,2,6,V0->V2 V2->V3,V2,V3,,2,2,True,2.829200000009635e-05,0.00010166599999994475,2,3,3
4,V0-V2 V2-V3,2,6,V0->V2 V2->V3,V3,V1,,-1,-1,True,5.104200000038972e-05,0.00011229199999984729,3,3,3
4,V0-V2 V2-V3,2,6,V2->V0 V2->V3,V0,V1,,-1,-1,True,5.27919999999682e-05,0.00022879100000006147,4,4,4
4,V0-V2 V2-V3,2,6,V2->V0 V2->V3,V1,V0,,-1,-1,True,6.550000000027367e-05,0.00018520799999999227,4,4,4
4,V0-V2 V2-V3,2,6,V2->V0 V2->V3,V1,V2,,-1,-1,True,4.708400000019708e-05,0.00017145800000006872,4,4,4
4,V0-V2 V2-V3,2,6,V2->V0 V2->V3,V1,V3,,-1,-1,True,4.841699999991178e-05,0.00016479099999999747,4,4,4
4,V0-V2 V2-V3,2,6,V2->V0 V2->V3,V2,V0,,1,1,True,2.512500000007023e-05,7.079199999981967e-05,1,2,3
4,V0-V2 V2-V3,2,6,V2->V0 V2->V3,V2,V1,,-1,-1,True,4.8290999999700546e-05,0.00016316700000018614,4,4,4
4,V0-V2 V2-V3,2,6,V2->V0 V2->V3,V2,V3,,1,1,True,2.929200000023613e-05,6.262499999998283e-05,1,2,2
4,V0-V2 V2-V3,2,6,V2->V0 V2->V3,V3,V1,,-1,-1,True,5.229099999981557e-05,0.00016770900000029343,4,4,4
4,V0-V2 V2-V3,2,6,V2->V0 V3->V2,V0,V1,,-1,-1,True,5.249999999978883e-05,0.00011175000000029911,3,3,3
4,V0-V2 V2-V3,2,6,V2->V0 V3->V2,V1,V0,,-1,-1,True,4.850000000011789e-05,0.00010733399999995896,3,3,3
4,V0-V2 V2-V3,2,6,V2->V0 V3->V2,V1,V2,,-1,-1,True,4.4874999999944265e-05,0.00010516700000007262,3,3,3
4,V0-V2 V2-V3,2,6,V2->V0 V3->V2,V1,V3,,-1,-1,True,4.870800000000841e-05,0.00010662499999991581,3,3,3
4,V0-V2 V2-V3,2,6,V2->V0 V3->V2,V2,V0,,2,2,True,2.2165999999934627e-05,9.645899999988217e-05,2,3,3
4,V0-V2 V2-V3,2,6,V2->V0 V3->V2,V2,V1,,-1,-1,True,4.666600000025056e-05,0.00010562499999977604,3,3,3
4,V0-V2 V2-V3,2,6,V2->V0 V3->V2,V3,V0,,1,1,True,1.82909999999481e-05,5.025000000014046e-05,1,2,2
4,V0-V2 V2-V3,2,6,V2->V0 V3->V2,V3,V1,,-1,-1,True,5.2750000000045816e-05,0.00010812499999968139,3,3,3
4,V0-V2 V2-V3,2,6,V2->V0 V3->V2,V3,V2,,1,1,True,1.650000000008589e-05,4.8040999999887646e-05,1,2,2
4,V0-V3,1,3,V0-V3,V0,V1,,-1,-1,True,1.8959000000151605e-05,1.1124999999889695e-05,1,0,1
4,V0-V3,1,3,V0-V3,V0,V2,,-1,-1,True,1.7750000000038568e-05,1.0542000000057783e-05,1,0,1
4,V0-V3,1,3,V0-V3,V1,V0,,-1,-1,True,1.704200000007816e-05,1.0041999999987894e-05,1,0,1
4,V0-V3,1,3,V0-V3,V1,V2,,-1,-1,True,1.5333999999977976e-05,9.12499999961014e-06,1,0,1
4,V0-V3,1,3,V0-V3,V1,V3,,-1,-1,True,1.7624999999910074e-05,1.0167000000116388e-05,1,0,1
4,V0-V3,1,3,V0-V3,V2,V0,,-1,-1,True,1.6833000000104903e-05,9.833000000014636e-06,1,0,1
4,V0-V3,1,3,V0-V3,V2,V1,,-1,-1,True,1.5374999999817618e-05,9.16599999989387e-06,1,0,1
4,V0-V3,1,3,V0-V3,V2,V3,,-1,-1,True,1.750000000022567e-05,1.0040999999905154e-05,1,0,1
4,V0-V3,1,3,V0-V3,V3,V1,,-1,-1,True,1.7584000000070432e-05,1.0166000000033648e-05,1,0,1
4,V0-V3,1,3,V0-V3,V3,V2,,-1,-1,True,1.700000000015578e-05,9.834000000097376e-06,1,0,1
4,V0-V3,1,3,V0->V3,V0,V1,,-1,-1,True,1.9292000000170617e-05,3.825000000023948e-05,2,1,2
4,V0-V3,1,3,V0->V3,V0,V2,,-1,-1,True,1.7374999999653085e-05,3.645800000029453e-05,2,1,2
4,V0-V3,1,3,V0->V3,V0,V3,,1,1,True,1.2542000000337339e-05,3.533300000002626e-05,1,1,2
4,V0-V3,1,3,V0->V3,V1,V0,,-1,-1,True,1.6875000000027285e-05,5.383299999994762e-05,2,1,2
4,V0-V3,1,3,V0->V3,V1,V2,,-1,-1,True,7.920899999991349e-05,4.2791000000264034e-05,2,1,2
4,V0-V3,1,3,V0->V3,V1,V3,,-1,-1,True,1.7417000000019556e-05,3.658299999997894e-05,2,1,2
4,V0-V3,1,3,V0->V3,V2,V0,,-1,-1,True,1.7208000000046297e-05,4.28750000001088e-05,2,1,2
4,V0-V3,1,3,V0->V3,V2,V1,,-1,-1,True,1.5125000000004718e-05,5.3749999999741505e-05,2,1,2
4,V0-V3,1,3,V0->V3,V2,V3,,-1,-1,True,2.3082999999868292e-05,3.795900000014285e-05,2,1,2
4,V0-V3,1,3,V0->V3,V3,V1,,-1,-1,True,1.8124999999979963e-05,3.829200000016186e-05,2,1,2
4,V0-V3,1,3,V0->V3,V3,V2,,-1,-1,True,1.7667000000276545e-05,4.2541999999645697e-05,2,1,2
4,V0-V3,1,3,V3->V0,V0,V1,,-1,-1,True,2.7374999999718597e-05,3.741600000006784e-05,2,1,2
4,V0-V3,1,3,V3->V0,V0,V2,,-1,-1,True,1.7415999999936815e-05,4.1750000000284615e-05,2,1,2
4,V0-V3,1,3,V3->V0,V1,V0,,-1,-1,True,1.704200000007816e-05,3.637500000008842e-05,2,1,2
4,V0-V3,1,3,V3->V0,V1,V2,,-1,-1,True,1.5250000000133213e-05,3.4417000000175335e-05,2,1,2
4,V0-V3,1,3,V3->V0,V1,V3,,-1,-1,True,1.7459000000386027e-05,3.604099999998667e-05,2,1,2
4,V0-V3,1,3,V3->V0,V2,V0,,-1,-1,True,2.062499999988532e-05,4.649999999983834e-05,2,1,2
4,V0-V3,1,3,V3->V0,V2,V1,,-1,-1,True,1.8499999999921357e-05,6.837500000012042e-05,2,1,2
4,V0-V3,1,3,V3->V0,V2,V3,,-1,-1,True,1.8417000000159334e-05,6.89170000001127e-05,2,1,2
4,V0-V3,1,3,V3->V0,V3,V0,,1,1,True,1.7166000000123915e-05,3.6791999999952196e-05,1,1,2
4,V0-V3,1,3,V3->V0,V3,V1,,-1,-1,True,4.787499999991951e-05,7.799999999980045e-05,2,1,2
4,V0-V3,1,3,V3->V0,V3,V2,,-1,-1,True,3.879199999978766e-05,5.500000000013827e-05,2,1,2
4,V0-V3 V1-V2,2,9,V0-V3 V1-V2,V0,V1,,-1,-1,True,8.01250000002085e-05,2.2125000000094985e-05,1,0,1
4,V0-V3 V1-V2,2,9,V0-V3 V1-V2,V0,V2,,-1,-1,True,7.741699999996854e-05,2.1792000000075973e-05,1,0,1
4,V0-V3 V1-V2,2,9,V0-V3 V1-V2,V1,V0,,-1,-1,True,7.766700000022553e-05,2.0999999999826713e-05,1,0,1
4,V0-V3 V1-V2,2,9,V0-V3 V1-V2,V1,V3,,-1,-1,True,7.679200000021424e-05,2.1041000000110444e-05,1,0,1
4,V0-V3 V1-V2,2,9,V0-V3 V1-V2,V2,V0,,-1,-1,True,7.687499999997627e-05,2.0541999999679206e-05,1,0,1
4,V0-V3 V1-V2,2,9,V0-V3 V1-V2,V2,V3,,-1,-1,True,7.808300000000656e-05,2.0834000000302666e-05,1,0,1
4,V0-V3 V1-V2,2,9,V0-V3 V1-V2,V3,V1,,-1,-1,True,7.854200000023681e-05,2.1041000000110444e-05,1,0,1
4,V0-V3 V1-V2,2,9,V0-V3 V1-V2,V3,V2,,-1,-1,True,7.741699999996854e-05,2.0875000000142307e-05,1,0,1
4,V0-V3 V1-V2,2,9,V0->V3 V1-V2,V0,V1,,-1,-1,True,7.929100000003686e-05,7.337499999993113e-05,2,1,2
4,V0-V3 V1-V2,2,9,V0->V3 V1-V2,V0,V2,,-1,-1,True,7.783300000019366e-05,7.220799999974048e-05,2,1,2
4,V0-V3 V1-V2,2,9,V0->V3 V1-V2,V0,V3,,1,1,True,2.2167000000017367e-05,6.14159999998698e-05,1,1,2
4,V0-V3 V1-V2,2,9,V0->V3 V1-V2,V1,V0,,-1,-1,True,7.687500000042036e-05,7.07079999999749e-05,2,1,2
4,V0-V3 V1-V2,2,9,V0->V3 V1-V2,V1,V3,,-1,-1,True,7.808399999964521e-05,7.237500000023545e-05,2,1,2
4,V0-V3 V1-V2,2,9,V0->V3 V1-V2,V2,V0,,-1,-1,True,7.83339999999022e-05,7.908300000014634e-05,2,1,2
4,V0-V3 V1-V2,2,9,V0->V3 V1-V2,V2,V3,,-1,-1,True,7.883299999988935e-05,7.145800000030178e-05,2,1,2
4,V0-V3 V1-V2,2,9,V0->V3 V1-V2,V3,V1,,-1,-1,True,7.783300000019366e-05,7.079199999981967e-05,2,1,2
4,V0-V3 V1-V2,2,9,V0->V3 V1-V2,V3,V2,,-1,-1,True,7.650000000003487e-05,6.970799999983512e-05,2,1,2
4,V0-V3 V1-V2,2,9,V1->V2 V0-V3,V0,V1,,-1,-1,True,7.800000000024454e-05,6.86669999998557e-05,2,1,2
4,V0-V3 V1-V2,2,9,V1->V2 V0-V3,V0,V2,,-1,-1,True,7.699999999966067e-05,7.00000000000145e-05,2,1,2
4,V0-V3 V1-V2,2,9,V1->V2 V0-V3,V1,V0,,-1,-1,True,7.733299999967969e-05,6.887500000019031e-05,2,1,2
4,V0-V3 V1-V2,2,9,V1->V2 V0-V3,V1,V2,,1,1,True,1.8542000000287828e-05,5.6124999999962455e-05,1,1,2
4,V0-V3 V1-V2,2,9,V1->V2 V0-V3,V1,V3,,-1,-1,True,7.583299999991411e-05,6.858300000001094e-05,2,1,2
4,V0-V3 V1-V2,2,9,V1->V2 V0-V3,V2,V0,,-1,-1,True,7.783300000019366e-05,7.058399999992915e-05,2,1,2
4,V0-V3 V1-V2,2,9,V1->V2 V0-V3,V2,V3,,-1,-1,True,7.683400000013663e-05,7.395799999976305e-05,2,1,2
4,V0-V3 V1-V2,2,9,V1->V2 V0-V3,V3,V1,,-1,-1,True,7.816699999985133e-05,7.025000000027148e-05,2,1,2
4,V0-V3 V1-V2,2,9,V1->V2 V0-V3,V3,V2,,-1,-1,True,7.570799999978561e-05,6.991700000025247e-05,2,1,2
4,V0-V3 V1-V2,2,9,V2->V1 V0-V3,V0,V1,,-1,-1,True,7.820800000013506e-05,7.44169999999933e-05,2,1,2
4,V0-V3 V1-V2,2,9,V2->V1 V0-V3,V0,V2,,-1,-1,True,7.829099999989708e-05,6.966699999999548e-05,2,1,2
4,V0-V3 V1-V2,2,9,V2->V1 V0-V3,V1,V0,,-1,-1,True,7.804200000016692e-05,7.112499999983868e-05,2,1,2
4,V0-V3 V1-V2,2,9,V2->V1 V0-V3,V1,V3,,-1,-1,True,7.783300000019366e-05,7.045899999980065e-05,2,1,2
4,V0-V3 V1-V2,2,9,V2->V1 V0-V3,V2,V0,,-1,-1,True,7.825000000005744e-05,6.812499999986343e-05,2,1,2
4,V0-V3 V1-V2,2,9,V2->V1 V0-V3,V2,V1,,1,1,True,1.5208999999849482e-05,5.454100000035211e-05,1,1,2
4,V0-V3 V1-V2,2,9,V2->V1 V0-V3,V2,V3,,-1,-1,True,7.883399999997209e-05,7.058299999984641e-05,2,1,2
4,V0-V3 V1-V2,2,9,V2->V1 V0-V3,V3,V1,,-1,-1,True,7.787500000011605e-05,7.175000000003706e-05,2,1,2
4,V0-V3 V1-V2,2,9,V2->V1 V0-V3,V3,V2,,-1,-1,True,7.958300000021623e-05,0.00010020900000018429,2,1,2
4,V0-V3 V1-V2,2,9,V3->V0 V1-V2,V0,V1,,-1,-1,True,0.00010920800000002728,0.00010145900000013697,2,1,2
4,V0-V3 V1-V2,2,9,V3->V0 V1-V2,V0,V2,,-1,-1,True,9.466599999985448e-05,9.862500000012986e-05,2,1,2
4,V0-V3 V1-V2,2,9,V3->V0 V1-V2,V1,V0,,-1,-1,True,7.870800000020495e-05,7.42919999998648e-05,2,1,2
4,V0-V3 V1-V2,2,9,V3->V0 V1-V2,V1,V3,,-1,-1,True,8.962500000020412e-05,0.0001546669999998862,2,1,2
4,V0-V3 V1-V2,2,9,V3->V0 V1-V2,V2,V0,,-1,-1,True,8.09999999997757e-05,0.00013062500000016186,2,1,2
4,V0-V3 V1-V2,2,9,V3->V0 V1-V2,V2,V3,,-1,-1,True,9.837499999987287e-05,8.187499999978698e-05,2,1,2
4,V0-V3 V1-V2,2,9,V3->V0 V1-V2,V3,V0,,1,1,True,1.5791000000042743e-05,5.6916999999767626e-05,1,1,2
4,V0-V3 V1-V2,2,9,V3->V0 V1-V2,V3,V1,,-1,-1,True,8.058299999991192e-05,7.3208999999963e-05,2,1,2
4,V0-V3 V1-V2,2,9,V3->V0 V1-V2,V3,V2,,-1,-1,True,7.887499999981173e-05,7.116699999976106e-05,2,1,2
4,V0-V3 V1-V2,2,9,V0->V3 V1->V2,V0,V1,,-1,-1,True,8.058399999999466e-05,0.00017787500000032708,4,4,4
4,V0-V3 V1-V2,2,9,V0->V3 V1->V2,V0,V2,,-1,-1,True,8.112499999990419e-05,0.00017837499999995288,4,4,4
4,V0-V3 V1-V2,2,9,V0->V3 V1->V2,V0,V3,,1,1,True,3.6791999999952196e-05,7.358299999982165e-05,1,2,3
4,V0-V3 V1-V2,2,9,V0->V3 V1->V2,V1,V0,,-1,-1,True,8.13330000002388e-05,0.0001716249999996755,4,4,4
4,V0-V3 V1-V2,2,9,V0->V3 V1->V2,V1,V2,,1,1,True,2.454199999979423e-05,6.43750000000054e-05,1,2,2
4,V0-V3 V1-V2,2,9,V0->V3 V1->V2,V1,V3,,-1,-1,True,8.191700000015345e-05,0.00017316599999972482,4,4,4
4,V0-V3 V1-V2,2,9,V0->V3 V1->V2,V2,V0,,-1,-1,True,8.162499999997408e-05,0.0001765000000002459,4,4,4
4,V0-V3 V1-V2,2,9,V0->V3 V1->V2,V2,V3,,-1,-1,True,8.191700000015345e-05,0.0001759169999999699,4,4,4
4,V0-V3 V1-V2,2,9,V0->V3 V1->V2,V3,V1,,-1,-1,True,0.00010237499999998789,0.00022199999999994446,4,4,4
4,V0-V3 V1-V2,2,9,V0->V3 V1->V2,V3,V2,,-1,-1,True,9.766699999991246e-05,0.000181874999999998,4,4,4
4,V0-V3 V1-V2,2,9,V0->V3 V2->V1,V0,V1,,-1,-1,True,8.216699999996635e-05,0.00017229100000015762,4,4,4
4,V0-V3 V1-V2,2,9,V0->V3 V2->V1,V0,V2,,-1,-1,True,7.891600000009547e-05,0.00016616700000016138,4,4,4
4,V0-V3 V1-V2,2,9,V0->V3 V2->V1,V0,V3,,1,1,True,3.6000000000147026e-05,7.07079999999749e-05,1,2,3
4,V0-V3 V1-V2,2,9,V0->V3 V2->V1,V1,V0,,-1,-1,True,7.829099999989708e-05,0.00016916700000013662,4,4,4
4,V0-V3 V1-V2,2,9,V0->V3 V2->V1,V1,V3,,-1,-1,True,8.07499999999628e-05,0.00017399999999989646,4,4,4
4,V0-V3 V1-V2,2,9,V0->V3 V2->V1,V2,V0,,-1,-1,True,8.083399999980756e-05,0.0001680410000002297,4,4,4
4,V0-V3 V1-V2,2,9,V0->V3 V2->V1,V2,V1,,1,1,True,1.6374999999957396e-05,5.783300000006264e-05,1,2,2
4,V0-V3 V1-V2,2,9,V0->V3 V2->V1,V2,V3,,-1,-1,True,7.945800000008774e-05,0.00017049999999985133,4,4,4
4,V0-V3 V1-V2,2,9,V0->V3 V2->V1,V3,V1,,-1,-1,True,8.141700000008356e-05,0.00017574999999991903,4,4,4
4,V0-V3 V1-V2,2,9,V0->V3 V2->V1,V3,V2,,-1,-1,True,8.004200000000239e-05,0.00018074999999972974,4,4,4
4,V0-V3 V1-V2,2,9,V1->V2 V3->V0,V0,V1,,-1,-1,True,8.137500000016118e-05,0.00017408299999965848,4,4,4
4,V0-V3 V1-V2,2,9,V1->V2 V3->V0,V0,V2,,-1,-1,True,8.179099999994222e-05,0.00017962500000034964,4,4,4
4,V0-V3 V1-V2,2,9,V1->V2 V3->V0,V1,V0,,-1,-1,True,8.245900000014572e-05,0.00023079099999989694,4,4,4
4,V0-V3 V1-V2,2,9,V1->V2 V3->V0,V1,V2,,1,1,True,3.3875000000183064e-05,8.220799999980599e-05,1,2,3
4,V0-V3 V1-V2,2,9,V1->V2 V3->V0,V1,V3,,-1,-1,True,0.00013241600000002407,0.00024783400000005784,4,4,4
4,V0-V3 V1-V2,2,9,V1->V2 V3->V0,V2,V0,,-1,-1,True,0.00012233399999983519,0.00021916600000038144,4,4,4
4,V0-V3 V1-V2,2,9,V1->V2 V3->V0,V2,V3,,-1,-1,True,8.18329999998646e-05,0.00017570900000007939,4,4,4
4,V0-V3 V1-V2,2,9,V1->V2 V3->V0,V3,V0,,1,1,True,2.8207999999807498e-05,9.337500000006216e-05,1,2,2
4,V0-V3 V1-V2,2,9,V1->V2 V3->V0,V3,V1,,-1,-1,True,0.00010012499999989544,0.00027599999999994296,4,4,4
4,V0-V3 V1-V2,2,9,V1->V2 V3->V0,V3,V2,,-1,-1,True,0.00010533300000004076,0.000181541999999979,4,4,4
4,V0-V3 V1-V2,2,9,V2->V1 V3->V0,V0,V1,,-1,-1,True,8.254199999990774e-05,0.00017537499999997763,4,4,4
4,V0-V3 V1-V2,2,9,V2->V1 V3->V0,V0,V2,,-1,-1,True,7.987499999995151e-05,0.00017154199999991349,4,4,4
4,V0-V3 V1-V2,2,9,V2->V1 V3->V0,V1,V0,,-1,-1,True,8.12080000001103e-05,0.00017274999999994378,4,4,4
4,V0-V3 V1-V2,2,9,V2->V1 V3->V0,V1,V3,,-1,-1,True,8.058300000035601e-05,0.00016891699999987964,4,4,4
4,V0-V3 V1-V2,2,9,V2->V1 V3->V0,V2,V0,,-1,-1,True,8.066699999975668e-05,0.00016862500000014435,4,4,4
4,V0-V3 V1-V2,2,9,V2->V1 V3->V0,V2,V1,,1,1,True,2.4666999999922723e-05,6.712500000016774e-05,1,2,3
4,V0-V3 V1-V2,2,9,V2->V1 V3->V0,V2,V3,,-1,-1,True,7.920899999991349e-05,0.000172000000000061,4,4,4
4,V0-V3 V1-V2,2,9,V2->V1 V3->V0,V3,V0,,1,1,True,1.6332999999590925e-05,5.750000000004363e-05,1,2,2
4,V0-V3 V1-V2,2,9,V2->V1 V3->V0,V3,V1,,-1,-1,True,8.062500000027839e-05,0.0001693339999997434,4,4,4
4,V0-V3 V1-V2,2,9,V2->V1 V3->V0,V3,V2,,-1,-1,True,8.01669999996868e-05,0.0001938329999999766,4,4,4
4,V0-V3 V1-V2 V1-V3,3,10,V1->V2 V0-V3 V1-V3,V1,V2,,1,1,True,4.0166999999868835e-05,0.00011570800000004766,1,1,2
4,V0-V3 V1-V2 V1-V3,3,10,V3->V0 V1-V2 V1-V3,V3,V0,,1,1,True,2.429199999998133e-05,9.754100000014532e-05,1,1,2
4,V0-V3 V1-V2 V1-V3,3,10,V1->V2 V3->V0 V1-V3,V1,V2,,1,1,True,6.562499999995808e-05,0.00013341600000016385,1,2,3
4,V0-V3 V1-V2 V1-V3,3,10,V1->V2 V3->V0 V1-V3,V3,V0,,1,1,True,2.3625000000304652e-05,0.00018258400000004116,1,2,2
4,V0-V3 V1-V2 V1-V3,3,10,V1->V2 V3->V1 V0-V3,V1,V2,,2,2,True,0.0001087079999999574,0.0002661670000003724,2,3,3
4,V0-V3 V1-V2 V1-V3,3,10,V1->V2 V3->V1 V0-V3,V3,V1,,1,1,True,3.4917000000245224e-05,9.254099999989052e-05,1,2,2
4,V0-V3 V1-V2 V1-V3,3,10,V1->V2 V3->V1 V0-V3,V3,V2,,1,1,True,5.3000000000302805e-05,0.0001553749999998466,1,2,2
4,V0-V3 V1-V2 V1-V3,3,10,V1->V3 V3->V0 V1-V2,V1,V0,,1,1,True,5.908300000001532e-05,9.75830000000677e-05,1,2,2
4,V0-V3 V1-V2 V1-V3,3,10,V1->V3 V3->V0 V1-V2,V1,V3,,1,1,True,2.95840000004155e-05,8.608299999979252e-05,1,2,2
4,V0-V3 V1-V2 V1-V3,3,10,V1->V3 V3->V0 V1-V2,V3,V0,,2,2,True,4.733299999992724e-05,0.0001679580000000236,2,3,3
4,V0-V3 V1-V2 V1-V3,3,10,V0->V3 V1->V2 V3->V1,V0,V1,,1,1,True,4.466599999997101e-05,8.07499999999628e-05,1,3,2
4,V0-V3 V1-V2 V1-V3,3,10,V0->V3 V1->V2 V3->V1,V0,V2,,1,1,True,4.9584000000102435e-05,8.166600000025781e-05,1,3,2
4,V0-V3 V1-V2 V1-V3,3,10,V0->V3 V1->V2 V3->V1,V0,V3,,1,1,True,4.029199999999733e-05,7.62079999998555e-05,1,3,2
4,V0-V3 V1-V2 V1-V3,3,10,V0->V3 V1->V2 V3->V1,V1,V2,,3,3,True,6.420799999995452e-05,0.00024470799999987136,3,6,4
4,V0-V3 V1-V2 V1-V3,3,10,V0->V3 V1->V2 V3->V1,V3,V1,,2,2,True,3.999999999981796e-05,0.00014700000000011926,2,5,3
4,V0-V3 V1-V2 V1-V3,3,10,V0->V3 V1->V2 V3->V1,V3,V2,,2,2,True,4.429200000011235e-05,0.00014699999999967517,2,5,3
4,V0-V3 V1-V2 V1-V3,3,10,V1->V2 V1->V3 V3->V0,V1,V0,,1,1,True,3.1749999999775014e-05,8.75410000000798e-05,1,3,2
4,V0-V3 V1-V2 V1-V3,3,10,V1->V2 V1->V3 V3->V0,V1,V2,,1,1,True,8.01250000002085e-05,9.66249999998503e-05,1,3,3
4,V0-V3 V1-V2 V1-V3,3,10,V1->V2 V1->V3 V3->V0,V1,V3,,1,1,True,3.03339999998542e-05,8.316600000002339e-05,1,3,2
4,V0-V3 V1-V2 V1-V3,3,10,V1->V2 V1->V3 V3->V0,V3,V0,,2,2,True,8.783300000025918e-05,0.00025208399999998576,2,5,4
4,V0-V3 V1-V2 V1-V3,3,10,V1->V2 V3->V0 V3->V1,V1,V2,,2,2,True,8.341699999991903e-05,0.00022612500000018798,2,5,5
4,V0-V3 V1-V2 V1-V3,3,10,V1->V2 V3->V0 V3->V1,V3,V0,,1,1,True,3.445900000009772e-05,9.216599999994912e-05,1,3,3
4,V0-V3 V1-V2 V1-V3,3,10,V1->V2 V3->V0 V3->V1,V3,V1,,1,1,True,3.3667000000292546e-05,7.950000000001012e-05,1,3,2
4,V0-V3 V1-V2 V1-V3,3,10,V1->V2 V3->V0 V3->V1,V3,V2,,1,1,True,3.820899999995575e-05,7.920799999983075e-05,1,3,2
4,V0-V3 V1-V2 V1-V3,3,10,V1->V3 V2->V1 V3->V0,V1,V0,,2,2,True,3.8290999999635034e-05,0.00015504200000027168,2,5,3
4,V0-V3 V1-V2 V1-V3,3,10,V1->V3 V2->V1 V3->V0,V1,V3,,2,2,True,3.612499999983143e-05,0.00015029199999982978,2,5,3
4,V0-V3 V1-V2 V1-V3,3,10,V1->V3 V2->V1 V3->V0,V2,V0,,1,1,True,3.2292000000211374e-05,7.408299999989154e-05,1,3,2
4,V0-V3 V1-V2 V1-V3,3,10,V1->V3 V2->V1 V3->V0,V2,V1,,1,1,True,2.6500000000151402e-05,6.883299999982384e-05,1,3,2
4,V0-V3 V1-V2 V1-V3,3,10,V1->V3 V2->V1 V3->V0,V2,V3,,1,1,True,2.8457999999620398e-05,6.933300000033782e-05,1,3,2
4,V0-V3 V1-V2 V1-V3,3,10,V1->V3 V2->V1 V3->V0,V3,V0,,3,3,True,4.816700000009888e-05,0.00022920799999992525,3,6,4
4,V0-V3 V1-V2 V1-V3 V2-V3,4,32,V3->V0 V1-V2 V1-V3 V2-V3,V3,V0,,1,1,True,4.608299999997456e-05,0.00026658299999970936,1,1,2
4,V0-V3 V1-V2 V1-V3 V2-V3,4,32,V1->V2 V3->V0 V1-V3 V2-V3,V3,V0,,1,1,True,3.3332999999746704e-05,0.0001757920000002855,1,2,2
4,V0-V3 V1-V2 V1-V3 V2-V3,4,32,V1->V3 V3->V0 V1-V2 V2-V3,V3,V0,,2,2,True,9.633300000011502e-05,0.0003108749999998217,2,3,3
4,V0-V3 V1-V2 V1-V3 V2-V3,4,32,V2->V1 V3->V0 V1-V3 V2-V3,V3,V0,,1,1,True,3.5207999999897766e-05,0.00017966699999982794,1,2,2
4,V0-V3 V1-V2 V1-V3 V2-V3,4,32,V2->V3 V3->V0 V1-V2 V1-V3,V3,V0,,2,2,True,9.55419999999485e-05,0.0003047919999996651,2,3,3
4,V0-V3 V1-V2 V1-V3 V2-V3,4,32,V3->V0 V3->V1 V1-V2 V2-V3,V3,V0,,1,1,True,6.804100000001867e-05,0.00033541700000006003,1,2,3
4,V0-V3 V1-V2 V1-V3 V2-V3,4,32,V3->V0 V3->V2 V1-V2 V1-V3,V3,V0,,1,1,True,7.141599999993531e-05,0.0002669170000002552,1,2,3
4,V0-V3 V1-V2 V1-V3 V2-V3,4,32,V3->V1 V3->V2 V0-V3 V1-V2,V3,V1,,1,1,True,7.254199999984223e-05,0.0002050829999999948,1,2,2
4,V0-V3 V1-V2 V1-V3 V2-V3,4,32,V3->V1 V3->V2 V0-V3 V1-V2,V3,V2,,1,1,True,7.012500000014299e-05,0.00019704099999984237,1,2,2
4,V0-V3 V1-V2 V1-V3 V2-V3,4,32,V0->V3 V3->V1 V3->V2 V1-V2,V0,V1,,1,1,True,7.925000000019722e-05,0.00013045899999974964,1,3,2
4,V0-V3 V1-V2 V1-V3 V2-V3,4,32,V0->V3 V3->V1 V3->V2 V1-V2,V0,V2,,1,1,True,8.533299999990973e-05,0.0001281670000001789,1,3,2
4,V0-V3 V1-V2 V1-V3 V2-V3,4,32,V0->V3 V3->V1 V3->V2 V1-V2,V0,V3,,1,1,True,6.6540999999809e-05,0.00011975000000008507,1,3,2
4,V0-V3 V1-V2 V1-V3 V2-V3,4,32,V0->V3 V3->V1 V3->V2 V1-V2,V3,V1,,2,2,True,9.700000000023579e-05,0.0002944999999998643,2,5,3
4,V0-V3 V1-V2 V1-V3 V2-V3,4,32,V0->V3 V3->V1 V3->V2 V1-V2,V3,V2,,2,2,True,0.00011649999999985283,0.00034904200000029917,2,5,3
4,V0-V3 V1-V2 V1-V3 V2-V3,4,32,V1->V2 V1->V3 V3->V0 V2-V3,V1,V0,,1,1,True,5.283300000025193e-05,0.0001517079999997506,1,3,2
4,V0-V3 V1-V2 V1-V3 V2-V3,4,32,V1->V2 V1->V3 V3->V0 V2-V3,V1,V2,,1,1,True,4.999999999988347e-05,0.00014295800000008185,1,3,2
4,V0-V3 V1-V2 V1-V3 V2-V3,4,32,V1->V2 V1->V3 V3->V0 V2-V3,V1,V3,,1,1,True,4.625000000002544e-05,0.00013654199999990624,1,3,2
4,V0-V3 V1-V2 V1-V3 V2-V3,4,32,V1->V2 V1->V3 V3->V0 V2-V3,V3,V0,,2,2,True,8.270799999987588e-05,0.00032404200000035743,2,5,4
4,V0-V3 V1-V2 V1-V3 V2-V3,4,32,V1->V2 V3->V0 V3->V2 V1-V3,V3,V0,,1,1,True,5.100000000002325e-05,0.00017358300000003268,1,3,3
4,V0-V3 V1-V2 V1-V3 V2-V3,4,32,V1->V2 V3->V1 V3->V2 V0-V3,V1,V2,V3,1,1,True,5.3999999999998494e-05,0.00013954100000024283,1,3,2
4,V0-V3 V1-V2 V1-V3 V2-V3,4,32,V1->V2 V3->V1 V3->V2 V0-V3,V3,V1,,1,1,True,5.9250000000066194e-05,0.00014020900000000225,1,3,2
4,V0-V3 V1-V2 V1-V3 V2-V3,4,32,V1->V2 V3->V1 V3->V2 V0-V3,V3,V2,,1,1,True,6.370899999996738e-05,0.00014208300000007057,1,3,2
4,V0-V3 V1-V2 V1-V3 V2-V3,4,32,V1->V3 V2->V3 V3->V0 V1-V2,V3,V0,,3,3,True,0.00018216700000017738,0.0007277499999998049,4,8,5
4,V0-V3 V1-V2 V1-V3 V2-V3,4,32,V2->V1 V2->V3 V3->V0 V1-V3,V2,V0,,1,1,True,8.008399999992477e-05,0.00021791599999998468,1,3,2
4,V0-V3 V1-V2 V1-V3 V2-V3,4,32,V2->V1 V2->V3 V3->V0 V1-V3,V2,V1,,1,1,True,5.304200000022519e-05,0.00014695799999975279,1,3,2
4,V0-V3 V1-V2 V1-V3 V2-V3,4,32,V2->V1 V2->V3 V3->V0 V1-V3,V2,V3,,1,1,True,4.975000000007057e-05,0.0001434589999997904,1,3,2
4,V0-V3 V1-V2 V1-V3 V2-V3,4,32,V2->V1 V2->V3 V3->V0 V1-V3,V3,V0,,2,2,True,8.091700000001367e-05,0.0003233329999998702,2,5,4
4,V0-V3 V1-V2 V1-V3 V2-V3,4,32,V2->V1 V3->V0 V3->V1 V2-V3,V3,V0,,1,1,True,4.995799999996109e-05,0.00017375000000008356,1,3,3
4,V0-V3 V1-V2 V1-V3 V2-V3,4,32,V2->V1 V3->V1 V3->V2 V0-V3,V2,V1,V3,1,1,True,4.820799999993852e-05,0.0001502500000003515,1,3,2
4,V0-V3 V1-V2 V1-V3 V2-V3,4,32,V2->V1 V3->V1 V3->V2 V0-V3,V3,V1,,1,1,True,6.604200000026594e-05,0.00014587499999985098,1,3,2
4,V0-V3 V1-V2 V1-V3 V2-V3,4,32,V2->V1 V3->V1 V3->V2 V0-V3,V3,V2,,1,1,True,8.170800000018019e-05,0.00017845899999979764,1,3,2
4,V0-V3 V1-V2 V1-V3 V2-V3,4,32,V3->V0 V3->V1 V3->V2 V1-V2,V3,V0,,1,1,True,0.00010041700000007481,0.0001894159999999978,1,3,4
4,V0-V3 V1-V2 V1-V3 V2-V3,4,32,V3->V0 V3->V1 V3->V2 V1-V2,V3,V1,,1,1,True,5.487500000000978e-05,0.00016037499999965732,1,3,2
4,V0-V3 V1-V2 V1-V3 V2-V3,4,32,V3->V0 V3->V1 V3->V2 V1-V2,V3,V2,,1,1,True,5.416700000004937e-05,0.0001562079999999355,1,3,2
4,V0-V3 V1-V2 V1-V3 V2-V3,4,32,V0->V3 V1->V2 V3->V1 V3->V2,V0,V1,,1,1,True,8.975000000033262e-05,0.0001323339999999007,1,4,3
4,V0-V3 V1-V2 V1-V3 V2-V3,4,32,V0->V3 V1->V2 V3->V1 V3->V2,V0,V2,,1,1,True,9.262499999973528e-05,0.00012929200000000307,1,4,3
4,V0-V3 V1-V2 V1-V3 V2-V3,4,32,V0->V3 V1->V2 V3->V1 V3->V2,V0,V3,,1,1,True,7.758299999993667e-05,0.00012016699999994884,1,4,3
4,V0-V3 V1-V2 V1-V3 V2-V3,4,32,V0->V3 V1->V2 V3->V1 V3->V2,V1,V2,V3,1,1,True,6.225000000004144e-05,0.00011399999999994748,1,4,2
4,V0-V3 V1-V2 V1-V3 V2-V3,4,32,V0->V3 V1->V2 V3->V1 V3->V2,V3,V1,,2,2,True,7.583399999999685e-05,0.0003568329999996678,3,10,5
4,V0-V3 V1-V2 V1-V3 V2-V3,4,32,V0->V3 V1->V2 V3->V1 V3->V2,V3,V2,,2,2,True,8.100000000021979e-05,0.00036129200000001305,3,10,5
4,V0-V3 V1-V2 V1-V3 V2-V3,4,32,V0->V3 V2->V1 V3->V1 V3->V2,V0,V1,,1,1,True,9.35410000000303e-05,0.00013179199999990843,1,4,3
4,V0-V3 V1-V2 V1-V3 V2-V3,4,32,V0->V3 V2->V1 V3->V1 V3->V2,V0,V2,,1,1,True,8.616699999963728e-05,0.00023970800000006065,1,4,3
4,V0-V3 V1-V2 V1-V3 V2-V3,4,32,V0->V3 V2->V1 V3->V1 V3->V2,V0,V3,,1,1,True,8.054099999998954e-05,0.00014708399999996402,1,4,3
4,V0-V3 V1-V2 V1-V3 V2-V3,4,32,V0->V3 V2->V1 V3->V1 V3->V2,V2,V1,V3,1,1,True,5.21670000002139e-05,0.00011479099999966991,1,4,2
4,V0-V3 V1-V2 V1-V3 V2-V3,4,32,V0->V3 V2->V1 V3->V1 V3->V2,V3,V1,,2,2,True,9.358299999995268e-05,0.0005809580000000203,3,10,5
4,V0-V3 V1-V2 V1-V3 V2-V3,4,32,V0->V3 V2->V1 V3->V1 V3->V2,V3,V2,,2,2,True,0.00012929200000000307,0.0003824579999998079,3,10,5
4,V0-V3 V1-V2 V1-V3 V2-V3,4,32,V1->V2 V1->V3 V2->V3 V3->V0,V1,V0,,1,1,True,7.558400000018395e-05,0.00013512499999990268,1,4,3
4,V0-V3 V1-V2 V1-V3 V2-V3,4,32,V1->V2 V1->V3 V2->V3 V3->V0,V1,V2,,1,1,True,6.708299999980127e-05,0.00012270800000013793,1,4,3
4,V0-V3 V1-V2 V1-V3 V2-V3,4,32,V1->V2 V1->V3 V2->V3 V3->V0,V1,V3,,1,1,True,6.612500000002797e-05,0.00012462499999976728,1,4,3
4,V0-V3 V1-V2 V1-V3 V2-V3,4,32,V1->V2 V1->V3 V2->V3 V3->V0,V2,V0,V1,1,1,True,6.295900000008459e-05,0.00011733299999994173,1,4,2
4,V0-V3 V1-V2 V1-V3 V2-V3,4,32,V1->V2 V1->V3 V2->V3 V3->V0,V2,V3,V1,1,1,True,5.754199999996601e-05,0.00011366599999984572,1,4,2
4,V0-V3 V1-V2 V1-V3 V2-V3,4,32,V1->V2 V1->V3 V2->V3 V3->V0,V3,V0,,3,3,True,0.0001232500000001302,0.0005644579999999344,4,12,7
4,V0-V3 V1-V2 V1-V3 V2-V3,4,32,V1->V2 V1->V3 V3->V0 V3->V2,V1,V0,,1,1,True,7.183399999988183e-05,0.0001352080000001088,1,4,3
4,V0-V3 V1-V2 V1-V3 V2-V3,4,32,V1->V2 V1->V3 V3->V0 V3->V2,V1,V2,,1,1,True,0.00010791700000023496,0.00013758299999988566,1,4,3
4,V0-V3 V1-V2 V1-V3 V2-V3,4,32,V1->V2 V1->V3 V3->V0 V3->V2,V1,V3,,1,1,True,6.287500000023982e-05,0.00012587499999971996,1,4,3
4,V0-V3 V1-V2 V1-V3 V2-V3,4,32,V1->V2 V1->V3 V3->V0 V3->V2,V3,V0,,2,2,True,7.316700000004062e-05,0.0004139160000002917,3,10,6
4,V0-V3 V1-V2 V1-V3 V2-V3,4,32,V1->V2 V1->V3 V3->V0 V3->V2,V3,V2,V1,1,1,True,3.0250000000009436e-05,0.00010729099999995384,1,4,2
4,V0-V3 V1-V2 V1-V3 V2-V3,4,32,V1->V2 V3->V0 V3->V1 V3->V2,V1,V2,V3,1,1,True,4.058399999973261e-05,0.00010850000000006688,1,4,2
4,V0-V3 V1-V2 V1-V3 V2-V3,4,32,V1->V2 V3->V0 V3->V1 V3->V2,V3,V0,,1,1,True,6.241700000009232e-05,0.000136665999999952,1,4,3
4,V0-V3 V1-V2 V1-V3 V2-V3,4,32,V1->V2 V3->V0 V3->V1 V3->V2,V3,V1,,1,1,True,5.633399999993571e-05,0.00011354099999971723,1,4,2
4,V0-V3 V1-V2 V1-V3 V2-V3,4,32,V1->V2 V3->V0 V3->V1 V3->V2,V3,V2,,1,1,True,5.80420000000359e-05,0.00011254200000010428,1,4,2
4,V0-V3 V1-V2 V1-V3 V2-V3,4,32,V1->V3 V2->V1 V2->V3 V3->V0,V1,V0,V2,1,1,True,2.5791999999746906e-05,9.866700000005224e-05,1,4,2
4,V0-V3 V1-V2 V1-V3 V2-V3,4,32,V1->V3 V2->V1 V2->V3 V3->V0,V1,V3,V2,1,1,True,2.5458000000089243e-05,9.941699999993503e-05,1,4,2
4,V0-V3 V1-V2 V1-V3 V2-V3,4,32,V1->V3 V2->V1 V2->V3 V3->V0,V2,V0,,1,1,True,4.374999999967599e-05,0.00010583300000011064,1,4,2
4,V0-V3 V1-V2 V1-V3 V2-V3,4,32,V1->V3 V2->V1 V2->V3 V3->V0,V2,V1,,1,1,True,3.908400000041112e-05,0.00010137499999984811,1,4,2
4,V0-V3 V1-V2 V1-V3 V2-V3,4,32,V1->V3 V2->V1 V2->V3 V3->V0,V2,V3,,1,1,True,3.933400000022402e-05,0.00010220799999993702,1,4,2
4,V0-V3 V1-V2 V1-V3 V2-V3,4,32,V1->V3 V2->V1 V2->V3 V3->V0,V3,V0,,3,3,True,0.0001300829999997255,0.0008965420000000002,6,16,8
4,V0-V3 V1-V2 V1-V3 V2-V3,4,32,V2->V1 V2->V3 V3->V0 V3->V1,V2,V0,,1,1,True,7.479099999985195e-05,0.00013541700000008206,1,4,3
4,V0-V3 V1-V2 V1-V3 V2-V3,4,32,V2->V1 V2->V3 V3->V0 V3->V1,V2,V1,,1,1,True,7.058299999984641e-05,0.00012554200000014504,1,4,3
4,V0-V3 V1-V2 V1-V3 V2-V3,4,32,V2->V1 V2->V3 V3->V0 V3->V1,V2,V3,,1,1,True,8.5874999999902e-05,0.00020074999999986076,1,4,3
4,V0-V3 V1-V2 V1-V3 V2-V3,4,32,V2->V1 V2->V3 V3->V0 V3->V1,V3,V0,,2,2,True,8.437499999969233e-05,0.0004632909999999768,3,10,6
4,V0-V3 V1-V2 V1-V3 V2-V3,4,32,V2->V1 V2->V3 V3->V0 V3->V1,V3,V1,V2,1,1,True,3.0790999999918967e-05,0.00010770899999990036,1,4,2
4,V0-V3 V1-V2 V1-V3 V2-V3,4,32,V2->V1 V3->V0 V3->V1 V3->V2,V2,V1,V3,1,1,True,3.5165999999975384e-05,0.00011383399999997934,1,4,2
4,V0-V3 V1-V2 V1-V3 V2-V3,4,32,V2->V1 V3->V0 V3->V1 V3->V2,V3,V0,,1,1,True,6.429100000016064e-05,0.0001289999999998237,1,4,3
4,V0-V3 V1-V2 V1-V3 V2-V3,4,32,V2->V1 V3->V0 V3->V1 V3->V2,V3,V1,,1,1,True,5.891700000004718e-05,0.00011683299999987184,1,4,2
4,V0-V3 V1-V2 V1-V3 V2-V3,4,32,V2->V1 V3->V0 V3->V1 V3->V2,V3,V2,,1,1,True,5.6415999999614996e-05,0.00011337500000019318,1,4,2
4,V0-V3 V1-V2 V2-V3,3,10,V2->V1 V0-V3 V2-V3,V2,V1,,1,1,True,3.120799999978274e-05,0.00011158300000024823,1,1,2
4,V0-V3 V1-V2 V2-V3,3,10,V3->V0 V1-V2 V2-V3,V3,V0,,1,1,True,2.4541000000155577e-05,9.620899999962518e-05,1,1,2
4,V0-V3 V1-V2 V2-V3,3,10,V2->V1 V3->V0 V2-V3,V2,V1,,1,1,True,4.6166999999819325e-05,0.0001228750000001888,1,2,3
4,V0-V3 V1-V2 V2-V3,3,10,V2->V1 V3->V0 V2-V3,V3,V0,,1,1,True,2.458399999971661e-05,0.00010708300000006332,1,2,2
4,V0-V3 V1-V2 V2-V3,3,10,V2->V1 V3->V2 V0-V3,V2,V1,,2,2,True,5.633299999985297e-05,0.0001925420000001843,2,3,3
4,V0-V3 V1-V2 V2-V3,3,10,V2->V1 V3->V2 V0-V3,V3,V1,,1,1,True,4.8790999999770435e-05,0.00014166699999984544,1,2,2
4,V0-V3 V1-V2 V2-V3,3,10,V2->V1 V3->V2 V0-V3,V3,V2,,1,1,True,3.579100000017377e-05,8.791700000010394e-05,1,2,2
4,V0-V3 V1-V2 V2-V3,3,10,V2->V3 V3->V0 V1-V2,V2,V0,,1,1,True,3.904099999996191e-05,0.00017283400000023263,1,2,2
4,V0-V3 V1-V2 V2-V3,3,10,V2->V3 V3->V0 V1-V2,V2,V3,,1,1,True,6.729199999977453e-05,0.000140000000000029,1,2,2
4,V0-V3 V1-V2 V2-V3,3,10,V2->V3 V3->V0 V1-V2,V3,V0,,2,2,True,5.154099999993278e-05,0.00023879200000020973,2,3,3
4,V0-V3 V1-V2 V2-V3,3,10,V0->V3 V2->V1 V3->V2,V0,V1,,1,1,True,7.95419999999325e-05,0.00011208299999987403,1,3,2
4,V0-V3 V1-V2 V2-V3,3,10,V0->V3 V2->V1 V3->V2,V0,V2,,1,1,True,6.945900000010496e-05,0.0001239580000000906,1,3,2
4,V0-V3 V1-V2 V2-V3,3,10,V0->V3 V2->V1 V3->V2,V0,V3,,1,1,True,4.212500000022601e-05,7.97919999997454e-05,1,3,2
4,V0-V3 V1-V2 V2-V3,3,10,V0->V3 V2->V1 V3->V2,V2,V1,,3,3,True,5.395800000007611e-05,0.0002399170000000339,3,6,4
4,V0-V3 V1-V2 V2-V3,3,10,V0->V3 V2->V1 V3->V2,V3,V1,,2,2,True,4.7792000000157486e-05,0.00015187499999980147,2,5,3
4,V0-V3 V1-V2 V2-V3,3,10,V0->V3 V2->V1 V3->V2,V3,V2,,2,2,True,4.154199999995001e-05,0.0001520409999997696,2,5,3
4,V0-V3 V1-V2 V2-V3,3,10,V1->V2 V2->V3 V3->V0,V1,V0,,1,1,True,4.4374999999874376e-05,8.40840000000398e-05,1,3,2
4,V0-V3 V1-V2 V2-V3,3,10,V1->V2 V2->V3 V3->V0,V1,V2,,1,1,True,3.579100000017377e-05,7.458400000004417e-05,1,3,2
4,V0-V3 V1-V2 V2-V3,3,10,V1->V2 V2->V3 V3->V0,V1,V3,,1,1,True,3.975000000000506e-05,7.729200000028413e-05,1,3,2
4,V0-V3 V1-V2 V2-V3,3,10,V1->V2 V2->V3 V3->V0,V2,V0,,2,2,True,4.600000000021254e-05,0.00015687500000005627,2,5,3
4,V0-V3 V1-V2 V2-V3,3,10,V1->V2 V2->V3 V3->V0,V2,V3,,2,2,True,4.1207999999848255e-05,0.00015229200000010934,2,5,3
4,V0-V3 V1-V2 V2-V3,3,10,V1->V2 V2->V3 V3->V0,V3,V0,,3,3,True,4.7791000000074746e-05,0.00023708400000010954,3,6,4
4,V0-V3 V1-V2 V2-V3,3,10,V2->V1 V2->V3 V3->V0,V2,V0,,1,1,True,3.3833999999899333e-05,9.154100000019483e-05,1,3,2
4,V0-V3 V1-V2 V2-V3,3,10,V2->V1 V2->V3 V3->V0,V2,V1,,1,1,True,5.6708000000238457e-05,0.00011879199999986767,1,3,3
4,V0-V3 V1-V2 V2-V3,3,10,V2->V1 V2->V3 V3->V0,V2,V3,,1,1,True,5.1666000000061274e-05,8.699999999972619e-05,1,3,2
4,V0-V3 V1-V2 V2-V3,3,10,V2->V1 V2->V3 V3->V0,V3,V0,,2,2,True,4.0708000000222455e-05,0.00018845899999986315,2,5,4
4,V0-V3 V1-V2 V2-V3,3,10,V2->V1 V3->V0 V3->V2,V2,V1,,2,2,True,6.287500000023982e-05,0.00020829099999986056,2,5,5
4,V0-V3 V1-V2 V2-V3,3,10,V2->V1 V3->V0 V3->V2,V3,V0,,1,1,True,3.4417000000175335e-05,9.208299999974301e-05,1,3,3
4,V0-V3 V1-V2 V2-V3,3,10,V2->V1 V3->V0 V3->V2,V3,V1,,1,1,True,3.9375000000063665e-05,7.987499999995151e-05,1,3,2
4,V0-V3 V1-V2 V2-V3,3,10,V2->V1 V3->V0 V3->V2,V3,V2,,1,1,True,3.6542000000139296e-05,7.987499999995151e-05,1,3,2
4,V0-V3 V1-V3,2,6,V0-V3 V1-V3,V0,V2,,-1,-1,True,5.3291999999594e-05,1.8291000000392188e-05,1,0,1
4,V0-V3 V1-V3,2,6,V0-V3 V1-V3,V1,V2,,-1,-1,True,5.1709000000066396e-05,1.7750000000038568e-05,1,0,1
4,V0-V3 V1-V3,2,6,V0-V3 V1-V3,V2,V0,,-1,-1,True,4.8542000000040275e-05,1.6291999999751283e-05,1,0,1
4,V0-V3 V1-V3,2,6,V0-V3 V1-V3,V2,V1,,-1,-1,True,4.820799999993852e-05,1.6042000000382473e-05,1,0,1
4,V0-V3 V1-V3,2,6,V0-V3 V1-V3,V2,V3,,-1,-1,True,4.533300000009177e-05,1.5292000000055594e-05,1,0,1
4,V0-V3 V1-V3,2,6,V0-V3 V1-V3,V3,V2,,-1,-1,True,4.8249999999860904e-05,1.6334000000117754e-05,1,0,1
4,V0-V3 V1-V3,2,6,V3->V0 V1-V3,V0,V2,,-1,-1,True,5.224999999997593e-05,7.583299999991411e-05,2,1,2
4,V0-V3 V1-V3,2,6,V3->V0 V1-V3,V1,V2,,-1,-1,True,5.233299999973795e-05,6.941700000018258e-05,2,1,2
4,V0-V3 V1-V3,2,6,V3->V0 V1-V3,V2,V0,,-1,-1,True,4.9583000000019695e-05,7.095900000031463e-05,2,1,2
4,V0-V3 V1-V3,2,6,V3->V0 V1-V3,V2,V1,,-1,-1,True,4.808399999989277e-05,6.550000000027367e-05,2,1,2
4,V0-V3 V1-V3,2,6,V3->V0 V1-V3,V2,V3,,-1,-1,True,4.599999999976845e-05,6.695800000011687e-05,2,1,2
4,V0-V3 V1-V3,2,6,V3->V0 V1-V3,V3,V0,,1,1,True,1.6125000000144496e-05,5.620799999972448e-05,1,1,2
4,V0-V3 V1-V3,2,6,V3->V0 V1-V3,V3,V2,,-1,-1,True,8.06249999998343e-05,6.675000000022635e-05,2,1,2
4,V0-V3 V1-V3,2,6,V3->V1 V0-V3,V0,V2,,-1,-1,True,5.1958999999879296e-05,6.679100000006599e-05,2,1,2
4,V0-V3 V1-V3,2,6,V3->V1 V0-V3,V1,V2,,-1,-1,True,5.1707999999983656e-05,6.754199999958743e-05,2,1,2
4,V0-V3 V1-V3,2,6,V3->V1 V0-V3,V2,V0,,-1,-1,True,7.904199999986261e-05,8.2791000000082e-05,2,1,2
4,V0-V3 V1-V3,2,6,V3->V1 V0-V3,V2,V1,,-1,-1,True,5.187500000003453e-05,7.145799999985769e-05,2,1,2
4,V0-V3 V1-V3,2,6,V3->V1 V0-V3,V2,V3,,-1,-1,True,4.808299999981003e-05,7.012500000014299e-05,2,1,2
4,V0-V3 V1-V3,2,6,V3->V1 V0-V3,V3,V1,,1,1,True,2.224999999977939e-05,6.487500000007529e-05,1,1,2
4,V0-V3 V1-V3,2,6,V3->V1 V0-V3,V3,V2,,-1,-1,True,4.833300000006702e-05,6.641700000020734e-05,2,1,2
4,V0-V3 V1-V3,2,6,V0->V3 V3->V1,V0,V1,,1,1,True,2.983299999970157e-05,7.733300000012377e-05,1,2,2
4,V0-V3 V1-V3,2,6,V0->V3 V3->V1,V0,V2,,-1,-1,True,8.104100000005943e-05,0.0001484170000001228,3,3,3
4,V0-V3 V1-V3,2,6,V0->V3 V3->V1,V0,V3,,1,1,True,3.716599999981085e-05,6.87919999999842e-05,1,2,2
4,V0-V3 V1-V3,2,6,V0->V3 V3->V1,V1,V2,,-1,-1,True,5.608300000004007e-05,0.00012504200000007515,3,3,3
4,V0-V3 V1-V3,2,6,V0->V3 V3->V1,V2,V0,,-1,-1,True,5.033300000034657e-05,0.00011187499999998352,3,3,3
4,V0-V3 V1-V3,2,6,V0->V3 V3->V1,V2,V1,,-1,-1,True,4.9041999999666075e-05,0.00011087500000028783,3,3,3
4,V0-V3 V1-V3,2,6,V0->V3 V3->V1,V2,V3,,-1,-1,True,4.65839999996831e-05,0.00010762500000005559,3,3,3
4,V0-V3 V1-V3,2,6,V0->V3 V3->V1,V3,V1,,2,2,True,2.6040999999921155e-05,0.0001049590000001821,2,3,3
4,V0-V3 V1-V3,2,6,V0->V3 V3->V1,V3,V2,,-1,-1,True,4.858399999996266e-05,0.00011049999999990234,3,3,3
4,V0-V3 V1-V3,2,6,V1->V3 V3->V0,V0,V2,,-1,-1,True,5.27919999999682e-05,0.00011499999999964317,3,3,3
4,V0-V3 V1-V3,2,6,V1->V3 V3->V0,V1,V0,,1,1,True,2.3375000000047663e-05,5.829099999976606e-05,1,2,2
4,V0-V3 V1-V3,2,6,V1->V3 V3->V0,V1,V2,,-1,-1,True,5.287499999973022e-05,0.00011520900000006051,3,3,3
4,V0-V3 V1-V3,2,6,V1->V3 V3->V0,V1,V3,,1,1,True,2.224999999977939e-05,5.758299999980565e-05,1,2,2
4,V0-V3 V1-V3,2,6,V1->V3 V3->V0,V2,V0,,-1,-1,True,5.0625000000081855e-05,0.00011337499999974909,3,3,3
4,V0-V3 V1-V3,2,6,V1->V3 V3->V0,V2,V1,,-1,-1,True,5.075000000021035e-05,0.00010970800000009717,3,3,3
4,V0-V3 V1-V3,2,6,V1->V3 V3->V0,V2,V3,,-1,-1,True,4.6708000000172945e-05,0.00010933399999979443,3,3,3
4,V0-V3 V1-V3,2,6,V1->V3 V3->V0,V3,V0,,2,2,True,2.2041999999888873e-05,0.00010020800000010155,2,3,3
4,V0-V3 V1-V3,2,6,V1->V3 V3->V0,V3,V2,,-1,-1,True,4.787499999991951e-05,0.00011241599999989305,3,3,3
4,V0-V3 V1-V3,2,6,V3->V0 V3->V1,V0,V2,,-1,-1,True,5.370800000026321e-05,0.00022483299999986883,4,4,4
4,V0-V3 V1-V3,2,6,V3->V0 V3->V1,V1,V2,,-1,-1,True,5.3999999999998494e-05,0.0001749590000001966,4,4,4
4,V0-V3 V1-V3,2,6,V3->V0 V3->V1,V2,V0,,-1,-1,True,5.025000000014046e-05,0.00017075000000010832,4,4,4
4,V0-V3 V1-V3,2,6,V3->V0 V3->V1,V2,V1,,-1,-1,True,5.158299999985516e-05,0.00017191700000029897,4,4,4
4,V0-V3 V1-V3,2,6,V3->V0 V3->V1,V2,V3,,-1,-1,True,4.8499999999673804e-05,0.0001695840000000004,4,4,4
4,V0-V3 V1-V3,2,6,V3->V0 V3->V1,V3,V0,,1,1,True,2.666700000020228e-05,7.041599999979553e-05,1,2,3
4,V0-V3 V1-V3,2,6,V3->V0 V3->V1,V3,V1,,1,1,True,2.1332999999845725e-05,5.870800000007392e-05,1,2,2
4,V0-V3 V1-V3,2,6,V3->V0 V3->V1,V3,V2,,-1,-1,True,4.916699999979457e-05,0.00016404100000011468,4,4,4
4,V0-V3 V1-V3 V2-V3,3,11,V3->V0 V1-V3 V2-V3,V3,V0,,1,1,True,2.3415999999887305e-05,0.00010037500000015243,1,1,2
4,V0-V3 V1-V3 V2-V3,3,11,V3->V1 V0-V3 V2-V3,V3,V1,,1,1,True,2.9166999999663545e-05,0.00010891699999993065,1,1,2
4,V0-V3 V1-V3 V2-V3,3,11,V3->V2 V0-V3 V1-V3,V3,V2,,1,1,True,3.449999999993736e-05,0.00011279099999983444,1,1,2
4,V0-V3 V1-V3 V2-V3,3,11,V3->V0 V3->V1 V2-V3,V3,V0,,1,1,True,3.866600000002052e-05,0.0001284169999999918,1,2,3
4,V0-V3 V1-V3 V2-V3,3,11,V3->V0 V3->V1 V2-V3,V3,V1,,1,1,True,2.904199999997914e-05,0.00010495800000009936,1,2,2
4,V0-V3 V1-V3 V2-V3,3,11,V3->V0 V3->V2 V1-V3,V3,V0,,1,1,True,3.899999999967818e-05,0.00011933300000022129,1,2,3
4,V0-V3 V1-V3 V2-V3,3,11,V3->V0 V3->V2 V1-V3,V3,V2,,1,1,True,3.825000000023948e-05,0.00010920800000002728,1,2,2
4,V0-V3 V1-V3 V2-V3,3,11,V3->V1 V3->V2 V0-V3,V3,V1,,1,1,True,4.83749999999894e-05,0.00012658300000012446,1,2,3
4,V0-V3 V1-V3 V2-V3,3,11,V3->V1 V3->V2 V0-V3,V3,V2,,1,1,True,3.9166000000090406e-05,0.00010883400000016863,1,2,2
4,V0-V3 V1-V3 V2-V3,3,11,V0->V3 V3->V1 V3->V2,V0,V1,,1,1,True,4.733299999992724e-05,8.195900000007583e-05,1,3,2
4,V0-V3 V1-V3 V2-V3,3,11,V0->V3 V3->V1 V3->V2,V0,V2,,1,1,True,4.69170000001462e-05,8.03750000000214e-05,1,3,2
4,V0-V3 V1-V3 V2-V3,3,11,V0->V3 V3->V1 V3->V2,V0,V3,,1,1,True,0.000114791000000114,7.695899999982103e-05,1,3,2
4,V0-V3 V1-V3 V2-V3,3,11,V0->V3 V3->V1 V3->V2,V3,V1,,2,2,True,5.6666999999954726e-05,0.00021612500000012247,2,5,4
4,V0-V3 V1-V3 V2-V3,3,11,V0->V3 V3->V1 V3->V2,V3,V2,,2,2,True,4.441600000015811e-05,0.00017529199999977152,2,5,3
4,V0-V3 V1-V3 V2-V3,3,11,V1->V3 V3->V0 V3->V2,V1,V0,,1,1,True,4.049999999988785e-05,8.183399999994734e-05,1,3,2
4,V0-V3 V1-V3 V2-V3,3,11,V1->V3 V3->V0 V3->V2,V1,V2,,1,1,True,4.0167000000312925e-05,7.845799999994796e-05,1,3,2
4,V0-V3 V1-V3 V2-V3,3,11,V1->V3 V3->V0 V3->V2,V1,V3,,1,1,True,3.608299999990905e-05,7.495799999990282e-05,1,3,2
4,V0-V3 V1-V3 V2-V3,3,11,V1->V3 V3->V0 V3->V2,V3,V0,,2,2,True,4.3832999999882105e-05,0.00018137499999992812,2,5,4
4,V0-V3 V1-V3 V2-V3,3,11,V1->V3 V3->V0 V3->V2,V3,V2,,2,2,True,4.44579999996364e-05,0.0001710000000003653,2,5,3
4,V0-V3 V1-V3 V2-V3,3,11,V2->V3 V3->V0 V3->V1,V2,V0,,1,1,True,3.433299999988648e-05,7.812499999992895e-05,1,3,2
4,V0-V3 V1-V3 V2-V3,3,11,V2->V3 V3->V0 V3->V1,V2,V1,,1,1,True,3.474999999975026e-05,7.779200000035402e-05,1,3,2
4,V0-V3 V1-V3 V2-V3,3,11,V2->V3 V3->V0 V3->V1,V2,V3,,1,1,True,3.0750000000079325e-05,7.36670000001105e-05,1,3,2
4,V0-V3 V1-V3 V2-V3,3,11,V2->V3 V3->V0 V3->V1,V3,V0,,2,2,True,4.683299999985735e-05,0.00018791699999987088,2,5,4
4,V0-V3 V1-V3 V2-V3,3,11,V2->V3 V3->V0 V3->V1,V3,V1,,2,2,True,3.445800000001498e-05,0.00016924999999989865,2,5,3
4,V0-V3 V1-V3 V2-V3,3,11,V3->V0 V3->V1 V3->V2,V3,V0,,1,1,True,5.6874999999845244e-05,0.00011316699999985858,1,3,4
4,V0-V3 V1-V3 V2-V3,3,11,V3->V0 V3->V1 V3->V2,V3,V1,,1,1,True,3.8083000000188605e-05,0.00010049999999983683,1,3,3
4,V0-V3 V1-V3 V2-V3,3,11,V3->V0 V3->V1 V3->V2,V3,V2,,1,1,True,3.825000000023948e-05,8.729199999990556e-05,1,3,2
4,V0-V3 V2-V3,2,6,V0-V3 V2-V3,V0,V1,,-1,-1,True,5.2166999999769814e-05,1.8208000000186075e-05,1,0,1
4,V0-V3 V2-V3,2,6,V0-V3 V2-V3,V1,V0,,-1,-1,True,5.608300000004007e-05,3.425000000012446e-05,1,0,1
4,V0-V3 V2-V3,2,6,V0-V3 V2-V3,V1,V2,,-1,-1,True,7.050000000008438e-05,1.908399999983601e-05,1,0,1
4,V0-V3 V2-V3,2,6,V0-V3 V2-V3,V1,V3,,-1,-1,True,4.833300000006702e-05,1.7167000000206656e-05,1,0,1
4,V0-V3 V2-V3,2,6,V0-V3 V2-V3,V2,V1,,-1,-1,True,5.204200000008541e-05,1.7332999999730703e-05,1,0,1
4,V0-V3 V2-V3,2,6,V0-V3 V2-V3,V3,V1,,-1,-1,True,4.783299999999713e-05,1.620799999990652e-05,1,0,1
4,V0-V3 V2-V3,2,6,V3->V0 V2-V3,V0,V1,,-1,-1,True,5.2165999999687074e-05,0.0001277500000003151,2,1,2
4,V0-V3 V2-V3,2,6,V3->V0 V2-V3,V1,V0,,-1,-1,True,6.204200000015092e-05,0.0001127499999999948,2,1,2
4,V0-V3 V2-V3,2,6,V3->V0 V2-V3,V1,V2,,-1,-1,True,4.945800000033529e-05,7.07079999999749e-05,2,1,2
4,V0-V3 V2-V3,2,6,V3->V0 V2-V3,V1,V3,,-1,-1,True,4.649999999983834e-05,6.675000000022635e-05,2,1,2
4,V0-V3 V2-V3,2,6,V3->V0 V2-V3,V2,V1,,-1,-1,True,5.0874999999894754e-05,6.75839999999539e-05,2,1,2
4,V0-V3 V2-V3,2,6,V3->V0 V2-V3,V3,V0,,1,1,True,1.570900000036346e-05,5.683299999992286e-05,1,1,2
4,V0-V3 V2-V3,2,6,V3->V0 V2-V3,V3,V1,,-1,-1,True,4.712500000003672e-05,6.454200000005628e-05,2,1,2
4,V0-V3 V2-V3,2,6,V3->V2 V0-V3,V0,V1,,-1,-1,True,5.312499999998721e-05,6.787500000005053e-05,2,1,2
4,V0-V3 V2-V3,2,6,V3->V2 V0-V3,V1,V0,,-1,-1,True,4.8249999999860904e-05,6.549999999982958e-05,2,1,2
4,V0-V3 V2-V3,2,6,V3->V2 V0-V3,V1,V2,,-1,-1,True,4.991699999967736e-05,7.07079999999749e-05,2,1,2
4,V0-V3 V2-V3,2,6,V3->V2 V0-V3,V1,V3,,-1,-1,True,4.6457999999915955e-05,6.670899999994262e-05,2,1,2
4,V0-V3 V2-V3,2,6,V3->V2 V0-V3,V2,V1,,-1,-1,True,5.2750000000045816e-05,7.216699999990084e-05,2,1,2
4,V0-V3 V2-V3,2,6,V3->V2 V0-V3,V3,V1,,-1,-1,True,4.766599999994625e-05,6.691699999983314e-05,2,1,2
4,V0-V3 V2-V3,2,6,V3->V2 V0-V3,V3,V2,,1,1,True,2.0082999999893048e-05,6.250000000029843e-05,1,1,2
4,V0-V3 V2-V3,2,6,V0->V3 V3->V2,V0,V1,,-1,-1,True,5.30419999997811e-05,0.0001131249999999362,3,3,3
4,V0-V3 V2-V3,2,6,V0->V3 V3->V2,V0,V2,,1,1,True,2.8665999999955005e-05,5.699999999997374e-05,1,2,2
4,V0-V3 V2-V3,2,6,V0->V3 V3->V2,V0,V3,,1,1,True,2.5541999999934006e-05,5.41249999996829e-05,1,2,2
4,V0-V3 V2-V3,2,6,V0->V3 V3->V2,V1,V0,,-1,-1,True,5.025000000014046e-05,0.00010774999999974,3,3,3
4,V0-V3 V2-V3,2,6,V0->V3 V3->V2,V1,V2,,-1,-1,True,7.691699999989865e-05,0.00016970800000004616,3,3,3
4,V0-V3 V2-V3,2,6,V0->V3 V3->V2,V1,V3,,-1,-1,True,4.737499999984962e-05,0.00011020800000016706,3,3,3
4,V0-V3 V2-V3,2,6,V0->V3 V3->V2,V2,V1,,-1,-1,True,5.179099999974568e-05,0.0001452500000000967,3,3,3
4,V0-V3 V2-V3,2,6,V0->V3 V3->V2,V3,V1,,-1,-1,True,4.770799999986863e-05,0.00010916700000018764,3,3,3
4,V0-V3 V2-V3,2,6,V0->V3 V3->V2,V3,V2,,2,2,True,2.4958000000019354e-05,0.00010108300000011283,2,3,3
4,V0-V3 V2-V3,2,6,V2->V3 V3->V0,V0,V1,,-1,-1,True,5.199999999971894e-05,0.00011208300000031812,3,3,3
4,V0-V3 V2-V3,2,6,V2->V3 V3->V0,V1,V0,,-1,-1,True,4.83749999999894e-05,0.00010887500000000827,3,3,3
4,V0-V3 V2-V3,2,6,V2->V3 V3->V0,V1,V2,,-1,-1,True,4.895899999990405e-05,0.00010420800000021657,3,3,3
4,V0-V3 V2-V3,2,6,V2->V3 V3->V0,V1,V3,,-1,-1,True,4.7000000000352316e-05,0.00010804199999991937,3,3,3
4,V0-V3 V2-V3,2,6,V2->V3 V3->V0,V2,V0,,1,1,True,2.4374999999743352e-05,5.650000000034794e-05,1,2,2
4,V0-V3 V2-V3,2,6,V2->V3 V3->V0,V2,V1,,-1,-1,True,5.154200000001552e-05,0.00011666599999982097,3,3,3
4,V0-V3 V2-V3,2,6,V2->V3 V3->V0,V2,V3,,1,1,True,2.1666000000308827e-05,5.5375000000079666e-05,1,2,2
4,V0-V3 V2-V3,2,6,V2->V3 V3->V0,V3,V0,,2,2,True,2.1540999999736243e-05,9.987500000008254e-05,2,3,3
4,V0-V3 V2-V3,2,6,V2->V3 V3->V0,V3,V1,,-1,-1,True,4.920900000016104e-05,0.00011166600000001026,3,3,3
4,V0-V3 V2-V3,2,6,V3->V0 V3->V2,V0,V1,,-1,-1,True,5.212500000029152e-05,0.00016850000000001586,4,4,4
4,V0-V3 V2-V3,2,6,V3->V0 V3->V2,V1,V0,,-1,-1,True,4.97079999997041e-05,0.000169792000000335,4,4,4
4,V0-V3 V2-V3,2,6,V3->V0 V3->V2,V1,V2,,-1,-1,True,4.89580000002654e-05,0.00016354200000012753,4,4,4
4,V0-V3 V2-V3,2,6,V3->V0 V3->V2,V1,V3,,-1,-1,True,4.629199999994782e-05,0.00016133299999987472,4,4,4
4,V0-V3 V2-V3,2,6,V3->V0 V3->V2,V2,V1,,-1,-1,True,5.1666000000061274e-05,0.00016791699999973986,4,4,4
4,V0-V3 V2-V3,2,6,V3->V0 V3->V2,V3,V0,,1,1,True,2.533400000004349e-05,6.970799999983512e-05,1,2,3
4,V0-V3 V2-V3,2,6,V3->V0 V3->V2,V3,V1,,-1,-1,True,4.758400000026697e-05,0.00019354099999979724,4,4,4
4,V0-V3 V2-V3,2,6,V3->V0 V3->V2,V3,V2,,1,1,True,2.1584000000185455e-05,0.00010233300000006551,1,2,2
4,V1->V0 V1->V2 V3->V0 V3->V2 V0-V2,1,3,V1->V0 V1->V2 V3->V0 V3->V2 V0-V2,V1,V0,V3,-1,-1,True,3.116600000030445e-05,1.8458999999637626e-05,1,0,1
4,V1->V0 V1->V2 V3->V0 V3->V2 V0-V2,1,3,V1->V0 V1->V2 V3->V0 V3->V2 V0-V2,V1,V2,V3,-1,-1,True,2.9708000000017165e-05,1.749999999978158e-05,1,0,1
4,V1->V0 V1->V2 V3->V0 V3->V2 V0-V2,1,3,V1->V0 V1->V2 V3->V0 V3->V2 V0-V2,V1,V3,,-1,-1,True,2.983399999978431e-05,2.7833000000310193e-05,1,0,1
4,V1->V0 V1->V2 V3->V0 V3->V2 V0-V2,1,3,V1->V0 V1->V2 V3->V0 V3->V2 V0-V2,V3,V0,V1,-1,-1,True,5.258399999963359e-05,4.916600000015592e-05,1,0,1
4,V1->V0 V1->V2 V3->V0 V3->V2 V0-V2,1,3,V1->V0 V1->V2 V3->V0 V3->V2 V0-V2,V3,V1,,-1,-1,True,4.1458000000105244e-05,1.4750000000063324e-05,1,0,1
4,V1->V0 V1->V2 V3->V0 V3->V2 V0-V2,1,3,V1->V0 V1->V2 V3->V0 V3->V2 V0-V2,V3,V2,V1,-1,-1,True,3.9124999999806676e-05,2.01670000001819e-05,1,0,1
4,V1->V0 V1->V2 V3->V0 V3->V2 V0-V2,1,3,V0->V2 V1->V0 V1->V2 V3->V0 V3->V2,V0,V2,V1|V3,1,1,True,4.7999999999603915e-05,8.066700000020077e-05,1,1,2
4,V1->V0 V1->V2 V3->V0 V3->V2 V0-V2,1,3,V0->V2 V1->V0 V1->V2 V3->V0 V3->V2,V1,V0,V3,-1,-1,True,3.162500000009061e-05,6.4000000000064e-05,2,1,2
4,V1->V0 V1->V2 V3->V0 V3->V2 V0-V2,1,3,V0->V2 V1->V0 V1->V2 V3->V0 V3->V2,V1,V2,V3,-1,-1,True,2.8750000000243858e-05,6.137500000003016e-05,2,1,2
4,V1->V0 V1->V2 V3->V0 V3->V2 V0-V2,1,3,V0->V2 V1->V0 V1->V2 V3->V0 V3->V2,V1,V3,,-1,-1,True,2.170799999978712e-05,5.420900000041584e-05,2,1,2
4,V1->V0 V1->V2 V3->V0 V3->V2 V0-V2,1,3,V0->V2 V1->V0 V1->V2 V3->V0 V3->V2,V3,V0,V1,-1,-1,True,3.0500000000266425e-05,6.050000000001887e-05,2,1,2
4,V1->V0 V1->V2 V3->V0 V3->V2 V0-V2,1,3,V0->V2 V1->V0 V1->V2 V3->V0 V3->V2,V3,V1,,-1,-1,True,2.2583000000242492e-05,5.395900000015885e-05,2,1,2
4,V1->V0 V1->V2 V3->V0 V3->V2 V0-V2,1,3,V0->V2 V1->V0 V1->V2 V3->V0 V3->V2,V3,V2,V1,-1,-1,True,2.908299999981878e-05,6.0625000000147367e-05,2,1,2
4,V1->V0 V1->V2 V3->V0 V3->V2 V0-V2,1,3,V1->V0 V1->V2 V2->V0 V3->V0 V3->V2,V1,V0,V3,-1,-1,True,2.8874999999928264e-05,5.99580000000266e-05,2,1,2
4,V1->V0 V1->V2 V3->V0 V3->V2 V0-V2,1,3,V1->V0 V1->V2 V2->V0 V3->V0 V3->V2,V1,V2,V3,-1,-1,True,2.879099999963941e-05,5.895900000041365e-05,2,1,2
4,V1->V0 V1->V2 V3->V0 V3->V2 V0-V2,1,3,V1->V0 V1->V2 V2->V0 V3->V0 V3->V2,V1,V3,,-1,-1,True,2.199999999996649e-05,5.329200000003809e-05,2,1,2
4,V1->V0 V1->V2 V3->V0 V3->V2 V0-V2,1,3,V1->V0 V1->V2 V2->V0 V3->V0 V3->V2,V2,V0,V1|V3,1,1,True,2.0457999999834442e-05,5.466700000011926e-05,1,1,2
4,V1->V0 V1->V2 V3->V0 V3->V2 V0-V2,1,3,V1->V0 V1->V2 V2->V0 V3->V0 V3->V2,V3,V0,V1,-1,-1,True,2.9666999999733434e-05,6.0916000000244e-05,2,1,2
4,V1->V0 V1->V2 V3->V0 V3->V2 V0-V2,1,3,V1->V0 V1->V2 V2->V0 V3->V0 V3->V2,V3,V1,,-1,-1,True,2.1625000000025096e-05,5.366599999989674e-05,2,1,2
4,V1->V0 V1->V2 V3->V0 V3->V2 V0-V2,1,3,V1->V0 V1->V2 V2->V0 V3->V0 V3->V2,V3,V2,V1,-1,-1,True,2.9124999999741163e-05,5.999999999994898e-05,2,1,2
4,V1->V0 V1->V3 V2->V0 V2->V3 V0-V3,1,3,V1->V0 V1->V3 V2->V0 V2->V3 V0-V3,V1,V0,V2,-1,-1,True,3.162499999964652e-05,1.8417000000159334e-05,1,0,1
4,V1->V0 V1->V3 V2->V0 V2->V3 V0-V3,1,3,V1->V0 V1->V3 V2->V0 V2->V3 V0-V3,V1,V2,,-1,-1,True,2.245899999975265e-05,1.3583000000316758e-05,1,0,1
4,V1->V0 V1->V3 V2->V0 V2->V3 V0-V3,1,3,V1->V0 V1->V3 V2->V0 V2->V3 V0-V3,V1,V3,V2,-1,-1,True,2.8375000000302464e-05,1.670900000005915e-05,1,0,1
4,V1->V0 V1->V3 V2->V0 V2->V3 V0-V3,1,3,V1->V0 V1->V3 V2->V0 V2->V3 V0-V3,V2,V0,V1,-1,-1,True,2.983300000014566e-05,1.695899999987205e-05,1,0,1
4,V1->V0 V1->V3 V2->V0 V2->V3 V0-V3,1,3,V1->V0 V1->V3 V2->V0 V2->V3 V0-V3,V2,V1,,-1,-1,True,2.1541000000180333e-05,1.283400000007262e-05,1,0,1
4,V1->V0 V1->V3 V2->V0 V2->V3 V0-V3,1,3,V1->V0 V1->V3 V2->V0 V2->V3 V0-V3,V2,V3,V1,-1,-1,True,2.85410000002706e-05,1.6542000000008272e-05,1,0,1
4,V1->V0 V1->V3 V2->V0 V2->V3 V0-V3,1,3,V0->V3 V1->V0 V1->V3 V2->V0 V2->V3,V0,V3,V1|V2,1,1,True,2.874999999979977e-05,6.945900000010496e-05,1,1,2
4,V1->V0 V1->V3 V2->V0 V2->V3 V0-V3,1,3,V0->V3 V1->V0 V1->V3 V2->V0 V2->V3,V1,V0,V2,-1,-1,True,3.033300000021555e-05,8.245800000006298e-05,2,1,2
4,V1->V0 V1->V3 V2->V0 V2->V3 V0-V3,1,3,V0->V3 V1->V0 V1->V3 V2->V0 V2->V3,V1,V2,,-1,-1,True,2.2374999999907885e-05,5.4583999999913146e-05,2,1,2
4,V1->V0 V1->V3 V2->V0 V2->V3 V0-V3,1,3,V0->V3 V1->V0 V1->V3 V2->V0 V2->V3,V1,V3,V2,-1,-1,True,3.0042000000118918e-05,6.079200000019824e-05,2,1,2
4,V1->V0 V1->V3 V2->V0 V2->V3 V0-V3,1,3,V0->V3 V1->V0 V1->V3 V2->V0 V2->V3,V2,V0,V1,-1,-1,True,3.116599999986036e-05,6.0041999999871365e-05,2,1,2
4,V1->V0 V1->V3 V2->V0 V2->V3 V0-V3,1,3,V0->V3 V1->V0 V1->V3 V2->V0 V2->V3,V2,V1,,-1,-1,True,2.2292000000145862e-05,5.870800000007392e-05,2,1,2
4,V1->V0 V1->V3 V2->V0 V2->V3 V0-V3,1,3,V0->V3 V1->V0 V1->V3 V2->V0 V2->V3,V2,V3,V1,-1,-1,True,3.375000000005457e-05,6.137500000003016e-05,2,1,2
4,V1->V0 V1->V3 V2->V0 V2->V3 V0-V3,1,3,V1->V0 V1->V3 V2->V0 V2->V3 V3->V0,V1,V0,V2,-1,-1,True,2.9416999999920534e-05,6.112499999977317e-05,2,1,2
4,V1->V0 V1->V3 V2->V0 V2->V3 V0-V3,1,3,V1->V0 V1->V3 V2->V0 V2->V3 V3->V0,V1,V2,,-1,-1,True,2.1499999999896602e-05,5.387500000031409e-05,2,1,2
4,V1->V0 V1->V3 V2->V0 V2->V3 V0-V3,1,3,V1->V0 V1->V3 V2->V0 V2->V3 V3->V0,V1,V3,V2,-1,-1,True,2.8833000000005882e-05,5.9541999999801476e-05,2,1,2
4,V1->V0 V1->V3 V2->V0 V2->V3 V0-V3,1,3,V1->V0 V1->V3 V2->V0 V2->V3 V3->V0,V2,V0,V1,-1,-1,True,3.0166000000164672e-05,6.212499999991294e-05,2,1,2
4,V1->V0 V1->V3 V2->V0 V2->V3 V0-V3,1,3,V1->V0 V1->V3 V2->V0 V2->V3 V3->V0,V2,V1,,-1,-1,True,2.2041999999888873e-05,5.316700000035368e-05,2,1,2
4,V1->V0 V1->V3 V2->V0 V2->V3 V0-V3,1,3,V1->V0 V1->V3 V2->V0 V2->V3 V3->V0,V2,V3,V1,-1,-1,True,2.9416000000281883e-05,5.8249999999926416e-05,2,1,2
4,V1->V0 V1->V3 V2->V0 V2->V3 V0-V3,1,3,V1->V0 V1->V3 V2->V0 V2->V3 V3->V0,V3,V0,V1|V2,1,1,True,2.066600000016905e-05,5.487500000000978e-05,1,1,2
4,V1->V0 V2->V0 V1-V3,1,3,V1->V0 V2->V0 V1-V3,V1,V0,V2,-1,-1,True,2.6041000000365244e-05,1.5083999999720987e-05,1,0,1
4,V1->V0 V2->V0 V1-V3,1,3,V1->V0 V2->V0 V1-V3,V1,V2,,-1,-1,True,2.066700000025179e-05,1.229200000008035e-05,1,0,1
4,V1->V0 V2->V0 V1-V3,1,3,V1->V0 V2->V0 V1-V3,V2,V0,V1,-1,-1,True,2.4916999999735623e-05,1.4333000000199547e-05,1,0,1
4,V1->V0 V2->V0 V1-V3,1,3,V1->V0 V2->V0 V1-V3,V2,V1,,-1,-1,True,1.9707999999951653e-05,1.1750000000088079e-05,1,0,1
4,V1->V0 V2->V0 V1-V3,1,3,V1->V0 V2->V0 V1-V3,V2,V3,,-1,-1,True,1.9958000000208642e-05,1.1541999999753472e-05,1,0,1
4,V1->V0 V2->V0 V1-V3,1,3,V1->V0 V2->V0 V1-V3,V3,V2,,-1,-1,True,2.1124999999955207e-05,1.254199999989325e-05,1,0,1
4,V1->V0 V2->V0 V1-V3,1,3,V1->V0 V1->V3 V2->V0,V1,V0,V2,-1,-1,True,2.5249999999754635e-05,5.224999999997593e-05,2,1,2
4,V1->V0 V2->V0 V1-V3,1,3,V1->V0 V1->V3 V2->V0,V1,V2,,-1,-1,True,2.1375000000212196e-05,4.729199999964351e-05,2,1,2
4,V1->V0 V2->V0 V1-V3,1,3,V1->V0 V1->V3 V2->V0,V1,V3,,1,1,True,1.620899999998926e-05,4.687500000022382e-05,1,1,2
4,V1->V0 V2->V0 V1-V3,1,3,V1->V0 V1->V3 V2->V0,V2,V0,V1,-1,-1,True,2.645800000022902e-05,5.1416999999887025e-05,2,1,2
4,V1->V0 V2->V0 V1-V3,1,3,V1->V0 V1->V3 V2->V0,V2,V1,,-1,-1,True,2.0874999999698218e-05,4.558299999990467e-05,2,1,2
4,V1->V0 V2->V0 V1-V3,1,3,V1->V0 V1->V3 V2->V0,V2,V3,,-1,-1,True,2.01670000001819e-05,4.570799999958908e-05,2,1,2
4,V1->V0 V2->V0 V1-V3,1,3,V1->V0 V1->V3 V2->V0,V3,V2,,-1,-1,True,2.1542000000263073e-05,4.891699999998167e-05,2,1,2
4,V1->V0 V2->V0 V1-V3,1,3,V1->V0 V2->V0 V3->V1,V1,V0,V2,-1,-1,True,2.6582999999913426e-05,5.204200000008541e-05,2,1,2
4,V1->V0 V2->V0 V1-V3,1,3,V1->V0 V2->V0 V3->V1,V1,V2,,-1,-1,True,2.1000000000270802e-05,4.8040999999887646e-05,2,1,2
4,V1->V0 V2->V0 V1-V3,1,3,V1->V0 V2->V0 V3->V1,V2,V0,V1,-1,-1,True,2.591700000031949e-05,5.124999999983615e-05,2,1,2
4,V1->V0 V2->V0 V1-V3,1,3,V1->V0 V2->V0 V3->V1,V2,V1,,-1,-1,True,2.012499999981543e-05,4.6666999999889214e-05,2,1,2
4,V1->V0 V2->V0 V1-V3,1,3,V1->V0 V2->V0 V3->V1,V2,V3,,-1,-1,True,2.0500000000200913e-05,4.770799999986863e-05,2,1,2
4,V1->V0 V2->V0 V1-V3,1,3,V1->V0 V2->V0 V3->V1,V3,V0,V2,1,1,True,1.6374999999957396e-05,4.625000000002544e-05,1,1,2
4,V1->V0 V2->V0 V1-V3,1,3,V1->V0 V2->V0 V3->V1,V3,V1,,1,1,True,1.1457999999908708e-05,4.16670000000785e-05,1,1,2
4,V1->V0 V2->V0 V1-V3,1,3,V1->V0 V2->V0 V3->V1,V3,V2,,-1,-1,True,2.1583000000102714e-05,4.6707999999728855e-05,2,1,2
4,V1->V0 V2->V0 V1-V3 V2-V3,2,6,V1->V0 V2->V0 V3->V1 V2-V3,V1,V0,V2,1,1,True,1.962499999974554e-05,6.97500000002016e-05,1,1,2
4,V1->V0 V2->V0 V1-V3 V2-V3,2,6,V1->V0 V2->V0 V3->V1 V2-V3,V3,V1,,1,1,True,1.8750000000178346e-05,6.904100000015845e-05,1,1,2
4,V1->V0 V2->V0 V1-V3 V2-V3,2,6,V1->V0 V2->V0 V3->V2 V1-V3,V2,V0,V1,1,1,True,2.5791000000108255e-05,7.504200000019168e-05,1,1,2
4,V1->V0 V2->V0 V1-V3 V2-V3,2,6,V1->V0 V2->V0 V3->V2 V1-V3,V3,V2,,1,1,True,2.6083000000287626e-05,8.266700000003624e-05,1,1,2
4,V1->V0 V2->V0 V1-V3 V2-V3,2,6,V1->V0 V1->V3 V2->V0 V3->V2,V1,V0,,1,1,True,3.8874999999993776e-05,7.666700000008575e-05,1,2,2
4,V1->V0 V2->V0 V1-V3 V2-V3,2,6,V1->V0 V1->V3 V2->V0 V3->V2,V1,V2,,1,1,True,3.445800000001498e-05,6.93750000002602e-05,1,2,2
4,V1->V0 V2->V0 V1-V3 V2-V3,2,6,V1->V0 V1->V3 V2->V0 V3->V2,V1,V3,,1,1,True,3.095799999996984e-05,6.562499999995808e-05,1,2,2
4,V1->V0 V2->V0 V1-V3 V2-V3,2,6,V1->V0 V1->V3 V2->V0 V3->V2,V2,V0,V1,2,2,True,3.437500000025295e-05,0.0001330419999998611,2,3,3
4,V1->V0 V2->V0 V1-V3 V2-V3,2,6,V1->V0 V1->V3 V2->V0 V3->V2,V3,V0,V1,1,1,True,2.7957999999994598e-05,6.60829999996615e-05,1,2,2
4,V1->V0 V2->V0 V1-V3 V2-V3,2,6,V1->V0 V1->V3 V2->V0 V3->V2,V3,V2,,2,2,True,3.1540999999801755e-05,0.00012733400000008999,2,3,3
4,V1->V0 V2->V0 V1-V3 V2-V3,2,6,V1->V0 V2->V0 V2->V3 V3->V1,V1,V0,V2,2,2,True,2.7584000000135944e-05,0.0001254159999999338,2,3,3
4,V1->V0 V2->V0 V1-V3 V2-V3,2,6,V1->V0 V2->V0 V2->V3 V3->V1,V2,V0,,1,1,True,3.108300000009834e-05,7.058399999992915e-05,1,2,2
4,V1->V0 V2->V0 V1-V3 V2-V3,2,6,V1->V0 V2->V0 V2->V3 V3->V1,V2,V1,,1,1,True,2.74580000003688e-05,6.97499999997575e-05,1,2,2
4,V1->V0 V2->V0 V1-V3 V2-V3,2,6,V1->V0 V2->V0 V2->V3 V3->V1,V2,V3,,1,1,True,2.5500000000011624e-05,6.45000000001339e-05,1,2,2
4,V1->V0 V2->V0 V1-V3 V2-V3,2,6,V1->V0 V2->V0 V2->V3 V3->V1,V3,V0,V2,1,1,True,2.0750000000013813e-05,6.658299999973138e-05,1,2,2
4,V1->V0 V2->V0 V1-V3 V2-V3,2,6,V1->V0 V2->V0 V2->V3 V3->V1,V3,V1,,2,2,True,2.6832999999726326e-05,0.00012412500000014148,2,3,3
4,V1->V0 V2->V0 V1-V3 V2-V3,2,6,V1->V0 V2->V0 V3->V1 V3->V2,V1,V0,V2,1,1,True,3.012499999988094e-05,8.954099999991527e-05,1,2,3
4,V1->V0 V2->V0 V1-V3 V2-V3,2,6,V1->V0 V2->V0 V3->V1 V3->V2,V2,V0,V1,1,1,True,2.116699999987759e-05,8.245800000006298e-05,1,2,2
4,V1->V0 V2->V0 V1-V3 V2-V3,2,6,V1->V0 V2->V0 V3->V1 V3->V2,V3,V0,,1,1,True,2.56670000000625e-05,9.341699999998454e-05,1,2,2
4,V1->V0 V2->V0 V1-V3 V2-V3,2,6,V1->V0 V2->V0 V3->V1 V3->V2,V3,V1,,1,1,True,3.0291999999931818e-05,0.00011350000000032168,1,2,3
4,V1->V0 V2->V0 V1-V3 V2-V3,2,6,V1->V0 V2->V0 V3->V1 V3->V2,V3,V2,,1,1,True,2.616700000013239e-05,7.312500000011823e-05,1,2,2
4,V1->V0 V2->V0 V2-V3,1,3,V1->V0 V2->V0 V2-V3,V1,V0,V2,-1,-1,True,2.745799999992471e-05,1.6000000000016e-05,1,0,1
4,V1->V0 V2->V0 V2-V3,1,3,V1->V0 V2->V0 V2-V3,V1,V2,,-1,-1,True,2.1124999999955207e-05,1.283299999998988e-05,1,0,1
4,V1->V0 V2->V0 V2-V3,1,3,V1->V0 V2->V0 V2-V3,V1,V3,,-1,-1,True,2.0584000000045677e-05,1.2499999999970868e-05,1,0,1
4,V1->V0 V2->V0 V2-V3,1,3,V1->V0 V2->V0 V2-V3,V2,V0,V1,-1,-1,True,2.6791999999886684e-05,1.5125000000004718e-05,1,0,1
4,V1->V0 V2->V0 V2-V3,1,3,V1->V0 V2->V0 V2-V3,V2,V1,,-1,-1,True,2.1250000000083702e-05,1.2458000000048486e-05,1,0,1
4,V1->V0 V2->V0 V2-V3,1,3,V1->V0 V2->V0 V2-V3,V3,V1,,-1,-1,True,2.408400000009081e-05,1.3499999999666557e-05,1,0,1
4,V1->V0 V2->V0 V2-V3,1,3,V1->V0 V2->V0 V2->V3,V1,V0,V2,-1,-1,True,2.666700000020228e-05,5.262499999991732e-05,2,1,2
4,V1->V0 V2->V0 V2-V3,1,3,V1->V0 V2->V0 V2->V3,V1,V2,,-1,-1,True,2.0833000000219926e-05,4.708399999975299e-05,2,1,2
4,V1->V0 V2->V0 V2-V3,1,3,V1->V0 V2->V0 V2->V3,V1,V3,,-1,-1,True,2.1041999999749095e-05,4.6708000000172945e-05,2,1,2
4,V1->V0 V2->V0 V2-V3,1,3,V1->V0 V2->V0 V2->V3,V2,V0,V1,-1,-1,True,2.6624999999835808e-05,5.058300000015947e-05,2,1,2
4,V1->V0 V2->V0 V2-V3,1,3,V1->V0 V2->V0 V2->V3,V2,V1,,-1,-1,True,2.145900000005696e-05,4.554099999998229e-05,2,1,2
4,V1->V0 V2->V0 V2-V3,1,3,V1->V0 V2->V0 V2->V3,V2,V3,,1,1,True,1.5290999999972854e-05,4.362499999999159e-05,1,1,2
4,V1->V0 V2->V0 V2-V3,1,3,V1->V0 V2->V0 V2->V3,V3,V1,,-1,-1,True,2.195900000012685e-05,4.770799999986863e-05,2,1,2
4,V1->V0 V2->V0 V2-V3,1,3,V1->V0 V2->V0 V3->V2,V1,V0,V2,-1,-1,True,2.670900000012466e-05,5.2457999999866445e-05,2,1,2
4,V1->V0 V2->V0 V2-V3,1,3,V1->V0 V2->V0 V3->V2,V1,V2,,-1,-1,True,2.116699999987759e-05,4.649999999983834e-05,2,1,2
4,V1->V0 V2->V0 V2-V3,1,3,V1->V0 V2->V0 V3->V2,V1,V3,,-1,-1,True,2.091700000006469e-05,4.5666000000110785e-05,2,1,2
4,V1->V0 V2->V0 V2-V3,1,3,V1->V0 V2->V0 V3->V2,V2,V0,V1,-1,-1,True,2.6249999999894413e-05,5.079200000013273e-05,2,1,2
4,V1->V0 V2->V0 V2-V3,1,3,V1->V0 V2->V0 V3->V2,V2,V1,,-1,-1,True,2.145799999997422e-05,4.662499999996683e-05,2,1,2
4,V1->V0 V2->V0 V2-V3,1,3,V1->V0 V2->V0 V3->V2,V3,V0,V1,1,1,True,1.616699999962279e-05,4.47910000000995e-05,1,1,2
4,V1->V0 V2->V0 V2-V3,1,3,V1->V0 V2->V0 V3->V2,V3,V1,,-1,-1,True,2.1792000000075973e-05,4.691600000006346e-05,2,1,2
4,V1->V0 V2->V0 V2-V3,1,3,V1->V0 V2->V0 V3->V2,V3,V2,,1,1,True,1.1082999999967313e-05,4.233399999975518e-05,1,1,2
4,V1->V0 V2->V0 V3->V0 V1-V2,1,3,V1->V0 V2->V0 V3->V0 V1-V2,V1,V3,,-1,-1,True,2.4417000000109823e-05,1.4332999999755458e-05,1,0,1
4,V1->V0 V2->V0 V3->V0 V1-V2,1,3,V1->V0 V2->V0 V3->V0 V1-V2,V2,V3,,-1,-1,True,2.32910000002029e-05,1.3916999999974422e-05,1,0,1
4,V1->V0 V2->V0 V3->V0 V1-V2,1,3,V1->V0 V2->V0 V3->V0 V1-V2,V3,V0,V1|V2,-1,-1,True,3.270900000007515e-05,1.82909999999481e-05,1,0,1
4,V1->V0 V2->V0 V3->V0 V1-V2,1,3,V1->V0 V2->V0 V3->V0 V1-V2,V3,V1,,-1,-1,True,5.570800000009868e-05,4.0958999999674006e-05,1,0,1
4,V1->V0 V2->V0 V3->V0 V1-V2,1,3,V1->V0 V2->V0 V3->V0 V1-V2,V3,V2,,-1,-1,True,9.091599999999644e-05,3.6250000000404015e-05,1,0,1
4,V1->V0 V2->V0 V3->V0 V1-V2,1,3,V1->V0 V1->V2 V2->V0 V3->V0,V1,V0,V3,1,1,True,4.5957999999846066e-05,9.924999999988415e-05,1,1,2
4,V1->V0 V2->V0 V3->V0 V1-V2,1,3,V1->V0 V1->V2 V2->V0 V3->V0,V1,V2,,1,1,True,3.429200000004684e-05,9.57919999997614e-05,1,1,2
4,V1->V0 V2->V0 V3->V0 V1-V2,1,3,V1->V0 V1->V2 V2->V0 V3->V0,V1,V3,,-1,-1,True,4.28750000001088e-05,0.0001401249999997134,2,1,2
4,V1->V0 V2->V0 V3->V0 V1-V2,1,3,V1->V0 V1->V2 V2->V0 V3->V0,V2,V0,V1|V3,1,1,True,2.1250000000083702e-05,8.333300000007426e-05,1,1,2
4,V1->V0 V2->V0 V3->V0 V1-V2,1,3,V1->V0 V1->V2 V2->V0 V3->V0,V2,V3,,-1,-1,True,2.458300000007796e-05,7.47500000000123e-05,2,1,2
4,V1->V0 V2->V0 V3->V0 V1-V2,1,3,V1->V0 V1->V2 V2->V0 V3->V0,V3,V0,V1|V2,-1,-1,True,3.266700000015277e-05,6.200000000022854e-05,2,1,2
4,V1->V0 V2->V0 V3->V0 V1-V2,1,3,V1->V0 V1->V2 V2->V0 V3->V0,V3,V1,,-1,-1,True,4.3291999999972575e-05,8.179099999994222e-05,2,1,2
4,V1->V0 V2->V0 V3->V0 V1-V2,1,3,V1->V0 V1->V2 V2->V0 V3->V0,V3,V2,,-1,-1,True,5.187500000003453e-05,0.00013858300000002544,2,1,2
4,V1->V0 V2->V0 V3->V0 V1-V2,1,3,V1->V0 V2->V0 V2->V1 V3->V0,V1,V0,V2|V3,1,1,True,3.8334000000084245e-05,0.0001572080000000753,1,1,2
4,V1->V0 V2->V0 V3->V0 V1-V2,1,3,V1->V0 V2->V0 V2->V1 V3->V0,V1,V3,,-1,-1,True,2.429199999998133e-05,0.00014195799999994207,2,1,2
4,V1->V0 V2->V0 V3->V0 V1-V2,1,3,V1->V0 V2->V0 V2->V1 V3->V0,V2,V0,V3,1,1,True,1.8166999999902345e-05,5.412500000012699e-05,1,1,2
4,V1->V0 V2->V0 V3->V0 V1-V2,1,3,V1->V0 V2->V0 V2->V1 V3->V0,V2,V1,,1,1,True,1.283299999998988e-05,4.562500000027114e-05,1,1,2
4,V1->V0 V2->V0 V3->V0 V1-V2,1,3,V1->V0 V2->V0 V2->V1 V3->V0,V2,V3,,-1,-1,True,2.354200000009854e-05,5.095800000010087e-05,2,1,2
4,V1->V0 V2->V0 V3->V0 V1-V2,1,3,V1->V0 V2->V0 V2->V1 V3->V0,V3,V0,V1|V2,-1,-1,True,3.2541999999580185e-05,5.9291000000349925e-05,2,1,2
4,V1->V0 V2->V0 V3->V0 V1-V2,1,3,V1->V0 V2->V0 V2->V1 V3->V0,V3,V1,,-1,-1,True,2.225000000022348e-05,4.9832999999832595e-05,2,1,2
4,V1->V0 V2->V0 V3->V0 V1-V2,1,3,V1->V0 V2->V0 V2->V1 V3->V0,V3,V2,,-1,-1,True,2.2082999999728514e-05,4.9583000000019695e-05,2,1,2
4,V1->V0 V2->V0 V3->V0 V1-V2 V1-V3,2,6,V1->V0 V1->V2 V2->V0 V3->V0 V1-V3,V1,V2,,1,1,True,3.17500000002191e-05,8.954199999999801e-05,1,1,2
4,V1->V0 V2->V0 V3->V0 V1-V2 V1-V3,2,6,V1->V0 V1->V2 V2->V0 V3->V0 V1-V3,V2,V0,V1|V3,1,1,True,3.916700000017315e-05,9.729199999997107e-05,1,1,2
4,V1->V0 V2->V0 V3->V0 V1-V2 V1-V3,2,6,V1->V0 V1->V3 V2->V0 V3->V0 V1-V2,V1,V3,,1,1,True,2.6500000000151402e-05,8.712499999985468e-05,1,1,2
4,V1->V0 V2->V0 V3->V0 V1-V2 V1-V3,2,6,V1->V0 V1->V3 V2->V0 V3->V0 V1-V2,V3,V0,V1|V2,1,1,True,3.058300000002845e-05,8.687500000004178e-05,1,1,2
4,V1->V0 V2->V0 V3->V0 V1-V2 V1-V3,2,6,V1->V0 V1->V2 V1->V3 V2->V0 V3->V0,V1,V0,,1,1,True,3.9625000000320654e-05,9.233400000008274e-05,1,2,2
4,V1->V0 V2->V0 V3->V0 V1-V2 V1-V3,2,6,V1->V0 V1->V2 V1->V3 V2->V0 V3->V0,V1,V2,,1,1,True,4.8790999999770435e-05,9.737500000017718e-05,1,2,3
4,V1->V0 V2->V0 V3->V0 V1-V2 V1-V3,2,6,V1->V0 V1->V2 V1->V3 V2->V0 V3->V0,V1,V3,,1,1,True,3.0166000000164672e-05,8.399999999975094e-05,1,2,2
4,V1->V0 V2->V0 V3->V0 V1-V2 V1-V3,2,6,V1->V0 V1->V2 V1->V3 V2->V0 V3->V0,V2,V0,V1|V3,1,1,True,5.8208999999642685e-05,0.00010854100000035061,1,2,3
4,V1->V0 V2->V0 V3->V0 V1-V2 V1-V3,2,6,V1->V0 V1->V2 V1->V3 V2->V0 V3->V0,V3,V0,V1|V2,1,1,True,3.1540999999801755e-05,8.45420000001873e-05,1,2,2
4,V1->V0 V2->V0 V3->V0 V1-V2 V1-V3,2,6,V1->V0 V1->V2 V2->V0 V3->V0 V3->V1,V1,V0,V3,1,1,True,1.4042000000102917e-05,6.525000000001668e-05,1,2,2
4,V1->V0 V2->V0 V3->V0 V1-V2 V1-V3,2,6,V1->V0 V1->V2 V2->V0 V3->V0 V3->V1,V1,V2,,2,2,True,3.791700000022047e-05,0.0001420409999997041,2,3,3
4,V1->V0 V2->V0 V3->V0 V1-V2 V1-V3,2,6,V1->V0 V1->V2 V2->V0 V3->V0 V3->V1,V2,V0,V1|V3,2,2,True,4.733400000000998e-05,0.00015337500000001114,2,3,3
4,V1->V0 V2->V0 V3->V0 V1-V2 V1-V3,2,6,V1->V0 V1->V2 V2->V0 V3->V0 V3->V1,V3,V0,,1,1,True,2.595800000015913e-05,6.920899999984798e-05,1,2,2
4,V1->V0 V2->V0 V3->V0 V1-V2 V1-V3,2,6,V1->V0 V1->V2 V2->V0 V3->V0 V3->V1,V3,V1,,1,1,True,1.9750000000318124e-05,6.349999999999412e-05,1,2,2
4,V1->V0 V2->V0 V3->V0 V1-V2 V1-V3,2,6,V1->V0 V1->V2 V2->V0 V3->V0 V3->V1,V3,V2,,1,1,True,2.2332999999985503e-05,6.54579999999072e-05,1,2,2
4,V1->V0 V2->V0 V3->V0 V1-V2 V1-V3,2,6,V1->V0 V1->V3 V2->V0 V2->V1 V3->V0,V1,V0,V2,1,1,True,1.387500000005204e-05,6.245799999993196e-05,1,2,2
4,V1->V0 V2->V0 V3->V0 V1-V2 V1-V3,2,6,V1->V0 V1->V3 V2->V0 V2->V1 V3->V0,V1,V3,,2,2,True,3.1791999999697396e-05,0.00013662500000011235,2,3,3
4,V1->V0 V2->V0 V3->V0 V1-V2 V1-V3,2,6,V1->V0 V1->V3 V2->V0 V2->V1 V3->V0,V2,V0,,1,1,True,2.7416000000002327e-05,7.087500000002578e-05,1,2,2
4,V1->V0 V2->V0 V3->V0 V1-V2 V1-V3,2,6,V1->V0 V1->V3 V2->V0 V2->V1 V3->V0,V2,V1,,1,1,True,1.958299999982316e-05,6.3416999999788e-05,1,2,2
4,V1->V0 V2->V0 V3->V0 V1-V2 V1-V3,2,6,V1->V0 V1->V3 V2->V0 V2->V1 V3->V0,V2,V3,,1,1,True,2.224999999977939e-05,6.883300000026793e-05,1,2,2
4,V1->V0 V2->V0 V3->V0 V1-V2 V1-V3,2,6,V1->V0 V1->V3 V2->V0 V2->V1 V3->V0,V3,V0,V1|V2,2,2,True,3.92910000002189e-05,0.00014479199999994918,2,3,3
4,V1->V0 V2->V0 V3->V0 V1-V2 V2-V3,2,6,V1->V0 V2->V0 V2->V1 V3->V0 V2-V3,V1,V0,V2|V3,1,1,True,2.2874999999977774e-05,8.045799999978342e-05,1,1,2
4,V1->V0 V2->V0 V3->V0 V1-V2 V2-V3,2,6,V1->V0 V2->V0 V2->V1 V3->V0 V2-V3,V2,V1,,1,1,True,2.037500000007242e-05,7.62079999998555e-05,1,1,2
4,V1->V0 V2->V0 V3->V0 V1-V2 V2-V3,2,6,V1->V0 V2->V0 V2->V3 V3->V0 V1-V2,V2,V3,,1,1,True,3.191600000018724e-05,8.900000000000574e-05,1,1,2
4,V1->V0 V2->V0 V3->V0 V1-V2 V2-V3,2,6,V1->V0 V2->V0 V2->V3 V3->V0 V1-V2,V3,V0,V1|V2,1,1,True,3.9082999999884294e-05,9.462500000001484e-05,1,1,2
4,V1->V0 V2->V0 V3->V0 V1-V2 V2-V3,2,6,V1->V0 V1->V2 V2->V0 V2->V3 V3->V0,V1,V0,,1,1,True,4.129200000013711e-05,8.008299999984203e-05,1,2,2
4,V1->V0 V2->V0 V3->V0 V1-V2 V2-V3,2,6,V1->V0 V1->V2 V2->V0 V2->V3 V3->V0,V1,V2,,1,1,True,3.26249999997863e-05,8.941600000023087e-05,1,2,2
4,V1->V0 V2->V0 V3->V0 V1-V2 V2-V3,2,6,V1->V0 V1->V2 V2->V0 V2->V3 V3->V0,V1,V3,,1,1,True,4.124999999977064e-05,7.741600000032989e-05,1,2,2
4,V1->V0 V2->V0 V3->V0 V1-V2 V2-V3,2,6,V1->V0 V1->V2 V2->V0 V2->V3 V3->V0,V2,V0,V1,1,1,True,3.0500000000266425e-05,7.770899999970382e-05,1,2,2
4,V1->V0 V2->V0 V3->V0 V1-V2 V2-V3,2,6,V1->V0 V1->V2 V2->V0 V2->V3 V3->V0,V2,V3,,2,2,True,7.541699999968898e-05,0.00018412500000009047,2,3,3
4,V1->V0 V2->V0 V3->V0 V1-V2 V2-V3,2,6,V1->V0 V1->V2 V2->V0 V2->V3 V3->V0,V3,V0,V1|V2,2,2,True,4.8291000000144635e-05,0.00021862500000002782,2,3,3
4,V1->V0 V2->V0 V3->V0 V1-V2 V2-V3,2,6,V1->V0 V2->V0 V2->V1 V2->V3 V3->V0,V1,V0,V2|V3,1,1,True,3.487499999987875e-05,0.00028366600000007125,1,2,3
4,V1->V0 V2->V0 V3->V0 V1-V2 V2-V3,2,6,V1->V0 V2->V0 V2->V1 V2->V3 V3->V0,V2,V0,,1,1,True,0.00017966600000018929,0.00018929199999995205,1,2,2
4,V1->V0 V2->V0 V3->V0 V1-V2 V2-V3,2,6,V1->V0 V2->V0 V2->V1 V2->V3 V3->V0,V2,V1,,1,1,True,6.729099999969179e-05,0.00015162499999998857,1,2,3
4,V1->V0 V2->V0 V3->V0 V1-V2 V2-V3,2,6,V1->V0 V2->V0 V2->V1 V2->V3 V3->V0,V2,V3,,1,1,True,3.949999999974807e-05,0.0001272920000001676,1,2,2
4,V1->V0 V2->V0 V3->V0 V1-V2 V2-V3,2,6,V1->V0 V2->V0 V2->V1 V2->V3 V3->V0,V3,V0,V1|V2,1,1,True,4.112500000008623e-05,8.641599999981153e-05,1,2,2
4,V1->V0 V2->V0 V3->V0 V1-V2 V2-V3,2,6,V1->V0 V2->V0 V2->V1 V3->V0 V3->V2,V1,V0,V2|V3,2,2,True,3.1250000000149214e-05,0.00013887499999976072,2,3,3
4,V1->V0 V2->V0 V3->V0 V1-V2 V2-V3,2,6,V1->V0 V2->V0 V2->V1 V3->V0 V3->V2,V2,V0,V3,1,1,True,1.387500000005204e-05,9.74579999999392e-05,1,2,2
4,V1->V0 V2->V0 V3->V0 V1-V2 V2-V3,2,6,V1->V0 V2->V0 V2->V1 V3->V0 V3->V2,V2,V1,,2,2,True,2.824999999972988e-05,0.0001572080000000753,2,3,3
4,V1->V0 V2->V0 V3->V0 V1-V2 V2-V3,2,6,V1->V0 V2->V0 V2->V1 V3->V0 V3->V2,V3,V0,,1,1,True,3.9915999999973195e-05,7.479199999993469e-05,1,2,2
4,V1->V0 V2->V0 V3->V0 V1-V2 V2-V3,2,6,V1->V0 V2->V0 V2->V1 V3->V0 V3->V2,V3,V1,,1,1,True,2.3500000000176158e-05,6.895799999995234e-05,1,2,2
4,V1->V0 V2->V0 V3->V0 V1-V2 V2-V3,2,6,V1->V0 V2->V0 V2->V1 V3->V0 V3->V2,V3,V2,,1,1,True,5.0874999999894754e-05,0.00011975000000008507,1,2,2
4,V1->V0 V2->V0 V3->V0 V1-V3,1,3,V1->V0 V2->V0 V3->V0 V1-V3,V1,V2,,-1,-1,True,5.395800000007611e-05,3.354200000016405e-05,1,0,1
4,V1->V0 V2->V0 V3->V0 V1-V3,1,3,V1->V0 V2->V0 V3->V0 V1-V3,V2,V0,V1|V3,-1,-1,True,3.3624999999926075e-05,1.9167000000042123e-05,1,0,1
4,V1->V0 V2->V0 V3->V0 V1-V3,1,3,V1->V0 V2->V0 V3->V0 V1-V3,V2,V1,,-1,-1,True,2.200000000041058e-05,1.3124999999725162e-05,1,0,1
4,V1->V0 V2->V0 V3->V0 V1-V3,1,3,V1->V0 V2->V0 V3->V0 V1-V3,V2,V3,,-1,-1,True,2.195800000004411e-05,1.2916999999834644e-05,1,0,1
4,V1->V0 V2->V0 V3->V0 V1-V3,1,3,V1->V0 V2->V0 V3->V0 V1-V3,V3,V2,,-1,-1,True,2.3124999999790674e-05,1.362500000023914e-05,1,0,1
4,V1->V0 V2->V0 V3->V0 V1-V3,1,3,V1->V0 V1->V3 V2->V0 V3->V0,V1,V0,V2,1,1,True,2.4457999999949465e-05,5.9792000000058465e-05,1,1,2
4,V1->V0 V2->V0 V3->V0 V1-V3,1,3,V1->V0 V1->V3 V2->V0 V3->V0,V1,V2,,-1,-1,True,2.3457999999809687e-05,5.283399999989058e-05,2,1,2
4,V1->V0 V2->V0 V3->V0 V1-V3,1,3,V1->V0 V1->V3 V2->V0 V3->V0,V1,V3,,1,1,True,1.7666999999832456e-05,4.979199999999295e-05,1,1,2
4,V1->V0 V2->V0 V3->V0 V1-V3,1,3,V1->V0 V1->V3 V2->V0 V3->V0,V2,V0,V1|V3,-1,-1,True,3.304100000001142e-05,6.179199999989393e-05,2,1,2
4,V1->V0 V2->V0 V3->V0 V1-V3,1,3,V1->V0 V1->V3 V2->V0 V3->V0,V2,V1,,-1,-1,True,2.2584000000325233e-05,5.100000000002325e-05,2,1,2
4,V1->V0 V2->V0 V3->V0 V1-V3,1,3,V1->V0 V1->V3 V2->V0 V3->V0,V2,V3,,-1,-1,True,2.2292000000145862e-05,5.0375000000268955e-05,2,1,2
4,V1->V0 V2->V0 V3->V0 V1-V3,1,3,V1->V0 V1->V3 V2->V0 V3->V0,V3,V0,V1|V2,1,1,True,1.8666000000333582e-05,5.083400000005511e-05,1,1,2
4,V1->V0 V2->V0 V3->V0 V1-V3,1,3,V1->V0 V1->V3 V2->V0 V3->V0,V3,V2,,-1,-1,True,2.2916000000261505e-05,5.1374999999964643e-05,2,1,2
4,V1->V0 V2->V0 V3->V0 V1-V3,1,3,V1->V0 V2->V0 V3->V0 V3->V1,V1,V0,V2|V3,1,1,True,1.1290999999857831e-05,4.441699999979676e-05,1,1,2
4,V1->V0 V2->V0 V3->V0 V1-V3,1,3,V1->V0 V2->V0 V3->V0 V3->V1,V1,V2,,-1,-1,True,2.299999999966218e-05,8.716700000022115e-05,2,1,2
4,V1->V0 V2->V0 V3->V0 V1-V3,1,3,V1->V0 V2->V0 V3->V0 V3->V1,V2,V0,V1|V3,-1,-1,True,3.300000000017178e-05,7.054200000000677e-05,2,1,2
4,V1->V0 V2->V0 V3->V0 V1-V3,1,3,V1->V0 V2->V0 V3->V0 V3->V1,V2,V1,,-1,-1,True,4.087500000027333e-05,6.220799999967497e-05,2,1,2
4,V1->V0 V2->V0 V3->V0 V1-V3,1,3,V1->V0 V2->V0 V3->V0 V3->V1,V2,V3,,-1,-1,True,2.2082999999728514e-05,9.245900000021123e-05,2,1,2
4,V1->V0 V2->V0 V3->V0 V1-V3,1,3,V1->V0 V2->V0 V3->V0 V3->V1,V3,V0,V2,1,1,True,1.7416999999575467e-05,5.7708000000378235e-05,1,1,2
4,V1->V0 V2->V0 V3->V0 V1-V3,1,3,V1->V0 V2->V0 V3->V0 V3->V1,V3,V1,,1,1,True,1.2332999999919991e-05,4.554200000006503e-05,1,1,2
4,V1->V0 V2->V0 V3->V0 V1-V3,1,3,V1->V0 V2->V0 V3->V0 V3->V1,V3,V2,,-1,-1,True,2.2416000000191616e-05,5.7208999999947e-05,2,1,2
4,V1->V0 V2->V0 V3->V0 V1-V3 V2-V3,2,6,V1->V0 V2->V0 V3->V0 V3->V1 V2-V3,V1,V0,V2|V3,1,1,True,2.229100000006312e-05,8.125000000003268e-05,1,1,2
4,V1->V0 V2->V0 V3->V0 V1-V3 V2-V3,2,6,V1->V0 V2->V0 V3->V0 V3->V1 V2-V3,V3,V1,,1,1,True,2.0000000000131024e-05,7.708299999986679e-05,1,1,2
4,V1->V0 V2->V0 V3->V0 V1-V3 V2-V3,2,6,V1->V0 V2->V0 V3->V0 V3->V2 V1-V3,V2,V0,V1|V3,1,1,True,3.06670000003173e-05,8.712499999985468e-05,1,1,2
4,V1->V0 V2->V0 V3->V0 V1-V3 V2-V3,2,6,V1->V0 V2->V0 V3->V0 V3->V2 V1-V3,V3,V2,,1,1,True,2.5958999999797783e-05,8.13330000002388e-05,1,1,2
4,V1->V0 V2->V0 V3->V0 V1-V3 V2-V3,2,6,V1->V0 V1->V3 V2->V0 V3->V0 V3->V2,V1,V0,,1,1,True,4.212500000022601e-05,7.933400000004198e-05,1,2,2
4,V1->V0 V2->V0 V3->V0 V1-V3 V2-V3,2,6,V1->V0 V1->V3 V2->V0 V3->V0 V3->V2,V1,V2,,1,1,True,3.5958000000224644e-05,7.395899999984579e-05,1,2,2
4,V1->V0 V2->V0 V3->V0 V1-V3 V2-V3,2,6,V1->V0 V1->V3 V2->V0 V3->V0 V3->V2,V1,V3,,1,1,True,3.22499999998449e-05,7.008300000022061e-05,1,2,2
4,V1->V0 V2->V0 V3->V0 V1-V3 V2-V3,2,6,V1->V0 V1->V3 V2->V0 V3->V0 V3->V2,V2,V0,V1|V3,2,2,True,3.9875000000133554e-05,0.0002117909999999057,2,3,3
4,V1->V0 V2->V0 V3->V0 V1-V3 V2-V3,2,6,V1->V0 V1->V3 V2->V0 V3->V0 V3->V2,V3,V0,V1,1,1,True,2.929200000023613e-05,7.266599999988799e-05,1,2,2
4,V1->V0 V2->V0 V3->V0 V1-V3 V2-V3,2,6,V1->V0 V1->V3 V2->V0 V3->V0 V3->V2,V3,V2,,2,2,True,3.23749999999734e-05,0.00013562499999997257,2,3,3
4,V1->V0 V2->V0 V3->V0 V1-V3 V2-V3,2,6,V1->V0 V2->V0 V2->V3 V3->V0 V3->V1,V1,V0,V2|V3,2,2,True,3.070800000015694e-05,0.00013929200000006858,2,3,3
4,V1->V0 V2->V0 V3->V0 V1-V3 V2-V3,2,6,V1->V0 V2->V0 V2->V3 V3->V0 V3->V1,V2,V0,,1,1,True,3.475000000019435e-05,7.733399999976243e-05,1,2,2
4,V1->V0 V2->V0 V3->V0 V1-V3 V2-V3,2,6,V1->V0 V2->V0 V2->V3 V3->V0 V3->V1,V2,V1,,1,1,True,2.9374999999998153e-05,7.362500000018812e-05,1,2,2
4,V1->V0 V2->V0 V3->V0 V1-V3 V2-V3,2,6,V1->V0 V2->V0 V2->V3 V3->V0 V3->V1,V2,V3,,1,1,True,2.695899999993756e-05,6.983299999996362e-05,1,2,2
4,V1->V0 V2->V0 V3->V0 V1-V3 V2-V3,2,6,V1->V0 V2->V0 V2->V3 V3->V0 V3->V1,V3,V0,V2,1,1,True,2.1499999999896602e-05,7.15410000000638e-05,1,2,2
4,V1->V0 V2->V0 V3->V0 V1-V3 V2-V3,2,6,V1->V0 V2->V0 V2->V3 V3->V0 V3->V1,V3,V1,,2,2,True,2.670800000004192e-05,0.0001315840000000179,2,3,3
4,V1->V0 V2->V0 V3->V0 V1-V3 V2-V3,2,6,V1->V0 V2->V0 V3->V0 V3->V1 V3->V2,V1,V0,V2|V3,1,1,True,3.2875000000043286e-05,9.987500000008254e-05,1,2,3
4,V1->V0 V2->V0 V3->V0 V1-V3 V2-V3,2,6,V1->V0 V2->V0 V3->V0 V3->V1 V3->V2,V2,V0,V1|V3,1,1,True,2.4250000000058947e-05,7.695800000018238e-05,1,2,2
4,V1->V0 V2->V0 V3->V0 V1-V3 V2-V3,2,6,V1->V0 V2->V0 V3->V0 V3->V1 V3->V2,V3,V0,,1,1,True,2.6292000000260884e-05,8.229199999965076e-05,1,2,2
4,V1->V0 V2->V0 V3->V0 V1-V3 V2-V3,2,6,V1->V0 V2->V0 V3->V0 V3->V1 V3->V2,V3,V1,,1,1,True,3.1792000000141485e-05,9.479099999998297e-05,1,2,3
4,V1->V0 V2->V0 V3->V0 V1-V3 V2-V3,2,6,V1->V0 V2->V0 V3->V0 V3->V1 V3->V2,V3,V2,,1,1,True,2.5833000000030637e-05,7.666700000008575e-05,1,2,2
4,V1->V0 V2->V0 V3->V0 V2-V3,1,3,V1->V0 V2->V0 V3->V0 V2-V3,V1,V0,V2|V3,-1,-1,True,3.2542000000024274e-05,1.879199999965664e-05,1,0,1
4,V1->V0 V2->V0 V3->V0 V2-V3,1,3,V1->V0 V2->V0 V3->V0 V2-V3,V1,V2,,-1,-1,True,2.1917000000204467e-05,1.3374999999982151e-05,1,0,1
4,V1->V0 V2->V0 V3->V0 V2-V3,1,3,V1->V0 V2->V0 V3->V0 V2-V3,V1,V3,,-1,-1,True,2.1542000000263073e-05,1.279199999970615e-05,1,0,1
4,V1->V0 V2->V0 V3->V0 V2-V3,1,3,V1->V0 V2->V0 V3->V0 V2-V3,V2,V1,,-1,-1,True,2.2832999999611303e-05,1.3584000000399499e-05,1,0,1
4,V1->V0 V2->V0 V3->V0 V2-V3,1,3,V1->V0 V2->V0 V3->V0 V2-V3,V3,V1,,-1,-1,True,2.2583000000242492e-05,1.3542000000033028e-05,1,0,1
4,V1->V0 V2->V0 V3->V0 V2-V3,1,3,V1->V0 V2->V0 V2->V3 V3->V0,V1,V0,V2|V3,-1,-1,True,3.274999999991479e-05,6.658300000017547e-05,2,1,2
4,V1->V0 V2->V0 V3->V0 V2-V3,1,3,V1->V0 V2->V0 V2->V3 V3->V0,V1,V2,,-1,-1,True,2.220899999993975e-05,5.00410000001672e-05,2,1,2
4,V1->V0 V2->V0 V3->V0 V2-V3,1,3,V1->V0 V2->V0 V2->V3 V3->V0,V1,V3,,-1,-1,True,2.245799999966991e-05,5.129200000020262e-05,2,1,2
4,V1->V0 V2->V0 V3->V0 V2-V3,1,3,V1->V0 V2->V0 V2->V3 V3->V0,V2,V0,V1,1,1,True,2.383299999975108e-05,5.5875000000149555e-05,1,1,2
4,V1->V0 V2->V0 V3->V0 V2-V3,1,3,V1->V0 V2->V0 V2->V3 V3->V0,V2,V1,,-1,-1,True,2.3125000000234763e-05,5.058300000015947e-05,2,1,2
4,V1->V0 V2->V0 V3->V0 V2-V3,1,3,V1->V0 V2->V0 V2->V3 V3->V0,V2,V3,,1,1,True,1.674999999989879e-05,7.050000000008438e-05,1,1,2
4,V1->V0 V2->V0 V3->V0 V2-V3,1,3,V1->V0 V2->V0 V2->V3 V3->V0,V3,V0,V1|V2,1,1,True,2.5332999999960748e-05,5.783300000006264e-05,1,1,2
4,V1->V0 V2->V0 V3->V0 V2-V3,1,3,V1->V0 V2->V0 V2->V3 V3->V0,V3,V1,,-1,-1,True,3.0999999999892225e-05,6.079200000019824e-05,2,1,2
4,V1->V0 V2->V0 V3->V0 V2-V3,1,3,V1->V0 V2->V0 V3->V0 V3->V2,V1,V0,V2|V3,-1,-1,True,6.066700000006975e-05,8.80410000001497e-05,2,1,2
4,V1->V0 V2->V0 V3->V0 V2-V3,1,3,V1->V0 V2->V0 V3->V0 V3->V2,V1,V2,,-1,-1,True,2.7917000000154957e-05,8.091700000001367e-05,2,1,2
4,V1->V0 V2->V0 V3->V0 V2-V3,1,3,V1->V0 V2->V0 V3->V0 V3->V2,V1,V3,,-1,-1,True,2.3915999999957194e-05,5.4791999999803664e-05,2,1,2
4,V1->V0 V2->V0 V3->V0 V2-V3,1,3,V1->V0 V2->V0 V3->V0 V3->V2,V2,V0,V1|V3,1,1,True,1.1541999999753472e-05,6.566700000032455e-05,1,1,2
4,V1->V0 V2->V0 V3->V0 V2-V3,1,3,V1->V0 V2->V0 V3->V0 V3->V2,V2,V1,,-1,-1,True,3.4124999999995964e-05,5.524999999995117e-05,2,1,2
4,V1->V0 V2->V0 V3->V0 V2-V3,1,3,V1->V0 V2->V0 V3->V0 V3->V2,V3,V0,V1,1,1,True,1.7333000000174792e-05,8.874999999974875e-05,1,1,2
4,V1->V0 V2->V0 V3->V0 V2-V3,1,3,V1->V0 V2->V0 V3->V0 V3->V2,V3,V1,,-1,-1,True,3.0209000000169794e-05,8.449999999982083e-05,2,1,2
4,V1->V0 V2->V0 V3->V0 V2-V3,1,3,V1->V0 V2->V0 V3->V0 V3->V2,V3,V2,,1,1,True,1.2667000000021744e-05,7.029200000019387e-05,1,1,2
4,V1->V0 V3->V0 V1-V2,1,3,V1->V0 V3->V0 V1-V2,V1,V0,V3,-1,-1,True,2.645900000031176e-05,1.5540999999785754e-05,1,0,1
4,V1->V0 V3->V0 V1-V2,1,3,V1->V0 V3->V0 V1-V2,V1,V3,,-1,-1,True,2.1124999999955207e-05,1.2458000000048486e-05,1,0,1
4,V1->V0 V3->V0 V1-V2,1,3,V1->V0 V3->V0 V1-V2,V2,V3,,-1,-1,True,2.1582999999658625e-05,1.2959000000201115e-05,1,0,1
4,V1->V0 V3->V0 V1-V2,1,3,V1->V0 V3->V0 V1-V2,V3,V0,V1,-1,-1,True,2.4792000000051218e-05,1.441599999996157e-05,1,0,1
4,V1->V0 V3->V0 V1-V2,1,3,V1->V0 V3->V0 V1-V2,V3,V1,,-1,-1,True,1.9833000000080148e-05,1.1832999999850102e-05,1,0,1
4,V1->V0 V3->V0 V1-V2,1,3,V1->V0 V3->V0 V1-V2,V3,V2,,-1,-1,True,1.9416999999855022e-05,1.1583000000037202e-05,1,0,1
4,V1->V0 V3->V0 V1-V2,1,3,V1->V0 V1->V2 V3->V0,V1,V0,V3,-1,-1,True,2.4958000000019354e-05,5.1374999999964643e-05,2,1,2
4,V1->V0 V3->V0 V1-V2,1,3,V1->V0 V1->V2 V3->V0,V1,V2,,1,1,True,1.5125000000004718e-05,4.3042000000159675e-05,1,1,2
4,V1->V0 V3->V0 V1-V2,1,3,V1->V0 V1->V2 V3->V0,V1,V3,,-1,-1,True,2.0249999999943924e-05,4.4834000000104623e-05,2,1,2
4,V1->V0 V3->V0 V1-V2,1,3,V1->V0 V1->V2 V3->V0,V2,V3,,-1,-1,True,2.0999999999826713e-05,4.633300000023155e-05,2,1,2
4,V1->V0 V3->V0 V1-V2,1,3,V1->V0 V1->V2 V3->V0,V3,V0,V1,-1,-1,True,2.4749999999684746e-05,4.758400000026697e-05,2,1,2
4,V1->V0 V3->V0 V1-V2,1,3,V1->V0 V1->V2 V3->V0,V3,V1,,-1,-1,True,1.9957999999764553e-05,4.258299999992943e-05,2,1,2
4,V1->V0 V3->V0 V1-V2,1,3,V1->V0 V1->V2 V3->V0,V3,V2,,-1,-1,True,1.9500000000061135e-05,4.375000000012008e-05,2,1,2
4,V1->V0 V3->V0 V1-V2,1,3,V1->V0 V2->V1 V3->V0,V1,V0,V3,-1,-1,True,2.491600000009697e-05,4.925000000000068e-05,2,1,2
4,V1->V0 V3->V0 V1-V2,1,3,V1->V0 V2->V1 V3->V0,V1,V3,,-1,-1,True,2.0208000000021542e-05,4.4584000000291724e-05,2,1,2
4,V1->V0 V3->V0 V1-V2,1,3,V1->V0 V2->V1 V3->V0,V2,V0,V3,1,1,True,1.51669999999271e-05,4.2833000000186416e-05,1,1,2
4,V1->V0 V3->V0 V1-V2,1,3,V1->V0 V2->V1 V3->V0,V2,V1,,1,1,True,1.0916999999999177e-05,3.945799999982569e-05,1,1,2
4,V1->V0 V3->V0 V1-V2,1,3,V1->V0 V2->V1 V3->V0,V2,V3,,-1,-1,True,2.1083000000032825e-05,4.5624999999827054e-05,2,1,2
4,V1->V0 V3->V0 V1-V2,1,3,V1->V0 V2->V1 V3->V0,V3,V0,V1,-1,-1,True,2.4959000000102094e-05,5.370799999981912e-05,2,1,2
4,V1->V0 V3->V0 V1-V2,1,3,V1->V0 V2->V1 V3->V0,V3,V1,,-1,-1,True,2.012499999981543e-05,4.504199999999514e-05,2,1,2
4,V1->V0 V3->V0 V1-V2,1,3,V1->V0 V2->V1 V3->V0,V3,V2,,-1,-1,True,1.9792000000240506e-05,4.362499999999159e-05,2,1,2
4,V1->V0 V3->V0 V1-V2 V2-V3,2,6,V1->V0 V2->V1 V3->V0 V2-V3,V1,V0,V3,1,1,True,2.1541999999818984e-05,7.095800000023189e-05,1,1,2
4,V1->V0 V3->V0 V1-V2 V2-V3,2,6,V1->V0 V2->V1 V3->V0 V2-V3,V2,V1,,1,1,True,2.012500000025952e-05,9.583300000004513e-05,1,1,2
4,V1->V0 V3->V0 V1-V2 V2-V3,2,6,V1->V0 V2->V3 V3->V0 V1-V2,V2,V3,,1,1,True,3.083300000028544e-05,8.187499999978698e-05,1,1,2
4,V1->V0 V3->V0 V1-V2 V2-V3,2,6,V1->V0 V2->V3 V3->V0 V1-V2,V3,V0,V1,1,1,True,3.3874999999738975e-05,8.329200000023462e-05,1,1,2
4,V1->V0 V3->V0 V1-V2 V2-V3,2,6,V1->V0 V1->V2 V2->V3 V3->V0,V1,V0,,1,1,True,3.8583000000258494e-05,7.337499999993113e-05,1,2,2
4,V1->V0 V3->V0 V1-V2 V2-V3,2,6,V1->V0 V1->V2 V2->V3 V3->V0,V1,V2,,1,1,True,2.958399999997141e-05,6.55830000000357e-05,1,2,2
4,V1->V0 V3->V0 V1-V2 V2-V3,2,6,V1->V0 V1->V2 V2->V3 V3->V0,V1,V3,,1,1,True,3.316600000013992e-05,6.720900000001251e-05,1,2,2
4,V1->V0 V3->V0 V1-V2 V2-V3,2,6,V1->V0 V1->V2 V2->V3 V3->V0,V2,V0,V1,1,1,True,2.9209000000030017e-05,6.620799999978999e-05,1,2,2
4,V1->V0 V3->V0 V1-V2 V2-V3,2,6,V1->V0 V1->V2 V2->V3 V3->V0,V2,V3,,2,2,True,3.716699999989359e-05,0.00013729199999978903,2,3,3
4,V1->V0 V3->V0 V1-V2 V2-V3,2,6,V1->V0 V1->V2 V2->V3 V3->V0,V3,V0,V1,2,2,True,4.1458000000105244e-05,0.00013720899999958291,2,3,3
4,V1->V0 V3->V0 V1-V2 V2-V3,2,6,V1->V0 V2->V1 V2->V3 V3->V0,V1,V0,V3,1,1,True,2.933300000007577e-05,8.933300000002475e-05,1,2,3
4,V1->V0 V3->V0 V1-V2 V2-V3,2,6,V1->V0 V2->V1 V2->V3 V3->V0,V2,V0,,1,1,True,3.3375000000113175e-05,8.537499999983211e-05,1,2,2
4,V1->V0 V3->V0 V1-V2 V2-V3,2,6,V1->V0 V2->V1 V2->V3 V3->V0,V2,V1,,1,1,True,3.141700000020009e-05,8.545800000003823e-05,1,2,3
4,V1->V0 V3->V0 V1-V2 V2-V3,2,6,V1->V0 V2->V1 V2->V3 V3->V0,V2,V3,,1,1,True,3.5709000000050395e-05,7.712499999978917e-05,1,2,2
4,V1->V0 V3->V0 V1-V2 V2-V3,2,6,V1->V0 V2->V1 V2->V3 V3->V0,V3,V0,V1,1,1,True,3.637500000008842e-05,7.729200000028413e-05,1,2,2
4,V1->V0 V3->V0 V1-V2 V2-V3,2,6,V1->V0 V2->V1 V3->V0 V3->V2,V1,V0,V3,2,2,True,2.691700000001518e-05,0.00012341600000009834,2,3,3
4,V1->V0 V3->V0 V1-V2 V2-V3,2,6,V1->V0 V2->V1 V3->V0 V3->V2,V2,V0,V3,1,1,True,1.3041999999963139e-05,5.916699999986008e-05,1,2,2
4,V1->V0 V3->V0 V1-V2 V2-V3,2,6,V1->V0 V2->V1 V3->V0 V3->V2,V2,V1,,2,2,True,2.7624999999975586e-05,0.00030254200000001674,2,3,3
4,V1->V0 V3->V0 V1-V2 V2-V3,2,6,V1->V0 V2->V1 V3->V0 V3->V2,V3,V0,,1,1,True,9.279200000023025e-05,9.762499999999008e-05,1,2,2
4,V1->V0 V3->V0 V1-V2 V2-V3,2,6,V1->V0 V2->V1 V3->V0 V3->V2,V3,V1,,1,1,True,5.045800000003098e-05,0.00011545799999979067,1,2,2
4,V1->V0 V3->V0 V1-V2 V2-V3,2,6,V1->V0 V2->V1 V3->V0 V3->V2,V3,V2,,1,1,True,3.3124999999856186e-05,6.750000000010914e-05,1,2,2
4,V1->V0 V3->V0 V2-V3,1,3,V1->V0 V3->V0 V2-V3,V1,V0,V3,-1,-1,True,2.691700000001518e-05,2.0083000000337137e-05,1,0,1
4,V1->V0 V3->V0 V2-V3,1,3,V1->V0 V3->V0 V2-V3,V1,V2,,-1,-1,True,2.229100000006312e-05,3.220900000000526e-05,1,0,1
4,V1->V0 V3->V0 V2-V3,1,3,V1->V0 V3->V0 V2-V3,V1,V3,,-1,-1,True,3.758299999967463e-05,2.037500000007242e-05,1,0,1
4,V1->V0 V3->V0 V2-V3,1,3,V1->V0 V3->V0 V2-V3,V2,V1,,-1,-1,True,3.458399999978212e-05,1.4750000000063324e-05,1,0,1
4,V1->V0 V3->V0 V2-V3,1,3,V1->V0 V3->V0 V2-V3,V3,V0,V1,-1,-1,True,3.195800000010962e-05,1.6041999999938383e-05,1,0,1
4,V1->V0 V3->V0 V2-V3,1,3,V1->V0 V3->V0 V2-V3,V3,V1,,-1,-1,True,4.270900000014066e-05,1.5290999999972854e-05,1,0,1
4,V1->V0 V3->V0 V2-V3,1,3,V1->V0 V2->V3 V3->V0,V1,V0,V3,-1,-1,True,2.6582999999913426e-05,5.462500000019688e-05,2,1,2
4,V1->V0 V3->V0 V2-V3,1,3,V1->V0 V2->V3 V3->V0,V1,V2,,-1,-1,True,2.0541000000040555e-05,4.6417000000076314e-05,2,1,2
4,V1->V0 V3->V0 V2-V3,1,3,V1->V0 V2->V3 V3->V0,V1,V3,,-1,-1,True,2.612499999976592e-05,4.6708000000172945e-05,2,1,2
4,V1->V0 V3->V0 V2-V3,1,3,V1->V0 V2->V3 V3->V0,V2,V0,V1,1,1,True,2.254199999995876e-05,5.1958000000240645e-05,1,1,2
4,V1->V0 V3->V0 V2-V3,1,3,V1->V0 V2->V3 V3->V0,V2,V1,,-1,-1,True,2.1665999999864738e-05,4.5917000000006425e-05,2,1,2
4,V1->V0 V3->V0 V2-V3,1,3,V1->V0 V2->V3 V3->V0,V2,V3,,1,1,True,1.545800000002373e-05,4.3291999999972575e-05,1,1,2
4,V1->V0 V3->V0 V2-V3,1,3,V1->V0 V2->V3 V3->V0,V3,V0,V1,-1,-1,True,2.587499999995302e-05,5.0417000000191337e-05,2,1,2
4,V1->V0 V3->V0 V2-V3,1,3,V1->V0 V2->V3 V3->V0,V3,V1,,-1,-1,True,2.1124999999955207e-05,4.683300000030144e-05,2,1,2
4,V1->V0 V3->V0 V2-V3,1,3,V1->V0 V3->V0 V3->V2,V1,V0,V3,-1,-1,True,2.645800000022902e-05,5.054199999987574e-05,2,1,2
4,V1->V0 V3->V0 V2-V3,1,3,V1->V0 V3->V0 V3->V2,V1,V2,,-1,-1,True,2.0542000000123295e-05,4.612499999989694e-05,2,1,2
4,V1->V0 V3->V0 V2-V3,1,3,V1->V0 V3->V0 V3->V2,V1,V3,,-1,-1,True,2.070800000009143e-05,4.4874999999944265e-05,2,1,2
4,V1->V0 V3->V0 V2-V3,1,3,V1->V0 V3->V0 V3->V2,V2,V1,,-1,-1,True,2.1083000000032825e-05,4.683399999994009e-05,2,1,2
4,V1->V0 V3->V0 V2-V3,1,3,V1->V0 V3->V0 V3->V2,V3,V0,V1,-1,-1,True,2.562500000014012e-05,4.883399999977556e-05,2,1,2
4,V1->V0 V3->V0 V2-V3,1,3,V1->V0 V3->V0 V3->V2,V3,V1,,-1,-1,True,2.06669999998077e-05,4.4875000000388354e-05,2,1,2
4,V1->V0 V3->V0 V2-V3,1,3,V1->V0 V3->V0 V3->V2,V3,V2,,1,1,True,1.0875000000076795e-05,3.950000000019216e-05,1,1,2
4,V1->V2 V3->V2 V0-V1,1,3,V1->V2 V3->V2 V0-V1,V0,V3,,-1,-1,True,2.1833999999998355e-05,1.333300000005977e-05,1,0,1
4,V1->V2 V3->V2 V0-V1,1,3,V1->V2 V3->V2 V0-V1,V1,V2,V3,-1,-1,True,2.5249999999754635e-05,1.4500000000250424e-05,1,0,1
4,V1->V2 V3->V2 V0-V1,1,3,V1->V2 V3->V2 V0-V1,V1,V3,,-1,-1,True,2.095799999990433e-05,1.2334000000002732e-05,1,0,1
4,V1->V2 V3->V2 V0-V1,1,3,V1->V2 V3->V2 V0-V1,V3,V0,,-1,-1,True,2.095799999990433e-05,1.2875000000356351e-05,1,0,1
4,V1->V2 V3->V2 V0-V1,1,3,V1->V2 V3->V2 V0-V1,V3,V1,,-1,-1,True,2.04169999999948e-05,1.2207999999791497e-05,1,0,1
4,V1->V2 V3->V2 V0-V1,1,3,V1->V2 V3->V2 V0-V1,V3,V2,V1,-1,-1,True,2.5708999999984883e-05,1.466600000021856e-05,1,0,1
4,V1->V2 V3->V2 V0-V1,1,3,V0->V1 V1->V2 V3->V2,V0,V1,,1,1,True,1.5875000000331596e-05,4.6666999999889214e-05,1,1,2
4,V1->V2 V3->V2 V0-V1,1,3,V0->V1 V1->V2 V3->V2,V0,V2,V3,1,1,True,2.2584000000325233e-05,5.674999999971675e-05,1,1,2
4,V1->V2 V3->V2 V0-V1,1,3,V0->V1 V1->V2 V3->V2,V0,V3,,-1,-1,True,2.354200000009854e-05,5.47079999999589e-05,2,1,2
4,V1->V2 V3->V2 V0-V1,1,3,V0->V1 V1->V2 V3->V2,V1,V2,V3,-1,-1,True,2.829200000009635e-05,5.883299999975833e-05,2,1,2
4,V1->V2 V3->V2 V0-V1,1,3,V0->V1 V1->V2 V3->V2,V1,V3,,-1,-1,True,2.1916999999760378e-05,5.1916999999956914e-05,2,1,2
4,V1->V2 V3->V2 V0-V1,1,3,V0->V1 V1->V2 V3->V2,V3,V0,,-1,-1,True,2.091700000006469e-05,4.808299999981003e-05,2,1,2
4,V1->V2 V3->V2 V0-V1,1,3,V0->V1 V1->V2 V3->V2,V3,V1,,-1,-1,True,2.0999999999826713e-05,4.825000000030499e-05,2,1,2
4,V1->V2 V3->V2 V0-V1,1,3,V0->V1 V1->V2 V3->V2,V3,V2,V1,-1,-1,True,2.8583999999831633e-05,5.56660000001763e-05,2,1,2
4,V1->V2 V3->V2 V0-V1,1,3,V1->V0 V1->V2 V3->V2,V0,V3,,-1,-1,True,2.2040999999806132e-05,4.945899999997394e-05,2,1,2
4,V1->V2 V3->V2 V0-V1,1,3,V1->V0 V1->V2 V3->V2,V1,V0,,1,1,True,1.1709000000248437e-05,4.166599999999576e-05,1,1,2
4,V1->V2 V3->V2 V0-V1,1,3,V1->V0 V1->V2 V3->V2,V1,V2,V3,-1,-1,True,2.5875000000397108e-05,4.979199999999295e-05,2,1,2
4,V1->V2 V3->V2 V0-V1,1,3,V1->V0 V1->V2 V3->V2,V1,V3,,-1,-1,True,2.1916000000121727e-05,4.60840000000573e-05,2,1,2
4,V1->V2 V3->V2 V0-V1,1,3,V1->V0 V1->V2 V3->V2,V3,V0,,-1,-1,True,2.066599999972496e-05,4.63339999998702e-05,2,1,2
4,V1->V2 V3->V2 V0-V1,1,3,V1->V0 V1->V2 V3->V2,V3,V1,,-1,-1,True,2.0875000000142307e-05,4.550000000014265e-05,2,1,2
4,V1->V2 V3->V2 V0-V1,1,3,V1->V0 V1->V2 V3->V2,V3,V2,V1,-1,-1,True,2.56670000000625e-05,4.9874999999754976e-05,2,1,2
4,V1->V2 V3->V2 V0-V1 V0-V3,2,6,V0->V1 V1->V2 V3->V2 V0-V3,V0,V1,,1,1,True,3.291700000040976e-05,8.429199999993031e-05,1,1,2
4,V1->V2 V3->V2 V0-V1 V0-V3,2,6,V0->V1 V1->V2 V3->V2 V0-V3,V1,V2,V3,1,1,True,3.3124999999856186e-05,8.620799999992101e-05,1,1,2
4,V1->V2 V3->V2 V0-V1 V0-V3,2,6,V0->V3 V1->V2 V3->V2 V0-V1,V0,V3,,1,1,True,2.4999999999941735e-05,7.741699999996854e-05,1,1,2
4,V1->V2 V3->V2 V0-V1 V0-V3,2,6,V0->V3 V1->V2 V3->V2 V0-V1,V3,V2,V1,1,1,True,2.6292000000260884e-05,7.53749999997666e-05,1,1,2
4,V1->V2 V3->V2 V0-V1 V0-V3,2,6,V0->V1 V0->V3 V1->V2 V3->V2,V0,V1,,1,1,True,4.816700000009888e-05,9.216599999994912e-05,1,2,3
4,V1->V2 V3->V2 V0-V1 V0-V3,2,6,V0->V1 V0->V3 V1->V2 V3->V2,V0,V2,,1,1,True,3.895800000019989e-05,0.00011558400000000191,1,2,2
4,V1->V2 V3->V2 V0-V1 V0-V3,2,6,V0->V1 V0->V3 V1->V2 V3->V2,V0,V3,,1,1,True,3.7583000000118716e-05,9.695799999986932e-05,1,2,2
4,V1->V2 V3->V2 V0-V1 V0-V3,2,6,V0->V1 V0->V3 V1->V2 V3->V2,V1,V2,V3,1,1,True,5.7707999999934145e-05,0.00019600000000030704,1,2,3
4,V1->V2 V3->V2 V0-V1 V0-V3,2,6,V0->V1 V0->V3 V1->V2 V3->V2,V3,V2,V1,1,1,True,3.0250000000009436e-05,0.00010004200000013341,1,2,2
4,V1->V2 V3->V2 V0-V1 V0-V3,2,6,V0->V1 V1->V2 V3->V0 V3->V2,V0,V1,,2,2,True,5.370800000026321e-05,0.00016895800000016337,2,3,3
4,V1->V2 V3->V2 V0-V1 V0-V3,2,6,V0->V1 V1->V2 V3->V0 V3->V2,V0,V2,V3,1,1,True,3.87079999999429e-05,8.633400000013225e-05,1,2,2
4,V1->V2 V3->V2 V0-V1 V0-V3,2,6,V0->V1 V1->V2 V3->V0 V3->V2,V1,V2,V3,2,2,True,5.279099999988546e-05,0.0002237919999998894,2,3,3
4,V1->V2 V3->V2 V0-V1 V0-V3,2,6,V0->V1 V1->V2 V3->V0 V3->V2,V3,V0,,1,1,True,1.9749999999874035e-05,6.379100000009075e-05,1,2,2
4,V1->V2 V3->V2 V0-V1 V0-V3,2,6,V0->V1 V1->V2 V3->V0 V3->V2,V3,V1,,1,1,True,2.1665999999864738e-05,6.30420000002907e-05,1,2,2
4,V1->V2 V3->V2 V0-V1 V0-V3,2,6,V0->V1 V1->V2 V3->V0 V3->V2,V3,V2,,1,1,True,2.4500000000315936e-05,6.416600000003214e-05,1,2,2
4,V1->V2 V3->V2 V0-V1 V0-V3,2,6,V0->V3 V1->V0 V1->V2 V3->V2,V0,V2,V1,1,1,True,1.4042000000102917e-05,6.07910000001155e-05,1,2,2
4,V1->V2 V3->V2 V0-V1 V0-V3,2,6,V0->V3 V1->V0 V1->V2 V3->V2,V0,V3,,2,2,True,3.22499999998449e-05,0.0001281670000001789,2,3,3
4,V1->V2 V3->V2 V0-V1 V0-V3,2,6,V0->V3 V1->V0 V1->V2 V3->V2,V1,V0,,1,1,True,1.9250000000248235e-05,6.024999999976188e-05,1,2,2
4,V1->V2 V3->V2 V0-V1 V0-V3,2,6,V0->V3 V1->V0 V1->V2 V3->V2,V1,V2,,1,1,True,2.4917000000179712e-05,6.299999999992423e-05,1,2,2
4,V1->V2 V3->V2 V0-V1 V0-V3,2,6,V0->V3 V1->V0 V1->V2 V3->V2,V1,V3,,1,1,True,2.1375000000212196e-05,6.091599999979991e-05,1,2,2
4,V1->V2 V3->V2 V0-V1 V0-V3,2,6,V0->V3 V1->V0 V1->V2 V3->V2,V3,V2,V1,2,2,True,3.504100000029098e-05,0.00012966699999994447,2,3,3
4,V1->V2 V3->V2 V0-V3,1,3,V1->V2 V3->V2 V0-V3,V0,V1,,-1,-1,True,2.333300000012528e-05,1.3708000000001164e-05,1,0,1
4,V1->V2 V3->V2 V0-V3,1,3,V1->V2 V3->V2 V0-V3,V1,V0,,-1,-1,True,2.0874999999698218e-05,1.2667000000021744e-05,1,0,1
4,V1->V2 V3->V2 V0-V3,1,3,V1->V2 V3->V2 V0-V3,V1,V2,V3,-1,-1,True,2.533400000004349e-05,1.4624999999934829e-05,1,0,1
4,V1->V2 V3->V2 V0-V3,1,3,V1->V2 V3->V2 V0-V3,V1,V3,,-1,-1,True,2.0208000000021542e-05,1.2334000000002732e-05,1,0,1
4,V1->V2 V3->V2 V0-V3,1,3,V1->V2 V3->V2 V0-V3,V3,V1,,-1,-1,True,2.1874999999837996e-05,1.3125000000169251e-05,1,0,1
4,V1->V2 V3->V2 V0-V3,1,3,V1->V2 V3->V2 V0-V3,V3,V2,V1,-1,-1,True,2.5292000000121106e-05,1.4582999999568358e-05,1,0,1
4,V1->V2 V3->V2 V0-V3,1,3,V0->V3 V1->V2 V3->V2,V0,V1,,-1,-1,True,2.170800000023121e-05,4.874999999993079e-05,2,1,2
4,V1->V2 V3->V2 V0-V3,1,3,V0->V3 V1->V2 V3->V2,V0,V2,V1,1,1,True,2.2124999999650896e-05,5.187500000003453e-05,1,1,2
4,V1->V2 V3->V2 V0-V3,1,3,V0->V3 V1->V2 V3->V2,V0,V3,,1,1,True,1.570899999991937e-05,4.508299999983478e-05,1,1,2
4,V1->V2 V3->V2 V0-V3,1,3,V0->V3 V1->V2 V3->V2,V1,V0,,-1,-1,True,2.120800000016132e-05,4.5124999999757165e-05,2,1,2
4,V1->V2 V3->V2 V0-V3,1,3,V0->V3 V1->V2 V3->V2,V1,V2,V3,-1,-1,True,2.566599999997976e-05,5.029200000006284e-05,2,1,2
4,V1->V2 V3->V2 V0-V3,1,3,V0->V3 V1->V2 V3->V2,V1,V3,,-1,-1,True,2.066700000025179e-05,4.683299999985735e-05,2,1,2
4,V1->V2 V3->V2 V0-V3,1,3,V0->V3 V1->V2 V3->V2,V3,V1,,-1,-1,True,2.120899999979997e-05,5.054100000023709e-05,2,1,2
4,V1->V2 V3->V2 V0-V3,1,3,V0->V3 V1->V2 V3->V2,V3,V2,V1,-1,-1,True,2.5833000000030637e-05,4.970900000023093e-05,2,1,2
4,V1->V2 V3->V2 V0-V3,1,3,V1->V2 V3->V0 V3->V2,V0,V1,,-1,-1,True,2.2416000000191616e-05,4.916699999979457e-05,2,1,2
4,V1->V2 V3->V2 V0-V3,1,3,V1->V2 V3->V0 V3->V2,V1,V0,,-1,-1,True,2.070800000009143e-05,4.8791999999853175e-05,2,1,2
4,V1->V2 V3->V2 V0-V3,1,3,V1->V2 V3->V0 V3->V2,V1,V2,V3,-1,-1,True,2.5833000000030637e-05,4.8542000000040275e-05,2,1,2
4,V1->V2 V3->V2 V0-V3,1,3,V1->V2 V3->V0 V3->V2,V1,V3,,-1,-1,True,2.012499999981543e-05,4.5416999999936536e-05,2,1,2
4,V1->V2 V3->V2 V0-V3,1,3,V1->V2 V3->V0 V3->V2,V3,V0,,1,1,True,1.1124999999889695e-05,4.0208000000152566e-05,1,1,2
4,V1->V2 V3->V2 V0-V3,1,3,V1->V2 V3->V0 V3->V2,V3,V1,,-1,-1,True,2.1124999999955207e-05,4.525000000032975e-05,2,1,2
4,V1->V2 V3->V2 V0-V3,1,3,V1->V2 V3->V0 V3->V2,V3,V2,V1,-1,-1,True,2.5749999999824524e-05,4.870800000000841e-05,2,1,2
4,V1->V3 V2->V3 V0-V1,1,3,V1->V3 V2->V3 V0-V1,V0,V2,,-1,-1,True,2.2582999999798403e-05,1.3167000000091633e-05,1,0,1
4,V1->V3 V2->V3 V0-V1,1,3,V1->V3 V2->V3 V0-V1,V1,V2,,-1,-1,True,2.0790999999853454e-05,1.2417000000208844e-05,1,0,1
4,V1->V3 V2->V3 V0-V1,1,3,V1->V3 V2->V3 V0-V1,V1,V3,V2,-1,-1,True,2.458399999971661e-05,1.4291000000277165e-05,1,0,1
4,V1->V3 V2->V3 V0-V1,1,3,V1->V3 V2->V3 V0-V1,V2,V0,,-1,-1,True,2.062499999988532e-05,1.1875000000216573e-05,1,0,1
4,V1->V3 V2->V3 V0-V1,1,3,V1->V3 V2->V3 V0-V1,V2,V1,,-1,-1,True,2.0000000000131024e-05,1.1665999999799226e-05,1,0,1
4,V1->V3 V2->V3 V0-V1,1,3,V1->V3 V2->V3 V0-V1,V2,V3,V1,-1,-1,True,2.4917000000179712e-05,1.4042000000102917e-05,1,0,1
4,V1->V3 V2->V3 V0-V1,1,3,V0->V1 V1->V3 V2->V3,V0,V1,,1,1,True,1.6334000000117754e-05,4.6457999999915955e-05,1,1,2
4,V1->V3 V2->V3 V0-V1,1,3,V0->V1 V1->V3 V2->V3,V0,V2,,-1,-1,True,2.1292000000006084e-05,4.5874999999639954e-05,2,1,2
4,V1->V3 V2->V3 V0-V1,1,3,V0->V1 V1->V3 V2->V3,V0,V3,V2,1,1,True,2.199999999996649e-05,5.129200000020262e-05,1,1,2
4,V1->V3 V2->V3 V0-V1,1,3,V0->V1 V1->V3 V2->V3,V1,V2,,-1,-1,True,2.1124999999955207e-05,5.1916999999956914e-05,2,1,2
4,V1->V3 V2->V3 V0-V1,1,3,V0->V1 V1->V3 V2->V3,V1,V3,V2,-1,-1,True,2.5500000000011624e-05,5.045899999966963e-05,2,1,2
4,V1->V3 V2->V3 V0-V1,1,3,V0->V1 V1->V3 V2->V3,V2,V0,,-1,-1,True,2.0584000000045677e-05,4.5415999999853796e-05,2,1,2
4,V1->V3 V2->V3 V0-V1,1,3,V0->V1 V1->V3 V2->V3,V2,V1,,-1,-1,True,2.0458999999917182e-05,4.583300000016166e-05,2,1,2
4,V1->V3 V2->V3 V0-V1,1,3,V0->V1 V1->V3 V2->V3,V2,V3,V1,-1,-1,True,2.5541999999934006e-05,4.94579999998912e-05,2,1,2
4,V1->V3 V2->V3 V0-V1,1,3,V1->V0 V1->V3 V2->V3,V0,V2,,-1,-1,True,2.1666000000308827e-05,4.704199999983061e-05,2,1,2
4,V1->V3 V2->V3 V0-V1,1,3,V1->V0 V1->V3 V2->V3,V1,V0,,1,1,True,1.1124999999889695e-05,3.9125000000250765e-05,1,1,2
4,V1->V3 V2->V3 V0-V1,1,3,V1->V0 V1->V3 V2->V3,V1,V2,,-1,-1,True,2.120800000016132e-05,4.574999999995555e-05,2,1,2
4,V1->V3 V2->V3 V0-V1,1,3,V1->V0 V1->V3 V2->V3,V1,V3,V2,-1,-1,True,2.5332999999960748e-05,4.791700000028598e-05,2,1,2
4,V1->V3 V2->V3 V0-V1,1,3,V1->V0 V1->V3 V2->V3,V2,V0,,-1,-1,True,2.0333000000150037e-05,4.4834000000104623e-05,2,1,2
4,V1->V3 V2->V3 V0-V1,1,3,V1->V0 V1->V3 V2->V3,V2,V1,,-1,-1,True,1.987500000000253e-05,4.4291999999668263e-05,2,1,2
4,V1->V3 V2->V3 V0-V1,1,3,V1->V0 V1->V3 V2->V3,V2,V3,V1,-1,-1,True,2.5458000000089243e-05,4.92080000000783e-05,2,1,2
4,V1->V3 V2->V3 V0-V1 V0-V2,2,6,V0->V1 V1->V3 V2->V3 V0-V2,V0,V1,,1,1,True,3.291700000040976e-05,0.00013195799999987656,1,1,2
4,V1->V3 V2->V3 V0-V1 V0-V2,2,6,V0->V1 V1->V3 V2->V3 V0-V2,V1,V3,V2,1,1,True,3.370800000013219e-05,0.00012070899999994111,1,1,2
4,V1->V3 V2->V3 V0-V1 V0-V2,2,6,V0->V2 V1->V3 V2->V3 V0-V1,V0,V2,,1,1,True,2.433299999982097e-05,7.779200000035402e-05,1,1,2
4,V1->V3 V2->V3 V0-V1 V0-V2,2,6,V0->V2 V1->V3 V2->V3 V0-V1,V2,V3,V1,1,1,True,5.124999999983615e-05,0.00011491600000024249,1,1,2
4,V1->V3 V2->V3 V0-V1 V0-V2,2,6,V0->V1 V0->V2 V1->V3 V2->V3,V0,V1,,1,1,True,4.787499999991951e-05,9.558299999978814e-05,1,2,3
4,V1->V3 V2->V3 V0-V1 V0-V2,2,6,V0->V1 V0->V2 V1->V3 V2->V3,V0,V2,,1,1,True,2.904100000034049e-05,8.304199999997763e-05,1,2,2
4,V1->V3 V2->V3 V0-V1 V0-V2,2,6,V0->V1 V0->V2 V1->V3 V2->V3,V0,V3,,1,1,True,3.8083999999827256e-05,8.270800000031997e-05,1,2,2
4,V1->V3 V2->V3 V0-V1 V0-V2,2,6,V0->V1 V0->V2 V1->V3 V2->V3,V1,V3,V2,1,1,True,5.045800000003098e-05,9.570799999991664e-05,1,2,3
4,V1->V3 V2->V3 V0-V1 V0-V2,2,6,V0->V1 V0->V2 V1->V3 V2->V3,V2,V3,V1,1,1,True,2.7666999999897968e-05,7.691699999989865e-05,1,2,2
4,V1->V3 V2->V3 V0-V1 V0-V2,2,6,V0->V1 V1->V3 V2->V0 V2->V3,V0,V1,,2,2,True,3.695799999992033e-05,0.00013554200000021055,2,3,3
4,V1->V3 V2->V3 V0-V1 V0-V2,2,6,V0->V1 V1->V3 V2->V0 V2->V3,V0,V3,V2,1,1,True,1.333300000005977e-05,5.7916999999907404e-05,1,2,2
4,V1->V3 V2->V3 V0-V1 V0-V2,2,6,V0->V1 V1->V3 V2->V0 V2->V3,V1,V3,V2,2,2,True,4.112500000008623e-05,0.00013774999999993653,2,3,3
4,V1->V3 V2->V3 V0-V1 V0-V2,2,6,V0->V1 V1->V3 V2->V0 V2->V3,V2,V0,,1,1,True,1.833300000031457e-05,5.891699999960309e-05,1,2,2
4,V1->V3 V2->V3 V0-V1 V0-V2,2,6,V0->V1 V1->V3 V2->V0 V2->V3,V2,V1,,1,1,True,2.1375000000212196e-05,6.04579999996524e-05,1,2,2
4,V1->V3 V2->V3 V0-V1 V0-V2,2,6,V0->V1 V1->V3 V2->V0 V2->V3,V2,V3,,1,1,True,2.3666999999782945e-05,6.095800000016638e-05,1,2,2
4,V1->V3 V2->V3 V0-V1 V0-V2,2,6,V0->V2 V1->V0 V1->V3 V2->V3,V0,V2,,2,2,True,3.083299999984135e-05,0.00012733400000008999,2,3,3
4,V1->V3 V2->V3 V0-V1 V0-V2,2,6,V0->V2 V1->V0 V1->V3 V2->V3,V0,V3,V1,1,1,True,1.333400000014251e-05,5.833299999968844e-05,1,2,2
4,V1->V3 V2->V3 V0-V1 V0-V2,2,6,V0->V2 V1->V0 V1->V3 V2->V3,V1,V0,,1,1,True,1.8459000000081716e-05,5.991600000010422e-05,1,2,2
4,V1->V3 V2->V3 V0-V1 V0-V2,2,6,V0->V2 V1->V0 V1->V3 V2->V3,V1,V2,,1,1,True,2.1374999999768107e-05,6.091700000032674e-05,1,2,2
4,V1->V3 V2->V3 V0-V1 V0-V2,2,6,V0->V2 V1->V0 V1->V3 V2->V3,V1,V3,,1,1,True,2.4000000000246047e-05,6.249999999985434e-05,1,2,2
4,V1->V3 V2->V3 V0-V1 V0-V2,2,6,V0->V2 V1->V0 V1->V3 V2->V3,V2,V3,V1,2,2,True,3.354199999971996e-05,0.00012795800000020563,2,3,3
4,V1->V3 V2->V3 V0-V2,1,3,V1->V3 V2->V3 V0-V2,V0,V1,,-1,-1,True,2.3709000000149416e-05,1.437499999967784e-05,1,0,1
4,V1->V3 V2->V3 V0-V2,1,3,V1->V3 V2->V3 V0-V2,V1,V0,,-1,-1,True,2.1084000000115566e-05,1.3291000000137387e-05,1,0,1
4,V1->V3 V2->V3 V0-V2,1,3,V1->V3 V2->V3 V0-V2,V1,V2,,-1,-1,True,2.1083000000032825e-05,1.2499999999970868e-05,1,0,1
4,V1->V3 V2->V3 V0-V2,1,3,V1->V3 V2->V3 V0-V2,V1,V3,V2,-1,-1,True,2.5707999999902142e-05,2.066700000025179e-05,1,0,1
4,V1->V3 V2->V3 V0-V2,1,3,V1->V3 V2->V3 V0-V2,V2,V1,,-1,-1,True,2.1625000000025096e-05,1.2666999999577655e-05,1,0,1
4,V1->V3 V2->V3 V0-V2,1,3,V1->V3 V2->V3 V0-V2,V2,V3,V1,-1,-1,True,2.5500000000011624e-05,1.441599999996157e-05,1,0,1
4,V1->V3 V2->V3 V0-V2,1,3,V0->V2 V1->V3 V2->V3,V0,V1,,-1,-1,True,2.195900000012685e-05,4.949999999981358e-05,2,1,2
4,V1->V3 V2->V3 V0-V2,1,3,V0->V2 V1->V3 V2->V3,V0,V2,,1,1,True,1.6000000000016e-05,4.6208000000103056e-05,1,1,2
4,V1->V3 V2->V3 V0-V2,1,3,V0->V2 V1->V3 V2->V3,V0,V3,V1,1,1,True,2.3207999999996787e-05,5.2957999999936334e-05,1,1,2
4,V1->V3 V2->V3 V0-V2,1,3,V0->V2 V1->V3 V2->V3,V1,V0,,-1,-1,True,2.1041999999749095e-05,4.6457999999915955e-05,2,1,2
4,V1->V3 V2->V3 V0-V2,1,3,V0->V2 V1->V3 V2->V3,V1,V2,,-1,-1,True,2.0792000000380284e-05,4.691599999961937e-05,2,1,2
4,V1->V3 V2->V3 V0-V2,1,3,V0->V2 V1->V3 V2->V3,V1,V3,V2,-1,-1,True,2.5500000000011624e-05,5.129200000020262e-05,2,1,2
4,V1->V3 V2->V3 V0-V2,1,3,V0->V2 V1->V3 V2->V3,V2,V1,,-1,-1,True,2.1333999999928466e-05,4.783299999999713e-05,2,1,2
4,V1->V3 V2->V3 V0-V2,1,3,V0->V2 V1->V3 V2->V3,V2,V3,V1,-1,-1,True,2.56670000000625e-05,5.108300000022936e-05,2,1,2
4,V1->V3 V2->V3 V0-V2,1,3,V1->V3 V2->V0 V2->V3,V0,V1,,-1,-1,True,2.220799999985701e-05,4.870800000000841e-05,2,1,2
4,V1->V3 V2->V3 V0-V2,1,3,V1->V3 V2->V0 V2->V3,V1,V0,,-1,-1,True,2.1249999999639613e-05,4.766599999994625e-05,2,1,2
4,V1->V3 V2->V3 V0-V2,1,3,V1->V3 V2->V0 V2->V3,V1,V2,,-1,-1,True,2.141700000013458e-05,4.5915999999923685e-05,2,1,2
4,V1->V3 V2->V3 V0-V2,1,3,V1->V3 V2->V0 V2->V3,V1,V3,V2,-1,-1,True,2.56670000000625e-05,4.841599999982904e-05,2,1,2
4,V1->V3 V2->V3 V0-V2,1,3,V1->V3 V2->V0 V2->V3,V2,V0,,1,1,True,1.1208000000095808e-05,4.049999999988785e-05,1,1,2
4,V1->V3 V2->V3 V0-V2,1,3,V1->V3 V2->V0 V2->V3,V2,V1,,-1,-1,True,2.195800000004411e-05,4.587500000008404e-05,2,1,2
4,V1->V3 V2->V3 V0-V2,1,3,V1->V3 V2->V0 V2->V3,V2,V3,V1,-1,-1,True,2.537499999988313e-05,4.900000000018778e-05,2,1,2
4,V1-V2,1,3,V1-V2,V0,V1,,-1,-1,True,1.8708999999894615e-05,1.100000000020529e-05,1,0,1
4,V1-V2,1,3,V1-V2,V0,V2,,-1,-1,True,1.7457999999859197e-05,1.0417000000373378e-05,1,0,1
4,V1-V2,1,3,V1-V2,V0,V3,,-1,-1,True,1.5582999999708136e-05,9.375000000311218e-06,1,0,1
4,V1-V2,1,3,V1-V2,V1,V0,,-1,-1,True,1.8208999999824727e-05,1.0375000000006906e-05,1,0,1
4,V1-V2,1,3,V1-V2,V1,V3,,-1,-1,True,1.779199999996095e-05,1.0375000000006906e-05,1,0,1
4,V1-V2,1,3,V1-V2,V2,V0,,-1,-1,True,1.7708000000116186e-05,1.0416999999929288e-05,1,0,1
4,V1-V2,1,3,V1-V2,V2,V3,,-1,-1,True,1.7666999999832456e-05,1.0250000000322501e-05,1,0,1
4,V1-V2,1,3,V1-V2,V3,V0,,-1,-1,True,1.5499999999946112e-05,9.250000000182723e-06,1,0,1
4,V1-V2,1,3,V1-V2,V3,V1,,-1,-1,True,1.6916999999949667e-05,9.833000000014636e-06,1,0,1
4,V1-V2,1,3,V1-V2,V3,V2,,-1,-1,True,1.6915999999866926e-05,1.0083999999910276e-05,1,0,1
4,V1-V2,1,3,V1->V2,V0,V1,,-1,-1,True,1.7332999999730703e-05,3.958299999995418e-05,2,1,2
4,V1-V2,1,3,V1->V2,V0,V2,,-1,-1,True,1.7332999999730703e-05,3.720800000017732e-05,2,1,2
4,V1-V2,1,3,V1->V2,V0,V3,,-1,-1,True,1.5625000000074607e-05,3.5167000000058124e-05,2,1,2
4,V1-V2,1,3,V1->V2,V1,V0,,-1,-1,True,1.8541000000205088e-05,3.687499999971422e-05,2,1,2
4,V1-V2,1,3,V1->V2,V1,V2,,1,1,True,1.283400000007262e-05,3.529100000010388e-05,1,1,2
4,V1-V2,1,3,V1->V2,V1,V3,,-1,-1,True,1.8916000000146482e-05,3.958400000003692e-05,2,1,2
4,V1-V2,1,3,V1->V2,V2,V0,,-1,-1,True,1.8124999999979963e-05,3.8333000000001505e-05,2,1,2
4,V1-V2,1,3,V1->V2,V2,V3,,-1,-1,True,1.7957999999929086e-05,3.775000000016959e-05,2,1,2
4,V1-V2,1,3,V1->V2,V3,V0,,-1,-1,True,1.5499999999946112e-05,3.854199999997476e-05,2,1,2
4,V1-V2,1,3,V1->V2,V3,V1,,-1,-1,True,1.783300000024468e-05,3.6750000000029814e-05,2,1,2
4,V1-V2,1,3,V1->V2,V3,V2,,-1,-1,True,1.729200000033515e-05,3.683299999979184e-05,2,1,2
4,V1-V2,1,3,V2->V1,V0,V1,,-1,-1,True,1.779199999996095e-05,3.73750000002282e-05,2,1,2
4,V1-V2,1,3,V2->V1,V0,V2,,-1,-1,True,3.4124999999995964e-05,5.262499999991732e-05,2,1,2
4,V1-V2,1,3,V2->V1,V0,V3,,-1,-1,True,1.7166999999762567e-05,3.924999999993517e-05,2,1,2
4,V1-V2,1,3,V2->V1,V1,V0,,-1,-1,True,1.8417000000159334e-05,3.899999999967818e-05,2,1,2
4,V1-V2,1,3,V2->V1,V1,V3,,-1,-1,True,1.8124999999979963e-05,3.829100000007912e-05,2,1,2
4,V1-V2,1,3,V2->V1,V2,V0,,-1,-1,True,1.7875000000167063e-05,6.862499999993332e-05,2,1,2
4,V1-V2,1,3,V2->V1,V2,V1,,1,1,True,1.229200000008035e-05,6.724999999985215e-05,1,1,2
4,V1-V2,1,3,V2->V1,V2,V3,,-1,-1,True,3.458399999978212e-05,4.458300000020898e-05,2,1,2
4,V1-V2,1,3,V2->V1,V3,V0,,-1,-1,True,1.6416999999879778e-05,3.7292000000022085e-05,2,1,2
4,V1-V2,1,3,V2->V1,V3,V1,,-1,-1,True,1.758300000043178e-05,3.745799999999022e-05,2,1,2
4,V1-V2,1,3,V2->V1,V3,V2,,-1,-1,True,1.754200000014805e-05,3.645799999985044e-05,2,1,2
4,V1-V2 V1-V3,2,6,V1-V2 V1-V3,V0,V1,,-1,-1,True,8.020799999997053e-05,1.883300000038446e-05,1,0,1
4,V1-V2 V1-V3,2,6,V1-V2 V1-V3,V0,V2,,-1,-1,True,6.787499999960644e-05,2.1875000000282085e-05,1,0,1
4,V1-V2 V1-V3,2,6,V1-V2 V1-V3,V0,V3,,-1,-1,True,5.083299999997237e-05,1.6667000000136767e-05,1,0,1
4,V1-V2 V1-V3,2,6,V1-V2 V1-V3,V1,V0,,-1,-1,True,4.8542000000040275e-05,1.645800000016351e-05,1,0,1
4,V1-V2 V1-V3,2,6,V1-V2 V1-V3,V2,V0,,-1,-1,True,5.82919999998488e-05,1.7417000000019556e-05,1,0,1
4,V1-V2 V1-V3,2,6,V1-V2 V1-V3,V3,V0,,-1,-1,True,5.258299999999494e-05,1.7582999999987692e-05,1,0,1
4,V1-V2 V1-V3,2,6,V1->V2 V1-V3,V0,V1,,-1,-1,True,4.5958000000290156e-05,6.954199999986699e-05,2,1,2
4,V1-V2 V1-V3,2,6,V1->V2 V1-V3,V0,V2,,-1,-1,True,5.179199999982842e-05,7.16660000001923e-05,2,1,2
4,V1-V2 V1-V3,2,6,V1->V2 V1-V3,V0,V3,,-1,-1,True,5.0665999999921496e-05,6.683400000007111e-05,2,1,2
4,V1-V2 V1-V3,2,6,V1->V2 V1-V3,V1,V0,,-1,-1,True,4.949999999981358e-05,6.75839999999539e-05,2,1,2
4,V1-V2 V1-V3,2,6,V1->V2 V1-V3,V1,V2,,1,1,True,2.5249999999754635e-05,6.545899999998994e-05,1,1,2
4,V1-V2 V1-V3,2,6,V1->V2 V1-V3,V2,V0,,-1,-1,True,5.291700000009669e-05,6.995800000009211e-05,2,1,2
4,V1-V2 V1-V3,2,6,V1->V2 V1-V3,V3,V0,,-1,-1,True,5.283300000025193e-05,7.09579999997878e-05,2,1,2
4,V1-V2 V1-V3,2,6,V1->V3 V1-V2,V0,V1,,-1,-1,True,4.8292000000227375e-05,6.679100000006599e-05,2,1,2
4,V1-V2 V1-V3,2,6,V1->V3 V1-V2,V0,V2,,-1,-1,True,4.999999999988347e-05,6.58329999998486e-05,2,1,2
4,V1-V2 V1-V3,2,6,V1->V3 V1-V2,V0,V3,,-1,-1,True,4.9624999999942077e-05,6.729100000013588e-05,2,1,2
4,V1-V2 V1-V3,2,6,V1->V3 V1-V2,V1,V0,,-1,-1,True,4.925000000000068e-05,6.54579999999072e-05,2,1,2
4,V1-V2 V1-V3,2,6,V1->V3 V1-V2,V1,V3,,1,1,True,2.0209000000104282e-05,6.07910000001155e-05,1,1,2
4,V1-V2 V1-V3,2,6,V1->V3 V1-V2,V2,V0,,-1,-1,True,5.341699999972249e-05,6.712500000016774e-05,2,1,2
4,V1-V2 V1-V3,2,6,V1->V3 V1-V2,V3,V0,,-1,-1,True,5.466600000003652e-05,9.595899999981228e-05,2,1,2
4,V1-V2 V1-V3,2,6,V1->V2 V1->V3,V0,V1,,-1,-1,True,4.912499999987219e-05,0.00017145800000006872,4,4,4
4,V1-V2 V1-V3,2,6,V1->V2 V1->V3,V0,V2,,-1,-1,True,5.3792000000107976e-05,0.00016974999999996854,4,4,4
4,V1-V2 V1-V3,2,6,V1->V2 V1->V3,V0,V3,,-1,-1,True,5.129100000011988e-05,0.0001663750000000519,4,4,4
4,V1-V2 V1-V3,2,6,V1->V2 V1->V3,V1,V0,,-1,-1,True,4.970800000014819e-05,0.000165541999999963,4,4,4
4,V1-V2 V1-V3,2,6,V1->V2 V1->V3,V1,V2,,1,1,True,4.066600000030007e-05,7.41669999997363e-05,1,2,3
4,V1-V2 V1-V3,2,6,V1->V2 V1->V3,V1,V3,,1,1,True,2.3915999999957194e-05,6.299999999992423e-05,1,2,2
4,V1-V2 V1-V3,2,6,V1->V2 V1->V3,V2,V0,,-1,-1,True,5.466599999959243e-05,0.00016800000000039006,4,4,4
4,V1-V2 V1-V3,2,6,V1->V2 V1->V3,V3,V0,,-1,-1,True,5.2750000000045816e-05,0.00016787499999981748,4,4,4
4,V1-V2 V1-V3,2,6,V1->V2 V3->V1,V0,V1,,-1,-1,True,4.683299999985735e-05,0.00010912500000026526,3,3,3
4,V1-V2 V1-V3,2,6,V1->V2 V3->V1,V0,V2,,-1,-1,True,5.095900000018361e-05,0.00011258299999994392,3,3,3
4,V1-V2 V1-V3,2,6,V1->V2 V3->V1,V0,V3,,-1,-1,True,5.129100000011988e-05,0.00010841699999986076,3,3,3
4,V1-V2 V1-V3,2,6,V1->V2 V3->V1,V1,V0,,-1,-1,True,5.095899999973952e-05,0.00011175000000029911,3,3,3
4,V1-V2 V1-V3,2,6,V1->V2 V3->V1,V1,V2,,2,2,True,2.9708000000017165e-05,0.00011037500000021794,2,3,3
4,V1-V2 V1-V3,2,6,V1->V2 V3->V1,V2,V0,,-1,-1,True,5.316699999990959e-05,0.00011708300000012883,3,3,3
4,V1-V2 V1-V3,2,6,V1->V2 V3->V1,V3,V0,,-1,-1,True,5.387500000031409e-05,0.00011654199999977521,3,3,3
4,V1-V2 V1-V3,2,6,V1->V2 V3->V1,V3,V1,,1,1,True,1.6916999999949667e-05,5.308300000006483e-05,1,2,2
4,V1-V2 V1-V3,2,6,V1->V2 V3->V1,V3,V2,,1,1,True,1.983299999963606e-05,5.441700000030636e-05,1,2,2
4,V1-V2 V1-V3,2,6,V1->V3 V2->V1,V0,V1,,-1,-1,True,4.8040999999887646e-05,0.00011233400000021376,3,3,3
4,V1-V2 V1-V3,2,6,V1->V3 V2->V1,V0,V2,,-1,-1,True,5.1209000000440597e-05,0.00011166599999956617,3,3,3
4,V1-V2 V1-V3,2,6,V1->V3 V2->V1,V0,V3,,-1,-1,True,4.920799999963421e-05,0.00011316700000030266,3,3,3
4,V1-V2 V1-V3,2,6,V1->V3 V2->V1,V1,V0,,-1,-1,True,4.9540999999653224e-05,0.00011029200000001183,3,3,3
4,V1-V2 V1-V3,2,6,V1->V3 V2->V1,V1,V3,,2,2,True,2.5416999999805512e-05,0.00010366700000030704,2,3,3
4,V1-V2 V1-V3,2,6,V1->V3 V2->V1,V2,V0,,-1,-1,True,5.26669999998397e-05,0.00011470799999990788,3,3,3
4,V1-V2 V1-V3,2,6,V1->V3 V2->V1,V2,V1,,1,1,True,1.6791999999821172e-05,5.079200000013273e-05,1,2,2
4,V1-V2 V1-V3,2,6,V1->V3 V2->V1,V2,V3,,1,1,True,1.833399999995322e-05,5.162499999977754e-05,1,2,2
4,V1-V2 V1-V3,2,6,V1->V3 V2->V1,V3,V0,,-1,-1,True,5.3041000000142446e-05,0.00011354199999979997,3,3,3
4,V1-V2 V1-V3 V2-V3,3,19,V1-V2 V1-V3 V2-V3,V0,V1,,-1,-1,True,0.00022387500000009553,3.433299999988648e-05,1,0,1
4,V1-V2 V1-V3 V2-V3,3,19,V1-V2 V1-V3 V2-V3,V0,V2,,-1,-1,True,0.00022616700000011036,3.4124999999995964e-05,1,0,1
4,V1-V2 V1-V3 V2-V3,3,19,V1-V2 V1-V3 V2-V3,V0,V3,,-1,-1,True,0.00022191699999973835,3.354100000008131e-05,1,0,1
4,V1-V2 V1-V3 V2-V3,3,19,V1-V2 V1-V3 V2-V3,V1,V0,,-1,-1,True,0.00023829199999969575,3.5500000000077137e-05,1,0,1
4,V1-V2 V1-V3 V2-V3,3,19,V1-V2 V1-V3 V2-V3,V2,V0,,-1,-1,True,0.00027008399999983723,3.666600000018505e-05,1,0,1
4,V1-V2 V1-V3 V2-V3,3,19,V1-V2 V1-V3 V2-V3,V3,V0,,-1,-1,True,0.00023787500000027606,3.5958999999863295e-05,1,0,1
4,V1-V2 V1-V3 V2-V3,3,19,V1->V2 V1-V3 V2-V3,V0,V1,,-1,-1,True,0.00022104200000017116,0.0001231250000000017,2,1,2
4,V1-V2 V1-V3 V2-V3,3,19,V1->V2 V1-V3 V2-V3,V0,V2,,-1,-1,True,0.00022224999999975736,0.00012916700000031867,2,1,2
4,V1-V2 V1-V3 V2-V3,3,19,V1->V2 V1-V3 V2-V3,V0,V3,,-1,-1,True,0.0002199999999996649,0.00011879100000022902,2,1,2
4,V1-V2 V1-V3 V2-V3,3,19,V1->V2 V1-V3 V2-V3,V1,V0,,-1,-1,True,0.0002344170000001533,0.00011975000000008507,2,1,2
4,V1-V2 V1-V3 V2-V3,3,19,V1->V2 V1-V3 V2-V3,V2,V0,,-1,-1,True,0.0002311249999999987,0.0001236250000000716,2,1,2
4,V1-V2 V1-V3 V2-V3,3,19,V1->V2 V1-V3 V2-V3,V3,V0,,-1,-1,True,0.00023433300000030854,0.00012249999999980332,2,1,2
4,V1-V2 V1-V3 V2-V3,3,19,V1->V3 V1-V2 V2-V3,V0,V1,,-1,-1,True,0.00022187499999981597,0.00011958300000003419,2,1,2
4,V1-V2 V1-V3 V2-V3,3,19,V1->V3 V1-V2 V2-V3,V0,V2,,-1,-1,True,0.00022454099999968946,0.00012195900000033788,2,1,2
4,V1-V2 V1-V3 V2-V3,3,19,V1->V3 V1-V2 V2-V3,V0,V3,,-1,-1,True,0.00022379099999980667,0.0001230000000003173,2,1,2
4,V1-V2 V1-V3 V2-V3,3,19,V1->V3 V1-V2 V2-V3,V1,V0,,-1,-1,True,0.00023816700000001134,0.00012125000000029473,2,1,2
4,V1-V2 V1-V3 V2-V3,3,19,V1->V3 V1-V2 V2-V3,V2,V0,,-1,-1,True,0.00023733400000036653,0.0001260409999996881,2,1,2
4,V1-V2 V1-V3 V2-V3,3,19,V1->V3 V1-V2 V2-V3,V3,V0,,-1,-1,True,0.00023941699999996402,0.00012966600000030581,2,1,2
4,V1-V2 V1-V3 V2-V3,3,19,V2->V1 V1-V3 V2-V3,V0,V1,,-1,-1,True,0.00022458400000013867,0.00012499999999970868,2,1,2
4,V1-V2 V1-V3 V2-V3,3,19,V2->V1 V1-V3 V2-V3,V0,V2,,-1,-1,True,0.0002257080000003242,0.00011999999999989797,2,1,2
4,V1-V2 V1-V3 V2-V3,3,19,V2->V1 V1-V3 V2-V3,V0,V3,,-1,-1,True,0.000223667000000205,0.00012058299999972988,2,1,2
4,V1-V2 V1-V3 V2-V3,3,19,V2->V1 V1-V3 V2-V3,V1,V0,,-1,-1,True,0.00023816700000001134,0.00012608300000005457,2,1,2
4,V1-V2 V1-V3 V2-V3,3,19,V2->V1 V1-V3 V2-V3,V2,V0,,-1,-1,True,0.00024049999999986582,0.00012737499999992963,2,1,2
4,V1-V2 V1-V3 V2-V3,3,19,V2->V1 V1-V3 V2-V3,V3,V0,,-1,-1,True,0.0002579169999998854,0.00013266600000028106,2,1,2
4,V1-V2 V1-V3 V2-V3,3,19,V2->V3 V1-V2 V1-V3,V0,V1,,-1,-1,True,0.00022412500000035251,0.00012445899999979915,2,1,2
4,V1-V2 V1-V3 V2-V3,3,19,V2->V3 V1-V2 V1-V3,V0,V2,,-1,-1,True,0.00022287499999995575,0.00011995799999997558,2,1,2
4,V1-V2 V1-V3 V2-V3,3,19,V2->V3 V1-V2 V1-V3,V0,V3,,-1,-1,True,0.00022116699999985556,0.0001230000000003173,2,1,2
4,V1-V2 V1-V3 V2-V3,3,19,V2->V3 V1-V2 V1-V3,V1,V0,,-1,-1,True,0.00023400000000028953,0.00012320799999976373,2,1,2
4,V1-V2 V1-V3 V2-V3,3,19,V2->V3 V1-V2 V1-V3,V2,V0,,-1,-1,True,0.00023291699999994364,0.00012037500000028345,2,1,2
4,V1-V2 V1-V3 V2-V3,3,19,V2->V3 V1-V2 V1-V3,V3,V0,,-1,-1,True,0.00023399999999984544,0.00013216699999984982,2,1,2
4,V1-V2 V1-V3 V2-V3,3,19,V3->V1 V1-V2 V2-V3,V0,V1,,-1,-1,True,0.00022287499999995575,0.0001215839999999524,2,1,2
4,V1-V2 V1-V3 V2-V3,3,19,V3->V1 V1-V2 V2-V3,V0,V2,,-1,-1,True,0.0002210830000000108,0.00012037499999983936,2,1,2
4,V1-V2 V1-V3 V2-V3,3,19,V3->V1 V1-V2 V2-V3,V0,V3,,-1,-1,True,0.0002184590000000597,0.00012170799999999815,2,1,2
4,V1-V2 V1-V3 V2-V3,3,19,V3->V1 V1-V2 V2-V3,V1,V0,,-1,-1,True,0.000229209000000008,0.00012391600000016822,2,1,2
4,V1-V2 V1-V3 V2-V3,3,19,V3->V1 V1-V2 V2-V3,V2,V0,,-1,-1,True,0.00023216700000006085,0.00012116600000000588,2,1,2
4,V1-V2 V1-V3 V2-V3,3,19,V3->V1 V1-V2 V2-V3,V3,V0,,-1,-1,True,0.0002342090000002628,0.00012191599999988867,2,1,2
4,V1-V2 V1-V3 V2-V3,3,19,V3->V2 V1-V2 V1-V3,V0,V1,,-1,-1,True,0.00021912499999965362,0.0001189580000002799,2,1,2
4,V1-V2 V1-V3 V2-V3,3,19,V3->V2 V1-V2 V1-V3,V0,V2,,-1,-1,True,0.0002192920000001486,0.00011954199999975046,2,1,2
4,V1-V2 V1-V3 V2-V3,3,19,V3->V2 V1-V2 V1-V3,V0,V3,,-1,-1,True,0.00021875000000015632,0.00011587500000009854,2,1,2
4,V1-V2 V1-V3 V2-V3,3,19,V3->V2 V1-V2 V1-V3,V1,V0,,-1,-1,True,0.000232415999999791,0.00012212500000030602,2,1,2
4,V1-V2 V1-V3 V2-V3,3,19,V3->V2 V1-V2 V1-V3,V2,V0,,-1,-1,True,0.00023104200000023667,0.0001232499999996861,2,1,2
4,V1-V2 V1-V3 V2-V3,3,19,V3->V2 V1-V2 V1-V3,V3,V0,,-1,-1,True,0.0002659170000001154,0.00014283299999995336,2,1,2
4,V1-V2 V1-V3 V2-V3,3,19,V1->V2 V1->V3 V2-V3,V0,V1,,-1,-1,True,0.0002203750000000504,0.0003207500000002028,4,4,4
4,V1-V2 V1-V3 V2-V3,3,19,V1->V2 V1->V3 V2-V3,V0,V2,,-1,-1,True,0.00022137499999974608,0.0002985419999999017,4,4,4
4,V1-V2 V1-V3 V2-V3,3,19,V1->V2 V1->V3 V2-V3,V0,V3,,-1,-1,True,0.000251416999999865,0.00031920800000007077,4,4,4
4,V1-V2 V1-V3 V2-V3,3,19,V1->V2 V1->V3 V2-V3,V1,V0,,-1,-1,True,0.00023679200000037426,0.0003040419999997823,4,4,4
4,V1-V2 V1-V3 V2-V3,3,19,V1->V2 V1->V3 V2-V3,V1,V2,,1,1,True,4.5375000000014154e-05,0.0001127499999999948,1,2,2
4,V1-V2 V1-V3 V2-V3,3,19,V1->V2 V1->V3 V2-V3,V1,V3,,1,1,True,4.3791999999598374e-05,0.00011179100000013875,1,2,2
4,V1-V2 V1-V3 V2-V3,3,19,V1->V2 V1->V3 V2-V3,V2,V0,,-1,-1,True,0.00023825000000021745,0.00030787499999984647,4,4,4
4,V1-V2 V1-V3 V2-V3,3,19,V1->V2 V1->V3 V2-V3,V3,V0,,-1,-1,True,0.00023837499999990186,0.00031095900000011056,4,4,4
4,V1-V2 V1-V3 V2-V3,3,19,V1->V2 V3->V2 V1-V3,V0,V1,,-1,-1,True,0.00022045899999989516,0.00029358300000037474,4,4,4
4,V1-V2 V1-V3 V2-V3,3,19,V1->V2 V3->V2 V1-V3,V0,V2,,-1,-1,True,0.0002221659999999126,0.00030583400000017136,4,4,4
4,V1-V2 V1-V3 V2-V3,3,19,V1->V2 V3->V2 V1-V3,V0,V3,,-1,-1,True,0.00022341699999994802,0.00029354100000000827,4,4,4
4,V1-V2 V1-V3 V2-V3,3,19,V1->V2 V3->V2 V1-V3,V1,V0,,-1,-1,True,0.0002369579999998983,0.00029691700000000765,4,4,4
4,V1-V2 V1-V3 V2-V3,3,19,V1->V2 V3->V2 V1-V3,V2,V0,,-1,-1,True,0.00023358300000042576,0.00030829199999971024,4,4,4
4,V1-V2 V1-V3 V2-V3,3,19,V1->V2 V3->V2 V1-V3,V3,V0,,-1,-1,True,0.000236333000000144,0.0002963749999995713,4,4,4
4,V1-V2 V1-V3 V2-V3,3,19,V1->V3 V2->V3 V1-V2,V0,V1,,-1,-1,True,0.00024716599999985434,0.00031295899999994603,4,4,4
4,V1-V2 V1-V3 V2-V3,3,19,V1->V3 V2->V3 V1-V2,V0,V2,,-1,-1,True,0.00022337499999958155,0.0002950830000001403,4,4,4
4,V1-V2 V1-V3 V2-V3,3,19,V1->V3 V2->V3 V1-V2,V0,V3,,-1,-1,True,0.00021970900000001237,0.000298540999999819,4,4,4
4,V1-V2 V1-V3 V2-V3,3,19,V1->V3 V2->V3 V1-V2,V1,V0,,-1,-1,True,0.00023470800000024994,0.00029704200000013614,4,4,4
4,V1-V2 V1-V3 V2-V3,3,19,V1->V3 V2->V3 V1-V2,V2,V0,,-1,-1,True,0.00023324999999996265,0.00029408300000000054,4,4,4
4,V1-V2 V1-V3 V2-V3,3,19,V1->V3 V2->V3 V1-V2,V3,V0,,-1,-1,True,0.0002344589999996316,0.0003039160000000152,4,4,4
4,V1-V2 V1-V3 V2-V3,3,19,V2->V1 V2->V3 V1-V3,V0,V1,,-1,-1,True,0.00024345799999991868,0.00031291700000002365,4,4,4
4,V1-V2 V1-V3 V2-V3,3,19,V2->V1 V2->V3 V1-V3,V0,V2,,-1,-1,True,0.00022191699999973835,0.00029716700000026464,4,4,4
4,V1-V2 V1-V3 V2-V3,3,19,V2->V1 V2->V3 V1-V3,V0,V3,,-1,-1,True,0.00021933299999998823,0.0002985000000004234,4,4,4
4,V1-V2 V1-V3 V2-V3,3,19,V2->V1 V2->V3 V1-V3,V1,V0,,-1,-1,True,0.0002364999999997508,0.00031370800000019017,4,4,4
4,V1-V2 V1-V3 V2-V3,3,19,V2->V1 V2->V3 V1-V3,V2,V0,,-1,-1,True,0.00023533300000000423,0.0002958749999999455,4,4,4
4,V1-V2 V1-V3 V2-V3,3,19,V2->V1 V2->V3 V1-V3,V2,V1,,1,1,True,3.525000000026424e-05,0.00010966699999981344,1,2,2
4,V1-V2 V1-V3 V2-V3,3,19,V2->V1 V2->V3 V1-V3,V2,V3,,1,1,True,3.433299999988648e-05,0.0001080830000002031,1,2,2
4,V1-V2 V1-V3 V2-V3,3,19,V2->V1 V2->V3 V1-V3,V3,V0,,-1,-1,True,0.00023995800000031764,0.00030324999999997715,4,4,4
4,V1-V2 V1-V3 V2-V3,3,19,V2->V1 V3->V1 V2-V3,V0,V1,,-1,-1,True,0.00022308300000029035,0.00030345799999986767,4,4,4
4,V1-V2 V1-V3 V2-V3,3,19,V2->V1 V3->V1 V2-V3,V0,V2,,-1,-1,True,0.00022208400000023332,0.00029783299999985857,4,4,4
4,V1-V2 V1-V3 V2-V3,3,19,V2->V1 V3->V1 V2-V3,V0,V3,,-1,-1,True,0.0002244170000000878,0.00029262499999971325,4,4,4
4,V1-V2 V1-V3 V2-V3,3,19,V2->V1 V3->V1 V2-V3,V1,V0,,-1,-1,True,0.00023479100000001196,0.0003071249999999637,4,4,4
4,V1-V2 V1-V3 V2-V3,3,19,V2->V1 V3->V1 V2-V3,V2,V0,,-1,-1,True,0.00023300000000014975,0.00029779200000001893,4,4,4
4,V1-V2 V1-V3 V2-V3,3,19,V2->V1 V3->V1 V2-V3,V3,V0,,-1,-1,True,0.00023874999999984325,0.0002937499999999815,4,4,4
4,V1-V2 V1-V3 V2-V3,3,19,V3->V1 V3->V2 V1-V2,V0,V1,,-1,-1,True,0.00021716700000018463,0.00029795799999998707,4,4,4
4,V1-V2 V1-V3 V2-V3,3,19,V3->V1 V3->V2 V1-V2,V0,V2,,-1,-1,True,0.00022666700000018025,0.0002944999999998643,4,4,4
4,V1-V2 V1-V3 V2-V3,3,19,V3->V1 V3->V2 V1-V2,V0,V3,,-1,-1,True,0.00021679200000024323,0.0002860829999997705,4,4,4
4,V1-V2 V1-V3 V2-V3,3,19,V3->V1 V3->V2 V1-V2,V1,V0,,-1,-1,True,0.00022958399999994938,0.00030408300000006605,4,4,4
4,V1-V2 V1-V3 V2-V3,3,19,V3->V1 V3->V2 V1-V2,V2,V0,,-1,-1,True,0.00022987500000004601,0.0003065000000002094,4,4,4
4,V1-V2 V1-V3 V2-V3,3,19,V3->V1 V3->V2 V1-V2,V3,V0,,-1,-1,True,0.000236333000000144,0.0002966249999998283,4,4,4
4,V1-V2 V1-V3 V2-V3,3,19,V3->V1 V3->V2 V1-V2,V3,V1,,1,1,True,3.108300000009834e-05,0.00010279199999985167,1,2,2
4,V1-V2 V1-V3 V2-V3,3,19,V3->V1 V3->V2 V1-V2,V3,V2,,1,1,True,3.066600000023456e-05,0.00010304199999966457,1,2,2
4,V1-V2 V1-V3 V2-V3,3,19,V1->V2 V1->V3 V2->V3,V0,V1,,-1,-1,True,0.00022279200000019372,0.0005416669999998014,7,10,7
4,V1-V2 V1-V3 V2-V3,3,19,V1->V2 V1->V3 V2->V3,V0,V2,,-1,-1,True,0.00022345799999978766,0.0005432920000001396,7,10,7
4,V1-V2 V1-V3 V2-V3,3,19,V1->V2 V1->V3 V2->V3,V0,V3,,-1,-1,True,0.00022258299999977638,0.000614125000000243,7,10,7
4,V1-V2 V1-V3 V2-V3,3,19,V1->V2 V1->V3 V2->V3,V1,V0,,-1,-1,True,0.0002359999999996809,0.0005562920000001803,7,10,7
4,V1-V2 V1-V3 V2-V3,3,19,V1->V2 V1->V3 V2->V3,V1,V2,,1,1,True,5.945799999995671e-05,0.00010095900000006708,1,3,3
4,V1-V2 V1-V3 V2-V3,3,19,V1->V2 V1->V3 V2->V3,V1,V3,,1,1,True,6.025000000020597e-05,0.00010179099999962915,1,3,3
4,V1-V2 V1-V3 V2-V3,3,19,V1->V2 V1->V3 V2->V3,V2,V0,,-1,-1,True,0.00023391700000008342,0.0005477919999998804,7,10,7
4,V1-V2 V1-V3 V2-V3,3,19,V1->V2 V1->V3 V2->V3,V2,V3,V1,1,1,True,4.8040999999887646e-05,9.166699999996197e-05,1,3,2
4,V1-V2 V1-V3 V2-V3,3,19,V1->V2 V1->V3 V2->V3,V3,V0,,-1,-1,True,0.00023375000000003254,0.0005536669999997024,7,10,7
4,V1-V2 V1-V3 V2-V3,3,19,V1->V2 V1->V3 V3->V2,V0,V1,,-1,-1,True,0.00022241699999980824,0.0005381670000002003,7,10,7
4,V1-V2 V1-V3 V2-V3,3,19,V1->V2 V1->V3 V3->V2,V0,V2,,-1,-1,True,0.0002175840000000484,0.0005384159999999305,7,10,7
4,V1-V2 V1-V3 V2-V3,3,19,V1->V2 V1->V3 V3->V2,V0,V3,,-1,-1,True,0.0002198749999999805,0.0005285829999999159,7,10,7
4,V1-V2 V1-V3 V2-V3,3,19,V1->V2 V1->V3 V3->V2,V1,V0,,-1,-1,True,0.00023283300000009888,0.0005271250000000727,7,10,7
4,V1-V2 V1-V3 V2-V3,3,19,V1->V2 V1->V3 V3->V2,V1,V2,,1,1,True,6.183300000017766e-05,0.00010037500000015243,1,3,3
4,V1-V2 V1-V3 V2-V3,3,19,V1->V2 V1->V3 V3->V2,V1,V3,,1,1,True,5.5334000000240025e-05,9.504099999979587e-05,1,3,3
4,V1-V2 V1-V3 V2-V3,3,19,V1->V2 V1->V3 V3->V2,V2,V0,,-1,-1,True,0.00023166699999999096,0.000544333000000119,7,10,7
4,V1-V2 V1-V3 V2-V3,3,19,V1->V2 V1->V3 V3->V2,V3,V0,,-1,-1,True,0.00023104199999979258,0.0005805000000003169,7,10,7
4,V1-V2 V1-V3 V2-V3,3,19,V1->V2 V1->V3 V3->V2,V3,V2,V1,1,1,True,3.2333000000051015e-05,8.850000000037994e-05,1,3,2
4,V1-V2 V1-V3 V2-V3,3,19,V1->V2 V3->V1 V3->V2,V0,V1,,-1,-1,True,0.00022337500000002564,0.0005460830000001415,7,10,7
4,V1-V2 V1-V3 V2-V3,3,19,V1->V2 V3->V1 V3->V2,V0,V2,,-1,-1,True,0.00022229199999967975,0.0005575000000002106,7,10,7
4,V1-V2 V1-V3 V2-V3,3,19,V1->V2 V3->V1 V3->V2,V0,V3,,-1,-1,True,0.00022620799999995,0.0005344169999998982,7,10,7
4,V1-V2 V1-V3 V2-V3,3,19,V1->V2 V3->V1 V3->V2,V1,V0,,-1,-1,True,0.00023558299999981713,0.000551166999999797,7,10,7
4,V1-V2 V1-V3 V2-V3,3,19,V1->V2 V3->V1 V3->V2,V1,V2,V3,1,1,True,1.4499999999806334e-05,7.829199999997982e-05,1,3,2
4,V1-V2 V1-V3 V2-V3,3,19,V1->V2 V3->V1 V3->V2,V2,V0,,-1,-1,True,0.0002374579999999682,0.0005575840000000554,7,10,7
4,V1-V2 V1-V3 V2-V3,3,19,V1->V2 V3->V1 V3->V2,V3,V0,,-1,-1,True,0.00023104199999979258,0.0005358330000002631,7,10,7
4,V1-V2 V1-V3 V2-V3,3,19,V1->V2 V3->V1 V3->V2,V3,V1,,1,1,True,2.7666999999897968e-05,8.12080000001103e-05,1,3,2
4,V1-V2 V1-V3 V2-V3,3,19,V1->V2 V3->V1 V3->V2,V3,V2,,1,1,True,2.9249999999869658e-05,8.199999999991547e-05,1,3,2
4,V1-V2 V1-V3 V2-V3,3,19,V1->V3 V2->V1 V2->V3,V0,V1,,-1,-1,True,0.00022208300000015058,0.0005430419999998826,7,10,7
4,V1-V2 V1-V3 V2-V3,3,19,V1->V3 V2->V1 V2->V3,V0,V2,,-1,-1,True,0.0002210830000000108,0.0005326249999999533,7,10,7
4,V1-V2 V1-V3 V2-V3,3,19,V1->V3 V2->V1 V2->V3,V0,V3,,-1,-1,True,0.00022749999999982506,0.0005568750000000122,7,10,7
4,V1-V2 V1-V3 V2-V3,3,19,V1->V3 V2->V1 V2->V3,V1,V0,,-1,-1,True,0.00026916699999990357,0.0005571249999998251,7,10,7
4,V1-V2 V1-V3 V2-V3,3,19,V1->V3 V2->V1 V2->V3,V1,V3,V2,1,1,True,1.3957999999814064e-05,7.83339999999022e-05,1,3,2
4,V1-V2 V1-V3 V2-V3,3,19,V1->V3 V2->V1 V2->V3,V2,V0,,-1,-1,True,0.00023362499999990405,0.0005302499999997323,7,10,7
4,V1-V2 V1-V3 V2-V3,3,19,V1->V3 V2->V1 V2->V3,V2,V1,,1,1,True,2.4457999999949465e-05,8.687500000004178e-05,1,3,2
4,V1-V2 V1-V3 V2-V3,3,19,V1->V3 V2->V1 V2->V3,V2,V3,,1,1,True,2.700000000022129e-05,8.06249999998343e-05,1,3,2
4,V1-V2 V1-V3 V2-V3,3,19,V1->V3 V2->V1 V2->V3,V3,V0,,-1,-1,True,0.00023095900000003056,0.0005469159999997864,7,10,7
4,V1-V2 V1-V3 V2-V3,3,19,V2->V1 V2->V3 V3->V1,V0,V1,,-1,-1,True,0.00021887500000028481,0.0005482500000000279,7,10,7
4,V1-V2 V1-V3 V2-V3,3,19,V2->V1 V2->V3 V3->V1,V0,V2,,-1,-1,True,0.00022291600000023948,0.0005215839999999083,7,10,7
4,V1-V2 V1-V3 V2-V3,3,19,V2->V1 V2->V3 V3->V1,V0,V3,,-1,-1,True,0.00021912500000009771,0.000526833999999976,7,10,7
4,V1-V2 V1-V3 V2-V3,3,19,V2->V1 V2->V3 V3->V1,V1,V0,,-1,-1,True,0.0002313330000003333,0.000541374999999622,7,10,7
4,V1-V2 V1-V3 V2-V3,3,19,V2->V1 V2->V3 V3->V1,V2,V0,,-1,-1,True,0.00023195900000017033,0.0005231249999999577,7,10,7
4,V1-V2 V1-V3 V2-V3,3,19,V2->V1 V2->V3 V3->V1,V2,V1,,1,1,True,5.200000000016303e-05,9.604099999993565e-05,1,3,3
4,V1-V2 V1-V3 V2-V3,3,19,V2->V1 V2->V3 V3->V1,V2,V3,,1,1,True,4.8000000000048004e-05,9.275000000030786e-05,1,3,3
4,V1-V2 V1-V3 V2-V3,3,19,V2->V1 V2->V3 V3->V1,V3,V0,,-1,-1,True,0.00023095799999994782,0.0005965420000002553,7,10,7
4,V1-V2 V1-V3 V2-V3,3,19,V2->V1 V2->V3 V3->V1,V3,V1,V2,1,1,True,3.449999999993736e-05,9.19580000000586e-05,1,3,2
4,V1-V2 V1-V3 V2-V3,3,19,V2->V1 V3->V1 V3->V2,V0,V1,,-1,-1,True,0.00023312499999983416,0.0006111249999998236,7,10,7
4,V1-V2 V1-V3 V2-V3,3,19,V2->V1 V3->V1 V3->V2,V0,V2,,-1,-1,True,0.00022362500000028263,0.0005459169999997293,7,10,7
4,V1-V2 V1-V3 V2-V3,3,19,V2->V1 V3->V1 V3->V2,V0,V3,,-1,-1,True,0.00022445799999992744,0.0005424170000001283,7,10,7
4,V1-V2 V1-V3 V2-V3,3,19,V2->V1 V3->V1 V3->V2,V1,V0,,-1,-1,True,0.00023608299999988702,0.0005628749999999627,7,10,7
4,V1-V2 V1-V3 V2-V3,3,19,V2->V1 V3->V1 V3->V2,V2,V0,,-1,-1,True,0.0002395840000000149,0.0005644159999995679,7,10,7
4,V1-V2 V1-V3 V2-V3,3,19,V2->V1 V3->V1 V3->V2,V2,V1,V3,1,1,True,1.4375000000121929e-05,0.00010795899999971326,1,3,2
4,V1-V2 V1-V3 V2-V3,3,19,V2->V1 V3->V1 V3->V2,V3,V0,,-1,-1,True,0.0002950830000001403,0.0006280829999996129,7,10,7
4,V1-V2 V1-V3 V2-V3,3,19,V2->V1 V3->V1 V3->V2,V3,V1,,1,1,True,3.274999999991479e-05,0.00010241700000035436,1,3,2
4,V1-V2 V1-V3 V2-V3,3,19,V2->V1 V3->V1 V3->V2,V3,V2,,1,1,True,2.774999999965999e-05,0.00014454200000013628,1,3,2
4,V1-V2 V2-V3,2,6,V1-V2 V2-V3,V0,V1,,-1,-1,True,4.925000000000068e-05,1.7124999999840185e-05,1,0,1
4,V1-V2 V2-V3,2,6,V1-V2 V2-V3,V0,V2,,-1,-1,True,4.574999999995555e-05,1.5792000000125483e-05,1,0,1
4,V1-V2 V2-V3,2,6,V1-V2 V2-V3,V0,V3,,-1,-1,True,4.7500000000422204e-05,1.5999999999571912e-05,1,0,1
4,V1-V2 V2-V3,2,6,V1-V2 V2-V3,V1,V0,,-1,-1,True,5.1125000000151744e-05,1.704200000007816e-05,1,0,1
4,V1-V2 V2-V3,2,6,V1-V2 V2-V3,V2,V0,,-1,-1,True,4.7416999999772e-05,1.6000000000016e-05,1,0,1
4,V1-V2 V2-V3,2,6,V1-V2 V2-V3,V3,V0,,-1,-1,True,5.1374999999964643e-05,1.6916000000311016e-05,1,0,1
4,V1-V2 V2-V3,2,6,V2->V1 V2-V3,V0,V1,,-1,-1,True,4.791699999984189e-05,6.829099999983157e-05,2,1,2
4,V1-V2 V2-V3,2,6,V2->V1 V2-V3,V0,V2,,-1,-1,True,4.529199999980804e-05,6.354099999983376e-05,2,1,2
4,V1-V2 V2-V3,2,6,V2->V1 V2-V3,V0,V3,,-1,-1,True,4.8249999999860904e-05,6.362500000012261e-05,2,1,2
4,V1-V2 V2-V3,2,6,V2->V1 V2-V3,V1,V0,,-1,-1,True,5.041699999974725e-05,6.566700000032455e-05,2,1,2
4,V1-V2 V2-V3,2,6,V2->V1 V2-V3,V2,V0,,-1,-1,True,4.69170000001462e-05,6.383300000001313e-05,2,1,2
4,V1-V2 V2-V3,2,6,V2->V1 V2-V3,V2,V1,,1,1,True,1.5084000000165076e-05,5.2957999999936334e-05,1,1,2
4,V1-V2 V2-V3,2,6,V2->V1 V2-V3,V3,V0,,-1,-1,True,5.0582999999715383e-05,6.466700000018477e-05,2,1,2
4,V1-V2 V2-V3,2,6,V2->V3 V1-V2,V0,V1,,-1,-1,True,4.8041999999970386e-05,6.445800000021151e-05,2,1,2
4,V1-V2 V2-V3,2,6,V2->V3 V1-V2,V0,V2,,-1,-1,True,4.4624999999687276e-05,6.300000000036832e-05,2,1,2
4,V1-V2 V2-V3,2,6,V2->V3 V1-V2,V0,V3,,-1,-1,True,4.787499999991951e-05,6.46249999998183e-05,2,1,2
4,V1-V2 V2-V3,2,6,V2->V3 V1-V2,V1,V0,,-1,-1,True,5.0333999999985224e-05,7.233300000031306e-05,2,1,2
4,V1-V2 V2-V3,2,6,V2->V3 V1-V2,V2,V0,,-1,-1,True,4.9874999999754976e-05,7.604199999988737e-05,2,1,2
4,V1-V2 V2-V3,2,6,V2->V3 V1-V2,V2,V3,,1,1,True,2.3709000000149416e-05,6.57079999997201e-05,1,1,2
4,V1-V2 V2-V3,2,6,V2->V3 V1-V2,V3,V0,,-1,-1,True,5.916700000030417e-05,6.812499999986343e-05,2,1,2
4,V1-V2 V2-V3,2,6,V1->V2 V2->V3,V0,V1,,-1,-1,True,4.895799999982131e-05,0.00010754199999984948,3,3,3
4,V1-V2 V2-V3,2,6,V1->V2 V2->V3,V0,V2,,-1,-1,True,4.612499999989694e-05,0.00010529199999975702,3,3,3
4,V1-V2 V2-V3,2,6,V1->V2 V2->V3,V0,V3,,-1,-1,True,4.745800000005573e-05,0.00010587500000003303,3,3,3
4,V1-V2 V2-V3,2,6,V1->V2 V2->V3,V1,V0,,-1,-1,True,5.162500000022163e-05,0.00010612499999984593,3,3,3
4,V1-V2 V2-V3,2,6,V1->V2 V2->V3,V1,V2,,1,1,True,2.349999999973207e-05,5.158300000029925e-05,1,2,2
4,V1-V2 V2-V3,2,6,V1->V2 V2->V3,V1,V3,,1,1,True,2.691700000001518e-05,5.391699999979238e-05,1,2,2
4,V1-V2 V2-V3,2,6,V1->V2 V2->V3,V2,V0,,-1,-1,True,4.66670000003333e-05,0.0001032079999996327,3,3,3
4,V1-V2 V2-V3,2,6,V1->V2 V2->V3,V2,V3,,2,2,True,2.8125000000045475e-05,0.00010341700000005005,2,3,3
4,V1-V2 V2-V3,2,6,V1->V2 V2->V3,V3,V0,,-1,-1,True,5.1416999999887025e-05,0.00010824999999980989,3,3,3
4,V1-V2 V2-V3,2,6,V2->V1 V2->V3,V0,V1,,-1,-1,True,4.891699999998167e-05,0.00016024999999997291,4,4,4
4,V1-V2 V2-V3,2,6,V2->V1 V2->V3,V0,V2,,-1,-1,True,4.520799999996328e-05,0.0001547920000000147,4,4,4
4,V1-V2 V2-V3,2,6,V2->V1 V2->V3,V0,V3,,-1,-1,True,4.833300000006702e-05,0.00015825000000013745,4,4,4
4,V1-V2 V2-V3,2,6,V2->V1 V2->V3,V1,V0,,-1,-1,True,5.137500000040873e-05,0.00016212499999967989,4,4,4
4,V1-V2 V2-V3,2,6,V2->V1 V2->V3,V2,V0,,-1,-1,True,4.820799999993852e-05,0.00016175000000018258,4,4,4
4,V1-V2 V2-V3,2,6,V2->V1 V2->V3,V2,V1,,1,1,True,2.45840000001607e-05,6.67909999996219e-05,1,2,3
4,V1-V2 V2-V3,2,6,V2->V1 V2->V3,V2,V3,,1,1,True,2.7416000000002327e-05,6.025000000020597e-05,1,2,2
4,V1-V2 V2-V3,2,6,V2->V1 V2->V3,V3,V0,,-1,-1,True,5.129199999975853e-05,0.0001625829999998274,4,4,4
4,V1-V2 V2-V3,2,6,V2->V1 V3->V2,V0,V1,,-1,-1,True,4.8291999999783286e-05,0.00010854100000035061,3,3,3
4,V1-V2 V2-V3,2,6,V2->V1 V3->V2,V0,V2,,-1,-1,True,4.479200000018224e-05,0.0001039160000000372,3,3,3
4,V1-V2 V2-V3,2,6,V2->V1 V3->V2,V0,V3,,-1,-1,True,4.862500000024639e-05,0.00010491599999973289,3,3,3
4,V1-V2 V2-V3,2,6,V2->V1 V3->V2,V1,V0,,-1,-1,True,5.320800000019332e-05,0.00011304199999973008,3,3,3
4,V1-V2 V2-V3,2,6,V2->V1 V3->V2,V2,V0,,-1,-1,True,4.850000000011789e-05,0.00010708300000006332,3,3,3
4,V1-V2 V2-V3,2,6,V2->V1 V3->V2,V2,V1,,2,2,True,2.0750000000013813e-05,9.558399999987088e-05,2,3,3
4,V1-V2 V2-V3,2,6,V2->V1 V3->V2,V3,V0,,-1,-1,True,5.6666999999954726e-05,0.00010799999999999699,3,3,3
4,V1-V2 V2-V3,2,6,V2->V1 V3->V2,V3,V1,,1,1,True,1.7875000000167063e-05,4.9333999999845446e-05,1,2,2
4,V1-V2 V2-V3,2,6,V2->V1 V3->V2,V3,V2,,1,1,True,1.6334000000117754e-05,4.766599999994625e-05,1,2,2
4,V1-V3,1,3,V1-V3,V0,V1,,-1,-1,True,1.8542000000287828e-05,1.0957999999838819e-05,1,0,1
4,V1-V3,1,3,V1-V3,V0,V2,,-1,-1,True,1.545900000010647e-05,9.540999999835265e-06,1,0,1
4,V1-V3,1,3,V1-V3,V0,V3,,-1,-1,True,1.6957999999789308e-05,1.0083999999910276e-05,1,0,1
4,V1-V3,1,3,V1-V3,V1,V0,,-1,-1,True,1.7750000000038568e-05,1.0290999999718053e-05,1,0,1
4,V1-V3,1,3,V1-V3,V1,V2,,-1,-1,True,1.7334000000257532e-05,1.0124999999749917e-05,1,0,1
4,V1-V3,1,3,V1-V3,V2,V0,,-1,-1,True,1.5084000000165076e-05,9.207999999816252e-06,1,0,1
4,V1-V3,1,3,V1-V3,V2,V1,,-1,-1,True,1.6667000000136767e-05,9.833000000014636e-06,1,0,1
4,V1-V3,1,3,V1-V3,V2,V3,,-1,-1,True,1.6833000000104903e-05,9.9169999998594e-06,1,0,1
4,V1-V3,1,3,V1-V3,V3,V0,,-1,-1,True,1.729199999989106e-05,9.874999999937017e-06,1,0,1
4,V1-V3,1,3,V1-V3,V3,V2,,-1,-1,True,1.700000000015578e-05,9.95800000014313e-06,1,0,1
4,V1-V3,1,3,V1->V3,V0,V1,,-1,-1,True,1.7167000000206656e-05,3.874999999986528e-05,2,1,2
4,V1-V3,1,3,V1->V3,V0,V2,,-1,-1,True,1.5792000000125483e-05,3.658299999997894e-05,2,1,2
4,V1-V3,1,3,V1->V3,V0,V3,,-1,-1,True,1.704099999999542e-05,3.741700000015058e-05,2,1,2
4,V1-V3,1,3,V1->V3,V1,V0,,-1,-1,True,1.8207999999741986e-05,3.7042000000209185e-05,2,1,2
4,V1-V3,1,3,V1->V3,V1,V2,,-1,-1,True,1.7457999999859197e-05,3.583400000017889e-05,2,1,2
4,V1-V3,1,3,V1->V3,V1,V3,,1,1,True,1.2625000000099362e-05,3.495899999972352e-05,1,1,2
4,V1-V3,1,3,V1->V3,V2,V0,,-1,-1,True,1.545800000002373e-05,3.479199999967264e-05,2,1,2
4,V1-V3,1,3,V1->V3,V2,V1,,-1,-1,True,1.7124999999840185e-05,3.5749999999890036e-05,2,1,2
4,V1-V3,1,3,V1->V3,V2,V3,,-1,-1,True,1.6958000000233397e-05,3.562499999976154e-05,2,1,2
4,V1-V3,1,3,V1->V3,V3,V0,,-1,-1,True,1.7707999999672097e-05,3.73750000002282e-05,2,1,2
4,V1-V3,1,3,V1->V3,V3,V2,,-1,-1,True,1.7583999999626343e-05,3.683300000023593e-05,2,1,2
4,V1-V3,1,3,V3->V1,V0,V1,,-1,-1,True,1.7416999999575467e-05,3.691599999999795e-05,2,1,2
4,V1-V3,1,3,V3->V1,V0,V2,,-1,-1,True,1.541599999965726e-05,3.433399999996922e-05,2,1,2
4,V1-V3,1,3,V3->V1,V0,V3,,-1,-1,True,1.700000000015578e-05,3.5500000000077137e-05,2,1,2
4,V1-V3,1,3,V3->V1,V1,V0,,-1,-1,True,1.779099999987821e-05,3.64170000000108e-05,2,1,2
4,V1-V3,1,3,V3->V1,V1,V2,,-1,-1,True,1.754200000014805e-05,3.645799999985044e-05,2,1,2
4,V1-V3,1,3,V3->V1,V2,V0,,-1,-1,True,1.541699999974e-05,3.4417000000175335e-05,2,1,2
4,V1-V3,1,3,V3->V1,V2,V1,,-1,-1,True,1.7082999999917803e-05,3.64170000000108e-05,2,1,2
4,V1-V3,1,3,V3->V1,V2,V3,,-1,-1,True,1.7083000000361892e-05,3.529199999974253e-05,2,1,2
4,V1-V3,1,3,V3->V1,V3,V0,,-1,-1,True,1.7917000000089445e-05,3.637499999964433e-05,2,1,2
4,V1-V3,1,3,V3->V1,V3,V1,,1,1,True,9.16699999997661e-06,3.133300000035533e-05,1,1,2
4,V1-V3,1,3,V3->V1,V3,V2,,-1,-1,True,1.8374999999792863e-05,3.6750000000029814e-05,2,1,2
4,V1-V3 V2-V3,2,6,V1-V3 V2-V3,V0,V1,,-1,-1,True,4.950000000025767e-05,1.6624999999770296e-05,1,0,1
4,V1-V3 V2-V3,2,6,V1-V3 V2-V3,V0,V2,,-1,-1,True,4.874999999993079e-05,1.6375000000401485e-05,1,0,1
4,V1-V3 V2-V3,2,6,V1-V3 V2-V3,V0,V3,,-1,-1,True,4.5917000000006425e-05,1.5374999999817618e-05,1,0,1
4,V1-V3 V2-V3,2,6,V1-V3 V2-V3,V1,V0,,-1,-1,True,5.145799999972667e-05,1.7125000000284274e-05,1,0,1
4,V1-V3 V2-V3,2,6,V1-V3 V2-V3,V2,V0,,-1,-1,True,5.262499999991732e-05,1.7124999999840185e-05,1,0,1
4,V1-V3 V2-V3,2,6,V1-V3 V2-V3,V3,V0,,-1,-1,True,5.083299999997237e-05,1.729199999989106e-05,1,0,1
4,V1-V3 V2-V3,2,6,V3->V1 V2-V3,V0,V1,,-1,-1,True,4.995799999996109e-05,6.983400000004636e-05,2,1,2
4,V1-V3 V2-V3,2,6,V3->V1 V2-V3,V0,V2,,-1,-1,True,5.004199999980585e-05,6.64160000001246e-05,2,1,2
4,V1-V3 V2-V3,2,6,V3->V1 V2-V3,V0,V3,,-1,-1,True,4.604199999969083e-05,6.550000000027367e-05,2,1,2
4,V1-V3 V2-V3,2,6,V3->V1 V2-V3,V1,V0,,-1,-1,True,5.258299999999494e-05,6.874999999961773e-05,2,1,2
4,V1-V3 V2-V3,2,6,V3->V1 V2-V3,V2,V0,,-1,-1,True,5.208400000000779e-05,6.662500000009786e-05,2,1,2
4,V1-V3 V2-V3,2,6,V3->V1 V2-V3,V3,V0,,-1,-1,True,4.858299999987992e-05,6.52080000000943e-05,2,1,2
4,V1-V3 V2-V3,2,6,V3->V1 V2-V3,V3,V1,,1,1,True,1.566699999999699e-05,5.520800000002879e-05,1,1,2
4,V1-V3 V2-V3,2,6,V3->V2 V1-V3,V0,V1,,-1,-1,True,5.004200000024994e-05,6.549999999982958e-05,2,1,2
4,V1-V3 V2-V3,2,6,V3->V2 V1-V3,V0,V2,,-1,-1,True,4.862500000024639e-05,6.575000000008657e-05,2,1,2
4,V1-V3 V2-V3,2,6,V3->V2 V1-V3,V0,V3,,-1,-1,True,4.600000000021254e-05,6.370799999988463e-05,2,1,2
4,V1-V3 V2-V3,2,6,V3->V2 V1-V3,V1,V0,,-1,-1,True,5.1667000000144014e-05,6.633299999991848e-05,2,1,2
4,V1-V3 V2-V3,2,6,V3->V2 V1-V3,V2,V0,,-1,-1,True,5.258299999999494e-05,6.94999999999446e-05,2,1,2
4,V1-V3 V2-V3,2,6,V3->V2 V1-V3,V3,V0,,-1,-1,True,4.833300000006702e-05,6.504200000012617e-05,2,1,2
4,V1-V3 V2-V3,2,6,V3->V2 V1-V3,V3,V2,,1,1,True,2.0333999999788688e-05,5.962500000000759e-05,1,1,2
4,V1-V3 V2-V3,2,6,V1->V3 V3->V2,V0,V1,,-1,-1,True,4.979199999999295e-05,0.0001082080000003316,3,3,3
4,V1-V3 V2-V3,2,6,V1->V3 V3->V2,V0,V2,,-1,-1,True,4.925000000000068e-05,0.00010975000000001955,3,3,3
4,V1-V3 V2-V3,2,6,V1->V3 V3->V2,V0,V3,,-1,-1,True,4.533400000017451e-05,0.00010533300000004076,3,3,3
4,V1-V3 V2-V3,2,6,V1->V3 V3->V2,V1,V0,,-1,-1,True,5.283399999989058e-05,0.0001092910000002334,3,3,3
4,V1-V3 V2-V3,2,6,V1->V3 V3->V2,V1,V2,,1,1,True,2.849999999998687e-05,5.908400000009806e-05,1,2,2
4,V1-V3 V2-V3,2,6,V1->V3 V3->V2,V1,V3,,1,1,True,2.587499999995302e-05,5.6916000000128975e-05,1,2,2
4,V1-V3 V2-V3,2,6,V1->V3 V3->V2,V2,V0,,-1,-1,True,5.2957999999936334e-05,0.00011425000000020447,3,3,3
4,V1-V3 V2-V3,2,6,V1->V3 V3->V2,V3,V0,,-1,-1,True,4.8833000000136906e-05,0.00010983299999978158,3,3,3
4,V1-V3 V2-V3,2,6,V1->V3 V3->V2,V3,V2,,2,2,True,2.562499999969603e-05,0.00010254100000040012,2,3,3
4,V1-V3 V2-V3,2,6,V2->V3 V3->V1,V0,V1,,-1,-1,True,4.999999999988347e-05,0.00011195799999974554,3,3,3
4,V1-V3 V2-V3,2,6,V2->V3 V3->V1,V0,V2,,-1,-1,True,5.0083000000089584e-05,0.00011079200000008171,3,3,3
4,V1-V3 V2-V3,2,6,V2->V3 V3->V1,V0,V3,,-1,-1,True,4.733299999992724e-05,0.00010787499999986849,3,3,3
4,V1-V3 V2-V3,2,6,V2->V3 V3->V1,V1,V0,,-1,-1,True,5.233400000026478e-05,0.00011154099999988176,3,3,3
4,V1-V3 V2-V3,2,6,V2->V3 V3->V1,V2,V0,,-1,-1,True,5.287500000017431e-05,0.00010891599999984791,3,3,3
4,V1-V3 V2-V3,2,6,V2->V3 V3->V1,V2,V1,,1,1,True,2.324999999991917e-05,5.604199999975634e-05,1,2,2
4,V1-V3 V2-V3,2,6,V2->V3 V3->V1,V2,V3,,1,1,True,2.1000000000270802e-05,5.2750000000045816e-05,1,2,2
4,V1-V3 V2-V3,2,6,V2->V3 V3->V1,V3,V0,,-1,-1,True,4.820799999993852e-05,0.0001071249999999857,3,3,3
4,V1-V3 V2-V3,2,6,V2->V3 V3->V1,V3,V1,,2,2,True,2.0999999999826713e-05,9.670800000005642e-05,2,3,3
4,V1-V3 V2-V3,2,6,V3->V1 V3->V2,V0,V1,,-1,-1,True,4.995799999996109e-05,0.0001651670000000216,4,4,4
4,V1-V3 V2-V3,2,6,V3->V1 V3->V2,V0,V2,,-1,-1,True,4.9583000000019695e-05,0.00016366699999981194,4,4,4
4,V1-V3 V2-V3,2,6,V3->V1 V3->V2,V0,V3,,-1,-1,True,4.637500000015393e-05,0.00015962499999977453,4,4,4
4,V1-V3 V2-V3,2,6,V3->V1 V3->V2,V1,V0,,-1,-1,True,5.283299999980784e-05,0.0001659169999999044,4,4,4
4,V1-V3 V2-V3,2,6,V3->V1 V3->V2,V2,V0,,-1,-1,True,5.24170000000268e-05,0.00016883299999959078,4,4,4
4,V1-V3 V2-V3,2,6,V3->V1 V3->V2,V3,V0,,-1,-1,True,4.870800000000841e-05,0.00016404200000019742,4,4,4
4,V1-V3 V2-V3,2,6,V3->V1 V3->V2,V3,V1,,1,1,True,2.487500000025733e-05,6.887499999974622e-05,1,2,3
4,V1-V3 V2-V3,2,6,V3->V1 V3->V2,V3,V2,,1,1,True,2.0500000000200913e-05,5.787499999998502e-05,1,2,2
4,V2->V0 V2->V1 V3->V0 V3->V1 V0-V1,1,3,V2->V0 V2->V1 V3->V0 V3->V1 V0-V1,V2,V0,V3,-1,-1,True,3.104199999981461e-05,1.80410000001352e-05,1,0,1
4,V2->V0 V2->V1 V3->V0 V3->V1 V0-V1,1,3,V2->V0 V2->V1 V3->V0 V3->V1 V0-V1,V2,V1,V3,-1,-1,True,3.062499999995083e-05,1.7584000000070432e-05,1,0,1
4,V2->V0 V2->V1 V3->V0 V3->V1 V0-V1,1,3,V2->V0 V2->V1 V3->V0 V3->V1 V0-V1,V2,V3,,-1,-1,True,2.2667000000087256e-05,1.3582999999872669e-05,1,0,1
4,V2->V0 V2->V1 V3->V0 V3->V1 V0-V1,1,3,V2->V0 V2->V1 V3->V0 V3->V1 V0-V1,V3,V0,V2,-1,-1,True,2.9999999999752447e-05,1.7084000000000543e-05,1,0,1
4,V2->V0 V2->V1 V3->V0 V3->V1 V0-V1,1,3,V2->V0 V2->V1 V3->V0 V3->V1 V0-V1,V3,V1,V2,-1,-1,True,2.9667000000177524e-05,1.704200000007816e-05,1,0,1
4,V2->V0 V2->V1 V3->V0 V3->V1 V0-V1,1,3,V2->V0 V2->V1 V3->V0 V3->V1 V0-V1,V3,V2,,-1,-1,True,2.3207999999996787e-05,1.3749999999923546e-05,1,0,1
4,V2->V0 V2->V1 V3->V0 V3->V1 V0-V1,1,3,V0->V1 V2->V0 V2->V1 V3->V0 V3->V1,V0,V1,V2|V3,1,1,True,2.90409999998964e-05,6.70840000003281e-05,1,1,2
4,V2->V0 V2->V1 V3->V0 V3->V1 V0-V1,1,3,V0->V1 V2->V0 V2->V1 V3->V0 V3->V1,V2,V0,V3,-1,-1,True,3.112500000002072e-05,0.00010250000000011639,2,1,2
4,V2->V0 V2->V1 V3->V0 V3->V1 V0-V1,1,3,V0->V1 V2->V0 V2->V1 V3->V0 V3->V1,V2,V1,V3,-1,-1,True,3.26249999997863e-05,6.612500000002797e-05,2,1,2
4,V2->V0 V2->V1 V3->V0 V3->V1 V0-V1,1,3,V0->V1 V2->V0 V2->V1 V3->V0 V3->V1,V2,V3,,-1,-1,True,2.6000000000081513e-05,6.358299999975614e-05,2,1,2
4,V2->V0 V2->V1 V3->V0 V3->V1 V0-V1,1,3,V0->V1 V2->V0 V2->V1 V3->V0 V3->V1,V3,V0,V2,-1,-1,True,3.037500000013793e-05,5.995900000010934e-05,2,1,2
4,V2->V0 V2->V1 V3->V0 V3->V1 V0-V1,1,3,V0->V1 V2->V0 V2->V1 V3->V0 V3->V1,V3,V1,V2,-1,-1,True,3.0165999999720583e-05,6.162500000028714e-05,2,1,2
4,V2->V0 V2->V1 V3->V0 V3->V1 V0-V1,1,3,V0->V1 V2->V0 V2->V1 V3->V0 V3->V1,V3,V2,,-1,-1,True,2.279199999977166e-05,5.466600000003652e-05,2,1,2
4,V2->V0 V2->V1 V3->V0 V3->V1 V0-V1,1,3,V1->V0 V2->V0 V2->V1 V3->V0 V3->V1,V1,V0,V2|V3,1,1,True,2.1000000000270802e-05,5.862499999986781e-05,1,1,2
4,V2->V0 V2->V1 V3->V0 V3->V1 V0-V1,1,3,V1->V0 V2->V0 V2->V1 V3->V0 V3->V1,V2,V0,V3,-1,-1,True,3.079200000000171e-05,6.137500000003016e-05,2,1,2
4,V2->V0 V2->V1 V3->V0 V3->V1 V0-V1,1,3,V1->V0 V2->V0 V2->V1 V3->V0 V3->V1,V2,V1,V3,-1,-1,True,3.0708999999795594e-05,6.10409999999284e-05,2,1,2
4,V2->V0 V2->V1 V3->V0 V3->V1 V0-V1,1,3,V1->V0 V2->V0 V2->V1 V3->V0 V3->V1,V2,V3,,-1,-1,True,2.279199999977166e-05,5.495800000021589e-05,2,1,2
4,V2->V0 V2->V1 V3->V0 V3->V1 V0-V1,1,3,V1->V0 V2->V0 V2->V1 V3->V0 V3->V1,V3,V0,V2,-1,-1,True,3.108300000009834e-05,6.154200000008103e-05,2,1,2
4,V2->V0 V2->V1 V3->V0 V3->V1 V0-V1,1,3,V1->V0 V2->V0 V2->V1 V3->V0 V3->V1,V3,V1,V2,-1,-1,True,3.0208000000087054e-05,5.93749999997506e-05,2,1,2
4,V2->V0 V2->V1 V3->V0 V3->V1 V0-V1,1,3,V1->V0 V2->V0 V2->V1 V3->V0 V3->V1,V3,V2,,-1,-1,True,2.3209000000079527e-05,5.529099999979081e-05,2,1,2
4,V2->V0 V3->V0 V1-V2,1,3,V2->V0 V3->V0 V1-V2,V1,V3,,-1,-1,True,2.224999999977939e-05,1.3540999999950287e-05,1,0,1
4,V2->V0 V3->V0 V1-V2,1,3,V2->V0 V3->V0 V1-V2,V2,V0,V3,-1,-1,True,2.6582999999913426e-05,1.5042000000242695e-05,1,0,1
4,V2->V0 V3->V0 V1-V2,1,3,V2->V0 V3->V0 V1-V2,V2,V3,,-1,-1,True,2.116699999987759e-05,1.2458000000048486e-05,1,0,1
4,V2->V0 V3->V0 V1-V2,1,3,V2->V0 V3->V0 V1-V2,V3,V0,V2,-1,-1,True,2.595800000015913e-05,1.4708999999779593e-05,1,0,1
4,V2->V0 V3->V0 V1-V2,1,3,V2->V0 V3->V0 V1-V2,V3,V1,,-1,-1,True,2.0457999999834442e-05,1.2084000000189832e-05,1,0,1
4,V2->V0 V3->V0 V1-V2,1,3,V2->V0 V3->V0 V1-V2,V3,V2,,-1,-1,True,2.0291000000227655e-05,1.1959000000061337e-05,1,0,1
4,V2->V0 V3->V0 V1-V2,1,3,V1->V2 V2->V0 V3->V0,V1,V0,V3,1,1,True,2.562500000014012e-05,5.5333000000157284e-05,1,1,2
4,V2->V0 V3->V0 V1-V2,1,3,V1->V2 V2->V0 V3->V0,V1,V2,,1,1,True,1.64999999996418e-05,4.7500000000422204e-05,1,1,2
4,V2->V0 V3->V0 V1-V2,1,3,V1->V2 V2->V0 V3->V0,V1,V3,,-1,-1,True,2.1833999999998355e-05,4.733299999992724e-05,2,1,2
4,V2->V0 V3->V0 V1-V2,1,3,V1->V2 V2->V0 V3->V0,V2,V0,V3,-1,-1,True,2.645799999978493e-05,0.00018862500000027538,2,1,2
4,V2->V0 V3->V0 V1-V2,1,3,V1->V2 V2->V0 V3->V0,V2,V3,,-1,-1,True,2.3917000000039934e-05,5.9249999999622105e-05,2,1,2
4,V2->V0 V3->V0 V1-V2,1,3,V1->V2 V2->V0 V3->V0,V3,V0,V2,-1,-1,True,2.7540999999686733e-05,5.783400000014538e-05,2,1,2
4,V2->V0 V3->V0 V1-V2,1,3,V1->V2 V2->V0 V3->V0,V3,V1,,-1,-1,True,2.170900000031395e-05,4.925000000000068e-05,2,1,2
4,V2->V0 V3->V0 V1-V2,1,3,V1->V2 V2->V0 V3->V0,V3,V2,,-1,-1,True,2.1874999999837996e-05,5.5291999999873553e-05,2,1,2
4,V2->V0 V3->V0 V1-V2,1,3,V2->V0 V2->V1 V3->V0,V1,V3,,-1,-1,True,2.2667000000087256e-05,4.9082999999949806e-05,2,1,2
4,V2->V0 V3->V0 V1-V2,1,3,V2->V0 V2->V1 V3->V0,V2,V0,V3,-1,-1,True,2.7333999999878955e-05,5.058300000015947e-05,2,1,2
4,V2->V0 V3->V0 V1-V2,1,3,V2->V0 V2->V1 V3->V0,V2,V1,,1,1,True,1.1500000000275179e-05,4.058300000009396e-05,1,1,2
4,V2->V0 V3->V0 V1-V2,1,3,V2->V0 V2->V1 V3->V0,V2,V3,,-1,-1,True,2.2083000000172603e-05,4.762499999966252e-05,2,1,2
4,V2->V0 V3->V0 V1-V2,1,3,V2->V0 V2->V1 V3->V0,V3,V0,V2,-1,-1,True,2.691700000001518e-05,4.999999999988347e-05,2,1,2
4,V2->V0 V3->V0 V1-V2,1,3,V2->V0 V2->V1 V3->V0,V3,V1,,-1,-1,True,2.1499999999896602e-05,4.6665999999806473e-05,2,1,2
4,V2->V0 V3->V0 V1-V2,1,3,V2->V0 V2->V1 V3->V0,V3,V2,,-1,-1,True,2.1084000000115566e-05,4.554099999998229e-05,2,1,2
4,V2->V0 V3->V0 V1-V2 V1-V3,2,6,V1->V2 V2->V0 V3->V0 V1-V3,V1,V2,,1,1,True,3.1541000000245845e-05,9.170899999988436e-05,1,1,2
4,V2->V0 V3->V0 V1-V2 V1-V3,2,6,V1->V2 V2->V0 V3->V0 V1-V3,V2,V0,V3,1,1,True,3.291600000032702e-05,8.283400000008712e-05,1,1,2
4,V2->V0 V3->V0 V1-V2 V1-V3,2,6,V1->V3 V2->V0 V3->V0 V1-V2,V1,V3,,1,1,True,2.3458999999892427e-05,7.254100000020358e-05,1,1,2
4,V2->V0 V3->V0 V1-V2 V1-V3,2,6,V1->V3 V2->V0 V3->V0 V1-V2,V3,V0,V2,1,1,True,2.5582999999773648e-05,7.337499999993113e-05,1,1,2
4,V2->V0 V3->V0 V1-V2 V1-V3,2,6,V1->V2 V1->V3 V2->V0 V3->V0,V1,V0,,1,1,True,3.666700000026779e-05,8.14579999999232e-05,1,2,2
4,V2->V0 V3->V0 V1-V2 V1-V3,2,6,V1->V2 V1->V3 V2->V0 V3->V0,V1,V2,,1,1,True,4.454099999984251e-05,8.545900000012097e-05,1,2,3
4,V2->V0 V3->V0 V1-V2 V1-V3,2,6,V1->V2 V1->V3 V2->V0 V3->V0,V1,V3,,1,1,True,2.77080000001817e-05,7.220799999974048e-05,1,2,2
4,V2->V0 V3->V0 V1-V2 V1-V3,2,6,V1->V2 V1->V3 V2->V0 V3->V0,V2,V0,V3,1,1,True,4.8540999999957535e-05,8.758400000008493e-05,1,2,3
4,V2->V0 V3->V0 V1-V2 V1-V3,2,6,V1->V2 V1->V3 V2->V0 V3->V0,V3,V0,V2,1,1,True,3.379199999997695e-05,7.375000000031662e-05,1,2,2
4,V2->V0 V3->V0 V1-V2 V1-V3,2,6,V1->V2 V2->V0 V3->V0 V3->V1,V1,V0,V3,1,1,True,1.2792000000150239e-05,5.629200000001333e-05,1,2,2
4,V2->V0 V3->V0 V1-V2 V1-V3,2,6,V1->V2 V2->V0 V3->V0 V3->V1,V1,V2,,2,2,True,3.533399999966491e-05,0.00012612499999997695,2,3,3
4,V2->V0 V3->V0 V1-V2 V1-V3,2,6,V1->V2 V2->V0 V3->V0 V3->V1,V2,V0,V3,2,2,True,3.9375000000063665e-05,0.0001293329999998427,2,3,3
4,V2->V0 V3->V0 V1-V2 V1-V3,2,6,V1->V2 V2->V0 V3->V0 V3->V1,V3,V0,,1,1,True,2.3333999999763932e-05,6.0041000000232714e-05,1,2,2
4,V2->V0 V3->V0 V1-V2 V1-V3,2,6,V1->V2 V2->V0 V3->V0 V3->V1,V3,V1,,1,1,True,1.7582999999987692e-05,5.704199999989612e-05,1,2,2
4,V2->V0 V3->V0 V1-V2 V1-V3,2,6,V1->V2 V2->V0 V3->V0 V3->V1,V3,V2,,1,1,True,2.037500000007242e-05,5.733299999999275e-05,1,2,2
4,V2->V0 V3->V0 V1-V2 V1-V3,2,6,V1->V3 V2->V0 V2->V1 V3->V0,V1,V0,V2,1,1,True,1.2915999999751904e-05,5.5084000000427125e-05,1,2,2
4,V2->V0 V3->V0 V1-V2 V1-V3,2,6,V1->V3 V2->V0 V2->V1 V3->V0,V1,V3,,2,2,True,2.954200000004903e-05,0.00012166600000007577,2,3,3
4,V2->V0 V3->V0 V1-V2 V1-V3,2,6,V1->V3 V2->V0 V2->V1 V3->V0,V2,V0,,1,1,True,2.3458000000253776e-05,6.0625000000147367e-05,1,2,2
4,V2->V0 V3->V0 V1-V2 V1-V3,2,6,V1->V3 V2->V0 V2->V1 V3->V0,V2,V1,,1,1,True,1.808300000005758e-05,5.8999999999809205e-05,1,2,2
4,V2->V0 V3->V0 V1-V2 V1-V3,2,6,V1->V3 V2->V0 V2->V1 V3->V0,V2,V3,,1,1,True,2.2709000000009638e-05,6.316599999989236e-05,1,2,2
4,V2->V0 V3->V0 V1-V2 V1-V3,2,6,V1->V3 V2->V0 V2->V1 V3->V0,V3,V0,V2,2,2,True,3.329199999990706e-05,0.00012404100000029672,2,3,3
4,V2->V0 V3->V0 V1-V3,1,3,V2->V0 V3->V0 V1-V3,V1,V2,,-1,-1,True,2.1666999999947478e-05,1.3291999999776039e-05,1,0,1
4,V2->V0 V3->V0 V1-V3,1,3,V2->V0 V3->V0 V1-V3,V2,V0,V3,-1,-1,True,2.562500000014012e-05,1.491699999967011e-05,1,0,1
4,V2->V0 V3->V0 V1-V3,1,3,V2->V0 V3->V0 V1-V3,V2,V1,,-1,-1,True,1.9749999999874035e-05,1.1874999999772484e-05,1,0,1
4,V2->V0 V3->V0 V1-V3,1,3,V2->V0 V3->V0 V1-V3,V2,V3,,-1,-1,True,1.991699999992491e-05,1.204199999982336e-05,1,0,1
4,V2->V0 V3->V0 V1-V3,1,3,V2->V0 V3->V0 V1-V3,V3,V0,V2,-1,-1,True,2.4999999999941735e-05,1.4417000000044311e-05,1,0,1
4,V2->V0 V3->V0 V1-V3,1,3,V2->V0 V3->V0 V1-V3,V3,V2,,-1,-1,True,2.0582999999962936e-05,1.2375000000286462e-05,1,0,1
4,V2->V0 V3->V0 V1-V3,1,3,V1->V3 V2->V0 V3->V0,V1,V0,V2,1,1,True,2.1874999999837996e-05,5.316699999990959e-05,1,1,2
4,V2->V0 V3->V0 V1-V3,1,3,V1->V3 V2->V0 V3->V0,V1,V2,,-1,-1,True,2.1333999999928466e-05,4.745800000005573e-05,2,1,2
4,V2->V0 V3->V0 V1-V3,1,3,V1->V3 V2->V0 V3->V0,V1,V3,,1,1,True,1.5625000000074607e-05,4.5124999999757165e-05,1,1,2
4,V2->V0 V3->V0 V1-V3,1,3,V1->V3 V2->V0 V3->V0,V2,V0,V3,-1,-1,True,2.541600000016686e-05,4.9833999999915335e-05,2,1,2
4,V2->V0 V3->V0 V1-V3,1,3,V1->V3 V2->V0 V3->V0,V2,V1,,-1,-1,True,1.9749999999874035e-05,4.4374999999874376e-05,2,1,2
4,V2->V0 V3->V0 V1-V3,1,3,V1->V3 V2->V0 V3->V0,V2,V3,,-1,-1,True,2.016600000009916e-05,4.949999999981358e-05,2,1,2
4,V2->V0 V3->V0 V1-V3,1,3,V1->V3 V2->V0 V3->V0,V3,V0,V2,-1,-1,True,2.59169999998754e-05,4.991700000012145e-05,2,1,2
4,V2->V0 V3->V0 V1-V3,1,3,V1->V3 V2->V0 V3->V0,V3,V2,,-1,-1,True,2.0750000000013813e-05,4.6166999999819325e-05,2,1,2
4,V2->V0 V3->V0 V1-V3,1,3,V2->V0 V3->V0 V3->V1,V1,V2,,-1,-1,True,2.1332999999845725e-05,4.654199999976072e-05,2,1,2
4,V2->V0 V3->V0 V1-V3,1,3,V2->V0 V3->V0 V3->V1,V2,V0,V3,-1,-1,True,2.5957999999715042e-05,4.9833000000276684e-05,2,1,2
4,V2->V0 V3->V0 V1-V3,1,3,V2->V0 V3->V0 V3->V1,V2,V1,,-1,-1,True,2.0542000000123295e-05,4.545800000022027e-05,2,1,2
4,V2->V0 V3->V0 V1-V3,1,3,V2->V0 V3->V0 V3->V1,V2,V3,,-1,-1,True,2.0249999999943924e-05,4.4875000000388354e-05,2,1,2
4,V2->V0 V3->V0 V1-V3,1,3,V2->V0 V3->V0 V3->V1,V3,V0,V2,-1,-1,True,2.562499999969603e-05,4.825000000030499e-05,2,1,2
4,V2->V0 V3->V0 V1-V3,1,3,V2->V0 V3->V0 V3->V1,V3,V1,,1,1,True,1.0915999999916437e-05,3.850000000005238e-05,1,1,2
4,V2->V0 V3->V0 V1-V3,1,3,V2->V0 V3->V0 V3->V1,V3,V2,,-1,-1,True,2.0583000000407026e-05,4.441699999979676e-05,2,1,2
4,V2->V1 V3->V1 V0-V2,1,3,V2->V1 V3->V1 V0-V2,V0,V3,,-1,-1,True,2.1374999999768107e-05,1.283400000007262e-05,1,0,1
4,V2->V1 V3->V1 V0-V2,1,3,V2->V1 V3->V1 V0-V2,V2,V1,V3,-1,-1,True,2.4707999999762364e-05,1.412500000030903e-05,1,0,1
4,V2->V1 V3->V1 V0-V2,1,3,V2->V1 V3->V1 V0-V2,V2,V3,,-1,-1,True,2.0332999999705947e-05,1.204200000026745e-05,1,0,1
4,V2->V1 V3->V1 V0-V2,1,3,V2->V1 V3->V1 V0-V2,V3,V0,,-1,-1,True,1.9707999999951653e-05,1.2125000000029473e-05,1,0,1
4,V2->V1 V3->V1 V0-V2,1,3,V2->V1 V3->V1 V0-V2,V3,V1,V2,-1,-1,True,2.408400000009081e-05,1.3749999999923546e-05,1,0,1
4,V2->V1 V3->V1 V0-V2,1,3,V2->V1 V3->V1 V0-V2,V3,V2,,-1,-1,True,2.0292000000310395e-05,1.204199999982336e-05,1,0,1
4,V2->V1 V3->V1 V0-V2,1,3,V0->V2 V2->V1 V3->V1,V0,V1,V3,1,1,True,2.170899999986986e-05,5.2458000000310534e-05,1,1,2
4,V2->V1 V3->V1 V0-V2,1,3,V0->V2 V2->V1 V3->V1,V0,V2,,1,1,True,1.5250000000133213e-05,4.366699999991397e-05,1,1,2
4,V2->V1 V3->V1 V0-V2,1,3,V0->V2 V2->V1 V3->V1,V0,V3,,-1,-1,True,2.0541999999679206e-05,4.4916000000227996e-05,2,1,2
4,V2->V1 V3->V1 V0-V2,1,3,V0->V2 V2->V1 V3->V1,V2,V1,V3,-1,-1,True,2.5416999999805512e-05,4.966600000022581e-05,2,1,2
4,V2->V1 V3->V1 V0-V2,1,3,V0->V2 V2->V1 V3->V1,V2,V3,,-1,-1,True,2.0750000000013813e-05,4.6167000000263414e-05,2,1,2
4,V2->V1 V3->V1 V0-V2,1,3,V0->V2 V2->V1 V3->V1,V3,V0,,-1,-1,True,2.0000000000131024e-05,4.349999999986309e-05,2,1,2
4,V2->V1 V3->V1 V0-V2,1,3,V0->V2 V2->V1 V3->V1,V3,V1,V2,-1,-1,True,2.4999999999941735e-05,4.791600000020324e-05,2,1,2
4,V2->V1 V3->V1 V0-V2,1,3,V0->V2 V2->V1 V3->V1,V3,V2,,-1,-1,True,2.1124999999955207e-05,4.33749999997346e-05,2,1,2
4,V2->V1 V3->V1 V0-V2,1,3,V2->V0 V2->V1 V3->V1,V0,V3,,-1,-1,True,2.0750000000013813e-05,4.712500000003672e-05,2,1,2
4,V2->V1 V3->V1 V0-V2,1,3,V2->V0 V2->V1 V3->V1,V2,V0,,1,1,True,1.0790999999787942e-05,3.891699999991616e-05,1,1,2
4,V2->V1 V3->V1 V0-V2,1,3,V2->V0 V2->V1 V3->V1,V2,V1,V3,-1,-1,True,2.4707999999762364e-05,4.712500000003672e-05,2,1,2
4,V2->V1 V3->V1 V0-V2,1,3,V2->V0 V2->V1 V3->V1,V2,V3,,-1,-1,True,1.991599999984217e-05,4.3542000000229564e-05,2,1,2
4,V2->V1 V3->V1 V0-V2,1,3,V2->V0 V2->V1 V3->V1,V3,V0,,-1,-1,True,1.991699999992491e-05,4.31249999999217e-05,2,1,2
4,V2->V1 V3->V1 V0-V2,1,3,V2->V0 V2->V1 V3->V1,V3,V1,V2,-1,-1,True,2.4208000000136565e-05,4.58340000002444e-05,2,1,2
4,V2->V1 V3->V1 V0-V2,1,3,V2->V0 V2->V1 V3->V1,V3,V2,,-1,-1,True,1.9291999999726528e-05,4.220799999998803e-05,2,1,2
4,V2->V1 V3->V1 V0-V2 V0-V3,2,6,V0->V2 V2->V1 V3->V1 V0-V3,V0,V2,,1,1,True,2.92909999997093e-05,7.687499999997627e-05,1,1,2
4,V2->V1 V3->V1 V0-V2 V0-V3,2,6,V0->V2 V2->V1 V3->V1 V0-V3,V2,V1,V3,1,1,True,3.2041999999954385e-05,7.870800000020495e-05,1,1,2
4,V2->V1 V3->V1 V0-V2 V0-V3,2,6,V0->V3 V2->V1 V3->V1 V0-V2,V0,V3,,1,1,True,2.3500000000176158e-05,6.929200000005409e-05,1,1,2
4,V2->V1 V3->V1 V0-V2 V0-V3,2,6,V0->V3 V2->V1 V3->V1 V0-V2,V3,V1,V2,1,1,True,2.4250000000058947e-05,7.383400000016138e-05,1,1,2
4,V2->V1 V3->V1 V0-V2 V0-V3,2,6,V0->V2 V0->V3 V2->V1 V3->V1,V0,V1,,1,1,True,3.837499999992389e-05,8.183399999994734e-05,1,2,2
4,V2->V1 V3->V1 V0-V2 V0-V3,2,6,V0->V2 V0->V3 V2->V1 V3->V1,V0,V2,,1,1,True,4.679200000001771e-05,8.858300000014196e-05,1,2,3
4,V2->V1 V3->V1 V0-V2 V0-V3,2,6,V0->V2 V0->V3 V2->V1 V3->V1,V0,V3,,1,1,True,2.824999999972988e-05,7.612500000009348e-05,1,2,2
4,V2->V1 V3->V1 V0-V2 V0-V3,2,6,V0->V2 V0->V3 V2->V1 V3->V1,V2,V1,V3,1,1,True,4.795800000012562e-05,9.300000000012076e-05,1,2,3
4,V2->V1 V3->V1 V0-V2 V0-V3,2,6,V0->V2 V0->V3 V2->V1 V3->V1,V3,V1,V2,1,1,True,2.7375000000162686e-05,7.449999999975532e-05,1,2,2
4,V2->V1 V3->V1 V0-V2 V0-V3,2,6,V0->V2 V2->V1 V3->V0 V3->V1,V0,V1,V3,1,1,True,1.3167000000091633e-05,5.783300000006264e-05,1,2,2
4,V2->V1 V3->V1 V0-V2 V0-V3,2,6,V0->V2 V2->V1 V3->V0 V3->V1,V0,V2,,2,2,True,3.591600000030226e-05,0.00012762499999974253,2,3,3
4,V2->V1 V3->V1 V0-V2 V0-V3,2,6,V0->V2 V2->V1 V3->V0 V3->V1,V2,V1,V3,2,2,True,4.029199999999733e-05,0.0001342499999998914,2,3,3
4,V2->V1 V3->V1 V0-V2 V0-V3,2,6,V0->V2 V2->V1 V3->V0 V3->V1,V3,V0,,1,1,True,1.912500000011974e-05,5.9249999999622105e-05,1,2,2
4,V2->V1 V3->V1 V0-V2 V0-V3,2,6,V0->V2 V2->V1 V3->V0 V3->V1,V3,V1,,1,1,True,2.4290999999898588e-05,6.658399999981413e-05,1,2,2
4,V2->V1 V3->V1 V0-V2 V0-V3,2,6,V0->V2 V2->V1 V3->V0 V3->V1,V3,V2,,1,1,True,2.045800000027853e-05,5.904199999973159e-05,1,2,2
4,V2->V1 V3->V1 V0-V2 V0-V3,2,6,V0->V3 V2->V0 V2->V1 V3->V1,V0,V1,V2,1,1,True,1.4042000000102917e-05,5.920800000014381e-05,1,2,2
4,V2->V1 V3->V1 V0-V2 V0-V3,2,6,V0->V3 V2->V0 V2->V1 V3->V1,V0,V3,,2,2,True,2.9708000000017165e-05,0.0001221669999997843,2,3,3
4,V2->V1 V3->V1 V0-V2 V0-V3,2,6,V0->V3 V2->V0 V2->V1 V3->V1,V2,V0,,1,1,True,1.8457999999998975e-05,5.779199999977891e-05,1,2,2
4,V2->V1 V3->V1 V0-V2 V0-V3,2,6,V0->V3 V2->V0 V2->V1 V3->V1,V2,V1,,1,1,True,2.2916999999900156e-05,6.0083000000155096e-05,1,2,2
4,V2->V1 V3->V1 V0-V2 V0-V3,2,6,V0->V3 V2->V0 V2->V1 V3->V1,V2,V3,,1,1,True,2.012500000025952e-05,5.762499999972803e-05,1,2,2
4,V2->V1 V3->V1 V0-V2 V0-V3,2,6,V0->V3 V2->V0 V2->V1 V3->V1,V3,V1,V2,2,2,True,3.2000000000032e-05,0.0001226669999998542,2,3,3
4,V2->V1 V3->V1 V0-V3,1,3,V2->V1 V3->V1 V0-V3,V0,V2,,-1,-1,True,2.175000000015359e-05,1.3124999999725162e-05,1,0,1
4,V2->V1 V3->V1 V0-V3,1,3,V2->V1 V3->V1 V0-V3,V2,V0,,-1,-1,True,2.016600000009916e-05,1.2083999999745743e-05,1,0,1
4,V2->V1 V3->V1 V0-V3,1,3,V2->V1 V3->V1 V0-V3,V2,V1,V3,-1,-1,True,2.4459000000032205e-05,1.4082999999942558e-05,1,0,1
4,V2->V1 V3->V1 V0-V3,1,3,V2->V1 V3->V1 V0-V3,V2,V3,,-1,-1,True,1.9500000000061135e-05,1.179200000001046e-05,1,0,1
4,V2->V1 V3->V1 V0-V3,1,3,V2->V1 V3->V1 V0-V3,V3,V1,V2,-1,-1,True,2.454199999979423e-05,1.412500000030903e-05,1,0,1
4,V2->V1 V3->V1 V0-V3,1,3,V2->V1 V3->V1 V0-V3,V3,V2,,-1,-1,True,1.966700000011201e-05,1.1916000000056215e-05,1,0,1
4,V2->V1 V3->V1 V0-V3,1,3,V0->V3 V2->V1 V3->V1,V0,V1,V2,1,1,True,2.141700000013458e-05,5.0125000000011966e-05,1,1,2
4,V2->V1 V3->V1 V0-V3,1,3,V0->V3 V2->V1 V3->V1,V0,V2,,-1,-1,True,2.0750000000013813e-05,4.533300000009177e-05,2,1,2
4,V2->V1 V3->V1 V0-V3,1,3,V0->V3 V2->V1 V3->V1,V0,V3,,1,1,True,1.5167000000371189e-05,4.295799999987082e-05,1,1,2
4,V2->V1 V3->V1 V0-V3,1,3,V0->V3 V2->V1 V3->V1,V2,V0,,-1,-1,True,1.9958999999847293e-05,4.450000000000287e-05,2,1,2
4,V2->V1 V3->V1 V0-V3,1,3,V0->V3 V2->V1 V3->V1,V2,V1,V3,-1,-1,True,2.5708999999984883e-05,5.0332999999902484e-05,2,1,2
4,V2->V1 V3->V1 V0-V3,1,3,V0->V3 V2->V1 V3->V1,V2,V3,,-1,-1,True,1.987500000000253e-05,4.654200000020481e-05,2,1,2
4,V2->V1 V3->V1 V0-V3,1,3,V0->V3 V2->V1 V3->V1,V3,V1,V2,-1,-1,True,2.5709000000428972e-05,5.041599999966451e-05,2,1,2
4,V2->V1 V3->V1 V0-V3,1,3,V0->V3 V2->V1 V3->V1,V3,V2,,-1,-1,True,2.0833000000219926e-05,4.649999999983834e-05,2,1,2
4,V2->V1 V3->V1 V0-V3,1,3,V2->V1 V3->V0 V3->V1,V0,V2,,-1,-1,True,2.0999999999826713e-05,4.629100000030917e-05,2,1,2
4,V2->V1 V3->V1 V0-V3,1,3,V2->V1 V3->V0 V3->V1,V2,V0,,-1,-1,True,2.0791999999936195e-05,4.579199999987793e-05,2,1,2
4,V2->V1 V3->V1 V0-V3,1,3,V2->V1 V3->V0 V3->V1,V2,V1,V3,-1,-1,True,2.4665999999839983e-05,4.712500000003672e-05,2,1,2
4,V2->V1 V3->V1 V0-V3,1,3,V2->V1 V3->V0 V3->V1,V2,V3,,-1,-1,True,1.987500000000253e-05,4.391700000017096e-05,2,1,2
4,V2->V1 V3->V1 V0-V3,1,3,V2->V1 V3->V0 V3->V1,V3,V0,,1,1,True,1.1417000000069066e-05,3.849999999960829e-05,1,1,2
4,V2->V1 V3->V1 V0-V3,1,3,V2->V1 V3->V0 V3->V1,V3,V1,V2,-1,-1,True,2.462500000000034e-05,4.66670000003333e-05,2,1,2
4,V2->V1 V3->V1 V0-V3,1,3,V2->V1 V3->V0 V3->V1,V3,V2,,-1,-1,True,2.0333999999788688e-05,4.391600000008822e-05,2,1,2
4,V2-V3,1,3,V2-V3,V0,V1,,-1,-1,True,1.6083000000222114e-05,9.708999999968881e-06,1,0,1
4,V2-V3,1,3,V2-V3,V0,V2,,-1,-1,True,1.695899999987205e-05,1.0040999999905154e-05,1,0,1
4,V2-V3,1,3,V2-V3,V0,V3,,-1,-1,True,1.6291000000112632e-05,9.874999999937017e-06,1,0,1
4,V2-V3,1,3,V2-V3,V1,V0,,-1,-1,True,1.4832999999825347e-05,9.000000000369823e-06,1,0,1
4,V2-V3,1,3,V2-V3,V1,V2,,-1,-1,True,1.6292000000195372e-05,9.541999999918005e-06,1,0,1
4,V2-V3,1,3,V2-V3,V1,V3,,-1,-1,True,1.6374999999957396e-05,9.6670000000465e-06,1,0,1
4,V2-V3,1,3,V2-V3,V2,V0,,-1,-1,True,1.729199999989106e-05,9.833000000014636e-06,1,0,1
4,V2-V3,1,3,V2-V3,V2,V1,,-1,-1,True,1.6833000000104903e-05,9.749999999808523e-06,1,0,1
4,V2-V3,1,3,V2-V3,V3,V0,,-1,-1,True,1.7583999999626343e-05,1.0708000000025919e-05,1,0,1
4,V2-V3,1,3,V2-V3,V3,V1,,-1,-1,True,1.7415999999936815e-05,1.0083999999910276e-05,1,0,1
4,V2-V3,1,3,V2->V3,V0,V1,,-1,-1,True,1.566599999991425e-05,3.76250000000411e-05,2,1,2
4,V2-V3,1,3,V2->V3,V0,V2,,-1,-1,True,1.7624999999910074e-05,3.7583000000118716e-05,2,1,2
4,V2-V3,1,3,V2->V3,V0,V3,,-1,-1,True,1.729199999989106e-05,3.7541999999834985e-05,2,1,2
4,V2-V3,1,3,V2->V3,V1,V0,,-1,-1,True,1.566699999999699e-05,3.824999999979539e-05,2,1,2
4,V2-V3,1,3,V2->V3,V1,V2,,-1,-1,True,1.8208999999824727e-05,3.7041000000126445e-05,2,1,2
4,V2-V3,1,3,V2->V3,V1,V3,,-1,-1,True,1.7708999999754838e-05,3.8874999999993776e-05,2,1,2
4,V2-V3,1,3,V2->V3,V2,V0,,-1,-1,True,1.8250000000108457e-05,3.645800000029453e-05,2,1,2
4,V2-V3,1,3,V2->V3,V2,V1,,-1,-1,True,1.7415999999936815e-05,3.529200000018662e-05,2,1,2
4,V2-V3,1,3,V2->V3,V2,V3,,1,1,True,1.2874999999912262e-05,3.4374999999808864e-05,1,1,2
4,V2-V3,1,3,V2->V3,V3,V0,,-1,-1,True,1.7624999999910074e-05,3.74999999999126e-05,2,1,2
4,V2-V3,1,3,V2->V3,V3,V1,,-1,-1,True,1.729100000025241e-05,3.629199999988231e-05,2,1,2
4,V2-V3,1,3,V3->V2,V0,V1,,-1,-1,True,1.5540999999785754e-05,3.558400000036599e-05,2,1,2
4,V2-V3,1,3,V3->V2,V0,V2,,-1,-1,True,1.7416999999575467e-05,3.583300000009615e-05,2,1,2
4,V2-V3,1,3,V3->V2,V0,V3,,-1,-1,True,1.6834000000187643e-05,3.458300000014347e-05,2,1,2
4,V2-V3,1,3,V3->V2,V1,V0,,-1,-1,True,1.5249999999689123e-05,3.370900000021493e-05,2,1,2
4,V2-V3,1,3,V3->V2,V1,V2,,-1,-1,True,1.6832999999660814e-05,3.7584000000201456e-05,2,1,2
4,V2-V3,1,3,V3->V2,V1,V3,,-1,-1,True,1.6916999999949667e-05,3.629199999988231e-05,2,1,2
4,V2-V3,1,3,V3->V2,V2,V0,,-1,-1,True,1.854199999984374e-05,3.7583000000118716e-05,2,1,2
4,V2-V3,1,3,V3->V2,V2,V1,,-1,-1,True,1.704099999999542e-05,3.6458999999933184e-05,2,1,2
4,V2-V3,1,3,V3->V2,V3,V0,,-1,-1,True,1.7916999999645356e-05,3.9875000000133554e-05,2,1,2
4,V2-V3,1,3,V3->V2,V3,V1,,-1,-1,True,1.754099999962122e-05,3.683400000031867e-05,2,1,2
4,V2-V3,1,3,V3->V2,V3,V2,,1,1,True,9.375000000311218e-06,3.11669999999431e-05,1,1,2
