instance_id,base_instance_id,arm,gate,component_size,separation,coverage,base_wrongness,seed,x,y,n_k,shd_truth,shd_cpdag,undirected_fraction,z_size,z_star,s0_ok,r_val,r_status,r_method,r_oracle,r_exact,r_assumes,r_witness,r_search_seconds,r_ladder_seconds,r_total_seconds,wall_until_timeout_s,r_stat_elements_visited,r_stat_closures,r_stat_validity_checks,r_stat_extensions_enumerated,AUC_frac_n200,AUC_frac_n1000,AUC_frac_usable_n1000,n_depths_evaluated_n200,n_depths_evaluated_n1000,n_usable_depths_n200,n_usable_depths_n1000,se_auc_frac_n200,se_auc_frac_n1000
c06_s01_cov100_seed00000000_bw000,c06_s01_cov100_seed00000000,flip,fast_gate,6,1,1.0,0.0,0,X,Y,7,0,7,0.7,2,"C00,W",True,1,ok,local_up_fast,mpdag_criterion,True,"Conjecture 2 (hence Anti-Exchange Case B, verified not proved)",C00->C02 C00->C03 C00->C04 C00->Y C03->C05 W->Y X->C02 X->C03 X->Y C00-X,0.00029691700000000765,0.0,0.00029691700000000765,,1,7,4,0,0.2815549416180151,0.28515421090106957,0.28515421090106957,7,7,2,4,0.022278755602739002,0.010872403939916318
c06_s01_cov100_seed00000001_bw000,c06_s01_cov100_seed00000001,flip,fast_gate,6,1,1.0,0.0,1,X,Y,6,0,6,0.6666666666666666,2,"C00,W",True,1,ok,local_up_fast,mpdag_criterion,True,"Conjecture 2 (hence Anti-Exchange Case B, verified not proved)",C00->C02 C00->C03 C00->Y C03->C04 C04->C05 W->Y X->C03 X->Y C00-X,0.0002320830000002161,0.0,0.0002320830000002161,,1,6,3,0,0.4430325814536341,0.42770215873176154,0.42770215873176154,6,6,3,5,0.02774774849547191,0.012509974808651852
c06_s01_cov100_seed00000002_bw000,c06_s01_cov100_seed00000002,flip,fast_gate,6,1,1.0,0.0,2,X,Y,6,0,6,0.6666666666666666,2,"C00,W",True,1,ok,local_up_fast,mpdag_criterion,True,"Conjecture 2 (hence Anti-Exchange Case B, verified not proved)",C00->C02 C00->C03 C00->C05 C00->Y W->Y X->C02 X->C04 X->Y C00-X,0.00022299999999830789,0.0,0.00022299999999830789,,1,6,3,0,0.24729729729729727,0.2646950875211745,0.2646950875211745,6,6,2,3,0.014619945051636897,0.006395303185811108
c06_s01_cov100_seed00000003_bw000,c06_s01_cov100_seed00000003,flip,fast_gate,6,1,1.0,0.0,3,X,Y,7,0,7,0.7,2,"C00,W",True,1,ok,local_up_fast,mpdag_criterion,True,"Conjecture 2 (hence Anti-Exchange Case B, verified not proved)",C00->C02 C00->C03 C00->C04 C00->Y C02->C05 C03->C04 W->Y X->C02 X->Y C00-X,0.0002757080000002077,0.0,0.0002757080000002077,,1,7,4,0,0.4553359425962166,0.42512736643869564,0.42512736643869564,7,7,3,5,0.020076379131924366,0.00910154420386086
c06_s01_cov100_seed00000004_bw000,c06_s01_cov100_seed00000004,flip,fast_gate,6,1,1.0,0.0,4,X,Y,5,0,5,0.625,2,"C00,W",True,1,ok,local_up_fast,mpdag_criterion,True,"Conjecture 2 (hence Anti-Exchange Case B, verified not proved)",C00->C05 C00->Y C02->C03 C03->C04 W->Y X->C02 X->Y C00-X,0.00017229200000201672,0.0,0.00017229200000201672,,1,5,2,0,0.12804878048780488,0.14099216710182766,0.14099216710182766,5,5,2,4,0.016386395294731924,0.007650809091581022
c06_s01_cov100_seed00000005_bw000,c06_s01_cov100_seed00000005,flip,fast_gate,6,1,1.0,0.0,5,X,Y,6,0,6,0.6666666666666666,2,"C00,W",True,1,ok,local_up_fast,mpdag_criterion,True,"Conjecture 2 (hence Anti-Exchange Case B, verified not proved)",C00->Y C02->C03 C02->C04 W->Y X->C02 X->C04 X->C05 X->Y C00-X,0.0002485419999977978,0.0,0.0002485419999977978,,1,6,3,0,0.096875,0.09580838323353294,0.09580838323353294,6,6,3,4,0.012493894993530841,0.005466947595744813
c06_s01_cov100_seed00000006_bw000,c06_s01_cov100_seed00000006,flip,fast_gate,6,1,1.0,0.0,6,X,Y,5,0,5,0.625,2,"C00,W",True,1,ok,local_up_fast,mpdag_criterion,True,"Conjecture 2 (hence Anti-Exchange Case B, verified not proved)",C00->C02 C00->Y C02->C04 W->Y X->C03 X->C05 X->Y C00-X,0.00016191699999978937,0.0,0.00016191699999978937,,1,5,2,0,0.36296296296296304,0.40949417956495804,0.40949417956495804,5,5,2,2,0.044733097092020384,0.021024789117677384
c06_s01_cov100_seed00000007_bw000,c06_s01_cov100_seed00000007,flip,fast_gate,6,1,1.0,0.0,7,X,Y,5,0,5,0.625,2,"C00,W",True,1,ok,local_up_fast,mpdag_criterion,True,"Conjecture 2 (hence Anti-Exchange Case B, verified not proved)",C00->Y C03->C04 W->Y X->C02 X->C03 X->C05 X->Y C00-X,0.00018325000000274372,0.0,0.00018325000000274372,,1,5,2,0,0.0,0.0,0.0,5,5,2,3,0.0,0.0
c06_s01_cov100_seed00000008_bw000,c06_s01_cov100_seed00000008,flip,fast_gate,6,1,1.0,0.0,8,X,Y,5,0,5,0.625,2,"C00,W",True,1,ok,local_up_fast,mpdag_criterion,True,"Conjecture 2 (hence Anti-Exchange Case B, verified not proved)",C00->C03 C00->Y C02->C04 C03->C05 W->Y X->C02 X->Y C00-X,0.00016179200000010496,0.0,0.00016179200000010496,,1,5,2,0,0.2740361445783133,0.2726251111650093,0.2726251111650093,5,5,2,3,0.022682054126810566,0.010436307362040447
c06_s01_cov100_seed00000009_bw000,c06_s01_cov100_seed00000009,flip,fast_gate,6,1,1.0,0.0,9,X,Y,6,0,6,0.6666666666666666,2,"C00,W",True,1,ok,local_up_fast,mpdag_criterion,True,"Conjecture 2 (hence Anti-Exchange Case B, verified not proved)",C00->C02 C00->Y C02->C03 C02->C04 C03->C05 W->Y X->C02 X->Y C00-X,0.00024137500000165346,0.0,0.00024137500000165346,,1,6,3,0,0.3032344991361385,0.32800727622700254,0.32800727622700254,6,6,3,5,0.028714449094758985,0.012976549739254245
c06_s01_cov100_seed00000010_bw000,c06_s01_cov100_seed00000010,flip,fast_gate,6,1,1.0,0.0,10,X,Y,7,0,7,0.7,2,"C00,W",True,1,ok,local_up_fast,mpdag_criterion,True,"Conjecture 2 (hence Anti-Exchange Case B, verified not proved)",C00->C02 C00->C05 C00->Y C02->C03 C02->C04 W->Y X->C02 X->C05 X->Y C00-X,0.0003065830000004155,0.0,0.0003065830000004155,,1,7,4,0,0.26622320768662233,0.2958951693563647,0.2958951693563647,7,7,3,4,0.022778393692677035,0.010868681126931658
c06_s01_cov100_seed00000011_bw000,c06_s01_cov100_seed00000011,flip,fast_gate,6,1,1.0,0.0,11,X,Y,6,0,6,0.6666666666666666,2,"C00,W",True,1,ok,local_up_fast,mpdag_criterion,True,"Conjecture 2 (hence Anti-Exchange Case B, verified not proved)",C00->C02 C00->C03 C00->C04 C00->C05 C00->Y C02->C04 W->Y X->Y C00-X,0.0002005419999981939,0.0,0.0002005419999981939,,1,6,3,0,0.912551724137931,0.9162313392529221,0.9162313392529221,6,6,2,3,0.011635525915540842,0.0052783793496052195
c06_s01_cov100_seed00000012_bw000,c06_s01_cov100_seed00000012,flip,fast_gate,6,1,1.0,0.0,12,X,Y,7,0,7,0.7,2,"C00,W",True,1,ok,local_up_fast,mpdag_criterion,True,"Conjecture 2 (hence Anti-Exchange Case B, verified not proved)",C00->C03 C00->C04 C00->C05 C00->Y C04->C05 W->Y X->C02 X->C03 X->Y C00-X,0.00040512500000033924,0.0,0.00040512500000033924,,1,7,4,0,0.47728246318607753,0.4763444873870153,0.4763444873870153,7,7,3,4,0.05415452721934999,0.02645508369415518
c06_s01_cov100_seed00000013_bw000,c06_s01_cov100_seed00000013,flip,fast_gate,6,1,1.0,0.0,13,X,Y,6,0,6,0.6666666666666666,2,"C00,W",True,1,ok,local_up_fast,mpdag_criterion,True,"Conjecture 2 (hence Anti-Exchange Case B, verified not proved)",C00->Y C02->C03 C02->C04 C03->C04 W->Y X->C02 X->C05 X->Y C00-X,0.00022345800000067584,0.0,0.00022345800000067584,,1,6,3,0,0.12131147540983607,0.10707692307692307,0.10707692307692307,6,6,5,5,0.012509551115543383,0.005533094046042292
c06_s01_cov100_seed00000014_bw000,c06_s01_cov100_seed00000014,flip,fast_gate,6,1,1.0,0.0,14,X,Y,5,0,5,0.625,2,"C00,W",True,1,ok,local_up_fast,mpdag_criterion,True,"Conjecture 2 (hence Anti-Exchange Case B, verified not proved)",C00->C02 C00->Y C02->C03 C04->C05 W->Y X->C04 X->Y C00-X,0.00016391600000176254,0.0,0.00016391600000176254,,1,5,2,0,0.24311753614079196,0.24762172070111124,0.24762172070111124,5,5,2,3,0.02263558254961058,0.01006737952635205
c06_s01_cov100_seed00000015_bw000,c06_s01_cov100_seed00000015,flip,fast_gate,6,1,1.0,0.0,15,X,Y,6,0,6,0.6666666666666666,2,"C00,W",True,1,ok,local_up_fast,mpdag_criterion,True,"Conjecture 2 (hence Anti-Exchange Case B, verified not proved)",C00->C04 C00->C05 C00->Y C02->C03 C04->C05 W->Y X->C02 X->Y C00-X,0.00020375000000072419,0.0,0.00020375000000072419,,1,6,3,0,0.28676772724748734,0.27654725143862047,0.27654725143862047,6,6,2,4,0.01877169566916627,0.00829208163635606
c06_s01_cov100_seed00000016_bw000,c06_s01_cov100_seed00000016,flip,fast_gate,6,1,1.0,0.0,16,X,Y,6,0,6,0.6666666666666666,2,"C00,W",True,1,ok,local_up_fast,mpdag_criterion,True,"Conjecture 2 (hence Anti-Exchange Case B, verified not proved)",C00->Y C02->C03 C02->C05 W->Y X->C02 X->C03 X->C04 X->Y C00-X,0.0002212499999991735,0.0,0.0002212499999991735,,1,6,3,0,0.09850746268656715,0.09578313253012048,0.09578313253012048,6,6,3,4,0.012215583595254749,0.005483331266056948
c06_s01_cov100_seed00000017_bw000,c06_s01_cov100_seed00000017,flip,fast_gate,6,1,1.0,0.0,17,X,Y,7,0,7,0.7,2,"C00,W",True,1,ok,local_up_fast,mpdag_criterion,True,"Conjecture 2 (hence Anti-Exchange Case B, verified not proved)",C00->C02 C00->Y C02->C03 C02->C04 C03->C04 W->Y X->C02 X->C05 X->Y C00-X,0.0003132919999977446,0.0,0.0003132919999977446,,1,7,4,0,0.28078533772715003,0.2988460610326431,0.2988460610326431,7,7,4,6,0.021906564311041172,0.0102611247830179
c06_s01_cov100_seed00000018_bw000,c06_s01_cov100_seed00000018,flip,fast_gate,6,1,1.0,0.0,18,X,Y,6,0,6,0.6666666666666666,2,"C00,W",True,1,ok,local_up_fast,mpdag_criterion,True,"Conjecture 2 (hence Anti-Exchange Case B, verified not proved)",C00->C03 C00->C04 C00->Y C03->C05 W->Y X->C02 X->C03 X->Y C00-X,0.00023041700000092646,0.0,0.00023041700000092646,,1,6,3,0,0.2953074019576483,0.2659026980482205,0.2659026980482205,6,6,2,4,0.019596932013400795,0.008411113139707082
c06_s01_cov100_seed00000019_bw000,c06_s01_cov100_seed00000019,flip,fast_gate,6,1,1.0,0.0,19,X,Y,6,0,6,0.6666666666666666,2,"C00,W",True,1,ok,local_up_fast,mpdag_criterion,True,"Conjecture 2 (hence Anti-Exchange Case B, verified not proved)",C00->C04 C00->C05 C00->Y C02->C03 W->Y X->C02 X->C03 X->Y C00-X,0.0002196669999996459,0.0,0.0002196669999996459,,1,6,3,0,0.225963613937712,0.24284738485558158,0.24284738485558158,6,6,2,4,0.015751681006171754,0.007214994420788807
c06_s03_cov100_seed00000000_bw000,c06_s03_cov100_seed00000000,flip,fast_gate,6,3,1.0,0.0,0,X,Y,7,0,7,0.7,2,"C00,W",True,3,ok,local_up_fast,mpdag_criterion,True,"Conjecture 2 (hence Anti-Exchange Case B, verified not proved)",C00->Y C02->C04 C02->C05 W->Y X->C04 X->C05 X->Y C00-C01 C01-C02 C02-X,0.0018315000000015402,0.0,0.0018315000000015402,,8,45,12,0,0.51,0.5026711893152428,0.5026711893152428,7,7,1,5,0.024143667216615348,0.010568255420732985
c06_s03_cov100_seed00000001_bw000,c06_s03_cov100_seed00000001,flip,fast_gate,6,3,1.0,0.0,1,X,Y,6,0,6,0.6666666666666666,2,"C00,W",True,3,ok,local_up_fast,mpdag_criterion,True,"Conjecture 2 (hence Anti-Exchange Case B, verified not proved)",C00->Y C01->C04 C02->C05 W->Y X->C05 X->Y C00-C01 C01-C02 C02-X,0.0010986670000008303,0.0,0.0010986670000008303,,6,28,10,0,0.5520737327188939,0.5617260061919505,0.5617260061919505,6,6,4,5,0.019450941243876765,0.009337261916870846
c06_s03_cov100_seed00000002_bw000,c06_s03_cov100_seed00000002,flip,fast_gate,6,3,1.0,0.0,2,X,Y,6,0,6,0.6666666666666666,2,"C00,W",True,3,ok,local_up_fast,mpdag_criterion,True,"Conjecture 2 (hence Anti-Exchange Case B, verified not proved)",C00->Y C01->C05 C02->C04 W->Y X->C04 X->Y C00-C01 C01-C02 C02-X,0.001217833999998419,0.0,0.001217833999998419,,6,28,10,0,0.55,0.5566632860040568,0.5566632860040568,6,6,4,5,0.018955520063841255,0.009324540084121051
c06_s03_cov100_seed00000003_bw000,c06_s03_cov100_seed00000003,flip,fast_gate,6,3,1.0,0.0,3,X,Y,6,0,6,0.6666666666666666,2,"C00,W",True,3,ok,local_up_fast,mpdag_criterion,True,"Conjecture 2 (hence Anti-Exchange Case B, verified not proved)",C00->C05 C00->Y C02->C04 W->Y X->C04 X->Y C00-C01 C01-C02 C02-X,0.001442792000002413,0.0,0.001442792000002413,,8,37,12,0,0.5516190476190476,0.5431927710843373,0.5431927710843373,6,6,3,5,0.02276263758438547,0.01063983701050902
c06_s03_cov100_seed00000004_bw000,c06_s03_cov100_seed00000004,flip,fast_gate,6,3,1.0,0.0,4,X,Y,5,0,5,0.625,2,"C00,W",True,3,ok,local_up_fast,mpdag_criterion,True,"Conjecture 2 (hence Anti-Exchange Case B, verified not proved)",C00->Y C02->C04 C04->C05 W->Y X->Y C00-C01 C01-C02 C02-X,0.0004465000000024588,0.0,0.0004465000000024588,,3,12,4,0,0.880952380952381,0.899056603773585,0.899056603773585,5,5,3,4,0.015147833578103616,0.006867722564601716
c06_s03_cov100_seed00000005_bw000,c06_s03_cov100_seed00000005,flip,fast_gate,6,3,1.0,0.0,5,X,Y,5,0,5,0.625,2,"C00,W",True,3,ok,local_up_fast,mpdag_criterion,True,"Conjecture 2 (hence Anti-Exchange Case B, verified not proved)",C00->Y C02->C04 C04->C05 W->Y X->Y C00-C01 C01-C02 C02-X,0.00040487500000097043,0.0,0.00040487500000097043,,3,12,4,0,0.8863636363636364,0.8985781990521327,0.8985781990521327,5,5,2,4,0.01493474410619934,0.006883588037875879
c06_s03_cov100_seed00000006_bw000,c06_s03_cov100_seed00000006,flip,fast_gate,6,3,1.0,0.0,6,X,Y,5,0,5,0.625,2,"C00,W",True,3,ok,local_up_fast,mpdag_criterion,True,"Conjecture 2 (hence Anti-Exchange Case B, verified not proved)",C00->Y C01->C04 C02->C05 W->Y X->Y C00-C01 C01-C02 C02-X,0.0005752080000007709,0.0,0.0005752080000007709,,4,15,6,0,0.7560975609756095,0.7461139896373057,0.7461139896373057,5,5,3,3,0.03903182558554253,0.01799321963883342
c06_s03_cov100_seed00000007_bw000,c06_s03_cov100_seed00000007,flip,fast_gate,6,3,1.0,0.0,7,X,Y,5,0,5,0.625,2,"C00,W",True,3,ok,local_up_fast,mpdag_criterion,True,"Conjecture 2 (hence Anti-Exchange Case B, verified not proved)",C00->Y W->Y X->C04 X->C05 X->Y C00-C01 C01-C02 C02-X,0.00046591599999601385,0.0,0.00046591599999601385,,3,12,4,0,0.5,0.5,0.5,5,5,2,4,0.0,0.0
c06_s03_cov100_seed00000008_bw000,c06_s03_cov100_seed00000008,flip,fast_gate,6,3,1.0,0.0,8,X,Y,5,0,5,0.625,2,"C00,W",True,3,ok,local_up_fast,mpdag_criterion,True,"Conjecture 2 (hence Anti-Exchange Case B, verified not proved)",C00->Y C01->C05 C02->C04 W->Y X->Y C00-C01 C01-C02 C02-X,0.0005699169999999754,0.0,0.0005699169999999754,,4,15,6,0,0.7340425531914896,0.7352941176470589,0.7352941176470589,5,5,2,3,0.03639188590043804,0.018250153764530087
c06_s03_cov100_seed00000009_bw000,c06_s03_cov100_seed00000009,flip,fast_gate,6,3,1.0,0.0,9,X,Y,6,0,6,0.6666666666666666,2,"C00,W",True,3,ok,local_up_fast,mpdag_criterion,True,"Conjecture 2 (hence Anti-Exchange Case B, verified not proved)",C00->C05 C00->Y C01->C04 C02->C04 W->Y X->Y C00-C01 C01-C02 C02-X,0.0013388340000020094,0.0,0.0013388340000020094,,8,37,13,0,0.7437192118226601,0.7359213250517599,0.7359213250517599,6,6,2,4,0.04779014117453597,0.021585962611939305
c06_s03_cov100_seed00000010_bw000,c06_s03_cov100_seed00000010,flip,fast_gate,6,3,1.0,0.0,10,X,Y,6,0,6,0.6666666666666666,2,"C00,W",True,3,ok,local_up_fast,mpdag_criterion,True,"Conjecture 2 (hence Anti-Exchange Case B, verified not proved)",C00->Y C02->C04 C04->C05 W->Y X->C04 X->Y C00-C01 C01-C02 C02-X,0.0009334159999951908,0.0,0.0009334159999951908,,5,24,7,0,0.6496098104793757,0.6567692307692308,0.6567692307692308,6,6,4,6,0.024761984201382547,0.011413929983586885
c06_s03_cov100_seed00000011_bw000,c06_s03_cov100_seed00000011,flip,fast_gate,6,3,1.0,0.0,11,X,Y,5,0,5,0.625,2,"C00,W",True,3,ok,local_up_fast,mpdag_criterion,True,"Conjecture 2 (hence Anti-Exchange Case B, verified not proved)",C00->C04 C00->C05 C00->Y W->Y X->Y C00-C01 C01-C02 C02-X,0.0010528330000028063,0.0,0.0010528330000028063,,8,29,12,0,0.5,0.5,0.5,5,5,1,3,0.0,0.0
c06_s03_cov100_seed00000012_bw000,c06_s03_cov100_seed00000012,flip,fast_gate,6,3,1.0,0.0,12,X,Y,6,0,6,0.6666666666666666,2,"C00,W",True,3,ok,local_up_fast,mpdag_criterion,True,"Conjecture 2 (hence Anti-Exchange Case B, verified not proved)",C00->C05 C00->Y C01->C05 C02->C04 W->Y X->Y C00-C01 C01-C02 C02-X,0.0010561659999979156,0.0,0.0010561659999979156,,6,28,10,0,0.769767441860465,0.7397608730540843,0.7397608730540843,6,6,3,4,0.04948790038690762,0.022618437006224266
c06_s03_cov100_seed00000013_bw000,c06_s03_cov100_seed00000013,flip,fast_gate,6,3,1.0,0.0,13,X,Y,5,0,5,0.625,2,"C00,W",True,3,ok,local_up_fast,mpdag_criterion,True,"Conjecture 2 (hence Anti-Exchange Case B, verified not proved)",C00->Y C04->C05 W->Y X->C04 X->Y C00-C01 C01-C02 C02-X,0.00043858300000465533,0.0,0.00043858300000465533,,3,12,4,0,0.5,0.5,0.5,5,5,3,5,0.0,0.0
c06_s03_cov100_seed00000014_bw000,c06_s03_cov100_seed00000014,flip,fast_gate,6,3,1.0,0.0,14,X,Y,5,0,5,0.625,2,"C00,W",True,3,ok,local_up_fast,mpdag_criterion,True,"Conjecture 2 (hence Anti-Exchange Case B, verified not proved)",C00->C04 C00->Y C04->C05 W->Y X->Y C00-C01 C01-C02 C02-X,0.0008413749999931497,0.0,0.0008413749999931497,,6,22,9,0,0.5,0.5,0.5,5,5,2,3,0.0,0.0
c06_s03_cov100_seed00000015_bw000,c06_s03_cov100_seed00000015,flip,fast_gate,6,3,1.0,0.0,15,X,Y,5,0,5,0.625,2,"C00,W",True,3,ok,local_up_fast,mpdag_criterion,True,"Conjecture 2 (hence Anti-Exchange Case B, verified not proved)",C00->Y W->Y X->C04 X->C05 X->Y C00-C01 C01-C02 C02-X,0.0004105000000009795,0.0,0.0004105000000009795,,3,12,4,0,0.5,0.5,0.5,5,5,2,4,0.0,0.0
c06_s03_cov100_seed00000016_bw000,c06_s03_cov100_seed00000016,flip,fast_gate,6,3,1.0,0.0,16,X,Y,6,0,6,0.6666666666666666,2,"C00,W",True,3,ok,local_up_fast,mpdag_criterion,True,"Conjecture 2 (hence Anti-Exchange Case B, verified not proved)",C00->Y C02->C04 C02->C05 W->Y X->C05 X->Y C00-C01 C01-C02 C02-X,0.0008955420000020808,0.0,0.0008955420000020808,,5,24,7,0,0.5928977272727274,0.6063358404185742,0.6063358404185742,6,6,4,5,0.018734632755194474,0.008043652265124783
c06_s03_cov100_seed00000017_bw000,c06_s03_cov100_seed00000017,flip,fast_gate,6,3,1.0,0.0,17,X,Y,6,0,6,0.6666666666666666,2,"C00,W",True,3,ok,local_up_fast,mpdag_criterion,True,"Conjecture 2 (hence Anti-Exchange Case B, verified not proved)",C00->Y C02->C04 C02->C05 W->Y X->C04 X->Y C00-C01 C01-C02 C02-X,0.0008945419999975002,0.0,0.0008945419999975002,,5,24,7,0,0.6170588235294118,0.5920603562791648,0.5920603562791648,6,6,4,5,0.017291163271883472,0.007960698222620678
c06_s03_cov100_seed00000018_bw000,c06_s03_cov100_seed00000018,flip,fast_gate,6,3,1.0,0.0,18,X,Y,6,0,6,0.6666666666666666,2,"C00,W",True,3,ok,local_up_fast,mpdag_criterion,True,"Conjecture 2 (hence Anti-Exchange Case B, verified not proved)",C00->C05 C00->Y C01->C05 W->Y X->C04 X->Y C00-C01 C01-C02 C02-X,0.0010885419999979717,0.0,0.0010885419999979717,,6,28,10,0,0.48,0.46687898089171975,0.46687898089171975,6,6,5,5,0.006761234037828133,0.0037561838644151516
c06_s03_cov100_seed00000019_bw000,c06_s03_cov100_seed00000019,flip,fast_gate,6,3,1.0,0.0,19,X,Y,6,0,6,0.6666666666666666,2,"C00,W",True,3,ok,local_up_fast,mpdag_criterion,True,"Conjecture 2 (hence Anti-Exchange Case B, verified not proved)",C00->Y C02->C04 C02->C05 C04->C05 W->Y X->Y C00-C01 C01-C02 C02-X,0.0008820830000004776,0.0,0.0008820830000004776,,5,24,7,0,0.9043478260869564,0.8946778711484594,0.8946778711484594,6,6,3,5,0.016630326673481344,0.007803279178349299
c06_s05_cov100_seed00000000_bw000,c06_s05_cov100_seed00000000,flip,fast_gate,6,5,1.0,0.0,0,X,Y,5,0,5,0.625,2,"C00,W",True,5,ok,e1_ladder,mpdag_criterion,True,"Conjecture 2 (hence Anti-Exchange Case B, verified not proved)","(('C00', 'Y'), ('W', 'Y'), ('X', 'Y'))",0.00041754100000446215,0.030507833999998013,0.030925375000002475,,4,12,4,0,0.9,0.9,0.9,5,5,3,5,0.0,0.0
c06_s05_cov100_seed00000001_bw000,c06_s05_cov100_seed00000001,flip,fast_gate,6,5,1.0,0.0,1,X,Y,5,0,5,0.625,2,"C00,W",True,5,ok,e1_ladder,mpdag_criterion,True,"Conjecture 2 (hence Anti-Exchange Case B, verified not proved)","(('C00', 'Y'), ('W', 'Y'), ('X', 'Y'))",0.00037370900000155416,0.011105332999996165,0.011479041999997719,,4,12,4,0,0.9,0.9,0.9,5,5,3,5,0.0,0.0
c06_s05_cov100_seed00000002_bw000,c06_s05_cov100_seed00000002,flip,fast_gate,6,5,1.0,0.0,2,X,Y,5,0,5,0.625,2,"C00,W",True,5,ok,e1_ladder,mpdag_criterion,True,"Conjecture 2 (hence Anti-Exchange Case B, verified not proved)","(('C00', 'Y'), ('W', 'Y'), ('X', 'Y'))",0.00035387500000183536,0.010729959000002509,0.011083834000004344,,4,12,4,0,0.9,0.9,0.9,5,5,3,5,0.0,0.0
c06_s05_cov100_seed00000003_bw000,c06_s05_cov100_seed00000003,flip,fast_gate,6,5,1.0,0.0,3,X,Y,5,0,5,0.625,2,"C00,W",True,5,ok,e1_ladder,mpdag_criterion,True,"Conjecture 2 (hence Anti-Exchange Case B, verified not proved)","(('C00', 'Y'), ('W', 'Y'), ('X', 'Y'))",0.00035370799999867586,0.010951417000001129,0.011305124999999805,,4,12,4,0,0.9,0.9,0.9,5,5,4,5,0.0,0.0
c06_s05_cov100_seed00000004_bw000,c06_s05_cov100_seed00000004,flip,fast_gate,6,5,1.0,0.0,4,X,Y,5,0,5,0.625,2,"C00,W",True,5,ok,e1_ladder,mpdag_criterion,True,"Conjecture 2 (hence Anti-Exchange Case B, verified not proved)","(('C00', 'Y'), ('W', 'Y'), ('X', 'Y'))",0.000345666999997718,0.010833625000003622,0.01117929200000134,,4,12,4,0,0.9,0.9,0.9,5,5,3,5,0.0,0.0
c06_s05_cov100_seed00000005_bw000,c06_s05_cov100_seed00000005,flip,fast_gate,6,5,1.0,0.0,5,X,Y,5,0,5,0.625,2,"C00,W",True,5,ok,e1_ladder,mpdag_criterion,True,"Conjecture 2 (hence Anti-Exchange Case B, verified not proved)","(('C00', 'Y'), ('W', 'Y'), ('X', 'Y'))",0.00035599999999647025,0.010941917000003798,0.011297917000000268,,4,12,4,0,0.9,0.9,0.9,5,5,3,5,0.0,0.0
c06_s05_cov100_seed00000006_bw000,c06_s05_cov100_seed00000006,flip,fast_gate,6,5,1.0,0.0,6,X,Y,5,0,5,0.625,2,"C00,W",True,5,ok,e1_ladder,mpdag_criterion,True,"Conjecture 2 (hence Anti-Exchange Case B, verified not proved)","(('C00', 'Y'), ('W', 'Y'), ('X', 'Y'))",0.0003624999999942702,0.01148650000000373,0.011848999999998,,4,12,4,0,0.9,0.9,0.9,5,5,4,5,0.0,0.0
c06_s05_cov100_seed00000007_bw000,c06_s05_cov100_seed00000007,flip,fast_gate,6,5,1.0,0.0,7,X,Y,5,0,5,0.625,2,"C00,W",True,5,ok,e1_ladder,mpdag_criterion,True,"Conjecture 2 (hence Anti-Exchange Case B, verified not proved)","(('C00', 'Y'), ('W', 'Y'), ('X', 'Y'))",0.000362749999993639,0.011224790999996515,0.011587540999990154,,4,12,4,0,0.9,0.9,0.9,5,5,3,5,0.0,0.0
c06_s05_cov100_seed00000008_bw000,c06_s05_cov100_seed00000008,flip,fast_gate,6,5,1.0,0.0,8,X,Y,5,0,5,0.625,2,"C00,W",True,5,ok,e1_ladder,mpdag_criterion,True,"Conjecture 2 (hence Anti-Exchange Case B, verified not proved)","(('C00', 'Y'), ('W', 'Y'), ('X', 'Y'))",0.0003492499999993015,0.011011041999999804,0.011360291999999106,,4,12,4,0,0.9,0.9,0.9,5,5,3,5,0.0,0.0
c06_s05_cov100_seed00000009_bw000,c06_s05_cov100_seed00000009,flip,fast_gate,6,5,1.0,0.0,9,X,Y,5,0,5,0.625,2,"C00,W",True,5,ok,e1_ladder,mpdag_criterion,True,"Conjecture 2 (hence Anti-Exchange Case B, verified not proved)","(('C00', 'Y'), ('W', 'Y'), ('X', 'Y'))",0.00041062500000066393,0.011475375000003396,0.01188600000000406,,4,12,4,0,0.9,0.9,0.9,5,5,3,5,0.0,0.0
c06_s05_cov100_seed00000010_bw000,c06_s05_cov100_seed00000010,flip,fast_gate,6,5,1.0,0.0,10,X,Y,5,0,5,0.625,2,"C00,W",True,5,ok,e1_ladder,mpdag_criterion,True,"Conjecture 2 (hence Anti-Exchange Case B, verified not proved)","(('C00', 'Y'), ('W', 'Y'), ('X', 'Y'))",0.0003875000000022055,0.011595707999994431,0.011983207999996637,,4,12,4,0,0.9,0.9,0.9,5,5,3,5,0.0,0.0
c06_s05_cov100_seed00000011_bw000,c06_s05_cov100_seed00000011,flip,fast_gate,6,5,1.0,0.0,11,X,Y,5,0,5,0.625,2,"C00,W",True,5,ok,e1_ladder,mpdag_criterion,True,"Conjecture 2 (hence Anti-Exchange Case B, verified not proved)","(('C00', 'Y'), ('W', 'Y'), ('X', 'Y'))",0.00037366600000154904,0.011082584000000395,0.011456250000001944,,4,12,4,0,0.9,0.9,0.9,5,5,3,5,0.0,0.0
c06_s05_cov100_seed00000012_bw000,c06_s05_cov100_seed00000012,flip,fast_gate,6,5,1.0,0.0,12,X,Y,5,0,5,0.625,2,"C00,W",True,5,ok,e1_ladder,mpdag_criterion,True,"Conjecture 2 (hence Anti-Exchange Case B, verified not proved)","(('C00', 'Y'), ('W', 'Y'), ('X', 'Y'))",0.00034754099999645405,0.011375832999995339,0.011723373999991793,,4,12,4,0,0.9,0.9,0.9,5,5,3,5,0.0,0.0
c06_s05_cov100_seed00000013_bw000,c06_s05_cov100_seed00000013,flip,fast_gate,6,5,1.0,0.0,13,X,Y,5,0,5,0.625,2,"C00,W",True,5,ok,e1_ladder,mpdag_criterion,True,"Conjecture 2 (hence Anti-Exchange Case B, verified not proved)","(('C00', 'Y'), ('W', 'Y'), ('X', 'Y'))",0.0003735409999947592,0.011042707999997958,0.011416248999992717,,4,12,4,0,0.9,0.9,0.9,5,5,3,5,0.0,0.0
c06_s05_cov100_seed00000014_bw000,c06_s05_cov100_seed00000014,flip,fast_gate,6,5,1.0,0.0,14,X,Y,5,0,5,0.625,2,"C00,W",True,5,ok,e1_ladder,mpdag_criterion,True,"Conjecture 2 (hence Anti-Exchange Case B, verified not proved)","(('C00', 'Y'), ('W', 'Y'), ('X', 'Y'))",0.000362000000002638,0.010794374999996137,0.011156374999998775,,4,12,4,0,0.9,0.9,0.9,5,5,3,5,0.0,0.0
c06_s05_cov100_seed00000015_bw000,c06_s05_cov100_seed00000015,flip,fast_gate,6,5,1.0,0.0,15,X,Y,5,0,5,0.625,2,"C00,W",True,5,ok,e1_ladder,mpdag_criterion,True,"Conjecture 2 (hence Anti-Exchange Case B, verified not proved)","(('C00', 'Y'), ('W', 'Y'), ('X', 'Y'))",0.00041008400000208667,0.010924625000001242,0.011334709000003329,,4,12,4,0,0.9,0.9,0.9,5,5,3,5,0.0,0.0
c06_s05_cov100_seed00000016_bw000,c06_s05_cov100_seed00000016,flip,fast_gate,6,5,1.0,0.0,16,X,Y,5,0,5,0.625,2,"C00,W",True,5,ok,e1_ladder,mpdag_criterion,True,"Conjecture 2 (hence Anti-Exchange Case B, verified not proved)","(('C00', 'Y'), ('W', 'Y'), ('X', 'Y'))",0.00035479099999946584,0.011010458000001222,0.011365249000000688,,4,12,4,0,0.9,0.9,0.9,5,5,3,5,0.0,0.0
c06_s05_cov100_seed00000017_bw000,c06_s05_cov100_seed00000017,flip,fast_gate,6,5,1.0,0.0,17,X,Y,5,0,5,0.625,2,"C00,W",True,5,ok,e1_ladder,mpdag_criterion,True,"Conjecture 2 (hence Anti-Exchange Case B, verified not proved)","(('C00', 'Y'), ('W', 'Y'), ('X', 'Y'))",0.0003718330000026526,0.011214541999997607,0.01158637500000026,,4,12,4,0,0.9,0.9,0.9,5,5,3,5,0.0,0.0
c06_s05_cov100_seed00000018_bw000,c06_s05_cov100_seed00000018,flip,fast_gate,6,5,1.0,0.0,18,X,Y,5,0,5,0.625,2,"C00,W",True,5,ok,e1_ladder,mpdag_criterion,True,"Conjecture 2 (hence Anti-Exchange Case B, verified not proved)","(('C00', 'Y'), ('W', 'Y'), ('X', 'Y'))",0.00039579199999906223,0.011225832999997465,0.011621624999996527,,4,12,4,0,0.9,0.9,0.9,5,5,3,5,0.0,0.0
c06_s05_cov100_seed00000019_bw000,c06_s05_cov100_seed00000019,flip,fast_gate,6,5,1.0,0.0,19,X,Y,5,0,5,0.625,2,"C00,W",True,5,ok,e1_ladder,mpdag_criterion,True,"Conjecture 2 (hence Anti-Exchange Case B, verified not proved)","(('C00', 'Y'), ('W', 'Y'), ('X', 'Y'))",0.00042775000000006,0.011196707999999944,0.011624458000000004,,4,12,4,0,0.9,0.9,0.9,5,5,3,5,0.0,0.0
c08_s01_cov100_seed00000000_bw000,c08_s01_cov100_seed00000000,flip,fast_gate,8,1,1.0,0.0,0,X,Y,9,0,9,0.75,2,"C00,W",True,1,ok,local_up_fast,mpdag_criterion,True,"Conjecture 2 (hence Anti-Exchange Case B, verified not proved)",C00->C02 C00->C03 C00->C04 C00->Y C03->C05 C04->C07 C05->C06 W->Y X->C02 X->C03 X->Y C00-X,0.0003997089999998593,0.0,0.0003997089999998593,,1,9,4,0,0.3191374897624898,0.3404254295658222,0.6059824947832135,9,9,2,3,0.03541884680219588,0.020535745581482027
c08_s01_cov100_seed00000001_bw000,c08_s01_cov100_seed00000001,flip,fast_gate,8,1,1.0,0.0,1,X,Y,8,0,8,0.7272727272727273,2,"C00,W",True,1,ok,local_up_fast,mpdag_criterion,True,"Conjecture 2 (hence Anti-Exchange Case B, verified not proved)",C00->C02 C00->C03 C00->Y C03->C04 C04->C05 C05->C07 W->Y X->C03 X->C06 X->Y C00-X,0.0003354579999950147,0.0,0.0003354579999950147,,1,8,3,0,0.32963768115942027,0.29888723071767564,0.28024099827833976,8,8,1,5,0.03761119357109966,0.01627797768217498
c08_s01_cov100_seed00000002_bw000,c08_s01_cov100_seed00000002,flip,fast_gate,8,1,1.0,0.0,2,X,Y,10,0,10,0.7692307692307693,2,"C00,W",True,1,ok,local_up_fast,mpdag_criterion,True,"Conjecture 2 (hence Anti-Exchange Case B, verified not proved)",C00->C02 C00->C03 C00->C05 C00->C06 C00->C07 C00->Y C05->C06 W->Y X->C02 X->C04 X->C07 X->Y C00-X,0.00043658399999912945,0.0,0.00043658399999912945,,1,10,5,0,0.21050816864904892,0.42075651736138975,0.5670463724338536,10,10,3,3,0.010924323333613085,0.06734295093371893
c08_s01_cov100_seed00000003_bw000,c08_s01_cov100_seed00000003,flip,fast_gate,8,1,1.0,0.0,3,X,Y,11,0,11,0.7857142857142857,2,"C00,W",True,1,ok,local_up_fast,mpdag_criterion,True,"Conjecture 2 (hence Anti-Exchange Case B, verified not proved)",C00->C02 C00->C03 C00->C04 C00->C06 C00->Y C02->C05 C03->C04 C03->C06 C03->C07 C04->C07 W->Y X->C02 X->Y C00-X,0.0004760419999954024,0.0,0.0004760419999954024,,1,11,5,0,0.8465859982713916,0.8640152270623721,0.7412879543350994,11,11,2,4,0.02634885839184075,0.016881708855539527
c08_s01_cov100_seed00000004_bw000,c08_s01_cov100_seed00000004,flip,fast_gate,8,1,1.0,0.0,4,X,Y,8,0,8,0.7272727272727273,2,"C00,W",True,1,ok,local_up_fast,mpdag_criterion,True,"Conjecture 2 (hence Anti-Exchange Case B, verified not proved)",C00->C05 C00->Y C02->C03 C03->C04 C03->C06 C04->C06 C04->C07 W->Y X->C02 X->Y C00-X,0.000307917000000657,0.0,0.000307917000000657,,1,8,3,0,0.13095238095238096,0.12596983061321948,0.12596983061321948,8,8,1,5,0.02294833314890363,0.0094086539383896
c08_s01_cov100_seed00000005_bw000,c08_s01_cov100_seed00000005,flip,fast_gate,8,1,1.0,0.0,5,X,Y,9,0,9,0.75,2,"C00,W",True,1,ok,local_up_fast,mpdag_criterion,True,"Conjecture 2 (hence Anti-Exchange Case B, verified not proved)",C00->C07 C00->Y C02->C03 C02->C04 C02->C06 W->Y X->C02 X->C04 X->C05 X->C06 X->Y C00-X,0.0003790410000021893,0.0,0.0003790410000021893,,1,9,4,0,0.10446428571428572,0.10958479923240194,0.10958479923240194,9,9,2,4,0.0086887990093694,0.0041218787864071346
c08_s01_cov100_seed00000006_bw000,c08_s01_cov100_seed00000006,flip,fast_gate,8,1,1.0,0.0,6,X,Y,7,0,7,0.7,2,"C00,W",True,1,ok,local_up_fast,mpdag_criterion,True,"Conjecture 2 (hence Anti-Exchange Case B, verified not proved)",C00->C02 C00->Y C02->C04 C02->C06 C04->C07 W->Y X->C03 X->C05 X->Y C00-X,0.0002682089999979098,0.0,0.0002682089999979098,,1,7,2,0,0.8542709232096636,0.848837963278957,0.5024093918503855,7,7,2,2,0.015149178230298677,0.006796266439646062
c08_s01_cov100_seed00000007_bw000,c08_s01_cov100_seed00000007,flip,fast_gate,8,1,1.0,0.0,7,X,Y,7,0,7,0.7,2,"C00,W",True,1,ok,local_up_fast,mpdag_criterion,True,"Conjecture 2 (hence Anti-Exchange Case B, verified not proved)",C00->C07 C00->Y C03->C04 C05->C06 W->Y X->C02 X->C03 X->C05 X->Y C00-X,0.0002577500000029431,0.0,0.0002577500000029431,,1,7,2,0,0.07058823529411765,0.09733840304182509,0.09733840304182509,7,7,1,3,0.013383446093988732,0.00616407965173831
c08_s01_cov100_seed00000008_bw000,c08_s01_cov100_seed00000008,flip,fast_gate,8,1,1.0,0.0,8,X,Y,8,0,8,0.7272727272727273,2,"C00,W",True,1,ok,local_up_fast,mpdag_criterion,True,"Conjecture 2 (hence Anti-Exchange Case B, verified not proved)",C00->C03 C00->Y C02->C04 C03->C05 C03->C06 C03->C07 C05->C07 W->Y X->C02 X->Y C00-X,0.0003547499999996262,0.0,0.0003547499999996262,,1,8,3,0,0.546035141329259,0.5620789498378084,0.5674513552102138,8,8,2,3,0.12430582137360228,0.05847824951910441
c08_s01_cov100_seed00000009_bw000,c08_s01_cov100_seed00000009,flip,fast_gate,8,1,1.0,0.0,9,X,Y,9,0,9,0.75,2,"C00,W",True,1,ok,local_up_fast,mpdag_criterion,True,"Conjecture 2 (hence Anti-Exchange Case B, verified not proved)",C00->C02 C00->Y C02->C03 C02->C04 C03->C05 C05->C06 C05->C07 C06->C07 W->Y X->C02 X->Y C00-X,0.0004012910000028569,0.0,0.0004012910000028569,,1,9,4,0,0.3597072280232566,0.3888974418401467,0.3888974418401467,9,9,1,8,0.03659467777077201,0.020148421987761945
c08_s01_cov100_seed00000010_bw000,c08_s01_cov100_seed00000010,flip,fast_gate,8,1,1.0,0.0,10,X,Y,9,0,9,0.75,2,"C00,W",True,1,ok,local_up_fast,mpdag_criterion,True,"Conjecture 2 (hence Anti-Exchange Case B, verified not proved)",C00->C02 C00->C05 C00->C07 C00->Y C02->C03 C02->C04 C04->C06 W->Y X->C02 X->C05 X->Y C00-X,0.00038933300000110194,0.0,0.00038933300000110194,,1,9,4,0,0.23736643620364556,0.24122256363563993,0.49338203207417813,9,9,2,3,0.04295536186681231,0.019145877908513517
c08_s01_cov100_seed00000011_bw000,c08_s01_cov100_seed00000011,flip,fast_gate,8,1,1.0,0.0,11,X,Y,9,0,9,0.75,2,"C00,W",True,1,ok,local_up_fast,mpdag_criterion,True,"Conjecture 2 (hence Anti-Exchange Case B, verified not proved)",C00->C02 C00->C03 C00->C04 C00->C05 C00->C06 C00->C07 C00->Y C02->C04 C03->C06 W->Y X->Y C00-X,0.0003983750000031705,0.0,0.0003983750000031705,,1,9,4,0,0.9622431506849315,0.9581996039347509,0.8888302345653815,9,9,2,3,0.007972502146300454,0.0036675121685151796
c08_s01_cov100_seed00000012_bw000,c08_s01_cov100_seed00000012,flip,fast_gate,8,1,1.0,0.0,12,X,Y,10,0,10,0.7692307692307693,2,"C00,W",True,1,ok,local_up_fast,mpdag_criterion,True,"Conjecture 2 (hence Anti-Exchange Case B, verified not proved)",C00->C03 C00->C04 C00->C05 C00->C06 C00->Y C04->C05 C04->C06 C06->C07 W->Y X->C02 X->C03 X->Y C00-X,0.0004360410000003867,0.0,0.0004360410000003867,,1,10,5,0,0.837089947089947,0.8372440553481578,0.4809940553481578,10,10,2,4,0.020796203536146283,0.010399039067264177
c08_s01_cov100_seed00000013_bw000,c08_s01_cov100_seed00000013,flip,fast_gate,8,1,1.0,0.0,13,X,Y,9,0,9,0.75,2,"C00,W",True,1,ok,local_up_fast,mpdag_criterion,True,"Conjecture 2 (hence Anti-Exchange Case B, verified not proved)",C00->Y C02->C03 C02->C04 C03->C04 C03->C06 C04->C06 C05->C07 W->Y X->C02 X->C05 X->Y C00-X,0.0003626670000045351,0.0,0.0003626670000045351,,1,9,3,0,0.05641025641025641,0.05022421524663677,0.05022421524663677,9,9,1,4,0.007940336188637341,0.0033482139858023955
c08_s01_cov100_seed00000014_bw000,c08_s01_cov100_seed00000014,flip,fast_gate,8,1,1.0,0.0,14,X,Y,7,0,7,0.7,2,"C00,W",True,1,ok,local_up_fast,mpdag_criterion,True,"Conjecture 2 (hence Anti-Exchange Case B, verified not proved)",C00->C02 C00->C06 C00->Y C02->C03 C04->C05 C05->C07 W->Y X->C04 X->Y C00-X,0.0002398750000054406,0.0,0.0002398750000054406,,1,7,2,0,0.1695121951219512,0.1891173887587822,0.6047423887587822,7,7,1,2,0.01488203242585713,0.006817159057516026
c08_s01_cov100_seed00000015_bw000,c08_s01_cov100_seed00000015,flip,fast_gate,8,1,1.0,0.0,15,X,Y,8,0,8,0.7272727272727273,2,"C00,W",True,1,ok,local_up_fast,mpdag_criterion,True,"Conjecture 2 (hence Anti-Exchange Case B, verified not proved)",C00->C04 C00->C05 C00->Y C02->C03 C04->C05 C04->C06 C04->C07 W->Y X->C02 X->Y C00-X,0.00030229100001122333,0.0,0.00030229100001122333,,1,8,3,0,0.2726470588235294,0.2526893285183441,0.5993559951850106,8,8,2,3,0.019624766187343046,0.008963485878205002
c08_s01_cov100_seed00000016_bw000,c08_s01_cov100_seed00000016,flip,fast_gate,8,1,1.0,0.0,16,X,Y,8,0,8,0.7272727272727273,2,"C00,W",True,1,ok,local_up_fast,mpdag_criterion,True,"Conjecture 2 (hence Anti-Exchange Case B, verified not proved)",C00->C06 C00->Y C02->C03 C02->C05 C06->C07 W->Y X->C02 X->C03 X->C04 X->Y C00-X,0.00032616600000778817,0.0,0.00032616600000778817,,1,8,3,0,0.18580837636259323,0.18040898564994623,0.400210965847966,8,8,2,3,0.01803934344596414,0.008963271709386626
c08_s01_cov100_seed00000017_bw000,c08_s01_cov100_seed00000017,flip,fast_gate,8,1,1.0,0.0,17,X,Y,9,0,9,0.75,2,"C00,W",True,1,ok,local_up_fast,mpdag_criterion,True,"Conjecture 2 (hence Anti-Exchange Case B, verified not proved)",C00->C02 C00->Y C02->C03 C02->C04 C02->C07 C03->C04 C05->C06 W->Y X->C02 X->C05 X->Y C00-X,0.00041983300000936197,0.0,0.00041983300000936197,,1,9,4,0,0.19117432746465007,0.20774560275906578,0.2633011583146213,9,9,1,5,0.030478968834535814,0.014225052174173332
c08_s01_cov100_seed00000018_bw000,c08_s01_cov100_seed00000018,flip,fast_gate,8,1,1.0,0.0,18,X,Y,9,0,9,0.75,2,"C00,W",True,1,ok,local_up_fast,mpdag_criterion,True,"Conjecture 2 (hence Anti-Exchange Case B, verified not proved)",C00->C03 C00->C04 C00->Y C03->C05 C03->C06 C03->C07 C05->C07 W->Y X->C02 X->C03 X->Y C00-X,0.0003841669999928854,0.0,0.0003841669999928854,,1,9,4,0,0.2406656620334005,0.276456233243346,0.351456233243346,9,9,2,5,0.02934124989456738,0.01606174126099926
c08_s01_cov100_seed00000019_bw000,c08_s01_cov100_seed00000019,flip,fast_gate,8,1,1.0,0.0,19,X,Y,8,0,8,0.7272727272727273,2,"C00,W",True,1,ok,local_up_fast,mpdag_criterion,True,"Conjecture 2 (hence Anti-Exchange Case B, verified not proved)",C00->C04 C00->C05 C00->Y C02->C03 C04->C06 C05->C07 W->Y X->C02 X->C03 X->Y C00-X,0.0003363330000070164,0.0,0.0003363330000070164,,1,8,3,0,0.24584676126680954,0.2355701888096254,0.49271304595248255,8,8,2,3,0.020271403584665906,0.009167654778622945
c08_s04_cov100_seed00000000_bw000,c08_s04_cov100_seed00000000,flip,fast_gate,8,4,1.0,0.0,0,X,Y,9,0,9,0.75,2,"C00,W",True,4,ok,e1_ladder,mpdag_criterion,True,"Conjecture 2 (hence Anti-Exchange Case B, verified not proved)","(('C00', 'C07'), ('C00', 'Y'), ('C02', 'C06'), ('C03', 'C05'), ('C03', 'C06'), ('W', 'Y'), ('X', 'C05'), ('X', 'Y'))",0.003917791999995757,0.024413041999991947,0.028330833999987703,,20,90,20,0,0.5855555555555555,0.582847078915534,0.7443855404539954,9,9,2,6,0.029737996275750838,0.014786694034453289
c08_s04_cov100_seed00000001_bw000,c08_s04_cov100_seed00000001,flip,fast_gate,8,4,1.0,0.0,1,X,Y,8,0,8,0.7272727272727273,2,"C00,W",True,4,ok,e1_ladder,mpdag_criterion,True,"Conjecture 2 (hence Anti-Exchange Case B, verified not proved)","(('C00', 'Y'), ('C02', 'C05'), ('C03', 'C06'), ('C06', 'C07'), ('W', 'Y'), ('X', 'C06'), ('X', 'Y'))",0.0013604170000007798,0.018710416999994095,0.020070833999994875,,8,34,8,0,0.6253968253968254,0.6234821778300039,0.6234821778300039,8,8,1,7,0.04169883819599659,0.016761259175386657
c08_s04_cov100_seed00000002_bw000,c08_s04_cov100_seed00000002,flip,fast_gate,8,4,1.0,0.0,2,X,Y,8,0,8,0.7272727272727273,2,"C00,W",True,4,ok,e1_ladder,mpdag_criterion,True,"Conjecture 2 (hence Anti-Exchange Case B, verified not proved)","(('C00', 'Y'), ('C01', 'C06'), ('C03', 'C05'), ('C03', 'C07'), ('W', 'Y'), ('X', 'C05'), ('X', 'Y'))",0.0017076670000051308,0.020399083000000928,0.02210675000000606,,10,40,10,0,0.5666666666666667,0.5311827956989248,0.5311827956989248,8,8,1,6,0.015713484026367724,0.009478077658591546
c08_s04_cov100_seed00000003_bw000,c08_s04_cov100_seed00000003,flip,fast_gate,8,4,1.0,0.0,3,X,Y,9,0,9,0.75,2,"C00,W",True,4,ok,e1_ladder,mpdag_criterion,True,"Conjecture 2 (hence Anti-Exchange Case B, verified not proved)","(('C00', 'C06'), ('C00', 'C07'), ('C00', 'Y'), ('C03', 'C05'), ('C06', 'C07'), ('W', 'Y'), ('X', 'C05'), ('X', 'Y'))",0.004496124999988638,0.02421695799999668,0.028713082999985318,,27,104,27,0,0.6166666666666667,0.5578177150192554,0.668344030808729,9,9,2,6,0.02805418038433911,0.016823309642369246
c08_s04_cov100_seed00000004_bw000,c08_s04_cov100_seed00000004,flip,fast_gate,8,4,1.0,0.0,4,X,Y,7,0,7,0.7,2,"C00,W",True,4,ok,e1_ladder,mpdag_criterion,True,"Conjecture 2 (hence Anti-Exchange Case B, verified not proved)","(('C00', 'Y'), ('C03', 'C05'), ('C05', 'C06'), ('C06', 'C07'), ('W', 'Y'), ('X', 'Y'))",0.0006846659999979465,0.01779970900000194,0.018484374999999886,,4,18,4,0,0.9888888888888889,0.953448275862069,0.953448275862069,7,7,2,6,0.010475656017578485,0.006549689902608279
c08_s04_cov100_seed00000005_bw000,c08_s04_cov100_seed00000005,flip,fast_gate,8,4,1.0,0.0,5,X,Y,8,0,8,0.7272727272727273,2,"C00,W",True,4,ok,e1_ladder,mpdag_criterion,True,"Conjecture 2 (hence Anti-Exchange Case B, verified not proved)","(('C00', 'Y'), ('C03', 'C05'), ('C03', 'C07'), ('W', 'Y'), ('X', 'C06'), ('X', 'C07'), ('X', 'Y'))",0.001356874999999036,0.019453374999997664,0.0208102499999967,,7,34,7,0,0.51010101010101,0.5296428571428571,0.5296428571428571,8,8,1,6,0.02235492927224428,0.009210275388962307
c08_s04_cov100_seed00000006_bw000,c08_s04_cov100_seed00000006,flip,fast_gate,8,4,1.0,0.0,6,X,Y,7,0,7,0.7,2,"C00,W",True,4,ok,e1_ladder,mpdag_criterion,True,"Conjecture 2 (hence Anti-Exchange Case B, verified not proved)","(('C00', 'Y'), ('C02', 'C05'), ('C03', 'C06'), ('W', 'Y'), ('X', 'C07'), ('X', 'Y'))",0.000695542000002547,0.017457041000000117,0.018152583000002664,,5,18,5,0,0.5615384615384615,0.5509433962264151,0.5509433962264151,7,7,1,5,0.01349320029703122,0.006866805584483522
c08_s04_cov100_seed00000007_bw000,c08_s04_cov100_seed00000007,flip,fast_gate,8,4,1.0,0.0,7,X,Y,7,0,7,0.7,2,"C00,W",True,4,ok,e1_ladder,mpdag_criterion,True,"Conjecture 2 (hence Anti-Exchange Case B, verified not proved)","(('C00', 'Y'), ('C03', 'C06'), ('C05', 'C07'), ('W', 'Y'), ('X', 'C05'), ('X', 'Y'))",0.0006818330000015749,0.018199874999993426,0.018881707999995,,4,18,4,0,0.5357142857142857,0.5385964912280702,0.5385964912280702,7,7,0,6,0.012806020814297076,0.006448119524174797
c08_s04_cov100_seed00000008_bw000,c08_s04_cov100_seed00000008,flip,fast_gate,8,4,1.0,0.0,8,X,Y,7,0,7,0.7,2,"C00,W",True,4,ok,e1_ladder,mpdag_criterion,True,"Conjecture 2 (hence Anti-Exchange Case B, verified not proved)","(('C00', 'Y'), ('C01', 'C06'), ('C03', 'C05'), ('W', 'Y'), ('X', 'C07'), ('X', 'Y'))",0.0009157500000043228,0.018044833999994125,0.018960583999998448,,6,23,6,0,0.54,0.5466666666666666,0.5466666666666666,7,7,0,5,0.02190890230020665,0.007436978013636228
c08_s04_cov100_seed00000009_bw000,c08_s04_cov100_seed00000009,flip,fast_gate,8,4,1.0,0.0,9,X,Y,8,0,8,0.7272727272727273,2,"C00,W",True,4,ok,e1_ladder,mpdag_criterion,True,"Conjecture 2 (hence Anti-Exchange Case B, verified not proved)","(('C00', 'C06'), ('C00', 'Y'), ('C02', 'C05'), ('C03', 'C05'), ('W', 'Y'), ('X', 'C07'), ('X', 'Y'))",0.002097708999997394,0.020201541999995243,0.022299250999992637,,12,53,12,0,0.525,0.5029185867895546,0.6384024577572965,8,8,1,5,0.021040635288254332,0.009328028521270123
c08_s04_cov100_seed00000010_bw000,c08_s04_cov100_seed00000010,flip,fast_gate,8,4,1.0,0.0,10,X,Y,10,0,10,0.7692307692307693,2,"C00,W",True,4,ok,e1_ladder,mpdag_criterion,True,"Conjecture 2 (hence Anti-Exchange Case B, verified not proved)","(('C00', 'Y'), ('C03', 'C05'), ('C05', 'C06'), ('C05', 'C07'), ('W', 'Y'), ('X', 'C05'), ('X', 'C06'), ('X', 'C07'), ('X', 'Y'))",0.00184549999998751,0.02291200000000515,0.02475749999999266,,7,44,7,0,0.45,0.40499999999999997,0.4,10,10,1,4,0.03535533905932738,0.026052830940226056
c08_s04_cov100_seed00000011_bw000,c08_s04_cov100_seed00000011,flip,fast_gate,8,4,1.0,0.0,11,X,Y,8,0,8,0.7272727272727273,2,"C00,W",True,4,ok,e1_ladder,mpdag_criterion,True,"Conjecture 2 (hence Anti-Exchange Case B, verified not proved)","(('C00', 'C05'), ('C00', 'C06'), ('C00', 'Y'), ('C03', 'C07'), ('W', 'Y'), ('X', 'C07'), ('X', 'Y'))",0.0033963750000083337,0.02032687499999497,0.023723250000003304,,20,78,20,0,0.45,0.49232954545454544,0.546875,8,8,1,5,0.01767766952966369,0.013802791179829778
c08_s04_cov100_seed00000012_bw000,c08_s04_cov100_seed00000012,flip,fast_gate,8,4,1.0,0.0,12,X,Y,8,0,8,0.7272727272727273,2,"C00,W",True,4,ok,e1_ladder,mpdag_criterion,True,"Conjecture 2 (hence Anti-Exchange Case B, verified not proved)","(('C00', 'C06'), ('C00', 'Y'), ('C01', 'C06'), ('C01', 'C07'), ('C03', 'C05'), ('W', 'Y'), ('X', 'Y'))",0.002115375000002473,0.024251000000006684,0.026366375000009157,,15,52,15,0,0.825,0.7395010395010394,0.7395010395010394,8,8,2,5,0.10968705484240153,0.04146141787605963
c08_s04_cov100_seed00000013_bw000,c08_s04_cov100_seed00000013,flip,fast_gate,8,4,1.0,0.0,13,X,Y,8,0,8,0.7272727272727273,2,"C00,W",True,4,ok,e1_ladder,mpdag_criterion,True,"Conjecture 2 (hence Anti-Exchange Case B, verified not proved)","(('C00', 'Y'), ('C05', 'C06'), ('C05', 'C07'), ('C06', 'C07'), ('W', 'Y'), ('X', 'C05'), ('X', 'Y'))",0.001332958999995526,0.01722933399999249,0.018562292999988017,,7,34,7,0,0.45,0.46875,0.46875,8,8,3,8,0.020412414523193152,0.00819381912632931
c08_s04_cov100_seed00000014_bw000,c08_s04_cov100_seed00000014,flip,fast_gate,8,4,1.0,0.0,14,X,Y,7,0,7,0.7,2,"C00,W",True,4,ok,e1_ladder,mpdag_criterion,True,"Conjecture 2 (hence Anti-Exchange Case B, verified not proved)","(('C00', 'C05'), ('C00', 'Y'), ('C02', 'C07'), ('W', 'Y'), ('X', 'C06'), ('X', 'Y'))",0.0011517909999980702,0.01762070799999549,0.01877249899999356,,8,29,8,0,0.5,0.5,0.5,7,7,1,4,0.0,0.0
c08_s04_cov100_seed00000015_bw000,c08_s04_cov100_seed00000015,flip,fast_gate,8,4,1.0,0.0,15,X,Y,7,0,7,0.7,2,"C00,W",True,4,ok,e1_ladder,mpdag_criterion,True,"Conjecture 2 (hence Anti-Exchange Case B, verified not proved)","(('C00', 'Y'), ('C01', 'C07'), ('W', 'Y'), ('X', 'C05'), ('X', 'C06'), ('X', 'Y'))",0.0009038339999989375,0.017373834000011357,0.018277668000010294,,6,23,6,0,0.5,0.5,0.4,7,7,1,4,0.0,0.0
c08_s04_cov100_seed00000016_bw000,c08_s04_cov100_seed00000016,flip,fast_gate,8,4,1.0,0.0,16,X,Y,8,0,8,0.7272727272727273,2,"C00,W",True,4,ok,e1_ladder,mpdag_criterion,True,"Conjecture 2 (hence Anti-Exchange Case B, verified not proved)","(('C00', 'Y'), ('C02', 'C05'), ('C02', 'C07'), ('C03', 'C06'), ('W', 'Y'), ('X', 'C06'), ('X', 'Y'))",0.0013971249999968904,0.02008299999999963,0.02148012499999652,,9,34,9,0,0.5166666666666667,0.5135104578858112,0.5442622950819672,8,8,1,5,0.037391819267697426,0.010798081588746124
c08_s04_cov100_seed00000017_bw000,c08_s04_cov100_seed00000017,flip,fast_gate,8,4,1.0,0.0,17,X,Y,9,0,9,0.75,2,"C00,W",True,4,ok,e1_ladder,mpdag_criterion,True,"Conjecture 2 (hence Anti-Exchange Case B, verified not proved)","(('C00', 'Y'), ('C02', 'C06'), ('C03', 'C05'), ('C03', 'C07'), ('W', 'Y'), ('X', 'C05'), ('X', 'C07'), ('X', 'Y'))",0.0026665420000000495,0.02082408300000793,0.02349062500000798,,13,61,13,0,0.5350649350649351,0.49468085106382975,0.6946808510638298,9,9,1,5,0.028852934792729653,0.015925550336112527
c08_s04_cov100_seed00000018_bw000,c08_s04_cov100_seed00000018,flip,fast_gate,8,4,1.0,0.0,18,X,Y,8,0,8,0.7272727272727273,2,"C00,W",True,4,ok,e1_ladder,mpdag_criterion,True,"Conjecture 2 (hence Anti-Exchange Case B, verified not proved)","(('C00', 'C07'), ('C00', 'Y'), ('C01', 'C06'), ('C02', 'C06'), ('W', 'Y'), ('X', 'C05'), ('X', 'Y'))",0.0021264590000100725,0.0204853749999927,0.022611834000002773,,14,53,14,0,0.48,0.45813953488372094,0.45813953488372094,8,8,2,6,0.012649110640673518,0.007523216735123611
c08_s04_cov100_seed00000019_bw000,c08_s04_cov100_seed00000019,flip,fast_gate,8,4,1.0,0.0,19,X,Y,8,0,8,0.7272727272727273,2,"C00,W",True,4,ok,e1_ladder,mpdag_criterion,True,"Conjecture 2 (hence Anti-Exchange Case B, verified not proved)","(('C00', 'C07'), ('C00', 'Y'), ('C02', 'C05'), ('C02', 'C06'), ('C05', 'C06'), ('W', 'Y'), ('X', 'Y'))",0.002311249999991105,0.037260290999995505,0.03957154099998661,,13,53,13,0,0.6068181818181818,0.6656597774244831,0.6656597774244831,8,8,1,5,0.07742487755342131,0.0401958316049276
c08_s07_cov100_seed00000000_bw000,c08_s07_cov100_seed00000000,flip,fast_gate,8,7,1.0,0.0,0,X,Y,7,0,7,0.7,2,"C00,W",True,7,ok,e1_ladder,mpdag_criterion,True,"Conjecture 2 (hence Anti-Exchange Case B, verified not proved)","(('C00', 'Y'), ('W', 'Y'), ('X', 'Y'))",0.0006990830000006554,0.02217937500000744,0.022878458000008095,,4,18,4,0,0.9,0.9,0.9,7,7,1,5,0.0,0.0
c08_s07_cov100_seed00000001_bw000,c08_s07_cov100_seed00000001,flip,fast_gate,8,7,1.0,0.0,1,X,Y,7,0,7,0.7,2,"C00,W",True,7,ok,e1_ladder,mpdag_criterion,True,"Conjecture 2 (hence Anti-Exchange Case B, verified not proved)","(('C00', 'Y'), ('W', 'Y'), ('X', 'Y'))",0.0006006250000041291,0.02207091700000774,0.02267154200001187,,4,18,4,0,0.9,0.9,0.9,7,7,2,6,0.0,0.0
c08_s07_cov100_seed00000002_bw000,c08_s07_cov100_seed00000002,flip,fast_gate,8,7,1.0,0.0,2,X,Y,7,0,7,0.7,2,"C00,W",True,7,ok,e1_ladder,mpdag_criterion,True,"Conjecture 2 (hence Anti-Exchange Case B, verified not proved)","(('C00', 'Y'), ('W', 'Y'), ('X', 'Y'))",0.0006174579999935759,0.02208754099999055,0.022704998999984127,,4,18,4,0,0.9,0.9,0.9,7,7,3,7,0.0,0.0
c08_s07_cov100_seed00000003_bw000,c08_s07_cov100_seed00000003,flip,fast_gate,8,7,1.0,0.0,3,X,Y,7,0,7,0.7,2,"C00,W",True,7,ok,e1_ladder,mpdag_criterion,True,"Conjecture 2 (hence Anti-Exchange Case B, verified not proved)","(('C00', 'Y'), ('W', 'Y'), ('X', 'Y'))",0.0006061250000186647,0.021999207999982673,0.022605333000001337,,4,18,4,0,0.9,0.9,0.9,7,7,1,5,0.0,0.0
c08_s07_cov100_seed00000004_bw000,c08_s07_cov100_seed00000004,flip,fast_gate,8,7,1.0,0.0,4,X,Y,7,0,7,0.7,2,"C00,W",True,7,ok,e1_ladder,mpdag_criterion,True,"Conjecture 2 (hence Anti-Exchange Case B, verified not proved)","(('C00', 'Y'), ('W', 'Y'), ('X', 'Y'))",0.0007082499999739866,0.02203249999999457,0.022740749999968557,,4,18,4,0,0.9,0.9,0.9,7,7,2,5,0.0,0.0
c08_s07_cov100_seed00000005_bw000,c08_s07_cov100_seed00000005,flip,fast_gate,8,7,1.0,0.0,5,X,Y,7,0,7,0.7,2,"C00,W",True,7,ok,e1_ladder,mpdag_criterion,True,"Conjecture 2 (hence Anti-Exchange Case B, verified not proved)","(('C00', 'Y'), ('W', 'Y'), ('X', 'Y'))",0.0006232089999969048,0.021639000000021724,0.02226220900001863,,4,18,4,0,0.9,0.9,0.9,7,7,2,5,0.0,0.0
c08_s07_cov100_seed00000006_bw000,c08_s07_cov100_seed00000006,flip,fast_gate,8,7,1.0,0.0,6,X,Y,7,0,7,0.7,2,"C00,W",True,7,ok,e1_ladder,mpdag_criterion,True,"Conjecture 2 (hence Anti-Exchange Case B, verified not proved)","(('C00', 'Y'), ('W', 'Y'), ('X', 'Y'))",0.0005947080000225924,0.021746540999998842,0.022341249000021435,,4,18,4,0,0.9,0.9,0.9,7,7,1,6,0.0,0.0
c08_s07_cov100_seed00000007_bw000,c08_s07_cov100_seed00000007,flip,fast_gate,8,7,1.0,0.0,7,X,Y,7,0,7,0.7,2,"C00,W",True,7,ok,e1_ladder,mpdag_criterion,True,"Conjecture 2 (hence Anti-Exchange Case B, verified not proved)","(('C00', 'Y'), ('W', 'Y'), ('X', 'Y'))",0.0006192499999997381,0.022138250000011794,0.022757500000011532,,4,18,4,0,0.9,0.9,0.9,7,7,1,6,0.0,0.0
c08_s07_cov100_seed00000008_bw000,c08_s07_cov100_seed00000008,flip,fast_gate,8,7,1.0,0.0,8,X,Y,7,0,7,0.7,2,"C00,W",True,7,ok,e1_ladder,mpdag_criterion,True,"Conjecture 2 (hence Anti-Exchange Case B, verified not proved)","(('C00', 'Y'), ('W', 'Y'), ('X', 'Y'))",0.0006047910000006596,0.02247633299998597,0.02308112399998663,,4,18,4,0,0.9,0.9,0.9,7,7,2,7,0.0,0.0
c08_s07_cov100_seed00000009_bw000,c08_s07_cov100_seed00000009,flip,fast_gate,8,7,1.0,0.0,9,X,Y,7,0,7,0.7,2,"C00,W",True,7,ok,e1_ladder,mpdag_criterion,True,"Conjecture 2 (hence Anti-Exchange Case B, verified not proved)","(('C00', 'Y'), ('W', 'Y'), ('X', 'Y'))",0.000631375000011758,0.022762541999981067,0.023393916999992825,,4,18,4,0,0.9,0.9,0.9,7,7,2,6,0.0,0.0
c08_s07_cov100_seed00000010_bw000,c08_s07_cov100_seed00000010,flip,fast_gate,8,7,1.0,0.0,10,X,Y,7,0,7,0.7,2,"C00,W",True,7,ok,e1_ladder,mpdag_criterion,True,"Conjecture 2 (hence Anti-Exchange Case B, verified not proved)","(('C00', 'Y'), ('W', 'Y'), ('X', 'Y'))",0.0006165000000066811,0.024409416999986888,0.02502591699999357,,4,18,4,0,0.9,0.9,0.9,7,7,1,5,0.0,0.0
c08_s07_cov100_seed00000011_bw000,c08_s07_cov100_seed00000011,flip,fast_gate,8,7,1.0,0.0,11,X,Y,7,0,7,0.7,2,"C00,W",True,7,ok,e1_ladder,mpdag_criterion,True,"Conjecture 2 (hence Anti-Exchange Case B, verified not proved)","(('C00', 'Y'), ('W', 'Y'), ('X', 'Y'))",0.0006074169999976675,0.02258179200001109,0.02318920900000876,,4,18,4,0,0.9,0.9,0.9,7,7,1,5,0.0,0.0
c08_s07_cov100_seed00000012_bw000,c08_s07_cov100_seed00000012,flip,fast_gate,8,7,1.0,0.0,12,X,Y,7,0,7,0.7,2,"C00,W",True,7,ok,e1_ladder,mpdag_criterion,True,"Conjecture 2 (hence Anti-Exchange Case B, verified not proved)","(('C00', 'Y'), ('W', 'Y'), ('X', 'Y'))",0.0006441670000185695,0.022080999999985806,0.022725167000004376,,4,18,4,0,0.9,0.9,0.9,7,7,2,5,0.0,0.0
c08_s07_cov100_seed00000013_bw000,c08_s07_cov100_seed00000013,flip,fast_gate,8,7,1.0,0.0,13,X,Y,7,0,7,0.7,2,"C00,W",True,7,ok,e1_ladder,mpdag_criterion,True,"Conjecture 2 (hence Anti-Exchange Case B, verified not proved)","(('C00', 'Y'), ('W', 'Y'), ('X', 'Y'))",0.0007281670000054419,0.02197770799998011,0.022705874999985554,,4,18,4,0,0.9,0.9,0.9,7,7,2,6,0.0,0.0
c08_s07_cov100_seed00000014_bw000,c08_s07_cov100_seed00000014,flip,fast_gate,8,7,1.0,0.0,14,X,Y,7,0,7,0.7,2,"C00,W",True,7,ok,e1_ladder,mpdag_criterion,True,"Conjecture 2 (hence Anti-Exchange Case B, verified not proved)","(('C00', 'Y'), ('W', 'Y'), ('X', 'Y'))",0.0006338750000054461,0.021995625000016616,0.022629500000022063,,4,18,4,0,0.9,0.9,0.9,7,7,1,6,0.0,0.0
c08_s07_cov100_seed00000015_bw000,c08_s07_cov100_seed00000015,flip,fast_gate,8,7,1.0,0.0,15,X,Y,7,0,7,0.7,2,"C00,W",True,7,ok,e1_ladder,mpdag_criterion,True,"Conjecture 2 (hence Anti-Exchange Case B, verified not proved)","(('C00', 'Y'), ('W', 'Y'), ('X', 'Y'))",0.00067645900000457,0.022167666999990843,0.022844125999995413,,4,18,4,0,0.9,0.9,0.9,7,7,3,5,0.0,0.0
c08_s07_cov100_seed00000016_bw000,c08_s07_cov100_seed00000016,flip,fast_gate,8,7,1.0,0.0,16,X,Y,7,0,7,0.7,2,"C00,W",True,7,ok,e1_ladder,mpdag_criterion,True,"Conjecture 2 (hence Anti-Exchange Case B, verified not proved)","(('C00', 'Y'), ('W', 'Y'), ('X', 'Y'))",0.0007081250000169348,0.02161887500000148,0.022327000000018415,,4,18,4,0,0.9,0.9,0.9,7,7,3,5,0.0,0.0
c08_s07_cov100_seed00000017_bw000,c08_s07_cov100_seed00000017,flip,fast_gate,8,7,1.0,0.0,17,X,Y,7,0,7,0.7,2,"C00,W",True,7,ok,e1_ladder,mpdag_criterion,True,"Conjecture 2 (hence Anti-Exchange Case B, verified not proved)","(('C00', 'Y'), ('W', 'Y'), ('X', 'Y'))",0.0006115410000120391,0.021841166000001522,0.02245270700001356,,4,18,4,0,0.9,0.9,0.9,7,7,1,6,0.0,0.0
c08_s07_cov100_seed00000018_bw000,c08_s07_cov100_seed00000018,flip,fast_gate,8,7,1.0,0.0,18,X,Y,7,0,7,0.7,2,"C00,W",True,7,ok,e1_ladder,mpdag_criterion,True,"Conjecture 2 (hence Anti-Exchange Case B, verified not proved)","(('C00', 'Y'), ('W', 'Y'), ('X', 'Y'))",0.000622583000023269,0.022704916000009234,0.023327499000032503,,4,18,4,0,0.9,0.9,0.9,7,7,3,7,0.0,0.0
c08_s07_cov100_seed00000019_bw000,c08_s07_cov100_seed00000019,flip,fast_gate,8,7,1.0,0.0,19,X,Y,7,0,7,0.7,2,"C00,W",True,7,ok,e1_ladder,mpdag_criterion,True,"Conjecture 2 (hence Anti-Exchange Case B, verified not proved)","(('C00', 'Y'), ('W', 'Y'), ('X', 'Y'))",0.0006123750000028849,0.021515875000005735,0.02212825000000862,,4,18,4,0,0.9,0.9,0.9,7,7,2,6,0.0,0.0
c10_s01_cov100_seed00000000_bw000,c10_s01_cov100_seed00000000,flip,fast_gate,10,1,1.0,0.0,0,X,Y,11,0,11,0.7857142857142857,2,"C00,W",True,1,ok,local_up_fast,mpdag_criterion,True,"Conjecture 2 (hence Anti-Exchange Case B, verified not proved)",C00->C02 C00->C03 C00->C04 C00->Y C03->C05 C04->C07 C04->C08 C05->C06 C06->C09 W->Y X->C02 X->C03 X->Y C00-X,0.0005322920000025988,0.0,0.0005322920000025988,,1,11,4,0,0.22343358395989976,0.3062676384397463,0.7550771622492701,11,11,1,3,0.03545351553585779,0.027990858064837257
c10_s01_cov100_seed00000001_bw000,c10_s01_cov100_seed00000001,flip,fast_gate,10,1,1.0,0.0,1,X,Y,10,0,10,0.7692307692307693,2,"C00,W",True,1,ok,local_up_fast,mpdag_criterion,True,"Conjecture 2 (hence Anti-Exchange Case B, verified not proved)",C00->C02 C00->C03 C00->C08 C00->C09 C00->Y C03->C04 C04->C05 C05->C07 W->Y X->C03 X->C06 X->Y C00-X,0.0004160000000013042,0.0,0.0004160000000013042,,1,10,3,0,0.8711111111111112,0.3294827927687968,0.7136578769438812,10,10,2,2,0.03420355832249679,0.018065145760547976
c10_s01_cov100_seed00000002_bw000,c10_s01_cov100_seed00000002,flip,fast_gate,10,1,1.0,0.0,2,X,Y,12,0,12,0.8,2,"C00,W",True,1,ok,local_up_fast,mpdag_criterion,True,"Conjecture 2 (hence Anti-Exchange Case B, verified not proved)",C00->C02 C00->C03 C00->C05 C00->C06 C00->C07 C00->Y C02->C09 C05->C06 C05->C08 W->Y X->C02 X->C04 X->C07 X->Y C00-X,0.000670916999979454,0.0,0.000670916999979454,,1,12,5,0,0.7039003436426118,0.5715275903822867,0.7197381166980763,12,12,2,3,0.15410486863322354,0.080006477565107
c10_s01_cov100_seed00000003_bw000,c10_s01_cov100_seed00000003,flip,fast_gate,10,1,1.0,0.0,3,X,Y,13,0,13,0.8125,2,"C00,W",True,1,ok,local_up_fast,mpdag_criterion,True,"Conjecture 2 (hence Anti-Exchange Case B, verified not proved)",C00->C02 C00->C03 C00->C04 C00->C06 C00->Y C02->C05 C03->C04 C03->C06 C03->C07 C03->C08 C03->C09 C04->C07 W->Y X->C02 X->Y C00-X,0.0006191250000142645,0.0,0.0006191250000142645,,1,13,5,0,0.7503308400460301,0.76994301994302,0.8167948717948716,13,13,2,3,0.10814982740704131,0.15183348663265733
c10_s01_cov100_seed00000004_bw000,c10_s01_cov100_seed00000004,flip,fast_gate,10,1,1.0,0.0,4,X,Y,10,0,10,0.7692307692307693,2,"C00,W",True,1,ok,local_up_fast,mpdag_criterion,True,"Conjecture 2 (hence Anti-Exchange Case B, verified not proved)",C00->C05 C00->C09 C00->Y C02->C03 C03->C04 C03->C06 C04->C06 C04->C07 C06->C08 W->Y X->C02 X->Y C00-X,0.00040145799999891096,0.0,0.00040145799999891096,,1,10,3,0,0.1363888888888889,0.12333720930232558,0.5140348837209302,10,10,1,2,0.013603321971330854,0.0058140709107936785
c10_s01_cov100_seed00000005_bw000,c10_s01_cov100_seed00000005,flip,fast_gate,10,1,1.0,0.0,5,X,Y,12,0,12,0.8,2,"C00,W",True,1,ok,local_up_fast,mpdag_criterion,True,"Conjecture 2 (hence Anti-Exchange Case B, verified not proved)",C00->C07 C00->Y C02->C03 C02->C04 C02->C06 C02->C09 C05->C08 W->Y X->C02 X->C04 X->C05 X->C06 X->C08 X->Y C00-X,0.0005509169999982078,0.0,0.0005509169999982078,,1,12,5,0,0.11571642910727682,0.12701778385772916,0.12701778385772916,12,12,2,4,0.009606746525595048,0.004203032028279697
c10_s01_cov100_seed00000006_bw000,c10_s01_cov100_seed00000006,flip,fast_gate,10,1,1.0,0.0,6,X,Y,10,0,10,0.7692307692307693,2,"C00,W",True,1,ok,local_up_fast,mpdag_criterion,True,"Conjecture 2 (hence Anti-Exchange Case B, verified not proved)",C00->C02 C00->Y C02->C04 C02->C06 C03->C08 C04->C07 W->Y X->C03 X->C05 X->C08 X->C09 X->Y C00-X,0.0004213340000092103,0.0,0.0004213340000092103,,1,10,3,0,0.14361161524500907,0.43469158807423175,0.4201082547408985,10,10,2,3,0.017490898567224942,0.09997698854845083
c10_s01_cov100_seed00000007_bw000,c10_s01_cov100_seed00000007,flip,fast_gate,10,1,1.0,0.0,7,X,Y,10,0,10,0.7692307692307693,2,"C00,W",True,1,ok,local_up_fast,mpdag_criterion,True,"Conjecture 2 (hence Anti-Exchange Case B, verified not proved)",C00->C07 C00->C08 C00->Y C03->C04 C03->C09 C04->C09 C05->C06 W->Y X->C02 X->C03 X->C05 X->Y C00-X,0.00039962500000001455,0.0,0.00039962500000001455,,1,10,3,0,0.09316888045540797,0.11615063680281072,0.11615063680281072,10,10,2,3,0.00898987570778511,0.004661466236283936
c10_s01_cov100_seed00000008_bw000,c10_s01_cov100_seed00000008,flip,fast_gate,10,1,1.0,0.0,8,X,Y,12,0,12,0.8,2,"C00,W",True,1,ok,local_up_fast,mpdag_criterion,True,"Conjecture 2 (hence Anti-Exchange Case B, verified not proved)",C00->C03 C00->Y C02->C04 C02->C09 C03->C05 C03->C06 C03->C07 C03->C08 C05->C07 C07->C08 W->Y X->C02 X->C09 X->Y C00-X,0.0005434170000171434,0.0,0.0005434170000171434,,1,12,4,0,0.18880067567567566,0.23858507928113953,0.6247601944885128,12,12,2,4,0.02413907527248317,0.021171892817166412
c10_s01_cov100_seed00000009_bw000,c10_s01_cov100_seed00000009,flip,fast_gate,10,1,1.0,0.0,9,X,Y,12,0,12,0.8,2,"C00,W",True,1,ok,local_up_fast,mpdag_criterion,True,"Conjecture 2 (hence Anti-Exchange Case B, verified not proved)",C00->C02 C00->Y C02->C03 C02->C04 C03->C05 C03->C09 C05->C06 C05->C07 C05->C09 C06->C07 C06->C08 W->Y X->C02 X->Y C00-X,0.0006095410000170887,0.0,0.0006095410000170887,,1,12,5,0,0.6199751243781095,0.3867662805140791,0.5673173451964707,12,12,1,3,0.1424037969905651,0.027159931612834712
c10_s01_cov100_seed00000010_bw000,c10_s01_cov100_seed00000010,flip,fast_gate,10,1,1.0,0.0,10,X,Y,11,0,11,0.7857142857142857,2,"C00,W",True,1,ok,local_up_fast,mpdag_criterion,True,"Conjecture 2 (hence Anti-Exchange Case B, verified not proved)",C00->C02 C00->C05 C00->C07 C00->C09 C00->Y C02->C03 C02->C04 C03->C08 C04->C06 W->Y X->C02 X->C05 X->Y C00-X,0.0005429160000005595,0.0,0.0005429160000005595,,1,11,4,0,0.3370114942528736,0.3170875533260854,0.7784527646912969,11,11,1,2,0.020108435691436367,0.016364137362738698
c10_s01_cov100_seed00000011_bw000,c10_s01_cov100_seed00000011,flip,fast_gate,10,1,1.0,0.0,11,X,Y,11,0,11,0.7857142857142857,2,"C00,W",True,1,ok,local_up_fast,mpdag_criterion,True,"Conjecture 2 (hence Anti-Exchange Case B, verified not proved)",C00->C02 C00->C03 C00->C04 C00->C05 C00->C06 C00->C07 C00->Y C02->C04 C03->C06 C05->C09 C07->C08 W->Y X->Y C00-X,0.0004351669999778096,0.0,0.0004351669999778096,,1,11,4,0,0.9658997156474027,0.9646662504206741,0.9305199089572594,11,11,2,3,0.007340436015292754,0.0035672232260567116
c10_s01_cov100_seed00000012_bw000,c10_s01_cov100_seed00000012,flip,fast_gate,10,1,1.0,0.0,12,X,Y,13,0,13,0.8125,2,"C00,W",True,1,ok,local_up_fast,mpdag_criterion,True,"Conjecture 2 (hence Anti-Exchange Case B, verified not proved)",C00->C03 C00->C04 C00->C05 C00->C06 C00->C09 C00->Y C04->C05 C04->C06 C05->C09 C06->C07 C06->C08 W->Y X->C02 X->C03 X->Y C00-X,0.0006038749999959236,0.0,0.0006038749999959236,,1,13,5,0,0.9451851851851852,0.49213144963144967,0.69017199017199,13,13,2,3,0.023411114471202688,0.1537884455386866
c10_s01_cov100_seed00000013_bw000,c10_s01_cov100_seed00000013,flip,fast_gate,10,1,1.0,0.0,13,X,Y,13,0,13,0.8125,2,"C00,W",True,1,ok,local_up_fast,mpdag_criterion,True,"Conjecture 2 (hence Anti-Exchange Case B, verified not proved)",C00->Y C02->C03 C02->C04 C03->C04 C03->C06 C04->C06 C04->C09 C05->C07 C05->C08 C06->C09 C07->C08 W->Y X->C02 X->C05 X->Y C00-X,0.0006085410000196134,0.0,0.0006085410000196134,,1,13,4,0,0.06666666666666667,0.06778242677824267,0.06778242677824267,13,13,1,3,0.006415002990995842,0.003022776369260965
c10_s01_cov100_seed00000014_bw000,c10_s01_cov100_seed00000014,flip,fast_gate,10,1,1.0,0.0,14,X,Y,10,0,10,0.7692307692307693,2,"C00,W",True,1,ok,local_up_fast,mpdag_criterion,True,"Conjecture 2 (hence Anti-Exchange Case B, verified not proved)",C00->C02 C00->C06 C00->Y C02->C03 C04->C05 C04->C09 C05->C07 C05->C09 C06->C08 W->Y X->C04 X->Y C00-X,0.00040637499998297244,0.0,0.00040637499998297244,,1,10,3,0,0.15456168831168832,0.1849143959488787,0.5243083353428182,10,10,1,3,0.018460964651712687,0.009747141705279998
c10_s01_cov100_seed00000015_bw000,c10_s01_cov100_seed00000015,flip,fast_gate,10,1,1.0,0.0,15,X,Y,10,0,10,0.7692307692307693,2,"C00,W",True,1,ok,local_up_fast,mpdag_criterion,True,"Conjecture 2 (hence Anti-Exchange Case B, verified not proved)",C00->C04 C00->C05 C00->C09 C00->Y C02->C03 C03->C08 C04->C05 C04->C06 C04->C07 W->Y X->C02 X->Y C00-X,0.00039595900000222173,0.0,0.00039595900000222173,,1,10,3,0,0.21066788807461695,0.19566437683238727,0.5883473036616556,10,10,2,3,0.019242478547881466,0.00889792357376414
c10_s01_cov100_seed00000016_bw000,c10_s01_cov100_seed00000016,flip,fast_gate,10,1,1.0,0.0,16,X,Y,12,0,12,0.8,2,"C00,W",True,1,ok,local_up_fast,mpdag_criterion,True,"Conjecture 2 (hence Anti-Exchange Case B, verified not proved)",C00->C06 C00->C08 C00->C09 C00->Y C02->C03 C02->C05 C06->C07 C06->C08 C06->C09 W->Y X->C02 X->C03 X->C04 X->Y C00-X,0.0005233339999790587,0.0,0.0005233339999790587,,1,12,5,0,0.2544970986460348,0.15869782105515204,0.5595192887440897,12,12,2,3,0.09386999746344057,0.008292084134828874
c10_s01_cov100_seed00000017_bw000,c10_s01_cov100_seed00000017,flip,fast_gate,10,1,1.0,0.0,17,X,Y,13,0,13,0.8125,2,"C00,W",True,1,ok,local_up_fast,mpdag_criterion,True,"Conjecture 2 (hence Anti-Exchange Case B, verified not proved)",C00->C02 C00->C08 C00->Y C02->C03 C02->C04 C02->C07 C03->C04 C03->C09 C04->C09 C05->C06 W->Y X->C02 X->C05 X->C08 X->Y C00-X,0.0006632919999844944,0.0,0.0006632919999844944,,1,13,5,0,0.12115236875800257,0.16917119073470865,0.3736156351791532,13,13,1,3,0.02371706215213101,0.02520433924274963
c10_s01_cov100_seed00000018_bw000,c10_s01_cov100_seed00000018,flip,fast_gate,10,1,1.0,0.0,18,X,Y,11,0,11,0.7857142857142857,2,"C00,W",True,1,ok,local_up_fast,mpdag_criterion,True,"Conjecture 2 (hence Anti-Exchange Case B, verified not proved)",C00->C03 C00->C04 C00->Y C03->C05 C03->C06 C03->C07 C03->C08 C05->C07 C05->C09 W->Y X->C02 X->C03 X->Y C00-X,0.0005120419999968817,0.0,0.0005120419999968817,,1,11,4,0,0.33083333333333337,0.2972285612802677,0.4845557502203598,11,11,1,4,0.025498360088398182,0.017767654113419205
c10_s01_cov100_seed00000019_bw000,c10_s01_cov100_seed00000019,flip,fast_gate,10,1,1.0,0.0,19,X,Y,10,0,10,0.7692307692307693,2,"C00,W",True,1,ok,local_up_fast,mpdag_criterion,True,"Conjecture 2 (hence Anti-Exchange Case B, verified not proved)",C00->C04 C00->C05 C00->Y C02->C03 C02->C08 C04->C06 C05->C07 C06->C09 W->Y X->C02 X->C03 X->Y C00-X,0.00040279199998849435,0.0,0.00040279199998849435,,1,10,3,0,0.5344334975369458,0.44141947858583663,0.589904327070685,10,10,1,3,0.12494707901282218,0.06408170953661596
c10_s05_cov100_seed00000000_bw000,c10_s05_cov100_seed00000000,flip,fast_gate,10,5,1.0,0.0,0,X,Y,11,0,11,0.7857142857142857,2,"C00,W",True,5,ok,e1_ladder,mpdag_criterion,True,"Conjecture 2 (hence Anti-Exchange Case B, verified not proved)","(('C00', 'C08'), ('C00', 'Y'), ('C03', 'C07'), ('C04', 'C06'), ('C04', 'C07'), ('W', 'Y'), ('X', 'C06'), ('X', 'C09'), ('X', 'Y'))",0.0056035830000098485,0.03731295899999054,0.04291654200000039,,20,114,20,0,0.5166666666666667,0.5028571428571429,1.0,11,11,1,3,0.04461771778946948,0.020369759785098692
c10_s05_cov100_seed00000001_bw000,c10_s05_cov100_seed00000001,flip,fast_gate,10,5,1.0,0.0,1,X,Y,10,0,10,0.7692307692307693,2,"C00,W",True,5,ok,e1_ladder,mpdag_criterion,True,"Conjecture 2 (hence Anti-Exchange Case B, verified not proved)","(('C00', 'Y'), ('C02', 'C06'), ('C03', 'C07'), ('C04', 'C07'), ('C07', 'C08'), ('C07', 'C09'), ('W', 'Y'), ('X', 'Y'))",0.0020136669999715195,0.03573833299998341,0.03775199999995493,,8,44,8,0,0.9,0.9349206349206348,1.0,10,10,1,2,0.0,0.021115780243198393
c10_s05_cov100_seed00000002_bw000,c10_s05_cov100_seed00000002,flip,fast_gate,10,5,1.0,0.0,2,X,Y,10,0,10,0.7692307692307693,2,"C00,W",True,5,ok,e1_ladder,mpdag_criterion,True,"Conjecture 2 (hence Anti-Exchange Case B, verified not proved)","(('C00', 'C09'), ('C00', 'Y'), ('C01', 'C07'), ('C03', 'C08'), ('C04', 'C06'), ('W', 'Y'), ('X', 'C06'), ('X', 'Y'))",0.0038576669999770274,0.03338170799997897,0.037239374999956,,16,77,16,0,0.6,0.525,1.0,10,10,1,2,0.0,0.02096313728906053
c10_s05_cov100_seed00000003_bw000,c10_s05_cov100_seed00000003,flip,fast_gate,10,5,1.0,0.0,3,X,Y,11,0,11,0.7857142857142857,2,"C00,W",True,5,ok,e1_ladder,mpdag_criterion,True,"Conjecture 2 (hence Anti-Exchange Case B, verified not proved)","(('C00', 'Y'), ('C01', 'C07'), ('C03', 'C06'), ('C03', 'C08'), ('C03', 'C09'), ('C04', 'C06'), ('C06', 'C08'), ('W', 'Y'), ('X', 'Y'))",0.0031970419999538535,0.03785120899999583,0.04104825099994969,,12,67,12,0,1.0,1.0,1.0,11,11,1,3,0.0,0.0
c10_s05_cov100_seed00000004_bw000,c10_s05_cov100_seed00000004,flip,fast_gate,10,5,1.0,0.0,4,X,Y,9,0,9,0.75,2,"C00,W",True,5,ok,e1_ladder,mpdag_criterion,True,"Conjecture 2 (hence Anti-Exchange Case B, verified not proved)","(('C00', 'C09'), ('C00', 'Y'), ('C04', 'C06'), ('C06', 'C07'), ('C07', 'C08'), ('W', 'Y'), ('X', 'Y'))",0.0018431250000503496,0.03129683400004524,0.03313995900009559,,7,39,7,0,1.0,0.9555555555555555,1.0,9,9,1,1,0.0,0.016563466499998444
c10_s05_cov100_seed00000005_bw000,c10_s05_cov100_seed00000005,flip,fast_gate,10,5,1.0,0.0,5,X,Y,10,0,10,0.7692307692307693,2,"C00,W",True,5,ok,e1_ladder,mpdag_criterion,True,"Conjecture 2 (hence Anti-Exchange Case B, verified not proved)","(('C00', 'Y'), ('C02', 'C09'), ('C04', 'C06'), ('C04', 'C08'), ('W', 'Y'), ('X', 'C07'), ('X', 'C08'), ('X', 'Y'))",0.002049291999981051,0.032488708000016686,0.03453799999999774,,8,44,8,0,0.5333333333333333,0.5205357142857143,1.0,10,10,1,2,0.03849001794597505,0.017827023387156082
c10_s05_cov100_seed00000006_bw000,c10_s05_cov100_seed00000006,flip,fast_gate,10,5,1.0,0.0,6,X,Y,9,0,9,0.75,2,"C00,W",True,5,ok,e1_ladder,mpdag_criterion,True,"Conjecture 2 (hence Anti-Exchange Case B, verified not proved)","(('C00', 'Y'), ('C02', 'C06'), ('C03', 'C07'), ('C03', 'C09'), ('W', 'Y'), ('X', 'C08'), ('X', 'Y'))",0.0010203339999748096,0.031800458000020626,0.032820791999995436,,5,24,5,0,0.5,0.5,1.0,9,9,0,1,0.0,0.0
c10_s05_cov100_seed00000007_bw000,c10_s05_cov100_seed00000007,flip,fast_gate,10,5,1.0,0.0,7,X,Y,9,0,9,0.75,2,"C00,W",True,5,ok,e1_ladder,mpdag_criterion,True,"Conjecture 2 (hence Anti-Exchange Case B, verified not proved)","(('C00', 'Y'), ('C02', 'C09'), ('C04', 'C07'), ('C06', 'C08'), ('W', 'Y'), ('X', 'C06'), ('X', 'Y'))",0.001041541999995843,0.03153075000000172,0.03257229199999756,,5,24,5,0,0.525,0.5333333333333333,1.0,9,9,0,1,0.02165063509461097,0.012171612389003692
c10_s05_cov100_seed00000008_bw000,c10_s05_cov100_seed00000008,flip,fast_gate,10,5,1.0,0.0,8,X,Y,9,0,9,0.75,2,"C00,W",True,5,ok,e1_ladder,mpdag_criterion,True,"Conjecture 2 (hence Anti-Exchange Case B, verified not proved)","(('C00', 'Y'), ('C02', 'C07'), ('C04', 'C06'), ('C07', 'C09'), ('W', 'Y'), ('X', 'C08'), ('X', 'Y'))",0.001026374999980817,0.030050459000051433,0.03107683400003225,,5,24,5,0,0.5666666666666667,0.58,1.0,9,9,0,1,0.027216552697590872,0.010327955589886445
c10_s05_cov100_seed00000009_bw000,c10_s05_cov100_seed00000009,flip,fast_gate,10,5,1.0,0.0,9,X,Y,10,0,10,0.7692307692307693,2,"C00,W",True,5,ok,e1_ladder,mpdag_criterion,True,"Conjecture 2 (hence Anti-Exchange Case B, verified not proved)","(('C00', 'C07'), ('C00', 'Y'), ('C02', 'C06'), ('C03', 'C06'), ('C04', 'C08'), ('C08', 'C09'), ('W', 'Y'), ('X', 'Y'))",0.002901583000038954,0.034823582999990776,0.03772516600002973,,12,69,12,0,0.9666666666666668,0.9282051282051282,1.0,10,10,1,2,0.027216552697590872,0.019163810671184073
c10_s05_cov100_seed00000010_bw000,c10_s05_cov100_seed00000010,flip,fast_gate,10,5,1.0,0.0,10,X,Y,12,0,12,0.8,2,"C00,W",True,5,ok,e1_ladder,mpdag_criterion,True,"Conjecture 2 (hence Anti-Exchange Case B, verified not proved)","(('C00', 'Y'), ('C03', 'C09'), ('C04', 'C06'), ('C06', 'C07'), ('C06', 'C08'), ('W', 'Y'), ('X', 'C06'), ('X', 'C07'), ('X', 'C08'), ('X', 'Y'))",0.002663541999993413,0.036164665999990575,0.03882820799998399,,7,54,7,0,0.4333333333333333,0.4666666666666666,1.0,12,12,1,2,0.054433105395181744,0.01924500897298753
c10_s05_cov100_seed00000011_bw000,c10_s05_cov100_seed00000011,flip,fast_gate,10,5,1.0,0.0,11,X,Y,10,0,10,0.7692307692307693,2,"C00,W",True,5,ok,e1_ladder,mpdag_criterion,True,"Conjecture 2 (hence Anti-Exchange Case B, verified not proved)","(('C00', 'C06'), ('C00', 'C07'), ('C00', 'C09'), ('C00', 'Y'), ('C04', 'C08'), ('W', 'Y'), ('X', 'C08'), ('X', 'Y'))",0.006698333000031198,0.04014133300000822,0.046839666000039415,,32,143,32,0,0.4333333333333333,0.49000000000000005,1.0,10,10,1,2,0.027216552697590872,0.0280178514522438
c10_s05_cov100_seed00000012_bw000,c10_s05_cov100_seed00000012,flip,fast_gate,10,5,1.0,0.0,12,X,Y,10,0,10,0.7692307692307693,2,"C00,W",True,5,ok,e1_ladder,mpdag_criterion,True,"Conjecture 2 (hence Anti-Exchange Case B, verified not proved)","(('C00', 'C07'), ('C00', 'Y'), ('C01', 'C07'), ('C01', 'C08'), ('C03', 'C06'), ('C04', 'C09'), ('W', 'Y'), ('X', 'Y'))",0.0032068329999788148,0.04370162499998287,0.046908457999961684,,15,68,15,0,0.85,0.6791666666666667,1.0,10,10,0,3,0.1299038105676658,0.08595275537996096
c10_s05_cov100_seed00000013_bw000,c10_s05_cov100_seed00000013,flip,fast_gate,10,5,1.0,0.0,13,X,Y,10,0,10,0.7692307692307693,2,"C00,W",True,5,ok,e1_ladder,mpdag_criterion,True,"Conjecture 2 (hence Anti-Exchange Case B, verified not proved)","(('C00', 'Y'), ('C02', 'C09'), ('C06', 'C07'), ('C06', 'C08'), ('C07', 'C08'), ('W', 'Y'), ('X', 'C06'), ('X', 'Y'))",0.0018647910000026968,0.0314902079999797,0.0333549989999824,,8,44,8,0,0.4666666666666666,0.43636363636363634,0.5,10,10,1,4,0.054433105395181744,0.014504073367590286
c10_s05_cov100_seed00000014_bw000,c10_s05_cov100_seed00000014,flip,fast_gate,10,5,1.0,0.0,14,X,Y,9,0,9,0.75,2,"C00,W",True,5,ok,e1_ladder,mpdag_criterion,True,"Conjecture 2 (hence Anti-Exchange Case B, verified not proved)","(('C00', 'C06'), ('C00', 'Y'), ('C02', 'C08'), ('C07', 'C09'), ('W', 'Y'), ('X', 'C07'), ('X', 'Y'))",0.001597291999985373,0.03088508399997636,0.03248237599996173,,8,39,8,0,0.5,0.5,0.4,9,9,1,2,0.0,0.0
c10_s05_cov100_seed00000015_bw000,c10_s05_cov100_seed00000015,flip,fast_gate,10,5,1.0,0.0,15,X,Y,10,0,10,0.7692307692307693,2,"C00,W",True,5,ok,e1_ladder,mpdag_criterion,True,"Conjecture 2 (hence Anti-Exchange Case B, verified not proved)","(('C00', 'C09'), ('C00', 'Y'), ('C01', 'C08'), ('C01', 'C09'), ('C04', 'C07'), ('W', 'Y'), ('X', 'C06'), ('X', 'Y'))",0.003199624999979278,0.03579758300003277,0.03899720800001205,,15,68,15,0,0.4333333333333333,0.4838095238095238,1.0,10,10,1,3,0.027216552697590872,0.017472764065052625
c10_s05_cov100_seed00000016_bw000,c10_s05_cov100_seed00000016,flip,fast_gate,10,5,1.0,0.0,16,X,Y,10,0,10,0.7692307692307693,2,"C00,W",True,5,ok,e1_ladder,mpdag_criterion,True,"Conjecture 2 (hence Anti-Exchange Case B, verified not proved)","(('C00', 'Y'), ('C02', 'C08'), ('C03', 'C06'), ('C03', 'C07'), ('C04', 'C07'), ('C04', 'C09'), ('W', 'Y'), ('X', 'Y'))",0.0019125829999779853,0.03592466700001751,0.03783724999999549,,8,44,8,0,0.95,0.697953216374269,1.0,10,10,1,3,0.01767766952966369,0.05841568066083176
c10_s05_cov100_seed00000017_bw000,c10_s05_cov100_seed00000017,flip,fast_gate,10,5,1.0,0.0,17,X,Y,11,0,11,0.7857142857142857,2,"C00,W",True,5,ok,e1_ladder,mpdag_criterion,True,"Conjecture 2 (hence Anti-Exchange Case B, verified not proved)","(('C00', 'Y'), ('C03', 'C07'), ('C03', 'C09'), ('C04', 'C06'), ('C04', 'C08'), ('W', 'Y'), ('X', 'C06'), ('X', 'C08'), ('X', 'Y'))",0.003711624999994001,0.03586062499999798,0.03957224999999198,,12,77,12,0,0.45999999999999996,0.4809523809523809,1.0,11,11,1,2,0.02190890230020665,0.00856890867468988
c10_s05_cov100_seed00000018_bw000,c10_s05_cov100_seed00000018,flip,fast_gate,10,5,1.0,0.0,18,X,Y,10,0,10,0.7692307692307693,2,"C00,W",True,5,ok,e1_ladder,mpdag_criterion,True,"Conjecture 2 (hence Anti-Exchange Case B, verified not proved)","(('C00', 'C08'), ('C00', 'Y'), ('C01', 'C07'), ('C02', 'C07'), ('C06', 'C09'), ('W', 'Y'), ('X', 'C06'), ('X', 'Y'))",0.0031783750000045075,0.03516287499996906,0.03834124999997357,,14,69,14,0,0.45999999999999996,0.45714285714285713,1.0,10,10,1,2,0.02190890230020665,0.018704390591656492
c10_s05_cov100_seed00000019_bw000,c10_s05_cov100_seed00000019,flip,fast_gate,10,5,1.0,0.0,19,X,Y,10,0,10,0.7692307692307693,2,"C00,W",True,5,ok,e1_ladder,mpdag_criterion,True,"Conjecture 2 (hence Anti-Exchange Case B, verified not proved)","(('C00', 'C08'), ('C00', 'C09'), ('C00', 'Y'), ('C02', 'C07'), ('C03', 'C06'), ('C03', 'C07'), ('W', 'Y'), ('X', 'Y'))",0.004619542000000365,0.037680041000044184,0.04229958300004455,,20,102,20,0,1.0,0.47368421052631576,1.0,10,10,1,2,0.0,0.010102261788814666
c10_s09_cov100_seed00000000_bw000,c10_s09_cov100_seed00000000,flip,fast_gate,10,9,1.0,0.0,0,X,Y,9,0,9,0.75,2,"C00,W",True,9,ok,e1_ladder,mpdag_criterion,True,"Conjecture 2 (hence Anti-Exchange Case B, verified not proved)","(('C00', 'Y'), ('W', 'Y'), ('X', 'Y'))",0.000981125000009797,0.04022762499999999,0.041208750000009786,,4,24,4,0,0.9,0.9,0.9,9,9,1,3,0.0,0.0
c10_s09_cov100_seed00000001_bw000,c10_s09_cov100_seed00000001,flip,fast_gate,10,9,1.0,0.0,1,X,Y,9,0,9,0.75,2,"C00,W",True,9,ok,e1_ladder,mpdag_criterion,True,"Conjecture 2 (hence Anti-Exchange Case B, verified not proved)","(('C00', 'Y'), ('W', 'Y'), ('X', 'Y'))",0.0008976249999932406,0.03987904199999548,0.04077666699998872,,4,24,4,0,0.9,0.9,0.9,9,9,1,3,0.0,0.0
c10_s09_cov100_seed00000002_bw000,c10_s09_cov100_seed00000002,flip,fast_gate,10,9,1.0,0.0,2,X,Y,9,0,9,0.75,2,"C00,W",True,9,ok,e1_ladder,mpdag_criterion,True,"Conjecture 2 (hence Anti-Exchange Case B, verified not proved)","(('C00', 'Y'), ('W', 'Y'), ('X', 'Y'))",0.0009013750000121945,0.04041162499999018,0.041313000000002376,,4,24,4,0,0.9,0.9,0.9,9,9,1,4,0.0,0.0
c10_s09_cov100_seed00000003_bw000,c10_s09_cov100_seed00000003,flip,fast_gate,10,9,1.0,0.0,3,X,Y,9,0,9,0.75,2,"C00,W",True,9,ok,e1_ladder,mpdag_criterion,True,"Conjecture 2 (hence Anti-Exchange Case B, verified not proved)","(('C00', 'Y'), ('W', 'Y'), ('X', 'Y'))",0.0009384169999862024,0.03929595900001459,0.04023437600000079,,4,24,4,0,0.9,0.9,0.9,9,9,2,5,0.0,0.0
c10_s09_cov100_seed00000004_bw000,c10_s09_cov100_seed00000004,flip,fast_gate,10,9,1.0,0.0,4,X,Y,9,0,9,0.75,2,"C00,W",True,9,ok,e1_ladder,mpdag_criterion,True,"Conjecture 2 (hence Anti-Exchange Case B, verified not proved)","(('C00', 'Y'), ('W', 'Y'), ('X', 'Y'))",0.0009314590000144563,0.039401375000011285,0.04033283400002574,,4,24,4,0,0.9,0.9,0.9,9,9,1,4,0.0,0.0
c10_s09_cov100_seed00000005_bw000,c10_s09_cov100_seed00000005,flip,fast_gate,10,9,1.0,0.0,5,X,Y,9,0,9,0.75,2,"C00,W",True,9,ok,e1_ladder,mpdag_criterion,True,"Conjecture 2 (hence Anti-Exchange Case B, verified not proved)","(('C00', 'Y'), ('W', 'Y'), ('X', 'Y'))",0.0009333750000450891,0.03973016700001608,0.04066354200006117,,4,24,4,0,0.9,0.9,0.9,9,9,1,4,0.0,0.0
c10_s09_cov100_seed00000006_bw000,c10_s09_cov100_seed00000006,flip,fast_gate,10,9,1.0,0.0,6,X,Y,9,0,9,0.75,2,"C00,W",True,9,ok,e1_ladder,mpdag_criterion,True,"Conjecture 2 (hence Anti-Exchange Case B, verified not proved)","(('C00', 'Y'), ('W', 'Y'), ('X', 'Y'))",0.001177291000033165,0.04165970899998683,0.04283700000002,,4,24,4,0,0.9,0.9,0.9,9,9,1,5,0.0,0.0
c10_s09_cov100_seed00000007_bw000,c10_s09_cov100_seed00000007,flip,fast_gate,10,9,1.0,0.0,7,X,Y,9,0,9,0.75,2,"C00,W",True,9,ok,e1_ladder,mpdag_criterion,True,"Conjecture 2 (hence Anti-Exchange Case B, verified not proved)","(('C00', 'Y'), ('W', 'Y'), ('X', 'Y'))",0.0008960829999864472,0.04040812500005586,0.04130420800004231,,4,24,4,0,0.9,0.9,0.9,9,9,1,4,0.0,0.0
c10_s09_cov100_seed00000008_bw000,c10_s09_cov100_seed00000008,flip,fast_gate,10,9,1.0,0.0,8,X,Y,9,0,9,0.75,2,"C00,W",True,9,ok,e1_ladder,mpdag_criterion,True,"Conjecture 2 (hence Anti-Exchange Case B, verified not proved)","(('C00', 'Y'), ('W', 'Y'), ('X', 'Y'))",0.0008869999999774336,0.056378790999985995,0.05726579099996343,,4,24,4,0,0.9,0.9,0.9,9,9,1,5,0.0,0.0
c10_s09_cov100_seed00000009_bw000,c10_s09_cov100_seed00000009,flip,fast_gate,10,9,1.0,0.0,9,X,Y,9,0,9,0.75,2,"C00,W",True,9,ok,e1_ladder,mpdag_criterion,True,"Conjecture 2 (hence Anti-Exchange Case B, verified not proved)","(('C00', 'Y'), ('W', 'Y'), ('X', 'Y'))",0.000943124999992051,0.04027258299998948,0.04121570799998153,,4,24,4,0,0.9,0.9,0.9,9,9,1,4,0.0,0.0
c10_s09_cov100_seed00000010_bw000,c10_s09_cov100_seed00000010,flip,fast_gate,10,9,1.0,0.0,10,X,Y,9,0,9,0.75,2,"C00,W",True,9,ok,e1_ladder,mpdag_criterion,True,"Conjecture 2 (hence Anti-Exchange Case B, verified not proved)","(('C00', 'Y'), ('W', 'Y'), ('X', 'Y'))",0.0009288749999996071,0.039948625000022275,0.04087750000002188,,4,24,4,0,0.9,0.9,0.9,9,9,1,5,0.0,0.0
c10_s09_cov100_seed00000011_bw000,c10_s09_cov100_seed00000011,flip,fast_gate,10,9,1.0,0.0,11,X,Y,9,0,9,0.75,2,"C00,W",True,9,ok,e1_ladder,mpdag_criterion,True,"Conjecture 2 (hence Anti-Exchange Case B, verified not proved)","(('C00', 'Y'), ('W', 'Y'), ('X', 'Y'))",0.0009476669999912701,0.04030475000001843,0.0412524170000097,,4,24,4,0,0.9,0.9,0.9,9,9,1,3,0.0,0.0
c10_s09_cov100_seed00000012_bw000,c10_s09_cov100_seed00000012,flip,fast_gate,10,9,1.0,0.0,12,X,Y,9,0,9,0.75,2,"C00,W",True,9,ok,e1_ladder,mpdag_criterion,True,"Conjecture 2 (hence Anti-Exchange Case B, verified not proved)","(('C00', 'Y'), ('W', 'Y'), ('X', 'Y'))",0.0009582499999964966,0.04006579200000715,0.04102404200000365,,4,24,4,0,0.9,0.9,0.9,9,9,1,4,0.0,0.0
c10_s09_cov100_seed00000013_bw000,c10_s09_cov100_seed00000013,flip,fast_gate,10,9,1.0,0.0,13,X,Y,9,0,9,0.75,2,"C00,W",True,9,ok,e1_ladder,mpdag_criterion,True,"Conjecture 2 (hence Anti-Exchange Case B, verified not proved)","(('C00', 'Y'), ('W', 'Y'), ('X', 'Y'))",0.000938749999988886,0.03926779100004296,0.04020654100003185,,4,24,4,0,0.9,0.9,0.9,9,9,1,3,0.0,0.0
c10_s09_cov100_seed00000014_bw000,c10_s09_cov100_seed00000014,flip,fast_gate,10,9,1.0,0.0,14,X,Y,9,0,9,0.75,2,"C00,W",True,9,ok,e1_ladder,mpdag_criterion,True,"Conjecture 2 (hence Anti-Exchange Case B, verified not proved)","(('C00', 'Y'), ('W', 'Y'), ('X', 'Y'))",0.0009300830000142923,0.0403434159999847,0.04127349899999899,,4,24,4,0,0.9,0.9,0.9,9,9,1,4,0.0,0.0
c10_s09_cov100_seed00000015_bw000,c10_s09_cov100_seed00000015,flip,fast_gate,10,9,1.0,0.0,15,X,Y,9,0,9,0.75,2,"C00,W",True,9,ok,e1_ladder,mpdag_criterion,True,"Conjecture 2 (hence Anti-Exchange Case B, verified not proved)","(('C00', 'Y'), ('W', 'Y'), ('X', 'Y'))",0.0009382499999901484,0.040352417000008245,0.04129066699999839,,4,24,4,0,0.9,0.9,0.9,9,9,1,3,0.0,0.0
c10_s09_cov100_seed00000016_bw000,c10_s09_cov100_seed00000016,flip,fast_gate,10,9,1.0,0.0,16,X,Y,9,0,9,0.75,2,"C00,W",True,9,ok,e1_ladder,mpdag_criterion,True,"Conjecture 2 (hence Anti-Exchange Case B, verified not proved)","(('C00', 'Y'), ('W', 'Y'), ('X', 'Y'))",0.0009529160000170123,0.04009433299995635,0.04104724899997336,,4,24,4,0,0.9,0.9,0.9,9,9,1,3,0.0,0.0
c10_s09_cov100_seed00000017_bw000,c10_s09_cov100_seed00000017,flip,fast_gate,10,9,1.0,0.0,17,X,Y,9,0,9,0.75,2,"C00,W",True,9,ok,e1_ladder,mpdag_criterion,True,"Conjecture 2 (hence Anti-Exchange Case B, verified not proved)","(('C00', 'Y'), ('W', 'Y'), ('X', 'Y'))",0.0009332500000027721,0.04054295800000318,0.041476208000005954,,4,24,4,0,0.9,0.9,0.9,9,9,1,5,0.0,0.0
c10_s09_cov100_seed00000018_bw000,c10_s09_cov100_seed00000018,flip,fast_gate,10,9,1.0,0.0,18,X,Y,9,0,9,0.75,2,"C00,W",True,9,ok,e1_ladder,mpdag_criterion,True,"Conjecture 2 (hence Anti-Exchange Case B, verified not proved)","(('C00', 'Y'), ('W', 'Y'), ('X', 'Y'))",0.0008913329999700181,0.040540500000020074,0.04143183299999009,,4,24,4,0,0.9,0.9,0.9,9,9,2,4,0.0,0.0
c10_s09_cov100_seed00000019_bw000,c10_s09_cov100_seed00000019,flip,fast_gate,10,9,1.0,0.0,19,X,Y,9,0,9,0.75,2,"C00,W",True,9,ok,e1_ladder,mpdag_criterion,True,"Conjecture 2 (hence Anti-Exchange Case B, verified not proved)","(('C00', 'Y'), ('W', 'Y'), ('X', 'Y'))",0.0009264999999913925,0.04002704200001972,0.04095354200001111,,4,24,4,0,0.9,0.9,0.9,9,9,1,3,0.0,0.0
c12_s01_cov100_seed00000000_bw000,c12_s01_cov100_seed00000000,flip,fast_gate,12,1,1.0,0.0,0,X,Y,15,0,15,0.8333333333333334,2,"C00,W",True,1,ok,local_up_fast,mpdag_criterion,True,"Conjecture 2 (hence Anti-Exchange Case B, verified not proved)",C00->C02 C00->C03 C00->C04 C00->C10 C00->Y C03->C05 C04->C07 C04->C08 C04->C10 C04->C11 C05->C06 C06->C09 C08->C11 W->Y X->C02 X->C03 X->Y C00-X,0.0008419999999773609,0.0,0.0008419999999773609,,1,15,6,0,0.9400148920327623,0.919873045007839,0.709728117471607,15,15,2,3,0.021053358855095478,0.011264408575832304
c12_s01_cov100_seed00000001_bw000,c12_s01_cov100_seed00000001,flip,fast_gate,12,1,1.0,0.0,1,X,Y,12,0,12,0.8,2,"C00,W",True,1,ok,local_up_fast,mpdag_criterion,True,"Conjecture 2 (hence Anti-Exchange Case B, verified not proved)",C00->C02 C00->C03 C00->C08 C00->C09 C00->Y C03->C04 C03->C11 C04->C05 C05->C07 C08->C10 W->Y X->C03 X->C06 X->Y C00-X,0.0005306250000103319,0.0,0.0005306250000103319,,1,12,3,0,0.48589743589743595,0.3598297213622291,0.7318885448916409,12,12,1,2,0.24784159884145057,0.15405577301098633
c12_s01_cov100_seed00000002_bw000,c12_s01_cov100_seed00000002,flip,fast_gate,12,1,1.0,0.0,2,X,Y,14,0,14,0.8235294117647058,2,"C00,W",True,1,ok,local_up_fast,mpdag_criterion,True,"Conjecture 2 (hence Anti-Exchange Case B, verified not proved)",C00->C02 C00->C03 C00->C05 C00->C06 C00->C07 C00->Y C02->C09 C05->C06 C05->C08 C10->C11 W->Y X->C02 X->C04 X->C07 X->C10 X->Y C00-X,0.0007133749999752581,0.0,0.0007133749999752581,,1,14,5,0,0.9344497607655502,0.17566102961786415,0.5860506400074744,14,14,2,3,0.012269229242353687,0.015674934808057192
c12_s01_cov100_seed00000003_bw000,c12_s01_cov100_seed00000003,flip,fast_gate,12,1,1.0,0.0,3,X,Y,15,0,15,0.8333333333333334,2,"C00,W",True,1,ok,local_up_fast,mpdag_criterion,True,"Conjecture 2 (hence Anti-Exchange Case B, verified not proved)",C00->C02 C00->C03 C00->C04 C00->C06 C00->Y C02->C05 C03->C04 C03->C06 C03->C07 C03->C08 C03->C09 C04->C07 C06->C10 C06->C11 W->Y X->C02 X->Y C00-X,0.0007571250000069085,0.0,0.0007571250000069085,,1,15,5,0,0.982258064516129,0.9526040492662655,0.8147561828469705,15,15,1,3,0.004851699525429469,0.008552075823237882
c12_s01_cov100_seed00000004_bw000,c12_s01_cov100_seed00000004,flip,fast_gate,12,1,1.0,0.0,4,X,Y,12,0,12,0.8,2,"C00,W",True,1,ok,local_up_fast,mpdag_criterion,True,"Conjecture 2 (hence Anti-Exchange Case B, verified not proved)",C00->C05 C00->C09 C00->Y C02->C03 C03->C04 C03->C06 C04->C06 C04->C07 C04->C10 C06->C08 C10->C11 W->Y X->C02 X->Y C00-X,0.0005435840000131975,0.0,0.0005435840000131975,,1,12,3,0,0.11944444444444444,0.11801617551361905,0.453500046481361,12,12,1,2,0.015051637228711905,0.0066721795081558545
c12_s01_cov100_seed00000005_bw000,c12_s01_cov100_seed00000005,flip,fast_gate,12,1,1.0,0.0,5,X,Y,14,0,14,0.8235294117647058,2,"C00,W",True,1,ok,local_up_fast,mpdag_criterion,True,"Conjecture 2 (hence Anti-Exchange Case B, verified not proved)",C00->C07 C00->Y C02->C03 C02->C04 C02->C06 C02->C09 C04->C10 C05->C08 C08->C11 W->Y X->C02 X->C04 X->C05 X->C06 X->C08 X->Y C00-X,0.0006916250000017499,0.0,0.0006916250000017499,,1,14,5,0,0.09843505477308294,0.0956941206941207,0.18660321160321153,14,14,1,3,0.01119508092958724,0.005162978408525982
c12_s01_cov100_seed00000006_bw000,c12_s01_cov100_seed00000006,flip,fast_gate,12,1,1.0,0.0,6,X,Y,12,0,12,0.8,2,"C00,W",True,1,ok,local_up_fast,mpdag_criterion,True,"Conjecture 2 (hence Anti-Exchange Case B, verified not proved)",C00->C02 C00->C11 C00->Y C02->C04 C02->C06 C03->C08 C04->C07 C08->C10 W->Y X->C03 X->C05 X->C08 X->C09 X->Y C00-X,0.0005097079999814014,0.0,0.0005097079999814014,,1,12,3,0,0.5251282051282051,0.16286079182630905,0.5080459770114942,12,12,2,2,0.28303526644683463,0.02244820920404386
c12_s01_cov100_seed00000007_bw000,c12_s01_cov100_seed00000007,flip,fast_gate,12,1,1.0,0.0,7,X,Y,12,0,12,0.8,2,"C00,W",True,1,ok,local_up_fast,mpdag_criterion,True,"Conjecture 2 (hence Anti-Exchange Case B, verified not proved)",C00->C07 C00->C08 C00->Y C02->C11 C03->C04 C03->C09 C04->C09 C05->C06 C07->C10 W->Y X->C02 X->C03 X->C05 X->Y C00-X,0.0005380000000059226,0.0,0.0005380000000059226,,1,12,3,0,0.13161764705882353,0.119533527696793,0.14620019436345974,12,12,1,3,0.013336952795398215,0.005434511479679075
c12_s01_cov100_seed00000008_bw000,c12_s01_cov100_seed00000008,flip,fast_gate,12,1,1.0,0.0,8,X,Y,15,0,15,0.8333333333333334,2,"C00,W",True,1,ok,local_up_fast,mpdag_criterion,True,"Conjecture 2 (hence Anti-Exchange Case B, verified not proved)",C00->C03 C00->Y C02->C04 C02->C09 C03->C05 C03->C06 C03->C07 C03->C08 C03->C11 C05->C07 C07->C08 C08->C11 W->Y X->C02 X->C09 X->C10 X->Y C00-X,0.0007399579999969319,0.0,0.0007399579999969319,,1,15,4,0,0.7763095238095237,0.5128205128205128,0.40615384615384614,15,15,1,3,0.14444450408309983,0.24793805843526256
c12_s01_cov100_seed00000009_bw000,c12_s01_cov100_seed00000009,flip,fast_gate,12,1,1.0,0.0,9,X,Y,14,0,14,0.8235294117647058,2,"C00,W",True,1,ok,local_up_fast,mpdag_criterion,True,"Conjecture 2 (hence Anti-Exchange Case B, verified not proved)",C00->C02 C00->C10 C00->Y C02->C03 C02->C04 C03->C05 C03->C09 C03->C11 C05->C06 C05->C07 C05->C09 C06->C07 C06->C08 W->Y X->C02 X->Y C00-X,0.0007301669999719707,0.0,0.0007301669999719707,,1,14,5,0,0.27285714285714285,0.3076640237399731,0.5877555988315482,14,14,1,3,0.07756226563123739,0.03244426533730725
c12_s01_cov100_seed00000010_bw000,c12_s01_cov100_seed00000010,flip,fast_gate,12,1,1.0,0.0,10,X,Y,13,0,13,0.8125,2,"C00,W",True,1,ok,local_up_fast,mpdag_criterion,True,"Conjecture 2 (hence Anti-Exchange Case B, verified not proved)",C00->C02 C00->C05 C00->C07 C00->C09 C00->Y C02->C03 C02->C04 C03->C08 C03->C10 C04->C06 C10->C11 W->Y X->C02 X->C05 X->Y C00-X,0.0006185419999837904,0.0,0.0006185419999837904,,1,13,4,0,0.20919540229885056,0.22811503013115914,0.7594925811515671,13,13,1,2,0.05462609910165997,0.01803874898899659
c12_s01_cov100_seed00000011_bw000,c12_s01_cov100_seed00000011,flip,fast_gate,12,1,1.0,0.0,11,X,Y,14,0,14,0.8235294117647058,2,"C00,W",True,1,ok,local_up_fast,mpdag_criterion,True,"Conjecture 2 (hence Anti-Exchange Case B, verified not proved)",C00->C02 C00->C03 C00->C04 C00->C05 C00->C06 C00->C07 C00->Y C02->C04 C02->C10 C03->C06 C04->C10 C05->C09 C07->C08 C09->C11 W->Y X->Y C00-X,0.0005984159999457006,0.0,0.0005984159999457006,,1,14,4,0,0.9716666666666667,0.9730386300278774,0.8956192751891676,14,14,2,3,0.008882314036640603,0.005580154356274968
c12_s01_cov100_seed00000012_bw000,c12_s01_cov100_seed00000012,flip,fast_gate,12,1,1.0,0.0,12,X,Y,15,0,15,0.8333333333333334,2,"C00,W",True,1,ok,local_up_fast,mpdag_criterion,True,"Conjecture 2 (hence Anti-Exchange Case B, verified not proved)",C00->C03 C00->C04 C00->C05 C00->C06 C00->C09 C00->Y C02->C10 C03->C11 C04->C05 C04->C06 C05->C09 C06->C07 C06->C08 W->Y X->C02 X->C03 X->Y C00-X,0.000746750000018892,0.0,0.000746750000018892,,1,15,5,0,0.2426923076923077,0.3107194777224392,0.6848499125050477,15,15,1,3,0.01637134327862172,0.12636219025839834
c12_s01_cov100_seed00000013_bw000,c12_s01_cov100_seed00000013,flip,fast_gate,12,1,1.0,0.0,13,X,Y,15,0,15,0.8333333333333334,2,"C00,W",True,1,ok,local_up_fast,mpdag_criterion,True,"Conjecture 2 (hence Anti-Exchange Case B, verified not proved)",C00->Y C02->C03 C02->C04 C03->C04 C03->C06 C04->C06 C04->C09 C04->C11 C05->C07 C05->C08 C06->C09 C06->C10 C07->C08 W->Y X->C02 X->C05 X->Y C00-X,0.0007564999999658539,0.0,0.0007564999999658539,,1,15,4,0,0.0675,0.07135922330097087,0.27135922330097095,15,15,1,2,0.007405656621799313,0.0031498062661793093
c12_s01_cov100_seed00000014_bw000,c12_s01_cov100_seed00000014,flip,fast_gate,12,1,1.0,0.0,14,X,Y,12,0,12,0.8,2,"C00,W",True,1,ok,local_up_fast,mpdag_criterion,True,"Conjecture 2 (hence Anti-Exchange Case B, verified not proved)",C00->C02 C00->C06 C00->Y C02->C03 C04->C05 C04->C09 C05->C07 C05->C09 C06->C08 C06->C10 C08->C11 W->Y X->C04 X->Y C00-X,0.0005090419999760343,0.0,0.0005090419999760343,,1,12,3,0,0.4220512820512822,0.1608252483252483,0.7295218295218295,12,12,1,2,0.21796258763928159,0.012618614661586558
c12_s01_cov100_seed00000015_bw000,c12_s01_cov100_seed00000015,flip,fast_gate,12,1,1.0,0.0,15,X,Y,12,0,12,0.8,2,"C00,W",True,1,ok,local_up_fast,mpdag_criterion,True,"Conjecture 2 (hence Anti-Exchange Case B, verified not proved)",C00->C04 C00->C05 C00->C09 C00->Y C02->C03 C03->C08 C04->C05 C04->C06 C04->C07 C08->C10 C09->C11 W->Y X->C02 X->Y C00-X,0.0005085419999772967,0.0,0.0005085419999772967,,1,12,3,0,0.1636592741935484,0.15428851451578723,0.7757761178215723,12,12,2,2,0.008018140956616982,0.004480057043312293
c12_s01_cov100_seed00000016_bw000,c12_s01_cov100_seed00000016,flip,fast_gate,12,1,1.0,0.0,16,X,Y,14,0,14,0.8235294117647058,2,"C00,W",True,1,ok,local_up_fast,mpdag_criterion,True,"Conjecture 2 (hence Anti-Exchange Case B, verified not proved)",C00->C06 C00->C08 C00->C09 C00->Y C02->C03 C02->C05 C04->C11 C06->C07 C06->C08 C06->C09 C06->C10 W->Y X->C02 X->C03 X->C04 X->Y C00-X,0.0006948750000219661,0.0,0.0006948750000219661,,1,14,5,0,0.11957005189028909,0.15741526406083367,0.4683857281958548,14,14,1,3,0.012364695864687808,0.013542551668424642
c12_s01_cov100_seed00000017_bw000,c12_s01_cov100_seed00000017,flip,fast_gate,12,1,1.0,0.0,17,X,Y,16,0,16,0.8421052631578947,2,"C00,W",True,1,ok,local_up_fast,mpdag_criterion,True,"Conjecture 2 (hence Anti-Exchange Case B, verified not proved)",C00->C02 C00->C08 C00->Y C02->C03 C02->C04 C02->C07 C03->C04 C03->C09 C04->C09 C05->C06 C07->C10 C07->C11 C10->C11 W->Y X->C02 X->C05 X->C08 X->Y C00-X,0.000896832999956132,0.0,0.000896832999956132,,1,16,6,0,0.36111111111111116,0.1637377450980392,0.4787377450980392,16,16,1,3,0.21947569710256234,0.02412193794446024
c12_s01_cov100_seed00000018_bw000,c12_s01_cov100_seed00000018,flip,fast_gate,12,1,1.0,0.0,18,X,Y,14,0,14,0.8235294117647058,2,"C00,W",True,1,ok,local_up_fast,mpdag_criterion,True,"Conjecture 2 (hence Anti-Exchange Case B, verified not proved)",C00->C03 C00->C04 C00->Y C03->C05 C03->C06 C03->C07 C03->C08 C03->C11 C05->C07 C05->C09 C07->C10 C08->C11 W->Y X->C02 X->C03 X->Y C00-X,0.0007506659999307885,0.0,0.0007506659999307885,,1,14,5,0,0.22577777777777777,0.23692090395480223,0.5319209039548023,14,14,1,3,0.017163664686177416,0.024874148174093853
c12_s01_cov100_seed00000019_bw000,c12_s01_cov100_seed00000019,flip,fast_gate,12,1,1.0,0.0,19,X,Y,12,0,12,0.8,2,"C00,W",True,1,ok,local_up_fast,mpdag_criterion,True,"Conjecture 2 (hence Anti-Exchange Case B, verified not proved)",C00->C04 C00->C05 C00->Y C02->C03 C02->C08 C04->C06 C04->C10 C05->C07 C06->C09 C10->C11 W->Y X->C02 X->C03 X->Y C00-X,0.0005218339999828459,0.0,0.0005218339999828459,,1,12,3,0,0.14741488020176546,0.5431874999999999,0.6886420454545454,12,12,1,3,0.013063292508292917,0.20006714899974637
c12_s06_cov100_seed00000000_bw000,c12_s06_cov100_seed00000000,flip,fast_gate,12,6,1.0,0.0,0,X,Y,13,0,13,0.8125,2,"C00,W",True,6,ok,e1_ladder,mpdag_criterion,True,"Conjecture 2 (hence Anti-Exchange Case B, verified not proved)","(('C00', 'Y'), ('C01', 'C08'), ('C01', 'C09'), ('C02', 'C08'), ('C05', 'C07'), ('C08', 'C10'), ('C10', 'C11'), ('W', 'Y'), ('X', 'C07'), ('X', 'Y'))",0.005569708000052742,0.057544749999919986,0.06311445799997273,,18,104,18,0,0.5,0.55,1.0,13,13,1,2,0.0,0.03535533905932738
c12_s06_cov100_seed00000001_bw000,c12_s06_cov100_seed00000001,flip,fast_gate,12,6,1.0,0.0,1,X,Y,12,0,12,0.8,2,"C00,W",True,6,ok,e1_ladder,mpdag_criterion,True,"Conjecture 2 (hence Anti-Exchange Case B, verified not proved)","(('C00', 'Y'), ('C03', 'C07'), ('C04', 'C08'), ('C04', 'C11'), ('C05', 'C08'), ('C08', 'C09'), ('C08', 'C10'), ('W', 'Y'), ('X', 'Y'))",0.0026482079999823327,0.057575000000042564,0.0602232080000249,,7,54,7,0,1.0,0.9800000000000001,1.0,12,12,0,1,0.0,0.01788854381999832
c12_s06_cov100_seed00000002_bw000,c12_s06_cov100_seed00000002,flip,fast_gate,12,6,1.0,0.0,2,X,Y,15,0,15,0.8333333333333334,2,"C00,W",True,6,ok,e1_ladder,mpdag_criterion,True,"Conjecture 2 (hence Anti-Exchange Case B, verified not proved)","(('C00', 'Y'), ('C03', 'C08'), ('C03', 'C09'), ('C03', 'C11'), ('C04', 'C07'), ('C04', 'C08'), ('C05', 'C07'), ('C05', 'C10'), ('C09', 'C11'), ('W', 'Y'), ('X', 'C10'), ('X', 'Y'))",0.013014582999971935,0.06542929200008984,0.07844387500006178,,32,228,32,0,0.55,0.78,1.0,15,15,1,3,0.03535533905932738,0.1425482374496437
c12_s06_cov100_seed00000003_bw000,c12_s06_cov100_seed00000003,flip,fast_gate,12,6,1.0,0.0,3,X,Y,13,0,13,0.8125,2,"C00,W",True,6,ok,e1_ladder,mpdag_criterion,True,"Conjecture 2 (hence Anti-Exchange Case B, verified not proved)","(('C00', 'Y'), ('C01', 'C08'), ('C02', 'C11'), ('C04', 'C07'), ('C04', 'C09'), ('C04', 'C10'), ('C05', 'C07'), ('C07', 'C09'), ('W', 'Y'), ('X', 'Y'))",0.0042643750000479486,0.06018841599995994,0.06445279100000789,,13,81,13,0,1.0,0.9666666666666668,1.0,13,13,1,2,0.0,0.027216552697590872
c12_s06_cov100_seed00000004_bw000,c12_s06_cov100_seed00000004,flip,fast_gate,12,6,1.0,0.0,4,X,Y,12,0,12,0.8,2,"C00,W",True,6,ok,e1_ladder,mpdag_criterion,True,"Conjecture 2 (hence Anti-Exchange Case B, verified not proved)","(('C00', 'C10'), ('C00', 'Y'), ('C05', 'C07'), ('C05', 'C11'), ('C07', 'C08'), ('C08', 'C09'), ('W', 'Y'), ('X', 'C11'), ('X', 'Y'))",0.004213334000041868,0.052738541000053374,0.05695187500009524,,12,85,12,0,1.0,0.96,1.0,12,12,1,2,0.0,0.025298221281347035
c12_s06_cov100_seed00000005_bw000,c12_s06_cov100_seed00000005,flip,fast_gate,12,6,1.0,0.0,5,X,Y,13,0,13,0.8125,2,"C00,W",True,6,ok,e1_ladder,mpdag_criterion,True,"Conjecture 2 (hence Anti-Exchange Case B, verified not proved)","(('C00', 'Y'), ('C02', 'C10'), ('C03', 'C11'), ('C04', 'C07'), ('C04', 'C09'), ('C04', 'C11'), ('C05', 'C09'), ('W', 'Y'), ('X', 'C08'), ('X', 'Y'))",0.004783583000062208,0.06035258300005353,0.06513616600011574,,13,93,13,0,0.4,0.4,1.0,13,13,1,2,0.0,0.0
c12_s06_cov100_seed00000006_bw000,c12_s06_cov100_seed00000006,flip,fast_gate,12,6,1.0,0.0,6,X,Y,11,0,11,0.7857142857142857,2,"C00,W",True,6,ok,e1_ladder,mpdag_criterion,True,"Conjecture 2 (hence Anti-Exchange Case B, verified not proved)","(('C00', 'Y'), ('C03', 'C07'), ('C03', 'C10'), ('C04', 'C08'), ('C04', 'C11'), ('C05', 'C09'), ('W', 'Y'), ('X', 'Y'))",0.0013866250000091895,0.053320207999945524,0.05470683299995471,,4,30,4,0,0.5,0.75,1.0,11,11,0,1,0.0,0.1767766952966369
c12_s06_cov100_seed00000007_bw000,c12_s06_cov100_seed00000007,flip,fast_gate,12,6,1.0,0.0,7,X,Y,11,0,11,0.7857142857142857,2,"C00,W",True,6,ok,e1_ladder,mpdag_criterion,True,"Conjecture 2 (hence Anti-Exchange Case B, verified not proved)","(('C00', 'Y'), ('C02', 'C10'), ('C05', 'C08'), ('C07', 'C09'), ('C10', 'C11'), ('W', 'Y'), ('X', 'C07'), ('X', 'Y'))",0.0013729999999441134,0.05096195800001624,0.05233495799996035,,5,30,5,0,0.5,0.5,1.0,11,11,0,1,0.0,0.0
c12_s06_cov100_seed00000008_bw000,c12_s06_cov100_seed00000008,flip,fast_gate,12,6,1.0,0.0,8,X,Y,11,0,11,0.7857142857142857,2,"C00,W",True,6,ok,e1_ladder,mpdag_criterion,True,"Conjecture 2 (hence Anti-Exchange Case B, verified not proved)","(('C00', 'Y'), ('C02', 'C08'), ('C05', 'C07'), ('C05', 'C09'), ('C07', 'C10'), ('W', 'Y'), ('X', 'C11'), ('X', 'Y'))",0.0014547499999935098,0.05050458300001992,0.05195933300001343,,5,30,5,0,0.6666666666666665,0.7142857142857144,1.0,11,11,0,1,0.13608276348795434,0.09352195295828244
c12_s06_cov100_seed00000009_bw000,c12_s06_cov100_seed00000009,flip,fast_gate,12,6,1.0,0.0,9,X,Y,12,0,12,0.8,2,"C00,W",True,6,ok,e1_ladder,mpdag_criterion,True,"Conjecture 2 (hence Anti-Exchange Case B, verified not proved)","(('C00', 'C08'), ('C00', 'Y'), ('C02', 'C07'), ('C03', 'C07'), ('C05', 'C09'), ('C09', 'C10'), ('C10', 'C11'), ('W', 'Y'), ('X', 'Y'))",0.00403866699991795,0.06305358299994168,0.06709224999985963,,12,85,12,0,1.0,0.9266666666666665,1.0,12,12,1,2,0.0,0.02916111058190978
c12_s06_cov100_seed00000010_bw000,c12_s06_cov100_seed00000010,flip,fast_gate,12,6,1.0,0.0,10,X,Y,14,0,14,0.8235294117647058,2,"C00,W",True,6,ok,e1_ladder,mpdag_criterion,True,"Conjecture 2 (hence Anti-Exchange Case B, verified not proved)","(('C00', 'Y'), ('C04', 'C10'), ('C05', 'C07'), ('C07', 'C08'), ('C07', 'C09'), ('C07', 'C11'), ('W', 'Y'), ('X', 'C07'), ('X', 'C08'), ('X', 'C09'), ('X', 'Y'))",0.0033849580000833157,0.058248959000025025,0.06163391700010834,,7,64,7,0,0.5,0.6,1.0,14,14,0,1,0.0,0.0
c12_s06_cov100_seed00000011_bw000,c12_s06_cov100_seed00000011,flip,fast_gate,12,6,1.0,0.0,11,X,Y,13,0,13,0.8125,2,"C00,W",True,6,ok,e1_ladder,mpdag_criterion,True,"Conjecture 2 (hence Anti-Exchange Case B, verified not proved)","(('C00', 'C07'), ('C00', 'C10'), ('C00', 'Y'), ('C01', 'C08'), ('C05', 'C09'), ('C05', 'C11'), ('W', 'Y'), ('X', 'C09'), ('X', 'C11'), ('X', 'Y'))",0.01165995799999564,0.06008516699989741,0.07174512499989305,,38,205,38,0,1.0,0.5,1.0,13,13,1,2,0.0,0.0
c12_s06_cov100_seed00000012_bw000,c12_s06_cov100_seed00000012,flip,fast_gate,12,6,1.0,0.0,12,X,Y,13,0,13,0.8125,2,"C00,W",True,6,ok,e1_ladder,mpdag_criterion,True,"Conjecture 2 (hence Anti-Exchange Case B, verified not proved)","(('C00', 'Y'), ('C01', 'C08'), ('C01', 'C09'), ('C01', 'C11'), ('C02', 'C08'), ('C02', 'C11'), ('C04', 'C07'), ('C04', 'C10'), ('W', 'Y'), ('X', 'Y'))",0.005675915999972858,0.08490679200008344,0.0905827080000563,,20,104,20,0,1.0,0.5,1.0,13,13,1,3,0.0,0.0
c12_s06_cov100_seed00000013_bw000,c12_s06_cov100_seed00000013,flip,fast_gate,12,6,1.0,0.0,13,X,Y,13,0,13,0.8125,2,"C00,W",True,6,ok,e1_ladder,mpdag_criterion,True,"Conjecture 2 (hence Anti-Exchange Case B, verified not proved)","(('C00', 'Y'), ('C02', 'C10'), ('C08', 'C09'), ('C08', 'C11'), ('W', 'Y'), ('X', 'C07'), ('X', 'C08'), ('X', 'C09'), ('X', 'C11'), ('X', 'Y'))",0.00458270799992988,0.054146875000014916,0.058729582999944796,,13,93,13,0,0.5,0.5,1.0,13,13,1,2,0.0,0.0
c12_s06_cov100_seed00000014_bw000,c12_s06_cov100_seed00000014,flip,fast_gate,12,6,1.0,0.0,14,X,Y,11,0,11,0.7857142857142857,2,"C00,W",True,6,ok,e1_ladder,mpdag_criterion,True,"Conjecture 2 (hence Anti-Exchange Case B, verified not proved)","(('C00', 'C11'), ('C00', 'Y'), ('C01', 'C07'), ('C03', 'C09'), ('C08', 'C10'), ('W', 'Y'), ('X', 'C08'), ('X', 'Y'))",0.0029133339999134478,0.05169083300006605,0.0546041669999795,,10,58,10,0,0.5,0.5,1.0,11,11,1,2,0.0,0.0
c12_s06_cov100_seed00000015_bw000,c12_s06_cov100_seed00000015,flip,fast_gate,12,6,1.0,0.0,15,X,Y,12,0,12,0.8,2,"C00,W",True,6,ok,e1_ladder,mpdag_criterion,True,"Conjecture 2 (hence Anti-Exchange Case B, verified not proved)","(('C00', 'C10'), ('C00', 'Y'), ('C01', 'C09'), ('C01', 'C10'), ('C05', 'C08'), ('C10', 'C11'), ('W', 'Y'), ('X', 'C07'), ('X', 'Y'))",0.004628249999996115,0.07155675000001338,0.0761850000000095,,16,84,16,0,0.4,0.425,1.0,12,12,1,2,0.0,0.02165063509461097
c12_s06_cov100_seed00000016_bw000,c12_s06_cov100_seed00000016,flip,fast_gate,12,6,1.0,0.0,16,X,Y,12,0,12,0.8,2,"C00,W",True,6,ok,e1_ladder,mpdag_criterion,True,"Conjecture 2 (hence Anti-Exchange Case B, verified not proved)","(('C00', 'C11'), ('C00', 'Y'), ('C03', 'C07'), ('C03', 'C09'), ('C04', 'C08'), ('C04', 'C10'), ('C05', 'C08'), ('W', 'Y'), ('X', 'Y'))",0.004123541000012665,0.05877933400006441,0.06290287500007707,,12,85,12,0,0.5,0.475,1.0,12,12,1,2,0.0,0.02165063509461097
c12_s06_cov100_seed00000017_bw000,c12_s06_cov100_seed00000017,flip,fast_gate,12,6,1.0,0.0,17,X,Y,13,0,13,0.8125,2,"C00,W",True,6,ok,e1_ladder,mpdag_criterion,True,"Conjecture 2 (hence Anti-Exchange Case B, verified not proved)","(('C00', 'Y'), ('C03', 'C08'), ('C03', 'C10'), ('C05', 'C07'), ('C05', 'C09'), ('C07', 'C11'), ('W', 'Y'), ('X', 'C07'), ('X', 'C09'), ('X', 'Y'))",0.004843166000000565,0.05540829200003827,0.06025145800003884,,12,93,12,0,0.4,0.55,1.0,13,13,1,2,0.0,0.03535533905932738
c12_s06_cov100_seed00000018_bw000,c12_s06_cov100_seed00000018,flip,fast_gate,12,6,1.0,0.0,18,X,Y,12,0,12,0.8,2,"C00,W",True,6,ok,e1_ladder,mpdag_criterion,True,"Conjecture 2 (hence Anti-Exchange Case B, verified not proved)","(('C00', 'C09'), ('C00', 'Y'), ('C02', 'C08'), ('C03', 'C08'), ('W', 'Y'), ('X', 'C07'), ('X', 'C10'), ('X', 'C11'), ('X', 'Y'))",0.004220084000053248,0.06720916699998725,0.0714292510000405,,12,85,12,0,0.4,0.425,1.0,12,12,1,2,0.0,0.02165063509461097
c12_s06_cov100_seed00000019_bw000,c12_s06_cov100_seed00000019,flip,fast_gate,12,6,1.0,0.0,19,X,Y,12,0,12,0.8,2,"C00,W",True,6,ok,e1_ladder,mpdag_criterion,True,"Conjecture 2 (hence Anti-Exchange Case B, verified not proved)","(('C00', 'C09'), ('C00', 'C10'), ('C00', 'Y'), ('C03', 'C08'), ('C04', 'C07'), ('C04', 'C08'), ('C07', 'C11'), ('W', 'Y'), ('X', 'Y'))",0.006425291000027755,0.059062874999995074,0.06548816600002283,,20,126,20,0,1.0,0.8285714285714286,1.0,12,12,1,2,0.0,0.1024481665143766
c12_s11_cov100_seed00000000_bw000,c12_s11_cov100_seed00000000,flip,fast_gate,12,11,1.0,0.0,0,X,Y,11,0,11,0.7857142857142857,2,"C00,W",True,11,ok,e1_ladder,mpdag_criterion,True,"Conjecture 2 (hence Anti-Exchange Case B, verified not proved)","(('C00', 'Y'), ('W', 'Y'), ('X', 'Y'))",0.0013940000000047803,0.08447383299994726,0.08586783299995204,,4,30,4,0,0.9,0.9,0.9,11,11,1,3,0.0,0.0
c12_s11_cov100_seed00000001_bw000,c12_s11_cov100_seed00000001,flip,fast_gate,12,11,1.0,0.0,1,X,Y,11,0,11,0.7857142857142857,2,"C00,W",True,11,ok,e1_ladder,mpdag_criterion,True,"Conjecture 2 (hence Anti-Exchange Case B, verified not proved)","(('C00', 'Y'), ('W', 'Y'), ('X', 'Y'))",0.0012767499999881693,0.06830041699993217,0.06957716699992034,,4,30,4,0,0.9,0.9,0.9,11,11,1,3,0.0,0.0
c12_s11_cov100_seed00000002_bw000,c12_s11_cov100_seed00000002,flip,fast_gate,12,11,1.0,0.0,2,X,Y,11,0,11,0.7857142857142857,2,"C00,W",True,11,ok,e1_ladder,mpdag_criterion,True,"Conjecture 2 (hence Anti-Exchange Case B, verified not proved)","(('C00', 'Y'), ('W', 'Y'), ('X', 'Y'))",0.001272040999992896,0.06781545800004096,0.06908749900003386,,4,30,4,0,0.9,0.9,0.9,11,11,1,3,0.0,0.0
c12_s11_cov100_seed00000003_bw000,c12_s11_cov100_seed00000003,flip,fast_gate,12,11,1.0,0.0,3,X,Y,11,0,11,0.7857142857142857,2,"C00,W",True,11,ok,e1_ladder,mpdag_criterion,True,"Conjecture 2 (hence Anti-Exchange Case B, verified not proved)","(('C00', 'Y'), ('W', 'Y'), ('X', 'Y'))",0.0013815410000006523,0.06838529100002688,0.06976683200002753,,4,30,4,0,0.9,0.9,0.9,11,11,1,3,0.0,0.0
c12_s11_cov100_seed00000004_bw000,c12_s11_cov100_seed00000004,flip,fast_gate,12,11,1.0,0.0,4,X,Y,11,0,11,0.7857142857142857,2,"C00,W",True,11,ok,e1_ladder,mpdag_criterion,True,"Conjecture 2 (hence Anti-Exchange Case B, verified not proved)","(('C00', 'Y'), ('W', 'Y'), ('X', 'Y'))",0.0013019169999779479,0.06753116699997008,0.06883308399994803,,4,30,4,0,0.9,0.9,0.9,11,11,1,3,0.0,0.0
c12_s11_cov100_seed00000005_bw000,c12_s11_cov100_seed00000005,flip,fast_gate,12,11,1.0,0.0,5,X,Y,11,0,11,0.7857142857142857,2,"C00,W",True,11,ok,e1_ladder,mpdag_criterion,True,"Conjecture 2 (hence Anti-Exchange Case B, verified not proved)","(('C00', 'Y'), ('W', 'Y'), ('X', 'Y'))",0.0012552919999961887,0.068746874999988,0.07000216699998418,,4,30,4,0,0.9,0.9,0.9,11,11,1,3,0.0,0.0
c12_s11_cov100_seed00000006_bw000,c12_s11_cov100_seed00000006,flip,fast_gate,12,11,1.0,0.0,6,X,Y,11,0,11,0.7857142857142857,2,"C00,W",True,11,ok,e1_ladder,mpdag_criterion,True,"Conjecture 2 (hence Anti-Exchange Case B, verified not proved)","(('C00', 'Y'), ('W', 'Y'), ('X', 'Y'))",0.0013564999999289284,0.06686479099994358,0.06822129099987251,,4,30,4,0,0.9,0.9,0.9,11,11,1,3,0.0,0.0
c12_s11_cov100_seed00000007_bw000,c12_s11_cov100_seed00000007,flip,fast_gate,12,11,1.0,0.0,7,X,Y,11,0,11,0.7857142857142857,2,"C00,W",True,11,ok,e1_ladder,mpdag_criterion,True,"Conjecture 2 (hence Anti-Exchange Case B, verified not proved)","(('C00', 'Y'), ('W', 'Y'), ('X', 'Y'))",0.00129624999999578,0.06696308300001874,0.06825933300001452,,4,30,4,0,0.9,0.9,0.9,11,11,1,3,0.0,0.0
c12_s11_cov100_seed00000008_bw000,c12_s11_cov100_seed00000008,flip,fast_gate,12,11,1.0,0.0,8,X,Y,11,0,11,0.7857142857142857,2,"C00,W",True,11,ok,e1_ladder,mpdag_criterion,True,"Conjecture 2 (hence Anti-Exchange Case B, verified not proved)","(('C00', 'Y'), ('W', 'Y'), ('X', 'Y'))",0.0012869170000158192,0.06735366700002032,0.06864058400003614,,4,30,4,0,0.9,0.9,0.9,11,11,1,3,0.0,0.0
c12_s11_cov100_seed00000009_bw000,c12_s11_cov100_seed00000009,flip,fast_gate,12,11,1.0,0.0,9,X,Y,11,0,11,0.7857142857142857,2,"C00,W",True,11,ok,e1_ladder,mpdag_criterion,True,"Conjecture 2 (hence Anti-Exchange Case B, verified not proved)","(('C00', 'Y'), ('W', 'Y'), ('X', 'Y'))",0.0012969580000117276,0.06759587500005182,0.06889283300006355,,4,30,4,0,0.9,0.9,0.9,11,11,1,3,0.0,0.0
c12_s11_cov100_seed00000010_bw000,c12_s11_cov100_seed00000010,flip,fast_gate,12,11,1.0,0.0,10,X,Y,11,0,11,0.7857142857142857,2,"C00,W",True,11,ok,e1_ladder,mpdag_criterion,True,"Conjecture 2 (hence Anti-Exchange Case B, verified not proved)","(('C00', 'Y'), ('W', 'Y'), ('X', 'Y'))",0.0013219170000411395,0.06836104100000284,0.06968295800004398,,4,30,4,0,0.9,0.9,0.9,11,11,1,3,0.0,0.0
c12_s11_cov100_seed00000011_bw000,c12_s11_cov100_seed00000011,flip,fast_gate,12,11,1.0,0.0,11,X,Y,11,0,11,0.7857142857142857,2,"C00,W",True,11,ok,e1_ladder,mpdag_criterion,True,"Conjecture 2 (hence Anti-Exchange Case B, verified not proved)","(('C00', 'Y'), ('W', 'Y'), ('X', 'Y'))",0.0013894579999487178,0.06770749999998316,0.06909695799993187,,4,30,4,0,0.9,0.9,0.9,11,11,1,3,0.0,0.0
c12_s11_cov100_seed00000012_bw000,c12_s11_cov100_seed00000012,flip,fast_gate,12,11,1.0,0.0,12,X,Y,11,0,11,0.7857142857142857,2,"C00,W",True,11,ok,e1_ladder,mpdag_criterion,True,"Conjecture 2 (hence Anti-Exchange Case B, verified not proved)","(('C00', 'Y'), ('W', 'Y'), ('X', 'Y'))",0.0013268750000179352,0.06806920799999716,0.0693960830000151,,4,30,4,0,0.9,0.9,0.9,11,11,1,3,0.0,0.0
c12_s11_cov100_seed00000013_bw000,c12_s11_cov100_seed00000013,flip,fast_gate,12,11,1.0,0.0,13,X,Y,11,0,11,0.7857142857142857,2,"C00,W",True,11,ok,e1_ladder,mpdag_criterion,True,"Conjecture 2 (hence Anti-Exchange Case B, verified not proved)","(('C00', 'Y'), ('W', 'Y'), ('X', 'Y'))",0.0013001669999539445,0.06840379099992333,0.06970395799987728,,4,30,4,0,0.9,0.9,0.9,11,11,1,3,0.0,0.0
c12_s11_cov100_seed00000014_bw000,c12_s11_cov100_seed00000014,flip,fast_gate,12,11,1.0,0.0,14,X,Y,11,0,11,0.7857142857142857,2,"C00,W",True,11,ok,e1_ladder,mpdag_criterion,True,"Conjecture 2 (hence Anti-Exchange Case B, verified not proved)","(('C00', 'Y'), ('W', 'Y'), ('X', 'Y'))",0.001349333000007391,0.0676621669999804,0.06901149999998779,,4,30,4,0,0.9,0.9,0.9,11,11,1,3,0.0,0.0
c12_s11_cov100_seed00000015_bw000,c12_s11_cov100_seed00000015,flip,fast_gate,12,11,1.0,0.0,15,X,Y,11,0,11,0.7857142857142857,2,"C00,W",True,11,ok,e1_ladder,mpdag_criterion,True,"Conjecture 2 (hence Anti-Exchange Case B, verified not proved)","(('C00', 'Y'), ('W', 'Y'), ('X', 'Y'))",0.0014024580000295828,0.068066124999973,0.06946858300000258,,4,30,4,0,0.9,0.9,0.9,11,11,1,3,0.0,0.0
c12_s11_cov100_seed00000016_bw000,c12_s11_cov100_seed00000016,flip,fast_gate,12,11,1.0,0.0,16,X,Y,11,0,11,0.7857142857142857,2,"C00,W",True,11,ok,e1_ladder,mpdag_criterion,True,"Conjecture 2 (hence Anti-Exchange Case B, verified not proved)","(('C00', 'Y'), ('W', 'Y'), ('X', 'Y'))",0.0014337909999539988,0.0681147500000634,0.0695485410000174,,4,30,4,0,0.9,0.9,0.9,11,11,1,3,0.0,0.0
c12_s11_cov100_seed00000017_bw000,c12_s11_cov100_seed00000017,flip,fast_gate,12,11,1.0,0.0,17,X,Y,11,0,11,0.7857142857142857,2,"C00,W",True,11,ok,e1_ladder,mpdag_criterion,True,"Conjecture 2 (hence Anti-Exchange Case B, verified not proved)","(('C00', 'Y'), ('W', 'Y'), ('X', 'Y'))",0.0012993330000199421,0.06759187499994823,0.06889120799996817,,4,30,4,0,0.9,0.9,0.9,11,11,1,3,0.0,0.0
c12_s11_cov100_seed00000018_bw000,c12_s11_cov100_seed00000018,flip,fast_gate,12,11,1.0,0.0,18,X,Y,11,0,11,0.7857142857142857,2,"C00,W",True,11,ok,e1_ladder,mpdag_criterion,True,"Conjecture 2 (hence Anti-Exchange Case B, verified not proved)","(('C00', 'Y'), ('W', 'Y'), ('X', 'Y'))",0.001382417000058922,0.06706266699995922,0.06844508400001814,,4,30,4,0,0.9,0.9,0.9,11,11,1,3,0.0,0.0
c12_s11_cov100_seed00000019_bw000,c12_s11_cov100_seed00000019,flip,fast_gate,12,11,1.0,0.0,19,X,Y,11,0,11,0.7857142857142857,2,"C00,W",True,11,ok,e1_ladder,mpdag_criterion,True,"Conjecture 2 (hence Anti-Exchange Case B, verified not proved)","(('C00', 'Y'), ('W', 'Y'), ('X', 'Y'))",0.0013169160000643387,0.06740862499998457,0.0687255410000489,,4,30,4,0,0.9,0.9,0.9,11,11,1,3,0.0,0.0
