instance_id,arm,gate,component_size,separation,coverage,base_wrongness,n_tiers,d,n_eval,n_contradictory,S,S_contra_as_fail
c06_s01_cov050_seed00000000_bw000,flip,fast_gate,6,1,0.5,0.0,,1,1000,0,0.774,0.774
c06_s01_cov050_seed00000000_bw000,flip,fast_gate,6,1,0.5,0.0,,2,323,677,0.0,0.0
c06_s01_cov050_seed00000000_bw000,flip,fast_gate,6,1,0.5,0.0,,3,0,1000,,0.0
c06_s01_cov050_seed00000000_bw000,flip,fast_gate,6,1,0.5,0.0,,4,0,1000,,0.0
c06_s01_cov050_seed00000001_bw000,flip,fast_gate,6,1,0.5,0.0,,1,1000,0,0.68,0.68
c06_s01_cov050_seed00000001_bw000,flip,fast_gate,6,1,0.5,0.0,,2,339,661,0.0,0.0
c06_s01_cov050_seed00000001_bw000,flip,fast_gate,6,1,0.5,0.0,,3,0,1000,,0.0
c06_s01_cov050_seed00000002_bw000,flip,fast_gate,6,1,0.5,0.0,,1,1000,0,0.64,0.64
c06_s01_cov050_seed00000002_bw000,flip,fast_gate,6,1,0.5,0.0,,2,325,675,0.0,0.0
c06_s01_cov050_seed00000002_bw000,flip,fast_gate,6,1,0.5,0.0,,3,0,1000,,0.0
c06_s01_cov050_seed00000003_bw000,flip,fast_gate,6,1,0.5,0.0,,1,1000,0,0.749,0.749
c06_s01_cov050_seed00000003_bw000,flip,fast_gate,6,1,0.5,0.0,,2,330,670,0.5575757575757576,0.184
c06_s01_cov050_seed00000003_bw000,flip,fast_gate,6,1,0.5,0.0,,3,0,1000,,0.0
c06_s01_cov050_seed00000003_bw000,flip,fast_gate,6,1,0.5,0.0,,4,0,1000,,0.0
c06_s01_cov050_seed00000004_bw000,flip,fast_gate,6,1,0.5,0.0,,1,1000,0,0.508,0.508
c06_s01_cov050_seed00000004_bw000,flip,fast_gate,6,1,0.5,0.0,,2,0,1000,,0.0
c06_s01_cov050_seed00000005_bw000,flip,fast_gate,6,1,0.5,0.0,,1,654,346,0.5091743119266054,0.333
c06_s01_cov050_seed00000005_bw000,flip,fast_gate,6,1,0.5,0.0,,2,678,322,0.0,0.0
c06_s01_cov050_seed00000005_bw000,flip,fast_gate,6,1,0.5,0.0,,3,0,1000,,0.0
c06_s01_cov050_seed00000006_bw000,flip,fast_gate,6,1,0.5,0.0,,1,1000,0,0.495,0.495
c06_s01_cov050_seed00000006_bw000,flip,fast_gate,6,1,0.5,0.0,,2,0,1000,,0.0
c06_s01_cov050_seed00000007_bw000,flip,fast_gate,6,1,0.5,0.0,,1,509,491,0.0,0.0
c06_s01_cov050_seed00000007_bw000,flip,fast_gate,6,1,0.5,0.0,,2,1000,0,0.0,0.0
c06_s01_cov050_seed00000008_bw000,flip,fast_gate,6,1,0.5,0.0,,1,1000,0,0.528,0.528
c06_s01_cov050_seed00000008_bw000,flip,fast_gate,6,1,0.5,0.0,,2,0,1000,,0.0
c06_s01_cov050_seed00000009_bw000,flip,fast_gate,6,1,0.5,0.0,,1,649,351,0.5238828967642527,0.34
c06_s01_cov050_seed00000009_bw000,flip,fast_gate,6,1,0.5,0.0,,2,651,349,0.4915514592933948,0.32
c06_s01_cov050_seed00000009_bw000,flip,fast_gate,6,1,0.5,0.0,,3,1000,0,0.0,0.0
c06_s01_cov050_seed00000010_bw000,flip,fast_gate,6,1,0.5,0.0,,1,750,250,0.6693333333333333,0.502
c06_s01_cov050_seed00000010_bw000,flip,fast_gate,6,1,0.5,0.0,,2,506,494,0.33992094861660077,0.172
c06_s01_cov050_seed00000010_bw000,flip,fast_gate,6,1,0.5,0.0,,3,241,759,0.0,0.0
c06_s01_cov050_seed00000010_bw000,flip,fast_gate,6,1,0.5,0.0,,4,0,1000,,0.0
c06_s01_cov050_seed00000011_bw000,flip,fast_gate,6,1,0.5,0.0,,1,1000,0,0.647,0.647
c06_s01_cov050_seed00000011_bw000,flip,fast_gate,6,1,0.5,0.0,,2,0,1000,,0.0
c06_s01_cov050_seed00000011_bw000,flip,fast_gate,6,1,0.5,0.0,,3,0,1000,,0.0
c06_s01_cov050_seed00000012_bw000,flip,fast_gate,6,1,0.5,0.0,,1,1000,0,0.746,0.746
c06_s01_cov050_seed00000012_bw000,flip,fast_gate,6,1,0.5,0.0,,2,324,676,0.5216049382716049,0.169
c06_s01_cov050_seed00000012_bw000,flip,fast_gate,6,1,0.5,0.0,,3,0,1000,,0.0
c06_s01_cov050_seed00000012_bw000,flip,fast_gate,6,1,0.5,0.0,,4,0,1000,,0.0
c06_s01_cov050_seed00000013_bw000,flip,fast_gate,6,1,0.5,0.0,,1,354,646,0.0,0.0
c06_s01_cov050_seed00000013_bw000,flip,fast_gate,6,1,0.5,0.0,,2,678,322,0.0,0.0
c06_s01_cov050_seed00000013_bw000,flip,fast_gate,6,1,0.5,0.0,,3,1000,0,0.0,0.0
c06_s01_cov050_seed00000014_bw000,flip,fast_gate,6,1,0.5,0.0,,1,1000,0,0.477,0.477
c06_s01_cov050_seed00000014_bw000,flip,fast_gate,6,1,0.5,0.0,,2,0,1000,,0.0
c06_s01_cov050_seed00000015_bw000,flip,fast_gate,6,1,0.5,0.0,,1,1000,0,0.687,0.687
c06_s01_cov050_seed00000015_bw000,flip,fast_gate,6,1,0.5,0.0,,2,337,663,1.0,0.337
c06_s01_cov050_seed00000015_bw000,flip,fast_gate,6,1,0.5,0.0,,3,0,1000,,0.0
c06_s01_cov050_seed00000016_bw000,flip,fast_gate,6,1,0.5,0.0,,1,674,326,0.48516320474777447,0.327
c06_s01_cov050_seed00000016_bw000,flip,fast_gate,6,1,0.5,0.0,,2,672,328,0.0,0.0
c06_s01_cov050_seed00000016_bw000,flip,fast_gate,6,1,0.5,0.0,,3,0,1000,,0.0
c06_s01_cov050_seed00000017_bw000,flip,fast_gate,6,1,0.5,0.0,,1,506,494,0.5138339920948617,0.26
c06_s01_cov050_seed00000017_bw000,flip,fast_gate,6,1,0.5,0.0,,2,468,532,0.6773504273504274,0.317
c06_s01_cov050_seed00000017_bw000,flip,fast_gate,6,1,0.5,0.0,,3,751,249,0.3288948069241012,0.247
c06_s01_cov050_seed00000017_bw000,flip,fast_gate,6,1,0.5,0.0,,4,1000,0,0.0,0.0
c06_s01_cov050_seed00000018_bw000,flip,fast_gate,6,1,0.5,0.0,,1,1000,0,0.686,0.686
c06_s01_cov050_seed00000018_bw000,flip,fast_gate,6,1,0.5,0.0,,2,329,671,0.0,0.0
c06_s01_cov050_seed00000018_bw000,flip,fast_gate,6,1,0.5,0.0,,3,0,1000,,0.0
c06_s01_cov050_seed00000019_bw000,flip,fast_gate,6,1,0.5,0.0,,1,1000,0,0.671,0.671
c06_s01_cov050_seed00000019_bw000,flip,fast_gate,6,1,0.5,0.0,,2,0,1000,,0.0
c06_s01_cov050_seed00000019_bw000,flip,fast_gate,6,1,0.5,0.0,,3,0,1000,,0.0
c06_s01_cov050_seed00000020_bw000,flip,fast_gate,6,1,0.5,0.0,,1,1000,0,0.755,0.755
c06_s01_cov050_seed00000020_bw000,flip,fast_gate,6,1,0.5,0.0,,2,653,347,0.48238897396630936,0.315
c06_s01_cov050_seed00000020_bw000,flip,fast_gate,6,1,0.5,0.0,,3,243,757,0.0,0.0
c06_s01_cov050_seed00000020_bw000,flip,fast_gate,6,1,0.5,0.0,,4,0,1000,,0.0
c06_s01_cov050_seed00000021_bw000,flip,fast_gate,6,1,0.5,0.0,,1,1000,0,0.465,0.465
c06_s01_cov050_seed00000021_bw000,flip,fast_gate,6,1,0.5,0.0,,2,0,1000,,0.0
c06_s01_cov050_seed00000022_bw000,flip,fast_gate,6,1,0.5,0.0,,1,1000,0,0.771,0.771
c06_s01_cov050_seed00000022_bw000,flip,fast_gate,6,1,0.5,0.0,,2,332,668,0.0,0.0
c06_s01_cov050_seed00000022_bw000,flip,fast_gate,6,1,0.5,0.0,,3,0,1000,,0.0
c06_s01_cov050_seed00000022_bw000,flip,fast_gate,6,1,0.5,0.0,,4,0,1000,,0.0
c06_s01_cov050_seed00000023_bw000,flip,fast_gate,6,1,0.5,0.0,,1,1000,0,0.653,0.653
c06_s01_cov050_seed00000023_bw000,flip,fast_gate,6,1,0.5,0.0,,2,320,680,1.0,0.32
c06_s01_cov050_seed00000023_bw000,flip,fast_gate,6,1,0.5,0.0,,3,0,1000,,0.0
c06_s01_cov050_seed00000024_bw000,flip,fast_gate,6,1,0.5,0.0,,1,1000,0,0.49,0.49
c06_s01_cov050_seed00000024_bw000,flip,fast_gate,6,1,0.5,0.0,,2,0,1000,,0.0
c06_s01_cov050_seed00000025_bw000,flip,fast_gate,6,1,0.5,0.0,,1,1000,0,0.741,0.741
c06_s01_cov050_seed00000025_bw000,flip,fast_gate,6,1,0.5,0.0,,2,310,690,0.5129032258064516,0.159
c06_s01_cov050_seed00000025_bw000,flip,fast_gate,6,1,0.5,0.0,,3,0,1000,,0.0
c06_s01_cov050_seed00000025_bw000,flip,fast_gate,6,1,0.5,0.0,,4,0,1000,,0.0
c06_s01_cov050_seed00000026_bw000,flip,fast_gate,6,1,0.5,0.0,,1,730,270,0.6835616438356165,0.499
c06_s01_cov050_seed00000026_bw000,flip,fast_gate,6,1,0.5,0.0,,2,485,515,0.30721649484536084,0.149
c06_s01_cov050_seed00000026_bw000,flip,fast_gate,6,1,0.5,0.0,,3,272,728,0.0,0.0
c06_s01_cov050_seed00000026_bw000,flip,fast_gate,6,1,0.5,0.0,,4,0,1000,,0.0
c06_s01_cov050_seed00000027_bw000,flip,fast_gate,6,1,0.5,0.0,,1,1000,0,0.668,0.668
c06_s01_cov050_seed00000027_bw000,flip,fast_gate,6,1,0.5,0.0,,2,325,675,1.0,0.325
c06_s01_cov050_seed00000027_bw000,flip,fast_gate,6,1,0.5,0.0,,3,0,1000,,0.0
c06_s01_cov050_seed00000028_bw000,flip,fast_gate,6,1,0.5,0.0,,1,657,343,0.4840182648401826,0.318
c06_s01_cov050_seed00000028_bw000,flip,fast_gate,6,1,0.5,0.0,,2,330,670,0.0,0.0
c06_s01_cov050_seed00000028_bw000,flip,fast_gate,6,1,0.5,0.0,,3,0,1000,,0.0
c06_s01_cov050_seed00000029_bw000,flip,fast_gate,6,1,0.5,0.0,,1,1000,0,0.756,0.756
c06_s01_cov050_seed00000029_bw000,flip,fast_gate,6,1,0.5,0.0,,2,657,343,0.5190258751902588,0.341
c06_s01_cov050_seed00000029_bw000,flip,fast_gate,6,1,0.5,0.0,,3,0,1000,,0.0
c06_s01_cov050_seed00000029_bw000,flip,fast_gate,6,1,0.5,0.0,,4,0,1000,,0.0
c06_s01_cov050_seed00000030_bw000,flip,fast_gate,6,1,0.5,0.0,,1,1000,0,0.669,0.669
c06_s01_cov050_seed00000030_bw000,flip,fast_gate,6,1,0.5,0.0,,2,308,692,1.0,0.308
c06_s01_cov050_seed00000030_bw000,flip,fast_gate,6,1,0.5,0.0,,3,0,1000,,0.0
c06_s01_cov050_seed00000031_bw000,flip,fast_gate,6,1,0.5,0.0,,1,1000,0,0.734,0.734
c06_s01_cov050_seed00000031_bw000,flip,fast_gate,6,1,0.5,0.0,,2,329,671,0.513677811550152,0.169
c06_s01_cov050_seed00000031_bw000,flip,fast_gate,6,1,0.5,0.0,,3,0,1000,,0.0
c06_s01_cov050_seed00000031_bw000,flip,fast_gate,6,1,0.5,0.0,,4,0,1000,,0.0
c06_s01_cov050_seed00000032_bw000,flip,fast_gate,6,1,0.5,0.0,,1,1000,0,0.479,0.479
c06_s01_cov050_seed00000032_bw000,flip,fast_gate,6,1,0.5,0.0,,2,0,1000,,0.0
c06_s01_cov050_seed00000033_bw000,flip,fast_gate,6,1,0.5,0.0,,1,479,521,0.0,0.0
c06_s01_cov050_seed00000033_bw000,flip,fast_gate,6,1,0.5,0.0,,2,1000,0,0.0,0.0
c06_s01_cov050_seed00000034_bw000,flip,fast_gate,6,1,0.5,0.0,,1,1000,0,0.664,0.664
c06_s01_cov050_seed00000034_bw000,flip,fast_gate,6,1,0.5,0.0,,2,328,672,0.0,0.0
c06_s01_cov050_seed00000034_bw000,flip,fast_gate,6,1,0.5,0.0,,3,0,1000,,0.0
c06_s01_cov050_seed00000035_bw000,flip,fast_gate,6,1,0.5,0.0,,1,1000,0,0.678,0.678
c06_s01_cov050_seed00000035_bw000,flip,fast_gate,6,1,0.5,0.0,,2,349,651,1.0,0.349
c06_s01_cov050_seed00000035_bw000,flip,fast_gate,6,1,0.5,0.0,,3,0,1000,,0.0
c06_s01_cov050_seed00000036_bw000,flip,fast_gate,6,1,0.5,0.0,,1,1000,0,0.512,0.512
c06_s01_cov050_seed00000036_bw000,flip,fast_gate,6,1,0.5,0.0,,2,0,1000,,0.0
c06_s01_cov050_seed00000037_bw000,flip,fast_gate,6,1,0.5,0.0,,1,1000,0,0.657,0.657
c06_s01_cov050_seed00000037_bw000,flip,fast_gate,6,1,0.5,0.0,,2,325,675,1.0,0.325
c06_s01_cov050_seed00000037_bw000,flip,fast_gate,6,1,0.5,0.0,,3,0,1000,,0.0
c06_s01_cov050_seed00000038_bw000,flip,fast_gate,6,1,0.5,0.0,,1,746,254,0.6394101876675603,0.477
c06_s01_cov050_seed00000038_bw000,flip,fast_gate,6,1,0.5,0.0,,2,677,323,0.5110782865583456,0.346
c06_s01_cov050_seed00000038_bw000,flip,fast_gate,6,1,0.5,0.0,,3,757,243,0.3368560105680317,0.255
c06_s01_cov050_seed00000038_bw000,flip,fast_gate,6,1,0.5,0.0,,4,1000,0,0.0,0.0
c06_s01_cov050_seed00000039_bw000,flip,fast_gate,6,1,0.5,0.0,,1,762,238,0.6430446194225722,0.49
c06_s01_cov050_seed00000039_bw000,flip,fast_gate,6,1,0.5,0.0,,2,670,330,0.2507462686567164,0.168
c06_s01_cov050_seed00000039_bw000,flip,fast_gate,6,1,0.5,0.0,,3,783,217,0.0,0.0
c06_s01_cov050_seed00000039_bw000,flip,fast_gate,6,1,0.5,0.0,,4,1000,0,0.0,0.0
c06_s01_cov050_seed00000000_bw010,flip,fast_gate,6,1,0.5,0.1,,1,1000,0,0.759,0.759
c06_s01_cov050_seed00000000_bw010,flip,fast_gate,6,1,0.5,0.1,,2,329,671,0.0,0.0
c06_s01_cov050_seed00000000_bw010,flip,fast_gate,6,1,0.5,0.1,,3,0,1000,,0.0
c06_s01_cov050_seed00000000_bw010,flip,fast_gate,6,1,0.5,0.1,,4,0,1000,,0.0
c06_s01_cov050_seed00000001_bw010,flip,fast_gate,6,1,0.5,0.1,,1,1000,0,0.689,0.689
c06_s01_cov050_seed00000001_bw010,flip,fast_gate,6,1,0.5,0.1,,2,330,670,0.0,0.0
c06_s01_cov050_seed00000001_bw010,flip,fast_gate,6,1,0.5,0.1,,3,0,1000,,0.0
c06_s01_cov050_seed00000002_bw010,flip,fast_gate,6,1,0.5,0.1,,1,1000,0,0.647,0.647
c06_s01_cov050_seed00000002_bw010,flip,fast_gate,6,1,0.5,0.1,,2,299,701,0.0,0.0
c06_s01_cov050_seed00000002_bw010,flip,fast_gate,6,1,0.5,0.1,,3,0,1000,,0.0
c06_s01_cov050_seed00000003_bw010,flip,fast_gate,6,1,0.5,0.1,,1,1000,0,0.77,0.77
c06_s01_cov050_seed00000003_bw010,flip,fast_gate,6,1,0.5,0.1,,2,319,681,0.5611285266457681,0.179
c06_s01_cov050_seed00000003_bw010,flip,fast_gate,6,1,0.5,0.1,,3,0,1000,,0.0
c06_s01_cov050_seed00000003_bw010,flip,fast_gate,6,1,0.5,0.1,,4,0,1000,,0.0
c06_s01_cov050_seed00000004_bw010,flip,fast_gate,6,1,0.5,0.1,,1,1000,0,0.5,0.5
c06_s01_cov050_seed00000004_bw010,flip,fast_gate,6,1,0.5,0.1,,2,0,1000,,0.0
c06_s01_cov050_seed00000005_bw010,flip,fast_gate,6,1,0.5,0.1,,1,684,316,0.5263157894736842,0.36
c06_s01_cov050_seed00000005_bw010,flip,fast_gate,6,1,0.5,0.1,,2,704,296,0.0,0.0
c06_s01_cov050_seed00000005_bw010,flip,fast_gate,6,1,0.5,0.1,,3,0,1000,,0.0
c06_s01_cov050_seed00000006_bw010,flip,fast_gate,6,1,0.5,0.1,,1,1000,0,0.508,0.508
c06_s01_cov050_seed00000006_bw010,flip,fast_gate,6,1,0.5,0.1,,2,0,1000,,0.0
c06_s01_cov050_seed00000007_bw010,flip,fast_gate,6,1,0.5,0.1,,1,482,518,0.0,0.0
c06_s01_cov050_seed00000007_bw010,flip,fast_gate,6,1,0.5,0.1,,2,1000,0,0.0,0.0
c06_s01_cov050_seed00000008_bw010,flip,fast_gate,6,1,0.5,0.1,,1,1000,0,0.491,0.491
c06_s01_cov050_seed00000008_bw010,flip,fast_gate,6,1,0.5,0.1,,2,0,1000,,0.0
c06_s01_cov050_seed00000009_bw010,flip,fast_gate,6,1,0.5,0.1,,1,683,317,0.5021961932650073,0.343
c06_s01_cov050_seed00000009_bw010,flip,fast_gate,6,1,0.5,0.1,,2,684,316,0.5116959064327485,0.35
c06_s01_cov050_seed00000009_bw010,flip,fast_gate,6,1,0.5,0.1,,3,1000,0,0.0,0.0
c06_s01_cov050_seed00000010_bw010,flip,fast_gate,6,1,0.5,0.1,,1,759,241,0.6719367588932806,0.51
c06_s01_cov050_seed00000010_bw010,flip,fast_gate,6,1,0.5,0.1,,2,503,497,0.3320079522862823,0.167
c06_s01_cov050_seed00000010_bw010,flip,fast_gate,6,1,0.5,0.1,,3,259,741,0.0,0.0
c06_s01_cov050_seed00000010_bw010,flip,fast_gate,6,1,0.5,0.1,,4,0,1000,,0.0
c06_s01_cov050_seed00000011_bw010,flip,fast_gate,6,1,0.5,0.1,,1,1000,0,0.679,0.679
c06_s01_cov050_seed00000011_bw010,flip,fast_gate,6,1,0.5,0.1,,2,0,1000,,0.0
c06_s01_cov050_seed00000011_bw010,flip,fast_gate,6,1,0.5,0.1,,3,0,1000,,0.0
c06_s01_cov050_seed00000012_bw010,flip,fast_gate,6,1,0.5,0.1,,1,1000,0,0.756,0.756
c06_s01_cov050_seed00000012_bw010,flip,fast_gate,6,1,0.5,0.1,,2,330,670,0.5,0.165
c06_s01_cov050_seed00000012_bw010,flip,fast_gate,6,1,0.5,0.1,,3,0,1000,,0.0
c06_s01_cov050_seed00000012_bw010,flip,fast_gate,6,1,0.5,0.1,,4,0,1000,,0.0
c06_s01_cov050_seed00000013_bw010,flip,fast_gate,6,1,0.5,0.1,,1,324,676,0.0,0.0
c06_s01_cov050_seed00000013_bw010,flip,fast_gate,6,1,0.5,0.1,,2,656,344,0.0,0.0
c06_s01_cov050_seed00000013_bw010,flip,fast_gate,6,1,0.5,0.1,,3,1000,0,0.0,0.0
c06_s01_cov050_seed00000014_bw010,flip,fast_gate,6,1,0.5,0.1,,1,1000,0,0.535,0.535
c06_s01_cov050_seed00000014_bw010,flip,fast_gate,6,1,0.5,0.1,,2,0,1000,,0.0
c06_s01_cov050_seed00000015_bw010,flip,fast_gate,6,1,0.5,0.1,,1,1000,0,0.654,0.654
c06_s01_cov050_seed00000015_bw010,flip,fast_gate,6,1,0.5,0.1,,2,366,634,1.0,0.366
c06_s01_cov050_seed00000015_bw010,flip,fast_gate,6,1,0.5,0.1,,3,0,1000,,0.0
c06_s01_cov050_seed00000016_bw010,flip,fast_gate,6,1,0.5,0.1,,1,674,326,0.4762611275964392,0.321
c06_s01_cov050_seed00000016_bw010,flip,fast_gate,6,1,0.5,0.1,,2,670,330,0.0,0.0
c06_s01_cov050_seed00000016_bw010,flip,fast_gate,6,1,0.5,0.1,,3,0,1000,,0.0
c06_s01_cov050_seed00000017_bw010,flip,fast_gate,6,1,0.5,0.1,,1,511,489,0.48532289628180036,0.248
c06_s01_cov050_seed00000017_bw010,flip,fast_gate,6,1,0.5,0.1,,2,503,497,0.7077534791252486,0.356
c06_s01_cov050_seed00000017_bw010,flip,fast_gate,6,1,0.5,0.1,,3,740,260,0.34594594594594597,0.256
c06_s01_cov050_seed00000017_bw010,flip,fast_gate,6,1,0.5,0.1,,4,1000,0,0.0,0.0
c06_s01_cov050_seed00000018_bw010,flip,fast_gate,6,1,0.5,0.1,,1,1000,0,0.686,0.686
c06_s01_cov050_seed00000018_bw010,flip,fast_gate,6,1,0.5,0.1,,2,309,691,0.0,0.0
c06_s01_cov050_seed00000018_bw010,flip,fast_gate,6,1,0.5,0.1,,3,0,1000,,0.0
c06_s01_cov050_seed00000019_bw010,flip,fast_gate,6,1,0.5,0.1,,1,1000,0,0.669,0.669
c06_s01_cov050_seed00000019_bw010,flip,fast_gate,6,1,0.5,0.1,,2,0,1000,,0.0
c06_s01_cov050_seed00000019_bw010,flip,fast_gate,6,1,0.5,0.1,,3,0,1000,,0.0
c06_s01_cov050_seed00000020_bw010,flip,fast_gate,6,1,0.5,0.1,,1,1000,0,0.742,0.742
c06_s01_cov050_seed00000020_bw010,flip,fast_gate,6,1,0.5,0.1,,2,694,306,0.4956772334293948,0.344
c06_s01_cov050_seed00000020_bw010,flip,fast_gate,6,1,0.5,0.1,,3,225,775,0.0,0.0
c06_s01_cov050_seed00000020_bw010,flip,fast_gate,6,1,0.5,0.1,,4,0,1000,,0.0
c06_s01_cov050_seed00000021_bw010,flip,fast_gate,6,1,0.5,0.1,,1,1000,0,0.49,0.49
c06_s01_cov050_seed00000021_bw010,flip,fast_gate,6,1,0.5,0.1,,2,0,1000,,0.0
c06_s01_cov050_seed00000022_bw010,flip,fast_gate,6,1,0.5,0.1,,1,1000,0,0.769,0.769
c06_s01_cov050_seed00000022_bw010,flip,fast_gate,6,1,0.5,0.1,,2,326,674,0.0,0.0
c06_s01_cov050_seed00000022_bw010,flip,fast_gate,6,1,0.5,0.1,,3,0,1000,,0.0
c06_s01_cov050_seed00000022_bw010,flip,fast_gate,6,1,0.5,0.1,,4,0,1000,,0.0
c06_s01_cov050_seed00000023_bw010,flip,fast_gate,6,1,0.5,0.1,,1,1000,0,0.663,0.663
c06_s01_cov050_seed00000023_bw010,flip,fast_gate,6,1,0.5,0.1,,2,354,646,1.0,0.354
c06_s01_cov050_seed00000023_bw010,flip,fast_gate,6,1,0.5,0.1,,3,0,1000,,0.0
c06_s01_cov050_seed00000024_bw010,flip,fast_gate,6,1,0.5,0.1,,1,1000,0,0.507,0.507
c06_s01_cov050_seed00000024_bw010,flip,fast_gate,6,1,0.5,0.1,,2,0,1000,,0.0
c06_s01_cov050_seed00000025_bw010,flip,fast_gate,6,1,0.5,0.1,,1,1000,0,0.752,0.752
c06_s01_cov050_seed00000025_bw010,flip,fast_gate,6,1,0.5,0.1,,2,343,657,0.43731778425655976,0.15
c06_s01_cov050_seed00000025_bw010,flip,fast_gate,6,1,0.5,0.1,,3,0,1000,,0.0
c06_s01_cov050_seed00000025_bw010,flip,fast_gate,6,1,0.5,0.1,,4,0,1000,,0.0
c06_s01_cov050_seed00000026_bw010,flip,fast_gate,6,1,0.5,0.1,,1,756,244,0.6388888888888888,0.483
c06_s01_cov050_seed00000026_bw010,flip,fast_gate,6,1,0.5,0.1,,2,481,519,0.3471933471933472,0.167
c06_s01_cov050_seed00000026_bw010,flip,fast_gate,6,1,0.5,0.1,,3,244,756,0.0,0.0
c06_s01_cov050_seed00000026_bw010,flip,fast_gate,6,1,0.5,0.1,,4,0,1000,,0.0
c06_s01_cov050_seed00000027_bw010,flip,fast_gate,6,1,0.5,0.1,,1,1000,0,0.674,0.674
c06_s01_cov050_seed00000027_bw010,flip,fast_gate,6,1,0.5,0.1,,2,338,662,1.0,0.338
c06_s01_cov050_seed00000027_bw010,flip,fast_gate,6,1,0.5,0.1,,3,0,1000,,0.0
c06_s01_cov050_seed00000028_bw010,flip,fast_gate,6,1,0.5,0.1,,1,637,363,0.5149136577708007,0.328
c06_s01_cov050_seed00000028_bw010,flip,fast_gate,6,1,0.5,0.1,,2,345,655,0.0,0.0
c06_s01_cov050_seed00000028_bw010,flip,fast_gate,6,1,0.5,0.1,,3,0,1000,,0.0
c06_s01_cov050_seed00000029_bw010,flip,fast_gate,6,1,0.5,0.1,,1,1000,0,0.752,0.752
c06_s01_cov050_seed00000029_bw010,flip,fast_gate,6,1,0.5,0.1,,2,667,333,0.49325337331334335,0.329
c06_s01_cov050_seed00000029_bw010,flip,fast_gate,6,1,0.5,0.1,,3,0,1000,,0.0
c06_s01_cov050_seed00000029_bw010,flip,fast_gate,6,1,0.5,0.1,,4,0,1000,,0.0
c06_s01_cov050_seed00000030_bw010,flip,fast_gate,6,1,0.5,0.1,,1,1000,0,0.664,0.664
c06_s01_cov050_seed00000030_bw010,flip,fast_gate,6,1,0.5,0.1,,2,332,668,1.0,0.332
c06_s01_cov050_seed00000030_bw010,flip,fast_gate,6,1,0.5,0.1,,3,0,1000,,0.0
c06_s01_cov050_seed00000031_bw010,flip,fast_gate,6,1,0.5,0.1,,1,1000,0,0.735,0.735
c06_s01_cov050_seed00000031_bw010,flip,fast_gate,6,1,0.5,0.1,,2,344,656,0.5232558139534884,0.18
c06_s01_cov050_seed00000031_bw010,flip,fast_gate,6,1,0.5,0.1,,3,0,1000,,0.0
c06_s01_cov050_seed00000031_bw010,flip,fast_gate,6,1,0.5,0.1,,4,0,1000,,0.0
c06_s01_cov050_seed00000032_bw010,flip,fast_gate,6,1,0.5,0.1,,1,1000,0,0.503,0.503
c06_s01_cov050_seed00000032_bw010,flip,fast_gate,6,1,0.5,0.1,,2,0,1000,,0.0
c06_s01_cov050_seed00000033_bw010,flip,fast_gate,6,1,0.5,0.1,,1,485,515,0.0,0.0
c06_s01_cov050_seed00000033_bw010,flip,fast_gate,6,1,0.5,0.1,,2,1000,0,0.0,0.0
c06_s01_cov050_seed00000034_bw010,flip,fast_gate,6,1,0.5,0.1,,1,1000,0,0.689,0.689
c06_s01_cov050_seed00000034_bw010,flip,fast_gate,6,1,0.5,0.1,,2,326,674,0.0,0.0
c06_s01_cov050_seed00000034_bw010,flip,fast_gate,6,1,0.5,0.1,,3,0,1000,,0.0
c06_s01_cov050_seed00000035_bw010,flip,fast_gate,6,1,0.5,0.1,,1,1000,0,0.696,0.696
c06_s01_cov050_seed00000035_bw010,flip,fast_gate,6,1,0.5,0.1,,2,328,672,1.0,0.328
c06_s01_cov050_seed00000035_bw010,flip,fast_gate,6,1,0.5,0.1,,3,0,1000,,0.0
c06_s01_cov050_seed00000036_bw010,flip,fast_gate,6,1,0.5,0.1,,1,1000,0,0.49,0.49
c06_s01_cov050_seed00000036_bw010,flip,fast_gate,6,1,0.5,0.1,,2,0,1000,,0.0
c06_s01_cov050_seed00000037_bw010,flip,fast_gate,6,1,0.5,0.1,,1,1000,0,0.681,0.681
c06_s01_cov050_seed00000037_bw010,flip,fast_gate,6,1,0.5,0.1,,2,339,661,1.0,0.339
c06_s01_cov050_seed00000037_bw010,flip,fast_gate,6,1,0.5,0.1,,3,0,1000,,0.0
c06_s01_cov050_seed00000038_bw010,flip,fast_gate,6,1,0.5,0.1,,1,773,227,0.666235446313066,0.515
c06_s01_cov050_seed00000038_bw010,flip,fast_gate,6,1,0.5,0.1,,2,676,324,0.5281065088757396,0.357
c06_s01_cov050_seed00000038_bw010,flip,fast_gate,6,1,0.5,0.1,,3,750,250,0.316,0.237
c06_s01_cov050_seed00000038_bw010,flip,fast_gate,6,1,0.5,0.1,,4,1000,0,0.0,0.0
c06_s01_cov050_seed00000039_bw010,flip,fast_gate,6,1,0.5,0.1,,1,723,277,0.656984785615491,0.475
c06_s01_cov050_seed00000039_bw010,flip,fast_gate,6,1,0.5,0.1,,2,658,342,0.2507598784194529,0.165
c06_s01_cov050_seed00000039_bw010,flip,fast_gate,6,1,0.5,0.1,,3,755,245,0.0,0.0
c06_s01_cov050_seed00000039_bw010,flip,fast_gate,6,1,0.5,0.1,,4,1000,0,0.0,0.0
c06_s01_cov050_seed00000000_bw025,flip,fast_gate,6,1,0.5,0.25,,1,531,469,0.5009416195856874,0.266
c06_s01_cov050_seed00000000_bw025,flip,fast_gate,6,1,0.5,0.25,,2,494,506,0.7246963562753036,0.358
c06_s01_cov050_seed00000000_bw025,flip,fast_gate,6,1,0.5,0.25,,3,242,758,0.0,0.0
c06_s01_cov050_seed00000000_bw025,flip,fast_gate,6,1,0.5,0.25,,4,0,1000,,0.0
c06_s01_cov050_seed00000001_bw025,flip,fast_gate,6,1,0.5,0.25,,1,353,647,1.0,0.353
c06_s01_cov050_seed00000001_bw025,flip,fast_gate,6,1,0.5,0.25,,2,664,336,0.5015060240963856,0.333
c06_s01_cov050_seed00000001_bw025,flip,fast_gate,6,1,0.5,0.25,,3,1000,0,0.0,0.0
c06_s01_cov050_seed00000002_bw025,flip,fast_gate,6,1,0.5,0.25,,1,659,341,0.0,0.0
c06_s01_cov050_seed00000002_bw025,flip,fast_gate,6,1,0.5,0.25,,2,659,341,0.0,0.0
c06_s01_cov050_seed00000002_bw025,flip,fast_gate,6,1,0.5,0.25,,3,0,1000,,0.0
c06_s01_cov050_seed00000003_bw025,flip,fast_gate,6,1,0.5,0.25,,1,475,525,0.5157894736842106,0.245
c06_s01_cov050_seed00000003_bw025,flip,fast_gate,6,1,0.5,0.25,,2,486,514,0.6440329218106996,0.313
c06_s01_cov050_seed00000003_bw025,flip,fast_gate,6,1,0.5,0.25,,3,229,771,1.0,0.229
c06_s01_cov050_seed00000003_bw025,flip,fast_gate,6,1,0.5,0.25,,4,0,1000,,0.0
c06_s01_cov050_seed00000004_bw025,flip,fast_gate,6,1,0.5,0.25,,1,1000,0,0.502,0.502
c06_s01_cov050_seed00000004_bw025,flip,fast_gate,6,1,0.5,0.25,,2,0,1000,,0.0
c06_s01_cov050_seed00000005_bw025,flip,fast_gate,6,1,0.5,0.25,,1,1000,0,0.676,0.676
c06_s01_cov050_seed00000005_bw025,flip,fast_gate,6,1,0.5,0.25,,2,325,675,0.0,0.0
c06_s01_cov050_seed00000005_bw025,flip,fast_gate,6,1,0.5,0.25,,3,0,1000,,0.0
c06_s01_cov050_seed00000006_bw025,flip,fast_gate,6,1,0.5,0.25,,1,1000,0,0.509,0.509
c06_s01_cov050_seed00000006_bw025,flip,fast_gate,6,1,0.5,0.25,,2,0,1000,,0.0
c06_s01_cov050_seed00000007_bw025,flip,fast_gate,6,1,0.5,0.25,,1,496,504,0.0,0.0
c06_s01_cov050_seed00000007_bw025,flip,fast_gate,6,1,0.5,0.25,,2,1000,0,0.0,0.0
c06_s01_cov050_seed00000008_bw025,flip,fast_gate,6,1,0.5,0.25,,1,1000,0,0.492,0.492
c06_s01_cov050_seed00000008_bw025,flip,fast_gate,6,1,0.5,0.25,,2,0,1000,,0.0
c06_s01_cov050_seed00000009_bw025,flip,fast_gate,6,1,0.5,0.25,,1,1000,0,0.668,0.668
c06_s01_cov050_seed00000009_bw025,flip,fast_gate,6,1,0.5,0.25,,2,678,322,0.0,0.0
c06_s01_cov050_seed00000009_bw025,flip,fast_gate,6,1,0.5,0.25,,3,0,1000,,0.0
c06_s01_cov050_seed00000010_bw025,flip,fast_gate,6,1,0.5,0.25,,1,756,244,0.6626984126984127,0.501
c06_s01_cov050_seed00000010_bw025,flip,fast_gate,6,1,0.5,0.25,,2,476,524,0.3319327731092437,0.158
c06_s01_cov050_seed00000010_bw025,flip,fast_gate,6,1,0.5,0.25,,3,254,746,0.0,0.0
c06_s01_cov050_seed00000010_bw025,flip,fast_gate,6,1,0.5,0.25,,4,0,1000,,0.0
c06_s01_cov050_seed00000011_bw025,flip,fast_gate,6,1,0.5,0.25,,1,305,695,0.0,0.0
c06_s01_cov050_seed00000011_bw025,flip,fast_gate,6,1,0.5,0.25,,2,673,327,0.0,0.0
c06_s01_cov050_seed00000011_bw025,flip,fast_gate,6,1,0.5,0.25,,3,0,1000,,0.0
c06_s01_cov050_seed00000012_bw025,flip,fast_gate,6,1,0.5,0.25,,1,503,497,1.0,0.503
c06_s01_cov050_seed00000012_bw025,flip,fast_gate,6,1,0.5,0.25,,2,501,499,0.6626746506986028,0.332
c06_s01_cov050_seed00000012_bw025,flip,fast_gate,6,1,0.5,0.25,,3,241,759,0.0,0.0
c06_s01_cov050_seed00000012_bw025,flip,fast_gate,6,1,0.5,0.25,,4,0,1000,,0.0
c06_s01_cov050_seed00000014_bw025,flip,fast_gate,6,1,0.5,0.25,,1,1000,0,0.512,0.512
c06_s01_cov050_seed00000014_bw025,flip,fast_gate,6,1,0.5,0.25,,2,0,1000,,0.0
c06_s01_cov050_seed00000015_bw025,flip,fast_gate,6,1,0.5,0.25,,1,331,669,0.0,0.0
c06_s01_cov050_seed00000015_bw025,flip,fast_gate,6,1,0.5,0.25,,2,658,342,0.0,0.0
c06_s01_cov050_seed00000015_bw025,flip,fast_gate,6,1,0.5,0.25,,3,1000,0,0.0,0.0
c06_s01_cov050_seed00000016_bw025,flip,fast_gate,6,1,0.5,0.25,,1,661,339,0.5052950075642966,0.334
c06_s01_cov050_seed00000016_bw025,flip,fast_gate,6,1,0.5,0.25,,2,355,645,0.0,0.0
c06_s01_cov050_seed00000016_bw025,flip,fast_gate,6,1,0.5,0.25,,3,1000,0,0.0,0.0
c06_s01_cov050_seed00000017_bw025,flip,fast_gate,6,1,0.5,0.25,,1,1000,0,0.757,0.757
c06_s01_cov050_seed00000017_bw025,flip,fast_gate,6,1,0.5,0.25,,2,678,322,0.2182890855457227,0.148
c06_s01_cov050_seed00000017_bw025,flip,fast_gate,6,1,0.5,0.25,,3,249,751,0.0,0.0
c06_s01_cov050_seed00000017_bw025,flip,fast_gate,6,1,0.5,0.25,,4,0,1000,,0.0
c06_s01_cov050_seed00000018_bw025,flip,fast_gate,6,1,0.5,0.25,,1,658,342,0.0,0.0
c06_s01_cov050_seed00000018_bw025,flip,fast_gate,6,1,0.5,0.25,,2,684,316,0.0,0.0
c06_s01_cov050_seed00000018_bw025,flip,fast_gate,6,1,0.5,0.25,,3,0,1000,,0.0
c06_s01_cov050_seed00000019_bw025,flip,fast_gate,6,1,0.5,0.25,,1,339,661,0.0,0.0
c06_s01_cov050_seed00000019_bw025,flip,fast_gate,6,1,0.5,0.25,,2,671,329,0.0,0.0
c06_s01_cov050_seed00000019_bw025,flip,fast_gate,6,1,0.5,0.25,,3,0,1000,,0.0
c06_s01_cov050_seed00000020_bw025,flip,fast_gate,6,1,0.5,0.25,,1,766,234,0.3433420365535248,0.263
c06_s01_cov050_seed00000020_bw025,flip,fast_gate,6,1,0.5,0.25,,2,674,326,0.0,0.0
c06_s01_cov050_seed00000020_bw025,flip,fast_gate,6,1,0.5,0.25,,3,534,466,0.0,0.0
c06_s01_cov050_seed00000020_bw025,flip,fast_gate,6,1,0.5,0.25,,4,0,1000,,0.0
c06_s01_cov050_seed00000021_bw025,flip,fast_gate,6,1,0.5,0.25,,1,1000,0,0.517,0.517
c06_s01_cov050_seed00000021_bw025,flip,fast_gate,6,1,0.5,0.25,,2,0,1000,,0.0
c06_s01_cov050_seed00000022_bw025,flip,fast_gate,6,1,0.5,0.25,,1,523,477,0.4933078393881453,0.258
c06_s01_cov050_seed00000022_bw025,flip,fast_gate,6,1,0.5,0.25,,2,496,504,0.6411290322580645,0.318
c06_s01_cov050_seed00000022_bw025,flip,fast_gate,6,1,0.5,0.25,,3,261,739,0.0,0.0
c06_s01_cov050_seed00000022_bw025,flip,fast_gate,6,1,0.5,0.25,,4,0,1000,,0.0
c06_s01_cov050_seed00000023_bw025,flip,fast_gate,6,1,0.5,0.25,,1,663,337,1.0,0.663
c06_s01_cov050_seed00000023_bw025,flip,fast_gate,6,1,0.5,0.25,,2,669,331,0.5171898355754858,0.346
c06_s01_cov050_seed00000023_bw025,flip,fast_gate,6,1,0.5,0.25,,3,0,1000,,0.0
c06_s01_cov050_seed00000024_bw025,flip,fast_gate,6,1,0.5,0.25,,1,1000,0,0.505,0.505
c06_s01_cov050_seed00000024_bw025,flip,fast_gate,6,1,0.5,0.25,,2,0,1000,,0.0
c06_s01_cov050_seed00000025_bw025,flip,fast_gate,6,1,0.5,0.25,,1,489,511,1.0,0.489
c06_s01_cov050_seed00000025_bw025,flip,fast_gate,6,1,0.5,0.25,,2,497,503,0.670020120724346,0.333
c06_s01_cov050_seed00000025_bw025,flip,fast_gate,6,1,0.5,0.25,,3,250,750,0.0,0.0
c06_s01_cov050_seed00000025_bw025,flip,fast_gate,6,1,0.5,0.25,,4,0,1000,,0.0
c06_s01_cov050_seed00000026_bw025,flip,fast_gate,6,1,0.5,0.25,,1,749,251,0.0,0.0
c06_s01_cov050_seed00000026_bw025,flip,fast_gate,6,1,0.5,0.25,,2,489,511,0.0,0.0
c06_s01_cov050_seed00000026_bw025,flip,fast_gate,6,1,0.5,0.25,,3,259,741,0.0,0.0
c06_s01_cov050_seed00000026_bw025,flip,fast_gate,6,1,0.5,0.25,,4,0,1000,,0.0
c06_s01_cov050_seed00000027_bw025,flip,fast_gate,6,1,0.5,0.25,,1,342,658,0.0,0.0
c06_s01_cov050_seed00000027_bw025,flip,fast_gate,6,1,0.5,0.25,,2,694,306,0.0,0.0
c06_s01_cov050_seed00000027_bw025,flip,fast_gate,6,1,0.5,0.25,,3,1000,0,0.0,0.0
c06_s01_cov050_seed00000028_bw025,flip,fast_gate,6,1,0.5,0.25,,1,324,676,1.0,0.324
c06_s01_cov050_seed00000028_bw025,flip,fast_gate,6,1,0.5,0.25,,2,354,646,0.0,0.0
c06_s01_cov050_seed00000028_bw025,flip,fast_gate,6,1,0.5,0.25,,3,1000,0,0.0,0.0
c06_s01_cov050_seed00000029_bw025,flip,fast_gate,6,1,0.5,0.25,,1,763,237,0.6631716906946264,0.506
c06_s01_cov050_seed00000029_bw025,flip,fast_gate,6,1,0.5,0.25,,2,494,506,0.6619433198380567,0.327
c06_s01_cov050_seed00000029_bw025,flip,fast_gate,6,1,0.5,0.25,,3,488,512,0.48155737704918034,0.235
c06_s01_cov050_seed00000029_bw025,flip,fast_gate,6,1,0.5,0.25,,4,0,1000,,0.0
c06_s01_cov050_seed00000030_bw025,flip,fast_gate,6,1,0.5,0.25,,1,314,686,0.0,0.0
c06_s01_cov050_seed00000030_bw025,flip,fast_gate,6,1,0.5,0.25,,2,686,314,0.0,0.0
c06_s01_cov050_seed00000030_bw025,flip,fast_gate,6,1,0.5,0.25,,3,1000,0,0.0,0.0
c06_s01_cov050_seed00000031_bw025,flip,fast_gate,6,1,0.5,0.25,,1,531,469,1.0,0.531
c06_s01_cov050_seed00000031_bw025,flip,fast_gate,6,1,0.5,0.25,,2,509,491,0.656188605108055,0.334
c06_s01_cov050_seed00000031_bw025,flip,fast_gate,6,1,0.5,0.25,,3,225,775,0.0,0.0
c06_s01_cov050_seed00000031_bw025,flip,fast_gate,6,1,0.5,0.25,,4,0,1000,,0.0
c06_s01_cov050_seed00000032_bw025,flip,fast_gate,6,1,0.5,0.25,,1,1000,0,0.499,0.499
c06_s01_cov050_seed00000032_bw025,flip,fast_gate,6,1,0.5,0.25,,2,0,1000,,0.0
c06_s01_cov050_seed00000033_bw025,flip,fast_gate,6,1,0.5,0.25,,1,495,505,0.0,0.0
c06_s01_cov050_seed00000033_bw025,flip,fast_gate,6,1,0.5,0.25,,2,1000,0,0.0,0.0
c06_s01_cov050_seed00000034_bw025,flip,fast_gate,6,1,0.5,0.25,,1,670,330,0.5373134328358209,0.36
c06_s01_cov050_seed00000034_bw025,flip,fast_gate,6,1,0.5,0.25,,2,676,324,0.5103550295857988,0.345
c06_s01_cov050_seed00000034_bw025,flip,fast_gate,6,1,0.5,0.25,,3,0,1000,,0.0
c06_s01_cov050_seed00000035_bw025,flip,fast_gate,6,1,0.5,0.25,,1,656,344,1.0,0.656
c06_s01_cov050_seed00000035_bw025,flip,fast_gate,6,1,0.5,0.25,,2,698,302,0.5,0.349
c06_s01_cov050_seed00000035_bw025,flip,fast_gate,6,1,0.5,0.25,,3,0,1000,,0.0
c06_s01_cov050_seed00000036_bw025,flip,fast_gate,6,1,0.5,0.25,,1,1000,0,0.513,0.513
c06_s01_cov050_seed00000036_bw025,flip,fast_gate,6,1,0.5,0.25,,2,0,1000,,0.0
c06_s01_cov050_seed00000037_bw025,flip,fast_gate,6,1,0.5,0.25,,1,644,356,1.0,0.644
c06_s01_cov050_seed00000037_bw025,flip,fast_gate,6,1,0.5,0.25,,2,672,328,0.5342261904761905,0.359
c06_s01_cov050_seed00000037_bw025,flip,fast_gate,6,1,0.5,0.25,,3,0,1000,,0.0
c06_s01_cov050_seed00000038_bw025,flip,fast_gate,6,1,0.5,0.25,,1,760,240,1.0,0.76
c06_s01_cov050_seed00000038_bw025,flip,fast_gate,6,1,0.5,0.25,,2,682,318,0.5234604105571847,0.357
c06_s01_cov050_seed00000038_bw025,flip,fast_gate,6,1,0.5,0.25,,3,751,249,0.0,0.0
c06_s01_cov050_seed00000038_bw025,flip,fast_gate,6,1,0.5,0.25,,4,1000,0,0.0,0.0
c06_s01_cov050_seed00000039_bw025,flip,fast_gate,6,1,0.5,0.25,,1,1000,0,0.488,0.488
c06_s01_cov050_seed00000039_bw025,flip,fast_gate,6,1,0.5,0.25,,2,825,175,0.4,0.33
c06_s01_cov050_seed00000039_bw025,flip,fast_gate,6,1,0.5,0.25,,3,526,474,0.5608365019011406,0.295
c06_s01_cov050_seed00000039_bw025,flip,fast_gate,6,1,0.5,0.25,,4,0,1000,,0.0
c06_s01_cov050_seed00000040_bw025,flip,fast_gate,6,1,0.5,0.25,,1,1000,0,0.484,0.484
c06_s01_cov050_seed00000040_bw025,flip,fast_gate,6,1,0.5,0.25,,2,0,1000,,0.0
c06_s01_cov100_seed00000000_bw000,flip,fast_gate,6,1,1.0,0.0,,1,553,447,0.7631103074141049,0.422
c06_s01_cov100_seed00000000_bw000,flip,fast_gate,6,1,1.0,0.0,,2,284,716,0.6514084507042254,0.185
c06_s01_cov100_seed00000000_bw000,flip,fast_gate,6,1,1.0,0.0,,3,92,908,0.33695652173913043,0.031
c06_s01_cov100_seed00000000_bw000,flip,fast_gate,6,1,1.0,0.0,,4,35,965,0.0,0.0
c06_s01_cov100_seed00000000_bw000,flip,fast_gate,6,1,1.0,0.0,,5,0,1000,,0.0
c06_s01_cov100_seed00000000_bw000,flip,fast_gate,6,1,1.0,0.0,,6,0,1000,,0.0
c06_s01_cov100_seed00000000_bw000,flip,fast_gate,6,1,1.0,0.0,,7,0,1000,,0.0
c06_s01_cov100_seed00000001_bw000,flip,fast_gate,6,1,1.0,0.0,,1,510,490,0.7196078431372549,0.367
c06_s01_cov100_seed00000001_bw000,flip,fast_gate,6,1,1.0,0.0,,2,197,803,0.6091370558375635,0.12
c06_s01_cov100_seed00000001_bw000,flip,fast_gate,6,1,1.0,0.0,,3,113,887,0.584070796460177,0.066
c06_s01_cov100_seed00000001_bw000,flip,fast_gate,6,1,1.0,0.0,,4,141,859,0.5177304964539007,0.073
c06_s01_cov100_seed00000001_bw000,flip,fast_gate,6,1,1.0,0.0,,5,172,828,0.0,0.0
c06_s01_cov100_seed00000001_bw000,flip,fast_gate,6,1,1.0,0.0,,6,0,1000,,0.0
c06_s01_cov100_seed00000002_bw000,flip,fast_gate,6,1,1.0,0.0,,1,704,296,0.7613636363636364,0.536
c06_s01_cov100_seed00000002_bw000,flip,fast_gate,6,1,1.0,0.0,,2,322,678,0.562111801242236,0.181
c06_s01_cov100_seed00000002_bw000,flip,fast_gate,6,1,1.0,0.0,,3,99,901,0.0,0.0
c06_s01_cov100_seed00000002_bw000,flip,fast_gate,6,1,1.0,0.0,,4,0,1000,,0.0
c06_s01_cov100_seed00000002_bw000,flip,fast_gate,6,1,1.0,0.0,,5,0,1000,,0.0
c06_s01_cov100_seed00000002_bw000,flip,fast_gate,6,1,1.0,0.0,,6,0,1000,,0.0
c06_s01_cov100_seed00000003_bw000,flip,fast_gate,6,1,1.0,0.0,,1,590,410,0.7593220338983051,0.448
c06_s01_cov100_seed00000003_bw000,flip,fast_gate,6,1,1.0,0.0,,2,342,658,0.695906432748538,0.238
c06_s01_cov100_seed00000003_bw000,flip,fast_gate,6,1,1.0,0.0,,3,177,823,0.768361581920904,0.136
c06_s01_cov100_seed00000003_bw000,flip,fast_gate,6,1,1.0,0.0,,4,104,896,0.5,0.052
c06_s01_cov100_seed00000003_bw000,flip,fast_gate,6,1,1.0,0.0,,5,49,951,0.0,0.0
c06_s01_cov100_seed00000003_bw000,flip,fast_gate,6,1,1.0,0.0,,6,0,1000,,0.0
c06_s01_cov100_seed00000003_bw000,flip,fast_gate,6,1,1.0,0.0,,7,0,1000,,0.0
c06_s01_cov100_seed00000004_bw000,flip,fast_gate,6,1,1.0,0.0,,1,383,617,0.4699738903394256,0.18
c06_s01_cov100_seed00000004_bw000,flip,fast_gate,6,1,1.0,0.0,,2,87,913,0.0,0.0
c06_s01_cov100_seed00000004_bw000,flip,fast_gate,6,1,1.0,0.0,,3,104,896,0.0,0.0
c06_s01_cov100_seed00000004_bw000,flip,fast_gate,6,1,1.0,0.0,,4,191,809,0.0,0.0
c06_s01_cov100_seed00000004_bw000,flip,fast_gate,6,1,1.0,0.0,,5,0,1000,,0.0
c06_s01_cov100_seed00000005_bw000,flip,fast_gate,6,1,1.0,0.0,,1,334,666,0.47904191616766467,0.16
c06_s01_cov100_seed00000005_bw000,flip,fast_gate,6,1,1.0,0.0,,2,207,793,0.0,0.0
c06_s01_cov100_seed00000005_bw000,flip,fast_gate,6,1,1.0,0.0,,3,212,788,0.0,0.0
c06_s01_cov100_seed00000005_bw000,flip,fast_gate,6,1,1.0,0.0,,4,127,873,0.0,0.0
c06_s01_cov100_seed00000005_bw000,flip,fast_gate,6,1,1.0,0.0,,5,0,1000,,0.0
c06_s01_cov100_seed00000005_bw000,flip,fast_gate,6,1,1.0,0.0,,6,0,1000,,0.0
c06_s01_cov100_seed00000006_bw000,flip,fast_gate,6,1,1.0,0.0,,1,387,613,0.4909560723514212,0.19
c06_s01_cov100_seed00000006_bw000,flip,fast_gate,6,1,1.0,0.0,,2,299,701,0.3745819397993311,0.112
c06_s01_cov100_seed00000006_bw000,flip,fast_gate,6,1,1.0,0.0,,3,0,1000,,0.0
c06_s01_cov100_seed00000006_bw000,flip,fast_gate,6,1,1.0,0.0,,4,0,1000,,0.0
c06_s01_cov100_seed00000006_bw000,flip,fast_gate,6,1,1.0,0.0,,5,0,1000,,0.0
c06_s01_cov100_seed00000007_bw000,flip,fast_gate,6,1,1.0,0.0,,1,197,803,0.0,0.0
c06_s01_cov100_seed00000007_bw000,flip,fast_gate,6,1,1.0,0.0,,2,294,706,0.0,0.0
c06_s01_cov100_seed00000007_bw000,flip,fast_gate,6,1,1.0,0.0,,3,102,898,0.0,0.0
c06_s01_cov100_seed00000007_bw000,flip,fast_gate,6,1,1.0,0.0,,4,0,1000,,0.0
c06_s01_cov100_seed00000007_bw000,flip,fast_gate,6,1,1.0,0.0,,5,0,1000,,0.0
c06_s01_cov100_seed00000008_bw000,flip,fast_gate,6,1,1.0,0.0,,1,399,601,0.5288220551378446,0.211
c06_s01_cov100_seed00000008_bw000,flip,fast_gate,6,1,1.0,0.0,,2,186,814,0.5698924731182796,0.106
c06_s01_cov100_seed00000008_bw000,flip,fast_gate,6,1,1.0,0.0,,3,84,916,0.0,0.0
c06_s01_cov100_seed00000008_bw000,flip,fast_gate,6,1,1.0,0.0,,4,0,1000,,0.0
c06_s01_cov100_seed00000008_bw000,flip,fast_gate,6,1,1.0,0.0,,5,0,1000,,0.0
c06_s01_cov100_seed00000009_bw000,flip,fast_gate,6,1,1.0,0.0,,1,328,672,0.4817073170731707,0.158
c06_s01_cov100_seed00000009_bw000,flip,fast_gate,6,1,1.0,0.0,,2,138,862,0.4420289855072464,0.061
c06_s01_cov100_seed00000009_bw000,flip,fast_gate,6,1,1.0,0.0,,3,134,866,0.664179104477612,0.089
c06_s01_cov100_seed00000009_bw000,flip,fast_gate,6,1,1.0,0.0,,4,190,810,0.38421052631578945,0.073
c06_s01_cov100_seed00000009_bw000,flip,fast_gate,6,1,1.0,0.0,,5,162,838,0.0,0.0
c06_s01_cov100_seed00000009_bw000,flip,fast_gate,6,1,1.0,0.0,,6,0,1000,,0.0
c06_s01_cov100_seed00000010_bw000,flip,fast_gate,6,1,1.0,0.0,,1,418,582,0.6483253588516746,0.271
c06_s01_cov100_seed00000010_bw000,flip,fast_gate,6,1,1.0,0.0,,2,198,802,0.5606060606060606,0.111
c06_s01_cov100_seed00000010_bw000,flip,fast_gate,6,1,1.0,0.0,,3,118,882,0.5508474576271186,0.065
c06_s01_cov100_seed00000010_bw000,flip,fast_gate,6,1,1.0,0.0,,4,59,941,0.0,0.0
c06_s01_cov100_seed00000010_bw000,flip,fast_gate,6,1,1.0,0.0,,5,0,1000,,0.0
c06_s01_cov100_seed00000010_bw000,flip,fast_gate,6,1,1.0,0.0,,6,0,1000,,0.0
c06_s01_cov100_seed00000010_bw000,flip,fast_gate,6,1,1.0,0.0,,7,0,1000,,0.0
c06_s01_cov100_seed00000011_bw000,flip,fast_gate,6,1,1.0,0.0,,1,834,166,0.7913669064748201,0.66
c06_s01_cov100_seed00000011_bw000,flip,fast_gate,6,1,1.0,0.0,,2,333,667,0.7897897897897898,0.263
c06_s01_cov100_seed00000011_bw000,flip,fast_gate,6,1,1.0,0.0,,3,45,955,1.0,0.045
c06_s01_cov100_seed00000011_bw000,flip,fast_gate,6,1,1.0,0.0,,4,0,1000,,0.0
c06_s01_cov100_seed00000011_bw000,flip,fast_gate,6,1,1.0,0.0,,5,0,1000,,0.0
c06_s01_cov100_seed00000011_bw000,flip,fast_gate,6,1,1.0,0.0,,6,0,1000,,0.0
c06_s01_cov100_seed00000012_bw000,flip,fast_gate,6,1,1.0,0.0,,1,571,429,0.7548161120840631,0.431
c06_s01_cov100_seed00000012_bw000,flip,fast_gate,6,1,1.0,0.0,,2,383,617,0.6214099216710183,0.238
c06_s01_cov100_seed00000012_bw000,flip,fast_gate,6,1,1.0,0.0,,3,229,771,0.44541484716157204,0.102
c06_s01_cov100_seed00000012_bw000,flip,fast_gate,6,1,1.0,0.0,,4,89,911,0.34831460674157305,0.031
c06_s01_cov100_seed00000012_bw000,flip,fast_gate,6,1,1.0,0.0,,5,0,1000,,0.0
c06_s01_cov100_seed00000012_bw000,flip,fast_gate,6,1,1.0,0.0,,6,0,1000,,0.0
c06_s01_cov100_seed00000012_bw000,flip,fast_gate,6,1,1.0,0.0,,7,0,1000,,0.0
c06_s01_cov100_seed00000013_bw000,flip,fast_gate,6,1,1.0,0.0,,1,325,675,0.5353846153846153,0.174
c06_s01_cov100_seed00000013_bw000,flip,fast_gate,6,1,1.0,0.0,,2,203,797,0.0,0.0
c06_s01_cov100_seed00000013_bw000,flip,fast_gate,6,1,1.0,0.0,,3,136,864,0.0,0.0
c06_s01_cov100_seed00000013_bw000,flip,fast_gate,6,1,1.0,0.0,,4,138,862,0.0,0.0
c06_s01_cov100_seed00000013_bw000,flip,fast_gate,6,1,1.0,0.0,,5,188,812,0.0,0.0
c06_s01_cov100_seed00000013_bw000,flip,fast_gate,6,1,1.0,0.0,,6,0,1000,,0.0
c06_s01_cov100_seed00000014_bw000,flip,fast_gate,6,1,1.0,0.0,,1,406,594,0.5246305418719212,0.213
c06_s01_cov100_seed00000014_bw000,flip,fast_gate,6,1,1.0,0.0,,2,215,785,0.4511627906976744,0.097
c06_s01_cov100_seed00000014_bw000,flip,fast_gate,6,1,1.0,0.0,,3,91,909,0.0,0.0
c06_s01_cov100_seed00000014_bw000,flip,fast_gate,6,1,1.0,0.0,,4,0,1000,,0.0
c06_s01_cov100_seed00000014_bw000,flip,fast_gate,6,1,1.0,0.0,,5,0,1000,,0.0
c06_s01_cov100_seed00000015_bw000,flip,fast_gate,6,1,1.0,0.0,,1,514,486,0.7023346303501945,0.361
c06_s01_cov100_seed00000015_bw000,flip,fast_gate,6,1,1.0,0.0,,2,281,719,0.4875444839857651,0.137
c06_s01_cov100_seed00000015_bw000,flip,fast_gate,6,1,1.0,0.0,,3,140,860,0.38571428571428573,0.054
c06_s01_cov100_seed00000015_bw000,flip,fast_gate,6,1,1.0,0.0,,4,62,938,0.0,0.0
c06_s01_cov100_seed00000015_bw000,flip,fast_gate,6,1,1.0,0.0,,5,0,1000,,0.0
c06_s01_cov100_seed00000015_bw000,flip,fast_gate,6,1,1.0,0.0,,6,0,1000,,0.0
c06_s01_cov100_seed00000016_bw000,flip,fast_gate,6,1,1.0,0.0,,1,332,668,0.4789156626506024,0.159
c06_s01_cov100_seed00000016_bw000,flip,fast_gate,6,1,1.0,0.0,,2,215,785,0.0,0.0
c06_s01_cov100_seed00000016_bw000,flip,fast_gate,6,1,1.0,0.0,,3,200,800,0.0,0.0
c06_s01_cov100_seed00000016_bw000,flip,fast_gate,6,1,1.0,0.0,,4,111,889,0.0,0.0
c06_s01_cov100_seed00000016_bw000,flip,fast_gate,6,1,1.0,0.0,,5,0,1000,,0.0
c06_s01_cov100_seed00000016_bw000,flip,fast_gate,6,1,1.0,0.0,,6,0,1000,,0.0
c06_s01_cov100_seed00000017_bw000,flip,fast_gate,6,1,1.0,0.0,,1,431,569,0.6496519721577726,0.28
c06_s01_cov100_seed00000017_bw000,flip,fast_gate,6,1,1.0,0.0,,2,230,770,0.40869565217391307,0.094
c06_s01_cov100_seed00000017_bw000,flip,fast_gate,6,1,1.0,0.0,,3,184,816,0.28804347826086957,0.053
c06_s01_cov100_seed00000017_bw000,flip,fast_gate,6,1,1.0,0.0,,4,156,844,0.41025641025641024,0.064
c06_s01_cov100_seed00000017_bw000,flip,fast_gate,6,1,1.0,0.0,,5,153,847,0.29411764705882354,0.045
c06_s01_cov100_seed00000017_bw000,flip,fast_gate,6,1,1.0,0.0,,6,151,849,0.0,0.0
c06_s01_cov100_seed00000017_bw000,flip,fast_gate,6,1,1.0,0.0,,7,0,1000,,0.0
c06_s01_cov100_seed00000018_bw000,flip,fast_gate,6,1,1.0,0.0,,1,468,532,0.6730769230769231,0.315
c06_s01_cov100_seed00000018_bw000,flip,fast_gate,6,1,1.0,0.0,,2,268,732,0.4626865671641791,0.124
c06_s01_cov100_seed00000018_bw000,flip,fast_gate,6,1,1.0,0.0,,3,160,840,0.3875,0.062
c06_s01_cov100_seed00000018_bw000,flip,fast_gate,6,1,1.0,0.0,,4,62,938,0.0,0.0
c06_s01_cov100_seed00000018_bw000,flip,fast_gate,6,1,1.0,0.0,,5,0,1000,,0.0
c06_s01_cov100_seed00000018_bw000,flip,fast_gate,6,1,1.0,0.0,,6,0,1000,,0.0
c06_s01_cov100_seed00000019_bw000,flip,fast_gate,6,1,1.0,0.0,,1,672,328,0.7470238095238095,0.502
c06_s01_cov100_seed00000019_bw000,flip,fast_gate,6,1,1.0,0.0,,2,244,756,0.4672131147540984,0.114
c06_s01_cov100_seed00000019_bw000,flip,fast_gate,6,1,1.0,0.0,,3,104,896,0.0,0.0
c06_s01_cov100_seed00000019_bw000,flip,fast_gate,6,1,1.0,0.0,,4,77,923,0.0,0.0
c06_s01_cov100_seed00000019_bw000,flip,fast_gate,6,1,1.0,0.0,,5,0,1000,,0.0
c06_s01_cov100_seed00000019_bw000,flip,fast_gate,6,1,1.0,0.0,,6,0,1000,,0.0
c06_s01_cov100_seed00000020_bw000,flip,fast_gate,6,1,1.0,0.0,,1,557,443,0.7289048473967684,0.406
c06_s01_cov100_seed00000020_bw000,flip,fast_gate,6,1,1.0,0.0,,2,344,656,0.5697674418604651,0.196
c06_s01_cov100_seed00000020_bw000,flip,fast_gate,6,1,1.0,0.0,,3,183,817,0.31693989071038253,0.058
c06_s01_cov100_seed00000020_bw000,flip,fast_gate,6,1,1.0,0.0,,4,107,893,0.0,0.0
c06_s01_cov100_seed00000020_bw000,flip,fast_gate,6,1,1.0,0.0,,5,46,954,0.0,0.0
c06_s01_cov100_seed00000020_bw000,flip,fast_gate,6,1,1.0,0.0,,6,0,1000,,0.0
c06_s01_cov100_seed00000020_bw000,flip,fast_gate,6,1,1.0,0.0,,7,0,1000,,0.0
c06_s01_cov100_seed00000021_bw000,flip,fast_gate,6,1,1.0,0.0,,1,583,417,0.6638078902229846,0.387
c06_s01_cov100_seed00000021_bw000,flip,fast_gate,6,1,1.0,0.0,,2,201,799,0.47761194029850745,0.096
c06_s01_cov100_seed00000021_bw000,flip,fast_gate,6,1,1.0,0.0,,3,0,1000,,0.0
c06_s01_cov100_seed00000021_bw000,flip,fast_gate,6,1,1.0,0.0,,4,0,1000,,0.0
c06_s01_cov100_seed00000021_bw000,flip,fast_gate,6,1,1.0,0.0,,5,0,1000,,0.0
c06_s01_cov100_seed00000022_bw000,flip,fast_gate,6,1,1.0,0.0,,1,575,425,0.7652173913043478,0.44
c06_s01_cov100_seed00000022_bw000,flip,fast_gate,6,1,1.0,0.0,,2,265,735,0.6566037735849056,0.174
c06_s01_cov100_seed00000022_bw000,flip,fast_gate,6,1,1.0,0.0,,3,86,914,0.3023255813953488,0.026
c06_s01_cov100_seed00000022_bw000,flip,fast_gate,6,1,1.0,0.0,,4,27,973,0.0,0.0
c06_s01_cov100_seed00000022_bw000,flip,fast_gate,6,1,1.0,0.0,,5,0,1000,,0.0
c06_s01_cov100_seed00000022_bw000,flip,fast_gate,6,1,1.0,0.0,,6,0,1000,,0.0
c06_s01_cov100_seed00000022_bw000,flip,fast_gate,6,1,1.0,0.0,,7,0,1000,,0.0
c06_s01_cov100_seed00000023_bw000,flip,fast_gate,6,1,1.0,0.0,,1,674,326,0.7403560830860534,0.499
c06_s01_cov100_seed00000023_bw000,flip,fast_gate,6,1,1.0,0.0,,2,318,682,0.7327044025157232,0.233
c06_s01_cov100_seed00000023_bw000,flip,fast_gate,6,1,1.0,0.0,,3,96,904,1.0,0.096
c06_s01_cov100_seed00000023_bw000,flip,fast_gate,6,1,1.0,0.0,,4,0,1000,,0.0
c06_s01_cov100_seed00000023_bw000,flip,fast_gate,6,1,1.0,0.0,,5,0,1000,,0.0
c06_s01_cov100_seed00000023_bw000,flip,fast_gate,6,1,1.0,0.0,,6,0,1000,,0.0
c06_s01_cov100_seed00000024_bw000,flip,fast_gate,6,1,1.0,0.0,,1,819,181,0.7423687423687424,0.608
c06_s01_cov100_seed00000024_bw000,flip,fast_gate,6,1,1.0,0.0,,2,104,896,1.0,0.104
c06_s01_cov100_seed00000024_bw000,flip,fast_gate,6,1,1.0,0.0,,3,0,1000,,0.0
c06_s01_cov100_seed00000024_bw000,flip,fast_gate,6,1,1.0,0.0,,4,0,1000,,0.0
c06_s01_cov100_seed00000024_bw000,flip,fast_gate,6,1,1.0,0.0,,5,0,1000,,0.0
c06_s01_cov100_seed00000025_bw000,flip,fast_gate,6,1,1.0,0.0,,1,382,618,0.6596858638743456,0.252
c06_s01_cov100_seed00000025_bw000,flip,fast_gate,6,1,1.0,0.0,,2,131,869,0.7480916030534351,0.098
c06_s01_cov100_seed00000025_bw000,flip,fast_gate,6,1,1.0,0.0,,3,94,906,0.5851063829787234,0.055
c06_s01_cov100_seed00000025_bw000,flip,fast_gate,6,1,1.0,0.0,,4,39,961,0.3076923076923077,0.012
c06_s01_cov100_seed00000025_bw000,flip,fast_gate,6,1,1.0,0.0,,5,14,986,0.0,0.0
c06_s01_cov100_seed00000025_bw000,flip,fast_gate,6,1,1.0,0.0,,6,0,1000,,0.0
c06_s01_cov100_seed00000025_bw000,flip,fast_gate,6,1,1.0,0.0,,7,0,1000,,0.0
c06_s01_cov100_seed00000025_bw000,flip,fast_gate,6,1,1.0,0.0,,8,0,1000,,0.0
c06_s01_cov100_seed00000026_bw000,flip,fast_gate,6,1,1.0,0.0,,1,431,569,0.6589327146171694,0.284
c06_s01_cov100_seed00000026_bw000,flip,fast_gate,6,1,1.0,0.0,,2,183,817,0.5300546448087432,0.097
c06_s01_cov100_seed00000026_bw000,flip,fast_gate,6,1,1.0,0.0,,3,115,885,0.4260869565217391,0.049
c06_s01_cov100_seed00000026_bw000,flip,fast_gate,6,1,1.0,0.0,,4,40,960,0.0,0.0
c06_s01_cov100_seed00000026_bw000,flip,fast_gate,6,1,1.0,0.0,,5,0,1000,,0.0
c06_s01_cov100_seed00000026_bw000,flip,fast_gate,6,1,1.0,0.0,,6,0,1000,,0.0
c06_s01_cov100_seed00000026_bw000,flip,fast_gate,6,1,1.0,0.0,,7,0,1000,,0.0
c06_s01_cov100_seed00000027_bw000,flip,fast_gate,6,1,1.0,0.0,,1,510,490,0.6529411764705882,0.333
c06_s01_cov100_seed00000027_bw000,flip,fast_gate,6,1,1.0,0.0,,2,336,664,0.5863095238095238,0.197
c06_s01_cov100_seed00000027_bw000,flip,fast_gate,6,1,1.0,0.0,,3,142,858,0.6408450704225352,0.091
c06_s01_cov100_seed00000027_bw000,flip,fast_gate,6,1,1.0,0.0,,4,0,1000,,0.0
c06_s01_cov100_seed00000027_bw000,flip,fast_gate,6,1,1.0,0.0,,5,0,1000,,0.0
c06_s01_cov100_seed00000027_bw000,flip,fast_gate,6,1,1.0,0.0,,6,0,1000,,0.0
c06_s01_cov100_seed00000028_bw000,flip,fast_gate,6,1,1.0,0.0,,1,500,500,0.672,0.336
c06_s01_cov100_seed00000028_bw000,flip,fast_gate,6,1,1.0,0.0,,2,187,813,0.3582887700534759,0.067
c06_s01_cov100_seed00000028_bw000,flip,fast_gate,6,1,1.0,0.0,,3,101,899,0.0,0.0
c06_s01_cov100_seed00000028_bw000,flip,fast_gate,6,1,1.0,0.0,,4,129,871,0.0,0.0
c06_s01_cov100_seed00000028_bw000,flip,fast_gate,6,1,1.0,0.0,,5,174,826,0.0,0.0
c06_s01_cov100_seed00000028_bw000,flip,fast_gate,6,1,1.0,0.0,,6,0,1000,,0.0
c06_s01_cov100_seed00000029_bw000,flip,fast_gate,6,1,1.0,0.0,,1,571,429,0.7443082311733801,0.425
c06_s01_cov100_seed00000029_bw000,flip,fast_gate,6,1,1.0,0.0,,2,218,782,0.4036697247706422,0.088
c06_s01_cov100_seed00000029_bw000,flip,fast_gate,6,1,1.0,0.0,,3,127,873,0.0,0.0
c06_s01_cov100_seed00000029_bw000,flip,fast_gate,6,1,1.0,0.0,,4,60,940,0.0,0.0
c06_s01_cov100_seed00000029_bw000,flip,fast_gate,6,1,1.0,0.0,,5,0,1000,,0.0
c06_s01_cov100_seed00000029_bw000,flip,fast_gate,6,1,1.0,0.0,,6,0,1000,,0.0
c06_s01_cov100_seed00000029_bw000,flip,fast_gate,6,1,1.0,0.0,,7,0,1000,,0.0
c06_s01_cov100_seed00000030_bw000,flip,fast_gate,6,1,1.0,0.0,,1,690,310,0.744927536231884,0.514
c06_s01_cov100_seed00000030_bw000,flip,fast_gate,6,1,1.0,0.0,,2,331,669,0.8036253776435045,0.266
c06_s01_cov100_seed00000030_bw000,flip,fast_gate,6,1,1.0,0.0,,3,107,893,1.0,0.107
c06_s01_cov100_seed00000030_bw000,flip,fast_gate,6,1,1.0,0.0,,4,0,1000,,0.0
c06_s01_cov100_seed00000030_bw000,flip,fast_gate,6,1,1.0,0.0,,5,0,1000,,0.0
c06_s01_cov100_seed00000030_bw000,flip,fast_gate,6,1,1.0,0.0,,6,0,1000,,0.0
c06_s01_cov100_seed00000031_bw000,flip,fast_gate,6,1,1.0,0.0,,1,408,592,0.6642156862745098,0.271
c06_s01_cov100_seed00000031_bw000,flip,fast_gate,6,1,1.0,0.0,,2,181,819,0.7569060773480663,0.137
c06_s01_cov100_seed00000031_bw000,flip,fast_gate,6,1,1.0,0.0,,3,137,863,0.8175182481751825,0.112
c06_s01_cov100_seed00000031_bw000,flip,fast_gate,6,1,1.0,0.0,,4,86,914,0.6744186046511628,0.058
c06_s01_cov100_seed00000031_bw000,flip,fast_gate,6,1,1.0,0.0,,5,0,1000,,0.0
c06_s01_cov100_seed00000031_bw000,flip,fast_gate,6,1,1.0,0.0,,6,0,1000,,0.0
c06_s01_cov100_seed00000031_bw000,flip,fast_gate,6,1,1.0,0.0,,7,0,1000,,0.0
c06_s01_cov100_seed00000032_bw000,flip,fast_gate,6,1,1.0,0.0,,1,398,602,0.47738693467336685,0.19
c06_s01_cov100_seed00000032_bw000,flip,fast_gate,6,1,1.0,0.0,,2,322,678,0.0,0.0
c06_s01_cov100_seed00000032_bw000,flip,fast_gate,6,1,1.0,0.0,,3,0,1000,,0.0
c06_s01_cov100_seed00000032_bw000,flip,fast_gate,6,1,1.0,0.0,,4,0,1000,,0.0
c06_s01_cov100_seed00000032_bw000,flip,fast_gate,6,1,1.0,0.0,,5,0,1000,,0.0
c06_s01_cov100_seed00000033_bw000,flip,fast_gate,6,1,1.0,0.0,,1,182,818,0.0,0.0
c06_s01_cov100_seed00000033_bw000,flip,fast_gate,6,1,1.0,0.0,,2,364,636,0.0,0.0
c06_s01_cov100_seed00000033_bw000,flip,fast_gate,6,1,1.0,0.0,,3,0,1000,,0.0
c06_s01_cov100_seed00000033_bw000,flip,fast_gate,6,1,1.0,0.0,,4,0,1000,,0.0
c06_s01_cov100_seed00000033_bw000,flip,fast_gate,6,1,1.0,0.0,,5,0,1000,,0.0
c06_s01_cov100_seed00000034_bw000,flip,fast_gate,6,1,1.0,0.0,,1,496,504,0.6713709677419355,0.333
c06_s01_cov100_seed00000034_bw000,flip,fast_gate,6,1,1.0,0.0,,2,328,672,0.5792682926829268,0.19
c06_s01_cov100_seed00000034_bw000,flip,fast_gate,6,1,1.0,0.0,,3,141,859,0.2907801418439716,0.041
c06_s01_cov100_seed00000034_bw000,flip,fast_gate,6,1,1.0,0.0,,4,0,1000,,0.0
c06_s01_cov100_seed00000034_bw000,flip,fast_gate,6,1,1.0,0.0,,5,0,1000,,0.0
c06_s01_cov100_seed00000034_bw000,flip,fast_gate,6,1,1.0,0.0,,6,0,1000,,0.0
c06_s01_cov100_seed00000035_bw000,flip,fast_gate,6,1,1.0,0.0,,1,488,512,0.6454918032786885,0.315
c06_s01_cov100_seed00000035_bw000,flip,fast_gate,6,1,1.0,0.0,,2,329,671,0.6048632218844985,0.199
c06_s01_cov100_seed00000035_bw000,flip,fast_gate,6,1,1.0,0.0,,3,166,834,0.7108433734939759,0.118
c06_s01_cov100_seed00000035_bw000,flip,fast_gate,6,1,1.0,0.0,,4,0,1000,,0.0
c06_s01_cov100_seed00000035_bw000,flip,fast_gate,6,1,1.0,0.0,,5,0,1000,,0.0
c06_s01_cov100_seed00000035_bw000,flip,fast_gate,6,1,1.0,0.0,,6,0,1000,,0.0
c06_s01_cov100_seed00000036_bw000,flip,fast_gate,6,1,1.0,0.0,,1,597,403,0.7001675041876047,0.418
c06_s01_cov100_seed00000036_bw000,flip,fast_gate,6,1,1.0,0.0,,2,201,799,1.0,0.201
c06_s01_cov100_seed00000036_bw000,flip,fast_gate,6,1,1.0,0.0,,3,0,1000,,0.0
c06_s01_cov100_seed00000036_bw000,flip,fast_gate,6,1,1.0,0.0,,4,0,1000,,0.0
c06_s01_cov100_seed00000036_bw000,flip,fast_gate,6,1,1.0,0.0,,5,0,1000,,0.0
c06_s01_cov100_seed00000037_bw000,flip,fast_gate,6,1,1.0,0.0,,1,500,500,0.658,0.329
c06_s01_cov100_seed00000037_bw000,flip,fast_gate,6,1,1.0,0.0,,2,198,802,0.6818181818181818,0.135
c06_s01_cov100_seed00000037_bw000,flip,fast_gate,6,1,1.0,0.0,,3,152,848,1.0,0.152
c06_s01_cov100_seed00000037_bw000,flip,fast_gate,6,1,1.0,0.0,,4,108,892,1.0,0.108
c06_s01_cov100_seed00000037_bw000,flip,fast_gate,6,1,1.0,0.0,,5,0,1000,,0.0
c06_s01_cov100_seed00000037_bw000,flip,fast_gate,6,1,1.0,0.0,,6,0,1000,,0.0
c06_s01_cov100_seed00000038_bw000,flip,fast_gate,6,1,1.0,0.0,,1,451,549,0.6718403547671841,0.303
c06_s01_cov100_seed00000038_bw000,flip,fast_gate,6,1,1.0,0.0,,2,300,700,0.31333333333333335,0.094
c06_s01_cov100_seed00000038_bw000,flip,fast_gate,6,1,1.0,0.0,,3,226,774,0.1504424778761062,0.034
c06_s01_cov100_seed00000038_bw000,flip,fast_gate,6,1,1.0,0.0,,4,148,852,0.0,0.0
c06_s01_cov100_seed00000038_bw000,flip,fast_gate,6,1,1.0,0.0,,5,41,959,0.0,0.0
c06_s01_cov100_seed00000038_bw000,flip,fast_gate,6,1,1.0,0.0,,6,0,1000,,0.0
c06_s01_cov100_seed00000038_bw000,flip,fast_gate,6,1,1.0,0.0,,7,0,1000,,0.0
c06_s01_cov100_seed00000039_bw000,flip,fast_gate,6,1,1.0,0.0,,1,402,598,0.7089552238805971,0.285
c06_s01_cov100_seed00000039_bw000,flip,fast_gate,6,1,1.0,0.0,,2,281,719,0.31316725978647686,0.088
c06_s01_cov100_seed00000039_bw000,flip,fast_gate,6,1,1.0,0.0,,3,239,761,0.11297071129707113,0.027
c06_s01_cov100_seed00000039_bw000,flip,fast_gate,6,1,1.0,0.0,,4,156,844,0.0,0.0
c06_s01_cov100_seed00000039_bw000,flip,fast_gate,6,1,1.0,0.0,,5,35,965,0.0,0.0
c06_s01_cov100_seed00000039_bw000,flip,fast_gate,6,1,1.0,0.0,,6,0,1000,,0.0
c06_s01_cov100_seed00000039_bw000,flip,fast_gate,6,1,1.0,0.0,,7,0,1000,,0.0
c06_s01_cov100_seed00000000_bw010,flip,fast_gate,6,1,1.0,0.1,,1,418,582,1.0,0.418
c06_s01_cov100_seed00000000_bw010,flip,fast_gate,6,1,1.0,0.1,,2,247,753,0.5546558704453441,0.137
c06_s01_cov100_seed00000000_bw010,flip,fast_gate,6,1,1.0,0.1,,3,139,861,0.4172661870503597,0.058
c06_s01_cov100_seed00000000_bw010,flip,fast_gate,6,1,1.0,0.1,,4,28,972,0.0,0.0
c06_s01_cov100_seed00000000_bw010,flip,fast_gate,6,1,1.0,0.1,,5,0,1000,,0.0
c06_s01_cov100_seed00000000_bw010,flip,fast_gate,6,1,1.0,0.1,,6,0,1000,,0.0
c06_s01_cov100_seed00000000_bw010,flip,fast_gate,6,1,1.0,0.1,,7,0,1000,,0.0
c06_s01_cov100_seed00000001_bw010,flip,fast_gate,6,1,1.0,0.1,,1,495,505,1.0,0.495
c06_s01_cov100_seed00000001_bw010,flip,fast_gate,6,1,1.0,0.1,,2,284,716,0.4859154929577465,0.138
c06_s01_cov100_seed00000001_bw010,flip,fast_gate,6,1,1.0,0.1,,3,141,859,0.3049645390070922,0.043
c06_s01_cov100_seed00000001_bw010,flip,fast_gate,6,1,1.0,0.1,,4,66,934,0.0,0.0
c06_s01_cov100_seed00000001_bw010,flip,fast_gate,6,1,1.0,0.1,,5,0,1000,,0.0
c06_s01_cov100_seed00000001_bw010,flip,fast_gate,6,1,1.0,0.1,,6,0,1000,,0.0
c06_s01_cov100_seed00000004_bw010,flip,fast_gate,6,1,1.0,0.1,,1,399,601,0.506265664160401,0.202
c06_s01_cov100_seed00000004_bw010,flip,fast_gate,6,1,1.0,0.1,,2,88,912,0.0,0.0
c06_s01_cov100_seed00000004_bw010,flip,fast_gate,6,1,1.0,0.1,,3,107,893,0.0,0.0
c06_s01_cov100_seed00000004_bw010,flip,fast_gate,6,1,1.0,0.1,,4,169,831,0.0,0.0
c06_s01_cov100_seed00000004_bw010,flip,fast_gate,6,1,1.0,0.1,,5,0,1000,,0.0
c06_s01_cov100_seed00000005_bw010,flip,fast_gate,6,1,1.0,0.1,,1,664,336,0.7650602409638554,0.508
c06_s01_cov100_seed00000005_bw010,flip,fast_gate,6,1,1.0,0.1,,2,353,647,0.7847025495750708,0.277
c06_s01_cov100_seed00000005_bw010,flip,fast_gate,6,1,1.0,0.1,,3,92,908,1.0,0.092
c06_s01_cov100_seed00000005_bw010,flip,fast_gate,6,1,1.0,0.1,,4,0,1000,,0.0
c06_s01_cov100_seed00000005_bw010,flip,fast_gate,6,1,1.0,0.1,,5,0,1000,,0.0
c06_s01_cov100_seed00000005_bw010,flip,fast_gate,6,1,1.0,0.1,,6,0,1000,,0.0
c06_s01_cov100_seed00000006_bw010,flip,fast_gate,6,1,1.0,0.1,,1,402,598,0.48009950248756217,0.193
c06_s01_cov100_seed00000006_bw010,flip,fast_gate,6,1,1.0,0.1,,2,320,680,0.334375,0.107
c06_s01_cov100_seed00000006_bw010,flip,fast_gate,6,1,1.0,0.1,,3,0,1000,,0.0
c06_s01_cov100_seed00000006_bw010,flip,fast_gate,6,1,1.0,0.1,,4,0,1000,,0.0
c06_s01_cov100_seed00000006_bw010,flip,fast_gate,6,1,1.0,0.1,,5,0,1000,,0.0
c06_s01_cov100_seed00000007_bw010,flip,fast_gate,6,1,1.0,0.1,,1,195,805,0.0,0.0
c06_s01_cov100_seed00000007_bw010,flip,fast_gate,6,1,1.0,0.1,,2,307,693,0.0,0.0
c06_s01_cov100_seed00000007_bw010,flip,fast_gate,6,1,1.0,0.1,,3,112,888,0.0,0.0
c06_s01_cov100_seed00000007_bw010,flip,fast_gate,6,1,1.0,0.1,,4,0,1000,,0.0
c06_s01_cov100_seed00000007_bw010,flip,fast_gate,6,1,1.0,0.1,,5,0,1000,,0.0
c06_s01_cov100_seed00000008_bw010,flip,fast_gate,6,1,1.0,0.1,,1,389,611,0.506426735218509,0.197
c06_s01_cov100_seed00000008_bw010,flip,fast_gate,6,1,1.0,0.1,,2,181,819,0.5248618784530387,0.095
c06_s01_cov100_seed00000008_bw010,flip,fast_gate,6,1,1.0,0.1,,3,111,889,0.0,0.0
c06_s01_cov100_seed00000008_bw010,flip,fast_gate,6,1,1.0,0.1,,4,0,1000,,0.0
c06_s01_cov100_seed00000008_bw010,flip,fast_gate,6,1,1.0,0.1,,5,0,1000,,0.0
c06_s01_cov100_seed00000009_bw010,flip,fast_gate,6,1,1.0,0.1,,1,326,674,1.0,0.326
c06_s01_cov100_seed00000009_bw010,flip,fast_gate,6,1,1.0,0.1,,2,279,721,0.44802867383512546,0.125
c06_s01_cov100_seed00000009_bw010,flip,fast_gate,6,1,1.0,0.1,,3,191,809,0.23036649214659685,0.044
c06_s01_cov100_seed00000009_bw010,flip,fast_gate,6,1,1.0,0.1,,4,73,927,0.0,0.0
c06_s01_cov100_seed00000009_bw010,flip,fast_gate,6,1,1.0,0.1,,5,0,1000,,0.0
c06_s01_cov100_seed00000009_bw010,flip,fast_gate,6,1,1.0,0.1,,6,0,1000,,0.0
c06_s01_cov100_seed00000011_bw010,flip,fast_gate,6,1,1.0,0.1,,1,357,643,0.5014005602240896,0.179
c06_s01_cov100_seed00000011_bw010,flip,fast_gate,6,1,1.0,0.1,,2,260,740,0.0,0.0
c06_s01_cov100_seed00000011_bw010,flip,fast_gate,6,1,1.0,0.1,,3,215,785,0.0,0.0
c06_s01_cov100_seed00000011_bw010,flip,fast_gate,6,1,1.0,0.1,,4,72,928,0.0,0.0
c06_s01_cov100_seed00000011_bw010,flip,fast_gate,6,1,1.0,0.1,,5,0,1000,,0.0
c06_s01_cov100_seed00000011_bw010,flip,fast_gate,6,1,1.0,0.1,,6,0,1000,,0.0
c06_s01_cov100_seed00000014_bw010,flip,fast_gate,6,1,1.0,0.1,,1,396,604,0.494949494949495,0.196
c06_s01_cov100_seed00000014_bw010,flip,fast_gate,6,1,1.0,0.1,,2,234,766,0.4829059829059829,0.113
c06_s01_cov100_seed00000014_bw010,flip,fast_gate,6,1,1.0,0.1,,3,93,907,0.0,0.0
c06_s01_cov100_seed00000014_bw010,flip,fast_gate,6,1,1.0,0.1,,4,0,1000,,0.0
c06_s01_cov100_seed00000014_bw010,flip,fast_gate,6,1,1.0,0.1,,5,0,1000,,0.0
c06_s01_cov100_seed00000019_bw010,flip,fast_gate,6,1,1.0,0.1,,1,669,331,0.7518684603886397,0.503
c06_s01_cov100_seed00000019_bw010,flip,fast_gate,6,1,1.0,0.1,,2,273,727,0.46886446886446886,0.128
c06_s01_cov100_seed00000019_bw010,flip,fast_gate,6,1,1.0,0.1,,3,115,885,0.0,0.0
c06_s01_cov100_seed00000019_bw010,flip,fast_gate,6,1,1.0,0.1,,4,73,927,0.0,0.0
c06_s01_cov100_seed00000019_bw010,flip,fast_gate,6,1,1.0,0.1,,5,0,1000,,0.0
c06_s01_cov100_seed00000019_bw010,flip,fast_gate,6,1,1.0,0.1,,6,0,1000,,0.0
c06_s01_cov100_seed00000021_bw010,flip,fast_gate,6,1,1.0,0.1,,1,583,417,0.6586620926243568,0.384
c06_s01_cov100_seed00000021_bw010,flip,fast_gate,6,1,1.0,0.1,,2,191,809,0.4712041884816754,0.09
c06_s01_cov100_seed00000021_bw010,flip,fast_gate,6,1,1.0,0.1,,3,0,1000,,0.0
c06_s01_cov100_seed00000021_bw010,flip,fast_gate,6,1,1.0,0.1,,4,0,1000,,0.0
c06_s01_cov100_seed00000021_bw010,flip,fast_gate,6,1,1.0,0.1,,5,0,1000,,0.0
c06_s01_cov100_seed00000022_bw010,flip,fast_gate,6,1,1.0,0.1,,1,449,551,1.0,0.449
c06_s01_cov100_seed00000022_bw010,flip,fast_gate,6,1,1.0,0.1,,2,226,774,0.5796460176991151,0.131
c06_s01_cov100_seed00000022_bw010,flip,fast_gate,6,1,1.0,0.1,,3,139,861,0.43884892086330934,0.061
c06_s01_cov100_seed00000022_bw010,flip,fast_gate,6,1,1.0,0.1,,4,21,979,0.0,0.0
c06_s01_cov100_seed00000022_bw010,flip,fast_gate,6,1,1.0,0.1,,5,0,1000,,0.0
c06_s01_cov100_seed00000022_bw010,flip,fast_gate,6,1,1.0,0.1,,6,0,1000,,0.0
c06_s01_cov100_seed00000022_bw010,flip,fast_gate,6,1,1.0,0.1,,7,0,1000,,0.0
c06_s01_cov100_seed00000024_bw010,flip,fast_gate,6,1,1.0,0.1,,1,810,190,0.7765432098765432,0.629
c06_s01_cov100_seed00000024_bw010,flip,fast_gate,6,1,1.0,0.1,,2,115,885,1.0,0.115
c06_s01_cov100_seed00000024_bw010,flip,fast_gate,6,1,1.0,0.1,,3,0,1000,,0.0
c06_s01_cov100_seed00000024_bw010,flip,fast_gate,6,1,1.0,0.1,,4,0,1000,,0.0
c06_s01_cov100_seed00000024_bw010,flip,fast_gate,6,1,1.0,0.1,,5,0,1000,,0.0
c06_s01_cov100_seed00000025_bw010,flip,fast_gate,6,1,1.0,0.1,,1,244,756,0.5163934426229508,0.126
c06_s01_cov100_seed00000025_bw010,flip,fast_gate,6,1,1.0,0.1,,2,146,854,0.2808219178082192,0.041
c06_s01_cov100_seed00000025_bw010,flip,fast_gate,6,1,1.0,0.1,,3,75,925,0.0,0.0
c06_s01_cov100_seed00000025_bw010,flip,fast_gate,6,1,1.0,0.1,,4,62,938,0.0,0.0
c06_s01_cov100_seed00000025_bw010,flip,fast_gate,6,1,1.0,0.1,,5,18,982,0.0,0.0
c06_s01_cov100_seed00000025_bw010,flip,fast_gate,6,1,1.0,0.1,,6,0,1000,,0.0
c06_s01_cov100_seed00000025_bw010,flip,fast_gate,6,1,1.0,0.1,,7,0,1000,,0.0
c06_s01_cov100_seed00000025_bw010,flip,fast_gate,6,1,1.0,0.1,,8,0,1000,,0.0
c06_s01_cov100_seed00000026_bw010,flip,fast_gate,6,1,1.0,0.1,,1,437,563,0.6544622425629291,0.286
c06_s01_cov100_seed00000026_bw010,flip,fast_gate,6,1,1.0,0.1,,2,193,807,0.0,0.0
c06_s01_cov100_seed00000026_bw010,flip,fast_gate,6,1,1.0,0.1,,3,115,885,0.0,0.0
c06_s01_cov100_seed00000026_bw010,flip,fast_gate,6,1,1.0,0.1,,4,65,935,0.0,0.0
c06_s01_cov100_seed00000026_bw010,flip,fast_gate,6,1,1.0,0.1,,5,0,1000,,0.0
c06_s01_cov100_seed00000026_bw010,flip,fast_gate,6,1,1.0,0.1,,6,0,1000,,0.0
c06_s01_cov100_seed00000026_bw010,flip,fast_gate,6,1,1.0,0.1,,7,0,1000,,0.0
c06_s01_cov100_seed00000028_bw010,flip,fast_gate,6,1,1.0,0.1,,1,373,627,1.0,0.373
c06_s01_cov100_seed00000028_bw010,flip,fast_gate,6,1,1.0,0.1,,2,123,877,0.5365853658536586,0.066
c06_s01_cov100_seed00000028_bw010,flip,fast_gate,6,1,1.0,0.1,,3,92,908,0.0,0.0
c06_s01_cov100_seed00000028_bw010,flip,fast_gate,6,1,1.0,0.1,,4,139,861,0.0,0.0
c06_s01_cov100_seed00000028_bw010,flip,fast_gate,6,1,1.0,0.1,,5,310,690,0.0,0.0
c06_s01_cov100_seed00000028_bw010,flip,fast_gate,6,1,1.0,0.1,,6,1000,0,0.0,0.0
c06_s01_cov100_seed00000030_bw010,flip,fast_gate,6,1,1.0,0.1,,1,672,328,0.7708333333333334,0.518
c06_s01_cov100_seed00000030_bw010,flip,fast_gate,6,1,1.0,0.1,,2,277,723,0.779783393501805,0.216
c06_s01_cov100_seed00000030_bw010,flip,fast_gate,6,1,1.0,0.1,,3,104,896,1.0,0.104
c06_s01_cov100_seed00000030_bw010,flip,fast_gate,6,1,1.0,0.1,,4,83,917,1.0,0.083
c06_s01_cov100_seed00000030_bw010,flip,fast_gate,6,1,1.0,0.1,,5,0,1000,,0.0
c06_s01_cov100_seed00000030_bw010,flip,fast_gate,6,1,1.0,0.1,,6,0,1000,,0.0
c06_s01_cov100_seed00000031_bw010,flip,fast_gate,6,1,1.0,0.1,,1,283,717,1.0,0.283
c06_s01_cov100_seed00000031_bw010,flip,fast_gate,6,1,1.0,0.1,,2,134,866,0.6567164179104478,0.088
c06_s01_cov100_seed00000031_bw010,flip,fast_gate,6,1,1.0,0.1,,3,95,905,0.6736842105263158,0.064
c06_s01_cov100_seed00000031_bw010,flip,fast_gate,6,1,1.0,0.1,,4,107,893,0.7383177570093458,0.079
c06_s01_cov100_seed00000031_bw010,flip,fast_gate,6,1,1.0,0.1,,5,162,838,0.6790123456790124,0.11
c06_s01_cov100_seed00000031_bw010,flip,fast_gate,6,1,1.0,0.1,,6,0,1000,,0.0
c06_s01_cov100_seed00000031_bw010,flip,fast_gate,6,1,1.0,0.1,,7,0,1000,,0.0
c06_s01_cov100_seed00000032_bw010,flip,fast_gate,6,1,1.0,0.1,,1,411,589,0.48418491484184917,0.199
c06_s01_cov100_seed00000032_bw010,flip,fast_gate,6,1,1.0,0.1,,2,312,688,0.0,0.0
c06_s01_cov100_seed00000032_bw010,flip,fast_gate,6,1,1.0,0.1,,3,0,1000,,0.0
c06_s01_cov100_seed00000032_bw010,flip,fast_gate,6,1,1.0,0.1,,4,0,1000,,0.0
c06_s01_cov100_seed00000032_bw010,flip,fast_gate,6,1,1.0,0.1,,5,0,1000,,0.0
c06_s01_cov100_seed00000033_bw010,flip,fast_gate,6,1,1.0,0.1,,1,197,803,0.0,0.0
c06_s01_cov100_seed00000033_bw010,flip,fast_gate,6,1,1.0,0.1,,2,413,587,0.0,0.0
c06_s01_cov100_seed00000033_bw010,flip,fast_gate,6,1,1.0,0.1,,3,0,1000,,0.0
c06_s01_cov100_seed00000033_bw010,flip,fast_gate,6,1,1.0,0.1,,4,0,1000,,0.0
c06_s01_cov100_seed00000033_bw010,flip,fast_gate,6,1,1.0,0.1,,5,0,1000,,0.0
c06_s01_cov100_seed00000036_bw010,flip,fast_gate,6,1,1.0,0.1,,1,594,406,0.6734006734006734,0.4
c06_s01_cov100_seed00000036_bw010,flip,fast_gate,6,1,1.0,0.1,,2,191,809,1.0,0.191
c06_s01_cov100_seed00000036_bw010,flip,fast_gate,6,1,1.0,0.1,,3,0,1000,,0.0
c06_s01_cov100_seed00000036_bw010,flip,fast_gate,6,1,1.0,0.1,,4,0,1000,,0.0
c06_s01_cov100_seed00000036_bw010,flip,fast_gate,6,1,1.0,0.1,,5,0,1000,,0.0
c06_s01_cov100_seed00000037_bw010,flip,fast_gate,6,1,1.0,0.1,,1,317,683,0.5173501577287066,0.164
c06_s01_cov100_seed00000037_bw010,flip,fast_gate,6,1,1.0,0.1,,2,115,885,0.0,0.0
c06_s01_cov100_seed00000037_bw010,flip,fast_gate,6,1,1.0,0.1,,3,96,904,0.0,0.0
c06_s01_cov100_seed00000037_bw010,flip,fast_gate,6,1,1.0,0.1,,4,218,782,0.0,0.0
c06_s01_cov100_seed00000037_bw010,flip,fast_gate,6,1,1.0,0.1,,5,316,684,0.0,0.0
c06_s01_cov100_seed00000037_bw010,flip,fast_gate,6,1,1.0,0.1,,6,0,1000,,0.0
c06_s01_cov100_seed00000039_bw010,flip,fast_gate,6,1,1.0,0.1,,1,413,587,0.6537530266343826,0.27
c06_s01_cov100_seed00000039_bw010,flip,fast_gate,6,1,1.0,0.1,,2,319,681,0.32601880877742945,0.104
c06_s01_cov100_seed00000039_bw010,flip,fast_gate,6,1,1.0,0.1,,3,227,773,0.09691629955947137,0.022
c06_s01_cov100_seed00000039_bw010,flip,fast_gate,6,1,1.0,0.1,,4,141,859,0.0,0.0
c06_s01_cov100_seed00000039_bw010,flip,fast_gate,6,1,1.0,0.1,,5,36,964,0.0,0.0
c06_s01_cov100_seed00000039_bw010,flip,fast_gate,6,1,1.0,0.1,,6,0,1000,,0.0
c06_s01_cov100_seed00000039_bw010,flip,fast_gate,6,1,1.0,0.1,,7,0,1000,,0.0
c06_s01_cov100_seed00000040_bw010,flip,fast_gate,6,1,1.0,0.1,,1,591,409,0.6514382402707276,0.385
c06_s01_cov100_seed00000040_bw010,flip,fast_gate,6,1,1.0,0.1,,2,85,915,0.0,0.0
c06_s01_cov100_seed00000040_bw010,flip,fast_gate,6,1,1.0,0.1,,3,94,906,0.0,0.0
c06_s01_cov100_seed00000040_bw010,flip,fast_gate,6,1,1.0,0.1,,4,0,1000,,0.0
c06_s01_cov100_seed00000040_bw010,flip,fast_gate,6,1,1.0,0.1,,5,0,1000,,0.0
c06_s01_cov100_seed00000041_bw010,flip,fast_gate,6,1,1.0,0.1,,1,341,659,0.4809384164222874,0.164
c06_s01_cov100_seed00000041_bw010,flip,fast_gate,6,1,1.0,0.1,,2,188,812,0.0,0.0
c06_s01_cov100_seed00000041_bw010,flip,fast_gate,6,1,1.0,0.1,,3,191,809,0.0,0.0
c06_s01_cov100_seed00000041_bw010,flip,fast_gate,6,1,1.0,0.1,,4,142,858,0.0,0.0
c06_s01_cov100_seed00000041_bw010,flip,fast_gate,6,1,1.0,0.1,,5,0,1000,,0.0
c06_s01_cov100_seed00000041_bw010,flip,fast_gate,6,1,1.0,0.1,,6,0,1000,,0.0
c06_s01_cov100_seed00000042_bw010,flip,fast_gate,6,1,1.0,0.1,,1,353,647,0.5439093484419264,0.192
c06_s01_cov100_seed00000042_bw010,flip,fast_gate,6,1,1.0,0.1,,2,146,854,0.0,0.0
c06_s01_cov100_seed00000042_bw010,flip,fast_gate,6,1,1.0,0.1,,3,198,802,0.0,0.0
c06_s01_cov100_seed00000042_bw010,flip,fast_gate,6,1,1.0,0.1,,4,195,805,0.0,0.0
c06_s01_cov100_seed00000042_bw010,flip,fast_gate,6,1,1.0,0.1,,5,0,1000,,0.0
c06_s01_cov100_seed00000042_bw010,flip,fast_gate,6,1,1.0,0.1,,6,0,1000,,0.0
c06_s01_cov100_seed00000044_bw010,flip,fast_gate,6,1,1.0,0.1,,1,388,612,0.6701030927835051,0.26
c06_s01_cov100_seed00000044_bw010,flip,fast_gate,6,1,1.0,0.1,,2,186,814,0.11827956989247312,0.022
c06_s01_cov100_seed00000044_bw010,flip,fast_gate,6,1,1.0,0.1,,3,98,902,0.0,0.0
c06_s01_cov100_seed00000044_bw010,flip,fast_gate,6,1,1.0,0.1,,4,75,925,0.0,0.0
c06_s01_cov100_seed00000044_bw010,flip,fast_gate,6,1,1.0,0.1,,5,66,934,0.0,0.0
c06_s01_cov100_seed00000044_bw010,flip,fast_gate,6,1,1.0,0.1,,6,102,898,0.0,0.0
c06_s01_cov100_seed00000044_bw010,flip,fast_gate,6,1,1.0,0.1,,7,121,879,0.0,0.0
c06_s01_cov100_seed00000044_bw010,flip,fast_gate,6,1,1.0,0.1,,8,0,1000,,0.0
c06_s01_cov100_seed00000045_bw010,flip,fast_gate,6,1,1.0,0.1,,1,190,810,0.0,0.0
c06_s01_cov100_seed00000045_bw010,flip,fast_gate,6,1,1.0,0.1,,2,192,808,0.0,0.0
c06_s01_cov100_seed00000045_bw010,flip,fast_gate,6,1,1.0,0.1,,3,88,912,0.0,0.0
c06_s01_cov100_seed00000045_bw010,flip,fast_gate,6,1,1.0,0.1,,4,203,797,0.0,0.0
c06_s01_cov100_seed00000045_bw010,flip,fast_gate,6,1,1.0,0.1,,5,0,1000,,0.0
c06_s01_cov100_seed00000047_bw010,flip,fast_gate,6,1,1.0,0.1,,1,813,187,0.7736777367773677,0.629
c06_s01_cov100_seed00000047_bw010,flip,fast_gate,6,1,1.0,0.1,,2,101,899,1.0,0.101
c06_s01_cov100_seed00000047_bw010,flip,fast_gate,6,1,1.0,0.1,,3,0,1000,,0.0
c06_s01_cov100_seed00000047_bw010,flip,fast_gate,6,1,1.0,0.1,,4,0,1000,,0.0
c06_s01_cov100_seed00000047_bw010,flip,fast_gate,6,1,1.0,0.1,,5,0,1000,,0.0
c06_s01_cov100_seed00000048_bw010,flip,fast_gate,6,1,1.0,0.1,,1,600,400,0.6566666666666666,0.394
c06_s01_cov100_seed00000048_bw010,flip,fast_gate,6,1,1.0,0.1,,2,96,904,0.0,0.0
c06_s01_cov100_seed00000048_bw010,flip,fast_gate,6,1,1.0,0.1,,3,82,918,0.0,0.0
c06_s01_cov100_seed00000048_bw010,flip,fast_gate,6,1,1.0,0.1,,4,0,1000,,0.0
c06_s01_cov100_seed00000048_bw010,flip,fast_gate,6,1,1.0,0.1,,5,0,1000,,0.0
c06_s01_cov100_seed00000050_bw010,flip,fast_gate,6,1,1.0,0.1,,1,337,663,1.0,0.337
c06_s01_cov100_seed00000050_bw010,flip,fast_gate,6,1,1.0,0.1,,2,201,799,0.35323383084577115,0.071
c06_s01_cov100_seed00000050_bw010,flip,fast_gate,6,1,1.0,0.1,,3,135,865,0.0,0.0
c06_s01_cov100_seed00000050_bw010,flip,fast_gate,6,1,1.0,0.1,,4,124,876,0.0,0.0
c06_s01_cov100_seed00000050_bw010,flip,fast_gate,6,1,1.0,0.1,,5,183,817,0.0,0.0
c06_s01_cov100_seed00000050_bw010,flip,fast_gate,6,1,1.0,0.1,,6,0,1000,,0.0
c06_s01_cov100_seed00000051_bw010,flip,fast_gate,6,1,1.0,0.1,,1,429,571,1.0,0.429
c06_s01_cov100_seed00000051_bw010,flip,fast_gate,6,1,1.0,0.1,,2,245,755,0.8163265306122449,0.2
c06_s01_cov100_seed00000051_bw010,flip,fast_gate,6,1,1.0,0.1,,3,194,806,0.6185567010309279,0.12
c06_s01_cov100_seed00000051_bw010,flip,fast_gate,6,1,1.0,0.1,,4,188,812,0.25,0.047
c06_s01_cov100_seed00000051_bw010,flip,fast_gate,6,1,1.0,0.1,,5,104,896,0.0,0.0
c06_s01_cov100_seed00000051_bw010,flip,fast_gate,6,1,1.0,0.1,,6,0,1000,,0.0
c06_s01_cov100_seed00000051_bw010,flip,fast_gate,6,1,1.0,0.1,,7,0,1000,,0.0
c06_s01_cov100_seed00000052_bw010,flip,fast_gate,6,1,1.0,0.1,,1,390,610,0.5076923076923077,0.198
c06_s01_cov100_seed00000052_bw010,flip,fast_gate,6,1,1.0,0.1,,2,192,808,0.0,0.0
c06_s01_cov100_seed00000052_bw010,flip,fast_gate,6,1,1.0,0.1,,3,116,884,0.0,0.0
c06_s01_cov100_seed00000052_bw010,flip,fast_gate,6,1,1.0,0.1,,4,0,1000,,0.0
c06_s01_cov100_seed00000052_bw010,flip,fast_gate,6,1,1.0,0.1,,5,0,1000,,0.0
c06_s01_cov100_seed00000056_bw010,flip,fast_gate,6,1,1.0,0.1,,1,444,556,0.6486486486486487,0.288
c06_s01_cov100_seed00000056_bw010,flip,fast_gate,6,1,1.0,0.1,,2,204,796,0.553921568627451,0.113
c06_s01_cov100_seed00000056_bw010,flip,fast_gate,6,1,1.0,0.1,,3,172,828,0.5290697674418605,0.091
c06_s01_cov100_seed00000056_bw010,flip,fast_gate,6,1,1.0,0.1,,4,162,838,0.5308641975308642,0.086
c06_s01_cov100_seed00000056_bw010,flip,fast_gate,6,1,1.0,0.1,,5,193,807,0.30569948186528495,0.059
c06_s01_cov100_seed00000056_bw010,flip,fast_gate,6,1,1.0,0.1,,6,125,875,0.0,0.0
c06_s01_cov100_seed00000056_bw010,flip,fast_gate,6,1,1.0,0.1,,7,0,1000,,0.0
c06_s01_cov100_seed00000058_bw010,flip,fast_gate,6,1,1.0,0.1,,1,269,731,1.0,0.269
c06_s01_cov100_seed00000058_bw010,flip,fast_gate,6,1,1.0,0.1,,2,144,856,0.3055555555555556,0.044
c06_s01_cov100_seed00000058_bw010,flip,fast_gate,6,1,1.0,0.1,,3,123,877,0.3008130081300813,0.037
c06_s01_cov100_seed00000058_bw010,flip,fast_gate,6,1,1.0,0.1,,4,131,869,0.0,0.0
c06_s01_cov100_seed00000058_bw010,flip,fast_gate,6,1,1.0,0.1,,5,88,912,0.0,0.0
c06_s01_cov100_seed00000058_bw010,flip,fast_gate,6,1,1.0,0.1,,6,0,1000,,0.0
c06_s01_cov100_seed00000058_bw010,flip,fast_gate,6,1,1.0,0.1,,7,0,1000,,0.0
c06_s01_cov100_seed00000061_bw010,flip,fast_gate,6,1,1.0,0.1,,1,398,602,0.550251256281407,0.219
c06_s01_cov100_seed00000061_bw010,flip,fast_gate,6,1,1.0,0.1,,2,176,824,0.4943181818181818,0.087
c06_s01_cov100_seed00000061_bw010,flip,fast_gate,6,1,1.0,0.1,,3,103,897,0.0,0.0
c06_s01_cov100_seed00000061_bw010,flip,fast_gate,6,1,1.0,0.1,,4,0,1000,,0.0
c06_s01_cov100_seed00000061_bw010,flip,fast_gate,6,1,1.0,0.1,,5,0,1000,,0.0
c06_s01_cov100_seed00000062_bw010,flip,fast_gate,6,1,1.0,0.1,,1,590,410,0.6474576271186441,0.382
c06_s01_cov100_seed00000062_bw010,flip,fast_gate,6,1,1.0,0.1,,2,190,810,0.0,0.0
c06_s01_cov100_seed00000062_bw010,flip,fast_gate,6,1,1.0,0.1,,3,0,1000,,0.0
c06_s01_cov100_seed00000062_bw010,flip,fast_gate,6,1,1.0,0.1,,4,0,1000,,0.0
c06_s01_cov100_seed00000062_bw010,flip,fast_gate,6,1,1.0,0.1,,5,0,1000,,0.0
c06_s01_cov100_seed00000063_bw010,flip,fast_gate,6,1,1.0,0.1,,1,488,512,1.0,0.488
c06_s01_cov100_seed00000063_bw010,flip,fast_gate,6,1,1.0,0.1,,2,321,679,0.8598130841121495,0.276
c06_s01_cov100_seed00000063_bw010,flip,fast_gate,6,1,1.0,0.1,,3,185,815,0.7297297297297297,0.135
c06_s01_cov100_seed00000063_bw010,flip,fast_gate,6,1,1.0,0.1,,4,119,881,0.6302521008403361,0.075
c06_s01_cov100_seed00000063_bw010,flip,fast_gate,6,1,1.0,0.1,,5,40,960,0.0,0.0
c06_s01_cov100_seed00000063_bw010,flip,fast_gate,6,1,1.0,0.1,,6,0,1000,,0.0
c06_s01_cov100_seed00000063_bw010,flip,fast_gate,6,1,1.0,0.1,,7,0,1000,,0.0
c06_s01_cov100_seed00000063_bw010,flip,fast_gate,6,1,1.0,0.1,,8,0,1000,,0.0
c06_s01_cov100_seed00000065_bw010,flip,fast_gate,6,1,1.0,0.1,,1,622,378,0.6511254019292605,0.405
c06_s01_cov100_seed00000065_bw010,flip,fast_gate,6,1,1.0,0.1,,2,209,791,0.5263157894736842,0.11
c06_s01_cov100_seed00000065_bw010,flip,fast_gate,6,1,1.0,0.1,,3,0,1000,,0.0
c06_s01_cov100_seed00000065_bw010,flip,fast_gate,6,1,1.0,0.1,,4,0,1000,,0.0
c06_s01_cov100_seed00000065_bw010,flip,fast_gate,6,1,1.0,0.1,,5,0,1000,,0.0
c06_s01_cov100_seed00000001_bw025,flip,fast_gate,6,1,1.0,0.25,,1,517,483,0.6460348162475822,0.334
c06_s01_cov100_seed00000001_bw025,flip,fast_gate,6,1,1.0,0.25,,2,343,657,0.6064139941690962,0.208
c06_s01_cov100_seed00000001_bw025,flip,fast_gate,6,1,1.0,0.25,,3,128,872,0.3359375,0.043
c06_s01_cov100_seed00000001_bw025,flip,fast_gate,6,1,1.0,0.25,,4,0,1000,,0.0
c06_s01_cov100_seed00000001_bw025,flip,fast_gate,6,1,1.0,0.25,,5,0,1000,,0.0
c06_s01_cov100_seed00000001_bw025,flip,fast_gate,6,1,1.0,0.25,,6,0,1000,,0.0
c06_s01_cov100_seed00000007_bw025,flip,fast_gate,6,1,1.0,0.25,,1,783,217,0.7624521072796935,0.597
c06_s01_cov100_seed00000007_bw025,flip,fast_gate,6,1,1.0,0.25,,2,113,887,1.0,0.113
c06_s01_cov100_seed00000007_bw025,flip,fast_gate,6,1,1.0,0.25,,3,0,1000,,0.0
c06_s01_cov100_seed00000007_bw025,flip,fast_gate,6,1,1.0,0.25,,4,0,1000,,0.0
c06_s01_cov100_seed00000007_bw025,flip,fast_gate,6,1,1.0,0.25,,5,0,1000,,0.0
c06_s01_cov100_seed00000008_bw025,flip,fast_gate,6,1,1.0,0.25,,1,378,622,0.46296296296296297,0.175
c06_s01_cov100_seed00000008_bw025,flip,fast_gate,6,1,1.0,0.25,,2,211,789,0.4597156398104265,0.097
c06_s01_cov100_seed00000008_bw025,flip,fast_gate,6,1,1.0,0.25,,3,128,872,0.0,0.0
c06_s01_cov100_seed00000008_bw025,flip,fast_gate,6,1,1.0,0.25,,4,0,1000,,0.0
c06_s01_cov100_seed00000008_bw025,flip,fast_gate,6,1,1.0,0.25,,5,0,1000,,0.0
c06_s01_cov100_seed00000010_bw025,flip,fast_gate,6,1,1.0,0.25,,1,541,459,0.7634011090573013,0.413
c06_s01_cov100_seed00000010_bw025,flip,fast_gate,6,1,1.0,0.25,,2,191,809,0.2774869109947644,0.053
c06_s01_cov100_seed00000010_bw025,flip,fast_gate,6,1,1.0,0.25,,3,59,941,0.5423728813559322,0.032
c06_s01_cov100_seed00000010_bw025,flip,fast_gate,6,1,1.0,0.25,,4,59,941,0.4406779661016949,0.026
c06_s01_cov100_seed00000010_bw025,flip,fast_gate,6,1,1.0,0.25,,5,48,952,0.0,0.0
c06_s01_cov100_seed00000010_bw025,flip,fast_gate,6,1,1.0,0.25,,6,0,1000,,0.0
c06_s01_cov100_seed00000010_bw025,flip,fast_gate,6,1,1.0,0.25,,7,0,1000,,0.0
c06_s01_cov100_seed00000012_bw025,flip,fast_gate,6,1,1.0,0.25,,1,585,415,0.7435897435897436,0.435
c06_s01_cov100_seed00000012_bw025,flip,fast_gate,6,1,1.0,0.25,,2,355,645,0.4197183098591549,0.149
c06_s01_cov100_seed00000012_bw025,flip,fast_gate,6,1,1.0,0.25,,3,187,813,0.1497326203208556,0.028
c06_s01_cov100_seed00000012_bw025,flip,fast_gate,6,1,1.0,0.25,,4,133,867,0.0,0.0
c06_s01_cov100_seed00000012_bw025,flip,fast_gate,6,1,1.0,0.25,,5,52,948,0.0,0.0
c06_s01_cov100_seed00000012_bw025,flip,fast_gate,6,1,1.0,0.25,,6,0,1000,,0.0
c06_s01_cov100_seed00000012_bw025,flip,fast_gate,6,1,1.0,0.25,,7,0,1000,,0.0
c06_s01_cov100_seed00000021_bw025,flip,fast_gate,6,1,1.0,0.25,,1,392,608,0.45663265306122447,0.179
c06_s01_cov100_seed00000021_bw025,flip,fast_gate,6,1,1.0,0.25,,2,217,783,0.0,0.0
c06_s01_cov100_seed00000021_bw025,flip,fast_gate,6,1,1.0,0.25,,3,99,901,0.0,0.0
c06_s01_cov100_seed00000021_bw025,flip,fast_gate,6,1,1.0,0.25,,4,0,1000,,0.0
c06_s01_cov100_seed00000021_bw025,flip,fast_gate,6,1,1.0,0.25,,5,0,1000,,0.0
c06_s01_cov100_seed00000023_bw025,flip,fast_gate,6,1,1.0,0.25,,1,344,656,0.4622093023255814,0.159
c06_s01_cov100_seed00000023_bw025,flip,fast_gate,6,1,1.0,0.25,,2,200,800,0.0,0.0
c06_s01_cov100_seed00000023_bw025,flip,fast_gate,6,1,1.0,0.25,,3,168,832,0.0,0.0
c06_s01_cov100_seed00000023_bw025,flip,fast_gate,6,1,1.0,0.25,,4,129,871,0.0,0.0
c06_s01_cov100_seed00000023_bw025,flip,fast_gate,6,1,1.0,0.25,,5,180,820,0.0,0.0
c06_s01_cov100_seed00000023_bw025,flip,fast_gate,6,1,1.0,0.25,,6,0,1000,,0.0
c06_s01_cov100_seed00000024_bw025,flip,fast_gate,6,1,1.0,0.25,,1,185,815,0.0,0.0
c06_s01_cov100_seed00000024_bw025,flip,fast_gate,6,1,1.0,0.25,,2,309,691,0.0,0.0
c06_s01_cov100_seed00000024_bw025,flip,fast_gate,6,1,1.0,0.25,,3,103,897,0.0,0.0
c06_s01_cov100_seed00000024_bw025,flip,fast_gate,6,1,1.0,0.25,,4,0,1000,,0.0
c06_s01_cov100_seed00000024_bw025,flip,fast_gate,6,1,1.0,0.25,,5,0,1000,,0.0
c06_s01_cov100_seed00000026_bw025,flip,fast_gate,6,1,1.0,0.25,,1,555,445,0.7747747747747747,0.43
c06_s01_cov100_seed00000026_bw025,flip,fast_gate,6,1,1.0,0.25,,2,177,823,0.24293785310734464,0.043
c06_s01_cov100_seed00000026_bw025,flip,fast_gate,6,1,1.0,0.25,,3,62,938,0.5645161290322581,0.035
c06_s01_cov100_seed00000026_bw025,flip,fast_gate,6,1,1.0,0.25,,4,53,947,0.49056603773584906,0.026
c06_s01_cov100_seed00000026_bw025,flip,fast_gate,6,1,1.0,0.25,,5,36,964,0.0,0.0
c06_s01_cov100_seed00000026_bw025,flip,fast_gate,6,1,1.0,0.25,,6,0,1000,,0.0
c06_s01_cov100_seed00000026_bw025,flip,fast_gate,6,1,1.0,0.25,,7,0,1000,,0.0
c06_s01_cov100_seed00000031_bw025,flip,fast_gate,6,1,1.0,0.25,,1,460,540,1.0,0.46
c06_s01_cov100_seed00000031_bw025,flip,fast_gate,6,1,1.0,0.25,,2,141,859,1.0,0.141
c06_s01_cov100_seed00000031_bw025,flip,fast_gate,6,1,1.0,0.25,,3,150,850,0.58,0.087
c06_s01_cov100_seed00000031_bw025,flip,fast_gate,6,1,1.0,0.25,,4,120,880,0.4166666666666667,0.05
c06_s01_cov100_seed00000031_bw025,flip,fast_gate,6,1,1.0,0.25,,5,0,1000,,0.0
c06_s01_cov100_seed00000031_bw025,flip,fast_gate,6,1,1.0,0.25,,6,0,1000,,0.0
c06_s01_cov100_seed00000031_bw025,flip,fast_gate,6,1,1.0,0.25,,7,0,1000,,0.0
c06_s01_cov100_seed00000035_bw025,flip,fast_gate,6,1,1.0,0.25,,1,335,665,1.0,0.335
c06_s01_cov100_seed00000035_bw025,flip,fast_gate,6,1,1.0,0.25,,2,142,858,0.45774647887323944,0.065
c06_s01_cov100_seed00000035_bw025,flip,fast_gate,6,1,1.0,0.25,,3,102,898,0.0,0.0
c06_s01_cov100_seed00000035_bw025,flip,fast_gate,6,1,1.0,0.25,,4,197,803,0.0,0.0
c06_s01_cov100_seed00000035_bw025,flip,fast_gate,6,1,1.0,0.25,,5,323,677,0.0,0.0
c06_s01_cov100_seed00000035_bw025,flip,fast_gate,6,1,1.0,0.25,,6,0,1000,,0.0
c06_s01_cov100_seed00000036_bw025,flip,fast_gate,6,1,1.0,0.25,,1,210,790,0.0,0.0
c06_s01_cov100_seed00000036_bw025,flip,fast_gate,6,1,1.0,0.25,,2,212,788,0.0,0.0
c06_s01_cov100_seed00000036_bw025,flip,fast_gate,6,1,1.0,0.25,,3,194,806,0.0,0.0
c06_s01_cov100_seed00000036_bw025,flip,fast_gate,6,1,1.0,0.25,,4,0,1000,,0.0
c06_s01_cov100_seed00000036_bw025,flip,fast_gate,6,1,1.0,0.25,,5,0,1000,,0.0
c06_s01_cov100_seed00000040_bw025,flip,fast_gate,6,1,1.0,0.25,,1,212,788,1.0,0.212
c06_s01_cov100_seed00000040_bw025,flip,fast_gate,6,1,1.0,0.25,,2,182,818,0.4945054945054945,0.09
c06_s01_cov100_seed00000040_bw025,flip,fast_gate,6,1,1.0,0.25,,3,107,893,0.0,0.0
c06_s01_cov100_seed00000040_bw025,flip,fast_gate,6,1,1.0,0.25,,4,228,772,0.0,0.0
c06_s01_cov100_seed00000040_bw025,flip,fast_gate,6,1,1.0,0.25,,5,0,1000,,0.0
c06_s01_cov100_seed00000042_bw025,flip,fast_gate,6,1,1.0,0.25,,1,338,662,1.0,0.338
c06_s01_cov100_seed00000042_bw025,flip,fast_gate,6,1,1.0,0.25,,2,197,803,1.0,0.197
c06_s01_cov100_seed00000042_bw025,flip,fast_gate,6,1,1.0,0.25,,3,203,797,0.7684729064039408,0.156
c06_s01_cov100_seed00000042_bw025,flip,fast_gate,6,1,1.0,0.25,,4,132,868,0.5151515151515151,0.068
c06_s01_cov100_seed00000042_bw025,flip,fast_gate,6,1,1.0,0.25,,5,0,1000,,0.0
c06_s01_cov100_seed00000042_bw025,flip,fast_gate,6,1,1.0,0.25,,6,0,1000,,0.0
c06_s01_cov100_seed00000047_bw025,flip,fast_gate,6,1,1.0,0.25,,1,206,794,1.0,0.206
c06_s01_cov100_seed00000047_bw025,flip,fast_gate,6,1,1.0,0.25,,2,308,692,0.6623376623376623,0.204
c06_s01_cov100_seed00000047_bw025,flip,fast_gate,6,1,1.0,0.25,,3,118,882,1.0,0.118
c06_s01_cov100_seed00000047_bw025,flip,fast_gate,6,1,1.0,0.25,,4,0,1000,,0.0
c06_s01_cov100_seed00000047_bw025,flip,fast_gate,6,1,1.0,0.25,,5,0,1000,,0.0
c06_s01_cov100_seed00000048_bw025,flip,fast_gate,6,1,1.0,0.25,,1,219,781,1.0,0.219
c06_s01_cov100_seed00000048_bw025,flip,fast_gate,6,1,1.0,0.25,,2,205,795,0.5365853658536586,0.11
c06_s01_cov100_seed00000048_bw025,flip,fast_gate,6,1,1.0,0.25,,3,95,905,0.0,0.0
c06_s01_cov100_seed00000048_bw025,flip,fast_gate,6,1,1.0,0.25,,4,200,800,0.0,0.0
c06_s01_cov100_seed00000048_bw025,flip,fast_gate,6,1,1.0,0.25,,5,0,1000,,0.0
c06_s01_cov100_seed00000054_bw025,flip,fast_gate,6,1,1.0,0.25,,1,561,439,1.0,0.561
c06_s01_cov100_seed00000054_bw025,flip,fast_gate,6,1,1.0,0.25,,2,286,714,1.0,0.286
c06_s01_cov100_seed00000054_bw025,flip,fast_gate,6,1,1.0,0.25,,3,95,905,0.7052631578947368,0.067
c06_s01_cov100_seed00000054_bw025,flip,fast_gate,6,1,1.0,0.25,,4,29,971,0.0,0.0
c06_s01_cov100_seed00000054_bw025,flip,fast_gate,6,1,1.0,0.25,,5,0,1000,,0.0
c06_s01_cov100_seed00000054_bw025,flip,fast_gate,6,1,1.0,0.25,,6,0,1000,,0.0
c06_s01_cov100_seed00000054_bw025,flip,fast_gate,6,1,1.0,0.25,,7,0,1000,,0.0
c06_s01_cov100_seed00000057_bw025,flip,fast_gate,6,1,1.0,0.25,,1,494,506,1.0,0.494
c06_s01_cov100_seed00000057_bw025,flip,fast_gate,6,1,1.0,0.25,,2,250,750,1.0,0.25
c06_s01_cov100_seed00000057_bw025,flip,fast_gate,6,1,1.0,0.25,,3,160,840,0.35625,0.057
c06_s01_cov100_seed00000057_bw025,flip,fast_gate,6,1,1.0,0.25,,4,60,940,0.0,0.0
c06_s01_cov100_seed00000057_bw025,flip,fast_gate,6,1,1.0,0.25,,5,0,1000,,0.0
c06_s01_cov100_seed00000057_bw025,flip,fast_gate,6,1,1.0,0.25,,6,0,1000,,0.0
c06_s01_cov100_seed00000059_bw025,flip,fast_gate,6,1,1.0,0.25,,1,371,629,1.0,0.371
c06_s01_cov100_seed00000059_bw025,flip,fast_gate,6,1,1.0,0.25,,2,182,818,0.8186813186813187,0.149
c06_s01_cov100_seed00000059_bw025,flip,fast_gate,6,1,1.0,0.25,,3,112,888,0.5714285714285714,0.064
c06_s01_cov100_seed00000059_bw025,flip,fast_gate,6,1,1.0,0.25,,4,70,930,0.14285714285714285,0.01
c06_s01_cov100_seed00000059_bw025,flip,fast_gate,6,1,1.0,0.25,,5,67,933,0.0,0.0
c06_s01_cov100_seed00000059_bw025,flip,fast_gate,6,1,1.0,0.25,,6,113,887,0.0,0.0
c06_s01_cov100_seed00000059_bw025,flip,fast_gate,6,1,1.0,0.25,,7,128,872,0.0,0.0
c06_s01_cov100_seed00000059_bw025,flip,fast_gate,6,1,1.0,0.25,,8,0,1000,,0.0
c06_s01_cov100_seed00000062_bw025,flip,fast_gate,6,1,1.0,0.25,,1,595,405,0.6521008403361345,0.388
c06_s01_cov100_seed00000062_bw025,flip,fast_gate,6,1,1.0,0.25,,2,191,809,0.0,0.0
c06_s01_cov100_seed00000062_bw025,flip,fast_gate,6,1,1.0,0.25,,3,0,1000,,0.0
c06_s01_cov100_seed00000062_bw025,flip,fast_gate,6,1,1.0,0.25,,4,0,1000,,0.0
c06_s01_cov100_seed00000062_bw025,flip,fast_gate,6,1,1.0,0.25,,5,0,1000,,0.0
c06_s01_cov100_seed00000064_bw025,flip,fast_gate,6,1,1.0,0.25,,1,286,714,1.0,0.286
c06_s01_cov100_seed00000064_bw025,flip,fast_gate,6,1,1.0,0.25,,2,152,848,0.7039473684210527,0.107
c06_s01_cov100_seed00000064_bw025,flip,fast_gate,6,1,1.0,0.25,,3,100,900,0.34,0.034
c06_s01_cov100_seed00000064_bw025,flip,fast_gate,6,1,1.0,0.25,,4,95,905,0.0,0.0
c06_s01_cov100_seed00000064_bw025,flip,fast_gate,6,1,1.0,0.25,,5,158,842,0.0,0.0
c06_s01_cov100_seed00000064_bw025,flip,fast_gate,6,1,1.0,0.25,,6,149,851,0.0,0.0
c06_s01_cov100_seed00000064_bw025,flip,fast_gate,6,1,1.0,0.25,,7,0,1000,,0.0
c06_s01_cov100_seed00000065_bw025,flip,fast_gate,6,1,1.0,0.25,,1,415,585,0.46265060240963857,0.192
c06_s01_cov100_seed00000065_bw025,flip,fast_gate,6,1,1.0,0.25,,2,190,810,0.0,0.0
c06_s01_cov100_seed00000065_bw025,flip,fast_gate,6,1,1.0,0.25,,3,109,891,0.0,0.0
c06_s01_cov100_seed00000065_bw025,flip,fast_gate,6,1,1.0,0.25,,4,0,1000,,0.0
c06_s01_cov100_seed00000065_bw025,flip,fast_gate,6,1,1.0,0.25,,5,0,1000,,0.0
c06_s01_cov100_seed00000070_bw025,flip,fast_gate,6,1,1.0,0.25,,1,582,418,0.6580756013745704,0.383
c06_s01_cov100_seed00000070_bw025,flip,fast_gate,6,1,1.0,0.25,,2,99,901,0.0,0.0
c06_s01_cov100_seed00000070_bw025,flip,fast_gate,6,1,1.0,0.25,,3,98,902,0.0,0.0
c06_s01_cov100_seed00000070_bw025,flip,fast_gate,6,1,1.0,0.25,,4,0,1000,,0.0
c06_s01_cov100_seed00000070_bw025,flip,fast_gate,6,1,1.0,0.25,,5,0,1000,,0.0
c06_s01_cov100_seed00000071_bw025,flip,fast_gate,6,1,1.0,0.25,,1,339,661,1.0,0.339
c06_s01_cov100_seed00000071_bw025,flip,fast_gate,6,1,1.0,0.25,,2,201,799,0.7263681592039801,0.146
c06_s01_cov100_seed00000071_bw025,flip,fast_gate,6,1,1.0,0.25,,3,134,866,0.30597014925373134,0.041
c06_s01_cov100_seed00000071_bw025,flip,fast_gate,6,1,1.0,0.25,,4,131,869,0.0,0.0
c06_s01_cov100_seed00000071_bw025,flip,fast_gate,6,1,1.0,0.25,,5,181,819,0.0,0.0
c06_s01_cov100_seed00000071_bw025,flip,fast_gate,6,1,1.0,0.25,,6,0,1000,,0.0
c06_s01_cov100_seed00000074_bw025,flip,fast_gate,6,1,1.0,0.25,,1,401,599,1.0,0.401
c06_s01_cov100_seed00000074_bw025,flip,fast_gate,6,1,1.0,0.25,,2,314,686,0.6464968152866242,0.203
c06_s01_cov100_seed00000074_bw025,flip,fast_gate,6,1,1.0,0.25,,3,0,1000,,0.0
c06_s01_cov100_seed00000074_bw025,flip,fast_gate,6,1,1.0,0.25,,4,0,1000,,0.0
c06_s01_cov100_seed00000074_bw025,flip,fast_gate,6,1,1.0,0.25,,5,0,1000,,0.0
c06_s01_cov100_seed00000075_bw025,flip,fast_gate,6,1,1.0,0.25,,1,315,685,1.0,0.315
c06_s01_cov100_seed00000075_bw025,flip,fast_gate,6,1,1.0,0.25,,2,133,867,1.0,0.133
c06_s01_cov100_seed00000075_bw025,flip,fast_gate,6,1,1.0,0.25,,3,110,890,0.5181818181818182,0.057
c06_s01_cov100_seed00000075_bw025,flip,fast_gate,6,1,1.0,0.25,,4,193,807,0.32642487046632124,0.063
c06_s01_cov100_seed00000075_bw025,flip,fast_gate,6,1,1.0,0.25,,5,338,662,0.0,0.0
c06_s01_cov100_seed00000075_bw025,flip,fast_gate,6,1,1.0,0.25,,6,0,1000,,0.0
c06_s01_cov100_seed00000080_bw025,flip,fast_gate,6,1,1.0,0.25,,1,572,428,0.7902097902097902,0.452
c06_s01_cov100_seed00000080_bw025,flip,fast_gate,6,1,1.0,0.25,,2,279,721,0.6093189964157706,0.17
c06_s01_cov100_seed00000080_bw025,flip,fast_gate,6,1,1.0,0.25,,3,83,917,0.26506024096385544,0.022
c06_s01_cov100_seed00000080_bw025,flip,fast_gate,6,1,1.0,0.25,,4,25,975,0.0,0.0
c06_s01_cov100_seed00000080_bw025,flip,fast_gate,6,1,1.0,0.25,,5,0,1000,,0.0
c06_s01_cov100_seed00000080_bw025,flip,fast_gate,6,1,1.0,0.25,,6,0,1000,,0.0
c06_s01_cov100_seed00000080_bw025,flip,fast_gate,6,1,1.0,0.25,,7,0,1000,,0.0
c06_s01_cov100_seed00000081_bw025,flip,fast_gate,6,1,1.0,0.25,,1,496,504,1.0,0.496
c06_s01_cov100_seed00000081_bw025,flip,fast_gate,6,1,1.0,0.25,,2,280,720,0.7607142857142857,0.213
c06_s01_cov100_seed00000081_bw025,flip,fast_gate,6,1,1.0,0.25,,3,146,854,0.2602739726027397,0.038
c06_s01_cov100_seed00000081_bw025,flip,fast_gate,6,1,1.0,0.25,,4,60,940,0.0,0.0
c06_s01_cov100_seed00000081_bw025,flip,fast_gate,6,1,1.0,0.25,,5,0,1000,,0.0
c06_s01_cov100_seed00000081_bw025,flip,fast_gate,6,1,1.0,0.25,,6,0,1000,,0.0
c06_s01_cov100_seed00000084_bw025,flip,fast_gate,6,1,1.0,0.25,,1,478,522,1.0,0.478
c06_s01_cov100_seed00000084_bw025,flip,fast_gate,6,1,1.0,0.25,,2,356,644,0.8146067415730337,0.29
c06_s01_cov100_seed00000084_bw025,flip,fast_gate,6,1,1.0,0.25,,3,152,848,0.7171052631578947,0.109
c06_s01_cov100_seed00000084_bw025,flip,fast_gate,6,1,1.0,0.25,,4,0,1000,,0.0
c06_s01_cov100_seed00000084_bw025,flip,fast_gate,6,1,1.0,0.25,,5,0,1000,,0.0
c06_s01_cov100_seed00000084_bw025,flip,fast_gate,6,1,1.0,0.25,,6,0,1000,,0.0
c06_s01_cov100_seed00000089_bw025,flip,fast_gate,6,1,1.0,0.25,,1,625,375,0.6416,0.401
c06_s01_cov100_seed00000089_bw025,flip,fast_gate,6,1,1.0,0.25,,2,208,792,0.0,0.0
c06_s01_cov100_seed00000089_bw025,flip,fast_gate,6,1,1.0,0.25,,3,0,1000,,0.0
c06_s01_cov100_seed00000089_bw025,flip,fast_gate,6,1,1.0,0.25,,4,0,1000,,0.0
c06_s01_cov100_seed00000089_bw025,flip,fast_gate,6,1,1.0,0.25,,5,0,1000,,0.0
c06_s01_cov100_seed00000096_bw025,flip,fast_gate,6,1,1.0,0.25,,1,420,580,0.5214285714285715,0.219
c06_s01_cov100_seed00000096_bw025,flip,fast_gate,6,1,1.0,0.25,,2,202,798,1.0,0.202
c06_s01_cov100_seed00000096_bw025,flip,fast_gate,6,1,1.0,0.25,,3,80,920,1.0,0.08
c06_s01_cov100_seed00000096_bw025,flip,fast_gate,6,1,1.0,0.25,,4,0,1000,,0.0
c06_s01_cov100_seed00000096_bw025,flip,fast_gate,6,1,1.0,0.25,,5,0,1000,,0.0
c06_s01_cov100_seed00000100_bw025,flip,fast_gate,6,1,1.0,0.25,,1,347,653,1.0,0.347
c06_s01_cov100_seed00000100_bw025,flip,fast_gate,6,1,1.0,0.25,,2,201,799,0.6915422885572139,0.139
c06_s01_cov100_seed00000100_bw025,flip,fast_gate,6,1,1.0,0.25,,3,192,808,0.5416666666666666,0.104
c06_s01_cov100_seed00000100_bw025,flip,fast_gate,6,1,1.0,0.25,,4,146,854,0.4657534246575342,0.068
c06_s01_cov100_seed00000100_bw025,flip,fast_gate,6,1,1.0,0.25,,5,0,1000,,0.0
c06_s01_cov100_seed00000100_bw025,flip,fast_gate,6,1,1.0,0.25,,6,0,1000,,0.0
c06_s01_cov100_seed00000102_bw025,flip,fast_gate,6,1,1.0,0.25,,1,592,408,0.7010135135135135,0.415
c06_s01_cov100_seed00000102_bw025,flip,fast_gate,6,1,1.0,0.25,,2,195,805,0.0,0.0
c06_s01_cov100_seed00000102_bw025,flip,fast_gate,6,1,1.0,0.25,,3,0,1000,,0.0
c06_s01_cov100_seed00000102_bw025,flip,fast_gate,6,1,1.0,0.25,,4,0,1000,,0.0
c06_s01_cov100_seed00000102_bw025,flip,fast_gate,6,1,1.0,0.25,,5,0,1000,,0.0
c06_s01_cov100_seed00000104_bw025,flip,fast_gate,6,1,1.0,0.25,,1,511,489,0.6594911937377691,0.337
c06_s01_cov100_seed00000104_bw025,flip,fast_gate,6,1,1.0,0.25,,2,335,665,0.382089552238806,0.128
c06_s01_cov100_seed00000104_bw025,flip,fast_gate,6,1,1.0,0.25,,3,142,858,0.3591549295774648,0.051
c06_s01_cov100_seed00000104_bw025,flip,fast_gate,6,1,1.0,0.25,,4,0,1000,,0.0
c06_s01_cov100_seed00000104_bw025,flip,fast_gate,6,1,1.0,0.25,,5,0,1000,,0.0
c06_s01_cov100_seed00000104_bw025,flip,fast_gate,6,1,1.0,0.25,,6,0,1000,,0.0
c06_s01_cov100_seed00000111_bw025,flip,fast_gate,6,1,1.0,0.25,,1,458,542,1.0,0.458
c06_s01_cov100_seed00000111_bw025,flip,fast_gate,6,1,1.0,0.25,,2,183,817,0.8032786885245902,0.147
c06_s01_cov100_seed00000111_bw025,flip,fast_gate,6,1,1.0,0.25,,3,153,847,0.19607843137254902,0.03
c06_s01_cov100_seed00000111_bw025,flip,fast_gate,6,1,1.0,0.25,,4,187,813,0.0,0.0
c06_s01_cov100_seed00000111_bw025,flip,fast_gate,6,1,1.0,0.25,,5,204,796,0.0,0.0
c06_s01_cov100_seed00000111_bw025,flip,fast_gate,6,1,1.0,0.25,,6,144,856,0.0,0.0
c06_s01_cov100_seed00000111_bw025,flip,fast_gate,6,1,1.0,0.25,,7,0,1000,,0.0
c06_s01_cov100_seed00000113_bw025,flip,fast_gate,6,1,1.0,0.25,,1,304,696,0.5263157894736842,0.16
c06_s01_cov100_seed00000113_bw025,flip,fast_gate,6,1,1.0,0.25,,2,146,854,0.6712328767123288,0.098
c06_s01_cov100_seed00000113_bw025,flip,fast_gate,6,1,1.0,0.25,,3,90,910,0.7333333333333333,0.066
c06_s01_cov100_seed00000113_bw025,flip,fast_gate,6,1,1.0,0.25,,4,78,922,0.7307692307692307,0.057
c06_s01_cov100_seed00000113_bw025,flip,fast_gate,6,1,1.0,0.25,,5,99,901,0.5151515151515151,0.051
c06_s01_cov100_seed00000113_bw025,flip,fast_gate,6,1,1.0,0.25,,6,181,819,0.0,0.0
c06_s01_cov100_seed00000113_bw025,flip,fast_gate,6,1,1.0,0.25,,7,0,1000,,0.0
c06_s01_cov100_seed00000126_bw025,flip,fast_gate,6,1,1.0,0.25,,1,423,577,1.0,0.423
c06_s01_cov100_seed00000126_bw025,flip,fast_gate,6,1,1.0,0.25,,2,270,730,0.8481481481481481,0.229
c06_s01_cov100_seed00000126_bw025,flip,fast_gate,6,1,1.0,0.25,,3,171,829,0.6432748538011696,0.11
c06_s01_cov100_seed00000126_bw025,flip,fast_gate,6,1,1.0,0.25,,4,0,1000,,0.0
c06_s01_cov100_seed00000126_bw025,flip,fast_gate,6,1,1.0,0.25,,5,0,1000,,0.0
c06_s01_cov100_seed00000126_bw025,flip,fast_gate,6,1,1.0,0.25,,6,0,1000,,0.0
c06_s01_cov100_seed00000126_bw025,flip,fast_gate,6,1,1.0,0.25,,7,0,1000,,0.0
c06_s01_cov100_seed00000132_bw025,flip,fast_gate,6,1,1.0,0.25,,1,209,791,1.0,0.209
c06_s01_cov100_seed00000132_bw025,flip,fast_gate,6,1,1.0,0.25,,2,104,896,0.0,0.0
c06_s01_cov100_seed00000132_bw025,flip,fast_gate,6,1,1.0,0.25,,3,87,913,0.0,0.0
c06_s01_cov100_seed00000132_bw025,flip,fast_gate,6,1,1.0,0.25,,4,186,814,0.0,0.0
c06_s01_cov100_seed00000132_bw025,flip,fast_gate,6,1,1.0,0.25,,5,1000,0,0.0,0.0
c06_s01_cov100_seed00000133_bw025,flip,fast_gate,6,1,1.0,0.25,,1,463,537,0.6457883369330454,0.299
c06_s01_cov100_seed00000133_bw025,flip,fast_gate,6,1,1.0,0.25,,2,193,807,0.6632124352331606,0.128
c06_s01_cov100_seed00000133_bw025,flip,fast_gate,6,1,1.0,0.25,,3,97,903,1.0,0.097
c06_s01_cov100_seed00000133_bw025,flip,fast_gate,6,1,1.0,0.25,,4,135,865,1.0,0.135
c06_s01_cov100_seed00000133_bw025,flip,fast_gate,6,1,1.0,0.25,,5,164,836,1.0,0.164
c06_s01_cov100_seed00000133_bw025,flip,fast_gate,6,1,1.0,0.25,,6,0,1000,,0.0
c06_s01_cov100_seed00000136_bw025,flip,fast_gate,6,1,1.0,0.25,,1,422,578,0.6800947867298578,0.287
c06_s01_cov100_seed00000136_bw025,flip,fast_gate,6,1,1.0,0.25,,2,182,818,0.5054945054945055,0.092
c06_s01_cov100_seed00000136_bw025,flip,fast_gate,6,1,1.0,0.25,,3,111,889,0.27927927927927926,0.031
c06_s01_cov100_seed00000136_bw025,flip,fast_gate,6,1,1.0,0.25,,4,71,929,0.0,0.0
c06_s01_cov100_seed00000136_bw025,flip,fast_gate,6,1,1.0,0.25,,5,55,945,0.0,0.0
c06_s01_cov100_seed00000136_bw025,flip,fast_gate,6,1,1.0,0.25,,6,0,1000,,0.0
c06_s01_cov100_seed00000136_bw025,flip,fast_gate,6,1,1.0,0.25,,7,0,1000,,0.0
c06_s03_cov050_seed00000000_bw000,flip,fast_gate,6,3,0.5,0.0,,1,250,750,1.0,0.25
c06_s03_cov050_seed00000000_bw000,flip,fast_gate,6,3,0.5,0.0,,2,191,809,1.0,0.191
c06_s03_cov050_seed00000000_bw000,flip,fast_gate,6,3,0.5,0.0,,3,488,512,0.5102459016393442,0.249
c06_s03_cov050_seed00000000_bw000,flip,fast_gate,6,3,0.5,0.0,,4,1000,0,0.0,0.0
c06_s03_cov050_seed00000001_bw000,flip,fast_gate,6,3,0.5,0.0,,1,344,656,1.0,0.344
c06_s03_cov050_seed00000001_bw000,flip,fast_gate,6,3,0.5,0.0,,2,313,687,1.0,0.313
c06_s03_cov050_seed00000001_bw000,flip,fast_gate,6,3,0.5,0.0,,3,1000,0,0.0,0.0
c06_s03_cov050_seed00000002_bw000,flip,fast_gate,6,3,0.5,0.0,,1,364,636,1.0,0.364
c06_s03_cov050_seed00000002_bw000,flip,fast_gate,6,3,0.5,0.0,,2,316,684,1.0,0.316
c06_s03_cov050_seed00000002_bw000,flip,fast_gate,6,3,0.5,0.0,,3,1000,0,0.0,0.0
c06_s03_cov050_seed00000003_bw000,flip,fast_gate,6,3,0.5,0.0,,1,312,688,1.0,0.312
c06_s03_cov050_seed00000003_bw000,flip,fast_gate,6,3,0.5,0.0,,2,345,655,1.0,0.345
c06_s03_cov050_seed00000003_bw000,flip,fast_gate,6,3,0.5,0.0,,3,1000,0,0.0,0.0
c06_s03_cov050_seed00000004_bw000,flip,fast_gate,6,3,0.5,0.0,,1,497,503,1.0,0.497
c06_s03_cov050_seed00000004_bw000,flip,fast_gate,6,3,0.5,0.0,,2,1000,0,0.0,0.0
c06_s03_cov050_seed00000005_bw000,flip,fast_gate,6,3,0.5,0.0,,1,492,508,1.0,0.492
c06_s03_cov050_seed00000005_bw000,flip,fast_gate,6,3,0.5,0.0,,2,1000,0,0.0,0.0
c06_s03_cov050_seed00000006_bw000,flip,fast_gate,6,3,0.5,0.0,,1,480,520,1.0,0.48
c06_s03_cov050_seed00000006_bw000,flip,fast_gate,6,3,0.5,0.0,,2,1000,0,0.0,0.0
c06_s03_cov050_seed00000007_bw000,flip,fast_gate,6,3,0.5,0.0,,1,490,510,1.0,0.49
c06_s03_cov050_seed00000007_bw000,flip,fast_gate,6,3,0.5,0.0,,2,1000,0,0.0,0.0
c06_s03_cov050_seed00000008_bw000,flip,fast_gate,6,3,0.5,0.0,,1,481,519,1.0,0.481
c06_s03_cov050_seed00000008_bw000,flip,fast_gate,6,3,0.5,0.0,,2,1000,0,0.0,0.0
c06_s03_cov050_seed00000009_bw000,flip,fast_gate,6,3,0.5,0.0,,1,317,683,1.0,0.317
c06_s03_cov050_seed00000009_bw000,flip,fast_gate,6,3,0.5,0.0,,2,320,680,1.0,0.32
c06_s03_cov050_seed00000009_bw000,flip,fast_gate,6,3,0.5,0.0,,3,1000,0,0.0,0.0
c06_s03_cov050_seed00000010_bw000,flip,fast_gate,6,3,0.5,0.0,,1,349,651,1.0,0.349
c06_s03_cov050_seed00000010_bw000,flip,fast_gate,6,3,0.5,0.0,,2,308,692,1.0,0.308
c06_s03_cov050_seed00000010_bw000,flip,fast_gate,6,3,0.5,0.0,,3,1000,0,0.0,0.0
c06_s03_cov050_seed00000011_bw000,flip,fast_gate,6,3,0.5,0.0,,1,507,493,1.0,0.507
c06_s03_cov050_seed00000011_bw000,flip,fast_gate,6,3,0.5,0.0,,2,1000,0,0.0,0.0
c06_s03_cov050_seed00000012_bw000,flip,fast_gate,6,3,0.5,0.0,,1,349,651,1.0,0.349
c06_s03_cov050_seed00000012_bw000,flip,fast_gate,6,3,0.5,0.0,,2,338,662,1.0,0.338
c06_s03_cov050_seed00000012_bw000,flip,fast_gate,6,3,0.5,0.0,,3,1000,0,0.0,0.0
c06_s03_cov050_seed00000013_bw000,flip,fast_gate,6,3,0.5,0.0,,1,494,506,1.0,0.494
c06_s03_cov050_seed00000013_bw000,flip,fast_gate,6,3,0.5,0.0,,2,1000,0,0.0,0.0
c06_s03_cov050_seed00000014_bw000,flip,fast_gate,6,3,0.5,0.0,,1,489,511,1.0,0.489
c06_s03_cov050_seed00000014_bw000,flip,fast_gate,6,3,0.5,0.0,,2,1000,0,0.0,0.0
c06_s03_cov050_seed00000015_bw000,flip,fast_gate,6,3,0.5,0.0,,1,467,533,1.0,0.467
c06_s03_cov050_seed00000015_bw000,flip,fast_gate,6,3,0.5,0.0,,2,1000,0,0.0,0.0
c06_s03_cov050_seed00000016_bw000,flip,fast_gate,6,3,0.5,0.0,,1,336,664,1.0,0.336
c06_s03_cov050_seed00000016_bw000,flip,fast_gate,6,3,0.5,0.0,,2,319,681,1.0,0.319
c06_s03_cov050_seed00000016_bw000,flip,fast_gate,6,3,0.5,0.0,,3,1000,0,0.0,0.0
c06_s03_cov050_seed00000017_bw000,flip,fast_gate,6,3,0.5,0.0,,1,336,664,1.0,0.336
c06_s03_cov050_seed00000017_bw000,flip,fast_gate,6,3,0.5,0.0,,2,343,657,1.0,0.343
c06_s03_cov050_seed00000017_bw000,flip,fast_gate,6,3,0.5,0.0,,3,1000,0,0.0,0.0
c06_s03_cov050_seed00000018_bw000,flip,fast_gate,6,3,0.5,0.0,,1,330,670,1.0,0.33
c06_s03_cov050_seed00000018_bw000,flip,fast_gate,6,3,0.5,0.0,,2,346,654,1.0,0.346
c06_s03_cov050_seed00000018_bw000,flip,fast_gate,6,3,0.5,0.0,,3,1000,0,0.0,0.0
c06_s03_cov050_seed00000019_bw000,flip,fast_gate,6,3,0.5,0.0,,1,328,672,1.0,0.328
c06_s03_cov050_seed00000019_bw000,flip,fast_gate,6,3,0.5,0.0,,2,339,661,1.0,0.339
c06_s03_cov050_seed00000019_bw000,flip,fast_gate,6,3,0.5,0.0,,3,1000,0,0.0,0.0
c06_s03_cov050_seed00000020_bw000,flip,fast_gate,6,3,0.5,0.0,,1,320,680,1.0,0.32
c06_s03_cov050_seed00000020_bw000,flip,fast_gate,6,3,0.5,0.0,,2,348,652,1.0,0.348
c06_s03_cov050_seed00000020_bw000,flip,fast_gate,6,3,0.5,0.0,,3,1000,0,0.0,0.0
c06_s03_cov050_seed00000021_bw000,flip,fast_gate,6,3,0.5,0.0,,1,532,468,1.0,0.532
c06_s03_cov050_seed00000021_bw000,flip,fast_gate,6,3,0.5,0.0,,2,1000,0,0.0,0.0
c06_s03_cov050_seed00000022_bw000,flip,fast_gate,6,3,0.5,0.0,,1,493,507,1.0,0.493
c06_s03_cov050_seed00000022_bw000,flip,fast_gate,6,3,0.5,0.0,,2,338,662,1.0,0.338
c06_s03_cov050_seed00000022_bw000,flip,fast_gate,6,3,0.5,0.0,,3,502,498,0.5139442231075697,0.258
c06_s03_cov050_seed00000022_bw000,flip,fast_gate,6,3,0.5,0.0,,4,1000,0,0.0,0.0
c06_s03_cov050_seed00000023_bw000,flip,fast_gate,6,3,0.5,0.0,,1,338,662,1.0,0.338
c06_s03_cov050_seed00000023_bw000,flip,fast_gate,6,3,0.5,0.0,,2,324,676,1.0,0.324
c06_s03_cov050_seed00000023_bw000,flip,fast_gate,6,3,0.5,0.0,,3,1000,0,0.0,0.0
c06_s03_cov050_seed00000024_bw000,flip,fast_gate,6,3,0.5,0.0,,1,470,530,1.0,0.47
c06_s03_cov050_seed00000024_bw000,flip,fast_gate,6,3,0.5,0.0,,2,1000,0,0.0,0.0
c06_s03_cov050_seed00000025_bw000,flip,fast_gate,6,3,0.5,0.0,,1,316,684,1.0,0.316
c06_s03_cov050_seed00000025_bw000,flip,fast_gate,6,3,0.5,0.0,,2,357,643,1.0,0.357
c06_s03_cov050_seed00000025_bw000,flip,fast_gate,6,3,0.5,0.0,,3,1000,0,0.0,0.0
c06_s03_cov050_seed00000026_bw000,flip,fast_gate,6,3,0.5,0.0,,1,246,754,1.0,0.246
c06_s03_cov050_seed00000026_bw000,flip,fast_gate,6,3,0.5,0.0,,2,181,819,1.0,0.181
c06_s03_cov050_seed00000026_bw000,flip,fast_gate,6,3,0.5,0.0,,3,500,500,0.462,0.231
c06_s03_cov050_seed00000026_bw000,flip,fast_gate,6,3,0.5,0.0,,4,1000,0,0.0,0.0
c06_s03_cov050_seed00000027_bw000,flip,fast_gate,6,3,0.5,0.0,,1,323,677,1.0,0.323
c06_s03_cov050_seed00000027_bw000,flip,fast_gate,6,3,0.5,0.0,,2,318,682,1.0,0.318
c06_s03_cov050_seed00000027_bw000,flip,fast_gate,6,3,0.5,0.0,,3,1000,0,0.0,0.0
c06_s03_cov050_seed00000028_bw000,flip,fast_gate,6,3,0.5,0.0,,1,499,501,1.0,0.499
c06_s03_cov050_seed00000028_bw000,flip,fast_gate,6,3,0.5,0.0,,2,1000,0,0.0,0.0
c06_s03_cov050_seed00000029_bw000,flip,fast_gate,6,3,0.5,0.0,,1,502,498,1.0,0.502
c06_s03_cov050_seed00000029_bw000,flip,fast_gate,6,3,0.5,0.0,,2,1000,0,0.0,0.0
c06_s03_cov050_seed00000030_bw000,flip,fast_gate,6,3,0.5,0.0,,1,328,672,1.0,0.328
c06_s03_cov050_seed00000030_bw000,flip,fast_gate,6,3,0.5,0.0,,2,333,667,1.0,0.333
c06_s03_cov050_seed00000030_bw000,flip,fast_gate,6,3,0.5,0.0,,3,1000,0,0.0,0.0
c06_s03_cov050_seed00000031_bw000,flip,fast_gate,6,3,0.5,0.0,,1,351,649,1.0,0.351
c06_s03_cov050_seed00000031_bw000,flip,fast_gate,6,3,0.5,0.0,,2,322,678,1.0,0.322
c06_s03_cov050_seed00000031_bw000,flip,fast_gate,6,3,0.5,0.0,,3,1000,0,0.0,0.0
c06_s03_cov050_seed00000032_bw000,flip,fast_gate,6,3,0.5,0.0,,1,510,490,1.0,0.51
c06_s03_cov050_seed00000032_bw000,flip,fast_gate,6,3,0.5,0.0,,2,1000,0,0.0,0.0
c06_s03_cov050_seed00000033_bw000,flip,fast_gate,6,3,0.5,0.0,,1,515,485,1.0,0.515
c06_s03_cov050_seed00000033_bw000,flip,fast_gate,6,3,0.5,0.0,,2,1000,0,0.0,0.0
c06_s03_cov050_seed00000034_bw000,flip,fast_gate,6,3,0.5,0.0,,1,317,683,1.0,0.317
c06_s03_cov050_seed00000034_bw000,flip,fast_gate,6,3,0.5,0.0,,2,347,653,1.0,0.347
c06_s03_cov050_seed00000034_bw000,flip,fast_gate,6,3,0.5,0.0,,3,1000,0,0.0,0.0
c06_s03_cov050_seed00000035_bw000,flip,fast_gate,6,3,0.5,0.0,,1,494,506,1.0,0.494
c06_s03_cov050_seed00000035_bw000,flip,fast_gate,6,3,0.5,0.0,,2,1000,0,0.0,0.0
c06_s03_cov050_seed00000036_bw000,flip,fast_gate,6,3,0.5,0.0,,1,489,511,1.0,0.489
c06_s03_cov050_seed00000036_bw000,flip,fast_gate,6,3,0.5,0.0,,2,1000,0,0.0,0.0
c06_s03_cov050_seed00000037_bw000,flip,fast_gate,6,3,0.5,0.0,,1,350,650,1.0,0.35
c06_s03_cov050_seed00000037_bw000,flip,fast_gate,6,3,0.5,0.0,,2,358,642,1.0,0.358
c06_s03_cov050_seed00000037_bw000,flip,fast_gate,6,3,0.5,0.0,,3,1000,0,0.0,0.0
c06_s03_cov050_seed00000038_bw000,flip,fast_gate,6,3,0.5,0.0,,1,334,666,1.0,0.334
c06_s03_cov050_seed00000038_bw000,flip,fast_gate,6,3,0.5,0.0,,2,344,656,1.0,0.344
c06_s03_cov050_seed00000038_bw000,flip,fast_gate,6,3,0.5,0.0,,3,1000,0,0.0,0.0
c06_s03_cov050_seed00000039_bw000,flip,fast_gate,6,3,0.5,0.0,,1,351,649,1.0,0.351
c06_s03_cov050_seed00000039_bw000,flip,fast_gate,6,3,0.5,0.0,,2,325,675,1.0,0.325
c06_s03_cov050_seed00000039_bw000,flip,fast_gate,6,3,0.5,0.0,,3,1000,0,0.0,0.0
c06_s03_cov050_seed00000000_bw010,flip,fast_gate,6,3,0.5,0.1,,1,243,757,1.0,0.243
c06_s03_cov050_seed00000000_bw010,flip,fast_gate,6,3,0.5,0.1,,2,177,823,1.0,0.177
c06_s03_cov050_seed00000000_bw010,flip,fast_gate,6,3,0.5,0.1,,3,506,494,0.5019762845849802,0.254
c06_s03_cov050_seed00000000_bw010,flip,fast_gate,6,3,0.5,0.1,,4,1000,0,0.0,0.0
c06_s03_cov050_seed00000001_bw010,flip,fast_gate,6,3,0.5,0.1,,1,321,679,1.0,0.321
c06_s03_cov050_seed00000001_bw010,flip,fast_gate,6,3,0.5,0.1,,2,350,650,1.0,0.35
c06_s03_cov050_seed00000001_bw010,flip,fast_gate,6,3,0.5,0.1,,3,1000,0,0.0,0.0
c06_s03_cov050_seed00000002_bw010,flip,fast_gate,6,3,0.5,0.1,,1,304,696,1.0,0.304
c06_s03_cov050_seed00000002_bw010,flip,fast_gate,6,3,0.5,0.1,,2,325,675,1.0,0.325
c06_s03_cov050_seed00000002_bw010,flip,fast_gate,6,3,0.5,0.1,,3,1000,0,0.0,0.0
c06_s03_cov050_seed00000003_bw010,flip,fast_gate,6,3,0.5,0.1,,1,334,666,1.0,0.334
c06_s03_cov050_seed00000003_bw010,flip,fast_gate,6,3,0.5,0.1,,2,354,646,1.0,0.354
c06_s03_cov050_seed00000003_bw010,flip,fast_gate,6,3,0.5,0.1,,3,1000,0,0.0,0.0
c06_s03_cov050_seed00000004_bw010,flip,fast_gate,6,3,0.5,0.1,,1,501,499,1.0,0.501
c06_s03_cov050_seed00000004_bw010,flip,fast_gate,6,3,0.5,0.1,,2,1000,0,0.0,0.0
c06_s03_cov050_seed00000005_bw010,flip,fast_gate,6,3,0.5,0.1,,1,492,508,1.0,0.492
c06_s03_cov050_seed00000005_bw010,flip,fast_gate,6,3,0.5,0.1,,2,1000,0,0.0,0.0
c06_s03_cov050_seed00000006_bw010,flip,fast_gate,6,3,0.5,0.1,,1,502,498,1.0,0.502
c06_s03_cov050_seed00000006_bw010,flip,fast_gate,6,3,0.5,0.1,,2,1000,0,0.0,0.0
c06_s03_cov050_seed00000007_bw010,flip,fast_gate,6,3,0.5,0.1,,1,476,524,1.0,0.476
c06_s03_cov050_seed00000007_bw010,flip,fast_gate,6,3,0.5,0.1,,2,1000,0,0.0,0.0
c06_s03_cov050_seed00000008_bw010,flip,fast_gate,6,3,0.5,0.1,,1,481,519,1.0,0.481
c06_s03_cov050_seed00000008_bw010,flip,fast_gate,6,3,0.5,0.1,,2,1000,0,0.0,0.0
c06_s03_cov050_seed00000009_bw010,flip,fast_gate,6,3,0.5,0.1,,1,325,675,1.0,0.325
c06_s03_cov050_seed00000009_bw010,flip,fast_gate,6,3,0.5,0.1,,2,325,675,1.0,0.325
c06_s03_cov050_seed00000009_bw010,flip,fast_gate,6,3,0.5,0.1,,3,1000,0,0.0,0.0
c06_s03_cov050_seed00000010_bw010,flip,fast_gate,6,3,0.5,0.1,,1,349,651,1.0,0.349
c06_s03_cov050_seed00000010_bw010,flip,fast_gate,6,3,0.5,0.1,,2,349,651,1.0,0.349
c06_s03_cov050_seed00000010_bw010,flip,fast_gate,6,3,0.5,0.1,,3,1000,0,0.0,0.0
c06_s03_cov050_seed00000011_bw010,flip,fast_gate,6,3,0.5,0.1,,1,492,508,1.0,0.492
c06_s03_cov050_seed00000011_bw010,flip,fast_gate,6,3,0.5,0.1,,2,1000,0,0.0,0.0
c06_s03_cov050_seed00000012_bw010,flip,fast_gate,6,3,0.5,0.1,,1,345,655,1.0,0.345
c06_s03_cov050_seed00000012_bw010,flip,fast_gate,6,3,0.5,0.1,,2,343,657,1.0,0.343
c06_s03_cov050_seed00000012_bw010,flip,fast_gate,6,3,0.5,0.1,,3,1000,0,0.0,0.0
c06_s03_cov050_seed00000013_bw010,flip,fast_gate,6,3,0.5,0.1,,1,488,512,1.0,0.488
c06_s03_cov050_seed00000013_bw010,flip,fast_gate,6,3,0.5,0.1,,2,1000,0,0.0,0.0
c06_s03_cov050_seed00000014_bw010,flip,fast_gate,6,3,0.5,0.1,,1,499,501,1.0,0.499
c06_s03_cov050_seed00000014_bw010,flip,fast_gate,6,3,0.5,0.1,,2,1000,0,0.0,0.0
c06_s03_cov050_seed00000015_bw010,flip,fast_gate,6,3,0.5,0.1,,1,513,487,1.0,0.513
c06_s03_cov050_seed00000015_bw010,flip,fast_gate,6,3,0.5,0.1,,2,1000,0,0.0,0.0
c06_s03_cov050_seed00000016_bw010,flip,fast_gate,6,3,0.5,0.1,,1,312,688,1.0,0.312
c06_s03_cov050_seed00000016_bw010,flip,fast_gate,6,3,0.5,0.1,,2,317,683,1.0,0.317
c06_s03_cov050_seed00000016_bw010,flip,fast_gate,6,3,0.5,0.1,,3,1000,0,0.0,0.0
c06_s03_cov050_seed00000017_bw010,flip,fast_gate,6,3,0.5,0.1,,1,355,645,1.0,0.355
c06_s03_cov050_seed00000017_bw010,flip,fast_gate,6,3,0.5,0.1,,2,366,634,1.0,0.366
c06_s03_cov050_seed00000017_bw010,flip,fast_gate,6,3,0.5,0.1,,3,1000,0,0.0,0.0
c06_s03_cov050_seed00000018_bw010,flip,fast_gate,6,3,0.5,0.1,,1,322,678,1.0,0.322
c06_s03_cov050_seed00000018_bw010,flip,fast_gate,6,3,0.5,0.1,,2,319,681,1.0,0.319
c06_s03_cov050_seed00000018_bw010,flip,fast_gate,6,3,0.5,0.1,,3,1000,0,0.0,0.0
c06_s03_cov050_seed00000019_bw010,flip,fast_gate,6,3,0.5,0.1,,1,336,664,1.0,0.336
c06_s03_cov050_seed00000019_bw010,flip,fast_gate,6,3,0.5,0.1,,2,331,669,1.0,0.331
c06_s03_cov050_seed00000019_bw010,flip,fast_gate,6,3,0.5,0.1,,3,1000,0,0.0,0.0
c06_s03_cov050_seed00000020_bw010,flip,fast_gate,6,3,0.5,0.1,,1,338,662,1.0,0.338
c06_s03_cov050_seed00000020_bw010,flip,fast_gate,6,3,0.5,0.1,,2,341,659,1.0,0.341
c06_s03_cov050_seed00000020_bw010,flip,fast_gate,6,3,0.5,0.1,,3,1000,0,0.0,0.0
c06_s03_cov050_seed00000021_bw010,flip,fast_gate,6,3,0.5,0.1,,1,488,512,1.0,0.488
c06_s03_cov050_seed00000021_bw010,flip,fast_gate,6,3,0.5,0.1,,2,1000,0,0.0,0.0
c06_s03_cov050_seed00000022_bw010,flip,fast_gate,6,3,0.5,0.1,,1,489,511,1.0,0.489
c06_s03_cov050_seed00000022_bw010,flip,fast_gate,6,3,0.5,0.1,,2,328,672,1.0,0.328
c06_s03_cov050_seed00000022_bw010,flip,fast_gate,6,3,0.5,0.1,,3,524,476,0.49427480916030536,0.259
c06_s03_cov050_seed00000022_bw010,flip,fast_gate,6,3,0.5,0.1,,4,1000,0,0.0,0.0
c06_s03_cov050_seed00000023_bw010,flip,fast_gate,6,3,0.5,0.1,,1,336,664,1.0,0.336
c06_s03_cov050_seed00000023_bw010,flip,fast_gate,6,3,0.5,0.1,,2,307,693,1.0,0.307
c06_s03_cov050_seed00000023_bw010,flip,fast_gate,6,3,0.5,0.1,,3,1000,0,0.0,0.0
c06_s03_cov050_seed00000024_bw010,flip,fast_gate,6,3,0.5,0.1,,1,498,502,1.0,0.498
c06_s03_cov050_seed00000024_bw010,flip,fast_gate,6,3,0.5,0.1,,2,1000,0,0.0,0.0
c06_s03_cov050_seed00000025_bw010,flip,fast_gate,6,3,0.5,0.1,,1,339,661,1.0,0.339
c06_s03_cov050_seed00000025_bw010,flip,fast_gate,6,3,0.5,0.1,,2,348,652,1.0,0.348
c06_s03_cov050_seed00000025_bw010,flip,fast_gate,6,3,0.5,0.1,,3,1000,0,0.0,0.0
c06_s03_cov050_seed00000026_bw010,flip,fast_gate,6,3,0.5,0.1,,1,266,734,1.0,0.266
c06_s03_cov050_seed00000026_bw010,flip,fast_gate,6,3,0.5,0.1,,2,173,827,1.0,0.173
c06_s03_cov050_seed00000026_bw010,flip,fast_gate,6,3,0.5,0.1,,3,501,499,0.47704590818363274,0.239
c06_s03_cov050_seed00000026_bw010,flip,fast_gate,6,3,0.5,0.1,,4,1000,0,0.0,0.0
c06_s03_cov050_seed00000027_bw010,flip,fast_gate,6,3,0.5,0.1,,1,324,676,1.0,0.324
c06_s03_cov050_seed00000027_bw010,flip,fast_gate,6,3,0.5,0.1,,2,302,698,1.0,0.302
c06_s03_cov050_seed00000027_bw010,flip,fast_gate,6,3,0.5,0.1,,3,1000,0,0.0,0.0
c06_s03_cov050_seed00000028_bw010,flip,fast_gate,6,3,0.5,0.1,,1,512,488,1.0,0.512
c06_s03_cov050_seed00000028_bw010,flip,fast_gate,6,3,0.5,0.1,,2,1000,0,0.0,0.0
c06_s03_cov050_seed00000029_bw010,flip,fast_gate,6,3,0.5,0.1,,1,465,535,1.0,0.465
c06_s03_cov050_seed00000029_bw010,flip,fast_gate,6,3,0.5,0.1,,2,1000,0,0.0,0.0
c06_s03_cov050_seed00000030_bw010,flip,fast_gate,6,3,0.5,0.1,,1,348,652,1.0,0.348
c06_s03_cov050_seed00000030_bw010,flip,fast_gate,6,3,0.5,0.1,,2,327,673,1.0,0.327
c06_s03_cov050_seed00000030_bw010,flip,fast_gate,6,3,0.5,0.1,,3,1000,0,0.0,0.0
c06_s03_cov050_seed00000031_bw010,flip,fast_gate,6,3,0.5,0.1,,1,335,665,1.0,0.335
c06_s03_cov050_seed00000031_bw010,flip,fast_gate,6,3,0.5,0.1,,2,353,647,1.0,0.353
c06_s03_cov050_seed00000031_bw010,flip,fast_gate,6,3,0.5,0.1,,3,1000,0,0.0,0.0
c06_s03_cov050_seed00000032_bw010,flip,fast_gate,6,3,0.5,0.1,,1,486,514,1.0,0.486
c06_s03_cov050_seed00000032_bw010,flip,fast_gate,6,3,0.5,0.1,,2,1000,0,0.0,0.0
c06_s03_cov050_seed00000033_bw010,flip,fast_gate,6,3,0.5,0.1,,1,515,485,1.0,0.515
c06_s03_cov050_seed00000033_bw010,flip,fast_gate,6,3,0.5,0.1,,2,1000,0,0.0,0.0
c06_s03_cov050_seed00000034_bw010,flip,fast_gate,6,3,0.5,0.1,,1,323,677,1.0,0.323
c06_s03_cov050_seed00000034_bw010,flip,fast_gate,6,3,0.5,0.1,,2,348,652,1.0,0.348
c06_s03_cov050_seed00000034_bw010,flip,fast_gate,6,3,0.5,0.1,,3,1000,0,0.0,0.0
c06_s03_cov050_seed00000035_bw010,flip,fast_gate,6,3,0.5,0.1,,1,523,477,1.0,0.523
c06_s03_cov050_seed00000035_bw010,flip,fast_gate,6,3,0.5,0.1,,2,1000,0,0.0,0.0
c06_s03_cov050_seed00000036_bw010,flip,fast_gate,6,3,0.5,0.1,,1,515,485,1.0,0.515
c06_s03_cov050_seed00000036_bw010,flip,fast_gate,6,3,0.5,0.1,,2,1000,0,0.0,0.0
c06_s03_cov050_seed00000037_bw010,flip,fast_gate,6,3,0.5,0.1,,1,314,686,1.0,0.314
c06_s03_cov050_seed00000037_bw010,flip,fast_gate,6,3,0.5,0.1,,2,318,682,1.0,0.318
c06_s03_cov050_seed00000037_bw010,flip,fast_gate,6,3,0.5,0.1,,3,1000,0,0.0,0.0
c06_s03_cov050_seed00000038_bw010,flip,fast_gate,6,3,0.5,0.1,,1,337,663,1.0,0.337
c06_s03_cov050_seed00000038_bw010,flip,fast_gate,6,3,0.5,0.1,,2,322,678,1.0,0.322
c06_s03_cov050_seed00000038_bw010,flip,fast_gate,6,3,0.5,0.1,,3,1000,0,0.0,0.0
c06_s03_cov050_seed00000039_bw010,flip,fast_gate,6,3,0.5,0.1,,1,341,659,1.0,0.341
c06_s03_cov050_seed00000039_bw010,flip,fast_gate,6,3,0.5,0.1,,2,350,650,1.0,0.35
c06_s03_cov050_seed00000039_bw010,flip,fast_gate,6,3,0.5,0.1,,3,1000,0,0.0,0.0
c06_s03_cov050_seed00000004_bw025,flip,fast_gate,6,3,0.5,0.25,,1,479,521,1.0,0.479
c06_s03_cov050_seed00000004_bw025,flip,fast_gate,6,3,0.5,0.25,,2,1000,0,0.0,0.0
c06_s03_cov050_seed00000005_bw025,flip,fast_gate,6,3,0.5,0.25,,1,496,504,1.0,0.496
c06_s03_cov050_seed00000005_bw025,flip,fast_gate,6,3,0.5,0.25,,2,1000,0,0.0,0.0
c06_s03_cov050_seed00000006_bw025,flip,fast_gate,6,3,0.5,0.25,,1,512,488,1.0,0.512
c06_s03_cov050_seed00000006_bw025,flip,fast_gate,6,3,0.5,0.25,,2,1000,0,0.0,0.0
c06_s03_cov050_seed00000007_bw025,flip,fast_gate,6,3,0.5,0.25,,1,491,509,1.0,0.491
c06_s03_cov050_seed00000007_bw025,flip,fast_gate,6,3,0.5,0.25,,2,1000,0,0.0,0.0
c06_s03_cov050_seed00000008_bw025,flip,fast_gate,6,3,0.5,0.25,,1,513,487,1.0,0.513
c06_s03_cov050_seed00000008_bw025,flip,fast_gate,6,3,0.5,0.25,,2,1000,0,0.0,0.0
c06_s03_cov050_seed00000011_bw025,flip,fast_gate,6,3,0.5,0.25,,1,484,516,1.0,0.484
c06_s03_cov050_seed00000011_bw025,flip,fast_gate,6,3,0.5,0.25,,2,1000,0,0.0,0.0
c06_s03_cov050_seed00000013_bw025,flip,fast_gate,6,3,0.5,0.25,,1,511,489,1.0,0.511
c06_s03_cov050_seed00000013_bw025,flip,fast_gate,6,3,0.5,0.25,,2,1000,0,0.0,0.0
c06_s03_cov050_seed00000014_bw025,flip,fast_gate,6,3,0.5,0.25,,1,520,480,1.0,0.52
c06_s03_cov050_seed00000014_bw025,flip,fast_gate,6,3,0.5,0.25,,2,1000,0,0.0,0.0
c06_s03_cov050_seed00000015_bw025,flip,fast_gate,6,3,0.5,0.25,,1,520,480,1.0,0.52
c06_s03_cov050_seed00000015_bw025,flip,fast_gate,6,3,0.5,0.25,,2,1000,0,0.0,0.0
c06_s03_cov050_seed00000021_bw025,flip,fast_gate,6,3,0.5,0.25,,1,506,494,1.0,0.506
c06_s03_cov050_seed00000021_bw025,flip,fast_gate,6,3,0.5,0.25,,2,1000,0,0.0,0.0
c06_s03_cov050_seed00000022_bw025,flip,fast_gate,6,3,0.5,0.25,,1,763,237,1.0,0.763
c06_s03_cov050_seed00000022_bw025,flip,fast_gate,6,3,0.5,0.25,,2,499,501,0.6533066132264529,0.326
c06_s03_cov050_seed00000022_bw025,flip,fast_gate,6,3,0.5,0.25,,3,253,747,0.0,0.0
c06_s03_cov050_seed00000022_bw025,flip,fast_gate,6,3,0.5,0.25,,4,0,1000,,0.0
c06_s03_cov050_seed00000024_bw025,flip,fast_gate,6,3,0.5,0.25,,1,531,469,1.0,0.531
c06_s03_cov050_seed00000024_bw025,flip,fast_gate,6,3,0.5,0.25,,2,1000,0,0.0,0.0
c06_s03_cov050_seed00000025_bw025,flip,fast_gate,6,3,0.5,0.25,,1,664,336,1.0,0.664
c06_s03_cov050_seed00000025_bw025,flip,fast_gate,6,3,0.5,0.25,,2,322,678,0.0,0.0
c06_s03_cov050_seed00000025_bw025,flip,fast_gate,6,3,0.5,0.25,,3,0,1000,,0.0
c06_s03_cov050_seed00000028_bw025,flip,fast_gate,6,3,0.5,0.25,,1,464,536,1.0,0.464
c06_s03_cov050_seed00000028_bw025,flip,fast_gate,6,3,0.5,0.25,,2,1000,0,0.0,0.0
c06_s03_cov050_seed00000029_bw025,flip,fast_gate,6,3,0.5,0.25,,1,497,503,1.0,0.497
c06_s03_cov050_seed00000029_bw025,flip,fast_gate,6,3,0.5,0.25,,2,1000,0,0.0,0.0
c06_s03_cov050_seed00000031_bw025,flip,fast_gate,6,3,0.5,0.25,,1,672,328,1.0,0.672
c06_s03_cov050_seed00000031_bw025,flip,fast_gate,6,3,0.5,0.25,,2,335,665,0.0,0.0
c06_s03_cov050_seed00000031_bw025,flip,fast_gate,6,3,0.5,0.25,,3,0,1000,,0.0
c06_s03_cov050_seed00000032_bw025,flip,fast_gate,6,3,0.5,0.25,,1,493,507,1.0,0.493
c06_s03_cov050_seed00000032_bw025,flip,fast_gate,6,3,0.5,0.25,,2,1000,0,0.0,0.0
c06_s03_cov050_seed00000033_bw025,flip,fast_gate,6,3,0.5,0.25,,1,505,495,1.0,0.505
c06_s03_cov050_seed00000033_bw025,flip,fast_gate,6,3,0.5,0.25,,2,1000,0,0.0,0.0
c06_s03_cov050_seed00000035_bw025,flip,fast_gate,6,3,0.5,0.25,,1,528,472,1.0,0.528
c06_s03_cov050_seed00000035_bw025,flip,fast_gate,6,3,0.5,0.25,,2,1000,0,0.0,0.0
c06_s03_cov050_seed00000036_bw025,flip,fast_gate,6,3,0.5,0.25,,1,494,506,1.0,0.494
c06_s03_cov050_seed00000036_bw025,flip,fast_gate,6,3,0.5,0.25,,2,1000,0,0.0,0.0
c06_s03_cov050_seed00000040_bw025,flip,fast_gate,6,3,0.5,0.25,,1,499,501,1.0,0.499
c06_s03_cov050_seed00000040_bw025,flip,fast_gate,6,3,0.5,0.25,,2,1000,0,0.0,0.0
c06_s03_cov050_seed00000042_bw025,flip,fast_gate,6,3,0.5,0.25,,1,494,506,1.0,0.494
c06_s03_cov050_seed00000042_bw025,flip,fast_gate,6,3,0.5,0.25,,2,1000,0,0.0,0.0
c06_s03_cov050_seed00000044_bw025,flip,fast_gate,6,3,0.5,0.25,,1,649,351,1.0,0.649
c06_s03_cov050_seed00000044_bw025,flip,fast_gate,6,3,0.5,0.25,,2,319,681,0.0,0.0
c06_s03_cov050_seed00000044_bw025,flip,fast_gate,6,3,0.5,0.25,,3,0,1000,,0.0
c06_s03_cov050_seed00000045_bw025,flip,fast_gate,6,3,0.5,0.25,,1,496,504,1.0,0.496
c06_s03_cov050_seed00000045_bw025,flip,fast_gate,6,3,0.5,0.25,,2,1000,0,0.0,0.0
c06_s03_cov050_seed00000047_bw025,flip,fast_gate,6,3,0.5,0.25,,1,478,522,1.0,0.478
c06_s03_cov050_seed00000047_bw025,flip,fast_gate,6,3,0.5,0.25,,2,1000,0,0.0,0.0
c06_s03_cov050_seed00000048_bw025,flip,fast_gate,6,3,0.5,0.25,,1,491,509,1.0,0.491
c06_s03_cov050_seed00000048_bw025,flip,fast_gate,6,3,0.5,0.25,,2,1000,0,0.0,0.0
c06_s03_cov050_seed00000049_bw025,flip,fast_gate,6,3,0.5,0.25,,1,493,507,1.0,0.493
c06_s03_cov050_seed00000049_bw025,flip,fast_gate,6,3,0.5,0.25,,2,1000,0,0.0,0.0
c06_s03_cov050_seed00000050_bw025,flip,fast_gate,6,3,0.5,0.25,,1,502,498,1.0,0.502
c06_s03_cov050_seed00000050_bw025,flip,fast_gate,6,3,0.5,0.25,,2,1000,0,0.0,0.0
c06_s03_cov050_seed00000052_bw025,flip,fast_gate,6,3,0.5,0.25,,1,478,522,1.0,0.478
c06_s03_cov050_seed00000052_bw025,flip,fast_gate,6,3,0.5,0.25,,2,1000,0,0.0,0.0
c06_s03_cov050_seed00000053_bw025,flip,fast_gate,6,3,0.5,0.25,,1,510,490,1.0,0.51
c06_s03_cov050_seed00000053_bw025,flip,fast_gate,6,3,0.5,0.25,,2,1000,0,0.0,0.0
c06_s03_cov050_seed00000054_bw025,flip,fast_gate,6,3,0.5,0.25,,1,687,313,1.0,0.687
c06_s03_cov050_seed00000054_bw025,flip,fast_gate,6,3,0.5,0.25,,2,337,663,0.0,0.0
c06_s03_cov050_seed00000054_bw025,flip,fast_gate,6,3,0.5,0.25,,3,0,1000,,0.0
c06_s03_cov050_seed00000055_bw025,flip,fast_gate,6,3,0.5,0.25,,1,679,321,1.0,0.679
c06_s03_cov050_seed00000055_bw025,flip,fast_gate,6,3,0.5,0.25,,2,371,629,0.0,0.0
c06_s03_cov050_seed00000055_bw025,flip,fast_gate,6,3,0.5,0.25,,3,0,1000,,0.0
c06_s03_cov050_seed00000056_bw025,flip,fast_gate,6,3,0.5,0.25,,1,651,349,1.0,0.651
c06_s03_cov050_seed00000056_bw025,flip,fast_gate,6,3,0.5,0.25,,2,339,661,0.0,0.0
c06_s03_cov050_seed00000056_bw025,flip,fast_gate,6,3,0.5,0.25,,3,0,1000,,0.0
c06_s03_cov050_seed00000057_bw025,flip,fast_gate,6,3,0.5,0.25,,1,506,494,1.0,0.506
c06_s03_cov050_seed00000057_bw025,flip,fast_gate,6,3,0.5,0.25,,2,1000,0,0.0,0.0
c06_s03_cov050_seed00000061_bw025,flip,fast_gate,6,3,0.5,0.25,,1,502,498,1.0,0.502
c06_s03_cov050_seed00000061_bw025,flip,fast_gate,6,3,0.5,0.25,,2,1000,0,0.0,0.0
c06_s03_cov050_seed00000062_bw025,flip,fast_gate,6,3,0.5,0.25,,1,506,494,1.0,0.506
c06_s03_cov050_seed00000062_bw025,flip,fast_gate,6,3,0.5,0.25,,2,1000,0,0.0,0.0
c06_s03_cov050_seed00000063_bw025,flip,fast_gate,6,3,0.5,0.25,,1,674,326,1.0,0.674
c06_s03_cov050_seed00000063_bw025,flip,fast_gate,6,3,0.5,0.25,,2,324,676,0.0,0.0
c06_s03_cov050_seed00000063_bw025,flip,fast_gate,6,3,0.5,0.25,,3,0,1000,,0.0
c06_s03_cov050_seed00000065_bw025,flip,fast_gate,6,3,0.5,0.25,,1,504,496,1.0,0.504
c06_s03_cov050_seed00000065_bw025,flip,fast_gate,6,3,0.5,0.25,,2,1000,0,0.0,0.0
c06_s03_cov050_seed00000068_bw025,flip,fast_gate,6,3,0.5,0.25,,1,512,488,1.0,0.512
c06_s03_cov050_seed00000068_bw025,flip,fast_gate,6,3,0.5,0.25,,2,1000,0,0.0,0.0
c06_s03_cov050_seed00000069_bw025,flip,fast_gate,6,3,0.5,0.25,,1,548,452,1.0,0.548
c06_s03_cov050_seed00000069_bw025,flip,fast_gate,6,3,0.5,0.25,,2,1000,0,0.0,0.0
c06_s03_cov100_seed00000000_bw000,flip,fast_gate,6,3,1.0,0.0,,1,383,617,1.0,0.383
c06_s03_cov100_seed00000000_bw000,flip,fast_gate,6,3,1.0,0.0,,2,114,886,1.0,0.114
c06_s03_cov100_seed00000000_bw000,flip,fast_gate,6,3,1.0,0.0,,3,89,911,0.7303370786516854,0.065
c06_s03_cov100_seed00000000_bw000,flip,fast_gate,6,3,1.0,0.0,,4,106,894,0.5660377358490566,0.06
c06_s03_cov100_seed00000000_bw000,flip,fast_gate,6,3,1.0,0.0,,5,78,922,0.0,0.0
c06_s03_cov100_seed00000000_bw000,flip,fast_gate,6,3,1.0,0.0,,6,0,1000,,0.0
c06_s03_cov100_seed00000000_bw000,flip,fast_gate,6,3,1.0,0.0,,7,0,1000,,0.0
c06_s03_cov100_seed00000001_bw000,flip,fast_gate,6,3,1.0,0.0,,1,349,651,1.0,0.349
c06_s03_cov100_seed00000001_bw000,flip,fast_gate,6,3,1.0,0.0,,2,186,814,1.0,0.186
c06_s03_cov100_seed00000001_bw000,flip,fast_gate,6,3,1.0,0.0,,3,152,848,0.6907894736842105,0.105
c06_s03_cov100_seed00000001_bw000,flip,fast_gate,6,3,1.0,0.0,,4,136,864,0.4632352941176471,0.063
c06_s03_cov100_seed00000001_bw000,flip,fast_gate,6,3,1.0,0.0,,5,179,821,0.0,0.0
c06_s03_cov100_seed00000001_bw000,flip,fast_gate,6,3,1.0,0.0,,6,0,1000,,0.0
c06_s03_cov100_seed00000002_bw000,flip,fast_gate,6,3,1.0,0.0,,1,319,681,1.0,0.319
c06_s03_cov100_seed00000002_bw000,flip,fast_gate,6,3,1.0,0.0,,2,213,787,1.0,0.213
c06_s03_cov100_seed00000002_bw000,flip,fast_gate,6,3,1.0,0.0,,3,136,864,0.5735294117647058,0.078
c06_s03_cov100_seed00000002_bw000,flip,fast_gate,6,3,1.0,0.0,,4,145,855,0.496551724137931,0.072
c06_s03_cov100_seed00000002_bw000,flip,fast_gate,6,3,1.0,0.0,,5,181,819,0.0,0.0
c06_s03_cov100_seed00000002_bw000,flip,fast_gate,6,3,1.0,0.0,,6,0,1000,,0.0
c06_s03_cov100_seed00000003_bw000,flip,fast_gate,6,3,1.0,0.0,,1,521,479,1.0,0.521
c06_s03_cov100_seed00000003_bw000,flip,fast_gate,6,3,1.0,0.0,,2,213,787,1.0,0.213
c06_s03_cov100_seed00000003_bw000,flip,fast_gate,6,3,1.0,0.0,,3,83,917,0.4819277108433735,0.04
c06_s03_cov100_seed00000003_bw000,flip,fast_gate,6,3,1.0,0.0,,4,120,880,0.475,0.057
c06_s03_cov100_seed00000003_bw000,flip,fast_gate,6,3,1.0,0.0,,5,150,850,0.0,0.0
c06_s03_cov100_seed00000003_bw000,flip,fast_gate,6,3,1.0,0.0,,6,0,1000,,0.0
c06_s03_cov100_seed00000004_bw000,flip,fast_gate,6,3,1.0,0.0,,1,186,814,1.0,0.186
c06_s03_cov100_seed00000004_bw000,flip,fast_gate,6,3,1.0,0.0,,2,88,912,1.0,0.088
c06_s03_cov100_seed00000004_bw000,flip,fast_gate,6,3,1.0,0.0,,3,212,788,0.49528301886792453,0.105
c06_s03_cov100_seed00000004_bw000,flip,fast_gate,6,3,1.0,0.0,,4,194,806,1.0,0.194
c06_s03_cov100_seed00000004_bw000,flip,fast_gate,6,3,1.0,0.0,,5,0,1000,,0.0
c06_s03_cov100_seed00000005_bw000,flip,fast_gate,6,3,1.0,0.0,,1,189,811,1.0,0.189
c06_s03_cov100_seed00000005_bw000,flip,fast_gate,6,3,1.0,0.0,,2,99,901,1.0,0.099
c06_s03_cov100_seed00000005_bw000,flip,fast_gate,6,3,1.0,0.0,,3,211,789,0.4928909952606635,0.104
c06_s03_cov100_seed00000005_bw000,flip,fast_gate,6,3,1.0,0.0,,4,186,814,1.0,0.186
c06_s03_cov100_seed00000005_bw000,flip,fast_gate,6,3,1.0,0.0,,5,0,1000,,0.0
c06_s03_cov100_seed00000006_bw000,flip,fast_gate,6,3,1.0,0.0,,1,199,801,1.0,0.199
c06_s03_cov100_seed00000006_bw000,flip,fast_gate,6,3,1.0,0.0,,2,179,821,1.0,0.179
c06_s03_cov100_seed00000006_bw000,flip,fast_gate,6,3,1.0,0.0,,3,193,807,0.49222797927461137,0.095
c06_s03_cov100_seed00000006_bw000,flip,fast_gate,6,3,1.0,0.0,,4,0,1000,,0.0
c06_s03_cov100_seed00000006_bw000,flip,fast_gate,6,3,1.0,0.0,,5,0,1000,,0.0
c06_s03_cov100_seed00000007_bw000,flip,fast_gate,6,3,1.0,0.0,,1,191,809,1.0,0.191
c06_s03_cov100_seed00000007_bw000,flip,fast_gate,6,3,1.0,0.0,,2,95,905,1.0,0.095
c06_s03_cov100_seed00000007_bw000,flip,fast_gate,6,3,1.0,0.0,,3,106,894,0.0,0.0
c06_s03_cov100_seed00000007_bw000,flip,fast_gate,6,3,1.0,0.0,,4,406,594,0.0,0.0
c06_s03_cov100_seed00000007_bw000,flip,fast_gate,6,3,1.0,0.0,,5,0,1000,,0.0
c06_s03_cov100_seed00000008_bw000,flip,fast_gate,6,3,1.0,0.0,,1,210,790,1.0,0.21
c06_s03_cov100_seed00000008_bw000,flip,fast_gate,6,3,1.0,0.0,,2,175,825,1.0,0.175
c06_s03_cov100_seed00000008_bw000,flip,fast_gate,6,3,1.0,0.0,,3,187,813,0.47058823529411764,0.088
c06_s03_cov100_seed00000008_bw000,flip,fast_gate,6,3,1.0,0.0,,4,0,1000,,0.0
c06_s03_cov100_seed00000008_bw000,flip,fast_gate,6,3,1.0,0.0,,5,0,1000,,0.0
c06_s03_cov100_seed00000009_bw000,flip,fast_gate,6,3,1.0,0.0,,1,484,516,1.0,0.484
c06_s03_cov100_seed00000009_bw000,flip,fast_gate,6,3,1.0,0.0,,2,192,808,1.0,0.192
c06_s03_cov100_seed00000009_bw000,flip,fast_gate,6,3,1.0,0.0,,3,140,860,0.7142857142857143,0.1
c06_s03_cov100_seed00000009_bw000,flip,fast_gate,6,3,1.0,0.0,,4,138,862,0.5289855072463768,0.073
c06_s03_cov100_seed00000009_bw000,flip,fast_gate,6,3,1.0,0.0,,5,0,1000,,0.0
c06_s03_cov100_seed00000009_bw000,flip,fast_gate,6,3,1.0,0.0,,6,0,1000,,0.0
c06_s03_cov100_seed00000010_bw000,flip,fast_gate,6,3,1.0,0.0,,1,330,670,1.0,0.33
c06_s03_cov100_seed00000010_bw000,flip,fast_gate,6,3,1.0,0.0,,2,133,867,1.0,0.133
c06_s03_cov100_seed00000010_bw000,flip,fast_gate,6,3,1.0,0.0,,3,108,892,0.5,0.054
c06_s03_cov100_seed00000010_bw000,flip,fast_gate,6,3,1.0,0.0,,4,130,870,0.47692307692307695,0.062
c06_s03_cov100_seed00000010_bw000,flip,fast_gate,6,3,1.0,0.0,,5,325,675,0.556923076923077,0.181
c06_s03_cov100_seed00000010_bw000,flip,fast_gate,6,3,1.0,0.0,,6,1000,0,0.0,0.0
c06_s03_cov100_seed00000011_bw000,flip,fast_gate,6,3,1.0,0.0,,1,601,399,1.0,0.601
c06_s03_cov100_seed00000011_bw000,flip,fast_gate,6,3,1.0,0.0,,2,101,899,1.0,0.101
c06_s03_cov100_seed00000011_bw000,flip,fast_gate,6,3,1.0,0.0,,3,99,901,0.0,0.0
c06_s03_cov100_seed00000011_bw000,flip,fast_gate,6,3,1.0,0.0,,4,0,1000,,0.0
c06_s03_cov100_seed00000011_bw000,flip,fast_gate,6,3,1.0,0.0,,5,0,1000,,0.0
c06_s03_cov100_seed00000012_bw000,flip,fast_gate,6,3,1.0,0.0,,1,307,693,1.0,0.307
c06_s03_cov100_seed00000012_bw000,flip,fast_gate,6,3,1.0,0.0,,2,195,805,1.0,0.195
c06_s03_cov100_seed00000012_bw000,flip,fast_gate,6,3,1.0,0.0,,3,201,799,0.736318407960199,0.148
c06_s03_cov100_seed00000012_bw000,flip,fast_gate,6,3,1.0,0.0,,4,124,876,0.532258064516129,0.066
c06_s03_cov100_seed00000012_bw000,flip,fast_gate,6,3,1.0,0.0,,5,0,1000,,0.0
c06_s03_cov100_seed00000012_bw000,flip,fast_gate,6,3,1.0,0.0,,6,0,1000,,0.0
c06_s03_cov100_seed00000013_bw000,flip,fast_gate,6,3,1.0,0.0,,1,191,809,1.0,0.191
c06_s03_cov100_seed00000013_bw000,flip,fast_gate,6,3,1.0,0.0,,2,109,891,1.0,0.109
c06_s03_cov100_seed00000013_bw000,flip,fast_gate,6,3,1.0,0.0,,3,93,907,0.0,0.0
c06_s03_cov100_seed00000013_bw000,flip,fast_gate,6,3,1.0,0.0,,4,201,799,0.0,0.0
c06_s03_cov100_seed00000013_bw000,flip,fast_gate,6,3,1.0,0.0,,5,1000,0,0.0,0.0
c06_s03_cov100_seed00000014_bw000,flip,fast_gate,6,3,1.0,0.0,,1,399,601,1.0,0.399
c06_s03_cov100_seed00000014_bw000,flip,fast_gate,6,3,1.0,0.0,,2,186,814,1.0,0.186
c06_s03_cov100_seed00000014_bw000,flip,fast_gate,6,3,1.0,0.0,,3,97,903,0.0,0.0
c06_s03_cov100_seed00000014_bw000,flip,fast_gate,6,3,1.0,0.0,,4,0,1000,,0.0
c06_s03_cov100_seed00000014_bw000,flip,fast_gate,6,3,1.0,0.0,,5,0,1000,,0.0
c06_s03_cov100_seed00000015_bw000,flip,fast_gate,6,3,1.0,0.0,,1,192,808,1.0,0.192
c06_s03_cov100_seed00000015_bw000,flip,fast_gate,6,3,1.0,0.0,,2,105,895,1.0,0.105
c06_s03_cov100_seed00000015_bw000,flip,fast_gate,6,3,1.0,0.0,,3,91,909,0.0,0.0
c06_s03_cov100_seed00000015_bw000,flip,fast_gate,6,3,1.0,0.0,,4,398,602,0.0,0.0
c06_s03_cov100_seed00000015_bw000,flip,fast_gate,6,3,1.0,0.0,,5,0,1000,,0.0
c06_s03_cov100_seed00000016_bw000,flip,fast_gate,6,3,1.0,0.0,,1,333,667,1.0,0.333
c06_s03_cov100_seed00000016_bw000,flip,fast_gate,6,3,1.0,0.0,,2,141,859,1.0,0.141
c06_s03_cov100_seed00000016_bw000,flip,fast_gate,6,3,1.0,0.0,,3,139,861,0.7338129496402878,0.102
c06_s03_cov100_seed00000016_bw000,flip,fast_gate,6,3,1.0,0.0,,4,176,824,0.6647727272727273,0.117
c06_s03_cov100_seed00000016_bw000,flip,fast_gate,6,3,1.0,0.0,,5,165,835,0.0,0.0
c06_s03_cov100_seed00000016_bw000,flip,fast_gate,6,3,1.0,0.0,,6,0,1000,,0.0
c06_s03_cov100_seed00000017_bw000,flip,fast_gate,6,3,1.0,0.0,,1,335,665,1.0,0.335
c06_s03_cov100_seed00000017_bw000,flip,fast_gate,6,3,1.0,0.0,,2,128,872,1.0,0.128
c06_s03_cov100_seed00000017_bw000,flip,fast_gate,6,3,1.0,0.0,,3,157,843,0.6050955414012739,0.095
c06_s03_cov100_seed00000017_bw000,flip,fast_gate,6,3,1.0,0.0,,4,187,813,0.6577540106951871,0.123
c06_s03_cov100_seed00000017_bw000,flip,fast_gate,6,3,1.0,0.0,,5,151,849,0.0,0.0
c06_s03_cov100_seed00000017_bw000,flip,fast_gate,6,3,1.0,0.0,,6,0,1000,,0.0
c06_s03_cov100_seed00000018_bw000,flip,fast_gate,6,3,1.0,0.0,,1,337,663,1.0,0.337
c06_s03_cov100_seed00000018_bw000,flip,fast_gate,6,3,1.0,0.0,,2,205,795,1.0,0.205
c06_s03_cov100_seed00000018_bw000,flip,fast_gate,6,3,1.0,0.0,,3,157,843,0.6687898089171974,0.105
c06_s03_cov100_seed00000018_bw000,flip,fast_gate,6,3,1.0,0.0,,4,128,872,0.0,0.0
c06_s03_cov100_seed00000018_bw000,flip,fast_gate,6,3,1.0,0.0,,5,166,834,0.0,0.0
c06_s03_cov100_seed00000018_bw000,flip,fast_gate,6,3,1.0,0.0,,6,0,1000,,0.0
c06_s03_cov100_seed00000019_bw000,flip,fast_gate,6,3,1.0,0.0,,1,351,649,1.0,0.351
c06_s03_cov100_seed00000019_bw000,flip,fast_gate,6,3,1.0,0.0,,2,124,876,1.0,0.124
c06_s03_cov100_seed00000019_bw000,flip,fast_gate,6,3,1.0,0.0,,3,140,860,0.6428571428571429,0.09
c06_s03_cov100_seed00000019_bw000,flip,fast_gate,6,3,1.0,0.0,,4,204,796,0.6519607843137255,0.133
c06_s03_cov100_seed00000019_bw000,flip,fast_gate,6,3,1.0,0.0,,5,161,839,1.0,0.161
c06_s03_cov100_seed00000019_bw000,flip,fast_gate,6,3,1.0,0.0,,6,0,1000,,0.0
c06_s03_cov100_seed00000020_bw000,flip,fast_gate,6,3,1.0,0.0,,1,326,674,1.0,0.326
c06_s03_cov100_seed00000020_bw000,flip,fast_gate,6,3,1.0,0.0,,2,201,799,1.0,0.201
c06_s03_cov100_seed00000020_bw000,flip,fast_gate,6,3,1.0,0.0,,3,167,833,0.6706586826347305,0.112
c06_s03_cov100_seed00000020_bw000,flip,fast_gate,6,3,1.0,0.0,,4,137,863,0.0,0.0
c06_s03_cov100_seed00000020_bw000,flip,fast_gate,6,3,1.0,0.0,,5,171,829,0.0,0.0
c06_s03_cov100_seed00000020_bw000,flip,fast_gate,6,3,1.0,0.0,,6,0,1000,,0.0
c06_s03_cov100_seed00000021_bw000,flip,fast_gate,6,3,1.0,0.0,,1,229,771,1.0,0.229
c06_s03_cov100_seed00000021_bw000,flip,fast_gate,6,3,1.0,0.0,,2,199,801,1.0,0.199
c06_s03_cov100_seed00000021_bw000,flip,fast_gate,6,3,1.0,0.0,,3,105,895,0.0,0.0
c06_s03_cov100_seed00000021_bw000,flip,fast_gate,6,3,1.0,0.0,,4,224,776,0.0,0.0
c06_s03_cov100_seed00000021_bw000,flip,fast_gate,6,3,1.0,0.0,,5,0,1000,,0.0
c06_s03_cov100_seed00000022_bw000,flip,fast_gate,6,3,1.0,0.0,,1,451,549,1.0,0.451
c06_s03_cov100_seed00000022_bw000,flip,fast_gate,6,3,1.0,0.0,,2,236,764,1.0,0.236
c06_s03_cov100_seed00000022_bw000,flip,fast_gate,6,3,1.0,0.0,,3,165,835,0.8,0.132
c06_s03_cov100_seed00000022_bw000,flip,fast_gate,6,3,1.0,0.0,,4,139,861,0.6690647482014388,0.093
c06_s03_cov100_seed00000022_bw000,flip,fast_gate,6,3,1.0,0.0,,5,129,871,0.34108527131782945,0.044
c06_s03_cov100_seed00000022_bw000,flip,fast_gate,6,3,1.0,0.0,,6,151,849,0.0,0.0
c06_s03_cov100_seed00000022_bw000,flip,fast_gate,6,3,1.0,0.0,,7,0,1000,,0.0
c06_s03_cov100_seed00000023_bw000,flip,fast_gate,6,3,1.0,0.0,,1,518,482,1.0,0.518
c06_s03_cov100_seed00000023_bw000,flip,fast_gate,6,3,1.0,0.0,,2,188,812,1.0,0.188
c06_s03_cov100_seed00000023_bw000,flip,fast_gate,6,3,1.0,0.0,,3,98,902,0.6326530612244898,0.062
c06_s03_cov100_seed00000023_bw000,flip,fast_gate,6,3,1.0,0.0,,4,127,873,0.4645669291338583,0.059
c06_s03_cov100_seed00000023_bw000,flip,fast_gate,6,3,1.0,0.0,,5,159,841,0.0,0.0
c06_s03_cov100_seed00000023_bw000,flip,fast_gate,6,3,1.0,0.0,,6,0,1000,,0.0
c06_s03_cov100_seed00000024_bw000,flip,fast_gate,6,3,1.0,0.0,,1,211,789,1.0,0.211
c06_s03_cov100_seed00000024_bw000,flip,fast_gate,6,3,1.0,0.0,,2,299,701,1.0,0.299
c06_s03_cov100_seed00000024_bw000,flip,fast_gate,6,3,1.0,0.0,,3,112,888,0.0,0.0
c06_s03_cov100_seed00000024_bw000,flip,fast_gate,6,3,1.0,0.0,,4,0,1000,,0.0
c06_s03_cov100_seed00000024_bw000,flip,fast_gate,6,3,1.0,0.0,,5,0,1000,,0.0
c06_s03_cov100_seed00000025_bw000,flip,fast_gate,6,3,1.0,0.0,,1,344,656,1.0,0.344
c06_s03_cov100_seed00000025_bw000,flip,fast_gate,6,3,1.0,0.0,,2,181,819,1.0,0.181
c06_s03_cov100_seed00000025_bw000,flip,fast_gate,6,3,1.0,0.0,,3,206,794,0.7572815533980582,0.156
c06_s03_cov100_seed00000025_bw000,flip,fast_gate,6,3,1.0,0.0,,4,133,867,0.5263157894736842,0.07
c06_s03_cov100_seed00000025_bw000,flip,fast_gate,6,3,1.0,0.0,,5,0,1000,,0.0
c06_s03_cov100_seed00000025_bw000,flip,fast_gate,6,3,1.0,0.0,,6,0,1000,,0.0
c06_s03_cov100_seed00000026_bw000,flip,fast_gate,6,3,1.0,0.0,,1,413,587,1.0,0.413
c06_s03_cov100_seed00000026_bw000,flip,fast_gate,6,3,1.0,0.0,,2,149,851,1.0,0.149
c06_s03_cov100_seed00000026_bw000,flip,fast_gate,6,3,1.0,0.0,,3,76,924,0.6710526315789473,0.051
c06_s03_cov100_seed00000026_bw000,flip,fast_gate,6,3,1.0,0.0,,4,130,870,0.46923076923076923,0.061
c06_s03_cov100_seed00000026_bw000,flip,fast_gate,6,3,1.0,0.0,,5,93,907,0.0,0.0
c06_s03_cov100_seed00000026_bw000,flip,fast_gate,6,3,1.0,0.0,,6,0,1000,,0.0
c06_s03_cov100_seed00000026_bw000,flip,fast_gate,6,3,1.0,0.0,,7,0,1000,,0.0
c06_s03_cov100_seed00000027_bw000,flip,fast_gate,6,3,1.0,0.0,,1,507,493,1.0,0.507
c06_s03_cov100_seed00000027_bw000,flip,fast_gate,6,3,1.0,0.0,,2,213,787,1.0,0.213
c06_s03_cov100_seed00000027_bw000,flip,fast_gate,6,3,1.0,0.0,,3,98,902,0.5,0.049
c06_s03_cov100_seed00000027_bw000,flip,fast_gate,6,3,1.0,0.0,,4,112,888,0.4732142857142857,0.053
c06_s03_cov100_seed00000027_bw000,flip,fast_gate,6,3,1.0,0.0,,5,173,827,0.0,0.0
c06_s03_cov100_seed00000027_bw000,flip,fast_gate,6,3,1.0,0.0,,6,0,1000,,0.0
c06_s03_cov100_seed00000028_bw000,flip,fast_gate,6,3,1.0,0.0,,1,210,790,1.0,0.21
c06_s03_cov100_seed00000028_bw000,flip,fast_gate,6,3,1.0,0.0,,2,103,897,1.0,0.103
c06_s03_cov100_seed00000028_bw000,flip,fast_gate,6,3,1.0,0.0,,3,219,781,0.4429223744292237,0.097
c06_s03_cov100_seed00000028_bw000,flip,fast_gate,6,3,1.0,0.0,,4,186,814,1.0,0.186
c06_s03_cov100_seed00000028_bw000,flip,fast_gate,6,3,1.0,0.0,,5,0,1000,,0.0
c06_s03_cov100_seed00000029_bw000,flip,fast_gate,6,3,1.0,0.0,,1,400,600,1.0,0.4
c06_s03_cov100_seed00000029_bw000,flip,fast_gate,6,3,1.0,0.0,,2,127,873,1.0,0.127
c06_s03_cov100_seed00000029_bw000,flip,fast_gate,6,3,1.0,0.0,,3,95,905,0.0,0.0
c06_s03_cov100_seed00000029_bw000,flip,fast_gate,6,3,1.0,0.0,,4,206,794,0.0,0.0
c06_s03_cov100_seed00000029_bw000,flip,fast_gate,6,3,1.0,0.0,,5,0,1000,,0.0
c06_s03_cov100_seed00000030_bw000,flip,fast_gate,6,3,1.0,0.0,,1,506,494,1.0,0.506
c06_s03_cov100_seed00000030_bw000,flip,fast_gate,6,3,1.0,0.0,,2,198,802,1.0,0.198
c06_s03_cov100_seed00000030_bw000,flip,fast_gate,6,3,1.0,0.0,,3,167,833,0.6586826347305389,0.11
c06_s03_cov100_seed00000030_bw000,flip,fast_gate,6,3,1.0,0.0,,4,134,866,0.4626865671641791,0.062
c06_s03_cov100_seed00000030_bw000,flip,fast_gate,6,3,1.0,0.0,,5,0,1000,,0.0
c06_s03_cov100_seed00000030_bw000,flip,fast_gate,6,3,1.0,0.0,,6,0,1000,,0.0
c06_s03_cov100_seed00000031_bw000,flip,fast_gate,6,3,1.0,0.0,,1,314,686,1.0,0.314
c06_s03_cov100_seed00000031_bw000,flip,fast_gate,6,3,1.0,0.0,,2,122,878,1.0,0.122
c06_s03_cov100_seed00000031_bw000,flip,fast_gate,6,3,1.0,0.0,,3,148,852,0.722972972972973,0.107
c06_s03_cov100_seed00000031_bw000,flip,fast_gate,6,3,1.0,0.0,,4,221,779,0.6515837104072398,0.144
c06_s03_cov100_seed00000031_bw000,flip,fast_gate,6,3,1.0,0.0,,5,177,823,0.0,0.0
c06_s03_cov100_seed00000031_bw000,flip,fast_gate,6,3,1.0,0.0,,6,0,1000,,0.0
c06_s03_cov100_seed00000032_bw000,flip,fast_gate,6,3,1.0,0.0,,1,391,609,1.0,0.391
c06_s03_cov100_seed00000032_bw000,flip,fast_gate,6,3,1.0,0.0,,2,101,899,1.0,0.101
c06_s03_cov100_seed00000032_bw000,flip,fast_gate,6,3,1.0,0.0,,3,100,900,0.0,0.0
c06_s03_cov100_seed00000032_bw000,flip,fast_gate,6,3,1.0,0.0,,4,212,788,0.0,0.0
c06_s03_cov100_seed00000032_bw000,flip,fast_gate,6,3,1.0,0.0,,5,0,1000,,0.0
c06_s03_cov100_seed00000033_bw000,flip,fast_gate,6,3,1.0,0.0,,1,190,810,1.0,0.19
c06_s03_cov100_seed00000033_bw000,flip,fast_gate,6,3,1.0,0.0,,2,98,902,1.0,0.098
c06_s03_cov100_seed00000033_bw000,flip,fast_gate,6,3,1.0,0.0,,3,206,794,0.470873786407767,0.097
c06_s03_cov100_seed00000033_bw000,flip,fast_gate,6,3,1.0,0.0,,4,204,796,0.0,0.0
c06_s03_cov100_seed00000033_bw000,flip,fast_gate,6,3,1.0,0.0,,5,0,1000,,0.0
c06_s03_cov100_seed00000034_bw000,flip,fast_gate,6,3,1.0,0.0,,1,490,510,1.0,0.49
c06_s03_cov100_seed00000034_bw000,flip,fast_gate,6,3,1.0,0.0,,2,249,751,1.0,0.249
c06_s03_cov100_seed00000034_bw000,flip,fast_gate,6,3,1.0,0.0,,3,150,850,0.66,0.099
c06_s03_cov100_seed00000034_bw000,flip,fast_gate,6,3,1.0,0.0,,4,71,929,0.0,0.0
c06_s03_cov100_seed00000034_bw000,flip,fast_gate,6,3,1.0,0.0,,5,0,1000,,0.0
c06_s03_cov100_seed00000034_bw000,flip,fast_gate,6,3,1.0,0.0,,6,0,1000,,0.0
c06_s03_cov100_seed00000035_bw000,flip,fast_gate,6,3,1.0,0.0,,1,391,609,1.0,0.391
c06_s03_cov100_seed00000035_bw000,flip,fast_gate,6,3,1.0,0.0,,2,185,815,1.0,0.185
c06_s03_cov100_seed00000035_bw000,flip,fast_gate,6,3,1.0,0.0,,3,123,877,0.0,0.0
c06_s03_cov100_seed00000035_bw000,flip,fast_gate,6,3,1.0,0.0,,4,0,1000,,0.0
c06_s03_cov100_seed00000035_bw000,flip,fast_gate,6,3,1.0,0.0,,5,0,1000,,0.0
c06_s03_cov100_seed00000036_bw000,flip,fast_gate,6,3,1.0,0.0,,1,402,598,1.0,0.402
c06_s03_cov100_seed00000036_bw000,flip,fast_gate,6,3,1.0,0.0,,2,210,790,1.0,0.21
c06_s03_cov100_seed00000036_bw000,flip,fast_gate,6,3,1.0,0.0,,3,105,895,0.0,0.0
c06_s03_cov100_seed00000036_bw000,flip,fast_gate,6,3,1.0,0.0,,4,0,1000,,0.0
c06_s03_cov100_seed00000036_bw000,flip,fast_gate,6,3,1.0,0.0,,5,0,1000,,0.0
c06_s03_cov100_seed00000037_bw000,flip,fast_gate,6,3,1.0,0.0,,1,512,488,1.0,0.512
c06_s03_cov100_seed00000037_bw000,flip,fast_gate,6,3,1.0,0.0,,2,210,790,1.0,0.21
c06_s03_cov100_seed00000037_bw000,flip,fast_gate,6,3,1.0,0.0,,3,102,898,0.43137254901960786,0.044
c06_s03_cov100_seed00000037_bw000,flip,fast_gate,6,3,1.0,0.0,,4,147,853,0.4965986394557823,0.073
c06_s03_cov100_seed00000037_bw000,flip,fast_gate,6,3,1.0,0.0,,5,160,840,0.0,0.0
c06_s03_cov100_seed00000037_bw000,flip,fast_gate,6,3,1.0,0.0,,6,0,1000,,0.0
c06_s03_cov100_seed00000038_bw000,flip,fast_gate,6,3,1.0,0.0,,1,335,665,1.0,0.335
c06_s03_cov100_seed00000038_bw000,flip,fast_gate,6,3,1.0,0.0,,2,204,796,1.0,0.204
c06_s03_cov100_seed00000038_bw000,flip,fast_gate,6,3,1.0,0.0,,3,194,806,0.7371134020618557,0.143
c06_s03_cov100_seed00000038_bw000,flip,fast_gate,6,3,1.0,0.0,,4,124,876,0.4274193548387097,0.053
c06_s03_cov100_seed00000038_bw000,flip,fast_gate,6,3,1.0,0.0,,5,0,1000,,0.0
c06_s03_cov100_seed00000038_bw000,flip,fast_gate,6,3,1.0,0.0,,6,0,1000,,0.0
c06_s03_cov100_seed00000039_bw000,flip,fast_gate,6,3,1.0,0.0,,1,343,657,1.0,0.343
c06_s03_cov100_seed00000039_bw000,flip,fast_gate,6,3,1.0,0.0,,2,135,865,1.0,0.135
c06_s03_cov100_seed00000039_bw000,flip,fast_gate,6,3,1.0,0.0,,3,145,855,0.6068965517241379,0.088
c06_s03_cov100_seed00000039_bw000,flip,fast_gate,6,3,1.0,0.0,,4,210,790,0.29523809523809524,0.062
c06_s03_cov100_seed00000039_bw000,flip,fast_gate,6,3,1.0,0.0,,5,161,839,0.0,0.0
c06_s03_cov100_seed00000039_bw000,flip,fast_gate,6,3,1.0,0.0,,6,0,1000,,0.0
c06_s03_cov100_seed00000001_bw010,flip,fast_gate,6,3,1.0,0.1,,1,658,342,1.0,0.658
c06_s03_cov100_seed00000001_bw010,flip,fast_gate,6,3,1.0,0.1,,2,260,740,0.7615384615384615,0.198
c06_s03_cov100_seed00000001_bw010,flip,fast_gate,6,3,1.0,0.1,,3,83,917,0.4939759036144578,0.041
c06_s03_cov100_seed00000001_bw010,flip,fast_gate,6,3,1.0,0.1,,4,62,938,0.0,0.0
c06_s03_cov100_seed00000001_bw010,flip,fast_gate,6,3,1.0,0.1,,5,0,1000,,0.0
c06_s03_cov100_seed00000001_bw010,flip,fast_gate,6,3,1.0,0.1,,6,0,1000,,0.0
c06_s03_cov100_seed00000002_bw010,flip,fast_gate,6,3,1.0,0.1,,1,330,670,1.0,0.33
c06_s03_cov100_seed00000002_bw010,flip,fast_gate,6,3,1.0,0.1,,2,194,806,1.0,0.194
c06_s03_cov100_seed00000002_bw010,flip,fast_gate,6,3,1.0,0.1,,3,159,841,1.0,0.159
c06_s03_cov100_seed00000002_bw010,flip,fast_gate,6,3,1.0,0.1,,4,126,874,0.0,0.0
c06_s03_cov100_seed00000002_bw010,flip,fast_gate,6,3,1.0,0.1,,5,169,831,0.0,0.0
c06_s03_cov100_seed00000002_bw010,flip,fast_gate,6,3,1.0,0.1,,6,0,1000,,0.0
c06_s03_cov100_seed00000003_bw010,flip,fast_gate,6,3,1.0,0.1,,1,501,499,1.0,0.501
c06_s03_cov100_seed00000003_bw010,flip,fast_gate,6,3,1.0,0.1,,2,198,802,1.0,0.198
c06_s03_cov100_seed00000003_bw010,flip,fast_gate,6,3,1.0,0.1,,3,94,906,1.0,0.094
c06_s03_cov100_seed00000003_bw010,flip,fast_gate,6,3,1.0,0.1,,4,142,858,0.0,0.0
c06_s03_cov100_seed00000003_bw010,flip,fast_gate,6,3,1.0,0.1,,5,163,837,0.0,0.0
c06_s03_cov100_seed00000003_bw010,flip,fast_gate,6,3,1.0,0.1,,6,0,1000,,0.0
c06_s03_cov100_seed00000004_bw010,flip,fast_gate,6,3,1.0,0.1,,1,179,821,1.0,0.179
c06_s03_cov100_seed00000004_bw010,flip,fast_gate,6,3,1.0,0.1,,2,116,884,1.0,0.116
c06_s03_cov100_seed00000004_bw010,flip,fast_gate,6,3,1.0,0.1,,3,183,817,0.46994535519125685,0.086
c06_s03_cov100_seed00000004_bw010,flip,fast_gate,6,3,1.0,0.1,,4,217,783,1.0,0.217
c06_s03_cov100_seed00000004_bw010,flip,fast_gate,6,3,1.0,0.1,,5,0,1000,,0.0
c06_s03_cov100_seed00000005_bw010,flip,fast_gate,6,3,1.0,0.1,,1,184,816,1.0,0.184
c06_s03_cov100_seed00000005_bw010,flip,fast_gate,6,3,1.0,0.1,,2,116,884,1.0,0.116
c06_s03_cov100_seed00000005_bw010,flip,fast_gate,6,3,1.0,0.1,,3,200,800,0.545,0.109
c06_s03_cov100_seed00000005_bw010,flip,fast_gate,6,3,1.0,0.1,,4,182,818,1.0,0.182
c06_s03_cov100_seed00000005_bw010,flip,fast_gate,6,3,1.0,0.1,,5,0,1000,,0.0
c06_s03_cov100_seed00000006_bw010,flip,fast_gate,6,3,1.0,0.1,,1,198,802,1.0,0.198
c06_s03_cov100_seed00000006_bw010,flip,fast_gate,6,3,1.0,0.1,,2,204,796,1.0,0.204
c06_s03_cov100_seed00000006_bw010,flip,fast_gate,6,3,1.0,0.1,,3,214,786,0.5420560747663551,0.116
c06_s03_cov100_seed00000006_bw010,flip,fast_gate,6,3,1.0,0.1,,4,0,1000,,0.0
c06_s03_cov100_seed00000006_bw010,flip,fast_gate,6,3,1.0,0.1,,5,0,1000,,0.0
c06_s03_cov100_seed00000007_bw010,flip,fast_gate,6,3,1.0,0.1,,1,199,801,1.0,0.199
c06_s03_cov100_seed00000007_bw010,flip,fast_gate,6,3,1.0,0.1,,2,103,897,1.0,0.103
c06_s03_cov100_seed00000007_bw010,flip,fast_gate,6,3,1.0,0.1,,3,97,903,0.0,0.0
c06_s03_cov100_seed00000007_bw010,flip,fast_gate,6,3,1.0,0.1,,4,406,594,0.0,0.0
c06_s03_cov100_seed00000007_bw010,flip,fast_gate,6,3,1.0,0.1,,5,0,1000,,0.0
c06_s03_cov100_seed00000008_bw010,flip,fast_gate,6,3,1.0,0.1,,1,199,801,1.0,0.199
c06_s03_cov100_seed00000008_bw010,flip,fast_gate,6,3,1.0,0.1,,2,202,798,1.0,0.202
c06_s03_cov100_seed00000008_bw010,flip,fast_gate,6,3,1.0,0.1,,3,206,794,0.5436893203883495,0.112
c06_s03_cov100_seed00000008_bw010,flip,fast_gate,6,3,1.0,0.1,,4,0,1000,,0.0
c06_s03_cov100_seed00000008_bw010,flip,fast_gate,6,3,1.0,0.1,,5,0,1000,,0.0
c06_s03_cov100_seed00000011_bw010,flip,fast_gate,6,3,1.0,0.1,,1,609,391,1.0,0.609
c06_s03_cov100_seed00000011_bw010,flip,fast_gate,6,3,1.0,0.1,,2,100,900,1.0,0.1
c06_s03_cov100_seed00000011_bw010,flip,fast_gate,6,3,1.0,0.1,,3,97,903,0.0,0.0
c06_s03_cov100_seed00000011_bw010,flip,fast_gate,6,3,1.0,0.1,,4,0,1000,,0.0
c06_s03_cov100_seed00000011_bw010,flip,fast_gate,6,3,1.0,0.1,,5,0,1000,,0.0
c06_s03_cov100_seed00000013_bw010,flip,fast_gate,6,3,1.0,0.1,,1,183,817,1.0,0.183
c06_s03_cov100_seed00000013_bw010,flip,fast_gate,6,3,1.0,0.1,,2,101,899,1.0,0.101
c06_s03_cov100_seed00000013_bw010,flip,fast_gate,6,3,1.0,0.1,,3,101,899,0.0,0.0
c06_s03_cov100_seed00000013_bw010,flip,fast_gate,6,3,1.0,0.1,,4,196,804,0.0,0.0
c06_s03_cov100_seed00000013_bw010,flip,fast_gate,6,3,1.0,0.1,,5,1000,0,0.0,0.0
c06_s03_cov100_seed00000014_bw010,flip,fast_gate,6,3,1.0,0.1,,1,393,607,1.0,0.393
c06_s03_cov100_seed00000014_bw010,flip,fast_gate,6,3,1.0,0.1,,2,195,805,1.0,0.195
c06_s03_cov100_seed00000014_bw010,flip,fast_gate,6,3,1.0,0.1,,3,118,882,0.0,0.0
c06_s03_cov100_seed00000014_bw010,flip,fast_gate,6,3,1.0,0.1,,4,0,1000,,0.0
c06_s03_cov100_seed00000014_bw010,flip,fast_gate,6,3,1.0,0.1,,5,0,1000,,0.0
c06_s03_cov100_seed00000015_bw010,flip,fast_gate,6,3,1.0,0.1,,1,200,800,1.0,0.2
c06_s03_cov100_seed00000015_bw010,flip,fast_gate,6,3,1.0,0.1,,2,93,907,1.0,0.093
c06_s03_cov100_seed00000015_bw010,flip,fast_gate,6,3,1.0,0.1,,3,94,906,0.0,0.0
c06_s03_cov100_seed00000015_bw010,flip,fast_gate,6,3,1.0,0.1,,4,407,593,0.0,0.0
c06_s03_cov100_seed00000015_bw010,flip,fast_gate,6,3,1.0,0.1,,5,0,1000,,0.0
c06_s03_cov100_seed00000016_bw010,flip,fast_gate,6,3,1.0,0.1,,1,505,495,1.0,0.505
c06_s03_cov100_seed00000016_bw010,flip,fast_gate,6,3,1.0,0.1,,2,278,722,0.762589928057554,0.212
c06_s03_cov100_seed00000016_bw010,flip,fast_gate,6,3,1.0,0.1,,3,158,842,0.5822784810126582,0.092
c06_s03_cov100_seed00000016_bw010,flip,fast_gate,6,3,1.0,0.1,,4,72,928,0.0,0.0
c06_s03_cov100_seed00000016_bw010,flip,fast_gate,6,3,1.0,0.1,,5,0,1000,,0.0
c06_s03_cov100_seed00000016_bw010,flip,fast_gate,6,3,1.0,0.1,,6,0,1000,,0.0
c06_s03_cov100_seed00000017_bw010,flip,fast_gate,6,3,1.0,0.1,,1,329,671,1.0,0.329
c06_s03_cov100_seed00000017_bw010,flip,fast_gate,6,3,1.0,0.1,,2,141,859,1.0,0.141
c06_s03_cov100_seed00000017_bw010,flip,fast_gate,6,3,1.0,0.1,,3,165,835,1.0,0.165
c06_s03_cov100_seed00000017_bw010,flip,fast_gate,6,3,1.0,0.1,,4,199,801,0.33668341708542715,0.067
c06_s03_cov100_seed00000017_bw010,flip,fast_gate,6,3,1.0,0.1,,5,167,833,0.0,0.0
c06_s03_cov100_seed00000017_bw010,flip,fast_gate,6,3,1.0,0.1,,6,0,1000,,0.0
c06_s03_cov100_seed00000019_bw010,flip,fast_gate,6,3,1.0,0.1,,1,499,501,1.0,0.499
c06_s03_cov100_seed00000019_bw010,flip,fast_gate,6,3,1.0,0.1,,2,271,729,0.7859778597785978,0.213
c06_s03_cov100_seed00000019_bw010,flip,fast_gate,6,3,1.0,0.1,,3,141,859,0.6737588652482269,0.095
c06_s03_cov100_seed00000019_bw010,flip,fast_gate,6,3,1.0,0.1,,4,70,930,1.0,0.07
c06_s03_cov100_seed00000019_bw010,flip,fast_gate,6,3,1.0,0.1,,5,0,1000,,0.0
c06_s03_cov100_seed00000019_bw010,flip,fast_gate,6,3,1.0,0.1,,6,0,1000,,0.0
c06_s03_cov100_seed00000020_bw010,flip,fast_gate,6,3,1.0,0.1,,1,489,511,1.0,0.489
c06_s03_cov100_seed00000020_bw010,flip,fast_gate,6,3,1.0,0.1,,2,276,724,0.7644927536231884,0.211
c06_s03_cov100_seed00000020_bw010,flip,fast_gate,6,3,1.0,0.1,,3,158,842,0.33544303797468356,0.053
c06_s03_cov100_seed00000020_bw010,flip,fast_gate,6,3,1.0,0.1,,4,64,936,0.0,0.0
c06_s03_cov100_seed00000020_bw010,flip,fast_gate,6,3,1.0,0.1,,5,0,1000,,0.0
c06_s03_cov100_seed00000020_bw010,flip,fast_gate,6,3,1.0,0.1,,6,0,1000,,0.0
c06_s03_cov100_seed00000021_bw010,flip,fast_gate,6,3,1.0,0.1,,1,207,793,1.0,0.207
c06_s03_cov100_seed00000021_bw010,flip,fast_gate,6,3,1.0,0.1,,2,205,795,1.0,0.205
c06_s03_cov100_seed00000021_bw010,flip,fast_gate,6,3,1.0,0.1,,3,99,901,0.0,0.0
c06_s03_cov100_seed00000021_bw010,flip,fast_gate,6,3,1.0,0.1,,4,194,806,0.0,0.0
c06_s03_cov100_seed00000021_bw010,flip,fast_gate,6,3,1.0,0.1,,5,0,1000,,0.0
c06_s03_cov100_seed00000022_bw010,flip,fast_gate,6,3,1.0,0.1,,1,431,569,1.0,0.431
c06_s03_cov100_seed00000022_bw010,flip,fast_gate,6,3,1.0,0.1,,2,248,752,1.0,0.248
c06_s03_cov100_seed00000022_bw010,flip,fast_gate,6,3,1.0,0.1,,3,170,830,1.0,0.17
c06_s03_cov100_seed00000022_bw010,flip,fast_gate,6,3,1.0,0.1,,4,144,856,0.5347222222222222,0.077
c06_s03_cov100_seed00000022_bw010,flip,fast_gate,6,3,1.0,0.1,,5,125,875,0.0,0.0
c06_s03_cov100_seed00000022_bw010,flip,fast_gate,6,3,1.0,0.1,,6,139,861,0.0,0.0
c06_s03_cov100_seed00000022_bw010,flip,fast_gate,6,3,1.0,0.1,,7,0,1000,,0.0
c06_s03_cov100_seed00000023_bw010,flip,fast_gate,6,3,1.0,0.1,,1,500,500,1.0,0.5
c06_s03_cov100_seed00000023_bw010,flip,fast_gate,6,3,1.0,0.1,,2,189,811,1.0,0.189
c06_s03_cov100_seed00000023_bw010,flip,fast_gate,6,3,1.0,0.1,,3,104,896,1.0,0.104
c06_s03_cov100_seed00000023_bw010,flip,fast_gate,6,3,1.0,0.1,,4,122,878,0.0,0.0
c06_s03_cov100_seed00000023_bw010,flip,fast_gate,6,3,1.0,0.1,,5,157,843,0.0,0.0
c06_s03_cov100_seed00000023_bw010,flip,fast_gate,6,3,1.0,0.1,,6,0,1000,,0.0
c06_s03_cov100_seed00000024_bw010,flip,fast_gate,6,3,1.0,0.1,,1,191,809,1.0,0.191
c06_s03_cov100_seed00000024_bw010,flip,fast_gate,6,3,1.0,0.1,,2,292,708,1.0,0.292
c06_s03_cov100_seed00000024_bw010,flip,fast_gate,6,3,1.0,0.1,,3,97,903,0.0,0.0
c06_s03_cov100_seed00000024_bw010,flip,fast_gate,6,3,1.0,0.1,,4,0,1000,,0.0
c06_s03_cov100_seed00000024_bw010,flip,fast_gate,6,3,1.0,0.1,,5,0,1000,,0.0
c06_s03_cov100_seed00000026_bw010,flip,fast_gate,6,3,1.0,0.1,,1,559,441,1.0,0.559
c06_s03_cov100_seed00000026_bw010,flip,fast_gate,6,3,1.0,0.1,,2,240,760,0.7583333333333333,0.182
c06_s03_cov100_seed00000026_bw010,flip,fast_gate,6,3,1.0,0.1,,3,105,895,0.44761904761904764,0.047
c06_s03_cov100_seed00000026_bw010,flip,fast_gate,6,3,1.0,0.1,,4,50,950,0.0,0.0
c06_s03_cov100_seed00000026_bw010,flip,fast_gate,6,3,1.0,0.1,,5,0,1000,,0.0
c06_s03_cov100_seed00000026_bw010,flip,fast_gate,6,3,1.0,0.1,,6,0,1000,,0.0
c06_s03_cov100_seed00000026_bw010,flip,fast_gate,6,3,1.0,0.1,,7,0,1000,,0.0
c06_s03_cov100_seed00000027_bw010,flip,fast_gate,6,3,1.0,0.1,,1,338,662,1.0,0.338
c06_s03_cov100_seed00000027_bw010,flip,fast_gate,6,3,1.0,0.1,,2,141,859,1.0,0.141
c06_s03_cov100_seed00000027_bw010,flip,fast_gate,6,3,1.0,0.1,,3,108,892,1.0,0.108
c06_s03_cov100_seed00000027_bw010,flip,fast_gate,6,3,1.0,0.1,,4,137,863,0.5109489051094891,0.07
c06_s03_cov100_seed00000027_bw010,flip,fast_gate,6,3,1.0,0.1,,5,328,672,0.5,0.164
c06_s03_cov100_seed00000027_bw010,flip,fast_gate,6,3,1.0,0.1,,6,1000,0,0.0,0.0
c06_s03_cov100_seed00000028_bw010,flip,fast_gate,6,3,1.0,0.1,,1,217,783,1.0,0.217
c06_s03_cov100_seed00000028_bw010,flip,fast_gate,6,3,1.0,0.1,,2,86,914,1.0,0.086
c06_s03_cov100_seed00000028_bw010,flip,fast_gate,6,3,1.0,0.1,,3,196,804,0.49489795918367346,0.097
c06_s03_cov100_seed00000028_bw010,flip,fast_gate,6,3,1.0,0.1,,4,203,797,1.0,0.203
c06_s03_cov100_seed00000028_bw010,flip,fast_gate,6,3,1.0,0.1,,5,0,1000,,0.0
c06_s03_cov100_seed00000029_bw010,flip,fast_gate,6,3,1.0,0.1,,1,405,595,1.0,0.405
c06_s03_cov100_seed00000029_bw010,flip,fast_gate,6,3,1.0,0.1,,2,90,910,1.0,0.09
c06_s03_cov100_seed00000029_bw010,flip,fast_gate,6,3,1.0,0.1,,3,105,895,0.0,0.0
c06_s03_cov100_seed00000029_bw010,flip,fast_gate,6,3,1.0,0.1,,4,197,803,0.0,0.0
c06_s03_cov100_seed00000029_bw010,flip,fast_gate,6,3,1.0,0.1,,5,0,1000,,0.0
c06_s03_cov100_seed00000030_bw010,flip,fast_gate,6,3,1.0,0.1,,1,509,491,1.0,0.509
c06_s03_cov100_seed00000030_bw010,flip,fast_gate,6,3,1.0,0.1,,2,194,806,1.0,0.194
c06_s03_cov100_seed00000030_bw010,flip,fast_gate,6,3,1.0,0.1,,3,113,887,1.0,0.113
c06_s03_cov100_seed00000030_bw010,flip,fast_gate,6,3,1.0,0.1,,4,127,873,0.48031496062992124,0.061
c06_s03_cov100_seed00000030_bw010,flip,fast_gate,6,3,1.0,0.1,,5,170,830,0.0,0.0
c06_s03_cov100_seed00000030_bw010,flip,fast_gate,6,3,1.0,0.1,,6,0,1000,,0.0
c06_s03_cov100_seed00000032_bw010,flip,fast_gate,6,3,1.0,0.1,,1,408,592,1.0,0.408
c06_s03_cov100_seed00000032_bw010,flip,fast_gate,6,3,1.0,0.1,,2,93,907,1.0,0.093
c06_s03_cov100_seed00000032_bw010,flip,fast_gate,6,3,1.0,0.1,,3,99,901,0.0,0.0
c06_s03_cov100_seed00000032_bw010,flip,fast_gate,6,3,1.0,0.1,,4,191,809,0.0,0.0
c06_s03_cov100_seed00000032_bw010,flip,fast_gate,6,3,1.0,0.1,,5,0,1000,,0.0
c06_s03_cov100_seed00000033_bw010,flip,fast_gate,6,3,1.0,0.1,,1,176,824,1.0,0.176
c06_s03_cov100_seed00000033_bw010,flip,fast_gate,6,3,1.0,0.1,,2,98,902,1.0,0.098
c06_s03_cov100_seed00000033_bw010,flip,fast_gate,6,3,1.0,0.1,,3,200,800,0.535,0.107
c06_s03_cov100_seed00000033_bw010,flip,fast_gate,6,3,1.0,0.1,,4,194,806,0.0,0.0
c06_s03_cov100_seed00000033_bw010,flip,fast_gate,6,3,1.0,0.1,,5,0,1000,,0.0
c06_s03_cov100_seed00000034_bw010,flip,fast_gate,6,3,1.0,0.1,,1,510,490,1.0,0.51
c06_s03_cov100_seed00000034_bw010,flip,fast_gate,6,3,1.0,0.1,,2,334,666,0.8233532934131736,0.275
c06_s03_cov100_seed00000034_bw010,flip,fast_gate,6,3,1.0,0.1,,3,153,847,0.6470588235294118,0.099
c06_s03_cov100_seed00000034_bw010,flip,fast_gate,6,3,1.0,0.1,,4,0,1000,,0.0
c06_s03_cov100_seed00000034_bw010,flip,fast_gate,6,3,1.0,0.1,,5,0,1000,,0.0
c06_s03_cov100_seed00000034_bw010,flip,fast_gate,6,3,1.0,0.1,,6,0,1000,,0.0
c06_s03_cov100_seed00000035_bw010,flip,fast_gate,6,3,1.0,0.1,,1,376,624,1.0,0.376
c06_s03_cov100_seed00000035_bw010,flip,fast_gate,6,3,1.0,0.1,,2,181,819,1.0,0.181
c06_s03_cov100_seed00000035_bw010,flip,fast_gate,6,3,1.0,0.1,,3,105,895,0.0,0.0
c06_s03_cov100_seed00000035_bw010,flip,fast_gate,6,3,1.0,0.1,,4,0,1000,,0.0
c06_s03_cov100_seed00000035_bw010,flip,fast_gate,6,3,1.0,0.1,,5,0,1000,,0.0
c06_s03_cov100_seed00000036_bw010,flip,fast_gate,6,3,1.0,0.1,,1,418,582,1.0,0.418
c06_s03_cov100_seed00000036_bw010,flip,fast_gate,6,3,1.0,0.1,,2,224,776,1.0,0.224
c06_s03_cov100_seed00000036_bw010,flip,fast_gate,6,3,1.0,0.1,,3,99,901,0.0,0.0
c06_s03_cov100_seed00000036_bw010,flip,fast_gate,6,3,1.0,0.1,,4,0,1000,,0.0
c06_s03_cov100_seed00000036_bw010,flip,fast_gate,6,3,1.0,0.1,,5,0,1000,,0.0
c06_s03_cov100_seed00000037_bw010,flip,fast_gate,6,3,1.0,0.1,,1,497,503,1.0,0.497
c06_s03_cov100_seed00000037_bw010,flip,fast_gate,6,3,1.0,0.1,,2,250,750,0.74,0.185
c06_s03_cov100_seed00000037_bw010,flip,fast_gate,6,3,1.0,0.1,,3,164,836,0.6219512195121951,0.102
c06_s03_cov100_seed00000037_bw010,flip,fast_gate,6,3,1.0,0.1,,4,60,940,0.0,0.0
c06_s03_cov100_seed00000037_bw010,flip,fast_gate,6,3,1.0,0.1,,5,0,1000,,0.0
c06_s03_cov100_seed00000037_bw010,flip,fast_gate,6,3,1.0,0.1,,6,0,1000,,0.0
c06_s03_cov100_seed00000038_bw010,flip,fast_gate,6,3,1.0,0.1,,1,503,497,1.0,0.503
c06_s03_cov100_seed00000038_bw010,flip,fast_gate,6,3,1.0,0.1,,2,342,658,0.7865497076023392,0.269
c06_s03_cov100_seed00000038_bw010,flip,fast_gate,6,3,1.0,0.1,,3,131,869,0.6717557251908397,0.088
c06_s03_cov100_seed00000038_bw010,flip,fast_gate,6,3,1.0,0.1,,4,0,1000,,0.0
c06_s03_cov100_seed00000038_bw010,flip,fast_gate,6,3,1.0,0.1,,5,0,1000,,0.0
c06_s03_cov100_seed00000038_bw010,flip,fast_gate,6,3,1.0,0.1,,6,0,1000,,0.0
c06_s03_cov100_seed00000040_bw010,flip,fast_gate,6,3,1.0,0.1,,1,228,772,1.0,0.228
c06_s03_cov100_seed00000040_bw010,flip,fast_gate,6,3,1.0,0.1,,2,93,907,1.0,0.093
c06_s03_cov100_seed00000040_bw010,flip,fast_gate,6,3,1.0,0.1,,3,193,807,0.5647668393782384,0.109
c06_s03_cov100_seed00000040_bw010,flip,fast_gate,6,3,1.0,0.1,,4,181,819,0.0,0.0
c06_s03_cov100_seed00000040_bw010,flip,fast_gate,6,3,1.0,0.1,,5,0,1000,,0.0
c06_s03_cov100_seed00000041_bw010,flip,fast_gate,6,3,1.0,0.1,,1,523,477,1.0,0.523
c06_s03_cov100_seed00000041_bw010,flip,fast_gate,6,3,1.0,0.1,,2,277,723,0.7256317689530686,0.201
c06_s03_cov100_seed00000041_bw010,flip,fast_gate,6,3,1.0,0.1,,3,140,860,0.6571428571428571,0.092
c06_s03_cov100_seed00000041_bw010,flip,fast_gate,6,3,1.0,0.1,,4,62,938,1.0,0.062
c06_s03_cov100_seed00000041_bw010,flip,fast_gate,6,3,1.0,0.1,,5,0,1000,,0.0
c06_s03_cov100_seed00000041_bw010,flip,fast_gate,6,3,1.0,0.1,,6,0,1000,,0.0
c06_s03_cov100_seed00000042_bw010,flip,fast_gate,6,3,1.0,0.1,,1,429,571,1.0,0.429
c06_s03_cov100_seed00000042_bw010,flip,fast_gate,6,3,1.0,0.1,,2,96,904,1.0,0.096
c06_s03_cov100_seed00000042_bw010,flip,fast_gate,6,3,1.0,0.1,,3,110,890,0.0,0.0
c06_s03_cov100_seed00000042_bw010,flip,fast_gate,6,3,1.0,0.1,,4,178,822,0.0,0.0
c06_s03_cov100_seed00000042_bw010,flip,fast_gate,6,3,1.0,0.1,,5,0,1000,,0.0
c06_s03_cov100_seed00000045_bw010,flip,fast_gate,6,3,1.0,0.1,,1,195,805,1.0,0.195
c06_s03_cov100_seed00000045_bw010,flip,fast_gate,6,3,1.0,0.1,,2,108,892,1.0,0.108
c06_s03_cov100_seed00000045_bw010,flip,fast_gate,6,3,1.0,0.1,,3,203,797,0.5024630541871922,0.102
c06_s03_cov100_seed00000045_bw010,flip,fast_gate,6,3,1.0,0.1,,4,168,832,0.0,0.0
c06_s03_cov100_seed00000045_bw010,flip,fast_gate,6,3,1.0,0.1,,5,0,1000,,0.0
c06_s03_cov100_seed00000046_bw010,flip,fast_gate,6,3,1.0,0.1,,1,334,666,1.0,0.334
c06_s03_cov100_seed00000046_bw010,flip,fast_gate,6,3,1.0,0.1,,2,141,859,1.0,0.141
c06_s03_cov100_seed00000046_bw010,flip,fast_gate,6,3,1.0,0.1,,3,145,855,1.0,0.145
c06_s03_cov100_seed00000046_bw010,flip,fast_gate,6,3,1.0,0.1,,4,206,794,0.3300970873786408,0.068
c06_s03_cov100_seed00000046_bw010,flip,fast_gate,6,3,1.0,0.1,,5,172,828,0.0,0.0
c06_s03_cov100_seed00000046_bw010,flip,fast_gate,6,3,1.0,0.1,,6,0,1000,,0.0
c06_s03_cov100_seed00000047_bw010,flip,fast_gate,6,3,1.0,0.1,,1,429,571,1.0,0.429
c06_s03_cov100_seed00000047_bw010,flip,fast_gate,6,3,1.0,0.1,,2,74,926,1.0,0.074
c06_s03_cov100_seed00000047_bw010,flip,fast_gate,6,3,1.0,0.1,,3,97,903,0.0,0.0
c06_s03_cov100_seed00000047_bw010,flip,fast_gate,6,3,1.0,0.1,,4,201,799,0.0,0.0
c06_s03_cov100_seed00000047_bw010,flip,fast_gate,6,3,1.0,0.1,,5,0,1000,,0.0
c06_s03_cov100_seed00000048_bw010,flip,fast_gate,6,3,1.0,0.1,,1,395,605,1.0,0.395
c06_s03_cov100_seed00000048_bw010,flip,fast_gate,6,3,1.0,0.1,,2,188,812,1.0,0.188
c06_s03_cov100_seed00000048_bw010,flip,fast_gate,6,3,1.0,0.1,,3,109,891,0.0,0.0
c06_s03_cov100_seed00000048_bw010,flip,fast_gate,6,3,1.0,0.1,,4,0,1000,,0.0
c06_s03_cov100_seed00000048_bw010,flip,fast_gate,6,3,1.0,0.1,,5,0,1000,,0.0
c06_s03_cov100_seed00000049_bw010,flip,fast_gate,6,3,1.0,0.1,,1,379,621,1.0,0.379
c06_s03_cov100_seed00000049_bw010,flip,fast_gate,6,3,1.0,0.1,,2,183,817,1.0,0.183
c06_s03_cov100_seed00000049_bw010,flip,fast_gate,6,3,1.0,0.1,,3,98,902,0.0,0.0
c06_s03_cov100_seed00000049_bw010,flip,fast_gate,6,3,1.0,0.1,,4,0,1000,,0.0
c06_s03_cov100_seed00000049_bw010,flip,fast_gate,6,3,1.0,0.1,,5,0,1000,,0.0
c06_s03_cov100_seed00000002_bw025,flip,fast_gate,6,3,1.0,0.25,,1,687,313,1.0,0.687
c06_s03_cov100_seed00000002_bw025,flip,fast_gate,6,3,1.0,0.25,,2,274,726,1.0,0.274
c06_s03_cov100_seed00000002_bw025,flip,fast_gate,6,3,1.0,0.25,,3,98,902,0.0,0.0
c06_s03_cov100_seed00000002_bw025,flip,fast_gate,6,3,1.0,0.25,,4,66,934,0.0,0.0
c06_s03_cov100_seed00000002_bw025,flip,fast_gate,6,3,1.0,0.25,,5,0,1000,,0.0
c06_s03_cov100_seed00000002_bw025,flip,fast_gate,6,3,1.0,0.25,,6,0,1000,,0.0
c06_s03_cov100_seed00000005_bw025,flip,fast_gate,6,3,1.0,0.25,,1,429,571,1.0,0.429
c06_s03_cov100_seed00000005_bw025,flip,fast_gate,6,3,1.0,0.25,,2,210,790,0.5571428571428572,0.117
c06_s03_cov100_seed00000005_bw025,flip,fast_gate,6,3,1.0,0.25,,3,103,897,1.0,0.103
c06_s03_cov100_seed00000005_bw025,flip,fast_gate,6,3,1.0,0.25,,4,0,1000,,0.0
c06_s03_cov100_seed00000005_bw025,flip,fast_gate,6,3,1.0,0.25,,5,0,1000,,0.0
c06_s03_cov100_seed00000008_bw025,flip,fast_gate,6,3,1.0,0.25,,1,600,400,1.0,0.6
c06_s03_cov100_seed00000008_bw025,flip,fast_gate,6,3,1.0,0.25,,2,183,817,0.4808743169398907,0.088
c06_s03_cov100_seed00000008_bw025,flip,fast_gate,6,3,1.0,0.25,,3,0,1000,,0.0
c06_s03_cov100_seed00000008_bw025,flip,fast_gate,6,3,1.0,0.25,,4,0,1000,,0.0
c06_s03_cov100_seed00000008_bw025,flip,fast_gate,6,3,1.0,0.25,,5,0,1000,,0.0
c06_s03_cov100_seed00000011_bw025,flip,fast_gate,6,3,1.0,0.25,,1,391,609,1.0,0.391
c06_s03_cov100_seed00000011_bw025,flip,fast_gate,6,3,1.0,0.25,,2,302,698,0.6556291390728477,0.198
c06_s03_cov100_seed00000011_bw025,flip,fast_gate,6,3,1.0,0.25,,3,0,1000,,0.0
c06_s03_cov100_seed00000011_bw025,flip,fast_gate,6,3,1.0,0.25,,4,0,1000,,0.0
c06_s03_cov100_seed00000011_bw025,flip,fast_gate,6,3,1.0,0.25,,5,0,1000,,0.0
c06_s03_cov100_seed00000012_bw025,flip,fast_gate,6,3,1.0,0.25,,1,313,687,1.0,0.313
c06_s03_cov100_seed00000012_bw025,flip,fast_gate,6,3,1.0,0.25,,2,130,870,1.0,0.13
c06_s03_cov100_seed00000012_bw025,flip,fast_gate,6,3,1.0,0.25,,3,92,908,1.0,0.092
c06_s03_cov100_seed00000012_bw025,flip,fast_gate,6,3,1.0,0.25,,4,193,807,0.6476683937823834,0.125
c06_s03_cov100_seed00000012_bw025,flip,fast_gate,6,3,1.0,0.25,,5,302,698,0.4337748344370861,0.131
c06_s03_cov100_seed00000012_bw025,flip,fast_gate,6,3,1.0,0.25,,6,0,1000,,0.0
c06_s03_cov100_seed00000018_bw025,flip,fast_gate,6,3,1.0,0.25,,1,502,498,0.6693227091633466,0.336
c06_s03_cov100_seed00000018_bw025,flip,fast_gate,6,3,1.0,0.25,,2,274,726,0.5109489051094891,0.14
c06_s03_cov100_seed00000018_bw025,flip,fast_gate,6,3,1.0,0.25,,3,142,858,0.6197183098591549,0.088
c06_s03_cov100_seed00000018_bw025,flip,fast_gate,6,3,1.0,0.25,,4,68,932,1.0,0.068
c06_s03_cov100_seed00000018_bw025,flip,fast_gate,6,3,1.0,0.25,,5,0,1000,,0.0
c06_s03_cov100_seed00000018_bw025,flip,fast_gate,6,3,1.0,0.25,,6,0,1000,,0.0
c06_s03_cov100_seed00000019_bw025,flip,fast_gate,6,3,1.0,0.25,,1,504,496,1.0,0.504
c06_s03_cov100_seed00000019_bw025,flip,fast_gate,6,3,1.0,0.25,,2,263,737,0.7452471482889734,0.196
c06_s03_cov100_seed00000019_bw025,flip,fast_gate,6,3,1.0,0.25,,3,141,859,0.7588652482269503,0.107
c06_s03_cov100_seed00000019_bw025,flip,fast_gate,6,3,1.0,0.25,,4,66,934,1.0,0.066
c06_s03_cov100_seed00000019_bw025,flip,fast_gate,6,3,1.0,0.25,,5,0,1000,,0.0
c06_s03_cov100_seed00000019_bw025,flip,fast_gate,6,3,1.0,0.25,,6,0,1000,,0.0
c06_s03_cov100_seed00000020_bw025,flip,fast_gate,6,3,1.0,0.25,,1,497,503,0.6800804828973843,0.338
c06_s03_cov100_seed00000020_bw025,flip,fast_gate,6,3,1.0,0.25,,2,258,742,0.49224806201550386,0.127
c06_s03_cov100_seed00000020_bw025,flip,fast_gate,6,3,1.0,0.25,,3,171,829,0.6491228070175439,0.111
c06_s03_cov100_seed00000020_bw025,flip,fast_gate,6,3,1.0,0.25,,4,61,939,1.0,0.061
c06_s03_cov100_seed00000020_bw025,flip,fast_gate,6,3,1.0,0.25,,5,0,1000,,0.0
c06_s03_cov100_seed00000020_bw025,flip,fast_gate,6,3,1.0,0.25,,6,0,1000,,0.0
c06_s03_cov100_seed00000024_bw025,flip,fast_gate,6,3,1.0,0.25,,1,793,207,1.0,0.793
c06_s03_cov100_seed00000024_bw025,flip,fast_gate,6,3,1.0,0.25,,2,95,905,0.0,0.0
c06_s03_cov100_seed00000024_bw025,flip,fast_gate,6,3,1.0,0.25,,3,0,1000,,0.0
c06_s03_cov100_seed00000024_bw025,flip,fast_gate,6,3,1.0,0.25,,4,0,1000,,0.0
c06_s03_cov100_seed00000024_bw025,flip,fast_gate,6,3,1.0,0.25,,5,0,1000,,0.0
c06_s03_cov100_seed00000042_bw025,flip,fast_gate,6,3,1.0,0.25,,1,179,821,1.0,0.179
c06_s03_cov100_seed00000042_bw025,flip,fast_gate,6,3,1.0,0.25,,2,99,901,1.0,0.099
c06_s03_cov100_seed00000042_bw025,flip,fast_gate,6,3,1.0,0.25,,3,107,893,1.0,0.107
c06_s03_cov100_seed00000042_bw025,flip,fast_gate,6,3,1.0,0.25,,4,198,802,0.0,0.0
c06_s03_cov100_seed00000042_bw025,flip,fast_gate,6,3,1.0,0.25,,5,1000,0,0.0,0.0
c06_s03_cov100_seed00000048_bw025,flip,fast_gate,6,3,1.0,0.25,,1,201,799,1.0,0.201
c06_s03_cov100_seed00000048_bw025,flip,fast_gate,6,3,1.0,0.25,,2,105,895,1.0,0.105
c06_s03_cov100_seed00000048_bw025,flip,fast_gate,6,3,1.0,0.25,,3,207,793,1.0,0.207
c06_s03_cov100_seed00000048_bw025,flip,fast_gate,6,3,1.0,0.25,,4,204,796,0.0,0.0
c06_s03_cov100_seed00000048_bw025,flip,fast_gate,6,3,1.0,0.25,,5,0,1000,,0.0
c06_s03_cov100_seed00000050_bw025,flip,fast_gate,6,3,1.0,0.25,,1,405,595,1.0,0.405
c06_s03_cov100_seed00000050_bw025,flip,fast_gate,6,3,1.0,0.25,,2,107,893,0.0,0.0
c06_s03_cov100_seed00000050_bw025,flip,fast_gate,6,3,1.0,0.25,,3,203,797,0.0,0.0
c06_s03_cov100_seed00000050_bw025,flip,fast_gate,6,3,1.0,0.25,,4,0,1000,,0.0
c06_s03_cov100_seed00000050_bw025,flip,fast_gate,6,3,1.0,0.25,,5,0,1000,,0.0
c06_s03_cov100_seed00000052_bw025,flip,fast_gate,6,3,1.0,0.25,,1,383,617,1.0,0.383
c06_s03_cov100_seed00000052_bw025,flip,fast_gate,6,3,1.0,0.25,,2,89,911,0.0,0.0
c06_s03_cov100_seed00000052_bw025,flip,fast_gate,6,3,1.0,0.25,,3,197,803,0.0,0.0
c06_s03_cov100_seed00000052_bw025,flip,fast_gate,6,3,1.0,0.25,,4,0,1000,,0.0
c06_s03_cov100_seed00000052_bw025,flip,fast_gate,6,3,1.0,0.25,,5,0,1000,,0.0
c06_s03_cov100_seed00000054_bw025,flip,fast_gate,6,3,1.0,0.25,,1,677,323,1.0,0.677
c06_s03_cov100_seed00000054_bw025,flip,fast_gate,6,3,1.0,0.25,,2,331,669,0.743202416918429,0.246
c06_s03_cov100_seed00000054_bw025,flip,fast_gate,6,3,1.0,0.25,,3,101,899,0.5346534653465347,0.054
c06_s03_cov100_seed00000054_bw025,flip,fast_gate,6,3,1.0,0.25,,4,0,1000,,0.0
c06_s03_cov100_seed00000054_bw025,flip,fast_gate,6,3,1.0,0.25,,5,0,1000,,0.0
c06_s03_cov100_seed00000054_bw025,flip,fast_gate,6,3,1.0,0.25,,6,0,1000,,0.0
c06_s03_cov100_seed00000058_bw025,flip,fast_gate,6,3,1.0,0.25,,1,521,479,1.0,0.521
c06_s03_cov100_seed00000058_bw025,flip,fast_gate,6,3,1.0,0.25,,2,196,804,1.0,0.196
c06_s03_cov100_seed00000058_bw025,flip,fast_gate,6,3,1.0,0.25,,3,160,840,0.65625,0.105
c06_s03_cov100_seed00000058_bw025,flip,fast_gate,6,3,1.0,0.25,,4,134,866,0.5223880597014925,0.07
c06_s03_cov100_seed00000058_bw025,flip,fast_gate,6,3,1.0,0.25,,5,0,1000,,0.0
c06_s03_cov100_seed00000058_bw025,flip,fast_gate,6,3,1.0,0.25,,6,0,1000,,0.0
c06_s03_cov100_seed00000067_bw025,flip,fast_gate,6,3,1.0,0.25,,1,528,472,1.0,0.528
c06_s03_cov100_seed00000067_bw025,flip,fast_gate,6,3,1.0,0.25,,2,271,729,1.0,0.271
c06_s03_cov100_seed00000067_bw025,flip,fast_gate,6,3,1.0,0.25,,3,149,851,0.2550335570469799,0.038
c06_s03_cov100_seed00000067_bw025,flip,fast_gate,6,3,1.0,0.25,,4,77,923,0.0,0.0
c06_s03_cov100_seed00000067_bw025,flip,fast_gate,6,3,1.0,0.25,,5,0,1000,,0.0
c06_s03_cov100_seed00000067_bw025,flip,fast_gate,6,3,1.0,0.25,,6,0,1000,,0.0
c06_s03_cov100_seed00000074_bw025,flip,fast_gate,6,3,1.0,0.25,,1,414,586,1.0,0.414
c06_s03_cov100_seed00000074_bw025,flip,fast_gate,6,3,1.0,0.25,,2,97,903,1.0,0.097
c06_s03_cov100_seed00000074_bw025,flip,fast_gate,6,3,1.0,0.25,,3,85,915,1.0,0.085
c06_s03_cov100_seed00000074_bw025,flip,fast_gate,6,3,1.0,0.25,,4,208,792,0.0,0.0
c06_s03_cov100_seed00000074_bw025,flip,fast_gate,6,3,1.0,0.25,,5,0,1000,,0.0
c06_s03_cov100_seed00000078_bw025,flip,fast_gate,6,3,1.0,0.25,,1,406,594,1.0,0.406
c06_s03_cov100_seed00000078_bw025,flip,fast_gate,6,3,1.0,0.25,,2,291,709,0.6323024054982818,0.184
c06_s03_cov100_seed00000078_bw025,flip,fast_gate,6,3,1.0,0.25,,3,0,1000,,0.0
c06_s03_cov100_seed00000078_bw025,flip,fast_gate,6,3,1.0,0.25,,4,0,1000,,0.0
c06_s03_cov100_seed00000078_bw025,flip,fast_gate,6,3,1.0,0.25,,5,0,1000,,0.0
c06_s03_cov100_seed00000081_bw025,flip,fast_gate,6,3,1.0,0.25,,1,489,511,1.0,0.489
c06_s03_cov100_seed00000081_bw025,flip,fast_gate,6,3,1.0,0.25,,2,345,655,0.7855072463768116,0.271
c06_s03_cov100_seed00000081_bw025,flip,fast_gate,6,3,1.0,0.25,,3,141,859,0.6524822695035462,0.092
c06_s03_cov100_seed00000081_bw025,flip,fast_gate,6,3,1.0,0.25,,4,0,1000,,0.0
c06_s03_cov100_seed00000081_bw025,flip,fast_gate,6,3,1.0,0.25,,5,0,1000,,0.0
c06_s03_cov100_seed00000081_bw025,flip,fast_gate,6,3,1.0,0.25,,6,0,1000,,0.0
c06_s03_cov100_seed00000084_bw025,flip,fast_gate,6,3,1.0,0.25,,1,391,609,1.0,0.391
c06_s03_cov100_seed00000084_bw025,flip,fast_gate,6,3,1.0,0.25,,2,212,788,0.5471698113207547,0.116
c06_s03_cov100_seed00000084_bw025,flip,fast_gate,6,3,1.0,0.25,,3,98,902,0.0,0.0
c06_s03_cov100_seed00000084_bw025,flip,fast_gate,6,3,1.0,0.25,,4,0,1000,,0.0
c06_s03_cov100_seed00000084_bw025,flip,fast_gate,6,3,1.0,0.25,,5,0,1000,,0.0
c06_s03_cov100_seed00000086_bw025,flip,fast_gate,6,3,1.0,0.25,,1,503,497,0.6640159045725647,0.334
c06_s03_cov100_seed00000086_bw025,flip,fast_gate,6,3,1.0,0.25,,2,326,674,0.6257668711656442,0.204
c06_s03_cov100_seed00000086_bw025,flip,fast_gate,6,3,1.0,0.25,,3,141,859,0.36879432624113473,0.052
c06_s03_cov100_seed00000086_bw025,flip,fast_gate,6,3,1.0,0.25,,4,0,1000,,0.0
c06_s03_cov100_seed00000086_bw025,flip,fast_gate,6,3,1.0,0.25,,5,0,1000,,0.0
c06_s03_cov100_seed00000086_bw025,flip,fast_gate,6,3,1.0,0.25,,6,0,1000,,0.0
c06_s03_cov100_seed00000089_bw025,flip,fast_gate,6,3,1.0,0.25,,1,392,608,1.0,0.392
c06_s03_cov100_seed00000089_bw025,flip,fast_gate,6,3,1.0,0.25,,2,195,805,0.47692307692307695,0.093
c06_s03_cov100_seed00000089_bw025,flip,fast_gate,6,3,1.0,0.25,,3,94,906,0.0,0.0
c06_s03_cov100_seed00000089_bw025,flip,fast_gate,6,3,1.0,0.25,,4,0,1000,,0.0
c06_s03_cov100_seed00000089_bw025,flip,fast_gate,6,3,1.0,0.25,,5,0,1000,,0.0
c06_s03_cov100_seed00000090_bw025,flip,fast_gate,6,3,1.0,0.25,,1,583,417,1.0,0.583
c06_s03_cov100_seed00000090_bw025,flip,fast_gate,6,3,1.0,0.25,,2,182,818,0.44505494505494503,0.081
c06_s03_cov100_seed00000090_bw025,flip,fast_gate,6,3,1.0,0.25,,3,0,1000,,0.0
c06_s03_cov100_seed00000090_bw025,flip,fast_gate,6,3,1.0,0.25,,4,0,1000,,0.0
c06_s03_cov100_seed00000090_bw025,flip,fast_gate,6,3,1.0,0.25,,5,0,1000,,0.0
c06_s03_cov100_seed00000092_bw025,flip,fast_gate,6,3,1.0,0.25,,1,517,483,1.0,0.517
c06_s03_cov100_seed00000092_bw025,flip,fast_gate,6,3,1.0,0.25,,2,200,800,1.0,0.2
c06_s03_cov100_seed00000092_bw025,flip,fast_gate,6,3,1.0,0.25,,3,161,839,0.7391304347826086,0.119
c06_s03_cov100_seed00000092_bw025,flip,fast_gate,6,3,1.0,0.25,,4,120,880,0.4583333333333333,0.055
c06_s03_cov100_seed00000092_bw025,flip,fast_gate,6,3,1.0,0.25,,5,0,1000,,0.0
c06_s03_cov100_seed00000092_bw025,flip,fast_gate,6,3,1.0,0.25,,6,0,1000,,0.0
c06_s03_cov100_seed00000097_bw025,flip,fast_gate,6,3,1.0,0.25,,1,398,602,1.0,0.398
c06_s03_cov100_seed00000097_bw025,flip,fast_gate,6,3,1.0,0.25,,2,190,810,0.5421052631578948,0.103
c06_s03_cov100_seed00000097_bw025,flip,fast_gate,6,3,1.0,0.25,,3,116,884,0.0,0.0
c06_s03_cov100_seed00000097_bw025,flip,fast_gate,6,3,1.0,0.25,,4,0,1000,,0.0
c06_s03_cov100_seed00000097_bw025,flip,fast_gate,6,3,1.0,0.25,,5,0,1000,,0.0
c06_s03_cov100_seed00000100_bw025,flip,fast_gate,6,3,1.0,0.25,,1,493,507,0.6835699797160243,0.337
c06_s03_cov100_seed00000100_bw025,flip,fast_gate,6,3,1.0,0.25,,2,292,708,0.5102739726027398,0.149
c06_s03_cov100_seed00000100_bw025,flip,fast_gate,6,3,1.0,0.25,,3,130,870,0.3384615384615385,0.044
c06_s03_cov100_seed00000100_bw025,flip,fast_gate,6,3,1.0,0.25,,4,81,919,0.0,0.0
c06_s03_cov100_seed00000100_bw025,flip,fast_gate,6,3,1.0,0.25,,5,0,1000,,0.0
c06_s03_cov100_seed00000100_bw025,flip,fast_gate,6,3,1.0,0.25,,6,0,1000,,0.0
c06_s03_cov100_seed00000101_bw025,flip,fast_gate,6,3,1.0,0.25,,1,599,401,1.0,0.599
c06_s03_cov100_seed00000101_bw025,flip,fast_gate,6,3,1.0,0.25,,2,212,788,0.5094339622641509,0.108
c06_s03_cov100_seed00000101_bw025,flip,fast_gate,6,3,1.0,0.25,,3,0,1000,,0.0
c06_s03_cov100_seed00000101_bw025,flip,fast_gate,6,3,1.0,0.25,,4,0,1000,,0.0
c06_s03_cov100_seed00000101_bw025,flip,fast_gate,6,3,1.0,0.25,,5,0,1000,,0.0
c06_s03_cov100_seed00000107_bw025,flip,fast_gate,6,3,1.0,0.25,,1,181,819,1.0,0.181
c06_s03_cov100_seed00000107_bw025,flip,fast_gate,6,3,1.0,0.25,,2,92,908,1.0,0.092
c06_s03_cov100_seed00000107_bw025,flip,fast_gate,6,3,1.0,0.25,,3,114,886,1.0,0.114
c06_s03_cov100_seed00000107_bw025,flip,fast_gate,6,3,1.0,0.25,,4,195,805,0.0,0.0
c06_s03_cov100_seed00000107_bw025,flip,fast_gate,6,3,1.0,0.25,,5,1000,0,0.0,0.0
c06_s03_cov100_seed00000112_bw025,flip,fast_gate,6,3,1.0,0.25,,1,399,601,1.0,0.399
c06_s03_cov100_seed00000112_bw025,flip,fast_gate,6,3,1.0,0.25,,2,296,704,0.7128378378378378,0.211
c06_s03_cov100_seed00000112_bw025,flip,fast_gate,6,3,1.0,0.25,,3,0,1000,,0.0
c06_s03_cov100_seed00000112_bw025,flip,fast_gate,6,3,1.0,0.25,,4,0,1000,,0.0
c06_s03_cov100_seed00000112_bw025,flip,fast_gate,6,3,1.0,0.25,,5,0,1000,,0.0
c06_s03_cov100_seed00000116_bw025,flip,fast_gate,6,3,1.0,0.25,,1,189,811,1.0,0.189
c06_s03_cov100_seed00000116_bw025,flip,fast_gate,6,3,1.0,0.25,,2,206,794,1.0,0.206
c06_s03_cov100_seed00000116_bw025,flip,fast_gate,6,3,1.0,0.25,,3,115,885,1.0,0.115
c06_s03_cov100_seed00000116_bw025,flip,fast_gate,6,3,1.0,0.25,,4,207,793,0.0,0.0
c06_s03_cov100_seed00000116_bw025,flip,fast_gate,6,3,1.0,0.25,,5,0,1000,,0.0
c06_s03_cov100_seed00000122_bw025,flip,fast_gate,6,3,1.0,0.25,,1,500,500,1.0,0.5
c06_s03_cov100_seed00000122_bw025,flip,fast_gate,6,3,1.0,0.25,,2,208,792,1.0,0.208
c06_s03_cov100_seed00000122_bw025,flip,fast_gate,6,3,1.0,0.25,,3,157,843,0.36942675159235666,0.058
c06_s03_cov100_seed00000122_bw025,flip,fast_gate,6,3,1.0,0.25,,4,149,851,0.0,0.0
c06_s03_cov100_seed00000122_bw025,flip,fast_gate,6,3,1.0,0.25,,5,0,1000,,0.0
c06_s03_cov100_seed00000122_bw025,flip,fast_gate,6,3,1.0,0.25,,6,0,1000,,0.0
c06_s03_cov100_seed00000140_bw025,flip,fast_gate,6,3,1.0,0.25,,1,387,613,1.0,0.387
c06_s03_cov100_seed00000140_bw025,flip,fast_gate,6,3,1.0,0.25,,2,221,779,0.5067873303167421,0.112
c06_s03_cov100_seed00000140_bw025,flip,fast_gate,6,3,1.0,0.25,,3,109,891,0.0,0.0
c06_s03_cov100_seed00000140_bw025,flip,fast_gate,6,3,1.0,0.25,,4,0,1000,,0.0
c06_s03_cov100_seed00000140_bw025,flip,fast_gate,6,3,1.0,0.25,,5,0,1000,,0.0
c06_s03_cov100_seed00000146_bw025,flip,fast_gate,6,3,1.0,0.25,,1,401,599,1.0,0.401
c06_s03_cov100_seed00000146_bw025,flip,fast_gate,6,3,1.0,0.25,,2,93,907,0.0,0.0
c06_s03_cov100_seed00000146_bw025,flip,fast_gate,6,3,1.0,0.25,,3,97,903,0.0,0.0
c06_s03_cov100_seed00000146_bw025,flip,fast_gate,6,3,1.0,0.25,,4,214,786,0.0,0.0
c06_s03_cov100_seed00000146_bw025,flip,fast_gate,6,3,1.0,0.25,,5,0,1000,,0.0
c06_s03_cov100_seed00000147_bw025,flip,fast_gate,6,3,1.0,0.25,,1,424,576,1.0,0.424
c06_s03_cov100_seed00000147_bw025,flip,fast_gate,6,3,1.0,0.25,,2,201,799,0.48756218905472637,0.098
c06_s03_cov100_seed00000147_bw025,flip,fast_gate,6,3,1.0,0.25,,3,98,902,1.0,0.098
c06_s03_cov100_seed00000147_bw025,flip,fast_gate,6,3,1.0,0.25,,4,0,1000,,0.0
c06_s03_cov100_seed00000147_bw025,flip,fast_gate,6,3,1.0,0.25,,5,0,1000,,0.0
c06_s03_cov100_seed00000154_bw025,flip,fast_gate,6,3,1.0,0.25,,1,353,647,1.0,0.353
c06_s03_cov100_seed00000154_bw025,flip,fast_gate,6,3,1.0,0.25,,2,197,803,1.0,0.197
c06_s03_cov100_seed00000154_bw025,flip,fast_gate,6,3,1.0,0.25,,3,149,851,0.610738255033557,0.091
c06_s03_cov100_seed00000154_bw025,flip,fast_gate,6,3,1.0,0.25,,4,109,891,0.44954128440366975,0.049
c06_s03_cov100_seed00000154_bw025,flip,fast_gate,6,3,1.0,0.25,,5,177,823,0.0,0.0
c06_s03_cov100_seed00000154_bw025,flip,fast_gate,6,3,1.0,0.25,,6,0,1000,,0.0
c06_s03_cov100_seed00000155_bw025,flip,fast_gate,6,3,1.0,0.25,,1,613,387,1.0,0.613
c06_s03_cov100_seed00000155_bw025,flip,fast_gate,6,3,1.0,0.25,,2,177,823,0.5084745762711864,0.09
c06_s03_cov100_seed00000155_bw025,flip,fast_gate,6,3,1.0,0.25,,3,0,1000,,0.0
c06_s03_cov100_seed00000155_bw025,flip,fast_gate,6,3,1.0,0.25,,4,0,1000,,0.0
c06_s03_cov100_seed00000155_bw025,flip,fast_gate,6,3,1.0,0.25,,5,0,1000,,0.0
c06_s03_cov100_seed00000163_bw025,flip,fast_gate,6,3,1.0,0.25,,1,483,517,0.6894409937888198,0.333
c06_s03_cov100_seed00000163_bw025,flip,fast_gate,6,3,1.0,0.25,,2,316,684,0.8259493670886076,0.261
c06_s03_cov100_seed00000163_bw025,flip,fast_gate,6,3,1.0,0.25,,3,161,839,1.0,0.161
c06_s03_cov100_seed00000163_bw025,flip,fast_gate,6,3,1.0,0.25,,4,0,1000,,0.0
c06_s03_cov100_seed00000163_bw025,flip,fast_gate,6,3,1.0,0.25,,5,0,1000,,0.0
c06_s03_cov100_seed00000163_bw025,flip,fast_gate,6,3,1.0,0.25,,6,0,1000,,0.0
c06_s03_cov100_seed00000169_bw025,flip,fast_gate,6,3,1.0,0.25,,1,406,594,1.0,0.406
c06_s03_cov100_seed00000169_bw025,flip,fast_gate,6,3,1.0,0.25,,2,193,807,0.48186528497409326,0.093
c06_s03_cov100_seed00000169_bw025,flip,fast_gate,6,3,1.0,0.25,,3,98,902,0.0,0.0
c06_s03_cov100_seed00000169_bw025,flip,fast_gate,6,3,1.0,0.25,,4,0,1000,,0.0
c06_s03_cov100_seed00000169_bw025,flip,fast_gate,6,3,1.0,0.25,,5,0,1000,,0.0
c06_s03_cov100_seed00000179_bw025,flip,fast_gate,6,3,1.0,0.25,,1,410,590,1.0,0.41
c06_s03_cov100_seed00000179_bw025,flip,fast_gate,6,3,1.0,0.25,,2,125,875,0.0,0.0
c06_s03_cov100_seed00000179_bw025,flip,fast_gate,6,3,1.0,0.25,,3,91,909,0.0,0.0
c06_s03_cov100_seed00000179_bw025,flip,fast_gate,6,3,1.0,0.25,,4,205,795,0.0,0.0
c06_s03_cov100_seed00000179_bw025,flip,fast_gate,6,3,1.0,0.25,,5,0,1000,,0.0
c06_s03_cov100_seed00000181_bw025,flip,fast_gate,6,3,1.0,0.25,,1,397,603,1.0,0.397
c06_s03_cov100_seed00000181_bw025,flip,fast_gate,6,3,1.0,0.25,,2,191,809,0.5235602094240838,0.1
c06_s03_cov100_seed00000181_bw025,flip,fast_gate,6,3,1.0,0.25,,3,79,921,0.0,0.0
c06_s03_cov100_seed00000181_bw025,flip,fast_gate,6,3,1.0,0.25,,4,0,1000,,0.0
c06_s03_cov100_seed00000181_bw025,flip,fast_gate,6,3,1.0,0.25,,5,0,1000,,0.0
c06_s05_cov050_seed00000000_bw000,flip,fast_gate,6,5,0.5,0.0,,1,486,514,1.0,0.486
c06_s05_cov050_seed00000000_bw000,flip,fast_gate,6,5,0.5,0.0,,2,1000,0,0.0,0.0
c06_s05_cov050_seed00000001_bw000,flip,fast_gate,6,5,0.5,0.0,,1,502,498,1.0,0.502
c06_s05_cov050_seed00000001_bw000,flip,fast_gate,6,5,0.5,0.0,,2,1000,0,0.0,0.0
c06_s05_cov050_seed00000002_bw000,flip,fast_gate,6,5,0.5,0.0,,1,511,489,1.0,0.511
c06_s05_cov050_seed00000002_bw000,flip,fast_gate,6,5,0.5,0.0,,2,1000,0,0.0,0.0
c06_s05_cov050_seed00000003_bw000,flip,fast_gate,6,5,0.5,0.0,,1,489,511,1.0,0.489
c06_s05_cov050_seed00000003_bw000,flip,fast_gate,6,5,0.5,0.0,,2,1000,0,0.0,0.0
c06_s05_cov050_seed00000004_bw000,flip,fast_gate,6,5,0.5,0.0,,1,529,471,1.0,0.529
c06_s05_cov050_seed00000004_bw000,flip,fast_gate,6,5,0.5,0.0,,2,1000,0,0.0,0.0
c06_s05_cov050_seed00000005_bw000,flip,fast_gate,6,5,0.5,0.0,,1,467,533,1.0,0.467
c06_s05_cov050_seed00000005_bw000,flip,fast_gate,6,5,0.5,0.0,,2,1000,0,0.0,0.0
c06_s05_cov050_seed00000006_bw000,flip,fast_gate,6,5,0.5,0.0,,1,498,502,1.0,0.498
c06_s05_cov050_seed00000006_bw000,flip,fast_gate,6,5,0.5,0.0,,2,1000,0,0.0,0.0
c06_s05_cov050_seed00000007_bw000,flip,fast_gate,6,5,0.5,0.0,,1,476,524,1.0,0.476
c06_s05_cov050_seed00000007_bw000,flip,fast_gate,6,5,0.5,0.0,,2,1000,0,0.0,0.0
c06_s05_cov050_seed00000008_bw000,flip,fast_gate,6,5,0.5,0.0,,1,476,524,1.0,0.476
c06_s05_cov050_seed00000008_bw000,flip,fast_gate,6,5,0.5,0.0,,2,1000,0,0.0,0.0
c06_s05_cov050_seed00000009_bw000,flip,fast_gate,6,5,0.5,0.0,,1,500,500,1.0,0.5
c06_s05_cov050_seed00000009_bw000,flip,fast_gate,6,5,0.5,0.0,,2,1000,0,0.0,0.0
c06_s05_cov050_seed00000010_bw000,flip,fast_gate,6,5,0.5,0.0,,1,472,528,1.0,0.472
c06_s05_cov050_seed00000010_bw000,flip,fast_gate,6,5,0.5,0.0,,2,1000,0,0.0,0.0
c06_s05_cov050_seed00000011_bw000,flip,fast_gate,6,5,0.5,0.0,,1,508,492,1.0,0.508
c06_s05_cov050_seed00000011_bw000,flip,fast_gate,6,5,0.5,0.0,,2,1000,0,0.0,0.0
c06_s05_cov050_seed00000012_bw000,flip,fast_gate,6,5,0.5,0.0,,1,511,489,1.0,0.511
c06_s05_cov050_seed00000012_bw000,flip,fast_gate,6,5,0.5,0.0,,2,1000,0,0.0,0.0
c06_s05_cov050_seed00000013_bw000,flip,fast_gate,6,5,0.5,0.0,,1,508,492,1.0,0.508
c06_s05_cov050_seed00000013_bw000,flip,fast_gate,6,5,0.5,0.0,,2,1000,0,0.0,0.0
c06_s05_cov050_seed00000014_bw000,flip,fast_gate,6,5,0.5,0.0,,1,523,477,1.0,0.523
c06_s05_cov050_seed00000014_bw000,flip,fast_gate,6,5,0.5,0.0,,2,1000,0,0.0,0.0
c06_s05_cov050_seed00000015_bw000,flip,fast_gate,6,5,0.5,0.0,,1,506,494,1.0,0.506
c06_s05_cov050_seed00000015_bw000,flip,fast_gate,6,5,0.5,0.0,,2,1000,0,0.0,0.0
c06_s05_cov050_seed00000016_bw000,flip,fast_gate,6,5,0.5,0.0,,1,522,478,1.0,0.522
c06_s05_cov050_seed00000016_bw000,flip,fast_gate,6,5,0.5,0.0,,2,1000,0,0.0,0.0
c06_s05_cov050_seed00000017_bw000,flip,fast_gate,6,5,0.5,0.0,,1,480,520,1.0,0.48
c06_s05_cov050_seed00000017_bw000,flip,fast_gate,6,5,0.5,0.0,,2,1000,0,0.0,0.0
c06_s05_cov050_seed00000018_bw000,flip,fast_gate,6,5,0.5,0.0,,1,516,484,1.0,0.516
c06_s05_cov050_seed00000018_bw000,flip,fast_gate,6,5,0.5,0.0,,2,1000,0,0.0,0.0
c06_s05_cov050_seed00000019_bw000,flip,fast_gate,6,5,0.5,0.0,,1,482,518,1.0,0.482
c06_s05_cov050_seed00000019_bw000,flip,fast_gate,6,5,0.5,0.0,,2,1000,0,0.0,0.0
c06_s05_cov050_seed00000020_bw000,flip,fast_gate,6,5,0.5,0.0,,1,493,507,1.0,0.493
c06_s05_cov050_seed00000020_bw000,flip,fast_gate,6,5,0.5,0.0,,2,1000,0,0.0,0.0
c06_s05_cov050_seed00000021_bw000,flip,fast_gate,6,5,0.5,0.0,,1,512,488,1.0,0.512
c06_s05_cov050_seed00000021_bw000,flip,fast_gate,6,5,0.5,0.0,,2,1000,0,0.0,0.0
c06_s05_cov050_seed00000022_bw000,flip,fast_gate,6,5,0.5,0.0,,1,494,506,1.0,0.494
c06_s05_cov050_seed00000022_bw000,flip,fast_gate,6,5,0.5,0.0,,2,1000,0,0.0,0.0
c06_s05_cov050_seed00000023_bw000,flip,fast_gate,6,5,0.5,0.0,,1,487,513,1.0,0.487
c06_s05_cov050_seed00000023_bw000,flip,fast_gate,6,5,0.5,0.0,,2,1000,0,0.0,0.0
c06_s05_cov050_seed00000024_bw000,flip,fast_gate,6,5,0.5,0.0,,1,524,476,1.0,0.524
c06_s05_cov050_seed00000024_bw000,flip,fast_gate,6,5,0.5,0.0,,2,1000,0,0.0,0.0
c06_s05_cov050_seed00000025_bw000,flip,fast_gate,6,5,0.5,0.0,,1,530,470,1.0,0.53
c06_s05_cov050_seed00000025_bw000,flip,fast_gate,6,5,0.5,0.0,,2,1000,0,0.0,0.0
c06_s05_cov050_seed00000026_bw000,flip,fast_gate,6,5,0.5,0.0,,1,490,510,1.0,0.49
c06_s05_cov050_seed00000026_bw000,flip,fast_gate,6,5,0.5,0.0,,2,1000,0,0.0,0.0
c06_s05_cov050_seed00000027_bw000,flip,fast_gate,6,5,0.5,0.0,,1,523,477,1.0,0.523
c06_s05_cov050_seed00000027_bw000,flip,fast_gate,6,5,0.5,0.0,,2,1000,0,0.0,0.0
c06_s05_cov050_seed00000028_bw000,flip,fast_gate,6,5,0.5,0.0,,1,480,520,1.0,0.48
c06_s05_cov050_seed00000028_bw000,flip,fast_gate,6,5,0.5,0.0,,2,1000,0,0.0,0.0
c06_s05_cov050_seed00000029_bw000,flip,fast_gate,6,5,0.5,0.0,,1,489,511,1.0,0.489
c06_s05_cov050_seed00000029_bw000,flip,fast_gate,6,5,0.5,0.0,,2,1000,0,0.0,0.0
c06_s05_cov050_seed00000030_bw000,flip,fast_gate,6,5,0.5,0.0,,1,480,520,1.0,0.48
c06_s05_cov050_seed00000030_bw000,flip,fast_gate,6,5,0.5,0.0,,2,1000,0,0.0,0.0
c06_s05_cov050_seed00000031_bw000,flip,fast_gate,6,5,0.5,0.0,,1,488,512,1.0,0.488
c06_s05_cov050_seed00000031_bw000,flip,fast_gate,6,5,0.5,0.0,,2,1000,0,0.0,0.0
c06_s05_cov050_seed00000032_bw000,flip,fast_gate,6,5,0.5,0.0,,1,495,505,1.0,0.495
c06_s05_cov050_seed00000032_bw000,flip,fast_gate,6,5,0.5,0.0,,2,1000,0,0.0,0.0
c06_s05_cov050_seed00000033_bw000,flip,fast_gate,6,5,0.5,0.0,,1,508,492,1.0,0.508
c06_s05_cov050_seed00000033_bw000,flip,fast_gate,6,5,0.5,0.0,,2,1000,0,0.0,0.0
c06_s05_cov050_seed00000034_bw000,flip,fast_gate,6,5,0.5,0.0,,1,525,475,1.0,0.525
c06_s05_cov050_seed00000034_bw000,flip,fast_gate,6,5,0.5,0.0,,2,1000,0,0.0,0.0
c06_s05_cov050_seed00000035_bw000,flip,fast_gate,6,5,0.5,0.0,,1,484,516,1.0,0.484
c06_s05_cov050_seed00000035_bw000,flip,fast_gate,6,5,0.5,0.0,,2,1000,0,0.0,0.0
c06_s05_cov050_seed00000036_bw000,flip,fast_gate,6,5,0.5,0.0,,1,483,517,1.0,0.483
c06_s05_cov050_seed00000036_bw000,flip,fast_gate,6,5,0.5,0.0,,2,1000,0,0.0,0.0
c06_s05_cov050_seed00000037_bw000,flip,fast_gate,6,5,0.5,0.0,,1,485,515,1.0,0.485
c06_s05_cov050_seed00000037_bw000,flip,fast_gate,6,5,0.5,0.0,,2,1000,0,0.0,0.0
c06_s05_cov050_seed00000038_bw000,flip,fast_gate,6,5,0.5,0.0,,1,499,501,1.0,0.499
c06_s05_cov050_seed00000038_bw000,flip,fast_gate,6,5,0.5,0.0,,2,1000,0,0.0,0.0
c06_s05_cov050_seed00000039_bw000,flip,fast_gate,6,5,0.5,0.0,,1,513,487,1.0,0.513
c06_s05_cov050_seed00000039_bw000,flip,fast_gate,6,5,0.5,0.0,,2,1000,0,0.0,0.0
c06_s05_cov050_seed00000000_bw010,flip,fast_gate,6,5,0.5,0.1,,1,486,514,1.0,0.486
c06_s05_cov050_seed00000000_bw010,flip,fast_gate,6,5,0.5,0.1,,2,1000,0,0.0,0.0
c06_s05_cov050_seed00000001_bw010,flip,fast_gate,6,5,0.5,0.1,,1,501,499,1.0,0.501
c06_s05_cov050_seed00000001_bw010,flip,fast_gate,6,5,0.5,0.1,,2,1000,0,0.0,0.0
c06_s05_cov050_seed00000002_bw010,flip,fast_gate,6,5,0.5,0.1,,1,497,503,1.0,0.497
c06_s05_cov050_seed00000002_bw010,flip,fast_gate,6,5,0.5,0.1,,2,1000,0,0.0,0.0
c06_s05_cov050_seed00000003_bw010,flip,fast_gate,6,5,0.5,0.1,,1,493,507,1.0,0.493
c06_s05_cov050_seed00000003_bw010,flip,fast_gate,6,5,0.5,0.1,,2,1000,0,0.0,0.0
c06_s05_cov050_seed00000004_bw010,flip,fast_gate,6,5,0.5,0.1,,1,491,509,1.0,0.491
c06_s05_cov050_seed00000004_bw010,flip,fast_gate,6,5,0.5,0.1,,2,1000,0,0.0,0.0
c06_s05_cov050_seed00000005_bw010,flip,fast_gate,6,5,0.5,0.1,,1,489,511,1.0,0.489
c06_s05_cov050_seed00000005_bw010,flip,fast_gate,6,5,0.5,0.1,,2,1000,0,0.0,0.0
c06_s05_cov050_seed00000006_bw010,flip,fast_gate,6,5,0.5,0.1,,1,481,519,1.0,0.481
c06_s05_cov050_seed00000006_bw010,flip,fast_gate,6,5,0.5,0.1,,2,1000,0,0.0,0.0
c06_s05_cov050_seed00000007_bw010,flip,fast_gate,6,5,0.5,0.1,,1,513,487,1.0,0.513
c06_s05_cov050_seed00000007_bw010,flip,fast_gate,6,5,0.5,0.1,,2,1000,0,0.0,0.0
c06_s05_cov050_seed00000008_bw010,flip,fast_gate,6,5,0.5,0.1,,1,487,513,1.0,0.487
c06_s05_cov050_seed00000008_bw010,flip,fast_gate,6,5,0.5,0.1,,2,1000,0,0.0,0.0
c06_s05_cov050_seed00000009_bw010,flip,fast_gate,6,5,0.5,0.1,,1,491,509,1.0,0.491
c06_s05_cov050_seed00000009_bw010,flip,fast_gate,6,5,0.5,0.1,,2,1000,0,0.0,0.0
c06_s05_cov050_seed00000010_bw010,flip,fast_gate,6,5,0.5,0.1,,1,518,482,1.0,0.518
c06_s05_cov050_seed00000010_bw010,flip,fast_gate,6,5,0.5,0.1,,2,1000,0,0.0,0.0
c06_s05_cov050_seed00000011_bw010,flip,fast_gate,6,5,0.5,0.1,,1,506,494,1.0,0.506
c06_s05_cov050_seed00000011_bw010,flip,fast_gate,6,5,0.5,0.1,,2,1000,0,0.0,0.0
c06_s05_cov050_seed00000012_bw010,flip,fast_gate,6,5,0.5,0.1,,1,520,480,1.0,0.52
c06_s05_cov050_seed00000012_bw010,flip,fast_gate,6,5,0.5,0.1,,2,1000,0,0.0,0.0
c06_s05_cov050_seed00000013_bw010,flip,fast_gate,6,5,0.5,0.1,,1,481,519,1.0,0.481
c06_s05_cov050_seed00000013_bw010,flip,fast_gate,6,5,0.5,0.1,,2,1000,0,0.0,0.0
c06_s05_cov050_seed00000014_bw010,flip,fast_gate,6,5,0.5,0.1,,1,511,489,1.0,0.511
c06_s05_cov050_seed00000014_bw010,flip,fast_gate,6,5,0.5,0.1,,2,1000,0,0.0,0.0
c06_s05_cov050_seed00000015_bw010,flip,fast_gate,6,5,0.5,0.1,,1,469,531,1.0,0.469
c06_s05_cov050_seed00000015_bw010,flip,fast_gate,6,5,0.5,0.1,,2,1000,0,0.0,0.0
c06_s05_cov050_seed00000016_bw010,flip,fast_gate,6,5,0.5,0.1,,1,490,510,1.0,0.49
c06_s05_cov050_seed00000016_bw010,flip,fast_gate,6,5,0.5,0.1,,2,1000,0,0.0,0.0
c06_s05_cov050_seed00000017_bw010,flip,fast_gate,6,5,0.5,0.1,,1,496,504,1.0,0.496
c06_s05_cov050_seed00000017_bw010,flip,fast_gate,6,5,0.5,0.1,,2,1000,0,0.0,0.0
c06_s05_cov050_seed00000018_bw010,flip,fast_gate,6,5,0.5,0.1,,1,482,518,1.0,0.482
c06_s05_cov050_seed00000018_bw010,flip,fast_gate,6,5,0.5,0.1,,2,1000,0,0.0,0.0
c06_s05_cov050_seed00000019_bw010,flip,fast_gate,6,5,0.5,0.1,,1,505,495,1.0,0.505
c06_s05_cov050_seed00000019_bw010,flip,fast_gate,6,5,0.5,0.1,,2,1000,0,0.0,0.0
c06_s05_cov050_seed00000020_bw010,flip,fast_gate,6,5,0.5,0.1,,1,525,475,1.0,0.525
c06_s05_cov050_seed00000020_bw010,flip,fast_gate,6,5,0.5,0.1,,2,1000,0,0.0,0.0
c06_s05_cov050_seed00000021_bw010,flip,fast_gate,6,5,0.5,0.1,,1,508,492,1.0,0.508
c06_s05_cov050_seed00000021_bw010,flip,fast_gate,6,5,0.5,0.1,,2,1000,0,0.0,0.0
c06_s05_cov050_seed00000022_bw010,flip,fast_gate,6,5,0.5,0.1,,1,529,471,1.0,0.529
c06_s05_cov050_seed00000022_bw010,flip,fast_gate,6,5,0.5,0.1,,2,1000,0,0.0,0.0
c06_s05_cov050_seed00000023_bw010,flip,fast_gate,6,5,0.5,0.1,,1,465,535,1.0,0.465
c06_s05_cov050_seed00000023_bw010,flip,fast_gate,6,5,0.5,0.1,,2,1000,0,0.0,0.0
c06_s05_cov050_seed00000024_bw010,flip,fast_gate,6,5,0.5,0.1,,1,491,509,1.0,0.491
c06_s05_cov050_seed00000024_bw010,flip,fast_gate,6,5,0.5,0.1,,2,1000,0,0.0,0.0
c06_s05_cov050_seed00000025_bw010,flip,fast_gate,6,5,0.5,0.1,,1,523,477,1.0,0.523
c06_s05_cov050_seed00000025_bw010,flip,fast_gate,6,5,0.5,0.1,,2,1000,0,0.0,0.0
c06_s05_cov050_seed00000026_bw010,flip,fast_gate,6,5,0.5,0.1,,1,474,526,1.0,0.474
c06_s05_cov050_seed00000026_bw010,flip,fast_gate,6,5,0.5,0.1,,2,1000,0,0.0,0.0
c06_s05_cov050_seed00000027_bw010,flip,fast_gate,6,5,0.5,0.1,,1,505,495,1.0,0.505
c06_s05_cov050_seed00000027_bw010,flip,fast_gate,6,5,0.5,0.1,,2,1000,0,0.0,0.0
c06_s05_cov050_seed00000028_bw010,flip,fast_gate,6,5,0.5,0.1,,1,487,513,1.0,0.487
c06_s05_cov050_seed00000028_bw010,flip,fast_gate,6,5,0.5,0.1,,2,1000,0,0.0,0.0
c06_s05_cov050_seed00000029_bw010,flip,fast_gate,6,5,0.5,0.1,,1,488,512,1.0,0.488
c06_s05_cov050_seed00000029_bw010,flip,fast_gate,6,5,0.5,0.1,,2,1000,0,0.0,0.0
c06_s05_cov050_seed00000030_bw010,flip,fast_gate,6,5,0.5,0.1,,1,482,518,1.0,0.482
c06_s05_cov050_seed00000030_bw010,flip,fast_gate,6,5,0.5,0.1,,2,1000,0,0.0,0.0
c06_s05_cov050_seed00000031_bw010,flip,fast_gate,6,5,0.5,0.1,,1,503,497,1.0,0.503
c06_s05_cov050_seed00000031_bw010,flip,fast_gate,6,5,0.5,0.1,,2,1000,0,0.0,0.0
c06_s05_cov050_seed00000032_bw010,flip,fast_gate,6,5,0.5,0.1,,1,533,467,1.0,0.533
c06_s05_cov050_seed00000032_bw010,flip,fast_gate,6,5,0.5,0.1,,2,1000,0,0.0,0.0
c06_s05_cov050_seed00000033_bw010,flip,fast_gate,6,5,0.5,0.1,,1,486,514,1.0,0.486
c06_s05_cov050_seed00000033_bw010,flip,fast_gate,6,5,0.5,0.1,,2,1000,0,0.0,0.0
c06_s05_cov050_seed00000034_bw010,flip,fast_gate,6,5,0.5,0.1,,1,498,502,1.0,0.498
c06_s05_cov050_seed00000034_bw010,flip,fast_gate,6,5,0.5,0.1,,2,1000,0,0.0,0.0
c06_s05_cov050_seed00000035_bw010,flip,fast_gate,6,5,0.5,0.1,,1,481,519,1.0,0.481
c06_s05_cov050_seed00000035_bw010,flip,fast_gate,6,5,0.5,0.1,,2,1000,0,0.0,0.0
c06_s05_cov050_seed00000036_bw010,flip,fast_gate,6,5,0.5,0.1,,1,494,506,1.0,0.494
c06_s05_cov050_seed00000036_bw010,flip,fast_gate,6,5,0.5,0.1,,2,1000,0,0.0,0.0
c06_s05_cov050_seed00000037_bw010,flip,fast_gate,6,5,0.5,0.1,,1,510,490,1.0,0.51
c06_s05_cov050_seed00000037_bw010,flip,fast_gate,6,5,0.5,0.1,,2,1000,0,0.0,0.0
c06_s05_cov050_seed00000038_bw010,flip,fast_gate,6,5,0.5,0.1,,1,515,485,1.0,0.515
c06_s05_cov050_seed00000038_bw010,flip,fast_gate,6,5,0.5,0.1,,2,1000,0,0.0,0.0
c06_s05_cov050_seed00000039_bw010,flip,fast_gate,6,5,0.5,0.1,,1,476,524,1.0,0.476
c06_s05_cov050_seed00000039_bw010,flip,fast_gate,6,5,0.5,0.1,,2,1000,0,0.0,0.0
c06_s05_cov050_seed00000000_bw025,flip,fast_gate,6,5,0.5,0.25,,1,479,521,1.0,0.479
c06_s05_cov050_seed00000000_bw025,flip,fast_gate,6,5,0.5,0.25,,2,1000,0,0.0,0.0
c06_s05_cov050_seed00000001_bw025,flip,fast_gate,6,5,0.5,0.25,,1,510,490,1.0,0.51
c06_s05_cov050_seed00000001_bw025,flip,fast_gate,6,5,0.5,0.25,,2,1000,0,0.0,0.0
c06_s05_cov050_seed00000002_bw025,flip,fast_gate,6,5,0.5,0.25,,1,486,514,1.0,0.486
c06_s05_cov050_seed00000002_bw025,flip,fast_gate,6,5,0.5,0.25,,2,1000,0,0.0,0.0
c06_s05_cov050_seed00000003_bw025,flip,fast_gate,6,5,0.5,0.25,,1,524,476,1.0,0.524
c06_s05_cov050_seed00000003_bw025,flip,fast_gate,6,5,0.5,0.25,,2,1000,0,0.0,0.0
c06_s05_cov050_seed00000004_bw025,flip,fast_gate,6,5,0.5,0.25,,1,505,495,1.0,0.505
c06_s05_cov050_seed00000004_bw025,flip,fast_gate,6,5,0.5,0.25,,2,1000,0,0.0,0.0
c06_s05_cov050_seed00000005_bw025,flip,fast_gate,6,5,0.5,0.25,,1,523,477,1.0,0.523
c06_s05_cov050_seed00000005_bw025,flip,fast_gate,6,5,0.5,0.25,,2,1000,0,0.0,0.0
c06_s05_cov050_seed00000006_bw025,flip,fast_gate,6,5,0.5,0.25,,1,511,489,1.0,0.511
c06_s05_cov050_seed00000006_bw025,flip,fast_gate,6,5,0.5,0.25,,2,1000,0,0.0,0.0
c06_s05_cov050_seed00000007_bw025,flip,fast_gate,6,5,0.5,0.25,,1,504,496,1.0,0.504
c06_s05_cov050_seed00000007_bw025,flip,fast_gate,6,5,0.5,0.25,,2,1000,0,0.0,0.0
c06_s05_cov050_seed00000008_bw025,flip,fast_gate,6,5,0.5,0.25,,1,515,485,1.0,0.515
c06_s05_cov050_seed00000008_bw025,flip,fast_gate,6,5,0.5,0.25,,2,1000,0,0.0,0.0
c06_s05_cov050_seed00000009_bw025,flip,fast_gate,6,5,0.5,0.25,,1,515,485,1.0,0.515
c06_s05_cov050_seed00000009_bw025,flip,fast_gate,6,5,0.5,0.25,,2,1000,0,0.0,0.0
c06_s05_cov050_seed00000010_bw025,flip,fast_gate,6,5,0.5,0.25,,1,501,499,1.0,0.501
c06_s05_cov050_seed00000010_bw025,flip,fast_gate,6,5,0.5,0.25,,2,1000,0,0.0,0.0
c06_s05_cov050_seed00000011_bw025,flip,fast_gate,6,5,0.5,0.25,,1,496,504,1.0,0.496
c06_s05_cov050_seed00000011_bw025,flip,fast_gate,6,5,0.5,0.25,,2,1000,0,0.0,0.0
c06_s05_cov050_seed00000012_bw025,flip,fast_gate,6,5,0.5,0.25,,1,509,491,1.0,0.509
c06_s05_cov050_seed00000012_bw025,flip,fast_gate,6,5,0.5,0.25,,2,1000,0,0.0,0.0
c06_s05_cov050_seed00000013_bw025,flip,fast_gate,6,5,0.5,0.25,,1,481,519,1.0,0.481
c06_s05_cov050_seed00000013_bw025,flip,fast_gate,6,5,0.5,0.25,,2,1000,0,0.0,0.0
c06_s05_cov050_seed00000014_bw025,flip,fast_gate,6,5,0.5,0.25,,1,493,507,1.0,0.493
c06_s05_cov050_seed00000014_bw025,flip,fast_gate,6,5,0.5,0.25,,2,1000,0,0.0,0.0
c06_s05_cov050_seed00000015_bw025,flip,fast_gate,6,5,0.5,0.25,,1,480,520,1.0,0.48
c06_s05_cov050_seed00000015_bw025,flip,fast_gate,6,5,0.5,0.25,,2,1000,0,0.0,0.0
c06_s05_cov050_seed00000016_bw025,flip,fast_gate,6,5,0.5,0.25,,1,473,527,1.0,0.473
c06_s05_cov050_seed00000016_bw025,flip,fast_gate,6,5,0.5,0.25,,2,1000,0,0.0,0.0
c06_s05_cov050_seed00000017_bw025,flip,fast_gate,6,5,0.5,0.25,,1,498,502,1.0,0.498
c06_s05_cov050_seed00000017_bw025,flip,fast_gate,6,5,0.5,0.25,,2,1000,0,0.0,0.0
c06_s05_cov050_seed00000018_bw025,flip,fast_gate,6,5,0.5,0.25,,1,497,503,1.0,0.497
c06_s05_cov050_seed00000018_bw025,flip,fast_gate,6,5,0.5,0.25,,2,1000,0,0.0,0.0
c06_s05_cov050_seed00000019_bw025,flip,fast_gate,6,5,0.5,0.25,,1,477,523,1.0,0.477
c06_s05_cov050_seed00000019_bw025,flip,fast_gate,6,5,0.5,0.25,,2,1000,0,0.0,0.0
c06_s05_cov050_seed00000020_bw025,flip,fast_gate,6,5,0.5,0.25,,1,487,513,1.0,0.487
c06_s05_cov050_seed00000020_bw025,flip,fast_gate,6,5,0.5,0.25,,2,1000,0,0.0,0.0
c06_s05_cov050_seed00000021_bw025,flip,fast_gate,6,5,0.5,0.25,,1,504,496,1.0,0.504
c06_s05_cov050_seed00000021_bw025,flip,fast_gate,6,5,0.5,0.25,,2,1000,0,0.0,0.0
c06_s05_cov050_seed00000022_bw025,flip,fast_gate,6,5,0.5,0.25,,1,503,497,1.0,0.503
c06_s05_cov050_seed00000022_bw025,flip,fast_gate,6,5,0.5,0.25,,2,1000,0,0.0,0.0
c06_s05_cov050_seed00000023_bw025,flip,fast_gate,6,5,0.5,0.25,,1,514,486,1.0,0.514
c06_s05_cov050_seed00000023_bw025,flip,fast_gate,6,5,0.5,0.25,,2,1000,0,0.0,0.0
c06_s05_cov050_seed00000024_bw025,flip,fast_gate,6,5,0.5,0.25,,1,500,500,1.0,0.5
c06_s05_cov050_seed00000024_bw025,flip,fast_gate,6,5,0.5,0.25,,2,1000,0,0.0,0.0
c06_s05_cov050_seed00000025_bw025,flip,fast_gate,6,5,0.5,0.25,,1,494,506,1.0,0.494
c06_s05_cov050_seed00000025_bw025,flip,fast_gate,6,5,0.5,0.25,,2,1000,0,0.0,0.0
c06_s05_cov050_seed00000026_bw025,flip,fast_gate,6,5,0.5,0.25,,1,502,498,1.0,0.502
c06_s05_cov050_seed00000026_bw025,flip,fast_gate,6,5,0.5,0.25,,2,1000,0,0.0,0.0
c06_s05_cov050_seed00000027_bw025,flip,fast_gate,6,5,0.5,0.25,,1,499,501,1.0,0.499
c06_s05_cov050_seed00000027_bw025,flip,fast_gate,6,5,0.5,0.25,,2,1000,0,0.0,0.0
c06_s05_cov050_seed00000028_bw025,flip,fast_gate,6,5,0.5,0.25,,1,492,508,1.0,0.492
c06_s05_cov050_seed00000028_bw025,flip,fast_gate,6,5,0.5,0.25,,2,1000,0,0.0,0.0
c06_s05_cov050_seed00000029_bw025,flip,fast_gate,6,5,0.5,0.25,,1,521,479,1.0,0.521
c06_s05_cov050_seed00000029_bw025,flip,fast_gate,6,5,0.5,0.25,,2,1000,0,0.0,0.0
c06_s05_cov050_seed00000030_bw025,flip,fast_gate,6,5,0.5,0.25,,1,493,507,1.0,0.493
c06_s05_cov050_seed00000030_bw025,flip,fast_gate,6,5,0.5,0.25,,2,1000,0,0.0,0.0
c06_s05_cov050_seed00000031_bw025,flip,fast_gate,6,5,0.5,0.25,,1,507,493,1.0,0.507
c06_s05_cov050_seed00000031_bw025,flip,fast_gate,6,5,0.5,0.25,,2,1000,0,0.0,0.0
c06_s05_cov050_seed00000032_bw025,flip,fast_gate,6,5,0.5,0.25,,1,482,518,1.0,0.482
c06_s05_cov050_seed00000032_bw025,flip,fast_gate,6,5,0.5,0.25,,2,1000,0,0.0,0.0
c06_s05_cov050_seed00000033_bw025,flip,fast_gate,6,5,0.5,0.25,,1,519,481,1.0,0.519
c06_s05_cov050_seed00000033_bw025,flip,fast_gate,6,5,0.5,0.25,,2,1000,0,0.0,0.0
c06_s05_cov050_seed00000034_bw025,flip,fast_gate,6,5,0.5,0.25,,1,506,494,1.0,0.506
c06_s05_cov050_seed00000034_bw025,flip,fast_gate,6,5,0.5,0.25,,2,1000,0,0.0,0.0
c06_s05_cov050_seed00000035_bw025,flip,fast_gate,6,5,0.5,0.25,,1,514,486,1.0,0.514
c06_s05_cov050_seed00000035_bw025,flip,fast_gate,6,5,0.5,0.25,,2,1000,0,0.0,0.0
c06_s05_cov050_seed00000036_bw025,flip,fast_gate,6,5,0.5,0.25,,1,520,480,1.0,0.52
c06_s05_cov050_seed00000036_bw025,flip,fast_gate,6,5,0.5,0.25,,2,1000,0,0.0,0.0
c06_s05_cov050_seed00000037_bw025,flip,fast_gate,6,5,0.5,0.25,,1,503,497,1.0,0.503
c06_s05_cov050_seed00000037_bw025,flip,fast_gate,6,5,0.5,0.25,,2,1000,0,0.0,0.0
c06_s05_cov050_seed00000038_bw025,flip,fast_gate,6,5,0.5,0.25,,1,497,503,1.0,0.497
c06_s05_cov050_seed00000038_bw025,flip,fast_gate,6,5,0.5,0.25,,2,1000,0,0.0,0.0
c06_s05_cov050_seed00000039_bw025,flip,fast_gate,6,5,0.5,0.25,,1,476,524,1.0,0.476
c06_s05_cov050_seed00000039_bw025,flip,fast_gate,6,5,0.5,0.25,,2,1000,0,0.0,0.0
c06_s05_cov100_seed00000000_bw000,flip,fast_gate,6,5,1.0,0.0,,1,173,827,1.0,0.173
c06_s05_cov100_seed00000000_bw000,flip,fast_gate,6,5,1.0,0.0,,2,88,912,1.0,0.088
c06_s05_cov100_seed00000000_bw000,flip,fast_gate,6,5,1.0,0.0,,3,96,904,1.0,0.096
c06_s05_cov100_seed00000000_bw000,flip,fast_gate,6,5,1.0,0.0,,4,210,790,1.0,0.21
c06_s05_cov100_seed00000000_bw000,flip,fast_gate,6,5,1.0,0.0,,5,1000,0,0.0,0.0
c06_s05_cov100_seed00000001_bw000,flip,fast_gate,6,5,1.0,0.0,,1,197,803,1.0,0.197
c06_s05_cov100_seed00000001_bw000,flip,fast_gate,6,5,1.0,0.0,,2,76,924,1.0,0.076
c06_s05_cov100_seed00000001_bw000,flip,fast_gate,6,5,1.0,0.0,,3,106,894,1.0,0.106
c06_s05_cov100_seed00000001_bw000,flip,fast_gate,6,5,1.0,0.0,,4,226,774,1.0,0.226
c06_s05_cov100_seed00000001_bw000,flip,fast_gate,6,5,1.0,0.0,,5,1000,0,0.0,0.0
c06_s05_cov100_seed00000002_bw000,flip,fast_gate,6,5,1.0,0.0,,1,206,794,1.0,0.206
c06_s05_cov100_seed00000002_bw000,flip,fast_gate,6,5,1.0,0.0,,2,97,903,1.0,0.097
c06_s05_cov100_seed00000002_bw000,flip,fast_gate,6,5,1.0,0.0,,3,96,904,1.0,0.096
c06_s05_cov100_seed00000002_bw000,flip,fast_gate,6,5,1.0,0.0,,4,192,808,1.0,0.192
c06_s05_cov100_seed00000002_bw000,flip,fast_gate,6,5,1.0,0.0,,5,1000,0,0.0,0.0
c06_s05_cov100_seed00000003_bw000,flip,fast_gate,6,5,1.0,0.0,,1,202,798,1.0,0.202
c06_s05_cov100_seed00000003_bw000,flip,fast_gate,6,5,1.0,0.0,,2,113,887,1.0,0.113
c06_s05_cov100_seed00000003_bw000,flip,fast_gate,6,5,1.0,0.0,,3,113,887,1.0,0.113
c06_s05_cov100_seed00000003_bw000,flip,fast_gate,6,5,1.0,0.0,,4,195,805,1.0,0.195
c06_s05_cov100_seed00000003_bw000,flip,fast_gate,6,5,1.0,0.0,,5,1000,0,0.0,0.0
c06_s05_cov100_seed00000004_bw000,flip,fast_gate,6,5,1.0,0.0,,1,200,800,1.0,0.2
c06_s05_cov100_seed00000004_bw000,flip,fast_gate,6,5,1.0,0.0,,2,81,919,1.0,0.081
c06_s05_cov100_seed00000004_bw000,flip,fast_gate,6,5,1.0,0.0,,3,101,899,1.0,0.101
c06_s05_cov100_seed00000004_bw000,flip,fast_gate,6,5,1.0,0.0,,4,188,812,1.0,0.188
c06_s05_cov100_seed00000004_bw000,flip,fast_gate,6,5,1.0,0.0,,5,1000,0,0.0,0.0
c06_s05_cov100_seed00000005_bw000,flip,fast_gate,6,5,1.0,0.0,,1,200,800,1.0,0.2
c06_s05_cov100_seed00000005_bw000,flip,fast_gate,6,5,1.0,0.0,,2,101,899,1.0,0.101
c06_s05_cov100_seed00000005_bw000,flip,fast_gate,6,5,1.0,0.0,,3,102,898,1.0,0.102
c06_s05_cov100_seed00000005_bw000,flip,fast_gate,6,5,1.0,0.0,,4,195,805,1.0,0.195
c06_s05_cov100_seed00000005_bw000,flip,fast_gate,6,5,1.0,0.0,,5,1000,0,0.0,0.0
c06_s05_cov100_seed00000006_bw000,flip,fast_gate,6,5,1.0,0.0,,1,181,819,1.0,0.181
c06_s05_cov100_seed00000006_bw000,flip,fast_gate,6,5,1.0,0.0,,2,125,875,1.0,0.125
c06_s05_cov100_seed00000006_bw000,flip,fast_gate,6,5,1.0,0.0,,3,101,899,1.0,0.101
c06_s05_cov100_seed00000006_bw000,flip,fast_gate,6,5,1.0,0.0,,4,191,809,1.0,0.191
c06_s05_cov100_seed00000006_bw000,flip,fast_gate,6,5,1.0,0.0,,5,1000,0,0.0,0.0
c06_s05_cov100_seed00000007_bw000,flip,fast_gate,6,5,1.0,0.0,,1,195,805,1.0,0.195
c06_s05_cov100_seed00000007_bw000,flip,fast_gate,6,5,1.0,0.0,,2,96,904,1.0,0.096
c06_s05_cov100_seed00000007_bw000,flip,fast_gate,6,5,1.0,0.0,,3,93,907,1.0,0.093
c06_s05_cov100_seed00000007_bw000,flip,fast_gate,6,5,1.0,0.0,,4,191,809,1.0,0.191
c06_s05_cov100_seed00000007_bw000,flip,fast_gate,6,5,1.0,0.0,,5,1000,0,0.0,0.0
c06_s05_cov100_seed00000008_bw000,flip,fast_gate,6,5,1.0,0.0,,1,227,773,1.0,0.227
c06_s05_cov100_seed00000008_bw000,flip,fast_gate,6,5,1.0,0.0,,2,94,906,1.0,0.094
c06_s05_cov100_seed00000008_bw000,flip,fast_gate,6,5,1.0,0.0,,3,89,911,1.0,0.089
c06_s05_cov100_seed00000008_bw000,flip,fast_gate,6,5,1.0,0.0,,4,179,821,1.0,0.179
c06_s05_cov100_seed00000008_bw000,flip,fast_gate,6,5,1.0,0.0,,5,1000,0,0.0,0.0
c06_s05_cov100_seed00000009_bw000,flip,fast_gate,6,5,1.0,0.0,,1,205,795,1.0,0.205
c06_s05_cov100_seed00000009_bw000,flip,fast_gate,6,5,1.0,0.0,,2,109,891,1.0,0.109
c06_s05_cov100_seed00000009_bw000,flip,fast_gate,6,5,1.0,0.0,,3,107,893,1.0,0.107
c06_s05_cov100_seed00000009_bw000,flip,fast_gate,6,5,1.0,0.0,,4,196,804,1.0,0.196
c06_s05_cov100_seed00000009_bw000,flip,fast_gate,6,5,1.0,0.0,,5,1000,0,0.0,0.0
c06_s05_cov100_seed00000010_bw000,flip,fast_gate,6,5,1.0,0.0,,1,219,781,1.0,0.219
c06_s05_cov100_seed00000010_bw000,flip,fast_gate,6,5,1.0,0.0,,2,98,902,1.0,0.098
c06_s05_cov100_seed00000010_bw000,flip,fast_gate,6,5,1.0,0.0,,3,98,902,1.0,0.098
c06_s05_cov100_seed00000010_bw000,flip,fast_gate,6,5,1.0,0.0,,4,205,795,1.0,0.205
c06_s05_cov100_seed00000010_bw000,flip,fast_gate,6,5,1.0,0.0,,5,1000,0,0.0,0.0
c06_s05_cov100_seed00000011_bw000,flip,fast_gate,6,5,1.0,0.0,,1,194,806,1.0,0.194
c06_s05_cov100_seed00000011_bw000,flip,fast_gate,6,5,1.0,0.0,,2,85,915,1.0,0.085
c06_s05_cov100_seed00000011_bw000,flip,fast_gate,6,5,1.0,0.0,,3,97,903,1.0,0.097
c06_s05_cov100_seed00000011_bw000,flip,fast_gate,6,5,1.0,0.0,,4,207,793,1.0,0.207
c06_s05_cov100_seed00000011_bw000,flip,fast_gate,6,5,1.0,0.0,,5,1000,0,0.0,0.0
c06_s05_cov100_seed00000012_bw000,flip,fast_gate,6,5,1.0,0.0,,1,183,817,1.0,0.183
c06_s05_cov100_seed00000012_bw000,flip,fast_gate,6,5,1.0,0.0,,2,112,888,1.0,0.112
c06_s05_cov100_seed00000012_bw000,flip,fast_gate,6,5,1.0,0.0,,3,119,881,1.0,0.119
c06_s05_cov100_seed00000012_bw000,flip,fast_gate,6,5,1.0,0.0,,4,194,806,1.0,0.194
c06_s05_cov100_seed00000012_bw000,flip,fast_gate,6,5,1.0,0.0,,5,1000,0,0.0,0.0
c06_s05_cov100_seed00000013_bw000,flip,fast_gate,6,5,1.0,0.0,,1,198,802,1.0,0.198
c06_s05_cov100_seed00000013_bw000,flip,fast_gate,6,5,1.0,0.0,,2,92,908,1.0,0.092
c06_s05_cov100_seed00000013_bw000,flip,fast_gate,6,5,1.0,0.0,,3,99,901,1.0,0.099
c06_s05_cov100_seed00000013_bw000,flip,fast_gate,6,5,1.0,0.0,,4,191,809,1.0,0.191
c06_s05_cov100_seed00000013_bw000,flip,fast_gate,6,5,1.0,0.0,,5,1000,0,0.0,0.0
c06_s05_cov100_seed00000014_bw000,flip,fast_gate,6,5,1.0,0.0,,1,218,782,1.0,0.218
c06_s05_cov100_seed00000014_bw000,flip,fast_gate,6,5,1.0,0.0,,2,87,913,1.0,0.087
c06_s05_cov100_seed00000014_bw000,flip,fast_gate,6,5,1.0,0.0,,3,115,885,1.0,0.115
c06_s05_cov100_seed00000014_bw000,flip,fast_gate,6,5,1.0,0.0,,4,189,811,1.0,0.189
c06_s05_cov100_seed00000014_bw000,flip,fast_gate,6,5,1.0,0.0,,5,1000,0,0.0,0.0
c06_s05_cov100_seed00000015_bw000,flip,fast_gate,6,5,1.0,0.0,,1,199,801,1.0,0.199
c06_s05_cov100_seed00000015_bw000,flip,fast_gate,6,5,1.0,0.0,,2,93,907,1.0,0.093
c06_s05_cov100_seed00000015_bw000,flip,fast_gate,6,5,1.0,0.0,,3,95,905,1.0,0.095
c06_s05_cov100_seed00000015_bw000,flip,fast_gate,6,5,1.0,0.0,,4,189,811,1.0,0.189
c06_s05_cov100_seed00000015_bw000,flip,fast_gate,6,5,1.0,0.0,,5,1000,0,0.0,0.0
c06_s05_cov100_seed00000016_bw000,flip,fast_gate,6,5,1.0,0.0,,1,182,818,1.0,0.182
c06_s05_cov100_seed00000016_bw000,flip,fast_gate,6,5,1.0,0.0,,2,99,901,1.0,0.099
c06_s05_cov100_seed00000016_bw000,flip,fast_gate,6,5,1.0,0.0,,3,112,888,1.0,0.112
c06_s05_cov100_seed00000016_bw000,flip,fast_gate,6,5,1.0,0.0,,4,214,786,1.0,0.214
c06_s05_cov100_seed00000016_bw000,flip,fast_gate,6,5,1.0,0.0,,5,1000,0,0.0,0.0
c06_s05_cov100_seed00000017_bw000,flip,fast_gate,6,5,1.0,0.0,,1,199,801,1.0,0.199
c06_s05_cov100_seed00000017_bw000,flip,fast_gate,6,5,1.0,0.0,,2,94,906,1.0,0.094
c06_s05_cov100_seed00000017_bw000,flip,fast_gate,6,5,1.0,0.0,,3,99,901,1.0,0.099
c06_s05_cov100_seed00000017_bw000,flip,fast_gate,6,5,1.0,0.0,,4,200,800,1.0,0.2
c06_s05_cov100_seed00000017_bw000,flip,fast_gate,6,5,1.0,0.0,,5,1000,0,0.0,0.0
c06_s05_cov100_seed00000018_bw000,flip,fast_gate,6,5,1.0,0.0,,1,196,804,1.0,0.196
c06_s05_cov100_seed00000018_bw000,flip,fast_gate,6,5,1.0,0.0,,2,112,888,1.0,0.112
c06_s05_cov100_seed00000018_bw000,flip,fast_gate,6,5,1.0,0.0,,3,107,893,1.0,0.107
c06_s05_cov100_seed00000018_bw000,flip,fast_gate,6,5,1.0,0.0,,4,215,785,1.0,0.215
c06_s05_cov100_seed00000018_bw000,flip,fast_gate,6,5,1.0,0.0,,5,1000,0,0.0,0.0
c06_s05_cov100_seed00000019_bw000,flip,fast_gate,6,5,1.0,0.0,,1,191,809,1.0,0.191
c06_s05_cov100_seed00000019_bw000,flip,fast_gate,6,5,1.0,0.0,,2,125,875,1.0,0.125
c06_s05_cov100_seed00000019_bw000,flip,fast_gate,6,5,1.0,0.0,,3,79,921,1.0,0.079
c06_s05_cov100_seed00000019_bw000,flip,fast_gate,6,5,1.0,0.0,,4,186,814,1.0,0.186
c06_s05_cov100_seed00000019_bw000,flip,fast_gate,6,5,1.0,0.0,,5,1000,0,0.0,0.0
c06_s05_cov100_seed00000020_bw000,flip,fast_gate,6,5,1.0,0.0,,1,212,788,1.0,0.212
c06_s05_cov100_seed00000020_bw000,flip,fast_gate,6,5,1.0,0.0,,2,102,898,1.0,0.102
c06_s05_cov100_seed00000020_bw000,flip,fast_gate,6,5,1.0,0.0,,3,79,921,1.0,0.079
c06_s05_cov100_seed00000020_bw000,flip,fast_gate,6,5,1.0,0.0,,4,204,796,1.0,0.204
c06_s05_cov100_seed00000020_bw000,flip,fast_gate,6,5,1.0,0.0,,5,1000,0,0.0,0.0
c06_s05_cov100_seed00000021_bw000,flip,fast_gate,6,5,1.0,0.0,,1,194,806,1.0,0.194
c06_s05_cov100_seed00000021_bw000,flip,fast_gate,6,5,1.0,0.0,,2,107,893,1.0,0.107
c06_s05_cov100_seed00000021_bw000,flip,fast_gate,6,5,1.0,0.0,,3,99,901,1.0,0.099
c06_s05_cov100_seed00000021_bw000,flip,fast_gate,6,5,1.0,0.0,,4,196,804,1.0,0.196
c06_s05_cov100_seed00000021_bw000,flip,fast_gate,6,5,1.0,0.0,,5,1000,0,0.0,0.0
c06_s05_cov100_seed00000022_bw000,flip,fast_gate,6,5,1.0,0.0,,1,200,800,1.0,0.2
c06_s05_cov100_seed00000022_bw000,flip,fast_gate,6,5,1.0,0.0,,2,102,898,1.0,0.102
c06_s05_cov100_seed00000022_bw000,flip,fast_gate,6,5,1.0,0.0,,3,89,911,1.0,0.089
c06_s05_cov100_seed00000022_bw000,flip,fast_gate,6,5,1.0,0.0,,4,186,814,1.0,0.186
c06_s05_cov100_seed00000022_bw000,flip,fast_gate,6,5,1.0,0.0,,5,1000,0,0.0,0.0
c06_s05_cov100_seed00000023_bw000,flip,fast_gate,6,5,1.0,0.0,,1,215,785,1.0,0.215
c06_s05_cov100_seed00000023_bw000,flip,fast_gate,6,5,1.0,0.0,,2,97,903,1.0,0.097
c06_s05_cov100_seed00000023_bw000,flip,fast_gate,6,5,1.0,0.0,,3,109,891,1.0,0.109
c06_s05_cov100_seed00000023_bw000,flip,fast_gate,6,5,1.0,0.0,,4,202,798,1.0,0.202
c06_s05_cov100_seed00000023_bw000,flip,fast_gate,6,5,1.0,0.0,,5,1000,0,0.0,0.0
c06_s05_cov100_seed00000024_bw000,flip,fast_gate,6,5,1.0,0.0,,1,208,792,1.0,0.208
c06_s05_cov100_seed00000024_bw000,flip,fast_gate,6,5,1.0,0.0,,2,101,899,1.0,0.101
c06_s05_cov100_seed00000024_bw000,flip,fast_gate,6,5,1.0,0.0,,3,98,902,1.0,0.098
c06_s05_cov100_seed00000024_bw000,flip,fast_gate,6,5,1.0,0.0,,4,202,798,1.0,0.202
c06_s05_cov100_seed00000024_bw000,flip,fast_gate,6,5,1.0,0.0,,5,1000,0,0.0,0.0
c06_s05_cov100_seed00000025_bw000,flip,fast_gate,6,5,1.0,0.0,,1,180,820,1.0,0.18
c06_s05_cov100_seed00000025_bw000,flip,fast_gate,6,5,1.0,0.0,,2,95,905,1.0,0.095
c06_s05_cov100_seed00000025_bw000,flip,fast_gate,6,5,1.0,0.0,,3,94,906,1.0,0.094
c06_s05_cov100_seed00000025_bw000,flip,fast_gate,6,5,1.0,0.0,,4,212,788,1.0,0.212
c06_s05_cov100_seed00000025_bw000,flip,fast_gate,6,5,1.0,0.0,,5,1000,0,0.0,0.0
c06_s05_cov100_seed00000026_bw000,flip,fast_gate,6,5,1.0,0.0,,1,190,810,1.0,0.19
c06_s05_cov100_seed00000026_bw000,flip,fast_gate,6,5,1.0,0.0,,2,105,895,1.0,0.105
c06_s05_cov100_seed00000026_bw000,flip,fast_gate,6,5,1.0,0.0,,3,104,896,1.0,0.104
c06_s05_cov100_seed00000026_bw000,flip,fast_gate,6,5,1.0,0.0,,4,220,780,1.0,0.22
c06_s05_cov100_seed00000026_bw000,flip,fast_gate,6,5,1.0,0.0,,5,1000,0,0.0,0.0
c06_s05_cov100_seed00000027_bw000,flip,fast_gate,6,5,1.0,0.0,,1,180,820,1.0,0.18
c06_s05_cov100_seed00000027_bw000,flip,fast_gate,6,5,1.0,0.0,,2,105,895,1.0,0.105
c06_s05_cov100_seed00000027_bw000,flip,fast_gate,6,5,1.0,0.0,,3,99,901,1.0,0.099
c06_s05_cov100_seed00000027_bw000,flip,fast_gate,6,5,1.0,0.0,,4,182,818,1.0,0.182
c06_s05_cov100_seed00000027_bw000,flip,fast_gate,6,5,1.0,0.0,,5,1000,0,0.0,0.0
c06_s05_cov100_seed00000028_bw000,flip,fast_gate,6,5,1.0,0.0,,1,211,789,1.0,0.211
c06_s05_cov100_seed00000028_bw000,flip,fast_gate,6,5,1.0,0.0,,2,90,910,1.0,0.09
c06_s05_cov100_seed00000028_bw000,flip,fast_gate,6,5,1.0,0.0,,3,97,903,1.0,0.097
c06_s05_cov100_seed00000028_bw000,flip,fast_gate,6,5,1.0,0.0,,4,195,805,1.0,0.195
c06_s05_cov100_seed00000028_bw000,flip,fast_gate,6,5,1.0,0.0,,5,1000,0,0.0,0.0
c06_s05_cov100_seed00000029_bw000,flip,fast_gate,6,5,1.0,0.0,,1,196,804,1.0,0.196
c06_s05_cov100_seed00000029_bw000,flip,fast_gate,6,5,1.0,0.0,,2,99,901,1.0,0.099
c06_s05_cov100_seed00000029_bw000,flip,fast_gate,6,5,1.0,0.0,,3,82,918,1.0,0.082
c06_s05_cov100_seed00000029_bw000,flip,fast_gate,6,5,1.0,0.0,,4,206,794,1.0,0.206
c06_s05_cov100_seed00000029_bw000,flip,fast_gate,6,5,1.0,0.0,,5,1000,0,0.0,0.0
c06_s05_cov100_seed00000030_bw000,flip,fast_gate,6,5,1.0,0.0,,1,182,818,1.0,0.182
c06_s05_cov100_seed00000030_bw000,flip,fast_gate,6,5,1.0,0.0,,2,109,891,1.0,0.109
c06_s05_cov100_seed00000030_bw000,flip,fast_gate,6,5,1.0,0.0,,3,103,897,1.0,0.103
c06_s05_cov100_seed00000030_bw000,flip,fast_gate,6,5,1.0,0.0,,4,198,802,1.0,0.198
c06_s05_cov100_seed00000030_bw000,flip,fast_gate,6,5,1.0,0.0,,5,1000,0,0.0,0.0
c06_s05_cov100_seed00000031_bw000,flip,fast_gate,6,5,1.0,0.0,,1,207,793,1.0,0.207
c06_s05_cov100_seed00000031_bw000,flip,fast_gate,6,5,1.0,0.0,,2,100,900,1.0,0.1
c06_s05_cov100_seed00000031_bw000,flip,fast_gate,6,5,1.0,0.0,,3,98,902,1.0,0.098
c06_s05_cov100_seed00000031_bw000,flip,fast_gate,6,5,1.0,0.0,,4,195,805,1.0,0.195
c06_s05_cov100_seed00000031_bw000,flip,fast_gate,6,5,1.0,0.0,,5,1000,0,0.0,0.0
c06_s05_cov100_seed00000032_bw000,flip,fast_gate,6,5,1.0,0.0,,1,170,830,1.0,0.17
c06_s05_cov100_seed00000032_bw000,flip,fast_gate,6,5,1.0,0.0,,2,110,890,1.0,0.11
c06_s05_cov100_seed00000032_bw000,flip,fast_gate,6,5,1.0,0.0,,3,105,895,1.0,0.105
c06_s05_cov100_seed00000032_bw000,flip,fast_gate,6,5,1.0,0.0,,4,204,796,1.0,0.204
c06_s05_cov100_seed00000032_bw000,flip,fast_gate,6,5,1.0,0.0,,5,1000,0,0.0,0.0
c06_s05_cov100_seed00000033_bw000,flip,fast_gate,6,5,1.0,0.0,,1,203,797,1.0,0.203
c06_s05_cov100_seed00000033_bw000,flip,fast_gate,6,5,1.0,0.0,,2,98,902,1.0,0.098
c06_s05_cov100_seed00000033_bw000,flip,fast_gate,6,5,1.0,0.0,,3,97,903,1.0,0.097
c06_s05_cov100_seed00000033_bw000,flip,fast_gate,6,5,1.0,0.0,,4,204,796,1.0,0.204
c06_s05_cov100_seed00000033_bw000,flip,fast_gate,6,5,1.0,0.0,,5,1000,0,0.0,0.0
c06_s05_cov100_seed00000034_bw000,flip,fast_gate,6,5,1.0,0.0,,1,208,792,1.0,0.208
c06_s05_cov100_seed00000034_bw000,flip,fast_gate,6,5,1.0,0.0,,2,100,900,1.0,0.1
c06_s05_cov100_seed00000034_bw000,flip,fast_gate,6,5,1.0,0.0,,3,101,899,1.0,0.101
c06_s05_cov100_seed00000034_bw000,flip,fast_gate,6,5,1.0,0.0,,4,201,799,1.0,0.201
c06_s05_cov100_seed00000034_bw000,flip,fast_gate,6,5,1.0,0.0,,5,1000,0,0.0,0.0
c06_s05_cov100_seed00000035_bw000,flip,fast_gate,6,5,1.0,0.0,,1,195,805,1.0,0.195
c06_s05_cov100_seed00000035_bw000,flip,fast_gate,6,5,1.0,0.0,,2,117,883,1.0,0.117
c06_s05_cov100_seed00000035_bw000,flip,fast_gate,6,5,1.0,0.0,,3,108,892,1.0,0.108
c06_s05_cov100_seed00000035_bw000,flip,fast_gate,6,5,1.0,0.0,,4,216,784,1.0,0.216
c06_s05_cov100_seed00000035_bw000,flip,fast_gate,6,5,1.0,0.0,,5,1000,0,0.0,0.0
c06_s05_cov100_seed00000036_bw000,flip,fast_gate,6,5,1.0,0.0,,1,201,799,1.0,0.201
c06_s05_cov100_seed00000036_bw000,flip,fast_gate,6,5,1.0,0.0,,2,100,900,1.0,0.1
c06_s05_cov100_seed00000036_bw000,flip,fast_gate,6,5,1.0,0.0,,3,95,905,1.0,0.095
c06_s05_cov100_seed00000036_bw000,flip,fast_gate,6,5,1.0,0.0,,4,213,787,1.0,0.213
c06_s05_cov100_seed00000036_bw000,flip,fast_gate,6,5,1.0,0.0,,5,1000,0,0.0,0.0
c06_s05_cov100_seed00000037_bw000,flip,fast_gate,6,5,1.0,0.0,,1,179,821,1.0,0.179
c06_s05_cov100_seed00000037_bw000,flip,fast_gate,6,5,1.0,0.0,,2,110,890,1.0,0.11
c06_s05_cov100_seed00000037_bw000,flip,fast_gate,6,5,1.0,0.0,,3,88,912,1.0,0.088
c06_s05_cov100_seed00000037_bw000,flip,fast_gate,6,5,1.0,0.0,,4,189,811,1.0,0.189
c06_s05_cov100_seed00000037_bw000,flip,fast_gate,6,5,1.0,0.0,,5,1000,0,0.0,0.0
c06_s05_cov100_seed00000038_bw000,flip,fast_gate,6,5,1.0,0.0,,1,205,795,1.0,0.205
c06_s05_cov100_seed00000038_bw000,flip,fast_gate,6,5,1.0,0.0,,2,108,892,1.0,0.108
c06_s05_cov100_seed00000038_bw000,flip,fast_gate,6,5,1.0,0.0,,3,100,900,1.0,0.1
c06_s05_cov100_seed00000038_bw000,flip,fast_gate,6,5,1.0,0.0,,4,189,811,1.0,0.189
c06_s05_cov100_seed00000038_bw000,flip,fast_gate,6,5,1.0,0.0,,5,1000,0,0.0,0.0
c06_s05_cov100_seed00000039_bw000,flip,fast_gate,6,5,1.0,0.0,,1,206,794,1.0,0.206
c06_s05_cov100_seed00000039_bw000,flip,fast_gate,6,5,1.0,0.0,,2,119,881,1.0,0.119
c06_s05_cov100_seed00000039_bw000,flip,fast_gate,6,5,1.0,0.0,,3,110,890,1.0,0.11
c06_s05_cov100_seed00000039_bw000,flip,fast_gate,6,5,1.0,0.0,,4,202,798,1.0,0.202
c06_s05_cov100_seed00000039_bw000,flip,fast_gate,6,5,1.0,0.0,,5,1000,0,0.0,0.0
c06_s05_cov100_seed00000000_bw010,flip,fast_gate,6,5,1.0,0.1,,1,203,797,1.0,0.203
c06_s05_cov100_seed00000000_bw010,flip,fast_gate,6,5,1.0,0.1,,2,92,908,1.0,0.092
c06_s05_cov100_seed00000000_bw010,flip,fast_gate,6,5,1.0,0.1,,3,108,892,1.0,0.108
c06_s05_cov100_seed00000000_bw010,flip,fast_gate,6,5,1.0,0.1,,4,177,823,1.0,0.177
c06_s05_cov100_seed00000000_bw010,flip,fast_gate,6,5,1.0,0.1,,5,1000,0,0.0,0.0
c06_s05_cov100_seed00000001_bw010,flip,fast_gate,6,5,1.0,0.1,,1,193,807,1.0,0.193
c06_s05_cov100_seed00000001_bw010,flip,fast_gate,6,5,1.0,0.1,,2,93,907,1.0,0.093
c06_s05_cov100_seed00000001_bw010,flip,fast_gate,6,5,1.0,0.1,,3,97,903,1.0,0.097
c06_s05_cov100_seed00000001_bw010,flip,fast_gate,6,5,1.0,0.1,,4,192,808,1.0,0.192
c06_s05_cov100_seed00000001_bw010,flip,fast_gate,6,5,1.0,0.1,,5,1000,0,0.0,0.0
c06_s05_cov100_seed00000002_bw010,flip,fast_gate,6,5,1.0,0.1,,1,242,758,1.0,0.242
c06_s05_cov100_seed00000002_bw010,flip,fast_gate,6,5,1.0,0.1,,2,95,905,1.0,0.095
c06_s05_cov100_seed00000002_bw010,flip,fast_gate,6,5,1.0,0.1,,3,89,911,1.0,0.089
c06_s05_cov100_seed00000002_bw010,flip,fast_gate,6,5,1.0,0.1,,4,199,801,1.0,0.199
c06_s05_cov100_seed00000002_bw010,flip,fast_gate,6,5,1.0,0.1,,5,1000,0,0.0,0.0
c06_s05_cov100_seed00000003_bw010,flip,fast_gate,6,5,1.0,0.1,,1,206,794,1.0,0.206
c06_s05_cov100_seed00000003_bw010,flip,fast_gate,6,5,1.0,0.1,,2,94,906,1.0,0.094
c06_s05_cov100_seed00000003_bw010,flip,fast_gate,6,5,1.0,0.1,,3,105,895,1.0,0.105
c06_s05_cov100_seed00000003_bw010,flip,fast_gate,6,5,1.0,0.1,,4,204,796,1.0,0.204
c06_s05_cov100_seed00000003_bw010,flip,fast_gate,6,5,1.0,0.1,,5,1000,0,0.0,0.0
c06_s05_cov100_seed00000004_bw010,flip,fast_gate,6,5,1.0,0.1,,1,180,820,1.0,0.18
c06_s05_cov100_seed00000004_bw010,flip,fast_gate,6,5,1.0,0.1,,2,98,902,1.0,0.098
c06_s05_cov100_seed00000004_bw010,flip,fast_gate,6,5,1.0,0.1,,3,89,911,1.0,0.089
c06_s05_cov100_seed00000004_bw010,flip,fast_gate,6,5,1.0,0.1,,4,198,802,1.0,0.198
c06_s05_cov100_seed00000004_bw010,flip,fast_gate,6,5,1.0,0.1,,5,1000,0,0.0,0.0
c06_s05_cov100_seed00000005_bw010,flip,fast_gate,6,5,1.0,0.1,,1,222,778,1.0,0.222
c06_s05_cov100_seed00000005_bw010,flip,fast_gate,6,5,1.0,0.1,,2,97,903,1.0,0.097
c06_s05_cov100_seed00000005_bw010,flip,fast_gate,6,5,1.0,0.1,,3,109,891,1.0,0.109
c06_s05_cov100_seed00000005_bw010,flip,fast_gate,6,5,1.0,0.1,,4,202,798,1.0,0.202
c06_s05_cov100_seed00000005_bw010,flip,fast_gate,6,5,1.0,0.1,,5,1000,0,0.0,0.0
c06_s05_cov100_seed00000006_bw010,flip,fast_gate,6,5,1.0,0.1,,1,206,794,1.0,0.206
c06_s05_cov100_seed00000006_bw010,flip,fast_gate,6,5,1.0,0.1,,2,98,902,1.0,0.098
c06_s05_cov100_seed00000006_bw010,flip,fast_gate,6,5,1.0,0.1,,3,108,892,1.0,0.108
c06_s05_cov100_seed00000006_bw010,flip,fast_gate,6,5,1.0,0.1,,4,200,800,1.0,0.2
c06_s05_cov100_seed00000006_bw010,flip,fast_gate,6,5,1.0,0.1,,5,1000,0,0.0,0.0
c06_s05_cov100_seed00000007_bw010,flip,fast_gate,6,5,1.0,0.1,,1,211,789,1.0,0.211
c06_s05_cov100_seed00000007_bw010,flip,fast_gate,6,5,1.0,0.1,,2,87,913,1.0,0.087
c06_s05_cov100_seed00000007_bw010,flip,fast_gate,6,5,1.0,0.1,,3,102,898,1.0,0.102
c06_s05_cov100_seed00000007_bw010,flip,fast_gate,6,5,1.0,0.1,,4,215,785,1.0,0.215
c06_s05_cov100_seed00000007_bw010,flip,fast_gate,6,5,1.0,0.1,,5,1000,0,0.0,0.0
c06_s05_cov100_seed00000008_bw010,flip,fast_gate,6,5,1.0,0.1,,1,220,780,1.0,0.22
c06_s05_cov100_seed00000008_bw010,flip,fast_gate,6,5,1.0,0.1,,2,108,892,1.0,0.108
c06_s05_cov100_seed00000008_bw010,flip,fast_gate,6,5,1.0,0.1,,3,115,885,1.0,0.115
c06_s05_cov100_seed00000008_bw010,flip,fast_gate,6,5,1.0,0.1,,4,214,786,1.0,0.214
c06_s05_cov100_seed00000008_bw010,flip,fast_gate,6,5,1.0,0.1,,5,1000,0,0.0,0.0
c06_s05_cov100_seed00000009_bw010,flip,fast_gate,6,5,1.0,0.1,,1,198,802,1.0,0.198
c06_s05_cov100_seed00000009_bw010,flip,fast_gate,6,5,1.0,0.1,,2,114,886,1.0,0.114
c06_s05_cov100_seed00000009_bw010,flip,fast_gate,6,5,1.0,0.1,,3,100,900,1.0,0.1
c06_s05_cov100_seed00000009_bw010,flip,fast_gate,6,5,1.0,0.1,,4,196,804,1.0,0.196
c06_s05_cov100_seed00000009_bw010,flip,fast_gate,6,5,1.0,0.1,,5,1000,0,0.0,0.0
c06_s05_cov100_seed00000010_bw010,flip,fast_gate,6,5,1.0,0.1,,1,188,812,1.0,0.188
c06_s05_cov100_seed00000010_bw010,flip,fast_gate,6,5,1.0,0.1,,2,97,903,1.0,0.097
c06_s05_cov100_seed00000010_bw010,flip,fast_gate,6,5,1.0,0.1,,3,88,912,1.0,0.088
c06_s05_cov100_seed00000010_bw010,flip,fast_gate,6,5,1.0,0.1,,4,203,797,1.0,0.203
c06_s05_cov100_seed00000010_bw010,flip,fast_gate,6,5,1.0,0.1,,5,1000,0,0.0,0.0
c06_s05_cov100_seed00000011_bw010,flip,fast_gate,6,5,1.0,0.1,,1,229,771,1.0,0.229
c06_s05_cov100_seed00000011_bw010,flip,fast_gate,6,5,1.0,0.1,,2,110,890,1.0,0.11
c06_s05_cov100_seed00000011_bw010,flip,fast_gate,6,5,1.0,0.1,,3,76,924,1.0,0.076
c06_s05_cov100_seed00000011_bw010,flip,fast_gate,6,5,1.0,0.1,,4,219,781,1.0,0.219
c06_s05_cov100_seed00000011_bw010,flip,fast_gate,6,5,1.0,0.1,,5,1000,0,0.0,0.0
c06_s05_cov100_seed00000012_bw010,flip,fast_gate,6,5,1.0,0.1,,1,188,812,1.0,0.188
c06_s05_cov100_seed00000012_bw010,flip,fast_gate,6,5,1.0,0.1,,2,96,904,1.0,0.096
c06_s05_cov100_seed00000012_bw010,flip,fast_gate,6,5,1.0,0.1,,3,99,901,1.0,0.099
c06_s05_cov100_seed00000012_bw010,flip,fast_gate,6,5,1.0,0.1,,4,193,807,1.0,0.193
c06_s05_cov100_seed00000012_bw010,flip,fast_gate,6,5,1.0,0.1,,5,1000,0,0.0,0.0
c06_s05_cov100_seed00000013_bw010,flip,fast_gate,6,5,1.0,0.1,,1,215,785,1.0,0.215
c06_s05_cov100_seed00000013_bw010,flip,fast_gate,6,5,1.0,0.1,,2,105,895,1.0,0.105
c06_s05_cov100_seed00000013_bw010,flip,fast_gate,6,5,1.0,0.1,,3,112,888,1.0,0.112
c06_s05_cov100_seed00000013_bw010,flip,fast_gate,6,5,1.0,0.1,,4,196,804,1.0,0.196
c06_s05_cov100_seed00000013_bw010,flip,fast_gate,6,5,1.0,0.1,,5,1000,0,0.0,0.0
c06_s05_cov100_seed00000014_bw010,flip,fast_gate,6,5,1.0,0.1,,1,174,826,1.0,0.174
c06_s05_cov100_seed00000014_bw010,flip,fast_gate,6,5,1.0,0.1,,2,100,900,1.0,0.1
c06_s05_cov100_seed00000014_bw010,flip,fast_gate,6,5,1.0,0.1,,3,110,890,1.0,0.11
c06_s05_cov100_seed00000014_bw010,flip,fast_gate,6,5,1.0,0.1,,4,170,830,1.0,0.17
c06_s05_cov100_seed00000014_bw010,flip,fast_gate,6,5,1.0,0.1,,5,1000,0,0.0,0.0
c06_s05_cov100_seed00000015_bw010,flip,fast_gate,6,5,1.0,0.1,,1,188,812,1.0,0.188
c06_s05_cov100_seed00000015_bw010,flip,fast_gate,6,5,1.0,0.1,,2,92,908,1.0,0.092
c06_s05_cov100_seed00000015_bw010,flip,fast_gate,6,5,1.0,0.1,,3,89,911,1.0,0.089
c06_s05_cov100_seed00000015_bw010,flip,fast_gate,6,5,1.0,0.1,,4,205,795,1.0,0.205
c06_s05_cov100_seed00000015_bw010,flip,fast_gate,6,5,1.0,0.1,,5,1000,0,0.0,0.0
c06_s05_cov100_seed00000016_bw010,flip,fast_gate,6,5,1.0,0.1,,1,184,816,1.0,0.184
c06_s05_cov100_seed00000016_bw010,flip,fast_gate,6,5,1.0,0.1,,2,101,899,1.0,0.101
c06_s05_cov100_seed00000016_bw010,flip,fast_gate,6,5,1.0,0.1,,3,104,896,1.0,0.104
c06_s05_cov100_seed00000016_bw010,flip,fast_gate,6,5,1.0,0.1,,4,202,798,1.0,0.202
c06_s05_cov100_seed00000016_bw010,flip,fast_gate,6,5,1.0,0.1,,5,1000,0,0.0,0.0
c06_s05_cov100_seed00000017_bw010,flip,fast_gate,6,5,1.0,0.1,,1,192,808,1.0,0.192
c06_s05_cov100_seed00000017_bw010,flip,fast_gate,6,5,1.0,0.1,,2,112,888,1.0,0.112
c06_s05_cov100_seed00000017_bw010,flip,fast_gate,6,5,1.0,0.1,,3,99,901,1.0,0.099
c06_s05_cov100_seed00000017_bw010,flip,fast_gate,6,5,1.0,0.1,,4,193,807,1.0,0.193
c06_s05_cov100_seed00000017_bw010,flip,fast_gate,6,5,1.0,0.1,,5,1000,0,0.0,0.0
c06_s05_cov100_seed00000018_bw010,flip,fast_gate,6,5,1.0,0.1,,1,217,783,1.0,0.217
c06_s05_cov100_seed00000018_bw010,flip,fast_gate,6,5,1.0,0.1,,2,111,889,1.0,0.111
c06_s05_cov100_seed00000018_bw010,flip,fast_gate,6,5,1.0,0.1,,3,107,893,1.0,0.107
c06_s05_cov100_seed00000018_bw010,flip,fast_gate,6,5,1.0,0.1,,4,213,787,1.0,0.213
c06_s05_cov100_seed00000018_bw010,flip,fast_gate,6,5,1.0,0.1,,5,1000,0,0.0,0.0
c06_s05_cov100_seed00000019_bw010,flip,fast_gate,6,5,1.0,0.1,,1,214,786,1.0,0.214
c06_s05_cov100_seed00000019_bw010,flip,fast_gate,6,5,1.0,0.1,,2,104,896,1.0,0.104
c06_s05_cov100_seed00000019_bw010,flip,fast_gate,6,5,1.0,0.1,,3,84,916,1.0,0.084
c06_s05_cov100_seed00000019_bw010,flip,fast_gate,6,5,1.0,0.1,,4,208,792,1.0,0.208
c06_s05_cov100_seed00000019_bw010,flip,fast_gate,6,5,1.0,0.1,,5,1000,0,0.0,0.0
c06_s05_cov100_seed00000020_bw010,flip,fast_gate,6,5,1.0,0.1,,1,199,801,1.0,0.199
c06_s05_cov100_seed00000020_bw010,flip,fast_gate,6,5,1.0,0.1,,2,105,895,1.0,0.105
c06_s05_cov100_seed00000020_bw010,flip,fast_gate,6,5,1.0,0.1,,3,88,912,1.0,0.088
c06_s05_cov100_seed00000020_bw010,flip,fast_gate,6,5,1.0,0.1,,4,212,788,1.0,0.212
c06_s05_cov100_seed00000020_bw010,flip,fast_gate,6,5,1.0,0.1,,5,1000,0,0.0,0.0
c06_s05_cov100_seed00000021_bw010,flip,fast_gate,6,5,1.0,0.1,,1,207,793,1.0,0.207
c06_s05_cov100_seed00000021_bw010,flip,fast_gate,6,5,1.0,0.1,,2,93,907,1.0,0.093
c06_s05_cov100_seed00000021_bw010,flip,fast_gate,6,5,1.0,0.1,,3,115,885,1.0,0.115
c06_s05_cov100_seed00000021_bw010,flip,fast_gate,6,5,1.0,0.1,,4,196,804,1.0,0.196
c06_s05_cov100_seed00000021_bw010,flip,fast_gate,6,5,1.0,0.1,,5,1000,0,0.0,0.0
c06_s05_cov100_seed00000022_bw010,flip,fast_gate,6,5,1.0,0.1,,1,202,798,1.0,0.202
c06_s05_cov100_seed00000022_bw010,flip,fast_gate,6,5,1.0,0.1,,2,94,906,1.0,0.094
c06_s05_cov100_seed00000022_bw010,flip,fast_gate,6,5,1.0,0.1,,3,95,905,1.0,0.095
c06_s05_cov100_seed00000022_bw010,flip,fast_gate,6,5,1.0,0.1,,4,200,800,1.0,0.2
c06_s05_cov100_seed00000022_bw010,flip,fast_gate,6,5,1.0,0.1,,5,1000,0,0.0,0.0
c06_s05_cov100_seed00000023_bw010,flip,fast_gate,6,5,1.0,0.1,,1,212,788,1.0,0.212
c06_s05_cov100_seed00000023_bw010,flip,fast_gate,6,5,1.0,0.1,,2,93,907,1.0,0.093
c06_s05_cov100_seed00000023_bw010,flip,fast_gate,6,5,1.0,0.1,,3,108,892,1.0,0.108
c06_s05_cov100_seed00000023_bw010,flip,fast_gate,6,5,1.0,0.1,,4,199,801,1.0,0.199
c06_s05_cov100_seed00000023_bw010,flip,fast_gate,6,5,1.0,0.1,,5,1000,0,0.0,0.0
c06_s05_cov100_seed00000024_bw010,flip,fast_gate,6,5,1.0,0.1,,1,200,800,1.0,0.2
c06_s05_cov100_seed00000024_bw010,flip,fast_gate,6,5,1.0,0.1,,2,104,896,1.0,0.104
c06_s05_cov100_seed00000024_bw010,flip,fast_gate,6,5,1.0,0.1,,3,121,879,1.0,0.121
c06_s05_cov100_seed00000024_bw010,flip,fast_gate,6,5,1.0,0.1,,4,194,806,1.0,0.194
c06_s05_cov100_seed00000024_bw010,flip,fast_gate,6,5,1.0,0.1,,5,1000,0,0.0,0.0
c06_s05_cov100_seed00000025_bw010,flip,fast_gate,6,5,1.0,0.1,,1,190,810,1.0,0.19
c06_s05_cov100_seed00000025_bw010,flip,fast_gate,6,5,1.0,0.1,,2,114,886,1.0,0.114
c06_s05_cov100_seed00000025_bw010,flip,fast_gate,6,5,1.0,0.1,,3,88,912,1.0,0.088
c06_s05_cov100_seed00000025_bw010,flip,fast_gate,6,5,1.0,0.1,,4,175,825,1.0,0.175
c06_s05_cov100_seed00000025_bw010,flip,fast_gate,6,5,1.0,0.1,,5,1000,0,0.0,0.0
c06_s05_cov100_seed00000026_bw010,flip,fast_gate,6,5,1.0,0.1,,1,198,802,1.0,0.198
c06_s05_cov100_seed00000026_bw010,flip,fast_gate,6,5,1.0,0.1,,2,98,902,1.0,0.098
c06_s05_cov100_seed00000026_bw010,flip,fast_gate,6,5,1.0,0.1,,3,108,892,1.0,0.108
c06_s05_cov100_seed00000026_bw010,flip,fast_gate,6,5,1.0,0.1,,4,196,804,1.0,0.196
c06_s05_cov100_seed00000026_bw010,flip,fast_gate,6,5,1.0,0.1,,5,1000,0,0.0,0.0
c06_s05_cov100_seed00000027_bw010,flip,fast_gate,6,5,1.0,0.1,,1,208,792,1.0,0.208
c06_s05_cov100_seed00000027_bw010,flip,fast_gate,6,5,1.0,0.1,,2,100,900,1.0,0.1
c06_s05_cov100_seed00000027_bw010,flip,fast_gate,6,5,1.0,0.1,,3,96,904,1.0,0.096
c06_s05_cov100_seed00000027_bw010,flip,fast_gate,6,5,1.0,0.1,,4,210,790,1.0,0.21
c06_s05_cov100_seed00000027_bw010,flip,fast_gate,6,5,1.0,0.1,,5,1000,0,0.0,0.0
c06_s05_cov100_seed00000028_bw010,flip,fast_gate,6,5,1.0,0.1,,1,211,789,1.0,0.211
c06_s05_cov100_seed00000028_bw010,flip,fast_gate,6,5,1.0,0.1,,2,82,918,1.0,0.082
c06_s05_cov100_seed00000028_bw010,flip,fast_gate,6,5,1.0,0.1,,3,94,906,1.0,0.094
c06_s05_cov100_seed00000028_bw010,flip,fast_gate,6,5,1.0,0.1,,4,211,789,1.0,0.211
c06_s05_cov100_seed00000028_bw010,flip,fast_gate,6,5,1.0,0.1,,5,1000,0,0.0,0.0
c06_s05_cov100_seed00000029_bw010,flip,fast_gate,6,5,1.0,0.1,,1,209,791,1.0,0.209
c06_s05_cov100_seed00000029_bw010,flip,fast_gate,6,5,1.0,0.1,,2,108,892,1.0,0.108
c06_s05_cov100_seed00000029_bw010,flip,fast_gate,6,5,1.0,0.1,,3,126,874,1.0,0.126
c06_s05_cov100_seed00000029_bw010,flip,fast_gate,6,5,1.0,0.1,,4,200,800,1.0,0.2
c06_s05_cov100_seed00000029_bw010,flip,fast_gate,6,5,1.0,0.1,,5,1000,0,0.0,0.0
c06_s05_cov100_seed00000030_bw010,flip,fast_gate,6,5,1.0,0.1,,1,198,802,1.0,0.198
c06_s05_cov100_seed00000030_bw010,flip,fast_gate,6,5,1.0,0.1,,2,93,907,1.0,0.093
c06_s05_cov100_seed00000030_bw010,flip,fast_gate,6,5,1.0,0.1,,3,84,916,1.0,0.084
c06_s05_cov100_seed00000030_bw010,flip,fast_gate,6,5,1.0,0.1,,4,200,800,1.0,0.2
c06_s05_cov100_seed00000030_bw010,flip,fast_gate,6,5,1.0,0.1,,5,1000,0,0.0,0.0
c06_s05_cov100_seed00000031_bw010,flip,fast_gate,6,5,1.0,0.1,,1,214,786,1.0,0.214
c06_s05_cov100_seed00000031_bw010,flip,fast_gate,6,5,1.0,0.1,,2,100,900,1.0,0.1
c06_s05_cov100_seed00000031_bw010,flip,fast_gate,6,5,1.0,0.1,,3,95,905,1.0,0.095
c06_s05_cov100_seed00000031_bw010,flip,fast_gate,6,5,1.0,0.1,,4,195,805,1.0,0.195
c06_s05_cov100_seed00000031_bw010,flip,fast_gate,6,5,1.0,0.1,,5,1000,0,0.0,0.0
c06_s05_cov100_seed00000032_bw010,flip,fast_gate,6,5,1.0,0.1,,1,212,788,1.0,0.212
c06_s05_cov100_seed00000032_bw010,flip,fast_gate,6,5,1.0,0.1,,2,108,892,1.0,0.108
c06_s05_cov100_seed00000032_bw010,flip,fast_gate,6,5,1.0,0.1,,3,103,897,1.0,0.103
c06_s05_cov100_seed00000032_bw010,flip,fast_gate,6,5,1.0,0.1,,4,188,812,1.0,0.188
c06_s05_cov100_seed00000032_bw010,flip,fast_gate,6,5,1.0,0.1,,5,1000,0,0.0,0.0
c06_s05_cov100_seed00000033_bw010,flip,fast_gate,6,5,1.0,0.1,,1,181,819,1.0,0.181
c06_s05_cov100_seed00000033_bw010,flip,fast_gate,6,5,1.0,0.1,,2,88,912,1.0,0.088
c06_s05_cov100_seed00000033_bw010,flip,fast_gate,6,5,1.0,0.1,,3,113,887,1.0,0.113
c06_s05_cov100_seed00000033_bw010,flip,fast_gate,6,5,1.0,0.1,,4,192,808,1.0,0.192
c06_s05_cov100_seed00000033_bw010,flip,fast_gate,6,5,1.0,0.1,,5,1000,0,0.0,0.0
c06_s05_cov100_seed00000034_bw010,flip,fast_gate,6,5,1.0,0.1,,1,208,792,1.0,0.208
c06_s05_cov100_seed00000034_bw010,flip,fast_gate,6,5,1.0,0.1,,2,88,912,1.0,0.088
c06_s05_cov100_seed00000034_bw010,flip,fast_gate,6,5,1.0,0.1,,3,95,905,1.0,0.095
c06_s05_cov100_seed00000034_bw010,flip,fast_gate,6,5,1.0,0.1,,4,210,790,1.0,0.21
c06_s05_cov100_seed00000034_bw010,flip,fast_gate,6,5,1.0,0.1,,5,1000,0,0.0,0.0
c06_s05_cov100_seed00000035_bw010,flip,fast_gate,6,5,1.0,0.1,,1,205,795,1.0,0.205
c06_s05_cov100_seed00000035_bw010,flip,fast_gate,6,5,1.0,0.1,,2,98,902,1.0,0.098
c06_s05_cov100_seed00000035_bw010,flip,fast_gate,6,5,1.0,0.1,,3,104,896,1.0,0.104
c06_s05_cov100_seed00000035_bw010,flip,fast_gate,6,5,1.0,0.1,,4,215,785,1.0,0.215
c06_s05_cov100_seed00000035_bw010,flip,fast_gate,6,5,1.0,0.1,,5,1000,0,0.0,0.0
c06_s05_cov100_seed00000036_bw010,flip,fast_gate,6,5,1.0,0.1,,1,186,814,1.0,0.186
c06_s05_cov100_seed00000036_bw010,flip,fast_gate,6,5,1.0,0.1,,2,110,890,1.0,0.11
c06_s05_cov100_seed00000036_bw010,flip,fast_gate,6,5,1.0,0.1,,3,96,904,1.0,0.096
c06_s05_cov100_seed00000036_bw010,flip,fast_gate,6,5,1.0,0.1,,4,202,798,1.0,0.202
c06_s05_cov100_seed00000036_bw010,flip,fast_gate,6,5,1.0,0.1,,5,1000,0,0.0,0.0
c06_s05_cov100_seed00000037_bw010,flip,fast_gate,6,5,1.0,0.1,,1,216,784,1.0,0.216
c06_s05_cov100_seed00000037_bw010,flip,fast_gate,6,5,1.0,0.1,,2,93,907,1.0,0.093
c06_s05_cov100_seed00000037_bw010,flip,fast_gate,6,5,1.0,0.1,,3,99,901,1.0,0.099
c06_s05_cov100_seed00000037_bw010,flip,fast_gate,6,5,1.0,0.1,,4,225,775,1.0,0.225
c06_s05_cov100_seed00000037_bw010,flip,fast_gate,6,5,1.0,0.1,,5,1000,0,0.0,0.0
c06_s05_cov100_seed00000038_bw010,flip,fast_gate,6,5,1.0,0.1,,1,200,800,1.0,0.2
c06_s05_cov100_seed00000038_bw010,flip,fast_gate,6,5,1.0,0.1,,2,94,906,1.0,0.094
c06_s05_cov100_seed00000038_bw010,flip,fast_gate,6,5,1.0,0.1,,3,96,904,1.0,0.096
c06_s05_cov100_seed00000038_bw010,flip,fast_gate,6,5,1.0,0.1,,4,212,788,1.0,0.212
c06_s05_cov100_seed00000038_bw010,flip,fast_gate,6,5,1.0,0.1,,5,1000,0,0.0,0.0
c06_s05_cov100_seed00000039_bw010,flip,fast_gate,6,5,1.0,0.1,,1,197,803,1.0,0.197
c06_s05_cov100_seed00000039_bw010,flip,fast_gate,6,5,1.0,0.1,,2,83,917,1.0,0.083
c06_s05_cov100_seed00000039_bw010,flip,fast_gate,6,5,1.0,0.1,,3,124,876,1.0,0.124
c06_s05_cov100_seed00000039_bw010,flip,fast_gate,6,5,1.0,0.1,,4,212,788,1.0,0.212
c06_s05_cov100_seed00000039_bw010,flip,fast_gate,6,5,1.0,0.1,,5,1000,0,0.0,0.0
c06_s05_cov100_seed00000011_bw025,flip,fast_gate,6,5,1.0,0.25,,1,394,606,1.0,0.394
c06_s05_cov100_seed00000011_bw025,flip,fast_gate,6,5,1.0,0.25,,2,95,905,1.0,0.095
c06_s05_cov100_seed00000011_bw025,flip,fast_gate,6,5,1.0,0.25,,3,88,912,1.0,0.088
c06_s05_cov100_seed00000011_bw025,flip,fast_gate,6,5,1.0,0.25,,4,221,779,0.0,0.0
c06_s05_cov100_seed00000011_bw025,flip,fast_gate,6,5,1.0,0.25,,5,0,1000,,0.0
c06_s05_cov100_seed00000015_bw025,flip,fast_gate,6,5,1.0,0.25,,1,387,613,1.0,0.387
c06_s05_cov100_seed00000015_bw025,flip,fast_gate,6,5,1.0,0.25,,2,100,900,1.0,0.1
c06_s05_cov100_seed00000015_bw025,flip,fast_gate,6,5,1.0,0.25,,3,116,884,1.0,0.116
c06_s05_cov100_seed00000015_bw025,flip,fast_gate,6,5,1.0,0.25,,4,222,778,0.0,0.0
c06_s05_cov100_seed00000015_bw025,flip,fast_gate,6,5,1.0,0.25,,5,0,1000,,0.0
c06_s05_cov100_seed00000019_bw025,flip,fast_gate,6,5,1.0,0.25,,1,380,620,1.0,0.38
c06_s05_cov100_seed00000019_bw025,flip,fast_gate,6,5,1.0,0.25,,2,105,895,1.0,0.105
c06_s05_cov100_seed00000019_bw025,flip,fast_gate,6,5,1.0,0.25,,3,103,897,1.0,0.103
c06_s05_cov100_seed00000019_bw025,flip,fast_gate,6,5,1.0,0.25,,4,182,818,0.0,0.0
c06_s05_cov100_seed00000019_bw025,flip,fast_gate,6,5,1.0,0.25,,5,0,1000,,0.0
c06_s05_cov100_seed00000022_bw025,flip,fast_gate,6,5,1.0,0.25,,1,388,612,1.0,0.388
c06_s05_cov100_seed00000022_bw025,flip,fast_gate,6,5,1.0,0.25,,2,102,898,1.0,0.102
c06_s05_cov100_seed00000022_bw025,flip,fast_gate,6,5,1.0,0.25,,3,99,901,1.0,0.099
c06_s05_cov100_seed00000022_bw025,flip,fast_gate,6,5,1.0,0.25,,4,182,818,0.0,0.0
c06_s05_cov100_seed00000022_bw025,flip,fast_gate,6,5,1.0,0.25,,5,0,1000,,0.0
c06_s05_cov100_seed00000029_bw025,flip,fast_gate,6,5,1.0,0.25,,1,414,586,1.0,0.414
c06_s05_cov100_seed00000029_bw025,flip,fast_gate,6,5,1.0,0.25,,2,84,916,1.0,0.084
c06_s05_cov100_seed00000029_bw025,flip,fast_gate,6,5,1.0,0.25,,3,98,902,1.0,0.098
c06_s05_cov100_seed00000029_bw025,flip,fast_gate,6,5,1.0,0.25,,4,208,792,0.0,0.0
c06_s05_cov100_seed00000029_bw025,flip,fast_gate,6,5,1.0,0.25,,5,0,1000,,0.0
c06_s05_cov100_seed00000038_bw025,flip,fast_gate,6,5,1.0,0.25,,1,411,589,1.0,0.411
c06_s05_cov100_seed00000038_bw025,flip,fast_gate,6,5,1.0,0.25,,2,92,908,1.0,0.092
c06_s05_cov100_seed00000038_bw025,flip,fast_gate,6,5,1.0,0.25,,3,105,895,1.0,0.105
c06_s05_cov100_seed00000038_bw025,flip,fast_gate,6,5,1.0,0.25,,4,187,813,0.0,0.0
c06_s05_cov100_seed00000038_bw025,flip,fast_gate,6,5,1.0,0.25,,5,0,1000,,0.0
c06_s05_cov100_seed00000041_bw025,flip,fast_gate,6,5,1.0,0.25,,1,410,590,1.0,0.41
c06_s05_cov100_seed00000041_bw025,flip,fast_gate,6,5,1.0,0.25,,2,112,888,1.0,0.112
c06_s05_cov100_seed00000041_bw025,flip,fast_gate,6,5,1.0,0.25,,3,95,905,1.0,0.095
c06_s05_cov100_seed00000041_bw025,flip,fast_gate,6,5,1.0,0.25,,4,205,795,0.0,0.0
c06_s05_cov100_seed00000041_bw025,flip,fast_gate,6,5,1.0,0.25,,5,0,1000,,0.0
c06_s05_cov100_seed00000046_bw025,flip,fast_gate,6,5,1.0,0.25,,1,397,603,1.0,0.397
c06_s05_cov100_seed00000046_bw025,flip,fast_gate,6,5,1.0,0.25,,2,95,905,1.0,0.095
c06_s05_cov100_seed00000046_bw025,flip,fast_gate,6,5,1.0,0.25,,3,104,896,1.0,0.104
c06_s05_cov100_seed00000046_bw025,flip,fast_gate,6,5,1.0,0.25,,4,215,785,0.0,0.0
c06_s05_cov100_seed00000046_bw025,flip,fast_gate,6,5,1.0,0.25,,5,0,1000,,0.0
c06_s05_cov100_seed00000048_bw025,flip,fast_gate,6,5,1.0,0.25,,1,383,617,1.0,0.383
c06_s05_cov100_seed00000048_bw025,flip,fast_gate,6,5,1.0,0.25,,2,95,905,1.0,0.095
c06_s05_cov100_seed00000048_bw025,flip,fast_gate,6,5,1.0,0.25,,3,100,900,1.0,0.1
c06_s05_cov100_seed00000048_bw025,flip,fast_gate,6,5,1.0,0.25,,4,235,765,0.0,0.0
c06_s05_cov100_seed00000048_bw025,flip,fast_gate,6,5,1.0,0.25,,5,0,1000,,0.0
c06_s05_cov100_seed00000054_bw025,flip,fast_gate,6,5,1.0,0.25,,1,415,585,1.0,0.415
c06_s05_cov100_seed00000054_bw025,flip,fast_gate,6,5,1.0,0.25,,2,97,903,1.0,0.097
c06_s05_cov100_seed00000054_bw025,flip,fast_gate,6,5,1.0,0.25,,3,98,902,1.0,0.098
c06_s05_cov100_seed00000054_bw025,flip,fast_gate,6,5,1.0,0.25,,4,179,821,0.0,0.0
c06_s05_cov100_seed00000054_bw025,flip,fast_gate,6,5,1.0,0.25,,5,0,1000,,0.0
c06_s05_cov100_seed00000055_bw025,flip,fast_gate,6,5,1.0,0.25,,1,394,606,1.0,0.394
c06_s05_cov100_seed00000055_bw025,flip,fast_gate,6,5,1.0,0.25,,2,87,913,1.0,0.087
c06_s05_cov100_seed00000055_bw025,flip,fast_gate,6,5,1.0,0.25,,3,100,900,1.0,0.1
c06_s05_cov100_seed00000055_bw025,flip,fast_gate,6,5,1.0,0.25,,4,186,814,0.0,0.0
c06_s05_cov100_seed00000055_bw025,flip,fast_gate,6,5,1.0,0.25,,5,0,1000,,0.0
c06_s05_cov100_seed00000060_bw025,flip,fast_gate,6,5,1.0,0.25,,1,395,605,1.0,0.395
c06_s05_cov100_seed00000060_bw025,flip,fast_gate,6,5,1.0,0.25,,2,94,906,1.0,0.094
c06_s05_cov100_seed00000060_bw025,flip,fast_gate,6,5,1.0,0.25,,3,106,894,1.0,0.106
c06_s05_cov100_seed00000060_bw025,flip,fast_gate,6,5,1.0,0.25,,4,194,806,0.0,0.0
c06_s05_cov100_seed00000060_bw025,flip,fast_gate,6,5,1.0,0.25,,5,0,1000,,0.0
c06_s05_cov100_seed00000067_bw025,flip,fast_gate,6,5,1.0,0.25,,1,397,603,1.0,0.397
c06_s05_cov100_seed00000067_bw025,flip,fast_gate,6,5,1.0,0.25,,2,117,883,1.0,0.117
c06_s05_cov100_seed00000067_bw025,flip,fast_gate,6,5,1.0,0.25,,3,96,904,1.0,0.096
c06_s05_cov100_seed00000067_bw025,flip,fast_gate,6,5,1.0,0.25,,4,215,785,0.0,0.0
c06_s05_cov100_seed00000067_bw025,flip,fast_gate,6,5,1.0,0.25,,5,0,1000,,0.0
c06_s05_cov100_seed00000068_bw025,flip,fast_gate,6,5,1.0,0.25,,1,414,586,1.0,0.414
c06_s05_cov100_seed00000068_bw025,flip,fast_gate,6,5,1.0,0.25,,2,102,898,1.0,0.102
c06_s05_cov100_seed00000068_bw025,flip,fast_gate,6,5,1.0,0.25,,3,90,910,1.0,0.09
c06_s05_cov100_seed00000068_bw025,flip,fast_gate,6,5,1.0,0.25,,4,217,783,0.0,0.0
c06_s05_cov100_seed00000068_bw025,flip,fast_gate,6,5,1.0,0.25,,5,0,1000,,0.0
c06_s05_cov100_seed00000078_bw025,flip,fast_gate,6,5,1.0,0.25,,1,406,594,1.0,0.406
c06_s05_cov100_seed00000078_bw025,flip,fast_gate,6,5,1.0,0.25,,2,104,896,1.0,0.104
c06_s05_cov100_seed00000078_bw025,flip,fast_gate,6,5,1.0,0.25,,3,102,898,1.0,0.102
c06_s05_cov100_seed00000078_bw025,flip,fast_gate,6,5,1.0,0.25,,4,215,785,0.0,0.0
c06_s05_cov100_seed00000078_bw025,flip,fast_gate,6,5,1.0,0.25,,5,0,1000,,0.0
c06_s05_cov100_seed00000091_bw025,flip,fast_gate,6,5,1.0,0.25,,1,445,555,1.0,0.445
c06_s05_cov100_seed00000091_bw025,flip,fast_gate,6,5,1.0,0.25,,2,103,897,1.0,0.103
c06_s05_cov100_seed00000091_bw025,flip,fast_gate,6,5,1.0,0.25,,3,87,913,1.0,0.087
c06_s05_cov100_seed00000091_bw025,flip,fast_gate,6,5,1.0,0.25,,4,205,795,0.0,0.0
c06_s05_cov100_seed00000091_bw025,flip,fast_gate,6,5,1.0,0.25,,5,0,1000,,0.0
c06_s05_cov100_seed00000095_bw025,flip,fast_gate,6,5,1.0,0.25,,1,422,578,1.0,0.422
c06_s05_cov100_seed00000095_bw025,flip,fast_gate,6,5,1.0,0.25,,2,106,894,1.0,0.106
c06_s05_cov100_seed00000095_bw025,flip,fast_gate,6,5,1.0,0.25,,3,114,886,1.0,0.114
c06_s05_cov100_seed00000095_bw025,flip,fast_gate,6,5,1.0,0.25,,4,201,799,0.0,0.0
c06_s05_cov100_seed00000095_bw025,flip,fast_gate,6,5,1.0,0.25,,5,0,1000,,0.0
c06_s05_cov100_seed00000100_bw025,flip,fast_gate,6,5,1.0,0.25,,1,382,618,1.0,0.382
c06_s05_cov100_seed00000100_bw025,flip,fast_gate,6,5,1.0,0.25,,2,101,899,1.0,0.101
c06_s05_cov100_seed00000100_bw025,flip,fast_gate,6,5,1.0,0.25,,3,95,905,1.0,0.095
c06_s05_cov100_seed00000100_bw025,flip,fast_gate,6,5,1.0,0.25,,4,196,804,0.0,0.0
c06_s05_cov100_seed00000100_bw025,flip,fast_gate,6,5,1.0,0.25,,5,0,1000,,0.0
c06_s05_cov100_seed00000107_bw025,flip,fast_gate,6,5,1.0,0.25,,1,392,608,1.0,0.392
c06_s05_cov100_seed00000107_bw025,flip,fast_gate,6,5,1.0,0.25,,2,104,896,1.0,0.104
c06_s05_cov100_seed00000107_bw025,flip,fast_gate,6,5,1.0,0.25,,3,85,915,1.0,0.085
c06_s05_cov100_seed00000107_bw025,flip,fast_gate,6,5,1.0,0.25,,4,217,783,0.0,0.0
c06_s05_cov100_seed00000107_bw025,flip,fast_gate,6,5,1.0,0.25,,5,0,1000,,0.0
c06_s05_cov100_seed00000109_bw025,flip,fast_gate,6,5,1.0,0.25,,1,401,599,1.0,0.401
c06_s05_cov100_seed00000109_bw025,flip,fast_gate,6,5,1.0,0.25,,2,115,885,1.0,0.115
c06_s05_cov100_seed00000109_bw025,flip,fast_gate,6,5,1.0,0.25,,3,99,901,1.0,0.099
c06_s05_cov100_seed00000109_bw025,flip,fast_gate,6,5,1.0,0.25,,4,212,788,0.0,0.0
c06_s05_cov100_seed00000109_bw025,flip,fast_gate,6,5,1.0,0.25,,5,0,1000,,0.0
c06_s05_cov100_seed00000110_bw025,flip,fast_gate,6,5,1.0,0.25,,1,379,621,1.0,0.379
c06_s05_cov100_seed00000110_bw025,flip,fast_gate,6,5,1.0,0.25,,2,109,891,1.0,0.109
c06_s05_cov100_seed00000110_bw025,flip,fast_gate,6,5,1.0,0.25,,3,94,906,1.0,0.094
c06_s05_cov100_seed00000110_bw025,flip,fast_gate,6,5,1.0,0.25,,4,193,807,0.0,0.0
c06_s05_cov100_seed00000110_bw025,flip,fast_gate,6,5,1.0,0.25,,5,0,1000,,0.0
c06_s05_cov100_seed00000112_bw025,flip,fast_gate,6,5,1.0,0.25,,1,430,570,1.0,0.43
c06_s05_cov100_seed00000112_bw025,flip,fast_gate,6,5,1.0,0.25,,2,95,905,1.0,0.095
c06_s05_cov100_seed00000112_bw025,flip,fast_gate,6,5,1.0,0.25,,3,103,897,1.0,0.103
c06_s05_cov100_seed00000112_bw025,flip,fast_gate,6,5,1.0,0.25,,4,223,777,0.0,0.0
c06_s05_cov100_seed00000112_bw025,flip,fast_gate,6,5,1.0,0.25,,5,0,1000,,0.0
c06_s05_cov100_seed00000121_bw025,flip,fast_gate,6,5,1.0,0.25,,1,386,614,1.0,0.386
c06_s05_cov100_seed00000121_bw025,flip,fast_gate,6,5,1.0,0.25,,2,92,908,1.0,0.092
c06_s05_cov100_seed00000121_bw025,flip,fast_gate,6,5,1.0,0.25,,3,87,913,1.0,0.087
c06_s05_cov100_seed00000121_bw025,flip,fast_gate,6,5,1.0,0.25,,4,200,800,0.0,0.0
c06_s05_cov100_seed00000121_bw025,flip,fast_gate,6,5,1.0,0.25,,5,0,1000,,0.0
c06_s05_cov100_seed00000131_bw025,flip,fast_gate,6,5,1.0,0.25,,1,380,620,1.0,0.38
c06_s05_cov100_seed00000131_bw025,flip,fast_gate,6,5,1.0,0.25,,2,98,902,1.0,0.098
c06_s05_cov100_seed00000131_bw025,flip,fast_gate,6,5,1.0,0.25,,3,116,884,1.0,0.116
c06_s05_cov100_seed00000131_bw025,flip,fast_gate,6,5,1.0,0.25,,4,194,806,0.0,0.0
c06_s05_cov100_seed00000131_bw025,flip,fast_gate,6,5,1.0,0.25,,5,0,1000,,0.0
c06_s05_cov100_seed00000138_bw025,flip,fast_gate,6,5,1.0,0.25,,1,404,596,1.0,0.404
c06_s05_cov100_seed00000138_bw025,flip,fast_gate,6,5,1.0,0.25,,2,103,897,1.0,0.103
c06_s05_cov100_seed00000138_bw025,flip,fast_gate,6,5,1.0,0.25,,3,104,896,1.0,0.104
c06_s05_cov100_seed00000138_bw025,flip,fast_gate,6,5,1.0,0.25,,4,223,777,0.0,0.0
c06_s05_cov100_seed00000138_bw025,flip,fast_gate,6,5,1.0,0.25,,5,0,1000,,0.0
c06_s05_cov100_seed00000167_bw025,flip,fast_gate,6,5,1.0,0.25,,1,394,606,1.0,0.394
c06_s05_cov100_seed00000167_bw025,flip,fast_gate,6,5,1.0,0.25,,2,128,872,1.0,0.128
c06_s05_cov100_seed00000167_bw025,flip,fast_gate,6,5,1.0,0.25,,3,107,893,1.0,0.107
c06_s05_cov100_seed00000167_bw025,flip,fast_gate,6,5,1.0,0.25,,4,223,777,0.0,0.0
c06_s05_cov100_seed00000167_bw025,flip,fast_gate,6,5,1.0,0.25,,5,0,1000,,0.0
c06_s05_cov100_seed00000171_bw025,flip,fast_gate,6,5,1.0,0.25,,1,406,594,1.0,0.406
c06_s05_cov100_seed00000171_bw025,flip,fast_gate,6,5,1.0,0.25,,2,81,919,1.0,0.081
c06_s05_cov100_seed00000171_bw025,flip,fast_gate,6,5,1.0,0.25,,3,97,903,1.0,0.097
c06_s05_cov100_seed00000171_bw025,flip,fast_gate,6,5,1.0,0.25,,4,221,779,0.0,0.0
c06_s05_cov100_seed00000171_bw025,flip,fast_gate,6,5,1.0,0.25,,5,0,1000,,0.0
c06_s05_cov100_seed00000178_bw025,flip,fast_gate,6,5,1.0,0.25,,1,397,603,1.0,0.397
c06_s05_cov100_seed00000178_bw025,flip,fast_gate,6,5,1.0,0.25,,2,104,896,1.0,0.104
c06_s05_cov100_seed00000178_bw025,flip,fast_gate,6,5,1.0,0.25,,3,107,893,1.0,0.107
c06_s05_cov100_seed00000178_bw025,flip,fast_gate,6,5,1.0,0.25,,4,217,783,0.0,0.0
c06_s05_cov100_seed00000178_bw025,flip,fast_gate,6,5,1.0,0.25,,5,0,1000,,0.0
c06_s05_cov100_seed00000179_bw025,flip,fast_gate,6,5,1.0,0.25,,1,387,613,1.0,0.387
c06_s05_cov100_seed00000179_bw025,flip,fast_gate,6,5,1.0,0.25,,2,105,895,1.0,0.105
c06_s05_cov100_seed00000179_bw025,flip,fast_gate,6,5,1.0,0.25,,3,116,884,1.0,0.116
c06_s05_cov100_seed00000179_bw025,flip,fast_gate,6,5,1.0,0.25,,4,186,814,0.0,0.0
c06_s05_cov100_seed00000179_bw025,flip,fast_gate,6,5,1.0,0.25,,5,0,1000,,0.0
c06_s05_cov100_seed00000185_bw025,flip,fast_gate,6,5,1.0,0.25,,1,390,610,1.0,0.39
c06_s05_cov100_seed00000185_bw025,flip,fast_gate,6,5,1.0,0.25,,2,98,902,1.0,0.098
c06_s05_cov100_seed00000185_bw025,flip,fast_gate,6,5,1.0,0.25,,3,122,878,1.0,0.122
c06_s05_cov100_seed00000185_bw025,flip,fast_gate,6,5,1.0,0.25,,4,204,796,0.0,0.0
c06_s05_cov100_seed00000185_bw025,flip,fast_gate,6,5,1.0,0.25,,5,0,1000,,0.0
c06_s05_cov100_seed00000190_bw025,flip,fast_gate,6,5,1.0,0.25,,1,399,601,1.0,0.399
c06_s05_cov100_seed00000190_bw025,flip,fast_gate,6,5,1.0,0.25,,2,97,903,1.0,0.097
c06_s05_cov100_seed00000190_bw025,flip,fast_gate,6,5,1.0,0.25,,3,111,889,1.0,0.111
c06_s05_cov100_seed00000190_bw025,flip,fast_gate,6,5,1.0,0.25,,4,211,789,0.0,0.0
c06_s05_cov100_seed00000190_bw025,flip,fast_gate,6,5,1.0,0.25,,5,0,1000,,0.0
c06_s05_cov100_seed00000196_bw025,flip,fast_gate,6,5,1.0,0.25,,1,388,612,1.0,0.388
c06_s05_cov100_seed00000196_bw025,flip,fast_gate,6,5,1.0,0.25,,2,114,886,1.0,0.114
c06_s05_cov100_seed00000196_bw025,flip,fast_gate,6,5,1.0,0.25,,3,110,890,1.0,0.11
c06_s05_cov100_seed00000196_bw025,flip,fast_gate,6,5,1.0,0.25,,4,198,802,0.0,0.0
c06_s05_cov100_seed00000196_bw025,flip,fast_gate,6,5,1.0,0.25,,5,0,1000,,0.0
c06_s05_cov100_seed00000198_bw025,flip,fast_gate,6,5,1.0,0.25,,1,403,597,1.0,0.403
c06_s05_cov100_seed00000198_bw025,flip,fast_gate,6,5,1.0,0.25,,2,95,905,1.0,0.095
c06_s05_cov100_seed00000198_bw025,flip,fast_gate,6,5,1.0,0.25,,3,97,903,1.0,0.097
c06_s05_cov100_seed00000198_bw025,flip,fast_gate,6,5,1.0,0.25,,4,191,809,0.0,0.0
c06_s05_cov100_seed00000198_bw025,flip,fast_gate,6,5,1.0,0.25,,5,0,1000,,0.0
c06_s05_cov100_seed00000203_bw025,flip,fast_gate,6,5,1.0,0.25,,1,418,582,1.0,0.418
c06_s05_cov100_seed00000203_bw025,flip,fast_gate,6,5,1.0,0.25,,2,110,890,1.0,0.11
c06_s05_cov100_seed00000203_bw025,flip,fast_gate,6,5,1.0,0.25,,3,88,912,1.0,0.088
c06_s05_cov100_seed00000203_bw025,flip,fast_gate,6,5,1.0,0.25,,4,202,798,0.0,0.0
c06_s05_cov100_seed00000203_bw025,flip,fast_gate,6,5,1.0,0.25,,5,0,1000,,0.0
c06_s05_cov100_seed00000219_bw025,flip,fast_gate,6,5,1.0,0.25,,1,392,608,1.0,0.392
c06_s05_cov100_seed00000219_bw025,flip,fast_gate,6,5,1.0,0.25,,2,101,899,1.0,0.101
c06_s05_cov100_seed00000219_bw025,flip,fast_gate,6,5,1.0,0.25,,3,122,878,1.0,0.122
c06_s05_cov100_seed00000219_bw025,flip,fast_gate,6,5,1.0,0.25,,4,193,807,0.0,0.0
c06_s05_cov100_seed00000219_bw025,flip,fast_gate,6,5,1.0,0.25,,5,0,1000,,0.0
c06_s05_cov100_seed00000224_bw025,flip,fast_gate,6,5,1.0,0.25,,1,391,609,1.0,0.391
c06_s05_cov100_seed00000224_bw025,flip,fast_gate,6,5,1.0,0.25,,2,103,897,1.0,0.103
c06_s05_cov100_seed00000224_bw025,flip,fast_gate,6,5,1.0,0.25,,3,93,907,1.0,0.093
c06_s05_cov100_seed00000224_bw025,flip,fast_gate,6,5,1.0,0.25,,4,183,817,0.0,0.0
c06_s05_cov100_seed00000224_bw025,flip,fast_gate,6,5,1.0,0.25,,5,0,1000,,0.0
c06_s05_cov100_seed00000225_bw025,flip,fast_gate,6,5,1.0,0.25,,1,439,561,1.0,0.439
c06_s05_cov100_seed00000225_bw025,flip,fast_gate,6,5,1.0,0.25,,2,120,880,1.0,0.12
c06_s05_cov100_seed00000225_bw025,flip,fast_gate,6,5,1.0,0.25,,3,102,898,1.0,0.102
c06_s05_cov100_seed00000225_bw025,flip,fast_gate,6,5,1.0,0.25,,4,208,792,0.0,0.0
c06_s05_cov100_seed00000225_bw025,flip,fast_gate,6,5,1.0,0.25,,5,0,1000,,0.0
c06_s05_cov100_seed00000230_bw025,flip,fast_gate,6,5,1.0,0.25,,1,420,580,1.0,0.42
c06_s05_cov100_seed00000230_bw025,flip,fast_gate,6,5,1.0,0.25,,2,97,903,1.0,0.097
c06_s05_cov100_seed00000230_bw025,flip,fast_gate,6,5,1.0,0.25,,3,87,913,1.0,0.087
c06_s05_cov100_seed00000230_bw025,flip,fast_gate,6,5,1.0,0.25,,4,217,783,0.0,0.0
c06_s05_cov100_seed00000230_bw025,flip,fast_gate,6,5,1.0,0.25,,5,0,1000,,0.0
c06_s05_cov100_seed00000239_bw025,flip,fast_gate,6,5,1.0,0.25,,1,400,600,1.0,0.4
c06_s05_cov100_seed00000239_bw025,flip,fast_gate,6,5,1.0,0.25,,2,92,908,1.0,0.092
c06_s05_cov100_seed00000239_bw025,flip,fast_gate,6,5,1.0,0.25,,3,98,902,1.0,0.098
c06_s05_cov100_seed00000239_bw025,flip,fast_gate,6,5,1.0,0.25,,4,206,794,0.0,0.0
c06_s05_cov100_seed00000239_bw025,flip,fast_gate,6,5,1.0,0.25,,5,0,1000,,0.0
c06_s05_cov100_seed00000245_bw025,flip,fast_gate,6,5,1.0,0.25,,1,388,612,1.0,0.388
c06_s05_cov100_seed00000245_bw025,flip,fast_gate,6,5,1.0,0.25,,2,101,899,1.0,0.101
c06_s05_cov100_seed00000245_bw025,flip,fast_gate,6,5,1.0,0.25,,3,111,889,1.0,0.111
c06_s05_cov100_seed00000245_bw025,flip,fast_gate,6,5,1.0,0.25,,4,216,784,0.0,0.0
c06_s05_cov100_seed00000245_bw025,flip,fast_gate,6,5,1.0,0.25,,5,0,1000,,0.0
