instance_id,base_instance_id,arm,gate,component_size,separation,separation_status,coverage,base_wrongness,n_tiers,seed,x,y,n_k,shd_truth,shd_cpdag,k_g0,undirected_fraction,z_size,z_star,phi_1,phi_1_n_broken,phi_1_n_inconsistent,r_claim,r_claim_censored,r_claim_cap,s0_ok,r_val,r_status,r_method,r_oracle,r_exact,r_assumes,r_witness,r_search_seconds,r_ladder_seconds,r_total_seconds,wall_until_timeout_s,r_stat_elements_visited,r_stat_closures,r_stat_validity_checks,r_stat_extensions_enumerated,AUC_frac,AUC_abs,n_depths_evaluated,n_depths_all_contradictory
c06_s01_cov050_seed00000000_bw000,c06_s01_cov050_seed00000000,flip,fast_gate,6,1,measured,0.5,0.0,,0,X,Y,4,2,5,5,0.7,2,"C00,W",0.25,1,0,1,0,3,True,1,ok,local_up_fast,mpdag_criterion,True,"Conjecture 2 (hence Anti-Exchange Case B, verified not proved)",C00->C02 C00->C03 C00->C04 C00->Y C03->C05 W->Y X->Y C00-X C02-X C03-X,0.00030241600000002755,0.0,0.00030241600000002755,,1,5,2,0,0.23220000000000002,0.774,4,2
c06_s01_cov050_seed00000001_bw000,c06_s01_cov050_seed00000001,flip,fast_gate,6,1,measured,0.5,0.0,,1,X,Y,3,1,5,5,0.6666666666666666,2,"C00,W",0.3333333333333333,1,0,1,0,3,True,1,ok,local_up_fast,mpdag_criterion,True,"Conjecture 2 (hence Anti-Exchange Case B, verified not proved)",C00->C02 C00->C03 C00->Y C03->C04 C04->C05 W->Y X->Y C00-X C03-X,0.00022612499999996594,0.0,0.00022612499999996594,,1,5,2,0,0.34,0.68,3,1
c06_s01_cov050_seed00000002_bw000,c06_s01_cov050_seed00000002,flip,fast_gate,6,1,measured,0.5,0.0,,2,X,Y,3,2,4,4,0.6666666666666666,2,"C00,W",0.3333333333333333,1,0,1,0,3,True,1,ok,local_up_fast,mpdag_criterion,True,"Conjecture 2 (hence Anti-Exchange Case B, verified not proved)",C00->C02 C00->C03 C00->Y W->Y X->C04 X->Y C00-C05 C00-X C02-X,0.0002366249999998793,0.0,0.0002366249999998793,,1,4,2,0,0.32,0.64,3,1
c06_s01_cov050_seed00000003_bw000,c06_s01_cov050_seed00000003,flip,fast_gate,6,1,measured,0.5,0.0,,3,X,Y,4,2,5,5,0.7,2,"C00,W",0.25,1,0,1,0,3,True,1,ok,local_up_fast,mpdag_criterion,True,"Conjecture 2 (hence Anti-Exchange Case B, verified not proved)",C00->C02 C00->C03 C00->C04 C00->Y C02->C05 W->Y X->Y C00-X C02-X C03-C04,0.00036558399999986335,0.0,0.00036558399999986335,,1,5,2,0,0.6150030303030303,1.3065757575757577,4,2
c06_s01_cov050_seed00000004_bw000,c06_s01_cov050_seed00000004,flip,fast_gate,6,1,measured,0.5,0.0,,4,X,Y,2,0,5,5,0.625,2,"C00,W",0.5,1,0,1,0,2,True,1,ok,local_up_fast,mpdag_criterion,True,"Conjecture 2 (hence Anti-Exchange Case B, verified not proved)",C00->C05 C00->Y C02->C03 C03->C04 W->Y X->C02 X->Y C00-X,0.00017554099999994577,0.0,0.00017554099999994577,,1,5,2,0,0.508,0.508,2,1
c06_s01_cov050_seed00000005_bw000,c06_s01_cov050_seed00000005,flip,fast_gate,6,1,measured,0.5,0.0,,5,X,Y,3,0,6,6,0.6666666666666666,2,"C00,W",0.3333333333333333,1,0,1,0,3,True,1,ok,local_up_fast,mpdag_criterion,True,"Conjecture 2 (hence Anti-Exchange Case B, verified not proved)",C00->Y C02->C03 C02->C04 W->Y X->C02 X->C04 X->C05 X->Y C00-X,0.00024033300000025903,0.0,0.00024033300000025903,,1,6,3,0,0.2545871559633027,0.5091743119266054,3,1
c06_s01_cov050_seed00000006_bw000,c06_s01_cov050_seed00000006,flip,fast_gate,6,1,measured,0.5,0.0,,6,X,Y,2,0,5,5,0.625,2,"C00,W",0.5,1,0,1,0,2,True,1,ok,local_up_fast,mpdag_criterion,True,"Conjecture 2 (hence Anti-Exchange Case B, verified not proved)",C00->C02 C00->Y C02->C04 W->Y X->C03 X->C05 X->Y C00-X,0.00017312499999988518,0.0,0.00017312499999988518,,1,5,2,0,0.495,0.495,2,1
c06_s01_cov050_seed00000007_bw000,c06_s01_cov050_seed00000007,flip,fast_gate,6,1,measured,0.5,0.0,,7,X,Y,2,0,5,5,0.625,2,"C00,W",0.5,1,0,1,0,2,True,1,ok,local_up_fast,mpdag_criterion,True,"Conjecture 2 (hence Anti-Exchange Case B, verified not proved)",C00->Y C03->C04 W->Y X->C02 X->C03 X->C05 X->Y C00-X,0.0001816250000001851,0.0,0.0001816250000001851,,1,5,2,0,0.0,0.0,2,0
c06_s01_cov050_seed00000008_bw000,c06_s01_cov050_seed00000008,flip,fast_gate,6,1,measured,0.5,0.0,,8,X,Y,2,0,5,5,0.625,2,"C00,W",0.5,1,0,1,0,2,True,1,ok,local_up_fast,mpdag_criterion,True,"Conjecture 2 (hence Anti-Exchange Case B, verified not proved)",C00->C03 C00->Y C02->C04 C03->C05 W->Y X->C02 X->Y C00-X,0.0001656250000001691,0.0,0.0001656250000001691,,1,5,2,0,0.5280000000000001,0.528,2,1
c06_s01_cov050_seed00000009_bw000,c06_s01_cov050_seed00000009,flip,fast_gate,6,1,measured,0.5,0.0,,9,X,Y,3,1,5,5,0.6666666666666666,2,"C00,W",0.3333333333333333,1,0,1,0,3,True,1,ok,local_up_fast,mpdag_criterion,True,"Conjecture 2 (hence Anti-Exchange Case B, verified not proved)",C00->C02 C00->Y C02->C03 C02->C04 C03->C05 W->Y X->Y C00-X C02-X,0.00023166699999954687,0.0,0.00023166699999954687,,1,5,2,0,0.4094068861701448,1.0154343560576475,3,0
c06_s01_cov050_seed00000010_bw000,c06_s01_cov050_seed00000010,flip,fast_gate,6,1,measured,0.5,0.0,,10,X,Y,4,2,5,5,0.7,2,"C00,W",0.25,1,0,1,0,3,True,1,ok,local_up_fast,mpdag_criterion,True,"Conjecture 2 (hence Anti-Exchange Case B, verified not proved)",C00->C02 C00->C05 C00->Y C02->C03 C02->C04 W->Y X->Y C00-X C02-X C05-X,0.0007684580000004715,0.0,0.0007684580000004715,,1,5,2,0,0.3027762845849802,1.0092542819499342,4,1
c06_s01_cov050_seed00000011_bw000,c06_s01_cov050_seed00000011,flip,fast_gate,6,1,measured,0.5,0.0,,11,X,Y,3,3,3,3,0.6666666666666666,2,"C00,W",0.3333333333333333,1,0,1,0,3,True,1,ok,local_up_fast,mpdag_criterion,True,"Conjecture 2 (hence Anti-Exchange Case B, verified not proved)",C00->C02 C00->C03 C00->Y W->Y X->Y C00-C04 C00-C05 C00-X C02-C04,0.00021429099999981105,0.0,0.00021429099999981105,,1,3,2,0,0.6470000000000001,0.647,3,2
c06_s01_cov050_seed00000012_bw000,c06_s01_cov050_seed00000012,flip,fast_gate,6,1,measured,0.5,0.0,,12,X,Y,4,2,5,5,0.7,2,"C00,W",0.25,1,0,1,0,3,True,1,ok,local_up_fast,mpdag_criterion,True,"Conjecture 2 (hence Anti-Exchange Case B, verified not proved)",C00->C03 C00->C04 C00->C05 C00->Y W->Y X->C02 X->Y C00-X C03-X C04-C05,0.0002518330000000901,0.0,0.0002518330000000901,,1,5,2,0,0.5889234567901236,1.2676049382716048,4,2
c06_s01_cov050_seed00000013_bw000,c06_s01_cov050_seed00000013,flip,fast_gate,6,1,measured,0.5,0.0,,13,X,Y,3,1,5,5,0.6666666666666666,2,"C00,W",0.3333333333333333,1,0,1,0,3,True,1,ok,local_up_fast,mpdag_criterion,True,"Conjecture 2 (hence Anti-Exchange Case B, verified not proved)",C00->Y C02->C03 C02->C04 W->Y X->C02 X->C05 X->Y C00-X C03-C04,0.00023304199999962805,0.0,0.00023304199999962805,,1,5,2,0,0.0,0.0,3,0
c06_s01_cov050_seed00000014_bw000,c06_s01_cov050_seed00000014,flip,fast_gate,6,1,measured,0.5,0.0,,14,X,Y,2,0,5,5,0.625,2,"C00,W",0.5,1,0,1,0,2,True,1,ok,local_up_fast,mpdag_criterion,True,"Conjecture 2 (hence Anti-Exchange Case B, verified not proved)",C00->C02 C00->Y C02->C03 C04->C05 W->Y X->C04 X->Y C00-X,0.00035737500000010414,0.0,0.00035737500000010414,,1,5,2,0,0.477,0.477,2,1
c06_s01_cov050_seed00000015_bw000,c06_s01_cov050_seed00000015,flip,fast_gate,6,1,measured,0.5,0.0,,15,X,Y,3,1,5,5,0.6666666666666666,2,"C00,W",0.3333333333333333,1,0,1,0,3,True,1,ok,local_up_fast,mpdag_criterion,True,"Conjecture 2 (hence Anti-Exchange Case B, verified not proved)",C00->C04 C00->C05 C00->Y C02->C03 W->Y X->C02 X->Y C00-X C04-C05,0.00020750000000013813,0.0,0.00020750000000013813,,1,5,2,0,0.8435,1.687,3,1
c06_s01_cov050_seed00000016_bw000,c06_s01_cov050_seed00000016,flip,fast_gate,6,1,measured,0.5,0.0,,16,X,Y,3,0,6,6,0.6666666666666666,2,"C00,W",0.3333333333333333,1,0,1,0,3,True,1,ok,local_up_fast,mpdag_criterion,True,"Conjecture 2 (hence Anti-Exchange Case B, verified not proved)",C00->Y C02->C03 C02->C05 W->Y X->C02 X->C03 X->C04 X->Y C00-X,0.0004623329999997594,0.0,0.0004623329999997594,,1,6,3,0,0.24258160237388723,0.48516320474777447,3,1
c06_s01_cov050_seed00000017_bw000,c06_s01_cov050_seed00000017,flip,fast_gate,6,1,measured,0.5,0.0,,17,X,Y,4,2,5,5,0.7,2,"C00,W",0.25,1,0,1,0,3,True,1,ok,local_up_fast,mpdag_criterion,True,"Conjecture 2 (hence Anti-Exchange Case B, verified not proved)",C00->C02 C00->Y C02->C03 C02->C04 W->Y X->C05 X->Y C00-X C02-X C03-C04,0.00029766699999989044,0.0,0.00029766699999989044,,1,5,2,0,0.42313428721840707,1.5200792263693903,4,0
c06_s01_cov050_seed00000018_bw000,c06_s01_cov050_seed00000018,flip,fast_gate,6,1,measured,0.5,0.0,,18,X,Y,3,1,5,5,0.6666666666666666,2,"C00,W",0.3333333333333333,1,0,1,0,3,True,1,ok,local_up_fast,mpdag_criterion,True,"Conjecture 2 (hence Anti-Exchange Case B, verified not proved)",C00->C03 C00->C04 C00->Y C03->C05 W->Y X->C02 X->Y C00-X C03-X,0.00022433400000032577,0.0,0.00022433400000032577,,1,5,2,0,0.343,0.686,3,1
c06_s01_cov050_seed00000019_bw000,c06_s01_cov050_seed00000019,flip,fast_gate,6,1,measured,0.5,0.0,,19,X,Y,3,1,5,5,0.6666666666666666,2,"C00,W",0.3333333333333333,1,0,1,0,3,True,1,ok,local_up_fast,mpdag_criterion,True,"Conjecture 2 (hence Anti-Exchange Case B, verified not proved)",C00->C04 C00->C05 C00->Y W->Y X->C02 X->C03 X->Y C00-X C02-C03,0.00020087500000087744,0.0,0.00020087500000087744,,1,5,2,0,0.6710000000000002,0.671,3,2
c06_s01_cov050_seed00000020_bw000,c06_s01_cov050_seed00000020,flip,fast_gate,6,1,measured,0.5,0.0,,20,X,Y,4,1,6,6,0.7,2,"C00,W",0.25,1,0,1,0,3,True,1,ok,local_up_fast,mpdag_criterion,True,"Conjecture 2 (hence Anti-Exchange Case B, verified not proved)",C00->C03 C00->C04 C00->Y C02->C05 W->Y X->C02 X->C05 X->Y C00-X C03-X,0.0003177910000005113,0.0,0.0003177910000005113,,1,6,3,0,0.3712166921898928,1.2373889739663093,4,1
c06_s01_cov050_seed00000021_bw000,c06_s01_cov050_seed00000021,flip,fast_gate,6,1,measured,0.5,0.0,,21,X,Y,2,1,4,4,0.625,2,"C00,W",0.5,1,0,1,0,2,True,1,ok,local_up_fast,mpdag_criterion,True,"Conjecture 2 (hence Anti-Exchange Case B, verified not proved)",C00->C02 C00->Y C02->C03 W->Y X->C04 X->Y C00-C05 C00-X,0.00019858399999961307,0.0,0.00019858399999961307,,1,4,2,0,0.46499999999999997,0.465,2,1
c06_s01_cov050_seed00000022_bw000,c06_s01_cov050_seed00000022,flip,fast_gate,6,1,measured,0.5,0.0,,22,X,Y,4,2,5,5,0.7,2,"C00,W",0.25,1,0,1,0,3,True,1,ok,local_up_fast,mpdag_criterion,True,"Conjecture 2 (hence Anti-Exchange Case B, verified not proved)",C00->C02 C00->C03 C00->C05 C00->Y C02->C04 W->Y X->Y C00-X C02-X C03-X,0.00032454100000123276,0.0,0.00032454100000123276,,1,5,2,0,0.2313,0.771,4,2
c06_s01_cov050_seed00000023_bw000,c06_s01_cov050_seed00000023,flip,fast_gate,6,1,measured,0.5,0.0,,23,X,Y,3,2,4,4,0.6666666666666666,2,"C00,W",0.3333333333333333,1,0,1,0,3,True,1,ok,local_up_fast,mpdag_criterion,True,"Conjecture 2 (hence Anti-Exchange Case B, verified not proved)",C00->C02 C00->C03 C00->Y C02->C04 W->Y X->Y C00-C05 C00-X C02-C03,0.00021541699999971797,0.0,0.00021541699999971797,,1,4,2,0,0.8265,1.653,3,1
c06_s01_cov050_seed00000024_bw000,c06_s01_cov050_seed00000024,flip,fast_gate,6,1,measured,0.5,0.0,,24,X,Y,2,2,3,3,0.625,2,"C00,W",0.5,1,0,1,0,2,True,1,ok,local_up_fast,mpdag_criterion,True,"Conjecture 2 (hence Anti-Exchange Case B, verified not proved)",C00->C02 C00->Y C02->C05 W->Y X->Y C00-C03 C00-C04 C00-X,0.0003619170000010996,0.0,0.0003619170000010996,,1,3,2,0,0.4900000000000001,0.49,2,1
c06_s01_cov050_seed00000025_bw000,c06_s01_cov050_seed00000025,flip,fast_gate,6,1,measured,0.5,0.0,,25,X,Y,4,2,6,6,0.7272727272727273,2,"C00,W",0.25,1,0,1,0,3,True,1,ok,local_up_fast,mpdag_criterion,True,"Conjecture 2 (hence Anti-Exchange Case B, verified not proved)",C00->C02 C00->C03 C00->C05 C00->Y C02->C04 W->Y X->C04 X->Y C00-X C02-C03 C02-X,0.0003627500000007444,0.0,0.0003627500000007444,,1,6,2,0,0.5813322580645159,1.2539032258064515,4,2
c06_s01_cov050_seed00000026_bw000,c06_s01_cov050_seed00000026,flip,fast_gate,6,1,measured,0.5,0.0,,26,X,Y,4,2,5,5,0.7,2,"C00,W",0.25,1,0,1,0,3,True,1,ok,local_up_fast,mpdag_criterion,True,"Conjecture 2 (hence Anti-Exchange Case B, verified not proved)",C00->C02 C00->C03 C00->Y C02->C04 C02->C05 W->Y X->Y C00-X C02-X C03-X,0.0003517920000000174,0.0,0.0003517920000000174,,1,5,2,0,0.29723344160429316,0.9907781386809773,4,1
c06_s01_cov050_seed00000027_bw000,c06_s01_cov050_seed00000027,flip,fast_gate,6,1,measured,0.5,0.0,,27,X,Y,3,1,5,5,0.6666666666666666,2,"C00,W",0.3333333333333333,1,0,1,0,3,True,1,ok,local_up_fast,mpdag_criterion,True,"Conjecture 2 (hence Anti-Exchange Case B, verified not proved)",C00->C02 C00->C03 C00->Y C02->C04 W->Y X->C05 X->Y C00-X C02-C03,0.00021441700000046637,0.0,0.00021441700000046637,,1,5,2,0,0.834,1.6680000000000001,3,1
c06_s01_cov050_seed00000028_bw000,c06_s01_cov050_seed00000028,flip,fast_gate,6,1,measured,0.5,0.0,,28,X,Y,3,1,5,5,0.6666666666666666,2,"C00,W",0.3333333333333333,1,0,1,0,3,True,1,ok,local_up_fast,mpdag_criterion,True,"Conjecture 2 (hence Anti-Exchange Case B, verified not proved)",C00->C05 C00->Y C02->C03 C02->C04 W->Y X->C02 X->Y C00-X C03-C04,0.00022774999999874979,0.0,0.00022774999999874979,,1,5,2,0,0.2420091324200913,0.4840182648401826,3,1
c06_s01_cov050_seed00000029_bw000,c06_s01_cov050_seed00000029,flip,fast_gate,6,1,measured,0.5,0.0,,29,X,Y,4,0,7,7,0.7,2,"C00,W",0.25,1,0,1,0,3,True,1,ok,local_up_fast,mpdag_criterion,True,"Conjecture 2 (hence Anti-Exchange Case B, verified not proved)",C00->C03 C00->Y C02->C04 C02->C05 W->Y X->C02 X->C04 X->C05 X->Y C00-X,0.00031129200000101775,0.0,0.00031129200000101775,,1,7,4,0,0.5901181126331813,1.2750258751902588,4,2
c06_s01_cov050_seed00000030_bw000,c06_s01_cov050_seed00000030,flip,fast_gate,6,1,measured,0.5,0.0,,30,X,Y,3,2,4,4,0.6666666666666666,2,"C00,W",0.3333333333333333,1,0,1,0,3,True,1,ok,local_up_fast,mpdag_criterion,True,"Conjecture 2 (hence Anti-Exchange Case B, verified not proved)",C00->C02 C00->C03 C00->Y C02->C04 W->Y X->Y C00-C05 C00-X C02-C03,0.00019883399999898188,0.0,0.00019883399999898188,,1,4,2,0,0.8345,1.669,3,1
c06_s01_cov050_seed00000031_bw000,c06_s01_cov050_seed00000031,flip,fast_gate,6,1,measured,0.5,0.0,,31,X,Y,4,2,5,5,0.7,2,"C00,W",0.25,1,0,1,0,3,True,1,ok,local_up_fast,mpdag_criterion,True,"Conjecture 2 (hence Anti-Exchange Case B, verified not proved)",C00->C02 C00->C04 C00->C05 C00->Y C02->C03 W->Y X->Y C00-X C02-C05 C02-X,0.0005882079999999235,0.0,0.0005882079999999235,,1,5,2,0,0.5797744680851064,1.247677811550152,4,2
c06_s01_cov050_seed00000032_bw000,c06_s01_cov050_seed00000032,flip,fast_gate,6,1,measured,0.5,0.0,,32,X,Y,2,0,5,5,0.625,2,"C00,W",0.5,1,0,1,0,2,True,1,ok,local_up_fast,mpdag_criterion,True,"Conjecture 2 (hence Anti-Exchange Case B, verified not proved)",C00->C03 C00->Y W->Y X->C02 X->C04 X->C05 X->Y C00-X,0.0001824580000011622,0.0,0.0001824580000011622,,1,5,2,0,0.479,0.479,2,1
c06_s01_cov050_seed00000033_bw000,c06_s01_cov050_seed00000033,flip,fast_gate,6,1,measured,0.5,0.0,,33,X,Y,2,0,5,5,0.625,2,"C00,W",0.5,1,0,1,0,2,True,1,ok,local_up_fast,mpdag_criterion,True,"Conjecture 2 (hence Anti-Exchange Case B, verified not proved)",C00->Y W->Y X->C02 X->C03 X->C04 X->C05 X->Y C00-X,0.00019370799999762767,0.0,0.00019370799999762767,,1,5,2,0,0.0,0.0,2,0
c06_s01_cov050_seed00000034_bw000,c06_s01_cov050_seed00000034,flip,fast_gate,6,1,measured,0.5,0.0,,34,X,Y,3,1,5,5,0.6666666666666666,2,"C00,W",0.3333333333333333,1,0,1,0,3,True,1,ok,local_up_fast,mpdag_criterion,True,"Conjecture 2 (hence Anti-Exchange Case B, verified not proved)",C00->C02 C00->C03 C00->Y C02->C04 W->Y X->C05 X->Y C00-X C03-X,0.0002511250000019061,0.0,0.0002511250000019061,,1,5,2,0,0.332,0.664,3,1
c06_s01_cov050_seed00000035_bw000,c06_s01_cov050_seed00000035,flip,fast_gate,6,1,measured,0.5,0.0,,35,X,Y,3,1,5,5,0.6666666666666666,2,"C00,W",0.3333333333333333,1,0,1,0,3,True,1,ok,local_up_fast,mpdag_criterion,True,"Conjecture 2 (hence Anti-Exchange Case B, verified not proved)",C00->C02 C00->C04 C00->Y C02->C05 W->Y X->C03 X->Y C00-X C02-C04,0.000211625000002158,0.0,0.000211625000002158,,1,5,2,0,0.8390000000000001,1.678,3,1
c06_s01_cov050_seed00000036_bw000,c06_s01_cov050_seed00000036,flip,fast_gate,6,1,measured,0.5,0.0,,36,X,Y,2,2,3,3,0.625,2,"C00,W",0.5,1,0,1,0,2,True,1,ok,local_up_fast,mpdag_criterion,True,"Conjecture 2 (hence Anti-Exchange Case B, verified not proved)",C00->C02 C00->Y C02->C05 W->Y X->Y C00-C03 C00-X C03-C04,0.00021116699999979005,0.0,0.00021116699999979005,,1,3,2,0,0.5120000000000001,0.512,2,1
c06_s01_cov050_seed00000037_bw000,c06_s01_cov050_seed00000037,flip,fast_gate,6,1,measured,0.5,0.0,,37,X,Y,3,1,5,5,0.6666666666666666,2,"C00,W",0.3333333333333333,1,0,1,0,3,True,1,ok,local_up_fast,mpdag_criterion,True,"Conjecture 2 (hence Anti-Exchange Case B, verified not proved)",C00->C02 C00->C03 C00->Y C03->C04 C03->C05 W->Y X->Y C00-X C02-C03,0.00023279100000195285,0.0,0.00023279100000195285,,1,5,2,0,0.8285,1.657,3,1
c06_s01_cov050_seed00000038_bw000,c06_s01_cov050_seed00000038,flip,fast_gate,6,1,measured,0.5,0.0,,38,X,Y,4,0,7,7,0.7,2,"C00,W",0.25,1,0,1,0,3,True,1,ok,local_up_fast,mpdag_criterion,True,"Conjecture 2 (hence Anti-Exchange Case B, verified not proved)",C00->C02 C00->Y C03->C05 W->Y X->C02 X->C03 X->C04 X->C05 X->Y C00-X,0.00032537499999918396,0.0,0.00032537499999918396,,1,7,4,0,0.4125177443813781,1.4873444847939377,4,0
c06_s01_cov050_seed00000039_bw000,c06_s01_cov050_seed00000039,flip,fast_gate,6,1,measured,0.5,0.0,,39,X,Y,4,1,6,6,0.7,2,"C00,W",0.25,1,0,1,0,3,True,1,ok,local_up_fast,mpdag_criterion,True,"Conjecture 2 (hence Anti-Exchange Case B, verified not proved)",C00->C03 C00->Y C04->C05 W->Y X->C02 X->C04 X->C05 X->Y C00-X C03-X,0.00034854200000111746,0.0,0.00034854200000111746,,1,6,3,0,0.26813726642378655,0.8937908880792886,4,0
c06_s01_cov050_seed00000000_bw010,c06_s01_cov050_seed00000000,flip,fast_gate,6,1,measured,0.5,0.1,,0,X,Y,4,2,5,5,0.7,2,"C00,W",0.25,1,0,1,0,3,True,1,ok,local_up_fast,mpdag_criterion,True,"Conjecture 2 (hence Anti-Exchange Case B, verified not proved)",C00->C02 C00->C03 C00->C04 C00->Y C03->C05 W->Y X->Y C00-X C02-X C03-X,0.0002877500000018074,0.0,0.0002877500000018074,,1,5,2,0,0.2277,0.759,4,2
c06_s01_cov050_seed00000001_bw010,c06_s01_cov050_seed00000001,flip,fast_gate,6,1,measured,0.5,0.1,,1,X,Y,3,1,5,5,0.6666666666666666,2,"C00,W",0.3333333333333333,1,0,1,0,3,True,1,ok,local_up_fast,mpdag_criterion,True,"Conjecture 2 (hence Anti-Exchange Case B, verified not proved)",C00->C02 C00->C03 C00->Y C03->C04 C04->C05 W->Y X->Y C00-X C03-X,0.00022062500000075147,0.0,0.00022062500000075147,,1,5,2,0,0.3445,0.689,3,1
c06_s01_cov050_seed00000002_bw010,c06_s01_cov050_seed00000002,flip,fast_gate,6,1,measured,0.5,0.1,,2,X,Y,3,2,4,4,0.6666666666666666,2,"C00,W",0.3333333333333333,1,0,1,0,3,True,1,ok,local_up_fast,mpdag_criterion,True,"Conjecture 2 (hence Anti-Exchange Case B, verified not proved)",C00->C02 C00->C03 C00->Y W->Y X->C04 X->Y C00-C05 C00-X C02-X,0.0002251250000000482,0.0,0.0002251250000000482,,1,4,2,0,0.3235,0.647,3,1
c06_s01_cov050_seed00000003_bw010,c06_s01_cov050_seed00000003,flip,fast_gate,6,1,measured,0.5,0.1,,3,X,Y,4,2,5,5,0.7,2,"C00,W",0.25,1,0,1,0,3,True,1,ok,local_up_fast,mpdag_criterion,True,"Conjecture 2 (hence Anti-Exchange Case B, verified not proved)",C00->C02 C00->C03 C00->C04 C00->Y C02->C05 W->Y X->Y C00-X C02-X C03-C04,0.0011002080000004355,0.0,0.0011002080000004355,,1,5,2,0,0.6237899686520376,1.331128526645768,4,2
c06_s01_cov050_seed00000004_bw010,c06_s01_cov050_seed00000004,flip,fast_gate,6,1,measured,0.5,0.1,,4,X,Y,2,0,5,5,0.625,2,"C00,W",0.5,1,0,1,0,2,True,1,ok,local_up_fast,mpdag_criterion,True,"Conjecture 2 (hence Anti-Exchange Case B, verified not proved)",C00->C05 C00->Y C02->C03 C03->C04 W->Y X->C02 X->Y C00-X,0.00016279100000105018,0.0,0.00016279100000105018,,1,5,2,0,0.5,0.5,2,1
c06_s01_cov050_seed00000005_bw010,c06_s01_cov050_seed00000005,flip,fast_gate,6,1,measured,0.5,0.1,,5,X,Y,3,0,6,6,0.6666666666666666,2,"C00,W",0.3333333333333333,1,0,1,0,3,True,1,ok,local_up_fast,mpdag_criterion,True,"Conjecture 2 (hence Anti-Exchange Case B, verified not proved)",C00->Y C02->C03 C02->C04 W->Y X->C02 X->C04 X->C05 X->Y C00-X,0.00022037500000138266,0.0,0.00022037500000138266,,1,6,3,0,0.2631578947368421,0.5263157894736842,3,1
c06_s01_cov050_seed00000006_bw010,c06_s01_cov050_seed00000006,flip,fast_gate,6,1,measured,0.5,0.1,,6,X,Y,2,0,5,5,0.625,2,"C00,W",0.5,1,0,1,0,2,True,1,ok,local_up_fast,mpdag_criterion,True,"Conjecture 2 (hence Anti-Exchange Case B, verified not proved)",C00->C02 C00->Y C02->C04 W->Y X->C03 X->C05 X->Y C00-X,0.00016366700000247647,0.0,0.00016366700000247647,,1,5,2,0,0.508,0.508,2,1
c06_s01_cov050_seed00000007_bw010,c06_s01_cov050_seed00000007,flip,fast_gate,6,1,measured,0.5,0.1,,7,X,Y,2,0,5,5,0.625,2,"C00,W",0.5,1,0,1,0,2,True,1,ok,local_up_fast,mpdag_criterion,True,"Conjecture 2 (hence Anti-Exchange Case B, verified not proved)",C00->Y C03->C04 W->Y X->C02 X->C03 X->C05 X->Y C00-X,0.00018016699999989783,0.0,0.00018016699999989783,,1,5,2,0,0.0,0.0,2,0
c06_s01_cov050_seed00000008_bw010,c06_s01_cov050_seed00000008,flip,fast_gate,6,1,measured,0.5,0.1,,8,X,Y,2,0,5,5,0.625,2,"C00,W",0.5,1,0,1,0,2,True,1,ok,local_up_fast,mpdag_criterion,True,"Conjecture 2 (hence Anti-Exchange Case B, verified not proved)",C00->C03 C00->Y C02->C04 C03->C05 W->Y X->C02 X->Y C00-X,0.00028320799999903556,0.0,0.00028320799999903556,,1,5,2,0,0.491,0.491,2,1
c06_s01_cov050_seed00000009_bw010,c06_s01_cov050_seed00000009,flip,fast_gate,6,1,measured,0.5,0.1,,9,X,Y,3,1,5,5,0.6666666666666666,2,"C00,W",0.3333333333333333,1,0,1,0,3,True,1,ok,local_up_fast,mpdag_criterion,True,"Conjecture 2 (hence Anti-Exchange Case B, verified not proved)",C00->C02 C00->Y C02->C03 C02->C04 C03->C05 W->Y X->Y C00-X C02-X,0.00023883300000093755,0.0,0.00023883300000093755,,1,5,2,0,0.4046068685623282,1.0138920996977558,3,0
c06_s01_cov050_seed00000010_bw010,c06_s01_cov050_seed00000010,flip,fast_gate,6,1,measured,0.5,0.1,,10,X,Y,4,2,5,5,0.7,2,"C00,W",0.25,1,0,1,0,3,True,1,ok,local_up_fast,mpdag_criterion,True,"Conjecture 2 (hence Anti-Exchange Case B, verified not proved)",C00->C02 C00->C05 C00->Y C02->C03 C02->C04 W->Y X->Y C00-X C02-X C05-X,0.0003231669999976816,0.0,0.0003231669999976816,,1,5,2,0,0.30118341335386883,1.003944711179563,4,1
c06_s01_cov050_seed00000011_bw010,c06_s01_cov050_seed00000011,flip,fast_gate,6,1,measured,0.5,0.1,,11,X,Y,3,3,3,3,0.6666666666666666,2,"C00,W",0.3333333333333333,1,0,1,0,3,True,1,ok,local_up_fast,mpdag_criterion,True,"Conjecture 2 (hence Anti-Exchange Case B, verified not proved)",C00->C02 C00->C03 C00->Y W->Y X->Y C00-C04 C00-C05 C00-X C02-C04,0.00019745900000245342,0.0,0.00019745900000245342,,1,3,2,0,0.6790000000000002,0.679,3,2
c06_s01_cov050_seed00000012_bw010,c06_s01_cov050_seed00000012,flip,fast_gate,6,1,measured,0.5,0.1,,12,X,Y,4,2,5,5,0.7,2,"C00,W",0.25,1,0,1,0,3,True,1,ok,local_up_fast,mpdag_criterion,True,"Conjecture 2 (hence Anti-Exchange Case B, verified not proved)",C00->C03 C00->C04 C00->C05 C00->Y W->Y X->C02 X->Y C00-X C03-X C04-C05,0.00025170899999693575,0.0,0.00025170899999693575,,1,5,2,0,0.5768,1.256,4,2
c06_s01_cov050_seed00000013_bw010,c06_s01_cov050_seed00000013,flip,fast_gate,6,1,measured,0.5,0.1,,13,X,Y,3,1,5,5,0.6666666666666666,2,"C00,W",0.3333333333333333,1,0,1,0,3,True,1,ok,local_up_fast,mpdag_criterion,True,"Conjecture 2 (hence Anti-Exchange Case B, verified not proved)",C00->Y C02->C03 C02->C04 W->Y X->C02 X->C05 X->Y C00-X C03-C04,0.00022562499999878582,0.0,0.00022562499999878582,,1,5,2,0,0.0,0.0,3,0
c06_s01_cov050_seed00000014_bw010,c06_s01_cov050_seed00000014,flip,fast_gate,6,1,measured,0.5,0.1,,14,X,Y,2,0,5,5,0.625,2,"C00,W",0.5,1,0,1,0,2,True,1,ok,local_up_fast,mpdag_criterion,True,"Conjecture 2 (hence Anti-Exchange Case B, verified not proved)",C00->C02 C00->Y C02->C03 C04->C05 W->Y X->C04 X->Y C00-X,0.00017212499999885722,0.0,0.00017212499999885722,,1,5,2,0,0.535,0.535,2,1
c06_s01_cov050_seed00000015_bw010,c06_s01_cov050_seed00000015,flip,fast_gate,6,1,measured,0.5,0.1,,15,X,Y,3,1,5,5,0.6666666666666666,2,"C00,W",0.3333333333333333,1,0,1,0,3,True,1,ok,local_up_fast,mpdag_criterion,True,"Conjecture 2 (hence Anti-Exchange Case B, verified not proved)",C00->C04 C00->C05 C00->Y C02->C03 W->Y X->C02 X->Y C00-X C04-C05,0.00019187500000228397,0.0,0.00019187500000228397,,1,5,2,0,0.827,1.654,3,1
c06_s01_cov050_seed00000016_bw010,c06_s01_cov050_seed00000016,flip,fast_gate,6,1,measured,0.5,0.1,,16,X,Y,3,0,6,6,0.6666666666666666,2,"C00,W",0.3333333333333333,1,0,1,0,3,True,1,ok,local_up_fast,mpdag_criterion,True,"Conjecture 2 (hence Anti-Exchange Case B, verified not proved)",C00->Y C02->C03 C02->C05 W->Y X->C02 X->C03 X->C04 X->Y C00-X,0.00022883400000139886,0.0,0.00022883400000139886,,1,6,3,0,0.23813056379821956,0.4762611275964392,3,1
c06_s01_cov050_seed00000017_bw010,c06_s01_cov050_seed00000017,flip,fast_gate,6,1,measured,0.5,0.1,,17,X,Y,4,2,5,5,0.7,2,"C00,W",0.25,1,0,1,0,3,True,1,ok,local_up_fast,mpdag_criterion,True,"Conjecture 2 (hence Anti-Exchange Case B, verified not proved)",C00->C02 C00->Y C02->C03 C02->C04 W->Y X->C05 X->Y C00-X C02-X C03-C04,0.00028475000000227624,0.0,0.00028475000000227624,,1,5,2,0,0.4271121018113039,1.539022321352995,4,0
c06_s01_cov050_seed00000018_bw010,c06_s01_cov050_seed00000018,flip,fast_gate,6,1,measured,0.5,0.1,,18,X,Y,3,1,5,5,0.6666666666666666,2,"C00,W",0.3333333333333333,1,0,1,0,3,True,1,ok,local_up_fast,mpdag_criterion,True,"Conjecture 2 (hence Anti-Exchange Case B, verified not proved)",C00->C03 C00->C04 C00->Y C03->C05 W->Y X->C02 X->Y C00-X C03-X,0.00024008400000141705,0.0,0.00024008400000141705,,1,5,2,0,0.343,0.686,3,1
c06_s01_cov050_seed00000019_bw010,c06_s01_cov050_seed00000019,flip,fast_gate,6,1,measured,0.5,0.1,,19,X,Y,3,1,5,5,0.6666666666666666,2,"C00,W",0.3333333333333333,1,0,1,0,3,True,1,ok,local_up_fast,mpdag_criterion,True,"Conjecture 2 (hence Anti-Exchange Case B, verified not proved)",C00->C04 C00->C05 C00->Y W->Y X->C02 X->C03 X->Y C00-X C02-C03,0.00020266599999985146,0.0,0.00020266599999985146,,1,5,2,0,0.6690000000000002,0.669,3,2
c06_s01_cov050_seed00000020_bw010,c06_s01_cov050_seed00000020,flip,fast_gate,6,1,measured,0.5,0.1,,20,X,Y,4,1,6,6,0.7,2,"C00,W",0.25,1,0,1,0,3,True,1,ok,local_up_fast,mpdag_criterion,True,"Conjecture 2 (hence Anti-Exchange Case B, verified not proved)",C00->C03 C00->C04 C00->Y C02->C05 W->Y X->C02 X->C05 X->Y C00-X C03-X,0.0002878750000014918,0.0,0.0002878750000014918,,1,6,3,0,0.3713031700288184,1.2376772334293948,4,1
c06_s01_cov050_seed00000021_bw010,c06_s01_cov050_seed00000021,flip,fast_gate,6,1,measured,0.5,0.1,,21,X,Y,2,1,4,4,0.625,2,"C00,W",0.5,1,0,1,0,2,True,1,ok,local_up_fast,mpdag_criterion,True,"Conjecture 2 (hence Anti-Exchange Case B, verified not proved)",C00->C02 C00->Y C02->C03 W->Y X->C04 X->Y C00-C05 C00-X,0.00017462499999965075,0.0,0.00017462499999965075,,1,4,2,0,0.4900000000000001,0.49,2,1
c06_s01_cov050_seed00000022_bw010,c06_s01_cov050_seed00000022,flip,fast_gate,6,1,measured,0.5,0.1,,22,X,Y,4,2,5,5,0.7,2,"C00,W",0.25,1,0,1,0,3,True,1,ok,local_up_fast,mpdag_criterion,True,"Conjecture 2 (hence Anti-Exchange Case B, verified not proved)",C00->C02 C00->C03 C00->C05 C00->Y C02->C04 W->Y X->Y C00-X C02-X C03-X,0.0002957499999993729,0.0,0.0002957499999993729,,1,5,2,0,0.2307,0.769,4,2
c06_s01_cov050_seed00000023_bw010,c06_s01_cov050_seed00000023,flip,fast_gate,6,1,measured,0.5,0.1,,23,X,Y,3,2,4,4,0.6666666666666666,2,"C00,W",0.3333333333333333,1,0,1,0,3,True,1,ok,local_up_fast,mpdag_criterion,True,"Conjecture 2 (hence Anti-Exchange Case B, verified not proved)",C00->C02 C00->C03 C00->Y C02->C04 W->Y X->Y C00-C05 C00-X C02-C03,0.00020004199999590355,0.0,0.00020004199999590355,,1,4,2,0,0.8315000000000001,1.663,3,1
c06_s01_cov050_seed00000024_bw010,c06_s01_cov050_seed00000024,flip,fast_gate,6,1,measured,0.5,0.1,,24,X,Y,2,2,3,3,0.625,2,"C00,W",0.5,1,0,1,0,2,True,1,ok,local_up_fast,mpdag_criterion,True,"Conjecture 2 (hence Anti-Exchange Case B, verified not proved)",C00->C02 C00->Y C02->C05 W->Y X->Y C00-C03 C00-C04 C00-X,0.00018225000000171576,0.0,0.00018225000000171576,,1,3,2,0,0.5069999999999999,0.507,2,1
c06_s01_cov050_seed00000025_bw010,c06_s01_cov050_seed00000025,flip,fast_gate,6,1,measured,0.5,0.1,,25,X,Y,4,2,6,6,0.7272727272727273,2,"C00,W",0.25,1,0,1,0,3,True,1,ok,local_up_fast,mpdag_criterion,True,"Conjecture 2 (hence Anti-Exchange Case B, verified not proved)",C00->C02 C00->C03 C00->C05 C00->Y C02->C04 W->Y X->C04 X->Y C00-X C02-C03 C02-X,0.0003484580000048254,0.0,0.0003484580000048254,,1,6,2,0,0.5317224489795918,1.1893177842565597,4,2
c06_s01_cov050_seed00000026_bw010,c06_s01_cov050_seed00000026,flip,fast_gate,6,1,measured,0.5,0.1,,26,X,Y,4,2,5,5,0.7,2,"C00,W",0.25,1,0,1,0,3,True,1,ok,local_up_fast,mpdag_criterion,True,"Conjecture 2 (hence Anti-Exchange Case B, verified not proved)",C00->C02 C00->C03 C00->Y C02->C04 C02->C05 W->Y X->Y C00-X C02-X C03-X,0.0002990829999944822,0.0,0.0002990829999944822,,1,5,2,0,0.29582467082467084,0.9860822360822361,4,1
c06_s01_cov050_seed00000027_bw010,c06_s01_cov050_seed00000027,flip,fast_gate,6,1,measured,0.5,0.1,,27,X,Y,3,1,5,5,0.6666666666666666,2,"C00,W",0.3333333333333333,1,0,1,0,3,True,1,ok,local_up_fast,mpdag_criterion,True,"Conjecture 2 (hence Anti-Exchange Case B, verified not proved)",C00->C02 C00->C03 C00->Y C02->C04 W->Y X->C05 X->Y C00-X C02-C03,0.00019512499999763122,0.0,0.00019512499999763122,,1,5,2,0,0.8370000000000001,1.674,3,1
c06_s01_cov050_seed00000028_bw010,c06_s01_cov050_seed00000028,flip,fast_gate,6,1,measured,0.5,0.1,,28,X,Y,3,1,5,5,0.6666666666666666,2,"C00,W",0.3333333333333333,1,0,1,0,3,True,1,ok,local_up_fast,mpdag_criterion,True,"Conjecture 2 (hence Anti-Exchange Case B, verified not proved)",C00->C05 C00->Y C02->C03 C02->C04 W->Y X->C02 X->Y C00-X C03-C04,0.00020408299999985502,0.0,0.00020408299999985502,,1,5,2,0,0.25745682888540034,0.5149136577708007,3,1
c06_s01_cov050_seed00000029_bw010,c06_s01_cov050_seed00000029,flip,fast_gate,6,1,measured,0.5,0.1,,29,X,Y,4,0,7,7,0.7,2,"C00,W",0.25,1,0,1,0,3,True,1,ok,local_up_fast,mpdag_criterion,True,"Conjecture 2 (hence Anti-Exchange Case B, verified not proved)",C00->C03 C00->Y C02->C04 C02->C05 W->Y X->C02 X->C04 X->C05 X->Y C00-X,0.00023783400000354504,0.0,0.00023783400000354504,,1,7,4,0,0.5708773613193403,1.2452533733133433,4,2
c06_s01_cov050_seed00000030_bw010,c06_s01_cov050_seed00000030,flip,fast_gate,6,1,measured,0.5,0.1,,30,X,Y,3,2,4,4,0.6666666666666666,2,"C00,W",0.3333333333333333,1,0,1,0,3,True,1,ok,local_up_fast,mpdag_criterion,True,"Conjecture 2 (hence Anti-Exchange Case B, verified not proved)",C00->C02 C00->C03 C00->Y C02->C04 W->Y X->Y C00-C05 C00-X C02-C03,0.0003437920000024519,0.0,0.0003437920000024519,,1,4,2,0,0.8320000000000001,1.6640000000000001,3,1
c06_s01_cov050_seed00000031_bw010,c06_s01_cov050_seed00000031,flip,fast_gate,6,1,measured,0.5,0.1,,31,X,Y,4,2,5,5,0.7,2,"C00,W",0.25,1,0,1,0,3,True,1,ok,local_up_fast,mpdag_criterion,True,"Conjecture 2 (hence Anti-Exchange Case B, verified not proved)",C00->C02 C00->C04 C00->C05 C00->Y C02->C03 W->Y X->Y C00-X C02-C05 C02-X,0.00029541699999668936,0.0,0.00029541699999668936,,1,5,2,0,0.5867790697674419,1.2582558139534883,4,2
c06_s01_cov050_seed00000032_bw010,c06_s01_cov050_seed00000032,flip,fast_gate,6,1,measured,0.5,0.1,,32,X,Y,2,0,5,5,0.625,2,"C00,W",0.5,1,0,1,0,2,True,1,ok,local_up_fast,mpdag_criterion,True,"Conjecture 2 (hence Anti-Exchange Case B, verified not proved)",C00->C03 C00->Y W->Y X->C02 X->C04 X->C05 X->Y C00-X,0.00016579100000058133,0.0,0.00016579100000058133,,1,5,2,0,0.503,0.503,2,1
c06_s01_cov050_seed00000033_bw010,c06_s01_cov050_seed00000033,flip,fast_gate,6,1,measured,0.5,0.1,,33,X,Y,2,0,5,5,0.625,2,"C00,W",0.5,1,0,1,0,2,True,1,ok,local_up_fast,mpdag_criterion,True,"Conjecture 2 (hence Anti-Exchange Case B, verified not proved)",C00->Y W->Y X->C02 X->C03 X->C04 X->C05 X->Y C00-X,0.00017062500000264436,0.0,0.00017062500000264436,,1,5,2,0,0.0,0.0,2,0
c06_s01_cov050_seed00000034_bw010,c06_s01_cov050_seed00000034,flip,fast_gate,6,1,measured,0.5,0.1,,34,X,Y,3,1,5,5,0.6666666666666666,2,"C00,W",0.3333333333333333,1,0,1,0,3,True,1,ok,local_up_fast,mpdag_criterion,True,"Conjecture 2 (hence Anti-Exchange Case B, verified not proved)",C00->C02 C00->C03 C00->Y C02->C04 W->Y X->C05 X->Y C00-X C03-X,0.00022537499999941701,0.0,0.00022537499999941701,,1,5,2,0,0.3445,0.689,3,1
c06_s01_cov050_seed00000035_bw010,c06_s01_cov050_seed00000035,flip,fast_gate,6,1,measured,0.5,0.1,,35,X,Y,3,1,5,5,0.6666666666666666,2,"C00,W",0.3333333333333333,1,0,1,0,3,True,1,ok,local_up_fast,mpdag_criterion,True,"Conjecture 2 (hence Anti-Exchange Case B, verified not proved)",C00->C02 C00->C04 C00->Y C02->C05 W->Y X->C03 X->Y C00-X C02-C04,0.00025062499999961574,0.0,0.00025062499999961574,,1,5,2,0,0.8480000000000001,1.696,3,1
c06_s01_cov050_seed00000036_bw010,c06_s01_cov050_seed00000036,flip,fast_gate,6,1,measured,0.5,0.1,,36,X,Y,2,2,3,3,0.625,2,"C00,W",0.5,1,0,1,0,2,True,1,ok,local_up_fast,mpdag_criterion,True,"Conjecture 2 (hence Anti-Exchange Case B, verified not proved)",C00->C02 C00->Y C02->C05 W->Y X->Y C00-C03 C00-X C03-C04,0.00018416700000045694,0.0,0.00018416700000045694,,1,3,2,0,0.4900000000000001,0.49,2,1
c06_s01_cov050_seed00000037_bw010,c06_s01_cov050_seed00000037,flip,fast_gate,6,1,measured,0.5,0.1,,37,X,Y,3,1,5,5,0.6666666666666666,2,"C00,W",0.3333333333333333,1,0,1,0,3,True,1,ok,local_up_fast,mpdag_criterion,True,"Conjecture 2 (hence Anti-Exchange Case B, verified not proved)",C00->C02 C00->C03 C00->Y C03->C04 C03->C05 W->Y X->Y C00-X C02-C03,0.00019783399999795392,0.0,0.00019783399999795392,,1,5,2,0,0.8405000000000001,1.681,3,1
c06_s01_cov050_seed00000038_bw010,c06_s01_cov050_seed00000038,flip,fast_gate,6,1,measured,0.5,0.1,,38,X,Y,4,0,7,7,0.7,2,"C00,W",0.25,1,0,1,0,3,True,1,ok,local_up_fast,mpdag_criterion,True,"Conjecture 2 (hence Anti-Exchange Case B, verified not proved)",C00->C02 C00->Y C03->C05 W->Y X->C02 X->C03 X->C04 X->C05 X->Y C00-X,0.0002549579999993057,0.0,0.0002549579999993057,,1,7,4,0,0.42150258655664163,1.5103419551888055,4,0
c06_s01_cov050_seed00000039_bw010,c06_s01_cov050_seed00000039,flip,fast_gate,6,1,measured,0.5,0.1,,39,X,Y,4,1,6,6,0.7,2,"C00,W",0.25,1,0,1,0,3,True,1,ok,local_up_fast,mpdag_criterion,True,"Conjecture 2 (hence Anti-Exchange Case B, verified not proved)",C00->C03 C00->Y C04->C05 W->Y X->C02 X->C04 X->C05 X->Y C00-X C03-X,0.00030399999999985994,0.0,0.00030399999999985994,,1,6,3,0,0.27232339921048326,0.9077446640349439,4,0
c06_s01_cov050_seed00000000_bw025,c06_s01_cov050_seed00000000,flip,fast_gate,6,1,measured,0.5,0.25,,0,X,Y,4,5,6,6,0.7,2,"C00,W",0.25,1,0,1,0,3,True,1,ok,local_up_fast,mpdag_criterion,True,"Conjecture 2 (hence Anti-Exchange Case B, verified not proved)",C00->C02 C00->C04 C00->Y C03->C00 C03->X W->Y X->C02 X->Y C00-X C03-C05,0.0003363340000035464,0.0,0.0003363340000035464,,1,6,3,0,0.3676913927582973,1.225637975860991,4,1
c06_s01_cov050_seed00000001_bw025,c06_s01_cov050_seed00000001,flip,fast_gate,6,1,measured,0.5,0.25,,1,X,Y,3,3,5,5,0.6666666666666666,2,"C00,W",0.0,0,0,2,0,3,True,2,ok,local_up_fast,mpdag_criterion,True,"Conjecture 2 (hence Anti-Exchange Case B, verified not proved)",C00->C03 C00->Y C03->C04 C04->C05 W->Y X->Y C00-C02 C00-X C03-X,0.0004884580000066308,0.0,0.0004884580000066308,,2,9,3,0,0.6504518072289156,1.5015060240963856,3,0
c06_s01_cov050_seed00000002_bw025,c06_s01_cov050_seed00000002,flip,fast_gate,6,1,measured,0.5,0.25,,2,X,Y,3,3,5,5,0.6666666666666666,1,W,0.6666666666666666,2,0,1,0,3,True,1,ok,local_up_fast,mpdag_criterion,True,"Conjecture 2 (hence Anti-Exchange Case B, verified not proved)",C00->C02 C00->C03 C00->C05 C00->Y W->Y X->C02 X->Y C00-X C04-X,0.0002549159999958306,0.0,0.0002549159999958306,,1,5,2,0,0.0,0.0,3,1
c06_s01_cov050_seed00000003_bw025,c06_s01_cov050_seed00000003,flip,fast_gate,6,1,measured,0.5,0.25,,3,X,Y,4,6,5,5,0.7,2,"C00,W",0.25,1,0,1,0,3,True,1,ok,local_up_fast,mpdag_criterion,True,"Conjecture 2 (hence Anti-Exchange Case B, verified not proved)",C00->C03 C00->C04 C00->Y C02->C00 C02->X W->Y X->Y C00-X C02-C05 C03-C04,0.0005525420000012105,0.0,0.0005525420000012105,,1,5,3,0,0.7479467186484731,2.1598223954949103,4,1
c06_s01_cov050_seed00000004_bw025,c06_s01_cov050_seed00000004,flip,fast_gate,6,1,measured,0.5,0.25,,4,X,Y,2,0,5,5,0.625,2,"C00,W",0.5,1,0,1,0,2,True,1,ok,local_up_fast,mpdag_criterion,True,"Conjecture 2 (hence Anti-Exchange Case B, verified not proved)",C00->C05 C00->Y C02->C03 C03->C04 W->Y X->C02 X->Y C00-X,0.00016312500000026375,0.0,0.00016312500000026375,,1,5,2,0,0.5019999999999999,0.502,2,1
c06_s01_cov050_seed00000005_bw025,c06_s01_cov050_seed00000005,flip,fast_gate,6,1,measured,0.5,0.25,,5,X,Y,3,5,3,3,0.6666666666666666,1,W,0.3333333333333333,1,0,1,0,3,True,1,ok,local_up_fast,mpdag_criterion,True,"Conjecture 2 (hence Anti-Exchange Case B, verified not proved)",C00->Y C02->C03 C02->C04 W->Y X->Y C00-X C02-X C04-X C05-X,0.0005861670000015806,0.0,0.0005861670000015806,,1,3,2,0,0.338,0.676,3,1
c06_s01_cov050_seed00000006_bw025,c06_s01_cov050_seed00000006,flip,fast_gate,6,1,measured,0.5,0.25,,6,X,Y,2,0,5,5,0.625,2,"C00,W",0.5,1,0,1,0,2,True,1,ok,local_up_fast,mpdag_criterion,True,"Conjecture 2 (hence Anti-Exchange Case B, verified not proved)",C00->C02 C00->Y C02->C04 W->Y X->C03 X->C05 X->Y C00-X,0.0001711659999941162,0.0,0.0001711659999941162,,1,5,2,0,0.5090000000000001,0.509,2,1
c06_s01_cov050_seed00000007_bw025,c06_s01_cov050_seed00000007,flip,fast_gate,6,1,measured,0.5,0.25,,7,X,Y,2,0,5,5,0.625,2,"C00,W",0.5,1,0,1,0,2,True,1,ok,local_up_fast,mpdag_criterion,True,"Conjecture 2 (hence Anti-Exchange Case B, verified not proved)",C00->Y C03->C04 W->Y X->C02 X->C03 X->C05 X->Y C00-X,0.00020720799999907058,0.0,0.00020720799999907058,,1,5,2,0,0.0,0.0,2,0
c06_s01_cov050_seed00000008_bw025,c06_s01_cov050_seed00000008,flip,fast_gate,6,1,measured,0.5,0.25,,8,X,Y,2,0,5,5,0.625,2,"C00,W",0.5,1,0,1,0,2,True,1,ok,local_up_fast,mpdag_criterion,True,"Conjecture 2 (hence Anti-Exchange Case B, verified not proved)",C00->C03 C00->Y C02->C04 C03->C05 W->Y X->C02 X->Y C00-X,0.00016795799999869132,0.0,0.00016795799999869132,,1,5,2,0,0.492,0.492,2,1
c06_s01_cov050_seed00000009_bw025,c06_s01_cov050_seed00000009,flip,fast_gate,6,1,measured,0.5,0.25,,9,X,Y,3,5,5,5,0.6666666666666666,2,"C00,W",0.3333333333333333,1,0,1,0,3,True,1,ok,local_up_fast,mpdag_criterion,True,"Conjecture 2 (hence Anti-Exchange Case B, verified not proved)",C00->Y C02->C00 C02->C03 C02->X C03->C05 W->Y X->Y C00-X C02-C04,0.0003016670000022259,0.0,0.0003016670000022259,,1,5,4,0,0.334,0.668,3,1
c06_s01_cov050_seed00000010_bw025,c06_s01_cov050_seed00000010,flip,fast_gate,6,1,measured,0.5,0.25,,10,X,Y,4,5,6,6,0.7,2,"C00,W",0.25,1,0,1,0,3,True,1,ok,local_up_fast,mpdag_criterion,True,"Conjecture 2 (hence Anti-Exchange Case B, verified not proved)",C00->C05 C00->Y C02->C00 C02->C03 C02->X W->Y X->C05 X->Y C00-X C02-C04,0.0003476669999997739,0.0,0.0003476669999997739,,1,6,4,0,0.29838935574229697,0.9946311858076564,4,1
c06_s01_cov050_seed00000011_bw025,c06_s01_cov050_seed00000011,flip,fast_gate,6,1,measured,0.5,0.25,,11,X,Y,3,3,5,5,0.6666666666666666,1,W,0.3333333333333333,1,0,1,0,3,True,1,ok,local_up_fast,mpdag_criterion,True,"Conjecture 2 (hence Anti-Exchange Case B, verified not proved)",C00->C02 C00->C03 C00->C04 C00->C05 C00->Y W->Y X->Y C00-X C02-C04,0.000253208000003724,0.0,0.000253208000003724,,1,5,2,0,0.0,0.0,3,1
c06_s01_cov050_seed00000012_bw025,c06_s01_cov050_seed00000012,flip,fast_gate,6,1,measured,0.5,0.25,,12,X,Y,4,5,6,6,0.7,2,"C00,W",0.0,0,0,2,0,3,True,2,ok,local_up_fast,mpdag_criterion,True,"Conjecture 2 (hence Anti-Exchange Case B, verified not proved)",C00->C03 C00->C04 C00->Y C05->C04 W->Y X->C02 X->Y C00-C05 C00-X C03-X,0.0006809170000039444,0.0,0.0006809170000039444,,2,11,5,0,0.49880239520958075,1.6626746506986028,4,1
c06_s01_cov050_seed00000014_bw025,c06_s01_cov050_seed00000014,flip,fast_gate,6,1,measured,0.5,0.25,,14,X,Y,2,0,5,5,0.625,2,"C00,W",0.5,1,0,1,0,2,True,1,ok,local_up_fast,mpdag_criterion,True,"Conjecture 2 (hence Anti-Exchange Case B, verified not proved)",C00->C02 C00->Y C02->C03 C04->C05 W->Y X->C04 X->Y C00-X,0.00026020800000026156,0.0,0.00026020800000026156,,1,5,2,0,0.5120000000000001,0.512,2,1
c06_s01_cov050_seed00000015_bw025,c06_s01_cov050_seed00000015,flip,fast_gate,6,1,measured,0.5,0.25,,15,X,Y,3,5,3,3,0.6666666666666666,1,W,0.3333333333333333,1,0,1,0,3,True,1,ok,local_up_fast,mpdag_criterion,True,"Conjecture 2 (hence Anti-Exchange Case B, verified not proved)",C00->C04 C00->C05 C00->Y W->Y X->Y C00-X C02-C03 C02-X C04-C05,0.00025108299999487826,0.0,0.00025108299999487826,,1,3,2,0,0.0,0.0,3,0
c06_s01_cov050_seed00000016_bw025,c06_s01_cov050_seed00000016,flip,fast_gate,6,1,measured,0.5,0.25,,16,X,Y,3,2,6,6,0.6666666666666666,2,"C00,W",0.3333333333333333,1,0,1,0,3,True,1,ok,local_up_fast,mpdag_criterion,True,"Conjecture 2 (hence Anti-Exchange Case B, verified not proved)",C00->Y C02->C05 C03->C02 W->Y X->C02 X->C03 X->C04 X->Y C00-X,0.00025537499999472857,0.0,0.00025537499999472857,,1,6,3,0,0.2526475037821483,0.5052950075642966,3,0
c06_s01_cov050_seed00000017_bw025,c06_s01_cov050_seed00000017,flip,fast_gate,6,1,measured,0.5,0.25,,17,X,Y,4,5,6,6,0.7,2,"C00,W",0.25,1,0,1,0,3,True,1,ok,local_up_fast,mpdag_criterion,True,"Conjecture 2 (hence Anti-Exchange Case B, verified not proved)",C00->Y C02->C00 C02->C03 C02->C04 C02->X W->Y X->C05 X->Y C00-X C03-C04,0.0004408749999953443,0.0,0.0004408749999953443,,1,6,5,0,0.29258672566371685,0.9752890855457227,4,1
c06_s01_cov050_seed00000018_bw025,c06_s01_cov050_seed00000018,flip,fast_gate,6,1,measured,0.5,0.25,,18,X,Y,3,3,5,5,0.6666666666666666,1,W,0.6666666666666666,2,0,1,0,3,True,1,ok,local_up_fast,mpdag_criterion,True,"Conjecture 2 (hence Anti-Exchange Case B, verified not proved)",C00->C03 C00->C04 C00->Y C03->C05 W->Y X->C03 X->Y C00-X C02-X,0.0002640410000012139,0.0,0.0002640410000012139,,1,5,2,0,0.0,0.0,3,1
c06_s01_cov050_seed00000019_bw025,c06_s01_cov050_seed00000019,flip,fast_gate,6,1,measured,0.5,0.25,,19,X,Y,3,5,3,3,0.6666666666666666,1,W,0.3333333333333333,1,0,1,0,3,True,1,ok,local_up_fast,mpdag_criterion,True,"Conjecture 2 (hence Anti-Exchange Case B, verified not proved)",C00->C04 C00->C05 C00->Y W->Y X->Y C00-X C02-C03 C02-X C03-X,0.000289874999999995,0.0,0.000289874999999995,,1,3,2,0,0.0,0.0,3,1
c06_s01_cov050_seed00000020_bw025,c06_s01_cov050_seed00000020,flip,fast_gate,6,1,measured,0.5,0.25,,20,X,Y,4,4,5,5,0.7,1,W,0.5,2,0,1,0,3,True,1,ok,local_up_fast,mpdag_criterion,True,"Conjecture 2 (hence Anti-Exchange Case B, verified not proved)",C00->C03 C00->C04 C00->Y C02->C05 W->Y X->C03 X->Y C00-X C02-X C05-X,0.00033366699999959337,0.0,0.00033366699999959337,,1,5,2,0,0.10300261096605742,0.3433420365535248,4,1
c06_s01_cov050_seed00000021_bw025,c06_s01_cov050_seed00000021,flip,fast_gate,6,1,measured,0.5,0.25,,21,X,Y,2,1,4,4,0.625,2,"C00,W",0.5,1,0,1,0,2,True,1,ok,local_up_fast,mpdag_criterion,True,"Conjecture 2 (hence Anti-Exchange Case B, verified not proved)",C00->C02 C00->Y C02->C03 W->Y X->C04 X->Y C00-C05 C00-X,0.00018224999999461033,0.0,0.00018224999999461033,,1,4,2,0,0.5170000000000001,0.517,2,1
c06_s01_cov050_seed00000022_bw025,c06_s01_cov050_seed00000022,flip,fast_gate,6,1,measured,0.5,0.25,,22,X,Y,4,5,6,6,0.7,2,"C00,W",0.25,1,0,1,0,3,True,1,ok,local_up_fast,mpdag_criterion,True,"Conjecture 2 (hence Anti-Exchange Case B, verified not proved)",C00->C03 C00->C05 C00->Y C02->C00 C02->X W->Y X->C03 X->Y C00-X C02-C04,0.000585667000002843,0.0,0.000585667000002843,,1,6,3,0,0.34033106149386294,1.1344368716462099,4,1
c06_s01_cov050_seed00000023_bw025,c06_s01_cov050_seed00000023,flip,fast_gate,6,1,measured,0.5,0.25,,23,X,Y,3,4,6,6,0.6666666666666666,2,"C00,W",0.0,0,0,2,0,3,True,2,ok,local_up_fast,mpdag_criterion,True,"Conjecture 2 (hence Anti-Exchange Case B, verified not proved)",C00->C02 C00->C05 C00->Y C02->C04 C03->C02 W->Y X->Y C00-C03 C00-X,0.0005292919999959622,0.0,0.0005292919999959622,,2,11,5,0,0.7585949177877431,1.5171898355754858,3,1
c06_s01_cov050_seed00000024_bw025,c06_s01_cov050_seed00000024,flip,fast_gate,6,1,measured,0.5,0.25,,24,X,Y,2,2,3,3,0.625,2,"C00,W",0.5,1,0,1,0,2,True,1,ok,local_up_fast,mpdag_criterion,True,"Conjecture 2 (hence Anti-Exchange Case B, verified not proved)",C00->C02 C00->Y C02->C05 W->Y X->Y C00-C03 C00-C04 C00-X,0.00031129100000271137,0.0,0.00031129100000271137,,1,3,2,0,0.505,0.505,2,1
c06_s01_cov050_seed00000025_bw025,c06_s01_cov050_seed00000025,flip,fast_gate,6,1,measured,0.5,0.25,,25,X,Y,4,6,8,8,0.7272727272727273,2,"C00,W",0.0,0,0,2,0,3,True,4,ok,e1_ladder,mpdag_criterion,True,"Conjecture 2 (hence Anti-Exchange Case B, verified not proved)","(('C00', 'C02'), ('C00', 'C05'), ('C00', 'Y'), ('C02', 'C04'), ('W', 'Y'), ('X', 'C04'), ('X', 'Y'))",0.0021874999999980105,0.023059291999999232,0.025246791999997242,,11,46,11,0,0.5010060362173039,1.6700201207243461,4,1
c06_s01_cov050_seed00000026_bw025,c06_s01_cov050_seed00000026,flip,fast_gate,6,1,measured,0.5,0.25,,26,X,Y,4,2,7,7,0.7,1,W,0.75,3,0,1,0,3,True,1,ok,local_up_fast,mpdag_criterion,True,"Conjecture 2 (hence Anti-Exchange Case B, verified not proved)",C00->C02 C00->C03 C00->Y C02->C04 C02->C05 W->Y X->C02 X->C03 X->Y C00-X,0.00025158399999725134,0.0,0.00025158399999725134,,1,7,2,0,0.0,0.0,4,1
c06_s01_cov050_seed00000027_bw025,c06_s01_cov050_seed00000027,flip,fast_gate,6,1,measured,0.5,0.25,,27,X,Y,3,4,4,4,0.6666666666666666,1,W,0.3333333333333333,1,0,1,0,3,True,1,ok,local_up_fast,mpdag_criterion,True,"Conjecture 2 (hence Anti-Exchange Case B, verified not proved)",C00->C02 C00->C03 C00->Y C02->C04 W->Y X->Y C00-X C02-C03 C05-X,0.00025237500000230284,0.0,0.00025237500000230284,,1,4,2,0,0.0,0.0,3,0
c06_s01_cov050_seed00000028_bw025,c06_s01_cov050_seed00000028,flip,fast_gate,6,1,measured,0.5,0.25,,28,X,Y,3,3,5,5,0.6666666666666666,2,"C00,W",0.0,0,0,2,0,3,True,2,ok,local_up_fast,mpdag_criterion,True,"Conjecture 2 (hence Anti-Exchange Case B, verified not proved)",C00->Y C02->C03 C02->C04 W->Y X->C02 X->Y C00-C05 C00-X C03-C04,0.0004192500000002042,0.0,0.0004192500000002042,,2,9,3,0,0.5,1.0,3,0
c06_s01_cov050_seed00000029_bw025,c06_s01_cov050_seed00000029,flip,fast_gate,6,1,measured,0.5,0.25,,29,X,Y,4,2,7,7,0.7,2,"C00,W",0.25,1,0,1,0,3,True,1,ok,local_up_fast,mpdag_criterion,True,"Conjecture 2 (hence Anti-Exchange Case B, verified not proved)",C00->C03 C00->Y C02->C04 C05->C02 W->Y X->C02 X->C04 X->C05 X->Y C00-X,0.0002637919999983751,0.0,0.0002637919999983751,,1,7,3,0,0.5901574539794769,1.8066723875818633,4,1
c06_s01_cov050_seed00000030_bw025,c06_s01_cov050_seed00000030,flip,fast_gate,6,1,measured,0.5,0.25,,30,X,Y,3,3,5,5,0.6666666666666666,1,W,0.3333333333333333,1,0,1,0,3,True,1,ok,local_up_fast,mpdag_criterion,True,"Conjecture 2 (hence Anti-Exchange Case B, verified not proved)",C00->C02 C00->C03 C00->C05 C00->Y C02->C04 W->Y X->Y C00-X C02-C03,0.00024050000000386262,0.0,0.00024050000000386262,,1,5,2,0,0.0,0.0,3,0
c06_s01_cov050_seed00000031_bw025,c06_s01_cov050_seed00000031,flip,fast_gate,6,1,measured,0.5,0.25,,31,X,Y,4,6,7,7,0.7,2,"C00,W",0.0,0,0,2,0,3,True,4,ok,e1_ladder,mpdag_criterion,True,"Conjecture 2 (hence Anti-Exchange Case B, verified not proved)","(('C00', 'C04'), ('C00', 'Y'), ('C02', 'C03'), ('C02', 'X'), ('W', 'Y'), ('X', 'Y'))",0.0018167079999997782,0.029981249999998738,0.031797957999998516,,12,39,12,0,0.4968565815324165,1.656188605108055,4,1
c06_s01_cov050_seed00000032_bw025,c06_s01_cov050_seed00000032,flip,fast_gate,6,1,measured,0.5,0.25,,32,X,Y,2,0,5,5,0.625,2,"C00,W",0.5,1,0,1,0,2,True,1,ok,local_up_fast,mpdag_criterion,True,"Conjecture 2 (hence Anti-Exchange Case B, verified not proved)",C00->C03 C00->Y W->Y X->C02 X->C04 X->C05 X->Y C00-X,0.0001660000000001105,0.0,0.0001660000000001105,,1,5,2,0,0.499,0.499,2,1
c06_s01_cov050_seed00000033_bw025,c06_s01_cov050_seed00000033,flip,fast_gate,6,1,measured,0.5,0.25,,33,X,Y,2,0,5,5,0.625,2,"C00,W",0.5,1,0,1,0,2,True,1,ok,local_up_fast,mpdag_criterion,True,"Conjecture 2 (hence Anti-Exchange Case B, verified not proved)",C00->Y W->Y X->C02 X->C03 X->C04 X->C05 X->Y C00-X,0.000174540999999806,0.0,0.000174540999999806,,1,5,2,0,0.0,0.0,2,0
c06_s01_cov050_seed00000034_bw025,c06_s01_cov050_seed00000034,flip,fast_gate,6,1,measured,0.5,0.25,,34,X,Y,3,4,6,6,0.6666666666666666,2,"C00,W",0.3333333333333333,1,0,1,0,3,True,1,ok,local_up_fast,mpdag_criterion,True,"Conjecture 2 (hence Anti-Exchange Case B, verified not proved)",C00->C02 C00->Y C02->C04 C03->C00 C03->X W->Y X->C05 X->Y C00-X,0.00025933399999900075,0.0,0.00025933399999900075,,1,6,3,0,0.5238342312108099,1.0476684624216197,3,1
c06_s01_cov050_seed00000035_bw025,c06_s01_cov050_seed00000035,flip,fast_gate,6,1,measured,0.5,0.25,,35,X,Y,3,3,5,5,0.6666666666666666,2,"C00,W",0.0,0,0,2,0,3,True,2,ok,local_up_fast,mpdag_criterion,True,"Conjecture 2 (hence Anti-Exchange Case B, verified not proved)",C00->C04 C00->Y C02->C04 W->Y X->C03 X->Y C00-C02 C00-X C02-C05,0.00048295799999920064,0.0,0.00048295799999920064,,2,9,5,0,0.75,1.5,3,1
c06_s01_cov050_seed00000036_bw025,c06_s01_cov050_seed00000036,flip,fast_gate,6,1,measured,0.5,0.25,,36,X,Y,2,2,3,3,0.625,2,"C00,W",0.5,1,0,1,0,2,True,1,ok,local_up_fast,mpdag_criterion,True,"Conjecture 2 (hence Anti-Exchange Case B, verified not proved)",C00->C02 C00->Y C02->C05 W->Y X->Y C00-C03 C00-X C03-C04,0.0001780839999980799,0.0,0.0001780839999980799,,1,3,2,0,0.513,0.513,2,1
c06_s01_cov050_seed00000037_bw025,c06_s01_cov050_seed00000037,flip,fast_gate,6,1,measured,0.5,0.25,,37,X,Y,3,6,4,4,0.6666666666666666,2,"C00,W",0.0,0,0,2,0,3,True,2,ok,local_up_fast,mpdag_criterion,True,"Conjecture 2 (hence Anti-Exchange Case B, verified not proved)",C00->C02 C00->Y C03->C02 W->Y X->Y C00-C03 C00-X C03-C04 C03-C05,0.0005079999999964002,0.0,0.0005079999999964002,,2,7,5,0,0.7671130952380953,1.5342261904761905,3,1
c06_s01_cov050_seed00000038_bw025,c06_s01_cov050_seed00000038,flip,fast_gate,6,1,measured,0.5,0.25,,38,X,Y,4,2,7,7,0.7,2,"C00,W",0.0,0,0,2,0,3,True,2,ok,local_up_fast,mpdag_criterion,True,"Conjecture 2 (hence Anti-Exchange Case B, verified not proved)",C00->C02 C00->Y C03->C05 W->Y X->C03 X->C04 X->C05 X->Y C00-X C02-X,0.0008731249999982538,0.0,0.0008731249999982538,,3,19,7,0,0.4570381231671554,1.5234604105571847,4,0
c06_s01_cov050_seed00000039_bw025,c06_s01_cov050_seed00000039,flip,fast_gate,6,1,measured,0.5,0.25,,39,X,Y,4,4,5,5,0.7,1,W,0.5,2,0,1,0,3,True,1,ok,local_up_fast,mpdag_criterion,True,"Conjecture 2 (hence Anti-Exchange Case B, verified not proved)",C00->C03 C00->Y C04->C05 W->Y X->C02 X->C03 X->Y C00-X C04-X C05-X,0.0004555829999972616,0.0,0.0004555829999972616,,1,5,3,0,0.49073460076045616,1.4488365019011407,4,1
c06_s01_cov050_seed00000040_bw025,c06_s01_cov050_seed00000040,flip,fast_gate,6,1,measured,0.5,0.25,,40,X,Y,2,1,4,4,0.625,2,"C00,W",0.5,1,0,1,0,2,True,1,ok,local_up_fast,mpdag_criterion,True,"Conjecture 2 (hence Anti-Exchange Case B, verified not proved)",C00->C04 C00->Y C02->C03 W->Y X->C02 X->Y C00-C05 C00-X,0.00021099999999307784,0.0,0.00021099999999307784,,1,4,2,0,0.484,0.484,2,1
c06_s01_cov100_seed00000000_bw000,c06_s01_cov100_seed00000000,flip,fast_gate,6,1,measured,1.0,0.0,,0,X,Y,7,0,7,7,0.7,2,"C00,W",0.14285714285714285,1,0,1,0,3,True,1,ok,local_up_fast,mpdag_criterion,True,"Conjecture 2 (hence Anti-Exchange Case B, verified not proved)",C00->C02 C00->C03 C00->C04 C00->Y C03->C05 W->Y X->C02 X->C03 X->Y C00-X,0.00031470800000477084,0.0,0.00031470800000477084,,1,7,4,0,0.28515421090106957,1.7514752798574607,7,3
c06_s01_cov100_seed00000001_bw000,c06_s01_cov100_seed00000001,flip,fast_gate,6,1,measured,1.0,0.0,,1,X,Y,6,0,6,6,0.6666666666666666,2,"C00,W",0.16666666666666666,1,0,1,0,3,True,1,ok,local_up_fast,mpdag_criterion,True,"Conjecture 2 (hence Anti-Exchange Case B, verified not proved)",C00->C02 C00->C03 C00->Y C03->C04 C04->C05 W->Y X->C03 X->Y C00-X,0.00024712500000134696,0.0,0.00024712500000134696,,1,6,3,0,0.42770215873176154,2.4305461918888964,6,1
c06_s01_cov100_seed00000002_bw000,c06_s01_cov100_seed00000002,flip,fast_gate,6,1,measured,1.0,0.0,,2,X,Y,6,0,6,6,0.6666666666666666,2,"C00,W",0.16666666666666666,1,0,1,0,3,True,1,ok,local_up_fast,mpdag_criterion,True,"Conjecture 2 (hence Anti-Exchange Case B, verified not proved)",C00->C02 C00->C03 C00->C05 C00->Y W->Y X->C02 X->C04 X->Y C00-X,0.00025679200000183755,0.0,0.00025679200000183755,,1,6,3,0,0.2646950875211745,1.3234754376058724,6,3
c06_s01_cov100_seed00000003_bw000,c06_s01_cov100_seed00000003,flip,fast_gate,6,1,measured,1.0,0.0,,3,X,Y,7,0,7,7,0.7,2,"C00,W",0.14285714285714285,1,0,1,0,3,True,1,ok,local_up_fast,mpdag_criterion,True,"Conjecture 2 (hence Anti-Exchange Case B, verified not proved)",C00->C02 C00->C03 C00->C04 C00->Y C02->C05 C03->C04 W->Y X->C02 X->Y C00-X,0.0003203750000011496,0.0,0.0003203750000011496,,1,7,4,0,0.42512736643869564,2.723590048567747,7,2
c06_s01_cov100_seed00000004_bw000,c06_s01_cov100_seed00000004,flip,fast_gate,6,1,measured,1.0,0.0,,4,X,Y,5,0,5,5,0.625,2,"C00,W",0.2,1,0,1,0,3,True,1,ok,local_up_fast,mpdag_criterion,True,"Conjecture 2 (hence Anti-Exchange Case B, verified not proved)",C00->C05 C00->Y C02->C03 C03->C04 W->Y X->C02 X->Y C00-X,0.00016916699999569573,0.0,0.00016916699999569573,,1,5,2,0,0.14099216710182766,0.4699738903394256,5,1
c06_s01_cov100_seed00000005_bw000,c06_s01_cov100_seed00000005,flip,fast_gate,6,1,measured,1.0,0.0,,5,X,Y,6,0,6,6,0.6666666666666666,2,"C00,W",0.16666666666666666,1,0,1,0,3,True,1,ok,local_up_fast,mpdag_criterion,True,"Conjecture 2 (hence Anti-Exchange Case B, verified not proved)",C00->Y C02->C03 C02->C04 W->Y X->C02 X->C04 X->C05 X->Y C00-X,0.0003927090000104272,0.0,0.0003927090000104272,,1,6,3,0,0.09580838323353294,0.47904191616766467,6,2
c06_s01_cov100_seed00000006_bw000,c06_s01_cov100_seed00000006,flip,fast_gate,6,1,measured,1.0,0.0,,6,X,Y,5,0,5,5,0.625,2,"C00,W",0.2,1,0,1,0,3,True,1,ok,local_up_fast,mpdag_criterion,True,"Conjecture 2 (hence Anti-Exchange Case B, verified not proved)",C00->C02 C00->Y C02->C04 W->Y X->C03 X->C05 X->Y C00-X,0.00016150000000436648,0.0,0.00016150000000436648,,1,5,2,0,0.40949417956495804,0.8655380121507523,5,3
c06_s01_cov100_seed00000007_bw000,c06_s01_cov100_seed00000007,flip,fast_gate,6,1,measured,1.0,0.0,,7,X,Y,5,0,5,5,0.625,2,"C00,W",0.2,1,0,1,0,3,True,1,ok,local_up_fast,mpdag_criterion,True,"Conjecture 2 (hence Anti-Exchange Case B, verified not proved)",C00->Y C03->C04 W->Y X->C02 X->C03 X->C05 X->Y C00-X,0.0001730409999964877,0.0,0.0001730409999964877,,1,5,2,0,0.0,0.0,5,2
c06_s01_cov100_seed00000008_bw000,c06_s01_cov100_seed00000008,flip,fast_gate,6,1,measured,1.0,0.0,,8,X,Y,5,0,5,5,0.625,2,"C00,W",0.2,1,0,1,0,3,True,1,ok,local_up_fast,mpdag_criterion,True,"Conjecture 2 (hence Anti-Exchange Case B, verified not proved)",C00->C03 C00->Y C02->C04 C03->C05 W->Y X->C02 X->Y C00-X,0.00016158299999347037,0.0,0.00016158299999347037,,1,5,2,0,0.2726251111650093,1.0987145282561244,5,2
c06_s01_cov100_seed00000009_bw000,c06_s01_cov100_seed00000009,flip,fast_gate,6,1,measured,1.0,0.0,,9,X,Y,6,0,6,6,0.6666666666666666,2,"C00,W",0.16666666666666666,1,0,1,0,3,True,1,ok,local_up_fast,mpdag_criterion,True,"Conjecture 2 (hence Anti-Exchange Case B, verified not proved)",C00->C02 C00->Y C02->C03 C02->C04 C03->C05 W->Y X->C02 X->Y C00-X,0.00024854200000845594,0.0,0.00024854200000845594,,1,6,3,0,0.32800727622700254,1.9721259333738184,6,1
c06_s01_cov100_seed00000010_bw000,c06_s01_cov100_seed00000010,flip,fast_gate,6,1,measured,1.0,0.0,,10,X,Y,7,0,7,7,0.7,2,"C00,W",0.14285714285714285,1,0,1,0,3,True,1,ok,local_up_fast,mpdag_criterion,True,"Conjecture 2 (hence Anti-Exchange Case B, verified not proved)",C00->C02 C00->C05 C00->Y C02->C03 C02->C04 W->Y X->C02 X->C05 X->Y C00-X,0.00032120800000257077,0.0,0.00032120800000257077,,1,7,4,0,0.2958951693563647,1.759778877084854,7,3
c06_s01_cov100_seed00000011_bw000,c06_s01_cov100_seed00000011,flip,fast_gate,6,1,measured,1.0,0.0,,11,X,Y,6,0,6,6,0.6666666666666666,2,"C00,W",0.16666666666666666,1,0,1,0,3,True,1,ok,local_up_fast,mpdag_criterion,True,"Conjecture 2 (hence Anti-Exchange Case B, verified not proved)",C00->C02 C00->C03 C00->C04 C00->C05 C00->Y C02->C04 W->Y X->Y C00-X,0.00021195899999781886,0.0,0.00021195899999781886,,1,6,3,0,0.9162313392529221,2.58115669626461,6,3
c06_s01_cov100_seed00000012_bw000,c06_s01_cov100_seed00000012,flip,fast_gate,6,1,measured,1.0,0.0,,12,X,Y,7,0,7,7,0.7,2,"C00,W",0.14285714285714285,1,0,1,0,3,True,1,ok,local_up_fast,mpdag_criterion,True,"Conjecture 2 (hence Anti-Exchange Case B, verified not proved)",C00->C03 C00->C04 C00->C05 C00->Y C04->C05 W->Y X->C02 X->C03 X->Y C00-X,0.0002950829999974758,0.0,0.0002950829999974758,,1,7,4,0,0.4763444873870153,2.1699554876582265,7,3
c06_s01_cov100_seed00000013_bw000,c06_s01_cov100_seed00000013,flip,fast_gate,6,1,measured,1.0,0.0,,13,X,Y,6,0,6,6,0.6666666666666666,2,"C00,W",0.16666666666666666,1,0,1,0,3,True,1,ok,local_up_fast,mpdag_criterion,True,"Conjecture 2 (hence Anti-Exchange Case B, verified not proved)",C00->Y C02->C03 C02->C04 C03->C04 W->Y X->C02 X->C05 X->Y C00-X,0.00023195899998995628,0.0,0.00023195899998995628,,1,6,3,0,0.10707692307692307,0.5353846153846153,6,1
c06_s01_cov100_seed00000014_bw000,c06_s01_cov100_seed00000014,flip,fast_gate,6,1,measured,1.0,0.0,,14,X,Y,5,0,5,5,0.625,2,"C00,W",0.2,1,0,1,0,3,True,1,ok,local_up_fast,mpdag_criterion,True,"Conjecture 2 (hence Anti-Exchange Case B, verified not proved)",C00->C02 C00->Y C02->C03 C04->C05 W->Y X->C04 X->Y C00-X,0.00015795799998841176,0.0,0.00015795799998841176,,1,5,2,0,0.24762172070111124,0.9757933325695956,5,2
c06_s01_cov100_seed00000015_bw000,c06_s01_cov100_seed00000015,flip,fast_gate,6,1,measured,1.0,0.0,,15,X,Y,6,0,6,6,0.6666666666666666,2,"C00,W",0.16666666666666666,1,0,1,0,3,True,1,ok,local_up_fast,mpdag_criterion,True,"Conjecture 2 (hence Anti-Exchange Case B, verified not proved)",C00->C04 C00->C05 C00->Y C02->C03 C04->C05 W->Y X->C02 X->Y C00-X,0.000405833000002076,0.0,0.000405833000002076,,1,6,3,0,0.27654725143862047,1.5755934000502454,6,2
c06_s01_cov100_seed00000016_bw000,c06_s01_cov100_seed00000016,flip,fast_gate,6,1,measured,1.0,0.0,,16,X,Y,6,0,6,6,0.6666666666666666,2,"C00,W",0.16666666666666666,1,0,1,0,3,True,1,ok,local_up_fast,mpdag_criterion,True,"Conjecture 2 (hence Anti-Exchange Case B, verified not proved)",C00->Y C02->C03 C02->C05 W->Y X->C02 X->C03 X->C04 X->Y C00-X,0.00021995900000604252,0.0,0.00021995900000604252,,1,6,3,0,0.09578313253012048,0.4789156626506024,6,2
c06_s01_cov100_seed00000017_bw000,c06_s01_cov100_seed00000017,flip,fast_gate,6,1,measured,1.0,0.0,,17,X,Y,7,0,7,7,0.7,2,"C00,W",0.14285714285714285,1,0,1,0,3,True,1,ok,local_up_fast,mpdag_criterion,True,"Conjecture 2 (hence Anti-Exchange Case B, verified not proved)",C00->C02 C00->Y C02->C03 C02->C04 C03->C04 W->Y X->C02 X->C05 X->Y C00-X,0.0003493749999989859,0.0,0.0003493749999989859,,1,7,4,0,0.2988460610326431,2.050765159907789,7,1
c06_s01_cov100_seed00000018_bw000,c06_s01_cov100_seed00000018,flip,fast_gate,6,1,measured,1.0,0.0,,18,X,Y,6,0,6,6,0.6666666666666666,2,"C00,W",0.16666666666666666,1,0,1,0,3,True,1,ok,local_up_fast,mpdag_criterion,True,"Conjecture 2 (hence Anti-Exchange Case B, verified not proved)",C00->C03 C00->C04 C00->Y C03->C05 W->Y X->C02 X->C03 X->Y C00-X,0.00024429199999076445,0.0,0.00024429199999076445,,1,6,3,0,0.2659026980482205,1.5232634902411022,6,2
c06_s01_cov100_seed00000019_bw000,c06_s01_cov100_seed00000019,flip,fast_gate,6,1,measured,1.0,0.0,,19,X,Y,6,0,6,6,0.6666666666666666,2,"C00,W",0.16666666666666666,1,0,1,0,3,True,1,ok,local_up_fast,mpdag_criterion,True,"Conjecture 2 (hence Anti-Exchange Case B, verified not proved)",C00->C04 C00->C05 C00->Y C02->C03 W->Y X->C02 X->C03 X->Y C00-X,0.0002185830000058786,0.0,0.0002185830000058786,,1,6,3,0,0.24284738485558158,1.2142369242779079,6,2
c06_s01_cov100_seed00000020_bw000,c06_s01_cov100_seed00000020,flip,fast_gate,6,1,measured,1.0,0.0,,20,X,Y,7,0,7,7,0.7,2,"C00,W",0.14285714285714285,1,0,1,0,3,True,1,ok,local_up_fast,mpdag_criterion,True,"Conjecture 2 (hence Anti-Exchange Case B, verified not proved)",C00->C03 C00->C04 C00->Y C02->C05 W->Y X->C02 X->C03 X->C05 X->Y C00-X,0.0006000410000126521,0.0,0.0006000410000126521,,1,7,4,0,0.26614569180747666,1.615612179967616,7,2
c06_s01_cov100_seed00000021_bw000,c06_s01_cov100_seed00000021,flip,fast_gate,6,1,measured,1.0,0.0,,21,X,Y,5,0,5,5,0.625,2,"C00,W",0.2,1,0,1,0,3,True,1,ok,local_up_fast,mpdag_criterion,True,"Conjecture 2 (hence Anti-Exchange Case B, verified not proved)",C00->C02 C00->C05 C00->Y C02->C03 W->Y X->C04 X->Y C00-X,0.0002237919999998894,0.0,0.0002237919999998894,,1,5,2,0,0.5334707252758506,1.141419830521492,5,3
c06_s01_cov100_seed00000022_bw000,c06_s01_cov100_seed00000022,flip,fast_gate,6,1,measured,1.0,0.0,,22,X,Y,7,0,7,7,0.7,2,"C00,W",0.14285714285714285,1,0,1,0,3,True,1,ok,local_up_fast,mpdag_criterion,True,"Conjecture 2 (hence Anti-Exchange Case B, verified not proved)",C00->C02 C00->C03 C00->C05 C00->Y C02->C04 W->Y X->C02 X->C03 X->Y C00-X,0.0003278330000000551,0.0,0.0003278330000000551,,1,7,4,0,0.27916897189842993,1.7241467462846023,7,3
c06_s01_cov100_seed00000023_bw000,c06_s01_cov100_seed00000023,flip,fast_gate,6,1,measured,1.0,0.0,,23,X,Y,6,0,6,6,0.6666666666666666,2,"C00,W",0.16666666666666666,1,0,1,0,3,True,1,ok,local_up_fast,mpdag_criterion,True,"Conjecture 2 (hence Anti-Exchange Case B, verified not proved)",C00->C02 C00->C03 C00->C05 C00->Y C02->C03 C02->C04 W->Y X->Y C00-X,0.0002414589999943928,0.0,0.0002414589999943928,,1,6,3,0,0.8946120971203552,2.473060485601777,6,3
c06_s01_cov100_seed00000024_bw000,c06_s01_cov100_seed00000024,flip,fast_gate,6,1,measured,1.0,0.0,,24,X,Y,5,0,5,5,0.625,2,"C00,W",0.2,1,0,1,0,3,True,1,ok,local_up_fast,mpdag_criterion,True,"Conjecture 2 (hence Anti-Exchange Case B, verified not proved)",C00->C02 C00->C03 C00->C04 C00->Y C02->C05 W->Y X->Y C00-X,0.00017137499999364536,0.0,0.00017137499999364536,,1,5,2,0,0.9227106227106227,1.7423687423687424,5,3
c06_s01_cov100_seed00000025_bw000,c06_s01_cov100_seed00000025,flip,fast_gate,6,1,measured,1.0,0.0,,25,X,Y,8,0,8,8,0.7272727272727273,2,"C00,W",0.125,1,0,1,0,3,True,1,ok,local_up_fast,mpdag_criterion,True,"Conjecture 2 (hence Anti-Exchange Case B, verified not proved)",C00->C02 C00->C03 C00->C05 C00->Y C02->C03 C02->C04 W->Y X->C02 X->C04 X->Y C00-X,0.0006095829999992475,0.0,0.0006095829999992475,,1,8,3,0,0.3048667760652247,2.3005761575988117,8,3
c06_s01_cov100_seed00000026_bw000,c06_s01_cov100_seed00000026,flip,fast_gate,6,1,measured,1.0,0.0,,26,X,Y,7,0,7,7,0.7,2,"C00,W",0.14285714285714285,1,0,1,0,3,True,1,ok,local_up_fast,mpdag_criterion,True,"Conjecture 2 (hence Anti-Exchange Case B, verified not proved)",C00->C02 C00->C03 C00->Y C02->C04 C02->C05 W->Y X->C02 X->C03 X->Y C00-X,0.0003150000000005093,0.0,0.0003150000000005093,,1,7,4,0,0.270009398708656,1.6150743159476517,7,3
c06_s01_cov100_seed00000027_bw000,c06_s01_cov100_seed00000027,flip,fast_gate,6,1,measured,1.0,0.0,,27,X,Y,6,0,6,6,0.6666666666666666,2,"C00,W",0.16666666666666666,1,0,1,0,3,True,1,ok,local_up_fast,mpdag_criterion,True,"Conjecture 2 (hence Anti-Exchange Case B, verified not proved)",C00->C02 C00->C03 C00->Y C02->C03 C02->C04 W->Y X->C05 X->Y C00-X,0.00022470799999041446,0.0,0.00022470799999041446,,1,6,3,0,0.6323571823095435,1.8800957707026473,6,3
c06_s01_cov100_seed00000028_bw000,c06_s01_cov100_seed00000028,flip,fast_gate,6,1,measured,1.0,0.0,,28,X,Y,6,0,6,6,0.6666666666666666,2,"C00,W",0.16666666666666666,1,0,1,0,3,True,1,ok,local_up_fast,mpdag_criterion,True,"Conjecture 2 (hence Anti-Exchange Case B, verified not proved)",C00->C05 C00->Y C02->C03 C02->C04 C03->C04 W->Y X->C02 X->Y C00-X,0.0003502910000037218,0.0,0.0003502910000037218,,1,6,3,0,0.2060577540106952,1.030288770053476,6,1
c06_s01_cov100_seed00000029_bw000,c06_s01_cov100_seed00000029,flip,fast_gate,6,1,measured,1.0,0.0,,29,X,Y,7,0,7,7,0.7,2,"C00,W",0.14285714285714285,1,0,1,0,3,True,1,ok,local_up_fast,mpdag_criterion,True,"Conjecture 2 (hence Anti-Exchange Case B, verified not proved)",C00->C03 C00->Y C02->C04 C02->C05 W->Y X->C02 X->C04 X->C05 X->Y C00-X,0.00025420800000119925,0.0,0.00025420800000119925,,1,7,4,0,0.18922861871174024,1.1479779559440222,7,3
c06_s01_cov100_seed00000030_bw000,c06_s01_cov100_seed00000030,flip,fast_gate,6,1,measured,1.0,0.0,,30,X,Y,6,0,6,6,0.6666666666666666,2,"C00,W",0.16666666666666666,1,0,1,0,3,True,1,ok,local_up_fast,mpdag_criterion,True,"Conjecture 2 (hence Anti-Exchange Case B, verified not proved)",C00->C02 C00->C03 C00->C05 C00->Y C02->C03 C02->C04 W->Y X->Y C00-X,0.00019866600000284507,0.0,0.00019866600000284507,,1,6,3,0,0.9097105827750778,2.5485529138753886,6,3
c06_s01_cov100_seed00000031_bw000,c06_s01_cov100_seed00000031,flip,fast_gate,6,1,measured,1.0,0.0,,31,X,Y,7,0,7,7,0.7,2,"C00,W",0.14285714285714285,1,0,1,0,3,True,1,ok,local_up_fast,mpdag_criterion,True,"Conjecture 2 (hence Anti-Exchange Case B, verified not proved)",C00->C02 C00->C04 C00->C05 C00->Y C02->C03 C02->C05 W->Y X->C02 X->Y C00-X,0.0005640830000004371,0.0,0.0005640830000004371,,1,7,3,0,0.7092466969503266,2.913058616448921,7,3
c06_s01_cov100_seed00000032_bw000,c06_s01_cov100_seed00000032,flip,fast_gate,6,1,measured,1.0,0.0,,32,X,Y,5,0,5,5,0.625,2,"C00,W",0.2,1,0,1,0,3,True,1,ok,local_up_fast,mpdag_criterion,True,"Conjecture 2 (hence Anti-Exchange Case B, verified not proved)",C00->C03 C00->Y W->Y X->C02 X->C04 X->C05 X->Y C00-X,0.00017033399998922505,0.0,0.00017033399998922505,,1,5,2,0,0.14321608040201006,0.47738693467336685,5,3
c06_s01_cov100_seed00000033_bw000,c06_s01_cov100_seed00000033,flip,fast_gate,6,1,measured,1.0,0.0,,33,X,Y,5,0,5,5,0.625,2,"C00,W",0.2,1,0,1,0,3,True,1,ok,local_up_fast,mpdag_criterion,True,"Conjecture 2 (hence Anti-Exchange Case B, verified not proved)",C00->Y W->Y X->C02 X->C03 X->C04 X->C05 X->Y C00-X,0.00031387500000334967,0.0,0.00031387500000334967,,1,5,2,0,0.0,0.0,5,3
c06_s01_cov100_seed00000034_bw000,c06_s01_cov100_seed00000034,flip,fast_gate,6,1,measured,1.0,0.0,,34,X,Y,6,0,6,6,0.6666666666666666,2,"C00,W",0.16666666666666666,1,0,1,0,3,True,1,ok,local_up_fast,mpdag_criterion,True,"Conjecture 2 (hence Anti-Exchange Case B, verified not proved)",C00->C02 C00->C03 C00->Y C02->C04 W->Y X->C03 X->C05 X->Y C00-X,0.0002437079999992875,0.0,0.0002437079999992875,,1,6,3,0,0.42459593719135535,1.5414194022688337,6,3
c06_s01_cov100_seed00000035_bw000,c06_s01_cov100_seed00000035,flip,fast_gate,6,1,measured,1.0,0.0,,35,X,Y,6,0,6,6,0.6666666666666666,2,"C00,W",0.16666666666666666,1,0,1,0,3,True,1,ok,local_up_fast,mpdag_criterion,True,"Conjecture 2 (hence Anti-Exchange Case B, verified not proved)",C00->C02 C00->C04 C00->Y C02->C04 C02->C05 W->Y X->C03 X->Y C00-X,0.00022891700000116089,0.0,0.00022891700000116089,,1,6,3,0,0.676577029129023,1.9611983986571628,6,3
c06_s01_cov100_seed00000036_bw000,c06_s01_cov100_seed00000036,flip,fast_gate,6,1,measured,1.0,0.0,,36,X,Y,5,0,5,5,0.625,2,"C00,W",0.2,1,0,1,0,3,True,1,ok,local_up_fast,mpdag_criterion,True,"Conjecture 2 (hence Anti-Exchange Case B, verified not proved)",C00->C02 C00->C03 C00->Y C02->C05 C03->C04 W->Y X->Y C00-X,0.0003391670000070235,0.0,0.0003391670000070235,,1,5,2,0,0.9100502512562814,1.7001675041876045,5,3
c06_s01_cov100_seed00000037_bw000,c06_s01_cov100_seed00000037,flip,fast_gate,6,1,measured,1.0,0.0,,37,X,Y,6,0,6,6,0.6666666666666666,2,"C00,W",0.16666666666666666,1,0,1,0,3,True,1,ok,local_up_fast,mpdag_criterion,True,"Conjecture 2 (hence Anti-Exchange Case B, verified not proved)",C00->C02 C00->C03 C00->Y C02->C03 C03->C04 C03->C05 W->Y X->Y C00-X,0.00022504199999673347,0.0,0.00022504199999673347,,1,6,3,0,0.8679636363636364,3.339818181818182,6,2
c06_s01_cov100_seed00000038_bw000,c06_s01_cov100_seed00000038,flip,fast_gate,6,1,measured,1.0,0.0,,38,X,Y,7,0,7,7,0.7,2,"C00,W",0.14285714285714285,1,0,1,0,3,True,1,ok,local_up_fast,mpdag_criterion,True,"Conjecture 2 (hence Anti-Exchange Case B, verified not proved)",C00->C02 C00->Y C03->C05 W->Y X->C02 X->C03 X->C04 X->C05 X->Y C00-X,0.0002715840000035996,0.0,0.0002715840000035996,,1,7,4,0,0.1957898998619914,1.1356161659766237,7,2
c06_s01_cov100_seed00000039_bw000,c06_s01_cov100_seed00000039,flip,fast_gate,6,1,measured,1.0,0.0,,39,X,Y,7,0,7,7,0.7,2,"C00,W",0.14285714285714285,1,0,1,0,3,True,1,ok,local_up_fast,mpdag_criterion,True,"Conjecture 2 (hence Anti-Exchange Case B, verified not proved)",C00->C03 C00->Y C04->C05 W->Y X->C02 X->C03 X->C04 X->C05 X->Y C00-X,0.0003131670000016129,0.0,0.0003131670000016129,,1,7,4,0,0.19570191301418133,1.135093194964145,7,2
c06_s01_cov100_seed00000000_bw010,c06_s01_cov100_seed00000000,flip,fast_gate,6,1,measured,1.0,0.1,,0,X,Y,7,2,7,7,0.7,2,"C00,W",0.0,0,0,2,0,3,True,2,ok,local_up_fast,mpdag_criterion,True,"Conjecture 2 (hence Anti-Exchange Case B, verified not proved)",C00->C02 C00->C03 C00->C04 C00->Y C03->C05 W->Y X->C02 X->Y C00-X C03-X,0.0006007080000074438,0.0,0.0006007080000074438,,2,13,6,0,0.33891882445460636,1.971922057495704,7,3
c06_s01_cov100_seed00000001_bw010,c06_s01_cov100_seed00000001,flip,fast_gate,6,1,measured,1.0,0.1,,1,X,Y,6,2,6,6,0.6666666666666666,2,"C00,W",0.0,0,0,2,0,3,True,2,ok,local_up_fast,mpdag_criterion,True,"Conjecture 2 (hence Anti-Exchange Case B, verified not proved)",C00->C02 C00->C03 C00->Y C03->C04 C04->C05 W->Y X->Y C00-X C03-X,0.0004312499999912234,0.0,0.0004312499999912234,,2,11,5,0,0.32767955249225855,1.7908800319648388,6,2
c06_s01_cov100_seed00000004_bw010,c06_s01_cov100_seed00000004,flip,fast_gate,6,1,measured,1.0,0.1,,4,X,Y,5,0,5,5,0.625,2,"C00,W",0.2,1,0,1,0,3,True,1,ok,local_up_fast,mpdag_criterion,True,"Conjecture 2 (hence Anti-Exchange Case B, verified not proved)",C00->C05 C00->Y C02->C03 C03->C04 W->Y X->C02 X->Y C00-X,0.00016891599999269147,0.0,0.00016891599999269147,,1,5,2,0,0.1518796992481203,0.506265664160401,5,1
c06_s01_cov100_seed00000005_bw010,c06_s01_cov100_seed00000005,flip,fast_gate,6,1,measured,1.0,0.1,,5,X,Y,6,2,6,6,0.6666666666666666,1,W,0.16666666666666666,1,0,1,0,3,True,1,ok,local_up_fast,mpdag_criterion,True,"Conjecture 2 (hence Anti-Exchange Case B, verified not proved)",C00->Y C02->C03 C02->C04 W->Y X->C02 X->C04 X->C05 X->Y C00-X,0.0005454169999978831,0.0,0.0005454169999978831,,1,6,4,0,0.9099525581077852,2.549762790538926,6,3
c06_s01_cov100_seed00000006_bw010,c06_s01_cov100_seed00000006,flip,fast_gate,6,1,measured,1.0,0.1,,6,X,Y,5,0,5,5,0.625,2,"C00,W",0.2,1,0,1,0,3,True,1,ok,local_up_fast,mpdag_criterion,True,"Conjecture 2 (hence Anti-Exchange Case B, verified not proved)",C00->C02 C00->Y C02->C04 W->Y X->C03 X->C05 X->Y C00-X,0.0002992499999976417,0.0,0.0002992499999976417,,1,5,2,0,0.3780923507462687,0.8144745024875621,5,3
c06_s01_cov100_seed00000007_bw010,c06_s01_cov100_seed00000007,flip,fast_gate,6,1,measured,1.0,0.1,,7,X,Y,5,0,5,5,0.625,2,"C00,W",0.2,1,0,1,0,3,True,1,ok,local_up_fast,mpdag_criterion,True,"Conjecture 2 (hence Anti-Exchange Case B, verified not proved)",C00->Y C03->C04 W->Y X->C02 X->C03 X->C05 X->Y C00-X,0.00017583300000012514,0.0,0.00017583300000012514,,1,5,2,0,0.0,0.0,5,2
c06_s01_cov100_seed00000008_bw010,c06_s01_cov100_seed00000008,flip,fast_gate,6,1,measured,1.0,0.1,,8,X,Y,5,0,5,5,0.625,2,"C00,W",0.2,1,0,1,0,3,True,1,ok,local_up_fast,mpdag_criterion,True,"Conjecture 2 (hence Anti-Exchange Case B, verified not proved)",C00->C03 C00->Y C02->C04 C03->C05 W->Y X->C02 X->Y C00-X,0.00017479199999570483,0.0,0.00017479199999570483,,1,5,2,0,0.25690039625616046,1.0312886136715478,5,2
c06_s01_cov100_seed00000009_bw010,c06_s01_cov100_seed00000009,flip,fast_gate,6,1,measured,1.0,0.1,,9,X,Y,6,2,6,6,0.6666666666666666,2,"C00,W",0.0,0,0,2,0,3,True,2,ok,local_up_fast,mpdag_criterion,True,"Conjecture 2 (hence Anti-Exchange Case B, verified not proved)",C00->C02 C00->Y C02->C03 C02->C04 C03->C05 W->Y X->Y C00-X C02-X,0.0004269159999950034,0.0,0.0004269159999950034,,2,11,4,0,0.31264238398168476,1.6783951659817222,6,2
c06_s01_cov100_seed00000011_bw010,c06_s01_cov100_seed00000011,flip,fast_gate,6,1,measured,1.0,0.1,,11,X,Y,6,2,6,6,0.6666666666666666,1,W,0.16666666666666666,1,0,1,0,3,True,1,ok,local_up_fast,mpdag_criterion,True,"Conjecture 2 (hence Anti-Exchange Case B, verified not proved)",C00->C02 C00->C03 C00->C04 C00->C05 C00->Y C02->C04 W->Y X->Y C00-X,0.00022545899999215635,0.0,0.00022545899999215635,,1,6,2,0,0.10028011204481793,0.5014005602240896,6,2
c06_s01_cov100_seed00000014_bw010,c06_s01_cov100_seed00000014,flip,fast_gate,6,1,measured,1.0,0.1,,14,X,Y,5,0,5,5,0.625,2,"C00,W",0.2,1,0,1,0,3,True,1,ok,local_up_fast,mpdag_criterion,True,"Conjecture 2 (hence Anti-Exchange Case B, verified not proved)",C00->C02 C00->Y C02->C03 C04->C05 W->Y X->C04 X->Y C00-X,0.00016483399998890036,0.0,0.00016483399998890036,,1,5,2,0,0.24506604506604507,0.9778554778554779,5,2
c06_s01_cov100_seed00000019_bw010,c06_s01_cov100_seed00000019,flip,fast_gate,6,1,measured,1.0,0.1,,19,X,Y,6,2,6,6,0.6666666666666666,2,"C00,W",0.16666666666666666,1,0,1,0,3,True,1,ok,local_up_fast,mpdag_criterion,True,"Conjecture 2 (hence Anti-Exchange Case B, verified not proved)",C00->C04 C00->C05 C00->Y C03->C02 W->Y X->C02 X->C03 X->Y C00-X,0.0003315409999942176,0.0,0.0003315409999942176,,1,6,3,0,0.2441465858506217,1.2207329292531086,6,2
c06_s01_cov100_seed00000021_bw010,c06_s01_cov100_seed00000021,flip,fast_gate,6,1,measured,1.0,0.1,,21,X,Y,5,0,5,5,0.625,2,"C00,W",0.2,1,0,1,0,3,True,1,ok,local_up_fast,mpdag_criterion,True,"Conjecture 2 (hence Anti-Exchange Case B, verified not proved)",C00->C02 C00->C05 C00->Y C02->C03 W->Y X->C04 X->Y C00-X,0.0001536250000100381,0.0,0.0001536250000100381,,1,5,2,0,0.5274415597244799,1.1298662811060323,5,3
c06_s01_cov100_seed00000022_bw010,c06_s01_cov100_seed00000022,flip,fast_gate,6,1,measured,1.0,0.1,,22,X,Y,7,2,7,7,0.7,2,"C00,W",0.0,0,0,2,0,3,True,2,ok,local_up_fast,mpdag_criterion,True,"Conjecture 2 (hence Anti-Exchange Case B, verified not proved)",C00->C02 C00->C03 C00->C05 C00->Y C02->C04 W->Y X->C03 X->Y C00-X C02-X,0.0005729169999995065,0.0,0.0005729169999995065,,2,13,6,0,0.34573438594257333,2.0184949385624242,7,3
c06_s01_cov100_seed00000024_bw010,c06_s01_cov100_seed00000024,flip,fast_gate,6,1,measured,1.0,0.1,,24,X,Y,5,0,5,5,0.625,2,"C00,W",0.2,1,0,1,0,3,True,1,ok,local_up_fast,mpdag_criterion,True,"Conjecture 2 (hence Anti-Exchange Case B, verified not proved)",C00->C02 C00->C03 C00->C04 C00->Y C02->C05 W->Y X->Y C00-X,0.0001517089999936161,0.0,0.0001517089999936161,,1,5,2,0,0.9329629629629629,1.7765432098765432,5,3
c06_s01_cov100_seed00000025_bw010,c06_s01_cov100_seed00000025,flip,fast_gate,6,1,measured,1.0,0.1,,25,X,Y,8,2,8,8,0.7272727272727273,1,W,0.125,1,0,1,0,3,True,1,ok,local_up_fast,mpdag_criterion,True,"Conjecture 2 (hence Anti-Exchange Case B, verified not proved)",C00->C02 C00->C03 C00->C05 C00->Y C02->C03 C02->C04 W->Y X->C02 X->C04 X->Y C00-X,0.0005384170000013455,0.0,0.0005384170000013455,,1,8,2,0,0.10780372782393892,0.79721536043117,8,3
c06_s01_cov100_seed00000026_bw010,c06_s01_cov100_seed00000026,flip,fast_gate,6,1,measured,1.0,0.1,,26,X,Y,7,2,7,7,0.7,1,W,0.14285714285714285,1,0,1,0,3,True,1,ok,local_up_fast,mpdag_criterion,True,"Conjecture 2 (hence Anti-Exchange Case B, verified not proved)",C00->C02 C00->C03 C00->Y C02->C04 C02->C05 W->Y X->C02 X->C03 X->Y C00-X,0.0002434999999820775,0.0,0.0002434999999820775,,1,7,2,0,0.1308924485125858,0.6544622425629291,7,3
c06_s01_cov100_seed00000028_bw010,c06_s01_cov100_seed00000028,flip,fast_gate,6,1,measured,1.0,0.1,,28,X,Y,6,2,6,6,0.6666666666666666,2,"C00,W",0.0,0,0,2,0,3,True,2,ok,local_up_fast,mpdag_criterion,True,"Conjecture 2 (hence Anti-Exchange Case B, verified not proved)",C00->Y C02->C03 C02->C04 C03->C04 W->Y X->C02 X->Y C00-C05 C00-X,0.00042937499998174644,0.0,0.00042937499998174644,,2,11,5,0,0.3073170731707317,1.5365853658536586,6,0
c06_s01_cov100_seed00000030_bw010,c06_s01_cov100_seed00000030,flip,fast_gate,6,1,measured,1.0,0.1,,30,X,Y,6,2,6,6,0.6666666666666666,2,"C00,W",0.16666666666666666,1,0,1,0,3,True,1,ok,local_up_fast,mpdag_criterion,True,"Conjecture 2 (hence Anti-Exchange Case B, verified not proved)",C00->C02 C00->C03 C00->C05 C00->Y C02->C04 C03->C02 W->Y X->Y C00-X,0.00022266599998488346,0.0,0.00022266599998488346,,1,6,3,0,0.9101233453670277,3.5506167268351385,6,2
c06_s01_cov100_seed00000031_bw010,c06_s01_cov100_seed00000031,flip,fast_gate,6,1,measured,1.0,0.1,,31,X,Y,7,2,7,7,0.7,2,"C00,W",0.0,0,0,2,0,3,True,2,ok,local_up_fast,mpdag_criterion,True,"Conjecture 2 (hence Anti-Exchange Case B, verified not proved)",C00->C02 C00->C05 C00->Y C02->C03 C02->C05 W->Y X->C02 X->Y C00-C04 C00-X,0.000822957999986329,0.0,0.000822957999986329,,3,19,6,0,0.7458451978688476,3.7477307311251216,7,2
c06_s01_cov100_seed00000032_bw010,c06_s01_cov100_seed00000032,flip,fast_gate,6,1,measured,1.0,0.1,,32,X,Y,5,0,5,5,0.625,2,"C00,W",0.2,1,0,1,0,3,True,1,ok,local_up_fast,mpdag_criterion,True,"Conjecture 2 (hence Anti-Exchange Case B, verified not proved)",C00->C03 C00->Y W->Y X->C02 X->C04 X->C05 X->Y C00-X,0.00016237500000215732,0.0,0.00016237500000215732,,1,5,2,0,0.14525547445255477,0.48418491484184917,5,3
c06_s01_cov100_seed00000033_bw010,c06_s01_cov100_seed00000033,flip,fast_gate,6,1,measured,1.0,0.1,,33,X,Y,5,0,5,5,0.625,2,"C00,W",0.2,1,0,1,0,3,True,1,ok,local_up_fast,mpdag_criterion,True,"Conjecture 2 (hence Anti-Exchange Case B, verified not proved)",C00->Y W->Y X->C02 X->C03 X->C04 X->C05 X->Y C00-X,0.00016916600000627113,0.0,0.00016916600000627113,,1,5,2,0,0.0,0.0,5,3
c06_s01_cov100_seed00000036_bw010,c06_s01_cov100_seed00000036,flip,fast_gate,6,1,measured,1.0,0.1,,36,X,Y,5,0,5,5,0.625,2,"C00,W",0.2,1,0,1,0,3,True,1,ok,local_up_fast,mpdag_criterion,True,"Conjecture 2 (hence Anti-Exchange Case B, verified not proved)",C00->C02 C00->C03 C00->Y C02->C05 C03->C04 W->Y X->Y C00-X,0.00015233299998840266,0.0,0.00015233299998840266,,1,5,2,0,0.902020202020202,1.6734006734006734,5,3
c06_s01_cov100_seed00000037_bw010,c06_s01_cov100_seed00000037,flip,fast_gate,6,1,measured,1.0,0.1,,37,X,Y,6,2,6,6,0.6666666666666666,1,W,0.16666666666666666,1,0,1,0,3,True,1,ok,local_up_fast,mpdag_criterion,True,"Conjecture 2 (hence Anti-Exchange Case B, verified not proved)",C00->C02 C00->C03 C00->Y C02->C03 C03->C04 C03->C05 W->Y X->Y C00-X,0.00021345900000824258,0.0,0.00021345900000824258,,1,6,2,0,0.10347003154574133,0.5173501577287066,6,1
c06_s01_cov100_seed00000039_bw010,c06_s01_cov100_seed00000039,flip,fast_gate,6,1,measured,1.0,0.1,,39,X,Y,7,2,7,7,0.7,2,"C00,W",0.14285714285714285,1,0,1,0,3,True,1,ok,local_up_fast,mpdag_criterion,True,"Conjecture 2 (hence Anti-Exchange Case B, verified not proved)",C00->C03 C00->Y C05->C04 W->Y X->C02 X->C03 X->C04 X->C05 X->Y C00-X,0.0007684579999818197,0.0,0.0007684579999818197,,1,7,4,0,0.18273574611651375,1.0766881349712836,7,2
c06_s01_cov100_seed00000040_bw010,c06_s01_cov100_seed00000040,flip,fast_gate,6,1,measured,1.0,0.1,,40,X,Y,5,0,5,5,0.625,2,"C00,W",0.2,1,0,1,0,3,True,1,ok,local_up_fast,mpdag_criterion,True,"Conjecture 2 (hence Anti-Exchange Case B, verified not proved)",C00->C04 C00->C05 C00->Y C02->C03 W->Y X->C02 X->Y C00-X,0.00018545899999367066,0.0,0.00018545899999367066,,1,5,2,0,0.1954314720812183,0.6514382402707276,5,2
c06_s01_cov100_seed00000041_bw010,c06_s01_cov100_seed00000041,flip,fast_gate,6,1,measured,1.0,0.1,,41,X,Y,6,2,6,6,0.6666666666666666,2,"C00,W",0.16666666666666666,1,0,1,0,3,True,1,ok,local_up_fast,mpdag_criterion,True,"Conjecture 2 (hence Anti-Exchange Case B, verified not proved)",C00->Y C03->C02 C04->C05 W->Y X->C02 X->C03 X->C04 X->Y C00-X,0.0004549999999881038,0.0,0.0004549999999881038,,1,6,3,0,0.09618768328445748,0.4809384164222874,6,2
c06_s01_cov100_seed00000042_bw010,c06_s01_cov100_seed00000042,flip,fast_gate,6,1,measured,1.0,0.1,,42,X,Y,6,2,6,6,0.6666666666666666,1,W,0.16666666666666666,1,0,1,0,3,True,1,ok,local_up_fast,mpdag_criterion,True,"Conjecture 2 (hence Anti-Exchange Case B, verified not proved)",C00->C02 C00->C04 C00->Y C02->C03 C02->C04 C02->C05 W->Y X->Y C00-X,0.00041874999999436113,0.0,0.00041874999999436113,,1,6,2,0,0.10878186968838528,0.5439093484419264,6,2
c06_s01_cov100_seed00000044_bw010,c06_s01_cov100_seed00000044,flip,fast_gate,6,1,measured,1.0,0.1,,44,X,Y,8,2,8,8,0.7272727272727273,1,W,0.125,1,0,1,0,3,True,1,ok,local_up_fast,mpdag_criterion,True,"Conjecture 2 (hence Anti-Exchange Case B, verified not proved)",C00->C02 C00->C03 C00->C04 C00->Y C03->C04 C03->C05 C04->C05 W->Y X->C02 X->Y C00-X,0.0002872080000031474,0.0,0.0002872080000031474,,1,8,2,0,0.09066622325684513,0.7883826626759782,8,1
c06_s01_cov100_seed00000045_bw010,c06_s01_cov100_seed00000045,flip,fast_gate,6,1,measured,1.0,0.1,,45,X,Y,5,0,5,5,0.625,2,"C00,W",0.2,1,0,1,0,3,True,1,ok,local_up_fast,mpdag_criterion,True,"Conjecture 2 (hence Anti-Exchange Case B, verified not proved)",C00->Y C02->C04 C04->C05 W->Y X->C02 X->C03 X->Y C00-X,0.00020754200002670586,0.0,0.00020754200002670586,,1,5,2,0,0.0,0.0,5,1
c06_s01_cov100_seed00000047_bw010,c06_s01_cov100_seed00000047,flip,fast_gate,6,1,measured,1.0,0.1,,47,X,Y,5,0,5,5,0.625,2,"C00,W",0.2,1,0,1,0,3,True,1,ok,local_up_fast,mpdag_criterion,True,"Conjecture 2 (hence Anti-Exchange Case B, verified not proved)",C00->C02 C00->C04 C00->C05 C00->Y C02->C03 W->Y X->Y C00-X,0.0003056669999921269,0.0,0.0003056669999921269,,1,5,2,0,0.9321033210332104,1.7736777367773677,5,3
c06_s01_cov100_seed00000048_bw010,c06_s01_cov100_seed00000048,flip,fast_gate,6,1,measured,1.0,0.1,,48,X,Y,5,0,5,5,0.625,2,"C00,W",0.2,1,0,1,0,3,True,1,ok,local_up_fast,mpdag_criterion,True,"Conjecture 2 (hence Anti-Exchange Case B, verified not proved)",C00->C02 C00->C04 C00->Y C03->C05 W->Y X->C03 X->Y C00-X,0.0003259579999905782,0.0,0.0003259579999905782,,1,5,2,0,0.19699999999999998,0.6566666666666666,5,2
c06_s01_cov100_seed00000050_bw010,c06_s01_cov100_seed00000050,flip,fast_gate,6,1,measured,1.0,0.1,,50,X,Y,6,2,6,6,0.6666666666666666,2,"C00,W",0.0,0,0,2,0,3,True,2,ok,local_up_fast,mpdag_criterion,True,"Conjecture 2 (hence Anti-Exchange Case B, verified not proved)",C00->C04 C00->Y C02->C03 C04->C05 W->Y X->C02 X->Y C00-X C04-X,0.0004667499999868596,0.0,0.0004667499999868596,,2,11,4,0,0.27064676616915423,1.3532338308457712,6,1
c06_s01_cov100_seed00000051_bw010,c06_s01_cov100_seed00000051,flip,fast_gate,6,1,measured,1.0,0.1,,51,X,Y,7,2,7,7,0.7,2,"C00,W",0.0,0,0,2,0,3,True,2,ok,local_up_fast,mpdag_criterion,True,"Conjecture 2 (hence Anti-Exchange Case B, verified not proved)",C00->C03 C00->C05 C00->Y C02->C03 W->Y X->C04 X->C05 X->Y C00-C02 C00-X,0.0008684999999957199,0.0,0.0008684999999957199,,3,19,8,0,0.4303439932674101,2.6848832316431728,7,2
c06_s01_cov100_seed00000052_bw010,c06_s01_cov100_seed00000052,flip,fast_gate,6,1,measured,1.0,0.1,,52,X,Y,5,0,5,5,0.625,2,"C00,W",0.2,1,0,1,0,3,True,1,ok,local_up_fast,mpdag_criterion,True,"Conjecture 2 (hence Anti-Exchange Case B, verified not proved)",C00->C05 C00->Y C03->C04 W->Y X->C02 X->C03 X->Y C00-X,0.00019120900000757501,0.0,0.00019120900000757501,,1,5,2,0,0.1523076923076923,0.5076923076923077,5,2
c06_s01_cov100_seed00000056_bw010,c06_s01_cov100_seed00000056,flip,fast_gate,6,1,measured,1.0,0.1,,56,X,Y,7,2,7,7,0.7,2,"C00,W",0.14285714285714285,1,0,1,0,3,True,1,ok,local_up_fast,mpdag_criterion,True,"Conjecture 2 (hence Anti-Exchange Case B, verified not proved)",C00->C02 C00->Y C02->C03 C02->C04 C02->C05 C05->C03 W->Y X->C02 X->Y C00-X,0.0003289999999935844,0.0,0.0003289999999935844,,1,7,4,0,0.3745922080204619,2.568203664114109,7,1
c06_s01_cov100_seed00000058_bw010,c06_s01_cov100_seed00000058,flip,fast_gate,6,1,measured,1.0,0.1,,58,X,Y,7,2,7,7,0.7,2,"C00,W",0.0,0,0,2,0,3,True,2,ok,local_up_fast,mpdag_criterion,True,"Conjecture 2 (hence Anti-Exchange Case B, verified not proved)",C00->C03 C00->C05 C00->Y C02->C04 W->Y X->C02 X->C05 X->Y C00-X C03-X,0.0006500829999822599,0.0,0.0006500829999822599,,2,13,5,0,0.2907181571815718,1.6063685636856369,7,2
c06_s01_cov100_seed00000061_bw010,c06_s01_cov100_seed00000061,flip,fast_gate,6,1,measured,1.0,0.1,,61,X,Y,5,0,5,5,0.625,2,"C00,W",0.2,1,0,1,0,3,True,1,ok,local_up_fast,mpdag_criterion,True,"Conjecture 2 (hence Anti-Exchange Case B, verified not proved)",C00->C02 C00->Y C02->C04 C03->C05 W->Y X->C03 X->Y C00-X,0.000183999999990192,0.0,0.000183999999990192,,1,5,2,0,0.26393901324805846,1.044569438099589,5,2
c06_s01_cov100_seed00000062_bw010,c06_s01_cov100_seed00000062,flip,fast_gate,6,1,measured,1.0,0.1,,62,X,Y,5,0,5,5,0.625,2,"C00,W",0.2,1,0,1,0,3,True,1,ok,local_up_fast,mpdag_criterion,True,"Conjecture 2 (hence Anti-Exchange Case B, verified not proved)",C00->C02 C00->C04 C00->Y W->Y X->C03 X->C05 X->Y C00-X,0.00017979099999365644,0.0,0.00017979099999365644,,1,5,2,0,0.1942372881355932,0.6474576271186441,5,3
c06_s01_cov100_seed00000063_bw010,c06_s01_cov100_seed00000063,flip,fast_gate,6,1,measured,1.0,0.1,,63,X,Y,8,2,8,8,0.7272727272727273,2,"C00,W",0.0,0,0,2,0,3,True,2,ok,local_up_fast,mpdag_criterion,True,"Conjecture 2 (hence Anti-Exchange Case B, verified not proved)",C00->C03 C00->C04 C00->C05 C00->Y C02->C04 C02->C05 W->Y X->C03 X->Y C00-C02 C00-X,0.001030332999988559,0.0,0.001030332999988559,,3,22,11,0,0.40796079987943656,3.2197949146822156,8,3
c06_s01_cov100_seed00000065_bw010,c06_s01_cov100_seed00000065,flip,fast_gate,6,1,measured,1.0,0.1,,65,X,Y,5,0,5,5,0.625,2,"C00,W",0.2,1,0,1,0,3,True,1,ok,local_up_fast,mpdag_criterion,True,"Conjecture 2 (hence Anti-Exchange Case B, verified not proved)",C00->C02 C00->C03 C00->Y C03->C04 W->Y X->C05 X->Y C00-X,0.0003239170000028935,0.0,0.0003239170000028935,,1,5,2,0,0.563758673210357,1.1774411914029446,5,3
c06_s01_cov100_seed00000001_bw025,c06_s01_cov100_seed00000001,flip,fast_gate,6,1,measured,1.0,0.25,,1,X,Y,6,4,6,6,0.6666666666666666,2,"C00,W",0.16666666666666666,1,0,1,0,3,True,1,ok,local_up_fast,mpdag_criterion,True,"Conjecture 2 (hence Anti-Exchange Case B, verified not proved)",C00->C02 C00->Y C03->C00 C03->C04 C03->X C04->C05 W->Y X->Y C00-X,0.0002653329999873222,0.0,0.0002653329999873222,,1,6,4,0,0.4520522620833357,1.5883863104166784,6,3
c06_s01_cov100_seed00000007_bw025,c06_s01_cov100_seed00000007,flip,fast_gate,6,1,measured,1.0,0.25,,7,X,Y,5,2,5,5,0.625,1,W,0.2,1,0,1,0,3,True,1,ok,local_up_fast,mpdag_criterion,True,"Conjecture 2 (hence Anti-Exchange Case B, verified not proved)",C00->Y C03->C04 W->Y X->C02 X->C03 X->C05 X->Y C00-X,0.000290833000008206,0.0,0.000290833000008206,,1,5,5,0,0.9287356321839081,1.7624521072796935,5,3
c06_s01_cov100_seed00000008_bw025,c06_s01_cov100_seed00000008,flip,fast_gate,6,1,measured,1.0,0.25,,8,X,Y,5,2,5,5,0.625,1,W,0.2,1,0,1,0,3,True,1,ok,local_up_fast,mpdag_criterion,True,"Conjecture 2 (hence Anti-Exchange Case B, verified not proved)",C00->C03 C00->Y C02->C04 C03->C05 W->Y X->C02 X->Y C00-X,0.00040841599999907885,0.0,0.00040841599999907885,,1,5,3,0,0.23083201685097418,0.9226786027733895,5,2
c06_s01_cov100_seed00000010_bw025,c06_s01_cov100_seed00000010,flip,fast_gate,6,1,measured,1.0,0.25,,10,X,Y,7,4,7,7,0.7,2,"C00,W",0.14285714285714285,1,0,1,0,3,True,1,ok,local_up_fast,mpdag_criterion,True,"Conjecture 2 (hence Anti-Exchange Case B, verified not proved)",C00->C05 C00->Y C02->C00 C02->C03 C02->C04 C02->X W->Y X->C05 X->Y C00-X,0.0003145409999945059,0.0,0.0003145409999945059,,1,7,5,0,0.3329712857922926,2.0239388675096928,7,2
c06_s01_cov100_seed00000012_bw025,c06_s01_cov100_seed00000012,flip,fast_gate,6,1,measured,1.0,0.25,,12,X,Y,7,4,7,7,0.7,1,W,0.14285714285714285,1,0,1,0,3,True,1,ok,local_up_fast,mpdag_criterion,True,"Conjecture 2 (hence Anti-Exchange Case B, verified not proved)",C00->C03 C00->C04 C00->C05 C00->Y C05->C04 W->Y X->C02 X->C03 X->Y C00-X,0.00031391699999971934,0.0,0.00031391699999971934,,1,7,3,0,0.22063630376803536,1.313040673769754,7,2
c06_s01_cov100_seed00000021_bw025,c06_s01_cov100_seed00000021,flip,fast_gate,6,1,measured,1.0,0.25,,21,X,Y,5,2,5,5,0.625,1,W,0.2,1,0,1,0,3,True,1,ok,local_up_fast,mpdag_criterion,True,"Conjecture 2 (hence Anti-Exchange Case B, verified not proved)",C00->C02 C00->C05 C00->Y C02->C03 W->Y X->C04 X->Y C00-X,0.00022991700001284698,0.0,0.00022991700001284698,,1,5,3,0,0.13698979591836732,0.45663265306122447,5,2
c06_s01_cov100_seed00000023_bw025,c06_s01_cov100_seed00000023,flip,fast_gate,6,1,measured,1.0,0.25,,23,X,Y,6,4,6,6,0.6666666666666666,1,W,0.16666666666666666,1,0,1,0,3,True,1,ok,local_up_fast,mpdag_criterion,True,"Conjecture 2 (hence Anti-Exchange Case B, verified not proved)",C00->C02 C00->C03 C00->C05 C00->Y C02->C04 C03->C02 W->Y X->Y C00-X,0.00023329100000069047,0.0,0.00023329100000069047,,1,6,2,0,0.09244186046511628,0.4622093023255814,6,1
c06_s01_cov100_seed00000024_bw025,c06_s01_cov100_seed00000024,flip,fast_gate,6,1,measured,1.0,0.25,,24,X,Y,5,2,5,5,0.625,1,W,0.2,1,0,1,0,3,True,1,ok,local_up_fast,mpdag_criterion,True,"Conjecture 2 (hence Anti-Exchange Case B, verified not proved)",C00->C02 C00->C03 C00->C04 C00->Y C02->C05 W->Y X->Y C00-X,0.0003801670000029844,0.0,0.0003801670000029844,,1,5,2,0,0.0,0.0,5,2
c06_s01_cov100_seed00000026_bw025,c06_s01_cov100_seed00000026,flip,fast_gate,6,1,measured,1.0,0.25,,26,X,Y,7,4,7,7,0.7,2,"C00,W",0.14285714285714285,1,0,1,0,3,True,1,ok,local_up_fast,mpdag_criterion,True,"Conjecture 2 (hence Anti-Exchange Case B, verified not proved)",C00->C03 C00->Y C02->C00 C02->C04 C02->C05 C02->X W->Y X->C03 X->Y C00-X,0.0006303750000142827,0.0,0.0006303750000142827,,1,7,5,0,0.34120856984572595,2.0727947946502265,7,2
c06_s01_cov100_seed00000031_bw025,c06_s01_cov100_seed00000031,flip,fast_gate,6,1,measured,1.0,0.25,,31,X,Y,7,4,7,7,0.7,2,"C00,W",0.0,0,0,3,0,3,True,3,ok,local_up_fast,mpdag_criterion,True,"Conjecture 2 (hence Anti-Exchange Case B, verified not proved)",C00->C02 C00->C05 C00->Y C02->C03 C02->C05 W->Y X->Y C00-C04 C00-X C02-X,0.002095209000003706,0.0,0.002095209000003706,,5,30,10,0,0.6243333333333335,2.9966666666666666,7,3
c06_s01_cov100_seed00000035_bw025,c06_s01_cov100_seed00000035,flip,fast_gate,6,1,measured,1.0,0.25,,35,X,Y,6,4,6,6,0.6666666666666666,1,W,0.0,0,0,2,0,3,True,2,ok,local_up_fast,mpdag_criterion,True,"Conjecture 2 (hence Anti-Exchange Case B, verified not proved)",C00->C02 C00->C04 C00->Y C02->C04 C02->C05 W->Y X->Y C00-X C03-X,0.00045058300000277995,0.0,0.00045058300000277995,,2,11,4,0,0.2915492957746479,1.4577464788732395,6,1
c06_s01_cov100_seed00000036_bw025,c06_s01_cov100_seed00000036,flip,fast_gate,6,1,measured,1.0,0.25,,36,X,Y,5,2,5,5,0.625,1,W,0.2,1,0,1,0,3,True,1,ok,local_up_fast,mpdag_criterion,True,"Conjecture 2 (hence Anti-Exchange Case B, verified not proved)",C00->C02 C00->C03 C00->Y C02->C05 C03->C04 W->Y X->Y C00-X,0.00035862499998984276,0.0,0.00035862499998984276,,1,5,2,0,0.0,0.0,5,2
c06_s01_cov100_seed00000040_bw025,c06_s01_cov100_seed00000040,flip,fast_gate,6,1,measured,1.0,0.25,,40,X,Y,5,2,5,5,0.625,2,"C00,W",0.0,0,0,2,0,3,True,2,ok,local_up_fast,mpdag_criterion,True,"Conjecture 2 (hence Anti-Exchange Case B, verified not proved)",C00->C05 C00->Y C02->C03 W->Y X->C02 X->Y C00-C04 C00-X,0.0003390420000073391,0.0,0.0003390420000073391,,2,9,3,0,0.3989010989010989,1.4945054945054945,5,1
c06_s01_cov100_seed00000042_bw025,c06_s01_cov100_seed00000042,flip,fast_gate,6,1,measured,1.0,0.25,,42,X,Y,6,4,6,6,0.6666666666666666,2,"C00,W",0.0,0,0,3,0,3,True,3,ok,local_up_fast,mpdag_criterion,True,"Conjecture 2 (hence Anti-Exchange Case B, verified not proved)",C00->C04 C00->Y C02->C03 C02->C04 W->Y X->Y C00-C02 C00-X C02-C05,0.0010854579999772795,0.0,0.0010854579999772795,,5,24,10,0,0.7344230482161519,3.283624421555456,6,2
c06_s01_cov100_seed00000047_bw025,c06_s01_cov100_seed00000047,flip,fast_gate,6,1,measured,1.0,0.25,,47,X,Y,5,2,5,5,0.625,2,"C00,W",0.0,0,0,2,0,3,True,2,ok,local_up_fast,mpdag_criterion,True,"Conjecture 2 (hence Anti-Exchange Case B, verified not proved)",C00->C02 C00->C04 C00->Y C02->C03 W->Y X->Y C00-C05 C00-X,0.0006389170000034028,0.0,0.0006389170000034028,,2,9,3,0,0.9324675324675326,2.6623376623376624,5,2
c06_s01_cov100_seed00000048_bw025,c06_s01_cov100_seed00000048,flip,fast_gate,6,1,measured,1.0,0.25,,48,X,Y,5,2,5,5,0.625,2,"C00,W",0.0,0,0,2,0,3,True,2,ok,local_up_fast,mpdag_criterion,True,"Conjecture 2 (hence Anti-Exchange Case B, verified not proved)",C00->C02 C00->Y C03->C05 W->Y X->C03 X->Y C00-C04 C00-X,0.00035920900000974143,0.0,0.00035920900000974143,,2,9,3,0,0.40731707317073174,1.5365853658536586,5,1
c06_s01_cov100_seed00000054_bw025,c06_s01_cov100_seed00000054,flip,fast_gate,6,1,measured,1.0,0.25,,54,X,Y,7,4,7,7,0.7,2,"C00,W",0.0,0,0,3,0,3,True,3,ok,local_up_fast,mpdag_criterion,True,"Conjecture 2 (hence Anti-Exchange Case B, verified not proved)",C00->Y C02->C03 C02->C04 C02->C05 C03->C04 W->Y X->Y C00-C02 C00-C03 C00-X,0.0029695829999809575,0.0,0.0029695829999809575,,12,66,28,0,0.44105263157894736,2.705263157894737,7,3
c06_s01_cov100_seed00000057_bw025,c06_s01_cov100_seed00000057,flip,fast_gate,6,1,measured,1.0,0.25,,57,X,Y,6,4,6,6,0.6666666666666666,2,"C00,W",0.0,0,0,3,0,3,True,3,ok,local_up_fast,mpdag_criterion,True,"Conjecture 2 (hence Anti-Exchange Case B, verified not proved)",C00->C05 C00->Y C02->C03 C03->C04 W->Y X->Y C00-C02 C00-X C05-X,0.001335917000005793,0.0,0.001335917000005793,,6,29,12,0,0.43562500000000004,2.35625,6,2
c06_s01_cov100_seed00000059_bw025,c06_s01_cov100_seed00000059,flip,fast_gate,6,1,measured,1.0,0.25,,59,X,Y,8,4,8,8,0.7272727272727273,1,W,0.0,0,0,2,0,3,True,2,ok,local_up_fast,mpdag_criterion,True,"Conjecture 2 (hence Anti-Exchange Case B, verified not proved)",C00->C04 C00->C05 C00->Y C02->C03 C04->C05 W->Y X->C03 X->C04 X->Y C00-X C02-X,0.0011026669999978367,0.0,0.0011026669999978367,,3,22,8,0,0.3351648351648352,2.532967032967033,8,1
c06_s01_cov100_seed00000062_bw025,c06_s01_cov100_seed00000062,flip,fast_gate,6,1,measured,1.0,0.25,,62,X,Y,5,2,5,5,0.625,1,W,0.2,1,0,1,0,3,True,1,ok,local_up_fast,mpdag_criterion,True,"Conjecture 2 (hence Anti-Exchange Case B, verified not proved)",C00->C02 C00->C04 C00->Y W->Y X->C03 X->C05 X->Y C00-X,0.0002695830000050137,0.0,0.0002695830000050137,,1,5,4,0,0.19563025210084034,0.6521008403361345,5,3
c06_s01_cov100_seed00000064_bw025,c06_s01_cov100_seed00000064,flip,fast_gate,6,1,measured,1.0,0.25,,64,X,Y,7,4,7,7,0.7,2,"C00,W",0.0,0,0,2,0,3,True,2,ok,local_up_fast,mpdag_criterion,True,"Conjecture 2 (hence Anti-Exchange Case B, verified not proved)",C00->Y C02->C03 C05->C02 W->Y X->C02 X->C03 X->C05 X->Y C00-C04 C00-X,0.0007612919999928636,0.0,0.0007612919999928636,,3,19,6,0,0.33839473684210525,2.0439473684210525,7,1
c06_s01_cov100_seed00000065_bw025,c06_s01_cov100_seed00000065,flip,fast_gate,6,1,measured,1.0,0.25,,65,X,Y,5,2,5,5,0.625,1,W,0.2,1,0,1,0,3,True,1,ok,local_up_fast,mpdag_criterion,True,"Conjecture 2 (hence Anti-Exchange Case B, verified not proved)",C00->C02 C00->C03 C00->Y C03->C04 W->Y X->C05 X->Y C00-X,0.0004094159999965541,0.0,0.0004094159999965541,,1,5,3,0,0.13879518072289157,0.46265060240963857,5,2
c06_s01_cov100_seed00000070_bw025,c06_s01_cov100_seed00000070,flip,fast_gate,6,1,measured,1.0,0.25,,70,X,Y,5,2,5,5,0.625,1,W,0.2,1,0,1,0,3,True,1,ok,local_up_fast,mpdag_criterion,True,"Conjecture 2 (hence Anti-Exchange Case B, verified not proved)",C00->C04 C00->Y C04->C05 W->Y X->C02 X->C03 X->Y C00-X,0.0002667089999874861,0.0,0.0002667089999874861,,1,5,4,0,0.19742268041237115,0.6580756013745704,5,2
c06_s01_cov100_seed00000071_bw025,c06_s01_cov100_seed00000071,flip,fast_gate,6,1,measured,1.0,0.25,,71,X,Y,6,4,6,6,0.6666666666666666,2,"C00,W",0.0,0,0,2,0,3,True,2,ok,local_up_fast,mpdag_criterion,True,"Conjecture 2 (hence Anti-Exchange Case B, verified not proved)",C00->C03 C00->Y C04->C02 W->Y X->C02 X->C04 X->Y C00-C05 C00-X,0.0004927919999886399,0.0,0.0004927919999886399,,2,11,5,0,0.37587064676616916,2.0323383084577116,6,1
c06_s01_cov100_seed00000074_bw025,c06_s01_cov100_seed00000074,flip,fast_gate,6,1,measured,1.0,0.25,,74,X,Y,5,2,5,5,0.625,2,"C00,W",0.0,0,0,2,0,3,True,2,ok,local_up_fast,mpdag_criterion,True,"Conjecture 2 (hence Anti-Exchange Case B, verified not proved)",C00->Y C02->C03 C03->C04 C03->C05 W->Y X->Y C00-C02 C00-X,0.0005730839999955606,0.0,0.0005730839999955606,,3,13,7,0,0.7525477707006367,1.6464968152866242,5,3
c06_s01_cov100_seed00000075_bw025,c06_s01_cov100_seed00000075,flip,fast_gate,6,1,measured,1.0,0.25,,75,X,Y,6,4,6,6,0.6666666666666666,2,"C00,W",0.0,0,0,3,0,3,True,3,ok,local_up_fast,mpdag_criterion,True,"Conjecture 2 (hence Anti-Exchange Case B, verified not proved)",C00->C02 C00->Y W->Y X->C02 X->C04 X->Y C00-C03 C00-X C03-C05,0.0018865829999867856,0.0,0.0018865829999867856,,5,24,7,0,0.5171031559114462,2.844606688648139,6,1
c06_s01_cov100_seed00000080_bw025,c06_s01_cov100_seed00000080,flip,fast_gate,6,1,measured,1.0,0.25,,80,X,Y,7,4,7,7,0.7,2,"C00,W",0.14285714285714285,1,0,1,0,3,True,1,ok,local_up_fast,mpdag_criterion,True,"Conjecture 2 (hence Anti-Exchange Case B, verified not proved)",C00->C03 C00->Y C02->C00 C02->C03 C02->C04 C02->X W->Y X->C05 X->Y C00-X,0.0003007500000080654,0.0,0.0003007500000080654,,1,7,4,0,0.2719859058763062,1.6645890275894162,7,3
c06_s01_cov100_seed00000081_bw025,c06_s01_cov100_seed00000081,flip,fast_gate,6,1,measured,1.0,0.25,,81,X,Y,6,4,6,6,0.6666666666666666,1,W,0.0,0,0,2,0,3,True,2,ok,local_up_fast,mpdag_criterion,True,"Conjecture 2 (hence Anti-Exchange Case B, verified not proved)",C00->C02 C00->Y C03->C05 W->Y X->C02 X->C04 X->Y C00-X C03-X,0.0005409999999983484,0.0,0.0005409999999983484,,2,11,6,0,0.3781702544031311,2.0209882583170256,6,2
c06_s01_cov100_seed00000084_bw025,c06_s01_cov100_seed00000084,flip,fast_gate,6,1,measured,1.0,0.25,,84,X,Y,6,4,6,6,0.6666666666666666,1,W,0.0,0,0,2,0,3,True,2,ok,local_up_fast,mpdag_criterion,True,"Conjecture 2 (hence Anti-Exchange Case B, verified not proved)",C00->Y C02->C03 C02->C04 C03->C04 W->Y X->C05 X->Y C00-X C02-X,0.0007804169999872101,0.0,0.0007804169999872101,,3,16,9,0,0.7931845062093436,2.5317120047309283,6,3
c06_s01_cov100_seed00000089_bw025,c06_s01_cov100_seed00000089,flip,fast_gate,6,1,measured,1.0,0.25,,89,X,Y,5,2,5,5,0.625,1,W,0.2,1,0,1,0,3,True,1,ok,local_up_fast,mpdag_criterion,True,"Conjecture 2 (hence Anti-Exchange Case B, verified not proved)",C00->C04 C00->C05 C00->Y W->Y X->C02 X->C03 X->Y C00-X,0.00026279099998305355,0.0,0.00026279099998305355,,1,5,4,0,0.19247999999999998,0.6416,5,3
c06_s01_cov100_seed00000096_bw025,c06_s01_cov100_seed00000096,flip,fast_gate,6,1,measured,1.0,0.25,,96,X,Y,5,2,5,5,0.625,1,W,0.2,1,0,1,0,3,True,1,ok,local_up_fast,mpdag_criterion,True,"Conjecture 2 (hence Anti-Exchange Case B, verified not proved)",C00->Y C02->C03 C02->C05 C03->C04 W->Y X->C02 X->Y C00-X,0.0002612919999762653,0.0,0.0002612919999762653,,1,5,3,0,0.8564285714285715,2.5214285714285714,5,2
c06_s01_cov100_seed00000100_bw025,c06_s01_cov100_seed00000100,flip,fast_gate,6,1,measured,1.0,0.25,,100,X,Y,6,4,6,6,0.6666666666666666,1,W,0.0,0,0,2,0,3,True,2,ok,local_up_fast,mpdag_criterion,True,"Conjecture 2 (hence Anti-Exchange Case B, verified not proved)",C00->C05 C00->Y C02->C03 W->Y X->C02 X->C03 X->Y C00-X C04-X,0.0005186660000049415,0.0,0.0005186660000049415,,2,11,5,0,0.6253518367068766,2.6989623798814146,6,2
c06_s01_cov100_seed00000102_bw025,c06_s01_cov100_seed00000102,flip,fast_gate,6,1,measured,1.0,0.25,,102,X,Y,5,2,5,5,0.625,1,W,0.2,1,0,1,0,3,True,1,ok,local_up_fast,mpdag_criterion,True,"Conjecture 2 (hence Anti-Exchange Case B, verified not proved)",C00->C02 C00->C03 C00->Y W->Y X->C04 X->C05 X->Y C00-X,0.0005081250000102955,0.0,0.0005081250000102955,,1,5,4,0,0.21030405405405403,0.7010135135135135,5,3
c06_s01_cov100_seed00000104_bw025,c06_s01_cov100_seed00000104,flip,fast_gate,6,1,measured,1.0,0.25,,104,X,Y,6,4,6,6,0.6666666666666666,1,W,0.16666666666666666,1,0,1,0,3,True,1,ok,local_up_fast,mpdag_criterion,True,"Conjecture 2 (hence Anti-Exchange Case B, verified not proved)",C00->C04 C00->C05 C00->Y C03->C02 W->Y X->C02 X->C03 X->Y C00-X,0.0002610829999980524,0.0,0.0002610829999980524,,1,6,3,0,0.42380910694179397,1.4007356755540399,6,3
c06_s01_cov100_seed00000111_bw025,c06_s01_cov100_seed00000111,flip,fast_gate,6,1,measured,1.0,0.25,,111,X,Y,7,4,7,7,0.7,1,W,0.0,0,0,2,0,3,True,2,ok,local_up_fast,mpdag_criterion,True,"Conjecture 2 (hence Anti-Exchange Case B, verified not proved)",C00->C02 C00->C03 C00->C05 C00->Y C03->C05 W->Y X->C02 X->Y C00-X C04-X,0.0005651670000190734,0.0,0.0005651670000190734,,2,13,5,0,0.31954355512696886,1.9993571198971392,7,1
c06_s01_cov100_seed00000113_bw025,c06_s01_cov100_seed00000113,flip,fast_gate,6,1,measured,1.0,0.25,,113,X,Y,7,4,7,7,0.7,2,"C00,W",0.14285714285714285,1,0,1,0,3,True,1,ok,local_up_fast,mpdag_criterion,True,"Conjecture 2 (hence Anti-Exchange Case B, verified not proved)",C00->C02 C00->C05 C00->Y C02->C04 C03->C00 C03->X W->Y X->C02 X->Y C00-X,0.0005692080000017086,0.0,0.0005692080000017086,,1,7,3,0,0.443645186824711,3.1768027454400922,7,1
c06_s01_cov100_seed00000126_bw025,c06_s01_cov100_seed00000126,flip,fast_gate,6,1,measured,1.0,0.25,,126,X,Y,7,4,7,7,0.7,2,"C00,W",0.0,0,0,2,0,3,True,2,ok,local_up_fast,mpdag_criterion,True,"Conjecture 2 (hence Anti-Exchange Case B, verified not proved)",C00->C02 C00->C04 C00->C05 C00->Y C03->C02 C03->C04 W->Y X->Y C00-C03 C00-X,0.001311708000002909,0.0,0.001311708000002909,,2,13,7,0,0.7351072124756334,2.4914230019493178,7,4
c06_s01_cov100_seed00000132_bw025,c06_s01_cov100_seed00000132,flip,fast_gate,6,1,measured,1.0,0.25,,132,X,Y,5,2,5,5,0.625,2,"C00,W",0.0,0,0,2,0,3,True,2,ok,local_up_fast,mpdag_criterion,True,"Conjecture 2 (hence Anti-Exchange Case B, verified not proved)",C00->Y C02->C04 C04->C05 W->Y X->C02 X->Y C00-C03 C00-X,0.0003675410000028023,0.0,0.0003675410000028023,,2,9,3,0,0.3,1.0,5,0
c06_s01_cov100_seed00000133_bw025,c06_s01_cov100_seed00000133,flip,fast_gate,6,1,measured,1.0,0.25,,133,X,Y,6,4,6,6,0.6666666666666666,1,W,0.16666666666666666,1,0,1,0,3,True,1,ok,local_up_fast,mpdag_criterion,True,"Conjecture 2 (hence Anti-Exchange Case B, verified not proved)",C00->Y C02->C03 C02->C05 C03->C04 C05->C03 W->Y X->C02 X->Y C00-X,0.00048704200000315723,0.0,0.00048704200000315723,,1,6,3,0,0.8618001544332412,4.309000772166206,6,1
c06_s01_cov100_seed00000136_bw025,c06_s01_cov100_seed00000136,flip,fast_gate,6,1,measured,1.0,0.25,,136,X,Y,7,4,7,7,0.7,1,W,0.14285714285714285,1,0,1,0,3,True,1,ok,local_up_fast,mpdag_criterion,True,"Conjecture 2 (hence Anti-Exchange Case B, verified not proved)",C00->C03 C00->Y C02->C00 C03->C05 W->Y X->C00 X->C03 X->C04 X->Y C02-X,0.0006246250000003783,0.0,0.0006246250000003783,,1,7,3,0,0.24242426375127796,1.4648685715036425,7,2
c06_s03_cov050_seed00000000_bw000,c06_s03_cov050_seed00000000,flip,fast_gate,6,3,measured,0.5,0.0,,0,X,Y,4,2,5,5,0.7,2,"C00,W",0.0,0,0,3,0,3,True,3,ok,local_up_fast,mpdag_criterion,True,"Conjecture 2 (hence Anti-Exchange Case B, verified not proved)",C00->Y C02->C04 C02->C05 W->Y X->Y C00-C01 C01-C02 C02-X C04-X C05-X,0.000956500000000915,0.0,0.000956500000000915,,3,12,4,0,0.7020491803278688,2.5102459016393444,4,0
c06_s03_cov050_seed00000001_bw000,c06_s03_cov050_seed00000001,flip,fast_gate,6,3,measured,0.5,0.0,,1,X,Y,3,1,5,5,0.6666666666666666,2,"C00,W",0.0,0,0,3,0,3,True,3,ok,local_up_fast,mpdag_criterion,True,"Conjecture 2 (hence Anti-Exchange Case B, verified not proved)",C00->Y C01->C04 C02->C05 W->Y X->Y C00-C01 C01-C02 C02-X C05-X,0.0017185829999846192,0.0,0.0017185829999846192,,4,15,6,0,0.8,2.0,3,0
c06_s03_cov050_seed00000002_bw000,c06_s03_cov050_seed00000002,flip,fast_gate,6,3,measured,0.5,0.0,,2,X,Y,3,1,5,5,0.6666666666666666,2,"C00,W",0.0,0,0,3,0,3,True,3,ok,local_up_fast,mpdag_criterion,True,"Conjecture 2 (hence Anti-Exchange Case B, verified not proved)",C00->Y C01->C05 C02->C04 W->Y X->Y C00-C01 C01-C02 C02-X C04-X,0.000980083999991166,0.0,0.000980083999991166,,4,15,6,0,0.8,2.0,3,0
c06_s03_cov050_seed00000003_bw000,c06_s03_cov050_seed00000003,flip,fast_gate,6,3,measured,0.5,0.0,,3,X,Y,3,2,4,4,0.6666666666666666,2,"C00,W",0.0,0,0,3,0,3,True,3,ok,local_up_fast,mpdag_criterion,True,"Conjecture 2 (hence Anti-Exchange Case B, verified not proved)",C00->Y C02->C04 W->Y X->Y C00-C01 C00-C05 C01-C02 C02-X C04-X,0.0013072920000070098,0.0,0.0013072920000070098,,3,9,4,0,0.8,2.0,3,0
c06_s03_cov050_seed00000004_bw000,c06_s03_cov050_seed00000004,flip,fast_gate,6,3,measured,0.5,0.0,,4,X,Y,2,1,4,4,0.625,2,"C00,W",0.0,0,0,2,0,2,True,2,ok,local_up_fast,mpdag_criterion,True,"Conjecture 2 (hence Anti-Exchange Case B, verified not proved)",C00->Y C02->C04 C04->C05 W->Y X->Y C00-C01 C01-C02 C02-X,0.0003867080000077294,0.0,0.0003867080000077294,,2,7,3,0,0.7,1.0,2,0
c06_s03_cov050_seed00000005_bw000,c06_s03_cov050_seed00000005,flip,fast_gate,6,3,measured,0.5,0.0,,5,X,Y,2,1,4,4,0.625,2,"C00,W",0.0,0,0,2,0,2,True,2,ok,local_up_fast,mpdag_criterion,True,"Conjecture 2 (hence Anti-Exchange Case B, verified not proved)",C00->Y C02->C04 C04->C05 W->Y X->Y C00-C01 C01-C02 C02-X,0.00031616600000461403,0.0,0.00031616600000461403,,2,7,3,0,0.7,1.0,2,0
c06_s03_cov050_seed00000006_bw000,c06_s03_cov050_seed00000006,flip,fast_gate,6,3,measured,0.5,0.0,,6,X,Y,2,2,3,3,0.625,2,"C00,W",0.0,0,0,2,0,2,True,2,ok,local_up_fast,mpdag_criterion,True,"Conjecture 2 (hence Anti-Exchange Case B, verified not proved)",C00->Y C02->C05 W->Y X->Y C00-C01 C01-C02 C01-C04 C02-X,0.000377374999999347,0.0,0.000377374999999347,,2,5,3,0,0.7,1.0,2,0
c06_s03_cov050_seed00000007_bw000,c06_s03_cov050_seed00000007,flip,fast_gate,6,3,measured,0.5,0.0,,7,X,Y,2,1,4,4,0.625,2,"C00,W",0.0,0,0,2,0,2,True,2,ok,local_up_fast,mpdag_criterion,True,"Conjecture 2 (hence Anti-Exchange Case B, verified not proved)",C00->Y W->Y X->C04 X->C05 X->Y C00-C01 C01-C02 C02-X,0.00040045900001928203,0.0,0.00040045900001928203,,2,7,3,0,0.7,1.0,2,0
c06_s03_cov050_seed00000008_bw000,c06_s03_cov050_seed00000008,flip,fast_gate,6,3,measured,0.5,0.0,,8,X,Y,2,2,3,3,0.625,2,"C00,W",0.0,0,0,2,0,2,True,2,ok,local_up_fast,mpdag_criterion,True,"Conjecture 2 (hence Anti-Exchange Case B, verified not proved)",C00->Y C02->C04 W->Y X->Y C00-C01 C01-C02 C01-C05 C02-X,0.0006731250000200362,0.0,0.0006731250000200362,,2,5,3,0,0.7,1.0,2,0
c06_s03_cov050_seed00000009_bw000,c06_s03_cov050_seed00000009,flip,fast_gate,6,3,measured,0.5,0.0,,9,X,Y,3,2,4,4,0.6666666666666666,2,"C00,W",0.0,0,0,3,0,3,True,3,ok,local_up_fast,mpdag_criterion,True,"Conjecture 2 (hence Anti-Exchange Case B, verified not proved)",C00->Y C01->C04 W->Y X->Y C00-C01 C00-C05 C01-C02 C02-C04 C02-X,0.0007287080000253354,0.0,0.0007287080000253354,,4,11,6,0,0.8,2.0,3,0
c06_s03_cov050_seed00000010_bw000,c06_s03_cov050_seed00000010,flip,fast_gate,6,3,measured,0.5,0.0,,10,X,Y,3,1,5,5,0.6666666666666666,2,"C00,W",0.0,0,0,3,0,3,True,3,ok,local_up_fast,mpdag_criterion,True,"Conjecture 2 (hence Anti-Exchange Case B, verified not proved)",C00->Y C02->C04 C04->C05 W->Y X->Y C00-C01 C01-C02 C02-X C04-X,0.0022742920000098366,0.0,0.0022742920000098366,,3,12,4,0,0.8,2.0,3,0
c06_s03_cov050_seed00000011_bw000,c06_s03_cov050_seed00000011,flip,fast_gate,6,3,measured,0.5,0.0,,11,X,Y,2,3,2,2,0.625,2,"C00,W",0.0,0,0,2,0,2,True,2,ok,local_up_fast,mpdag_criterion,True,"Conjecture 2 (hence Anti-Exchange Case B, verified not proved)",C00->Y W->Y X->Y C00-C01 C00-C04 C00-C05 C01-C02 C02-X,0.0003485419999833539,0.0,0.0003485419999833539,,2,3,3,0,0.7,1.0,2,0
c06_s03_cov050_seed00000012_bw000,c06_s03_cov050_seed00000012,flip,fast_gate,6,3,measured,0.5,0.0,,12,X,Y,3,2,4,4,0.6666666666666666,2,"C00,W",0.0,0,0,3,0,3,True,3,ok,local_up_fast,mpdag_criterion,True,"Conjecture 2 (hence Anti-Exchange Case B, verified not proved)",C00->Y C02->C04 W->Y X->Y C00-C01 C00-C05 C01-C02 C01-C05 C02-X,0.0013330410000094162,0.0,0.0013330410000094162,,3,9,4,0,0.8,2.0,3,0
c06_s03_cov050_seed00000013_bw000,c06_s03_cov050_seed00000013,flip,fast_gate,6,3,measured,0.5,0.0,,13,X,Y,2,1,4,4,0.625,2,"C00,W",0.0,0,0,2,0,2,True,2,ok,local_up_fast,mpdag_criterion,True,"Conjecture 2 (hence Anti-Exchange Case B, verified not proved)",C00->Y C04->C05 W->Y X->C04 X->Y C00-C01 C01-C02 C02-X,0.0003976669999872229,0.0,0.0003976669999872229,,2,7,3,0,0.7,1.0,2,0
c06_s03_cov050_seed00000014_bw000,c06_s03_cov050_seed00000014,flip,fast_gate,6,3,measured,0.5,0.0,,14,X,Y,2,3,2,2,0.625,2,"C00,W",0.0,0,0,2,0,2,True,2,ok,local_up_fast,mpdag_criterion,True,"Conjecture 2 (hence Anti-Exchange Case B, verified not proved)",C00->Y W->Y X->Y C00-C01 C00-C04 C01-C02 C02-X C04-C05,0.00033283400000527763,0.0,0.00033283400000527763,,2,3,3,0,0.7,1.0,2,0
c06_s03_cov050_seed00000015_bw000,c06_s03_cov050_seed00000015,flip,fast_gate,6,3,measured,0.5,0.0,,15,X,Y,2,1,4,4,0.625,2,"C00,W",0.0,0,0,2,0,2,True,2,ok,local_up_fast,mpdag_criterion,True,"Conjecture 2 (hence Anti-Exchange Case B, verified not proved)",C00->Y W->Y X->C04 X->C05 X->Y C00-C01 C01-C02 C02-X,0.00138183299998218,0.0,0.00138183299998218,,2,7,3,0,0.7,1.0,2,0
c06_s03_cov050_seed00000016_bw000,c06_s03_cov050_seed00000016,flip,fast_gate,6,3,measured,0.5,0.0,,16,X,Y,3,1,5,5,0.6666666666666666,2,"C00,W",0.0,0,0,3,0,3,True,3,ok,local_up_fast,mpdag_criterion,True,"Conjecture 2 (hence Anti-Exchange Case B, verified not proved)",C00->Y C02->C04 C02->C05 W->Y X->Y C00-C01 C01-C02 C02-X C05-X,0.0013582079999991947,0.0,0.0013582079999991947,,3,12,4,0,0.8,2.0,3,0
c06_s03_cov050_seed00000017_bw000,c06_s03_cov050_seed00000017,flip,fast_gate,6,3,measured,0.5,0.0,,17,X,Y,3,1,5,5,0.6666666666666666,2,"C00,W",0.0,0,0,3,0,3,True,3,ok,local_up_fast,mpdag_criterion,True,"Conjecture 2 (hence Anti-Exchange Case B, verified not proved)",C00->Y C02->C04 C02->C05 W->Y X->Y C00-C01 C01-C02 C02-X C04-X,0.0012464590000149656,0.0,0.0012464590000149656,,3,12,4,0,0.8,2.0,3,0
c06_s03_cov050_seed00000018_bw000,c06_s03_cov050_seed00000018,flip,fast_gate,6,3,measured,0.5,0.0,,18,X,Y,3,2,4,4,0.6666666666666666,2,"C00,W",0.0,0,0,3,0,3,True,3,ok,local_up_fast,mpdag_criterion,True,"Conjecture 2 (hence Anti-Exchange Case B, verified not proved)",C00->Y W->Y X->C04 X->Y C00-C01 C00-C05 C01-C02 C01-C05 C02-X,0.0006005420000008144,0.0,0.0006005420000008144,,3,9,4,0,0.8,2.0,3,0
c06_s03_cov050_seed00000019_bw000,c06_s03_cov050_seed00000019,flip,fast_gate,6,3,measured,0.5,0.0,,19,X,Y,3,1,5,5,0.6666666666666666,2,"C00,W",0.0,0,0,3,0,3,True,3,ok,local_up_fast,mpdag_criterion,True,"Conjecture 2 (hence Anti-Exchange Case B, verified not proved)",C00->Y C02->C04 C02->C05 W->Y X->Y C00-C01 C01-C02 C02-X C04-C05,0.0010694590000071003,0.0,0.0010694590000071003,,3,12,4,0,0.8,2.0,3,0
c06_s03_cov050_seed00000020_bw000,c06_s03_cov050_seed00000020,flip,fast_gate,6,3,measured,0.5,0.0,,20,X,Y,3,2,4,4,0.6666666666666666,2,"C00,W",0.0,0,0,3,0,3,True,3,ok,local_up_fast,mpdag_criterion,True,"Conjecture 2 (hence Anti-Exchange Case B, verified not proved)",C00->Y W->Y X->C04 X->Y C00-C01 C00-C05 C01-C02 C01-C05 C02-X,0.000869749999992564,0.0,0.000869749999992564,,3,9,4,0,0.8,2.0,3,0
c06_s03_cov050_seed00000021_bw000,c06_s03_cov050_seed00000021,flip,fast_gate,6,3,measured,0.5,0.0,,21,X,Y,2,2,3,3,0.625,2,"C00,W",0.0,0,0,2,0,2,True,2,ok,local_up_fast,mpdag_criterion,True,"Conjecture 2 (hence Anti-Exchange Case B, verified not proved)",C00->Y W->Y X->C05 X->Y C00-C01 C01-C02 C01-C04 C02-X,0.00039420799998879374,0.0,0.00039420799998879374,,2,5,3,0,0.7,1.0,2,0
c06_s03_cov050_seed00000022_bw000,c06_s03_cov050_seed00000022,flip,fast_gate,6,3,measured,0.5,0.0,,22,X,Y,4,2,5,5,0.7,2,"C00,W",0.0,0,0,3,0,3,True,3,ok,local_up_fast,mpdag_criterion,True,"Conjecture 2 (hence Anti-Exchange Case B, verified not proved)",C00->C05 C00->Y C02->C04 W->Y X->Y C00-C01 C01-C02 C01-C05 C02-X C04-X,0.0025332079999884627,0.0,0.0025332079999884627,,5,19,7,0,0.702788844621514,2.5139442231075697,4,0
c06_s03_cov050_seed00000023_bw000,c06_s03_cov050_seed00000023,flip,fast_gate,6,3,measured,0.5,0.0,,23,X,Y,3,2,4,4,0.6666666666666666,2,"C00,W",0.0,0,0,3,0,3,True,3,ok,local_up_fast,mpdag_criterion,True,"Conjecture 2 (hence Anti-Exchange Case B, verified not proved)",C00->Y C02->C05 W->Y X->Y C00-C01 C00-C04 C01-C02 C02-X C05-X,0.0006906250000042746,0.0,0.0006906250000042746,,3,9,4,0,0.8,2.0,3,0
c06_s03_cov050_seed00000024_bw000,c06_s03_cov050_seed00000024,flip,fast_gate,6,3,measured,0.5,0.0,,24,X,Y,2,3,2,2,0.625,2,"C00,W",0.0,0,0,2,0,2,True,2,ok,local_up_fast,mpdag_criterion,True,"Conjecture 2 (hence Anti-Exchange Case B, verified not proved)",C00->Y W->Y X->Y C00-C01 C01-C02 C01-C04 C01-C05 C02-X,0.0006199999999978445,0.0,0.0006199999999978445,,2,3,3,0,0.7,1.0,2,0
c06_s03_cov050_seed00000025_bw000,c06_s03_cov050_seed00000025,flip,fast_gate,6,3,measured,0.5,0.0,,25,X,Y,3,1,5,5,0.6666666666666666,2,"C00,W",0.0,0,0,3,0,3,True,3,ok,local_up_fast,mpdag_criterion,True,"Conjecture 2 (hence Anti-Exchange Case B, verified not proved)",C00->Y C01->C04 C01->C05 W->Y X->Y C00-C01 C01-C02 C02-C04 C02-X,0.0020087909999801923,0.0,0.0020087909999801923,,5,18,9,0,0.8,2.0,3,0
c06_s03_cov050_seed00000026_bw000,c06_s03_cov050_seed00000026,flip,fast_gate,6,3,measured,0.5,0.0,,26,X,Y,4,2,5,5,0.7,2,"C00,W",0.0,0,0,3,0,3,True,3,ok,local_up_fast,mpdag_criterion,True,"Conjecture 2 (hence Anti-Exchange Case B, verified not proved)",C00->Y C02->C04 C02->C05 W->Y X->Y C00-C01 C01-C02 C02-X C04-X C05-X,0.0014157499999782885,0.0,0.0014157499999782885,,3,12,4,0,0.6923999999999999,2.462,4,0
c06_s03_cov050_seed00000027_bw000,c06_s03_cov050_seed00000027,flip,fast_gate,6,3,measured,0.5,0.0,,27,X,Y,3,2,4,4,0.6666666666666666,2,"C00,W",0.0,0,0,3,0,3,True,3,ok,local_up_fast,mpdag_criterion,True,"Conjecture 2 (hence Anti-Exchange Case B, verified not proved)",C00->Y C02->C05 W->Y X->Y C00-C01 C00-C04 C01-C02 C02-X C05-X,0.0010695839999925738,0.0,0.0010695839999925738,,3,9,4,0,0.8,2.0,3,0
c06_s03_cov050_seed00000028_bw000,c06_s03_cov050_seed00000028,flip,fast_gate,6,3,measured,0.5,0.0,,28,X,Y,2,1,4,4,0.625,2,"C00,W",0.0,0,0,2,0,2,True,2,ok,local_up_fast,mpdag_criterion,True,"Conjecture 2 (hence Anti-Exchange Case B, verified not proved)",C00->Y C02->C04 C04->C05 W->Y X->Y C00-C01 C01-C02 C02-X,0.0003086670000129743,0.0,0.0003086670000129743,,2,7,3,0,0.7,1.0,2,0
c06_s03_cov050_seed00000029_bw000,c06_s03_cov050_seed00000029,flip,fast_gate,6,3,measured,0.5,0.0,,29,X,Y,2,2,3,3,0.625,2,"C00,W",0.0,0,0,2,0,2,True,2,ok,local_up_fast,mpdag_criterion,True,"Conjecture 2 (hence Anti-Exchange Case B, verified not proved)",C00->Y W->Y X->C04 X->Y C00-C01 C00-C05 C01-C02 C02-X,0.0003816669999991973,0.0,0.0003816669999991973,,2,5,3,0,0.7,1.0,2,0
c06_s03_cov050_seed00000030_bw000,c06_s03_cov050_seed00000030,flip,fast_gate,6,3,measured,0.5,0.0,,30,X,Y,3,2,4,4,0.6666666666666666,2,"C00,W",0.0,0,0,3,0,3,True,3,ok,local_up_fast,mpdag_criterion,True,"Conjecture 2 (hence Anti-Exchange Case B, verified not proved)",C00->Y C01->C05 W->Y X->Y C00-C01 C00-C04 C01-C02 C02-C05 C02-X,0.0007707089999939853,0.0,0.0007707089999939853,,4,11,6,0,0.8,2.0,3,0
c06_s03_cov050_seed00000031_bw000,c06_s03_cov050_seed00000031,flip,fast_gate,6,3,measured,0.5,0.0,,31,X,Y,3,1,5,5,0.6666666666666666,2,"C00,W",0.0,0,0,3,0,3,True,3,ok,local_up_fast,mpdag_criterion,True,"Conjecture 2 (hence Anti-Exchange Case B, verified not proved)",C00->Y C02->C04 C02->C05 W->Y X->Y C00-C01 C01-C02 C02-X C04-X,0.0008497910000073716,0.0,0.0008497910000073716,,3,12,4,0,0.8,2.0,3,0
c06_s03_cov050_seed00000032_bw000,c06_s03_cov050_seed00000032,flip,fast_gate,6,3,measured,0.5,0.0,,32,X,Y,2,2,3,3,0.625,2,"C00,W",0.0,0,0,2,0,2,True,2,ok,local_up_fast,mpdag_criterion,True,"Conjecture 2 (hence Anti-Exchange Case B, verified not proved)",C00->Y W->Y X->C04 X->Y C00-C01 C00-C05 C01-C02 C02-X,0.000587708000011844,0.0,0.000587708000011844,,2,5,3,0,0.7,1.0,2,0
c06_s03_cov050_seed00000033_bw000,c06_s03_cov050_seed00000033,flip,fast_gate,6,3,measured,0.5,0.0,,33,X,Y,2,1,4,4,0.625,2,"C00,W",0.0,0,0,2,0,2,True,2,ok,local_up_fast,mpdag_criterion,True,"Conjecture 2 (hence Anti-Exchange Case B, verified not proved)",C00->Y C02->C05 W->Y X->C04 X->Y C00-C01 C01-C02 C02-X,0.000572583999996823,0.0,0.000572583999996823,,2,7,3,0,0.7,1.0,2,0
c06_s03_cov050_seed00000034_bw000,c06_s03_cov050_seed00000034,flip,fast_gate,6,3,measured,0.5,0.0,,34,X,Y,3,3,3,3,0.6666666666666666,2,"C00,W",0.0,0,0,3,0,3,True,3,ok,local_up_fast,mpdag_criterion,True,"Conjecture 2 (hence Anti-Exchange Case B, verified not proved)",C00->Y W->Y X->Y C00-C01 C00-C04 C00-C05 C01-C02 C01-C05 C02-X,0.001002875000011727,0.0,0.001002875000011727,,3,6,4,0,0.8,2.0,3,0
c06_s03_cov050_seed00000035_bw000,c06_s03_cov050_seed00000035,flip,fast_gate,6,3,measured,0.5,0.0,,35,X,Y,2,3,2,2,0.625,2,"C00,W",0.0,0,0,2,0,2,True,2,ok,local_up_fast,mpdag_criterion,True,"Conjecture 2 (hence Anti-Exchange Case B, verified not proved)",C00->Y W->Y X->Y C00-C01 C00-C04 C01-C02 C01-C05 C02-X,0.00033629099999643586,0.0,0.00033629099999643586,,2,3,3,0,0.7,1.0,2,0
c06_s03_cov050_seed00000036_bw000,c06_s03_cov050_seed00000036,flip,fast_gate,6,3,measured,0.5,0.0,,36,X,Y,2,3,2,2,0.625,2,"C00,W",0.0,0,0,2,0,2,True,2,ok,local_up_fast,mpdag_criterion,True,"Conjecture 2 (hence Anti-Exchange Case B, verified not proved)",C00->Y W->Y X->Y C00-C01 C00-C05 C01-C02 C01-C04 C02-X,0.0003352919999883852,0.0,0.0003352919999883852,,2,3,3,0,0.7,1.0,2,0
c06_s03_cov050_seed00000037_bw000,c06_s03_cov050_seed00000037,flip,fast_gate,6,3,measured,0.5,0.0,,37,X,Y,3,2,4,4,0.6666666666666666,2,"C00,W",0.0,0,0,3,0,3,True,3,ok,local_up_fast,mpdag_criterion,True,"Conjecture 2 (hence Anti-Exchange Case B, verified not proved)",C00->Y C02->C05 W->Y X->Y C00-C01 C00-C04 C01-C02 C02-X C05-X,0.0005822079999973084,0.0,0.0005822079999973084,,3,9,4,0,0.8,2.0,3,0
c06_s03_cov050_seed00000038_bw000,c06_s03_cov050_seed00000038,flip,fast_gate,6,3,measured,0.5,0.0,,38,X,Y,3,2,4,4,0.6666666666666666,2,"C00,W",0.0,0,0,3,0,3,True,3,ok,local_up_fast,mpdag_criterion,True,"Conjecture 2 (hence Anti-Exchange Case B, verified not proved)",C00->Y C02->C05 W->Y X->Y C00-C01 C00-C04 C01-C02 C01-C04 C02-X,0.001553666000006615,0.0,0.001553666000006615,,3,9,4,0,0.8,2.0,3,0
c06_s03_cov050_seed00000039_bw000,c06_s03_cov050_seed00000039,flip,fast_gate,6,3,measured,0.5,0.0,,39,X,Y,3,1,5,5,0.6666666666666666,2,"C00,W",0.0,0,0,3,0,3,True,3,ok,local_up_fast,mpdag_criterion,True,"Conjecture 2 (hence Anti-Exchange Case B, verified not proved)",C00->Y C01->C05 W->Y X->C04 X->Y C00-C01 C01-C02 C02-C05 C02-X,0.0015349169999865353,0.0,0.0015349169999865353,,4,15,6,0,0.8,2.0,3,0
c06_s03_cov050_seed00000000_bw010,c06_s03_cov050_seed00000000,flip,fast_gate,6,3,measured,0.5,0.1,,0,X,Y,4,2,5,5,0.7,2,"C00,W",0.0,0,0,3,0,3,True,3,ok,local_up_fast,mpdag_criterion,True,"Conjecture 2 (hence Anti-Exchange Case B, verified not proved)",C00->Y C02->C04 C02->C05 W->Y X->Y C00-C01 C01-C02 C02-X C04-X C05-X,0.0008227499999975407,0.0,0.0008227499999975407,,3,12,4,0,0.7003952569169961,2.5019762845849804,4,0
c06_s03_cov050_seed00000001_bw010,c06_s03_cov050_seed00000001,flip,fast_gate,6,3,measured,0.5,0.1,,1,X,Y,3,1,5,5,0.6666666666666666,2,"C00,W",0.0,0,0,3,0,3,True,3,ok,local_up_fast,mpdag_criterion,True,"Conjecture 2 (hence Anti-Exchange Case B, verified not proved)",C00->Y C01->C04 C02->C05 W->Y X->Y C00-C01 C01-C02 C02-X C05-X,0.002413749999988113,0.0,0.002413749999988113,,4,15,6,0,0.8,2.0,3,0
c06_s03_cov050_seed00000002_bw010,c06_s03_cov050_seed00000002,flip,fast_gate,6,3,measured,0.5,0.1,,2,X,Y,3,1,5,5,0.6666666666666666,2,"C00,W",0.0,0,0,3,0,3,True,3,ok,local_up_fast,mpdag_criterion,True,"Conjecture 2 (hence Anti-Exchange Case B, verified not proved)",C00->Y C01->C05 C02->C04 W->Y X->Y C00-C01 C01-C02 C02-X C04-X,0.0013727090000088538,0.0,0.0013727090000088538,,4,15,6,0,0.8,2.0,3,0
c06_s03_cov050_seed00000003_bw010,c06_s03_cov050_seed00000003,flip,fast_gate,6,3,measured,0.5,0.1,,3,X,Y,3,2,4,4,0.6666666666666666,2,"C00,W",0.0,0,0,3,0,3,True,3,ok,local_up_fast,mpdag_criterion,True,"Conjecture 2 (hence Anti-Exchange Case B, verified not proved)",C00->Y C02->C04 W->Y X->Y C00-C01 C00-C05 C01-C02 C02-X C04-X,0.000590583999979799,0.0,0.000590583999979799,,3,9,4,0,0.8,2.0,3,0
c06_s03_cov050_seed00000004_bw010,c06_s03_cov050_seed00000004,flip,fast_gate,6,3,measured,0.5,0.1,,4,X,Y,2,1,4,4,0.625,2,"C00,W",0.0,0,0,2,0,2,True,2,ok,local_up_fast,mpdag_criterion,True,"Conjecture 2 (hence Anti-Exchange Case B, verified not proved)",C00->Y C02->C04 C04->C05 W->Y X->Y C00-C01 C01-C02 C02-X,0.0003124579999962407,0.0,0.0003124579999962407,,2,7,3,0,0.7,1.0,2,0
c06_s03_cov050_seed00000005_bw010,c06_s03_cov050_seed00000005,flip,fast_gate,6,3,measured,0.5,0.1,,5,X,Y,2,1,4,4,0.625,2,"C00,W",0.0,0,0,2,0,2,True,2,ok,local_up_fast,mpdag_criterion,True,"Conjecture 2 (hence Anti-Exchange Case B, verified not proved)",C00->Y C02->C04 C04->C05 W->Y X->Y C00-C01 C01-C02 C02-X,0.00056233399999428,0.0,0.00056233399999428,,2,7,3,0,0.7,1.0,2,0
c06_s03_cov050_seed00000006_bw010,c06_s03_cov050_seed00000006,flip,fast_gate,6,3,measured,0.5,0.1,,6,X,Y,2,2,3,3,0.625,2,"C00,W",0.0,0,0,2,0,2,True,2,ok,local_up_fast,mpdag_criterion,True,"Conjecture 2 (hence Anti-Exchange Case B, verified not proved)",C00->Y C02->C05 W->Y X->Y C00-C01 C01-C02 C01-C04 C02-X,0.0005055419999848709,0.0,0.0005055419999848709,,2,5,3,0,0.7,1.0,2,0
c06_s03_cov050_seed00000007_bw010,c06_s03_cov050_seed00000007,flip,fast_gate,6,3,measured,0.5,0.1,,7,X,Y,2,1,4,4,0.625,2,"C00,W",0.0,0,0,2,0,2,True,2,ok,local_up_fast,mpdag_criterion,True,"Conjecture 2 (hence Anti-Exchange Case B, verified not proved)",C00->Y W->Y X->C04 X->C05 X->Y C00-C01 C01-C02 C02-X,0.0003300829999943744,0.0,0.0003300829999943744,,2,7,3,0,0.7,1.0,2,0
c06_s03_cov050_seed00000008_bw010,c06_s03_cov050_seed00000008,flip,fast_gate,6,3,measured,0.5,0.1,,8,X,Y,2,2,3,3,0.625,2,"C00,W",0.0,0,0,2,0,2,True,2,ok,local_up_fast,mpdag_criterion,True,"Conjecture 2 (hence Anti-Exchange Case B, verified not proved)",C00->Y C02->C04 W->Y X->Y C00-C01 C01-C02 C01-C05 C02-X,0.0005957919999843853,0.0,0.0005957919999843853,,2,5,3,0,0.7,1.0,2,0
c06_s03_cov050_seed00000009_bw010,c06_s03_cov050_seed00000009,flip,fast_gate,6,3,measured,0.5,0.1,,9,X,Y,3,2,4,4,0.6666666666666666,2,"C00,W",0.0,0,0,3,0,3,True,3,ok,local_up_fast,mpdag_criterion,True,"Conjecture 2 (hence Anti-Exchange Case B, verified not proved)",C00->Y C01->C04 W->Y X->Y C00-C01 C00-C05 C01-C02 C02-C04 C02-X,0.0005912919999957467,0.0,0.0005912919999957467,,4,11,6,0,0.8,2.0,3,0
c06_s03_cov050_seed00000010_bw010,c06_s03_cov050_seed00000010,flip,fast_gate,6,3,measured,0.5,0.1,,10,X,Y,3,1,5,5,0.6666666666666666,2,"C00,W",0.0,0,0,3,0,3,True,3,ok,local_up_fast,mpdag_criterion,True,"Conjecture 2 (hence Anti-Exchange Case B, verified not proved)",C00->Y C02->C04 C04->C05 W->Y X->Y C00-C01 C01-C02 C02-X C04-X,0.0010739159999957337,0.0,0.0010739159999957337,,3,12,4,0,0.8,2.0,3,0
c06_s03_cov050_seed00000011_bw010,c06_s03_cov050_seed00000011,flip,fast_gate,6,3,measured,0.5,0.1,,11,X,Y,2,3,2,2,0.625,2,"C00,W",0.0,0,0,2,0,2,True,2,ok,local_up_fast,mpdag_criterion,True,"Conjecture 2 (hence Anti-Exchange Case B, verified not proved)",C00->Y W->Y X->Y C00-C01 C00-C04 C00-C05 C01-C02 C02-X,0.0002596669999945789,0.0,0.0002596669999945789,,2,3,3,0,0.7,1.0,2,0
c06_s03_cov050_seed00000012_bw010,c06_s03_cov050_seed00000012,flip,fast_gate,6,3,measured,0.5,0.1,,12,X,Y,3,2,4,4,0.6666666666666666,2,"C00,W",0.0,0,0,3,0,3,True,3,ok,local_up_fast,mpdag_criterion,True,"Conjecture 2 (hence Anti-Exchange Case B, verified not proved)",C00->Y C02->C04 W->Y X->Y C00-C01 C00-C05 C01-C02 C01-C05 C02-X,0.00048320900000931033,0.0,0.00048320900000931033,,3,9,4,0,0.8,2.0,3,0
c06_s03_cov050_seed00000013_bw010,c06_s03_cov050_seed00000013,flip,fast_gate,6,3,measured,0.5,0.1,,13,X,Y,2,1,4,4,0.625,2,"C00,W",0.0,0,0,2,0,2,True,2,ok,local_up_fast,mpdag_criterion,True,"Conjecture 2 (hence Anti-Exchange Case B, verified not proved)",C00->Y C04->C05 W->Y X->C04 X->Y C00-C01 C01-C02 C02-X,0.0003321249999999054,0.0,0.0003321249999999054,,2,7,3,0,0.7,1.0,2,0
c06_s03_cov050_seed00000014_bw010,c06_s03_cov050_seed00000014,flip,fast_gate,6,3,measured,0.5,0.1,,14,X,Y,2,3,2,2,0.625,2,"C00,W",0.0,0,0,2,0,2,True,2,ok,local_up_fast,mpdag_criterion,True,"Conjecture 2 (hence Anti-Exchange Case B, verified not proved)",C00->Y W->Y X->Y C00-C01 C00-C04 C01-C02 C02-X C04-C05,0.0002536249999991469,0.0,0.0002536249999991469,,2,3,3,0,0.7,1.0,2,0
c06_s03_cov050_seed00000015_bw010,c06_s03_cov050_seed00000015,flip,fast_gate,6,3,measured,0.5,0.1,,15,X,Y,2,1,4,4,0.625,2,"C00,W",0.0,0,0,2,0,2,True,2,ok,local_up_fast,mpdag_criterion,True,"Conjecture 2 (hence Anti-Exchange Case B, verified not proved)",C00->Y W->Y X->C04 X->C05 X->Y C00-C01 C01-C02 C02-X,0.00033112499997400846,0.0,0.00033112499997400846,,2,7,3,0,0.7,1.0,2,0
c06_s03_cov050_seed00000016_bw010,c06_s03_cov050_seed00000016,flip,fast_gate,6,3,measured,0.5,0.1,,16,X,Y,3,1,5,5,0.6666666666666666,2,"C00,W",0.0,0,0,3,0,3,True,3,ok,local_up_fast,mpdag_criterion,True,"Conjecture 2 (hence Anti-Exchange Case B, verified not proved)",C00->Y C02->C04 C02->C05 W->Y X->Y C00-C01 C01-C02 C02-X C05-X,0.0011266660000046613,0.0,0.0011266660000046613,,3,12,4,0,0.8,2.0,3,0
c06_s03_cov050_seed00000017_bw010,c06_s03_cov050_seed00000017,flip,fast_gate,6,3,measured,0.5,0.1,,17,X,Y,3,1,5,5,0.6666666666666666,2,"C00,W",0.0,0,0,3,0,3,True,3,ok,local_up_fast,mpdag_criterion,True,"Conjecture 2 (hence Anti-Exchange Case B, verified not proved)",C00->Y C02->C04 C02->C05 W->Y X->Y C00-C01 C01-C02 C02-X C04-X,0.0010553330000107053,0.0,0.0010553330000107053,,3,12,4,0,0.8,2.0,3,0
c06_s03_cov050_seed00000018_bw010,c06_s03_cov050_seed00000018,flip,fast_gate,6,3,measured,0.5,0.1,,18,X,Y,3,2,4,4,0.6666666666666666,2,"C00,W",0.0,0,0,3,0,3,True,3,ok,local_up_fast,mpdag_criterion,True,"Conjecture 2 (hence Anti-Exchange Case B, verified not proved)",C00->Y W->Y X->C04 X->Y C00-C01 C00-C05 C01-C02 C01-C05 C02-X,0.0005259590000150638,0.0,0.0005259590000150638,,3,9,4,0,0.8,2.0,3,0
c06_s03_cov050_seed00000019_bw010,c06_s03_cov050_seed00000019,flip,fast_gate,6,3,measured,0.5,0.1,,19,X,Y,3,1,5,5,0.6666666666666666,2,"C00,W",0.0,0,0,3,0,3,True,3,ok,local_up_fast,mpdag_criterion,True,"Conjecture 2 (hence Anti-Exchange Case B, verified not proved)",C00->Y C02->C04 C02->C05 W->Y X->Y C00-C01 C01-C02 C02-X C04-C05,0.000989708000020073,0.0,0.000989708000020073,,3,12,4,0,0.8,2.0,3,0
c06_s03_cov050_seed00000020_bw010,c06_s03_cov050_seed00000020,flip,fast_gate,6,3,measured,0.5,0.1,,20,X,Y,3,2,4,4,0.6666666666666666,2,"C00,W",0.0,0,0,3,0,3,True,3,ok,local_up_fast,mpdag_criterion,True,"Conjecture 2 (hence Anti-Exchange Case B, verified not proved)",C00->Y W->Y X->C04 X->Y C00-C01 C00-C05 C01-C02 C01-C05 C02-X,0.0009159170000145878,0.0,0.0009159170000145878,,3,9,4,0,0.8,2.0,3,0
c06_s03_cov050_seed00000021_bw010,c06_s03_cov050_seed00000021,flip,fast_gate,6,3,measured,0.5,0.1,,21,X,Y,2,2,3,3,0.625,2,"C00,W",0.0,0,0,2,0,2,True,2,ok,local_up_fast,mpdag_criterion,True,"Conjecture 2 (hence Anti-Exchange Case B, verified not proved)",C00->Y W->Y X->C05 X->Y C00-C01 C01-C02 C01-C04 C02-X,0.0005737089999797718,0.0,0.0005737089999797718,,2,5,3,0,0.7,1.0,2,0
c06_s03_cov050_seed00000022_bw010,c06_s03_cov050_seed00000022,flip,fast_gate,6,3,measured,0.5,0.1,,22,X,Y,4,2,5,5,0.7,2,"C00,W",0.0,0,0,3,0,3,True,3,ok,local_up_fast,mpdag_criterion,True,"Conjecture 2 (hence Anti-Exchange Case B, verified not proved)",C00->C05 C00->Y C02->C04 W->Y X->Y C00-C01 C01-C02 C01-C05 C02-X C04-X,0.0020403750000070886,0.0,0.0020403750000070886,,5,19,7,0,0.6988549618320612,2.4942748091603053,4,0
c06_s03_cov050_seed00000023_bw010,c06_s03_cov050_seed00000023,flip,fast_gate,6,3,measured,0.5,0.1,,23,X,Y,3,2,4,4,0.6666666666666666,2,"C00,W",0.0,0,0,3,0,3,True,3,ok,local_up_fast,mpdag_criterion,True,"Conjecture 2 (hence Anti-Exchange Case B, verified not proved)",C00->Y C02->C05 W->Y X->Y C00-C01 C00-C04 C01-C02 C02-X C05-X,0.001148290999992696,0.0,0.001148290999992696,,3,9,4,0,0.8,2.0,3,0
c06_s03_cov050_seed00000024_bw010,c06_s03_cov050_seed00000024,flip,fast_gate,6,3,measured,0.5,0.1,,24,X,Y,2,3,2,2,0.625,2,"C00,W",0.0,0,0,2,0,2,True,2,ok,local_up_fast,mpdag_criterion,True,"Conjecture 2 (hence Anti-Exchange Case B, verified not proved)",C00->Y W->Y X->Y C00-C01 C01-C02 C01-C04 C01-C05 C02-X,0.0006017499999870779,0.0,0.0006017499999870779,,2,3,3,0,0.7,1.0,2,0
c06_s03_cov050_seed00000025_bw010,c06_s03_cov050_seed00000025,flip,fast_gate,6,3,measured,0.5,0.1,,25,X,Y,3,1,5,5,0.6666666666666666,2,"C00,W",0.0,0,0,3,0,3,True,3,ok,local_up_fast,mpdag_criterion,True,"Conjecture 2 (hence Anti-Exchange Case B, verified not proved)",C00->Y C01->C04 C01->C05 W->Y X->Y C00-C01 C01-C02 C02-C04 C02-X,0.0008088330000077804,0.0,0.0008088330000077804,,5,18,9,0,0.8,2.0,3,0
c06_s03_cov050_seed00000026_bw010,c06_s03_cov050_seed00000026,flip,fast_gate,6,3,measured,0.5,0.1,,26,X,Y,4,2,5,5,0.7,2,"C00,W",0.0,0,0,3,0,3,True,3,ok,local_up_fast,mpdag_criterion,True,"Conjecture 2 (hence Anti-Exchange Case B, verified not proved)",C00->Y C02->C04 C02->C05 W->Y X->Y C00-C01 C01-C02 C02-X C04-X C05-X,0.0014331249999770534,0.0,0.0014331249999770534,,3,12,4,0,0.6954091816367265,2.4770459081836327,4,0
c06_s03_cov050_seed00000027_bw010,c06_s03_cov050_seed00000027,flip,fast_gate,6,3,measured,0.5,0.1,,27,X,Y,3,2,4,4,0.6666666666666666,2,"C00,W",0.0,0,0,3,0,3,True,3,ok,local_up_fast,mpdag_criterion,True,"Conjecture 2 (hence Anti-Exchange Case B, verified not proved)",C00->Y C02->C05 W->Y X->Y C00-C01 C00-C04 C01-C02 C02-X C05-X,0.0011382079999862071,0.0,0.0011382079999862071,,3,9,4,0,0.8,2.0,3,0
c06_s03_cov050_seed00000028_bw010,c06_s03_cov050_seed00000028,flip,fast_gate,6,3,measured,0.5,0.1,,28,X,Y,2,1,4,4,0.625,2,"C00,W",0.0,0,0,2,0,2,True,2,ok,local_up_fast,mpdag_criterion,True,"Conjecture 2 (hence Anti-Exchange Case B, verified not proved)",C00->Y C02->C04 C04->C05 W->Y X->Y C00-C01 C01-C02 C02-X,0.0003122090000147182,0.0,0.0003122090000147182,,2,7,3,0,0.7,1.0,2,0
c06_s03_cov050_seed00000029_bw010,c06_s03_cov050_seed00000029,flip,fast_gate,6,3,measured,0.5,0.1,,29,X,Y,2,2,3,3,0.625,2,"C00,W",0.0,0,0,2,0,2,True,2,ok,local_up_fast,mpdag_criterion,True,"Conjecture 2 (hence Anti-Exchange Case B, verified not proved)",C00->Y W->Y X->C04 X->Y C00-C01 C00-C05 C01-C02 C02-X,0.00030879199999844786,0.0,0.00030879199999844786,,2,5,3,0,0.7,1.0,2,0
c06_s03_cov050_seed00000030_bw010,c06_s03_cov050_seed00000030,flip,fast_gate,6,3,measured,0.5,0.1,,30,X,Y,3,2,4,4,0.6666666666666666,2,"C00,W",0.0,0,0,3,0,3,True,3,ok,local_up_fast,mpdag_criterion,True,"Conjecture 2 (hence Anti-Exchange Case B, verified not proved)",C00->Y C01->C05 W->Y X->Y C00-C01 C00-C04 C01-C02 C02-C05 C02-X,0.0010858329999905436,0.0,0.0010858329999905436,,4,11,6,0,0.8,2.0,3,0
c06_s03_cov050_seed00000031_bw010,c06_s03_cov050_seed00000031,flip,fast_gate,6,3,measured,0.5,0.1,,31,X,Y,3,1,5,5,0.6666666666666666,2,"C00,W",0.0,0,0,3,0,3,True,3,ok,local_up_fast,mpdag_criterion,True,"Conjecture 2 (hence Anti-Exchange Case B, verified not proved)",C00->Y C02->C04 C02->C05 W->Y X->Y C00-C01 C01-C02 C02-X C04-X,0.0010402089999956843,0.0,0.0010402089999956843,,3,12,4,0,0.8,2.0,3,0
c06_s03_cov050_seed00000032_bw010,c06_s03_cov050_seed00000032,flip,fast_gate,6,3,measured,0.5,0.1,,32,X,Y,2,2,3,3,0.625,2,"C00,W",0.0,0,0,2,0,2,True,2,ok,local_up_fast,mpdag_criterion,True,"Conjecture 2 (hence Anti-Exchange Case B, verified not proved)",C00->Y W->Y X->C04 X->Y C00-C01 C00-C05 C01-C02 C02-X,0.00030670799998233633,0.0,0.00030670799998233633,,2,5,3,0,0.7,1.0,2,0
c06_s03_cov050_seed00000033_bw010,c06_s03_cov050_seed00000033,flip,fast_gate,6,3,measured,0.5,0.1,,33,X,Y,2,1,4,4,0.625,2,"C00,W",0.0,0,0,2,0,2,True,2,ok,local_up_fast,mpdag_criterion,True,"Conjecture 2 (hence Anti-Exchange Case B, verified not proved)",C00->Y C02->C05 W->Y X->C04 X->Y C00-C01 C01-C02 C02-X,0.0003032080000195947,0.0,0.0003032080000195947,,2,7,3,0,0.7,1.0,2,0
c06_s03_cov050_seed00000034_bw010,c06_s03_cov050_seed00000034,flip,fast_gate,6,3,measured,0.5,0.1,,34,X,Y,3,3,3,3,0.6666666666666666,2,"C00,W",0.0,0,0,3,0,3,True,3,ok,local_up_fast,mpdag_criterion,True,"Conjecture 2 (hence Anti-Exchange Case B, verified not proved)",C00->Y W->Y X->Y C00-C01 C00-C04 C00-C05 C01-C02 C01-C05 C02-X,0.0007688340000129301,0.0,0.0007688340000129301,,3,6,4,0,0.8,2.0,3,0
c06_s03_cov050_seed00000035_bw010,c06_s03_cov050_seed00000035,flip,fast_gate,6,3,measured,0.5,0.1,,35,X,Y,2,3,2,2,0.625,2,"C00,W",0.0,0,0,2,0,2,True,2,ok,local_up_fast,mpdag_criterion,True,"Conjecture 2 (hence Anti-Exchange Case B, verified not proved)",C00->Y W->Y X->Y C00-C01 C00-C04 C01-C02 C01-C05 C02-X,0.000260209000003897,0.0,0.000260209000003897,,2,3,3,0,0.7,1.0,2,0
c06_s03_cov050_seed00000036_bw010,c06_s03_cov050_seed00000036,flip,fast_gate,6,3,measured,0.5,0.1,,36,X,Y,2,3,2,2,0.625,2,"C00,W",0.0,0,0,2,0,2,True,2,ok,local_up_fast,mpdag_criterion,True,"Conjecture 2 (hence Anti-Exchange Case B, verified not proved)",C00->Y W->Y X->Y C00-C01 C00-C05 C01-C02 C01-C04 C02-X,0.00026475000001369153,0.0,0.00026475000001369153,,2,3,3,0,0.7,1.0,2,0
c06_s03_cov050_seed00000037_bw010,c06_s03_cov050_seed00000037,flip,fast_gate,6,3,measured,0.5,0.1,,37,X,Y,3,2,4,4,0.6666666666666666,2,"C00,W",0.0,0,0,3,0,3,True,3,ok,local_up_fast,mpdag_criterion,True,"Conjecture 2 (hence Anti-Exchange Case B, verified not proved)",C00->Y C02->C05 W->Y X->Y C00-C01 C00-C04 C01-C02 C02-X C05-X,0.0006259169999793812,0.0,0.0006259169999793812,,3,9,4,0,0.8,2.0,3,0
c06_s03_cov050_seed00000038_bw010,c06_s03_cov050_seed00000038,flip,fast_gate,6,3,measured,0.5,0.1,,38,X,Y,3,2,4,4,0.6666666666666666,2,"C00,W",0.0,0,0,3,0,3,True,3,ok,local_up_fast,mpdag_criterion,True,"Conjecture 2 (hence Anti-Exchange Case B, verified not proved)",C00->Y C02->C05 W->Y X->Y C00-C01 C00-C04 C01-C02 C01-C04 C02-X,0.0004944170000271697,0.0,0.0004944170000271697,,3,9,4,0,0.8,2.0,3,0
c06_s03_cov050_seed00000039_bw010,c06_s03_cov050_seed00000039,flip,fast_gate,6,3,measured,0.5,0.1,,39,X,Y,3,1,5,5,0.6666666666666666,2,"C00,W",0.0,0,0,3,0,3,True,3,ok,local_up_fast,mpdag_criterion,True,"Conjecture 2 (hence Anti-Exchange Case B, verified not proved)",C00->Y C01->C05 W->Y X->C04 X->Y C00-C01 C01-C02 C02-C05 C02-X,0.0007070000000055643,0.0,0.0007070000000055643,,4,15,6,0,0.8,2.0,3,0
c06_s03_cov050_seed00000004_bw025,c06_s03_cov050_seed00000004,flip,fast_gate,6,3,measured,0.5,0.25,,4,X,Y,2,1,4,4,0.625,2,"C00,W",0.0,0,0,2,0,2,True,2,ok,local_up_fast,mpdag_criterion,True,"Conjecture 2 (hence Anti-Exchange Case B, verified not proved)",C00->Y C02->C04 C04->C05 W->Y X->Y C00-C01 C01-C02 C02-X,0.00056449999999586,0.0,0.00056449999999586,,2,7,3,0,0.7,1.0,2,0
c06_s03_cov050_seed00000005_bw025,c06_s03_cov050_seed00000005,flip,fast_gate,6,3,measured,0.5,0.25,,5,X,Y,2,1,4,4,0.625,2,"C00,W",0.0,0,0,2,0,2,True,2,ok,local_up_fast,mpdag_criterion,True,"Conjecture 2 (hence Anti-Exchange Case B, verified not proved)",C00->Y C02->C04 C04->C05 W->Y X->Y C00-C01 C01-C02 C02-X,0.000311791000001449,0.0,0.000311791000001449,,2,7,3,0,0.7,1.0,2,0
c06_s03_cov050_seed00000006_bw025,c06_s03_cov050_seed00000006,flip,fast_gate,6,3,measured,0.5,0.25,,6,X,Y,2,2,3,3,0.625,2,"C00,W",0.0,0,0,2,0,2,True,2,ok,local_up_fast,mpdag_criterion,True,"Conjecture 2 (hence Anti-Exchange Case B, verified not proved)",C00->Y C02->C05 W->Y X->Y C00-C01 C01-C02 C01-C04 C02-X,0.0002942499999960546,0.0,0.0002942499999960546,,2,5,3,0,0.7,1.0,2,0
c06_s03_cov050_seed00000007_bw025,c06_s03_cov050_seed00000007,flip,fast_gate,6,3,measured,0.5,0.25,,7,X,Y,2,1,4,4,0.625,2,"C00,W",0.0,0,0,2,0,2,True,2,ok,local_up_fast,mpdag_criterion,True,"Conjecture 2 (hence Anti-Exchange Case B, verified not proved)",C00->Y W->Y X->C04 X->C05 X->Y C00-C01 C01-C02 C02-X,0.0005726249999895572,0.0,0.0005726249999895572,,2,7,3,0,0.7,1.0,2,0
c06_s03_cov050_seed00000008_bw025,c06_s03_cov050_seed00000008,flip,fast_gate,6,3,measured,0.5,0.25,,8,X,Y,2,2,3,3,0.625,2,"C00,W",0.0,0,0,2,0,2,True,2,ok,local_up_fast,mpdag_criterion,True,"Conjecture 2 (hence Anti-Exchange Case B, verified not proved)",C00->Y C02->C04 W->Y X->Y C00-C01 C01-C02 C01-C05 C02-X,0.00029637500000490036,0.0,0.00029637500000490036,,2,5,3,0,0.7,1.0,2,0
c06_s03_cov050_seed00000011_bw025,c06_s03_cov050_seed00000011,flip,fast_gate,6,3,measured,0.5,0.25,,11,X,Y,2,3,2,2,0.625,2,"C00,W",0.0,0,0,2,0,2,True,2,ok,local_up_fast,mpdag_criterion,True,"Conjecture 2 (hence Anti-Exchange Case B, verified not proved)",C00->Y W->Y X->Y C00-C01 C00-C04 C00-C05 C01-C02 C02-X,0.0002721249999808606,0.0,0.0002721249999808606,,2,3,3,0,0.7,1.0,2,0
c06_s03_cov050_seed00000013_bw025,c06_s03_cov050_seed00000013,flip,fast_gate,6,3,measured,0.5,0.25,,13,X,Y,2,1,4,4,0.625,2,"C00,W",0.0,0,0,2,0,2,True,2,ok,local_up_fast,mpdag_criterion,True,"Conjecture 2 (hence Anti-Exchange Case B, verified not proved)",C00->Y C04->C05 W->Y X->C04 X->Y C00-C01 C01-C02 C02-X,0.00033629199998586046,0.0,0.00033629199998586046,,2,7,3,0,0.7,1.0,2,0
c06_s03_cov050_seed00000014_bw025,c06_s03_cov050_seed00000014,flip,fast_gate,6,3,measured,0.5,0.25,,14,X,Y,2,3,2,2,0.625,2,"C00,W",0.0,0,0,2,0,2,True,2,ok,local_up_fast,mpdag_criterion,True,"Conjecture 2 (hence Anti-Exchange Case B, verified not proved)",C00->Y W->Y X->Y C00-C01 C00-C04 C01-C02 C02-X C04-C05,0.000257292000014786,0.0,0.000257292000014786,,2,3,3,0,0.7,1.0,2,0
c06_s03_cov050_seed00000015_bw025,c06_s03_cov050_seed00000015,flip,fast_gate,6,3,measured,0.5,0.25,,15,X,Y,2,1,4,4,0.625,2,"C00,W",0.0,0,0,2,0,2,True,2,ok,local_up_fast,mpdag_criterion,True,"Conjecture 2 (hence Anti-Exchange Case B, verified not proved)",C00->Y W->Y X->C04 X->C05 X->Y C00-C01 C01-C02 C02-X,0.00033266700000922356,0.0,0.00033266700000922356,,2,7,3,0,0.7,1.0,2,0
c06_s03_cov050_seed00000021_bw025,c06_s03_cov050_seed00000021,flip,fast_gate,6,3,measured,0.5,0.25,,21,X,Y,2,2,3,3,0.625,2,"C00,W",0.0,0,0,2,0,2,True,2,ok,local_up_fast,mpdag_criterion,True,"Conjecture 2 (hence Anti-Exchange Case B, verified not proved)",C00->Y W->Y X->C05 X->Y C00-C01 C01-C02 C01-C04 C02-X,0.000317624999979671,0.0,0.000317624999979671,,2,5,3,0,0.7,1.0,2,0
c06_s03_cov050_seed00000022_bw025,c06_s03_cov050_seed00000022,flip,fast_gate,6,3,measured,0.5,0.25,,22,X,Y,4,3,6,6,0.7,2,"C00,W",0.0,0,0,2,0,3,True,2,ok,local_up_fast,mpdag_criterion,True,"Conjecture 2 (hence Anti-Exchange Case B, verified not proved)",C00->C05 C00->Y C01->C00 C01->C05 C02->C04 W->Y X->Y C01-C02 C02-X C04-X,0.0011758329999906891,0.0,0.0011758329999906891,,2,11,5,0,0.4959919839679358,1.653306613226453,4,1
c06_s03_cov050_seed00000024_bw025,c06_s03_cov050_seed00000024,flip,fast_gate,6,3,measured,0.5,0.25,,24,X,Y,2,3,2,2,0.625,2,"C00,W",0.0,0,0,2,0,2,True,2,ok,local_up_fast,mpdag_criterion,True,"Conjecture 2 (hence Anti-Exchange Case B, verified not proved)",C00->Y W->Y X->Y C00-C01 C01-C02 C01-C04 C01-C05 C02-X,0.0002741669999863916,0.0,0.0002741669999863916,,2,3,3,0,0.7,1.0,2,0
c06_s03_cov050_seed00000025_bw025,c06_s03_cov050_seed00000025,flip,fast_gate,6,3,measured,0.5,0.25,,25,X,Y,3,5,3,3,0.6666666666666666,2,"C00,W",0.0,0,0,2,0,3,True,2,ok,local_up_fast,mpdag_criterion,True,"Conjecture 2 (hence Anti-Exchange Case B, verified not proved)",C00->Y C01->C00 W->Y X->Y C01-C02 C01-C04 C01-C05 C02-C04 C02-X,0.00043275000001585795,0.0,0.00043275000001585795,,2,5,4,0,0.5,1.0,3,1
c06_s03_cov050_seed00000028_bw025,c06_s03_cov050_seed00000028,flip,fast_gate,6,3,measured,0.5,0.25,,28,X,Y,2,1,4,4,0.625,2,"C00,W",0.0,0,0,2,0,2,True,2,ok,local_up_fast,mpdag_criterion,True,"Conjecture 2 (hence Anti-Exchange Case B, verified not proved)",C00->Y C02->C04 C04->C05 W->Y X->Y C00-C01 C01-C02 C02-X,0.0005189999999970496,0.0,0.0005189999999970496,,2,7,3,0,0.7,1.0,2,0
c06_s03_cov050_seed00000029_bw025,c06_s03_cov050_seed00000029,flip,fast_gate,6,3,measured,0.5,0.25,,29,X,Y,2,2,3,3,0.625,2,"C00,W",0.0,0,0,2,0,2,True,2,ok,local_up_fast,mpdag_criterion,True,"Conjecture 2 (hence Anti-Exchange Case B, verified not proved)",C00->Y W->Y X->C04 X->Y C00-C01 C00-C05 C01-C02 C02-X,0.0003143749999594547,0.0,0.0003143749999594547,,2,5,3,0,0.7,1.0,2,0
c06_s03_cov050_seed00000031_bw025,c06_s03_cov050_seed00000031,flip,fast_gate,6,3,measured,0.5,0.25,,31,X,Y,3,3,5,5,0.6666666666666666,2,"C00,W",0.0,0,0,2,0,3,True,2,ok,local_up_fast,mpdag_criterion,True,"Conjecture 2 (hence Anti-Exchange Case B, verified not proved)",C00->Y C01->C00 C02->C04 C02->C05 W->Y X->Y C01-C02 C02-X C04-X,0.0008337080000160313,0.0,0.0008337080000160313,,2,9,4,0,0.5,1.0,3,1
c06_s03_cov050_seed00000032_bw025,c06_s03_cov050_seed00000032,flip,fast_gate,6,3,measured,0.5,0.25,,32,X,Y,2,2,3,3,0.625,2,"C00,W",0.0,0,0,2,0,2,True,2,ok,local_up_fast,mpdag_criterion,True,"Conjecture 2 (hence Anti-Exchange Case B, verified not proved)",C00->Y W->Y X->C04 X->Y C00-C01 C00-C05 C01-C02 C02-X,0.0003192919999719379,0.0,0.0003192919999719379,,2,5,3,0,0.7,1.0,2,0
c06_s03_cov050_seed00000033_bw025,c06_s03_cov050_seed00000033,flip,fast_gate,6,3,measured,0.5,0.25,,33,X,Y,2,1,4,4,0.625,2,"C00,W",0.0,0,0,2,0,2,True,2,ok,local_up_fast,mpdag_criterion,True,"Conjecture 2 (hence Anti-Exchange Case B, verified not proved)",C00->Y C02->C05 W->Y X->C04 X->Y C00-C01 C01-C02 C02-X,0.0013563339999791424,0.0,0.0013563339999791424,,2,7,3,0,0.7,1.0,2,0
c06_s03_cov050_seed00000035_bw025,c06_s03_cov050_seed00000035,flip,fast_gate,6,3,measured,0.5,0.25,,35,X,Y,2,3,2,2,0.625,2,"C00,W",0.0,0,0,2,0,2,True,2,ok,local_up_fast,mpdag_criterion,True,"Conjecture 2 (hence Anti-Exchange Case B, verified not proved)",C00->Y W->Y X->Y C00-C01 C00-C04 C01-C02 C01-C05 C02-X,0.0002626250000048458,0.0,0.0002626250000048458,,2,3,3,0,0.7,1.0,2,0
c06_s03_cov050_seed00000036_bw025,c06_s03_cov050_seed00000036,flip,fast_gate,6,3,measured,0.5,0.25,,36,X,Y,2,3,2,2,0.625,2,"C00,W",0.0,0,0,2,0,2,True,2,ok,local_up_fast,mpdag_criterion,True,"Conjecture 2 (hence Anti-Exchange Case B, verified not proved)",C00->Y W->Y X->Y C00-C01 C00-C05 C01-C02 C01-C04 C02-X,0.0005613329999505368,0.0,0.0005613329999505368,,2,3,3,0,0.7,1.0,2,0
c06_s03_cov050_seed00000040_bw025,c06_s03_cov050_seed00000040,flip,fast_gate,6,3,measured,0.5,0.25,,40,X,Y,2,1,4,4,0.625,2,"C00,W",0.0,0,0,2,0,2,True,2,ok,local_up_fast,mpdag_criterion,True,"Conjecture 2 (hence Anti-Exchange Case B, verified not proved)",C00->Y C02->C04 W->Y X->C05 X->Y C00-C01 C01-C02 C02-X,0.0006714169999781916,0.0,0.0006714169999781916,,2,7,3,0,0.7,1.0,2,0
c06_s03_cov050_seed00000042_bw025,c06_s03_cov050_seed00000042,flip,fast_gate,6,3,measured,0.5,0.25,,42,X,Y,2,2,3,3,0.625,2,"C00,W",0.0,0,0,2,0,2,True,2,ok,local_up_fast,mpdag_criterion,True,"Conjecture 2 (hence Anti-Exchange Case B, verified not proved)",C00->Y W->Y X->C05 X->Y C00-C01 C00-C04 C01-C02 C02-X,0.0007439170000225204,0.0,0.0007439170000225204,,2,5,3,0,0.7,1.0,2,0
c06_s03_cov050_seed00000044_bw025,c06_s03_cov050_seed00000044,flip,fast_gate,6,3,measured,0.5,0.25,,44,X,Y,3,4,4,4,0.6666666666666666,2,"C00,W",0.0,0,0,2,0,3,True,2,ok,local_up_fast,mpdag_criterion,True,"Conjecture 2 (hence Anti-Exchange Case B, verified not proved)",C00->Y C01->C00 W->Y X->C05 X->Y C01-C02 C01-C04 C02-C04 C02-X,0.0004484579999939342,0.0,0.0004484579999939342,,2,7,4,0,0.5,1.0,3,1
c06_s03_cov050_seed00000045_bw025,c06_s03_cov050_seed00000045,flip,fast_gate,6,3,measured,0.5,0.25,,45,X,Y,2,1,4,4,0.625,2,"C00,W",0.0,0,0,2,0,2,True,2,ok,local_up_fast,mpdag_criterion,True,"Conjecture 2 (hence Anti-Exchange Case B, verified not proved)",C00->Y C02->C05 W->Y X->C04 X->Y C00-C01 C01-C02 C02-X,0.00037866600001734696,0.0,0.00037866600001734696,,2,7,3,0,0.7,1.0,2,0
c06_s03_cov050_seed00000047_bw025,c06_s03_cov050_seed00000047,flip,fast_gate,6,3,measured,0.5,0.25,,47,X,Y,2,2,3,3,0.625,2,"C00,W",0.0,0,0,2,0,2,True,2,ok,local_up_fast,mpdag_criterion,True,"Conjecture 2 (hence Anti-Exchange Case B, verified not proved)",C00->Y W->Y X->C05 X->Y C00-C01 C00-C04 C01-C02 C02-X,0.00028187500004150934,0.0,0.00028187500004150934,,2,5,3,0,0.7,1.0,2,0
c06_s03_cov050_seed00000048_bw025,c06_s03_cov050_seed00000048,flip,fast_gate,6,3,measured,0.5,0.25,,48,X,Y,2,3,2,2,0.625,2,"C00,W",0.0,0,0,2,0,2,True,2,ok,local_up_fast,mpdag_criterion,True,"Conjecture 2 (hence Anti-Exchange Case B, verified not proved)",C00->Y W->Y X->Y C00-C01 C00-C04 C01-C02 C01-C05 C02-X,0.0005386249999901338,0.0,0.0005386249999901338,,2,3,3,0,0.7,1.0,2,0
c06_s03_cov050_seed00000049_bw025,c06_s03_cov050_seed00000049,flip,fast_gate,6,3,measured,0.5,0.25,,49,X,Y,2,3,2,2,0.625,2,"C00,W",0.0,0,0,2,0,2,True,2,ok,local_up_fast,mpdag_criterion,True,"Conjecture 2 (hence Anti-Exchange Case B, verified not proved)",C00->Y W->Y X->Y C00-C01 C00-C04 C01-C02 C01-C05 C02-X,0.00025170800000751115,0.0,0.00025170800000751115,,2,3,3,0,0.7,1.0,2,0
c06_s03_cov050_seed00000050_bw025,c06_s03_cov050_seed00000050,flip,fast_gate,6,3,measured,0.5,0.25,,50,X,Y,2,1,4,4,0.625,2,"C00,W",0.0,0,0,2,0,2,True,2,ok,local_up_fast,mpdag_criterion,True,"Conjecture 2 (hence Anti-Exchange Case B, verified not proved)",C00->Y W->Y X->C04 X->C05 X->Y C00-C01 C01-C02 C02-X,0.00032254199999215416,0.0,0.00032254199999215416,,2,7,3,0,0.7,1.0,2,0
c06_s03_cov050_seed00000052_bw025,c06_s03_cov050_seed00000052,flip,fast_gate,6,3,measured,0.5,0.25,,52,X,Y,2,1,4,4,0.625,2,"C00,W",0.0,0,0,2,0,2,True,2,ok,local_up_fast,mpdag_criterion,True,"Conjecture 2 (hence Anti-Exchange Case B, verified not proved)",C00->Y W->Y X->C04 X->C05 X->Y C00-C01 C01-C02 C02-X,0.00058320900001263,0.0,0.00058320900001263,,2,7,3,0,0.7,1.0,2,0
c06_s03_cov050_seed00000053_bw025,c06_s03_cov050_seed00000053,flip,fast_gate,6,3,measured,0.5,0.25,,53,X,Y,2,2,3,3,0.625,2,"C00,W",0.0,0,0,2,0,2,True,2,ok,local_up_fast,mpdag_criterion,True,"Conjecture 2 (hence Anti-Exchange Case B, verified not proved)",C00->Y W->Y X->C04 X->Y C00-C01 C00-C05 C01-C02 C02-X,0.0026347919999807345,0.0,0.0026347919999807345,,2,5,3,0,0.7,1.0,2,0
c06_s03_cov050_seed00000054_bw025,c06_s03_cov050_seed00000054,flip,fast_gate,6,3,measured,0.5,0.25,,54,X,Y,3,5,3,3,0.6666666666666666,2,"C00,W",0.0,0,0,2,0,3,True,2,ok,local_up_fast,mpdag_criterion,True,"Conjecture 2 (hence Anti-Exchange Case B, verified not proved)",C00->Y C01->C00 W->Y X->Y C01-C02 C01-C04 C01-C05 C02-X C04-C05,0.0009464169999660044,0.0,0.0009464169999660044,,2,5,4,0,0.5,1.0,3,1
c06_s03_cov050_seed00000055_bw025,c06_s03_cov050_seed00000055,flip,fast_gate,6,3,measured,0.5,0.25,,55,X,Y,3,3,5,5,0.6666666666666666,2,"C00,W",0.0,0,0,2,0,3,True,2,ok,local_up_fast,mpdag_criterion,True,"Conjecture 2 (hence Anti-Exchange Case B, verified not proved)",C00->Y C01->C00 W->Y X->C04 X->C05 X->Y C01-C02 C02-X C04-C05,0.00047670899999729954,0.0,0.00047670899999729954,,2,9,4,0,0.5,1.0,3,1
c06_s03_cov050_seed00000056_bw025,c06_s03_cov050_seed00000056,flip,fast_gate,6,3,measured,0.5,0.25,,56,X,Y,3,5,3,3,0.6666666666666666,2,"C00,W",0.0,0,0,2,0,3,True,2,ok,local_up_fast,mpdag_criterion,True,"Conjecture 2 (hence Anti-Exchange Case B, verified not proved)",C00->Y C01->C00 W->Y X->Y C01-C02 C01-C04 C02-C04 C02-X C04-C05,0.00045891600001368715,0.0,0.00045891600001368715,,2,5,4,0,0.5,1.0,3,1
c06_s03_cov050_seed00000057_bw025,c06_s03_cov050_seed00000057,flip,fast_gate,6,3,measured,0.5,0.25,,57,X,Y,2,2,3,3,0.625,2,"C00,W",0.0,0,0,2,0,2,True,2,ok,local_up_fast,mpdag_criterion,True,"Conjecture 2 (hence Anti-Exchange Case B, verified not proved)",C00->Y W->Y X->C05 X->Y C00-C01 C00-C04 C01-C02 C02-X,0.000298791999966852,0.0,0.000298791999966852,,2,5,3,0,0.7,1.0,2,0
c06_s03_cov050_seed00000061_bw025,c06_s03_cov050_seed00000061,flip,fast_gate,6,3,measured,0.5,0.25,,61,X,Y,2,3,2,2,0.625,2,"C00,W",0.0,0,0,2,0,2,True,2,ok,local_up_fast,mpdag_criterion,True,"Conjecture 2 (hence Anti-Exchange Case B, verified not proved)",C00->Y W->Y X->Y C00-C01 C01-C02 C01-C04 C01-C05 C02-X,0.0005705000000375549,0.0,0.0005705000000375549,,2,3,3,0,0.7,1.0,2,0
c06_s03_cov050_seed00000062_bw025,c06_s03_cov050_seed00000062,flip,fast_gate,6,3,measured,0.5,0.25,,62,X,Y,2,2,3,3,0.625,2,"C00,W",0.0,0,0,2,0,2,True,2,ok,local_up_fast,mpdag_criterion,True,"Conjecture 2 (hence Anti-Exchange Case B, verified not proved)",C00->Y W->Y X->C05 X->Y C00-C01 C01-C02 C01-C04 C02-X,0.00032024999995883263,0.0,0.00032024999995883263,,2,5,3,0,0.7,1.0,2,0
c06_s03_cov050_seed00000063_bw025,c06_s03_cov050_seed00000063,flip,fast_gate,6,3,measured,0.5,0.25,,63,X,Y,3,4,4,4,0.6666666666666666,2,"C00,W",0.0,0,0,2,0,3,True,2,ok,local_up_fast,mpdag_criterion,True,"Conjecture 2 (hence Anti-Exchange Case B, verified not proved)",C00->Y C01->C00 C02->C05 W->Y X->Y C01-C02 C01-C04 C02-X C05-X,0.0006042090000164535,0.0,0.0006042090000164535,,2,7,4,0,0.5,1.0,3,1
c06_s03_cov050_seed00000065_bw025,c06_s03_cov050_seed00000065,flip,fast_gate,6,3,measured,0.5,0.25,,65,X,Y,2,3,2,2,0.625,2,"C00,W",0.0,0,0,2,0,2,True,2,ok,local_up_fast,mpdag_criterion,True,"Conjecture 2 (hence Anti-Exchange Case B, verified not proved)",C00->Y W->Y X->Y C00-C01 C00-C04 C00-C05 C01-C02 C02-X,0.0002579160000095726,0.0,0.0002579160000095726,,2,3,3,0,0.7,1.0,2,0
c06_s03_cov050_seed00000068_bw025,c06_s03_cov050_seed00000068,flip,fast_gate,6,3,measured,0.5,0.25,,68,X,Y,2,2,3,3,0.625,2,"C00,W",0.0,0,0,2,0,2,True,2,ok,local_up_fast,mpdag_criterion,True,"Conjecture 2 (hence Anti-Exchange Case B, verified not proved)",C00->Y C02->C05 W->Y X->Y C00-C01 C01-C02 C01-C04 C02-X,0.0002885410000317279,0.0,0.0002885410000317279,,2,5,3,0,0.7,1.0,2,0
c06_s03_cov050_seed00000069_bw025,c06_s03_cov050_seed00000069,flip,fast_gate,6,3,measured,0.5,0.25,,69,X,Y,2,2,3,3,0.625,2,"C00,W",0.0,0,0,2,0,2,True,2,ok,local_up_fast,mpdag_criterion,True,"Conjecture 2 (hence Anti-Exchange Case B, verified not proved)",C00->Y C02->C05 W->Y X->Y C00-C01 C00-C04 C01-C02 C02-X,0.000363832999994429,0.0,0.000363832999994429,,2,5,3,0,0.7,1.0,2,0
c06_s03_cov100_seed00000000_bw000,c06_s03_cov100_seed00000000,flip,fast_gate,6,3,measured,1.0,0.0,,0,X,Y,7,0,7,7,0.7,2,"C00,W",0.0,0,0,3,0,3,True,3,ok,local_up_fast,mpdag_criterion,True,"Conjecture 2 (hence Anti-Exchange Case B, verified not proved)",C00->Y C02->C04 C02->C05 W->Y X->C04 X->C05 X->Y C00-C01 C01-C02 C02-X,0.0020531669999854785,0.0,0.0020531669999854785,,8,45,12,0,0.5026711893152428,3.296374814500742,7,2
c06_s03_cov100_seed00000001_bw000,c06_s03_cov100_seed00000001,flip,fast_gate,6,3,measured,1.0,0.0,,1,X,Y,6,0,6,6,0.6666666666666666,2,"C00,W",0.0,0,0,3,0,3,True,3,ok,local_up_fast,mpdag_criterion,True,"Conjecture 2 (hence Anti-Exchange Case B, verified not proved)",C00->Y C01->C04 C02->C05 W->Y X->C05 X->Y C00-C01 C01-C02 C02-X,0.001337166000041634,0.0,0.001337166000041634,,6,28,10,0,0.5617260061919505,3.154024767801858,6,1
c06_s03_cov100_seed00000002_bw000,c06_s03_cov100_seed00000002,flip,fast_gate,6,3,measured,1.0,0.0,,2,X,Y,6,0,6,6,0.6666666666666666,2,"C00,W",0.0,0,0,3,0,3,True,3,ok,local_up_fast,mpdag_criterion,True,"Conjecture 2 (hence Anti-Exchange Case B, verified not proved)",C00->Y C01->C05 C02->C04 W->Y X->C04 X->Y C00-C01 C01-C02 C02-X,0.0017032920000019658,0.0,0.0017032920000019658,,6,28,10,0,0.5566632860040568,3.0700811359026368,6,1
c06_s03_cov100_seed00000003_bw000,c06_s03_cov100_seed00000003,flip,fast_gate,6,3,measured,1.0,0.0,,3,X,Y,6,0,6,6,0.6666666666666666,2,"C00,W",0.0,0,0,3,0,3,True,3,ok,local_up_fast,mpdag_criterion,True,"Conjecture 2 (hence Anti-Exchange Case B, verified not proved)",C00->C05 C00->Y C02->C04 W->Y X->C04 X->Y C00-C01 C01-C02 C02-X,0.0016020829999661146,0.0,0.0016020829999661146,,8,37,12,0,0.5431927710843373,2.9569277108433734,6,1
c06_s03_cov100_seed00000004_bw000,c06_s03_cov100_seed00000004,flip,fast_gate,6,3,measured,1.0,0.0,,4,X,Y,5,0,5,5,0.625,2,"C00,W",0.0,0,0,3,0,3,True,3,ok,local_up_fast,mpdag_criterion,True,"Conjecture 2 (hence Anti-Exchange Case B, verified not proved)",C00->Y C02->C04 C04->C05 W->Y X->Y C00-C01 C01-C02 C02-X,0.0008054589999915152,0.0,0.0008054589999915152,,3,12,4,0,0.899056603773585,3.4952830188679247,5,1
c06_s03_cov100_seed00000005_bw000,c06_s03_cov100_seed00000005,flip,fast_gate,6,3,measured,1.0,0.0,,5,X,Y,5,0,5,5,0.625,2,"C00,W",0.0,0,0,3,0,3,True,3,ok,local_up_fast,mpdag_criterion,True,"Conjecture 2 (hence Anti-Exchange Case B, verified not proved)",C00->Y C02->C04 C04->C05 W->Y X->Y C00-C01 C01-C02 C02-X,0.0007900410000161173,0.0,0.0007900410000161173,,3,12,4,0,0.8985781990521327,3.4928909952606633,5,1
c06_s03_cov100_seed00000006_bw000,c06_s03_cov100_seed00000006,flip,fast_gate,6,3,measured,1.0,0.0,,6,X,Y,5,0,5,5,0.625,2,"C00,W",0.0,0,0,3,0,3,True,3,ok,local_up_fast,mpdag_criterion,True,"Conjecture 2 (hence Anti-Exchange Case B, verified not proved)",C00->Y C01->C04 C02->C05 W->Y X->Y C00-C01 C01-C02 C02-X,0.0006135419999964142,0.0,0.0006135419999964142,,4,15,6,0,0.7461139896373057,2.4922279792746114,5,2
c06_s03_cov100_seed00000007_bw000,c06_s03_cov100_seed00000007,flip,fast_gate,6,3,measured,1.0,0.0,,7,X,Y,5,0,5,5,0.625,2,"C00,W",0.0,0,0,3,0,3,True,3,ok,local_up_fast,mpdag_criterion,True,"Conjecture 2 (hence Anti-Exchange Case B, verified not proved)",C00->Y W->Y X->C04 X->C05 X->Y C00-C01 C01-C02 C02-X,0.0004687079999712296,0.0,0.0004687079999712296,,3,12,4,0,0.5,2.0,5,1
c06_s03_cov100_seed00000008_bw000,c06_s03_cov100_seed00000008,flip,fast_gate,6,3,measured,1.0,0.0,,8,X,Y,5,0,5,5,0.625,2,"C00,W",0.0,0,0,3,0,3,True,3,ok,local_up_fast,mpdag_criterion,True,"Conjecture 2 (hence Anti-Exchange Case B, verified not proved)",C00->Y C01->C05 C02->C04 W->Y X->Y C00-C01 C01-C02 C02-X,0.0011265830000297683,0.0,0.0011265830000297683,,4,15,6,0,0.7352941176470589,2.4705882352941178,5,2
c06_s03_cov100_seed00000009_bw000,c06_s03_cov100_seed00000009,flip,fast_gate,6,3,measured,1.0,0.0,,9,X,Y,6,0,6,6,0.6666666666666666,2,"C00,W",0.0,0,0,3,0,3,True,3,ok,local_up_fast,mpdag_criterion,True,"Conjecture 2 (hence Anti-Exchange Case B, verified not proved)",C00->C05 C00->Y C01->C04 C02->C04 W->Y X->Y C00-C01 C01-C02 C02-X,0.001501541000038742,0.0,0.001501541000038742,,8,37,13,0,0.7359213250517599,3.2432712215320914,6,2
c06_s03_cov100_seed00000010_bw000,c06_s03_cov100_seed00000010,flip,fast_gate,6,3,measured,1.0,0.0,,10,X,Y,6,0,6,6,0.6666666666666666,2,"C00,W",0.0,0,0,3,0,3,True,3,ok,local_up_fast,mpdag_criterion,True,"Conjecture 2 (hence Anti-Exchange Case B, verified not proved)",C00->Y C02->C04 C04->C05 W->Y X->C04 X->Y C00-C01 C01-C02 C02-X,0.001788125000018681,0.0,0.001788125000018681,,5,24,7,0,0.6567692307692308,3.533846153846154,6,0
c06_s03_cov100_seed00000011_bw000,c06_s03_cov100_seed00000011,flip,fast_gate,6,3,measured,1.0,0.0,,11,X,Y,5,0,5,5,0.625,2,"C00,W",0.0,0,0,3,0,3,True,3,ok,local_up_fast,mpdag_criterion,True,"Conjecture 2 (hence Anti-Exchange Case B, verified not proved)",C00->C04 C00->C05 C00->Y W->Y X->Y C00-C01 C01-C02 C02-X,0.0012242920000176127,0.0,0.0012242920000176127,,8,29,12,0,0.5,2.0,5,2
c06_s03_cov100_seed00000012_bw000,c06_s03_cov100_seed00000012,flip,fast_gate,6,3,measured,1.0,0.0,,12,X,Y,6,0,6,6,0.6666666666666666,2,"C00,W",0.0,0,0,3,0,3,True,3,ok,local_up_fast,mpdag_criterion,True,"Conjecture 2 (hence Anti-Exchange Case B, verified not proved)",C00->C05 C00->Y C01->C05 C02->C04 W->Y X->Y C00-C01 C01-C02 C02-X,0.002116292000039266,0.0,0.002116292000039266,,6,28,10,0,0.7397608730540843,3.2685764724763278,6,2
c06_s03_cov100_seed00000013_bw000,c06_s03_cov100_seed00000013,flip,fast_gate,6,3,measured,1.0,0.0,,13,X,Y,5,0,5,5,0.625,2,"C00,W",0.0,0,0,3,0,3,True,3,ok,local_up_fast,mpdag_criterion,True,"Conjecture 2 (hence Anti-Exchange Case B, verified not proved)",C00->Y C04->C05 W->Y X->C04 X->Y C00-C01 C01-C02 C02-X,0.0005661250000343898,0.0,0.0005661250000343898,,3,12,4,0,0.5,2.0,5,0
c06_s03_cov100_seed00000014_bw000,c06_s03_cov100_seed00000014,flip,fast_gate,6,3,measured,1.0,0.0,,14,X,Y,5,0,5,5,0.625,2,"C00,W",0.0,0,0,3,0,3,True,3,ok,local_up_fast,mpdag_criterion,True,"Conjecture 2 (hence Anti-Exchange Case B, verified not proved)",C00->C04 C00->Y C04->C05 W->Y X->Y C00-C01 C01-C02 C02-X,0.001968290999968758,0.0,0.001968290999968758,,6,22,9,0,0.5,2.0,5,2
c06_s03_cov100_seed00000015_bw000,c06_s03_cov100_seed00000015,flip,fast_gate,6,3,measured,1.0,0.0,,15,X,Y,5,0,5,5,0.625,2,"C00,W",0.0,0,0,3,0,3,True,3,ok,local_up_fast,mpdag_criterion,True,"Conjecture 2 (hence Anti-Exchange Case B, verified not proved)",C00->Y W->Y X->C04 X->C05 X->Y C00-C01 C01-C02 C02-X,0.0004667079999762791,0.0,0.0004667079999762791,,3,12,4,0,0.5,2.0,5,1
c06_s03_cov100_seed00000016_bw000,c06_s03_cov100_seed00000016,flip,fast_gate,6,3,measured,1.0,0.0,,16,X,Y,6,0,6,6,0.6666666666666666,2,"C00,W",0.0,0,0,3,0,3,True,3,ok,local_up_fast,mpdag_criterion,True,"Conjecture 2 (hence Anti-Exchange Case B, verified not proved)",C00->Y C02->C04 C02->C05 W->Y X->C05 X->Y C00-C01 C01-C02 C02-X,0.001037542000005942,0.0,0.001037542000005942,,5,24,7,0,0.6063358404185742,3.398585676913015,6,1
c06_s03_cov100_seed00000017_bw000,c06_s03_cov100_seed00000017,flip,fast_gate,6,3,measured,1.0,0.0,,17,X,Y,6,0,6,6,0.6666666666666666,2,"C00,W",0.0,0,0,3,0,3,True,3,ok,local_up_fast,mpdag_criterion,True,"Conjecture 2 (hence Anti-Exchange Case B, verified not proved)",C00->Y C02->C04 C02->C05 W->Y X->C04 X->Y C00-C01 C01-C02 C02-X,0.002209499999992204,0.0,0.002209499999992204,,5,24,7,0,0.5920603562791648,3.262849552096461,6,1
c06_s03_cov100_seed00000018_bw000,c06_s03_cov100_seed00000018,flip,fast_gate,6,3,measured,1.0,0.0,,18,X,Y,6,0,6,6,0.6666666666666666,2,"C00,W",0.0,0,0,3,0,3,True,3,ok,local_up_fast,mpdag_criterion,True,"Conjecture 2 (hence Anti-Exchange Case B, verified not proved)",C00->C05 C00->Y C01->C05 W->Y X->C04 X->Y C00-C01 C01-C02 C02-X,0.0012380840000218996,0.0,0.0012380840000218996,,6,28,10,0,0.46687898089171975,2.6687898089171975,6,1
c06_s03_cov100_seed00000019_bw000,c06_s03_cov100_seed00000019,flip,fast_gate,6,3,measured,1.0,0.0,,19,X,Y,6,0,6,6,0.6666666666666666,2,"C00,W",0.0,0,0,3,0,3,True,3,ok,local_up_fast,mpdag_criterion,True,"Conjecture 2 (hence Anti-Exchange Case B, verified not proved)",C00->Y C02->C04 C02->C05 C04->C05 W->Y X->Y C00-C01 C01-C02 C02-X,0.0016307500000039,0.0,0.0016307500000039,,5,24,7,0,0.8946778711484594,4.294817927170868,6,1
c06_s03_cov100_seed00000020_bw000,c06_s03_cov100_seed00000020,flip,fast_gate,6,3,measured,1.0,0.0,,20,X,Y,6,0,6,6,0.6666666666666666,2,"C00,W",0.0,0,0,3,0,3,True,3,ok,local_up_fast,mpdag_criterion,True,"Conjecture 2 (hence Anti-Exchange Case B, verified not proved)",C00->C05 C00->Y C01->C05 W->Y X->C04 X->Y C00-C01 C01-C02 C02-X,0.0019275000000220643,0.0,0.0019275000000220643,,6,28,10,0,0.46706586826347307,2.6706586826347305,6,1
c06_s03_cov100_seed00000021_bw000,c06_s03_cov100_seed00000021,flip,fast_gate,6,3,measured,1.0,0.0,,21,X,Y,5,0,5,5,0.625,2,"C00,W",0.0,0,0,3,0,3,True,3,ok,local_up_fast,mpdag_criterion,True,"Conjecture 2 (hence Anti-Exchange Case B, verified not proved)",C00->Y C01->C04 W->Y X->C05 X->Y C00-C01 C01-C02 C02-X,0.0006462919999989936,0.0,0.0006462919999989936,,4,15,6,0,0.5,2.0,5,1
c06_s03_cov100_seed00000022_bw000,c06_s03_cov100_seed00000022,flip,fast_gate,6,3,measured,1.0,0.0,,22,X,Y,7,0,7,7,0.7,2,"C00,W",0.0,0,0,3,0,3,True,3,ok,local_up_fast,mpdag_criterion,True,"Conjecture 2 (hence Anti-Exchange Case B, verified not proved)",C00->C05 C00->Y C01->C05 C02->C04 W->Y X->C04 X->Y C00-C01 C01-C02 C02-X,0.002448208000032537,0.0,0.002448208000032537,,9,50,17,0,0.5610150019519268,3.810150019519268,7,1
c06_s03_cov100_seed00000023_bw000,c06_s03_cov100_seed00000023,flip,fast_gate,6,3,measured,1.0,0.0,,23,X,Y,6,0,6,6,0.6666666666666666,2,"C00,W",0.0,0,0,3,0,3,True,3,ok,local_up_fast,mpdag_criterion,True,"Conjecture 2 (hence Anti-Exchange Case B, verified not proved)",C00->C04 C00->Y C02->C05 W->Y X->C05 X->Y C00-C01 C01-C02 C02-X,0.0016420409999682306,0.0,0.0016420409999682306,,8,37,12,0,0.5561786919492206,3.097219990358348,6,1
c06_s03_cov100_seed00000024_bw000,c06_s03_cov100_seed00000024,flip,fast_gate,6,3,measured,1.0,0.0,,24,X,Y,5,0,5,5,0.625,2,"C00,W",0.0,0,0,3,0,3,True,3,ok,local_up_fast,mpdag_criterion,True,"Conjecture 2 (hence Anti-Exchange Case B, verified not proved)",C00->Y C01->C04 C01->C05 W->Y X->Y C00-C01 C01-C02 C02-X,0.0014254160000177762,0.0,0.0014254160000177762,,5,18,9,0,0.5,2.0,5,2
c06_s03_cov100_seed00000025_bw000,c06_s03_cov100_seed00000025,flip,fast_gate,6,3,measured,1.0,0.0,,25,X,Y,6,0,6,6,0.6666666666666666,2,"C00,W",0.0,0,0,3,0,3,True,3,ok,local_up_fast,mpdag_criterion,True,"Conjecture 2 (hence Anti-Exchange Case B, verified not proved)",C00->Y C01->C04 C01->C05 C02->C04 W->Y X->Y C00-C01 C01-C02 C02-X,0.0012923749999913525,0.0,0.0012923749999913525,,6,28,11,0,0.7388860500766479,3.2835973428717424,6,2
c06_s03_cov100_seed00000026_bw000,c06_s03_cov100_seed00000026,flip,fast_gate,6,3,measured,1.0,0.0,,26,X,Y,7,0,7,7,0.7,2,"C00,W",0.0,0,0,3,0,3,True,3,ok,local_up_fast,mpdag_criterion,True,"Conjecture 2 (hence Anti-Exchange Case B, verified not proved)",C00->Y C02->C04 C02->C05 W->Y X->C04 X->C05 X->Y C00-C01 C01-C02 C02-X,0.0035124999999993634,0.0,0.0035124999999993634,,8,45,12,0,0.4811336032388664,3.1402834008097167,7,2
c06_s03_cov100_seed00000027_bw000,c06_s03_cov100_seed00000027,flip,fast_gate,6,3,measured,1.0,0.0,,27,X,Y,6,0,6,6,0.6666666666666666,2,"C00,W",0.0,0,0,3,0,3,True,3,ok,local_up_fast,mpdag_criterion,True,"Conjecture 2 (hence Anti-Exchange Case B, verified not proved)",C00->C04 C00->Y C02->C05 W->Y X->C05 X->Y C00-C01 C01-C02 C02-X,0.0027822919999493934,0.0,0.0027822919999493934,,8,37,12,0,0.5446428571428571,2.9732142857142856,6,1
c06_s03_cov100_seed00000028_bw000,c06_s03_cov100_seed00000028,flip,fast_gate,6,3,measured,1.0,0.0,,28,X,Y,5,0,5,5,0.625,2,"C00,W",0.0,0,0,3,0,3,True,3,ok,local_up_fast,mpdag_criterion,True,"Conjecture 2 (hence Anti-Exchange Case B, verified not proved)",C00->Y C02->C04 C04->C05 W->Y X->Y C00-C01 C01-C02 C02-X,0.0004558750000001055,0.0,0.0004558750000001055,,3,12,4,0,0.8885844748858448,3.442922374429224,5,1
c06_s03_cov100_seed00000029_bw000,c06_s03_cov100_seed00000029,flip,fast_gate,6,3,measured,1.0,0.0,,29,X,Y,5,0,5,5,0.625,2,"C00,W",0.0,0,0,3,0,3,True,3,ok,local_up_fast,mpdag_criterion,True,"Conjecture 2 (hence Anti-Exchange Case B, verified not proved)",C00->C05 C00->Y W->Y X->C04 X->Y C00-C01 C01-C02 C02-X,0.0014064580000194837,0.0,0.0014064580000194837,,5,19,7,0,0.5,2.0,5,1
c06_s03_cov100_seed00000030_bw000,c06_s03_cov100_seed00000030,flip,fast_gate,6,3,measured,1.0,0.0,,30,X,Y,6,0,6,6,0.6666666666666666,2,"C00,W",0.0,0,0,3,0,3,True,3,ok,local_up_fast,mpdag_criterion,True,"Conjecture 2 (hence Anti-Exchange Case B, verified not proved)",C00->C04 C00->Y C01->C05 C02->C05 W->Y X->Y C00-C01 C01-C02 C02-X,0.0029414170000450213,0.0,0.0029414170000450213,,8,37,13,0,0.6972115470551435,3.1213692018947183,6,2
c06_s03_cov100_seed00000031_bw000,c06_s03_cov100_seed00000031,flip,fast_gate,6,3,measured,1.0,0.0,,31,X,Y,6,0,6,6,0.6666666666666666,2,"C00,W",0.0,0,0,3,0,3,True,3,ok,local_up_fast,mpdag_criterion,True,"Conjecture 2 (hence Anti-Exchange Case B, verified not proved)",C00->Y C02->C04 C02->C05 W->Y X->C04 X->Y C00-C01 C01-C02 C02-X,0.0009448339999948985,0.0,0.0009448339999948985,,5,24,7,0,0.6026140393787454,3.3745566833802125,6,1
c06_s03_cov100_seed00000032_bw000,c06_s03_cov100_seed00000032,flip,fast_gate,6,3,measured,1.0,0.0,,32,X,Y,5,0,5,5,0.625,2,"C00,W",0.0,0,0,3,0,3,True,3,ok,local_up_fast,mpdag_criterion,True,"Conjecture 2 (hence Anti-Exchange Case B, verified not proved)",C00->C05 C00->Y W->Y X->C04 X->Y C00-C01 C01-C02 C02-X,0.00992016700001841,0.0,0.00992016700001841,,5,19,7,0,0.5,2.0,5,1
c06_s03_cov100_seed00000033_bw000,c06_s03_cov100_seed00000033,flip,fast_gate,6,3,measured,1.0,0.0,,33,X,Y,5,0,5,5,0.625,2,"C00,W",0.0,0,0,3,0,3,True,3,ok,local_up_fast,mpdag_criterion,True,"Conjecture 2 (hence Anti-Exchange Case B, verified not proved)",C00->Y C02->C05 W->Y X->C04 X->Y C00-C01 C01-C02 C02-X,0.0008917079999832822,0.0,0.0008917079999832822,,3,12,4,0,0.5941747572815533,2.470873786407767,5,1
c06_s03_cov100_seed00000034_bw000,c06_s03_cov100_seed00000034,flip,fast_gate,6,3,measured,1.0,0.0,,34,X,Y,6,0,6,6,0.6666666666666666,2,"C00,W",0.0,0,0,3,0,3,True,3,ok,local_up_fast,mpdag_criterion,True,"Conjecture 2 (hence Anti-Exchange Case B, verified not proved)",C00->C04 C00->C05 C00->Y C01->C05 W->Y X->Y C00-C01 C01-C02 C02-X,0.002884166000001187,0.0,0.002884166000001187,,9,41,17,0,0.466,2.66,6,2
c06_s03_cov100_seed00000035_bw000,c06_s03_cov100_seed00000035,flip,fast_gate,6,3,measured,1.0,0.0,,35,X,Y,5,0,5,5,0.625,2,"C00,W",0.0,0,0,3,0,3,True,3,ok,local_up_fast,mpdag_criterion,True,"Conjecture 2 (hence Anti-Exchange Case B, verified not proved)",C00->C04 C00->Y C01->C05 W->Y X->Y C00-C01 C01-C02 C02-X,0.0018828749999784122,0.0,0.0018828749999784122,,6,22,10,0,0.5,2.0,5,2
c06_s03_cov100_seed00000036_bw000,c06_s03_cov100_seed00000036,flip,fast_gate,6,3,measured,1.0,0.0,,36,X,Y,5,0,5,5,0.625,2,"C00,W",0.0,0,0,3,0,3,True,3,ok,local_up_fast,mpdag_criterion,True,"Conjecture 2 (hence Anti-Exchange Case B, verified not proved)",C00->C05 C00->Y C01->C04 W->Y X->Y C00-C01 C01-C02 C02-X,0.0016875000000027285,0.0,0.0016875000000027285,,6,22,10,0,0.5,2.0,5,2
c06_s03_cov100_seed00000037_bw000,c06_s03_cov100_seed00000037,flip,fast_gate,6,3,measured,1.0,0.0,,37,X,Y,6,0,6,6,0.6666666666666666,2,"C00,W",0.0,0,0,3,0,3,True,3,ok,local_up_fast,mpdag_criterion,True,"Conjecture 2 (hence Anti-Exchange Case B, verified not proved)",C00->C04 C00->Y C02->C05 W->Y X->C05 X->Y C00-C01 C01-C02 C02-X,0.006670208000002731,0.0,0.006670208000002731,,8,37,12,0,0.5424569827931173,2.9279711884753903,6,1
c06_s03_cov100_seed00000038_bw000,c06_s03_cov100_seed00000038,flip,fast_gate,6,3,measured,1.0,0.0,,38,X,Y,6,0,6,6,0.6666666666666666,2,"C00,W",0.0,0,0,3,0,3,True,3,ok,local_up_fast,mpdag_criterion,True,"Conjecture 2 (hence Anti-Exchange Case B, verified not proved)",C00->C04 C00->Y C01->C04 C02->C05 W->Y X->Y C00-C01 C01-C02 C02-X,0.0012094159999946896,0.0,0.0012094159999946896,,6,28,10,0,0.6874210176255405,3.1645327569005652,6,2
c06_s03_cov100_seed00000039_bw000,c06_s03_cov100_seed00000039,flip,fast_gate,6,3,measured,1.0,0.0,,39,X,Y,6,0,6,6,0.6666666666666666,2,"C00,W",0.0,0,0,3,0,3,True,3,ok,local_up_fast,mpdag_criterion,True,"Conjecture 2 (hence Anti-Exchange Case B, verified not proved)",C00->Y C01->C05 C02->C05 W->Y X->C04 X->Y C00-C01 C01-C02 C02-X,0.0017169999999850916,0.0,0.0017169999999850916,,5,24,8,0,0.5197372742200328,2.902134646962233,6,1
c06_s03_cov100_seed00000001_bw010,c06_s03_cov100_seed00000001,flip,fast_gate,6,3,measured,1.0,0.1,,1,X,Y,6,2,6,6,0.6666666666666666,2,"C00,W",0.0,0,0,2,0,3,True,2,ok,local_up_fast,mpdag_criterion,True,"Conjecture 2 (hence Anti-Exchange Case B, verified not proved)",C00->Y C01->C00 C01->C04 C02->C05 W->Y X->C05 X->Y C01-C02 C02-X,0.0013084589999721175,0.0,0.0013084589999721175,,4,21,11,0,0.4017052826691381,2.2555143651529193,6,2
c06_s03_cov100_seed00000002_bw010,c06_s03_cov100_seed00000002,flip,fast_gate,6,3,measured,1.0,0.1,,2,X,Y,6,2,6,6,0.6666666666666666,2,"C00,W",0.0,0,0,,1,3,True,4,ok,e1_ladder,mpdag_criterion,True,"Conjecture 2 (hence Anti-Exchange Case B, verified not proved)","(('C00', 'Y'), ('C01', 'C05'), ('C04', 'X'), ('W', 'Y'), ('X', 'Y'))",0.0012422080000078495,0.023586458000011135,0.024828666000018984,,10,28,10,0,0.5,3.0,6,1
c06_s03_cov100_seed00000003_bw010,c06_s03_cov100_seed00000003,flip,fast_gate,6,3,measured,1.0,0.1,,3,X,Y,6,2,6,6,0.6666666666666666,2,"C00,W",0.0,0,0,,1,3,True,4,ok,e1_ladder,mpdag_criterion,True,"Conjecture 2 (hence Anti-Exchange Case B, verified not proved)","(('C00', 'C05'), ('C00', 'Y'), ('C04', 'X'), ('W', 'Y'), ('X', 'Y'))",0.001873666999983925,0.021532207999996444,0.02340587499998037,,12,37,12,0,0.5,3.0,6,1
c06_s03_cov100_seed00000004_bw010,c06_s03_cov100_seed00000004,flip,fast_gate,6,3,measured,1.0,0.1,,4,X,Y,5,0,5,5,0.625,2,"C00,W",0.0,0,0,3,0,3,True,3,ok,local_up_fast,mpdag_criterion,True,"Conjecture 2 (hence Anti-Exchange Case B, verified not proved)",C00->Y C02->C04 C04->C05 W->Y X->Y C00-C01 C01-C02 C02-X,0.0010093749999668944,0.0,0.0010093749999668944,,3,12,4,0,0.8939890710382514,3.469945355191257,5,1
c06_s03_cov100_seed00000005_bw010,c06_s03_cov100_seed00000005,flip,fast_gate,6,3,measured,1.0,0.1,,5,X,Y,5,0,5,5,0.625,2,"C00,W",0.0,0,0,3,0,3,True,3,ok,local_up_fast,mpdag_criterion,True,"Conjecture 2 (hence Anti-Exchange Case B, verified not proved)",C00->Y C02->C04 C04->C05 W->Y X->Y C00-C01 C01-C02 C02-X,0.00044383300001982207,0.0,0.00044383300001982207,,3,12,4,0,0.909,3.545,5,1
c06_s03_cov100_seed00000006_bw010,c06_s03_cov100_seed00000006,flip,fast_gate,6,3,measured,1.0,0.1,,6,X,Y,5,0,5,5,0.625,2,"C00,W",0.0,0,0,3,0,3,True,3,ok,local_up_fast,mpdag_criterion,True,"Conjecture 2 (hence Anti-Exchange Case B, verified not proved)",C00->Y C01->C04 C02->C05 W->Y X->Y C00-C01 C01-C02 C02-X,0.000574916999994457,0.0,0.000574916999994457,,4,15,6,0,0.7710280373831777,2.542056074766355,5,2
c06_s03_cov100_seed00000007_bw010,c06_s03_cov100_seed00000007,flip,fast_gate,6,3,measured,1.0,0.1,,7,X,Y,5,0,5,5,0.625,2,"C00,W",0.0,0,0,3,0,3,True,3,ok,local_up_fast,mpdag_criterion,True,"Conjecture 2 (hence Anti-Exchange Case B, verified not proved)",C00->Y W->Y X->C04 X->C05 X->Y C00-C01 C01-C02 C02-X,0.0004811669999753576,0.0,0.0004811669999753576,,3,12,4,0,0.5,2.0,5,1
c06_s03_cov100_seed00000008_bw010,c06_s03_cov100_seed00000008,flip,fast_gate,6,3,measured,1.0,0.1,,8,X,Y,5,0,5,5,0.625,2,"C00,W",0.0,0,0,3,0,3,True,3,ok,local_up_fast,mpdag_criterion,True,"Conjecture 2 (hence Anti-Exchange Case B, verified not proved)",C00->Y C01->C05 C02->C04 W->Y X->Y C00-C01 C01-C02 C02-X,0.0010099579999973685,0.0,0.0010099579999973685,,4,15,6,0,0.7718446601941746,2.5436893203883493,5,2
c06_s03_cov100_seed00000011_bw010,c06_s03_cov100_seed00000011,flip,fast_gate,6,3,measured,1.0,0.1,,11,X,Y,5,0,5,5,0.625,2,"C00,W",0.0,0,0,3,0,3,True,3,ok,local_up_fast,mpdag_criterion,True,"Conjecture 2 (hence Anti-Exchange Case B, verified not proved)",C00->C04 C00->C05 C00->Y W->Y X->Y C00-C01 C01-C02 C02-X,0.0018862919999946826,0.0,0.0018862919999946826,,8,29,12,0,0.5,2.0,5,2
c06_s03_cov100_seed00000013_bw010,c06_s03_cov100_seed00000013,flip,fast_gate,6,3,measured,1.0,0.1,,13,X,Y,5,0,5,5,0.625,2,"C00,W",0.0,0,0,3,0,3,True,3,ok,local_up_fast,mpdag_criterion,True,"Conjecture 2 (hence Anti-Exchange Case B, verified not proved)",C00->Y C04->C05 W->Y X->C04 X->Y C00-C01 C01-C02 C02-X,0.00048462499995594044,0.0,0.00048462499995594044,,3,12,4,0,0.5,2.0,5,0
c06_s03_cov100_seed00000014_bw010,c06_s03_cov100_seed00000014,flip,fast_gate,6,3,measured,1.0,0.1,,14,X,Y,5,0,5,5,0.625,2,"C00,W",0.0,0,0,3,0,3,True,3,ok,local_up_fast,mpdag_criterion,True,"Conjecture 2 (hence Anti-Exchange Case B, verified not proved)",C00->C04 C00->Y C04->C05 W->Y X->Y C00-C01 C01-C02 C02-X,0.0007994999999709762,0.0,0.0007994999999709762,,6,22,9,0,0.5,2.0,5,2
c06_s03_cov100_seed00000015_bw010,c06_s03_cov100_seed00000015,flip,fast_gate,6,3,measured,1.0,0.1,,15,X,Y,5,0,5,5,0.625,2,"C00,W",0.0,0,0,3,0,3,True,3,ok,local_up_fast,mpdag_criterion,True,"Conjecture 2 (hence Anti-Exchange Case B, verified not proved)",C00->Y W->Y X->C04 X->C05 X->Y C00-C01 C01-C02 C02-X,0.0004662079999775415,0.0,0.0004662079999775415,,3,12,4,0,0.5,2.0,5,1
c06_s03_cov100_seed00000016_bw010,c06_s03_cov100_seed00000016,flip,fast_gate,6,3,measured,1.0,0.1,,16,X,Y,6,2,6,6,0.6666666666666666,2,"C00,W",0.0,0,0,2,0,3,True,2,ok,local_up_fast,mpdag_criterion,True,"Conjecture 2 (hence Anti-Exchange Case B, verified not proved)",C00->Y C01->C00 C02->C04 C02->C05 W->Y X->C05 X->Y C01-C02 C02-X,0.0006864580000183196,0.0,0.0006864580000183196,,3,16,7,0,0.4107458337127767,2.3448684090702123,6,2
c06_s03_cov100_seed00000017_bw010,c06_s03_cov100_seed00000017,flip,fast_gate,6,3,measured,1.0,0.1,,17,X,Y,6,2,6,6,0.6666666666666666,2,"C00,W",0.0,0,0,,1,3,True,4,ok,e1_ladder,mpdag_criterion,True,"Conjecture 2 (hence Anti-Exchange Case B, verified not proved)","(('C00', 'Y'), ('C02', 'C05'), ('C04', 'X'), ('W', 'Y'), ('X', 'Y'))",0.0010138750000123764,0.02120845800004645,0.022222333000058825,,8,24,8,0,0.5673366834170854,3.3366834170854274,6,1
c06_s03_cov100_seed00000019_bw010,c06_s03_cov100_seed00000019,flip,fast_gate,6,3,measured,1.0,0.1,,19,X,Y,6,2,6,6,0.6666666666666666,2,"C00,W",0.0,0,0,2,0,3,True,2,ok,local_up_fast,mpdag_criterion,True,"Conjecture 2 (hence Anti-Exchange Case B, verified not proved)",C00->Y C01->C00 C02->C04 C02->C05 C04->C05 W->Y X->Y C01-C02 C02-X,0.0006182500000022628,0.0,0.0006182500000022628,,3,16,7,0,0.9245714584805423,3.4597367250268247,6,2
c06_s03_cov100_seed00000020_bw010,c06_s03_cov100_seed00000020,flip,fast_gate,6,3,measured,1.0,0.1,,20,X,Y,6,2,6,6,0.6666666666666666,2,"C00,W",0.0,0,0,2,0,3,True,2,ok,local_up_fast,mpdag_criterion,True,"Conjecture 2 (hence Anti-Exchange Case B, verified not proved)",C00->C05 C00->Y C01->C00 C01->C05 W->Y X->C04 X->Y C01-C02 C02-X,0.0004594170000018494,0.0,0.0004594170000018494,,2,11,5,0,0.386442854522106,2.099935791597872,6,2
c06_s03_cov100_seed00000021_bw010,c06_s03_cov100_seed00000021,flip,fast_gate,6,3,measured,1.0,0.1,,21,X,Y,5,0,5,5,0.625,2,"C00,W",0.0,0,0,3,0,3,True,3,ok,local_up_fast,mpdag_criterion,True,"Conjecture 2 (hence Anti-Exchange Case B, verified not proved)",C00->Y C01->C04 W->Y X->C05 X->Y C00-C01 C01-C02 C02-X,0.0005912920000241684,0.0,0.0005912920000241684,,4,15,6,0,0.5,2.0,5,1
c06_s03_cov100_seed00000022_bw010,c06_s03_cov100_seed00000022,flip,fast_gate,6,3,measured,1.0,0.1,,22,X,Y,7,2,7,7,0.7,2,"C00,W",0.0,0,0,,1,3,True,4,ok,e1_ladder,mpdag_criterion,True,"Conjecture 2 (hence Anti-Exchange Case B, verified not proved)","(('C00', 'C05'), ('C00', 'Y'), ('C01', 'C05'), ('C04', 'X'), ('W', 'Y'), ('X', 'Y'))",0.0023852920000422273,0.03261641699998563,0.03500170900002786,,18,55,18,0,0.5534722222222223,3.5347222222222223,7,1
c06_s03_cov100_seed00000023_bw010,c06_s03_cov100_seed00000023,flip,fast_gate,6,3,measured,1.0,0.1,,23,X,Y,6,2,6,6,0.6666666666666666,2,"C00,W",0.0,0,0,,1,3,True,4,ok,e1_ladder,mpdag_criterion,True,"Conjecture 2 (hence Anti-Exchange Case B, verified not proved)","(('C00', 'C04'), ('C00', 'Y'), ('C05', 'X'), ('W', 'Y'), ('X', 'Y'))",0.0026959159999933036,0.02628395799996497,0.028979873999958272,,12,37,12,0,0.5,3.0,6,1
c06_s03_cov100_seed00000024_bw010,c06_s03_cov100_seed00000024,flip,fast_gate,6,3,measured,1.0,0.1,,24,X,Y,5,0,5,5,0.625,2,"C00,W",0.0,0,0,3,0,3,True,3,ok,local_up_fast,mpdag_criterion,True,"Conjecture 2 (hence Anti-Exchange Case B, verified not proved)",C00->Y C01->C04 C01->C05 W->Y X->Y C00-C01 C01-C02 C02-X,0.0006529170000248996,0.0,0.0006529170000248996,,5,18,9,0,0.5,2.0,5,2
c06_s03_cov100_seed00000026_bw010,c06_s03_cov100_seed00000026,flip,fast_gate,6,3,measured,1.0,0.1,,26,X,Y,7,2,7,7,0.7,2,"C00,W",0.0,0,0,2,0,3,True,2,ok,local_up_fast,mpdag_criterion,True,"Conjecture 2 (hence Anti-Exchange Case B, verified not proved)",C00->Y C01->C00 C02->C04 C02->C05 W->Y X->C04 X->C05 X->Y C01-C02 C02-X,0.002177915999993729,0.0,0.002177915999993729,,4,25,11,0,0.3653571428571429,2.205952380952381,7,3
c06_s03_cov100_seed00000027_bw010,c06_s03_cov100_seed00000027,flip,fast_gate,6,3,measured,1.0,0.1,,27,X,Y,6,2,6,6,0.6666666666666666,2,"C00,W",0.0,0,0,,1,3,True,4,ok,e1_ladder,mpdag_criterion,True,"Conjecture 2 (hence Anti-Exchange Case B, verified not proved)","(('C00', 'Y'), ('C02', 'C05'), ('W', 'Y'), ('X', 'C05'), ('X', 'Y'))",0.0009537920000184386,0.014226499999949738,0.015180291999968176,,7,24,7,0,0.7021897810218978,4.010948905109489,6,0
c06_s03_cov100_seed00000028_bw010,c06_s03_cov100_seed00000028,flip,fast_gate,6,3,measured,1.0,0.1,,28,X,Y,5,0,5,5,0.625,2,"C00,W",0.0,0,0,3,0,3,True,3,ok,local_up_fast,mpdag_criterion,True,"Conjecture 2 (hence Anti-Exchange Case B, verified not proved)",C00->Y C02->C04 C04->C05 W->Y X->Y C00-C01 C01-C02 C02-X,0.00044629199999235425,0.0,0.00044629199999235425,,3,12,4,0,0.8989795918367347,3.4948979591836733,5,1
c06_s03_cov100_seed00000029_bw010,c06_s03_cov100_seed00000029,flip,fast_gate,6,3,measured,1.0,0.1,,29,X,Y,5,0,5,5,0.625,2,"C00,W",0.0,0,0,3,0,3,True,3,ok,local_up_fast,mpdag_criterion,True,"Conjecture 2 (hence Anti-Exchange Case B, verified not proved)",C00->C05 C00->Y W->Y X->C04 X->Y C00-C01 C01-C02 C02-X,0.0011551669999789738,0.0,0.0011551669999789738,,5,19,7,0,0.5,2.0,5,1
c06_s03_cov100_seed00000030_bw010,c06_s03_cov100_seed00000030,flip,fast_gate,6,3,measured,1.0,0.1,,30,X,Y,6,2,6,6,0.6666666666666666,2,"C00,W",0.0,0,0,,1,3,True,4,ok,e1_ladder,mpdag_criterion,True,"Conjecture 2 (hence Anti-Exchange Case B, verified not proved)","(('C00', 'C04'), ('C00', 'Y'), ('C01', 'C05'), ('W', 'Y'), ('X', 'Y'))",0.0014854169999694022,0.02451787500001501,0.026003291999984413,,13,37,13,0,0.5960629921259842,3.4803149606299213,6,1
c06_s03_cov100_seed00000032_bw010,c06_s03_cov100_seed00000032,flip,fast_gate,6,3,measured,1.0,0.1,,32,X,Y,5,0,5,5,0.625,2,"C00,W",0.0,0,0,3,0,3,True,3,ok,local_up_fast,mpdag_criterion,True,"Conjecture 2 (hence Anti-Exchange Case B, verified not proved)",C00->C05 C00->Y W->Y X->C04 X->Y C00-C01 C01-C02 C02-X,0.0006841250000206855,0.0,0.0006841250000206855,,5,19,7,0,0.5,2.0,5,1
c06_s03_cov100_seed00000033_bw010,c06_s03_cov100_seed00000033,flip,fast_gate,6,3,measured,1.0,0.1,,33,X,Y,5,0,5,5,0.625,2,"C00,W",0.0,0,0,3,0,3,True,3,ok,local_up_fast,mpdag_criterion,True,"Conjecture 2 (hence Anti-Exchange Case B, verified not proved)",C00->Y C02->C05 W->Y X->C04 X->Y C00-C01 C01-C02 C02-X,0.00046133400002190683,0.0,0.00046133400002190683,,3,12,4,0,0.607,2.535,5,1
c06_s03_cov100_seed00000034_bw010,c06_s03_cov100_seed00000034,flip,fast_gate,6,3,measured,1.0,0.1,,34,X,Y,6,2,6,6,0.6666666666666666,2,"C00,W",0.0,0,0,2,0,3,True,2,ok,local_up_fast,mpdag_criterion,True,"Conjecture 2 (hence Anti-Exchange Case B, verified not proved)",C00->C04 C00->C05 C00->Y C01->C00 C01->C05 W->Y X->Y C01-C02 C02-X,0.00042779200003906226,0.0,0.00042779200003906226,,2,11,5,0,0.752905952800282,2.4704121169425854,6,3
c06_s03_cov100_seed00000035_bw010,c06_s03_cov100_seed00000035,flip,fast_gate,6,3,measured,1.0,0.1,,35,X,Y,5,0,5,5,0.625,2,"C00,W",0.0,0,0,3,0,3,True,3,ok,local_up_fast,mpdag_criterion,True,"Conjecture 2 (hence Anti-Exchange Case B, verified not proved)",C00->C04 C00->Y C01->C05 W->Y X->Y C00-C01 C01-C02 C02-X,0.0008710000000178297,0.0,0.0008710000000178297,,6,22,10,0,0.5,2.0,5,2
c06_s03_cov100_seed00000036_bw010,c06_s03_cov100_seed00000036,flip,fast_gate,6,3,measured,1.0,0.1,,36,X,Y,5,0,5,5,0.625,2,"C00,W",0.0,0,0,3,0,3,True,3,ok,local_up_fast,mpdag_criterion,True,"Conjecture 2 (hence Anti-Exchange Case B, verified not proved)",C00->C05 C00->Y C01->C04 W->Y X->Y C00-C01 C01-C02 C02-X,0.0007404579999956695,0.0,0.0007404579999956695,,6,22,10,0,0.5,2.0,5,2
c06_s03_cov100_seed00000037_bw010,c06_s03_cov100_seed00000037,flip,fast_gate,6,3,measured,1.0,0.1,,37,X,Y,6,2,6,6,0.6666666666666666,2,"C00,W",0.0,0,0,2,0,3,True,2,ok,local_up_fast,mpdag_criterion,True,"Conjecture 2 (hence Anti-Exchange Case B, verified not proved)",C00->C04 C00->Y C01->C00 C02->C05 W->Y X->C05 X->Y C01-C02 C02-X,0.0006999999999948159,0.0,0.0006999999999948159,,3,16,7,0,0.41019512195121954,2.361951219512195,6,2
c06_s03_cov100_seed00000038_bw010,c06_s03_cov100_seed00000038,flip,fast_gate,6,3,measured,1.0,0.1,,38,X,Y,6,2,6,6,0.6666666666666666,2,"C00,W",0.0,0,0,2,0,3,True,2,ok,local_up_fast,mpdag_criterion,True,"Conjecture 2 (hence Anti-Exchange Case B, verified not proved)",C00->C04 C00->Y C01->C00 C01->C04 C02->C05 W->Y X->Y C01-C02 C02-X,0.0004484169999727783,0.0,0.0004484169999727783,,2,11,5,0,0.7603633766349718,2.4583054327931793,6,3
c06_s03_cov100_seed00000040_bw010,c06_s03_cov100_seed00000040,flip,fast_gate,6,3,measured,1.0,0.1,,40,X,Y,5,0,5,5,0.625,2,"C00,W",0.0,0,0,3,0,3,True,3,ok,local_up_fast,mpdag_criterion,True,"Conjecture 2 (hence Anti-Exchange Case B, verified not proved)",C00->Y C02->C04 W->Y X->C05 X->Y C00-C01 C01-C02 C02-X,0.0021967910000171287,0.0,0.0021967910000171287,,3,12,4,0,0.6129533678756477,2.5647668393782386,5,1
c06_s03_cov100_seed00000041_bw010,c06_s03_cov100_seed00000041,flip,fast_gate,6,3,measured,1.0,0.1,,41,X,Y,6,2,6,6,0.6666666666666666,2,"C00,W",0.0,0,0,2,0,3,True,2,ok,local_up_fast,mpdag_criterion,True,"Conjecture 2 (hence Anti-Exchange Case B, verified not proved)",C00->Y C01->C00 C02->C04 C02->C05 C04->C05 W->Y X->Y C01-C02 C02-X,0.0005653329999972811,0.0,0.0005653329999972811,,3,16,7,0,0.9108406395048995,3.3827746260959257,6,2
c06_s03_cov100_seed00000042_bw010,c06_s03_cov100_seed00000042,flip,fast_gate,6,3,measured,1.0,0.1,,42,X,Y,5,0,5,5,0.625,2,"C00,W",0.0,0,0,3,0,3,True,3,ok,local_up_fast,mpdag_criterion,True,"Conjecture 2 (hence Anti-Exchange Case B, verified not proved)",C00->C04 C00->Y W->Y X->C05 X->Y C00-C01 C01-C02 C02-X,0.001377958000034596,0.0,0.001377958000034596,,5,19,7,0,0.5,2.0,5,1
c06_s03_cov100_seed00000045_bw010,c06_s03_cov100_seed00000045,flip,fast_gate,6,3,measured,1.0,0.1,,45,X,Y,5,0,5,5,0.625,2,"C00,W",0.0,0,0,3,0,3,True,3,ok,local_up_fast,mpdag_criterion,True,"Conjecture 2 (hence Anti-Exchange Case B, verified not proved)",C00->Y C02->C05 W->Y X->C04 X->Y C00-C01 C01-C02 C02-X,0.0008074159999864605,0.0,0.0008074159999864605,,3,12,4,0,0.6004926108374384,2.502463054187192,5,1
c06_s03_cov100_seed00000046_bw010,c06_s03_cov100_seed00000046,flip,fast_gate,6,3,measured,1.0,0.1,,46,X,Y,6,2,6,6,0.6666666666666666,2,"C00,W",0.0,0,0,,1,3,True,4,ok,e1_ladder,mpdag_criterion,True,"Conjecture 2 (hence Anti-Exchange Case B, verified not proved)","(('C00', 'Y'), ('C02', 'C05'), ('C04', 'X'), ('W', 'Y'), ('X', 'Y'))",0.0018154169999888836,0.024294708000013543,0.026110125000002427,,8,24,8,0,0.5660194174757281,3.3300970873786406,6,1
c06_s03_cov100_seed00000047_bw010,c06_s03_cov100_seed00000047,flip,fast_gate,6,3,measured,1.0,0.1,,47,X,Y,5,0,5,5,0.625,2,"C00,W",0.0,0,0,3,0,3,True,3,ok,local_up_fast,mpdag_criterion,True,"Conjecture 2 (hence Anti-Exchange Case B, verified not proved)",C00->C04 C00->Y W->Y X->C05 X->Y C00-C01 C01-C02 C02-X,0.0012933330000350907,0.0,0.0012933330000350907,,5,19,7,0,0.5,2.0,5,1
c06_s03_cov100_seed00000048_bw010,c06_s03_cov100_seed00000048,flip,fast_gate,6,3,measured,1.0,0.1,,48,X,Y,5,0,5,5,0.625,2,"C00,W",0.0,0,0,3,0,3,True,3,ok,local_up_fast,mpdag_criterion,True,"Conjecture 2 (hence Anti-Exchange Case B, verified not proved)",C00->C04 C00->Y C01->C05 W->Y X->Y C00-C01 C01-C02 C02-X,0.0007845420000194281,0.0,0.0007845420000194281,,6,22,10,0,0.5,2.0,5,2
c06_s03_cov100_seed00000049_bw010,c06_s03_cov100_seed00000049,flip,fast_gate,6,3,measured,1.0,0.1,,49,X,Y,5,0,5,5,0.625,2,"C00,W",0.0,0,0,3,0,3,True,3,ok,local_up_fast,mpdag_criterion,True,"Conjecture 2 (hence Anti-Exchange Case B, verified not proved)",C00->C04 C00->Y C01->C05 W->Y X->Y C00-C01 C01-C02 C02-X,0.001391040999976667,0.0,0.001391040999976667,,6,22,10,0,0.5,2.0,5,2
c06_s03_cov100_seed00000002_bw025,c06_s03_cov100_seed00000002,flip,fast_gate,6,3,measured,1.0,0.25,,2,X,Y,6,4,6,6,0.6666666666666666,2,"C00,W",0.0,0,0,3,0,3,True,3,ok,local_up_fast,mpdag_criterion,True,"Conjecture 2 (hence Anti-Exchange Case B, verified not proved)",C00->Y C01->C00 C01->C05 C02->C04 W->Y X->Y C01-C02 C02-X C04-X,0.0014568330000201968,0.0,0.0014568330000201968,,7,34,15,0,0.4,2.0,6,2
c06_s03_cov100_seed00000005_bw025,c06_s03_cov100_seed00000005,flip,fast_gate,6,3,measured,1.0,0.25,,5,X,Y,5,2,5,5,0.625,2,"C00,W",0.0,0,0,2,0,3,True,2,ok,local_up_fast,mpdag_criterion,True,"Conjecture 2 (hence Anti-Exchange Case B, verified not proved)",C00->Y C01->C00 C02->C04 C04->C05 W->Y X->Y C01-C02 C02-X,0.0003517080000392525,0.0,0.0003517080000392525,,2,9,4,0,0.9114285714285714,2.557142857142857,5,2
c06_s03_cov100_seed00000008_bw025,c06_s03_cov100_seed00000008,flip,fast_gate,6,3,measured,1.0,0.25,,8,X,Y,5,2,5,5,0.625,2,"C00,W",0.0,0,0,2,0,3,True,2,ok,local_up_fast,mpdag_criterion,True,"Conjecture 2 (hence Anti-Exchange Case B, verified not proved)",C00->Y C01->C00 C01->C05 C02->C04 W->Y X->Y C01-C02 C02-X,0.0005257500000084292,0.0,0.0005257500000084292,,3,13,7,0,0.6366120218579233,1.4808743169398908,5,3
c06_s03_cov100_seed00000011_bw025,c06_s03_cov100_seed00000011,flip,fast_gate,6,3,measured,1.0,0.25,,11,X,Y,5,2,5,5,0.625,2,"C00,W",0.0,0,0,2,0,3,True,2,ok,local_up_fast,mpdag_criterion,True,"Conjecture 2 (hence Anti-Exchange Case B, verified not proved)",C00->C04 C00->C05 C00->Y C01->C00 W->Y X->Y C01-C02 C02-X,0.00035950000000184446,0.0,0.00035950000000184446,,2,9,4,0,0.7589403973509934,1.6556291390728477,5,3
c06_s03_cov100_seed00000012_bw025,c06_s03_cov100_seed00000012,flip,fast_gate,6,3,measured,1.0,0.25,,12,X,Y,6,4,6,6,0.6666666666666666,2,"C00,W",0.0,0,0,,1,3,True,4,ok,e1_ladder,mpdag_criterion,True,"Conjecture 2 (hence Anti-Exchange Case B, verified not proved)","(('C00', 'Y'), ('C02', 'C04'), ('C05', 'C00'), ('W', 'Y'), ('X', 'Y'))",0.0011154169999940677,0.01893824999996241,0.020053666999956477,,8,28,8,0,0.7596661290876024,4.081443228219469,6,1
c06_s03_cov100_seed00000018_bw025,c06_s03_cov100_seed00000018,flip,fast_gate,6,3,measured,1.0,0.25,,18,X,Y,6,4,6,6,0.6666666666666666,2,"C00,W",0.16666666666666666,1,0,1,0,3,True,1,ok,local_up_fast,mpdag_criterion,True,"Conjecture 2 (hence Anti-Exchange Case B, verified not proved)",C00->C05 C00->Y C01->C00 C01->C05 C02->C01 W->Y X->C04 X->Y C02-X,0.00022554100002025734,0.0,0.00022554100002025734,,1,6,2,0,0.7980261538404826,2.7999899241319905,6,2
c06_s03_cov100_seed00000019_bw025,c06_s03_cov100_seed00000019,flip,fast_gate,6,3,measured,1.0,0.25,,19,X,Y,6,4,6,6,0.6666666666666666,2,"C00,W",0.0,0,0,2,0,3,True,2,ok,local_up_fast,mpdag_criterion,True,"Conjecture 2 (hence Anti-Exchange Case B, verified not proved)",C00->Y C01->C00 C02->C04 C02->C05 C05->C04 W->Y X->Y C01-C02 C02-X,0.000581332999956885,0.0,0.000581332999956885,,3,16,7,0,0.9249359544804896,3.5041123965159238,6,2
c06_s03_cov100_seed00000020_bw025,c06_s03_cov100_seed00000020,flip,fast_gate,6,3,measured,1.0,0.25,,20,X,Y,6,4,6,6,0.6666666666666666,2,"C00,W",0.16666666666666666,1,0,1,0,3,True,1,ok,local_up_fast,mpdag_criterion,True,"Conjecture 2 (hence Anti-Exchange Case B, verified not proved)",C00->C05 C00->Y C01->C00 C01->C05 C02->C01 W->Y X->C04 X->Y C02-X,0.00021145799996702408,0.0,0.00021145799996702408,,1,6,2,0,0.799377989684332,2.821451351930432,6,2
c06_s03_cov100_seed00000024_bw025,c06_s03_cov100_seed00000024,flip,fast_gate,6,3,measured,1.0,0.25,,24,X,Y,5,2,5,5,0.625,2,"C00,W",0.0,0,0,2,0,3,True,2,ok,local_up_fast,mpdag_criterion,True,"Conjecture 2 (hence Anti-Exchange Case B, verified not proved)",C00->Y C01->C00 C01->C04 C01->C05 W->Y X->Y C01-C02 C02-X,0.0025006249999819374,0.0,0.0025006249999819374,,4,17,11,0,0.3,1.0,5,3
c06_s03_cov100_seed00000042_bw025,c06_s03_cov100_seed00000042,flip,fast_gate,6,3,measured,1.0,0.25,,42,X,Y,5,2,5,5,0.625,2,"C00,W",0.0,0,0,,1,3,True,4,ok,e1_ladder,mpdag_criterion,True,"Conjecture 2 (hence Anti-Exchange Case B, verified not proved)","(('C00', 'Y'), ('W', 'Y'), ('X', 'C05'), ('X', 'Y'))",0.0004270409999662661,0.014687375000050906,0.015114416000017172,,4,12,4,0,0.7,3.0,5,0
c06_s03_cov100_seed00000048_bw025,c06_s03_cov100_seed00000048,flip,fast_gate,6,3,measured,1.0,0.25,,48,X,Y,5,2,5,5,0.625,2,"C00,W",0.0,0,0,,1,3,True,4,ok,e1_ladder,mpdag_criterion,True,"Conjecture 2 (hence Anti-Exchange Case B, verified not proved)","(('C00', 'Y'), ('C01', 'C05'), ('W', 'Y'), ('X', 'Y'))",0.000415957999962302,0.01382183300000861,0.014237790999970912,,5,12,5,0,0.7,3.0,5,1
c06_s03_cov100_seed00000050_bw025,c06_s03_cov100_seed00000050,flip,fast_gate,6,3,measured,1.0,0.25,,50,X,Y,5,2,5,5,0.625,2,"C00,W",0.0,0,0,2,0,3,True,2,ok,local_up_fast,mpdag_criterion,True,"Conjecture 2 (hence Anti-Exchange Case B, verified not proved)",C00->Y C01->C00 W->Y X->C04 X->C05 X->Y C01-C02 C02-X,0.00038066600001229745,0.0,0.00038066600001229745,,2,9,4,0,0.3,1.0,5,2
c06_s03_cov100_seed00000052_bw025,c06_s03_cov100_seed00000052,flip,fast_gate,6,3,measured,1.0,0.25,,52,X,Y,5,2,5,5,0.625,2,"C00,W",0.0,0,0,2,0,3,True,2,ok,local_up_fast,mpdag_criterion,True,"Conjecture 2 (hence Anti-Exchange Case B, verified not proved)",C00->Y C01->C00 W->Y X->C04 X->C05 X->Y C01-C02 C02-X,0.0005826249999927313,0.0,0.0005826249999927313,,2,9,4,0,0.3,1.0,5,2
c06_s03_cov100_seed00000054_bw025,c06_s03_cov100_seed00000054,flip,fast_gate,6,3,measured,1.0,0.25,,54,X,Y,6,4,6,6,0.6666666666666666,2,"C00,W",0.0,0,0,2,0,3,True,2,ok,local_up_fast,mpdag_criterion,True,"Conjecture 2 (hence Anti-Exchange Case B, verified not proved)",C00->Y C01->C00 C01->C04 C01->C05 C05->C04 W->Y X->Y C01-C02 C02-X,0.0019229590000122698,0.0,0.0019229590000122698,,4,21,13,0,0.6694325625916069,2.277855882264964,6,3
c06_s03_cov100_seed00000058_bw025,c06_s03_cov100_seed00000058,flip,fast_gate,6,3,measured,1.0,0.25,,58,X,Y,6,4,6,6,0.6666666666666666,2,"C00,W",0.0,0,0,3,0,3,True,3,ok,local_up_fast,mpdag_criterion,True,"Conjecture 2 (hence Anti-Exchange Case B, verified not proved)",C00->Y C01->C00 C01->C05 C02->C04 W->Y X->Y C01-C02 C02-C05 C02-X,0.0012984169999867845,0.0,0.0012984169999867845,,6,29,12,0,0.7268190298507464,3.1786380597014925,6,2
c06_s03_cov100_seed00000067_bw025,c06_s03_cov100_seed00000067,flip,fast_gate,6,3,measured,1.0,0.25,,67,X,Y,6,4,6,6,0.6666666666666666,2,"C00,W",0.0,0,0,3,0,3,True,3,ok,local_up_fast,mpdag_criterion,True,"Conjecture 2 (hence Anti-Exchange Case B, verified not proved)",C00->Y C01->C00 C02->C04 C02->C05 W->Y X->Y C01-C02 C02-X C04-X,0.0009947500000180298,0.0,0.0009947500000180298,,5,25,10,0,0.425503355704698,2.2550335570469797,6,2
c06_s03_cov100_seed00000074_bw025,c06_s03_cov100_seed00000074,flip,fast_gate,6,3,measured,1.0,0.25,,74,X,Y,5,2,5,5,0.625,2,"C00,W",0.0,0,0,,1,3,True,4,ok,e1_ladder,mpdag_criterion,True,"Conjecture 2 (hence Anti-Exchange Case B, verified not proved)","(('C00', 'Y'), ('C04', 'C05'), ('W', 'Y'), ('X', 'Y'))",0.0009010829999738235,0.014415125000027729,0.015316208000001552,,7,19,7,0,0.7,3.0,5,1
c06_s03_cov100_seed00000078_bw025,c06_s03_cov100_seed00000078,flip,fast_gate,6,3,measured,1.0,0.25,,78,X,Y,5,2,5,5,0.625,2,"C00,W",0.0,0,0,2,0,3,True,2,ok,local_up_fast,mpdag_criterion,True,"Conjecture 2 (hence Anti-Exchange Case B, verified not proved)",C00->Y C01->C00 C02->C04 C02->C05 W->Y X->Y C01-C02 C02-X,0.000552541000047313,0.0,0.000552541000047313,,2,9,4,0,0.742611683848797,1.6323024054982818,5,3
c06_s03_cov100_seed00000081_bw025,c06_s03_cov100_seed00000081,flip,fast_gate,6,3,measured,1.0,0.25,,81,X,Y,6,4,6,6,0.6666666666666666,2,"C00,W",0.0,0,0,2,0,3,True,2,ok,local_up_fast,mpdag_criterion,True,"Conjecture 2 (hence Anti-Exchange Case B, verified not proved)",C00->Y C01->C00 C01->C04 C02->C05 C04->C00 W->Y X->Y C01-C02 C02-X,0.0016620410000314223,0.0,0.0016620410000314223,,4,21,10,0,0.7485908109774897,2.437989515880358,6,3
c06_s03_cov100_seed00000084_bw025,c06_s03_cov100_seed00000084,flip,fast_gate,6,3,measured,1.0,0.25,,84,X,Y,5,2,5,5,0.625,2,"C00,W",0.0,0,0,2,0,3,True,2,ok,local_up_fast,mpdag_criterion,True,"Conjecture 2 (hence Anti-Exchange Case B, verified not proved)",C00->Y C01->C00 C02->C04 W->Y X->C05 X->Y C01-C02 C02-X,0.0003600000000005821,0.0,0.0003600000000005821,,2,9,4,0,0.40943396226415096,1.5471698113207548,5,2
c06_s03_cov100_seed00000086_bw025,c06_s03_cov100_seed00000086,flip,fast_gate,6,3,measured,1.0,0.25,,86,X,Y,6,4,6,6,0.6666666666666666,2,"C00,W",0.16666666666666666,1,0,1,0,3,True,1,ok,local_up_fast,mpdag_criterion,True,"Conjecture 2 (hence Anti-Exchange Case B, verified not proved)",C00->Y C01->C00 C02->C01 C02->C04 W->Y X->C04 X->C05 X->Y C02-X,0.0002735000000484433,0.0,0.0002735000000484433,,1,6,3,0,0.4792331508923226,1.6585771019793438,6,3
c06_s03_cov100_seed00000089_bw025,c06_s03_cov100_seed00000089,flip,fast_gate,6,3,measured,1.0,0.25,,89,X,Y,5,2,5,5,0.625,2,"C00,W",0.0,0,0,2,0,3,True,2,ok,local_up_fast,mpdag_criterion,True,"Conjecture 2 (hence Anti-Exchange Case B, verified not proved)",C00->Y C01->C00 C02->C05 W->Y X->C04 X->Y C01-C02 C02-X,0.0031016249999993306,0.0,0.0031016249999993306,,2,9,4,0,0.3953846153846154,1.476923076923077,5,2
c06_s03_cov100_seed00000090_bw025,c06_s03_cov100_seed00000090,flip,fast_gate,6,3,measured,1.0,0.25,,90,X,Y,5,2,5,5,0.625,2,"C00,W",0.0,0,0,2,0,3,True,2,ok,local_up_fast,mpdag_criterion,True,"Conjecture 2 (hence Anti-Exchange Case B, verified not proved)",C00->Y C01->C00 C01->C05 C02->C04 W->Y X->Y C01-C02 C02-X,0.0004171250000126747,0.0,0.0004171250000126747,,3,13,7,0,0.6115384615384617,1.445054945054945,5,3
c06_s03_cov100_seed00000092_bw025,c06_s03_cov100_seed00000092,flip,fast_gate,6,3,measured,1.0,0.25,,92,X,Y,6,4,6,6,0.6666666666666666,2,"C00,W",0.0,0,0,3,0,3,True,3,ok,local_up_fast,mpdag_criterion,True,"Conjecture 2 (hence Anti-Exchange Case B, verified not proved)",C00->Y C01->C00 C01->C04 C02->C05 W->Y X->Y C01-C02 C02-C04 C02-X,0.0013036250000482141,0.0,0.0013036250000482141,,6,29,12,0,0.7030797101449273,3.197463768115942,6,2
c06_s03_cov100_seed00000097_bw025,c06_s03_cov100_seed00000097,flip,fast_gate,6,3,measured,1.0,0.25,,97,X,Y,5,2,5,5,0.625,2,"C00,W",0.0,0,0,2,0,3,True,2,ok,local_up_fast,mpdag_criterion,True,"Conjecture 2 (hence Anti-Exchange Case B, verified not proved)",C00->C04 C00->Y C01->C00 W->Y X->C05 X->Y C01-C02 C02-X,0.0003593750000163709,0.0,0.0003593750000163709,,2,9,4,0,0.40842105263157896,1.5421052631578949,5,2
c06_s03_cov100_seed00000100_bw025,c06_s03_cov100_seed00000100,flip,fast_gate,6,3,measured,1.0,0.25,,100,X,Y,6,4,6,6,0.6666666666666666,2,"C00,W",0.16666666666666666,1,0,1,0,3,True,1,ok,local_up_fast,mpdag_criterion,True,"Conjecture 2 (hence Anti-Exchange Case B, verified not proved)",C00->Y C01->C00 C02->C01 C04->C05 W->Y X->C04 X->C05 X->Y C02-X,0.0002515830000220376,0.0,0.0002515830000220376,,1,6,3,0,0.2726149443099067,1.5323054907803026,6,2
c06_s03_cov100_seed00000101_bw025,c06_s03_cov100_seed00000101,flip,fast_gate,6,3,measured,1.0,0.25,,101,X,Y,5,2,5,5,0.625,2,"C00,W",0.0,0,0,2,0,3,True,2,ok,local_up_fast,mpdag_criterion,True,"Conjecture 2 (hence Anti-Exchange Case B, verified not proved)",C00->Y C01->C00 C01->C04 C04->C05 W->Y X->Y C01-C02 C02-X,0.0006042919999913465,0.0,0.0006042919999913465,,3,13,8,0,0.6566037735849055,1.509433962264151,5,3
c06_s03_cov100_seed00000107_bw025,c06_s03_cov100_seed00000107,flip,fast_gate,6,3,measured,1.0,0.25,,107,X,Y,5,2,5,5,0.625,2,"C00,W",0.0,0,0,,1,3,True,4,ok,e1_ladder,mpdag_criterion,True,"Conjecture 2 (hence Anti-Exchange Case B, verified not proved)","(('C00', 'Y'), ('W', 'Y'), ('X', 'C05'), ('X', 'Y'))",0.00042370900001742484,0.013252541999975165,0.01367625099999259,,4,12,4,0,0.7,3.0,5,0
c06_s03_cov100_seed00000112_bw025,c06_s03_cov100_seed00000112,flip,fast_gate,6,3,measured,1.0,0.25,,112,X,Y,5,2,5,5,0.625,2,"C00,W",0.0,0,0,2,0,3,True,2,ok,local_up_fast,mpdag_criterion,True,"Conjecture 2 (hence Anti-Exchange Case B, verified not proved)",C00->C04 C00->C05 C00->Y C01->C00 W->Y X->Y C01-C02 C02-X,0.0003289169999902697,0.0,0.0003289169999902697,,2,9,4,0,0.7989864864864864,1.7128378378378377,5,3
c06_s03_cov100_seed00000116_bw025,c06_s03_cov100_seed00000116,flip,fast_gate,6,3,measured,1.0,0.25,,116,X,Y,5,2,5,5,0.625,2,"C00,W",0.0,0,0,,1,3,True,4,ok,e1_ladder,mpdag_criterion,True,"Conjecture 2 (hence Anti-Exchange Case B, verified not proved)","(('C00', 'C04'), ('C00', 'Y'), ('W', 'Y'), ('X', 'Y'))",0.0005392500000311884,0.013204041999983929,0.013743292000015117,,6,15,6,0,0.7,3.0,5,1
c06_s03_cov100_seed00000122_bw025,c06_s03_cov100_seed00000122,flip,fast_gate,6,3,measured,1.0,0.25,,122,X,Y,6,4,6,6,0.6666666666666666,2,"C00,W",0.0,0,0,3,0,3,True,3,ok,local_up_fast,mpdag_criterion,True,"Conjecture 2 (hence Anti-Exchange Case B, verified not proved)",C00->Y C01->C00 C02->C04 C04->C05 W->Y X->Y C01-C02 C02-X C04-X,0.002019625000002634,0.0,0.002019625000002634,,5,25,9,0,0.4369426751592357,2.3694267515923566,6,2
c06_s03_cov100_seed00000140_bw025,c06_s03_cov100_seed00000140,flip,fast_gate,6,3,measured,1.0,0.25,,140,X,Y,5,2,5,5,0.625,2,"C00,W",0.0,0,0,2,0,3,True,2,ok,local_up_fast,mpdag_criterion,True,"Conjecture 2 (hence Anti-Exchange Case B, verified not proved)",C00->Y C01->C00 C02->C04 W->Y X->C05 X->Y C01-C02 C02-X,0.000324458000022787,0.0,0.000324458000022787,,2,9,4,0,0.40135746606334843,1.506787330316742,5,2
c06_s03_cov100_seed00000146_bw025,c06_s03_cov100_seed00000146,flip,fast_gate,6,3,measured,1.0,0.25,,146,X,Y,5,2,5,5,0.625,2,"C00,W",0.0,0,0,2,0,3,True,2,ok,local_up_fast,mpdag_criterion,True,"Conjecture 2 (hence Anti-Exchange Case B, verified not proved)",C00->Y C01->C00 C04->C05 W->Y X->C04 X->Y C01-C02 C02-X,0.00037008300000707095,0.0,0.00037008300000707095,,2,9,4,0,0.3,1.0,5,1
c06_s03_cov100_seed00000147_bw025,c06_s03_cov100_seed00000147,flip,fast_gate,6,3,measured,1.0,0.25,,147,X,Y,5,2,5,5,0.625,2,"C00,W",0.0,0,0,2,0,3,True,2,ok,local_up_fast,mpdag_criterion,True,"Conjecture 2 (hence Anti-Exchange Case B, verified not proved)",C00->C04 C00->Y C01->C00 C04->C05 W->Y X->Y C01-C02 C02-X,0.0003648329999919042,0.0,0.0003648329999919042,,2,9,4,0,0.8975124378109453,2.487562189054726,5,2
c06_s03_cov100_seed00000154_bw025,c06_s03_cov100_seed00000154,flip,fast_gate,6,3,measured,1.0,0.25,,154,X,Y,6,4,6,6,0.6666666666666666,2,"C00,W",0.0,0,0,3,0,3,True,3,ok,local_up_fast,mpdag_criterion,True,"Conjecture 2 (hence Anti-Exchange Case B, verified not proved)",C00->Y C01->C00 C02->C05 W->Y X->C05 X->Y C01-C02 C01-C04 C02-X,0.00103970900005379,0.0,0.00103970900005379,,5,24,9,0,0.5509820823840896,3.060279539437227,6,1
c06_s03_cov100_seed00000155_bw025,c06_s03_cov100_seed00000155,flip,fast_gate,6,3,measured,1.0,0.25,,155,X,Y,5,2,5,5,0.625,2,"C00,W",0.0,0,0,2,0,3,True,2,ok,local_up_fast,mpdag_criterion,True,"Conjecture 2 (hence Anti-Exchange Case B, verified not proved)",C00->C04 C00->Y C01->C00 C01->C05 W->Y X->Y C01-C02 C02-X,0.000959707999982129,0.0,0.000959707999982129,,3,13,7,0,0.6559322033898306,1.5084745762711864,5,3
c06_s03_cov100_seed00000163_bw025,c06_s03_cov100_seed00000163,flip,fast_gate,6,3,measured,1.0,0.25,,163,X,Y,6,4,6,6,0.6666666666666666,2,"C00,W",0.16666666666666666,1,0,1,0,3,True,1,ok,local_up_fast,mpdag_criterion,True,"Conjecture 2 (hence Anti-Exchange Case B, verified not proved)",C00->Y C01->C00 C01->C04 C01->C05 C02->C01 C02->C04 W->Y X->Y C02-X,0.0002234170000292579,0.0,0.0002234170000292579,,1,6,2,0,0.9030780721754855,2.5153903608774275,6,3
c06_s03_cov100_seed00000169_bw025,c06_s03_cov100_seed00000169,flip,fast_gate,6,3,measured,1.0,0.25,,169,X,Y,5,2,5,5,0.625,2,"C00,W",0.0,0,0,2,0,3,True,2,ok,local_up_fast,mpdag_criterion,True,"Conjecture 2 (hence Anti-Exchange Case B, verified not proved)",C00->Y C01->C00 C02->C05 W->Y X->C04 X->Y C01-C02 C02-X,0.0003133750000188229,0.0,0.0003133750000188229,,2,9,4,0,0.3963730569948186,1.4818652849740932,5,2
c06_s03_cov100_seed00000179_bw025,c06_s03_cov100_seed00000179,flip,fast_gate,6,3,measured,1.0,0.25,,179,X,Y,5,2,5,5,0.625,2,"C00,W",0.0,0,0,2,0,3,True,2,ok,local_up_fast,mpdag_criterion,True,"Conjecture 2 (hence Anti-Exchange Case B, verified not proved)",C00->Y C01->C00 C04->C05 W->Y X->C04 X->Y C01-C02 C02-X,0.0003249579999646812,0.0,0.0003249579999646812,,2,9,4,0,0.3,1.0,5,1
c06_s03_cov100_seed00000181_bw025,c06_s03_cov100_seed00000181,flip,fast_gate,6,3,measured,1.0,0.25,,181,X,Y,5,2,5,5,0.625,2,"C00,W",0.0,0,0,2,0,3,True,2,ok,local_up_fast,mpdag_criterion,True,"Conjecture 2 (hence Anti-Exchange Case B, verified not proved)",C00->Y C01->C00 C02->C04 W->Y X->C05 X->Y C01-C02 C02-X,0.0003278749999822139,0.0,0.0003278749999822139,,2,9,4,0,0.40471204188481674,1.5235602094240837,5,2
c06_s05_cov050_seed00000000_bw000,c06_s05_cov050_seed00000000,flip,fast_gate,6,5,measured,0.5,0.0,,0,X,Y,2,3,2,2,0.625,2,"C00,W",0.0,0,0,2,0,2,True,2,ok,local_up_fast,mpdag_criterion,True,"Conjecture 2 (hence Anti-Exchange Case B, verified not proved)",C00->Y W->Y X->Y C00-C01 C01-C02 C02-C03 C03-C04 C04-X,0.000342666999983976,0.0,0.000342666999983976,,2,3,3,0,0.7,1.0,2,0
c06_s05_cov050_seed00000001_bw000,c06_s05_cov050_seed00000001,flip,fast_gate,6,5,measured,0.5,0.0,,1,X,Y,2,3,2,2,0.625,2,"C00,W",0.0,0,0,2,0,2,True,2,ok,local_up_fast,mpdag_criterion,True,"Conjecture 2 (hence Anti-Exchange Case B, verified not proved)",C00->Y W->Y X->Y C00-C01 C01-C02 C02-C03 C03-C04 C04-X,0.00025304199999709454,0.0,0.00025304199999709454,,2,3,3,0,0.7,1.0,2,0
c06_s05_cov050_seed00000002_bw000,c06_s05_cov050_seed00000002,flip,fast_gate,6,5,measured,0.5,0.0,,2,X,Y,2,3,2,2,0.625,2,"C00,W",0.0,0,0,2,0,2,True,2,ok,local_up_fast,mpdag_criterion,True,"Conjecture 2 (hence Anti-Exchange Case B, verified not proved)",C00->Y W->Y X->Y C00-C01 C01-C02 C02-C03 C03-C04 C04-X,0.0002547500000105174,0.0,0.0002547500000105174,,2,3,3,0,0.7,1.0,2,0
c06_s05_cov050_seed00000003_bw000,c06_s05_cov050_seed00000003,flip,fast_gate,6,5,measured,0.5,0.0,,3,X,Y,2,3,2,2,0.625,2,"C00,W",0.0,0,0,2,0,2,True,2,ok,local_up_fast,mpdag_criterion,True,"Conjecture 2 (hence Anti-Exchange Case B, verified not proved)",C00->Y W->Y X->Y C00-C01 C01-C02 C02-C03 C03-C04 C04-X,0.0002637919999983751,0.0,0.0002637919999983751,,2,3,3,0,0.7,1.0,2,0
c06_s05_cov050_seed00000004_bw000,c06_s05_cov050_seed00000004,flip,fast_gate,6,5,measured,0.5,0.0,,4,X,Y,2,3,2,2,0.625,2,"C00,W",0.0,0,0,2,0,2,True,2,ok,local_up_fast,mpdag_criterion,True,"Conjecture 2 (hence Anti-Exchange Case B, verified not proved)",C00->Y W->Y X->Y C00-C01 C01-C02 C02-C03 C03-C04 C04-X,0.0002616249999505271,0.0,0.0002616249999505271,,2,3,3,0,0.7,1.0,2,0
c06_s05_cov050_seed00000005_bw000,c06_s05_cov050_seed00000005,flip,fast_gate,6,5,measured,0.5,0.0,,5,X,Y,2,3,2,2,0.625,2,"C00,W",0.0,0,0,2,0,2,True,2,ok,local_up_fast,mpdag_criterion,True,"Conjecture 2 (hence Anti-Exchange Case B, verified not proved)",C00->Y W->Y X->Y C00-C01 C01-C02 C02-C03 C03-C04 C04-X,0.00024987500000861473,0.0,0.00024987500000861473,,2,3,3,0,0.7,1.0,2,0
c06_s05_cov050_seed00000006_bw000,c06_s05_cov050_seed00000006,flip,fast_gate,6,5,measured,0.5,0.0,,6,X,Y,2,3,2,2,0.625,2,"C00,W",0.0,0,0,2,0,2,True,2,ok,local_up_fast,mpdag_criterion,True,"Conjecture 2 (hence Anti-Exchange Case B, verified not proved)",C00->Y W->Y X->Y C00-C01 C01-C02 C02-C03 C03-C04 C04-X,0.0004736660000048687,0.0,0.0004736660000048687,,2,3,3,0,0.7,1.0,2,0
c06_s05_cov050_seed00000007_bw000,c06_s05_cov050_seed00000007,flip,fast_gate,6,5,measured,0.5,0.0,,7,X,Y,2,3,2,2,0.625,2,"C00,W",0.0,0,0,2,0,2,True,2,ok,local_up_fast,mpdag_criterion,True,"Conjecture 2 (hence Anti-Exchange Case B, verified not proved)",C00->Y W->Y X->Y C00-C01 C01-C02 C02-C03 C03-C04 C04-X,0.00025445799997214635,0.0,0.00025445799997214635,,2,3,3,0,0.7,1.0,2,0
c06_s05_cov050_seed00000008_bw000,c06_s05_cov050_seed00000008,flip,fast_gate,6,5,measured,0.5,0.0,,8,X,Y,2,3,2,2,0.625,2,"C00,W",0.0,0,0,2,0,2,True,2,ok,local_up_fast,mpdag_criterion,True,"Conjecture 2 (hence Anti-Exchange Case B, verified not proved)",C00->Y W->Y X->Y C00-C01 C01-C02 C02-C03 C03-C04 C04-X,0.0002635410000380034,0.0,0.0002635410000380034,,2,3,3,0,0.7,1.0,2,0
c06_s05_cov050_seed00000009_bw000,c06_s05_cov050_seed00000009,flip,fast_gate,6,5,measured,0.5,0.0,,9,X,Y,2,3,2,2,0.625,2,"C00,W",0.0,0,0,2,0,2,True,2,ok,local_up_fast,mpdag_criterion,True,"Conjecture 2 (hence Anti-Exchange Case B, verified not proved)",C00->Y W->Y X->Y C00-C01 C01-C02 C02-C03 C03-C04 C04-X,0.00026345800000626696,0.0,0.00026345800000626696,,2,3,3,0,0.7,1.0,2,0
c06_s05_cov050_seed00000010_bw000,c06_s05_cov050_seed00000010,flip,fast_gate,6,5,measured,0.5,0.0,,10,X,Y,2,3,2,2,0.625,2,"C00,W",0.0,0,0,2,0,2,True,2,ok,local_up_fast,mpdag_criterion,True,"Conjecture 2 (hence Anti-Exchange Case B, verified not proved)",C00->Y W->Y X->Y C00-C01 C01-C02 C02-C03 C03-C04 C04-X,0.00025712499996188853,0.0,0.00025712499996188853,,2,3,3,0,0.7,1.0,2,0
c06_s05_cov050_seed00000011_bw000,c06_s05_cov050_seed00000011,flip,fast_gate,6,5,measured,0.5,0.0,,11,X,Y,2,3,2,2,0.625,2,"C00,W",0.0,0,0,2,0,2,True,2,ok,local_up_fast,mpdag_criterion,True,"Conjecture 2 (hence Anti-Exchange Case B, verified not proved)",C00->Y W->Y X->Y C00-C01 C01-C02 C02-C03 C03-C04 C04-X,0.00045825000000832006,0.0,0.00045825000000832006,,2,3,3,0,0.7,1.0,2,0
c06_s05_cov050_seed00000012_bw000,c06_s05_cov050_seed00000012,flip,fast_gate,6,5,measured,0.5,0.0,,12,X,Y,2,3,2,2,0.625,2,"C00,W",0.0,0,0,2,0,2,True,2,ok,local_up_fast,mpdag_criterion,True,"Conjecture 2 (hence Anti-Exchange Case B, verified not proved)",C00->Y W->Y X->Y C00-C01 C01-C02 C02-C03 C03-C04 C04-X,0.00046224999999822103,0.0,0.00046224999999822103,,2,3,3,0,0.7,1.0,2,0
c06_s05_cov050_seed00000013_bw000,c06_s05_cov050_seed00000013,flip,fast_gate,6,5,measured,0.5,0.0,,13,X,Y,2,3,2,2,0.625,2,"C00,W",0.0,0,0,2,0,2,True,2,ok,local_up_fast,mpdag_criterion,True,"Conjecture 2 (hence Anti-Exchange Case B, verified not proved)",C00->Y W->Y X->Y C00-C01 C01-C02 C02-C03 C03-C04 C04-X,0.0002561669999749938,0.0,0.0002561669999749938,,2,3,3,0,0.7,1.0,2,0
c06_s05_cov050_seed00000014_bw000,c06_s05_cov050_seed00000014,flip,fast_gate,6,5,measured,0.5,0.0,,14,X,Y,2,3,2,2,0.625,2,"C00,W",0.0,0,0,2,0,2,True,2,ok,local_up_fast,mpdag_criterion,True,"Conjecture 2 (hence Anti-Exchange Case B, verified not proved)",C00->Y W->Y X->Y C00-C01 C01-C02 C02-C03 C03-C04 C04-X,0.0006449589999988348,0.0,0.0006449589999988348,,2,3,3,0,0.7,1.0,2,0
c06_s05_cov050_seed00000015_bw000,c06_s05_cov050_seed00000015,flip,fast_gate,6,5,measured,0.5,0.0,,15,X,Y,2,3,2,2,0.625,2,"C00,W",0.0,0,0,2,0,2,True,2,ok,local_up_fast,mpdag_criterion,True,"Conjecture 2 (hence Anti-Exchange Case B, verified not proved)",C00->Y W->Y X->Y C00-C01 C01-C02 C02-C03 C03-C04 C04-X,0.0002482499999700849,0.0,0.0002482499999700849,,2,3,3,0,0.7,1.0,2,0
c06_s05_cov050_seed00000016_bw000,c06_s05_cov050_seed00000016,flip,fast_gate,6,5,measured,0.5,0.0,,16,X,Y,2,3,2,2,0.625,2,"C00,W",0.0,0,0,2,0,2,True,2,ok,local_up_fast,mpdag_criterion,True,"Conjecture 2 (hence Anti-Exchange Case B, verified not proved)",C00->Y W->Y X->Y C00-C01 C01-C02 C02-C03 C03-C04 C04-X,0.0002535830000169881,0.0,0.0002535830000169881,,2,3,3,0,0.7,1.0,2,0
c06_s05_cov050_seed00000017_bw000,c06_s05_cov050_seed00000017,flip,fast_gate,6,5,measured,0.5,0.0,,17,X,Y,2,3,2,2,0.625,2,"C00,W",0.0,0,0,2,0,2,True,2,ok,local_up_fast,mpdag_criterion,True,"Conjecture 2 (hence Anti-Exchange Case B, verified not proved)",C00->Y W->Y X->Y C00-C01 C01-C02 C02-C03 C03-C04 C04-X,0.0004943750000165892,0.0,0.0004943750000165892,,2,3,3,0,0.7,1.0,2,0
c06_s05_cov050_seed00000018_bw000,c06_s05_cov050_seed00000018,flip,fast_gate,6,5,measured,0.5,0.0,,18,X,Y,2,3,2,2,0.625,2,"C00,W",0.0,0,0,2,0,2,True,2,ok,local_up_fast,mpdag_criterion,True,"Conjecture 2 (hence Anti-Exchange Case B, verified not proved)",C00->Y W->Y X->Y C00-C01 C01-C02 C02-C03 C03-C04 C04-X,0.0002635000000168475,0.0,0.0002635000000168475,,2,3,3,0,0.7,1.0,2,0
c06_s05_cov050_seed00000019_bw000,c06_s05_cov050_seed00000019,flip,fast_gate,6,5,measured,0.5,0.0,,19,X,Y,2,3,2,2,0.625,2,"C00,W",0.0,0,0,2,0,2,True,2,ok,local_up_fast,mpdag_criterion,True,"Conjecture 2 (hence Anti-Exchange Case B, verified not proved)",C00->Y W->Y X->Y C00-C01 C01-C02 C02-C03 C03-C04 C04-X,0.0002497500000231412,0.0,0.0002497500000231412,,2,3,3,0,0.7,1.0,2,0
c06_s05_cov050_seed00000020_bw000,c06_s05_cov050_seed00000020,flip,fast_gate,6,5,measured,0.5,0.0,,20,X,Y,2,3,2,2,0.625,2,"C00,W",0.0,0,0,2,0,2,True,2,ok,local_up_fast,mpdag_criterion,True,"Conjecture 2 (hence Anti-Exchange Case B, verified not proved)",C00->Y W->Y X->Y C00-C01 C01-C02 C02-C03 C03-C04 C04-X,0.0002648750000275868,0.0,0.0002648750000275868,,2,3,3,0,0.7,1.0,2,0
c06_s05_cov050_seed00000021_bw000,c06_s05_cov050_seed00000021,flip,fast_gate,6,5,measured,0.5,0.0,,21,X,Y,2,3,2,2,0.625,2,"C00,W",0.0,0,0,2,0,2,True,2,ok,local_up_fast,mpdag_criterion,True,"Conjecture 2 (hence Anti-Exchange Case B, verified not proved)",C00->Y W->Y X->Y C00-C01 C01-C02 C02-C03 C03-C04 C04-X,0.0004655420000290178,0.0,0.0004655420000290178,,2,3,3,0,0.7,1.0,2,0
c06_s05_cov050_seed00000022_bw000,c06_s05_cov050_seed00000022,flip,fast_gate,6,5,measured,0.5,0.0,,22,X,Y,2,3,2,2,0.625,2,"C00,W",0.0,0,0,2,0,2,True,2,ok,local_up_fast,mpdag_criterion,True,"Conjecture 2 (hence Anti-Exchange Case B, verified not proved)",C00->Y W->Y X->Y C00-C01 C01-C02 C02-C03 C03-C04 C04-X,0.0002559160000146221,0.0,0.0002559160000146221,,2,3,3,0,0.7,1.0,2,0
c06_s05_cov050_seed00000023_bw000,c06_s05_cov050_seed00000023,flip,fast_gate,6,5,measured,0.5,0.0,,23,X,Y,2,3,2,2,0.625,2,"C00,W",0.0,0,0,2,0,2,True,2,ok,local_up_fast,mpdag_criterion,True,"Conjecture 2 (hence Anti-Exchange Case B, verified not proved)",C00->Y W->Y X->Y C00-C01 C01-C02 C02-C03 C03-C04 C04-X,0.0004712499999754982,0.0,0.0004712499999754982,,2,3,3,0,0.7,1.0,2,0
c06_s05_cov050_seed00000024_bw000,c06_s05_cov050_seed00000024,flip,fast_gate,6,5,measured,0.5,0.0,,24,X,Y,2,3,2,2,0.625,2,"C00,W",0.0,0,0,2,0,2,True,2,ok,local_up_fast,mpdag_criterion,True,"Conjecture 2 (hence Anti-Exchange Case B, verified not proved)",C00->Y W->Y X->Y C00-C01 C01-C02 C02-C03 C03-C04 C04-X,0.000445708000029299,0.0,0.000445708000029299,,2,3,3,0,0.7,1.0,2,0
c06_s05_cov050_seed00000025_bw000,c06_s05_cov050_seed00000025,flip,fast_gate,6,5,measured,0.5,0.0,,25,X,Y,2,3,2,2,0.625,2,"C00,W",0.0,0,0,2,0,2,True,2,ok,local_up_fast,mpdag_criterion,True,"Conjecture 2 (hence Anti-Exchange Case B, verified not proved)",C00->Y W->Y X->Y C00-C01 C01-C02 C02-C03 C03-C04 C04-X,0.00025920899997800007,0.0,0.00025920899997800007,,2,3,3,0,0.7,1.0,2,0
c06_s05_cov050_seed00000026_bw000,c06_s05_cov050_seed00000026,flip,fast_gate,6,5,measured,0.5,0.0,,26,X,Y,2,3,2,2,0.625,2,"C00,W",0.0,0,0,2,0,2,True,2,ok,local_up_fast,mpdag_criterion,True,"Conjecture 2 (hence Anti-Exchange Case B, verified not proved)",C00->Y W->Y X->Y C00-C01 C01-C02 C02-C03 C03-C04 C04-X,0.00026024999999663123,0.0,0.00026024999999663123,,2,3,3,0,0.7,1.0,2,0
c06_s05_cov050_seed00000027_bw000,c06_s05_cov050_seed00000027,flip,fast_gate,6,5,measured,0.5,0.0,,27,X,Y,2,3,2,2,0.625,2,"C00,W",0.0,0,0,2,0,2,True,2,ok,local_up_fast,mpdag_criterion,True,"Conjecture 2 (hence Anti-Exchange Case B, verified not proved)",C00->Y W->Y X->Y C00-C01 C01-C02 C02-C03 C03-C04 C04-X,0.00025279100003672283,0.0,0.00025279100003672283,,2,3,3,0,0.7,1.0,2,0
c06_s05_cov050_seed00000028_bw000,c06_s05_cov050_seed00000028,flip,fast_gate,6,5,measured,0.5,0.0,,28,X,Y,2,3,2,2,0.625,2,"C00,W",0.0,0,0,2,0,2,True,2,ok,local_up_fast,mpdag_criterion,True,"Conjecture 2 (hence Anti-Exchange Case B, verified not proved)",C00->Y W->Y X->Y C00-C01 C01-C02 C02-C03 C03-C04 C04-X,0.0002513329999942471,0.0,0.0002513329999942471,,2,3,3,0,0.7,1.0,2,0
c06_s05_cov050_seed00000029_bw000,c06_s05_cov050_seed00000029,flip,fast_gate,6,5,measured,0.5,0.0,,29,X,Y,2,3,2,2,0.625,2,"C00,W",0.0,0,0,2,0,2,True,2,ok,local_up_fast,mpdag_criterion,True,"Conjecture 2 (hence Anti-Exchange Case B, verified not proved)",C00->Y W->Y X->Y C00-C01 C01-C02 C02-C03 C03-C04 C04-X,0.0002519169999573023,0.0,0.0002519169999573023,,2,3,3,0,0.7,1.0,2,0
c06_s05_cov050_seed00000030_bw000,c06_s05_cov050_seed00000030,flip,fast_gate,6,5,measured,0.5,0.0,,30,X,Y,2,3,2,2,0.625,2,"C00,W",0.0,0,0,2,0,2,True,2,ok,local_up_fast,mpdag_criterion,True,"Conjecture 2 (hence Anti-Exchange Case B, verified not proved)",C00->Y W->Y X->Y C00-C01 C01-C02 C02-C03 C03-C04 C04-X,0.00025345900002093913,0.0,0.00025345900002093913,,2,3,3,0,0.7,1.0,2,0
c06_s05_cov050_seed00000031_bw000,c06_s05_cov050_seed00000031,flip,fast_gate,6,5,measured,0.5,0.0,,31,X,Y,2,3,2,2,0.625,2,"C00,W",0.0,0,0,2,0,2,True,2,ok,local_up_fast,mpdag_criterion,True,"Conjecture 2 (hence Anti-Exchange Case B, verified not proved)",C00->Y W->Y X->Y C00-C01 C01-C02 C02-C03 C03-C04 C04-X,0.00045370800000910094,0.0,0.00045370800000910094,,2,3,3,0,0.7,1.0,2,0
c06_s05_cov050_seed00000032_bw000,c06_s05_cov050_seed00000032,flip,fast_gate,6,5,measured,0.5,0.0,,32,X,Y,2,3,2,2,0.625,2,"C00,W",0.0,0,0,2,0,2,True,2,ok,local_up_fast,mpdag_criterion,True,"Conjecture 2 (hence Anti-Exchange Case B, verified not proved)",C00->Y W->Y X->Y C00-C01 C01-C02 C02-C03 C03-C04 C04-X,0.0002540840000051503,0.0,0.0002540840000051503,,2,3,3,0,0.7,1.0,2,0
c06_s05_cov050_seed00000033_bw000,c06_s05_cov050_seed00000033,flip,fast_gate,6,5,measured,0.5,0.0,,33,X,Y,2,3,2,2,0.625,2,"C00,W",0.0,0,0,2,0,2,True,2,ok,local_up_fast,mpdag_criterion,True,"Conjecture 2 (hence Anti-Exchange Case B, verified not proved)",C00->Y W->Y X->Y C00-C01 C01-C02 C02-C03 C03-C04 C04-X,0.0002576250000174696,0.0,0.0002576250000174696,,2,3,3,0,0.7,1.0,2,0
c06_s05_cov050_seed00000034_bw000,c06_s05_cov050_seed00000034,flip,fast_gate,6,5,measured,0.5,0.0,,34,X,Y,2,3,2,2,0.625,2,"C00,W",0.0,0,0,2,0,2,True,2,ok,local_up_fast,mpdag_criterion,True,"Conjecture 2 (hence Anti-Exchange Case B, verified not proved)",C00->Y W->Y X->Y C00-C01 C01-C02 C02-C03 C03-C04 C04-X,0.0006347089999962918,0.0,0.0006347089999962918,,2,3,3,0,0.7,1.0,2,0
c06_s05_cov050_seed00000035_bw000,c06_s05_cov050_seed00000035,flip,fast_gate,6,5,measured,0.5,0.0,,35,X,Y,2,3,2,2,0.625,2,"C00,W",0.0,0,0,2,0,2,True,2,ok,local_up_fast,mpdag_criterion,True,"Conjecture 2 (hence Anti-Exchange Case B, verified not proved)",C00->Y W->Y X->Y C00-C01 C01-C02 C02-C03 C03-C04 C04-X,0.00026183300002458054,0.0,0.00026183300002458054,,2,3,3,0,0.7,1.0,2,0
c06_s05_cov050_seed00000036_bw000,c06_s05_cov050_seed00000036,flip,fast_gate,6,5,measured,0.5,0.0,,36,X,Y,2,3,2,2,0.625,2,"C00,W",0.0,0,0,2,0,2,True,2,ok,local_up_fast,mpdag_criterion,True,"Conjecture 2 (hence Anti-Exchange Case B, verified not proved)",C00->Y W->Y X->Y C00-C01 C01-C02 C02-C03 C03-C04 C04-X,0.0002565830000094138,0.0,0.0002565830000094138,,2,3,3,0,0.7,1.0,2,0
c06_s05_cov050_seed00000037_bw000,c06_s05_cov050_seed00000037,flip,fast_gate,6,5,measured,0.5,0.0,,37,X,Y,2,3,2,2,0.625,2,"C00,W",0.0,0,0,2,0,2,True,2,ok,local_up_fast,mpdag_criterion,True,"Conjecture 2 (hence Anti-Exchange Case B, verified not proved)",C00->Y W->Y X->Y C00-C01 C01-C02 C02-C03 C03-C04 C04-X,0.00025962500001242006,0.0,0.00025962500001242006,,2,3,3,0,0.7,1.0,2,0
c06_s05_cov050_seed00000038_bw000,c06_s05_cov050_seed00000038,flip,fast_gate,6,5,measured,0.5,0.0,,38,X,Y,2,3,2,2,0.625,2,"C00,W",0.0,0,0,2,0,2,True,2,ok,local_up_fast,mpdag_criterion,True,"Conjecture 2 (hence Anti-Exchange Case B, verified not proved)",C00->Y W->Y X->Y C00-C01 C01-C02 C02-C03 C03-C04 C04-X,0.0002615420000324775,0.0,0.0002615420000324775,,2,3,3,0,0.7,1.0,2,0
c06_s05_cov050_seed00000039_bw000,c06_s05_cov050_seed00000039,flip,fast_gate,6,5,measured,0.5,0.0,,39,X,Y,2,3,2,2,0.625,2,"C00,W",0.0,0,0,2,0,2,True,2,ok,local_up_fast,mpdag_criterion,True,"Conjecture 2 (hence Anti-Exchange Case B, verified not proved)",C00->Y W->Y X->Y C00-C01 C01-C02 C02-C03 C03-C04 C04-X,0.000445291999994879,0.0,0.000445291999994879,,2,3,3,0,0.7,1.0,2,0
c06_s05_cov050_seed00000000_bw010,c06_s05_cov050_seed00000000,flip,fast_gate,6,5,measured,0.5,0.1,,0,X,Y,2,3,2,2,0.625,2,"C00,W",0.0,0,0,2,0,2,True,2,ok,local_up_fast,mpdag_criterion,True,"Conjecture 2 (hence Anti-Exchange Case B, verified not proved)",C00->Y W->Y X->Y C00-C01 C01-C02 C02-C03 C03-C04 C04-X,0.0005432909999854019,0.0,0.0005432909999854019,,2,3,3,0,0.7,1.0,2,0
c06_s05_cov050_seed00000001_bw010,c06_s05_cov050_seed00000001,flip,fast_gate,6,5,measured,0.5,0.1,,1,X,Y,2,3,2,2,0.625,2,"C00,W",0.0,0,0,2,0,2,True,2,ok,local_up_fast,mpdag_criterion,True,"Conjecture 2 (hence Anti-Exchange Case B, verified not proved)",C00->Y W->Y X->Y C00-C01 C01-C02 C02-C03 C03-C04 C04-X,0.0002597079999873131,0.0,0.0002597079999873131,,2,3,3,0,0.7,1.0,2,0
c06_s05_cov050_seed00000002_bw010,c06_s05_cov050_seed00000002,flip,fast_gate,6,5,measured,0.5,0.1,,2,X,Y,2,3,2,2,0.625,2,"C00,W",0.0,0,0,2,0,2,True,2,ok,local_up_fast,mpdag_criterion,True,"Conjecture 2 (hence Anti-Exchange Case B, verified not proved)",C00->Y W->Y X->Y C00-C01 C01-C02 C02-C03 C03-C04 C04-X,0.00026304099998242236,0.0,0.00026304099998242236,,2,3,3,0,0.7,1.0,2,0
c06_s05_cov050_seed00000003_bw010,c06_s05_cov050_seed00000003,flip,fast_gate,6,5,measured,0.5,0.1,,3,X,Y,2,3,2,2,0.625,2,"C00,W",0.0,0,0,2,0,2,True,2,ok,local_up_fast,mpdag_criterion,True,"Conjecture 2 (hence Anti-Exchange Case B, verified not proved)",C00->Y W->Y X->Y C00-C01 C01-C02 C02-C03 C03-C04 C04-X,0.0002548329999854104,0.0,0.0002548329999854104,,2,3,3,0,0.7,1.0,2,0
c06_s05_cov050_seed00000004_bw010,c06_s05_cov050_seed00000004,flip,fast_gate,6,5,measured,0.5,0.1,,4,X,Y,2,3,2,2,0.625,2,"C00,W",0.0,0,0,2,0,2,True,2,ok,local_up_fast,mpdag_criterion,True,"Conjecture 2 (hence Anti-Exchange Case B, verified not proved)",C00->Y W->Y X->Y C00-C01 C01-C02 C02-C03 C03-C04 C04-X,0.0005429580000395617,0.0,0.0005429580000395617,,2,3,3,0,0.7,1.0,2,0
c06_s05_cov050_seed00000005_bw010,c06_s05_cov050_seed00000005,flip,fast_gate,6,5,measured,0.5,0.1,,5,X,Y,2,3,2,2,0.625,2,"C00,W",0.0,0,0,2,0,2,True,2,ok,local_up_fast,mpdag_criterion,True,"Conjecture 2 (hence Anti-Exchange Case B, verified not proved)",C00->Y W->Y X->Y C00-C01 C01-C02 C02-C03 C03-C04 C04-X,0.0002516250000326181,0.0,0.0002516250000326181,,2,3,3,0,0.7,1.0,2,0
c06_s05_cov050_seed00000006_bw010,c06_s05_cov050_seed00000006,flip,fast_gate,6,5,measured,0.5,0.1,,6,X,Y,2,3,2,2,0.625,2,"C00,W",0.0,0,0,2,0,2,True,2,ok,local_up_fast,mpdag_criterion,True,"Conjecture 2 (hence Anti-Exchange Case B, verified not proved)",C00->Y W->Y X->Y C00-C01 C01-C02 C02-C03 C03-C04 C04-X,0.00043416599999090977,0.0,0.00043416599999090977,,2,3,3,0,0.7,1.0,2,0
c06_s05_cov050_seed00000007_bw010,c06_s05_cov050_seed00000007,flip,fast_gate,6,5,measured,0.5,0.1,,7,X,Y,2,3,2,2,0.625,2,"C00,W",0.0,0,0,2,0,2,True,2,ok,local_up_fast,mpdag_criterion,True,"Conjecture 2 (hence Anti-Exchange Case B, verified not proved)",C00->Y W->Y X->Y C00-C01 C01-C02 C02-C03 C03-C04 C04-X,0.00025258300001951284,0.0,0.00025258300001951284,,2,3,3,0,0.7,1.0,2,0
c06_s05_cov050_seed00000008_bw010,c06_s05_cov050_seed00000008,flip,fast_gate,6,5,measured,0.5,0.1,,8,X,Y,2,3,2,2,0.625,2,"C00,W",0.0,0,0,2,0,2,True,2,ok,local_up_fast,mpdag_criterion,True,"Conjecture 2 (hence Anti-Exchange Case B, verified not proved)",C00->Y W->Y X->Y C00-C01 C01-C02 C02-C03 C03-C04 C04-X,0.0002590409999925214,0.0,0.0002590409999925214,,2,3,3,0,0.7,1.0,2,0
c06_s05_cov050_seed00000009_bw010,c06_s05_cov050_seed00000009,flip,fast_gate,6,5,measured,0.5,0.1,,9,X,Y,2,3,2,2,0.625,2,"C00,W",0.0,0,0,2,0,2,True,2,ok,local_up_fast,mpdag_criterion,True,"Conjecture 2 (hence Anti-Exchange Case B, verified not proved)",C00->Y W->Y X->Y C00-C01 C01-C02 C02-C03 C03-C04 C04-X,0.0002475000000004002,0.0,0.0002475000000004002,,2,3,3,0,0.7,1.0,2,0
c06_s05_cov050_seed00000010_bw010,c06_s05_cov050_seed00000010,flip,fast_gate,6,5,measured,0.5,0.1,,10,X,Y,2,3,2,2,0.625,2,"C00,W",0.0,0,0,2,0,2,True,2,ok,local_up_fast,mpdag_criterion,True,"Conjecture 2 (hence Anti-Exchange Case B, verified not proved)",C00->Y W->Y X->Y C00-C01 C01-C02 C02-C03 C03-C04 C04-X,0.00025891699999647244,0.0,0.00025891699999647244,,2,3,3,0,0.7,1.0,2,0
c06_s05_cov050_seed00000011_bw010,c06_s05_cov050_seed00000011,flip,fast_gate,6,5,measured,0.5,0.1,,11,X,Y,2,3,2,2,0.625,2,"C00,W",0.0,0,0,2,0,2,True,2,ok,local_up_fast,mpdag_criterion,True,"Conjecture 2 (hence Anti-Exchange Case B, verified not proved)",C00->Y W->Y X->Y C00-C01 C01-C02 C02-C03 C03-C04 C04-X,0.0002622089999704258,0.0,0.0002622089999704258,,2,3,3,0,0.7,1.0,2,0
c06_s05_cov050_seed00000012_bw010,c06_s05_cov050_seed00000012,flip,fast_gate,6,5,measured,0.5,0.1,,12,X,Y,2,3,2,2,0.625,2,"C00,W",0.0,0,0,2,0,2,True,2,ok,local_up_fast,mpdag_criterion,True,"Conjecture 2 (hence Anti-Exchange Case B, verified not proved)",C00->Y W->Y X->Y C00-C01 C01-C02 C02-C03 C03-C04 C04-X,0.0002750830000195492,0.0,0.0002750830000195492,,2,3,3,0,0.7,1.0,2,0
c06_s05_cov050_seed00000013_bw010,c06_s05_cov050_seed00000013,flip,fast_gate,6,5,measured,0.5,0.1,,13,X,Y,2,3,2,2,0.625,2,"C00,W",0.0,0,0,2,0,2,True,2,ok,local_up_fast,mpdag_criterion,True,"Conjecture 2 (hence Anti-Exchange Case B, verified not proved)",C00->Y W->Y X->Y C00-C01 C01-C02 C02-C03 C03-C04 C04-X,0.00027875000000676664,0.0,0.00027875000000676664,,2,3,3,0,0.7,1.0,2,0
c06_s05_cov050_seed00000014_bw010,c06_s05_cov050_seed00000014,flip,fast_gate,6,5,measured,0.5,0.1,,14,X,Y,2,3,2,2,0.625,2,"C00,W",0.0,0,0,2,0,2,True,2,ok,local_up_fast,mpdag_criterion,True,"Conjecture 2 (hence Anti-Exchange Case B, verified not proved)",C00->Y W->Y X->Y C00-C01 C01-C02 C02-C03 C03-C04 C04-X,0.00025891699999647244,0.0,0.00025891699999647244,,2,3,3,0,0.7,1.0,2,0
c06_s05_cov050_seed00000015_bw010,c06_s05_cov050_seed00000015,flip,fast_gate,6,5,measured,0.5,0.1,,15,X,Y,2,3,2,2,0.625,2,"C00,W",0.0,0,0,2,0,2,True,2,ok,local_up_fast,mpdag_criterion,True,"Conjecture 2 (hence Anti-Exchange Case B, verified not proved)",C00->Y W->Y X->Y C00-C01 C01-C02 C02-C03 C03-C04 C04-X,0.0002522910000379852,0.0,0.0002522910000379852,,2,3,3,0,0.7,1.0,2,0
c06_s05_cov050_seed00000016_bw010,c06_s05_cov050_seed00000016,flip,fast_gate,6,5,measured,0.5,0.1,,16,X,Y,2,3,2,2,0.625,2,"C00,W",0.0,0,0,2,0,2,True,2,ok,local_up_fast,mpdag_criterion,True,"Conjecture 2 (hence Anti-Exchange Case B, verified not proved)",C00->Y W->Y X->Y C00-C01 C01-C02 C02-C03 C03-C04 C04-X,0.0002542500000117798,0.0,0.0002542500000117798,,2,3,3,0,0.7,1.0,2,0
c06_s05_cov050_seed00000017_bw010,c06_s05_cov050_seed00000017,flip,fast_gate,6,5,measured,0.5,0.1,,17,X,Y,2,3,2,2,0.625,2,"C00,W",0.0,0,0,2,0,2,True,2,ok,local_up_fast,mpdag_criterion,True,"Conjecture 2 (hence Anti-Exchange Case B, verified not proved)",C00->Y W->Y X->Y C00-C01 C01-C02 C02-C03 C03-C04 C04-X,0.00025537499999472857,0.0,0.00025537499999472857,,2,3,3,0,0.7,1.0,2,0
c06_s05_cov050_seed00000018_bw010,c06_s05_cov050_seed00000018,flip,fast_gate,6,5,measured,0.5,0.1,,18,X,Y,2,3,2,2,0.625,2,"C00,W",0.0,0,0,2,0,2,True,2,ok,local_up_fast,mpdag_criterion,True,"Conjecture 2 (hence Anti-Exchange Case B, verified not proved)",C00->Y W->Y X->Y C00-C01 C01-C02 C02-C03 C03-C04 C04-X,0.00046470800003817203,0.0,0.00046470800003817203,,2,3,3,0,0.7,1.0,2,0
c06_s05_cov050_seed00000019_bw010,c06_s05_cov050_seed00000019,flip,fast_gate,6,5,measured,0.5,0.1,,19,X,Y,2,3,2,2,0.625,2,"C00,W",0.0,0,0,2,0,2,True,2,ok,local_up_fast,mpdag_criterion,True,"Conjecture 2 (hence Anti-Exchange Case B, verified not proved)",C00->Y W->Y X->Y C00-C01 C01-C02 C02-C03 C03-C04 C04-X,0.0002534170000103586,0.0,0.0002534170000103586,,2,3,3,0,0.7,1.0,2,0
c06_s05_cov050_seed00000020_bw010,c06_s05_cov050_seed00000020,flip,fast_gate,6,5,measured,0.5,0.1,,20,X,Y,2,3,2,2,0.625,2,"C00,W",0.0,0,0,2,0,2,True,2,ok,local_up_fast,mpdag_criterion,True,"Conjecture 2 (hence Anti-Exchange Case B, verified not proved)",C00->Y W->Y X->Y C00-C01 C01-C02 C02-C03 C03-C04 C04-X,0.00025849999997262785,0.0,0.00025849999997262785,,2,3,3,0,0.7,1.0,2,0
c06_s05_cov050_seed00000021_bw010,c06_s05_cov050_seed00000021,flip,fast_gate,6,5,measured,0.5,0.1,,21,X,Y,2,3,2,2,0.625,2,"C00,W",0.0,0,0,2,0,2,True,2,ok,local_up_fast,mpdag_criterion,True,"Conjecture 2 (hence Anti-Exchange Case B, verified not proved)",C00->Y W->Y X->Y C00-C01 C01-C02 C02-C03 C03-C04 C04-X,0.000250541999946563,0.0,0.000250541999946563,,2,3,3,0,0.7,1.0,2,0
c06_s05_cov050_seed00000022_bw010,c06_s05_cov050_seed00000022,flip,fast_gate,6,5,measured,0.5,0.1,,22,X,Y,2,3,2,2,0.625,2,"C00,W",0.0,0,0,2,0,2,True,2,ok,local_up_fast,mpdag_criterion,True,"Conjecture 2 (hence Anti-Exchange Case B, verified not proved)",C00->Y W->Y X->Y C00-C01 C01-C02 C02-C03 C03-C04 C04-X,0.00026024999999663123,0.0,0.00026024999999663123,,2,3,3,0,0.7,1.0,2,0
c06_s05_cov050_seed00000023_bw010,c06_s05_cov050_seed00000023,flip,fast_gate,6,5,measured,0.5,0.1,,23,X,Y,2,3,2,2,0.625,2,"C00,W",0.0,0,0,2,0,2,True,2,ok,local_up_fast,mpdag_criterion,True,"Conjecture 2 (hence Anti-Exchange Case B, verified not proved)",C00->Y W->Y X->Y C00-C01 C01-C02 C02-C03 C03-C04 C04-X,0.0002764579999734451,0.0,0.0002764579999734451,,2,3,3,0,0.7,1.0,2,0
c06_s05_cov050_seed00000024_bw010,c06_s05_cov050_seed00000024,flip,fast_gate,6,5,measured,0.5,0.1,,24,X,Y,2,3,2,2,0.625,2,"C00,W",0.0,0,0,2,0,2,True,2,ok,local_up_fast,mpdag_criterion,True,"Conjecture 2 (hence Anti-Exchange Case B, verified not proved)",C00->Y W->Y X->Y C00-C01 C01-C02 C02-C03 C03-C04 C04-X,0.00025979100001904953,0.0,0.00025979100001904953,,2,3,3,0,0.7,1.0,2,0
c06_s05_cov050_seed00000025_bw010,c06_s05_cov050_seed00000025,flip,fast_gate,6,5,measured,0.5,0.1,,25,X,Y,2,3,2,2,0.625,2,"C00,W",0.0,0,0,2,0,2,True,2,ok,local_up_fast,mpdag_criterion,True,"Conjecture 2 (hence Anti-Exchange Case B, verified not proved)",C00->Y W->Y X->Y C00-C01 C01-C02 C02-C03 C03-C04 C04-X,0.00025666600004115026,0.0,0.00025666600004115026,,2,3,3,0,0.7,1.0,2,0
c06_s05_cov050_seed00000026_bw010,c06_s05_cov050_seed00000026,flip,fast_gate,6,5,measured,0.5,0.1,,26,X,Y,2,3,2,2,0.625,2,"C00,W",0.0,0,0,2,0,2,True,2,ok,local_up_fast,mpdag_criterion,True,"Conjecture 2 (hence Anti-Exchange Case B, verified not proved)",C00->Y W->Y X->Y C00-C01 C01-C02 C02-C03 C03-C04 C04-X,0.000261708000039107,0.0,0.000261708000039107,,2,3,3,0,0.7,1.0,2,0
c06_s05_cov050_seed00000027_bw010,c06_s05_cov050_seed00000027,flip,fast_gate,6,5,measured,0.5,0.1,,27,X,Y,2,3,2,2,0.625,2,"C00,W",0.0,0,0,2,0,2,True,2,ok,local_up_fast,mpdag_criterion,True,"Conjecture 2 (hence Anti-Exchange Case B, verified not proved)",C00->Y W->Y X->Y C00-C01 C01-C02 C02-C03 C03-C04 C04-X,0.00048691599999983737,0.0,0.00048691599999983737,,2,3,3,0,0.7,1.0,2,0
c06_s05_cov050_seed00000028_bw010,c06_s05_cov050_seed00000028,flip,fast_gate,6,5,measured,0.5,0.1,,28,X,Y,2,3,2,2,0.625,2,"C00,W",0.0,0,0,2,0,2,True,2,ok,local_up_fast,mpdag_criterion,True,"Conjecture 2 (hence Anti-Exchange Case B, verified not proved)",C00->Y W->Y X->Y C00-C01 C01-C02 C02-C03 C03-C04 C04-X,0.0002542500000117798,0.0,0.0002542500000117798,,2,3,3,0,0.7,1.0,2,0
c06_s05_cov050_seed00000029_bw010,c06_s05_cov050_seed00000029,flip,fast_gate,6,5,measured,0.5,0.1,,29,X,Y,2,3,2,2,0.625,2,"C00,W",0.0,0,0,2,0,2,True,2,ok,local_up_fast,mpdag_criterion,True,"Conjecture 2 (hence Anti-Exchange Case B, verified not proved)",C00->Y W->Y X->Y C00-C01 C01-C02 C02-C03 C03-C04 C04-X,0.00045620800000278905,0.0,0.00045620800000278905,,2,3,3,0,0.7,1.0,2,0
c06_s05_cov050_seed00000030_bw010,c06_s05_cov050_seed00000030,flip,fast_gate,6,5,measured,0.5,0.1,,30,X,Y,2,3,2,2,0.625,2,"C00,W",0.0,0,0,2,0,2,True,2,ok,local_up_fast,mpdag_criterion,True,"Conjecture 2 (hence Anti-Exchange Case B, verified not proved)",C00->Y W->Y X->Y C00-C01 C01-C02 C02-C03 C03-C04 C04-X,0.0002584160000083102,0.0,0.0002584160000083102,,2,3,3,0,0.7,1.0,2,0
c06_s05_cov050_seed00000031_bw010,c06_s05_cov050_seed00000031,flip,fast_gate,6,5,measured,0.5,0.1,,31,X,Y,2,3,2,2,0.625,2,"C00,W",0.0,0,0,2,0,2,True,2,ok,local_up_fast,mpdag_criterion,True,"Conjecture 2 (hence Anti-Exchange Case B, verified not proved)",C00->Y W->Y X->Y C00-C01 C01-C02 C02-C03 C03-C04 C04-X,0.0002516659999969306,0.0,0.0002516659999969306,,2,3,3,0,0.7,1.0,2,0
c06_s05_cov050_seed00000032_bw010,c06_s05_cov050_seed00000032,flip,fast_gate,6,5,measured,0.5,0.1,,32,X,Y,2,3,2,2,0.625,2,"C00,W",0.0,0,0,2,0,2,True,2,ok,local_up_fast,mpdag_criterion,True,"Conjecture 2 (hence Anti-Exchange Case B, verified not proved)",C00->Y W->Y X->Y C00-C01 C01-C02 C02-C03 C03-C04 C04-X,0.00026120800004036937,0.0,0.00026120800004036937,,2,3,3,0,0.7,1.0,2,0
c06_s05_cov050_seed00000033_bw010,c06_s05_cov050_seed00000033,flip,fast_gate,6,5,measured,0.5,0.1,,33,X,Y,2,3,2,2,0.625,2,"C00,W",0.0,0,0,2,0,2,True,2,ok,local_up_fast,mpdag_criterion,True,"Conjecture 2 (hence Anti-Exchange Case B, verified not proved)",C00->Y W->Y X->Y C00-C01 C01-C02 C02-C03 C03-C04 C04-X,0.0002535840000064127,0.0,0.0002535840000064127,,2,3,3,0,0.7,1.0,2,0
c06_s05_cov050_seed00000034_bw010,c06_s05_cov050_seed00000034,flip,fast_gate,6,5,measured,0.5,0.1,,34,X,Y,2,3,2,2,0.625,2,"C00,W",0.0,0,0,2,0,2,True,2,ok,local_up_fast,mpdag_criterion,True,"Conjecture 2 (hence Anti-Exchange Case B, verified not proved)",C00->Y W->Y X->Y C00-C01 C01-C02 C02-C03 C03-C04 C04-X,0.00045345900002757844,0.0,0.00045345900002757844,,2,3,3,0,0.7,1.0,2,0
c06_s05_cov050_seed00000035_bw010,c06_s05_cov050_seed00000035,flip,fast_gate,6,5,measured,0.5,0.1,,35,X,Y,2,3,2,2,0.625,2,"C00,W",0.0,0,0,2,0,2,True,2,ok,local_up_fast,mpdag_criterion,True,"Conjecture 2 (hence Anti-Exchange Case B, verified not proved)",C00->Y W->Y X->Y C00-C01 C01-C02 C02-C03 C03-C04 C04-X,0.0004702909999991789,0.0,0.0004702909999991789,,2,3,3,0,0.7,1.0,2,0
c06_s05_cov050_seed00000036_bw010,c06_s05_cov050_seed00000036,flip,fast_gate,6,5,measured,0.5,0.1,,36,X,Y,2,3,2,2,0.625,2,"C00,W",0.0,0,0,2,0,2,True,2,ok,local_up_fast,mpdag_criterion,True,"Conjecture 2 (hence Anti-Exchange Case B, verified not proved)",C00->Y W->Y X->Y C00-C01 C01-C02 C02-C03 C03-C04 C04-X,0.00044070799998507937,0.0,0.00044070799998507937,,2,3,3,0,0.7,1.0,2,0
c06_s05_cov050_seed00000037_bw010,c06_s05_cov050_seed00000037,flip,fast_gate,6,5,measured,0.5,0.1,,37,X,Y,2,3,2,2,0.625,2,"C00,W",0.0,0,0,2,0,2,True,2,ok,local_up_fast,mpdag_criterion,True,"Conjecture 2 (hence Anti-Exchange Case B, verified not proved)",C00->Y W->Y X->Y C00-C01 C01-C02 C02-C03 C03-C04 C04-X,0.0005112500000450382,0.0,0.0005112500000450382,,2,3,3,0,0.7,1.0,2,0
c06_s05_cov050_seed00000038_bw010,c06_s05_cov050_seed00000038,flip,fast_gate,6,5,measured,0.5,0.1,,38,X,Y,2,3,2,2,0.625,2,"C00,W",0.0,0,0,2,0,2,True,2,ok,local_up_fast,mpdag_criterion,True,"Conjecture 2 (hence Anti-Exchange Case B, verified not proved)",C00->Y W->Y X->Y C00-C01 C01-C02 C02-C03 C03-C04 C04-X,0.00026345800000626696,0.0,0.00026345800000626696,,2,3,3,0,0.7,1.0,2,0
c06_s05_cov050_seed00000039_bw010,c06_s05_cov050_seed00000039,flip,fast_gate,6,5,measured,0.5,0.1,,39,X,Y,2,3,2,2,0.625,2,"C00,W",0.0,0,0,2,0,2,True,2,ok,local_up_fast,mpdag_criterion,True,"Conjecture 2 (hence Anti-Exchange Case B, verified not proved)",C00->Y W->Y X->Y C00-C01 C01-C02 C02-C03 C03-C04 C04-X,0.00025937499998462954,0.0,0.00025937499998462954,,2,3,3,0,0.7,1.0,2,0
c06_s05_cov050_seed00000000_bw025,c06_s05_cov050_seed00000000,flip,fast_gate,6,5,measured,0.5,0.25,,0,X,Y,2,3,2,2,0.625,2,"C00,W",0.0,0,0,2,0,2,True,2,ok,local_up_fast,mpdag_criterion,True,"Conjecture 2 (hence Anti-Exchange Case B, verified not proved)",C00->Y W->Y X->Y C00-C01 C01-C02 C02-C03 C03-C04 C04-X,0.0010629999999878237,0.0,0.0010629999999878237,,2,3,3,0,0.7,1.0,2,0
c06_s05_cov050_seed00000001_bw025,c06_s05_cov050_seed00000001,flip,fast_gate,6,5,measured,0.5,0.25,,1,X,Y,2,3,2,2,0.625,2,"C00,W",0.0,0,0,2,0,2,True,2,ok,local_up_fast,mpdag_criterion,True,"Conjecture 2 (hence Anti-Exchange Case B, verified not proved)",C00->Y W->Y X->Y C00-C01 C01-C02 C02-C03 C03-C04 C04-X,0.0002651249999985339,0.0,0.0002651249999985339,,2,3,3,0,0.7,1.0,2,0
c06_s05_cov050_seed00000002_bw025,c06_s05_cov050_seed00000002,flip,fast_gate,6,5,measured,0.5,0.25,,2,X,Y,2,3,2,2,0.625,2,"C00,W",0.0,0,0,2,0,2,True,2,ok,local_up_fast,mpdag_criterion,True,"Conjecture 2 (hence Anti-Exchange Case B, verified not proved)",C00->Y W->Y X->Y C00-C01 C01-C02 C02-C03 C03-C04 C04-X,0.0004682500000399159,0.0,0.0004682500000399159,,2,3,3,0,0.7,1.0,2,0
c06_s05_cov050_seed00000003_bw025,c06_s05_cov050_seed00000003,flip,fast_gate,6,5,measured,0.5,0.25,,3,X,Y,2,3,2,2,0.625,2,"C00,W",0.0,0,0,2,0,2,True,2,ok,local_up_fast,mpdag_criterion,True,"Conjecture 2 (hence Anti-Exchange Case B, verified not proved)",C00->Y W->Y X->Y C00-C01 C01-C02 C02-C03 C03-C04 C04-X,0.0004319170000144368,0.0,0.0004319170000144368,,2,3,3,0,0.7,1.0,2,0
c06_s05_cov050_seed00000004_bw025,c06_s05_cov050_seed00000004,flip,fast_gate,6,5,measured,0.5,0.25,,4,X,Y,2,3,2,2,0.625,2,"C00,W",0.0,0,0,2,0,2,True,2,ok,local_up_fast,mpdag_criterion,True,"Conjecture 2 (hence Anti-Exchange Case B, verified not proved)",C00->Y W->Y X->Y C00-C01 C01-C02 C02-C03 C03-C04 C04-X,0.0005708749999939755,0.0,0.0005708749999939755,,2,3,3,0,0.7,1.0,2,0
c06_s05_cov050_seed00000005_bw025,c06_s05_cov050_seed00000005,flip,fast_gate,6,5,measured,0.5,0.25,,5,X,Y,2,3,2,2,0.625,2,"C00,W",0.0,0,0,2,0,2,True,2,ok,local_up_fast,mpdag_criterion,True,"Conjecture 2 (hence Anti-Exchange Case B, verified not proved)",C00->Y W->Y X->Y C00-C01 C01-C02 C02-C03 C03-C04 C04-X,0.0002547079999999369,0.0,0.0002547079999999369,,2,3,3,0,0.7,1.0,2,0
c06_s05_cov050_seed00000006_bw025,c06_s05_cov050_seed00000006,flip,fast_gate,6,5,measured,0.5,0.25,,6,X,Y,2,3,2,2,0.625,2,"C00,W",0.0,0,0,2,0,2,True,2,ok,local_up_fast,mpdag_criterion,True,"Conjecture 2 (hence Anti-Exchange Case B, verified not proved)",C00->Y W->Y X->Y C00-C01 C01-C02 C02-C03 C03-C04 C04-X,0.0002590000000282089,0.0,0.0002590000000282089,,2,3,3,0,0.7,1.0,2,0
c06_s05_cov050_seed00000007_bw025,c06_s05_cov050_seed00000007,flip,fast_gate,6,5,measured,0.5,0.25,,7,X,Y,2,3,2,2,0.625,2,"C00,W",0.0,0,0,2,0,2,True,2,ok,local_up_fast,mpdag_criterion,True,"Conjecture 2 (hence Anti-Exchange Case B, verified not proved)",C00->Y W->Y X->Y C00-C01 C01-C02 C02-C03 C03-C04 C04-X,0.0004986669999880178,0.0,0.0004986669999880178,,2,3,3,0,0.7,1.0,2,0
c06_s05_cov050_seed00000008_bw025,c06_s05_cov050_seed00000008,flip,fast_gate,6,5,measured,0.5,0.25,,8,X,Y,2,3,2,2,0.625,2,"C00,W",0.0,0,0,2,0,2,True,2,ok,local_up_fast,mpdag_criterion,True,"Conjecture 2 (hence Anti-Exchange Case B, verified not proved)",C00->Y W->Y X->Y C00-C01 C01-C02 C02-C03 C03-C04 C04-X,0.0002561659999855692,0.0,0.0002561659999855692,,2,3,3,0,0.7,1.0,2,0
c06_s05_cov050_seed00000009_bw025,c06_s05_cov050_seed00000009,flip,fast_gate,6,5,measured,0.5,0.25,,9,X,Y,2,3,2,2,0.625,2,"C00,W",0.0,0,0,2,0,2,True,2,ok,local_up_fast,mpdag_criterion,True,"Conjecture 2 (hence Anti-Exchange Case B, verified not proved)",C00->Y W->Y X->Y C00-C01 C01-C02 C02-C03 C03-C04 C04-X,0.00025379199996677926,0.0,0.00025379199996677926,,2,3,3,0,0.7,1.0,2,0
c06_s05_cov050_seed00000010_bw025,c06_s05_cov050_seed00000010,flip,fast_gate,6,5,measured,0.5,0.25,,10,X,Y,2,3,2,2,0.625,2,"C00,W",0.0,0,0,2,0,2,True,2,ok,local_up_fast,mpdag_criterion,True,"Conjecture 2 (hence Anti-Exchange Case B, verified not proved)",C00->Y W->Y X->Y C00-C01 C01-C02 C02-C03 C03-C04 C04-X,0.00026024999999663123,0.0,0.00026024999999663123,,2,3,3,0,0.7,1.0,2,0
c06_s05_cov050_seed00000011_bw025,c06_s05_cov050_seed00000011,flip,fast_gate,6,5,measured,0.5,0.25,,11,X,Y,2,3,2,2,0.625,2,"C00,W",0.0,0,0,2,0,2,True,2,ok,local_up_fast,mpdag_criterion,True,"Conjecture 2 (hence Anti-Exchange Case B, verified not proved)",C00->Y W->Y X->Y C00-C01 C01-C02 C02-C03 C03-C04 C04-X,0.00024816599994892385,0.0,0.00024816599994892385,,2,3,3,0,0.7,1.0,2,0
c06_s05_cov050_seed00000012_bw025,c06_s05_cov050_seed00000012,flip,fast_gate,6,5,measured,0.5,0.25,,12,X,Y,2,3,2,2,0.625,2,"C00,W",0.0,0,0,2,0,2,True,2,ok,local_up_fast,mpdag_criterion,True,"Conjecture 2 (hence Anti-Exchange Case B, verified not proved)",C00->Y W->Y X->Y C00-C01 C01-C02 C02-C03 C03-C04 C04-X,0.0005914169999527985,0.0,0.0005914169999527985,,2,3,3,0,0.7,1.0,2,0
c06_s05_cov050_seed00000013_bw025,c06_s05_cov050_seed00000013,flip,fast_gate,6,5,measured,0.5,0.25,,13,X,Y,2,3,2,2,0.625,2,"C00,W",0.0,0,0,2,0,2,True,2,ok,local_up_fast,mpdag_criterion,True,"Conjecture 2 (hence Anti-Exchange Case B, verified not proved)",C00->Y W->Y X->Y C00-C01 C01-C02 C02-C03 C03-C04 C04-X,0.0002536249999707252,0.0,0.0002536249999707252,,2,3,3,0,0.7,1.0,2,0
c06_s05_cov050_seed00000014_bw025,c06_s05_cov050_seed00000014,flip,fast_gate,6,5,measured,0.5,0.25,,14,X,Y,2,3,2,2,0.625,2,"C00,W",0.0,0,0,2,0,2,True,2,ok,local_up_fast,mpdag_criterion,True,"Conjecture 2 (hence Anti-Exchange Case B, verified not proved)",C00->Y W->Y X->Y C00-C01 C01-C02 C02-C03 C03-C04 C04-X,0.00044291699998666445,0.0,0.00044291699998666445,,2,3,3,0,0.7,1.0,2,0
c06_s05_cov050_seed00000015_bw025,c06_s05_cov050_seed00000015,flip,fast_gate,6,5,measured,0.5,0.25,,15,X,Y,2,3,2,2,0.625,2,"C00,W",0.0,0,0,2,0,2,True,2,ok,local_up_fast,mpdag_criterion,True,"Conjecture 2 (hence Anti-Exchange Case B, verified not proved)",C00->Y W->Y X->Y C00-C01 C01-C02 C02-C03 C03-C04 C04-X,0.0004430000000184009,0.0,0.0004430000000184009,,2,3,3,0,0.7,1.0,2,0
c06_s05_cov050_seed00000016_bw025,c06_s05_cov050_seed00000016,flip,fast_gate,6,5,measured,0.5,0.25,,16,X,Y,2,3,2,2,0.625,2,"C00,W",0.0,0,0,2,0,2,True,2,ok,local_up_fast,mpdag_criterion,True,"Conjecture 2 (hence Anti-Exchange Case B, verified not proved)",C00->Y W->Y X->Y C00-C01 C01-C02 C02-C03 C03-C04 C04-X,0.00044783300000972304,0.0,0.00044783300000972304,,2,3,3,0,0.7,1.0,2,0
c06_s05_cov050_seed00000017_bw025,c06_s05_cov050_seed00000017,flip,fast_gate,6,5,measured,0.5,0.25,,17,X,Y,2,3,2,2,0.625,2,"C00,W",0.0,0,0,2,0,2,True,2,ok,local_up_fast,mpdag_criterion,True,"Conjecture 2 (hence Anti-Exchange Case B, verified not proved)",C00->Y W->Y X->Y C00-C01 C01-C02 C02-C03 C03-C04 C04-X,0.0002681249999909596,0.0,0.0002681249999909596,,2,3,3,0,0.7,1.0,2,0
c06_s05_cov050_seed00000018_bw025,c06_s05_cov050_seed00000018,flip,fast_gate,6,5,measured,0.5,0.25,,18,X,Y,2,3,2,2,0.625,2,"C00,W",0.0,0,0,2,0,2,True,2,ok,local_up_fast,mpdag_criterion,True,"Conjecture 2 (hence Anti-Exchange Case B, verified not proved)",C00->Y W->Y X->Y C00-C01 C01-C02 C02-C03 C03-C04 C04-X,0.00043974999999818465,0.0,0.00043974999999818465,,2,3,3,0,0.7,1.0,2,0
c06_s05_cov050_seed00000019_bw025,c06_s05_cov050_seed00000019,flip,fast_gate,6,5,measured,0.5,0.25,,19,X,Y,2,3,2,2,0.625,2,"C00,W",0.0,0,0,2,0,2,True,2,ok,local_up_fast,mpdag_criterion,True,"Conjecture 2 (hence Anti-Exchange Case B, verified not proved)",C00->Y W->Y X->Y C00-C01 C01-C02 C02-C03 C03-C04 C04-X,0.0005000840000093376,0.0,0.0005000840000093376,,2,3,3,0,0.7,1.0,2,0
c06_s05_cov050_seed00000020_bw025,c06_s05_cov050_seed00000020,flip,fast_gate,6,5,measured,0.5,0.25,,20,X,Y,2,3,2,2,0.625,2,"C00,W",0.0,0,0,2,0,2,True,2,ok,local_up_fast,mpdag_criterion,True,"Conjecture 2 (hence Anti-Exchange Case B, verified not proved)",C00->Y W->Y X->Y C00-C01 C01-C02 C02-C03 C03-C04 C04-X,0.00026000000002568413,0.0,0.00026000000002568413,,2,3,3,0,0.7,1.0,2,0
c06_s05_cov050_seed00000021_bw025,c06_s05_cov050_seed00000021,flip,fast_gate,6,5,measured,0.5,0.25,,21,X,Y,2,3,2,2,0.625,2,"C00,W",0.0,0,0,2,0,2,True,2,ok,local_up_fast,mpdag_criterion,True,"Conjecture 2 (hence Anti-Exchange Case B, verified not proved)",C00->Y W->Y X->Y C00-C01 C01-C02 C02-C03 C03-C04 C04-X,0.0002626670000154263,0.0,0.0002626670000154263,,2,3,3,0,0.7,1.0,2,0
c06_s05_cov050_seed00000022_bw025,c06_s05_cov050_seed00000022,flip,fast_gate,6,5,measured,0.5,0.25,,22,X,Y,2,3,2,2,0.625,2,"C00,W",0.0,0,0,2,0,2,True,2,ok,local_up_fast,mpdag_criterion,True,"Conjecture 2 (hence Anti-Exchange Case B, verified not proved)",C00->Y W->Y X->Y C00-C01 C01-C02 C02-C03 C03-C04 C04-X,0.00024787499995682083,0.0,0.00024787499995682083,,2,3,3,0,0.7,1.0,2,0
c06_s05_cov050_seed00000023_bw025,c06_s05_cov050_seed00000023,flip,fast_gate,6,5,measured,0.5,0.25,,23,X,Y,2,3,2,2,0.625,2,"C00,W",0.0,0,0,2,0,2,True,2,ok,local_up_fast,mpdag_criterion,True,"Conjecture 2 (hence Anti-Exchange Case B, verified not proved)",C00->Y W->Y X->Y C00-C01 C01-C02 C02-C03 C03-C04 C04-X,0.0004551670000410013,0.0,0.0004551670000410013,,2,3,3,0,0.7,1.0,2,0
c06_s05_cov050_seed00000024_bw025,c06_s05_cov050_seed00000024,flip,fast_gate,6,5,measured,0.5,0.25,,24,X,Y,2,3,2,2,0.625,2,"C00,W",0.0,0,0,2,0,2,True,2,ok,local_up_fast,mpdag_criterion,True,"Conjecture 2 (hence Anti-Exchange Case B, verified not proved)",C00->Y W->Y X->Y C00-C01 C01-C02 C02-C03 C03-C04 C04-X,0.0002612499999941065,0.0,0.0002612499999941065,,2,3,3,0,0.7,1.0,2,0
c06_s05_cov050_seed00000025_bw025,c06_s05_cov050_seed00000025,flip,fast_gate,6,5,measured,0.5,0.25,,25,X,Y,2,3,2,2,0.625,2,"C00,W",0.0,0,0,2,0,2,True,2,ok,local_up_fast,mpdag_criterion,True,"Conjecture 2 (hence Anti-Exchange Case B, verified not proved)",C00->Y W->Y X->Y C00-C01 C01-C02 C02-C03 C03-C04 C04-X,0.0005287090000365424,0.0,0.0005287090000365424,,2,3,3,0,0.7,1.0,2,0
c06_s05_cov050_seed00000026_bw025,c06_s05_cov050_seed00000026,flip,fast_gate,6,5,measured,0.5,0.25,,26,X,Y,2,3,2,2,0.625,2,"C00,W",0.0,0,0,2,0,2,True,2,ok,local_up_fast,mpdag_criterion,True,"Conjecture 2 (hence Anti-Exchange Case B, verified not proved)",C00->Y W->Y X->Y C00-C01 C01-C02 C02-C03 C03-C04 C04-X,0.00046362500000896034,0.0,0.00046362500000896034,,2,3,3,0,0.7,1.0,2,0
c06_s05_cov050_seed00000027_bw025,c06_s05_cov050_seed00000027,flip,fast_gate,6,5,measured,0.5,0.25,,27,X,Y,2,3,2,2,0.625,2,"C00,W",0.0,0,0,2,0,2,True,2,ok,local_up_fast,mpdag_criterion,True,"Conjecture 2 (hence Anti-Exchange Case B, verified not proved)",C00->Y W->Y X->Y C00-C01 C01-C02 C02-C03 C03-C04 C04-X,0.0002613330000258429,0.0,0.0002613330000258429,,2,3,3,0,0.7,1.0,2,0
c06_s05_cov050_seed00000028_bw025,c06_s05_cov050_seed00000028,flip,fast_gate,6,5,measured,0.5,0.25,,28,X,Y,2,3,2,2,0.625,2,"C00,W",0.0,0,0,2,0,2,True,2,ok,local_up_fast,mpdag_criterion,True,"Conjecture 2 (hence Anti-Exchange Case B, verified not proved)",C00->Y W->Y X->Y C00-C01 C01-C02 C02-C03 C03-C04 C04-X,0.000983000000019274,0.0,0.000983000000019274,,2,3,3,0,0.7,1.0,2,0
c06_s05_cov050_seed00000029_bw025,c06_s05_cov050_seed00000029,flip,fast_gate,6,5,measured,0.5,0.25,,29,X,Y,2,3,2,2,0.625,2,"C00,W",0.0,0,0,2,0,2,True,2,ok,local_up_fast,mpdag_criterion,True,"Conjecture 2 (hence Anti-Exchange Case B, verified not proved)",C00->Y W->Y X->Y C00-C01 C01-C02 C02-C03 C03-C04 C04-X,0.0004849999999692045,0.0,0.0004849999999692045,,2,3,3,0,0.7,1.0,2,0
c06_s05_cov050_seed00000030_bw025,c06_s05_cov050_seed00000030,flip,fast_gate,6,5,measured,0.5,0.25,,30,X,Y,2,3,2,2,0.625,2,"C00,W",0.0,0,0,2,0,2,True,2,ok,local_up_fast,mpdag_criterion,True,"Conjecture 2 (hence Anti-Exchange Case B, verified not proved)",C00->Y W->Y X->Y C00-C01 C01-C02 C02-C03 C03-C04 C04-X,0.000257416000010835,0.0,0.000257416000010835,,2,3,3,0,0.7,1.0,2,0
c06_s05_cov050_seed00000031_bw025,c06_s05_cov050_seed00000031,flip,fast_gate,6,5,measured,0.5,0.25,,31,X,Y,2,3,2,2,0.625,2,"C00,W",0.0,0,0,2,0,2,True,2,ok,local_up_fast,mpdag_criterion,True,"Conjecture 2 (hence Anti-Exchange Case B, verified not proved)",C00->Y W->Y X->Y C00-C01 C01-C02 C02-C03 C03-C04 C04-X,0.0006201670000223203,0.0,0.0006201670000223203,,2,3,3,0,0.7,1.0,2,0
c06_s05_cov050_seed00000032_bw025,c06_s05_cov050_seed00000032,flip,fast_gate,6,5,measured,0.5,0.25,,32,X,Y,2,3,2,2,0.625,2,"C00,W",0.0,0,0,2,0,2,True,2,ok,local_up_fast,mpdag_criterion,True,"Conjecture 2 (hence Anti-Exchange Case B, verified not proved)",C00->Y W->Y X->Y C00-C01 C01-C02 C02-C03 C03-C04 C04-X,0.000257292000014786,0.0,0.000257292000014786,,2,3,3,0,0.7,1.0,2,0
c06_s05_cov050_seed00000033_bw025,c06_s05_cov050_seed00000033,flip,fast_gate,6,5,measured,0.5,0.25,,33,X,Y,2,3,2,2,0.625,2,"C00,W",0.0,0,0,2,0,2,True,2,ok,local_up_fast,mpdag_criterion,True,"Conjecture 2 (hence Anti-Exchange Case B, verified not proved)",C00->Y W->Y X->Y C00-C01 C01-C02 C02-C03 C03-C04 C04-X,0.00043612499996470433,0.0,0.00043612499996470433,,2,3,3,0,0.7,1.0,2,0
c06_s05_cov050_seed00000034_bw025,c06_s05_cov050_seed00000034,flip,fast_gate,6,5,measured,0.5,0.25,,34,X,Y,2,3,2,2,0.625,2,"C00,W",0.0,0,0,2,0,2,True,2,ok,local_up_fast,mpdag_criterion,True,"Conjecture 2 (hence Anti-Exchange Case B, verified not proved)",C00->Y W->Y X->Y C00-C01 C01-C02 C02-C03 C03-C04 C04-X,0.0017080000000078144,0.0,0.0017080000000078144,,2,3,3,0,0.7,1.0,2,0
c06_s05_cov050_seed00000035_bw025,c06_s05_cov050_seed00000035,flip,fast_gate,6,5,measured,0.5,0.25,,35,X,Y,2,3,2,2,0.625,2,"C00,W",0.0,0,0,2,0,2,True,2,ok,local_up_fast,mpdag_criterion,True,"Conjecture 2 (hence Anti-Exchange Case B, verified not proved)",C00->Y W->Y X->Y C00-C01 C01-C02 C02-C03 C03-C04 C04-X,0.0002536249999707252,0.0,0.0002536249999707252,,2,3,3,0,0.7,1.0,2,0
c06_s05_cov050_seed00000036_bw025,c06_s05_cov050_seed00000036,flip,fast_gate,6,5,measured,0.5,0.25,,36,X,Y,2,3,2,2,0.625,2,"C00,W",0.0,0,0,2,0,2,True,2,ok,local_up_fast,mpdag_criterion,True,"Conjecture 2 (hence Anti-Exchange Case B, verified not proved)",C00->Y W->Y X->Y C00-C01 C01-C02 C02-C03 C03-C04 C04-X,0.00025954200003752703,0.0,0.00025954200003752703,,2,3,3,0,0.7,1.0,2,0
c06_s05_cov050_seed00000037_bw025,c06_s05_cov050_seed00000037,flip,fast_gate,6,5,measured,0.5,0.25,,37,X,Y,2,3,2,2,0.625,2,"C00,W",0.0,0,0,2,0,2,True,2,ok,local_up_fast,mpdag_criterion,True,"Conjecture 2 (hence Anti-Exchange Case B, verified not proved)",C00->Y W->Y X->Y C00-C01 C01-C02 C02-C03 C03-C04 C04-X,0.00024854200000845594,0.0,0.00024854200000845594,,2,3,3,0,0.7,1.0,2,0
c06_s05_cov050_seed00000038_bw025,c06_s05_cov050_seed00000038,flip,fast_gate,6,5,measured,0.5,0.25,,38,X,Y,2,3,2,2,0.625,2,"C00,W",0.0,0,0,2,0,2,True,2,ok,local_up_fast,mpdag_criterion,True,"Conjecture 2 (hence Anti-Exchange Case B, verified not proved)",C00->Y W->Y X->Y C00-C01 C01-C02 C02-C03 C03-C04 C04-X,0.0002581660000373631,0.0,0.0002581660000373631,,2,3,3,0,0.7,1.0,2,0
c06_s05_cov050_seed00000039_bw025,c06_s05_cov050_seed00000039,flip,fast_gate,6,5,measured,0.5,0.25,,39,X,Y,2,3,2,2,0.625,2,"C00,W",0.0,0,0,2,0,2,True,2,ok,local_up_fast,mpdag_criterion,True,"Conjecture 2 (hence Anti-Exchange Case B, verified not proved)",C00->Y W->Y X->Y C00-C01 C01-C02 C02-C03 C03-C04 C04-X,0.00044241599999850223,0.0,0.00044241599999850223,,2,3,3,0,0.7,1.0,2,0
c06_s05_cov100_seed00000000_bw000,c06_s05_cov100_seed00000000,flip,fast_gate,6,5,measured,1.0,0.0,,0,X,Y,5,0,5,5,0.625,2,"C00,W",0.0,0,0,,1,3,True,5,ok,e1_ladder,mpdag_criterion,True,"Conjecture 2 (hence Anti-Exchange Case B, verified not proved)","(('C00', 'Y'), ('W', 'Y'), ('X', 'Y'))",0.00048683300002494434,0.02276762499997176,0.023254457999996703,,4,12,4,0,0.9,4.0,5,0
c06_s05_cov100_seed00000001_bw000,c06_s05_cov100_seed00000001,flip,fast_gate,6,5,measured,1.0,0.0,,1,X,Y,5,0,5,5,0.625,2,"C00,W",0.0,0,0,,1,3,True,5,ok,e1_ladder,mpdag_criterion,True,"Conjecture 2 (hence Anti-Exchange Case B, verified not proved)","(('C00', 'Y'), ('W', 'Y'), ('X', 'Y'))",0.0004155000000309883,0.017518832999996903,0.01793433300002789,,4,12,4,0,0.9,4.0,5,0
c06_s05_cov100_seed00000002_bw000,c06_s05_cov100_seed00000002,flip,fast_gate,6,5,measured,1.0,0.0,,2,X,Y,5,0,5,5,0.625,2,"C00,W",0.0,0,0,,1,3,True,5,ok,e1_ladder,mpdag_criterion,True,"Conjecture 2 (hence Anti-Exchange Case B, verified not proved)","(('C00', 'Y'), ('W', 'Y'), ('X', 'Y'))",0.000422500000013315,0.020606208999993214,0.02102870900000653,,4,12,4,0,0.9,4.0,5,0
c06_s05_cov100_seed00000003_bw000,c06_s05_cov100_seed00000003,flip,fast_gate,6,5,measured,1.0,0.0,,3,X,Y,5,0,5,5,0.625,2,"C00,W",0.0,0,0,,1,3,True,5,ok,e1_ladder,mpdag_criterion,True,"Conjecture 2 (hence Anti-Exchange Case B, verified not proved)","(('C00', 'Y'), ('W', 'Y'), ('X', 'Y'))",0.0010433339999735836,0.027749416999995447,0.02879275099996903,,4,12,4,0,0.9,4.0,5,0
c06_s05_cov100_seed00000004_bw000,c06_s05_cov100_seed00000004,flip,fast_gate,6,5,measured,1.0,0.0,,4,X,Y,5,0,5,5,0.625,2,"C00,W",0.0,0,0,,1,3,True,5,ok,e1_ladder,mpdag_criterion,True,"Conjecture 2 (hence Anti-Exchange Case B, verified not proved)","(('C00', 'Y'), ('W', 'Y'), ('X', 'Y'))",0.0008592080000084934,0.01951774999997724,0.020376957999985734,,4,12,4,0,0.9,4.0,5,0
c06_s05_cov100_seed00000005_bw000,c06_s05_cov100_seed00000005,flip,fast_gate,6,5,measured,1.0,0.0,,5,X,Y,5,0,5,5,0.625,2,"C00,W",0.0,0,0,,1,3,True,5,ok,e1_ladder,mpdag_criterion,True,"Conjecture 2 (hence Anti-Exchange Case B, verified not proved)","(('C00', 'Y'), ('W', 'Y'), ('X', 'Y'))",0.0004283750000126929,0.020446624999976848,0.02087499999998954,,4,12,4,0,0.9,4.0,5,0
c06_s05_cov100_seed00000006_bw000,c06_s05_cov100_seed00000006,flip,fast_gate,6,5,measured,1.0,0.0,,6,X,Y,5,0,5,5,0.625,2,"C00,W",0.0,0,0,,1,3,True,5,ok,e1_ladder,mpdag_criterion,True,"Conjecture 2 (hence Anti-Exchange Case B, verified not proved)","(('C00', 'Y'), ('W', 'Y'), ('X', 'Y'))",0.00042437500002279194,0.01871195900002931,0.019136334000052102,,4,12,4,0,0.9,4.0,5,0
c06_s05_cov100_seed00000007_bw000,c06_s05_cov100_seed00000007,flip,fast_gate,6,5,measured,1.0,0.0,,7,X,Y,5,0,5,5,0.625,2,"C00,W",0.0,0,0,,1,3,True,5,ok,e1_ladder,mpdag_criterion,True,"Conjecture 2 (hence Anti-Exchange Case B, verified not proved)","(('C00', 'Y'), ('W', 'Y'), ('X', 'Y'))",0.0007460829999672569,0.018930167000007714,0.01967624999997497,,4,12,4,0,0.9,4.0,5,0
c06_s05_cov100_seed00000008_bw000,c06_s05_cov100_seed00000008,flip,fast_gate,6,5,measured,1.0,0.0,,8,X,Y,5,0,5,5,0.625,2,"C00,W",0.0,0,0,,1,3,True,5,ok,e1_ladder,mpdag_criterion,True,"Conjecture 2 (hence Anti-Exchange Case B, verified not proved)","(('C00', 'Y'), ('W', 'Y'), ('X', 'Y'))",0.0004173329999730413,0.018061082999963674,0.018478415999936715,,4,12,4,0,0.9,4.0,5,0
c06_s05_cov100_seed00000009_bw000,c06_s05_cov100_seed00000009,flip,fast_gate,6,5,measured,1.0,0.0,,9,X,Y,5,0,5,5,0.625,2,"C00,W",0.0,0,0,,1,3,True,5,ok,e1_ladder,mpdag_criterion,True,"Conjecture 2 (hence Anti-Exchange Case B, verified not proved)","(('C00', 'Y'), ('W', 'Y'), ('X', 'Y'))",0.000853082999981325,0.0205147090000537,0.021367792000035024,,4,12,4,0,0.9,4.0,5,0
c06_s05_cov100_seed00000010_bw000,c06_s05_cov100_seed00000010,flip,fast_gate,6,5,measured,1.0,0.0,,10,X,Y,5,0,5,5,0.625,2,"C00,W",0.0,0,0,,1,3,True,5,ok,e1_ladder,mpdag_criterion,True,"Conjecture 2 (hence Anti-Exchange Case B, verified not proved)","(('C00', 'Y'), ('W', 'Y'), ('X', 'Y'))",0.000788375000013275,0.025102540999967005,0.02589091599998028,,4,12,4,0,0.9,4.0,5,0
c06_s05_cov100_seed00000011_bw000,c06_s05_cov100_seed00000011,flip,fast_gate,6,5,measured,1.0,0.0,,11,X,Y,5,0,5,5,0.625,2,"C00,W",0.0,0,0,,1,3,True,5,ok,e1_ladder,mpdag_criterion,True,"Conjecture 2 (hence Anti-Exchange Case B, verified not proved)","(('C00', 'Y'), ('W', 'Y'), ('X', 'Y'))",0.000509999999962929,0.013062999999988278,0.013572999999951207,,4,12,4,0,0.9,4.0,5,0
c06_s05_cov100_seed00000012_bw000,c06_s05_cov100_seed00000012,flip,fast_gate,6,5,measured,1.0,0.0,,12,X,Y,5,0,5,5,0.625,2,"C00,W",0.0,0,0,,1,3,True,5,ok,e1_ladder,mpdag_criterion,True,"Conjecture 2 (hence Anti-Exchange Case B, verified not proved)","(('C00', 'Y'), ('W', 'Y'), ('X', 'Y'))",0.0007624589999863929,0.014874125000005733,0.015636583999992126,,4,12,4,0,0.9,4.0,5,0
c06_s05_cov100_seed00000013_bw000,c06_s05_cov100_seed00000013,flip,fast_gate,6,5,measured,1.0,0.0,,13,X,Y,5,0,5,5,0.625,2,"C00,W",0.0,0,0,,1,3,True,5,ok,e1_ladder,mpdag_criterion,True,"Conjecture 2 (hence Anti-Exchange Case B, verified not proved)","(('C00', 'Y'), ('W', 'Y'), ('X', 'Y'))",0.0007397919999903024,0.02191612499996154,0.02265591699995184,,4,12,4,0,0.9,4.0,5,0
c06_s05_cov100_seed00000014_bw000,c06_s05_cov100_seed00000014,flip,fast_gate,6,5,measured,1.0,0.0,,14,X,Y,5,0,5,5,0.625,2,"C00,W",0.0,0,0,,1,3,True,5,ok,e1_ladder,mpdag_criterion,True,"Conjecture 2 (hence Anti-Exchange Case B, verified not proved)","(('C00', 'Y'), ('W', 'Y'), ('X', 'Y'))",0.0004107500000145592,0.02659195799998315,0.02700270799999771,,4,12,4,0,0.9,4.0,5,0
c06_s05_cov100_seed00000015_bw000,c06_s05_cov100_seed00000015,flip,fast_gate,6,5,measured,1.0,0.0,,15,X,Y,5,0,5,5,0.625,2,"C00,W",0.0,0,0,,1,3,True,5,ok,e1_ladder,mpdag_criterion,True,"Conjecture 2 (hence Anti-Exchange Case B, verified not proved)","(('C00', 'Y'), ('W', 'Y'), ('X', 'Y'))",0.0007601249999993342,0.01878245800003242,0.019542583000031755,,4,12,4,0,0.9,4.0,5,0
c06_s05_cov100_seed00000016_bw000,c06_s05_cov100_seed00000016,flip,fast_gate,6,5,measured,1.0,0.0,,16,X,Y,5,0,5,5,0.625,2,"C00,W",0.0,0,0,,1,3,True,5,ok,e1_ladder,mpdag_criterion,True,"Conjecture 2 (hence Anti-Exchange Case B, verified not proved)","(('C00', 'Y'), ('W', 'Y'), ('X', 'Y'))",0.00041199999998298154,0.02108170799999698,0.02149370799997996,,4,12,4,0,0.9,4.0,5,0
c06_s05_cov100_seed00000017_bw000,c06_s05_cov100_seed00000017,flip,fast_gate,6,5,measured,1.0,0.0,,17,X,Y,5,0,5,5,0.625,2,"C00,W",0.0,0,0,,1,3,True,5,ok,e1_ladder,mpdag_criterion,True,"Conjecture 2 (hence Anti-Exchange Case B, verified not proved)","(('C00', 'Y'), ('W', 'Y'), ('X', 'Y'))",0.00042887500001143053,0.012603500000011536,0.013032375000022967,,4,12,4,0,0.9,4.0,5,0
c06_s05_cov100_seed00000018_bw000,c06_s05_cov100_seed00000018,flip,fast_gate,6,5,measured,1.0,0.0,,18,X,Y,5,0,5,5,0.625,2,"C00,W",0.0,0,0,,1,3,True,5,ok,e1_ladder,mpdag_criterion,True,"Conjecture 2 (hence Anti-Exchange Case B, verified not proved)","(('C00', 'Y'), ('W', 'Y'), ('X', 'Y'))",0.0007682920000320337,0.0179403329999559,0.018708624999987933,,4,12,4,0,0.9,4.0,5,0
c06_s05_cov100_seed00000019_bw000,c06_s05_cov100_seed00000019,flip,fast_gate,6,5,measured,1.0,0.0,,19,X,Y,5,0,5,5,0.625,2,"C00,W",0.0,0,0,,1,3,True,5,ok,e1_ladder,mpdag_criterion,True,"Conjecture 2 (hence Anti-Exchange Case B, verified not proved)","(('C00', 'Y'), ('W', 'Y'), ('X', 'Y'))",0.0004074169999626065,0.01667487499997833,0.017082291999940935,,4,12,4,0,0.9,4.0,5,0
c06_s05_cov100_seed00000020_bw000,c06_s05_cov100_seed00000020,flip,fast_gate,6,5,measured,1.0,0.0,,20,X,Y,5,0,5,5,0.625,2,"C00,W",0.0,0,0,,1,3,True,5,ok,e1_ladder,mpdag_criterion,True,"Conjecture 2 (hence Anti-Exchange Case B, verified not proved)","(('C00', 'Y'), ('W', 'Y'), ('X', 'Y'))",0.0008017089999725613,0.016235125000036987,0.01703683400000955,,4,12,4,0,0.9,4.0,5,0
c06_s05_cov100_seed00000021_bw000,c06_s05_cov100_seed00000021,flip,fast_gate,6,5,measured,1.0,0.0,,21,X,Y,5,0,5,5,0.625,2,"C00,W",0.0,0,0,,1,3,True,5,ok,e1_ladder,mpdag_criterion,True,"Conjecture 2 (hence Anti-Exchange Case B, verified not proved)","(('C00', 'Y'), ('W', 'Y'), ('X', 'Y'))",0.00043325000001459557,0.019328707999989092,0.019761958000003688,,4,12,4,0,0.9,4.0,5,0
c06_s05_cov100_seed00000022_bw000,c06_s05_cov100_seed00000022,flip,fast_gate,6,5,measured,1.0,0.0,,22,X,Y,5,0,5,5,0.625,2,"C00,W",0.0,0,0,,1,3,True,5,ok,e1_ladder,mpdag_criterion,True,"Conjecture 2 (hence Anti-Exchange Case B, verified not proved)","(('C00', 'Y'), ('W', 'Y'), ('X', 'Y'))",0.0007524170000010599,0.024480417000006582,0.025232834000007642,,4,12,4,0,0.9,4.0,5,0
c06_s05_cov100_seed00000023_bw000,c06_s05_cov100_seed00000023,flip,fast_gate,6,5,measured,1.0,0.0,,23,X,Y,5,0,5,5,0.625,2,"C00,W",0.0,0,0,,1,3,True,5,ok,e1_ladder,mpdag_criterion,True,"Conjecture 2 (hence Anti-Exchange Case B, verified not proved)","(('C00', 'Y'), ('W', 'Y'), ('X', 'Y'))",0.00041608300000461895,0.014544166999996833,0.014960250000001452,,4,12,4,0,0.9,4.0,5,0
c06_s05_cov100_seed00000024_bw000,c06_s05_cov100_seed00000024,flip,fast_gate,6,5,measured,1.0,0.0,,24,X,Y,5,0,5,5,0.625,2,"C00,W",0.0,0,0,,1,3,True,5,ok,e1_ladder,mpdag_criterion,True,"Conjecture 2 (hence Anti-Exchange Case B, verified not proved)","(('C00', 'Y'), ('W', 'Y'), ('X', 'Y'))",0.00042445799999768496,0.018703374999972766,0.01912783299997045,,4,12,4,0,0.9,4.0,5,0
c06_s05_cov100_seed00000025_bw000,c06_s05_cov100_seed00000025,flip,fast_gate,6,5,measured,1.0,0.0,,25,X,Y,5,0,5,5,0.625,2,"C00,W",0.0,0,0,,1,3,True,5,ok,e1_ladder,mpdag_criterion,True,"Conjecture 2 (hence Anti-Exchange Case B, verified not proved)","(('C00', 'Y'), ('W', 'Y'), ('X', 'Y'))",0.0007684169999606638,0.0822329999999738,0.08300141699993446,,4,12,4,0,0.9,4.0,5,0
c06_s05_cov100_seed00000026_bw000,c06_s05_cov100_seed00000026,flip,fast_gate,6,5,measured,1.0,0.0,,26,X,Y,5,0,5,5,0.625,2,"C00,W",0.0,0,0,,1,3,True,5,ok,e1_ladder,mpdag_criterion,True,"Conjecture 2 (hence Anti-Exchange Case B, verified not proved)","(('C00', 'Y'), ('W', 'Y'), ('X', 'Y'))",0.0004232499999829997,0.019675791999986814,0.020099041999969813,,4,12,4,0,0.9,4.0,5,0
c06_s05_cov100_seed00000027_bw000,c06_s05_cov100_seed00000027,flip,fast_gate,6,5,measured,1.0,0.0,,27,X,Y,5,0,5,5,0.625,2,"C00,W",0.0,0,0,,1,3,True,5,ok,e1_ladder,mpdag_criterion,True,"Conjecture 2 (hence Anti-Exchange Case B, verified not proved)","(('C00', 'Y'), ('W', 'Y'), ('X', 'Y'))",0.0004044589999807613,0.01993883300002608,0.02034329200000684,,4,12,4,0,0.9,4.0,5,0
c06_s05_cov100_seed00000028_bw000,c06_s05_cov100_seed00000028,flip,fast_gate,6,5,measured,1.0,0.0,,28,X,Y,5,0,5,5,0.625,2,"C00,W",0.0,0,0,,1,3,True,5,ok,e1_ladder,mpdag_criterion,True,"Conjecture 2 (hence Anti-Exchange Case B, verified not proved)","(('C00', 'Y'), ('W', 'Y'), ('X', 'Y'))",0.00043249999998806743,0.019053874999997333,0.0194863749999854,,4,12,4,0,0.9,4.0,5,0
c06_s05_cov100_seed00000029_bw000,c06_s05_cov100_seed00000029,flip,fast_gate,6,5,measured,1.0,0.0,,29,X,Y,5,0,5,5,0.625,2,"C00,W",0.0,0,0,,1,3,True,5,ok,e1_ladder,mpdag_criterion,True,"Conjecture 2 (hence Anti-Exchange Case B, verified not proved)","(('C00', 'Y'), ('W', 'Y'), ('X', 'Y'))",0.0007670420000067679,0.022454999999979464,0.02322204199998623,,4,12,4,0,0.9,4.0,5,0
c06_s05_cov100_seed00000030_bw000,c06_s05_cov100_seed00000030,flip,fast_gate,6,5,measured,1.0,0.0,,30,X,Y,5,0,5,5,0.625,2,"C00,W",0.0,0,0,,1,3,True,5,ok,e1_ladder,mpdag_criterion,True,"Conjecture 2 (hence Anti-Exchange Case B, verified not proved)","(('C00', 'Y'), ('W', 'Y'), ('X', 'Y'))",0.00039895899999464746,0.013086832999988474,0.013485791999983121,,4,12,4,0,0.9,4.0,5,0
c06_s05_cov100_seed00000031_bw000,c06_s05_cov100_seed00000031,flip,fast_gate,6,5,measured,1.0,0.0,,31,X,Y,5,0,5,5,0.625,2,"C00,W",0.0,0,0,,1,3,True,5,ok,e1_ladder,mpdag_criterion,True,"Conjecture 2 (hence Anti-Exchange Case B, verified not proved)","(('C00', 'Y'), ('W', 'Y'), ('X', 'Y'))",0.00042083300002104806,0.022271790999980112,0.02269262400000116,,4,12,4,0,0.9,4.0,5,0
c06_s05_cov100_seed00000032_bw000,c06_s05_cov100_seed00000032,flip,fast_gate,6,5,measured,1.0,0.0,,32,X,Y,5,0,5,5,0.625,2,"C00,W",0.0,0,0,,1,3,True,5,ok,e1_ladder,mpdag_criterion,True,"Conjecture 2 (hence Anti-Exchange Case B, verified not proved)","(('C00', 'Y'), ('W', 'Y'), ('X', 'Y'))",0.00041341700000430137,0.01305537500002174,0.013468792000026042,,4,12,4,0,0.9,4.0,5,0
c06_s05_cov100_seed00000033_bw000,c06_s05_cov100_seed00000033,flip,fast_gate,6,5,measured,1.0,0.0,,33,X,Y,5,0,5,5,0.625,2,"C00,W",0.0,0,0,,1,3,True,5,ok,e1_ladder,mpdag_criterion,True,"Conjecture 2 (hence Anti-Exchange Case B, verified not proved)","(('C00', 'Y'), ('W', 'Y'), ('X', 'Y'))",0.00044316700001445497,0.01632733299999245,0.016770500000006905,,4,12,4,0,0.9,4.0,5,0
c06_s05_cov100_seed00000034_bw000,c06_s05_cov100_seed00000034,flip,fast_gate,6,5,measured,1.0,0.0,,34,X,Y,5,0,5,5,0.625,2,"C00,W",0.0,0,0,,1,3,True,5,ok,e1_ladder,mpdag_criterion,True,"Conjecture 2 (hence Anti-Exchange Case B, verified not proved)","(('C00', 'Y'), ('W', 'Y'), ('X', 'Y'))",0.0009105830000066817,0.021038792000013018,0.0219493750000197,,4,12,4,0,0.9,4.0,5,0
c06_s05_cov100_seed00000035_bw000,c06_s05_cov100_seed00000035,flip,fast_gate,6,5,measured,1.0,0.0,,35,X,Y,5,0,5,5,0.625,2,"C00,W",0.0,0,0,,1,3,True,5,ok,e1_ladder,mpdag_criterion,True,"Conjecture 2 (hence Anti-Exchange Case B, verified not proved)","(('C00', 'Y'), ('W', 'Y'), ('X', 'Y'))",0.0004169169999954647,0.023007416999973884,0.02342433399996935,,4,12,4,0,0.9,4.0,5,0
c06_s05_cov100_seed00000036_bw000,c06_s05_cov100_seed00000036,flip,fast_gate,6,5,measured,1.0,0.0,,36,X,Y,5,0,5,5,0.625,2,"C00,W",0.0,0,0,,1,3,True,5,ok,e1_ladder,mpdag_criterion,True,"Conjecture 2 (hence Anti-Exchange Case B, verified not proved)","(('C00', 'Y'), ('W', 'Y'), ('X', 'Y'))",0.0004317919999721198,0.019509292000009282,0.0199410839999814,,4,12,4,0,0.9,4.0,5,0
c06_s05_cov100_seed00000037_bw000,c06_s05_cov100_seed00000037,flip,fast_gate,6,5,measured,1.0,0.0,,37,X,Y,5,0,5,5,0.625,2,"C00,W",0.0,0,0,,1,3,True,5,ok,e1_ladder,mpdag_criterion,True,"Conjecture 2 (hence Anti-Exchange Case B, verified not proved)","(('C00', 'Y'), ('W', 'Y'), ('X', 'Y'))",0.00043004100001553525,0.014932041999998091,0.015362083000013627,,4,12,4,0,0.9,4.0,5,0
c06_s05_cov100_seed00000038_bw000,c06_s05_cov100_seed00000038,flip,fast_gate,6,5,measured,1.0,0.0,,38,X,Y,5,0,5,5,0.625,2,"C00,W",0.0,0,0,,1,3,True,5,ok,e1_ladder,mpdag_criterion,True,"Conjecture 2 (hence Anti-Exchange Case B, verified not proved)","(('C00', 'Y'), ('W', 'Y'), ('X', 'Y'))",0.00041583300003367185,0.013604917000009209,0.01402075000004288,,4,12,4,0,0.9,4.0,5,0
c06_s05_cov100_seed00000039_bw000,c06_s05_cov100_seed00000039,flip,fast_gate,6,5,measured,1.0,0.0,,39,X,Y,5,0,5,5,0.625,2,"C00,W",0.0,0,0,,1,3,True,5,ok,e1_ladder,mpdag_criterion,True,"Conjecture 2 (hence Anti-Exchange Case B, verified not proved)","(('C00', 'Y'), ('W', 'Y'), ('X', 'Y'))",0.0004288339999902746,0.057777375000000575,0.05820620899999085,,4,12,4,0,0.9,4.0,5,0
c06_s05_cov100_seed00000000_bw010,c06_s05_cov100_seed00000000,flip,fast_gate,6,5,measured,1.0,0.1,,0,X,Y,5,0,5,5,0.625,2,"C00,W",0.0,0,0,,1,3,True,5,ok,e1_ladder,mpdag_criterion,True,"Conjecture 2 (hence Anti-Exchange Case B, verified not proved)","(('C00', 'Y'), ('W', 'Y'), ('X', 'Y'))",0.0007294580000234419,0.01668391700002303,0.01741337500004647,,4,12,4,0,0.9,4.0,5,0
c06_s05_cov100_seed00000001_bw010,c06_s05_cov100_seed00000001,flip,fast_gate,6,5,measured,1.0,0.1,,1,X,Y,5,0,5,5,0.625,2,"C00,W",0.0,0,0,,1,3,True,5,ok,e1_ladder,mpdag_criterion,True,"Conjecture 2 (hence Anti-Exchange Case B, verified not proved)","(('C00', 'Y'), ('W', 'Y'), ('X', 'Y'))",0.00040541600003507483,0.01417062499996291,0.014576040999997986,,4,12,4,0,0.9,4.0,5,0
c06_s05_cov100_seed00000002_bw010,c06_s05_cov100_seed00000002,flip,fast_gate,6,5,measured,1.0,0.1,,2,X,Y,5,0,5,5,0.625,2,"C00,W",0.0,0,0,,1,3,True,5,ok,e1_ladder,mpdag_criterion,True,"Conjecture 2 (hence Anti-Exchange Case B, verified not proved)","(('C00', 'Y'), ('W', 'Y'), ('X', 'Y'))",0.0007732500000088294,0.02439408300000423,0.02516733300001306,,4,12,4,0,0.9,4.0,5,0
c06_s05_cov100_seed00000003_bw010,c06_s05_cov100_seed00000003,flip,fast_gate,6,5,measured,1.0,0.1,,3,X,Y,5,0,5,5,0.625,2,"C00,W",0.0,0,0,,1,3,True,5,ok,e1_ladder,mpdag_criterion,True,"Conjecture 2 (hence Anti-Exchange Case B, verified not proved)","(('C00', 'Y'), ('W', 'Y'), ('X', 'Y'))",0.0003977909999548501,0.018312416000014764,0.018710206999969614,,4,12,4,0,0.9,4.0,5,0
c06_s05_cov100_seed00000004_bw010,c06_s05_cov100_seed00000004,flip,fast_gate,6,5,measured,1.0,0.1,,4,X,Y,5,0,5,5,0.625,2,"C00,W",0.0,0,0,,1,3,True,5,ok,e1_ladder,mpdag_criterion,True,"Conjecture 2 (hence Anti-Exchange Case B, verified not proved)","(('C00', 'Y'), ('W', 'Y'), ('X', 'Y'))",0.00043124999996280167,0.01734354200004873,0.01777479200001153,,4,12,4,0,0.9,4.0,5,0
c06_s05_cov100_seed00000005_bw010,c06_s05_cov100_seed00000005,flip,fast_gate,6,5,measured,1.0,0.1,,5,X,Y,5,0,5,5,0.625,2,"C00,W",0.0,0,0,,1,3,True,5,ok,e1_ladder,mpdag_criterion,True,"Conjecture 2 (hence Anti-Exchange Case B, verified not proved)","(('C00', 'Y'), ('W', 'Y'), ('X', 'Y'))",0.0004166250000139371,0.018310208999992028,0.018726834000005965,,4,12,4,0,0.9,4.0,5,0
c06_s05_cov100_seed00000006_bw010,c06_s05_cov100_seed00000006,flip,fast_gate,6,5,measured,1.0,0.1,,6,X,Y,5,0,5,5,0.625,2,"C00,W",0.0,0,0,,1,3,True,5,ok,e1_ladder,mpdag_criterion,True,"Conjecture 2 (hence Anti-Exchange Case B, verified not proved)","(('C00', 'Y'), ('W', 'Y'), ('X', 'Y'))",0.0007737090000432545,0.025735083000029135,0.02650879200007239,,4,12,4,0,0.9,4.0,5,0
c06_s05_cov100_seed00000007_bw010,c06_s05_cov100_seed00000007,flip,fast_gate,6,5,measured,1.0,0.1,,7,X,Y,5,0,5,5,0.625,2,"C00,W",0.0,0,0,,1,3,True,5,ok,e1_ladder,mpdag_criterion,True,"Conjecture 2 (hence Anti-Exchange Case B, verified not proved)","(('C00', 'Y'), ('W', 'Y'), ('X', 'Y'))",0.0008054169999809346,0.020745583000007173,0.021550999999988107,,4,12,4,0,0.9,4.0,5,0
c06_s05_cov100_seed00000008_bw010,c06_s05_cov100_seed00000008,flip,fast_gate,6,5,measured,1.0,0.1,,8,X,Y,5,0,5,5,0.625,2,"C00,W",0.0,0,0,,1,3,True,5,ok,e1_ladder,mpdag_criterion,True,"Conjecture 2 (hence Anti-Exchange Case B, verified not proved)","(('C00', 'Y'), ('W', 'Y'), ('X', 'Y'))",0.0009578749999832326,0.018075083999974595,0.019032958999957827,,4,12,4,0,0.9,4.0,5,0
c06_s05_cov100_seed00000009_bw010,c06_s05_cov100_seed00000009,flip,fast_gate,6,5,measured,1.0,0.1,,9,X,Y,5,0,5,5,0.625,2,"C00,W",0.0,0,0,,1,3,True,5,ok,e1_ladder,mpdag_criterion,True,"Conjecture 2 (hence Anti-Exchange Case B, verified not proved)","(('C00', 'Y'), ('W', 'Y'), ('X', 'Y'))",0.0007582910000110132,0.028517458000010265,0.02927574900002128,,4,12,4,0,0.9,4.0,5,0
c06_s05_cov100_seed00000010_bw010,c06_s05_cov100_seed00000010,flip,fast_gate,6,5,measured,1.0,0.1,,10,X,Y,5,0,5,5,0.625,2,"C00,W",0.0,0,0,,1,3,True,5,ok,e1_ladder,mpdag_criterion,True,"Conjecture 2 (hence Anti-Exchange Case B, verified not proved)","(('C00', 'Y'), ('W', 'Y'), ('X', 'Y'))",0.0004257079999661073,0.022548834000019724,0.02297454199998583,,4,12,4,0,0.9,4.0,5,0
c06_s05_cov100_seed00000011_bw010,c06_s05_cov100_seed00000011,flip,fast_gate,6,5,measured,1.0,0.1,,11,X,Y,5,0,5,5,0.625,2,"C00,W",0.0,0,0,,1,3,True,5,ok,e1_ladder,mpdag_criterion,True,"Conjecture 2 (hence Anti-Exchange Case B, verified not proved)","(('C00', 'Y'), ('W', 'Y'), ('X', 'Y'))",0.0007527089999825876,0.016046417000040947,0.016799126000023534,,4,12,4,0,0.9,4.0,5,0
c06_s05_cov100_seed00000012_bw010,c06_s05_cov100_seed00000012,flip,fast_gate,6,5,measured,1.0,0.1,,12,X,Y,5,0,5,5,0.625,2,"C00,W",0.0,0,0,,1,3,True,5,ok,e1_ladder,mpdag_criterion,True,"Conjecture 2 (hence Anti-Exchange Case B, verified not proved)","(('C00', 'Y'), ('W', 'Y'), ('X', 'Y'))",0.0011451249999936408,0.025306499999999232,0.026451624999992873,,4,12,4,0,0.9,4.0,5,0
c06_s05_cov100_seed00000013_bw010,c06_s05_cov100_seed00000013,flip,fast_gate,6,5,measured,1.0,0.1,,13,X,Y,5,0,5,5,0.625,2,"C00,W",0.0,0,0,,1,3,True,5,ok,e1_ladder,mpdag_criterion,True,"Conjecture 2 (hence Anti-Exchange Case B, verified not proved)","(('C00', 'Y'), ('W', 'Y'), ('X', 'Y'))",0.0010097500000370019,0.016467125000019678,0.01747687500005668,,4,12,4,0,0.9,4.0,5,0
c06_s05_cov100_seed00000014_bw010,c06_s05_cov100_seed00000014,flip,fast_gate,6,5,measured,1.0,0.1,,14,X,Y,5,0,5,5,0.625,2,"C00,W",0.0,0,0,,1,3,True,5,ok,e1_ladder,mpdag_criterion,True,"Conjecture 2 (hence Anti-Exchange Case B, verified not proved)","(('C00', 'Y'), ('W', 'Y'), ('X', 'Y'))",0.00082783299995981,0.022428542000000107,0.023256374999959917,,4,12,4,0,0.9,4.0,5,0
c06_s05_cov100_seed00000015_bw010,c06_s05_cov100_seed00000015,flip,fast_gate,6,5,measured,1.0,0.1,,15,X,Y,5,0,5,5,0.625,2,"C00,W",0.0,0,0,,1,3,True,5,ok,e1_ladder,mpdag_criterion,True,"Conjecture 2 (hence Anti-Exchange Case B, verified not proved)","(('C00', 'Y'), ('W', 'Y'), ('X', 'Y'))",0.0006141250000268883,0.02889112500002966,0.02950525000005655,,4,12,4,0,0.9,4.0,5,0
c06_s05_cov100_seed00000016_bw010,c06_s05_cov100_seed00000016,flip,fast_gate,6,5,measured,1.0,0.1,,16,X,Y,5,0,5,5,0.625,2,"C00,W",0.0,0,0,,1,3,True,5,ok,e1_ladder,mpdag_criterion,True,"Conjecture 2 (hence Anti-Exchange Case B, verified not proved)","(('C00', 'Y'), ('W', 'Y'), ('X', 'Y'))",0.00042487499996468614,0.01245033399999329,0.012875208999957977,,4,12,4,0,0.9,4.0,5,0
c06_s05_cov100_seed00000017_bw010,c06_s05_cov100_seed00000017,flip,fast_gate,6,5,measured,1.0,0.1,,17,X,Y,5,0,5,5,0.625,2,"C00,W",0.0,0,0,,1,3,True,5,ok,e1_ladder,mpdag_criterion,True,"Conjecture 2 (hence Anti-Exchange Case B, verified not proved)","(('C00', 'Y'), ('W', 'Y'), ('X', 'Y'))",0.00043116699998790864,0.013289750000012646,0.013720917000000554,,4,12,4,0,0.9,4.0,5,0
c06_s05_cov100_seed00000018_bw010,c06_s05_cov100_seed00000018,flip,fast_gate,6,5,measured,1.0,0.1,,18,X,Y,5,0,5,5,0.625,2,"C00,W",0.0,0,0,,1,3,True,5,ok,e1_ladder,mpdag_criterion,True,"Conjecture 2 (hence Anti-Exchange Case B, verified not proved)","(('C00', 'Y'), ('W', 'Y'), ('X', 'Y'))",0.00041762500001141234,0.015259709000019939,0.01567733400003135,,4,12,4,0,0.9,4.0,5,0
c06_s05_cov100_seed00000019_bw010,c06_s05_cov100_seed00000019,flip,fast_gate,6,5,measured,1.0,0.1,,19,X,Y,5,0,5,5,0.625,2,"C00,W",0.0,0,0,,1,3,True,5,ok,e1_ladder,mpdag_criterion,True,"Conjecture 2 (hence Anti-Exchange Case B, verified not proved)","(('C00', 'Y'), ('W', 'Y'), ('X', 'Y'))",0.0007682499999646097,0.01830291699997133,0.01907116699993594,,4,12,4,0,0.9,4.0,5,0
c06_s05_cov100_seed00000020_bw010,c06_s05_cov100_seed00000020,flip,fast_gate,6,5,measured,1.0,0.1,,20,X,Y,5,0,5,5,0.625,2,"C00,W",0.0,0,0,,1,3,True,5,ok,e1_ladder,mpdag_criterion,True,"Conjecture 2 (hence Anti-Exchange Case B, verified not proved)","(('C00', 'Y'), ('W', 'Y'), ('X', 'Y'))",0.0011024589999806267,0.021767582999984825,0.02287004199996545,,4,12,4,0,0.9,4.0,5,0
c06_s05_cov100_seed00000021_bw010,c06_s05_cov100_seed00000021,flip,fast_gate,6,5,measured,1.0,0.1,,21,X,Y,5,0,5,5,0.625,2,"C00,W",0.0,0,0,,1,3,True,5,ok,e1_ladder,mpdag_criterion,True,"Conjecture 2 (hence Anti-Exchange Case B, verified not proved)","(('C00', 'Y'), ('W', 'Y'), ('X', 'Y'))",0.0007576670000162267,0.03872304100002566,0.039480708000041886,,4,12,4,0,0.9,4.0,5,0
c06_s05_cov100_seed00000022_bw010,c06_s05_cov100_seed00000022,flip,fast_gate,6,5,measured,1.0,0.1,,22,X,Y,5,0,5,5,0.625,2,"C00,W",0.0,0,0,,1,3,True,5,ok,e1_ladder,mpdag_criterion,True,"Conjecture 2 (hence Anti-Exchange Case B, verified not proved)","(('C00', 'Y'), ('W', 'Y'), ('X', 'Y'))",0.00041404200004535596,0.012292708000018138,0.012706750000063494,,4,12,4,0,0.9,4.0,5,0
c06_s05_cov100_seed00000023_bw010,c06_s05_cov100_seed00000023,flip,fast_gate,6,5,measured,1.0,0.1,,23,X,Y,5,0,5,5,0.625,2,"C00,W",0.0,0,0,,1,3,True,5,ok,e1_ladder,mpdag_criterion,True,"Conjecture 2 (hence Anti-Exchange Case B, verified not proved)","(('C00', 'Y'), ('W', 'Y'), ('X', 'Y'))",0.00044016700002202924,0.013679166999963854,0.014119333999985884,,4,12,4,0,0.9,4.0,5,0
c06_s05_cov100_seed00000024_bw010,c06_s05_cov100_seed00000024,flip,fast_gate,6,5,measured,1.0,0.1,,24,X,Y,5,0,5,5,0.625,2,"C00,W",0.0,0,0,,1,3,True,5,ok,e1_ladder,mpdag_criterion,True,"Conjecture 2 (hence Anti-Exchange Case B, verified not proved)","(('C00', 'Y'), ('W', 'Y'), ('X', 'Y'))",0.0007339580000120804,0.01791374999999107,0.01864770800000315,,4,12,4,0,0.9,4.0,5,0
c06_s05_cov100_seed00000025_bw010,c06_s05_cov100_seed00000025,flip,fast_gate,6,5,measured,1.0,0.1,,25,X,Y,5,0,5,5,0.625,2,"C00,W",0.0,0,0,,1,3,True,5,ok,e1_ladder,mpdag_criterion,True,"Conjecture 2 (hence Anti-Exchange Case B, verified not proved)","(('C00', 'Y'), ('W', 'Y'), ('X', 'Y'))",0.0007419999999456195,0.02335133400003997,0.02409333399998559,,4,12,4,0,0.9,4.0,5,0
c06_s05_cov100_seed00000026_bw010,c06_s05_cov100_seed00000026,flip,fast_gate,6,5,measured,1.0,0.1,,26,X,Y,5,0,5,5,0.625,2,"C00,W",0.0,0,0,,1,3,True,5,ok,e1_ladder,mpdag_criterion,True,"Conjecture 2 (hence Anti-Exchange Case B, verified not proved)","(('C00', 'Y'), ('W', 'Y'), ('X', 'Y'))",0.0004241249999950014,0.01834687500002019,0.018771000000015192,,4,12,4,0,0.9,4.0,5,0
c06_s05_cov100_seed00000027_bw010,c06_s05_cov100_seed00000027,flip,fast_gate,6,5,measured,1.0,0.1,,27,X,Y,5,0,5,5,0.625,2,"C00,W",0.0,0,0,,1,3,True,5,ok,e1_ladder,mpdag_criterion,True,"Conjecture 2 (hence Anti-Exchange Case B, verified not proved)","(('C00', 'Y'), ('W', 'Y'), ('X', 'Y'))",0.0004306659999997464,0.019257625000022927,0.019688291000022673,,4,12,4,0,0.9,4.0,5,0
c06_s05_cov100_seed00000028_bw010,c06_s05_cov100_seed00000028,flip,fast_gate,6,5,measured,1.0,0.1,,28,X,Y,5,0,5,5,0.625,2,"C00,W",0.0,0,0,,1,3,True,5,ok,e1_ladder,mpdag_criterion,True,"Conjecture 2 (hence Anti-Exchange Case B, verified not proved)","(('C00', 'Y'), ('W', 'Y'), ('X', 'Y'))",0.00042062500000383807,0.017913250000049175,0.018333875000053013,,4,12,4,0,0.9,4.0,5,0
c06_s05_cov100_seed00000029_bw010,c06_s05_cov100_seed00000029,flip,fast_gate,6,5,measured,1.0,0.1,,29,X,Y,5,0,5,5,0.625,2,"C00,W",0.0,0,0,,1,3,True,5,ok,e1_ladder,mpdag_criterion,True,"Conjecture 2 (hence Anti-Exchange Case B, verified not proved)","(('C00', 'Y'), ('W', 'Y'), ('X', 'Y'))",0.00042808299997432187,0.01518204199999218,0.015610124999966501,,4,12,4,0,0.9,4.0,5,0
c06_s05_cov100_seed00000030_bw010,c06_s05_cov100_seed00000030,flip,fast_gate,6,5,measured,1.0,0.1,,30,X,Y,5,0,5,5,0.625,2,"C00,W",0.0,0,0,,1,3,True,5,ok,e1_ladder,mpdag_criterion,True,"Conjecture 2 (hence Anti-Exchange Case B, verified not proved)","(('C00', 'Y'), ('W', 'Y'), ('X', 'Y'))",0.00042095900005278963,0.021490583000058905,0.021911542000111695,,4,12,4,0,0.9,4.0,5,0
c06_s05_cov100_seed00000031_bw010,c06_s05_cov100_seed00000031,flip,fast_gate,6,5,measured,1.0,0.1,,31,X,Y,5,0,5,5,0.625,2,"C00,W",0.0,0,0,,1,3,True,5,ok,e1_ladder,mpdag_criterion,True,"Conjecture 2 (hence Anti-Exchange Case B, verified not proved)","(('C00', 'Y'), ('W', 'Y'), ('X', 'Y'))",0.0007595419999688602,0.018630959000006442,0.019390500999975302,,4,12,4,0,0.9,4.0,5,0
c06_s05_cov100_seed00000032_bw010,c06_s05_cov100_seed00000032,flip,fast_gate,6,5,measured,1.0,0.1,,32,X,Y,5,0,5,5,0.625,2,"C00,W",0.0,0,0,,1,3,True,5,ok,e1_ladder,mpdag_criterion,True,"Conjecture 2 (hence Anti-Exchange Case B, verified not proved)","(('C00', 'Y'), ('W', 'Y'), ('X', 'Y'))",0.000988916999972389,0.015228750000005675,0.016217666999978064,,4,12,4,0,0.9,4.0,5,0
c06_s05_cov100_seed00000033_bw010,c06_s05_cov100_seed00000033,flip,fast_gate,6,5,measured,1.0,0.1,,33,X,Y,5,0,5,5,0.625,2,"C00,W",0.0,0,0,,1,3,True,5,ok,e1_ladder,mpdag_criterion,True,"Conjecture 2 (hence Anti-Exchange Case B, verified not proved)","(('C00', 'Y'), ('W', 'Y'), ('X', 'Y'))",0.0004168749999280408,0.013218417000075533,0.013635292000003574,,4,12,4,0,0.9,4.0,5,0
c06_s05_cov100_seed00000034_bw010,c06_s05_cov100_seed00000034,flip,fast_gate,6,5,measured,1.0,0.1,,34,X,Y,5,0,5,5,0.625,2,"C00,W",0.0,0,0,,1,3,True,5,ok,e1_ladder,mpdag_criterion,True,"Conjecture 2 (hence Anti-Exchange Case B, verified not proved)","(('C00', 'Y'), ('W', 'Y'), ('X', 'Y'))",0.000417999999967833,0.019071042000064153,0.019489042000031986,,4,12,4,0,0.9,4.0,5,0
c06_s05_cov100_seed00000035_bw010,c06_s05_cov100_seed00000035,flip,fast_gate,6,5,measured,1.0,0.1,,35,X,Y,5,0,5,5,0.625,2,"C00,W",0.0,0,0,,1,3,True,5,ok,e1_ladder,mpdag_criterion,True,"Conjecture 2 (hence Anti-Exchange Case B, verified not proved)","(('C00', 'Y'), ('W', 'Y'), ('X', 'Y'))",0.00043295800003306795,0.01752704199998334,0.017960000000016407,,4,12,4,0,0.9,4.0,5,0
c06_s05_cov100_seed00000036_bw010,c06_s05_cov100_seed00000036,flip,fast_gate,6,5,measured,1.0,0.1,,36,X,Y,5,0,5,5,0.625,2,"C00,W",0.0,0,0,,1,3,True,5,ok,e1_ladder,mpdag_criterion,True,"Conjecture 2 (hence Anti-Exchange Case B, verified not proved)","(('C00', 'Y'), ('W', 'Y'), ('X', 'Y'))",0.0004139170000598824,0.021411875000012515,0.021825792000072397,,4,12,4,0,0.9,4.0,5,0
c06_s05_cov100_seed00000037_bw010,c06_s05_cov100_seed00000037,flip,fast_gate,6,5,measured,1.0,0.1,,37,X,Y,5,0,5,5,0.625,2,"C00,W",0.0,0,0,,1,3,True,5,ok,e1_ladder,mpdag_criterion,True,"Conjecture 2 (hence Anti-Exchange Case B, verified not proved)","(('C00', 'Y'), ('W', 'Y'), ('X', 'Y'))",0.0007594999999582797,0.018735792000029505,0.019495291999987785,,4,12,4,0,0.9,4.0,5,0
c06_s05_cov100_seed00000038_bw010,c06_s05_cov100_seed00000038,flip,fast_gate,6,5,measured,1.0,0.1,,38,X,Y,5,0,5,5,0.625,2,"C00,W",0.0,0,0,,1,3,True,5,ok,e1_ladder,mpdag_criterion,True,"Conjecture 2 (hence Anti-Exchange Case B, verified not proved)","(('C00', 'Y'), ('W', 'Y'), ('X', 'Y'))",0.0004207089999681557,0.014140833000055864,0.01456154200002402,,4,12,4,0,0.9,4.0,5,0
c06_s05_cov100_seed00000039_bw010,c06_s05_cov100_seed00000039,flip,fast_gate,6,5,measured,1.0,0.1,,39,X,Y,5,0,5,5,0.625,2,"C00,W",0.0,0,0,,1,3,True,5,ok,e1_ladder,mpdag_criterion,True,"Conjecture 2 (hence Anti-Exchange Case B, verified not proved)","(('C00', 'Y'), ('W', 'Y'), ('X', 'Y'))",0.00043391600001996267,0.022389583999938623,0.022823499999958585,,4,12,4,0,0.9,4.0,5,0
c06_s05_cov100_seed00000011_bw025,c06_s05_cov100_seed00000011,flip,fast_gate,6,5,measured,1.0,0.25,,11,X,Y,5,2,5,5,0.625,2,"C00,W",0.0,0,0,,1,3,True,4,ok,e1_ladder,mpdag_criterion,True,"Conjecture 2 (hence Anti-Exchange Case B, verified not proved)","(('C00', 'Y'), ('C01', 'C00'), ('W', 'Y'), ('X', 'Y'))",0.0012663339999789969,0.01950958299994454,0.020775916999923538,,7,19,7,0,0.7,3.0,5,1
c06_s05_cov100_seed00000015_bw025,c06_s05_cov100_seed00000015,flip,fast_gate,6,5,measured,1.0,0.25,,15,X,Y,5,2,5,5,0.625,2,"C00,W",0.0,0,0,,1,3,True,4,ok,e1_ladder,mpdag_criterion,True,"Conjecture 2 (hence Anti-Exchange Case B, verified not proved)","(('C00', 'Y'), ('C01', 'C00'), ('W', 'Y'), ('X', 'Y'))",0.0006526249999296851,0.018627541000000747,0.019280165999930432,,7,19,7,0,0.7,3.0,5,1
c06_s05_cov100_seed00000019_bw025,c06_s05_cov100_seed00000019,flip,fast_gate,6,5,measured,1.0,0.25,,19,X,Y,5,2,5,5,0.625,2,"C00,W",0.0,0,0,,1,3,True,4,ok,e1_ladder,mpdag_criterion,True,"Conjecture 2 (hence Anti-Exchange Case B, verified not proved)","(('C00', 'Y'), ('C01', 'C00'), ('W', 'Y'), ('X', 'Y'))",0.001199624999912885,0.016313416999992114,0.017513041999905,,7,19,7,0,0.7,3.0,5,1
c06_s05_cov100_seed00000022_bw025,c06_s05_cov100_seed00000022,flip,fast_gate,6,5,measured,1.0,0.25,,22,X,Y,5,2,5,5,0.625,2,"C00,W",0.0,0,0,,1,3,True,4,ok,e1_ladder,mpdag_criterion,True,"Conjecture 2 (hence Anti-Exchange Case B, verified not proved)","(('C00', 'Y'), ('C01', 'C00'), ('W', 'Y'), ('X', 'Y'))",0.0006642499999998108,0.017604125000048043,0.018268375000047854,,7,19,7,0,0.7,3.0,5,1
c06_s05_cov100_seed00000029_bw025,c06_s05_cov100_seed00000029,flip,fast_gate,6,5,measured,1.0,0.25,,29,X,Y,5,2,5,5,0.625,2,"C00,W",0.0,0,0,,1,3,True,4,ok,e1_ladder,mpdag_criterion,True,"Conjecture 2 (hence Anti-Exchange Case B, verified not proved)","(('C00', 'Y'), ('C01', 'C00'), ('W', 'Y'), ('X', 'Y'))",0.0006444580000106725,0.01383479100002205,0.014479249000032723,,7,19,7,0,0.7,3.0,5,1
c06_s05_cov100_seed00000038_bw025,c06_s05_cov100_seed00000038,flip,fast_gate,6,5,measured,1.0,0.25,,38,X,Y,5,2,5,5,0.625,2,"C00,W",0.0,0,0,,1,3,True,4,ok,e1_ladder,mpdag_criterion,True,"Conjecture 2 (hence Anti-Exchange Case B, verified not proved)","(('C00', 'Y'), ('C01', 'C00'), ('W', 'Y'), ('X', 'Y'))",0.0012228750000531363,0.01642883299996356,0.017651708000016697,,7,19,7,0,0.7,3.0,5,1
c06_s05_cov100_seed00000041_bw025,c06_s05_cov100_seed00000041,flip,fast_gate,6,5,measured,1.0,0.25,,41,X,Y,5,2,5,5,0.625,2,"C00,W",0.0,0,0,,1,3,True,4,ok,e1_ladder,mpdag_criterion,True,"Conjecture 2 (hence Anti-Exchange Case B, verified not proved)","(('C00', 'Y'), ('C01', 'C00'), ('W', 'Y'), ('X', 'Y'))",0.0006652920000078666,0.012020375000020067,0.012685667000027934,,7,19,7,0,0.7,3.0,5,1
c06_s05_cov100_seed00000046_bw025,c06_s05_cov100_seed00000046,flip,fast_gate,6,5,measured,1.0,0.25,,46,X,Y,5,2,5,5,0.625,2,"C00,W",0.0,0,0,,1,3,True,4,ok,e1_ladder,mpdag_criterion,True,"Conjecture 2 (hence Anti-Exchange Case B, verified not proved)","(('C00', 'Y'), ('C01', 'C00'), ('W', 'Y'), ('X', 'Y'))",0.0010608750000073996,0.014662917000009656,0.015723792000017056,,7,19,7,0,0.7,3.0,5,1
c06_s05_cov100_seed00000048_bw025,c06_s05_cov100_seed00000048,flip,fast_gate,6,5,measured,1.0,0.25,,48,X,Y,5,2,5,5,0.625,2,"C00,W",0.0,0,0,,1,3,True,4,ok,e1_ladder,mpdag_criterion,True,"Conjecture 2 (hence Anti-Exchange Case B, verified not proved)","(('C00', 'Y'), ('C01', 'C00'), ('W', 'Y'), ('X', 'Y'))",0.0013120410000055927,0.014256875000000946,0.015568916000006539,,7,19,7,0,0.7,3.0,5,1
c06_s05_cov100_seed00000054_bw025,c06_s05_cov100_seed00000054,flip,fast_gate,6,5,measured,1.0,0.25,,54,X,Y,5,2,5,5,0.625,2,"C00,W",0.0,0,0,,1,3,True,4,ok,e1_ladder,mpdag_criterion,True,"Conjecture 2 (hence Anti-Exchange Case B, verified not proved)","(('C00', 'Y'), ('C01', 'C00'), ('W', 'Y'), ('X', 'Y'))",0.0006652920000078666,0.014152666000086356,0.014817958000094222,,7,19,7,0,0.7,3.0,5,1
c06_s05_cov100_seed00000055_bw025,c06_s05_cov100_seed00000055,flip,fast_gate,6,5,measured,1.0,0.25,,55,X,Y,5,2,5,5,0.625,2,"C00,W",0.0,0,0,,1,3,True,4,ok,e1_ladder,mpdag_criterion,True,"Conjecture 2 (hence Anti-Exchange Case B, verified not proved)","(('C00', 'Y'), ('C01', 'C00'), ('W', 'Y'), ('X', 'Y'))",0.0006536660000620031,0.014814708000017163,0.015468374000079166,,7,19,7,0,0.7,3.0,5,1
c06_s05_cov100_seed00000060_bw025,c06_s05_cov100_seed00000060,flip,fast_gate,6,5,measured,1.0,0.25,,60,X,Y,5,2,5,5,0.625,2,"C00,W",0.0,0,0,,1,3,True,4,ok,e1_ladder,mpdag_criterion,True,"Conjecture 2 (hence Anti-Exchange Case B, verified not proved)","(('C00', 'Y'), ('C01', 'C00'), ('W', 'Y'), ('X', 'Y'))",0.0011481660000072225,0.017522915999961697,0.01867108199996892,,7,19,7,0,0.7,3.0,5,1
c06_s05_cov100_seed00000067_bw025,c06_s05_cov100_seed00000067,flip,fast_gate,6,5,measured,1.0,0.25,,67,X,Y,5,2,5,5,0.625,2,"C00,W",0.0,0,0,,1,3,True,4,ok,e1_ladder,mpdag_criterion,True,"Conjecture 2 (hence Anti-Exchange Case B, verified not proved)","(('C00', 'Y'), ('C01', 'C00'), ('W', 'Y'), ('X', 'Y'))",0.0006448330000239366,0.012649540999973397,0.013294373999997333,,7,19,7,0,0.7,3.0,5,1
c06_s05_cov100_seed00000068_bw025,c06_s05_cov100_seed00000068,flip,fast_gate,6,5,measured,1.0,0.25,,68,X,Y,5,2,5,5,0.625,2,"C00,W",0.0,0,0,,1,3,True,4,ok,e1_ladder,mpdag_criterion,True,"Conjecture 2 (hence Anti-Exchange Case B, verified not proved)","(('C00', 'Y'), ('C01', 'C00'), ('W', 'Y'), ('X', 'Y'))",0.0011633749999191423,0.012942875000021559,0.014106249999940701,,7,19,7,0,0.7,3.0,5,1
c06_s05_cov100_seed00000078_bw025,c06_s05_cov100_seed00000078,flip,fast_gate,6,5,measured,1.0,0.25,,78,X,Y,5,2,5,5,0.625,2,"C00,W",0.0,0,0,,1,3,True,4,ok,e1_ladder,mpdag_criterion,True,"Conjecture 2 (hence Anti-Exchange Case B, verified not proved)","(('C00', 'Y'), ('C01', 'C00'), ('W', 'Y'), ('X', 'Y'))",0.0006279159999849071,0.019302457999970102,0.01993037399995501,,7,19,7,0,0.7,3.0,5,1
c06_s05_cov100_seed00000091_bw025,c06_s05_cov100_seed00000091,flip,fast_gate,6,5,measured,1.0,0.25,,91,X,Y,5,2,5,5,0.625,2,"C00,W",0.0,0,0,,1,3,True,4,ok,e1_ladder,mpdag_criterion,True,"Conjecture 2 (hence Anti-Exchange Case B, verified not proved)","(('C00', 'Y'), ('C01', 'C00'), ('W', 'Y'), ('X', 'Y'))",0.0011708330000601563,0.017350416999988738,0.018521250000048894,,7,19,7,0,0.7,3.0,5,1
c06_s05_cov100_seed00000095_bw025,c06_s05_cov100_seed00000095,flip,fast_gate,6,5,measured,1.0,0.25,,95,X,Y,5,2,5,5,0.625,2,"C00,W",0.0,0,0,,1,3,True,4,ok,e1_ladder,mpdag_criterion,True,"Conjecture 2 (hence Anti-Exchange Case B, verified not proved)","(('C00', 'Y'), ('C01', 'C00'), ('W', 'Y'), ('X', 'Y'))",0.000842541999986679,0.01672195800006193,0.01756450000004861,,7,19,7,0,0.7,3.0,5,1
c06_s05_cov100_seed00000100_bw025,c06_s05_cov100_seed00000100,flip,fast_gate,6,5,measured,1.0,0.25,,100,X,Y,5,2,5,5,0.625,2,"C00,W",0.0,0,0,,1,3,True,4,ok,e1_ladder,mpdag_criterion,True,"Conjecture 2 (hence Anti-Exchange Case B, verified not proved)","(('C00', 'Y'), ('C01', 'C00'), ('W', 'Y'), ('X', 'Y'))",0.0011510420000604427,0.017548166999972636,0.01869920900003308,,7,19,7,0,0.7,3.0,5,1
c06_s05_cov100_seed00000107_bw025,c06_s05_cov100_seed00000107,flip,fast_gate,6,5,measured,1.0,0.25,,107,X,Y,5,2,5,5,0.625,2,"C00,W",0.0,0,0,,1,3,True,4,ok,e1_ladder,mpdag_criterion,True,"Conjecture 2 (hence Anti-Exchange Case B, verified not proved)","(('C00', 'Y'), ('C01', 'C00'), ('W', 'Y'), ('X', 'Y'))",0.00065479200009122,0.013468333999981041,0.014123126000072261,,7,19,7,0,0.7,3.0,5,1
c06_s05_cov100_seed00000109_bw025,c06_s05_cov100_seed00000109,flip,fast_gate,6,5,measured,1.0,0.25,,109,X,Y,5,2,5,5,0.625,2,"C00,W",0.0,0,0,,1,3,True,4,ok,e1_ladder,mpdag_criterion,True,"Conjecture 2 (hence Anti-Exchange Case B, verified not proved)","(('C00', 'Y'), ('C01', 'C00'), ('W', 'Y'), ('X', 'Y'))",0.0006540000000541113,0.017650457999934588,0.0183044579999887,,7,19,7,0,0.7,3.0,5,1
c06_s05_cov100_seed00000110_bw025,c06_s05_cov100_seed00000110,flip,fast_gate,6,5,measured,1.0,0.25,,110,X,Y,5,2,5,5,0.625,2,"C00,W",0.0,0,0,,1,3,True,4,ok,e1_ladder,mpdag_criterion,True,"Conjecture 2 (hence Anti-Exchange Case B, verified not proved)","(('C00', 'Y'), ('C01', 'C00'), ('W', 'Y'), ('X', 'Y'))",0.0006420419999813021,0.01547370800005865,0.016115750000039952,,7,19,7,0,0.7,3.0,5,1
c06_s05_cov100_seed00000112_bw025,c06_s05_cov100_seed00000112,flip,fast_gate,6,5,measured,1.0,0.25,,112,X,Y,5,2,5,5,0.625,2,"C00,W",0.0,0,0,,1,3,True,4,ok,e1_ladder,mpdag_criterion,True,"Conjecture 2 (hence Anti-Exchange Case B, verified not proved)","(('C00', 'Y'), ('C01', 'C00'), ('W', 'Y'), ('X', 'Y'))",0.0006646250000130749,0.011899957999958133,0.012564582999971208,,7,19,7,0,0.7,3.0,5,1
c06_s05_cov100_seed00000121_bw025,c06_s05_cov100_seed00000121,flip,fast_gate,6,5,measured,1.0,0.25,,121,X,Y,5,2,5,5,0.625,2,"C00,W",0.0,0,0,,1,3,True,4,ok,e1_ladder,mpdag_criterion,True,"Conjecture 2 (hence Anti-Exchange Case B, verified not proved)","(('C00', 'Y'), ('C01', 'C00'), ('W', 'Y'), ('X', 'Y'))",0.0006583330000466958,0.011741375000042353,0.01239970800008905,,7,19,7,0,0.7,3.0,5,1
c06_s05_cov100_seed00000131_bw025,c06_s05_cov100_seed00000131,flip,fast_gate,6,5,measured,1.0,0.25,,131,X,Y,5,2,5,5,0.625,2,"C00,W",0.0,0,0,,1,3,True,4,ok,e1_ladder,mpdag_criterion,True,"Conjecture 2 (hence Anti-Exchange Case B, verified not proved)","(('C00', 'Y'), ('C01', 'C00'), ('W', 'Y'), ('X', 'Y'))",0.000641832999917824,0.01809470799992141,0.018736540999839235,,7,19,7,0,0.7,3.0,5,1
c06_s05_cov100_seed00000138_bw025,c06_s05_cov100_seed00000138,flip,fast_gate,6,5,measured,1.0,0.25,,138,X,Y,5,2,5,5,0.625,2,"C00,W",0.0,0,0,,1,3,True,4,ok,e1_ladder,mpdag_criterion,True,"Conjecture 2 (hence Anti-Exchange Case B, verified not proved)","(('C00', 'Y'), ('C01', 'C00'), ('W', 'Y'), ('X', 'Y'))",0.0011674170000333106,0.015912249999928463,0.017079666999961773,,7,19,7,0,0.7,3.0,5,1
c06_s05_cov100_seed00000167_bw025,c06_s05_cov100_seed00000167,flip,fast_gate,6,5,measured,1.0,0.25,,167,X,Y,5,2,5,5,0.625,2,"C00,W",0.0,0,0,,1,3,True,4,ok,e1_ladder,mpdag_criterion,True,"Conjecture 2 (hence Anti-Exchange Case B, verified not proved)","(('C00', 'Y'), ('C01', 'C00'), ('W', 'Y'), ('X', 'Y'))",0.002361542000016925,0.014999792000025991,0.017361334000042916,,7,19,7,0,0.7,3.0,5,1
c06_s05_cov100_seed00000171_bw025,c06_s05_cov100_seed00000171,flip,fast_gate,6,5,measured,1.0,0.25,,171,X,Y,5,2,5,5,0.625,2,"C00,W",0.0,0,0,,1,3,True,4,ok,e1_ladder,mpdag_criterion,True,"Conjecture 2 (hence Anti-Exchange Case B, verified not proved)","(('C00', 'Y'), ('C01', 'C00'), ('W', 'Y'), ('X', 'Y'))",0.0006560419999459555,0.015751915999999255,0.01640795799994521,,7,19,7,0,0.7,3.0,5,1
c06_s05_cov100_seed00000178_bw025,c06_s05_cov100_seed00000178,flip,fast_gate,6,5,measured,1.0,0.25,,178,X,Y,5,2,5,5,0.625,2,"C00,W",0.0,0,0,,1,3,True,4,ok,e1_ladder,mpdag_criterion,True,"Conjecture 2 (hence Anti-Exchange Case B, verified not proved)","(('C00', 'Y'), ('C01', 'C00'), ('W', 'Y'), ('X', 'Y'))",0.000644040999986828,0.019385082999974657,0.020029123999961485,,7,19,7,0,0.7,3.0,5,1
c06_s05_cov100_seed00000179_bw025,c06_s05_cov100_seed00000179,flip,fast_gate,6,5,measured,1.0,0.25,,179,X,Y,5,2,5,5,0.625,2,"C00,W",0.0,0,0,,1,3,True,4,ok,e1_ladder,mpdag_criterion,True,"Conjecture 2 (hence Anti-Exchange Case B, verified not proved)","(('C00', 'Y'), ('C01', 'C00'), ('W', 'Y'), ('X', 'Y'))",0.0013342920000241065,0.01873595799997929,0.020070250000003398,,7,19,7,0,0.7,3.0,5,1
c06_s05_cov100_seed00000185_bw025,c06_s05_cov100_seed00000185,flip,fast_gate,6,5,measured,1.0,0.25,,185,X,Y,5,2,5,5,0.625,2,"C00,W",0.0,0,0,,1,3,True,4,ok,e1_ladder,mpdag_criterion,True,"Conjecture 2 (hence Anti-Exchange Case B, verified not proved)","(('C00', 'Y'), ('C01', 'C00'), ('W', 'Y'), ('X', 'Y'))",0.0011636250000037762,0.021855624999943757,0.023019249999947533,,7,19,7,0,0.7,3.0,5,1
c06_s05_cov100_seed00000190_bw025,c06_s05_cov100_seed00000190,flip,fast_gate,6,5,measured,1.0,0.25,,190,X,Y,5,2,5,5,0.625,2,"C00,W",0.0,0,0,,1,3,True,4,ok,e1_ladder,mpdag_criterion,True,"Conjecture 2 (hence Anti-Exchange Case B, verified not proved)","(('C00', 'Y'), ('C01', 'C00'), ('W', 'Y'), ('X', 'Y'))",0.0012511669999639707,0.017348458000014944,0.018599624999978914,,7,19,7,0,0.7,3.0,5,1
c06_s05_cov100_seed00000196_bw025,c06_s05_cov100_seed00000196,flip,fast_gate,6,5,measured,1.0,0.25,,196,X,Y,5,2,5,5,0.625,2,"C00,W",0.0,0,0,,1,3,True,4,ok,e1_ladder,mpdag_criterion,True,"Conjecture 2 (hence Anti-Exchange Case B, verified not proved)","(('C00', 'Y'), ('C01', 'C00'), ('W', 'Y'), ('X', 'Y'))",0.0011805829999502748,0.01659441699996478,0.017774999999915053,,7,19,7,0,0.7,3.0,5,1
c06_s05_cov100_seed00000198_bw025,c06_s05_cov100_seed00000198,flip,fast_gate,6,5,measured,1.0,0.25,,198,X,Y,5,2,5,5,0.625,2,"C00,W",0.0,0,0,,1,3,True,4,ok,e1_ladder,mpdag_criterion,True,"Conjecture 2 (hence Anti-Exchange Case B, verified not proved)","(('C00', 'Y'), ('C01', 'C00'), ('W', 'Y'), ('X', 'Y'))",0.0006477499999846259,0.011834166999960871,0.012481916999945497,,7,19,7,0,0.7,3.0,5,1
c06_s05_cov100_seed00000203_bw025,c06_s05_cov100_seed00000203,flip,fast_gate,6,5,measured,1.0,0.25,,203,X,Y,5,2,5,5,0.625,2,"C00,W",0.0,0,0,,1,3,True,4,ok,e1_ladder,mpdag_criterion,True,"Conjecture 2 (hence Anti-Exchange Case B, verified not proved)","(('C00', 'Y'), ('C01', 'C00'), ('W', 'Y'), ('X', 'Y'))",0.0006684170000426093,0.015565666999918903,0.016234083999961513,,7,19,7,0,0.7,3.0,5,1
c06_s05_cov100_seed00000219_bw025,c06_s05_cov100_seed00000219,flip,fast_gate,6,5,measured,1.0,0.25,,219,X,Y,5,2,5,5,0.625,2,"C00,W",0.0,0,0,,1,3,True,4,ok,e1_ladder,mpdag_criterion,True,"Conjecture 2 (hence Anti-Exchange Case B, verified not proved)","(('C00', 'Y'), ('C01', 'C00'), ('W', 'Y'), ('X', 'Y'))",0.0011613340000167227,0.015664624999999432,0.016825959000016155,,7,19,7,0,0.7,3.0,5,1
c06_s05_cov100_seed00000224_bw025,c06_s05_cov100_seed00000224,flip,fast_gate,6,5,measured,1.0,0.25,,224,X,Y,5,2,5,5,0.625,2,"C00,W",0.0,0,0,,1,3,True,4,ok,e1_ladder,mpdag_criterion,True,"Conjecture 2 (hence Anti-Exchange Case B, verified not proved)","(('C00', 'Y'), ('C01', 'C00'), ('W', 'Y'), ('X', 'Y'))",0.002087584000037168,0.01824312500002634,0.020330709000063507,,7,19,7,0,0.7,3.0,5,1
c06_s05_cov100_seed00000225_bw025,c06_s05_cov100_seed00000225,flip,fast_gate,6,5,measured,1.0,0.25,,225,X,Y,5,2,5,5,0.625,2,"C00,W",0.0,0,0,,1,3,True,4,ok,e1_ladder,mpdag_criterion,True,"Conjecture 2 (hence Anti-Exchange Case B, verified not proved)","(('C00', 'Y'), ('C01', 'C00'), ('W', 'Y'), ('X', 'Y'))",0.001239582999915001,0.011835000000019136,0.013074582999934137,,7,19,7,0,0.7,3.0,5,1
c06_s05_cov100_seed00000230_bw025,c06_s05_cov100_seed00000230,flip,fast_gate,6,5,measured,1.0,0.25,,230,X,Y,5,2,5,5,0.625,2,"C00,W",0.0,0,0,,1,3,True,4,ok,e1_ladder,mpdag_criterion,True,"Conjecture 2 (hence Anti-Exchange Case B, verified not proved)","(('C00', 'Y'), ('C01', 'C00'), ('W', 'Y'), ('X', 'Y'))",0.0006483749999688371,0.016867625000031694,0.01751600000000053,,7,19,7,0,0.7,3.0,5,1
c06_s05_cov100_seed00000239_bw025,c06_s05_cov100_seed00000239,flip,fast_gate,6,5,measured,1.0,0.25,,239,X,Y,5,2,5,5,0.625,2,"C00,W",0.0,0,0,,1,3,True,4,ok,e1_ladder,mpdag_criterion,True,"Conjecture 2 (hence Anti-Exchange Case B, verified not proved)","(('C00', 'Y'), ('C01', 'C00'), ('W', 'Y'), ('X', 'Y'))",0.001233749999983047,0.023238915999968413,0.02447266599995146,,7,19,7,0,0.7,3.0,5,1
c06_s05_cov100_seed00000245_bw025,c06_s05_cov100_seed00000245,flip,fast_gate,6,5,measured,1.0,0.25,,245,X,Y,5,2,5,5,0.625,2,"C00,W",0.0,0,0,,1,3,True,4,ok,e1_ladder,mpdag_criterion,True,"Conjecture 2 (hence Anti-Exchange Case B, verified not proved)","(('C00', 'Y'), ('C01', 'C00'), ('W', 'Y'), ('X', 'Y'))",0.0006570420000571175,0.01257879199999934,0.013235834000056457,,7,19,7,0,0.7,3.0,5,1
