instance_id,arm,gate,component_size,separation,coverage,base_wrongness,n_tiers,d,n_eval,n_contradictory,S,S_contra_as_fail
c10_s01_cov100_seed00000011_tiered_nt2,tiered,fast_gate,10,1,,,2,0,3167,0,0.8320176823492264,0.8320176823492264
c10_s01_cov100_seed00000011_tiered_nt2,tiered,fast_gate,10,1,,,2,1,2213,0,0.7672842295526434,0.7672842295526434
c10_s01_cov100_seed00000011_tiered_nt2,tiered,fast_gate,10,1,,,2,2,1103,595,0.6799637352674524,0.4416961130742049
c10_s01_cov100_seed00000011_tiered_nt2,tiered,fast_gate,10,1,,,2,3,523,943,0.6424474187380497,0.2291950886766712
c10_s01_cov100_seed00000011_tiered_nt2,tiered,fast_gate,10,1,,,2,4,181,1162,0.7016574585635359,0.09456440804169769
c10_s01_cov100_seed00000011_tiered_nt2,tiered,fast_gate,10,1,,,2,5,25,761,0.8,0.02544529262086514
c10_s01_cov100_seed00000011_tiered_nt2,tiered,fast_gate,10,1,,,2,6,0,281,,0.0
c10_s01_cov100_seed00000011_tiered_nt2,tiered,fast_gate,10,1,,,2,7,0,46,,0.0
c10_s01_cov100_seed00000112_tiered_nt2,tiered,fast_gate,10,1,,,2,0,1910,0,0.8392670157068063,0.8392670157068063
c10_s01_cov100_seed00000112_tiered_nt2,tiered,fast_gate,10,1,,,2,1,1823,441,0.8326933625891387,0.6704946996466431
c10_s01_cov100_seed00000112_tiered_nt2,tiered,fast_gate,10,1,,,2,2,832,984,0.7139423076923077,0.32709251101321585
c10_s01_cov100_seed00000112_tiered_nt2,tiered,fast_gate,10,1,,,2,3,462,1028,0.6385281385281385,0.19798657718120805
c10_s01_cov100_seed00000112_tiered_nt2,tiered,fast_gate,10,1,,,2,4,198,1156,0.6414141414141414,0.09379615952732644
c10_s01_cov100_seed00000112_tiered_nt2,tiered,fast_gate,10,1,,,2,5,69,954,0.7536231884057971,0.05083088954056696
c10_s01_cov100_seed00000112_tiered_nt2,tiered,fast_gate,10,1,,,2,6,14,694,0.7142857142857143,0.014124293785310734
c10_s01_cov100_seed00000112_tiered_nt2,tiered,fast_gate,10,1,,,2,7,0,327,,0.0
c10_s01_cov100_seed00000112_tiered_nt2,tiered,fast_gate,10,1,,,2,8,0,99,,0.0
c10_s01_cov100_seed00000112_tiered_nt2,tiered,fast_gate,10,1,,,2,9,0,9,,0.0
c10_s01_cov100_seed00000157_tiered_nt2,tiered,fast_gate,10,1,,,2,0,3236,0,0.818912237330037,0.818912237330037
c10_s01_cov100_seed00000157_tiered_nt2,tiered,fast_gate,10,1,,,2,1,2372,0,0.7748735244519392,0.7748735244519392
c10_s01_cov100_seed00000157_tiered_nt2,tiered,fast_gate,10,1,,,2,2,1196,381,0.6680602006688964,0.5066582117945466
c10_s01_cov100_seed00000157_tiered_nt2,tiered,fast_gate,10,1,,,2,3,544,823,0.6691176470588235,0.26627651792245793
c10_s01_cov100_seed00000157_tiered_nt2,tiered,fast_gate,10,1,,,2,4,152,1065,0.756578947368421,0.09449465899753492
c10_s01_cov100_seed00000157_tiered_nt2,tiered,fast_gate,10,1,,,2,5,9,754,0.8888888888888888,0.010484927916120577
c10_s01_cov100_seed00000157_tiered_nt2,tiered,fast_gate,10,1,,,2,6,0,350,,0.0
c10_s01_cov100_seed00000157_tiered_nt2,tiered,fast_gate,10,1,,,2,7,0,98,,0.0
c10_s01_cov100_seed00000157_tiered_nt2,tiered,fast_gate,10,1,,,2,8,0,18,,0.0
c10_s01_cov100_seed00000157_tiered_nt2,tiered,fast_gate,10,1,,,2,9,0,2,,0.0
c10_s01_cov100_seed00000185_tiered_nt2,tiered,fast_gate,10,1,,,2,0,1851,0,0.9789303079416531,0.9789303079416531
c10_s01_cov100_seed00000185_tiered_nt2,tiered,fast_gate,10,1,,,2,1,2285,0,0.8954048140043763,0.8954048140043763
c10_s01_cov100_seed00000185_tiered_nt2,tiered,fast_gate,10,1,,,2,2,1752,297,0.6067351598173516,0.5187896534895071
c10_s01_cov100_seed00000185_tiered_nt2,tiered,fast_gate,10,1,,,2,3,1014,658,0.4822485207100592,0.29246411483253587
c10_s01_cov100_seed00000185_tiered_nt2,tiered,fast_gate,10,1,,,2,4,415,898,0.39518072289156625,0.12490479817212491
c10_s01_cov100_seed00000185_tiered_nt2,tiered,fast_gate,10,1,,,2,5,80,627,0.1125,0.01272984441301273
c10_s01_cov100_seed00000185_tiered_nt2,tiered,fast_gate,10,1,,,2,6,4,613,0.0,0.0
c10_s01_cov100_seed00000185_tiered_nt2,tiered,fast_gate,10,1,,,2,7,0,385,,0.0
c10_s01_cov100_seed00000185_tiered_nt2,tiered,fast_gate,10,1,,,2,8,0,108,,0.0
c10_s01_cov100_seed00000185_tiered_nt2,tiered,fast_gate,10,1,,,2,9,0,13,,0.0
c10_s01_cov100_seed00000216_tiered_nt2,tiered,fast_gate,10,1,,,2,0,1371,0,0.9934354485776805,0.9934354485776805
c10_s01_cov100_seed00000216_tiered_nt2,tiered,fast_gate,10,1,,,2,1,1208,257,0.793046357615894,0.653924914675768
c10_s01_cov100_seed00000216_tiered_nt2,tiered,fast_gate,10,1,,,2,2,484,879,0.493801652892562,0.17534849596478358
c10_s01_cov100_seed00000216_tiered_nt2,tiered,fast_gate,10,1,,,2,3,304,1177,0.17434210526315788,0.03578663065496286
c10_s01_cov100_seed00000216_tiered_nt2,tiered,fast_gate,10,1,,,2,4,235,1724,0.05531914893617021,0.006636038795303726
c10_s01_cov100_seed00000216_tiered_nt2,tiered,fast_gate,10,1,,,2,5,141,1410,0.0,0.0
c10_s01_cov100_seed00000216_tiered_nt2,tiered,fast_gate,10,1,,,2,6,23,1001,0.0,0.0
c10_s01_cov100_seed00000216_tiered_nt2,tiered,fast_gate,10,1,,,2,7,0,567,,0.0
c10_s01_cov100_seed00000216_tiered_nt2,tiered,fast_gate,10,1,,,2,8,0,190,,0.0
c10_s01_cov100_seed00000216_tiered_nt2,tiered,fast_gate,10,1,,,2,9,0,29,,0.0
c10_s01_cov100_seed00000259_tiered_nt2,tiered,fast_gate,10,1,,,2,0,1355,0,0.9918819188191882,0.9918819188191882
c10_s01_cov100_seed00000259_tiered_nt2,tiered,fast_gate,10,1,,,2,1,1223,331,0.759607522485691,0.5978120978120978
c10_s01_cov100_seed00000259_tiered_nt2,tiered,fast_gate,10,1,,,2,2,577,1351,0.45753899480069327,0.13692946058091288
c10_s01_cov100_seed00000259_tiered_nt2,tiered,fast_gate,10,1,,,2,3,228,1626,0.23684210526315788,0.02912621359223301
c10_s01_cov100_seed00000259_tiered_nt2,tiered,fast_gate,10,1,,,2,4,64,1790,0.1875,0.006472491909385114
c10_s01_cov100_seed00000259_tiered_nt2,tiered,fast_gate,10,1,,,2,5,5,1300,0.0,0.0
c10_s01_cov100_seed00000259_tiered_nt2,tiered,fast_gate,10,1,,,2,6,0,774,,0.0
c10_s01_cov100_seed00000259_tiered_nt2,tiered,fast_gate,10,1,,,2,7,0,287,,0.0
c10_s01_cov100_seed00000259_tiered_nt2,tiered,fast_gate,10,1,,,2,8,0,84,,0.0
c10_s01_cov100_seed00000259_tiered_nt2,tiered,fast_gate,10,1,,,2,9,0,5,,0.0
c10_s01_cov100_seed00000273_tiered_nt2,tiered,fast_gate,10,1,,,2,0,1919,0,0.8415841584158416,0.8415841584158416
c10_s01_cov100_seed00000273_tiered_nt2,tiered,fast_gate,10,1,,,2,1,1784,424,0.8228699551569507,0.6648550724637681
c10_s01_cov100_seed00000273_tiered_nt2,tiered,fast_gate,10,1,,,2,2,842,1109,0.7137767220902613,0.3080471553049718
c10_s01_cov100_seed00000273_tiered_nt2,tiered,fast_gate,10,1,,,2,3,300,1531,0.69,0.11305297651556527
c10_s01_cov100_seed00000273_tiered_nt2,tiered,fast_gate,10,1,,,2,4,38,1589,0.7105263157894737,0.016594960049170254
c10_s01_cov100_seed00000273_tiered_nt2,tiered,fast_gate,10,1,,,2,5,0,964,,0.0
c10_s01_cov100_seed00000273_tiered_nt2,tiered,fast_gate,10,1,,,2,6,0,429,,0.0
c10_s01_cov100_seed00000273_tiered_nt2,tiered,fast_gate,10,1,,,2,7,0,68,,0.0
c10_s01_cov100_seed00000273_tiered_nt2,tiered,fast_gate,10,1,,,2,8,0,3,,0.0
c10_s01_cov100_seed00000311_tiered_nt2,tiered,fast_gate,10,1,,,2,0,1703,0,0.9571344685848503,0.9571344685848503
c10_s01_cov100_seed00000311_tiered_nt2,tiered,fast_gate,10,1,,,2,1,2171,293,0.7959465684016582,0.7012987012987013
c10_s01_cov100_seed00000311_tiered_nt2,tiered,fast_gate,10,1,,,2,2,1444,386,0.6558171745152355,0.5174863387978142
c10_s01_cov100_seed00000311_tiered_nt2,tiered,fast_gate,10,1,,,2,3,1010,493,0.6435643564356436,0.4324683965402528
c10_s01_cov100_seed00000311_tiered_nt2,tiered,fast_gate,10,1,,,2,4,644,714,0.6428571428571429,0.30486008836524303
c10_s01_cov100_seed00000311_tiered_nt2,tiered,fast_gate,10,1,,,2,5,261,509,0.5900383141762452,0.2
c10_s01_cov100_seed00000311_tiered_nt2,tiered,fast_gate,10,1,,,2,6,73,582,0.5205479452054794,0.05801526717557252
c10_s01_cov100_seed00000311_tiered_nt2,tiered,fast_gate,10,1,,,2,7,4,377,0.5,0.005249343832020997
c10_s01_cov100_seed00000311_tiered_nt2,tiered,fast_gate,10,1,,,2,8,0,236,,0.0
c10_s01_cov100_seed00000311_tiered_nt2,tiered,fast_gate,10,1,,,2,9,0,100,,0.0
c10_s01_cov100_seed00000345_tiered_nt2,tiered,fast_gate,10,1,,,2,0,1790,0,0.9581005586592178,0.9581005586592178
c10_s01_cov100_seed00000345_tiered_nt2,tiered,fast_gate,10,1,,,2,1,2176,306,0.7853860294117647,0.6885576148267526
c10_s01_cov100_seed00000345_tiered_nt2,tiered,fast_gate,10,1,,,2,2,1389,589,0.5615550755939525,0.3943377148634985
c10_s01_cov100_seed00000345_tiered_nt2,tiered,fast_gate,10,1,,,2,3,578,980,0.42214532871972316,0.15661103979460847
c10_s01_cov100_seed00000345_tiered_nt2,tiered,fast_gate,10,1,,,2,4,195,1285,0.2205128205128205,0.029054054054054056
c10_s01_cov100_seed00000345_tiered_nt2,tiered,fast_gate,10,1,,,2,5,20,972,0.0,0.0
c10_s01_cov100_seed00000345_tiered_nt2,tiered,fast_gate,10,1,,,2,6,0,530,,0.0
c10_s01_cov100_seed00000345_tiered_nt2,tiered,fast_gate,10,1,,,2,7,0,159,,0.0
c10_s01_cov100_seed00000345_tiered_nt2,tiered,fast_gate,10,1,,,2,8,0,31,,0.0
c10_s01_cov100_seed00000348_tiered_nt2,tiered,fast_gate,10,1,,,2,0,1432,0,0.9902234636871509,0.9902234636871509
c10_s01_cov100_seed00000348_tiered_nt2,tiered,fast_gate,10,1,,,2,1,1564,538,0.7960358056265985,0.5922930542340628
c10_s01_cov100_seed00000348_tiered_nt2,tiered,fast_gate,10,1,,,2,2,784,967,0.5051020408163265,0.22615648201027985
c10_s01_cov100_seed00000348_tiered_nt2,tiered,fast_gate,10,1,,,2,3,424,1235,0.3561320754716981,0.09101868595539482
c10_s01_cov100_seed00000348_tiered_nt2,tiered,fast_gate,10,1,,,2,4,203,1460,0.31527093596059114,0.03848466626578473
c10_s01_cov100_seed00000348_tiered_nt2,tiered,fast_gate,10,1,,,2,5,73,1075,0.3561643835616438,0.02264808362369338
c10_s01_cov100_seed00000348_tiered_nt2,tiered,fast_gate,10,1,,,2,6,25,750,0.28,0.00903225806451613
c10_s01_cov100_seed00000348_tiered_nt2,tiered,fast_gate,10,1,,,2,7,2,324,0.0,0.0
c10_s01_cov100_seed00000348_tiered_nt2,tiered,fast_gate,10,1,,,2,8,0,118,,0.0
c10_s01_cov100_seed00000348_tiered_nt2,tiered,fast_gate,10,1,,,2,9,0,26,,0.0
c10_s01_cov100_seed00000356_tiered_nt2,tiered,fast_gate,10,1,,,2,0,1643,0,0.9860012172854534,0.9860012172854534
c10_s01_cov100_seed00000356_tiered_nt2,tiered,fast_gate,10,1,,,2,1,1161,272,0.9646856158484065,0.7815771109560363
c10_s01_cov100_seed00000356_tiered_nt2,tiered,fast_gate,10,1,,,2,2,703,812,0.4423897581792319,0.20528052805280528
c10_s01_cov100_seed00000356_tiered_nt2,tiered,fast_gate,10,1,,,2,3,546,1331,0.1391941391941392,0.040490143846563666
c10_s01_cov100_seed00000356_tiered_nt2,tiered,fast_gate,10,1,,,2,4,364,1505,0.019230769230769232,0.003745318352059925
c10_s01_cov100_seed00000356_tiered_nt2,tiered,fast_gate,10,1,,,2,5,154,1115,0.0,0.0
c10_s01_cov100_seed00000356_tiered_nt2,tiered,fast_gate,10,1,,,2,6,30,865,0.0,0.0
c10_s01_cov100_seed00000356_tiered_nt2,tiered,fast_gate,10,1,,,2,7,1,426,0.0,0.0
c10_s01_cov100_seed00000356_tiered_nt2,tiered,fast_gate,10,1,,,2,8,0,72,,0.0
c10_s01_cov100_seed00000443_tiered_nt2,tiered,fast_gate,10,1,,,2,0,3191,0,0.8314008147916013,0.8314008147916013
c10_s01_cov100_seed00000443_tiered_nt2,tiered,fast_gate,10,1,,,2,1,2283,0,0.7726675427069645,0.7726675427069645
c10_s01_cov100_seed00000443_tiered_nt2,tiered,fast_gate,10,1,,,2,2,964,676,0.6877593360995851,0.40426829268292686
c10_s01_cov100_seed00000443_tiered_nt2,tiered,fast_gate,10,1,,,2,3,350,1237,0.6514285714285715,0.14366729678638943
c10_s01_cov100_seed00000443_tiered_nt2,tiered,fast_gate,10,1,,,2,4,90,1394,0.7222222222222222,0.04380053908355795
c10_s01_cov100_seed00000443_tiered_nt2,tiered,fast_gate,10,1,,,2,5,2,668,1.0,0.0029850746268656717
c10_s01_cov100_seed00000443_tiered_nt2,tiered,fast_gate,10,1,,,2,6,0,144,,0.0
c10_s01_cov100_seed00000443_tiered_nt2,tiered,fast_gate,10,1,,,2,7,0,1,,0.0
c10_s01_cov100_seed00000001_tiered_nt3,tiered,fast_gate,10,1,,,3,0,1654,0,0.9933494558645707,0.9933494558645707
c10_s01_cov100_seed00000001_tiered_nt3,tiered,fast_gate,10,1,,,3,1,1212,498,0.9612211221122112,0.6812865497076024
c10_s01_cov100_seed00000001_tiered_nt3,tiered,fast_gate,10,1,,,3,2,687,1261,0.6637554585152838,0.23408624229979466
c10_s01_cov100_seed00000001_tiered_nt3,tiered,fast_gate,10,1,,,3,3,316,1458,0.5443037974683544,0.09695603156708005
c10_s01_cov100_seed00000001_tiered_nt3,tiered,fast_gate,10,1,,,3,4,110,1376,0.4636363636363636,0.034320323014804845
c10_s01_cov100_seed00000001_tiered_nt3,tiered,fast_gate,10,1,,,3,5,13,1057,0.15384615384615385,0.001869158878504673
c10_s01_cov100_seed00000001_tiered_nt3,tiered,fast_gate,10,1,,,3,6,0,677,,0.0
c10_s01_cov100_seed00000001_tiered_nt3,tiered,fast_gate,10,1,,,3,7,0,418,,0.0
c10_s01_cov100_seed00000001_tiered_nt3,tiered,fast_gate,10,1,,,3,8,0,213,,0.0
c10_s01_cov100_seed00000001_tiered_nt3,tiered,fast_gate,10,1,,,3,9,0,46,,0.0
c10_s01_cov100_seed00000001_tiered_nt3,tiered,fast_gate,10,1,,,3,10,0,4,,0.0
c10_s01_cov100_seed00000002_tiered_nt3,tiered,fast_gate,10,1,,,3,0,2262,0,0.9920424403183024,0.9920424403183024
c10_s01_cov100_seed00000002_tiered_nt3,tiered,fast_gate,10,1,,,3,1,1659,432,0.9300783604581073,0.7379244380679101
c10_s01_cov100_seed00000002_tiered_nt3,tiered,fast_gate,10,1,,,3,2,1203,941,0.6517040731504572,0.3656716417910448
c10_s01_cov100_seed00000002_tiered_nt3,tiered,fast_gate,10,1,,,3,3,503,949,0.614314115308151,0.2128099173553719
c10_s01_cov100_seed00000002_tiered_nt3,tiered,fast_gate,10,1,,,3,4,173,899,0.48554913294797686,0.07835820895522388
c10_s01_cov100_seed00000002_tiered_nt3,tiered,fast_gate,10,1,,,3,5,32,903,0.3125,0.0106951871657754
c10_s01_cov100_seed00000002_tiered_nt3,tiered,fast_gate,10,1,,,3,6,4,552,0.0,0.0
c10_s01_cov100_seed00000002_tiered_nt3,tiered,fast_gate,10,1,,,3,7,0,302,,0.0
c10_s01_cov100_seed00000002_tiered_nt3,tiered,fast_gate,10,1,,,3,8,0,149,,0.0
c10_s01_cov100_seed00000002_tiered_nt3,tiered,fast_gate,10,1,,,3,9,0,36,,0.0
c10_s01_cov100_seed00000002_tiered_nt3,tiered,fast_gate,10,1,,,3,10,0,1,,0.0
c10_s01_cov100_seed00000004_tiered_nt3,tiered,fast_gate,10,1,,,3,0,1359,0,0.9977924944812362,0.9977924944812362
c10_s01_cov100_seed00000004_tiered_nt3,tiered,fast_gate,10,1,,,3,1,808,727,0.8193069306930693,0.43127035830618893
c10_s01_cov100_seed00000004_tiered_nt3,tiered,fast_gate,10,1,,,3,2,462,1125,0.816017316017316,0.2375551354757404
c10_s01_cov100_seed00000004_tiered_nt3,tiered,fast_gate,10,1,,,3,3,213,1554,0.6666666666666666,0.08036219581211092
c10_s01_cov100_seed00000004_tiered_nt3,tiered,fast_gate,10,1,,,3,4,75,1703,0.3466666666666667,0.014623172103487065
c10_s01_cov100_seed00000004_tiered_nt3,tiered,fast_gate,10,1,,,3,5,19,1436,0.0,0.0
c10_s01_cov100_seed00000004_tiered_nt3,tiered,fast_gate,10,1,,,3,6,1,905,0.0,0.0
c10_s01_cov100_seed00000004_tiered_nt3,tiered,fast_gate,10,1,,,3,7,0,435,,0.0
c10_s01_cov100_seed00000004_tiered_nt3,tiered,fast_gate,10,1,,,3,8,0,147,,0.0
c10_s01_cov100_seed00000004_tiered_nt3,tiered,fast_gate,10,1,,,3,9,0,29,,0.0
c10_s01_cov100_seed00000004_tiered_nt3,tiered,fast_gate,10,1,,,3,10,0,2,,0.0
c10_s01_cov100_seed00000007_tiered_nt3,tiered,fast_gate,10,1,,,3,0,1522,0,0.9967148488830486,0.9967148488830486
c10_s01_cov100_seed00000007_tiered_nt3,tiered,fast_gate,10,1,,,3,1,1181,575,0.9754445385266723,0.6560364464692483
c10_s01_cov100_seed00000007_tiered_nt3,tiered,fast_gate,10,1,,,3,2,549,1098,0.7905282331511839,0.26350941105039466
c10_s01_cov100_seed00000007_tiered_nt3,tiered,fast_gate,10,1,,,3,3,467,1472,0.3683083511777302,0.0887055183084064
c10_s01_cov100_seed00000007_tiered_nt3,tiered,fast_gate,10,1,,,3,4,231,1596,0.1341991341991342,0.016967706622879036
c10_s01_cov100_seed00000007_tiered_nt3,tiered,fast_gate,10,1,,,3,5,72,1208,0.05555555555555555,0.003125
c10_s01_cov100_seed00000007_tiered_nt3,tiered,fast_gate,10,1,,,3,6,13,676,0.0,0.0
c10_s01_cov100_seed00000007_tiered_nt3,tiered,fast_gate,10,1,,,3,7,1,252,0.0,0.0
c10_s01_cov100_seed00000007_tiered_nt3,tiered,fast_gate,10,1,,,3,8,0,76,,0.0
c10_s01_cov100_seed00000007_tiered_nt3,tiered,fast_gate,10,1,,,3,9,0,11,,0.0
c10_s01_cov100_seed00000010_tiered_nt3,tiered,fast_gate,10,1,,,3,0,1419,0,0.992952783650458,0.992952783650458
c10_s01_cov100_seed00000010_tiered_nt3,tiered,fast_gate,10,1,,,3,1,1304,494,0.9677914110429447,0.7018909899888766
c10_s01_cov100_seed00000010_tiered_nt3,tiered,fast_gate,10,1,,,3,2,773,1216,0.7102199223803364,0.27601809954751133
c10_s01_cov100_seed00000010_tiered_nt3,tiered,fast_gate,10,1,,,3,3,367,1329,0.6049046321525886,0.13089622641509435
c10_s01_cov100_seed00000010_tiered_nt3,tiered,fast_gate,10,1,,,3,4,144,1311,0.5277777777777778,0.05223367697594502
c10_s01_cov100_seed00000010_tiered_nt3,tiered,fast_gate,10,1,,,3,5,22,1119,0.4090909090909091,0.007887817703768623
c10_s01_cov100_seed00000010_tiered_nt3,tiered,fast_gate,10,1,,,3,6,1,707,0.0,0.0
c10_s01_cov100_seed00000010_tiered_nt3,tiered,fast_gate,10,1,,,3,7,0,479,,0.0
c10_s01_cov100_seed00000010_tiered_nt3,tiered,fast_gate,10,1,,,3,8,0,225,,0.0
c10_s01_cov100_seed00000010_tiered_nt3,tiered,fast_gate,10,1,,,3,9,0,67,,0.0
c10_s01_cov100_seed00000010_tiered_nt3,tiered,fast_gate,10,1,,,3,10,0,21,,0.0
c10_s01_cov100_seed00000010_tiered_nt3,tiered,fast_gate,10,1,,,3,11,0,2,,0.0
c10_s01_cov100_seed00000011_tiered_nt3,tiered,fast_gate,10,1,,,3,0,3941,0,0.9028165440243593,0.9028165440243593
c10_s01_cov100_seed00000011_tiered_nt3,tiered,fast_gate,10,1,,,3,1,1513,858,0.8849966953073364,0.5647406157739351
c10_s01_cov100_seed00000011_tiered_nt3,tiered,fast_gate,10,1,,,3,2,916,877,0.8569868995633187,0.437813720022309
c10_s01_cov100_seed00000011_tiered_nt3,tiered,fast_gate,10,1,,,3,3,285,693,0.8771929824561403,0.2556237218813906
c10_s01_cov100_seed00000011_tiered_nt3,tiered,fast_gate,10,1,,,3,4,77,437,0.8311688311688312,0.1245136186770428
c10_s01_cov100_seed00000011_tiered_nt3,tiered,fast_gate,10,1,,,3,5,5,451,1.0,0.010964912280701754
c10_s01_cov100_seed00000011_tiered_nt3,tiered,fast_gate,10,1,,,3,6,0,565,,0.0
c10_s01_cov100_seed00000011_tiered_nt3,tiered,fast_gate,10,1,,,3,7,0,298,,0.0
c10_s01_cov100_seed00000011_tiered_nt3,tiered,fast_gate,10,1,,,3,8,0,73,,0.0
c10_s01_cov100_seed00000011_tiered_nt3,tiered,fast_gate,10,1,,,3,9,0,11,,0.0
c10_s01_cov100_seed00000014_tiered_nt3,tiered,fast_gate,10,1,,,3,0,1908,0,0.9874213836477987,0.9874213836477987
c10_s01_cov100_seed00000014_tiered_nt3,tiered,fast_gate,10,1,,,3,1,951,688,0.7844374342797056,0.45515558267236117
c10_s01_cov100_seed00000014_tiered_nt3,tiered,fast_gate,10,1,,,3,2,436,1419,0.7545871559633027,0.17735849056603772
c10_s01_cov100_seed00000014_tiered_nt3,tiered,fast_gate,10,1,,,3,3,117,1972,0.5982905982905983,0.03350885591191958
c10_s01_cov100_seed00000014_tiered_nt3,tiered,fast_gate,10,1,,,3,4,15,1546,0.3333333333333333,0.0032030749519538757
c10_s01_cov100_seed00000014_tiered_nt3,tiered,fast_gate,10,1,,,3,5,0,1097,,0.0
c10_s01_cov100_seed00000014_tiered_nt3,tiered,fast_gate,10,1,,,3,6,0,622,,0.0
c10_s01_cov100_seed00000014_tiered_nt3,tiered,fast_gate,10,1,,,3,7,0,207,,0.0
c10_s01_cov100_seed00000014_tiered_nt3,tiered,fast_gate,10,1,,,3,8,0,21,,0.0
c10_s01_cov100_seed00000014_tiered_nt3,tiered,fast_gate,10,1,,,3,9,0,1,,0.0
c10_s01_cov100_seed00000015_tiered_nt3,tiered,fast_gate,10,1,,,3,0,2245,0,0.9844097995545658,0.9844097995545658
c10_s01_cov100_seed00000015_tiered_nt3,tiered,fast_gate,10,1,,,3,1,1420,1002,0.7718309859154929,0.45251857968620973
c10_s01_cov100_seed00000015_tiered_nt3,tiered,fast_gate,10,1,,,3,2,479,1462,0.6597077244258872,0.1628026790314271
c10_s01_cov100_seed00000015_tiered_nt3,tiered,fast_gate,10,1,,,3,3,111,1428,0.6036036036036037,0.043534762833008445
c10_s01_cov100_seed00000015_tiered_nt3,tiered,fast_gate,10,1,,,3,4,25,1313,0.52,0.009715994020926755
c10_s01_cov100_seed00000015_tiered_nt3,tiered,fast_gate,10,1,,,3,5,0,899,,0.0
c10_s01_cov100_seed00000015_tiered_nt3,tiered,fast_gate,10,1,,,3,6,0,447,,0.0
c10_s01_cov100_seed00000015_tiered_nt3,tiered,fast_gate,10,1,,,3,7,0,140,,0.0
c10_s01_cov100_seed00000015_tiered_nt3,tiered,fast_gate,10,1,,,3,8,0,25,,0.0
c10_s01_cov100_seed00000015_tiered_nt3,tiered,fast_gate,10,1,,,3,9,0,4,,0.0
c10_s01_cov100_seed00000019_tiered_nt3,tiered,fast_gate,10,1,,,3,0,2552,0,0.9725705329153606,0.9725705329153606
c10_s01_cov100_seed00000019_tiered_nt3,tiered,fast_gate,10,1,,,3,1,1106,985,0.7278481012658228,0.3849832615973219
c10_s01_cov100_seed00000019_tiered_nt3,tiered,fast_gate,10,1,,,3,2,279,1783,0.45878136200716846,0.06207565470417071
c10_s01_cov100_seed00000019_tiered_nt3,tiered,fast_gate,10,1,,,3,3,44,1944,0.4090909090909091,0.009054325955734407
c10_s01_cov100_seed00000019_tiered_nt3,tiered,fast_gate,10,1,,,3,4,6,1352,0.6666666666666666,0.0029455081001472753
c10_s01_cov100_seed00000019_tiered_nt3,tiered,fast_gate,10,1,,,3,5,0,719,,0.0
c10_s01_cov100_seed00000019_tiered_nt3,tiered,fast_gate,10,1,,,3,6,0,190,,0.0
c10_s01_cov100_seed00000019_tiered_nt3,tiered,fast_gate,10,1,,,3,7,0,39,,0.0
c10_s01_cov100_seed00000019_tiered_nt3,tiered,fast_gate,10,1,,,3,8,0,1,,0.0
c10_s01_cov100_seed00000020_tiered_nt3,tiered,fast_gate,10,1,,,3,0,2267,0,0.9933833259814733,0.9933833259814733
c10_s01_cov100_seed00000020_tiered_nt3,tiered,fast_gate,10,1,,,3,1,1599,427,0.9305816135084428,0.7344521224086871
c10_s01_cov100_seed00000020_tiered_nt3,tiered,fast_gate,10,1,,,3,2,1010,1129,0.6188118811881188,0.292192613370734
c10_s01_cov100_seed00000020_tiered_nt3,tiered,fast_gate,10,1,,,3,3,541,1048,0.5138632162661737,0.1749528005034613
c10_s01_cov100_seed00000020_tiered_nt3,tiered,fast_gate,10,1,,,3,4,197,856,0.4619289340101523,0.08641975308641975
c10_s01_cov100_seed00000020_tiered_nt3,tiered,fast_gate,10,1,,,3,5,43,850,0.23255813953488372,0.011198208286674132
c10_s01_cov100_seed00000020_tiered_nt3,tiered,fast_gate,10,1,,,3,6,1,558,0.0,0.0
c10_s01_cov100_seed00000020_tiered_nt3,tiered,fast_gate,10,1,,,3,7,0,307,,0.0
c10_s01_cov100_seed00000020_tiered_nt3,tiered,fast_gate,10,1,,,3,8,0,129,,0.0
c10_s01_cov100_seed00000020_tiered_nt3,tiered,fast_gate,10,1,,,3,9,0,36,,0.0
c10_s01_cov100_seed00000020_tiered_nt3,tiered,fast_gate,10,1,,,3,10,0,2,,0.0
c10_s01_cov100_seed00000021_tiered_nt3,tiered,fast_gate,10,1,,,3,0,1771,0,0.9943534726143421,0.9943534726143421
c10_s01_cov100_seed00000021_tiered_nt3,tiered,fast_gate,10,1,,,3,1,1379,312,0.9441624365482234,0.7699586043761089
c10_s01_cov100_seed00000021_tiered_nt3,tiered,fast_gate,10,1,,,3,2,777,1304,0.6447876447876448,0.2407496395963479
c10_s01_cov100_seed00000021_tiered_nt3,tiered,fast_gate,10,1,,,3,3,290,1322,0.4724137931034483,0.08498759305210918
c10_s01_cov100_seed00000021_tiered_nt3,tiered,fast_gate,10,1,,,3,4,53,1593,0.3018867924528302,0.009720534629404616
c10_s01_cov100_seed00000021_tiered_nt3,tiered,fast_gate,10,1,,,3,5,10,1111,0.0,0.0
c10_s01_cov100_seed00000021_tiered_nt3,tiered,fast_gate,10,1,,,3,6,0,700,,0.0
c10_s01_cov100_seed00000021_tiered_nt3,tiered,fast_gate,10,1,,,3,7,0,289,,0.0
c10_s01_cov100_seed00000021_tiered_nt3,tiered,fast_gate,10,1,,,3,8,0,85,,0.0
c10_s01_cov100_seed00000021_tiered_nt3,tiered,fast_gate,10,1,,,3,9,0,4,,0.0
c10_s01_cov100_seed00000022_tiered_nt3,tiered,fast_gate,10,1,,,3,0,1857,0,0.9956919763058697,0.9956919763058697
c10_s01_cov100_seed00000022_tiered_nt3,tiered,fast_gate,10,1,,,3,1,1746,411,0.9593356242840779,0.7765414928140937
c10_s01_cov100_seed00000022_tiered_nt3,tiered,fast_gate,10,1,,,3,2,1024,1149,0.71484375,0.3368614818223654
c10_s01_cov100_seed00000022_tiered_nt3,tiered,fast_gate,10,1,,,3,3,447,1163,0.5838926174496645,0.16211180124223604
c10_s01_cov100_seed00000022_tiered_nt3,tiered,fast_gate,10,1,,,3,4,113,944,0.4247787610619469,0.04541154210028382
c10_s01_cov100_seed00000022_tiered_nt3,tiered,fast_gate,10,1,,,3,5,13,635,0.15384615384615385,0.0030864197530864196
c10_s01_cov100_seed00000022_tiered_nt3,tiered,fast_gate,10,1,,,3,6,0,671,,0.0
c10_s01_cov100_seed00000022_tiered_nt3,tiered,fast_gate,10,1,,,3,7,0,484,,0.0
c10_s01_cov100_seed00000022_tiered_nt3,tiered,fast_gate,10,1,,,3,8,0,259,,0.0
c10_s01_cov100_seed00000022_tiered_nt3,tiered,fast_gate,10,1,,,3,9,0,67,,0.0
c10_s01_cov100_seed00000022_tiered_nt3,tiered,fast_gate,10,1,,,3,10,0,16,,0.0
c10_s01_cov100_seed00000022_tiered_nt3,tiered,fast_gate,10,1,,,3,11,0,1,,0.0
c10_s01_cov100_seed00000023_tiered_nt3,tiered,fast_gate,10,1,,,3,0,3202,0,0.9088069956277327,0.9088069956277327
c10_s01_cov100_seed00000023_tiered_nt3,tiered,fast_gate,10,1,,,3,1,1870,814,0.8850267379679144,0.6166169895678092
c10_s01_cov100_seed00000023_tiered_nt3,tiered,fast_gate,10,1,,,3,2,506,881,0.8557312252964426,0.31218457101658253
c10_s01_cov100_seed00000023_tiered_nt3,tiered,fast_gate,10,1,,,3,3,174,967,0.8448275862068966,0.12883435582822086
c10_s01_cov100_seed00000023_tiered_nt3,tiered,fast_gate,10,1,,,3,4,25,861,0.96,0.02708803611738149
c10_s01_cov100_seed00000023_tiered_nt3,tiered,fast_gate,10,1,,,3,5,0,846,,0.0
c10_s01_cov100_seed00000023_tiered_nt3,tiered,fast_gate,10,1,,,3,6,0,381,,0.0
c10_s01_cov100_seed00000023_tiered_nt3,tiered,fast_gate,10,1,,,3,7,0,351,,0.0
c10_s01_cov100_seed00000023_tiered_nt3,tiered,fast_gate,10,1,,,3,8,0,92,,0.0
c10_s01_cov100_seed00000023_tiered_nt3,tiered,fast_gate,10,1,,,3,9,0,25,,0.0
c10_s01_cov100_seed00000023_tiered_nt3,tiered,fast_gate,10,1,,,3,10,0,5,,0.0
c10_s01_cov100_seed00000024_tiered_nt3,tiered,fast_gate,10,1,,,3,0,3237,0,0.915971578622181,0.915971578622181
c10_s01_cov100_seed00000024_tiered_nt3,tiered,fast_gate,10,1,,,3,1,1220,843,0.8836065573770492,0.5225399903053806
c10_s01_cov100_seed00000024_tiered_nt3,tiered,fast_gate,10,1,,,3,2,492,1495,0.8760162601626016,0.21690991444388524
c10_s01_cov100_seed00000024_tiered_nt3,tiered,fast_gate,10,1,,,3,3,169,1180,0.8579881656804734,0.10748702742772424
c10_s01_cov100_seed00000024_tiered_nt3,tiered,fast_gate,10,1,,,3,4,34,919,0.9117647058823529,0.03252885624344176
c10_s01_cov100_seed00000024_tiered_nt3,tiered,fast_gate,10,1,,,3,5,0,841,,0.0
c10_s01_cov100_seed00000024_tiered_nt3,tiered,fast_gate,10,1,,,3,6,0,446,,0.0
c10_s01_cov100_seed00000024_tiered_nt3,tiered,fast_gate,10,1,,,3,7,0,117,,0.0
c10_s01_cov100_seed00000024_tiered_nt3,tiered,fast_gate,10,1,,,3,8,0,7,,0.0
c10_s01_cov100_seed00000030_tiered_nt3,tiered,fast_gate,10,1,,,3,0,3923,0,0.8931939841957686,0.8931939841957686
c10_s01_cov100_seed00000030_tiered_nt3,tiered,fast_gate,10,1,,,3,1,926,868,0.857451403887689,0.44258639910813824
c10_s01_cov100_seed00000030_tiered_nt3,tiered,fast_gate,10,1,,,3,2,690,885,0.836231884057971,0.36634920634920637
c10_s01_cov100_seed00000030_tiered_nt3,tiered,fast_gate,10,1,,,3,3,135,1183,0.9259259259259259,0.09484066767830046
c10_s01_cov100_seed00000030_tiered_nt3,tiered,fast_gate,10,1,,,3,4,46,821,0.8913043478260869,0.04728950403690888
c10_s01_cov100_seed00000030_tiered_nt3,tiered,fast_gate,10,1,,,3,5,6,858,1.0,0.006944444444444444
c10_s01_cov100_seed00000030_tiered_nt3,tiered,fast_gate,10,1,,,3,6,0,417,,0.0
c10_s01_cov100_seed00000030_tiered_nt3,tiered,fast_gate,10,1,,,3,7,0,191,,0.0
c10_s01_cov100_seed00000030_tiered_nt3,tiered,fast_gate,10,1,,,3,8,0,47,,0.0
c10_s01_cov100_seed00000030_tiered_nt3,tiered,fast_gate,10,1,,,3,9,0,4,,0.0
c10_s01_cov100_seed00000035_tiered_nt3,tiered,fast_gate,10,1,,,3,0,2164,0,0.9792051756007394,0.9792051756007394
c10_s01_cov100_seed00000035_tiered_nt3,tiered,fast_gate,10,1,,,3,1,1529,1032,0.7972531066056245,0.47598594299101915
c10_s01_cov100_seed00000035_tiered_nt3,tiered,fast_gate,10,1,,,3,2,584,1293,0.5907534246575342,0.18380394246137455
c10_s01_cov100_seed00000035_tiered_nt3,tiered,fast_gate,10,1,,,3,3,128,1376,0.640625,0.05452127659574468
c10_s01_cov100_seed00000035_tiered_nt3,tiered,fast_gate,10,1,,,3,4,30,1373,0.6,0.012829650748396294
c10_s01_cov100_seed00000035_tiered_nt3,tiered,fast_gate,10,1,,,3,5,1,933,0.0,0.0
c10_s01_cov100_seed00000035_tiered_nt3,tiered,fast_gate,10,1,,,3,6,0,448,,0.0
c10_s01_cov100_seed00000035_tiered_nt3,tiered,fast_gate,10,1,,,3,7,0,101,,0.0
c10_s01_cov100_seed00000035_tiered_nt3,tiered,fast_gate,10,1,,,3,8,0,8,,0.0
c10_s01_cov100_seed00000036_tiered_nt3,tiered,fast_gate,10,1,,,3,0,3561,0,0.8831788823364224,0.8831788823364224
c10_s01_cov100_seed00000036_tiered_nt3,tiered,fast_gate,10,1,,,3,1,920,1124,0.8347826086956521,0.37573385518590996
c10_s01_cov100_seed00000036_tiered_nt3,tiered,fast_gate,10,1,,,3,2,189,1537,0.7671957671957672,0.08400926998841252
c10_s01_cov100_seed00000036_tiered_nt3,tiered,fast_gate,10,1,,,3,3,31,1449,0.8709677419354839,0.018243243243243244
c10_s01_cov100_seed00000036_tiered_nt3,tiered,fast_gate,10,1,,,3,4,0,1297,,0.0
c10_s01_cov100_seed00000036_tiered_nt3,tiered,fast_gate,10,1,,,3,5,0,700,,0.0
c10_s01_cov100_seed00000036_tiered_nt3,tiered,fast_gate,10,1,,,3,6,0,172,,0.0
c10_s01_cov100_seed00000036_tiered_nt3,tiered,fast_gate,10,1,,,3,7,0,20,,0.0
c10_s01_cov100_seed00000037_tiered_nt3,tiered,fast_gate,10,1,,,3,0,1648,0,0.9253640776699029,0.9253640776699029
c10_s01_cov100_seed00000037_tiered_nt3,tiered,fast_gate,10,1,,,3,1,767,261,0.9061277705345502,0.6760700389105059
c10_s01_cov100_seed00000037_tiered_nt3,tiered,fast_gate,10,1,,,3,2,450,565,0.9,0.39901477832512317
c10_s01_cov100_seed00000037_tiered_nt3,tiered,fast_gate,10,1,,,3,3,397,905,0.8816120906801007,0.26881720430107525
c10_s01_cov100_seed00000037_tiered_nt3,tiered,fast_gate,10,1,,,3,4,222,1336,0.8558558558558559,0.12195121951219512
c10_s01_cov100_seed00000037_tiered_nt3,tiered,fast_gate,10,1,,,3,5,137,1297,0.7956204379562044,0.07601115760111576
c10_s01_cov100_seed00000037_tiered_nt3,tiered,fast_gate,10,1,,,3,6,65,1180,0.8307692307692308,0.043373493975903614
c10_s01_cov100_seed00000037_tiered_nt3,tiered,fast_gate,10,1,,,3,7,34,886,0.9411764705882353,0.034782608695652174
c10_s01_cov100_seed00000037_tiered_nt3,tiered,fast_gate,10,1,,,3,8,4,534,1.0,0.007434944237918215
c10_s01_cov100_seed00000037_tiered_nt3,tiered,fast_gate,10,1,,,3,9,0,237,,0.0
c10_s01_cov100_seed00000037_tiered_nt3,tiered,fast_gate,10,1,,,3,10,0,69,,0.0
c10_s01_cov100_seed00000037_tiered_nt3,tiered,fast_gate,10,1,,,3,11,0,6,,0.0
c10_s01_cov100_seed00000040_tiered_nt3,tiered,fast_gate,10,1,,,3,0,1973,0,0.9812468322351748,0.9812468322351748
c10_s01_cov100_seed00000040_tiered_nt3,tiered,fast_gate,10,1,,,3,1,1518,792,0.8254281949934124,0.5424242424242425
c10_s01_cov100_seed00000040_tiered_nt3,tiered,fast_gate,10,1,,,3,2,531,1489,0.6760828625235404,0.17772277227722771
c10_s01_cov100_seed00000040_tiered_nt3,tiered,fast_gate,10,1,,,3,3,142,1687,0.5140845070422535,0.03991252050300711
c10_s01_cov100_seed00000040_tiered_nt3,tiered,fast_gate,10,1,,,3,4,12,1472,0.3333333333333333,0.0026954177897574125
c10_s01_cov100_seed00000040_tiered_nt3,tiered,fast_gate,10,1,,,3,5,0,870,,0.0
c10_s01_cov100_seed00000040_tiered_nt3,tiered,fast_gate,10,1,,,3,6,0,366,,0.0
c10_s01_cov100_seed00000040_tiered_nt3,tiered,fast_gate,10,1,,,3,7,0,115,,0.0
c10_s01_cov100_seed00000040_tiered_nt3,tiered,fast_gate,10,1,,,3,8,0,27,,0.0
c10_s01_cov100_seed00000040_tiered_nt3,tiered,fast_gate,10,1,,,3,9,0,6,,0.0
c10_s01_cov100_seed00000044_tiered_nt3,tiered,fast_gate,10,1,,,3,0,2545,0,0.9732809430255402,0.9732809430255402
c10_s01_cov100_seed00000044_tiered_nt3,tiered,fast_gate,10,1,,,3,1,1922,690,0.8225806451612904,0.6052833078101072
c10_s01_cov100_seed00000044_tiered_nt3,tiered,fast_gate,10,1,,,3,2,688,1096,0.7877906976744186,0.3038116591928251
c10_s01_cov100_seed00000044_tiered_nt3,tiered,fast_gate,10,1,,,3,3,145,1018,0.8068965517241379,0.10060189165950129
c10_s01_cov100_seed00000044_tiered_nt3,tiered,fast_gate,10,1,,,3,4,29,950,0.896551724137931,0.026557711950970377
c10_s01_cov100_seed00000044_tiered_nt3,tiered,fast_gate,10,1,,,3,5,2,1032,0.0,0.0
c10_s01_cov100_seed00000044_tiered_nt3,tiered,fast_gate,10,1,,,3,6,0,578,,0.0
c10_s01_cov100_seed00000044_tiered_nt3,tiered,fast_gate,10,1,,,3,7,0,225,,0.0
c10_s01_cov100_seed00000044_tiered_nt3,tiered,fast_gate,10,1,,,3,8,0,68,,0.0
c10_s01_cov100_seed00000044_tiered_nt3,tiered,fast_gate,10,1,,,3,9,0,12,,0.0
c10_s01_cov100_seed00000047_tiered_nt3,tiered,fast_gate,10,1,,,3,0,2538,0,0.8877068557919622,0.8877068557919622
c10_s01_cov100_seed00000047_tiered_nt3,tiered,fast_gate,10,1,,,3,1,1419,1229,0.8329809725158562,0.44637462235649544
c10_s01_cov100_seed00000047_tiered_nt3,tiered,fast_gate,10,1,,,3,2,416,1770,0.7980769230769231,0.15187557182067704
c10_s01_cov100_seed00000047_tiered_nt3,tiered,fast_gate,10,1,,,3,3,54,1505,0.7592592592592593,0.026298909557408594
c10_s01_cov100_seed00000047_tiered_nt3,tiered,fast_gate,10,1,,,3,4,0,1240,,0.0
c10_s01_cov100_seed00000047_tiered_nt3,tiered,fast_gate,10,1,,,3,5,0,637,,0.0
c10_s01_cov100_seed00000047_tiered_nt3,tiered,fast_gate,10,1,,,3,6,0,174,,0.0
c10_s01_cov100_seed00000047_tiered_nt3,tiered,fast_gate,10,1,,,3,7,0,17,,0.0
c10_s01_cov100_seed00000047_tiered_nt3,tiered,fast_gate,10,1,,,3,8,0,1,,0.0
c10_s01_cov100_seed00000048_tiered_nt3,tiered,fast_gate,10,1,,,3,0,1743,0,0.9942627653471027,0.9942627653471027
c10_s01_cov100_seed00000048_tiered_nt3,tiered,fast_gate,10,1,,,3,1,1380,352,0.9528985507246377,0.7592378752886836
c10_s01_cov100_seed00000048_tiered_nt3,tiered,fast_gate,10,1,,,3,2,730,1318,0.6438356164383562,0.2294921875
c10_s01_cov100_seed00000048_tiered_nt3,tiered,fast_gate,10,1,,,3,3,336,1342,0.44345238095238093,0.08879618593563766
c10_s01_cov100_seed00000048_tiered_nt3,tiered,fast_gate,10,1,,,3,4,61,1571,0.29508196721311475,0.011029411764705883
c10_s01_cov100_seed00000048_tiered_nt3,tiered,fast_gate,10,1,,,3,5,6,1136,0.0,0.0
c10_s01_cov100_seed00000048_tiered_nt3,tiered,fast_gate,10,1,,,3,6,0,656,,0.0
c10_s01_cov100_seed00000048_tiered_nt3,tiered,fast_gate,10,1,,,3,7,0,271,,0.0
c10_s01_cov100_seed00000048_tiered_nt3,tiered,fast_gate,10,1,,,3,8,0,88,,0.0
c10_s01_cov100_seed00000048_tiered_nt3,tiered,fast_gate,10,1,,,3,9,0,10,,0.0
c10_s01_cov100_seed00000051_tiered_nt3,tiered,fast_gate,10,1,,,3,0,1731,0,0.9965337954939342,0.9965337954939342
c10_s01_cov100_seed00000051_tiered_nt3,tiered,fast_gate,10,1,,,3,1,1341,309,0.9515287099179717,0.7733333333333333
c10_s01_cov100_seed00000051_tiered_nt3,tiered,fast_gate,10,1,,,3,2,920,1109,0.6891304347826087,0.31246919664859535
c10_s01_cov100_seed00000051_tiered_nt3,tiered,fast_gate,10,1,,,3,3,518,1168,0.6061776061776062,0.18623962040332148
c10_s01_cov100_seed00000051_tiered_nt3,tiered,fast_gate,10,1,,,3,4,232,1171,0.5689655172413793,0.09408410548823949
c10_s01_cov100_seed00000051_tiered_nt3,tiered,fast_gate,10,1,,,3,5,52,1105,0.3076923076923077,0.013828867761452032
c10_s01_cov100_seed00000051_tiered_nt3,tiered,fast_gate,10,1,,,3,6,11,706,0.18181818181818182,0.002789400278940028
c10_s01_cov100_seed00000051_tiered_nt3,tiered,fast_gate,10,1,,,3,7,0,400,,0.0
c10_s01_cov100_seed00000051_tiered_nt3,tiered,fast_gate,10,1,,,3,8,0,164,,0.0
c10_s01_cov100_seed00000051_tiered_nt3,tiered,fast_gate,10,1,,,3,9,0,58,,0.0
c10_s01_cov100_seed00000051_tiered_nt3,tiered,fast_gate,10,1,,,3,10,0,5,,0.0
c10_s01_cov100_seed00000054_tiered_nt3,tiered,fast_gate,10,1,,,3,0,3297,0,0.9165908401577192,0.9165908401577192
c10_s01_cov100_seed00000054_tiered_nt3,tiered,fast_gate,10,1,,,3,1,1441,839,0.8709229701596114,0.5504385964912281
c10_s01_cov100_seed00000054_tiered_nt3,tiered,fast_gate,10,1,,,3,2,392,1209,0.8545918367346939,0.20924422236102436
c10_s01_cov100_seed00000054_tiered_nt3,tiered,fast_gate,10,1,,,3,3,81,1038,0.8888888888888888,0.064343163538874
c10_s01_cov100_seed00000054_tiered_nt3,tiered,fast_gate,10,1,,,3,4,25,871,1.0,0.027901785714285716
c10_s01_cov100_seed00000054_tiered_nt3,tiered,fast_gate,10,1,,,3,5,1,887,1.0,0.0011261261261261261
c10_s01_cov100_seed00000054_tiered_nt3,tiered,fast_gate,10,1,,,3,6,0,562,,0.0
c10_s01_cov100_seed00000054_tiered_nt3,tiered,fast_gate,10,1,,,3,7,0,230,,0.0
c10_s01_cov100_seed00000054_tiered_nt3,tiered,fast_gate,10,1,,,3,8,0,90,,0.0
c10_s01_cov100_seed00000054_tiered_nt3,tiered,fast_gate,10,1,,,3,9,0,32,,0.0
c10_s01_cov100_seed00000054_tiered_nt3,tiered,fast_gate,10,1,,,3,10,0,5,,0.0
c10_s01_cov100_seed00000062_tiered_nt3,tiered,fast_gate,10,1,,,3,0,1913,0,0.9958180867746994,0.9958180867746994
c10_s01_cov100_seed00000062_tiered_nt3,tiered,fast_gate,10,1,,,3,1,1178,910,0.965195246179966,0.5445402298850575
c10_s01_cov100_seed00000062_tiered_nt3,tiered,fast_gate,10,1,,,3,2,627,1138,0.7240829346092504,0.2572237960339943
c10_s01_cov100_seed00000062_tiered_nt3,tiered,fast_gate,10,1,,,3,3,497,1556,0.32193158953722334,0.07793472966390648
c10_s01_cov100_seed00000062_tiered_nt3,tiered,fast_gate,10,1,,,3,4,237,1432,0.21518987341772153,0.03055721989215099
c10_s01_cov100_seed00000062_tiered_nt3,tiered,fast_gate,10,1,,,3,5,60,899,0.11666666666666667,0.0072992700729927005
c10_s01_cov100_seed00000062_tiered_nt3,tiered,fast_gate,10,1,,,3,6,13,392,0.07692307692307693,0.0024691358024691358
c10_s01_cov100_seed00000062_tiered_nt3,tiered,fast_gate,10,1,,,3,7,0,131,,0.0
c10_s01_cov100_seed00000062_tiered_nt3,tiered,fast_gate,10,1,,,3,8,0,16,,0.0
c10_s01_cov100_seed00000062_tiered_nt3,tiered,fast_gate,10,1,,,3,9,0,1,,0.0
c10_s01_cov100_seed00000065_tiered_nt3,tiered,fast_gate,10,1,,,3,0,2049,0,0.9941434846266471,0.9941434846266471
c10_s01_cov100_seed00000065_tiered_nt3,tiered,fast_gate,10,1,,,3,1,1300,566,0.9130769230769231,0.6361200428724545
c10_s01_cov100_seed00000065_tiered_nt3,tiered,fast_gate,10,1,,,3,2,755,1323,0.5470198675496689,0.1987487969201155
c10_s01_cov100_seed00000065_tiered_nt3,tiered,fast_gate,10,1,,,3,3,356,1309,0.33146067415730335,0.07087087087087086
c10_s01_cov100_seed00000065_tiered_nt3,tiered,fast_gate,10,1,,,3,4,80,1518,0.25,0.012515644555694618
c10_s01_cov100_seed00000065_tiered_nt3,tiered,fast_gate,10,1,,,3,5,5,1019,0.2,0.0009765625
c10_s01_cov100_seed00000065_tiered_nt3,tiered,fast_gate,10,1,,,3,6,0,534,,0.0
c10_s01_cov100_seed00000065_tiered_nt3,tiered,fast_gate,10,1,,,3,7,0,157,,0.0
c10_s01_cov100_seed00000065_tiered_nt3,tiered,fast_gate,10,1,,,3,8,0,29,,0.0
c10_s01_cov100_seed00000068_tiered_nt3,tiered,fast_gate,10,1,,,3,0,2512,0,0.9681528662420382,0.9681528662420382
c10_s01_cov100_seed00000068_tiered_nt3,tiered,fast_gate,10,1,,,3,1,1397,1270,0.737294201861131,0.38620172478440196
c10_s01_cov100_seed00000068_tiered_nt3,tiered,fast_gate,10,1,,,3,2,674,1410,0.7314540059347181,0.23656429942418425
c10_s01_cov100_seed00000068_tiered_nt3,tiered,fast_gate,10,1,,,3,3,262,1165,0.6221374045801527,0.11422564821303434
c10_s01_cov100_seed00000068_tiered_nt3,tiered,fast_gate,10,1,,,3,4,58,837,0.3275862068965517,0.021229050279329607
c10_s01_cov100_seed00000068_tiered_nt3,tiered,fast_gate,10,1,,,3,5,1,815,0.0,0.0
c10_s01_cov100_seed00000068_tiered_nt3,tiered,fast_gate,10,1,,,3,6,0,426,,0.0
c10_s01_cov100_seed00000068_tiered_nt3,tiered,fast_gate,10,1,,,3,7,0,145,,0.0
c10_s01_cov100_seed00000068_tiered_nt3,tiered,fast_gate,10,1,,,3,8,0,28,,0.0
c10_s01_cov100_seed00000069_tiered_nt3,tiered,fast_gate,10,1,,,3,0,1471,0,0.9979605710401088,0.9979605710401088
c10_s01_cov100_seed00000069_tiered_nt3,tiered,fast_gate,10,1,,,3,1,953,685,0.9359916054564533,0.5445665445665445
c10_s01_cov100_seed00000069_tiered_nt3,tiered,fast_gate,10,1,,,3,2,607,1193,0.6474464579901154,0.21833333333333332
c10_s01_cov100_seed00000069_tiered_nt3,tiered,fast_gate,10,1,,,3,3,307,1673,0.5244299674267101,0.08131313131313131
c10_s01_cov100_seed00000069_tiered_nt3,tiered,fast_gate,10,1,,,3,4,107,1578,0.3644859813084112,0.02314540059347181
c10_s01_cov100_seed00000069_tiered_nt3,tiered,fast_gate,10,1,,,3,5,28,1321,0.10714285714285714,0.002223869532987398
c10_s01_cov100_seed00000069_tiered_nt3,tiered,fast_gate,10,1,,,3,6,8,703,0.0,0.0
c10_s01_cov100_seed00000069_tiered_nt3,tiered,fast_gate,10,1,,,3,7,1,272,0.0,0.0
c10_s01_cov100_seed00000069_tiered_nt3,tiered,fast_gate,10,1,,,3,8,0,83,,0.0
c10_s01_cov100_seed00000069_tiered_nt3,tiered,fast_gate,10,1,,,3,9,0,9,,0.0
c10_s01_cov100_seed00000069_tiered_nt3,tiered,fast_gate,10,1,,,3,10,0,1,,0.0
c10_s01_cov100_seed00000071_tiered_nt3,tiered,fast_gate,10,1,,,3,0,1502,0,0.9986684420772304,0.9986684420772304
c10_s01_cov100_seed00000071_tiered_nt3,tiered,fast_gate,10,1,,,3,1,1249,522,0.977582065652522,0.6894409937888198
c10_s01_cov100_seed00000071_tiered_nt3,tiered,fast_gate,10,1,,,3,2,565,906,0.8070796460176991,0.309993201903467
c10_s01_cov100_seed00000071_tiered_nt3,tiered,fast_gate,10,1,,,3,3,421,1201,0.3752969121140142,0.09741060419235512
c10_s01_cov100_seed00000071_tiered_nt3,tiered,fast_gate,10,1,,,3,4,238,1368,0.25630252100840334,0.03798256537982565
c10_s01_cov100_seed00000071_tiered_nt3,tiered,fast_gate,10,1,,,3,5,117,1254,0.20512820512820512,0.0175054704595186
c10_s01_cov100_seed00000071_tiered_nt3,tiered,fast_gate,10,1,,,3,6,35,836,0.11428571428571428,0.004592422502870264
c10_s01_cov100_seed00000071_tiered_nt3,tiered,fast_gate,10,1,,,3,7,6,483,0.0,0.0
c10_s01_cov100_seed00000071_tiered_nt3,tiered,fast_gate,10,1,,,3,8,0,232,,0.0
c10_s01_cov100_seed00000071_tiered_nt3,tiered,fast_gate,10,1,,,3,9,0,58,,0.0
c10_s01_cov100_seed00000071_tiered_nt3,tiered,fast_gate,10,1,,,3,10,0,7,,0.0
c10_s01_cov100_seed00000074_tiered_nt3,tiered,fast_gate,10,1,,,3,0,3899,0,0.9025391125929726,0.9025391125929726
c10_s01_cov100_seed00000074_tiered_nt3,tiered,fast_gate,10,1,,,3,1,928,795,0.8868534482758621,0.477655252466628
c10_s01_cov100_seed00000074_tiered_nt3,tiered,fast_gate,10,1,,,3,2,66,1813,0.8636363636363636,0.03033528472591804
c10_s01_cov100_seed00000074_tiered_nt3,tiered,fast_gate,10,1,,,3,3,0,2126,,0.0
c10_s01_cov100_seed00000074_tiered_nt3,tiered,fast_gate,10,1,,,3,4,0,965,,0.0
c10_s01_cov100_seed00000074_tiered_nt3,tiered,fast_gate,10,1,,,3,5,0,323,,0.0
c10_s01_cov100_seed00000074_tiered_nt3,tiered,fast_gate,10,1,,,3,6,0,65,,0.0
c10_s01_cov100_seed00000074_tiered_nt3,tiered,fast_gate,10,1,,,3,7,0,20,,0.0
c10_s01_cov100_seed00000075_tiered_nt3,tiered,fast_gate,10,1,,,3,0,1908,0,0.9952830188679245,0.9952830188679245
c10_s01_cov100_seed00000075_tiered_nt3,tiered,fast_gate,10,1,,,3,1,1471,589,0.9483344663494222,0.6771844660194175
c10_s01_cov100_seed00000075_tiered_nt3,tiered,fast_gate,10,1,,,3,2,866,1316,0.6616628175519631,0.2626031164069661
c10_s01_cov100_seed00000075_tiered_nt3,tiered,fast_gate,10,1,,,3,3,338,1302,0.45857988165680474,0.09451219512195122
c10_s01_cov100_seed00000075_tiered_nt3,tiered,fast_gate,10,1,,,3,4,79,1170,0.25316455696202533,0.016012810248198558
c10_s01_cov100_seed00000075_tiered_nt3,tiered,fast_gate,10,1,,,3,5,6,884,0.0,0.0
c10_s01_cov100_seed00000075_tiered_nt3,tiered,fast_gate,10,1,,,3,6,0,611,,0.0
c10_s01_cov100_seed00000075_tiered_nt3,tiered,fast_gate,10,1,,,3,7,0,340,,0.0
c10_s01_cov100_seed00000075_tiered_nt3,tiered,fast_gate,10,1,,,3,8,0,107,,0.0
c10_s01_cov100_seed00000075_tiered_nt3,tiered,fast_gate,10,1,,,3,9,0,13,,0.0
c10_s01_cov100_seed00000079_tiered_nt3,tiered,fast_gate,10,1,,,3,0,1493,0,0.9966510381781648,0.9966510381781648
c10_s01_cov100_seed00000079_tiered_nt3,tiered,fast_gate,10,1,,,3,1,1109,121,0.9603246167718665,0.8658536585365854
c10_s01_cov100_seed00000079_tiered_nt3,tiered,fast_gate,10,1,,,3,2,725,984,0.7213793103448276,0.30602691632533646
c10_s01_cov100_seed00000079_tiered_nt3,tiered,fast_gate,10,1,,,3,3,345,1114,0.6869565217391305,0.16244002741603839
c10_s01_cov100_seed00000079_tiered_nt3,tiered,fast_gate,10,1,,,3,4,200,1379,0.665,0.08423052564914503
c10_s01_cov100_seed00000079_tiered_nt3,tiered,fast_gate,10,1,,,3,5,61,1422,0.5901639344262295,0.024275118004045852
c10_s01_cov100_seed00000079_tiered_nt3,tiered,fast_gate,10,1,,,3,6,12,870,0.4166666666666667,0.005668934240362812
c10_s01_cov100_seed00000079_tiered_nt3,tiered,fast_gate,10,1,,,3,7,0,580,,0.0
c10_s01_cov100_seed00000079_tiered_nt3,tiered,fast_gate,10,1,,,3,8,0,369,,0.0
c10_s01_cov100_seed00000079_tiered_nt3,tiered,fast_gate,10,1,,,3,9,0,170,,0.0
c10_s01_cov100_seed00000079_tiered_nt3,tiered,fast_gate,10,1,,,3,10,0,40,,0.0
c10_s01_cov100_seed00000079_tiered_nt3,tiered,fast_gate,10,1,,,3,11,0,5,,0.0
c10_s01_cov100_seed00000079_tiered_nt3,tiered,fast_gate,10,1,,,3,12,0,1,,0.0
c10_s01_cov100_seed00000085_tiered_nt3,tiered,fast_gate,10,1,,,3,0,1898,0,0.9847207586933614,0.9847207586933614
c10_s01_cov100_seed00000085_tiered_nt3,tiered,fast_gate,10,1,,,3,1,1345,555,0.8096654275092937,0.5731578947368421
c10_s01_cov100_seed00000085_tiered_nt3,tiered,fast_gate,10,1,,,3,2,644,1357,0.7204968944099379,0.2318840579710145
c10_s01_cov100_seed00000085_tiered_nt3,tiered,fast_gate,10,1,,,3,3,313,1397,0.5303514376996805,0.09707602339181287
c10_s01_cov100_seed00000085_tiered_nt3,tiered,fast_gate,10,1,,,3,4,109,1437,0.4036697247706422,0.028460543337645538
c10_s01_cov100_seed00000085_tiered_nt3,tiered,fast_gate,10,1,,,3,5,25,1009,0.16,0.0038684719535783366
c10_s01_cov100_seed00000085_tiered_nt3,tiered,fast_gate,10,1,,,3,6,1,563,0.0,0.0
c10_s01_cov100_seed00000085_tiered_nt3,tiered,fast_gate,10,1,,,3,7,0,240,,0.0
c10_s01_cov100_seed00000085_tiered_nt3,tiered,fast_gate,10,1,,,3,8,0,91,,0.0
c10_s01_cov100_seed00000085_tiered_nt3,tiered,fast_gate,10,1,,,3,9,0,13,,0.0
c10_s01_cov100_seed00000085_tiered_nt3,tiered,fast_gate,10,1,,,3,10,0,3,,0.0
c10_s01_cov100_seed00000089_tiered_nt3,tiered,fast_gate,10,1,,,3,0,1891,0,0.9941829719725013,0.9941829719725013
c10_s01_cov100_seed00000089_tiered_nt3,tiered,fast_gate,10,1,,,3,1,1247,832,0.9607056936647955,0.5762385762385762
c10_s01_cov100_seed00000089_tiered_nt3,tiered,fast_gate,10,1,,,3,2,620,1154,0.7274193548387097,0.25422773393461107
c10_s01_cov100_seed00000089_tiered_nt3,tiered,fast_gate,10,1,,,3,3,601,1514,0.31281198003327787,0.08888888888888889
c10_s01_cov100_seed00000089_tiered_nt3,tiered,fast_gate,10,1,,,3,4,265,1288,0.1811320754716981,0.030907920154539602
c10_s01_cov100_seed00000089_tiered_nt3,tiered,fast_gate,10,1,,,3,5,69,930,0.10144927536231885,0.007007007007007007
c10_s01_cov100_seed00000089_tiered_nt3,tiered,fast_gate,10,1,,,3,6,8,462,0.0,0.0
c10_s01_cov100_seed00000089_tiered_nt3,tiered,fast_gate,10,1,,,3,7,0,106,,0.0
c10_s01_cov100_seed00000089_tiered_nt3,tiered,fast_gate,10,1,,,3,8,0,13,,0.0
c10_s01_cov100_seed00000094_tiered_nt3,tiered,fast_gate,10,1,,,3,0,2978,0,0.9788448623237072,0.9788448623237072
c10_s01_cov100_seed00000094_tiered_nt3,tiered,fast_gate,10,1,,,3,1,1512,1030,0.7308201058201058,0.43469708890637293
c10_s01_cov100_seed00000094_tiered_nt3,tiered,fast_gate,10,1,,,3,2,386,1249,0.6321243523316062,0.1492354740061162
c10_s01_cov100_seed00000094_tiered_nt3,tiered,fast_gate,10,1,,,3,3,103,1406,0.6504854368932039,0.04440026507620941
c10_s01_cov100_seed00000094_tiered_nt3,tiered,fast_gate,10,1,,,3,4,13,1333,0.6153846153846154,0.005943536404160475
c10_s01_cov100_seed00000094_tiered_nt3,tiered,fast_gate,10,1,,,3,5,0,768,,0.0
c10_s01_cov100_seed00000094_tiered_nt3,tiered,fast_gate,10,1,,,3,6,0,201,,0.0
c10_s01_cov100_seed00000094_tiered_nt3,tiered,fast_gate,10,1,,,3,7,0,19,,0.0
c10_s01_cov100_seed00000094_tiered_nt3,tiered,fast_gate,10,1,,,3,8,0,2,,0.0
c10_s01_cov100_seed00000096_tiered_nt3,tiered,fast_gate,10,1,,,3,0,1671,0,0.995212447636146,0.995212447636146
c10_s01_cov100_seed00000096_tiered_nt3,tiered,fast_gate,10,1,,,3,1,1109,749,0.7971145175834085,0.4757804090419806
c10_s01_cov100_seed00000096_tiered_nt3,tiered,fast_gate,10,1,,,3,2,407,1633,0.597051597051597,0.11911764705882352
c10_s01_cov100_seed00000096_tiered_nt3,tiered,fast_gate,10,1,,,3,3,132,1880,0.36363636363636365,0.02385685884691849
c10_s01_cov100_seed00000096_tiered_nt3,tiered,fast_gate,10,1,,,3,4,28,1613,0.07142857142857142,0.001218769043266301
c10_s01_cov100_seed00000096_tiered_nt3,tiered,fast_gate,10,1,,,3,5,3,1132,0.0,0.0
c10_s01_cov100_seed00000096_tiered_nt3,tiered,fast_gate,10,1,,,3,6,0,455,,0.0
c10_s01_cov100_seed00000096_tiered_nt3,tiered,fast_gate,10,1,,,3,7,0,146,,0.0
c10_s01_cov100_seed00000096_tiered_nt3,tiered,fast_gate,10,1,,,3,8,0,35,,0.0
c10_s01_cov100_seed00000096_tiered_nt3,tiered,fast_gate,10,1,,,3,9,0,6,,0.0
c10_s01_cov100_seed00000096_tiered_nt3,tiered,fast_gate,10,1,,,3,10,0,1,,0.0
c10_s01_cov100_seed00000097_tiered_nt3,tiered,fast_gate,10,1,,,3,0,2209,0,0.9244001810774106,0.9244001810774106
c10_s01_cov100_seed00000097_tiered_nt3,tiered,fast_gate,10,1,,,3,1,951,817,0.8759200841219769,0.47115384615384615
c10_s01_cov100_seed00000097_tiered_nt3,tiered,fast_gate,10,1,,,3,2,553,1157,0.8698010849909584,0.28128654970760236
c10_s01_cov100_seed00000097_tiered_nt3,tiered,fast_gate,10,1,,,3,3,290,1520,0.8310344827586207,0.13314917127071824
c10_s01_cov100_seed00000097_tiered_nt3,tiered,fast_gate,10,1,,,3,4,137,1203,0.8759124087591241,0.08955223880597014
c10_s01_cov100_seed00000097_tiered_nt3,tiered,fast_gate,10,1,,,3,5,24,882,0.9166666666666666,0.024282560706401765
c10_s01_cov100_seed00000097_tiered_nt3,tiered,fast_gate,10,1,,,3,6,1,675,1.0,0.0014792899408284023
c10_s01_cov100_seed00000097_tiered_nt3,tiered,fast_gate,10,1,,,3,7,0,393,,0.0
c10_s01_cov100_seed00000097_tiered_nt3,tiered,fast_gate,10,1,,,3,8,0,153,,0.0
c10_s01_cov100_seed00000097_tiered_nt3,tiered,fast_gate,10,1,,,3,9,0,29,,0.0
c10_s01_cov100_seed00000097_tiered_nt3,tiered,fast_gate,10,1,,,3,10,0,6,,0.0
c10_s01_cov100_seed00000102_tiered_nt3,tiered,fast_gate,10,1,,,3,0,2241,0,0.9933065595716198,0.9933065595716198
c10_s01_cov100_seed00000102_tiered_nt3,tiered,fast_gate,10,1,,,3,1,1430,671,0.9223776223776223,0.6277962874821513
c10_s01_cov100_seed00000102_tiered_nt3,tiered,fast_gate,10,1,,,3,2,791,1423,0.47914032869785084,0.17118337850045168
c10_s01_cov100_seed00000102_tiered_nt3,tiered,fast_gate,10,1,,,3,3,246,1734,0.4268292682926829,0.05303030303030303
c10_s01_cov100_seed00000102_tiered_nt3,tiered,fast_gate,10,1,,,3,4,42,1315,0.47619047619047616,0.014738393515106854
c10_s01_cov100_seed00000102_tiered_nt3,tiered,fast_gate,10,1,,,3,5,2,771,1.0,0.00258732212160414
c10_s01_cov100_seed00000102_tiered_nt3,tiered,fast_gate,10,1,,,3,6,0,270,,0.0
c10_s01_cov100_seed00000102_tiered_nt3,tiered,fast_gate,10,1,,,3,7,0,63,,0.0
c10_s01_cov100_seed00000102_tiered_nt3,tiered,fast_gate,10,1,,,3,8,0,1,,0.0
c10_s01_cov100_seed00000104_tiered_nt3,tiered,fast_gate,10,1,,,3,0,1770,0,0.9954802259887006,0.9954802259887006
c10_s01_cov100_seed00000104_tiered_nt3,tiered,fast_gate,10,1,,,3,1,1027,641,0.9454722492697176,0.5821342925659473
c10_s01_cov100_seed00000104_tiered_nt3,tiered,fast_gate,10,1,,,3,2,534,1257,0.5112359550561798,0.152428810720268
c10_s01_cov100_seed00000104_tiered_nt3,tiered,fast_gate,10,1,,,3,3,281,1696,0.28825622775800713,0.0409711684370258
c10_s01_cov100_seed00000104_tiered_nt3,tiered,fast_gate,10,1,,,3,4,146,1514,0.2534246575342466,0.022289156626506025
c10_s01_cov100_seed00000104_tiered_nt3,tiered,fast_gate,10,1,,,3,5,57,1064,0.17543859649122806,0.008920606601248885
c10_s01_cov100_seed00000104_tiered_nt3,tiered,fast_gate,10,1,,,3,6,4,633,0.0,0.0
c10_s01_cov100_seed00000104_tiered_nt3,tiered,fast_gate,10,1,,,3,7,0,289,,0.0
c10_s01_cov100_seed00000104_tiered_nt3,tiered,fast_gate,10,1,,,3,8,0,73,,0.0
c10_s01_cov100_seed00000104_tiered_nt3,tiered,fast_gate,10,1,,,3,9,0,13,,0.0
c10_s01_cov100_seed00000104_tiered_nt3,tiered,fast_gate,10,1,,,3,10,0,1,,0.0
c10_s01_cov100_seed00000107_tiered_nt3,tiered,fast_gate,10,1,,,3,0,1772,0,0.9977426636568849,0.9977426636568849
c10_s01_cov100_seed00000107_tiered_nt3,tiered,fast_gate,10,1,,,3,1,1005,492,0.9432835820895522,0.6332665330661322
c10_s01_cov100_seed00000107_tiered_nt3,tiered,fast_gate,10,1,,,3,2,717,1037,0.6080892608089261,0.24857468643101482
c10_s01_cov100_seed00000107_tiered_nt3,tiered,fast_gate,10,1,,,3,3,382,1179,0.5104712041884817,0.12491992312620115
c10_s01_cov100_seed00000107_tiered_nt3,tiered,fast_gate,10,1,,,3,4,215,1379,0.3116279069767442,0.04203262233375157
c10_s01_cov100_seed00000107_tiered_nt3,tiered,fast_gate,10,1,,,3,5,97,1144,0.29896907216494845,0.023368251410153102
c10_s01_cov100_seed00000107_tiered_nt3,tiered,fast_gate,10,1,,,3,6,23,817,0.08695652173913043,0.002380952380952381
c10_s01_cov100_seed00000107_tiered_nt3,tiered,fast_gate,10,1,,,3,7,6,457,0.0,0.0
c10_s01_cov100_seed00000107_tiered_nt3,tiered,fast_gate,10,1,,,3,8,0,213,,0.0
c10_s01_cov100_seed00000107_tiered_nt3,tiered,fast_gate,10,1,,,3,9,0,56,,0.0
c10_s01_cov100_seed00000107_tiered_nt3,tiered,fast_gate,10,1,,,3,10,0,9,,0.0
c10_s01_cov100_seed00000000_tiered_nt4,tiered,fast_gate,10,1,,,4,0,1919,0,0.9953100573215217,0.9953100573215217
c10_s01_cov100_seed00000000_tiered_nt4,tiered,fast_gate,10,1,,,4,1,1307,357,0.9755164498852333,0.7662259615384616
c10_s01_cov100_seed00000000_tiered_nt4,tiered,fast_gate,10,1,,,4,2,576,1294,0.7534722222222222,0.2320855614973262
c10_s01_cov100_seed00000000_tiered_nt4,tiered,fast_gate,10,1,,,4,3,178,1374,0.6067415730337079,0.06958762886597938
c10_s01_cov100_seed00000000_tiered_nt4,tiered,fast_gate,10,1,,,4,4,31,1528,0.3548387096774194,0.007055805003207184
c10_s01_cov100_seed00000000_tiered_nt4,tiered,fast_gate,10,1,,,4,5,2,1025,0.5,0.0009737098344693282
c10_s01_cov100_seed00000000_tiered_nt4,tiered,fast_gate,10,1,,,4,6,0,791,,0.0
c10_s01_cov100_seed00000000_tiered_nt4,tiered,fast_gate,10,1,,,4,7,0,455,,0.0
c10_s01_cov100_seed00000000_tiered_nt4,tiered,fast_gate,10,1,,,4,8,0,129,,0.0
c10_s01_cov100_seed00000000_tiered_nt4,tiered,fast_gate,10,1,,,4,9,0,32,,0.0
c10_s01_cov100_seed00000000_tiered_nt4,tiered,fast_gate,10,1,,,4,10,0,2,,0.0
c10_s01_cov100_seed00000001_tiered_nt4,tiered,fast_gate,10,1,,,4,0,2695,0,0.925417439703154,0.925417439703154
c10_s01_cov100_seed00000001_tiered_nt4,tiered,fast_gate,10,1,,,4,1,1133,836,0.9002647837599294,0.5180294565769427
c10_s01_cov100_seed00000001_tiered_nt4,tiered,fast_gate,10,1,,,4,2,233,2064,0.8626609442060086,0.08750544188071398
c10_s01_cov100_seed00000001_tiered_nt4,tiered,fast_gate,10,1,,,4,3,47,1498,0.7446808510638298,0.022653721682847898
c10_s01_cov100_seed00000001_tiered_nt4,tiered,fast_gate,10,1,,,4,4,6,907,0.8333333333333334,0.00547645125958379
c10_s01_cov100_seed00000001_tiered_nt4,tiered,fast_gate,10,1,,,4,5,0,670,,0.0
c10_s01_cov100_seed00000001_tiered_nt4,tiered,fast_gate,10,1,,,4,6,0,462,,0.0
c10_s01_cov100_seed00000001_tiered_nt4,tiered,fast_gate,10,1,,,4,7,0,320,,0.0
c10_s01_cov100_seed00000001_tiered_nt4,tiered,fast_gate,10,1,,,4,8,0,116,,0.0
c10_s01_cov100_seed00000001_tiered_nt4,tiered,fast_gate,10,1,,,4,9,0,13,,0.0
c10_s01_cov100_seed00000002_tiered_nt4,tiered,fast_gate,10,1,,,4,0,2785,0,0.9809694793536804,0.9809694793536804
c10_s01_cov100_seed00000002_tiered_nt4,tiered,fast_gate,10,1,,,4,1,2348,487,0.8488074957410562,0.7029982363315697
c10_s01_cov100_seed00000002_tiered_nt4,tiered,fast_gate,10,1,,,4,2,849,882,0.7479387514723204,0.36683997689196995
c10_s01_cov100_seed00000002_tiered_nt4,tiered,fast_gate,10,1,,,4,3,164,1058,0.6951219512195121,0.09328968903436989
c10_s01_cov100_seed00000002_tiered_nt4,tiered,fast_gate,10,1,,,4,4,7,815,0.5714285714285714,0.004866180048661801
c10_s01_cov100_seed00000002_tiered_nt4,tiered,fast_gate,10,1,,,4,5,2,471,0.0,0.0
c10_s01_cov100_seed00000002_tiered_nt4,tiered,fast_gate,10,1,,,4,6,0,552,,0.0
c10_s01_cov100_seed00000002_tiered_nt4,tiered,fast_gate,10,1,,,4,7,0,376,,0.0
c10_s01_cov100_seed00000002_tiered_nt4,tiered,fast_gate,10,1,,,4,8,0,172,,0.0
c10_s01_cov100_seed00000002_tiered_nt4,tiered,fast_gate,10,1,,,4,9,0,30,,0.0
c10_s01_cov100_seed00000002_tiered_nt4,tiered,fast_gate,10,1,,,4,10,0,2,,0.0
c10_s01_cov100_seed00000003_tiered_nt4,tiered,fast_gate,10,1,,,4,0,3500,0,0.9854285714285714,0.9854285714285714
c10_s01_cov100_seed00000003_tiered_nt4,tiered,fast_gate,10,1,,,4,1,2255,504,0.8456762749445677,0.6911924610366075
c10_s01_cov100_seed00000003_tiered_nt4,tiered,fast_gate,10,1,,,4,2,588,586,0.8741496598639455,0.43781942078364566
c10_s01_cov100_seed00000003_tiered_nt4,tiered,fast_gate,10,1,,,4,3,193,513,0.8549222797927462,0.23371104815864022
c10_s01_cov100_seed00000003_tiered_nt4,tiered,fast_gate,10,1,,,4,4,11,855,0.5454545454545454,0.006928406466512702
c10_s01_cov100_seed00000003_tiered_nt4,tiered,fast_gate,10,1,,,4,5,0,945,,0.0
c10_s01_cov100_seed00000003_tiered_nt4,tiered,fast_gate,10,1,,,4,6,0,624,,0.0
c10_s01_cov100_seed00000003_tiered_nt4,tiered,fast_gate,10,1,,,4,7,0,216,,0.0
c10_s01_cov100_seed00000003_tiered_nt4,tiered,fast_gate,10,1,,,4,8,0,116,,0.0
c10_s01_cov100_seed00000003_tiered_nt4,tiered,fast_gate,10,1,,,4,9,0,69,,0.0
c10_s01_cov100_seed00000003_tiered_nt4,tiered,fast_gate,10,1,,,4,10,0,22,,0.0
c10_s01_cov100_seed00000003_tiered_nt4,tiered,fast_gate,10,1,,,4,11,0,3,,0.0
c10_s01_cov100_seed00000004_tiered_nt4,tiered,fast_gate,10,1,,,4,0,1736,0,0.9907834101382489,0.9907834101382489
c10_s01_cov100_seed00000004_tiered_nt4,tiered,fast_gate,10,1,,,4,1,995,1192,0.8613065326633166,0.3918609967992684
c10_s01_cov100_seed00000004_tiered_nt4,tiered,fast_gate,10,1,,,4,2,224,1577,0.6339285714285714,0.07884508606329817
c10_s01_cov100_seed00000004_tiered_nt4,tiered,fast_gate,10,1,,,4,3,59,1901,0.4915254237288136,0.01479591836734694
c10_s01_cov100_seed00000004_tiered_nt4,tiered,fast_gate,10,1,,,4,4,22,1519,0.5,0.007138221933809215
c10_s01_cov100_seed00000004_tiered_nt4,tiered,fast_gate,10,1,,,4,5,5,992,0.6,0.003009027081243731
c10_s01_cov100_seed00000004_tiered_nt4,tiered,fast_gate,10,1,,,4,6,0,518,,0.0
c10_s01_cov100_seed00000004_tiered_nt4,tiered,fast_gate,10,1,,,4,7,0,191,,0.0
c10_s01_cov100_seed00000004_tiered_nt4,tiered,fast_gate,10,1,,,4,8,0,62,,0.0
c10_s01_cov100_seed00000004_tiered_nt4,tiered,fast_gate,10,1,,,4,9,0,6,,0.0
c10_s01_cov100_seed00000004_tiered_nt4,tiered,fast_gate,10,1,,,4,10,0,1,,0.0
c10_s01_cov100_seed00000005_tiered_nt4,tiered,fast_gate,10,1,,,4,0,2352,0,0.9906462585034014,0.9906462585034014
c10_s01_cov100_seed00000005_tiered_nt4,tiered,fast_gate,10,1,,,4,1,1218,664,0.8957307060755336,0.5797024442082891
c10_s01_cov100_seed00000005_tiered_nt4,tiered,fast_gate,10,1,,,4,2,519,1530,0.43352601156069365,0.10980966325036604
c10_s01_cov100_seed00000005_tiered_nt4,tiered,fast_gate,10,1,,,4,3,289,1521,0.16608996539792387,0.026519337016574586
c10_s01_cov100_seed00000005_tiered_nt4,tiered,fast_gate,10,1,,,4,4,94,1283,0.10638297872340426,0.007262164124909223
c10_s01_cov100_seed00000005_tiered_nt4,tiered,fast_gate,10,1,,,4,5,8,858,0.0,0.0
c10_s01_cov100_seed00000005_tiered_nt4,tiered,fast_gate,10,1,,,4,6,0,430,,0.0
c10_s01_cov100_seed00000005_tiered_nt4,tiered,fast_gate,10,1,,,4,7,0,175,,0.0
c10_s01_cov100_seed00000005_tiered_nt4,tiered,fast_gate,10,1,,,4,8,0,50,,0.0
c10_s01_cov100_seed00000005_tiered_nt4,tiered,fast_gate,10,1,,,4,9,0,9,,0.0
c10_s01_cov100_seed00000006_tiered_nt4,tiered,fast_gate,10,1,,,4,0,3061,0,0.9843188500490035,0.9843188500490035
c10_s01_cov100_seed00000006_tiered_nt4,tiered,fast_gate,10,1,,,4,1,1221,1044,0.7182637182637183,0.38719646799116997
c10_s01_cov100_seed00000006_tiered_nt4,tiered,fast_gate,10,1,,,4,2,266,1812,0.6353383458646616,0.08132820019249277
c10_s01_cov100_seed00000006_tiered_nt4,tiered,fast_gate,10,1,,,4,3,36,1857,0.6666666666666666,0.012678288431061807
c10_s01_cov100_seed00000006_tiered_nt4,tiered,fast_gate,10,1,,,4,4,0,1026,,0.0
c10_s01_cov100_seed00000006_tiered_nt4,tiered,fast_gate,10,1,,,4,5,0,448,,0.0
c10_s01_cov100_seed00000006_tiered_nt4,tiered,fast_gate,10,1,,,4,6,0,171,,0.0
c10_s01_cov100_seed00000006_tiered_nt4,tiered,fast_gate,10,1,,,4,7,0,48,,0.0
c10_s01_cov100_seed00000006_tiered_nt4,tiered,fast_gate,10,1,,,4,8,0,10,,0.0
c10_s01_cov100_seed00000007_tiered_nt4,tiered,fast_gate,10,1,,,4,0,2133,0,0.9868729488982654,0.9868729488982654
c10_s01_cov100_seed00000007_tiered_nt4,tiered,fast_gate,10,1,,,4,1,1358,788,0.7997054491899853,0.5060577819198508
c10_s01_cov100_seed00000007_tiered_nt4,tiered,fast_gate,10,1,,,4,2,427,1500,0.6112412177985949,0.13544369486248053
c10_s01_cov100_seed00000007_tiered_nt4,tiered,fast_gate,10,1,,,4,3,87,2004,0.45977011494252873,0.01912960306073649
c10_s01_cov100_seed00000007_tiered_nt4,tiered,fast_gate,10,1,,,4,4,3,1423,0.0,0.0
c10_s01_cov100_seed00000007_tiered_nt4,tiered,fast_gate,10,1,,,4,5,0,798,,0.0
c10_s01_cov100_seed00000007_tiered_nt4,tiered,fast_gate,10,1,,,4,6,0,358,,0.0
c10_s01_cov100_seed00000007_tiered_nt4,tiered,fast_gate,10,1,,,4,7,0,114,,0.0
c10_s01_cov100_seed00000007_tiered_nt4,tiered,fast_gate,10,1,,,4,8,0,6,,0.0
c10_s01_cov100_seed00000007_tiered_nt4,tiered,fast_gate,10,1,,,4,9,0,1,,0.0
c10_s01_cov100_seed00000008_tiered_nt4,tiered,fast_gate,10,1,,,4,0,2369,0,0.9869143098353735,0.9869143098353735
c10_s01_cov100_seed00000008_tiered_nt4,tiered,fast_gate,10,1,,,4,1,1117,1163,0.8164726947179947,0.4
c10_s01_cov100_seed00000008_tiered_nt4,tiered,fast_gate,10,1,,,4,2,433,1739,0.8175519630484989,0.16298342541436464
c10_s01_cov100_seed00000008_tiered_nt4,tiered,fast_gate,10,1,,,4,3,149,1632,0.6308724832214765,0.052779337450870295
c10_s01_cov100_seed00000008_tiered_nt4,tiered,fast_gate,10,1,,,4,4,16,1110,0.5,0.007104795737122558
c10_s01_cov100_seed00000008_tiered_nt4,tiered,fast_gate,10,1,,,4,5,1,692,1.0,0.001443001443001443
c10_s01_cov100_seed00000008_tiered_nt4,tiered,fast_gate,10,1,,,4,6,0,370,,0.0
c10_s01_cov100_seed00000008_tiered_nt4,tiered,fast_gate,10,1,,,4,7,0,148,,0.0
c10_s01_cov100_seed00000008_tiered_nt4,tiered,fast_gate,10,1,,,4,8,0,43,,0.0
c10_s01_cov100_seed00000008_tiered_nt4,tiered,fast_gate,10,1,,,4,9,0,14,,0.0
c10_s01_cov100_seed00000008_tiered_nt4,tiered,fast_gate,10,1,,,4,10,0,4,,0.0
c10_s01_cov100_seed00000010_tiered_nt4,tiered,fast_gate,10,1,,,4,0,2149,0,0.9865053513261982,0.9865053513261982
c10_s01_cov100_seed00000010_tiered_nt4,tiered,fast_gate,10,1,,,4,1,1604,847,0.8665835411471322,0.5671154630762953
c10_s01_cov100_seed00000010_tiered_nt4,tiered,fast_gate,10,1,,,4,2,596,1485,0.7734899328859061,0.22152811148486304
c10_s01_cov100_seed00000010_tiered_nt4,tiered,fast_gate,10,1,,,4,3,140,1367,0.5785714285714286,0.0537491705374917
c10_s01_cov100_seed00000010_tiered_nt4,tiered,fast_gate,10,1,,,4,4,11,1025,0.18181818181818182,0.0019305019305019305
c10_s01_cov100_seed00000010_tiered_nt4,tiered,fast_gate,10,1,,,4,5,2,790,0.0,0.0
c10_s01_cov100_seed00000010_tiered_nt4,tiered,fast_gate,10,1,,,4,6,0,543,,0.0
c10_s01_cov100_seed00000010_tiered_nt4,tiered,fast_gate,10,1,,,4,7,0,322,,0.0
c10_s01_cov100_seed00000010_tiered_nt4,tiered,fast_gate,10,1,,,4,8,0,103,,0.0
c10_s01_cov100_seed00000010_tiered_nt4,tiered,fast_gate,10,1,,,4,9,0,15,,0.0
c10_s01_cov100_seed00000010_tiered_nt4,tiered,fast_gate,10,1,,,4,10,0,1,,0.0
c10_s01_cov100_seed00000011_tiered_nt4,tiered,fast_gate,10,1,,,4,0,4658,0,0.9317303563761271,0.9317303563761271
c10_s01_cov100_seed00000011_tiered_nt4,tiered,fast_gate,10,1,,,4,1,1702,872,0.9118683901292597,0.602952602952603
c10_s01_cov100_seed00000011_tiered_nt4,tiered,fast_gate,10,1,,,4,2,734,590,0.9032697547683923,0.5007552870090635
c10_s01_cov100_seed00000011_tiered_nt4,tiered,fast_gate,10,1,,,4,3,156,479,0.9038461538461539,0.2220472440944882
c10_s01_cov100_seed00000011_tiered_nt4,tiered,fast_gate,10,1,,,4,4,8,429,0.875,0.016018306636155607
c10_s01_cov100_seed00000011_tiered_nt4,tiered,fast_gate,10,1,,,4,5,0,337,,0.0
c10_s01_cov100_seed00000011_tiered_nt4,tiered,fast_gate,10,1,,,4,6,0,333,,0.0
c10_s01_cov100_seed00000011_tiered_nt4,tiered,fast_gate,10,1,,,4,7,0,529,,0.0
c10_s01_cov100_seed00000011_tiered_nt4,tiered,fast_gate,10,1,,,4,8,0,152,,0.0
c10_s01_cov100_seed00000011_tiered_nt4,tiered,fast_gate,10,1,,,4,9,0,20,,0.0
c10_s01_cov100_seed00000011_tiered_nt4,tiered,fast_gate,10,1,,,4,10,0,1,,0.0
c10_s01_cov100_seed00000012_tiered_nt4,tiered,fast_gate,10,1,,,4,0,2272,0,0.9955985915492958,0.9955985915492958
c10_s01_cov100_seed00000012_tiered_nt4,tiered,fast_gate,10,1,,,4,1,1275,982,0.9443137254901961,0.5334514842711564
c10_s01_cov100_seed00000012_tiered_nt4,tiered,fast_gate,10,1,,,4,2,671,1257,0.5961251862891207,0.2074688796680498
c10_s01_cov100_seed00000012_tiered_nt4,tiered,fast_gate,10,1,,,4,3,196,1349,0.7142857142857143,0.09061488673139159
c10_s01_cov100_seed00000012_tiered_nt4,tiered,fast_gate,10,1,,,4,4,67,979,0.40298507462686567,0.02581261950286807
c10_s01_cov100_seed00000012_tiered_nt4,tiered,fast_gate,10,1,,,4,5,7,810,0.0,0.0
c10_s01_cov100_seed00000012_tiered_nt4,tiered,fast_gate,10,1,,,4,6,3,540,0.0,0.0
c10_s01_cov100_seed00000012_tiered_nt4,tiered,fast_gate,10,1,,,4,7,0,351,,0.0
c10_s01_cov100_seed00000012_tiered_nt4,tiered,fast_gate,10,1,,,4,8,0,177,,0.0
c10_s01_cov100_seed00000012_tiered_nt4,tiered,fast_gate,10,1,,,4,9,0,53,,0.0
c10_s01_cov100_seed00000012_tiered_nt4,tiered,fast_gate,10,1,,,4,10,0,11,,0.0
c10_s01_cov100_seed00000014_tiered_nt4,tiered,fast_gate,10,1,,,4,0,2543,0,0.936295713723948,0.936295713723948
c10_s01_cov100_seed00000014_tiered_nt4,tiered,fast_gate,10,1,,,4,1,592,1101,0.9172297297297297,0.32073242764323684
c10_s01_cov100_seed00000014_tiered_nt4,tiered,fast_gate,10,1,,,4,2,233,1531,0.8326180257510729,0.10997732426303855
c10_s01_cov100_seed00000014_tiered_nt4,tiered,fast_gate,10,1,,,4,3,39,2167,0.8205128205128205,0.014505893019038985
c10_s01_cov100_seed00000014_tiered_nt4,tiered,fast_gate,10,1,,,4,4,2,1404,0.5,0.0007112375533428165
c10_s01_cov100_seed00000014_tiered_nt4,tiered,fast_gate,10,1,,,4,5,0,830,,0.0
c10_s01_cov100_seed00000014_tiered_nt4,tiered,fast_gate,10,1,,,4,6,0,455,,0.0
c10_s01_cov100_seed00000014_tiered_nt4,tiered,fast_gate,10,1,,,4,7,0,98,,0.0
c10_s01_cov100_seed00000014_tiered_nt4,tiered,fast_gate,10,1,,,4,8,0,4,,0.0
c10_s01_cov100_seed00000014_tiered_nt4,tiered,fast_gate,10,1,,,4,9,0,1,,0.0
c10_s01_cov100_seed00000015_tiered_nt4,tiered,fast_gate,10,1,,,4,0,2698,0,0.9866567828020756,0.9866567828020756
c10_s01_cov100_seed00000015_tiered_nt4,tiered,fast_gate,10,1,,,4,1,1495,1330,0.8280936454849498,0.4382300884955752
c10_s01_cov100_seed00000015_tiered_nt4,tiered,fast_gate,10,1,,,4,2,353,1356,0.6968838526912181,0.14394382679929785
c10_s01_cov100_seed00000015_tiered_nt4,tiered,fast_gate,10,1,,,4,3,73,1198,0.5753424657534246,0.03304484657749803
c10_s01_cov100_seed00000015_tiered_nt4,tiered,fast_gate,10,1,,,4,4,7,1111,0.42857142857142855,0.0026833631484794273
c10_s01_cov100_seed00000015_tiered_nt4,tiered,fast_gate,10,1,,,4,5,0,786,,0.0
c10_s01_cov100_seed00000015_tiered_nt4,tiered,fast_gate,10,1,,,4,6,0,405,,0.0
c10_s01_cov100_seed00000015_tiered_nt4,tiered,fast_gate,10,1,,,4,7,0,162,,0.0
c10_s01_cov100_seed00000015_tiered_nt4,tiered,fast_gate,10,1,,,4,8,0,22,,0.0
c10_s01_cov100_seed00000015_tiered_nt4,tiered,fast_gate,10,1,,,4,9,0,4,,0.0
c10_s01_cov100_seed00000016_tiered_nt4,tiered,fast_gate,10,1,,,4,0,2834,0,0.9922371206774877,0.9922371206774877
c10_s01_cov100_seed00000016_tiered_nt4,tiered,fast_gate,10,1,,,4,1,1325,659,0.9026415094339623,0.6028225806451613
c10_s01_cov100_seed00000016_tiered_nt4,tiered,fast_gate,10,1,,,4,2,729,1392,0.5267489711934157,0.18104667609618105
c10_s01_cov100_seed00000016_tiered_nt4,tiered,fast_gate,10,1,,,4,3,243,1139,0.448559670781893,0.0788712011577424
c10_s01_cov100_seed00000016_tiered_nt4,tiered,fast_gate,10,1,,,4,4,51,1138,0.35294117647058826,0.015138772077375946
c10_s01_cov100_seed00000016_tiered_nt4,tiered,fast_gate,10,1,,,4,5,4,727,0.5,0.0027359781121751026
c10_s01_cov100_seed00000016_tiered_nt4,tiered,fast_gate,10,1,,,4,6,1,478,0.0,0.0
c10_s01_cov100_seed00000016_tiered_nt4,tiered,fast_gate,10,1,,,4,7,0,213,,0.0
c10_s01_cov100_seed00000016_tiered_nt4,tiered,fast_gate,10,1,,,4,8,0,55,,0.0
c10_s01_cov100_seed00000016_tiered_nt4,tiered,fast_gate,10,1,,,4,9,0,9,,0.0
c10_s01_cov100_seed00000016_tiered_nt4,tiered,fast_gate,10,1,,,4,10,0,2,,0.0
c10_s01_cov100_seed00000016_tiered_nt4,tiered,fast_gate,10,1,,,4,11,0,1,,0.0
c10_s01_cov100_seed00000018_tiered_nt4,tiered,fast_gate,10,1,,,4,0,2097,0,0.9938006676204101,0.9938006676204101
c10_s01_cov100_seed00000018_tiered_nt4,tiered,fast_gate,10,1,,,4,1,1323,770,0.9319727891156463,0.5891065456282848
c10_s01_cov100_seed00000018_tiered_nt4,tiered,fast_gate,10,1,,,4,2,682,1287,0.5909090909090909,0.20467242254951754
c10_s01_cov100_seed00000018_tiered_nt4,tiered,fast_gate,10,1,,,4,3,246,1621,0.35772357723577236,0.04713444027852169
c10_s01_cov100_seed00000018_tiered_nt4,tiered,fast_gate,10,1,,,4,4,53,1455,0.11320754716981132,0.003978779840848806
c10_s01_cov100_seed00000018_tiered_nt4,tiered,fast_gate,10,1,,,4,5,9,884,0.0,0.0
c10_s01_cov100_seed00000018_tiered_nt4,tiered,fast_gate,10,1,,,4,6,0,403,,0.0
c10_s01_cov100_seed00000018_tiered_nt4,tiered,fast_gate,10,1,,,4,7,0,136,,0.0
c10_s01_cov100_seed00000018_tiered_nt4,tiered,fast_gate,10,1,,,4,8,0,34,,0.0
c10_s01_cov100_seed00000019_tiered_nt4,tiered,fast_gate,10,1,,,4,0,2830,0,0.9826855123674911,0.9826855123674911
c10_s01_cov100_seed00000019_tiered_nt4,tiered,fast_gate,10,1,,,4,1,1180,1479,0.764406779661017,0.3392252726588943
c10_s01_cov100_seed00000019_tiered_nt4,tiered,fast_gate,10,1,,,4,2,221,1715,0.6108597285067874,0.06973140495867769
c10_s01_cov100_seed00000019_tiered_nt4,tiered,fast_gate,10,1,,,4,3,29,1835,0.4482758620689655,0.006974248927038627
c10_s01_cov100_seed00000019_tiered_nt4,tiered,fast_gate,10,1,,,4,4,2,1091,0.5,0.0009149130832570906
c10_s01_cov100_seed00000019_tiered_nt4,tiered,fast_gate,10,1,,,4,5,0,468,,0.0
c10_s01_cov100_seed00000019_tiered_nt4,tiered,fast_gate,10,1,,,4,6,0,133,,0.0
c10_s01_cov100_seed00000019_tiered_nt4,tiered,fast_gate,10,1,,,4,7,0,17,,0.0
c10_s01_cov100_seed00000020_tiered_nt4,tiered,fast_gate,10,1,,,4,0,3835,0,0.9076923076923077,0.9076923076923077
c10_s01_cov100_seed00000020_tiered_nt4,tiered,fast_gate,10,1,,,4,1,1708,851,0.8875878220140515,0.5924189136381399
c10_s01_cov100_seed00000020_tiered_nt4,tiered,fast_gate,10,1,,,4,2,458,1126,0.8318777292576419,0.24053030303030304
c10_s01_cov100_seed00000020_tiered_nt4,tiered,fast_gate,10,1,,,4,3,90,865,0.8222222222222222,0.0774869109947644
c10_s01_cov100_seed00000020_tiered_nt4,tiered,fast_gate,10,1,,,4,4,12,725,0.5,0.008141112618724558
c10_s01_cov100_seed00000020_tiered_nt4,tiered,fast_gate,10,1,,,4,5,0,666,,0.0
c10_s01_cov100_seed00000020_tiered_nt4,tiered,fast_gate,10,1,,,4,6,0,393,,0.0
c10_s01_cov100_seed00000020_tiered_nt4,tiered,fast_gate,10,1,,,4,7,0,201,,0.0
c10_s01_cov100_seed00000020_tiered_nt4,tiered,fast_gate,10,1,,,4,8,0,59,,0.0
c10_s01_cov100_seed00000020_tiered_nt4,tiered,fast_gate,10,1,,,4,9,0,9,,0.0
c10_s01_cov100_seed00000020_tiered_nt4,tiered,fast_gate,10,1,,,4,10,0,2,,0.0
c10_s01_cov100_seed00000021_tiered_nt4,tiered,fast_gate,10,1,,,4,0,2896,0,0.9191988950276243,0.9191988950276243
c10_s01_cov100_seed00000021_tiered_nt4,tiered,fast_gate,10,1,,,4,1,1122,568,0.9010695187165776,0.598224852071006
c10_s01_cov100_seed00000021_tiered_nt4,tiered,fast_gate,10,1,,,4,2,189,2138,0.8783068783068783,0.07133648474430597
c10_s01_cov100_seed00000021_tiered_nt4,tiered,fast_gate,10,1,,,4,3,12,1543,0.9166666666666666,0.00707395498392283
c10_s01_cov100_seed00000021_tiered_nt4,tiered,fast_gate,10,1,,,4,4,0,1204,,0.0
c10_s01_cov100_seed00000021_tiered_nt4,tiered,fast_gate,10,1,,,4,5,0,722,,0.0
c10_s01_cov100_seed00000021_tiered_nt4,tiered,fast_gate,10,1,,,4,6,0,427,,0.0
c10_s01_cov100_seed00000021_tiered_nt4,tiered,fast_gate,10,1,,,4,7,0,156,,0.0
c10_s01_cov100_seed00000021_tiered_nt4,tiered,fast_gate,10,1,,,4,8,0,22,,0.0
c10_s01_cov100_seed00000021_tiered_nt4,tiered,fast_gate,10,1,,,4,9,0,1,,0.0
c10_s01_cov100_seed00000022_tiered_nt4,tiered,fast_gate,10,1,,,4,0,3285,0,0.9190258751902588,0.9190258751902588
c10_s01_cov100_seed00000022_tiered_nt4,tiered,fast_gate,10,1,,,4,1,1441,924,0.9090909090909091,0.5539112050739958
c10_s01_cov100_seed00000022_tiered_nt4,tiered,fast_gate,10,1,,,4,2,315,1747,0.9365079365079365,0.14306498545101842
c10_s01_cov100_seed00000022_tiered_nt4,tiered,fast_gate,10,1,,,4,3,39,1014,0.8974358974358975,0.03323836657169991
c10_s01_cov100_seed00000022_tiered_nt4,tiered,fast_gate,10,1,,,4,4,2,749,0.5,0.0013315579227696406
c10_s01_cov100_seed00000022_tiered_nt4,tiered,fast_gate,10,1,,,4,5,0,421,,0.0
c10_s01_cov100_seed00000022_tiered_nt4,tiered,fast_gate,10,1,,,4,6,0,525,,0.0
c10_s01_cov100_seed00000022_tiered_nt4,tiered,fast_gate,10,1,,,4,7,0,329,,0.0
c10_s01_cov100_seed00000022_tiered_nt4,tiered,fast_gate,10,1,,,4,8,0,170,,0.0
c10_s01_cov100_seed00000022_tiered_nt4,tiered,fast_gate,10,1,,,4,9,0,39,,0.0
c10_s01_cov100_seed00000023_tiered_nt4,tiered,fast_gate,10,1,,,4,0,4964,0,0.9244560838033844,0.9244560838033844
c10_s01_cov100_seed00000023_tiered_nt4,tiered,fast_gate,10,1,,,4,1,937,1234,0.9306296691568837,0.40165822201750345
c10_s01_cov100_seed00000023_tiered_nt4,tiered,fast_gate,10,1,,,4,2,353,568,0.9065155807365439,0.3474484256243214
c10_s01_cov100_seed00000023_tiered_nt4,tiered,fast_gate,10,1,,,4,3,20,586,0.7,0.0231023102310231
c10_s01_cov100_seed00000023_tiered_nt4,tiered,fast_gate,10,1,,,4,4,0,901,,0.0
c10_s01_cov100_seed00000023_tiered_nt4,tiered,fast_gate,10,1,,,4,5,0,468,,0.0
c10_s01_cov100_seed00000023_tiered_nt4,tiered,fast_gate,10,1,,,4,6,0,512,,0.0
c10_s01_cov100_seed00000023_tiered_nt4,tiered,fast_gate,10,1,,,4,7,0,244,,0.0
c10_s01_cov100_seed00000023_tiered_nt4,tiered,fast_gate,10,1,,,4,8,0,145,,0.0
c10_s01_cov100_seed00000023_tiered_nt4,tiered,fast_gate,10,1,,,4,9,0,49,,0.0
c10_s01_cov100_seed00000023_tiered_nt4,tiered,fast_gate,10,1,,,4,10,0,18,,0.0
c10_s01_cov100_seed00000023_tiered_nt4,tiered,fast_gate,10,1,,,4,11,0,1,,0.0
c10_s01_cov100_seed00000024_tiered_nt4,tiered,fast_gate,10,1,,,4,0,3231,0,0.9377901578458682,0.9377901578458682
c10_s01_cov100_seed00000024_tiered_nt4,tiered,fast_gate,10,1,,,4,1,1212,1108,0.9207920792079208,0.4810344827586207
c10_s01_cov100_seed00000024_tiered_nt4,tiered,fast_gate,10,1,,,4,2,205,1880,0.8975609756097561,0.08824940047961631
c10_s01_cov100_seed00000024_tiered_nt4,tiered,fast_gate,10,1,,,4,3,32,1109,0.96875,0.02716914986853637
c10_s01_cov100_seed00000024_tiered_nt4,tiered,fast_gate,10,1,,,4,4,1,800,1.0,0.0012484394506866417
c10_s01_cov100_seed00000024_tiered_nt4,tiered,fast_gate,10,1,,,4,5,0,694,,0.0
c10_s01_cov100_seed00000024_tiered_nt4,tiered,fast_gate,10,1,,,4,6,0,488,,0.0
c10_s01_cov100_seed00000024_tiered_nt4,tiered,fast_gate,10,1,,,4,7,0,205,,0.0
c10_s01_cov100_seed00000024_tiered_nt4,tiered,fast_gate,10,1,,,4,8,0,34,,0.0
c10_s01_cov100_seed00000024_tiered_nt4,tiered,fast_gate,10,1,,,4,9,0,1,,0.0
c10_s01_cov100_seed00000025_tiered_nt4,tiered,fast_gate,10,1,,,4,0,2256,0,0.9937943262411347,0.9937943262411347
c10_s01_cov100_seed00000025_tiered_nt4,tiered,fast_gate,10,1,,,4,1,1425,522,0.927719298245614,0.6789933230611197
c10_s01_cov100_seed00000025_tiered_nt4,tiered,fast_gate,10,1,,,4,2,636,1184,0.589622641509434,0.20604395604395603
c10_s01_cov100_seed00000025_tiered_nt4,tiered,fast_gate,10,1,,,4,3,199,1493,0.3316582914572864,0.03900709219858156
c10_s01_cov100_seed00000025_tiered_nt4,tiered,fast_gate,10,1,,,4,4,38,1353,0.13157894736842105,0.0035945363048166786
c10_s01_cov100_seed00000025_tiered_nt4,tiered,fast_gate,10,1,,,4,5,14,969,0.0,0.0
c10_s01_cov100_seed00000025_tiered_nt4,tiered,fast_gate,10,1,,,4,6,0,554,,0.0
c10_s01_cov100_seed00000025_tiered_nt4,tiered,fast_gate,10,1,,,4,7,0,253,,0.0
c10_s01_cov100_seed00000025_tiered_nt4,tiered,fast_gate,10,1,,,4,8,0,84,,0.0
c10_s01_cov100_seed00000025_tiered_nt4,tiered,fast_gate,10,1,,,4,9,0,16,,0.0
c10_s01_cov100_seed00000025_tiered_nt4,tiered,fast_gate,10,1,,,4,10,0,4,,0.0
c10_s01_cov100_seed00000026_tiered_nt4,tiered,fast_gate,10,1,,,4,0,1828,0,0.9961706783369803,0.9961706783369803
c10_s01_cov100_seed00000026_tiered_nt4,tiered,fast_gate,10,1,,,4,1,1289,639,0.9681923972071373,0.6473029045643154
c10_s01_cov100_seed00000026_tiered_nt4,tiered,fast_gate,10,1,,,4,2,586,1044,0.6843003412969283,0.2460122699386503
c10_s01_cov100_seed00000026_tiered_nt4,tiered,fast_gate,10,1,,,4,3,168,1309,0.4226190476190476,0.04807041299932295
c10_s01_cov100_seed00000026_tiered_nt4,tiered,fast_gate,10,1,,,4,4,36,1497,0.1111111111111111,0.002609262883235486
c10_s01_cov100_seed00000026_tiered_nt4,tiered,fast_gate,10,1,,,4,5,5,1182,0.0,0.0
c10_s01_cov100_seed00000026_tiered_nt4,tiered,fast_gate,10,1,,,4,6,1,752,0.0,0.0
c10_s01_cov100_seed00000026_tiered_nt4,tiered,fast_gate,10,1,,,4,7,0,400,,0.0
c10_s01_cov100_seed00000026_tiered_nt4,tiered,fast_gate,10,1,,,4,8,0,201,,0.0
c10_s01_cov100_seed00000026_tiered_nt4,tiered,fast_gate,10,1,,,4,9,0,57,,0.0
c10_s01_cov100_seed00000026_tiered_nt4,tiered,fast_gate,10,1,,,4,10,0,5,,0.0
c10_s01_cov100_seed00000026_tiered_nt4,tiered,fast_gate,10,1,,,4,11,0,1,,0.0
c10_s01_cov100_seed00000027_tiered_nt4,tiered,fast_gate,10,1,,,4,0,2806,0,0.9294369208838203,0.9294369208838203
c10_s01_cov100_seed00000027_tiered_nt4,tiered,fast_gate,10,1,,,4,1,1031,1427,0.9059165858389913,0.3799837266069976
c10_s01_cov100_seed00000027_tiered_nt4,tiered,fast_gate,10,1,,,4,2,238,1392,0.8949579831932774,0.13067484662576687
c10_s01_cov100_seed00000027_tiered_nt4,tiered,fast_gate,10,1,,,4,3,63,1398,0.8888888888888888,0.038329911019849415
c10_s01_cov100_seed00000027_tiered_nt4,tiered,fast_gate,10,1,,,4,4,12,1105,0.9166666666666666,0.009847806624888093
c10_s01_cov100_seed00000027_tiered_nt4,tiered,fast_gate,10,1,,,4,5,3,832,1.0,0.003592814371257485
c10_s01_cov100_seed00000027_tiered_nt4,tiered,fast_gate,10,1,,,4,6,0,467,,0.0
c10_s01_cov100_seed00000027_tiered_nt4,tiered,fast_gate,10,1,,,4,7,0,161,,0.0
c10_s01_cov100_seed00000027_tiered_nt4,tiered,fast_gate,10,1,,,4,8,0,50,,0.0
c10_s01_cov100_seed00000027_tiered_nt4,tiered,fast_gate,10,1,,,4,9,0,13,,0.0
c10_s01_cov100_seed00000027_tiered_nt4,tiered,fast_gate,10,1,,,4,10,0,2,,0.0
c10_s01_cov100_seed00000028_tiered_nt4,tiered,fast_gate,10,1,,,4,0,1674,0,0.9910394265232975,0.9910394265232975
c10_s01_cov100_seed00000028_tiered_nt4,tiered,fast_gate,10,1,,,4,1,1115,868,0.863677130044843,0.4856278366111952
c10_s01_cov100_seed00000028_tiered_nt4,tiered,fast_gate,10,1,,,4,2,376,1753,0.6436170212765957,0.11366838891498356
c10_s01_cov100_seed00000028_tiered_nt4,tiered,fast_gate,10,1,,,4,3,98,1903,0.21428571428571427,0.010494752623688156
c10_s01_cov100_seed00000028_tiered_nt4,tiered,fast_gate,10,1,,,4,4,22,1548,0.0,0.0
c10_s01_cov100_seed00000028_tiered_nt4,tiered,fast_gate,10,1,,,4,5,2,948,0.0,0.0
c10_s01_cov100_seed00000028_tiered_nt4,tiered,fast_gate,10,1,,,4,6,0,433,,0.0
c10_s01_cov100_seed00000028_tiered_nt4,tiered,fast_gate,10,1,,,4,7,0,189,,0.0
c10_s01_cov100_seed00000028_tiered_nt4,tiered,fast_gate,10,1,,,4,8,0,58,,0.0
c10_s01_cov100_seed00000028_tiered_nt4,tiered,fast_gate,10,1,,,4,9,0,13,,0.0
c10_s01_cov100_seed00000029_tiered_nt4,tiered,fast_gate,10,1,,,4,0,1918,0,0.9927007299270073,0.9927007299270073
c10_s01_cov100_seed00000029_tiered_nt4,tiered,fast_gate,10,1,,,4,1,973,708,0.9064748201438849,0.5246876859012493
c10_s01_cov100_seed00000029_tiered_nt4,tiered,fast_gate,10,1,,,4,2,442,1438,0.5271493212669683,0.12393617021276596
c10_s01_cov100_seed00000029_tiered_nt4,tiered,fast_gate,10,1,,,4,3,192,1509,0.2864583333333333,0.03233392122281011
c10_s01_cov100_seed00000029_tiered_nt4,tiered,fast_gate,10,1,,,4,4,78,1472,0.15384615384615385,0.007741935483870968
c10_s01_cov100_seed00000029_tiered_nt4,tiered,fast_gate,10,1,,,4,5,19,1127,0.05263157894736842,0.0008726003490401396
c10_s01_cov100_seed00000029_tiered_nt4,tiered,fast_gate,10,1,,,4,6,2,630,0.0,0.0
c10_s01_cov100_seed00000029_tiered_nt4,tiered,fast_gate,10,1,,,4,7,0,314,,0.0
c10_s01_cov100_seed00000029_tiered_nt4,tiered,fast_gate,10,1,,,4,8,1,146,0.0,0.0
c10_s01_cov100_seed00000029_tiered_nt4,tiered,fast_gate,10,1,,,4,9,0,27,,0.0
c10_s01_cov100_seed00000029_tiered_nt4,tiered,fast_gate,10,1,,,4,10,0,4,,0.0
c10_s01_cov100_seed00000030_tiered_nt4,tiered,fast_gate,10,1,,,4,0,4108,0,0.9155306718597858,0.9155306718597858
c10_s01_cov100_seed00000030_tiered_nt4,tiered,fast_gate,10,1,,,4,1,1164,1109,0.9003436426116839,0.4610646722393313
c10_s01_cov100_seed00000030_tiered_nt4,tiered,fast_gate,10,1,,,4,2,499,834,0.8777555110220441,0.3285821455363841
c10_s01_cov100_seed00000030_tiered_nt4,tiered,fast_gate,10,1,,,4,3,101,962,0.8415841584158416,0.0799623706491063
c10_s01_cov100_seed00000030_tiered_nt4,tiered,fast_gate,10,1,,,4,4,17,811,0.8235294117647058,0.016908212560386472
c10_s01_cov100_seed00000030_tiered_nt4,tiered,fast_gate,10,1,,,4,5,0,664,,0.0
c10_s01_cov100_seed00000030_tiered_nt4,tiered,fast_gate,10,1,,,4,6,0,435,,0.0
c10_s01_cov100_seed00000030_tiered_nt4,tiered,fast_gate,10,1,,,4,7,0,213,,0.0
c10_s01_cov100_seed00000030_tiered_nt4,tiered,fast_gate,10,1,,,4,8,0,72,,0.0
c10_s01_cov100_seed00000030_tiered_nt4,tiered,fast_gate,10,1,,,4,9,0,7,,0.0
c10_s01_cov100_seed00000030_tiered_nt4,tiered,fast_gate,10,1,,,4,10,0,4,,0.0
c10_s01_cov100_seed00000031_tiered_nt4,tiered,fast_gate,10,1,,,4,0,2008,0,0.9890438247011952,0.9890438247011952
c10_s01_cov100_seed00000031_tiered_nt4,tiered,fast_gate,10,1,,,4,1,1512,939,0.8683862433862434,0.5356997144022848
c10_s01_cov100_seed00000031_tiered_nt4,tiered,fast_gate,10,1,,,4,2,534,1382,0.850187265917603,0.23695198329853862
c10_s01_cov100_seed00000031_tiered_nt4,tiered,fast_gate,10,1,,,4,3,155,1479,0.6838709677419355,0.06487148102815178
c10_s01_cov100_seed00000031_tiered_nt4,tiered,fast_gate,10,1,,,4,4,24,1208,0.6666666666666666,0.012987012987012988
c10_s01_cov100_seed00000031_tiered_nt4,tiered,fast_gate,10,1,,,4,5,4,783,1.0,0.005082592121982211
c10_s01_cov100_seed00000031_tiered_nt4,tiered,fast_gate,10,1,,,4,6,1,499,1.0,0.002
c10_s01_cov100_seed00000031_tiered_nt4,tiered,fast_gate,10,1,,,4,7,0,316,,0.0
c10_s01_cov100_seed00000031_tiered_nt4,tiered,fast_gate,10,1,,,4,8,0,111,,0.0
c10_s01_cov100_seed00000031_tiered_nt4,tiered,fast_gate,10,1,,,4,9,0,33,,0.0
c10_s01_cov100_seed00000031_tiered_nt4,tiered,fast_gate,10,1,,,4,10,0,12,,0.0
c10_s01_cov100_seed00000032_tiered_nt4,tiered,fast_gate,10,1,,,4,0,1906,0,0.9942287513116475,0.9942287513116475
c10_s01_cov100_seed00000032_tiered_nt4,tiered,fast_gate,10,1,,,4,1,1009,955,0.9147670961347869,0.469959266802444
c10_s01_cov100_seed00000032_tiered_nt4,tiered,fast_gate,10,1,,,4,2,495,1741,0.4222222222222222,0.09347048300536673
c10_s01_cov100_seed00000032_tiered_nt4,tiered,fast_gate,10,1,,,4,3,151,1919,0.1986754966887417,0.014492753623188406
c10_s01_cov100_seed00000032_tiered_nt4,tiered,fast_gate,10,1,,,4,4,27,1609,0.037037037037037035,0.0006112469437652812
c10_s01_cov100_seed00000032_tiered_nt4,tiered,fast_gate,10,1,,,4,5,2,863,0.0,0.0
c10_s01_cov100_seed00000032_tiered_nt4,tiered,fast_gate,10,1,,,4,6,0,280,,0.0
c10_s01_cov100_seed00000032_tiered_nt4,tiered,fast_gate,10,1,,,4,7,0,41,,0.0
c10_s01_cov100_seed00000032_tiered_nt4,tiered,fast_gate,10,1,,,4,8,0,2,,0.0
c10_s01_cov100_seed00000034_tiered_nt4,tiered,fast_gate,10,1,,,4,0,2640,0,0.9784090909090909,0.9784090909090909
c10_s01_cov100_seed00000034_tiered_nt4,tiered,fast_gate,10,1,,,4,1,1316,1075,0.8206686930091185,0.451693851944793
c10_s01_cov100_seed00000034_tiered_nt4,tiered,fast_gate,10,1,,,4,2,177,1895,0.7288135593220338,0.06225868725868726
c10_s01_cov100_seed00000034_tiered_nt4,tiered,fast_gate,10,1,,,4,3,2,1912,0.0,0.0
c10_s01_cov100_seed00000034_tiered_nt4,tiered,fast_gate,10,1,,,4,4,0,1320,,0.0
c10_s01_cov100_seed00000034_tiered_nt4,tiered,fast_gate,10,1,,,4,5,0,554,,0.0
c10_s01_cov100_seed00000034_tiered_nt4,tiered,fast_gate,10,1,,,4,6,0,95,,0.0
c10_s01_cov100_seed00000034_tiered_nt4,tiered,fast_gate,10,1,,,4,7,0,14,,0.0
c10_s01_cov100_seed00000035_tiered_nt4,tiered,fast_gate,10,1,,,4,0,2567,0,0.9890923256719907,0.9890923256719907
c10_s01_cov100_seed00000035_tiered_nt4,tiered,fast_gate,10,1,,,4,1,1411,1140,0.8199858256555634,0.453547628381027
c10_s01_cov100_seed00000035_tiered_nt4,tiered,fast_gate,10,1,,,4,2,474,1518,0.7278481012658228,0.17319277108433734
c10_s01_cov100_seed00000035_tiered_nt4,tiered,fast_gate,10,1,,,4,3,83,1437,0.6746987951807228,0.03684210526315789
c10_s01_cov100_seed00000035_tiered_nt4,tiered,fast_gate,10,1,,,4,4,7,1122,0.14285714285714285,0.0008857395925597874
c10_s01_cov100_seed00000035_tiered_nt4,tiered,fast_gate,10,1,,,4,5,0,751,,0.0
c10_s01_cov100_seed00000035_tiered_nt4,tiered,fast_gate,10,1,,,4,6,0,381,,0.0
c10_s01_cov100_seed00000035_tiered_nt4,tiered,fast_gate,10,1,,,4,7,0,95,,0.0
c10_s01_cov100_seed00000035_tiered_nt4,tiered,fast_gate,10,1,,,4,8,0,14,,0.0
c10_s01_cov100_seed00000036_tiered_nt4,tiered,fast_gate,10,1,,,4,0,2798,0,0.9210150107219442,0.9210150107219442
c10_s01_cov100_seed00000036_tiered_nt4,tiered,fast_gate,10,1,,,4,1,1498,1271,0.8978638184245661,0.48573492235464066
c10_s01_cov100_seed00000036_tiered_nt4,tiered,fast_gate,10,1,,,4,2,259,1704,0.8532818532818532,0.11258278145695365
c10_s01_cov100_seed00000036_tiered_nt4,tiered,fast_gate,10,1,,,4,3,28,1411,0.9285714285714286,0.018068102849200834
c10_s01_cov100_seed00000036_tiered_nt4,tiered,fast_gate,10,1,,,4,4,1,1076,1.0,0.0009285051067780873
c10_s01_cov100_seed00000036_tiered_nt4,tiered,fast_gate,10,1,,,4,5,0,670,,0.0
c10_s01_cov100_seed00000036_tiered_nt4,tiered,fast_gate,10,1,,,4,6,0,231,,0.0
c10_s01_cov100_seed00000036_tiered_nt4,tiered,fast_gate,10,1,,,4,7,0,50,,0.0
c10_s01_cov100_seed00000036_tiered_nt4,tiered,fast_gate,10,1,,,4,8,0,3,,0.0
c10_s01_cov100_seed00000037_tiered_nt4,tiered,fast_gate,10,1,,,4,0,2706,0,0.9393939393939394,0.9393939393939394
c10_s01_cov100_seed00000037_tiered_nt4,tiered,fast_gate,10,1,,,4,1,336,343,0.9583333333333334,0.4742268041237113
c10_s01_cov100_seed00000037_tiered_nt4,tiered,fast_gate,10,1,,,4,2,660,1113,0.8954545454545455,0.3333333333333333
c10_s01_cov100_seed00000037_tiered_nt4,tiered,fast_gate,10,1,,,4,3,261,1250,0.9233716475095786,0.15949702183984116
c10_s01_cov100_seed00000037_tiered_nt4,tiered,fast_gate,10,1,,,4,4,107,1491,0.9065420560747663,0.0607008760951189
c10_s01_cov100_seed00000037_tiered_nt4,tiered,fast_gate,10,1,,,4,5,69,946,0.8840579710144928,0.060098522167487685
c10_s01_cov100_seed00000037_tiered_nt4,tiered,fast_gate,10,1,,,4,6,8,756,0.75,0.007853403141361256
c10_s01_cov100_seed00000037_tiered_nt4,tiered,fast_gate,10,1,,,4,7,4,550,1.0,0.007220216606498195
c10_s01_cov100_seed00000037_tiered_nt4,tiered,fast_gate,10,1,,,4,8,0,273,,0.0
c10_s01_cov100_seed00000037_tiered_nt4,tiered,fast_gate,10,1,,,4,9,0,100,,0.0
c10_s01_cov100_seed00000037_tiered_nt4,tiered,fast_gate,10,1,,,4,10,0,26,,0.0
c10_s01_cov100_seed00000037_tiered_nt4,tiered,fast_gate,10,1,,,4,11,0,1,,0.0
c10_s01_cov100_seed00000040_tiered_nt4,tiered,fast_gate,10,1,,,4,0,2604,0,0.9804147465437788,0.9804147465437788
c10_s01_cov100_seed00000040_tiered_nt4,tiered,fast_gate,10,1,,,4,1,1502,1259,0.8342210386151797,0.4538210793190873
c10_s01_cov100_seed00000040_tiered_nt4,tiered,fast_gate,10,1,,,4,2,311,1625,0.6012861736334405,0.09659090909090909
c10_s01_cov100_seed00000040_tiered_nt4,tiered,fast_gate,10,1,,,4,3,20,1663,0.65,0.007724301841948901
c10_s01_cov100_seed00000040_tiered_nt4,tiered,fast_gate,10,1,,,4,4,0,1131,,0.0
c10_s01_cov100_seed00000040_tiered_nt4,tiered,fast_gate,10,1,,,4,5,0,616,,0.0
c10_s01_cov100_seed00000040_tiered_nt4,tiered,fast_gate,10,1,,,4,6,0,215,,0.0
c10_s01_cov100_seed00000040_tiered_nt4,tiered,fast_gate,10,1,,,4,7,0,45,,0.0
c10_s01_cov100_seed00000040_tiered_nt4,tiered,fast_gate,10,1,,,4,8,0,8,,0.0
c10_s01_cov100_seed00000040_tiered_nt4,tiered,fast_gate,10,1,,,4,9,0,1,,0.0
c10_s01_cov100_seed00000042_tiered_nt4,tiered,fast_gate,10,1,,,4,0,4091,0,0.9127352725494989,0.9127352725494989
c10_s01_cov100_seed00000042_tiered_nt4,tiered,fast_gate,10,1,,,4,1,593,1497,0.9409780775716695,0.2669856459330144
c10_s01_cov100_seed00000042_tiered_nt4,tiered,fast_gate,10,1,,,4,2,103,1167,0.8737864077669902,0.07086614173228346
c10_s01_cov100_seed00000042_tiered_nt4,tiered,fast_gate,10,1,,,4,3,4,1541,0.75,0.001941747572815534
c10_s01_cov100_seed00000042_tiered_nt4,tiered,fast_gate,10,1,,,4,4,0,1223,,0.0
c10_s01_cov100_seed00000042_tiered_nt4,tiered,fast_gate,10,1,,,4,5,0,523,,0.0
c10_s01_cov100_seed00000042_tiered_nt4,tiered,fast_gate,10,1,,,4,6,0,213,,0.0
c10_s01_cov100_seed00000042_tiered_nt4,tiered,fast_gate,10,1,,,4,7,0,40,,0.0
c10_s01_cov100_seed00000042_tiered_nt4,tiered,fast_gate,10,1,,,4,8,0,5,,0.0
c10_s01_cov100_seed00000044_tiered_nt4,tiered,fast_gate,10,1,,,4,0,2962,0,0.9841323430114788,0.9841323430114788
c10_s01_cov100_seed00000044_tiered_nt4,tiered,fast_gate,10,1,,,4,1,1980,916,0.8464646464646465,0.5787292817679558
c10_s01_cov100_seed00000044_tiered_nt4,tiered,fast_gate,10,1,,,4,2,443,1136,0.8668171557562077,0.24319189360354654
c10_s01_cov100_seed00000044_tiered_nt4,tiered,fast_gate,10,1,,,4,3,97,924,0.7835051546391752,0.07443682664054849
c10_s01_cov100_seed00000044_tiered_nt4,tiered,fast_gate,10,1,,,4,4,5,921,0.6,0.0032397408207343412
c10_s01_cov100_seed00000044_tiered_nt4,tiered,fast_gate,10,1,,,4,5,0,830,,0.0
c10_s01_cov100_seed00000044_tiered_nt4,tiered,fast_gate,10,1,,,4,6,0,515,,0.0
c10_s01_cov100_seed00000044_tiered_nt4,tiered,fast_gate,10,1,,,4,7,0,202,,0.0
c10_s01_cov100_seed00000044_tiered_nt4,tiered,fast_gate,10,1,,,4,8,0,56,,0.0
c10_s01_cov100_seed00000044_tiered_nt4,tiered,fast_gate,10,1,,,4,9,0,11,,0.0
c10_s01_cov100_seed00000044_tiered_nt4,tiered,fast_gate,10,1,,,4,10,0,2,,0.0
c10_s01_cov100_seed00000046_tiered_nt4,tiered,fast_gate,10,1,,,4,0,1790,0,0.994413407821229,0.994413407821229
c10_s01_cov100_seed00000046_tiered_nt4,tiered,fast_gate,10,1,,,4,1,1106,792,0.9584086799276673,0.5584826132771338
c10_s01_cov100_seed00000046_tiered_nt4,tiered,fast_gate,10,1,,,4,2,508,1412,0.6377952755905512,0.16875
c10_s01_cov100_seed00000046_tiered_nt4,tiered,fast_gate,10,1,,,4,3,160,1669,0.45625,0.03991252050300711
c10_s01_cov100_seed00000046_tiered_nt4,tiered,fast_gate,10,1,,,4,4,43,1476,0.23255813953488372,0.0065832784726793945
c10_s01_cov100_seed00000046_tiered_nt4,tiered,fast_gate,10,1,,,4,5,8,1020,0.125,0.0009727626459143969
c10_s01_cov100_seed00000046_tiered_nt4,tiered,fast_gate,10,1,,,4,6,0,616,,0.0
c10_s01_cov100_seed00000046_tiered_nt4,tiered,fast_gate,10,1,,,4,7,0,283,,0.0
c10_s01_cov100_seed00000046_tiered_nt4,tiered,fast_gate,10,1,,,4,8,0,101,,0.0
c10_s01_cov100_seed00000046_tiered_nt4,tiered,fast_gate,10,1,,,4,9,0,15,,0.0
c10_s01_cov100_seed00000046_tiered_nt4,tiered,fast_gate,10,1,,,4,10,0,1,,0.0
c10_s01_cov100_seed00000047_tiered_nt4,tiered,fast_gate,10,1,,,4,0,3936,0,0.9092987804878049,0.9092987804878049
c10_s01_cov100_seed00000047_tiered_nt4,tiered,fast_gate,10,1,,,4,1,922,1839,0.8698481561822126,0.2904744657732706
c10_s01_cov100_seed00000047_tiered_nt4,tiered,fast_gate,10,1,,,4,2,16,1759,0.375,0.0033802816901408453
c10_s01_cov100_seed00000047_tiered_nt4,tiered,fast_gate,10,1,,,4,3,0,879,,0.0
c10_s01_cov100_seed00000047_tiered_nt4,tiered,fast_gate,10,1,,,4,4,0,995,,0.0
c10_s01_cov100_seed00000047_tiered_nt4,tiered,fast_gate,10,1,,,4,5,0,529,,0.0
c10_s01_cov100_seed00000047_tiered_nt4,tiered,fast_gate,10,1,,,4,6,0,116,,0.0
c10_s01_cov100_seed00000047_tiered_nt4,tiered,fast_gate,10,1,,,4,7,0,7,,0.0
c10_s01_cov100_seed00000047_tiered_nt4,tiered,fast_gate,10,1,,,4,8,0,2,,0.0
c10_s01_cov100_seed00000048_tiered_nt4,tiered,fast_gate,10,1,,,4,0,2138,0,0.9897100093545369,0.9897100093545369
c10_s01_cov100_seed00000048_tiered_nt4,tiered,fast_gate,10,1,,,4,1,1762,732,0.8581157775255391,0.6062550120288693
c10_s01_cov100_seed00000048_tiered_nt4,tiered,fast_gate,10,1,,,4,2,626,1395,0.7332268370607029,0.22711528946066303
c10_s01_cov100_seed00000048_tiered_nt4,tiered,fast_gate,10,1,,,4,3,116,1638,0.41379310344827586,0.027366020524515394
c10_s01_cov100_seed00000048_tiered_nt4,tiered,fast_gate,10,1,,,4,4,16,1244,0.3125,0.003968253968253968
c10_s01_cov100_seed00000048_tiered_nt4,tiered,fast_gate,10,1,,,4,5,1,746,0.0,0.0
c10_s01_cov100_seed00000048_tiered_nt4,tiered,fast_gate,10,1,,,4,6,0,388,,0.0
c10_s01_cov100_seed00000048_tiered_nt4,tiered,fast_gate,10,1,,,4,7,0,152,,0.0
c10_s01_cov100_seed00000048_tiered_nt4,tiered,fast_gate,10,1,,,4,8,0,41,,0.0
c10_s01_cov100_seed00000048_tiered_nt4,tiered,fast_gate,10,1,,,4,9,0,5,,0.0
c10_s05_cov100_seed00000000_tiered_nt2,tiered,fast_gate,10,5,,,2,0,1386,0,0.9971139971139971,0.9971139971139971
c10_s05_cov100_seed00000000_tiered_nt2,tiered,fast_gate,10,5,,,2,1,865,216,0.9757225433526011,0.7807585568917669
c10_s05_cov100_seed00000000_tiered_nt2,tiered,fast_gate,10,5,,,2,2,271,1295,0.8523985239852399,0.1475095785440613
c10_s05_cov100_seed00000000_tiered_nt2,tiered,fast_gate,10,5,,,2,3,345,1432,0.8724637681159421,0.16938660664040517
c10_s05_cov100_seed00000000_tiered_nt2,tiered,fast_gate,10,5,,,2,4,194,1402,0.6237113402061856,0.07581453634085213
c10_s05_cov100_seed00000000_tiered_nt2,tiered,fast_gate,10,5,,,2,5,24,1637,0.0,0.0
c10_s05_cov100_seed00000000_tiered_nt2,tiered,fast_gate,10,5,,,2,6,0,1177,,0.0
c10_s05_cov100_seed00000000_tiered_nt2,tiered,fast_gate,10,5,,,2,7,0,544,,0.0
c10_s05_cov100_seed00000000_tiered_nt2,tiered,fast_gate,10,5,,,2,8,0,198,,0.0
c10_s05_cov100_seed00000000_tiered_nt2,tiered,fast_gate,10,5,,,2,9,0,14,,0.0
c10_s05_cov100_seed00000001_tiered_nt2,tiered,fast_gate,10,5,,,2,0,1384,0,0.9927745664739884,0.9927745664739884
c10_s05_cov100_seed00000001_tiered_nt2,tiered,fast_gate,10,5,,,2,1,919,660,0.9162132752992383,0.5332488917036099
c10_s05_cov100_seed00000001_tiered_nt2,tiered,fast_gate,10,5,,,2,2,655,1060,0.8656488549618321,0.3306122448979592
c10_s05_cov100_seed00000001_tiered_nt2,tiered,fast_gate,10,5,,,2,3,598,1397,0.9280936454849499,0.2781954887218045
c10_s05_cov100_seed00000001_tiered_nt2,tiered,fast_gate,10,5,,,2,4,207,1507,0.961352657004831,0.1161026837806301
c10_s05_cov100_seed00000001_tiered_nt2,tiered,fast_gate,10,5,,,2,5,37,1282,1.0,0.028051554207733132
c10_s05_cov100_seed00000001_tiered_nt2,tiered,fast_gate,10,5,,,2,6,0,864,,0.0
c10_s05_cov100_seed00000001_tiered_nt2,tiered,fast_gate,10,5,,,2,7,0,341,,0.0
c10_s05_cov100_seed00000001_tiered_nt2,tiered,fast_gate,10,5,,,2,8,0,79,,0.0
c10_s05_cov100_seed00000001_tiered_nt2,tiered,fast_gate,10,5,,,2,9,0,10,,0.0
c10_s05_cov100_seed00000002_tiered_nt2,tiered,fast_gate,10,5,,,2,0,1369,0,0.9926953981008035,0.9926953981008035
c10_s05_cov100_seed00000002_tiered_nt2,tiered,fast_gate,10,5,,,2,1,853,239,0.9894490035169988,0.7728937728937729
c10_s05_cov100_seed00000002_tiered_nt2,tiered,fast_gate,10,5,,,2,2,519,1137,0.9344894026974951,0.2928743961352657
c10_s05_cov100_seed00000002_tiered_nt2,tiered,fast_gate,10,5,,,2,3,287,1548,0.8815331010452961,0.13787465940054497
c10_s05_cov100_seed00000002_tiered_nt2,tiered,fast_gate,10,5,,,2,4,139,1536,0.762589928057554,0.06328358208955225
c10_s05_cov100_seed00000002_tiered_nt2,tiered,fast_gate,10,5,,,2,5,31,1614,0.8064516129032258,0.015197568389057751
c10_s05_cov100_seed00000002_tiered_nt2,tiered,fast_gate,10,5,,,2,6,0,1114,,0.0
c10_s05_cov100_seed00000002_tiered_nt2,tiered,fast_gate,10,5,,,2,7,0,492,,0.0
c10_s05_cov100_seed00000002_tiered_nt2,tiered,fast_gate,10,5,,,2,8,0,112,,0.0
c10_s05_cov100_seed00000002_tiered_nt2,tiered,fast_gate,10,5,,,2,9,0,10,,0.0
c10_s05_cov100_seed00000003_tiered_nt2,tiered,fast_gate,10,5,,,2,0,1643,0,0.9890444309190505,0.9890444309190505
c10_s05_cov100_seed00000003_tiered_nt2,tiered,fast_gate,10,5,,,2,1,1382,269,0.9334298118668596,0.7813446396123561
c10_s05_cov100_seed00000003_tiered_nt2,tiered,fast_gate,10,5,,,2,2,1063,848,0.922859830667921,0.5133437990580848
c10_s05_cov100_seed00000003_tiered_nt2,tiered,fast_gate,10,5,,,2,3,464,1499,0.9547413793103449,0.22567498726439122
c10_s05_cov100_seed00000003_tiered_nt2,tiered,fast_gate,10,5,,,2,4,52,1606,1.0,0.031363088057901084
c10_s05_cov100_seed00000003_tiered_nt2,tiered,fast_gate,10,5,,,2,5,0,1196,,0.0
c10_s05_cov100_seed00000003_tiered_nt2,tiered,fast_gate,10,5,,,2,6,0,621,,0.0
c10_s05_cov100_seed00000003_tiered_nt2,tiered,fast_gate,10,5,,,2,7,0,234,,0.0
c10_s05_cov100_seed00000003_tiered_nt2,tiered,fast_gate,10,5,,,2,8,0,94,,0.0
c10_s05_cov100_seed00000003_tiered_nt2,tiered,fast_gate,10,5,,,2,9,0,28,,0.0
c10_s05_cov100_seed00000003_tiered_nt2,tiered,fast_gate,10,5,,,2,10,0,1,,0.0
c10_s05_cov100_seed00000004_tiered_nt2,tiered,fast_gate,10,5,,,2,0,1380,0,0.994927536231884,0.994927536231884
c10_s05_cov100_seed00000004_tiered_nt2,tiered,fast_gate,10,5,,,2,1,742,498,0.8935309973045822,0.5346774193548387
c10_s05_cov100_seed00000004_tiered_nt2,tiered,fast_gate,10,5,,,2,2,480,1735,0.8708333333333333,0.1887133182844244
c10_s05_cov100_seed00000004_tiered_nt2,tiered,fast_gate,10,5,,,2,3,120,1748,1.0,0.06423982869379015
c10_s05_cov100_seed00000004_tiered_nt2,tiered,fast_gate,10,5,,,2,4,0,2000,,0.0
c10_s05_cov100_seed00000004_tiered_nt2,tiered,fast_gate,10,5,,,2,5,0,1301,,0.0
c10_s05_cov100_seed00000004_tiered_nt2,tiered,fast_gate,10,5,,,2,6,0,711,,0.0
c10_s05_cov100_seed00000004_tiered_nt2,tiered,fast_gate,10,5,,,2,7,0,220,,0.0
c10_s05_cov100_seed00000004_tiered_nt2,tiered,fast_gate,10,5,,,2,8,0,61,,0.0
c10_s05_cov100_seed00000004_tiered_nt2,tiered,fast_gate,10,5,,,2,9,0,4,,0.0
c10_s05_cov100_seed00000005_tiered_nt2,tiered,fast_gate,10,5,,,2,0,1349,0,0.9925871015567087,0.9925871015567087
c10_s05_cov100_seed00000005_tiered_nt2,tiered,fast_gate,10,5,,,2,1,805,466,0.9677018633540373,0.6129032258064516
c10_s05_cov100_seed00000005_tiered_nt2,tiered,fast_gate,10,5,,,2,2,281,1110,0.8185053380782918,0.16534867002156722
c10_s05_cov100_seed00000005_tiered_nt2,tiered,fast_gate,10,5,,,2,3,466,1515,0.7875536480686696,0.18525996971226652
c10_s05_cov100_seed00000005_tiered_nt2,tiered,fast_gate,10,5,,,2,4,271,1350,0.6309963099630996,0.10549043800123381
c10_s05_cov100_seed00000005_tiered_nt2,tiered,fast_gate,10,5,,,2,5,89,1511,0.4044943820224719,0.0225
c10_s05_cov100_seed00000005_tiered_nt2,tiered,fast_gate,10,5,,,2,6,13,1125,0.0,0.0
c10_s05_cov100_seed00000005_tiered_nt2,tiered,fast_gate,10,5,,,2,7,0,504,,0.0
c10_s05_cov100_seed00000005_tiered_nt2,tiered,fast_gate,10,5,,,2,8,0,137,,0.0
c10_s05_cov100_seed00000005_tiered_nt2,tiered,fast_gate,10,5,,,2,9,0,8,,0.0
c10_s05_cov100_seed00000006_tiered_nt2,tiered,fast_gate,10,5,,,2,0,1908,0,0.9753668763102725,0.9753668763102725
c10_s05_cov100_seed00000006_tiered_nt2,tiered,fast_gate,10,5,,,2,1,1537,423,0.9089134677944047,0.7127551020408164
c10_s05_cov100_seed00000006_tiered_nt2,tiered,fast_gate,10,5,,,2,2,562,1535,0.802491103202847,0.2150691463996185
c10_s05_cov100_seed00000006_tiered_nt2,tiered,fast_gate,10,5,,,2,3,120,2038,0.7416666666666667,0.041241890639481
c10_s05_cov100_seed00000006_tiered_nt2,tiered,fast_gate,10,5,,,2,4,0,1589,,0.0
c10_s05_cov100_seed00000006_tiered_nt2,tiered,fast_gate,10,5,,,2,5,0,903,,0.0
c10_s05_cov100_seed00000006_tiered_nt2,tiered,fast_gate,10,5,,,2,6,0,328,,0.0
c10_s05_cov100_seed00000006_tiered_nt2,tiered,fast_gate,10,5,,,2,7,0,52,,0.0
c10_s05_cov100_seed00000006_tiered_nt2,tiered,fast_gate,10,5,,,2,8,0,5,,0.0
c10_s05_cov100_seed00000007_tiered_nt2,tiered,fast_gate,10,5,,,2,0,1387,0,0.996395097332372,0.996395097332372
c10_s05_cov100_seed00000007_tiered_nt2,tiered,fast_gate,10,5,,,2,1,900,515,0.95,0.6042402826855123
c10_s05_cov100_seed00000007_tiered_nt2,tiered,fast_gate,10,5,,,2,2,546,1470,0.782051282051282,0.21180555555555555
c10_s05_cov100_seed00000007_tiered_nt2,tiered,fast_gate,10,5,,,2,3,207,1781,0.6328502415458938,0.0658953722334004
c10_s05_cov100_seed00000007_tiered_nt2,tiered,fast_gate,10,5,,,2,4,47,1745,0.5957446808510638,0.015625
c10_s05_cov100_seed00000007_tiered_nt2,tiered,fast_gate,10,5,,,2,5,0,1417,,0.0
c10_s05_cov100_seed00000007_tiered_nt2,tiered,fast_gate,10,5,,,2,6,0,705,,0.0
c10_s05_cov100_seed00000007_tiered_nt2,tiered,fast_gate,10,5,,,2,7,0,241,,0.0
c10_s05_cov100_seed00000007_tiered_nt2,tiered,fast_gate,10,5,,,2,8,0,37,,0.0
c10_s05_cov100_seed00000007_tiered_nt2,tiered,fast_gate,10,5,,,2,9,0,2,,0.0
c10_s05_cov100_seed00000008_tiered_nt2,tiered,fast_gate,10,5,,,2,0,1580,0,0.9873417721518988,0.9873417721518988
c10_s05_cov100_seed00000008_tiered_nt2,tiered,fast_gate,10,5,,,2,1,997,612,0.9368104312938816,0.5804847731510255
c10_s05_cov100_seed00000008_tiered_nt2,tiered,fast_gate,10,5,,,2,2,652,1418,0.8236196319018405,0.2594202898550725
c10_s05_cov100_seed00000008_tiered_nt2,tiered,fast_gate,10,5,,,2,3,269,1840,0.7620817843866171,0.09720246562351825
c10_s05_cov100_seed00000008_tiered_nt2,tiered,fast_gate,10,5,,,2,4,35,1719,0.6571428571428571,0.013112884834663626
c10_s05_cov100_seed00000008_tiered_nt2,tiered,fast_gate,10,5,,,2,5,0,1280,,0.0
c10_s05_cov100_seed00000008_tiered_nt2,tiered,fast_gate,10,5,,,2,6,0,481,,0.0
c10_s05_cov100_seed00000008_tiered_nt2,tiered,fast_gate,10,5,,,2,7,0,105,,0.0
c10_s05_cov100_seed00000008_tiered_nt2,tiered,fast_gate,10,5,,,2,8,0,12,,0.0
c10_s05_cov100_seed00000009_tiered_nt2,tiered,fast_gate,10,5,,,2,0,1631,0,0.9858982219497241,0.9858982219497241
c10_s05_cov100_seed00000009_tiered_nt2,tiered,fast_gate,10,5,,,2,1,779,635,0.8857509627727856,0.48797736916548795
c10_s05_cov100_seed00000009_tiered_nt2,tiered,fast_gate,10,5,,,2,2,572,1708,0.8986013986013986,0.22543859649122808
c10_s05_cov100_seed00000009_tiered_nt2,tiered,fast_gate,10,5,,,2,3,186,1693,1.0,0.0989888238424694
c10_s05_cov100_seed00000009_tiered_nt2,tiered,fast_gate,10,5,,,2,4,0,1819,,0.0
c10_s05_cov100_seed00000009_tiered_nt2,tiered,fast_gate,10,5,,,2,5,0,1137,,0.0
c10_s05_cov100_seed00000009_tiered_nt2,tiered,fast_gate,10,5,,,2,6,0,597,,0.0
c10_s05_cov100_seed00000009_tiered_nt2,tiered,fast_gate,10,5,,,2,7,0,189,,0.0
c10_s05_cov100_seed00000009_tiered_nt2,tiered,fast_gate,10,5,,,2,8,0,51,,0.0
c10_s05_cov100_seed00000009_tiered_nt2,tiered,fast_gate,10,5,,,2,9,0,3,,0.0
c10_s05_cov100_seed00000010_tiered_nt2,tiered,fast_gate,10,5,,,2,0,1605,0,0.9875389408099688,0.9875389408099688
c10_s05_cov100_seed00000010_tiered_nt2,tiered,fast_gate,10,5,,,2,1,724,0,0.9958563535911602,0.9958563535911602
c10_s05_cov100_seed00000010_tiered_nt2,tiered,fast_gate,10,5,,,2,2,197,1477,0.7614213197969543,0.08960573476702509
c10_s05_cov100_seed00000010_tiered_nt2,tiered,fast_gate,10,5,,,2,3,593,1079,0.48903878583473864,0.173444976076555
c10_s05_cov100_seed00000010_tiered_nt2,tiered,fast_gate,10,5,,,2,4,254,1105,0.38188976377952755,0.07137601177336277
c10_s05_cov100_seed00000010_tiered_nt2,tiered,fast_gate,10,5,,,2,5,60,1841,0.0,0.0
c10_s05_cov100_seed00000010_tiered_nt2,tiered,fast_gate,10,5,,,2,6,0,1089,,0.0
c10_s05_cov100_seed00000010_tiered_nt2,tiered,fast_gate,10,5,,,2,7,0,728,,0.0
c10_s05_cov100_seed00000010_tiered_nt2,tiered,fast_gate,10,5,,,2,8,0,201,,0.0
c10_s05_cov100_seed00000010_tiered_nt2,tiered,fast_gate,10,5,,,2,9,0,41,,0.0
c10_s05_cov100_seed00000010_tiered_nt2,tiered,fast_gate,10,5,,,2,10,0,6,,0.0
c10_s05_cov100_seed00000011_tiered_nt2,tiered,fast_gate,10,5,,,2,0,1350,0,0.9940740740740741,0.9940740740740741
c10_s05_cov100_seed00000011_tiered_nt2,tiered,fast_gate,10,5,,,2,1,1312,25,0.9961890243902439,0.9775617053103964
c10_s05_cov100_seed00000011_tiered_nt2,tiered,fast_gate,10,5,,,2,2,477,887,0.9853249475890985,0.34457478005865105
c10_s05_cov100_seed00000011_tiered_nt2,tiered,fast_gate,10,5,,,2,3,205,1480,0.9170731707317074,0.11157270029673591
c10_s05_cov100_seed00000011_tiered_nt2,tiered,fast_gate,10,5,,,2,4,41,1869,0.975609756097561,0.020942408376963352
c10_s05_cov100_seed00000011_tiered_nt2,tiered,fast_gate,10,5,,,2,5,0,1551,,0.0
c10_s05_cov100_seed00000011_tiered_nt2,tiered,fast_gate,10,5,,,2,6,0,1109,,0.0
c10_s05_cov100_seed00000011_tiered_nt2,tiered,fast_gate,10,5,,,2,7,0,561,,0.0
c10_s05_cov100_seed00000011_tiered_nt2,tiered,fast_gate,10,5,,,2,8,0,131,,0.0
c10_s05_cov100_seed00000011_tiered_nt2,tiered,fast_gate,10,5,,,2,9,0,2,,0.0
c10_s05_cov100_seed00000012_tiered_nt2,tiered,fast_gate,10,5,,,2,0,1418,0,0.9922425952045134,0.9922425952045134
c10_s05_cov100_seed00000012_tiered_nt2,tiered,fast_gate,10,5,,,2,1,550,695,0.9690909090909091,0.42811244979919677
c10_s05_cov100_seed00000012_tiered_nt2,tiered,fast_gate,10,5,,,2,2,877,592,0.9703534777651083,0.5793056501021103
c10_s05_cov100_seed00000012_tiered_nt2,tiered,fast_gate,10,5,,,2,3,408,1266,0.9411764705882353,0.22939068100358423
c10_s05_cov100_seed00000012_tiered_nt2,tiered,fast_gate,10,5,,,2,4,250,1551,0.896,0.1243753470294281
c10_s05_cov100_seed00000012_tiered_nt2,tiered,fast_gate,10,5,,,2,5,124,1468,0.9032258064516129,0.07035175879396985
c10_s05_cov100_seed00000012_tiered_nt2,tiered,fast_gate,10,5,,,2,6,26,1113,1.0,0.0228270412642669
c10_s05_cov100_seed00000012_tiered_nt2,tiered,fast_gate,10,5,,,2,7,0,550,,0.0
c10_s05_cov100_seed00000012_tiered_nt2,tiered,fast_gate,10,5,,,2,8,0,110,,0.0
c10_s05_cov100_seed00000012_tiered_nt2,tiered,fast_gate,10,5,,,2,9,0,2,,0.0
c10_s05_cov100_seed00000013_tiered_nt2,tiered,fast_gate,10,5,,,2,0,1390,0,0.9920863309352518,0.9920863309352518
c10_s05_cov100_seed00000013_tiered_nt2,tiered,fast_gate,10,5,,,2,1,1061,22,0.9557021677662583,0.9362880886426593
c10_s05_cov100_seed00000013_tiered_nt2,tiered,fast_gate,10,5,,,2,2,340,1198,0.7676470588235295,0.16970091027308193
c10_s05_cov100_seed00000013_tiered_nt2,tiered,fast_gate,10,5,,,2,3,118,1751,0.3898305084745763,0.024612092027822365
c10_s05_cov100_seed00000013_tiered_nt2,tiered,fast_gate,10,5,,,2,4,12,1759,0.0,0.0
c10_s05_cov100_seed00000013_tiered_nt2,tiered,fast_gate,10,5,,,2,5,0,1664,,0.0
c10_s05_cov100_seed00000013_tiered_nt2,tiered,fast_gate,10,5,,,2,6,0,1113,,0.0
c10_s05_cov100_seed00000013_tiered_nt2,tiered,fast_gate,10,5,,,2,7,0,475,,0.0
c10_s05_cov100_seed00000013_tiered_nt2,tiered,fast_gate,10,5,,,2,8,0,90,,0.0
c10_s05_cov100_seed00000013_tiered_nt2,tiered,fast_gate,10,5,,,2,9,0,7,,0.0
c10_s05_cov100_seed00000014_tiered_nt2,tiered,fast_gate,10,5,,,2,0,1657,0,0.9855159927579964,0.9855159927579964
c10_s05_cov100_seed00000014_tiered_nt2,tiered,fast_gate,10,5,,,2,1,1076,378,0.9014869888475836,0.6671251719394773
c10_s05_cov100_seed00000014_tiered_nt2,tiered,fast_gate,10,5,,,2,2,315,1924,0.8031746031746032,0.11299687360428763
c10_s05_cov100_seed00000014_tiered_nt2,tiered,fast_gate,10,5,,,2,3,0,2049,,0.0
c10_s05_cov100_seed00000014_tiered_nt2,tiered,fast_gate,10,5,,,2,4,0,1808,,0.0
c10_s05_cov100_seed00000014_tiered_nt2,tiered,fast_gate,10,5,,,2,5,0,1182,,0.0
c10_s05_cov100_seed00000014_tiered_nt2,tiered,fast_gate,10,5,,,2,6,0,457,,0.0
c10_s05_cov100_seed00000014_tiered_nt2,tiered,fast_gate,10,5,,,2,7,0,131,,0.0
c10_s05_cov100_seed00000014_tiered_nt2,tiered,fast_gate,10,5,,,2,8,0,23,,0.0
c10_s05_cov100_seed00000015_tiered_nt2,tiered,fast_gate,10,5,,,2,0,1353,0,0.9903917220990391,0.9903917220990391
c10_s05_cov100_seed00000015_tiered_nt2,tiered,fast_gate,10,5,,,2,1,761,578,0.9684625492772667,0.5504107542942495
c10_s05_cov100_seed00000015_tiered_nt2,tiered,fast_gate,10,5,,,2,2,673,750,0.9494799405646359,0.44905130007027405
c10_s05_cov100_seed00000015_tiered_nt2,tiered,fast_gate,10,5,,,2,3,374,1281,0.9251336898395722,0.20906344410876132
c10_s05_cov100_seed00000015_tiered_nt2,tiered,fast_gate,10,5,,,2,4,167,1632,0.8203592814371258,0.07615341856586992
c10_s05_cov100_seed00000015_tiered_nt2,tiered,fast_gate,10,5,,,2,5,38,1595,0.5789473684210527,0.013472137170851195
c10_s05_cov100_seed00000015_tiered_nt2,tiered,fast_gate,10,5,,,2,6,0,1181,,0.0
c10_s05_cov100_seed00000015_tiered_nt2,tiered,fast_gate,10,5,,,2,7,0,519,,0.0
c10_s05_cov100_seed00000015_tiered_nt2,tiered,fast_gate,10,5,,,2,8,0,96,,0.0
c10_s05_cov100_seed00000015_tiered_nt2,tiered,fast_gate,10,5,,,2,9,0,2,,0.0
c10_s05_cov100_seed00000016_tiered_nt2,tiered,fast_gate,10,5,,,2,0,1638,0,0.9841269841269841,0.9841269841269841
c10_s05_cov100_seed00000016_tiered_nt2,tiered,fast_gate,10,5,,,2,1,1329,536,0.9413092550790068,0.6707774798927614
c10_s05_cov100_seed00000016_tiered_nt2,tiered,fast_gate,10,5,,,2,2,615,1168,0.808130081300813,0.2787436904094223
c10_s05_cov100_seed00000016_tiered_nt2,tiered,fast_gate,10,5,,,2,3,533,1509,0.874296435272045,0.22820763956904996
c10_s05_cov100_seed00000016_tiered_nt2,tiered,fast_gate,10,5,,,2,4,191,1446,0.8638743455497382,0.10079413561392792
c10_s05_cov100_seed00000016_tiered_nt2,tiered,fast_gate,10,5,,,2,5,46,1106,1.0,0.03993055555555555
c10_s05_cov100_seed00000016_tiered_nt2,tiered,fast_gate,10,5,,,2,6,0,626,,0.0
c10_s05_cov100_seed00000016_tiered_nt2,tiered,fast_gate,10,5,,,2,7,0,212,,0.0
c10_s05_cov100_seed00000016_tiered_nt2,tiered,fast_gate,10,5,,,2,8,0,44,,0.0
c10_s05_cov100_seed00000016_tiered_nt2,tiered,fast_gate,10,5,,,2,9,0,1,,0.0
c10_s05_cov100_seed00000017_tiered_nt2,tiered,fast_gate,10,5,,,2,0,1935,0,0.9715762273901809,0.9715762273901809
c10_s05_cov100_seed00000017_tiered_nt2,tiered,fast_gate,10,5,,,2,1,1698,0,0.8875147232037691,0.8875147232037691
c10_s05_cov100_seed00000017_tiered_nt2,tiered,fast_gate,10,5,,,2,2,1018,1210,0.49705304518664045,0.22710951526032316
c10_s05_cov100_seed00000017_tiered_nt2,tiered,fast_gate,10,5,,,2,3,156,1763,0.0,0.0
c10_s05_cov100_seed00000017_tiered_nt2,tiered,fast_gate,10,5,,,2,4,0,1537,,0.0
c10_s05_cov100_seed00000017_tiered_nt2,tiered,fast_gate,10,5,,,2,5,0,985,,0.0
c10_s05_cov100_seed00000017_tiered_nt2,tiered,fast_gate,10,5,,,2,6,0,514,,0.0
c10_s05_cov100_seed00000017_tiered_nt2,tiered,fast_gate,10,5,,,2,7,0,170,,0.0
c10_s05_cov100_seed00000017_tiered_nt2,tiered,fast_gate,10,5,,,2,8,0,14,,0.0
c10_s05_cov100_seed00000018_tiered_nt2,tiered,fast_gate,10,5,,,2,0,1590,0,0.9867924528301887,0.9867924528301887
c10_s05_cov100_seed00000018_tiered_nt2,tiered,fast_gate,10,5,,,2,1,1022,354,0.9129158512720157,0.6780523255813954
c10_s05_cov100_seed00000018_tiered_nt2,tiered,fast_gate,10,5,,,2,2,331,1966,0.7854984894259819,0.11319111885067479
c10_s05_cov100_seed00000018_tiered_nt2,tiered,fast_gate,10,5,,,2,3,26,2007,1.0,0.01278898180029513
c10_s05_cov100_seed00000018_tiered_nt2,tiered,fast_gate,10,5,,,2,4,0,1742,,0.0
c10_s05_cov100_seed00000018_tiered_nt2,tiered,fast_gate,10,5,,,2,5,0,1153,,0.0
c10_s05_cov100_seed00000018_tiered_nt2,tiered,fast_gate,10,5,,,2,6,0,594,,0.0
c10_s05_cov100_seed00000018_tiered_nt2,tiered,fast_gate,10,5,,,2,7,0,183,,0.0
c10_s05_cov100_seed00000018_tiered_nt2,tiered,fast_gate,10,5,,,2,8,0,32,,0.0
c10_s05_cov100_seed00000019_tiered_nt2,tiered,fast_gate,10,5,,,2,0,1365,0,0.9948717948717949,0.9948717948717949
c10_s05_cov100_seed00000019_tiered_nt2,tiered,fast_gate,10,5,,,2,1,1080,496,0.9731481481481481,0.6668781725888325
c10_s05_cov100_seed00000019_tiered_nt2,tiered,fast_gate,10,5,,,2,2,482,1167,0.91701244813278,0.26804123711340205
c10_s05_cov100_seed00000019_tiered_nt2,tiered,fast_gate,10,5,,,2,3,465,1564,0.9591397849462365,0.21981271562345983
c10_s05_cov100_seed00000019_tiered_nt2,tiered,fast_gate,10,5,,,2,4,180,1501,0.95,0.10172516359309934
c10_s05_cov100_seed00000019_tiered_nt2,tiered,fast_gate,10,5,,,2,5,25,1446,1.0,0.01699524133242692
c10_s05_cov100_seed00000019_tiered_nt2,tiered,fast_gate,10,5,,,2,6,0,810,,0.0
c10_s05_cov100_seed00000019_tiered_nt2,tiered,fast_gate,10,5,,,2,7,0,327,,0.0
c10_s05_cov100_seed00000019_tiered_nt2,tiered,fast_gate,10,5,,,2,8,0,75,,0.0
c10_s05_cov100_seed00000019_tiered_nt2,tiered,fast_gate,10,5,,,2,9,0,17,,0.0
c10_s05_cov100_seed00000020_tiered_nt2,tiered,fast_gate,10,5,,,2,0,1626,0,0.988929889298893,0.988929889298893
c10_s05_cov100_seed00000020_tiered_nt2,tiered,fast_gate,10,5,,,2,1,425,611,0.8705882352941177,0.35714285714285715
c10_s05_cov100_seed00000020_tiered_nt2,tiered,fast_gate,10,5,,,2,2,1112,813,0.9361510791366906,0.5407792207792208
c10_s05_cov100_seed00000020_tiered_nt2,tiered,fast_gate,10,5,,,2,3,313,1370,0.7571884984025559,0.1408199643493761
c10_s05_cov100_seed00000020_tiered_nt2,tiered,fast_gate,10,5,,,2,4,267,1622,0.7528089887640449,0.10640550555849657
c10_s05_cov100_seed00000020_tiered_nt2,tiered,fast_gate,10,5,,,2,5,0,1517,,0.0
c10_s05_cov100_seed00000020_tiered_nt2,tiered,fast_gate,10,5,,,2,6,0,844,,0.0
c10_s05_cov100_seed00000020_tiered_nt2,tiered,fast_gate,10,5,,,2,7,0,374,,0.0
c10_s05_cov100_seed00000020_tiered_nt2,tiered,fast_gate,10,5,,,2,8,0,96,,0.0
c10_s05_cov100_seed00000020_tiered_nt2,tiered,fast_gate,10,5,,,2,9,0,10,,0.0
c10_s05_cov100_seed00000021_tiered_nt2,tiered,fast_gate,10,5,,,2,0,1600,0,0.9925,0.9925
c10_s05_cov100_seed00000021_tiered_nt2,tiered,fast_gate,10,5,,,2,1,1298,353,0.9645608628659477,0.758328285887341
c10_s05_cov100_seed00000021_tiered_nt2,tiered,fast_gate,10,5,,,2,2,452,1587,0.9026548672566371,0.20009808729769496
c10_s05_cov100_seed00000021_tiered_nt2,tiered,fast_gate,10,5,,,2,3,88,2027,0.8636363636363636,0.03593380614657211
c10_s05_cov100_seed00000021_tiered_nt2,tiered,fast_gate,10,5,,,2,4,0,1784,,0.0
c10_s05_cov100_seed00000021_tiered_nt2,tiered,fast_gate,10,5,,,2,5,0,1211,,0.0
c10_s05_cov100_seed00000021_tiered_nt2,tiered,fast_gate,10,5,,,2,6,0,495,,0.0
c10_s05_cov100_seed00000021_tiered_nt2,tiered,fast_gate,10,5,,,2,7,0,89,,0.0
c10_s05_cov100_seed00000021_tiered_nt2,tiered,fast_gate,10,5,,,2,8,0,16,,0.0
c10_s05_cov100_seed00000022_tiered_nt2,tiered,fast_gate,10,5,,,2,0,1366,0,0.9926793557833089,0.9926793557833089
c10_s05_cov100_seed00000022_tiered_nt2,tiered,fast_gate,10,5,,,2,1,814,490,0.9828009828009828,0.6134969325153374
c10_s05_cov100_seed00000022_tiered_nt2,tiered,fast_gate,10,5,,,2,2,480,825,0.9270833333333334,0.34099616858237547
c10_s05_cov100_seed00000022_tiered_nt2,tiered,fast_gate,10,5,,,2,3,291,1582,0.9484536082474226,0.14735718099305925
c10_s05_cov100_seed00000022_tiered_nt2,tiered,fast_gate,10,5,,,2,4,138,1590,0.9420289855072463,0.07523148148148148
c10_s05_cov100_seed00000022_tiered_nt2,tiered,fast_gate,10,5,,,2,5,23,1575,1.0,0.014392991239048811
c10_s05_cov100_seed00000022_tiered_nt2,tiered,fast_gate,10,5,,,2,6,0,1203,,0.0
c10_s05_cov100_seed00000022_tiered_nt2,tiered,fast_gate,10,5,,,2,7,0,506,,0.0
c10_s05_cov100_seed00000022_tiered_nt2,tiered,fast_gate,10,5,,,2,8,0,115,,0.0
c10_s05_cov100_seed00000022_tiered_nt2,tiered,fast_gate,10,5,,,2,9,0,2,,0.0
c10_s05_cov100_seed00000023_tiered_nt2,tiered,fast_gate,10,5,,,2,0,1376,0,0.9890988372093024,0.9890988372093024
c10_s05_cov100_seed00000023_tiered_nt2,tiered,fast_gate,10,5,,,2,1,1031,12,0.9980601357904947,0.9865771812080537
c10_s05_cov100_seed00000023_tiered_nt2,tiered,fast_gate,10,5,,,2,2,345,676,0.9652173913043478,0.32615083251714005
c10_s05_cov100_seed00000023_tiered_nt2,tiered,fast_gate,10,5,,,2,3,123,1584,0.8048780487804879,0.05799648506151142
c10_s05_cov100_seed00000023_tiered_nt2,tiered,fast_gate,10,5,,,2,4,49,1543,0.6122448979591837,0.018844221105527637
c10_s05_cov100_seed00000023_tiered_nt2,tiered,fast_gate,10,5,,,2,5,7,1684,0.2857142857142857,0.0011827321111768185
c10_s05_cov100_seed00000023_tiered_nt2,tiered,fast_gate,10,5,,,2,6,0,1530,,0.0
c10_s05_cov100_seed00000023_tiered_nt2,tiered,fast_gate,10,5,,,2,7,0,745,,0.0
c10_s05_cov100_seed00000023_tiered_nt2,tiered,fast_gate,10,5,,,2,8,0,227,,0.0
c10_s05_cov100_seed00000023_tiered_nt2,tiered,fast_gate,10,5,,,2,9,0,62,,0.0
c10_s05_cov100_seed00000023_tiered_nt2,tiered,fast_gate,10,5,,,2,10,0,6,,0.0
c10_s05_cov100_seed00000024_tiered_nt2,tiered,fast_gate,10,5,,,2,0,1867,0,0.9839314408141403,0.9839314408141403
c10_s05_cov100_seed00000024_tiered_nt2,tiered,fast_gate,10,5,,,2,1,1307,679,0.8944146901300689,0.5886203423967774
c10_s05_cov100_seed00000024_tiered_nt2,tiered,fast_gate,10,5,,,2,2,856,1242,0.883177570093458,0.3603431839847474
c10_s05_cov100_seed00000024_tiered_nt2,tiered,fast_gate,10,5,,,2,3,293,1884,0.9112627986348123,0.12264584290307763
c10_s05_cov100_seed00000024_tiered_nt2,tiered,fast_gate,10,5,,,2,4,43,1520,1.0,0.027511196417146513
c10_s05_cov100_seed00000024_tiered_nt2,tiered,fast_gate,10,5,,,2,5,0,878,,0.0
c10_s05_cov100_seed00000024_tiered_nt2,tiered,fast_gate,10,5,,,2,6,0,350,,0.0
c10_s05_cov100_seed00000024_tiered_nt2,tiered,fast_gate,10,5,,,2,7,0,80,,0.0
c10_s05_cov100_seed00000024_tiered_nt2,tiered,fast_gate,10,5,,,2,8,0,1,,0.0
c10_s05_cov100_seed00000025_tiered_nt2,tiered,fast_gate,10,5,,,2,0,1640,0,0.9890243902439024,0.9890243902439024
c10_s05_cov100_seed00000025_tiered_nt2,tiered,fast_gate,10,5,,,2,1,1489,337,0.9724647414372062,0.7929901423877328
c10_s05_cov100_seed00000025_tiered_nt2,tiered,fast_gate,10,5,,,2,2,1000,863,0.956,0.5131508319914116
c10_s05_cov100_seed00000025_tiered_nt2,tiered,fast_gate,10,5,,,2,3,562,1147,0.9555160142348754,0.31421884142773554
c10_s05_cov100_seed00000025_tiered_nt2,tiered,fast_gate,10,5,,,2,4,184,1411,0.9836956521739131,0.11347962382445141
c10_s05_cov100_seed00000025_tiered_nt2,tiered,fast_gate,10,5,,,2,5,24,1193,1.0,0.01972062448644207
c10_s05_cov100_seed00000025_tiered_nt2,tiered,fast_gate,10,5,,,2,6,0,794,,0.0
c10_s05_cov100_seed00000025_tiered_nt2,tiered,fast_gate,10,5,,,2,7,0,290,,0.0
c10_s05_cov100_seed00000025_tiered_nt2,tiered,fast_gate,10,5,,,2,8,0,56,,0.0
c10_s05_cov100_seed00000025_tiered_nt2,tiered,fast_gate,10,5,,,2,9,0,10,,0.0
c10_s05_cov100_seed00000026_tiered_nt2,tiered,fast_gate,10,5,,,2,0,1925,0,0.9807792207792208,0.9807792207792208
c10_s05_cov100_seed00000026_tiered_nt2,tiered,fast_gate,10,5,,,2,1,1350,316,0.8488888888888889,0.687875150060024
c10_s05_cov100_seed00000026_tiered_nt2,tiered,fast_gate,10,5,,,2,2,765,1493,0.3869281045751634,0.13108945969884853
c10_s05_cov100_seed00000026_tiered_nt2,tiered,fast_gate,10,5,,,2,3,170,1661,0.20588235294117646,0.019115237575095576
c10_s05_cov100_seed00000026_tiered_nt2,tiered,fast_gate,10,5,,,2,4,1,1632,0.0,0.0
c10_s05_cov100_seed00000026_tiered_nt2,tiered,fast_gate,10,5,,,2,5,0,999,,0.0
c10_s05_cov100_seed00000026_tiered_nt2,tiered,fast_gate,10,5,,,2,6,0,490,,0.0
c10_s05_cov100_seed00000026_tiered_nt2,tiered,fast_gate,10,5,,,2,7,0,172,,0.0
c10_s05_cov100_seed00000026_tiered_nt2,tiered,fast_gate,10,5,,,2,8,0,25,,0.0
c10_s05_cov100_seed00000026_tiered_nt2,tiered,fast_gate,10,5,,,2,9,0,1,,0.0
c10_s05_cov100_seed00000027_tiered_nt2,tiered,fast_gate,10,5,,,2,0,1880,0,0.975,0.975
c10_s05_cov100_seed00000027_tiered_nt2,tiered,fast_gate,10,5,,,2,1,859,0,0.9604190919674039,0.9604190919674039
c10_s05_cov100_seed00000027_tiered_nt2,tiered,fast_gate,10,5,,,2,2,737,1853,0.8819538670284939,0.25096525096525096
c10_s05_cov100_seed00000027_tiered_nt2,tiered,fast_gate,10,5,,,2,3,285,1281,0.8245614035087719,0.1500638569604087
c10_s05_cov100_seed00000027_tiered_nt2,tiered,fast_gate,10,5,,,2,4,11,1845,1.0,0.005926724137931034
c10_s05_cov100_seed00000027_tiered_nt2,tiered,fast_gate,10,5,,,2,5,0,1279,,0.0
c10_s05_cov100_seed00000027_tiered_nt2,tiered,fast_gate,10,5,,,2,6,0,712,,0.0
c10_s05_cov100_seed00000027_tiered_nt2,tiered,fast_gate,10,5,,,2,7,0,221,,0.0
c10_s05_cov100_seed00000027_tiered_nt2,tiered,fast_gate,10,5,,,2,8,0,37,,0.0
c10_s05_cov100_seed00000028_tiered_nt2,tiered,fast_gate,10,5,,,2,0,1452,0,0.9786501377410468,0.9786501377410468
c10_s05_cov100_seed00000028_tiered_nt2,tiered,fast_gate,10,5,,,2,1,1406,318,0.9288762446657184,0.7575406032482599
c10_s05_cov100_seed00000028_tiered_nt2,tiered,fast_gate,10,5,,,2,2,476,1599,0.8550420168067226,0.19614457831325302
c10_s05_cov100_seed00000028_tiered_nt2,tiered,fast_gate,10,5,,,2,3,101,2027,0.693069306930693,0.03289473684210526
c10_s05_cov100_seed00000028_tiered_nt2,tiered,fast_gate,10,5,,,2,4,0,1679,,0.0
c10_s05_cov100_seed00000028_tiered_nt2,tiered,fast_gate,10,5,,,2,5,0,1158,,0.0
c10_s05_cov100_seed00000028_tiered_nt2,tiered,fast_gate,10,5,,,2,6,0,535,,0.0
c10_s05_cov100_seed00000028_tiered_nt2,tiered,fast_gate,10,5,,,2,7,0,210,,0.0
c10_s05_cov100_seed00000028_tiered_nt2,tiered,fast_gate,10,5,,,2,8,0,39,,0.0
c10_s05_cov100_seed00000029_tiered_nt2,tiered,fast_gate,10,5,,,2,0,1364,0,0.9904692082111437,0.9904692082111437
c10_s05_cov100_seed00000029_tiered_nt2,tiered,fast_gate,10,5,,,2,1,610,464,0.9655737704918033,0.5484171322160148
c10_s05_cov100_seed00000029_tiered_nt2,tiered,fast_gate,10,5,,,2,2,409,1247,0.8850855745721271,0.21859903381642512
c10_s05_cov100_seed00000029_tiered_nt2,tiered,fast_gate,10,5,,,2,3,208,1520,0.6057692307692307,0.07291666666666667
c10_s05_cov100_seed00000029_tiered_nt2,tiered,fast_gate,10,5,,,2,4,66,1591,0.4393939393939394,0.017501508750754374
c10_s05_cov100_seed00000029_tiered_nt2,tiered,fast_gate,10,5,,,2,5,0,1790,,0.0
c10_s05_cov100_seed00000029_tiered_nt2,tiered,fast_gate,10,5,,,2,6,0,1107,,0.0
c10_s05_cov100_seed00000029_tiered_nt2,tiered,fast_gate,10,5,,,2,7,0,507,,0.0
c10_s05_cov100_seed00000029_tiered_nt2,tiered,fast_gate,10,5,,,2,8,0,115,,0.0
c10_s05_cov100_seed00000029_tiered_nt2,tiered,fast_gate,10,5,,,2,9,0,2,,0.0
c10_s05_cov100_seed00000030_tiered_nt2,tiered,fast_gate,10,5,,,2,0,1630,0,0.9871165644171779,0.9871165644171779
c10_s05_cov100_seed00000030_tiered_nt2,tiered,fast_gate,10,5,,,2,1,1235,515,0.9692307692307692,0.684
c10_s05_cov100_seed00000030_tiered_nt2,tiered,fast_gate,10,5,,,2,2,526,1191,0.9258555133079848,0.28363424577751895
c10_s05_cov100_seed00000030_tiered_nt2,tiered,fast_gate,10,5,,,2,3,174,1946,0.9655172413793104,0.07924528301886792
c10_s05_cov100_seed00000030_tiered_nt2,tiered,fast_gate,10,5,,,2,4,39,1700,1.0,0.022426682001150087
c10_s05_cov100_seed00000030_tiered_nt2,tiered,fast_gate,10,5,,,2,5,0,1212,,0.0
c10_s05_cov100_seed00000030_tiered_nt2,tiered,fast_gate,10,5,,,2,6,0,627,,0.0
c10_s05_cov100_seed00000030_tiered_nt2,tiered,fast_gate,10,5,,,2,7,0,174,,0.0
c10_s05_cov100_seed00000030_tiered_nt2,tiered,fast_gate,10,5,,,2,8,0,31,,0.0
c10_s05_cov100_seed00000031_tiered_nt2,tiered,fast_gate,10,5,,,2,0,1720,0,0.9633720930232558,0.9633720930232558
c10_s05_cov100_seed00000031_tiered_nt2,tiered,fast_gate,10,5,,,2,1,1323,628,0.7210884353741497,0.48898001025115323
c10_s05_cov100_seed00000031_tiered_nt2,tiered,fast_gate,10,5,,,2,2,503,1778,0.5447316103379721,0.12012275317843052
c10_s05_cov100_seed00000031_tiered_nt2,tiered,fast_gate,10,5,,,2,3,144,1739,0.6527777777777778,0.04992033988316516
c10_s05_cov100_seed00000031_tiered_nt2,tiered,fast_gate,10,5,,,2,4,24,1412,0.9583333333333334,0.016016713091922007
c10_s05_cov100_seed00000031_tiered_nt2,tiered,fast_gate,10,5,,,2,5,0,1007,,0.0
c10_s05_cov100_seed00000031_tiered_nt2,tiered,fast_gate,10,5,,,2,6,0,510,,0.0
c10_s05_cov100_seed00000031_tiered_nt2,tiered,fast_gate,10,5,,,2,7,0,182,,0.0
c10_s05_cov100_seed00000031_tiered_nt2,tiered,fast_gate,10,5,,,2,8,0,28,,0.0
c10_s05_cov100_seed00000031_tiered_nt2,tiered,fast_gate,10,5,,,2,9,0,2,,0.0
c10_s05_cov100_seed00000032_tiered_nt2,tiered,fast_gate,10,5,,,2,0,1934,0,0.9669079627714581,0.9669079627714581
c10_s05_cov100_seed00000032_tiered_nt2,tiered,fast_gate,10,5,,,2,1,1594,405,0.9077791718946048,0.7238619309654828
c10_s05_cov100_seed00000032_tiered_nt2,tiered,fast_gate,10,5,,,2,2,574,1455,0.8327526132404182,0.23558403154263183
c10_s05_cov100_seed00000032_tiered_nt2,tiered,fast_gate,10,5,,,2,3,117,2070,0.8461538461538461,0.04526748971193416
c10_s05_cov100_seed00000032_tiered_nt2,tiered,fast_gate,10,5,,,2,4,0,1533,,0.0
c10_s05_cov100_seed00000032_tiered_nt2,tiered,fast_gate,10,5,,,2,5,0,913,,0.0
c10_s05_cov100_seed00000032_tiered_nt2,tiered,fast_gate,10,5,,,2,6,0,345,,0.0
c10_s05_cov100_seed00000032_tiered_nt2,tiered,fast_gate,10,5,,,2,7,0,60,,0.0
c10_s05_cov100_seed00000033_tiered_nt2,tiered,fast_gate,10,5,,,2,0,1927,0,0.975609756097561,0.975609756097561
c10_s05_cov100_seed00000033_tiered_nt2,tiered,fast_gate,10,5,,,2,1,1592,395,0.907035175879397,0.7267237040764972
c10_s05_cov100_seed00000033_tiered_nt2,tiered,fast_gate,10,5,,,2,2,615,1443,0.8113821138211382,0.2424684159378037
c10_s05_cov100_seed00000033_tiered_nt2,tiered,fast_gate,10,5,,,2,3,122,2050,0.7868852459016393,0.04419889502762431
c10_s05_cov100_seed00000033_tiered_nt2,tiered,fast_gate,10,5,,,2,4,0,1567,,0.0
c10_s05_cov100_seed00000033_tiered_nt2,tiered,fast_gate,10,5,,,2,5,0,940,,0.0
c10_s05_cov100_seed00000033_tiered_nt2,tiered,fast_gate,10,5,,,2,6,0,312,,0.0
c10_s05_cov100_seed00000033_tiered_nt2,tiered,fast_gate,10,5,,,2,7,0,37,,0.0
c10_s05_cov100_seed00000034_tiered_nt2,tiered,fast_gate,10,5,,,2,0,1591,0,0.9861722187303583,0.9861722187303583
c10_s05_cov100_seed00000034_tiered_nt2,tiered,fast_gate,10,5,,,2,1,914,328,0.9595185995623632,0.7061191626409018
c10_s05_cov100_seed00000034_tiered_nt2,tiered,fast_gate,10,5,,,2,2,605,962,0.9652892561983472,0.37268666241225273
c10_s05_cov100_seed00000034_tiered_nt2,tiered,fast_gate,10,5,,,2,3,324,1613,0.9506172839506173,0.1590087764584409
c10_s05_cov100_seed00000034_tiered_nt2,tiered,fast_gate,10,5,,,2,4,61,1797,0.8360655737704918,0.02744886975242196
c10_s05_cov100_seed00000034_tiered_nt2,tiered,fast_gate,10,5,,,2,5,0,1639,,0.0
c10_s05_cov100_seed00000034_tiered_nt2,tiered,fast_gate,10,5,,,2,6,0,870,,0.0
c10_s05_cov100_seed00000034_tiered_nt2,tiered,fast_gate,10,5,,,2,7,0,248,,0.0
c10_s05_cov100_seed00000034_tiered_nt2,tiered,fast_gate,10,5,,,2,8,0,43,,0.0
c10_s05_cov100_seed00000034_tiered_nt2,tiered,fast_gate,10,5,,,2,9,0,5,,0.0
c10_s05_cov100_seed00000035_tiered_nt2,tiered,fast_gate,10,5,,,2,0,1895,0,0.9778364116094986,0.9778364116094986
c10_s05_cov100_seed00000035_tiered_nt2,tiered,fast_gate,10,5,,,2,1,1071,653,0.9056956115779645,0.5626450116009281
c10_s05_cov100_seed00000035_tiered_nt2,tiered,fast_gate,10,5,,,2,2,668,1699,0.9026946107784432,0.25475285171102663
c10_s05_cov100_seed00000035_tiered_nt2,tiered,fast_gate,10,5,,,2,3,178,1715,1.0,0.09403063919704173
c10_s05_cov100_seed00000035_tiered_nt2,tiered,fast_gate,10,5,,,2,4,7,1679,1.0,0.004151838671411625
c10_s05_cov100_seed00000035_tiered_nt2,tiered,fast_gate,10,5,,,2,5,0,918,,0.0
c10_s05_cov100_seed00000035_tiered_nt2,tiered,fast_gate,10,5,,,2,6,0,398,,0.0
c10_s05_cov100_seed00000035_tiered_nt2,tiered,fast_gate,10,5,,,2,7,0,107,,0.0
c10_s05_cov100_seed00000035_tiered_nt2,tiered,fast_gate,10,5,,,2,8,0,12,,0.0
c10_s05_cov100_seed00000036_tiered_nt2,tiered,fast_gate,10,5,,,2,0,2398,0,0.9412010008340284,0.9412010008340284
c10_s05_cov100_seed00000036_tiered_nt2,tiered,fast_gate,10,5,,,2,1,1679,365,0.9428231089934485,0.7744618395303327
c10_s05_cov100_seed00000036_tiered_nt2,tiered,fast_gate,10,5,,,2,2,566,1462,0.9699646643109541,0.27071005917159763
c10_s05_cov100_seed00000036_tiered_nt2,tiered,fast_gate,10,5,,,2,3,59,2280,1.0,0.02522445489525438
c10_s05_cov100_seed00000036_tiered_nt2,tiered,fast_gate,10,5,,,2,4,0,1475,,0.0
c10_s05_cov100_seed00000036_tiered_nt2,tiered,fast_gate,10,5,,,2,5,0,544,,0.0
c10_s05_cov100_seed00000036_tiered_nt2,tiered,fast_gate,10,5,,,2,6,0,145,,0.0
c10_s05_cov100_seed00000036_tiered_nt2,tiered,fast_gate,10,5,,,2,7,0,27,,0.0
c10_s05_cov100_seed00000037_tiered_nt2,tiered,fast_gate,10,5,,,2,0,1379,0,0.994198694706309,0.994198694706309
c10_s05_cov100_seed00000037_tiered_nt2,tiered,fast_gate,10,5,,,2,1,645,478,0.9658914728682171,0.5547640249332146
c10_s05_cov100_seed00000037_tiered_nt2,tiered,fast_gate,10,5,,,2,2,421,1199,0.8788598574821853,0.22839506172839505
c10_s05_cov100_seed00000037_tiered_nt2,tiered,fast_gate,10,5,,,2,3,215,1512,0.6232558139534884,0.07759119861030689
c10_s05_cov100_seed00000037_tiered_nt2,tiered,fast_gate,10,5,,,2,4,60,1707,0.45,0.015280135823429542
c10_s05_cov100_seed00000037_tiered_nt2,tiered,fast_gate,10,5,,,2,5,0,1726,,0.0
c10_s05_cov100_seed00000037_tiered_nt2,tiered,fast_gate,10,5,,,2,6,0,1071,,0.0
c10_s05_cov100_seed00000037_tiered_nt2,tiered,fast_gate,10,5,,,2,7,0,491,,0.0
c10_s05_cov100_seed00000037_tiered_nt2,tiered,fast_gate,10,5,,,2,8,0,96,,0.0
c10_s05_cov100_seed00000038_tiered_nt2,tiered,fast_gate,10,5,,,2,0,1591,0,0.9930861093651792,0.9930861093651792
c10_s05_cov100_seed00000038_tiered_nt2,tiered,fast_gate,10,5,,,2,1,877,369,0.9623717217787914,0.6773675762439807
c10_s05_cov100_seed00000038_tiered_nt2,tiered,fast_gate,10,5,,,2,2,792,1006,0.9532828282828283,0.41991101223581756
c10_s05_cov100_seed00000038_tiered_nt2,tiered,fast_gate,10,5,,,2,3,463,1118,0.9352051835853131,0.2738772928526249
c10_s05_cov100_seed00000038_tiered_nt2,tiered,fast_gate,10,5,,,2,4,136,1764,0.9191176470588235,0.06578947368421052
c10_s05_cov100_seed00000038_tiered_nt2,tiered,fast_gate,10,5,,,2,5,0,1600,,0.0
c10_s05_cov100_seed00000038_tiered_nt2,tiered,fast_gate,10,5,,,2,6,0,961,,0.0
c10_s05_cov100_seed00000038_tiered_nt2,tiered,fast_gate,10,5,,,2,7,0,291,,0.0
c10_s05_cov100_seed00000038_tiered_nt2,tiered,fast_gate,10,5,,,2,8,0,29,,0.0
c10_s05_cov100_seed00000038_tiered_nt2,tiered,fast_gate,10,5,,,2,9,0,3,,0.0
c10_s05_cov100_seed00000039_tiered_nt2,tiered,fast_gate,10,5,,,2,0,1406,0,0.9829302987197724,0.9829302987197724
c10_s05_cov100_seed00000039_tiered_nt2,tiered,fast_gate,10,5,,,2,1,1406,537,0.9345661450924608,0.6762738033968091
c10_s05_cov100_seed00000039_tiered_nt2,tiered,fast_gate,10,5,,,2,2,531,1245,0.8493408662900188,0.25394144144144143
c10_s05_cov100_seed00000039_tiered_nt2,tiered,fast_gate,10,5,,,2,3,271,1697,0.7970479704797048,0.10975609756097561
c10_s05_cov100_seed00000039_tiered_nt2,tiered,fast_gate,10,5,,,2,4,51,1550,0.9411764705882353,0.029981261711430358
c10_s05_cov100_seed00000039_tiered_nt2,tiered,fast_gate,10,5,,,2,5,19,1180,1.0,0.0158465387823186
c10_s05_cov100_seed00000039_tiered_nt2,tiered,fast_gate,10,5,,,2,6,0,677,,0.0
c10_s05_cov100_seed00000039_tiered_nt2,tiered,fast_gate,10,5,,,2,7,0,328,,0.0
c10_s05_cov100_seed00000039_tiered_nt2,tiered,fast_gate,10,5,,,2,8,0,94,,0.0
c10_s05_cov100_seed00000039_tiered_nt2,tiered,fast_gate,10,5,,,2,9,0,8,,0.0
c10_s05_cov100_seed00000000_tiered_nt3,tiered,fast_gate,10,5,,,3,0,1381,0,1.0,1.0
c10_s05_cov100_seed00000000_tiered_nt3,tiered,fast_gate,10,5,,,3,1,678,340,1.0,0.6660117878192534
c10_s05_cov100_seed00000000_tiered_nt3,tiered,fast_gate,10,5,,,3,2,514,1002,1.0,0.3390501319261214
c10_s05_cov100_seed00000000_tiered_nt3,tiered,fast_gate,10,5,,,3,3,241,1349,0.979253112033195,0.14842767295597484
c10_s05_cov100_seed00000000_tiered_nt3,tiered,fast_gate,10,5,,,3,4,91,1498,0.9230769230769231,0.05286343612334802
c10_s05_cov100_seed00000000_tiered_nt3,tiered,fast_gate,10,5,,,3,5,20,1564,0.9,0.011363636363636364
c10_s05_cov100_seed00000000_tiered_nt3,tiered,fast_gate,10,5,,,3,6,5,1238,0.8,0.003218020917135961
c10_s05_cov100_seed00000000_tiered_nt3,tiered,fast_gate,10,5,,,3,7,0,691,,0.0
c10_s05_cov100_seed00000000_tiered_nt3,tiered,fast_gate,10,5,,,3,8,0,313,,0.0
c10_s05_cov100_seed00000000_tiered_nt3,tiered,fast_gate,10,5,,,3,9,0,74,,0.0
c10_s05_cov100_seed00000000_tiered_nt3,tiered,fast_gate,10,5,,,3,10,0,1,,0.0
c10_s05_cov100_seed00000001_tiered_nt3,tiered,fast_gate,10,5,,,3,0,2074,0,0.9985535197685632,0.9985535197685632
c10_s05_cov100_seed00000001_tiered_nt3,tiered,fast_gate,10,5,,,3,1,657,507,0.9939117199391172,0.5609965635738832
c10_s05_cov100_seed00000001_tiered_nt3,tiered,fast_gate,10,5,,,3,2,726,1532,0.9917355371900827,0.31886625332152346
c10_s05_cov100_seed00000001_tiered_nt3,tiered,fast_gate,10,5,,,3,3,312,1599,0.9807692307692307,0.16012558869701726
c10_s05_cov100_seed00000001_tiered_nt3,tiered,fast_gate,10,5,,,3,4,68,1687,1.0,0.038746438746438745
c10_s05_cov100_seed00000001_tiered_nt3,tiered,fast_gate,10,5,,,3,5,6,1135,1.0,0.0052585451358457495
c10_s05_cov100_seed00000001_tiered_nt3,tiered,fast_gate,10,5,,,3,6,0,533,,0.0
c10_s05_cov100_seed00000001_tiered_nt3,tiered,fast_gate,10,5,,,3,7,0,139,,0.0
c10_s05_cov100_seed00000001_tiered_nt3,tiered,fast_gate,10,5,,,3,8,0,23,,0.0
c10_s05_cov100_seed00000001_tiered_nt3,tiered,fast_gate,10,5,,,3,9,0,2,,0.0
c10_s05_cov100_seed00000002_tiered_nt3,tiered,fast_gate,10,5,,,3,0,1732,0,0.9994226327944573,0.9994226327944573
c10_s05_cov100_seed00000002_tiered_nt3,tiered,fast_gate,10,5,,,3,1,1177,507,0.9966015293118097,0.6965558194774347
c10_s05_cov100_seed00000002_tiered_nt3,tiered,fast_gate,10,5,,,3,2,376,1754,0.9893617021276596,0.17464788732394365
c10_s05_cov100_seed00000002_tiered_nt3,tiered,fast_gate,10,5,,,3,3,93,1814,0.9354838709677419,0.04562139486103828
c10_s05_cov100_seed00000002_tiered_nt3,tiered,fast_gate,10,5,,,3,4,4,1725,1.0,0.002313475997686524
c10_s05_cov100_seed00000002_tiered_nt3,tiered,fast_gate,10,5,,,3,5,0,1103,,0.0
c10_s05_cov100_seed00000002_tiered_nt3,tiered,fast_gate,10,5,,,3,6,0,526,,0.0
c10_s05_cov100_seed00000002_tiered_nt3,tiered,fast_gate,10,5,,,3,7,0,156,,0.0
c10_s05_cov100_seed00000002_tiered_nt3,tiered,fast_gate,10,5,,,3,8,0,33,,0.0
c10_s05_cov100_seed00000003_tiered_nt3,tiered,fast_gate,10,5,,,3,0,1743,0,0.9994262765347103,0.9994262765347103
c10_s05_cov100_seed00000003_tiered_nt3,tiered,fast_gate,10,5,,,3,1,1030,646,0.9902912621359223,0.6085918854415274
c10_s05_cov100_seed00000003_tiered_nt3,tiered,fast_gate,10,5,,,3,2,532,1269,0.9868421052631579,0.2915047196002221
c10_s05_cov100_seed00000003_tiered_nt3,tiered,fast_gate,10,5,,,3,3,238,1677,0.9957983193277311,0.1237597911227154
c10_s05_cov100_seed00000003_tiered_nt3,tiered,fast_gate,10,5,,,3,4,111,1602,1.0,0.0647985989492119
c10_s05_cov100_seed00000003_tiered_nt3,tiered,fast_gate,10,5,,,3,5,19,1155,1.0,0.016183986371379896
c10_s05_cov100_seed00000003_tiered_nt3,tiered,fast_gate,10,5,,,3,6,4,647,1.0,0.006144393241167435
c10_s05_cov100_seed00000003_tiered_nt3,tiered,fast_gate,10,5,,,3,7,0,266,,0.0
c10_s05_cov100_seed00000003_tiered_nt3,tiered,fast_gate,10,5,,,3,8,0,56,,0.0
c10_s05_cov100_seed00000003_tiered_nt3,tiered,fast_gate,10,5,,,3,9,0,5,,0.0
c10_s05_cov100_seed00000004_tiered_nt3,tiered,fast_gate,10,5,,,3,0,1539,0,0.9987004548408057,0.9987004548408057
c10_s05_cov100_seed00000004_tiered_nt3,tiered,fast_gate,10,5,,,3,1,834,690,0.9964028776978417,0.5452755905511811
c10_s05_cov100_seed00000004_tiered_nt3,tiered,fast_gate,10,5,,,3,2,251,1899,0.9721115537848606,0.11348837209302326
c10_s05_cov100_seed00000004_tiered_nt3,tiered,fast_gate,10,5,,,3,3,62,1955,0.9838709677419355,0.03024293505205751
c10_s05_cov100_seed00000004_tiered_nt3,tiered,fast_gate,10,5,,,3,4,2,1736,1.0,0.0011507479861910242
c10_s05_cov100_seed00000004_tiered_nt3,tiered,fast_gate,10,5,,,3,5,0,1268,,0.0
c10_s05_cov100_seed00000004_tiered_nt3,tiered,fast_gate,10,5,,,3,6,0,590,,0.0
c10_s05_cov100_seed00000004_tiered_nt3,tiered,fast_gate,10,5,,,3,7,0,158,,0.0
c10_s05_cov100_seed00000004_tiered_nt3,tiered,fast_gate,10,5,,,3,8,0,14,,0.0
c10_s05_cov100_seed00000004_tiered_nt3,tiered,fast_gate,10,5,,,3,9,0,2,,0.0
c10_s05_cov100_seed00000005_tiered_nt3,tiered,fast_gate,10,5,,,3,0,1626,0,1.0,1.0
c10_s05_cov100_seed00000005_tiered_nt3,tiered,fast_gate,10,5,,,3,1,916,613,0.9978165938864629,0.5977763243950295
c10_s05_cov100_seed00000005_tiered_nt3,tiered,fast_gate,10,5,,,3,2,433,1431,0.976905311778291,0.226931330472103
c10_s05_cov100_seed00000005_tiered_nt3,tiered,fast_gate,10,5,,,3,3,166,1744,0.9337349397590361,0.08115183246073299
c10_s05_cov100_seed00000005_tiered_nt3,tiered,fast_gate,10,5,,,3,4,43,1650,0.9302325581395349,0.02362669816893089
c10_s05_cov100_seed00000005_tiered_nt3,tiered,fast_gate,10,5,,,3,5,7,1230,1.0,0.005658852061438965
c10_s05_cov100_seed00000005_tiered_nt3,tiered,fast_gate,10,5,,,3,6,0,704,,0.0
c10_s05_cov100_seed00000005_tiered_nt3,tiered,fast_gate,10,5,,,3,7,0,318,,0.0
c10_s05_cov100_seed00000005_tiered_nt3,tiered,fast_gate,10,5,,,3,8,0,101,,0.0
c10_s05_cov100_seed00000005_tiered_nt3,tiered,fast_gate,10,5,,,3,9,0,18,,0.0
c10_s05_cov100_seed00000006_tiered_nt3,tiered,fast_gate,10,5,,,3,0,1718,0,0.9994179278230501,0.9994179278230501
c10_s05_cov100_seed00000006_tiered_nt3,tiered,fast_gate,10,5,,,3,1,1065,864,1.0,0.552099533437014
c10_s05_cov100_seed00000006_tiered_nt3,tiered,fast_gate,10,5,,,3,2,546,1597,0.9743589743589743,0.2482501166588894
c10_s05_cov100_seed00000006_tiered_nt3,tiered,fast_gate,10,5,,,3,3,191,1840,0.9790575916230366,0.09207287050713935
c10_s05_cov100_seed00000006_tiered_nt3,tiered,fast_gate,10,5,,,3,4,40,1613,0.975,0.023593466424682397
c10_s05_cov100_seed00000006_tiered_nt3,tiered,fast_gate,10,5,,,3,5,1,999,1.0,0.001
c10_s05_cov100_seed00000006_tiered_nt3,tiered,fast_gate,10,5,,,3,6,0,416,,0.0
c10_s05_cov100_seed00000006_tiered_nt3,tiered,fast_gate,10,5,,,3,7,0,96,,0.0
c10_s05_cov100_seed00000006_tiered_nt3,tiered,fast_gate,10,5,,,3,8,0,13,,0.0
c10_s05_cov100_seed00000006_tiered_nt3,tiered,fast_gate,10,5,,,3,9,0,1,,0.0
c10_s05_cov100_seed00000007_tiered_nt3,tiered,fast_gate,10,5,,,3,0,1618,0,1.0,1.0
c10_s05_cov100_seed00000007_tiered_nt3,tiered,fast_gate,10,5,,,3,1,938,656,1.0,0.588456712672522
c10_s05_cov100_seed00000007_tiered_nt3,tiered,fast_gate,10,5,,,3,2,273,1725,0.9633699633699634,0.13163163163163163
c10_s05_cov100_seed00000007_tiered_nt3,tiered,fast_gate,10,5,,,3,3,70,1837,0.8857142857142857,0.032511798636601995
c10_s05_cov100_seed00000007_tiered_nt3,tiered,fast_gate,10,5,,,3,4,13,1781,0.9230769230769231,0.006688963210702341
c10_s05_cov100_seed00000007_tiered_nt3,tiered,fast_gate,10,5,,,3,5,1,1172,1.0,0.0008525149190110827
c10_s05_cov100_seed00000007_tiered_nt3,tiered,fast_gate,10,5,,,3,6,0,642,,0.0
c10_s05_cov100_seed00000007_tiered_nt3,tiered,fast_gate,10,5,,,3,7,0,220,,0.0
c10_s05_cov100_seed00000007_tiered_nt3,tiered,fast_gate,10,5,,,3,8,0,52,,0.0
c10_s05_cov100_seed00000007_tiered_nt3,tiered,fast_gate,10,5,,,3,9,0,2,,0.0
c10_s05_cov100_seed00000008_tiered_nt3,tiered,fast_gate,10,5,,,3,0,1583,0,1.0,1.0
c10_s05_cov100_seed00000008_tiered_nt3,tiered,fast_gate,10,5,,,3,1,1169,982,0.998289136013687,0.5425383542538355
c10_s05_cov100_seed00000008_tiered_nt3,tiered,fast_gate,10,5,,,3,2,368,1685,0.9809782608695652,0.17584023380418898
c10_s05_cov100_seed00000008_tiered_nt3,tiered,fast_gate,10,5,,,3,3,97,1956,0.9896907216494846,0.046760837798343884
c10_s05_cov100_seed00000008_tiered_nt3,tiered,fast_gate,10,5,,,3,4,18,1628,0.8888888888888888,0.009720534629404616
c10_s05_cov100_seed00000008_tiered_nt3,tiered,fast_gate,10,5,,,3,5,1,963,1.0,0.001037344398340249
c10_s05_cov100_seed00000008_tiered_nt3,tiered,fast_gate,10,5,,,3,6,0,423,,0.0
c10_s05_cov100_seed00000008_tiered_nt3,tiered,fast_gate,10,5,,,3,7,0,113,,0.0
c10_s05_cov100_seed00000008_tiered_nt3,tiered,fast_gate,10,5,,,3,8,0,13,,0.0
c10_s05_cov100_seed00000008_tiered_nt3,tiered,fast_gate,10,5,,,3,9,0,1,,0.0
c10_s05_cov100_seed00000009_tiered_nt3,tiered,fast_gate,10,5,,,3,0,1513,0,0.998678122934567,0.998678122934567
c10_s05_cov100_seed00000009_tiered_nt3,tiered,fast_gate,10,5,,,3,1,693,547,0.9971139971139971,0.557258064516129
c10_s05_cov100_seed00000009_tiered_nt3,tiered,fast_gate,10,5,,,3,2,449,1200,0.9844097995545658,0.26804123711340205
c10_s05_cov100_seed00000009_tiered_nt3,tiered,fast_gate,10,5,,,3,3,204,1491,1.0,0.12035398230088495
c10_s05_cov100_seed00000009_tiered_nt3,tiered,fast_gate,10,5,,,3,4,94,1722,0.9893617021276596,0.051211453744493395
c10_s05_cov100_seed00000009_tiered_nt3,tiered,fast_gate,10,5,,,3,5,17,1601,1.0,0.010506798516687269
c10_s05_cov100_seed00000009_tiered_nt3,tiered,fast_gate,10,5,,,3,6,0,995,,0.0
c10_s05_cov100_seed00000009_tiered_nt3,tiered,fast_gate,10,5,,,3,7,0,376,,0.0
c10_s05_cov100_seed00000009_tiered_nt3,tiered,fast_gate,10,5,,,3,8,0,91,,0.0
c10_s05_cov100_seed00000009_tiered_nt3,tiered,fast_gate,10,5,,,3,9,0,7,,0.0
c10_s05_cov100_seed00000010_tiered_nt3,tiered,fast_gate,10,5,,,3,0,1360,0,0.9977941176470588,0.9977941176470588
c10_s05_cov100_seed00000010_tiered_nt3,tiered,fast_gate,10,5,,,3,1,711,491,0.9915611814345991,0.586522462562396
c10_s05_cov100_seed00000010_tiered_nt3,tiered,fast_gate,10,5,,,3,2,436,1373,0.9908256880733946,0.23880597014925373
c10_s05_cov100_seed00000010_tiered_nt3,tiered,fast_gate,10,5,,,3,3,160,1291,0.98125,0.1082012405237767
c10_s05_cov100_seed00000010_tiered_nt3,tiered,fast_gate,10,5,,,3,4,60,1569,0.9333333333333333,0.03437691835481891
c10_s05_cov100_seed00000010_tiered_nt3,tiered,fast_gate,10,5,,,3,5,45,1391,0.9333333333333333,0.02924791086350975
c10_s05_cov100_seed00000010_tiered_nt3,tiered,fast_gate,10,5,,,3,6,11,1025,0.9090909090909091,0.009652509652509652
c10_s05_cov100_seed00000010_tiered_nt3,tiered,fast_gate,10,5,,,3,7,4,662,1.0,0.006006006006006006
c10_s05_cov100_seed00000010_tiered_nt3,tiered,fast_gate,10,5,,,3,8,0,319,,0.0
c10_s05_cov100_seed00000010_tiered_nt3,tiered,fast_gate,10,5,,,3,9,0,82,,0.0
c10_s05_cov100_seed00000010_tiered_nt3,tiered,fast_gate,10,5,,,3,10,0,10,,0.0
c10_s05_cov100_seed00000011_tiered_nt3,tiered,fast_gate,10,5,,,3,0,1919,0,0.9994788952579469,0.9994788952579469
c10_s05_cov100_seed00000011_tiered_nt3,tiered,fast_gate,10,5,,,3,1,931,356,1.0,0.7233877233877234
c10_s05_cov100_seed00000011_tiered_nt3,tiered,fast_gate,10,5,,,3,2,404,1358,1.0,0.2292849035187287
c10_s05_cov100_seed00000011_tiered_nt3,tiered,fast_gate,10,5,,,3,3,156,1709,0.9935897435897436,0.08310991957104558
c10_s05_cov100_seed00000011_tiered_nt3,tiered,fast_gate,10,5,,,3,4,48,1698,1.0,0.027491408934707903
c10_s05_cov100_seed00000011_tiered_nt3,tiered,fast_gate,10,5,,,3,5,3,1172,1.0,0.002553191489361702
c10_s05_cov100_seed00000011_tiered_nt3,tiered,fast_gate,10,5,,,3,6,0,729,,0.0
c10_s05_cov100_seed00000011_tiered_nt3,tiered,fast_gate,10,5,,,3,7,0,391,,0.0
c10_s05_cov100_seed00000011_tiered_nt3,tiered,fast_gate,10,5,,,3,8,0,111,,0.0
c10_s05_cov100_seed00000011_tiered_nt3,tiered,fast_gate,10,5,,,3,9,0,15,,0.0
c10_s05_cov100_seed00000012_tiered_nt3,tiered,fast_gate,10,5,,,3,0,2538,0,0.9972419227738377,0.9972419227738377
c10_s05_cov100_seed00000012_tiered_nt3,tiered,fast_gate,10,5,,,3,1,1056,1205,0.9962121212121212,0.465280849181778
c10_s05_cov100_seed00000012_tiered_nt3,tiered,fast_gate,10,5,,,3,2,434,1586,0.9838709677419355,0.21138613861386138
c10_s05_cov100_seed00000012_tiered_nt3,tiered,fast_gate,10,5,,,3,3,158,1464,0.9936708860759493,0.0967940813810111
c10_s05_cov100_seed00000012_tiered_nt3,tiered,fast_gate,10,5,,,3,4,22,1364,1.0,0.015873015873015872
c10_s05_cov100_seed00000012_tiered_nt3,tiered,fast_gate,10,5,,,3,5,0,852,,0.0
c10_s05_cov100_seed00000012_tiered_nt3,tiered,fast_gate,10,5,,,3,6,0,282,,0.0
c10_s05_cov100_seed00000012_tiered_nt3,tiered,fast_gate,10,5,,,3,7,0,35,,0.0
c10_s05_cov100_seed00000012_tiered_nt3,tiered,fast_gate,10,5,,,3,8,0,4,,0.0
c10_s05_cov100_seed00000013_tiered_nt3,tiered,fast_gate,10,5,,,3,0,1650,0,0.9945454545454545,0.9945454545454545
c10_s05_cov100_seed00000013_tiered_nt3,tiered,fast_gate,10,5,,,3,1,785,336,0.9936305732484076,0.695807314897413
c10_s05_cov100_seed00000013_tiered_nt3,tiered,fast_gate,10,5,,,3,2,355,1430,0.9859154929577465,0.19607843137254902
c10_s05_cov100_seed00000013_tiered_nt3,tiered,fast_gate,10,5,,,3,3,125,1533,0.984,0.07418576598311219
c10_s05_cov100_seed00000013_tiered_nt3,tiered,fast_gate,10,5,,,3,4,30,1701,0.8666666666666667,0.015020219526285385
c10_s05_cov100_seed00000013_tiered_nt3,tiered,fast_gate,10,5,,,3,5,4,1449,1.0,0.0027529249827942187
c10_s05_cov100_seed00000013_tiered_nt3,tiered,fast_gate,10,5,,,3,6,0,1006,,0.0
c10_s05_cov100_seed00000013_tiered_nt3,tiered,fast_gate,10,5,,,3,7,0,411,,0.0
c10_s05_cov100_seed00000013_tiered_nt3,tiered,fast_gate,10,5,,,3,8,0,155,,0.0
c10_s05_cov100_seed00000013_tiered_nt3,tiered,fast_gate,10,5,,,3,9,0,28,,0.0
c10_s05_cov100_seed00000013_tiered_nt3,tiered,fast_gate,10,5,,,3,10,0,2,,0.0
c10_s05_cov100_seed00000014_tiered_nt3,tiered,fast_gate,10,5,,,3,0,1365,0,1.0,1.0
c10_s05_cov100_seed00000014_tiered_nt3,tiered,fast_gate,10,5,,,3,1,767,533,0.9986962190352021,0.5892307692307692
c10_s05_cov100_seed00000014_tiered_nt3,tiered,fast_gate,10,5,,,3,2,342,1636,0.97953216374269,0.16936299292214357
c10_s05_cov100_seed00000014_tiered_nt3,tiered,fast_gate,10,5,,,3,3,136,1705,0.9852941176470589,0.07278652906029331
c10_s05_cov100_seed00000014_tiered_nt3,tiered,fast_gate,10,5,,,3,4,31,1851,0.967741935483871,0.015940488841657812
c10_s05_cov100_seed00000014_tiered_nt3,tiered,fast_gate,10,5,,,3,5,0,1441,,0.0
c10_s05_cov100_seed00000014_tiered_nt3,tiered,fast_gate,10,5,,,3,6,0,843,,0.0
c10_s05_cov100_seed00000014_tiered_nt3,tiered,fast_gate,10,5,,,3,7,0,299,,0.0
c10_s05_cov100_seed00000014_tiered_nt3,tiered,fast_gate,10,5,,,3,8,0,50,,0.0
c10_s05_cov100_seed00000014_tiered_nt3,tiered,fast_gate,10,5,,,3,9,0,1,,0.0
c10_s05_cov100_seed00000015_tiered_nt3,tiered,fast_gate,10,5,,,3,0,2107,0,0.9990507831039392,0.9990507831039392
c10_s05_cov100_seed00000015_tiered_nt3,tiered,fast_gate,10,5,,,3,1,1068,1106,0.9897003745318352,0.4862005519779209
c10_s05_cov100_seed00000015_tiered_nt3,tiered,fast_gate,10,5,,,3,2,479,1612,0.9916492693110647,0.22716403634624582
c10_s05_cov100_seed00000015_tiered_nt3,tiered,fast_gate,10,5,,,3,3,181,1496,0.9779005524861878,0.10554561717352415
c10_s05_cov100_seed00000015_tiered_nt3,tiered,fast_gate,10,5,,,3,4,27,1420,0.9629629629629629,0.01796821008984105
c10_s05_cov100_seed00000015_tiered_nt3,tiered,fast_gate,10,5,,,3,5,2,961,1.0,0.0020768431983385254
c10_s05_cov100_seed00000015_tiered_nt3,tiered,fast_gate,10,5,,,3,6,0,416,,0.0
c10_s05_cov100_seed00000015_tiered_nt3,tiered,fast_gate,10,5,,,3,7,0,96,,0.0
c10_s05_cov100_seed00000015_tiered_nt3,tiered,fast_gate,10,5,,,3,8,0,28,,0.0
c10_s05_cov100_seed00000015_tiered_nt3,tiered,fast_gate,10,5,,,3,9,0,1,,0.0
c10_s05_cov100_seed00000016_tiered_nt3,tiered,fast_gate,10,5,,,3,0,2054,0,0.9990262901655307,0.9990262901655307
c10_s05_cov100_seed00000016_tiered_nt3,tiered,fast_gate,10,5,,,3,1,1058,832,0.9905482041587902,0.5544973544973545
c10_s05_cov100_seed00000016_tiered_nt3,tiered,fast_gate,10,5,,,3,2,548,1680,0.9890510948905109,0.24326750448833034
c10_s05_cov100_seed00000016_tiered_nt3,tiered,fast_gate,10,5,,,3,3,177,1732,1.0,0.09271870089051859
c10_s05_cov100_seed00000016_tiered_nt3,tiered,fast_gate,10,5,,,3,4,50,1500,1.0,0.03225806451612903
c10_s05_cov100_seed00000016_tiered_nt3,tiered,fast_gate,10,5,,,3,5,4,898,1.0,0.004434589800443459
c10_s05_cov100_seed00000016_tiered_nt3,tiered,fast_gate,10,5,,,3,6,0,357,,0.0
c10_s05_cov100_seed00000016_tiered_nt3,tiered,fast_gate,10,5,,,3,7,0,97,,0.0
c10_s05_cov100_seed00000016_tiered_nt3,tiered,fast_gate,10,5,,,3,8,0,13,,0.0
c10_s05_cov100_seed00000017_tiered_nt3,tiered,fast_gate,10,5,,,3,0,1381,0,1.0,1.0
c10_s05_cov100_seed00000017_tiered_nt3,tiered,fast_gate,10,5,,,3,1,1029,369,1.0,0.7360515021459227
c10_s05_cov100_seed00000017_tiered_nt3,tiered,fast_gate,10,5,,,3,2,505,1004,0.998019801980198,0.33399602385685884
c10_s05_cov100_seed00000017_tiered_nt3,tiered,fast_gate,10,5,,,3,3,422,1358,0.9834123222748815,0.23314606741573032
c10_s05_cov100_seed00000017_tiered_nt3,tiered,fast_gate,10,5,,,3,4,175,1401,0.92,0.10215736040609137
c10_s05_cov100_seed00000017_tiered_nt3,tiered,fast_gate,10,5,,,3,5,75,1486,0.92,0.044202434336963484
c10_s05_cov100_seed00000017_tiered_nt3,tiered,fast_gate,10,5,,,3,6,11,1024,1.0,0.010628019323671498
c10_s05_cov100_seed00000017_tiered_nt3,tiered,fast_gate,10,5,,,3,7,2,500,1.0,0.00398406374501992
c10_s05_cov100_seed00000017_tiered_nt3,tiered,fast_gate,10,5,,,3,8,0,212,,0.0
c10_s05_cov100_seed00000017_tiered_nt3,tiered,fast_gate,10,5,,,3,9,0,44,,0.0
c10_s05_cov100_seed00000017_tiered_nt3,tiered,fast_gate,10,5,,,3,10,0,2,,0.0
c10_s05_cov100_seed00000018_tiered_nt3,tiered,fast_gate,10,5,,,3,0,1403,0,1.0,1.0
c10_s05_cov100_seed00000018_tiered_nt3,tiered,fast_gate,10,5,,,3,1,861,407,0.9988385598141696,0.6782334384858044
c10_s05_cov100_seed00000018_tiered_nt3,tiered,fast_gate,10,5,,,3,2,387,1503,0.9870801033591732,0.2021164021164021
c10_s05_cov100_seed00000018_tiered_nt3,tiered,fast_gate,10,5,,,3,3,138,1573,0.9855072463768116,0.07948568088836938
c10_s05_cov100_seed00000018_tiered_nt3,tiered,fast_gate,10,5,,,3,4,41,1686,0.975609756097561,0.023161551823972205
c10_s05_cov100_seed00000018_tiered_nt3,tiered,fast_gate,10,5,,,3,5,4,1387,1.0,0.002875629043853343
c10_s05_cov100_seed00000018_tiered_nt3,tiered,fast_gate,10,5,,,3,6,0,968,,0.0
c10_s05_cov100_seed00000018_tiered_nt3,tiered,fast_gate,10,5,,,3,7,0,485,,0.0
c10_s05_cov100_seed00000018_tiered_nt3,tiered,fast_gate,10,5,,,3,8,0,142,,0.0
c10_s05_cov100_seed00000018_tiered_nt3,tiered,fast_gate,10,5,,,3,9,0,15,,0.0
c10_s05_cov100_seed00000019_tiered_nt3,tiered,fast_gate,10,5,,,3,0,2067,0,0.9980648282535075,0.9980648282535075
c10_s05_cov100_seed00000019_tiered_nt3,tiered,fast_gate,10,5,,,3,1,1071,850,0.9971988795518207,0.5559604372722541
c10_s05_cov100_seed00000019_tiered_nt3,tiered,fast_gate,10,5,,,3,2,285,1901,0.9929824561403509,0.12946020128087832
c10_s05_cov100_seed00000019_tiered_nt3,tiered,fast_gate,10,5,,,3,3,78,1865,1.0,0.04014410705095214
c10_s05_cov100_seed00000019_tiered_nt3,tiered,fast_gate,10,5,,,3,4,8,1519,1.0,0.005239030779305829
c10_s05_cov100_seed00000019_tiered_nt3,tiered,fast_gate,10,5,,,3,5,0,921,,0.0
c10_s05_cov100_seed00000019_tiered_nt3,tiered,fast_gate,10,5,,,3,6,0,349,,0.0
c10_s05_cov100_seed00000019_tiered_nt3,tiered,fast_gate,10,5,,,3,7,0,76,,0.0
c10_s05_cov100_seed00000019_tiered_nt3,tiered,fast_gate,10,5,,,3,8,0,10,,0.0
c10_s05_cov100_seed00000020_tiered_nt3,tiered,fast_gate,10,5,,,3,0,1744,0,0.9994266055045872,0.9994266055045872
c10_s05_cov100_seed00000020_tiered_nt3,tiered,fast_gate,10,5,,,3,1,1028,713,0.995136186770428,0.5875933371625502
c10_s05_cov100_seed00000020_tiered_nt3,tiered,fast_gate,10,5,,,3,2,669,1154,0.9835575485799701,0.3609434997257268
c10_s05_cov100_seed00000020_tiered_nt3,tiered,fast_gate,10,5,,,3,3,230,1568,0.9869565217391304,0.12625139043381536
c10_s05_cov100_seed00000020_tiered_nt3,tiered,fast_gate,10,5,,,3,4,80,1588,0.9875,0.047362110311750596
c10_s05_cov100_seed00000020_tiered_nt3,tiered,fast_gate,10,5,,,3,5,17,1247,1.0,0.013449367088607595
c10_s05_cov100_seed00000020_tiered_nt3,tiered,fast_gate,10,5,,,3,6,4,655,1.0,0.006069802731411229
c10_s05_cov100_seed00000020_tiered_nt3,tiered,fast_gate,10,5,,,3,7,0,236,,0.0
c10_s05_cov100_seed00000020_tiered_nt3,tiered,fast_gate,10,5,,,3,8,0,55,,0.0
c10_s05_cov100_seed00000020_tiered_nt3,tiered,fast_gate,10,5,,,3,9,0,12,,0.0
c10_s05_cov100_seed00000021_tiered_nt3,tiered,fast_gate,10,5,,,3,0,1613,0,0.9993800371977681,0.9993800371977681
c10_s05_cov100_seed00000021_tiered_nt3,tiered,fast_gate,10,5,,,3,1,951,620,1.0,0.6053469127943985
c10_s05_cov100_seed00000021_tiered_nt3,tiered,fast_gate,10,5,,,3,2,467,1553,0.9978586723768736,0.2306930693069307
c10_s05_cov100_seed00000021_tiered_nt3,tiered,fast_gate,10,5,,,3,3,131,1786,1.0,0.0683359415753782
c10_s05_cov100_seed00000021_tiered_nt3,tiered,fast_gate,10,5,,,3,4,28,1731,0.9642857142857143,0.015349630471859011
c10_s05_cov100_seed00000021_tiered_nt3,tiered,fast_gate,10,5,,,3,5,1,1223,1.0,0.0008169934640522876
c10_s05_cov100_seed00000021_tiered_nt3,tiered,fast_gate,10,5,,,3,6,0,629,,0.0
c10_s05_cov100_seed00000021_tiered_nt3,tiered,fast_gate,10,5,,,3,7,0,224,,0.0
c10_s05_cov100_seed00000021_tiered_nt3,tiered,fast_gate,10,5,,,3,8,0,40,,0.0
c10_s05_cov100_seed00000021_tiered_nt3,tiered,fast_gate,10,5,,,3,9,0,3,,0.0
c10_s05_cov100_seed00000022_tiered_nt3,tiered,fast_gate,10,5,,,3,0,1707,0,0.9994141769185706,0.9994141769185706
c10_s05_cov100_seed00000022_tiered_nt3,tiered,fast_gate,10,5,,,3,1,997,897,0.9939819458375125,0.5232312565997888
c10_s05_cov100_seed00000022_tiered_nt3,tiered,fast_gate,10,5,,,3,2,292,1636,0.9863013698630136,0.14937759336099585
c10_s05_cov100_seed00000022_tiered_nt3,tiered,fast_gate,10,5,,,3,3,95,1955,1.0,0.046341463414634146
c10_s05_cov100_seed00000022_tiered_nt3,tiered,fast_gate,10,5,,,3,4,22,1612,1.0,0.01346389228886169
c10_s05_cov100_seed00000022_tiered_nt3,tiered,fast_gate,10,5,,,3,5,6,1028,1.0,0.005802707930367505
c10_s05_cov100_seed00000022_tiered_nt3,tiered,fast_gate,10,5,,,3,6,1,484,1.0,0.002061855670103093
c10_s05_cov100_seed00000022_tiered_nt3,tiered,fast_gate,10,5,,,3,7,0,188,,0.0
c10_s05_cov100_seed00000022_tiered_nt3,tiered,fast_gate,10,5,,,3,8,0,69,,0.0
c10_s05_cov100_seed00000022_tiered_nt3,tiered,fast_gate,10,5,,,3,9,0,10,,0.0
c10_s05_cov100_seed00000022_tiered_nt3,tiered,fast_gate,10,5,,,3,10,0,1,,0.0
c10_s05_cov100_seed00000023_tiered_nt3,tiered,fast_gate,10,5,,,3,0,1598,0,1.0,1.0
c10_s05_cov100_seed00000023_tiered_nt3,tiered,fast_gate,10,5,,,3,1,776,333,1.0,0.6997294860234445
c10_s05_cov100_seed00000023_tiered_nt3,tiered,fast_gate,10,5,,,3,2,456,1190,0.993421052631579,0.2752126366950182
c10_s05_cov100_seed00000023_tiered_nt3,tiered,fast_gate,10,5,,,3,3,187,1436,0.9893048128342246,0.11398644485520641
c10_s05_cov100_seed00000023_tiered_nt3,tiered,fast_gate,10,5,,,3,4,61,1633,0.9836065573770492,0.03541912632821724
c10_s05_cov100_seed00000023_tiered_nt3,tiered,fast_gate,10,5,,,3,5,2,1429,1.0,0.001397624039133473
c10_s05_cov100_seed00000023_tiered_nt3,tiered,fast_gate,10,5,,,3,6,0,1049,,0.0
c10_s05_cov100_seed00000023_tiered_nt3,tiered,fast_gate,10,5,,,3,7,0,621,,0.0
c10_s05_cov100_seed00000023_tiered_nt3,tiered,fast_gate,10,5,,,3,8,0,201,,0.0
c10_s05_cov100_seed00000023_tiered_nt3,tiered,fast_gate,10,5,,,3,9,0,25,,0.0
c10_s05_cov100_seed00000023_tiered_nt3,tiered,fast_gate,10,5,,,3,10,0,3,,0.0
c10_s05_cov100_seed00000024_tiered_nt3,tiered,fast_gate,10,5,,,3,0,2611,0,0.9992340099578706,0.9992340099578706
c10_s05_cov100_seed00000024_tiered_nt3,tiered,fast_gate,10,5,,,3,1,919,1097,0.9934711643090316,0.45287698412698413
c10_s05_cov100_seed00000024_tiered_nt3,tiered,fast_gate,10,5,,,3,2,443,1394,0.9909706546275395,0.23897659227000545
c10_s05_cov100_seed00000024_tiered_nt3,tiered,fast_gate,10,5,,,3,3,173,1637,0.9942196531791907,0.09502762430939227
c10_s05_cov100_seed00000024_tiered_nt3,tiered,fast_gate,10,5,,,3,4,11,1301,1.0,0.008384146341463415
c10_s05_cov100_seed00000024_tiered_nt3,tiered,fast_gate,10,5,,,3,5,0,822,,0.0
c10_s05_cov100_seed00000024_tiered_nt3,tiered,fast_gate,10,5,,,3,6,0,406,,0.0
c10_s05_cov100_seed00000024_tiered_nt3,tiered,fast_gate,10,5,,,3,7,0,149,,0.0
c10_s05_cov100_seed00000024_tiered_nt3,tiered,fast_gate,10,5,,,3,8,0,36,,0.0
c10_s05_cov100_seed00000024_tiered_nt3,tiered,fast_gate,10,5,,,3,9,0,1,,0.0
c10_s05_cov100_seed00000025_tiered_nt3,tiered,fast_gate,10,5,,,3,0,2948,0,0.9979647218453188,0.9979647218453188
c10_s05_cov100_seed00000025_tiered_nt3,tiered,fast_gate,10,5,,,3,1,1611,706,0.9981378026070763,0.6940008631851532
c10_s05_cov100_seed00000025_tiered_nt3,tiered,fast_gate,10,5,,,3,2,506,1225,1.0,0.29231658001155403
c10_s05_cov100_seed00000025_tiered_nt3,tiered,fast_gate,10,5,,,3,3,111,1203,1.0,0.08447488584474885
c10_s05_cov100_seed00000025_tiered_nt3,tiered,fast_gate,10,5,,,3,4,12,948,1.0,0.0125
c10_s05_cov100_seed00000025_tiered_nt3,tiered,fast_gate,10,5,,,3,5,0,944,,0.0
c10_s05_cov100_seed00000025_tiered_nt3,tiered,fast_gate,10,5,,,3,6,0,532,,0.0
c10_s05_cov100_seed00000025_tiered_nt3,tiered,fast_gate,10,5,,,3,7,0,191,,0.0
c10_s05_cov100_seed00000025_tiered_nt3,tiered,fast_gate,10,5,,,3,8,0,46,,0.0
c10_s05_cov100_seed00000025_tiered_nt3,tiered,fast_gate,10,5,,,3,9,0,17,,0.0
c10_s05_cov100_seed00000026_tiered_nt3,tiered,fast_gate,10,5,,,3,0,1365,0,1.0,1.0
c10_s05_cov100_seed00000026_tiered_nt3,tiered,fast_gate,10,5,,,3,1,922,393,1.0,0.7011406844106464
c10_s05_cov100_seed00000026_tiered_nt3,tiered,fast_gate,10,5,,,3,2,558,1136,0.9982078853046595,0.32880755608028334
c10_s05_cov100_seed00000026_tiered_nt3,tiered,fast_gate,10,5,,,3,3,281,1425,0.9466192170818505,0.1559202813599062
c10_s05_cov100_seed00000026_tiered_nt3,tiered,fast_gate,10,5,,,3,4,112,1550,0.9017857142857143,0.060770156438026475
c10_s05_cov100_seed00000026_tiered_nt3,tiered,fast_gate,10,5,,,3,5,31,1414,0.8387096774193549,0.017993079584775088
c10_s05_cov100_seed00000026_tiered_nt3,tiered,fast_gate,10,5,,,3,6,5,1010,0.8,0.003940886699507389
c10_s05_cov100_seed00000026_tiered_nt3,tiered,fast_gate,10,5,,,3,7,2,524,1.0,0.0038022813688212928
c10_s05_cov100_seed00000026_tiered_nt3,tiered,fast_gate,10,5,,,3,8,0,209,,0.0
c10_s05_cov100_seed00000026_tiered_nt3,tiered,fast_gate,10,5,,,3,9,0,55,,0.0
c10_s05_cov100_seed00000026_tiered_nt3,tiered,fast_gate,10,5,,,3,10,0,8,,0.0
c10_s05_cov100_seed00000027_tiered_nt3,tiered,fast_gate,10,5,,,3,0,1340,0,1.0,1.0
c10_s05_cov100_seed00000027_tiered_nt3,tiered,fast_gate,10,5,,,3,1,808,246,1.0,0.7666034155597723
c10_s05_cov100_seed00000027_tiered_nt3,tiered,fast_gate,10,5,,,3,2,455,1015,0.9978021978021978,0.308843537414966
c10_s05_cov100_seed00000027_tiered_nt3,tiered,fast_gate,10,5,,,3,3,338,1395,1.0,0.19503750721292556
c10_s05_cov100_seed00000027_tiered_nt3,tiered,fast_gate,10,5,,,3,4,150,1403,0.9733333333333334,0.09401159047005796
c10_s05_cov100_seed00000027_tiered_nt3,tiered,fast_gate,10,5,,,3,5,68,1473,0.9705882352941176,0.04282933160285529
c10_s05_cov100_seed00000027_tiered_nt3,tiered,fast_gate,10,5,,,3,6,21,1133,1.0,0.018197573656845753
c10_s05_cov100_seed00000027_tiered_nt3,tiered,fast_gate,10,5,,,3,7,1,752,1.0,0.0013280212483399733
c10_s05_cov100_seed00000027_tiered_nt3,tiered,fast_gate,10,5,,,3,8,0,312,,0.0
c10_s05_cov100_seed00000027_tiered_nt3,tiered,fast_gate,10,5,,,3,9,0,80,,0.0
c10_s05_cov100_seed00000027_tiered_nt3,tiered,fast_gate,10,5,,,3,10,0,10,,0.0
c10_s05_cov100_seed00000028_tiered_nt3,tiered,fast_gate,10,5,,,3,0,1514,0,0.9993394980184941,0.9993394980184941
c10_s05_cov100_seed00000028_tiered_nt3,tiered,fast_gate,10,5,,,3,1,966,680,0.9979296066252588,0.5856622114216282
c10_s05_cov100_seed00000028_tiered_nt3,tiered,fast_gate,10,5,,,3,2,339,1435,0.9852507374631269,0.1882750845546787
c10_s05_cov100_seed00000028_tiered_nt3,tiered,fast_gate,10,5,,,3,3,121,1838,0.9421487603305785,0.05819295558958652
c10_s05_cov100_seed00000028_tiered_nt3,tiered,fast_gate,10,5,,,3,4,29,1745,0.9655172413793104,0.015783540022547914
c10_s05_cov100_seed00000028_tiered_nt3,tiered,fast_gate,10,5,,,3,5,3,1332,1.0,0.0022471910112359553
c10_s05_cov100_seed00000028_tiered_nt3,tiered,fast_gate,10,5,,,3,6,0,699,,0.0
c10_s05_cov100_seed00000028_tiered_nt3,tiered,fast_gate,10,5,,,3,7,0,232,,0.0
c10_s05_cov100_seed00000028_tiered_nt3,tiered,fast_gate,10,5,,,3,8,0,62,,0.0
c10_s05_cov100_seed00000028_tiered_nt3,tiered,fast_gate,10,5,,,3,9,0,5,,0.0
c10_s05_cov100_seed00000029_tiered_nt3,tiered,fast_gate,10,5,,,3,0,1492,0,0.9986595174262735,0.9986595174262735
c10_s05_cov100_seed00000029_tiered_nt3,tiered,fast_gate,10,5,,,3,1,808,700,0.9839108910891089,0.5271883289124668
c10_s05_cov100_seed00000029_tiered_nt3,tiered,fast_gate,10,5,,,3,2,243,1765,0.9506172839506173,0.1150398406374502
c10_s05_cov100_seed00000029_tiered_nt3,tiered,fast_gate,10,5,,,3,3,81,1835,0.9382716049382716,0.03966597077244259
c10_s05_cov100_seed00000029_tiered_nt3,tiered,fast_gate,10,5,,,3,4,15,1698,0.7333333333333333,0.00642148277875073
c10_s05_cov100_seed00000029_tiered_nt3,tiered,fast_gate,10,5,,,3,5,4,1277,1.0,0.00312256049960968
c10_s05_cov100_seed00000029_tiered_nt3,tiered,fast_gate,10,5,,,3,6,0,724,,0.0
c10_s05_cov100_seed00000029_tiered_nt3,tiered,fast_gate,10,5,,,3,7,0,269,,0.0
c10_s05_cov100_seed00000029_tiered_nt3,tiered,fast_gate,10,5,,,3,8,0,77,,0.0
c10_s05_cov100_seed00000029_tiered_nt3,tiered,fast_gate,10,5,,,3,9,0,12,,0.0
c10_s05_cov100_seed00000030_tiered_nt3,tiered,fast_gate,10,5,,,3,0,1587,0,1.0,1.0
c10_s05_cov100_seed00000030_tiered_nt3,tiered,fast_gate,10,5,,,3,1,944,749,0.9978813559322034,0.5564087418783225
c10_s05_cov100_seed00000030_tiered_nt3,tiered,fast_gate,10,5,,,3,2,597,1294,0.9966499162479062,0.31464833421470123
c10_s05_cov100_seed00000030_tiered_nt3,tiered,fast_gate,10,5,,,3,3,234,1521,0.9957264957264957,0.13276353276353275
c10_s05_cov100_seed00000030_tiered_nt3,tiered,fast_gate,10,5,,,3,4,71,1536,1.0,0.04418170504044804
c10_s05_cov100_seed00000030_tiered_nt3,tiered,fast_gate,10,5,,,3,5,18,1171,1.0,0.015138772077375946
c10_s05_cov100_seed00000030_tiered_nt3,tiered,fast_gate,10,5,,,3,6,0,709,,0.0
c10_s05_cov100_seed00000030_tiered_nt3,tiered,fast_gate,10,5,,,3,7,0,389,,0.0
c10_s05_cov100_seed00000030_tiered_nt3,tiered,fast_gate,10,5,,,3,8,0,139,,0.0
c10_s05_cov100_seed00000030_tiered_nt3,tiered,fast_gate,10,5,,,3,9,0,33,,0.0
c10_s05_cov100_seed00000030_tiered_nt3,tiered,fast_gate,10,5,,,3,10,0,8,,0.0
c10_s05_cov100_seed00000031_tiered_nt3,tiered,fast_gate,10,5,,,3,0,1510,0,1.0,1.0
c10_s05_cov100_seed00000031_tiered_nt3,tiered,fast_gate,10,5,,,3,1,673,415,0.9985141158989599,0.6176470588235294
c10_s05_cov100_seed00000031_tiered_nt3,tiered,fast_gate,10,5,,,3,2,482,1208,0.979253112033195,0.27928994082840236
c10_s05_cov100_seed00000031_tiered_nt3,tiered,fast_gate,10,5,,,3,3,228,1367,0.9605263157894737,0.1373040752351097
c10_s05_cov100_seed00000031_tiered_nt3,tiered,fast_gate,10,5,,,3,4,116,1577,0.9051724137931034,0.06202008269344359
c10_s05_cov100_seed00000031_tiered_nt3,tiered,fast_gate,10,5,,,3,5,33,1538,0.7878787878787878,0.016549968173138127
c10_s05_cov100_seed00000031_tiered_nt3,tiered,fast_gate,10,5,,,3,6,0,1135,,0.0
c10_s05_cov100_seed00000031_tiered_nt3,tiered,fast_gate,10,5,,,3,7,0,500,,0.0
c10_s05_cov100_seed00000031_tiered_nt3,tiered,fast_gate,10,5,,,3,8,0,174,,0.0
c10_s05_cov100_seed00000031_tiered_nt3,tiered,fast_gate,10,5,,,3,9,0,43,,0.0
c10_s05_cov100_seed00000031_tiered_nt3,tiered,fast_gate,10,5,,,3,10,0,1,,0.0
c10_s05_cov100_seed00000032_tiered_nt3,tiered,fast_gate,10,5,,,3,0,2629,0,1.0,1.0
c10_s05_cov100_seed00000032_tiered_nt3,tiered,fast_gate,10,5,,,3,1,1120,659,0.99375,0.6256323777403036
c10_s05_cov100_seed00000032_tiered_nt3,tiered,fast_gate,10,5,,,3,2,257,1924,0.980544747081712,0.1155433287482806
c10_s05_cov100_seed00000032_tiered_nt3,tiered,fast_gate,10,5,,,3,3,24,1648,0.9583333333333334,0.01375598086124402
c10_s05_cov100_seed00000032_tiered_nt3,tiered,fast_gate,10,5,,,3,4,0,1308,,0.0
c10_s05_cov100_seed00000032_tiered_nt3,tiered,fast_gate,10,5,,,3,5,0,851,,0.0
c10_s05_cov100_seed00000032_tiered_nt3,tiered,fast_gate,10,5,,,3,6,0,411,,0.0
c10_s05_cov100_seed00000032_tiered_nt3,tiered,fast_gate,10,5,,,3,7,0,147,,0.0
c10_s05_cov100_seed00000032_tiered_nt3,tiered,fast_gate,10,5,,,3,8,0,22,,0.0
c10_s05_cov100_seed00000033_tiered_nt3,tiered,fast_gate,10,5,,,3,0,2128,0,0.9995300751879699,0.9995300751879699
c10_s05_cov100_seed00000033_tiered_nt3,tiered,fast_gate,10,5,,,3,1,1284,1010,0.9937694704049844,0.5562336530078466
c10_s05_cov100_seed00000033_tiered_nt3,tiered,fast_gate,10,5,,,3,2,431,1829,0.9907192575406032,0.18893805309734513
c10_s05_cov100_seed00000033_tiered_nt3,tiered,fast_gate,10,5,,,3,3,68,1713,0.9852941176470589,0.037619314991577765
c10_s05_cov100_seed00000033_tiered_nt3,tiered,fast_gate,10,5,,,3,4,1,1268,1.0,0.0007880220646178094
c10_s05_cov100_seed00000033_tiered_nt3,tiered,fast_gate,10,5,,,3,5,0,723,,0.0
c10_s05_cov100_seed00000033_tiered_nt3,tiered,fast_gate,10,5,,,3,6,0,373,,0.0
c10_s05_cov100_seed00000033_tiered_nt3,tiered,fast_gate,10,5,,,3,7,0,146,,0.0
c10_s05_cov100_seed00000033_tiered_nt3,tiered,fast_gate,10,5,,,3,8,0,26,,0.0
c10_s05_cov100_seed00000034_tiered_nt3,tiered,fast_gate,10,5,,,3,0,1611,0,1.0,1.0
c10_s05_cov100_seed00000034_tiered_nt3,tiered,fast_gate,10,5,,,3,1,902,628,0.9988913525498891,0.5888888888888889
c10_s05_cov100_seed00000034_tiered_nt3,tiered,fast_gate,10,5,,,3,2,454,1399,1.0,0.2450080949811117
c10_s05_cov100_seed00000034_tiered_nt3,tiered,fast_gate,10,5,,,3,3,172,1685,1.0,0.09262250942380183
c10_s05_cov100_seed00000034_tiered_nt3,tiered,fast_gate,10,5,,,3,4,36,1667,1.0,0.021139166177334117
c10_s05_cov100_seed00000034_tiered_nt3,tiered,fast_gate,10,5,,,3,5,4,1284,1.0,0.003105590062111801
c10_s05_cov100_seed00000034_tiered_nt3,tiered,fast_gate,10,5,,,3,6,2,755,1.0,0.002642007926023778
c10_s05_cov100_seed00000034_tiered_nt3,tiered,fast_gate,10,5,,,3,7,0,314,,0.0
c10_s05_cov100_seed00000034_tiered_nt3,tiered,fast_gate,10,5,,,3,8,0,75,,0.0
c10_s05_cov100_seed00000034_tiered_nt3,tiered,fast_gate,10,5,,,3,9,0,12,,0.0
c10_s05_cov100_seed00000035_tiered_nt3,tiered,fast_gate,10,5,,,3,0,1367,0,1.0,1.0
c10_s05_cov100_seed00000035_tiered_nt3,tiered,fast_gate,10,5,,,3,1,910,704,0.9978021978021978,0.5625774473358116
c10_s05_cov100_seed00000035_tiered_nt3,tiered,fast_gate,10,5,,,3,2,461,1043,1.0,0.3065159574468085
c10_s05_cov100_seed00000035_tiered_nt3,tiered,fast_gate,10,5,,,3,3,342,1450,0.9883040935672515,0.18861607142857142
c10_s05_cov100_seed00000035_tiered_nt3,tiered,fast_gate,10,5,,,3,4,112,1558,0.9910714285714286,0.06646706586826347
c10_s05_cov100_seed00000035_tiered_nt3,tiered,fast_gate,10,5,,,3,5,46,1379,1.0,0.032280701754385965
c10_s05_cov100_seed00000035_tiered_nt3,tiered,fast_gate,10,5,,,3,6,17,945,1.0,0.017671517671517672
c10_s05_cov100_seed00000035_tiered_nt3,tiered,fast_gate,10,5,,,3,7,2,452,1.0,0.004405286343612335
c10_s05_cov100_seed00000035_tiered_nt3,tiered,fast_gate,10,5,,,3,8,0,159,,0.0
c10_s05_cov100_seed00000035_tiered_nt3,tiered,fast_gate,10,5,,,3,9,0,50,,0.0
c10_s05_cov100_seed00000035_tiered_nt3,tiered,fast_gate,10,5,,,3,10,0,3,,0.0
c10_s05_cov100_seed00000036_tiered_nt3,tiered,fast_gate,10,5,,,3,0,2124,0,0.9971751412429378,0.9971751412429378
c10_s05_cov100_seed00000036_tiered_nt3,tiered,fast_gate,10,5,,,3,1,1281,1039,0.994535519125683,0.5491379310344827
c10_s05_cov100_seed00000036_tiered_nt3,tiered,fast_gate,10,5,,,3,2,432,1540,0.9976851851851852,0.21855983772819473
c10_s05_cov100_seed00000036_tiered_nt3,tiered,fast_gate,10,5,,,3,3,79,1896,1.0,0.04
c10_s05_cov100_seed00000036_tiered_nt3,tiered,fast_gate,10,5,,,3,4,3,1442,1.0,0.0020761245674740486
c10_s05_cov100_seed00000036_tiered_nt3,tiered,fast_gate,10,5,,,3,5,0,808,,0.0
c10_s05_cov100_seed00000036_tiered_nt3,tiered,fast_gate,10,5,,,3,6,0,291,,0.0
c10_s05_cov100_seed00000036_tiered_nt3,tiered,fast_gate,10,5,,,3,7,0,61,,0.0
c10_s05_cov100_seed00000036_tiered_nt3,tiered,fast_gate,10,5,,,3,8,0,4,,0.0
c10_s05_cov100_seed00000037_tiered_nt3,tiered,fast_gate,10,5,,,3,0,1501,0,0.9980013324450366,0.9980013324450366
c10_s05_cov100_seed00000037_tiered_nt3,tiered,fast_gate,10,5,,,3,1,824,725,0.9817961165048543,0.5222724338282763
c10_s05_cov100_seed00000037_tiered_nt3,tiered,fast_gate,10,5,,,3,2,232,1699,0.9568965517241379,0.11496633868461936
c10_s05_cov100_seed00000037_tiered_nt3,tiered,fast_gate,10,5,,,3,3,63,1868,0.9841269841269841,0.03210771620921802
c10_s05_cov100_seed00000037_tiered_nt3,tiered,fast_gate,10,5,,,3,4,26,1739,0.8076923076923077,0.01189801699716714
c10_s05_cov100_seed00000037_tiered_nt3,tiered,fast_gate,10,5,,,3,5,7,1299,1.0,0.005359877488514548
c10_s05_cov100_seed00000037_tiered_nt3,tiered,fast_gate,10,5,,,3,6,0,662,,0.0
c10_s05_cov100_seed00000037_tiered_nt3,tiered,fast_gate,10,5,,,3,7,0,277,,0.0
c10_s05_cov100_seed00000037_tiered_nt3,tiered,fast_gate,10,5,,,3,8,0,69,,0.0
c10_s05_cov100_seed00000037_tiered_nt3,tiered,fast_gate,10,5,,,3,9,0,9,,0.0
c10_s05_cov100_seed00000038_tiered_nt3,tiered,fast_gate,10,5,,,3,0,2656,0,0.9992469879518072,0.9992469879518072
c10_s05_cov100_seed00000038_tiered_nt3,tiered,fast_gate,10,5,,,3,1,917,687,0.9880043620501636,0.5648379052369077
c10_s05_cov100_seed00000038_tiered_nt3,tiered,fast_gate,10,5,,,3,2,432,1670,0.9884259259259259,0.20313986679352997
c10_s05_cov100_seed00000038_tiered_nt3,tiered,fast_gate,10,5,,,3,3,139,1431,0.9928057553956835,0.08789808917197452
c10_s05_cov100_seed00000038_tiered_nt3,tiered,fast_gate,10,5,,,3,4,18,1367,1.0,0.012996389891696752
c10_s05_cov100_seed00000038_tiered_nt3,tiered,fast_gate,10,5,,,3,5,2,961,1.0,0.0020768431983385254
c10_s05_cov100_seed00000038_tiered_nt3,tiered,fast_gate,10,5,,,3,6,0,516,,0.0
c10_s05_cov100_seed00000038_tiered_nt3,tiered,fast_gate,10,5,,,3,7,0,185,,0.0
c10_s05_cov100_seed00000038_tiered_nt3,tiered,fast_gate,10,5,,,3,8,0,19,,0.0
c10_s05_cov100_seed00000039_tiered_nt3,tiered,fast_gate,10,5,,,3,0,1701,0,1.0,1.0
c10_s05_cov100_seed00000039_tiered_nt3,tiered,fast_gate,10,5,,,3,1,1218,510,0.9983579638752053,0.7037037037037037
c10_s05_cov100_seed00000039_tiered_nt3,tiered,fast_gate,10,5,,,3,2,593,1483,0.9730185497470489,0.2779383429672447
c10_s05_cov100_seed00000039_tiered_nt3,tiered,fast_gate,10,5,,,3,3,207,1444,0.9758454106280193,0.12235009085402786
c10_s05_cov100_seed00000039_tiered_nt3,tiered,fast_gate,10,5,,,3,4,39,1562,0.9230769230769231,0.022485946283572766
c10_s05_cov100_seed00000039_tiered_nt3,tiered,fast_gate,10,5,,,3,5,3,1126,1.0,0.002657218777679362
c10_s05_cov100_seed00000039_tiered_nt3,tiered,fast_gate,10,5,,,3,6,0,666,,0.0
c10_s05_cov100_seed00000039_tiered_nt3,tiered,fast_gate,10,5,,,3,7,0,305,,0.0
c10_s05_cov100_seed00000039_tiered_nt3,tiered,fast_gate,10,5,,,3,8,0,114,,0.0
c10_s05_cov100_seed00000039_tiered_nt3,tiered,fast_gate,10,5,,,3,9,0,27,,0.0
c10_s05_cov100_seed00000039_tiered_nt3,tiered,fast_gate,10,5,,,3,10,0,2,,0.0
c10_s05_cov100_seed00000000_tiered_nt4,tiered,fast_gate,10,5,,,4,0,1792,0,1.0,1.0
c10_s05_cov100_seed00000000_tiered_nt4,tiered,fast_gate,10,5,,,4,1,838,789,1.0,0.5150583896742471
c10_s05_cov100_seed00000000_tiered_nt4,tiered,fast_gate,10,5,,,4,2,330,1650,0.996969696969697,0.16616161616161615
c10_s05_cov100_seed00000000_tiered_nt4,tiered,fast_gate,10,5,,,4,3,96,1805,1.0,0.05049973698053656
c10_s05_cov100_seed00000000_tiered_nt4,tiered,fast_gate,10,5,,,4,4,11,1640,1.0,0.006662628709872804
c10_s05_cov100_seed00000000_tiered_nt4,tiered,fast_gate,10,5,,,4,5,1,1175,1.0,0.0008503401360544217
c10_s05_cov100_seed00000000_tiered_nt4,tiered,fast_gate,10,5,,,4,6,0,589,,0.0
c10_s05_cov100_seed00000000_tiered_nt4,tiered,fast_gate,10,5,,,4,7,0,223,,0.0
c10_s05_cov100_seed00000000_tiered_nt4,tiered,fast_gate,10,5,,,4,8,0,52,,0.0
c10_s05_cov100_seed00000000_tiered_nt4,tiered,fast_gate,10,5,,,4,9,0,8,,0.0
c10_s05_cov100_seed00000000_tiered_nt4,tiered,fast_gate,10,5,,,4,10,0,1,,0.0
c10_s05_cov100_seed00000001_tiered_nt4,tiered,fast_gate,10,5,,,4,0,1541,0,1.0,1.0
c10_s05_cov100_seed00000001_tiered_nt4,tiered,fast_gate,10,5,,,4,1,921,726,0.998914223669924,0.5585913782635095
c10_s05_cov100_seed00000001_tiered_nt4,tiered,fast_gate,10,5,,,4,2,510,1356,0.9901960784313726,0.27063236870310825
c10_s05_cov100_seed00000001_tiered_nt4,tiered,fast_gate,10,5,,,4,3,225,1718,0.9866666666666667,0.11425630468347915
c10_s05_cov100_seed00000001_tiered_nt4,tiered,fast_gate,10,5,,,4,4,85,1730,1.0,0.046831955922865015
c10_s05_cov100_seed00000001_tiered_nt4,tiered,fast_gate,10,5,,,4,5,24,1283,1.0,0.018362662586074982
c10_s05_cov100_seed00000001_tiered_nt4,tiered,fast_gate,10,5,,,4,6,3,630,1.0,0.004739336492890996
c10_s05_cov100_seed00000001_tiered_nt4,tiered,fast_gate,10,5,,,4,7,0,204,,0.0
c10_s05_cov100_seed00000001_tiered_nt4,tiered,fast_gate,10,5,,,4,8,0,40,,0.0
c10_s05_cov100_seed00000001_tiered_nt4,tiered,fast_gate,10,5,,,4,9,0,4,,0.0
c10_s05_cov100_seed00000002_tiered_nt4,tiered,fast_gate,10,5,,,4,0,2145,0,1.0,1.0
c10_s05_cov100_seed00000002_tiered_nt4,tiered,fast_gate,10,5,,,4,1,823,707,1.0,0.5379084967320261
c10_s05_cov100_seed00000002_tiered_nt4,tiered,fast_gate,10,5,,,4,2,346,1744,1.0,0.16555023923444975
c10_s05_cov100_seed00000002_tiered_nt4,tiered,fast_gate,10,5,,,4,3,93,1839,1.0,0.04813664596273292
c10_s05_cov100_seed00000002_tiered_nt4,tiered,fast_gate,10,5,,,4,4,13,1461,1.0,0.008819538670284939
c10_s05_cov100_seed00000002_tiered_nt4,tiered,fast_gate,10,5,,,4,5,0,1048,,0.0
c10_s05_cov100_seed00000002_tiered_nt4,tiered,fast_gate,10,5,,,4,6,0,519,,0.0
c10_s05_cov100_seed00000002_tiered_nt4,tiered,fast_gate,10,5,,,4,7,0,211,,0.0
c10_s05_cov100_seed00000002_tiered_nt4,tiered,fast_gate,10,5,,,4,8,0,48,,0.0
c10_s05_cov100_seed00000002_tiered_nt4,tiered,fast_gate,10,5,,,4,9,0,3,,0.0
c10_s05_cov100_seed00000003_tiered_nt4,tiered,fast_gate,10,5,,,4,0,2104,0,1.0,1.0
c10_s05_cov100_seed00000003_tiered_nt4,tiered,fast_gate,10,5,,,4,1,1424,756,0.9992977528089888,0.6527522935779817
c10_s05_cov100_seed00000003_tiered_nt4,tiered,fast_gate,10,5,,,4,2,485,1496,0.9979381443298969,0.24432104997476023
c10_s05_cov100_seed00000003_tiered_nt4,tiered,fast_gate,10,5,,,4,3,81,1695,0.9753086419753086,0.04448198198198198
c10_s05_cov100_seed00000003_tiered_nt4,tiered,fast_gate,10,5,,,4,4,11,1386,1.0,0.007874015748031496
c10_s05_cov100_seed00000003_tiered_nt4,tiered,fast_gate,10,5,,,4,5,0,833,,0.0
c10_s05_cov100_seed00000003_tiered_nt4,tiered,fast_gate,10,5,,,4,6,0,424,,0.0
c10_s05_cov100_seed00000003_tiered_nt4,tiered,fast_gate,10,5,,,4,7,0,188,,0.0
c10_s05_cov100_seed00000003_tiered_nt4,tiered,fast_gate,10,5,,,4,8,0,75,,0.0
c10_s05_cov100_seed00000003_tiered_nt4,tiered,fast_gate,10,5,,,4,9,0,29,,0.0
c10_s05_cov100_seed00000003_tiered_nt4,tiered,fast_gate,10,5,,,4,10,0,11,,0.0
c10_s05_cov100_seed00000003_tiered_nt4,tiered,fast_gate,10,5,,,4,11,0,2,,0.0
c10_s05_cov100_seed00000004_tiered_nt4,tiered,fast_gate,10,5,,,4,0,1595,0,1.0,1.0
c10_s05_cov100_seed00000004_tiered_nt4,tiered,fast_gate,10,5,,,4,1,739,1013,0.9986468200270636,0.4212328767123288
c10_s05_cov100_seed00000004_tiered_nt4,tiered,fast_gate,10,5,,,4,2,271,1852,1.0,0.12764955252001883
c10_s05_cov100_seed00000004_tiered_nt4,tiered,fast_gate,10,5,,,4,3,57,1903,0.9824561403508771,0.02857142857142857
c10_s05_cov100_seed00000004_tiered_nt4,tiered,fast_gate,10,5,,,4,4,16,1732,1.0,0.009153318077803204
c10_s05_cov100_seed00000004_tiered_nt4,tiered,fast_gate,10,5,,,4,5,3,1118,1.0,0.0026761819803746653
c10_s05_cov100_seed00000004_tiered_nt4,tiered,fast_gate,10,5,,,4,6,0,520,,0.0
c10_s05_cov100_seed00000004_tiered_nt4,tiered,fast_gate,10,5,,,4,7,0,159,,0.0
c10_s05_cov100_seed00000004_tiered_nt4,tiered,fast_gate,10,5,,,4,8,0,20,,0.0
c10_s05_cov100_seed00000004_tiered_nt4,tiered,fast_gate,10,5,,,4,9,0,2,,0.0
c10_s05_cov100_seed00000005_tiered_nt4,tiered,fast_gate,10,5,,,4,0,1579,0,1.0,1.0
c10_s05_cov100_seed00000005_tiered_nt4,tiered,fast_gate,10,5,,,4,1,900,747,0.9977777777777778,0.5452337583485124
c10_s05_cov100_seed00000005_tiered_nt4,tiered,fast_gate,10,5,,,4,2,415,1512,0.9927710843373494,0.21380384016606124
c10_s05_cov100_seed00000005_tiered_nt4,tiered,fast_gate,10,5,,,4,3,166,1770,0.9819277108433735,0.08419421487603305
c10_s05_cov100_seed00000005_tiered_nt4,tiered,fast_gate,10,5,,,4,4,68,1683,0.9852941176470589,0.03826384922901199
c10_s05_cov100_seed00000005_tiered_nt4,tiered,fast_gate,10,5,,,4,5,33,1240,1.0,0.025923016496465043
c10_s05_cov100_seed00000005_tiered_nt4,tiered,fast_gate,10,5,,,4,6,2,651,1.0,0.0030627871362940277
c10_s05_cov100_seed00000005_tiered_nt4,tiered,fast_gate,10,5,,,4,7,0,197,,0.0
c10_s05_cov100_seed00000005_tiered_nt4,tiered,fast_gate,10,5,,,4,8,0,35,,0.0
c10_s05_cov100_seed00000005_tiered_nt4,tiered,fast_gate,10,5,,,4,9,0,2,,0.0
c10_s05_cov100_seed00000006_tiered_nt4,tiered,fast_gate,10,5,,,4,0,1913,0,1.0,1.0
c10_s05_cov100_seed00000006_tiered_nt4,tiered,fast_gate,10,5,,,4,1,1008,973,0.9990079365079365,0.508329126703685
c10_s05_cov100_seed00000006_tiered_nt4,tiered,fast_gate,10,5,,,4,2,424,1806,0.9929245283018868,0.18878923766816144
c10_s05_cov100_seed00000006_tiered_nt4,tiered,fast_gate,10,5,,,4,3,162,1817,0.9814814814814815,0.08034360788276908
c10_s05_cov100_seed00000006_tiered_nt4,tiered,fast_gate,10,5,,,4,4,25,1514,1.0,0.016244314489928524
c10_s05_cov100_seed00000006_tiered_nt4,tiered,fast_gate,10,5,,,4,5,1,821,1.0,0.0012165450121654502
c10_s05_cov100_seed00000006_tiered_nt4,tiered,fast_gate,10,5,,,4,6,0,346,,0.0
c10_s05_cov100_seed00000006_tiered_nt4,tiered,fast_gate,10,5,,,4,7,0,140,,0.0
c10_s05_cov100_seed00000006_tiered_nt4,tiered,fast_gate,10,5,,,4,8,0,46,,0.0
c10_s05_cov100_seed00000006_tiered_nt4,tiered,fast_gate,10,5,,,4,9,0,4,,0.0
c10_s05_cov100_seed00000007_tiered_nt4,tiered,fast_gate,10,5,,,4,0,1341,0,1.0,1.0
c10_s05_cov100_seed00000007_tiered_nt4,tiered,fast_gate,10,5,,,4,1,850,798,0.9988235294117647,0.5151699029126213
c10_s05_cov100_seed00000007_tiered_nt4,tiered,fast_gate,10,5,,,4,2,409,1503,0.9926650366748166,0.21234309623430964
c10_s05_cov100_seed00000007_tiered_nt4,tiered,fast_gate,10,5,,,4,3,142,1743,0.9788732394366197,0.07374005305039788
c10_s05_cov100_seed00000007_tiered_nt4,tiered,fast_gate,10,5,,,4,4,71,1773,0.9577464788732394,0.0368763557483731
c10_s05_cov100_seed00000007_tiered_nt4,tiered,fast_gate,10,5,,,4,5,18,1414,0.9444444444444444,0.011871508379888268
c10_s05_cov100_seed00000007_tiered_nt4,tiered,fast_gate,10,5,,,4,6,2,655,1.0,0.0030441400304414
c10_s05_cov100_seed00000007_tiered_nt4,tiered,fast_gate,10,5,,,4,7,0,212,,0.0
c10_s05_cov100_seed00000007_tiered_nt4,tiered,fast_gate,10,5,,,4,8,0,65,,0.0
c10_s05_cov100_seed00000007_tiered_nt4,tiered,fast_gate,10,5,,,4,9,0,4,,0.0
c10_s05_cov100_seed00000008_tiered_nt4,tiered,fast_gate,10,5,,,4,0,1540,0,1.0,1.0
c10_s05_cov100_seed00000008_tiered_nt4,tiered,fast_gate,10,5,,,4,1,864,893,1.0,0.491747296528173
c10_s05_cov100_seed00000008_tiered_nt4,tiered,fast_gate,10,5,,,4,2,346,1796,1.0,0.161531279178338
c10_s05_cov100_seed00000008_tiered_nt4,tiered,fast_gate,10,5,,,4,3,140,1853,1.0,0.07024586051179127
c10_s05_cov100_seed00000008_tiered_nt4,tiered,fast_gate,10,5,,,4,4,41,1777,0.9512195121951219,0.02145214521452145
c10_s05_cov100_seed00000008_tiered_nt4,tiered,fast_gate,10,5,,,4,5,8,1154,1.0,0.0068846815834767644
c10_s05_cov100_seed00000008_tiered_nt4,tiered,fast_gate,10,5,,,4,6,0,464,,0.0
c10_s05_cov100_seed00000008_tiered_nt4,tiered,fast_gate,10,5,,,4,7,0,109,,0.0
c10_s05_cov100_seed00000008_tiered_nt4,tiered,fast_gate,10,5,,,4,8,0,14,,0.0
c10_s05_cov100_seed00000008_tiered_nt4,tiered,fast_gate,10,5,,,4,9,0,1,,0.0
c10_s05_cov100_seed00000009_tiered_nt4,tiered,fast_gate,10,5,,,4,0,2059,0,1.0,1.0
c10_s05_cov100_seed00000009_tiered_nt4,tiered,fast_gate,10,5,,,4,1,839,1203,0.99880810488677,0.4103819784524976
c10_s05_cov100_seed00000009_tiered_nt4,tiered,fast_gate,10,5,,,4,2,177,1947,0.9943502824858758,0.08286252354048965
c10_s05_cov100_seed00000009_tiered_nt4,tiered,fast_gate,10,5,,,4,3,26,2015,0.9230769230769231,0.011758941695247428
c10_s05_cov100_seed00000009_tiered_nt4,tiered,fast_gate,10,5,,,4,4,2,1512,1.0,0.001321003963011889
c10_s05_cov100_seed00000009_tiered_nt4,tiered,fast_gate,10,5,,,4,5,1,807,1.0,0.0012376237623762376
c10_s05_cov100_seed00000009_tiered_nt4,tiered,fast_gate,10,5,,,4,6,0,323,,0.0
c10_s05_cov100_seed00000009_tiered_nt4,tiered,fast_gate,10,5,,,4,7,0,83,,0.0
c10_s05_cov100_seed00000009_tiered_nt4,tiered,fast_gate,10,5,,,4,8,0,6,,0.0
c10_s05_cov100_seed00000010_tiered_nt4,tiered,fast_gate,10,5,,,4,0,1793,0,0.9994422755158952,0.9994422755158952
c10_s05_cov100_seed00000010_tiered_nt4,tiered,fast_gate,10,5,,,4,1,1068,436,0.99812734082397,0.7087765957446809
c10_s05_cov100_seed00000010_tiered_nt4,tiered,fast_gate,10,5,,,4,2,308,1509,0.9707792207792207,0.16455696202531644
c10_s05_cov100_seed00000010_tiered_nt4,tiered,fast_gate,10,5,,,4,3,89,1704,0.8876404494382022,0.044060234244283326
c10_s05_cov100_seed00000010_tiered_nt4,tiered,fast_gate,10,5,,,4,4,21,1600,0.8571428571428571,0.011104256631708822
c10_s05_cov100_seed00000010_tiered_nt4,tiered,fast_gate,10,5,,,4,5,1,1290,1.0,0.000774593338497289
c10_s05_cov100_seed00000010_tiered_nt4,tiered,fast_gate,10,5,,,4,6,0,727,,0.0
c10_s05_cov100_seed00000010_tiered_nt4,tiered,fast_gate,10,5,,,4,7,0,337,,0.0
c10_s05_cov100_seed00000010_tiered_nt4,tiered,fast_gate,10,5,,,4,8,0,96,,0.0
c10_s05_cov100_seed00000010_tiered_nt4,tiered,fast_gate,10,5,,,4,9,0,19,,0.0
c10_s05_cov100_seed00000010_tiered_nt4,tiered,fast_gate,10,5,,,4,10,0,2,,0.0
c10_s05_cov100_seed00000011_tiered_nt4,tiered,fast_gate,10,5,,,4,0,2238,0,1.0,1.0
c10_s05_cov100_seed00000011_tiered_nt4,tiered,fast_gate,10,5,,,4,1,1126,535,1.0,0.6779048765803732
c10_s05_cov100_seed00000011_tiered_nt4,tiered,fast_gate,10,5,,,4,2,252,1963,1.0,0.11376975169300226
c10_s05_cov100_seed00000011_tiered_nt4,tiered,fast_gate,10,5,,,4,3,31,1579,1.0,0.019254658385093167
c10_s05_cov100_seed00000011_tiered_nt4,tiered,fast_gate,10,5,,,4,4,1,1452,1.0,0.0006882312456985547
c10_s05_cov100_seed00000011_tiered_nt4,tiered,fast_gate,10,5,,,4,5,0,811,,0.0
c10_s05_cov100_seed00000011_tiered_nt4,tiered,fast_gate,10,5,,,4,6,0,626,,0.0
c10_s05_cov100_seed00000011_tiered_nt4,tiered,fast_gate,10,5,,,4,7,0,254,,0.0
c10_s05_cov100_seed00000011_tiered_nt4,tiered,fast_gate,10,5,,,4,8,0,117,,0.0
c10_s05_cov100_seed00000011_tiered_nt4,tiered,fast_gate,10,5,,,4,9,0,15,,0.0
c10_s05_cov100_seed00000012_tiered_nt4,tiered,fast_gate,10,5,,,4,0,2419,0,1.0,1.0
c10_s05_cov100_seed00000012_tiered_nt4,tiered,fast_gate,10,5,,,4,1,618,1512,0.9983818770226537,0.2896713615023474
c10_s05_cov100_seed00000012_tiered_nt4,tiered,fast_gate,10,5,,,4,2,625,1419,1.0,0.30577299412915854
c10_s05_cov100_seed00000012_tiered_nt4,tiered,fast_gate,10,5,,,4,3,110,1467,1.0,0.06975269499048826
c10_s05_cov100_seed00000012_tiered_nt4,tiered,fast_gate,10,5,,,4,4,66,1194,1.0,0.05238095238095238
c10_s05_cov100_seed00000012_tiered_nt4,tiered,fast_gate,10,5,,,4,5,10,807,1.0,0.012239902080783354
c10_s05_cov100_seed00000012_tiered_nt4,tiered,fast_gate,10,5,,,4,6,0,495,,0.0
c10_s05_cov100_seed00000012_tiered_nt4,tiered,fast_gate,10,5,,,4,7,0,195,,0.0
c10_s05_cov100_seed00000012_tiered_nt4,tiered,fast_gate,10,5,,,4,8,0,52,,0.0
c10_s05_cov100_seed00000012_tiered_nt4,tiered,fast_gate,10,5,,,4,9,0,10,,0.0
c10_s05_cov100_seed00000012_tiered_nt4,tiered,fast_gate,10,5,,,4,10,0,1,,0.0
c10_s05_cov100_seed00000013_tiered_nt4,tiered,fast_gate,10,5,,,4,0,1381,0,1.0,1.0
c10_s05_cov100_seed00000013_tiered_nt4,tiered,fast_gate,10,5,,,4,1,867,407,1.0,0.6805337519623234
c10_s05_cov100_seed00000013_tiered_nt4,tiered,fast_gate,10,5,,,4,2,363,1672,0.9917355371900827,0.1769041769041769
c10_s05_cov100_seed00000013_tiered_nt4,tiered,fast_gate,10,5,,,4,3,104,1594,0.9519230769230769,0.05830388692579505
c10_s05_cov100_seed00000013_tiered_nt4,tiered,fast_gate,10,5,,,4,4,33,1844,0.9696969696969697,0.017048481619605753
c10_s05_cov100_seed00000013_tiered_nt4,tiered,fast_gate,10,5,,,4,5,17,1446,1.0,0.01161995898838004
c10_s05_cov100_seed00000013_tiered_nt4,tiered,fast_gate,10,5,,,4,6,1,876,1.0,0.0011402508551881414
c10_s05_cov100_seed00000013_tiered_nt4,tiered,fast_gate,10,5,,,4,7,0,310,,0.0
c10_s05_cov100_seed00000013_tiered_nt4,tiered,fast_gate,10,5,,,4,8,0,73,,0.0
c10_s05_cov100_seed00000013_tiered_nt4,tiered,fast_gate,10,5,,,4,9,0,12,,0.0
c10_s05_cov100_seed00000014_tiered_nt4,tiered,fast_gate,10,5,,,4,0,1863,0,1.0,1.0
c10_s05_cov100_seed00000014_tiered_nt4,tiered,fast_gate,10,5,,,4,1,846,1022,0.9988179669030733,0.45235546038543895
c10_s05_cov100_seed00000014_tiered_nt4,tiered,fast_gate,10,5,,,4,2,159,2166,1.0,0.06838709677419355
c10_s05_cov100_seed00000014_tiered_nt4,tiered,fast_gate,10,5,,,4,3,21,2006,1.0,0.010360138135175136
c10_s05_cov100_seed00000014_tiered_nt4,tiered,fast_gate,10,5,,,4,4,2,1659,1.0,0.0012040939193257074
c10_s05_cov100_seed00000014_tiered_nt4,tiered,fast_gate,10,5,,,4,5,0,850,,0.0
c10_s05_cov100_seed00000014_tiered_nt4,tiered,fast_gate,10,5,,,4,6,0,329,,0.0
c10_s05_cov100_seed00000014_tiered_nt4,tiered,fast_gate,10,5,,,4,7,0,70,,0.0
c10_s05_cov100_seed00000014_tiered_nt4,tiered,fast_gate,10,5,,,4,8,0,7,,0.0
c10_s05_cov100_seed00000015_tiered_nt4,tiered,fast_gate,10,5,,,4,0,2106,0,1.0,1.0
c10_s05_cov100_seed00000015_tiered_nt4,tiered,fast_gate,10,5,,,4,1,704,1017,1.0,0.40906449738524114
c10_s05_cov100_seed00000015_tiered_nt4,tiered,fast_gate,10,5,,,4,2,388,1776,1.0,0.17929759704251386
c10_s05_cov100_seed00000015_tiered_nt4,tiered,fast_gate,10,5,,,4,3,111,1523,0.9819819819819819,0.06670746634026928
c10_s05_cov100_seed00000015_tiered_nt4,tiered,fast_gate,10,5,,,4,4,20,1443,1.0,0.01367053998632946
c10_s05_cov100_seed00000015_tiered_nt4,tiered,fast_gate,10,5,,,4,5,2,879,1.0,0.0022701475595913734
c10_s05_cov100_seed00000015_tiered_nt4,tiered,fast_gate,10,5,,,4,6,1,601,1.0,0.0016611295681063123
c10_s05_cov100_seed00000015_tiered_nt4,tiered,fast_gate,10,5,,,4,7,0,314,,0.0
c10_s05_cov100_seed00000015_tiered_nt4,tiered,fast_gate,10,5,,,4,8,0,97,,0.0
c10_s05_cov100_seed00000015_tiered_nt4,tiered,fast_gate,10,5,,,4,9,0,18,,0.0
c10_s05_cov100_seed00000016_tiered_nt4,tiered,fast_gate,10,5,,,4,0,1714,0,1.0,1.0
c10_s05_cov100_seed00000016_tiered_nt4,tiered,fast_gate,10,5,,,4,1,1202,683,1.0,0.6376657824933687
c10_s05_cov100_seed00000016_tiered_nt4,tiered,fast_gate,10,5,,,4,2,557,1697,0.9964093357271095,0.24622892635314997
c10_s05_cov100_seed00000016_tiered_nt4,tiered,fast_gate,10,5,,,4,3,211,1687,0.990521327014218,0.1101159114857745
c10_s05_cov100_seed00000016_tiered_nt4,tiered,fast_gate,10,5,,,4,4,48,1543,0.9791666666666666,0.0295411690760528
c10_s05_cov100_seed00000016_tiered_nt4,tiered,fast_gate,10,5,,,4,5,4,988,1.0,0.004032258064516129
c10_s05_cov100_seed00000016_tiered_nt4,tiered,fast_gate,10,5,,,4,6,0,442,,0.0
c10_s05_cov100_seed00000016_tiered_nt4,tiered,fast_gate,10,5,,,4,7,0,165,,0.0
c10_s05_cov100_seed00000016_tiered_nt4,tiered,fast_gate,10,5,,,4,8,0,53,,0.0
c10_s05_cov100_seed00000016_tiered_nt4,tiered,fast_gate,10,5,,,4,9,0,6,,0.0
c10_s05_cov100_seed00000017_tiered_nt4,tiered,fast_gate,10,5,,,4,0,2144,0,0.9995335820895522,0.9995335820895522
c10_s05_cov100_seed00000017_tiered_nt4,tiered,fast_gate,10,5,,,4,1,1211,821,0.9834847233691164,0.5861220472440944
c10_s05_cov100_seed00000017_tiered_nt4,tiered,fast_gate,10,5,,,4,2,332,1919,0.9668674698795181,0.14260328742780987
c10_s05_cov100_seed00000017_tiered_nt4,tiered,fast_gate,10,5,,,4,3,86,1657,0.9186046511627907,0.045324153757888695
c10_s05_cov100_seed00000017_tiered_nt4,tiered,fast_gate,10,5,,,4,4,25,1419,0.96,0.01662049861495845
c10_s05_cov100_seed00000017_tiered_nt4,tiered,fast_gate,10,5,,,4,5,0,790,,0.0
c10_s05_cov100_seed00000017_tiered_nt4,tiered,fast_gate,10,5,,,4,6,0,408,,0.0
c10_s05_cov100_seed00000017_tiered_nt4,tiered,fast_gate,10,5,,,4,7,0,143,,0.0
c10_s05_cov100_seed00000017_tiered_nt4,tiered,fast_gate,10,5,,,4,8,0,41,,0.0
c10_s05_cov100_seed00000017_tiered_nt4,tiered,fast_gate,10,5,,,4,9,0,3,,0.0
c10_s05_cov100_seed00000017_tiered_nt4,tiered,fast_gate,10,5,,,4,10,0,1,,0.0
c10_s05_cov100_seed00000018_tiered_nt4,tiered,fast_gate,10,5,,,4,0,1818,0,0.9994499449944995,0.9994499449944995
c10_s05_cov100_seed00000018_tiered_nt4,tiered,fast_gate,10,5,,,4,1,872,957,1.0,0.476763258611263
c10_s05_cov100_seed00000018_tiered_nt4,tiered,fast_gate,10,5,,,4,2,210,2008,1.0,0.09467989179440937
c10_s05_cov100_seed00000018_tiered_nt4,tiered,fast_gate,10,5,,,4,3,41,1940,1.0,0.020696617869762745
c10_s05_cov100_seed00000018_tiered_nt4,tiered,fast_gate,10,5,,,4,4,9,1588,1.0,0.005635566687539136
c10_s05_cov100_seed00000018_tiered_nt4,tiered,fast_gate,10,5,,,4,5,0,944,,0.0
c10_s05_cov100_seed00000018_tiered_nt4,tiered,fast_gate,10,5,,,4,6,0,442,,0.0
c10_s05_cov100_seed00000018_tiered_nt4,tiered,fast_gate,10,5,,,4,7,0,149,,0.0
c10_s05_cov100_seed00000018_tiered_nt4,tiered,fast_gate,10,5,,,4,8,0,21,,0.0
c10_s05_cov100_seed00000018_tiered_nt4,tiered,fast_gate,10,5,,,4,9,0,1,,0.0
c10_s05_cov100_seed00000019_tiered_nt4,tiered,fast_gate,10,5,,,4,0,2342,0,1.0,1.0
c10_s05_cov100_seed00000019_tiered_nt4,tiered,fast_gate,10,5,,,4,1,791,1119,1.0,0.41413612565445024
c10_s05_cov100_seed00000019_tiered_nt4,tiered,fast_gate,10,5,,,4,2,360,1731,1.0,0.17216642754662842
c10_s05_cov100_seed00000019_tiered_nt4,tiered,fast_gate,10,5,,,4,3,72,1921,1.0,0.03612644254892122
c10_s05_cov100_seed00000019_tiered_nt4,tiered,fast_gate,10,5,,,4,4,3,1396,1.0,0.002144388849177984
c10_s05_cov100_seed00000019_tiered_nt4,tiered,fast_gate,10,5,,,4,5,0,802,,0.0
c10_s05_cov100_seed00000019_tiered_nt4,tiered,fast_gate,10,5,,,4,6,0,350,,0.0
c10_s05_cov100_seed00000019_tiered_nt4,tiered,fast_gate,10,5,,,4,7,0,97,,0.0
c10_s05_cov100_seed00000019_tiered_nt4,tiered,fast_gate,10,5,,,4,8,0,15,,0.0
c10_s05_cov100_seed00000019_tiered_nt4,tiered,fast_gate,10,5,,,4,9,0,1,,0.0
c10_s05_cov100_seed00000020_tiered_nt4,tiered,fast_gate,10,5,,,4,0,1826,0,1.0,1.0
c10_s05_cov100_seed00000020_tiered_nt4,tiered,fast_gate,10,5,,,4,1,796,999,1.0,0.4434540389972145
c10_s05_cov100_seed00000020_tiered_nt4,tiered,fast_gate,10,5,,,4,2,430,1397,0.9976744186046511,0.2348111658456486
c10_s05_cov100_seed00000020_tiered_nt4,tiered,fast_gate,10,5,,,4,3,148,1714,1.0,0.079484425349087
c10_s05_cov100_seed00000020_tiered_nt4,tiered,fast_gate,10,5,,,4,4,49,1517,0.9387755102040817,0.02937420178799489
c10_s05_cov100_seed00000020_tiered_nt4,tiered,fast_gate,10,5,,,4,5,10,1118,1.0,0.008865248226950355
c10_s05_cov100_seed00000020_tiered_nt4,tiered,fast_gate,10,5,,,4,6,1,618,1.0,0.0016155088852988692
c10_s05_cov100_seed00000020_tiered_nt4,tiered,fast_gate,10,5,,,4,7,0,269,,0.0
c10_s05_cov100_seed00000020_tiered_nt4,tiered,fast_gate,10,5,,,4,8,0,99,,0.0
c10_s05_cov100_seed00000020_tiered_nt4,tiered,fast_gate,10,5,,,4,9,0,9,,0.0
c10_s05_cov100_seed00000021_tiered_nt4,tiered,fast_gate,10,5,,,4,0,2408,0,1.0,1.0
c10_s05_cov100_seed00000021_tiered_nt4,tiered,fast_gate,10,5,,,4,1,790,1269,1.0,0.3836813987372511
c10_s05_cov100_seed00000021_tiered_nt4,tiered,fast_gate,10,5,,,4,2,145,2117,1.0,0.0641025641025641
c10_s05_cov100_seed00000021_tiered_nt4,tiered,fast_gate,10,5,,,4,3,15,1868,1.0,0.007966011683483803
c10_s05_cov100_seed00000021_tiered_nt4,tiered,fast_gate,10,5,,,4,4,0,1317,,0.0
c10_s05_cov100_seed00000021_tiered_nt4,tiered,fast_gate,10,5,,,4,5,0,743,,0.0
c10_s05_cov100_seed00000021_tiered_nt4,tiered,fast_gate,10,5,,,4,6,0,254,,0.0
c10_s05_cov100_seed00000021_tiered_nt4,tiered,fast_gate,10,5,,,4,7,0,68,,0.0
c10_s05_cov100_seed00000021_tiered_nt4,tiered,fast_gate,10,5,,,4,8,0,6,,0.0
c10_s05_cov100_seed00000022_tiered_nt4,tiered,fast_gate,10,5,,,4,0,2379,0,1.0,1.0
c10_s05_cov100_seed00000022_tiered_nt4,tiered,fast_gate,10,5,,,4,1,345,657,1.0,0.344311377245509
c10_s05_cov100_seed00000022_tiered_nt4,tiered,fast_gate,10,5,,,4,2,511,1641,1.0,0.237453531598513
c10_s05_cov100_seed00000022_tiered_nt4,tiered,fast_gate,10,5,,,4,3,142,2014,1.0,0.06586270871985157
c10_s05_cov100_seed00000022_tiered_nt4,tiered,fast_gate,10,5,,,4,4,12,1458,1.0,0.00816326530612245
c10_s05_cov100_seed00000022_tiered_nt4,tiered,fast_gate,10,5,,,4,5,0,1075,,0.0
c10_s05_cov100_seed00000022_tiered_nt4,tiered,fast_gate,10,5,,,4,6,0,564,,0.0
c10_s05_cov100_seed00000022_tiered_nt4,tiered,fast_gate,10,5,,,4,7,0,164,,0.0
c10_s05_cov100_seed00000022_tiered_nt4,tiered,fast_gate,10,5,,,4,8,0,33,,0.0
c10_s05_cov100_seed00000022_tiered_nt4,tiered,fast_gate,10,5,,,4,9,0,5,,0.0
c10_s05_cov100_seed00000023_tiered_nt4,tiered,fast_gate,10,5,,,4,0,2176,0,1.0,1.0
c10_s05_cov100_seed00000023_tiered_nt4,tiered,fast_gate,10,5,,,4,1,647,668,0.9984544049459042,0.49125475285171105
c10_s05_cov100_seed00000023_tiered_nt4,tiered,fast_gate,10,5,,,4,2,101,1853,1.0,0.05168884339815762
c10_s05_cov100_seed00000023_tiered_nt4,tiered,fast_gate,10,5,,,4,3,19,1869,1.0,0.010063559322033898
c10_s05_cov100_seed00000023_tiered_nt4,tiered,fast_gate,10,5,,,4,4,8,1499,1.0,0.0053085600530856005
c10_s05_cov100_seed00000023_tiered_nt4,tiered,fast_gate,10,5,,,4,5,2,1073,1.0,0.0018604651162790699
c10_s05_cov100_seed00000023_tiered_nt4,tiered,fast_gate,10,5,,,4,6,0,659,,0.0
c10_s05_cov100_seed00000023_tiered_nt4,tiered,fast_gate,10,5,,,4,7,0,295,,0.0
c10_s05_cov100_seed00000023_tiered_nt4,tiered,fast_gate,10,5,,,4,8,0,113,,0.0
c10_s05_cov100_seed00000023_tiered_nt4,tiered,fast_gate,10,5,,,4,9,0,16,,0.0
c10_s05_cov100_seed00000023_tiered_nt4,tiered,fast_gate,10,5,,,4,10,0,2,,0.0
c10_s05_cov100_seed00000024_tiered_nt4,tiered,fast_gate,10,5,,,4,0,2542,0,0.9996066089693155,0.9996066089693155
c10_s05_cov100_seed00000024_tiered_nt4,tiered,fast_gate,10,5,,,4,1,1157,1496,0.9991356957649092,0.43573313230305316
c10_s05_cov100_seed00000024_tiered_nt4,tiered,fast_gate,10,5,,,4,2,248,1849,0.9959677419354839,0.11778731521220792
c10_s05_cov100_seed00000024_tiered_nt4,tiered,fast_gate,10,5,,,4,3,15,1798,1.0,0.00827357970215113
c10_s05_cov100_seed00000024_tiered_nt4,tiered,fast_gate,10,5,,,4,4,0,1164,,0.0
c10_s05_cov100_seed00000024_tiered_nt4,tiered,fast_gate,10,5,,,4,5,0,575,,0.0
c10_s05_cov100_seed00000024_tiered_nt4,tiered,fast_gate,10,5,,,4,6,0,147,,0.0
c10_s05_cov100_seed00000024_tiered_nt4,tiered,fast_gate,10,5,,,4,7,0,9,,0.0
c10_s05_cov100_seed00000025_tiered_nt4,tiered,fast_gate,10,5,,,4,0,2760,0,0.9996376811594203,0.9996376811594203
c10_s05_cov100_seed00000025_tiered_nt4,tiered,fast_gate,10,5,,,4,1,1569,1041,1.0,0.6011494252873564
c10_s05_cov100_seed00000025_tiered_nt4,tiered,fast_gate,10,5,,,4,2,389,1552,1.0,0.20041215868109222
c10_s05_cov100_seed00000025_tiered_nt4,tiered,fast_gate,10,5,,,4,3,67,1223,1.0,0.05193798449612403
c10_s05_cov100_seed00000025_tiered_nt4,tiered,fast_gate,10,5,,,4,4,3,878,1.0,0.00340522133938706
c10_s05_cov100_seed00000025_tiered_nt4,tiered,fast_gate,10,5,,,4,5,0,720,,0.0
c10_s05_cov100_seed00000025_tiered_nt4,tiered,fast_gate,10,5,,,4,6,0,442,,0.0
c10_s05_cov100_seed00000025_tiered_nt4,tiered,fast_gate,10,5,,,4,7,0,232,,0.0
c10_s05_cov100_seed00000025_tiered_nt4,tiered,fast_gate,10,5,,,4,8,0,103,,0.0
c10_s05_cov100_seed00000025_tiered_nt4,tiered,fast_gate,10,5,,,4,9,0,19,,0.0
c10_s05_cov100_seed00000025_tiered_nt4,tiered,fast_gate,10,5,,,4,10,0,2,,0.0
c10_s05_cov100_seed00000026_tiered_nt4,tiered,fast_gate,10,5,,,4,0,2184,0,0.9990842490842491,0.9990842490842491
c10_s05_cov100_seed00000026_tiered_nt4,tiered,fast_gate,10,5,,,4,1,993,858,0.9889224572004028,0.5305240410588871
c10_s05_cov100_seed00000026_tiered_nt4,tiered,fast_gate,10,5,,,4,2,245,1814,0.9183673469387755,0.10927634774162215
c10_s05_cov100_seed00000026_tiered_nt4,tiered,fast_gate,10,5,,,4,3,78,1835,0.9102564102564102,0.037114479874542604
c10_s05_cov100_seed00000026_tiered_nt4,tiered,fast_gate,10,5,,,4,4,20,1452,0.95,0.012907608695652174
c10_s05_cov100_seed00000026_tiered_nt4,tiered,fast_gate,10,5,,,4,5,0,956,,0.0
c10_s05_cov100_seed00000026_tiered_nt4,tiered,fast_gate,10,5,,,4,6,0,390,,0.0
c10_s05_cov100_seed00000026_tiered_nt4,tiered,fast_gate,10,5,,,4,7,0,139,,0.0
c10_s05_cov100_seed00000026_tiered_nt4,tiered,fast_gate,10,5,,,4,8,0,32,,0.0
c10_s05_cov100_seed00000026_tiered_nt4,tiered,fast_gate,10,5,,,4,9,0,4,,0.0
c10_s05_cov100_seed00000027_tiered_nt4,tiered,fast_gate,10,5,,,4,0,2368,0,1.0,1.0
c10_s05_cov100_seed00000027_tiered_nt4,tiered,fast_gate,10,5,,,4,1,1082,528,0.9981515711645101,0.6708074534161491
c10_s05_cov100_seed00000027_tiered_nt4,tiered,fast_gate,10,5,,,4,2,266,1850,0.9962406015037594,0.12523629489603025
c10_s05_cov100_seed00000027_tiered_nt4,tiered,fast_gate,10,5,,,4,3,32,1866,0.96875,0.016332982086406742
c10_s05_cov100_seed00000027_tiered_nt4,tiered,fast_gate,10,5,,,4,4,4,1420,1.0,0.0028089887640449437
c10_s05_cov100_seed00000027_tiered_nt4,tiered,fast_gate,10,5,,,4,5,0,987,,0.0
c10_s05_cov100_seed00000027_tiered_nt4,tiered,fast_gate,10,5,,,4,6,0,412,,0.0
c10_s05_cov100_seed00000027_tiered_nt4,tiered,fast_gate,10,5,,,4,7,0,164,,0.0
c10_s05_cov100_seed00000027_tiered_nt4,tiered,fast_gate,10,5,,,4,8,0,20,,0.0
c10_s05_cov100_seed00000027_tiered_nt4,tiered,fast_gate,10,5,,,4,9,0,1,,0.0
c10_s05_cov100_seed00000028_tiered_nt4,tiered,fast_gate,10,5,,,4,0,1873,0,1.0,1.0
c10_s05_cov100_seed00000028_tiered_nt4,tiered,fast_gate,10,5,,,4,1,1071,822,0.9990662931839402,0.5652403592181722
c10_s05_cov100_seed00000028_tiered_nt4,tiered,fast_gate,10,5,,,4,2,233,1791,0.9957081545064378,0.11462450592885376
c10_s05_cov100_seed00000028_tiered_nt4,tiered,fast_gate,10,5,,,4,3,51,1805,1.0,0.02747844827586207
c10_s05_cov100_seed00000028_tiered_nt4,tiered,fast_gate,10,5,,,4,4,6,1619,1.0,0.0036923076923076922
c10_s05_cov100_seed00000028_tiered_nt4,tiered,fast_gate,10,5,,,4,5,0,951,,0.0
c10_s05_cov100_seed00000028_tiered_nt4,tiered,fast_gate,10,5,,,4,6,0,483,,0.0
c10_s05_cov100_seed00000028_tiered_nt4,tiered,fast_gate,10,5,,,4,7,0,213,,0.0
c10_s05_cov100_seed00000028_tiered_nt4,tiered,fast_gate,10,5,,,4,8,0,68,,0.0
c10_s05_cov100_seed00000028_tiered_nt4,tiered,fast_gate,10,5,,,4,9,0,14,,0.0
c10_s05_cov100_seed00000029_tiered_nt4,tiered,fast_gate,10,5,,,4,0,1605,0,1.0,1.0
c10_s05_cov100_seed00000029_tiered_nt4,tiered,fast_gate,10,5,,,4,1,702,900,0.9985754985754985,0.43757802746566793
c10_s05_cov100_seed00000029_tiered_nt4,tiered,fast_gate,10,5,,,4,2,142,1811,0.971830985915493,0.0706605222734255
c10_s05_cov100_seed00000029_tiered_nt4,tiered,fast_gate,10,5,,,4,3,41,1872,1.0,0.021432305279665446
c10_s05_cov100_seed00000029_tiered_nt4,tiered,fast_gate,10,5,,,4,4,8,1675,1.0,0.004753416518122401
c10_s05_cov100_seed00000029_tiered_nt4,tiered,fast_gate,10,5,,,4,5,2,1255,1.0,0.0015910898965791568
c10_s05_cov100_seed00000029_tiered_nt4,tiered,fast_gate,10,5,,,4,6,0,673,,0.0
c10_s05_cov100_seed00000029_tiered_nt4,tiered,fast_gate,10,5,,,4,7,0,255,,0.0
c10_s05_cov100_seed00000029_tiered_nt4,tiered,fast_gate,10,5,,,4,8,0,49,,0.0
c10_s05_cov100_seed00000029_tiered_nt4,tiered,fast_gate,10,5,,,4,9,0,9,,0.0
c10_s05_cov100_seed00000029_tiered_nt4,tiered,fast_gate,10,5,,,4,10,0,1,,0.0
c10_s05_cov100_seed00000030_tiered_nt4,tiered,fast_gate,10,5,,,4,0,2717,0,0.9992638940007361,0.9992638940007361
c10_s05_cov100_seed00000030_tiered_nt4,tiered,fast_gate,10,5,,,4,1,1005,1551,1.0,0.3931924882629108
c10_s05_cov100_seed00000030_tiered_nt4,tiered,fast_gate,10,5,,,4,2,142,1834,1.0,0.07186234817813765
c10_s05_cov100_seed00000030_tiered_nt4,tiered,fast_gate,10,5,,,4,3,9,1548,1.0,0.005780346820809248
c10_s05_cov100_seed00000030_tiered_nt4,tiered,fast_gate,10,5,,,4,4,0,1117,,0.0
c10_s05_cov100_seed00000030_tiered_nt4,tiered,fast_gate,10,5,,,4,5,0,656,,0.0
c10_s05_cov100_seed00000030_tiered_nt4,tiered,fast_gate,10,5,,,4,6,0,322,,0.0
c10_s05_cov100_seed00000030_tiered_nt4,tiered,fast_gate,10,5,,,4,7,0,85,,0.0
c10_s05_cov100_seed00000030_tiered_nt4,tiered,fast_gate,10,5,,,4,8,0,14,,0.0
c10_s05_cov100_seed00000031_tiered_nt4,tiered,fast_gate,10,5,,,4,0,2176,0,1.0,1.0
c10_s05_cov100_seed00000031_tiered_nt4,tiered,fast_gate,10,5,,,4,1,874,1132,0.9794050343249427,0.4267198404785643
c10_s05_cov100_seed00000031_tiered_nt4,tiered,fast_gate,10,5,,,4,2,184,1896,0.9239130434782609,0.08173076923076923
c10_s05_cov100_seed00000031_tiered_nt4,tiered,fast_gate,10,5,,,4,3,66,1730,0.8939393939393939,0.03285077951002227
c10_s05_cov100_seed00000031_tiered_nt4,tiered,fast_gate,10,5,,,4,4,11,1400,1.0,0.007795889440113395
c10_s05_cov100_seed00000031_tiered_nt4,tiered,fast_gate,10,5,,,4,5,1,867,1.0,0.001152073732718894
c10_s05_cov100_seed00000031_tiered_nt4,tiered,fast_gate,10,5,,,4,6,0,441,,0.0
c10_s05_cov100_seed00000031_tiered_nt4,tiered,fast_gate,10,5,,,4,7,0,170,,0.0
c10_s05_cov100_seed00000031_tiered_nt4,tiered,fast_gate,10,5,,,4,8,0,44,,0.0
c10_s05_cov100_seed00000031_tiered_nt4,tiered,fast_gate,10,5,,,4,9,0,8,,0.0
c10_s05_cov100_seed00000032_tiered_nt4,tiered,fast_gate,10,5,,,4,0,2278,0,1.0,1.0
c10_s05_cov100_seed00000032_tiered_nt4,tiered,fast_gate,10,5,,,4,1,1105,1142,0.9990950226244344,0.49132176234979974
c10_s05_cov100_seed00000032_tiered_nt4,tiered,fast_gate,10,5,,,4,2,259,1840,0.9806949806949807,0.12101000476417341
c10_s05_cov100_seed00000032_tiered_nt4,tiered,fast_gate,10,5,,,4,3,30,1917,0.9666666666666667,0.014894709809964048
c10_s05_cov100_seed00000032_tiered_nt4,tiered,fast_gate,10,5,,,4,4,1,1329,0.0,0.0
c10_s05_cov100_seed00000032_tiered_nt4,tiered,fast_gate,10,5,,,4,5,0,742,,0.0
c10_s05_cov100_seed00000032_tiered_nt4,tiered,fast_gate,10,5,,,4,6,0,288,,0.0
c10_s05_cov100_seed00000032_tiered_nt4,tiered,fast_gate,10,5,,,4,7,0,66,,0.0
c10_s05_cov100_seed00000032_tiered_nt4,tiered,fast_gate,10,5,,,4,8,0,3,,0.0
c10_s05_cov100_seed00000033_tiered_nt4,tiered,fast_gate,10,5,,,4,0,1907,0,1.0,1.0
c10_s05_cov100_seed00000033_tiered_nt4,tiered,fast_gate,10,5,,,4,1,995,967,0.9979899497487437,0.5061162079510704
c10_s05_cov100_seed00000033_tiered_nt4,tiered,fast_gate,10,5,,,4,2,433,1669,0.9976905311778291,0.2055185537583254
c10_s05_cov100_seed00000033_tiered_nt4,tiered,fast_gate,10,5,,,4,3,122,1918,0.9672131147540983,0.05784313725490196
c10_s05_cov100_seed00000033_tiered_nt4,tiered,fast_gate,10,5,,,4,4,29,1560,0.896551724137931,0.016362492133417242
c10_s05_cov100_seed00000033_tiered_nt4,tiered,fast_gate,10,5,,,4,5,1,953,1.0,0.0010482180293501049
c10_s05_cov100_seed00000033_tiered_nt4,tiered,fast_gate,10,5,,,4,6,0,356,,0.0
c10_s05_cov100_seed00000033_tiered_nt4,tiered,fast_gate,10,5,,,4,7,0,80,,0.0
c10_s05_cov100_seed00000033_tiered_nt4,tiered,fast_gate,10,5,,,4,8,0,8,,0.0
c10_s05_cov100_seed00000033_tiered_nt4,tiered,fast_gate,10,5,,,4,9,0,2,,0.0
c10_s05_cov100_seed00000034_tiered_nt4,tiered,fast_gate,10,5,,,4,0,2344,0,1.0,1.0
c10_s05_cov100_seed00000034_tiered_nt4,tiered,fast_gate,10,5,,,4,1,830,1249,1.0,0.3992303992303992
c10_s05_cov100_seed00000034_tiered_nt4,tiered,fast_gate,10,5,,,4,2,188,1710,1.0,0.09905163329820864
c10_s05_cov100_seed00000034_tiered_nt4,tiered,fast_gate,10,5,,,4,3,35,1788,1.0,0.019199122325836534
c10_s05_cov100_seed00000034_tiered_nt4,tiered,fast_gate,10,5,,,4,4,4,1336,1.0,0.0029850746268656717
c10_s05_cov100_seed00000034_tiered_nt4,tiered,fast_gate,10,5,,,4,5,0,937,,0.0
c10_s05_cov100_seed00000034_tiered_nt4,tiered,fast_gate,10,5,,,4,6,0,401,,0.0
c10_s05_cov100_seed00000034_tiered_nt4,tiered,fast_gate,10,5,,,4,7,0,142,,0.0
c10_s05_cov100_seed00000034_tiered_nt4,tiered,fast_gate,10,5,,,4,8,0,31,,0.0
c10_s05_cov100_seed00000034_tiered_nt4,tiered,fast_gate,10,5,,,4,9,0,5,,0.0
c10_s05_cov100_seed00000035_tiered_nt4,tiered,fast_gate,10,5,,,4,0,2573,0,1.0,1.0
c10_s05_cov100_seed00000035_tiered_nt4,tiered,fast_gate,10,5,,,4,1,998,1351,0.996993987975952,0.42358450404427417
c10_s05_cov100_seed00000035_tiered_nt4,tiered,fast_gate,10,5,,,4,2,120,1986,1.0,0.05698005698005698
c10_s05_cov100_seed00000035_tiered_nt4,tiered,fast_gate,10,5,,,4,3,16,1868,1.0,0.008492569002123142
c10_s05_cov100_seed00000035_tiered_nt4,tiered,fast_gate,10,5,,,4,4,1,1222,1.0,0.0008176614881439084
c10_s05_cov100_seed00000035_tiered_nt4,tiered,fast_gate,10,5,,,4,5,0,626,,0.0
c10_s05_cov100_seed00000035_tiered_nt4,tiered,fast_gate,10,5,,,4,6,0,203,,0.0
c10_s05_cov100_seed00000035_tiered_nt4,tiered,fast_gate,10,5,,,4,7,0,31,,0.0
c10_s05_cov100_seed00000035_tiered_nt4,tiered,fast_gate,10,5,,,4,8,0,5,,0.0
c10_s05_cov100_seed00000036_tiered_nt4,tiered,fast_gate,10,5,,,4,0,2681,0,1.0,1.0
c10_s05_cov100_seed00000036_tiered_nt4,tiered,fast_gate,10,5,,,4,1,1193,1544,0.9991617770326907,0.43551333576909024
c10_s05_cov100_seed00000036_tiered_nt4,tiered,fast_gate,10,5,,,4,2,184,1989,1.0,0.08467556373676945
c10_s05_cov100_seed00000036_tiered_nt4,tiered,fast_gate,10,5,,,4,3,12,1713,1.0,0.006956521739130435
c10_s05_cov100_seed00000036_tiered_nt4,tiered,fast_gate,10,5,,,4,4,0,1139,,0.0
c10_s05_cov100_seed00000036_tiered_nt4,tiered,fast_gate,10,5,,,4,5,0,426,,0.0
c10_s05_cov100_seed00000036_tiered_nt4,tiered,fast_gate,10,5,,,4,6,0,101,,0.0
c10_s05_cov100_seed00000036_tiered_nt4,tiered,fast_gate,10,5,,,4,7,0,18,,0.0
c10_s05_cov100_seed00000037_tiered_nt4,tiered,fast_gate,10,5,,,4,0,1838,0,1.0,1.0
c10_s05_cov100_seed00000037_tiered_nt4,tiered,fast_gate,10,5,,,4,1,477,773,0.9979035639412998,0.3808
c10_s05_cov100_seed00000037_tiered_nt4,tiered,fast_gate,10,5,,,4,2,382,1568,0.9973821989528796,0.19538461538461538
c10_s05_cov100_seed00000037_tiered_nt4,tiered,fast_gate,10,5,,,4,3,136,1747,1.0,0.07222517259691981
c10_s05_cov100_seed00000037_tiered_nt4,tiered,fast_gate,10,5,,,4,4,20,1825,1.0,0.01084010840108401
c10_s05_cov100_seed00000037_tiered_nt4,tiered,fast_gate,10,5,,,4,5,2,1326,1.0,0.0015060240963855422
c10_s05_cov100_seed00000037_tiered_nt4,tiered,fast_gate,10,5,,,4,6,0,695,,0.0
c10_s05_cov100_seed00000037_tiered_nt4,tiered,fast_gate,10,5,,,4,7,0,185,,0.0
c10_s05_cov100_seed00000037_tiered_nt4,tiered,fast_gate,10,5,,,4,8,0,25,,0.0
c10_s05_cov100_seed00000037_tiered_nt4,tiered,fast_gate,10,5,,,4,9,0,1,,0.0
c10_s05_cov100_seed00000038_tiered_nt4,tiered,fast_gate,10,5,,,4,0,2385,0,1.0,1.0
c10_s05_cov100_seed00000038_tiered_nt4,tiered,fast_gate,10,5,,,4,1,835,1271,0.9964071856287425,0.3950617283950617
c10_s05_cov100_seed00000038_tiered_nt4,tiered,fast_gate,10,5,,,4,2,440,1733,1.0,0.2024850437183617
c10_s05_cov100_seed00000038_tiered_nt4,tiered,fast_gate,10,5,,,4,3,130,1365,1.0,0.08695652173913043
c10_s05_cov100_seed00000038_tiered_nt4,tiered,fast_gate,10,5,,,4,4,14,1260,1.0,0.01098901098901099
c10_s05_cov100_seed00000038_tiered_nt4,tiered,fast_gate,10,5,,,4,5,0,837,,0.0
c10_s05_cov100_seed00000038_tiered_nt4,tiered,fast_gate,10,5,,,4,6,0,487,,0.0
c10_s05_cov100_seed00000038_tiered_nt4,tiered,fast_gate,10,5,,,4,7,0,188,,0.0
c10_s05_cov100_seed00000038_tiered_nt4,tiered,fast_gate,10,5,,,4,8,0,52,,0.0
c10_s05_cov100_seed00000038_tiered_nt4,tiered,fast_gate,10,5,,,4,9,0,3,,0.0
c10_s05_cov100_seed00000039_tiered_nt4,tiered,fast_gate,10,5,,,4,0,1575,0,1.0,1.0
c10_s05_cov100_seed00000039_tiered_nt4,tiered,fast_gate,10,5,,,4,1,924,760,0.9989177489177489,0.5480997624703088
c10_s05_cov100_seed00000039_tiered_nt4,tiered,fast_gate,10,5,,,4,2,386,1339,0.9974093264248705,0.22318840579710145
c10_s05_cov100_seed00000039_tiered_nt4,tiered,fast_gate,10,5,,,4,3,166,1593,0.9879518072289156,0.09323479249573621
c10_s05_cov100_seed00000039_tiered_nt4,tiered,fast_gate,10,5,,,4,4,65,1581,1.0,0.03948967193195626
c10_s05_cov100_seed00000039_tiered_nt4,tiered,fast_gate,10,5,,,4,5,22,1196,1.0,0.0180623973727422
c10_s05_cov100_seed00000039_tiered_nt4,tiered,fast_gate,10,5,,,4,6,6,798,1.0,0.007462686567164179
c10_s05_cov100_seed00000039_tiered_nt4,tiered,fast_gate,10,5,,,4,7,0,396,,0.0
c10_s05_cov100_seed00000039_tiered_nt4,tiered,fast_gate,10,5,,,4,8,0,152,,0.0
c10_s05_cov100_seed00000039_tiered_nt4,tiered,fast_gate,10,5,,,4,9,0,35,,0.0
c10_s05_cov100_seed00000039_tiered_nt4,tiered,fast_gate,10,5,,,4,10,0,6,,0.0
c10_s09_cov100_seed00000000_tiered_nt2,tiered,fast_gate,10,9,,,2,0,1357,0,0.9911569638909359,0.9911569638909359
c10_s09_cov100_seed00000000_tiered_nt2,tiered,fast_gate,10,9,,,2,1,909,327,1.0,0.7354368932038835
c10_s09_cov100_seed00000000_tiered_nt2,tiered,fast_gate,10,9,,,2,2,252,1940,1.0,0.11496350364963503
c10_s09_cov100_seed00000000_tiered_nt2,tiered,fast_gate,10,9,,,2,3,0,1948,,0.0
c10_s09_cov100_seed00000000_tiered_nt2,tiered,fast_gate,10,9,,,2,4,0,1920,,0.0
c10_s09_cov100_seed00000000_tiered_nt2,tiered,fast_gate,10,9,,,2,5,0,1390,,0.0
c10_s09_cov100_seed00000000_tiered_nt2,tiered,fast_gate,10,9,,,2,6,0,688,,0.0
c10_s09_cov100_seed00000000_tiered_nt2,tiered,fast_gate,10,9,,,2,7,0,225,,0.0
c10_s09_cov100_seed00000000_tiered_nt2,tiered,fast_gate,10,9,,,2,8,0,44,,0.0
c10_s09_cov100_seed00000001_tiered_nt2,tiered,fast_gate,10,9,,,2,0,1373,0,0.9912600145666424,0.9912600145666424
c10_s09_cov100_seed00000001_tiered_nt2,tiered,fast_gate,10,9,,,2,1,908,287,0.9966960352422908,0.7573221757322176
c10_s09_cov100_seed00000001_tiered_nt2,tiered,fast_gate,10,9,,,2,2,236,1922,1.0,0.10936051899907322
c10_s09_cov100_seed00000001_tiered_nt2,tiered,fast_gate,10,9,,,2,3,0,1929,,0.0
c10_s09_cov100_seed00000001_tiered_nt2,tiered,fast_gate,10,9,,,2,4,0,2050,,0.0
c10_s09_cov100_seed00000001_tiered_nt2,tiered,fast_gate,10,9,,,2,5,0,1384,,0.0
c10_s09_cov100_seed00000001_tiered_nt2,tiered,fast_gate,10,9,,,2,6,0,661,,0.0
c10_s09_cov100_seed00000001_tiered_nt2,tiered,fast_gate,10,9,,,2,7,0,216,,0.0
c10_s09_cov100_seed00000001_tiered_nt2,tiered,fast_gate,10,9,,,2,8,0,33,,0.0
c10_s09_cov100_seed00000001_tiered_nt2,tiered,fast_gate,10,9,,,2,9,0,1,,0.0
c10_s09_cov100_seed00000002_tiered_nt2,tiered,fast_gate,10,9,,,2,0,1400,0,0.9921428571428571,0.9921428571428571
c10_s09_cov100_seed00000002_tiered_nt2,tiered,fast_gate,10,9,,,2,1,914,297,0.9967177242888403,0.7522708505367465
c10_s09_cov100_seed00000002_tiered_nt2,tiered,fast_gate,10,9,,,2,2,241,1929,1.0,0.11105990783410138
c10_s09_cov100_seed00000002_tiered_nt2,tiered,fast_gate,10,9,,,2,3,0,1971,,0.0
c10_s09_cov100_seed00000002_tiered_nt2,tiered,fast_gate,10,9,,,2,4,0,1902,,0.0
c10_s09_cov100_seed00000002_tiered_nt2,tiered,fast_gate,10,9,,,2,5,0,1456,,0.0
c10_s09_cov100_seed00000002_tiered_nt2,tiered,fast_gate,10,9,,,2,6,0,640,,0.0
c10_s09_cov100_seed00000002_tiered_nt2,tiered,fast_gate,10,9,,,2,7,0,216,,0.0
c10_s09_cov100_seed00000002_tiered_nt2,tiered,fast_gate,10,9,,,2,8,0,34,,0.0
c10_s09_cov100_seed00000003_tiered_nt2,tiered,fast_gate,10,9,,,2,0,1383,0,0.9942154736080984,0.9942154736080984
c10_s09_cov100_seed00000003_tiered_nt2,tiered,fast_gate,10,9,,,2,1,892,277,0.9988789237668162,0.7621899059024807
c10_s09_cov100_seed00000003_tiered_nt2,tiered,fast_gate,10,9,,,2,2,217,1953,1.0,0.1
c10_s09_cov100_seed00000003_tiered_nt2,tiered,fast_gate,10,9,,,2,3,0,1916,,0.0
c10_s09_cov100_seed00000003_tiered_nt2,tiered,fast_gate,10,9,,,2,4,0,1952,,0.0
c10_s09_cov100_seed00000003_tiered_nt2,tiered,fast_gate,10,9,,,2,5,0,1437,,0.0
c10_s09_cov100_seed00000003_tiered_nt2,tiered,fast_gate,10,9,,,2,6,0,692,,0.0
c10_s09_cov100_seed00000003_tiered_nt2,tiered,fast_gate,10,9,,,2,7,0,228,,0.0
c10_s09_cov100_seed00000003_tiered_nt2,tiered,fast_gate,10,9,,,2,8,0,51,,0.0
c10_s09_cov100_seed00000003_tiered_nt2,tiered,fast_gate,10,9,,,2,9,0,2,,0.0
c10_s09_cov100_seed00000004_tiered_nt2,tiered,fast_gate,10,9,,,2,0,1382,0,0.992040520984081,0.992040520984081
c10_s09_cov100_seed00000004_tiered_nt2,tiered,fast_gate,10,9,,,2,1,912,311,0.9956140350877193,0.7424366312346689
c10_s09_cov100_seed00000004_tiered_nt2,tiered,fast_gate,10,9,,,2,2,244,1913,1.0,0.11312007417709782
c10_s09_cov100_seed00000004_tiered_nt2,tiered,fast_gate,10,9,,,2,3,0,1908,,0.0
c10_s09_cov100_seed00000004_tiered_nt2,tiered,fast_gate,10,9,,,2,4,0,2020,,0.0
c10_s09_cov100_seed00000004_tiered_nt2,tiered,fast_gate,10,9,,,2,5,0,1376,,0.0
c10_s09_cov100_seed00000004_tiered_nt2,tiered,fast_gate,10,9,,,2,6,0,652,,0.0
c10_s09_cov100_seed00000004_tiered_nt2,tiered,fast_gate,10,9,,,2,7,0,237,,0.0
c10_s09_cov100_seed00000004_tiered_nt2,tiered,fast_gate,10,9,,,2,8,0,44,,0.0
c10_s09_cov100_seed00000004_tiered_nt2,tiered,fast_gate,10,9,,,2,9,0,1,,0.0
c10_s09_cov100_seed00000005_tiered_nt2,tiered,fast_gate,10,9,,,2,0,1376,0,0.9963662790697675,0.9963662790697675
c10_s09_cov100_seed00000005_tiered_nt2,tiered,fast_gate,10,9,,,2,1,884,304,0.996606334841629,0.7415824915824916
c10_s09_cov100_seed00000005_tiered_nt2,tiered,fast_gate,10,9,,,2,2,210,1985,1.0,0.09567198177676538
c10_s09_cov100_seed00000005_tiered_nt2,tiered,fast_gate,10,9,,,2,3,0,2015,,0.0
c10_s09_cov100_seed00000005_tiered_nt2,tiered,fast_gate,10,9,,,2,4,0,1895,,0.0
c10_s09_cov100_seed00000005_tiered_nt2,tiered,fast_gate,10,9,,,2,5,0,1366,,0.0
c10_s09_cov100_seed00000005_tiered_nt2,tiered,fast_gate,10,9,,,2,6,0,662,,0.0
c10_s09_cov100_seed00000005_tiered_nt2,tiered,fast_gate,10,9,,,2,7,0,255,,0.0
c10_s09_cov100_seed00000005_tiered_nt2,tiered,fast_gate,10,9,,,2,8,0,47,,0.0
c10_s09_cov100_seed00000005_tiered_nt2,tiered,fast_gate,10,9,,,2,9,0,1,,0.0
c10_s09_cov100_seed00000006_tiered_nt2,tiered,fast_gate,10,9,,,2,0,1357,0,0.9904200442151806,0.9904200442151806
c10_s09_cov100_seed00000006_tiered_nt2,tiered,fast_gate,10,9,,,2,1,888,297,0.9954954954954955,0.7459915611814346
c10_s09_cov100_seed00000006_tiered_nt2,tiered,fast_gate,10,9,,,2,2,236,1999,1.0,0.10559284116331097
c10_s09_cov100_seed00000006_tiered_nt2,tiered,fast_gate,10,9,,,2,3,0,1938,,0.0
c10_s09_cov100_seed00000006_tiered_nt2,tiered,fast_gate,10,9,,,2,4,0,1970,,0.0
c10_s09_cov100_seed00000006_tiered_nt2,tiered,fast_gate,10,9,,,2,5,0,1342,,0.0
c10_s09_cov100_seed00000006_tiered_nt2,tiered,fast_gate,10,9,,,2,6,0,686,,0.0
c10_s09_cov100_seed00000006_tiered_nt2,tiered,fast_gate,10,9,,,2,7,0,245,,0.0
c10_s09_cov100_seed00000006_tiered_nt2,tiered,fast_gate,10,9,,,2,8,0,41,,0.0
c10_s09_cov100_seed00000006_tiered_nt2,tiered,fast_gate,10,9,,,2,9,0,1,,0.0
c10_s09_cov100_seed00000007_tiered_nt2,tiered,fast_gate,10,9,,,2,0,1371,0,0.9941648431801605,0.9941648431801605
c10_s09_cov100_seed00000007_tiered_nt2,tiered,fast_gate,10,9,,,2,1,897,308,0.9988851727982163,0.7435684647302905
c10_s09_cov100_seed00000007_tiered_nt2,tiered,fast_gate,10,9,,,2,2,238,1909,1.0,0.11085235211923615
c10_s09_cov100_seed00000007_tiered_nt2,tiered,fast_gate,10,9,,,2,3,0,1947,,0.0
c10_s09_cov100_seed00000007_tiered_nt2,tiered,fast_gate,10,9,,,2,4,0,1956,,0.0
c10_s09_cov100_seed00000007_tiered_nt2,tiered,fast_gate,10,9,,,2,5,0,1387,,0.0
c10_s09_cov100_seed00000007_tiered_nt2,tiered,fast_gate,10,9,,,2,6,0,698,,0.0
c10_s09_cov100_seed00000007_tiered_nt2,tiered,fast_gate,10,9,,,2,7,0,241,,0.0
c10_s09_cov100_seed00000007_tiered_nt2,tiered,fast_gate,10,9,,,2,8,0,48,,0.0
c10_s09_cov100_seed00000008_tiered_nt2,tiered,fast_gate,10,9,,,2,0,1386,0,0.9949494949494949,0.9949494949494949
c10_s09_cov100_seed00000008_tiered_nt2,tiered,fast_gate,10,9,,,2,1,894,325,0.9955257270693513,0.7301066447908121
c10_s09_cov100_seed00000008_tiered_nt2,tiered,fast_gate,10,9,,,2,2,222,1910,1.0,0.10412757973733583
c10_s09_cov100_seed00000008_tiered_nt2,tiered,fast_gate,10,9,,,2,3,0,1959,,0.0
c10_s09_cov100_seed00000008_tiered_nt2,tiered,fast_gate,10,9,,,2,4,0,1979,,0.0
c10_s09_cov100_seed00000008_tiered_nt2,tiered,fast_gate,10,9,,,2,5,0,1380,,0.0
c10_s09_cov100_seed00000008_tiered_nt2,tiered,fast_gate,10,9,,,2,6,0,665,,0.0
c10_s09_cov100_seed00000008_tiered_nt2,tiered,fast_gate,10,9,,,2,7,0,235,,0.0
c10_s09_cov100_seed00000008_tiered_nt2,tiered,fast_gate,10,9,,,2,8,0,45,,0.0
c10_s09_cov100_seed00000009_tiered_nt2,tiered,fast_gate,10,9,,,2,0,1382,0,0.9905933429811867,0.9905933429811867
c10_s09_cov100_seed00000009_tiered_nt2,tiered,fast_gate,10,9,,,2,1,928,297,0.9956896551724138,0.7542857142857143
c10_s09_cov100_seed00000009_tiered_nt2,tiered,fast_gate,10,9,,,2,2,243,1931,1.0,0.11177552897884084
c10_s09_cov100_seed00000009_tiered_nt2,tiered,fast_gate,10,9,,,2,3,0,1963,,0.0
c10_s09_cov100_seed00000009_tiered_nt2,tiered,fast_gate,10,9,,,2,4,0,1938,,0.0
c10_s09_cov100_seed00000009_tiered_nt2,tiered,fast_gate,10,9,,,2,5,0,1368,,0.0
c10_s09_cov100_seed00000009_tiered_nt2,tiered,fast_gate,10,9,,,2,6,0,671,,0.0
c10_s09_cov100_seed00000009_tiered_nt2,tiered,fast_gate,10,9,,,2,7,0,234,,0.0
c10_s09_cov100_seed00000009_tiered_nt2,tiered,fast_gate,10,9,,,2,8,0,44,,0.0
c10_s09_cov100_seed00000009_tiered_nt2,tiered,fast_gate,10,9,,,2,9,0,1,,0.0
c10_s09_cov100_seed00000010_tiered_nt2,tiered,fast_gate,10,9,,,2,0,1358,0,0.9941089837997055,0.9941089837997055
c10_s09_cov100_seed00000010_tiered_nt2,tiered,fast_gate,10,9,,,2,1,910,292,1.0,0.757071547420965
c10_s09_cov100_seed00000010_tiered_nt2,tiered,fast_gate,10,9,,,2,2,262,1998,1.0,0.11592920353982301
c10_s09_cov100_seed00000010_tiered_nt2,tiered,fast_gate,10,9,,,2,3,0,1937,,0.0
c10_s09_cov100_seed00000010_tiered_nt2,tiered,fast_gate,10,9,,,2,4,0,1900,,0.0
c10_s09_cov100_seed00000010_tiered_nt2,tiered,fast_gate,10,9,,,2,5,0,1413,,0.0
c10_s09_cov100_seed00000010_tiered_nt2,tiered,fast_gate,10,9,,,2,6,0,642,,0.0
c10_s09_cov100_seed00000010_tiered_nt2,tiered,fast_gate,10,9,,,2,7,0,244,,0.0
c10_s09_cov100_seed00000010_tiered_nt2,tiered,fast_gate,10,9,,,2,8,0,43,,0.0
c10_s09_cov100_seed00000010_tiered_nt2,tiered,fast_gate,10,9,,,2,9,0,1,,0.0
c10_s09_cov100_seed00000011_tiered_nt2,tiered,fast_gate,10,9,,,2,0,1376,0,0.9934593023255814,0.9934593023255814
c10_s09_cov100_seed00000011_tiered_nt2,tiered,fast_gate,10,9,,,2,1,893,287,1.0,0.7567796610169492
c10_s09_cov100_seed00000011_tiered_nt2,tiered,fast_gate,10,9,,,2,2,245,1998,1.0,0.10922871154703521
c10_s09_cov100_seed00000011_tiered_nt2,tiered,fast_gate,10,9,,,2,3,0,1938,,0.0
c10_s09_cov100_seed00000011_tiered_nt2,tiered,fast_gate,10,9,,,2,4,0,1953,,0.0
c10_s09_cov100_seed00000011_tiered_nt2,tiered,fast_gate,10,9,,,2,5,0,1381,,0.0
c10_s09_cov100_seed00000011_tiered_nt2,tiered,fast_gate,10,9,,,2,6,0,666,,0.0
c10_s09_cov100_seed00000011_tiered_nt2,tiered,fast_gate,10,9,,,2,7,0,232,,0.0
c10_s09_cov100_seed00000011_tiered_nt2,tiered,fast_gate,10,9,,,2,8,0,30,,0.0
c10_s09_cov100_seed00000011_tiered_nt2,tiered,fast_gate,10,9,,,2,9,0,1,,0.0
c10_s09_cov100_seed00000012_tiered_nt2,tiered,fast_gate,10,9,,,2,0,1384,0,0.9927745664739884,0.9927745664739884
c10_s09_cov100_seed00000012_tiered_nt2,tiered,fast_gate,10,9,,,2,1,911,304,0.9978046103183315,0.7481481481481481
c10_s09_cov100_seed00000012_tiered_nt2,tiered,fast_gate,10,9,,,2,2,237,1933,1.0,0.10921658986175115
c10_s09_cov100_seed00000012_tiered_nt2,tiered,fast_gate,10,9,,,2,3,0,1971,,0.0
c10_s09_cov100_seed00000012_tiered_nt2,tiered,fast_gate,10,9,,,2,4,0,1937,,0.0
c10_s09_cov100_seed00000012_tiered_nt2,tiered,fast_gate,10,9,,,2,5,0,1371,,0.0
c10_s09_cov100_seed00000012_tiered_nt2,tiered,fast_gate,10,9,,,2,6,0,669,,0.0
c10_s09_cov100_seed00000012_tiered_nt2,tiered,fast_gate,10,9,,,2,7,0,244,,0.0
c10_s09_cov100_seed00000012_tiered_nt2,tiered,fast_gate,10,9,,,2,8,0,38,,0.0
c10_s09_cov100_seed00000012_tiered_nt2,tiered,fast_gate,10,9,,,2,9,0,1,,0.0
c10_s09_cov100_seed00000013_tiered_nt2,tiered,fast_gate,10,9,,,2,0,1383,0,0.9927693420101229,0.9927693420101229
c10_s09_cov100_seed00000013_tiered_nt2,tiered,fast_gate,10,9,,,2,1,906,302,0.9955849889624724,0.7466887417218543
c10_s09_cov100_seed00000013_tiered_nt2,tiered,fast_gate,10,9,,,2,2,228,1939,1.0,0.10521458237194278
c10_s09_cov100_seed00000013_tiered_nt2,tiered,fast_gate,10,9,,,2,3,0,1960,,0.0
c10_s09_cov100_seed00000013_tiered_nt2,tiered,fast_gate,10,9,,,2,4,0,1972,,0.0
c10_s09_cov100_seed00000013_tiered_nt2,tiered,fast_gate,10,9,,,2,5,0,1376,,0.0
c10_s09_cov100_seed00000013_tiered_nt2,tiered,fast_gate,10,9,,,2,6,0,668,,0.0
c10_s09_cov100_seed00000013_tiered_nt2,tiered,fast_gate,10,9,,,2,7,0,219,,0.0
c10_s09_cov100_seed00000013_tiered_nt2,tiered,fast_gate,10,9,,,2,8,0,47,,0.0
c10_s09_cov100_seed00000014_tiered_nt2,tiered,fast_gate,10,9,,,2,0,1391,0,0.99137311286844,0.99137311286844
c10_s09_cov100_seed00000014_tiered_nt2,tiered,fast_gate,10,9,,,2,1,892,278,0.9977578475336323,0.7606837606837606
c10_s09_cov100_seed00000014_tiered_nt2,tiered,fast_gate,10,9,,,2,2,239,1931,1.0,0.11013824884792627
c10_s09_cov100_seed00000014_tiered_nt2,tiered,fast_gate,10,9,,,2,3,0,1936,,0.0
c10_s09_cov100_seed00000014_tiered_nt2,tiered,fast_gate,10,9,,,2,4,0,1974,,0.0
c10_s09_cov100_seed00000014_tiered_nt2,tiered,fast_gate,10,9,,,2,5,0,1399,,0.0
c10_s09_cov100_seed00000014_tiered_nt2,tiered,fast_gate,10,9,,,2,6,0,675,,0.0
c10_s09_cov100_seed00000014_tiered_nt2,tiered,fast_gate,10,9,,,2,7,0,243,,0.0
c10_s09_cov100_seed00000014_tiered_nt2,tiered,fast_gate,10,9,,,2,8,0,42,,0.0
c10_s09_cov100_seed00000015_tiered_nt2,tiered,fast_gate,10,9,,,2,0,1391,0,0.9920920201294033,0.9920920201294033
c10_s09_cov100_seed00000015_tiered_nt2,tiered,fast_gate,10,9,,,2,1,851,279,1.0,0.7530973451327434
c10_s09_cov100_seed00000015_tiered_nt2,tiered,fast_gate,10,9,,,2,2,232,1996,1.0,0.10412926391382406
c10_s09_cov100_seed00000015_tiered_nt2,tiered,fast_gate,10,9,,,2,3,0,1993,,0.0
c10_s09_cov100_seed00000015_tiered_nt2,tiered,fast_gate,10,9,,,2,4,0,1906,,0.0
c10_s09_cov100_seed00000015_tiered_nt2,tiered,fast_gate,10,9,,,2,5,0,1367,,0.0
c10_s09_cov100_seed00000015_tiered_nt2,tiered,fast_gate,10,9,,,2,6,0,696,,0.0
c10_s09_cov100_seed00000015_tiered_nt2,tiered,fast_gate,10,9,,,2,7,0,245,,0.0
c10_s09_cov100_seed00000015_tiered_nt2,tiered,fast_gate,10,9,,,2,8,0,44,,0.0
c10_s09_cov100_seed00000016_tiered_nt2,tiered,fast_gate,10,9,,,2,0,1404,0,0.9943019943019943,0.9943019943019943
c10_s09_cov100_seed00000016_tiered_nt2,tiered,fast_gate,10,9,,,2,1,882,299,0.9965986394557823,0.7442845046570703
c10_s09_cov100_seed00000016_tiered_nt2,tiered,fast_gate,10,9,,,2,2,233,1987,1.0,0.10495495495495495
c10_s09_cov100_seed00000016_tiered_nt2,tiered,fast_gate,10,9,,,2,3,0,1987,,0.0
c10_s09_cov100_seed00000016_tiered_nt2,tiered,fast_gate,10,9,,,2,4,0,1892,,0.0
c10_s09_cov100_seed00000016_tiered_nt2,tiered,fast_gate,10,9,,,2,5,0,1384,,0.0
c10_s09_cov100_seed00000016_tiered_nt2,tiered,fast_gate,10,9,,,2,6,0,630,,0.0
c10_s09_cov100_seed00000016_tiered_nt2,tiered,fast_gate,10,9,,,2,7,0,249,,0.0
c10_s09_cov100_seed00000016_tiered_nt2,tiered,fast_gate,10,9,,,2,8,0,53,,0.0
c10_s09_cov100_seed00000017_tiered_nt2,tiered,fast_gate,10,9,,,2,0,1337,0,0.994016454749439,0.994016454749439
c10_s09_cov100_seed00000017_tiered_nt2,tiered,fast_gate,10,9,,,2,1,882,299,0.9965986394557823,0.7442845046570703
c10_s09_cov100_seed00000017_tiered_nt2,tiered,fast_gate,10,9,,,2,2,240,1912,1.0,0.11152416356877323
c10_s09_cov100_seed00000017_tiered_nt2,tiered,fast_gate,10,9,,,2,3,0,1987,,0.0
c10_s09_cov100_seed00000017_tiered_nt2,tiered,fast_gate,10,9,,,2,4,0,1962,,0.0
c10_s09_cov100_seed00000017_tiered_nt2,tiered,fast_gate,10,9,,,2,5,0,1443,,0.0
c10_s09_cov100_seed00000017_tiered_nt2,tiered,fast_gate,10,9,,,2,6,0,650,,0.0
c10_s09_cov100_seed00000017_tiered_nt2,tiered,fast_gate,10,9,,,2,7,0,246,,0.0
c10_s09_cov100_seed00000017_tiered_nt2,tiered,fast_gate,10,9,,,2,8,0,42,,0.0
c10_s09_cov100_seed00000018_tiered_nt2,tiered,fast_gate,10,9,,,2,0,1382,0,0.9898697539797395,0.9898697539797395
c10_s09_cov100_seed00000018_tiered_nt2,tiered,fast_gate,10,9,,,2,1,920,288,1.0,0.7615894039735099
c10_s09_cov100_seed00000018_tiered_nt2,tiered,fast_gate,10,9,,,2,2,252,1947,1.0,0.1145975443383356
c10_s09_cov100_seed00000018_tiered_nt2,tiered,fast_gate,10,9,,,2,3,0,1944,,0.0
c10_s09_cov100_seed00000018_tiered_nt2,tiered,fast_gate,10,9,,,2,4,0,1937,,0.0
c10_s09_cov100_seed00000018_tiered_nt2,tiered,fast_gate,10,9,,,2,5,0,1350,,0.0
c10_s09_cov100_seed00000018_tiered_nt2,tiered,fast_gate,10,9,,,2,6,0,672,,0.0
c10_s09_cov100_seed00000018_tiered_nt2,tiered,fast_gate,10,9,,,2,7,0,267,,0.0
c10_s09_cov100_seed00000018_tiered_nt2,tiered,fast_gate,10,9,,,2,8,0,39,,0.0
c10_s09_cov100_seed00000018_tiered_nt2,tiered,fast_gate,10,9,,,2,9,0,2,,0.0
c10_s09_cov100_seed00000019_tiered_nt2,tiered,fast_gate,10,9,,,2,0,1383,0,0.9906001446131598,0.9906001446131598
c10_s09_cov100_seed00000019_tiered_nt2,tiered,fast_gate,10,9,,,2,1,897,306,1.0,0.7456359102244389
c10_s09_cov100_seed00000019_tiered_nt2,tiered,fast_gate,10,9,,,2,2,243,1944,1.0,0.1111111111111111
c10_s09_cov100_seed00000019_tiered_nt2,tiered,fast_gate,10,9,,,2,3,0,1956,,0.0
c10_s09_cov100_seed00000019_tiered_nt2,tiered,fast_gate,10,9,,,2,4,0,1908,,0.0
c10_s09_cov100_seed00000019_tiered_nt2,tiered,fast_gate,10,9,,,2,5,0,1401,,0.0
c10_s09_cov100_seed00000019_tiered_nt2,tiered,fast_gate,10,9,,,2,6,0,663,,0.0
c10_s09_cov100_seed00000019_tiered_nt2,tiered,fast_gate,10,9,,,2,7,0,252,,0.0
c10_s09_cov100_seed00000019_tiered_nt2,tiered,fast_gate,10,9,,,2,8,0,45,,0.0
c10_s09_cov100_seed00000019_tiered_nt2,tiered,fast_gate,10,9,,,2,9,0,2,,0.0
c10_s09_cov100_seed00000020_tiered_nt2,tiered,fast_gate,10,9,,,2,0,1359,0,0.9911699779249448,0.9911699779249448
c10_s09_cov100_seed00000020_tiered_nt2,tiered,fast_gate,10,9,,,2,1,936,307,0.9978632478632479,0.7514078841512469
c10_s09_cov100_seed00000020_tiered_nt2,tiered,fast_gate,10,9,,,2,2,240,1920,1.0,0.1111111111111111
c10_s09_cov100_seed00000020_tiered_nt2,tiered,fast_gate,10,9,,,2,3,0,1896,,0.0
c10_s09_cov100_seed00000020_tiered_nt2,tiered,fast_gate,10,9,,,2,4,0,1970,,0.0
c10_s09_cov100_seed00000020_tiered_nt2,tiered,fast_gate,10,9,,,2,5,0,1385,,0.0
c10_s09_cov100_seed00000020_tiered_nt2,tiered,fast_gate,10,9,,,2,6,0,675,,0.0
c10_s09_cov100_seed00000020_tiered_nt2,tiered,fast_gate,10,9,,,2,7,0,259,,0.0
c10_s09_cov100_seed00000020_tiered_nt2,tiered,fast_gate,10,9,,,2,8,0,52,,0.0
c10_s09_cov100_seed00000020_tiered_nt2,tiered,fast_gate,10,9,,,2,9,0,1,,0.0
c10_s09_cov100_seed00000021_tiered_nt2,tiered,fast_gate,10,9,,,2,0,1378,0,0.9912917271407837,0.9912917271407837
c10_s09_cov100_seed00000021_tiered_nt2,tiered,fast_gate,10,9,,,2,1,889,296,0.9943757030371203,0.7459915611814346
c10_s09_cov100_seed00000021_tiered_nt2,tiered,fast_gate,10,9,,,2,2,248,1931,1.0,0.11381367599816429
c10_s09_cov100_seed00000021_tiered_nt2,tiered,fast_gate,10,9,,,2,3,0,1966,,0.0
c10_s09_cov100_seed00000021_tiered_nt2,tiered,fast_gate,10,9,,,2,4,0,1951,,0.0
c10_s09_cov100_seed00000021_tiered_nt2,tiered,fast_gate,10,9,,,2,5,0,1407,,0.0
c10_s09_cov100_seed00000021_tiered_nt2,tiered,fast_gate,10,9,,,2,6,0,631,,0.0
c10_s09_cov100_seed00000021_tiered_nt2,tiered,fast_gate,10,9,,,2,7,0,271,,0.0
c10_s09_cov100_seed00000021_tiered_nt2,tiered,fast_gate,10,9,,,2,8,0,32,,0.0
c10_s09_cov100_seed00000022_tiered_nt2,tiered,fast_gate,10,9,,,2,0,1371,0,0.9927060539752006,0.9927060539752006
c10_s09_cov100_seed00000022_tiered_nt2,tiered,fast_gate,10,9,,,2,1,920,305,0.9978260869565218,0.7493877551020408
c10_s09_cov100_seed00000022_tiered_nt2,tiered,fast_gate,10,9,,,2,2,239,1959,1.0,0.10873521383075523
c10_s09_cov100_seed00000022_tiered_nt2,tiered,fast_gate,10,9,,,2,3,0,1882,,0.0
c10_s09_cov100_seed00000022_tiered_nt2,tiered,fast_gate,10,9,,,2,4,0,1928,,0.0
c10_s09_cov100_seed00000022_tiered_nt2,tiered,fast_gate,10,9,,,2,5,0,1420,,0.0
c10_s09_cov100_seed00000022_tiered_nt2,tiered,fast_gate,10,9,,,2,6,0,689,,0.0
c10_s09_cov100_seed00000022_tiered_nt2,tiered,fast_gate,10,9,,,2,7,0,240,,0.0
c10_s09_cov100_seed00000022_tiered_nt2,tiered,fast_gate,10,9,,,2,8,0,46,,0.0
c10_s09_cov100_seed00000022_tiered_nt2,tiered,fast_gate,10,9,,,2,9,0,1,,0.0
c10_s09_cov100_seed00000023_tiered_nt2,tiered,fast_gate,10,9,,,2,0,1378,0,0.9920174165457184,0.9920174165457184
c10_s09_cov100_seed00000023_tiered_nt2,tiered,fast_gate,10,9,,,2,1,908,297,1.0,0.7535269709543568
c10_s09_cov100_seed00000023_tiered_nt2,tiered,fast_gate,10,9,,,2,2,251,1914,1.0,0.11593533487297922
c10_s09_cov100_seed00000023_tiered_nt2,tiered,fast_gate,10,9,,,2,3,0,1986,,0.0
c10_s09_cov100_seed00000023_tiered_nt2,tiered,fast_gate,10,9,,,2,4,0,1910,,0.0
c10_s09_cov100_seed00000023_tiered_nt2,tiered,fast_gate,10,9,,,2,5,0,1383,,0.0
c10_s09_cov100_seed00000023_tiered_nt2,tiered,fast_gate,10,9,,,2,6,0,669,,0.0
c10_s09_cov100_seed00000023_tiered_nt2,tiered,fast_gate,10,9,,,2,7,0,253,,0.0
c10_s09_cov100_seed00000023_tiered_nt2,tiered,fast_gate,10,9,,,2,8,0,48,,0.0
c10_s09_cov100_seed00000023_tiered_nt2,tiered,fast_gate,10,9,,,2,9,0,3,,0.0
c10_s09_cov100_seed00000024_tiered_nt2,tiered,fast_gate,10,9,,,2,0,1393,0,0.9928212491026561,0.9928212491026561
c10_s09_cov100_seed00000024_tiered_nt2,tiered,fast_gate,10,9,,,2,1,895,345,0.9955307262569832,0.7185483870967742
c10_s09_cov100_seed00000024_tiered_nt2,tiered,fast_gate,10,9,,,2,2,245,1906,1.0,0.11390051139005114
c10_s09_cov100_seed00000024_tiered_nt2,tiered,fast_gate,10,9,,,2,3,0,1944,,0.0
c10_s09_cov100_seed00000024_tiered_nt2,tiered,fast_gate,10,9,,,2,4,0,1908,,0.0
c10_s09_cov100_seed00000024_tiered_nt2,tiered,fast_gate,10,9,,,2,5,0,1455,,0.0
c10_s09_cov100_seed00000024_tiered_nt2,tiered,fast_gate,10,9,,,2,6,0,618,,0.0
c10_s09_cov100_seed00000024_tiered_nt2,tiered,fast_gate,10,9,,,2,7,0,247,,0.0
c10_s09_cov100_seed00000024_tiered_nt2,tiered,fast_gate,10,9,,,2,8,0,43,,0.0
c10_s09_cov100_seed00000024_tiered_nt2,tiered,fast_gate,10,9,,,2,9,0,1,,0.0
c10_s09_cov100_seed00000025_tiered_nt2,tiered,fast_gate,10,9,,,2,0,1367,0,0.9897585954645208,0.9897585954645208
c10_s09_cov100_seed00000025_tiered_nt2,tiered,fast_gate,10,9,,,2,1,886,320,0.9988713318284425,0.7338308457711443
c10_s09_cov100_seed00000025_tiered_nt2,tiered,fast_gate,10,9,,,2,2,220,1997,1.0,0.09923319801533605
c10_s09_cov100_seed00000025_tiered_nt2,tiered,fast_gate,10,9,,,2,3,0,2006,,0.0
c10_s09_cov100_seed00000025_tiered_nt2,tiered,fast_gate,10,9,,,2,4,0,1911,,0.0
c10_s09_cov100_seed00000025_tiered_nt2,tiered,fast_gate,10,9,,,2,5,0,1420,,0.0
c10_s09_cov100_seed00000025_tiered_nt2,tiered,fast_gate,10,9,,,2,6,0,600,,0.0
c10_s09_cov100_seed00000025_tiered_nt2,tiered,fast_gate,10,9,,,2,7,0,226,,0.0
c10_s09_cov100_seed00000025_tiered_nt2,tiered,fast_gate,10,9,,,2,8,0,45,,0.0
c10_s09_cov100_seed00000025_tiered_nt2,tiered,fast_gate,10,9,,,2,9,0,2,,0.0
c10_s09_cov100_seed00000026_tiered_nt2,tiered,fast_gate,10,9,,,2,0,1377,0,0.9970951343500363,0.9970951343500363
c10_s09_cov100_seed00000026_tiered_nt2,tiered,fast_gate,10,9,,,2,1,876,305,0.9988584474885844,0.7408975444538527
c10_s09_cov100_seed00000026_tiered_nt2,tiered,fast_gate,10,9,,,2,2,235,1990,1.0,0.10561797752808989
c10_s09_cov100_seed00000026_tiered_nt2,tiered,fast_gate,10,9,,,2,3,0,1881,,0.0
c10_s09_cov100_seed00000026_tiered_nt2,tiered,fast_gate,10,9,,,2,4,0,1958,,0.0
c10_s09_cov100_seed00000026_tiered_nt2,tiered,fast_gate,10,9,,,2,5,0,1417,,0.0
c10_s09_cov100_seed00000026_tiered_nt2,tiered,fast_gate,10,9,,,2,6,0,668,,0.0
c10_s09_cov100_seed00000026_tiered_nt2,tiered,fast_gate,10,9,,,2,7,0,246,,0.0
c10_s09_cov100_seed00000026_tiered_nt2,tiered,fast_gate,10,9,,,2,8,0,47,,0.0
c10_s09_cov100_seed00000027_tiered_nt2,tiered,fast_gate,10,9,,,2,0,1377,0,0.9934640522875817,0.9934640522875817
c10_s09_cov100_seed00000027_tiered_nt2,tiered,fast_gate,10,9,,,2,1,861,332,0.9965156794425087,0.719195305951383
c10_s09_cov100_seed00000027_tiered_nt2,tiered,fast_gate,10,9,,,2,2,241,1953,1.0,0.10984503190519598
c10_s09_cov100_seed00000027_tiered_nt2,tiered,fast_gate,10,9,,,2,3,0,1926,,0.0
c10_s09_cov100_seed00000027_tiered_nt2,tiered,fast_gate,10,9,,,2,4,0,1903,,0.0
c10_s09_cov100_seed00000027_tiered_nt2,tiered,fast_gate,10,9,,,2,5,0,1428,,0.0
c10_s09_cov100_seed00000027_tiered_nt2,tiered,fast_gate,10,9,,,2,6,0,721,,0.0
c10_s09_cov100_seed00000027_tiered_nt2,tiered,fast_gate,10,9,,,2,7,0,222,,0.0
c10_s09_cov100_seed00000027_tiered_nt2,tiered,fast_gate,10,9,,,2,8,0,35,,0.0
c10_s09_cov100_seed00000027_tiered_nt2,tiered,fast_gate,10,9,,,2,9,0,1,,0.0
c10_s09_cov100_seed00000028_tiered_nt2,tiered,fast_gate,10,9,,,2,0,1347,0,0.9970304380103935,0.9970304380103935
c10_s09_cov100_seed00000028_tiered_nt2,tiered,fast_gate,10,9,,,2,1,906,331,0.9966887417218543,0.7299919159256265
c10_s09_cov100_seed00000028_tiered_nt2,tiered,fast_gate,10,9,,,2,2,209,1954,1.0,0.09662505779010633
c10_s09_cov100_seed00000028_tiered_nt2,tiered,fast_gate,10,9,,,2,3,0,2000,,0.0
c10_s09_cov100_seed00000028_tiered_nt2,tiered,fast_gate,10,9,,,2,4,0,1904,,0.0
c10_s09_cov100_seed00000028_tiered_nt2,tiered,fast_gate,10,9,,,2,5,0,1395,,0.0
c10_s09_cov100_seed00000028_tiered_nt2,tiered,fast_gate,10,9,,,2,6,0,683,,0.0
c10_s09_cov100_seed00000028_tiered_nt2,tiered,fast_gate,10,9,,,2,7,0,222,,0.0
c10_s09_cov100_seed00000028_tiered_nt2,tiered,fast_gate,10,9,,,2,8,0,48,,0.0
c10_s09_cov100_seed00000028_tiered_nt2,tiered,fast_gate,10,9,,,2,9,0,1,,0.0
c10_s09_cov100_seed00000029_tiered_nt2,tiered,fast_gate,10,9,,,2,0,1362,0,0.9904552129221733,0.9904552129221733
c10_s09_cov100_seed00000029_tiered_nt2,tiered,fast_gate,10,9,,,2,1,861,296,0.991869918699187,0.7381158167675022
c10_s09_cov100_seed00000029_tiered_nt2,tiered,fast_gate,10,9,,,2,2,243,1995,1.0,0.10857908847184987
c10_s09_cov100_seed00000029_tiered_nt2,tiered,fast_gate,10,9,,,2,3,0,2008,,0.0
c10_s09_cov100_seed00000029_tiered_nt2,tiered,fast_gate,10,9,,,2,4,0,1882,,0.0
c10_s09_cov100_seed00000029_tiered_nt2,tiered,fast_gate,10,9,,,2,5,0,1388,,0.0
c10_s09_cov100_seed00000029_tiered_nt2,tiered,fast_gate,10,9,,,2,6,0,705,,0.0
c10_s09_cov100_seed00000029_tiered_nt2,tiered,fast_gate,10,9,,,2,7,0,222,,0.0
c10_s09_cov100_seed00000029_tiered_nt2,tiered,fast_gate,10,9,,,2,8,0,37,,0.0
c10_s09_cov100_seed00000029_tiered_nt2,tiered,fast_gate,10,9,,,2,9,0,1,,0.0
c10_s09_cov100_seed00000030_tiered_nt2,tiered,fast_gate,10,9,,,2,0,1368,0,0.9941520467836257,0.9941520467836257
c10_s09_cov100_seed00000030_tiered_nt2,tiered,fast_gate,10,9,,,2,1,858,331,0.9976689976689976,0.719932716568545
c10_s09_cov100_seed00000030_tiered_nt2,tiered,fast_gate,10,9,,,2,2,194,2014,1.0,0.08786231884057971
c10_s09_cov100_seed00000030_tiered_nt2,tiered,fast_gate,10,9,,,2,3,0,1971,,0.0
c10_s09_cov100_seed00000030_tiered_nt2,tiered,fast_gate,10,9,,,2,4,0,1911,,0.0
c10_s09_cov100_seed00000030_tiered_nt2,tiered,fast_gate,10,9,,,2,5,0,1387,,0.0
c10_s09_cov100_seed00000030_tiered_nt2,tiered,fast_gate,10,9,,,2,6,0,686,,0.0
c10_s09_cov100_seed00000030_tiered_nt2,tiered,fast_gate,10,9,,,2,7,0,237,,0.0
c10_s09_cov100_seed00000030_tiered_nt2,tiered,fast_gate,10,9,,,2,8,0,43,,0.0
c10_s09_cov100_seed00000031_tiered_nt2,tiered,fast_gate,10,9,,,2,0,1351,0,0.9940784603997039,0.9940784603997039
c10_s09_cov100_seed00000031_tiered_nt2,tiered,fast_gate,10,9,,,2,1,912,318,0.9978070175438597,0.7398373983739838
c10_s09_cov100_seed00000031_tiered_nt2,tiered,fast_gate,10,9,,,2,2,258,1923,1.0,0.11829436038514443
c10_s09_cov100_seed00000031_tiered_nt2,tiered,fast_gate,10,9,,,2,3,0,1961,,0.0
c10_s09_cov100_seed00000031_tiered_nt2,tiered,fast_gate,10,9,,,2,4,0,1951,,0.0
c10_s09_cov100_seed00000031_tiered_nt2,tiered,fast_gate,10,9,,,2,5,0,1415,,0.0
c10_s09_cov100_seed00000031_tiered_nt2,tiered,fast_gate,10,9,,,2,6,0,640,,0.0
c10_s09_cov100_seed00000031_tiered_nt2,tiered,fast_gate,10,9,,,2,7,0,234,,0.0
c10_s09_cov100_seed00000031_tiered_nt2,tiered,fast_gate,10,9,,,2,8,0,36,,0.0
c10_s09_cov100_seed00000031_tiered_nt2,tiered,fast_gate,10,9,,,2,9,0,1,,0.0
c10_s09_cov100_seed00000032_tiered_nt2,tiered,fast_gate,10,9,,,2,0,1367,0,0.9934162399414777,0.9934162399414777
c10_s09_cov100_seed00000032_tiered_nt2,tiered,fast_gate,10,9,,,2,1,891,251,0.9977553310886644,0.7784588441330998
c10_s09_cov100_seed00000032_tiered_nt2,tiered,fast_gate,10,9,,,2,2,219,1998,1.0,0.09878213802435724
c10_s09_cov100_seed00000032_tiered_nt2,tiered,fast_gate,10,9,,,2,3,0,1993,,0.0
c10_s09_cov100_seed00000032_tiered_nt2,tiered,fast_gate,10,9,,,2,4,0,1964,,0.0
c10_s09_cov100_seed00000032_tiered_nt2,tiered,fast_gate,10,9,,,2,5,0,1382,,0.0
c10_s09_cov100_seed00000032_tiered_nt2,tiered,fast_gate,10,9,,,2,6,0,689,,0.0
c10_s09_cov100_seed00000032_tiered_nt2,tiered,fast_gate,10,9,,,2,7,0,210,,0.0
c10_s09_cov100_seed00000032_tiered_nt2,tiered,fast_gate,10,9,,,2,8,0,34,,0.0
c10_s09_cov100_seed00000032_tiered_nt2,tiered,fast_gate,10,9,,,2,9,0,2,,0.0
c10_s09_cov100_seed00000033_tiered_nt2,tiered,fast_gate,10,9,,,2,0,1377,0,0.9927378358750908,0.9927378358750908
c10_s09_cov100_seed00000033_tiered_nt2,tiered,fast_gate,10,9,,,2,1,936,324,0.9978632478632479,0.7412698412698413
c10_s09_cov100_seed00000033_tiered_nt2,tiered,fast_gate,10,9,,,2,2,227,1944,1.0,0.1045601105481345
c10_s09_cov100_seed00000033_tiered_nt2,tiered,fast_gate,10,9,,,2,3,0,1966,,0.0
c10_s09_cov100_seed00000033_tiered_nt2,tiered,fast_gate,10,9,,,2,4,0,1913,,0.0
c10_s09_cov100_seed00000033_tiered_nt2,tiered,fast_gate,10,9,,,2,5,0,1340,,0.0
c10_s09_cov100_seed00000033_tiered_nt2,tiered,fast_gate,10,9,,,2,6,0,674,,0.0
c10_s09_cov100_seed00000033_tiered_nt2,tiered,fast_gate,10,9,,,2,7,0,258,,0.0
c10_s09_cov100_seed00000033_tiered_nt2,tiered,fast_gate,10,9,,,2,8,0,41,,0.0
c10_s09_cov100_seed00000034_tiered_nt2,tiered,fast_gate,10,9,,,2,0,1367,0,0.9934162399414777,0.9934162399414777
c10_s09_cov100_seed00000034_tiered_nt2,tiered,fast_gate,10,9,,,2,1,882,280,1.0,0.7590361445783133
c10_s09_cov100_seed00000034_tiered_nt2,tiered,fast_gate,10,9,,,2,2,220,2053,1.0,0.09678838539375274
c10_s09_cov100_seed00000034_tiered_nt2,tiered,fast_gate,10,9,,,2,3,0,1973,,0.0
c10_s09_cov100_seed00000034_tiered_nt2,tiered,fast_gate,10,9,,,2,4,0,1963,,0.0
c10_s09_cov100_seed00000034_tiered_nt2,tiered,fast_gate,10,9,,,2,5,0,1377,,0.0
c10_s09_cov100_seed00000034_tiered_nt2,tiered,fast_gate,10,9,,,2,6,0,616,,0.0
c10_s09_cov100_seed00000034_tiered_nt2,tiered,fast_gate,10,9,,,2,7,0,221,,0.0
c10_s09_cov100_seed00000034_tiered_nt2,tiered,fast_gate,10,9,,,2,8,0,47,,0.0
c10_s09_cov100_seed00000034_tiered_nt2,tiered,fast_gate,10,9,,,2,9,0,1,,0.0
c10_s09_cov100_seed00000035_tiered_nt2,tiered,fast_gate,10,9,,,2,0,1377,0,0.9963689179375453,0.9963689179375453
c10_s09_cov100_seed00000035_tiered_nt2,tiered,fast_gate,10,9,,,2,1,873,289,0.9965635738831615,0.7487091222030982
c10_s09_cov100_seed00000035_tiered_nt2,tiered,fast_gate,10,9,,,2,2,203,1917,1.0,0.09575471698113208
c10_s09_cov100_seed00000035_tiered_nt2,tiered,fast_gate,10,9,,,2,3,0,1957,,0.0
c10_s09_cov100_seed00000035_tiered_nt2,tiered,fast_gate,10,9,,,2,4,0,2022,,0.0
c10_s09_cov100_seed00000035_tiered_nt2,tiered,fast_gate,10,9,,,2,5,0,1409,,0.0
c10_s09_cov100_seed00000035_tiered_nt2,tiered,fast_gate,10,9,,,2,6,0,671,,0.0
c10_s09_cov100_seed00000035_tiered_nt2,tiered,fast_gate,10,9,,,2,7,0,249,,0.0
c10_s09_cov100_seed00000035_tiered_nt2,tiered,fast_gate,10,9,,,2,8,0,32,,0.0
c10_s09_cov100_seed00000035_tiered_nt2,tiered,fast_gate,10,9,,,2,9,0,1,,0.0
c10_s09_cov100_seed00000036_tiered_nt2,tiered,fast_gate,10,9,,,2,0,1345,0,0.9940520446096655,0.9940520446096655
c10_s09_cov100_seed00000036_tiered_nt2,tiered,fast_gate,10,9,,,2,1,926,280,0.9989200863930886,0.7669983416252073
c10_s09_cov100_seed00000036_tiered_nt2,tiered,fast_gate,10,9,,,2,2,250,1933,1.0,0.11452130096197893
c10_s09_cov100_seed00000036_tiered_nt2,tiered,fast_gate,10,9,,,2,3,0,1963,,0.0
c10_s09_cov100_seed00000036_tiered_nt2,tiered,fast_gate,10,9,,,2,4,0,1935,,0.0
c10_s09_cov100_seed00000036_tiered_nt2,tiered,fast_gate,10,9,,,2,5,0,1412,,0.0
c10_s09_cov100_seed00000036_tiered_nt2,tiered,fast_gate,10,9,,,2,6,0,681,,0.0
c10_s09_cov100_seed00000036_tiered_nt2,tiered,fast_gate,10,9,,,2,7,0,230,,0.0
c10_s09_cov100_seed00000036_tiered_nt2,tiered,fast_gate,10,9,,,2,8,0,45,,0.0
c10_s09_cov100_seed00000037_tiered_nt2,tiered,fast_gate,10,9,,,2,0,1397,0,0.9914101646385111,0.9914101646385111
c10_s09_cov100_seed00000037_tiered_nt2,tiered,fast_gate,10,9,,,2,1,930,296,0.9967741935483871,0.7561174551386624
c10_s09_cov100_seed00000037_tiered_nt2,tiered,fast_gate,10,9,,,2,2,218,1910,1.0,0.10244360902255639
c10_s09_cov100_seed00000037_tiered_nt2,tiered,fast_gate,10,9,,,2,3,0,1968,,0.0
c10_s09_cov100_seed00000037_tiered_nt2,tiered,fast_gate,10,9,,,2,4,0,1930,,0.0
c10_s09_cov100_seed00000037_tiered_nt2,tiered,fast_gate,10,9,,,2,5,0,1420,,0.0
c10_s09_cov100_seed00000037_tiered_nt2,tiered,fast_gate,10,9,,,2,6,0,655,,0.0
c10_s09_cov100_seed00000037_tiered_nt2,tiered,fast_gate,10,9,,,2,7,0,237,,0.0
c10_s09_cov100_seed00000037_tiered_nt2,tiered,fast_gate,10,9,,,2,8,0,38,,0.0
c10_s09_cov100_seed00000037_tiered_nt2,tiered,fast_gate,10,9,,,2,9,0,1,,0.0
c10_s09_cov100_seed00000038_tiered_nt2,tiered,fast_gate,10,9,,,2,0,1364,0,0.9934017595307918,0.9934017595307918
c10_s09_cov100_seed00000038_tiered_nt2,tiered,fast_gate,10,9,,,2,1,918,275,0.9978213507625272,0.7678122380553227
c10_s09_cov100_seed00000038_tiered_nt2,tiered,fast_gate,10,9,,,2,2,234,1920,1.0,0.10863509749303621
c10_s09_cov100_seed00000038_tiered_nt2,tiered,fast_gate,10,9,,,2,3,0,2020,,0.0
c10_s09_cov100_seed00000038_tiered_nt2,tiered,fast_gate,10,9,,,2,4,0,1925,,0.0
c10_s09_cov100_seed00000038_tiered_nt2,tiered,fast_gate,10,9,,,2,5,0,1415,,0.0
c10_s09_cov100_seed00000038_tiered_nt2,tiered,fast_gate,10,9,,,2,6,0,636,,0.0
c10_s09_cov100_seed00000038_tiered_nt2,tiered,fast_gate,10,9,,,2,7,0,248,,0.0
c10_s09_cov100_seed00000038_tiered_nt2,tiered,fast_gate,10,9,,,2,8,0,45,,0.0
c10_s09_cov100_seed00000039_tiered_nt2,tiered,fast_gate,10,9,,,2,0,1360,0,0.9941176470588236,0.9941176470588236
c10_s09_cov100_seed00000039_tiered_nt2,tiered,fast_gate,10,9,,,2,1,946,297,1.0,0.7610619469026548
c10_s09_cov100_seed00000039_tiered_nt2,tiered,fast_gate,10,9,,,2,2,259,1965,1.0,0.1164568345323741
c10_s09_cov100_seed00000039_tiered_nt2,tiered,fast_gate,10,9,,,2,3,0,1945,,0.0
c10_s09_cov100_seed00000039_tiered_nt2,tiered,fast_gate,10,9,,,2,4,0,1962,,0.0
c10_s09_cov100_seed00000039_tiered_nt2,tiered,fast_gate,10,9,,,2,5,0,1331,,0.0
c10_s09_cov100_seed00000039_tiered_nt2,tiered,fast_gate,10,9,,,2,6,0,660,,0.0
c10_s09_cov100_seed00000039_tiered_nt2,tiered,fast_gate,10,9,,,2,7,0,234,,0.0
c10_s09_cov100_seed00000039_tiered_nt2,tiered,fast_gate,10,9,,,2,8,0,41,,0.0
c10_s09_cov100_seed00000000_tiered_nt3,tiered,fast_gate,10,9,,,3,0,1388,0,1.0,1.0
c10_s09_cov100_seed00000000_tiered_nt3,tiered,fast_gate,10,9,,,3,1,744,520,1.0,0.5886075949367089
c10_s09_cov100_seed00000000_tiered_nt3,tiered,fast_gate,10,9,,,3,2,208,1811,1.0,0.1030212976721149
c10_s09_cov100_seed00000000_tiered_nt3,tiered,fast_gate,10,9,,,3,3,37,1721,1.0,0.02104664391353811
c10_s09_cov100_seed00000000_tiered_nt3,tiered,fast_gate,10,9,,,3,4,4,1925,1.0,0.002073613271124935
c10_s09_cov100_seed00000000_tiered_nt3,tiered,fast_gate,10,9,,,3,5,0,1412,,0.0
c10_s09_cov100_seed00000000_tiered_nt3,tiered,fast_gate,10,9,,,3,6,0,868,,0.0
c10_s09_cov100_seed00000000_tiered_nt3,tiered,fast_gate,10,9,,,3,7,0,316,,0.0
c10_s09_cov100_seed00000000_tiered_nt3,tiered,fast_gate,10,9,,,3,8,0,44,,0.0
c10_s09_cov100_seed00000000_tiered_nt3,tiered,fast_gate,10,9,,,3,9,0,2,,0.0
c10_s09_cov100_seed00000001_tiered_nt3,tiered,fast_gate,10,9,,,3,0,1364,0,1.0,1.0
c10_s09_cov100_seed00000001_tiered_nt3,tiered,fast_gate,10,9,,,3,1,766,517,1.0,0.5970381917381138
c10_s09_cov100_seed00000001_tiered_nt3,tiered,fast_gate,10,9,,,3,2,175,1869,1.0,0.08561643835616438
c10_s09_cov100_seed00000001_tiered_nt3,tiered,fast_gate,10,9,,,3,3,46,1756,1.0,0.025527192008879023
c10_s09_cov100_seed00000001_tiered_nt3,tiered,fast_gate,10,9,,,3,4,7,1860,1.0,0.003749330476700589
c10_s09_cov100_seed00000001_tiered_nt3,tiered,fast_gate,10,9,,,3,5,0,1454,,0.0
c10_s09_cov100_seed00000001_tiered_nt3,tiered,fast_gate,10,9,,,3,6,0,810,,0.0
c10_s09_cov100_seed00000001_tiered_nt3,tiered,fast_gate,10,9,,,3,7,0,317,,0.0
c10_s09_cov100_seed00000001_tiered_nt3,tiered,fast_gate,10,9,,,3,8,0,57,,0.0
c10_s09_cov100_seed00000001_tiered_nt3,tiered,fast_gate,10,9,,,3,9,0,2,,0.0
c10_s09_cov100_seed00000002_tiered_nt3,tiered,fast_gate,10,9,,,3,0,1363,0,1.0,1.0
c10_s09_cov100_seed00000002_tiered_nt3,tiered,fast_gate,10,9,,,3,1,782,513,1.0,0.6038610038610038
c10_s09_cov100_seed00000002_tiered_nt3,tiered,fast_gate,10,9,,,3,2,206,1845,1.0,0.10043881033642126
c10_s09_cov100_seed00000002_tiered_nt3,tiered,fast_gate,10,9,,,3,3,45,1634,1.0,0.026801667659321026
c10_s09_cov100_seed00000002_tiered_nt3,tiered,fast_gate,10,9,,,3,4,9,1908,1.0,0.004694835680751174
c10_s09_cov100_seed00000002_tiered_nt3,tiered,fast_gate,10,9,,,3,5,0,1458,,0.0
c10_s09_cov100_seed00000002_tiered_nt3,tiered,fast_gate,10,9,,,3,6,0,859,,0.0
c10_s09_cov100_seed00000002_tiered_nt3,tiered,fast_gate,10,9,,,3,7,0,335,,0.0
c10_s09_cov100_seed00000002_tiered_nt3,tiered,fast_gate,10,9,,,3,8,0,43,,0.0
c10_s09_cov100_seed00000003_tiered_nt3,tiered,fast_gate,10,9,,,3,0,1334,0,1.0,1.0
c10_s09_cov100_seed00000003_tiered_nt3,tiered,fast_gate,10,9,,,3,1,796,530,1.0,0.6003016591251885
c10_s09_cov100_seed00000003_tiered_nt3,tiered,fast_gate,10,9,,,3,2,195,1823,0.9948717948717949,0.09613478691774034
c10_s09_cov100_seed00000003_tiered_nt3,tiered,fast_gate,10,9,,,3,3,39,1748,1.0,0.02182428651371013
c10_s09_cov100_seed00000003_tiered_nt3,tiered,fast_gate,10,9,,,3,4,8,1866,1.0,0.004268943436499467
c10_s09_cov100_seed00000003_tiered_nt3,tiered,fast_gate,10,9,,,3,5,0,1398,,0.0
c10_s09_cov100_seed00000003_tiered_nt3,tiered,fast_gate,10,9,,,3,6,0,912,,0.0
c10_s09_cov100_seed00000003_tiered_nt3,tiered,fast_gate,10,9,,,3,7,0,308,,0.0
c10_s09_cov100_seed00000003_tiered_nt3,tiered,fast_gate,10,9,,,3,8,0,41,,0.0
c10_s09_cov100_seed00000003_tiered_nt3,tiered,fast_gate,10,9,,,3,9,0,2,,0.0
c10_s09_cov100_seed00000004_tiered_nt3,tiered,fast_gate,10,9,,,3,0,1377,0,1.0,1.0
c10_s09_cov100_seed00000004_tiered_nt3,tiered,fast_gate,10,9,,,3,1,774,469,1.0,0.6226870474658085
c10_s09_cov100_seed00000004_tiered_nt3,tiered,fast_gate,10,9,,,3,2,225,1859,1.0,0.10796545105566219
c10_s09_cov100_seed00000004_tiered_nt3,tiered,fast_gate,10,9,,,3,3,44,1722,1.0,0.02491506228765572
c10_s09_cov100_seed00000004_tiered_nt3,tiered,fast_gate,10,9,,,3,4,7,1829,1.0,0.003812636165577342
c10_s09_cov100_seed00000004_tiered_nt3,tiered,fast_gate,10,9,,,3,5,0,1487,,0.0
c10_s09_cov100_seed00000004_tiered_nt3,tiered,fast_gate,10,9,,,3,6,0,861,,0.0
c10_s09_cov100_seed00000004_tiered_nt3,tiered,fast_gate,10,9,,,3,7,0,293,,0.0
c10_s09_cov100_seed00000004_tiered_nt3,tiered,fast_gate,10,9,,,3,8,0,53,,0.0
c10_s09_cov100_seed00000005_tiered_nt3,tiered,fast_gate,10,9,,,3,0,1356,0,1.0,1.0
c10_s09_cov100_seed00000005_tiered_nt3,tiered,fast_gate,10,9,,,3,1,788,524,1.0,0.600609756097561
c10_s09_cov100_seed00000005_tiered_nt3,tiered,fast_gate,10,9,,,3,2,204,1808,1.0,0.10139165009940358
c10_s09_cov100_seed00000005_tiered_nt3,tiered,fast_gate,10,9,,,3,3,47,1749,1.0,0.026169265033407572
c10_s09_cov100_seed00000005_tiered_nt3,tiered,fast_gate,10,9,,,3,4,4,1898,1.0,0.002103049421661409
c10_s09_cov100_seed00000005_tiered_nt3,tiered,fast_gate,10,9,,,3,5,0,1493,,0.0
c10_s09_cov100_seed00000005_tiered_nt3,tiered,fast_gate,10,9,,,3,6,0,800,,0.0
c10_s09_cov100_seed00000005_tiered_nt3,tiered,fast_gate,10,9,,,3,7,0,280,,0.0
c10_s09_cov100_seed00000005_tiered_nt3,tiered,fast_gate,10,9,,,3,8,0,48,,0.0
c10_s09_cov100_seed00000005_tiered_nt3,tiered,fast_gate,10,9,,,3,9,0,1,,0.0
c10_s09_cov100_seed00000006_tiered_nt3,tiered,fast_gate,10,9,,,3,0,1390,0,1.0,1.0
c10_s09_cov100_seed00000006_tiered_nt3,tiered,fast_gate,10,9,,,3,1,804,525,1.0,0.6049661399548533
c10_s09_cov100_seed00000006_tiered_nt3,tiered,fast_gate,10,9,,,3,2,207,1768,1.0,0.10481012658227848
c10_s09_cov100_seed00000006_tiered_nt3,tiered,fast_gate,10,9,,,3,3,41,1817,1.0,0.022066738428417654
c10_s09_cov100_seed00000006_tiered_nt3,tiered,fast_gate,10,9,,,3,4,10,1868,1.0,0.005324813631522897
c10_s09_cov100_seed00000006_tiered_nt3,tiered,fast_gate,10,9,,,3,5,0,1422,,0.0
c10_s09_cov100_seed00000006_tiered_nt3,tiered,fast_gate,10,9,,,3,6,0,804,,0.0
c10_s09_cov100_seed00000006_tiered_nt3,tiered,fast_gate,10,9,,,3,7,0,293,,0.0
c10_s09_cov100_seed00000006_tiered_nt3,tiered,fast_gate,10,9,,,3,8,0,47,,0.0
c10_s09_cov100_seed00000006_tiered_nt3,tiered,fast_gate,10,9,,,3,9,0,4,,0.0
c10_s09_cov100_seed00000007_tiered_nt3,tiered,fast_gate,10,9,,,3,0,1354,0,1.0,1.0
c10_s09_cov100_seed00000007_tiered_nt3,tiered,fast_gate,10,9,,,3,1,799,516,1.0,0.6076045627376426
c10_s09_cov100_seed00000007_tiered_nt3,tiered,fast_gate,10,9,,,3,2,210,1889,1.0,0.10004764173415913
c10_s09_cov100_seed00000007_tiered_nt3,tiered,fast_gate,10,9,,,3,3,47,1724,1.0,0.026538678712591756
c10_s09_cov100_seed00000007_tiered_nt3,tiered,fast_gate,10,9,,,3,4,7,1838,1.0,0.003794037940379404
c10_s09_cov100_seed00000007_tiered_nt3,tiered,fast_gate,10,9,,,3,5,0,1462,,0.0
c10_s09_cov100_seed00000007_tiered_nt3,tiered,fast_gate,10,9,,,3,6,0,836,,0.0
c10_s09_cov100_seed00000007_tiered_nt3,tiered,fast_gate,10,9,,,3,7,0,267,,0.0
c10_s09_cov100_seed00000007_tiered_nt3,tiered,fast_gate,10,9,,,3,8,0,50,,0.0
c10_s09_cov100_seed00000007_tiered_nt3,tiered,fast_gate,10,9,,,3,9,0,1,,0.0
c10_s09_cov100_seed00000008_tiered_nt3,tiered,fast_gate,10,9,,,3,0,1362,0,1.0,1.0
c10_s09_cov100_seed00000008_tiered_nt3,tiered,fast_gate,10,9,,,3,1,812,569,1.0,0.5879797248370746
c10_s09_cov100_seed00000008_tiered_nt3,tiered,fast_gate,10,9,,,3,2,189,1806,0.9947089947089947,0.09423558897243108
c10_s09_cov100_seed00000008_tiered_nt3,tiered,fast_gate,10,9,,,3,3,47,1754,1.0,0.02609661299278179
c10_s09_cov100_seed00000008_tiered_nt3,tiered,fast_gate,10,9,,,3,4,2,1850,1.0,0.0010799136069114472
c10_s09_cov100_seed00000008_tiered_nt3,tiered,fast_gate,10,9,,,3,5,0,1437,,0.0
c10_s09_cov100_seed00000008_tiered_nt3,tiered,fast_gate,10,9,,,3,6,0,826,,0.0
c10_s09_cov100_seed00000008_tiered_nt3,tiered,fast_gate,10,9,,,3,7,0,301,,0.0
c10_s09_cov100_seed00000008_tiered_nt3,tiered,fast_gate,10,9,,,3,8,0,44,,0.0
c10_s09_cov100_seed00000008_tiered_nt3,tiered,fast_gate,10,9,,,3,9,0,1,,0.0
c10_s09_cov100_seed00000009_tiered_nt3,tiered,fast_gate,10,9,,,3,0,1348,0,1.0,1.0
c10_s09_cov100_seed00000009_tiered_nt3,tiered,fast_gate,10,9,,,3,1,755,503,1.0,0.6001589825119237
c10_s09_cov100_seed00000009_tiered_nt3,tiered,fast_gate,10,9,,,3,2,196,1847,1.0,0.09593734703866863
c10_s09_cov100_seed00000009_tiered_nt3,tiered,fast_gate,10,9,,,3,3,53,1703,1.0,0.03018223234624146
c10_s09_cov100_seed00000009_tiered_nt3,tiered,fast_gate,10,9,,,3,4,5,1923,1.0,0.0025933609958506223
c10_s09_cov100_seed00000009_tiered_nt3,tiered,fast_gate,10,9,,,3,5,0,1518,,0.0
c10_s09_cov100_seed00000009_tiered_nt3,tiered,fast_gate,10,9,,,3,6,0,818,,0.0
c10_s09_cov100_seed00000009_tiered_nt3,tiered,fast_gate,10,9,,,3,7,0,279,,0.0
c10_s09_cov100_seed00000009_tiered_nt3,tiered,fast_gate,10,9,,,3,8,0,51,,0.0
c10_s09_cov100_seed00000009_tiered_nt3,tiered,fast_gate,10,9,,,3,9,0,1,,0.0
c10_s09_cov100_seed00000010_tiered_nt3,tiered,fast_gate,10,9,,,3,0,1357,0,1.0,1.0
c10_s09_cov100_seed00000010_tiered_nt3,tiered,fast_gate,10,9,,,3,1,783,501,1.0,0.6098130841121495
c10_s09_cov100_seed00000010_tiered_nt3,tiered,fast_gate,10,9,,,3,2,206,1853,1.0,0.10004856726566294
c10_s09_cov100_seed00000010_tiered_nt3,tiered,fast_gate,10,9,,,3,3,44,1802,1.0,0.023835319609967497
c10_s09_cov100_seed00000010_tiered_nt3,tiered,fast_gate,10,9,,,3,4,6,1829,1.0,0.0032697547683923707
c10_s09_cov100_seed00000010_tiered_nt3,tiered,fast_gate,10,9,,,3,5,0,1467,,0.0
c10_s09_cov100_seed00000010_tiered_nt3,tiered,fast_gate,10,9,,,3,6,0,804,,0.0
c10_s09_cov100_seed00000010_tiered_nt3,tiered,fast_gate,10,9,,,3,7,0,313,,0.0
c10_s09_cov100_seed00000010_tiered_nt3,tiered,fast_gate,10,9,,,3,8,0,35,,0.0
c10_s09_cov100_seed00000011_tiered_nt3,tiered,fast_gate,10,9,,,3,0,1386,0,1.0,1.0
c10_s09_cov100_seed00000011_tiered_nt3,tiered,fast_gate,10,9,,,3,1,773,540,1.0,0.5887281035795887
c10_s09_cov100_seed00000011_tiered_nt3,tiered,fast_gate,10,9,,,3,2,210,1760,1.0,0.1065989847715736
c10_s09_cov100_seed00000011_tiered_nt3,tiered,fast_gate,10,9,,,3,3,35,1803,1.0,0.019042437431991296
c10_s09_cov100_seed00000011_tiered_nt3,tiered,fast_gate,10,9,,,3,4,4,1924,1.0,0.002074688796680498
c10_s09_cov100_seed00000011_tiered_nt3,tiered,fast_gate,10,9,,,3,5,0,1432,,0.0
c10_s09_cov100_seed00000011_tiered_nt3,tiered,fast_gate,10,9,,,3,6,0,800,,0.0
c10_s09_cov100_seed00000011_tiered_nt3,tiered,fast_gate,10,9,,,3,7,0,288,,0.0
c10_s09_cov100_seed00000011_tiered_nt3,tiered,fast_gate,10,9,,,3,8,0,45,,0.0
c10_s09_cov100_seed00000012_tiered_nt3,tiered,fast_gate,10,9,,,3,0,1365,0,1.0,1.0
c10_s09_cov100_seed00000012_tiered_nt3,tiered,fast_gate,10,9,,,3,1,740,583,0.9986486486486487,0.5585789871504158
c10_s09_cov100_seed00000012_tiered_nt3,tiered,fast_gate,10,9,,,3,2,208,1811,1.0,0.1030212976721149
c10_s09_cov100_seed00000012_tiered_nt3,tiered,fast_gate,10,9,,,3,3,37,1716,1.0,0.021106674272675412
c10_s09_cov100_seed00000012_tiered_nt3,tiered,fast_gate,10,9,,,3,4,3,1856,1.0,0.0016137708445400753
c10_s09_cov100_seed00000012_tiered_nt3,tiered,fast_gate,10,9,,,3,5,0,1490,,0.0
c10_s09_cov100_seed00000012_tiered_nt3,tiered,fast_gate,10,9,,,3,6,0,847,,0.0
c10_s09_cov100_seed00000012_tiered_nt3,tiered,fast_gate,10,9,,,3,7,0,295,,0.0
c10_s09_cov100_seed00000012_tiered_nt3,tiered,fast_gate,10,9,,,3,8,0,48,,0.0
c10_s09_cov100_seed00000012_tiered_nt3,tiered,fast_gate,10,9,,,3,9,0,1,,0.0
c10_s09_cov100_seed00000013_tiered_nt3,tiered,fast_gate,10,9,,,3,0,1396,0,1.0,1.0
c10_s09_cov100_seed00000013_tiered_nt3,tiered,fast_gate,10,9,,,3,1,810,513,1.0,0.6122448979591837
c10_s09_cov100_seed00000013_tiered_nt3,tiered,fast_gate,10,9,,,3,2,185,1768,1.0,0.09472606246799795
c10_s09_cov100_seed00000013_tiered_nt3,tiered,fast_gate,10,9,,,3,3,36,1789,1.0,0.019726027397260273
c10_s09_cov100_seed00000013_tiered_nt3,tiered,fast_gate,10,9,,,3,4,3,1885,1.0,0.0015889830508474577
c10_s09_cov100_seed00000013_tiered_nt3,tiered,fast_gate,10,9,,,3,5,0,1437,,0.0
c10_s09_cov100_seed00000013_tiered_nt3,tiered,fast_gate,10,9,,,3,6,0,817,,0.0
c10_s09_cov100_seed00000013_tiered_nt3,tiered,fast_gate,10,9,,,3,7,0,306,,0.0
c10_s09_cov100_seed00000013_tiered_nt3,tiered,fast_gate,10,9,,,3,8,0,53,,0.0
c10_s09_cov100_seed00000013_tiered_nt3,tiered,fast_gate,10,9,,,3,9,0,2,,0.0
c10_s09_cov100_seed00000014_tiered_nt3,tiered,fast_gate,10,9,,,3,0,1354,0,1.0,1.0
c10_s09_cov100_seed00000014_tiered_nt3,tiered,fast_gate,10,9,,,3,1,802,461,1.0,0.6349960411718132
c10_s09_cov100_seed00000014_tiered_nt3,tiered,fast_gate,10,9,,,3,2,197,1832,1.0,0.09709216362740267
c10_s09_cov100_seed00000014_tiered_nt3,tiered,fast_gate,10,9,,,3,3,44,1776,1.0,0.024175824175824177
c10_s09_cov100_seed00000014_tiered_nt3,tiered,fast_gate,10,9,,,3,4,9,1925,1.0,0.004653567735263702
c10_s09_cov100_seed00000014_tiered_nt3,tiered,fast_gate,10,9,,,3,5,0,1437,,0.0
c10_s09_cov100_seed00000014_tiered_nt3,tiered,fast_gate,10,9,,,3,6,0,818,,0.0
c10_s09_cov100_seed00000014_tiered_nt3,tiered,fast_gate,10,9,,,3,7,0,294,,0.0
c10_s09_cov100_seed00000014_tiered_nt3,tiered,fast_gate,10,9,,,3,8,0,50,,0.0
c10_s09_cov100_seed00000014_tiered_nt3,tiered,fast_gate,10,9,,,3,9,0,1,,0.0
c10_s09_cov100_seed00000015_tiered_nt3,tiered,fast_gate,10,9,,,3,0,1384,0,1.0,1.0
c10_s09_cov100_seed00000015_tiered_nt3,tiered,fast_gate,10,9,,,3,1,752,519,1.0,0.5916601101494886
c10_s09_cov100_seed00000015_tiered_nt3,tiered,fast_gate,10,9,,,3,2,202,1893,1.0,0.0964200477326969
c10_s09_cov100_seed00000015_tiered_nt3,tiered,fast_gate,10,9,,,3,3,44,1701,1.0,0.02521489971346705
c10_s09_cov100_seed00000015_tiered_nt3,tiered,fast_gate,10,9,,,3,4,2,1874,1.0,0.0010660980810234541
c10_s09_cov100_seed00000015_tiered_nt3,tiered,fast_gate,10,9,,,3,5,0,1463,,0.0
c10_s09_cov100_seed00000015_tiered_nt3,tiered,fast_gate,10,9,,,3,6,0,860,,0.0
c10_s09_cov100_seed00000015_tiered_nt3,tiered,fast_gate,10,9,,,3,7,0,266,,0.0
c10_s09_cov100_seed00000015_tiered_nt3,tiered,fast_gate,10,9,,,3,8,0,39,,0.0
c10_s09_cov100_seed00000015_tiered_nt3,tiered,fast_gate,10,9,,,3,9,0,1,,0.0
c10_s09_cov100_seed00000016_tiered_nt3,tiered,fast_gate,10,9,,,3,0,1389,0,1.0,1.0
c10_s09_cov100_seed00000016_tiered_nt3,tiered,fast_gate,10,9,,,3,1,753,541,0.99867197875166,0.5811437403400309
c10_s09_cov100_seed00000016_tiered_nt3,tiered,fast_gate,10,9,,,3,2,210,1812,0.9952380952380953,0.10336300692383778
c10_s09_cov100_seed00000016_tiered_nt3,tiered,fast_gate,10,9,,,3,3,53,1767,1.0,0.02912087912087912
c10_s09_cov100_seed00000016_tiered_nt3,tiered,fast_gate,10,9,,,3,4,5,1853,1.0,0.002691065662002153
c10_s09_cov100_seed00000016_tiered_nt3,tiered,fast_gate,10,9,,,3,5,0,1424,,0.0
c10_s09_cov100_seed00000016_tiered_nt3,tiered,fast_gate,10,9,,,3,6,0,849,,0.0
c10_s09_cov100_seed00000016_tiered_nt3,tiered,fast_gate,10,9,,,3,7,0,293,,0.0
c10_s09_cov100_seed00000016_tiered_nt3,tiered,fast_gate,10,9,,,3,8,0,50,,0.0
c10_s09_cov100_seed00000016_tiered_nt3,tiered,fast_gate,10,9,,,3,9,0,1,,0.0
c10_s09_cov100_seed00000017_tiered_nt3,tiered,fast_gate,10,9,,,3,0,1372,0,1.0,1.0
c10_s09_cov100_seed00000017_tiered_nt3,tiered,fast_gate,10,9,,,3,1,805,512,1.0,0.6112376613515565
c10_s09_cov100_seed00000017_tiered_nt3,tiered,fast_gate,10,9,,,3,2,208,1817,1.0,0.10271604938271604
c10_s09_cov100_seed00000017_tiered_nt3,tiered,fast_gate,10,9,,,3,3,39,1738,1.0,0.021947101857062466
c10_s09_cov100_seed00000017_tiered_nt3,tiered,fast_gate,10,9,,,3,4,6,1815,1.0,0.0032948929159802307
c10_s09_cov100_seed00000017_tiered_nt3,tiered,fast_gate,10,9,,,3,5,0,1478,,0.0
c10_s09_cov100_seed00000017_tiered_nt3,tiered,fast_gate,10,9,,,3,6,0,846,,0.0
c10_s09_cov100_seed00000017_tiered_nt3,tiered,fast_gate,10,9,,,3,7,0,309,,0.0
c10_s09_cov100_seed00000017_tiered_nt3,tiered,fast_gate,10,9,,,3,8,0,53,,0.0
c10_s09_cov100_seed00000017_tiered_nt3,tiered,fast_gate,10,9,,,3,9,0,2,,0.0
c10_s09_cov100_seed00000018_tiered_nt3,tiered,fast_gate,10,9,,,3,0,1366,0,1.0,1.0
c10_s09_cov100_seed00000018_tiered_nt3,tiered,fast_gate,10,9,,,3,1,810,474,1.0,0.6308411214953271
c10_s09_cov100_seed00000018_tiered_nt3,tiered,fast_gate,10,9,,,3,2,218,1819,1.0,0.10702012763868433
c10_s09_cov100_seed00000018_tiered_nt3,tiered,fast_gate,10,9,,,3,3,44,1725,1.0,0.0248728094968909
c10_s09_cov100_seed00000018_tiered_nt3,tiered,fast_gate,10,9,,,3,4,6,1947,1.0,0.0030721966205837174
c10_s09_cov100_seed00000018_tiered_nt3,tiered,fast_gate,10,9,,,3,5,0,1413,,0.0
c10_s09_cov100_seed00000018_tiered_nt3,tiered,fast_gate,10,9,,,3,6,0,842,,0.0
c10_s09_cov100_seed00000018_tiered_nt3,tiered,fast_gate,10,9,,,3,7,0,284,,0.0
c10_s09_cov100_seed00000018_tiered_nt3,tiered,fast_gate,10,9,,,3,8,0,49,,0.0
c10_s09_cov100_seed00000018_tiered_nt3,tiered,fast_gate,10,9,,,3,9,0,3,,0.0
c10_s09_cov100_seed00000019_tiered_nt3,tiered,fast_gate,10,9,,,3,0,1384,0,1.0,1.0
c10_s09_cov100_seed00000019_tiered_nt3,tiered,fast_gate,10,9,,,3,1,756,537,1.0,0.5846867749419954
c10_s09_cov100_seed00000019_tiered_nt3,tiered,fast_gate,10,9,,,3,2,227,1808,1.0,0.11154791154791155
c10_s09_cov100_seed00000019_tiered_nt3,tiered,fast_gate,10,9,,,3,3,56,1741,1.0,0.031163049526989426
c10_s09_cov100_seed00000019_tiered_nt3,tiered,fast_gate,10,9,,,3,4,4,1873,1.0,0.002131060202450719
c10_s09_cov100_seed00000019_tiered_nt3,tiered,fast_gate,10,9,,,3,5,0,1430,,0.0
c10_s09_cov100_seed00000019_tiered_nt3,tiered,fast_gate,10,9,,,3,6,0,843,,0.0
c10_s09_cov100_seed00000019_tiered_nt3,tiered,fast_gate,10,9,,,3,7,0,299,,0.0
c10_s09_cov100_seed00000019_tiered_nt3,tiered,fast_gate,10,9,,,3,8,0,42,,0.0
c10_s09_cov100_seed00000020_tiered_nt3,tiered,fast_gate,10,9,,,3,0,1363,0,1.0,1.0
c10_s09_cov100_seed00000020_tiered_nt3,tiered,fast_gate,10,9,,,3,1,789,538,1.0,0.5945742275810098
c10_s09_cov100_seed00000020_tiered_nt3,tiered,fast_gate,10,9,,,3,2,226,1829,0.9911504424778761,0.10900243309002433
c10_s09_cov100_seed00000020_tiered_nt3,tiered,fast_gate,10,9,,,3,3,51,1698,1.0,0.029159519725557463
c10_s09_cov100_seed00000020_tiered_nt3,tiered,fast_gate,10,9,,,3,4,6,1887,1.0,0.003169572107765452
c10_s09_cov100_seed00000020_tiered_nt3,tiered,fast_gate,10,9,,,3,5,0,1450,,0.0
c10_s09_cov100_seed00000020_tiered_nt3,tiered,fast_gate,10,9,,,3,6,0,825,,0.0
c10_s09_cov100_seed00000020_tiered_nt3,tiered,fast_gate,10,9,,,3,7,0,283,,0.0
c10_s09_cov100_seed00000020_tiered_nt3,tiered,fast_gate,10,9,,,3,8,0,54,,0.0
c10_s09_cov100_seed00000020_tiered_nt3,tiered,fast_gate,10,9,,,3,9,0,1,,0.0
c10_s09_cov100_seed00000021_tiered_nt3,tiered,fast_gate,10,9,,,3,0,1386,0,1.0,1.0
c10_s09_cov100_seed00000021_tiered_nt3,tiered,fast_gate,10,9,,,3,1,745,539,1.0,0.5802180685358256
c10_s09_cov100_seed00000021_tiered_nt3,tiered,fast_gate,10,9,,,3,2,216,1783,1.0,0.10805402701350675
c10_s09_cov100_seed00000021_tiered_nt3,tiered,fast_gate,10,9,,,3,3,52,1790,1.0,0.02823018458197611
c10_s09_cov100_seed00000021_tiered_nt3,tiered,fast_gate,10,9,,,3,4,8,1848,1.0,0.004310344827586207
c10_s09_cov100_seed00000021_tiered_nt3,tiered,fast_gate,10,9,,,3,5,0,1476,,0.0
c10_s09_cov100_seed00000021_tiered_nt3,tiered,fast_gate,10,9,,,3,6,0,822,,0.0
c10_s09_cov100_seed00000021_tiered_nt3,tiered,fast_gate,10,9,,,3,7,0,296,,0.0
c10_s09_cov100_seed00000021_tiered_nt3,tiered,fast_gate,10,9,,,3,8,0,36,,0.0
c10_s09_cov100_seed00000021_tiered_nt3,tiered,fast_gate,10,9,,,3,9,0,3,,0.0
c10_s09_cov100_seed00000022_tiered_nt3,tiered,fast_gate,10,9,,,3,0,1363,0,1.0,1.0
c10_s09_cov100_seed00000022_tiered_nt3,tiered,fast_gate,10,9,,,3,1,795,495,0.9987421383647799,0.6155038759689923
c10_s09_cov100_seed00000022_tiered_nt3,tiered,fast_gate,10,9,,,3,2,206,1859,1.0,0.09975786924939467
c10_s09_cov100_seed00000022_tiered_nt3,tiered,fast_gate,10,9,,,3,3,40,1711,1.0,0.022844089091947458
c10_s09_cov100_seed00000022_tiered_nt3,tiered,fast_gate,10,9,,,3,4,5,1864,1.0,0.002675227394328518
c10_s09_cov100_seed00000022_tiered_nt3,tiered,fast_gate,10,9,,,3,5,0,1470,,0.0
c10_s09_cov100_seed00000022_tiered_nt3,tiered,fast_gate,10,9,,,3,6,0,869,,0.0
c10_s09_cov100_seed00000022_tiered_nt3,tiered,fast_gate,10,9,,,3,7,0,274,,0.0
c10_s09_cov100_seed00000022_tiered_nt3,tiered,fast_gate,10,9,,,3,8,0,49,,0.0
c10_s09_cov100_seed00000023_tiered_nt3,tiered,fast_gate,10,9,,,3,0,1369,0,1.0,1.0
c10_s09_cov100_seed00000023_tiered_nt3,tiered,fast_gate,10,9,,,3,1,774,528,1.0,0.5944700460829493
c10_s09_cov100_seed00000023_tiered_nt3,tiered,fast_gate,10,9,,,3,2,203,1857,1.0,0.09854368932038834
c10_s09_cov100_seed00000023_tiered_nt3,tiered,fast_gate,10,9,,,3,3,49,1773,1.0,0.02689352360043908
c10_s09_cov100_seed00000023_tiered_nt3,tiered,fast_gate,10,9,,,3,4,6,1874,1.0,0.0031914893617021275
c10_s09_cov100_seed00000023_tiered_nt3,tiered,fast_gate,10,9,,,3,5,0,1389,,0.0
c10_s09_cov100_seed00000023_tiered_nt3,tiered,fast_gate,10,9,,,3,6,0,879,,0.0
c10_s09_cov100_seed00000023_tiered_nt3,tiered,fast_gate,10,9,,,3,7,0,254,,0.0
c10_s09_cov100_seed00000023_tiered_nt3,tiered,fast_gate,10,9,,,3,8,0,45,,0.0
c10_s09_cov100_seed00000024_tiered_nt3,tiered,fast_gate,10,9,,,3,0,1394,0,1.0,1.0
c10_s09_cov100_seed00000024_tiered_nt3,tiered,fast_gate,10,9,,,3,1,760,556,1.0,0.5775075987841946
c10_s09_cov100_seed00000024_tiered_nt3,tiered,fast_gate,10,9,,,3,2,203,1768,1.0,0.10299340436326737
c10_s09_cov100_seed00000024_tiered_nt3,tiered,fast_gate,10,9,,,3,3,53,1722,1.0,0.029859154929577466
c10_s09_cov100_seed00000024_tiered_nt3,tiered,fast_gate,10,9,,,3,4,3,1823,1.0,0.0016429353778751369
c10_s09_cov100_seed00000024_tiered_nt3,tiered,fast_gate,10,9,,,3,5,0,1505,,0.0
c10_s09_cov100_seed00000024_tiered_nt3,tiered,fast_gate,10,9,,,3,6,0,877,,0.0
c10_s09_cov100_seed00000024_tiered_nt3,tiered,fast_gate,10,9,,,3,7,0,301,,0.0
c10_s09_cov100_seed00000024_tiered_nt3,tiered,fast_gate,10,9,,,3,8,0,33,,0.0
c10_s09_cov100_seed00000024_tiered_nt3,tiered,fast_gate,10,9,,,3,9,0,2,,0.0
c10_s09_cov100_seed00000025_tiered_nt3,tiered,fast_gate,10,9,,,3,0,1369,0,1.0,1.0
c10_s09_cov100_seed00000025_tiered_nt3,tiered,fast_gate,10,9,,,3,1,754,516,1.0,0.5937007874015748
c10_s09_cov100_seed00000025_tiered_nt3,tiered,fast_gate,10,9,,,3,2,192,1814,1.0,0.09571286141575275
c10_s09_cov100_seed00000025_tiered_nt3,tiered,fast_gate,10,9,,,3,3,52,1748,1.0,0.028888888888888888
c10_s09_cov100_seed00000025_tiered_nt3,tiered,fast_gate,10,9,,,3,4,2,1880,1.0,0.0010626992561105207
c10_s09_cov100_seed00000025_tiered_nt3,tiered,fast_gate,10,9,,,3,5,0,1497,,0.0
c10_s09_cov100_seed00000025_tiered_nt3,tiered,fast_gate,10,9,,,3,6,0,843,,0.0
c10_s09_cov100_seed00000025_tiered_nt3,tiered,fast_gate,10,9,,,3,7,0,286,,0.0
c10_s09_cov100_seed00000025_tiered_nt3,tiered,fast_gate,10,9,,,3,8,0,46,,0.0
c10_s09_cov100_seed00000025_tiered_nt3,tiered,fast_gate,10,9,,,3,9,0,1,,0.0
c10_s09_cov100_seed00000026_tiered_nt3,tiered,fast_gate,10,9,,,3,0,1368,0,1.0,1.0
c10_s09_cov100_seed00000026_tiered_nt3,tiered,fast_gate,10,9,,,3,1,702,523,1.0,0.5730612244897959
c10_s09_cov100_seed00000026_tiered_nt3,tiered,fast_gate,10,9,,,3,2,183,1912,1.0,0.0873508353221957
c10_s09_cov100_seed00000026_tiered_nt3,tiered,fast_gate,10,9,,,3,3,49,1697,1.0,0.028064146620847653
c10_s09_cov100_seed00000026_tiered_nt3,tiered,fast_gate,10,9,,,3,4,5,1903,1.0,0.002620545073375262
c10_s09_cov100_seed00000026_tiered_nt3,tiered,fast_gate,10,9,,,3,5,0,1461,,0.0
c10_s09_cov100_seed00000026_tiered_nt3,tiered,fast_gate,10,9,,,3,6,0,877,,0.0
c10_s09_cov100_seed00000026_tiered_nt3,tiered,fast_gate,10,9,,,3,7,0,279,,0.0
c10_s09_cov100_seed00000026_tiered_nt3,tiered,fast_gate,10,9,,,3,8,0,39,,0.0
c10_s09_cov100_seed00000026_tiered_nt3,tiered,fast_gate,10,9,,,3,9,0,2,,0.0
c10_s09_cov100_seed00000027_tiered_nt3,tiered,fast_gate,10,9,,,3,0,1363,0,1.0,1.0
c10_s09_cov100_seed00000027_tiered_nt3,tiered,fast_gate,10,9,,,3,1,753,544,1.0,0.5805705474171164
c10_s09_cov100_seed00000027_tiered_nt3,tiered,fast_gate,10,9,,,3,2,178,1820,1.0,0.0890890890890891
c10_s09_cov100_seed00000027_tiered_nt3,tiered,fast_gate,10,9,,,3,3,62,1795,1.0,0.03338718362950996
c10_s09_cov100_seed00000027_tiered_nt3,tiered,fast_gate,10,9,,,3,4,2,1820,1.0,0.0010976948408342481
c10_s09_cov100_seed00000027_tiered_nt3,tiered,fast_gate,10,9,,,3,5,0,1476,,0.0
c10_s09_cov100_seed00000027_tiered_nt3,tiered,fast_gate,10,9,,,3,6,0,848,,0.0
c10_s09_cov100_seed00000027_tiered_nt3,tiered,fast_gate,10,9,,,3,7,0,293,,0.0
c10_s09_cov100_seed00000027_tiered_nt3,tiered,fast_gate,10,9,,,3,8,0,45,,0.0
c10_s09_cov100_seed00000027_tiered_nt3,tiered,fast_gate,10,9,,,3,9,0,1,,0.0
c10_s09_cov100_seed00000028_tiered_nt3,tiered,fast_gate,10,9,,,3,0,1385,0,1.0,1.0
c10_s09_cov100_seed00000028_tiered_nt3,tiered,fast_gate,10,9,,,3,1,762,491,1.0,0.6081404628890662
c10_s09_cov100_seed00000028_tiered_nt3,tiered,fast_gate,10,9,,,3,2,178,1869,1.0,0.08695652173913043
c10_s09_cov100_seed00000028_tiered_nt3,tiered,fast_gate,10,9,,,3,3,57,1671,1.0,0.03298611111111111
c10_s09_cov100_seed00000028_tiered_nt3,tiered,fast_gate,10,9,,,3,4,1,1899,1.0,0.0005263157894736842
c10_s09_cov100_seed00000028_tiered_nt3,tiered,fast_gate,10,9,,,3,5,0,1504,,0.0
c10_s09_cov100_seed00000028_tiered_nt3,tiered,fast_gate,10,9,,,3,6,0,841,,0.0
c10_s09_cov100_seed00000028_tiered_nt3,tiered,fast_gate,10,9,,,3,7,0,300,,0.0
c10_s09_cov100_seed00000028_tiered_nt3,tiered,fast_gate,10,9,,,3,8,0,40,,0.0
c10_s09_cov100_seed00000028_tiered_nt3,tiered,fast_gate,10,9,,,3,9,0,2,,0.0
c10_s09_cov100_seed00000029_tiered_nt3,tiered,fast_gate,10,9,,,3,0,1396,0,1.0,1.0
c10_s09_cov100_seed00000029_tiered_nt3,tiered,fast_gate,10,9,,,3,1,746,532,0.9986595174262735,0.582942097026604
c10_s09_cov100_seed00000029_tiered_nt3,tiered,fast_gate,10,9,,,3,2,222,1801,1.0,0.10973801285219971
c10_s09_cov100_seed00000029_tiered_nt3,tiered,fast_gate,10,9,,,3,3,51,1721,1.0,0.02878103837471783
c10_s09_cov100_seed00000029_tiered_nt3,tiered,fast_gate,10,9,,,3,4,2,1870,1.0,0.0010683760683760685
c10_s09_cov100_seed00000029_tiered_nt3,tiered,fast_gate,10,9,,,3,5,0,1464,,0.0
c10_s09_cov100_seed00000029_tiered_nt3,tiered,fast_gate,10,9,,,3,6,0,847,,0.0
c10_s09_cov100_seed00000029_tiered_nt3,tiered,fast_gate,10,9,,,3,7,0,312,,0.0
c10_s09_cov100_seed00000029_tiered_nt3,tiered,fast_gate,10,9,,,3,8,0,34,,0.0
c10_s09_cov100_seed00000029_tiered_nt3,tiered,fast_gate,10,9,,,3,9,0,2,,0.0
c10_s09_cov100_seed00000030_tiered_nt3,tiered,fast_gate,10,9,,,3,0,1381,0,1.0,1.0
c10_s09_cov100_seed00000030_tiered_nt3,tiered,fast_gate,10,9,,,3,1,780,535,1.0,0.5931558935361216
c10_s09_cov100_seed00000030_tiered_nt3,tiered,fast_gate,10,9,,,3,2,175,1845,0.9942857142857143,0.08613861386138613
c10_s09_cov100_seed00000030_tiered_nt3,tiered,fast_gate,10,9,,,3,3,43,1756,1.0,0.023902167871039465
c10_s09_cov100_seed00000030_tiered_nt3,tiered,fast_gate,10,9,,,3,4,4,1807,1.0,0.0022087244616234127
c10_s09_cov100_seed00000030_tiered_nt3,tiered,fast_gate,10,9,,,3,5,0,1450,,0.0
c10_s09_cov100_seed00000030_tiered_nt3,tiered,fast_gate,10,9,,,3,6,0,860,,0.0
c10_s09_cov100_seed00000030_tiered_nt3,tiered,fast_gate,10,9,,,3,7,0,331,,0.0
c10_s09_cov100_seed00000030_tiered_nt3,tiered,fast_gate,10,9,,,3,8,0,33,,0.0
c10_s09_cov100_seed00000031_tiered_nt3,tiered,fast_gate,10,9,,,3,0,1371,0,1.0,1.0
c10_s09_cov100_seed00000031_tiered_nt3,tiered,fast_gate,10,9,,,3,1,757,537,1.0,0.5850077279752705
c10_s09_cov100_seed00000031_tiered_nt3,tiered,fast_gate,10,9,,,3,2,209,1844,1.0,0.10180224062347784
c10_s09_cov100_seed00000031_tiered_nt3,tiered,fast_gate,10,9,,,3,3,52,1722,1.0,0.029312288613303268
c10_s09_cov100_seed00000031_tiered_nt3,tiered,fast_gate,10,9,,,3,4,3,1862,1.0,0.0016085790884718498
c10_s09_cov100_seed00000031_tiered_nt3,tiered,fast_gate,10,9,,,3,5,0,1441,,0.0
c10_s09_cov100_seed00000031_tiered_nt3,tiered,fast_gate,10,9,,,3,6,0,881,,0.0
c10_s09_cov100_seed00000031_tiered_nt3,tiered,fast_gate,10,9,,,3,7,0,277,,0.0
c10_s09_cov100_seed00000031_tiered_nt3,tiered,fast_gate,10,9,,,3,8,0,42,,0.0
c10_s09_cov100_seed00000031_tiered_nt3,tiered,fast_gate,10,9,,,3,9,0,2,,0.0
c10_s09_cov100_seed00000032_tiered_nt3,tiered,fast_gate,10,9,,,3,0,1384,0,0.9992774566473989,0.9992774566473989
c10_s09_cov100_seed00000032_tiered_nt3,tiered,fast_gate,10,9,,,3,1,797,544,1.0,0.5943325876211782
c10_s09_cov100_seed00000032_tiered_nt3,tiered,fast_gate,10,9,,,3,2,201,1809,1.0,0.1
c10_s09_cov100_seed00000032_tiered_nt3,tiered,fast_gate,10,9,,,3,3,55,1760,1.0,0.030303030303030304
c10_s09_cov100_seed00000032_tiered_nt3,tiered,fast_gate,10,9,,,3,4,3,1834,1.0,0.001633097441480675
c10_s09_cov100_seed00000032_tiered_nt3,tiered,fast_gate,10,9,,,3,5,0,1505,,0.0
c10_s09_cov100_seed00000032_tiered_nt3,tiered,fast_gate,10,9,,,3,6,0,786,,0.0
c10_s09_cov100_seed00000032_tiered_nt3,tiered,fast_gate,10,9,,,3,7,0,282,,0.0
c10_s09_cov100_seed00000032_tiered_nt3,tiered,fast_gate,10,9,,,3,8,0,39,,0.0
c10_s09_cov100_seed00000032_tiered_nt3,tiered,fast_gate,10,9,,,3,9,0,1,,0.0
c10_s09_cov100_seed00000033_tiered_nt3,tiered,fast_gate,10,9,,,3,0,1368,0,1.0,1.0
c10_s09_cov100_seed00000033_tiered_nt3,tiered,fast_gate,10,9,,,3,1,815,517,1.0,0.6118618618618619
c10_s09_cov100_seed00000033_tiered_nt3,tiered,fast_gate,10,9,,,3,2,210,1789,0.9952380952380953,0.10455227613806903
c10_s09_cov100_seed00000033_tiered_nt3,tiered,fast_gate,10,9,,,3,3,55,1716,1.0,0.031055900621118012
c10_s09_cov100_seed00000033_tiered_nt3,tiered,fast_gate,10,9,,,3,4,6,1911,1.0,0.003129890453834116
c10_s09_cov100_seed00000033_tiered_nt3,tiered,fast_gate,10,9,,,3,5,0,1480,,0.0
c10_s09_cov100_seed00000033_tiered_nt3,tiered,fast_gate,10,9,,,3,6,0,815,,0.0
c10_s09_cov100_seed00000033_tiered_nt3,tiered,fast_gate,10,9,,,3,7,0,282,,0.0
c10_s09_cov100_seed00000033_tiered_nt3,tiered,fast_gate,10,9,,,3,8,0,36,,0.0
c10_s09_cov100_seed00000034_tiered_nt3,tiered,fast_gate,10,9,,,3,0,1365,0,1.0,1.0
c10_s09_cov100_seed00000034_tiered_nt3,tiered,fast_gate,10,9,,,3,1,792,525,1.0,0.6013667425968109
c10_s09_cov100_seed00000034_tiered_nt3,tiered,fast_gate,10,9,,,3,2,212,1837,1.0,0.10346510492923378
c10_s09_cov100_seed00000034_tiered_nt3,tiered,fast_gate,10,9,,,3,3,42,1752,1.0,0.023411371237458192
c10_s09_cov100_seed00000034_tiered_nt3,tiered,fast_gate,10,9,,,3,4,4,1917,1.0,0.002082248828735034
c10_s09_cov100_seed00000034_tiered_nt3,tiered,fast_gate,10,9,,,3,5,0,1390,,0.0
c10_s09_cov100_seed00000034_tiered_nt3,tiered,fast_gate,10,9,,,3,6,0,805,,0.0
c10_s09_cov100_seed00000034_tiered_nt3,tiered,fast_gate,10,9,,,3,7,0,308,,0.0
c10_s09_cov100_seed00000034_tiered_nt3,tiered,fast_gate,10,9,,,3,8,0,49,,0.0
c10_s09_cov100_seed00000034_tiered_nt3,tiered,fast_gate,10,9,,,3,9,0,2,,0.0
c10_s09_cov100_seed00000035_tiered_nt3,tiered,fast_gate,10,9,,,3,0,1394,0,1.0,1.0
c10_s09_cov100_seed00000035_tiered_nt3,tiered,fast_gate,10,9,,,3,1,760,508,0.9986842105263158,0.5985804416403786
c10_s09_cov100_seed00000035_tiered_nt3,tiered,fast_gate,10,9,,,3,2,209,1815,1.0,0.10326086956521739
c10_s09_cov100_seed00000035_tiered_nt3,tiered,fast_gate,10,9,,,3,3,52,1739,1.0,0.029034059184812954
c10_s09_cov100_seed00000035_tiered_nt3,tiered,fast_gate,10,9,,,3,4,7,1886,1.0,0.0036978341257263604
c10_s09_cov100_seed00000035_tiered_nt3,tiered,fast_gate,10,9,,,3,5,0,1425,,0.0
c10_s09_cov100_seed00000035_tiered_nt3,tiered,fast_gate,10,9,,,3,6,0,857,,0.0
c10_s09_cov100_seed00000035_tiered_nt3,tiered,fast_gate,10,9,,,3,7,0,305,,0.0
c10_s09_cov100_seed00000035_tiered_nt3,tiered,fast_gate,10,9,,,3,8,0,41,,0.0
c10_s09_cov100_seed00000035_tiered_nt3,tiered,fast_gate,10,9,,,3,9,0,2,,0.0
c10_s09_cov100_seed00000036_tiered_nt3,tiered,fast_gate,10,9,,,3,0,1375,0,1.0,1.0
c10_s09_cov100_seed00000036_tiered_nt3,tiered,fast_gate,10,9,,,3,1,766,533,1.0,0.5896843725943033
c10_s09_cov100_seed00000036_tiered_nt3,tiered,fast_gate,10,9,,,3,2,193,1834,1.0,0.09521460286137148
c10_s09_cov100_seed00000036_tiered_nt3,tiered,fast_gate,10,9,,,3,3,53,1796,1.0,0.028664142779881017
c10_s09_cov100_seed00000036_tiered_nt3,tiered,fast_gate,10,9,,,3,4,7,1901,1.0,0.003668763102725367
c10_s09_cov100_seed00000036_tiered_nt3,tiered,fast_gate,10,9,,,3,5,0,1391,,0.0
c10_s09_cov100_seed00000036_tiered_nt3,tiered,fast_gate,10,9,,,3,6,0,829,,0.0
c10_s09_cov100_seed00000036_tiered_nt3,tiered,fast_gate,10,9,,,3,7,0,290,,0.0
c10_s09_cov100_seed00000036_tiered_nt3,tiered,fast_gate,10,9,,,3,8,0,30,,0.0
c10_s09_cov100_seed00000036_tiered_nt3,tiered,fast_gate,10,9,,,3,9,0,2,,0.0
c10_s09_cov100_seed00000037_tiered_nt3,tiered,fast_gate,10,9,,,3,0,1369,0,1.0,1.0
c10_s09_cov100_seed00000037_tiered_nt3,tiered,fast_gate,10,9,,,3,1,758,513,0.9986807387862797,0.5955940204563336
c10_s09_cov100_seed00000037_tiered_nt3,tiered,fast_gate,10,9,,,3,2,217,1803,1.0,0.10742574257425742
c10_s09_cov100_seed00000037_tiered_nt3,tiered,fast_gate,10,9,,,3,3,63,1806,1.0,0.033707865168539325
c10_s09_cov100_seed00000037_tiered_nt3,tiered,fast_gate,10,9,,,3,4,2,1829,1.0,0.0010922992900054614
c10_s09_cov100_seed00000037_tiered_nt3,tiered,fast_gate,10,9,,,3,5,0,1473,,0.0
c10_s09_cov100_seed00000037_tiered_nt3,tiered,fast_gate,10,9,,,3,6,0,804,,0.0
c10_s09_cov100_seed00000037_tiered_nt3,tiered,fast_gate,10,9,,,3,7,0,318,,0.0
c10_s09_cov100_seed00000037_tiered_nt3,tiered,fast_gate,10,9,,,3,8,0,44,,0.0
c10_s09_cov100_seed00000037_tiered_nt3,tiered,fast_gate,10,9,,,3,9,0,1,,0.0
c10_s09_cov100_seed00000038_tiered_nt3,tiered,fast_gate,10,9,,,3,0,1363,0,1.0,1.0
c10_s09_cov100_seed00000038_tiered_nt3,tiered,fast_gate,10,9,,,3,1,811,550,1.0,0.5958853783982366
c10_s09_cov100_seed00000038_tiered_nt3,tiered,fast_gate,10,9,,,3,2,194,1825,1.0,0.09608717186726103
c10_s09_cov100_seed00000038_tiered_nt3,tiered,fast_gate,10,9,,,3,3,50,1748,1.0,0.027808676307007785
c10_s09_cov100_seed00000038_tiered_nt3,tiered,fast_gate,10,9,,,3,4,4,1778,1.0,0.002244668911335578
c10_s09_cov100_seed00000038_tiered_nt3,tiered,fast_gate,10,9,,,3,5,0,1472,,0.0
c10_s09_cov100_seed00000038_tiered_nt3,tiered,fast_gate,10,9,,,3,6,0,857,,0.0
c10_s09_cov100_seed00000038_tiered_nt3,tiered,fast_gate,10,9,,,3,7,0,301,,0.0
c10_s09_cov100_seed00000038_tiered_nt3,tiered,fast_gate,10,9,,,3,8,0,46,,0.0
c10_s09_cov100_seed00000038_tiered_nt3,tiered,fast_gate,10,9,,,3,9,0,1,,0.0
c10_s09_cov100_seed00000039_tiered_nt3,tiered,fast_gate,10,9,,,3,0,1363,0,1.0,1.0
c10_s09_cov100_seed00000039_tiered_nt3,tiered,fast_gate,10,9,,,3,1,751,545,1.0,0.5794753086419753
c10_s09_cov100_seed00000039_tiered_nt3,tiered,fast_gate,10,9,,,3,2,192,1881,1.0,0.09261939218523878
c10_s09_cov100_seed00000039_tiered_nt3,tiered,fast_gate,10,9,,,3,3,32,1778,1.0,0.017679558011049725
c10_s09_cov100_seed00000039_tiered_nt3,tiered,fast_gate,10,9,,,3,4,6,1880,1.0,0.003181336161187699
c10_s09_cov100_seed00000039_tiered_nt3,tiered,fast_gate,10,9,,,3,5,0,1414,,0.0
c10_s09_cov100_seed00000039_tiered_nt3,tiered,fast_gate,10,9,,,3,6,0,804,,0.0
c10_s09_cov100_seed00000039_tiered_nt3,tiered,fast_gate,10,9,,,3,7,0,302,,0.0
c10_s09_cov100_seed00000039_tiered_nt3,tiered,fast_gate,10,9,,,3,8,0,47,,0.0
c10_s09_cov100_seed00000039_tiered_nt3,tiered,fast_gate,10,9,,,3,9,0,5,,0.0
c10_s09_cov100_seed00000000_tiered_nt4,tiered,fast_gate,10,9,,,4,0,1354,0,1.0,1.0
c10_s09_cov100_seed00000000_tiered_nt4,tiered,fast_gate,10,9,,,4,1,757,819,1.0,0.4803299492385787
c10_s09_cov100_seed00000000_tiered_nt4,tiered,fast_gate,10,9,,,4,2,163,1821,1.0,0.08215725806451613
c10_s09_cov100_seed00000000_tiered_nt4,tiered,fast_gate,10,9,,,4,3,47,1811,1.0,0.02529601722282024
c10_s09_cov100_seed00000000_tiered_nt4,tiered,fast_gate,10,9,,,4,4,16,1882,1.0,0.008429926238145416
c10_s09_cov100_seed00000000_tiered_nt4,tiered,fast_gate,10,9,,,4,5,6,1344,1.0,0.0044444444444444444
c10_s09_cov100_seed00000000_tiered_nt4,tiered,fast_gate,10,9,,,4,6,0,715,,0.0
c10_s09_cov100_seed00000000_tiered_nt4,tiered,fast_gate,10,9,,,4,7,0,208,,0.0
c10_s09_cov100_seed00000000_tiered_nt4,tiered,fast_gate,10,9,,,4,8,0,53,,0.0
c10_s09_cov100_seed00000000_tiered_nt4,tiered,fast_gate,10,9,,,4,9,0,4,,0.0
c10_s09_cov100_seed00000001_tiered_nt4,tiered,fast_gate,10,9,,,4,0,1341,0,1.0,1.0
c10_s09_cov100_seed00000001_tiered_nt4,tiered,fast_gate,10,9,,,4,1,745,768,1.0,0.49239920687376076
c10_s09_cov100_seed00000001_tiered_nt4,tiered,fast_gate,10,9,,,4,2,173,1884,1.0,0.08410306271268839
c10_s09_cov100_seed00000001_tiered_nt4,tiered,fast_gate,10,9,,,4,3,43,1830,1.0,0.022957821676454885
c10_s09_cov100_seed00000001_tiered_nt4,tiered,fast_gate,10,9,,,4,4,7,1861,1.0,0.003747323340471092
c10_s09_cov100_seed00000001_tiered_nt4,tiered,fast_gate,10,9,,,4,5,0,1390,,0.0
c10_s09_cov100_seed00000001_tiered_nt4,tiered,fast_gate,10,9,,,4,6,0,688,,0.0
c10_s09_cov100_seed00000001_tiered_nt4,tiered,fast_gate,10,9,,,4,7,0,229,,0.0
c10_s09_cov100_seed00000001_tiered_nt4,tiered,fast_gate,10,9,,,4,8,0,37,,0.0
c10_s09_cov100_seed00000001_tiered_nt4,tiered,fast_gate,10,9,,,4,9,0,4,,0.0
c10_s09_cov100_seed00000002_tiered_nt4,tiered,fast_gate,10,9,,,4,0,1391,0,1.0,1.0
c10_s09_cov100_seed00000002_tiered_nt4,tiered,fast_gate,10,9,,,4,1,744,773,1.0,0.4904416611733685
c10_s09_cov100_seed00000002_tiered_nt4,tiered,fast_gate,10,9,,,4,2,192,1809,1.0,0.095952023988006
c10_s09_cov100_seed00000002_tiered_nt4,tiered,fast_gate,10,9,,,4,3,44,1883,1.0,0.022833419823559936
c10_s09_cov100_seed00000002_tiered_nt4,tiered,fast_gate,10,9,,,4,4,11,1865,1.0,0.005863539445628998
c10_s09_cov100_seed00000002_tiered_nt4,tiered,fast_gate,10,9,,,4,5,2,1324,1.0,0.0015082956259426848
c10_s09_cov100_seed00000002_tiered_nt4,tiered,fast_gate,10,9,,,4,6,0,696,,0.0
c10_s09_cov100_seed00000002_tiered_nt4,tiered,fast_gate,10,9,,,4,7,0,214,,0.0
c10_s09_cov100_seed00000002_tiered_nt4,tiered,fast_gate,10,9,,,4,8,0,47,,0.0
c10_s09_cov100_seed00000002_tiered_nt4,tiered,fast_gate,10,9,,,4,9,0,5,,0.0
c10_s09_cov100_seed00000003_tiered_nt4,tiered,fast_gate,10,9,,,4,0,1338,0,1.0,1.0
c10_s09_cov100_seed00000003_tiered_nt4,tiered,fast_gate,10,9,,,4,1,746,787,1.0,0.4866275277234181
c10_s09_cov100_seed00000003_tiered_nt4,tiered,fast_gate,10,9,,,4,2,176,1861,1.0,0.08640157093765341
c10_s09_cov100_seed00000003_tiered_nt4,tiered,fast_gate,10,9,,,4,3,41,1792,1.0,0.02236770321876705
c10_s09_cov100_seed00000003_tiered_nt4,tiered,fast_gate,10,9,,,4,4,13,1852,1.0,0.006970509383378016
c10_s09_cov100_seed00000003_tiered_nt4,tiered,fast_gate,10,9,,,4,5,3,1437,1.0,0.0020833333333333333
c10_s09_cov100_seed00000003_tiered_nt4,tiered,fast_gate,10,9,,,4,6,0,688,,0.0
c10_s09_cov100_seed00000003_tiered_nt4,tiered,fast_gate,10,9,,,4,7,0,206,,0.0
c10_s09_cov100_seed00000003_tiered_nt4,tiered,fast_gate,10,9,,,4,8,0,54,,0.0
c10_s09_cov100_seed00000003_tiered_nt4,tiered,fast_gate,10,9,,,4,9,0,6,,0.0
c10_s09_cov100_seed00000004_tiered_nt4,tiered,fast_gate,10,9,,,4,0,1354,0,1.0,1.0
c10_s09_cov100_seed00000004_tiered_nt4,tiered,fast_gate,10,9,,,4,1,756,759,1.0,0.499009900990099
c10_s09_cov100_seed00000004_tiered_nt4,tiered,fast_gate,10,9,,,4,2,190,1797,1.0,0.09562154001006543
c10_s09_cov100_seed00000004_tiered_nt4,tiered,fast_gate,10,9,,,4,3,49,1819,1.0,0.026231263383297645
c10_s09_cov100_seed00000004_tiered_nt4,tiered,fast_gate,10,9,,,4,4,16,1964,1.0,0.00808080808080808
c10_s09_cov100_seed00000004_tiered_nt4,tiered,fast_gate,10,9,,,4,5,1,1366,1.0,0.000731528895391368
c10_s09_cov100_seed00000004_tiered_nt4,tiered,fast_gate,10,9,,,4,6,0,695,,0.0
c10_s09_cov100_seed00000004_tiered_nt4,tiered,fast_gate,10,9,,,4,7,0,195,,0.0
c10_s09_cov100_seed00000004_tiered_nt4,tiered,fast_gate,10,9,,,4,8,0,35,,0.0
c10_s09_cov100_seed00000004_tiered_nt4,tiered,fast_gate,10,9,,,4,9,0,4,,0.0
c10_s09_cov100_seed00000005_tiered_nt4,tiered,fast_gate,10,9,,,4,0,1361,0,1.0,1.0
c10_s09_cov100_seed00000005_tiered_nt4,tiered,fast_gate,10,9,,,4,1,747,800,1.0,0.48287007110536523
c10_s09_cov100_seed00000005_tiered_nt4,tiered,fast_gate,10,9,,,4,2,189,1831,1.0,0.09356435643564356
c10_s09_cov100_seed00000005_tiered_nt4,tiered,fast_gate,10,9,,,4,3,61,1791,1.0,0.032937365010799136
c10_s09_cov100_seed00000005_tiered_nt4,tiered,fast_gate,10,9,,,4,4,10,1881,1.0,0.005288207297726071
c10_s09_cov100_seed00000005_tiered_nt4,tiered,fast_gate,10,9,,,4,5,1,1352,1.0,0.0007390983000739098
c10_s09_cov100_seed00000005_tiered_nt4,tiered,fast_gate,10,9,,,4,6,0,696,,0.0
c10_s09_cov100_seed00000005_tiered_nt4,tiered,fast_gate,10,9,,,4,7,0,229,,0.0
c10_s09_cov100_seed00000005_tiered_nt4,tiered,fast_gate,10,9,,,4,8,0,45,,0.0
c10_s09_cov100_seed00000005_tiered_nt4,tiered,fast_gate,10,9,,,4,9,0,6,,0.0
c10_s09_cov100_seed00000006_tiered_nt4,tiered,fast_gate,10,9,,,4,0,1348,0,1.0,1.0
c10_s09_cov100_seed00000006_tiered_nt4,tiered,fast_gate,10,9,,,4,1,770,803,1.0,0.48951048951048953
c10_s09_cov100_seed00000006_tiered_nt4,tiered,fast_gate,10,9,,,4,2,183,1775,1.0,0.09346271705822268
c10_s09_cov100_seed00000006_tiered_nt4,tiered,fast_gate,10,9,,,4,3,51,1863,1.0,0.02664576802507837
c10_s09_cov100_seed00000006_tiered_nt4,tiered,fast_gate,10,9,,,4,4,12,1916,1.0,0.006224066390041493
c10_s09_cov100_seed00000006_tiered_nt4,tiered,fast_gate,10,9,,,4,5,1,1344,1.0,0.0007434944237918215
c10_s09_cov100_seed00000006_tiered_nt4,tiered,fast_gate,10,9,,,4,6,0,666,,0.0
c10_s09_cov100_seed00000006_tiered_nt4,tiered,fast_gate,10,9,,,4,7,0,208,,0.0
c10_s09_cov100_seed00000006_tiered_nt4,tiered,fast_gate,10,9,,,4,8,0,58,,0.0
c10_s09_cov100_seed00000006_tiered_nt4,tiered,fast_gate,10,9,,,4,9,0,2,,0.0
c10_s09_cov100_seed00000007_tiered_nt4,tiered,fast_gate,10,9,,,4,0,1374,0,1.0,1.0
c10_s09_cov100_seed00000007_tiered_nt4,tiered,fast_gate,10,9,,,4,1,791,736,1.0,0.5180091683038638
c10_s09_cov100_seed00000007_tiered_nt4,tiered,fast_gate,10,9,,,4,2,175,1826,1.0,0.08745627186406797
c10_s09_cov100_seed00000007_tiered_nt4,tiered,fast_gate,10,9,,,4,3,54,1799,1.0,0.02914193200215866
c10_s09_cov100_seed00000007_tiered_nt4,tiered,fast_gate,10,9,,,4,4,16,1910,1.0,0.008307372793354102
c10_s09_cov100_seed00000007_tiered_nt4,tiered,fast_gate,10,9,,,4,5,2,1368,1.0,0.00145985401459854
c10_s09_cov100_seed00000007_tiered_nt4,tiered,fast_gate,10,9,,,4,6,0,682,,0.0
c10_s09_cov100_seed00000007_tiered_nt4,tiered,fast_gate,10,9,,,4,7,0,234,,0.0
c10_s09_cov100_seed00000007_tiered_nt4,tiered,fast_gate,10,9,,,4,8,0,30,,0.0
c10_s09_cov100_seed00000007_tiered_nt4,tiered,fast_gate,10,9,,,4,9,0,3,,0.0
c10_s09_cov100_seed00000008_tiered_nt4,tiered,fast_gate,10,9,,,4,0,1388,0,1.0,1.0
c10_s09_cov100_seed00000008_tiered_nt4,tiered,fast_gate,10,9,,,4,1,757,774,1.0,0.49444807315480077
c10_s09_cov100_seed00000008_tiered_nt4,tiered,fast_gate,10,9,,,4,2,192,1775,1.0,0.09761057447890188
c10_s09_cov100_seed00000008_tiered_nt4,tiered,fast_gate,10,9,,,4,3,50,1862,1.0,0.02615062761506276
c10_s09_cov100_seed00000008_tiered_nt4,tiered,fast_gate,10,9,,,4,4,11,1879,1.0,0.00582010582010582
c10_s09_cov100_seed00000008_tiered_nt4,tiered,fast_gate,10,9,,,4,5,1,1385,1.0,0.0007215007215007215
c10_s09_cov100_seed00000008_tiered_nt4,tiered,fast_gate,10,9,,,4,6,0,693,,0.0
c10_s09_cov100_seed00000008_tiered_nt4,tiered,fast_gate,10,9,,,4,7,0,204,,0.0
c10_s09_cov100_seed00000008_tiered_nt4,tiered,fast_gate,10,9,,,4,8,0,28,,0.0
c10_s09_cov100_seed00000008_tiered_nt4,tiered,fast_gate,10,9,,,4,9,0,1,,0.0
c10_s09_cov100_seed00000009_tiered_nt4,tiered,fast_gate,10,9,,,4,0,1350,0,1.0,1.0
c10_s09_cov100_seed00000009_tiered_nt4,tiered,fast_gate,10,9,,,4,1,743,718,1.0,0.5085557837097878
c10_s09_cov100_seed00000009_tiered_nt4,tiered,fast_gate,10,9,,,4,2,179,1893,1.0,0.08638996138996138
c10_s09_cov100_seed00000009_tiered_nt4,tiered,fast_gate,10,9,,,4,3,38,1824,1.0,0.02040816326530612
c10_s09_cov100_seed00000009_tiered_nt4,tiered,fast_gate,10,9,,,4,4,8,1881,1.0,0.004235044997353097
c10_s09_cov100_seed00000009_tiered_nt4,tiered,fast_gate,10,9,,,4,5,3,1384,1.0,0.0021629416005767843
c10_s09_cov100_seed00000009_tiered_nt4,tiered,fast_gate,10,9,,,4,6,0,715,,0.0
c10_s09_cov100_seed00000009_tiered_nt4,tiered,fast_gate,10,9,,,4,7,0,224,,0.0
c10_s09_cov100_seed00000009_tiered_nt4,tiered,fast_gate,10,9,,,4,8,0,38,,0.0
c10_s09_cov100_seed00000009_tiered_nt4,tiered,fast_gate,10,9,,,4,9,0,2,,0.0
c10_s09_cov100_seed00000010_tiered_nt4,tiered,fast_gate,10,9,,,4,0,1398,0,1.0,1.0
c10_s09_cov100_seed00000010_tiered_nt4,tiered,fast_gate,10,9,,,4,1,746,758,1.0,0.49601063829787234
c10_s09_cov100_seed00000010_tiered_nt4,tiered,fast_gate,10,9,,,4,2,164,1806,1.0,0.083248730964467
c10_s09_cov100_seed00000010_tiered_nt4,tiered,fast_gate,10,9,,,4,3,41,1832,1.0,0.02189001601708489
c10_s09_cov100_seed00000010_tiered_nt4,tiered,fast_gate,10,9,,,4,4,12,1849,1.0,0.006448146157979581
c10_s09_cov100_seed00000010_tiered_nt4,tiered,fast_gate,10,9,,,4,5,0,1432,,0.0
c10_s09_cov100_seed00000010_tiered_nt4,tiered,fast_gate,10,9,,,4,6,0,700,,0.0
c10_s09_cov100_seed00000010_tiered_nt4,tiered,fast_gate,10,9,,,4,7,0,214,,0.0
c10_s09_cov100_seed00000010_tiered_nt4,tiered,fast_gate,10,9,,,4,8,0,42,,0.0
c10_s09_cov100_seed00000010_tiered_nt4,tiered,fast_gate,10,9,,,4,9,0,6,,0.0
c10_s09_cov100_seed00000011_tiered_nt4,tiered,fast_gate,10,9,,,4,0,1378,0,1.0,1.0
c10_s09_cov100_seed00000011_tiered_nt4,tiered,fast_gate,10,9,,,4,1,711,757,1.0,0.4843324250681199
c10_s09_cov100_seed00000011_tiered_nt4,tiered,fast_gate,10,9,,,4,2,168,1847,1.0,0.08337468982630274
c10_s09_cov100_seed00000011_tiered_nt4,tiered,fast_gate,10,9,,,4,3,38,1797,1.0,0.020708446866485014
c10_s09_cov100_seed00000011_tiered_nt4,tiered,fast_gate,10,9,,,4,4,11,1903,1.0,0.005747126436781609
c10_s09_cov100_seed00000011_tiered_nt4,tiered,fast_gate,10,9,,,4,5,1,1350,1.0,0.0007401924500370096
c10_s09_cov100_seed00000011_tiered_nt4,tiered,fast_gate,10,9,,,4,6,0,779,,0.0
c10_s09_cov100_seed00000011_tiered_nt4,tiered,fast_gate,10,9,,,4,7,0,206,,0.0
c10_s09_cov100_seed00000011_tiered_nt4,tiered,fast_gate,10,9,,,4,8,0,51,,0.0
c10_s09_cov100_seed00000011_tiered_nt4,tiered,fast_gate,10,9,,,4,9,0,3,,0.0
c10_s09_cov100_seed00000012_tiered_nt4,tiered,fast_gate,10,9,,,4,0,1409,0,1.0,1.0
c10_s09_cov100_seed00000012_tiered_nt4,tiered,fast_gate,10,9,,,4,1,698,739,1.0,0.4857341684064022
c10_s09_cov100_seed00000012_tiered_nt4,tiered,fast_gate,10,9,,,4,2,168,1867,1.0,0.08255528255528255
c10_s09_cov100_seed00000012_tiered_nt4,tiered,fast_gate,10,9,,,4,3,52,1790,1.0,0.02823018458197611
c10_s09_cov100_seed00000012_tiered_nt4,tiered,fast_gate,10,9,,,4,4,8,1927,1.0,0.004134366925064599
c10_s09_cov100_seed00000012_tiered_nt4,tiered,fast_gate,10,9,,,4,5,1,1386,1.0,0.0007209805335255948
c10_s09_cov100_seed00000012_tiered_nt4,tiered,fast_gate,10,9,,,4,6,0,699,,0.0
c10_s09_cov100_seed00000012_tiered_nt4,tiered,fast_gate,10,9,,,4,7,0,211,,0.0
c10_s09_cov100_seed00000012_tiered_nt4,tiered,fast_gate,10,9,,,4,8,0,42,,0.0
c10_s09_cov100_seed00000012_tiered_nt4,tiered,fast_gate,10,9,,,4,9,0,3,,0.0
c10_s09_cov100_seed00000013_tiered_nt4,tiered,fast_gate,10,9,,,4,0,1325,0,1.0,1.0
c10_s09_cov100_seed00000013_tiered_nt4,tiered,fast_gate,10,9,,,4,1,795,771,1.0,0.5076628352490421
c10_s09_cov100_seed00000013_tiered_nt4,tiered,fast_gate,10,9,,,4,2,177,1807,1.0,0.08921370967741936
c10_s09_cov100_seed00000013_tiered_nt4,tiered,fast_gate,10,9,,,4,3,36,1885,1.0,0.018740239458615304
c10_s09_cov100_seed00000013_tiered_nt4,tiered,fast_gate,10,9,,,4,4,12,1861,1.0,0.006406833956219968
c10_s09_cov100_seed00000013_tiered_nt4,tiered,fast_gate,10,9,,,4,5,1,1399,1.0,0.0007142857142857143
c10_s09_cov100_seed00000013_tiered_nt4,tiered,fast_gate,10,9,,,4,6,0,706,,0.0
c10_s09_cov100_seed00000013_tiered_nt4,tiered,fast_gate,10,9,,,4,7,0,189,,0.0
c10_s09_cov100_seed00000013_tiered_nt4,tiered,fast_gate,10,9,,,4,8,0,34,,0.0
c10_s09_cov100_seed00000013_tiered_nt4,tiered,fast_gate,10,9,,,4,9,0,2,,0.0
c10_s09_cov100_seed00000014_tiered_nt4,tiered,fast_gate,10,9,,,4,0,1339,0,1.0,1.0
c10_s09_cov100_seed00000014_tiered_nt4,tiered,fast_gate,10,9,,,4,1,733,748,1.0,0.4949358541525996
c10_s09_cov100_seed00000014_tiered_nt4,tiered,fast_gate,10,9,,,4,2,198,1872,1.0,0.09565217391304348
c10_s09_cov100_seed00000014_tiered_nt4,tiered,fast_gate,10,9,,,4,3,49,1833,1.0,0.026036131774707757
c10_s09_cov100_seed00000014_tiered_nt4,tiered,fast_gate,10,9,,,4,4,10,1885,1.0,0.005277044854881266
c10_s09_cov100_seed00000014_tiered_nt4,tiered,fast_gate,10,9,,,4,5,3,1353,1.0,0.0022123893805309734
c10_s09_cov100_seed00000014_tiered_nt4,tiered,fast_gate,10,9,,,4,6,0,720,,0.0
c10_s09_cov100_seed00000014_tiered_nt4,tiered,fast_gate,10,9,,,4,7,0,206,,0.0
c10_s09_cov100_seed00000014_tiered_nt4,tiered,fast_gate,10,9,,,4,8,0,45,,0.0
c10_s09_cov100_seed00000014_tiered_nt4,tiered,fast_gate,10,9,,,4,9,0,6,,0.0
c10_s09_cov100_seed00000015_tiered_nt4,tiered,fast_gate,10,9,,,4,0,1377,0,1.0,1.0
c10_s09_cov100_seed00000015_tiered_nt4,tiered,fast_gate,10,9,,,4,1,754,807,1.0,0.48302370275464446
c10_s09_cov100_seed00000015_tiered_nt4,tiered,fast_gate,10,9,,,4,2,208,1806,1.0,0.10327706057596822
c10_s09_cov100_seed00000015_tiered_nt4,tiered,fast_gate,10,9,,,4,3,51,1801,1.0,0.0275377969762419
c10_s09_cov100_seed00000015_tiered_nt4,tiered,fast_gate,10,9,,,4,4,11,1833,1.0,0.00596529284164859
c10_s09_cov100_seed00000015_tiered_nt4,tiered,fast_gate,10,9,,,4,5,1,1391,1.0,0.0007183908045977011
c10_s09_cov100_seed00000015_tiered_nt4,tiered,fast_gate,10,9,,,4,6,0,698,,0.0
c10_s09_cov100_seed00000015_tiered_nt4,tiered,fast_gate,10,9,,,4,7,0,219,,0.0
c10_s09_cov100_seed00000015_tiered_nt4,tiered,fast_gate,10,9,,,4,8,0,41,,0.0
c10_s09_cov100_seed00000015_tiered_nt4,tiered,fast_gate,10,9,,,4,9,0,2,,0.0
c10_s09_cov100_seed00000016_tiered_nt4,tiered,fast_gate,10,9,,,4,0,1392,0,1.0,1.0
c10_s09_cov100_seed00000016_tiered_nt4,tiered,fast_gate,10,9,,,4,1,779,784,1.0,0.4984005118362124
c10_s09_cov100_seed00000016_tiered_nt4,tiered,fast_gate,10,9,,,4,2,173,1809,1.0,0.08728557013118063
c10_s09_cov100_seed00000016_tiered_nt4,tiered,fast_gate,10,9,,,4,3,38,1799,1.0,0.020685900925421885
c10_s09_cov100_seed00000016_tiered_nt4,tiered,fast_gate,10,9,,,4,4,16,1893,1.0,0.008381351492928235
c10_s09_cov100_seed00000016_tiered_nt4,tiered,fast_gate,10,9,,,4,5,3,1386,1.0,0.0021598272138228943
c10_s09_cov100_seed00000016_tiered_nt4,tiered,fast_gate,10,9,,,4,6,0,684,,0.0
c10_s09_cov100_seed00000016_tiered_nt4,tiered,fast_gate,10,9,,,4,7,0,202,,0.0
c10_s09_cov100_seed00000016_tiered_nt4,tiered,fast_gate,10,9,,,4,8,0,39,,0.0
c10_s09_cov100_seed00000016_tiered_nt4,tiered,fast_gate,10,9,,,4,9,0,3,,0.0
c10_s09_cov100_seed00000017_tiered_nt4,tiered,fast_gate,10,9,,,4,0,1345,0,1.0,1.0
c10_s09_cov100_seed00000017_tiered_nt4,tiered,fast_gate,10,9,,,4,1,775,788,1.0,0.49584133077415227
c10_s09_cov100_seed00000017_tiered_nt4,tiered,fast_gate,10,9,,,4,2,163,1863,1.0,0.08045409674234946
c10_s09_cov100_seed00000017_tiered_nt4,tiered,fast_gate,10,9,,,4,3,51,1815,1.0,0.027331189710610933
c10_s09_cov100_seed00000017_tiered_nt4,tiered,fast_gate,10,9,,,4,4,13,1827,1.0,0.007065217391304348
c10_s09_cov100_seed00000017_tiered_nt4,tiered,fast_gate,10,9,,,4,5,2,1431,1.0,0.0013956734124214933
c10_s09_cov100_seed00000017_tiered_nt4,tiered,fast_gate,10,9,,,4,6,0,659,,0.0
c10_s09_cov100_seed00000017_tiered_nt4,tiered,fast_gate,10,9,,,4,7,0,226,,0.0
c10_s09_cov100_seed00000017_tiered_nt4,tiered,fast_gate,10,9,,,4,8,0,41,,0.0
c10_s09_cov100_seed00000017_tiered_nt4,tiered,fast_gate,10,9,,,4,9,0,1,,0.0
c10_s09_cov100_seed00000018_tiered_nt4,tiered,fast_gate,10,9,,,4,0,1372,0,1.0,1.0
c10_s09_cov100_seed00000018_tiered_nt4,tiered,fast_gate,10,9,,,4,1,740,729,1.0,0.5037440435670524
c10_s09_cov100_seed00000018_tiered_nt4,tiered,fast_gate,10,9,,,4,2,154,1872,1.0,0.07601184600197433
c10_s09_cov100_seed00000018_tiered_nt4,tiered,fast_gate,10,9,,,4,3,58,1884,1.0,0.029866117404737384
c10_s09_cov100_seed00000018_tiered_nt4,tiered,fast_gate,10,9,,,4,4,11,1841,1.0,0.005939524838012959
c10_s09_cov100_seed00000018_tiered_nt4,tiered,fast_gate,10,9,,,4,5,0,1402,,0.0
c10_s09_cov100_seed00000018_tiered_nt4,tiered,fast_gate,10,9,,,4,6,1,680,1.0,0.0014684287812041115
c10_s09_cov100_seed00000018_tiered_nt4,tiered,fast_gate,10,9,,,4,7,0,208,,0.0
c10_s09_cov100_seed00000018_tiered_nt4,tiered,fast_gate,10,9,,,4,8,0,44,,0.0
c10_s09_cov100_seed00000018_tiered_nt4,tiered,fast_gate,10,9,,,4,9,0,4,,0.0
c10_s09_cov100_seed00000019_tiered_nt4,tiered,fast_gate,10,9,,,4,0,1365,0,1.0,1.0
c10_s09_cov100_seed00000019_tiered_nt4,tiered,fast_gate,10,9,,,4,1,778,759,1.0,0.5061808718282368
c10_s09_cov100_seed00000019_tiered_nt4,tiered,fast_gate,10,9,,,4,2,178,1832,1.0,0.08855721393034825
c10_s09_cov100_seed00000019_tiered_nt4,tiered,fast_gate,10,9,,,4,3,32,1819,1.0,0.01728795245813074
c10_s09_cov100_seed00000019_tiered_nt4,tiered,fast_gate,10,9,,,4,4,6,1953,1.0,0.0030627871362940277
c10_s09_cov100_seed00000019_tiered_nt4,tiered,fast_gate,10,9,,,4,5,3,1355,1.0,0.0022091310751104565
c10_s09_cov100_seed00000019_tiered_nt4,tiered,fast_gate,10,9,,,4,6,0,677,,0.0
c10_s09_cov100_seed00000019_tiered_nt4,tiered,fast_gate,10,9,,,4,7,0,216,,0.0
c10_s09_cov100_seed00000019_tiered_nt4,tiered,fast_gate,10,9,,,4,8,0,26,,0.0
c10_s09_cov100_seed00000019_tiered_nt4,tiered,fast_gate,10,9,,,4,9,0,1,,0.0
c10_s09_cov100_seed00000020_tiered_nt4,tiered,fast_gate,10,9,,,4,0,1370,0,1.0,1.0
c10_s09_cov100_seed00000020_tiered_nt4,tiered,fast_gate,10,9,,,4,1,785,722,1.0,0.5209024552090246
c10_s09_cov100_seed00000020_tiered_nt4,tiered,fast_gate,10,9,,,4,2,193,1855,1.0,0.09423828125
c10_s09_cov100_seed00000020_tiered_nt4,tiered,fast_gate,10,9,,,4,3,41,1792,1.0,0.02236770321876705
c10_s09_cov100_seed00000020_tiered_nt4,tiered,fast_gate,10,9,,,4,4,17,1896,1.0,0.008886565603763722
c10_s09_cov100_seed00000020_tiered_nt4,tiered,fast_gate,10,9,,,4,5,4,1410,1.0,0.002828854314002829
c10_s09_cov100_seed00000020_tiered_nt4,tiered,fast_gate,10,9,,,4,6,0,660,,0.0
c10_s09_cov100_seed00000020_tiered_nt4,tiered,fast_gate,10,9,,,4,7,0,199,,0.0
c10_s09_cov100_seed00000020_tiered_nt4,tiered,fast_gate,10,9,,,4,8,0,54,,0.0
c10_s09_cov100_seed00000020_tiered_nt4,tiered,fast_gate,10,9,,,4,9,0,2,,0.0
c10_s09_cov100_seed00000021_tiered_nt4,tiered,fast_gate,10,9,,,4,0,1393,0,1.0,1.0
c10_s09_cov100_seed00000021_tiered_nt4,tiered,fast_gate,10,9,,,4,1,749,757,1.0,0.49734395750332006
c10_s09_cov100_seed00000021_tiered_nt4,tiered,fast_gate,10,9,,,4,2,181,1814,1.0,0.09072681704260652
c10_s09_cov100_seed00000021_tiered_nt4,tiered,fast_gate,10,9,,,4,3,45,1800,1.0,0.024390243902439025
c10_s09_cov100_seed00000021_tiered_nt4,tiered,fast_gate,10,9,,,4,4,9,1881,1.0,0.004761904761904762
c10_s09_cov100_seed00000021_tiered_nt4,tiered,fast_gate,10,9,,,4,5,1,1404,1.0,0.0007117437722419929
c10_s09_cov100_seed00000021_tiered_nt4,tiered,fast_gate,10,9,,,4,6,0,728,,0.0
c10_s09_cov100_seed00000021_tiered_nt4,tiered,fast_gate,10,9,,,4,7,0,196,,0.0
c10_s09_cov100_seed00000021_tiered_nt4,tiered,fast_gate,10,9,,,4,8,0,35,,0.0
c10_s09_cov100_seed00000021_tiered_nt4,tiered,fast_gate,10,9,,,4,9,0,7,,0.0
c10_s09_cov100_seed00000022_tiered_nt4,tiered,fast_gate,10,9,,,4,0,1384,0,1.0,1.0
c10_s09_cov100_seed00000022_tiered_nt4,tiered,fast_gate,10,9,,,4,1,743,818,1.0,0.47597693786034595
c10_s09_cov100_seed00000022_tiered_nt4,tiered,fast_gate,10,9,,,4,2,158,1772,1.0,0.08186528497409326
c10_s09_cov100_seed00000022_tiered_nt4,tiered,fast_gate,10,9,,,4,3,46,1794,1.0,0.025
c10_s09_cov100_seed00000022_tiered_nt4,tiered,fast_gate,10,9,,,4,4,12,1900,1.0,0.006276150627615063
c10_s09_cov100_seed00000022_tiered_nt4,tiered,fast_gate,10,9,,,4,5,0,1394,,0.0
c10_s09_cov100_seed00000022_tiered_nt4,tiered,fast_gate,10,9,,,4,6,0,737,,0.0
c10_s09_cov100_seed00000022_tiered_nt4,tiered,fast_gate,10,9,,,4,7,0,197,,0.0
c10_s09_cov100_seed00000022_tiered_nt4,tiered,fast_gate,10,9,,,4,8,0,43,,0.0
c10_s09_cov100_seed00000022_tiered_nt4,tiered,fast_gate,10,9,,,4,9,0,2,,0.0
c10_s09_cov100_seed00000023_tiered_nt4,tiered,fast_gate,10,9,,,4,0,1344,0,1.0,1.0
c10_s09_cov100_seed00000023_tiered_nt4,tiered,fast_gate,10,9,,,4,1,748,782,1.0,0.4888888888888889
c10_s09_cov100_seed00000023_tiered_nt4,tiered,fast_gate,10,9,,,4,2,175,1825,1.0,0.0875
c10_s09_cov100_seed00000023_tiered_nt4,tiered,fast_gate,10,9,,,4,3,40,1851,1.0,0.021152829190904283
c10_s09_cov100_seed00000023_tiered_nt4,tiered,fast_gate,10,9,,,4,4,11,1856,1.0,0.0058918050348152114
c10_s09_cov100_seed00000023_tiered_nt4,tiered,fast_gate,10,9,,,4,5,2,1391,1.0,0.0014357501794687725
c10_s09_cov100_seed00000023_tiered_nt4,tiered,fast_gate,10,9,,,4,6,0,719,,0.0
c10_s09_cov100_seed00000023_tiered_nt4,tiered,fast_gate,10,9,,,4,7,0,208,,0.0
c10_s09_cov100_seed00000023_tiered_nt4,tiered,fast_gate,10,9,,,4,8,0,45,,0.0
c10_s09_cov100_seed00000023_tiered_nt4,tiered,fast_gate,10,9,,,4,9,0,3,,0.0
c10_s09_cov100_seed00000024_tiered_nt4,tiered,fast_gate,10,9,,,4,0,1411,0,1.0,1.0
c10_s09_cov100_seed00000024_tiered_nt4,tiered,fast_gate,10,9,,,4,1,763,765,1.0,0.4993455497382199
c10_s09_cov100_seed00000024_tiered_nt4,tiered,fast_gate,10,9,,,4,2,197,1797,1.0,0.09879638916750251
c10_s09_cov100_seed00000024_tiered_nt4,tiered,fast_gate,10,9,,,4,3,44,1819,1.0,0.023617820719269995
c10_s09_cov100_seed00000024_tiered_nt4,tiered,fast_gate,10,9,,,4,4,14,1855,1.0,0.00749063670411985
c10_s09_cov100_seed00000024_tiered_nt4,tiered,fast_gate,10,9,,,4,5,1,1380,1.0,0.000724112961622013
c10_s09_cov100_seed00000024_tiered_nt4,tiered,fast_gate,10,9,,,4,6,0,683,,0.0
c10_s09_cov100_seed00000024_tiered_nt4,tiered,fast_gate,10,9,,,4,7,0,217,,0.0
c10_s09_cov100_seed00000024_tiered_nt4,tiered,fast_gate,10,9,,,4,8,0,54,,0.0
c10_s09_cov100_seed00000025_tiered_nt4,tiered,fast_gate,10,9,,,4,0,1359,0,1.0,1.0
c10_s09_cov100_seed00000025_tiered_nt4,tiered,fast_gate,10,9,,,4,1,778,720,1.0,0.5193591455273698
c10_s09_cov100_seed00000025_tiered_nt4,tiered,fast_gate,10,9,,,4,2,171,1828,1.0,0.08554277138569284
c10_s09_cov100_seed00000025_tiered_nt4,tiered,fast_gate,10,9,,,4,3,55,1830,1.0,0.029177718832891247
c10_s09_cov100_seed00000025_tiered_nt4,tiered,fast_gate,10,9,,,4,4,8,1908,1.0,0.0041753653444676405
c10_s09_cov100_seed00000025_tiered_nt4,tiered,fast_gate,10,9,,,4,5,0,1370,,0.0
c10_s09_cov100_seed00000025_tiered_nt4,tiered,fast_gate,10,9,,,4,6,0,694,,0.0
c10_s09_cov100_seed00000025_tiered_nt4,tiered,fast_gate,10,9,,,4,7,0,225,,0.0
c10_s09_cov100_seed00000025_tiered_nt4,tiered,fast_gate,10,9,,,4,8,0,46,,0.0
c10_s09_cov100_seed00000025_tiered_nt4,tiered,fast_gate,10,9,,,4,9,0,8,,0.0
c10_s09_cov100_seed00000026_tiered_nt4,tiered,fast_gate,10,9,,,4,0,1388,0,1.0,1.0
c10_s09_cov100_seed00000026_tiered_nt4,tiered,fast_gate,10,9,,,4,1,757,768,1.0,0.4963934426229508
c10_s09_cov100_seed00000026_tiered_nt4,tiered,fast_gate,10,9,,,4,2,172,1777,1.0,0.08825038481272447
c10_s09_cov100_seed00000026_tiered_nt4,tiered,fast_gate,10,9,,,4,3,47,1788,1.0,0.02561307901907357
c10_s09_cov100_seed00000026_tiered_nt4,tiered,fast_gate,10,9,,,4,4,12,1942,1.0,0.006141248720573183
c10_s09_cov100_seed00000026_tiered_nt4,tiered,fast_gate,10,9,,,4,5,1,1404,1.0,0.0007117437722419929
c10_s09_cov100_seed00000026_tiered_nt4,tiered,fast_gate,10,9,,,4,6,0,694,,0.0
c10_s09_cov100_seed00000026_tiered_nt4,tiered,fast_gate,10,9,,,4,7,0,208,,0.0
c10_s09_cov100_seed00000026_tiered_nt4,tiered,fast_gate,10,9,,,4,8,0,38,,0.0
c10_s09_cov100_seed00000026_tiered_nt4,tiered,fast_gate,10,9,,,4,9,0,4,,0.0
c10_s09_cov100_seed00000027_tiered_nt4,tiered,fast_gate,10,9,,,4,0,1387,0,1.0,1.0
c10_s09_cov100_seed00000027_tiered_nt4,tiered,fast_gate,10,9,,,4,1,786,783,1.0,0.5009560229445507
c10_s09_cov100_seed00000027_tiered_nt4,tiered,fast_gate,10,9,,,4,2,159,1733,1.0,0.08403805496828752
c10_s09_cov100_seed00000027_tiered_nt4,tiered,fast_gate,10,9,,,4,3,47,1855,1.0,0.024710830704521555
c10_s09_cov100_seed00000027_tiered_nt4,tiered,fast_gate,10,9,,,4,4,13,1840,1.0,0.007015650296815974
c10_s09_cov100_seed00000027_tiered_nt4,tiered,fast_gate,10,9,,,4,5,0,1375,,0.0
c10_s09_cov100_seed00000027_tiered_nt4,tiered,fast_gate,10,9,,,4,6,0,735,,0.0
c10_s09_cov100_seed00000027_tiered_nt4,tiered,fast_gate,10,9,,,4,7,0,232,,0.0
c10_s09_cov100_seed00000027_tiered_nt4,tiered,fast_gate,10,9,,,4,8,0,52,,0.0
c10_s09_cov100_seed00000027_tiered_nt4,tiered,fast_gate,10,9,,,4,9,0,3,,0.0
c10_s09_cov100_seed00000028_tiered_nt4,tiered,fast_gate,10,9,,,4,0,1374,0,1.0,1.0
c10_s09_cov100_seed00000028_tiered_nt4,tiered,fast_gate,10,9,,,4,1,768,774,1.0,0.4980544747081712
c10_s09_cov100_seed00000028_tiered_nt4,tiered,fast_gate,10,9,,,4,2,199,1804,1.0,0.09935097353969047
c10_s09_cov100_seed00000028_tiered_nt4,tiered,fast_gate,10,9,,,4,3,54,1734,1.0,0.030201342281879196
c10_s09_cov100_seed00000028_tiered_nt4,tiered,fast_gate,10,9,,,4,4,12,1879,1.0,0.006345848757271285
c10_s09_cov100_seed00000028_tiered_nt4,tiered,fast_gate,10,9,,,4,5,1,1422,1.0,0.0007027406886858749
c10_s09_cov100_seed00000028_tiered_nt4,tiered,fast_gate,10,9,,,4,6,0,717,,0.0
c10_s09_cov100_seed00000028_tiered_nt4,tiered,fast_gate,10,9,,,4,7,0,217,,0.0
c10_s09_cov100_seed00000028_tiered_nt4,tiered,fast_gate,10,9,,,4,8,0,41,,0.0
c10_s09_cov100_seed00000028_tiered_nt4,tiered,fast_gate,10,9,,,4,9,0,4,,0.0
c10_s09_cov100_seed00000029_tiered_nt4,tiered,fast_gate,10,9,,,4,0,1388,0,1.0,1.0
c10_s09_cov100_seed00000029_tiered_nt4,tiered,fast_gate,10,9,,,4,1,788,731,1.0,0.5187623436471362
c10_s09_cov100_seed00000029_tiered_nt4,tiered,fast_gate,10,9,,,4,2,178,1832,1.0,0.08855721393034825
c10_s09_cov100_seed00000029_tiered_nt4,tiered,fast_gate,10,9,,,4,3,40,1825,1.0,0.021447721179624665
c10_s09_cov100_seed00000029_tiered_nt4,tiered,fast_gate,10,9,,,4,4,14,1882,1.0,0.007383966244725738
c10_s09_cov100_seed00000029_tiered_nt4,tiered,fast_gate,10,9,,,4,5,4,1371,1.0,0.002909090909090909
c10_s09_cov100_seed00000029_tiered_nt4,tiered,fast_gate,10,9,,,4,6,0,692,,0.0
c10_s09_cov100_seed00000029_tiered_nt4,tiered,fast_gate,10,9,,,4,7,0,208,,0.0
c10_s09_cov100_seed00000029_tiered_nt4,tiered,fast_gate,10,9,,,4,8,0,41,,0.0
c10_s09_cov100_seed00000029_tiered_nt4,tiered,fast_gate,10,9,,,4,9,0,6,,0.0
c10_s09_cov100_seed00000030_tiered_nt4,tiered,fast_gate,10,9,,,4,0,1358,0,1.0,1.0
c10_s09_cov100_seed00000030_tiered_nt4,tiered,fast_gate,10,9,,,4,1,794,766,1.0,0.5089743589743589
c10_s09_cov100_seed00000030_tiered_nt4,tiered,fast_gate,10,9,,,4,2,178,1814,1.0,0.0893574297188755
c10_s09_cov100_seed00000030_tiered_nt4,tiered,fast_gate,10,9,,,4,3,48,1753,1.0,0.026651860077734593
c10_s09_cov100_seed00000030_tiered_nt4,tiered,fast_gate,10,9,,,4,4,14,1946,1.0,0.007142857142857143
c10_s09_cov100_seed00000030_tiered_nt4,tiered,fast_gate,10,9,,,4,5,2,1378,1.0,0.0014492753623188406
c10_s09_cov100_seed00000030_tiered_nt4,tiered,fast_gate,10,9,,,4,6,0,681,,0.0
c10_s09_cov100_seed00000030_tiered_nt4,tiered,fast_gate,10,9,,,4,7,0,219,,0.0
c10_s09_cov100_seed00000030_tiered_nt4,tiered,fast_gate,10,9,,,4,8,0,46,,0.0
c10_s09_cov100_seed00000030_tiered_nt4,tiered,fast_gate,10,9,,,4,9,0,3,,0.0
c10_s09_cov100_seed00000031_tiered_nt4,tiered,fast_gate,10,9,,,4,0,1391,0,1.0,1.0
c10_s09_cov100_seed00000031_tiered_nt4,tiered,fast_gate,10,9,,,4,1,753,756,1.0,0.4990059642147117
c10_s09_cov100_seed00000031_tiered_nt4,tiered,fast_gate,10,9,,,4,2,166,1824,1.0,0.08341708542713568
c10_s09_cov100_seed00000031_tiered_nt4,tiered,fast_gate,10,9,,,4,3,39,1821,1.0,0.020967741935483872
c10_s09_cov100_seed00000031_tiered_nt4,tiered,fast_gate,10,9,,,4,4,6,1911,1.0,0.003129890453834116
c10_s09_cov100_seed00000031_tiered_nt4,tiered,fast_gate,10,9,,,4,5,1,1351,1.0,0.0007396449704142012
c10_s09_cov100_seed00000031_tiered_nt4,tiered,fast_gate,10,9,,,4,6,0,724,,0.0
c10_s09_cov100_seed00000031_tiered_nt4,tiered,fast_gate,10,9,,,4,7,0,217,,0.0
c10_s09_cov100_seed00000031_tiered_nt4,tiered,fast_gate,10,9,,,4,8,0,34,,0.0
c10_s09_cov100_seed00000031_tiered_nt4,tiered,fast_gate,10,9,,,4,9,0,6,,0.0
c10_s09_cov100_seed00000032_tiered_nt4,tiered,fast_gate,10,9,,,4,0,1359,0,1.0,1.0
c10_s09_cov100_seed00000032_tiered_nt4,tiered,fast_gate,10,9,,,4,1,775,759,1.0,0.5052151238591917
c10_s09_cov100_seed00000032_tiered_nt4,tiered,fast_gate,10,9,,,4,2,156,1861,1.0,0.07734258800198314
c10_s09_cov100_seed00000032_tiered_nt4,tiered,fast_gate,10,9,,,4,3,41,1780,1.0,0.022515101592531575
c10_s09_cov100_seed00000032_tiered_nt4,tiered,fast_gate,10,9,,,4,4,8,1888,1.0,0.004219409282700422
c10_s09_cov100_seed00000032_tiered_nt4,tiered,fast_gate,10,9,,,4,5,3,1418,1.0,0.00211118930330753
c10_s09_cov100_seed00000032_tiered_nt4,tiered,fast_gate,10,9,,,4,6,0,707,,0.0
c10_s09_cov100_seed00000032_tiered_nt4,tiered,fast_gate,10,9,,,4,7,0,203,,0.0
c10_s09_cov100_seed00000032_tiered_nt4,tiered,fast_gate,10,9,,,4,8,0,36,,0.0
c10_s09_cov100_seed00000032_tiered_nt4,tiered,fast_gate,10,9,,,4,9,0,6,,0.0
c10_s09_cov100_seed00000033_tiered_nt4,tiered,fast_gate,10,9,,,4,0,1372,0,1.0,1.0
c10_s09_cov100_seed00000033_tiered_nt4,tiered,fast_gate,10,9,,,4,1,719,776,1.0,0.4809364548494983
c10_s09_cov100_seed00000033_tiered_nt4,tiered,fast_gate,10,9,,,4,2,186,1835,1.0,0.09203364670954972
c10_s09_cov100_seed00000033_tiered_nt4,tiered,fast_gate,10,9,,,4,3,39,1819,1.0,0.02099031216361679
c10_s09_cov100_seed00000033_tiered_nt4,tiered,fast_gate,10,9,,,4,4,7,1896,1.0,0.0036784025223331584
c10_s09_cov100_seed00000033_tiered_nt4,tiered,fast_gate,10,9,,,4,5,3,1381,1.0,0.002167630057803468
c10_s09_cov100_seed00000033_tiered_nt4,tiered,fast_gate,10,9,,,4,6,0,694,,0.0
c10_s09_cov100_seed00000033_tiered_nt4,tiered,fast_gate,10,9,,,4,7,0,218,,0.0
c10_s09_cov100_seed00000033_tiered_nt4,tiered,fast_gate,10,9,,,4,8,0,53,,0.0
c10_s09_cov100_seed00000033_tiered_nt4,tiered,fast_gate,10,9,,,4,9,0,2,,0.0
c10_s09_cov100_seed00000034_tiered_nt4,tiered,fast_gate,10,9,,,4,0,1358,0,1.0,1.0
c10_s09_cov100_seed00000034_tiered_nt4,tiered,fast_gate,10,9,,,4,1,762,754,1.0,0.5026385224274407
c10_s09_cov100_seed00000034_tiered_nt4,tiered,fast_gate,10,9,,,4,2,174,1865,1.0,0.0853359489946052
c10_s09_cov100_seed00000034_tiered_nt4,tiered,fast_gate,10,9,,,4,3,39,1742,1.0,0.021897810218978103
c10_s09_cov100_seed00000034_tiered_nt4,tiered,fast_gate,10,9,,,4,4,15,1920,1.0,0.007751937984496124
c10_s09_cov100_seed00000034_tiered_nt4,tiered,fast_gate,10,9,,,4,5,3,1369,1.0,0.002186588921282799
c10_s09_cov100_seed00000034_tiered_nt4,tiered,fast_gate,10,9,,,4,6,0,721,,0.0
c10_s09_cov100_seed00000034_tiered_nt4,tiered,fast_gate,10,9,,,4,7,0,219,,0.0
c10_s09_cov100_seed00000034_tiered_nt4,tiered,fast_gate,10,9,,,4,8,0,54,,0.0
c10_s09_cov100_seed00000034_tiered_nt4,tiered,fast_gate,10,9,,,4,9,0,5,,0.0
c10_s09_cov100_seed00000035_tiered_nt4,tiered,fast_gate,10,9,,,4,0,1351,0,1.0,1.0
c10_s09_cov100_seed00000035_tiered_nt4,tiered,fast_gate,10,9,,,4,1,741,823,1.0,0.47378516624040923
c10_s09_cov100_seed00000035_tiered_nt4,tiered,fast_gate,10,9,,,4,2,163,1784,1.0,0.08371854134566
c10_s09_cov100_seed00000035_tiered_nt4,tiered,fast_gate,10,9,,,4,3,41,1812,1.0,0.022126281705342688
c10_s09_cov100_seed00000035_tiered_nt4,tiered,fast_gate,10,9,,,4,4,13,1912,1.0,0.006753246753246753
c10_s09_cov100_seed00000035_tiered_nt4,tiered,fast_gate,10,9,,,4,5,1,1376,1.0,0.0007262164124909223
c10_s09_cov100_seed00000035_tiered_nt4,tiered,fast_gate,10,9,,,4,6,0,705,,0.0
c10_s09_cov100_seed00000035_tiered_nt4,tiered,fast_gate,10,9,,,4,7,0,232,,0.0
c10_s09_cov100_seed00000035_tiered_nt4,tiered,fast_gate,10,9,,,4,8,0,41,,0.0
c10_s09_cov100_seed00000035_tiered_nt4,tiered,fast_gate,10,9,,,4,9,0,5,,0.0
c10_s09_cov100_seed00000036_tiered_nt4,tiered,fast_gate,10,9,,,4,0,1363,0,1.0,1.0
c10_s09_cov100_seed00000036_tiered_nt4,tiered,fast_gate,10,9,,,4,1,776,729,1.0,0.5156146179401994
c10_s09_cov100_seed00000036_tiered_nt4,tiered,fast_gate,10,9,,,4,2,182,1901,1.0,0.08737397983677389
c10_s09_cov100_seed00000036_tiered_nt4,tiered,fast_gate,10,9,,,4,3,41,1792,1.0,0.02236770321876705
c10_s09_cov100_seed00000036_tiered_nt4,tiered,fast_gate,10,9,,,4,4,13,1930,1.0,0.0066906845084920225
c10_s09_cov100_seed00000036_tiered_nt4,tiered,fast_gate,10,9,,,4,5,4,1349,1.0,0.0029563932002956393
c10_s09_cov100_seed00000036_tiered_nt4,tiered,fast_gate,10,9,,,4,6,0,638,,0.0
c10_s09_cov100_seed00000036_tiered_nt4,tiered,fast_gate,10,9,,,4,7,0,230,,0.0
c10_s09_cov100_seed00000036_tiered_nt4,tiered,fast_gate,10,9,,,4,8,0,50,,0.0
c10_s09_cov100_seed00000036_tiered_nt4,tiered,fast_gate,10,9,,,4,9,0,2,,0.0
c10_s09_cov100_seed00000037_tiered_nt4,tiered,fast_gate,10,9,,,4,0,1379,0,1.0,1.0
c10_s09_cov100_seed00000037_tiered_nt4,tiered,fast_gate,10,9,,,4,1,762,754,1.0,0.5026385224274407
c10_s09_cov100_seed00000037_tiered_nt4,tiered,fast_gate,10,9,,,4,2,185,1824,1.0,0.09208561473369836
c10_s09_cov100_seed00000037_tiered_nt4,tiered,fast_gate,10,9,,,4,3,45,1783,1.0,0.02461706783369803
c10_s09_cov100_seed00000037_tiered_nt4,tiered,fast_gate,10,9,,,4,4,12,1907,1.0,0.006253256904637832
c10_s09_cov100_seed00000037_tiered_nt4,tiered,fast_gate,10,9,,,4,5,0,1386,,0.0
c10_s09_cov100_seed00000037_tiered_nt4,tiered,fast_gate,10,9,,,4,6,0,679,,0.0
c10_s09_cov100_seed00000037_tiered_nt4,tiered,fast_gate,10,9,,,4,7,0,222,,0.0
c10_s09_cov100_seed00000037_tiered_nt4,tiered,fast_gate,10,9,,,4,8,0,61,,0.0
c10_s09_cov100_seed00000037_tiered_nt4,tiered,fast_gate,10,9,,,4,9,0,1,,0.0
c10_s09_cov100_seed00000038_tiered_nt4,tiered,fast_gate,10,9,,,4,0,1407,0,1.0,1.0
c10_s09_cov100_seed00000038_tiered_nt4,tiered,fast_gate,10,9,,,4,1,796,782,1.0,0.5044359949302915
c10_s09_cov100_seed00000038_tiered_nt4,tiered,fast_gate,10,9,,,4,2,165,1738,1.0,0.08670520231213873
c10_s09_cov100_seed00000038_tiered_nt4,tiered,fast_gate,10,9,,,4,3,50,1802,1.0,0.026997840172786176
c10_s09_cov100_seed00000038_tiered_nt4,tiered,fast_gate,10,9,,,4,4,9,1945,1.0,0.004605936540429887
c10_s09_cov100_seed00000038_tiered_nt4,tiered,fast_gate,10,9,,,4,5,2,1414,1.0,0.0014124293785310734
c10_s09_cov100_seed00000038_tiered_nt4,tiered,fast_gate,10,9,,,4,6,0,649,,0.0
c10_s09_cov100_seed00000038_tiered_nt4,tiered,fast_gate,10,9,,,4,7,0,202,,0.0
c10_s09_cov100_seed00000038_tiered_nt4,tiered,fast_gate,10,9,,,4,8,0,37,,0.0
c10_s09_cov100_seed00000038_tiered_nt4,tiered,fast_gate,10,9,,,4,9,0,2,,0.0
c10_s09_cov100_seed00000039_tiered_nt4,tiered,fast_gate,10,9,,,4,0,1364,0,1.0,1.0
c10_s09_cov100_seed00000039_tiered_nt4,tiered,fast_gate,10,9,,,4,1,773,712,1.0,0.5205387205387205
c10_s09_cov100_seed00000039_tiered_nt4,tiered,fast_gate,10,9,,,4,2,168,1886,1.0,0.08179162609542356
c10_s09_cov100_seed00000039_tiered_nt4,tiered,fast_gate,10,9,,,4,3,44,1832,1.0,0.023454157782515993
c10_s09_cov100_seed00000039_tiered_nt4,tiered,fast_gate,10,9,,,4,4,13,1919,1.0,0.006728778467908903
c10_s09_cov100_seed00000039_tiered_nt4,tiered,fast_gate,10,9,,,4,5,1,1359,1.0,0.0007352941176470588
c10_s09_cov100_seed00000039_tiered_nt4,tiered,fast_gate,10,9,,,4,6,0,697,,0.0
c10_s09_cov100_seed00000039_tiered_nt4,tiered,fast_gate,10,9,,,4,7,0,185,,0.0
c10_s09_cov100_seed00000039_tiered_nt4,tiered,fast_gate,10,9,,,4,8,0,43,,0.0
c10_s09_cov100_seed00000039_tiered_nt4,tiered,fast_gate,10,9,,,4,9,0,4,,0.0
