network,x,y,arm,coverage,rep,n_k,status,g0_undirected,z_size,separation,separation_status,k_g0,r_hop,hop_method,hop_exact,r_claim,r_claim_status,r_id,phi_1,n_wrong_claims,z_valid_at_truth
Acid_1996,x1,x10,A_TRUE,1.0,0,1,ok,0,1,,no_z_member_in_component,1,1,local_up_fast,1,1,exact,1,1.0,0,1
Acid_1996,x1,x10,D_RAND,1.0,0,1,ok,0,1,,no_z_member_in_component,1,1,local_up_fast,1,1,exact,1,1.0,0,1
Acid_1996,x1,x10,D_RAND,1.0,1,1,ok,0,1,,no_z_member_in_component,1,1,local_up_fast,1,1,exact,1,1.0,0,1
Acid_1996,x1,x10,D_DEGEN,1.0,0,0,not_amenable,1,,,,,,,,,,,,,
Acid_1996,x1,x10,A_TRUE,0.5,0,0,not_amenable,1,,,,,,,,,,,,,
Acid_1996,x1,x10,D_RAND,0.5,0,0,not_amenable,1,,,,,,,,,,,,,
Acid_1996,x1,x10,D_RAND,0.5,1,0,not_amenable,1,,,,,,,,,,,,,
Acid_1996,x1,x11,A_TRUE,1.0,0,1,ok,0,1,,no_z_member_in_component,1,1,local_up_fast,1,1,exact,1,1.0,0,1
Acid_1996,x1,x11,D_RAND,1.0,0,1,ok,0,2,1,measured,1,1,local_up_fast,1,1,exact,1,1.0,1,0
Acid_1996,x1,x11,D_RAND,1.0,1,1,ok,0,2,1,measured,1,1,local_up_fast,1,1,exact,1,1.0,1,0
Acid_1996,x1,x11,D_DEGEN,1.0,0,0,not_amenable,1,,,,,,,,,,,,,
Acid_1996,x1,x11,A_TRUE,0.5,0,0,not_amenable,1,,,,,,,,,,,,,
Acid_1996,x1,x11,D_RAND,0.5,0,0,not_amenable,1,,,,,,,,,,,,,
Acid_1996,x1,x11,D_RAND,0.5,1,0,not_amenable,1,,,,,,,,,,,,,
Acid_1996,x1,x12,A_TRUE,1.0,0,1,ok,0,1,,no_z_member_in_component,1,1,local_up_fast,1,1,exact,1,1.0,0,1
Acid_1996,x1,x12,D_RAND,1.0,0,1,ok,0,2,1,measured,1,1,local_up_fast,1,1,exact,1,1.0,1,0
Acid_1996,x1,x12,D_RAND,1.0,1,1,ok,0,2,1,measured,1,1,local_up_fast,1,1,exact,1,1.0,1,0
Acid_1996,x1,x12,D_DEGEN,1.0,0,0,not_amenable,1,,,,,,,,,,,,,
Acid_1996,x1,x12,A_TRUE,0.5,0,0,not_amenable,1,,,,,,,,,,,,,
Acid_1996,x1,x12,D_RAND,0.5,0,0,not_amenable,1,,,,,,,,,,,,,
Acid_1996,x1,x12,D_RAND,0.5,1,0,not_amenable,1,,,,,,,,,,,,,
Acid_1996,x1,x13,A_TRUE,1.0,0,1,ok,0,1,,no_z_member_in_component,1,1,local_up_fast,1,1,exact,1,1.0,0,1
Acid_1996,x1,x13,D_RAND,1.0,0,1,ok,0,1,,no_z_member_in_component,1,1,local_up_fast,1,1,exact,1,1.0,0,1
Acid_1996,x1,x13,D_RAND,1.0,1,1,ok,0,1,,no_z_member_in_component,1,1,local_up_fast,1,1,exact,1,1.0,0,1
Acid_1996,x1,x13,D_DEGEN,1.0,0,0,not_amenable,1,,,,,,,,,,,,,
Acid_1996,x1,x13,A_TRUE,0.5,0,0,not_amenable,1,,,,,,,,,,,,,
Acid_1996,x1,x13,D_RAND,0.5,0,0,not_amenable,1,,,,,,,,,,,,,
Acid_1996,x1,x13,D_RAND,0.5,1,0,not_amenable,1,,,,,,,,,,,,,
Acid_1996,x1,x14,A_TRUE,1.0,0,1,ok,0,2,,no_z_member_in_component,1,-1,local_up_fast,1,,gt_1,,0.0,0,1
Acid_1996,x1,x14,D_RAND,1.0,0,1,ok,0,2,,no_z_member_in_component,1,-1,local_up_fast,1,,gt_1,,0.0,1,1
Acid_1996,x1,x14,D_RAND,1.0,1,1,ok,0,2,,no_z_member_in_component,1,-1,local_up_fast,1,,gt_1,,0.0,0,1
Acid_1996,x1,x14,D_DEGEN,1.0,0,0,ok,1,2,,no_z_member_in_component,0,-1,local_up_fast,1,,gt_0,,,0,1
Acid_1996,x1,x14,A_TRUE,0.5,0,0,ok,1,2,,no_z_member_in_component,0,-1,local_up_fast,1,,gt_0,,,0,1
Acid_1996,x1,x14,D_RAND,0.5,0,0,ok,1,2,,no_z_member_in_component,0,-1,local_up_fast,1,,gt_0,,,0,1
Acid_1996,x1,x14,D_RAND,0.5,1,0,ok,1,2,,no_z_member_in_component,0,-1,local_up_fast,1,,gt_0,,,0,1
Acid_1996,x1,x15,A_TRUE,1.0,0,1,ok,0,2,,no_z_member_in_component,1,1,local_up_fast,1,1,exact,1,1.0,0,1
Acid_1996,x1,x15,D_RAND,1.0,0,1,ok,0,3,1,measured,1,1,local_up_fast,1,1,exact,1,1.0,1,0
Acid_1996,x1,x15,D_RAND,1.0,1,1,ok,0,3,1,measured,1,1,local_up_fast,1,1,exact,1,1.0,1,0
Acid_1996,x1,x15,D_DEGEN,1.0,0,0,not_amenable,1,,,,,,,,,,,,,
Acid_1996,x1,x15,A_TRUE,0.5,0,0,not_amenable,1,,,,,,,,,,,,,
Acid_1996,x1,x15,D_RAND,0.5,0,0,not_amenable,1,,,,,,,,,,,,,
Acid_1996,x1,x15,D_RAND,0.5,1,0,not_amenable,1,,,,,,,,,,,,,
Acid_1996,x1,x16,A_TRUE,1.0,0,1,ok,0,2,,no_z_member_in_component,1,-1,local_up_fast,1,,gt_1,,0.0,0,1
Acid_1996,x1,x16,D_RAND,1.0,0,1,ok,0,2,,no_z_member_in_component,1,-1,local_up_fast,1,,gt_1,,0.0,1,1
Acid_1996,x1,x16,D_RAND,1.0,1,1,ok,0,2,,no_z_member_in_component,1,-1,local_up_fast,1,,gt_1,,0.0,0,1
Acid_1996,x1,x16,D_DEGEN,1.0,0,0,ok,1,2,,no_z_member_in_component,0,-1,local_up_fast,1,,gt_0,,,0,1
Acid_1996,x1,x16,A_TRUE,0.5,0,0,ok,1,2,,no_z_member_in_component,0,-1,local_up_fast,1,,gt_0,,,0,1
Acid_1996,x1,x16,D_RAND,0.5,0,0,ok,1,2,,no_z_member_in_component,0,-1,local_up_fast,1,,gt_0,,,0,1
Acid_1996,x1,x16,D_RAND,0.5,1,0,ok,1,2,,no_z_member_in_component,0,-1,local_up_fast,1,,gt_0,,,0,1
Acid_1996,x1,x17,A_TRUE,1.0,0,1,ok,0,2,,no_z_member_in_component,1,1,local_up_fast,1,1,exact,1,1.0,0,1
Acid_1996,x1,x17,D_RAND,1.0,0,1,ok,0,2,,no_z_member_in_component,1,1,local_up_fast,1,1,exact,1,1.0,0,1
Acid_1996,x1,x17,D_RAND,1.0,1,1,ok,0,2,,no_z_member_in_component,1,1,local_up_fast,1,1,exact,1,1.0,0,1
Acid_1996,x1,x17,D_DEGEN,1.0,0,0,not_amenable,1,,,,,,,,,,,,,
Acid_1996,x1,x17,A_TRUE,0.5,0,0,not_amenable,1,,,,,,,,,,,,,
Acid_1996,x1,x17,D_RAND,0.5,0,0,not_amenable,1,,,,,,,,,,,,,
Acid_1996,x1,x17,D_RAND,0.5,1,0,not_amenable,1,,,,,,,,,,,,,
Acid_1996,x1,x18,A_TRUE,1.0,0,1,ok,0,2,,no_z_member_in_component,1,1,local_up_fast,1,1,exact,1,1.0,0,1
Acid_1996,x1,x18,D_RAND,1.0,0,1,ok,0,2,,no_z_member_in_component,1,1,local_up_fast,1,1,exact,1,1.0,0,1
Acid_1996,x1,x18,D_RAND,1.0,1,1,ok,0,3,1,measured,1,1,local_up_fast,1,1,exact,1,1.0,1,0
Acid_1996,x1,x18,D_DEGEN,1.0,0,0,not_amenable,1,,,,,,,,,,,,,
Acid_1996,x1,x18,A_TRUE,0.5,0,0,not_amenable,1,,,,,,,,,,,,,
Acid_1996,x1,x18,D_RAND,0.5,0,0,not_amenable,1,,,,,,,,,,,,,
Acid_1996,x1,x18,D_RAND,0.5,1,0,not_amenable,1,,,,,,,,,,,,,
Acid_1996,x1,x3,A_TRUE,1.0,0,1,ok,0,1,,no_z_member_in_component,1,-1,local_up_fast,1,,gt_1,,0.0,0,1
Acid_1996,x1,x3,D_RAND,1.0,0,1,ok,0,1,,no_z_member_in_component,1,-1,local_up_fast,1,,gt_1,,0.0,0,1
Acid_1996,x1,x3,D_RAND,1.0,1,1,ok,0,1,,no_z_member_in_component,1,-1,local_up_fast,1,,gt_1,,0.0,1,1
Acid_1996,x1,x3,D_DEGEN,1.0,0,0,ok,1,1,,no_z_member_in_component,0,-1,local_up_fast,1,,gt_0,,,0,1
Acid_1996,x1,x3,A_TRUE,0.5,0,0,ok,1,1,,no_z_member_in_component,0,-1,local_up_fast,1,,gt_0,,,0,1
Acid_1996,x1,x3,D_RAND,0.5,0,0,ok,1,1,,no_z_member_in_component,0,-1,local_up_fast,1,,gt_0,,,0,1
Acid_1996,x1,x3,D_RAND,0.5,1,0,ok,1,1,,no_z_member_in_component,0,-1,local_up_fast,1,,gt_0,,,0,1
Acid_1996,x1,x4,A_TRUE,1.0,0,1,optimal_empty,0,,,,,,,,,,,,,
Acid_1996,x1,x4,D_RAND,1.0,0,1,optimal_empty,0,,,,,,,,,,,,,
Acid_1996,x1,x4,D_RAND,1.0,1,1,optimal_empty,0,,,,,,,,,,,,,
Acid_1996,x1,x4,D_DEGEN,1.0,0,0,not_amenable,1,,,,,,,,,,,,,
Acid_1996,x1,x4,A_TRUE,0.5,0,0,not_amenable,1,,,,,,,,,,,,,
Acid_1996,x1,x4,D_RAND,0.5,0,0,not_amenable,1,,,,,,,,,,,,,
Acid_1996,x1,x4,D_RAND,0.5,1,0,not_amenable,1,,,,,,,,,,,,,
Acid_1996,x1,x5,A_TRUE,1.0,0,1,ok,0,1,,no_z_member_in_component,1,1,local_up_fast,1,1,exact,1,1.0,0,1
Acid_1996,x1,x5,D_RAND,1.0,0,1,ok,0,1,,no_z_member_in_component,1,1,local_up_fast,1,1,exact,1,1.0,0,1
Acid_1996,x1,x5,D_RAND,1.0,1,1,ok,0,1,,no_z_member_in_component,1,1,local_up_fast,1,1,exact,1,1.0,0,1
Acid_1996,x1,x5,D_DEGEN,1.0,0,0,not_amenable,1,,,,,,,,,,,,,
Acid_1996,x1,x5,A_TRUE,0.5,0,0,not_amenable,1,,,,,,,,,,,,,
Acid_1996,x1,x5,D_RAND,0.5,0,0,not_amenable,1,,,,,,,,,,,,,
Acid_1996,x1,x5,D_RAND,0.5,1,0,not_amenable,1,,,,,,,,,,,,,
Acid_1996,x1,x6,A_TRUE,1.0,0,1,ok,0,1,,no_z_member_in_component,1,-1,local_up_fast,1,,gt_1,,0.0,0,1
Acid_1996,x1,x6,D_RAND,1.0,0,1,ok,0,1,,no_z_member_in_component,1,-1,local_up_fast,1,,gt_1,,0.0,1,1
Acid_1996,x1,x6,D_RAND,1.0,1,1,ok,0,1,,no_z_member_in_component,1,-1,local_up_fast,1,,gt_1,,0.0,0,1
Acid_1996,x1,x6,D_DEGEN,1.0,0,0,ok,1,1,,no_z_member_in_component,0,-1,local_up_fast,1,,gt_0,,,0,1
Acid_1996,x1,x6,A_TRUE,0.5,0,0,ok,1,1,,no_z_member_in_component,0,-1,local_up_fast,1,,gt_0,,,0,1
Acid_1996,x1,x6,D_RAND,0.5,0,0,ok,1,1,,no_z_member_in_component,0,-1,local_up_fast,1,,gt_0,,,0,1
Acid_1996,x1,x6,D_RAND,0.5,1,0,ok,1,1,,no_z_member_in_component,0,-1,local_up_fast,1,,gt_0,,,0,1
Acid_1996,x1,x7,A_TRUE,1.0,0,1,ok,0,1,,no_z_member_in_component,1,1,local_up_fast,1,1,exact,1,1.0,0,1
Acid_1996,x1,x7,D_RAND,1.0,0,1,ok,0,2,1,measured,1,1,local_up_fast,1,1,exact,1,1.0,1,0
Acid_1996,x1,x7,D_RAND,1.0,1,1,ok,0,1,,no_z_member_in_component,1,1,local_up_fast,1,1,exact,1,1.0,0,1
Acid_1996,x1,x7,D_DEGEN,1.0,0,0,not_amenable,1,,,,,,,,,,,,,
Acid_1996,x1,x7,A_TRUE,0.5,0,0,not_amenable,1,,,,,,,,,,,,,
Acid_1996,x1,x7,D_RAND,0.5,0,0,not_amenable,1,,,,,,,,,,,,,
Acid_1996,x1,x7,D_RAND,0.5,1,0,not_amenable,1,,,,,,,,,,,,,
Acid_1996,x1,x9,A_TRUE,1.0,0,1,ok,0,1,,no_z_member_in_component,1,1,local_up_fast,1,1,exact,1,1.0,0,1
Acid_1996,x1,x9,D_RAND,1.0,0,1,ok,0,2,1,measured,1,1,local_up_fast,1,1,exact,1,1.0,1,0
Acid_1996,x1,x9,D_RAND,1.0,1,1,ok,0,1,,no_z_member_in_component,1,1,local_up_fast,1,1,exact,1,1.0,0,1
Acid_1996,x1,x9,D_DEGEN,1.0,0,0,not_amenable,1,,,,,,,,,,,,,
Acid_1996,x1,x9,A_TRUE,0.5,0,0,not_amenable,1,,,,,,,,,,,,,
Acid_1996,x1,x9,D_RAND,0.5,0,0,not_amenable,1,,,,,,,,,,,,,
Acid_1996,x1,x9,D_RAND,0.5,1,0,not_amenable,1,,,,,,,,,,,,,
Acid_1996,x4,x1,A_TRUE,1.0,0,1,optimal_empty,0,,,,,,,,,,,,,
Acid_1996,x4,x1,D_RAND,1.0,0,1,optimal_empty,0,,,,,,,,,,,,,
Acid_1996,x4,x1,D_RAND,1.0,1,1,optimal_empty,0,,,,,,,,,,,,,
Acid_1996,x4,x1,D_DEGEN,1.0,0,0,not_amenable,1,,,,,,,,,,,,,
Acid_1996,x4,x1,A_TRUE,0.5,0,0,not_amenable,1,,,,,,,,,,,,,
Acid_1996,x4,x1,D_RAND,0.5,0,0,not_amenable,1,,,,,,,,,,,,,
Acid_1996,x4,x1,D_RAND,0.5,1,0,not_amenable,1,,,,,,,,,,,,,
Acid_1996,x4,x10,A_TRUE,1.0,0,1,ok,0,2,,no_z_member_in_component,1,1,local_up_fast,1,1,exact,1,1.0,0,1
Acid_1996,x4,x10,D_RAND,1.0,0,1,ok,0,2,,no_z_member_in_component,1,1,local_up_fast,1,1,exact,1,1.0,0,1
Acid_1996,x4,x10,D_RAND,1.0,1,1,ok,0,2,,no_z_member_in_component,1,1,local_up_fast,1,1,exact,1,1.0,0,1
Acid_1996,x4,x10,D_DEGEN,1.0,0,0,not_amenable,1,,,,,,,,,,,,,
Acid_1996,x4,x10,A_TRUE,0.5,0,0,not_amenable,1,,,,,,,,,,,,,
Acid_1996,x4,x10,D_RAND,0.5,0,0,not_amenable,1,,,,,,,,,,,,,
Acid_1996,x4,x10,D_RAND,0.5,1,0,not_amenable,1,,,,,,,,,,,,,
Acid_1996,x4,x11,A_TRUE,1.0,0,1,ok,0,1,,no_z_member_in_component,1,1,local_up_fast,1,1,exact,1,1.0,0,1
Acid_1996,x4,x11,D_RAND,1.0,0,1,ok,0,1,,no_z_member_in_component,1,1,local_up_fast,1,1,exact,1,1.0,1,0
Acid_1996,x4,x11,D_RAND,1.0,1,1,ok,0,1,,no_z_member_in_component,1,1,local_up_fast,1,1,exact,1,1.0,0,1
Acid_1996,x4,x11,D_DEGEN,1.0,0,0,not_amenable,1,,,,,,,,,,,,,
Acid_1996,x4,x11,A_TRUE,0.5,0,0,not_amenable,1,,,,,,,,,,,,,
Acid_1996,x4,x11,D_RAND,0.5,0,0,not_amenable,1,,,,,,,,,,,,,
Acid_1996,x4,x11,D_RAND,0.5,1,0,not_amenable,1,,,,,,,,,,,,,
Acid_1996,x4,x12,A_TRUE,1.0,0,1,ok,0,2,,no_z_member_in_component,1,1,local_up_fast,1,1,exact,1,1.0,0,1
Acid_1996,x4,x12,D_RAND,1.0,0,1,ok,0,2,,no_z_member_in_component,1,1,local_up_fast,1,1,exact,1,1.0,0,1
Acid_1996,x4,x12,D_RAND,1.0,1,1,ok,0,1,,no_z_member_in_component,1,1,local_up_fast,1,1,exact,1,1.0,1,0
Acid_1996,x4,x12,D_DEGEN,1.0,0,0,not_amenable,1,,,,,,,,,,,,,
Acid_1996,x4,x12,A_TRUE,0.5,0,0,not_amenable,1,,,,,,,,,,,,,
Acid_1996,x4,x12,D_RAND,0.5,0,0,not_amenable,1,,,,,,,,,,,,,
Acid_1996,x4,x12,D_RAND,0.5,1,0,not_amenable,1,,,,,,,,,,,,,
Acid_1996,x4,x13,A_TRUE,1.0,0,1,ok,0,2,,no_z_member_in_component,1,1,local_up_fast,1,1,exact,1,1.0,0,1
Acid_1996,x4,x13,D_RAND,1.0,0,1,ok,0,2,,no_z_member_in_component,1,1,local_up_fast,1,1,exact,1,1.0,0,1
Acid_1996,x4,x13,D_RAND,1.0,1,1,ok,0,1,,no_z_member_in_component,1,1,local_up_fast,1,1,exact,1,1.0,1,0
Acid_1996,x4,x13,D_DEGEN,1.0,0,0,not_amenable,1,,,,,,,,,,,,,
Acid_1996,x4,x13,A_TRUE,0.5,0,0,not_amenable,1,,,,,,,,,,,,,
Acid_1996,x4,x13,D_RAND,0.5,0,0,not_amenable,1,,,,,,,,,,,,,
Acid_1996,x4,x13,D_RAND,0.5,1,0,not_amenable,1,,,,,,,,,,,,,
Didelez_2010,Age,HRT,A_TRUE,1.0,0,1,optimal_empty,0,,,,,,,,,,,,,
Didelez_2010,Age,HRT,D_RAND,1.0,0,1,optimal_empty,0,,,,,,,,,,,,,
Didelez_2010,Age,HRT,D_RAND,1.0,1,1,optimal_empty,0,,,,,,,,,,,,,
Didelez_2010,Age,HRT,D_DEGEN,1.0,0,0,not_amenable,3,,,,,,,,,,,,,
Didelez_2010,Age,HRT,A_TRUE,0.5,0,0,not_amenable,3,,,,,,,,,,,,,
Didelez_2010,Age,HRT,D_RAND,0.5,0,0,not_amenable,3,,,,,,,,,,,,,
Didelez_2010,Age,HRT,D_RAND,0.5,1,0,not_amenable,3,,,,,,,,,,,,,
Didelez_2010,Age,Occ,A_TRUE,1.0,0,1,optimal_empty,0,,,,,,,,,,,,,
Didelez_2010,Age,Occ,D_RAND,1.0,0,1,optimal_empty,0,,,,,,,,,,,,,
Didelez_2010,Age,Occ,D_RAND,1.0,1,1,optimal_empty,2,,,,,,,,,,,,,
Didelez_2010,Age,Occ,D_DEGEN,1.0,0,0,not_amenable,3,,,,,,,,,,,,,
Didelez_2010,Age,Occ,A_TRUE,0.5,0,0,not_amenable,3,,,,,,,,,,,,,
Didelez_2010,Age,Occ,D_RAND,0.5,0,0,not_amenable,3,,,,,,,,,,,,,
Didelez_2010,Age,Occ,D_RAND,0.5,1,0,not_amenable,3,,,,,,,,,,,,,
Didelez_2010,Age,S,A_TRUE,1.0,0,1,optimal_empty,0,,,,,,,,,,,,,
Didelez_2010,Age,S,D_RAND,1.0,0,1,ok,2,2,2,measured,1,1,local_up_fast,1,1,exact,1,1.0,1,0
Didelez_2010,Age,S,D_RAND,1.0,1,1,optimal_empty,0,,,,,,,,,,,,,
Didelez_2010,Age,S,D_DEGEN,1.0,0,0,not_amenable,3,,,,,,,,,,,,,
Didelez_2010,Age,S,A_TRUE,0.5,0,0,not_amenable,3,,,,,,,,,,,,,
Didelez_2010,Age,S,D_RAND,0.5,0,0,not_amenable,3,,,,,,,,,,,,,
Didelez_2010,Age,S,D_RAND,0.5,1,0,not_amenable,3,,,,,,,,,,,,,
Didelez_2010,Age,Smo,A_TRUE,1.0,0,1,optimal_empty,0,,,,,,,,,,,,,
Didelez_2010,Age,Smo,D_RAND,1.0,0,1,optimal_empty,0,,,,,,,,,,,,,
Didelez_2010,Age,Smo,D_RAND,1.0,1,1,optimal_empty,0,,,,,,,,,,,,,
Didelez_2010,Age,Smo,D_DEGEN,1.0,0,0,not_amenable,3,,,,,,,,,,,,,
Didelez_2010,Age,Smo,A_TRUE,0.5,0,0,not_amenable,3,,,,,,,,,,,,,
Didelez_2010,Age,Smo,D_RAND,0.5,0,0,not_amenable,3,,,,,,,,,,,,,
Didelez_2010,Age,Smo,D_RAND,0.5,1,0,not_amenable,3,,,,,,,,,,,,,
Didelez_2010,Age,TCI,A_TRUE,1.0,0,1,optimal_empty,0,,,,,,,,,,,,,
Didelez_2010,Age,TCI,D_RAND,1.0,0,1,ok,2,2,2,measured,1,1,local_up_fast,1,1,exact,1,1.0,1,0
Didelez_2010,Age,TCI,D_RAND,1.0,1,1,optimal_empty,0,,,,,,,,,,,,,
Didelez_2010,Age,TCI,D_DEGEN,1.0,0,0,not_amenable,3,,,,,,,,,,,,,
Didelez_2010,Age,TCI,A_TRUE,0.5,0,0,not_amenable,3,,,,,,,,,,,,,
Didelez_2010,Age,TCI,D_RAND,0.5,0,0,not_amenable,3,,,,,,,,,,,,,
Didelez_2010,Age,TCI,D_RAND,0.5,1,0,not_amenable,3,,,,,,,,,,,,,
Didelez_2010,Age,Thist,A_TRUE,1.0,0,1,optimal_empty,0,,,,,,,,,,,,,
Didelez_2010,Age,Thist,D_RAND,1.0,0,1,optimal_empty,0,,,,,,,,,,,,,
Didelez_2010,Age,Thist,D_RAND,1.0,1,1,optimal_empty,0,,,,,,,,,,,,,
Didelez_2010,Age,Thist,D_DEGEN,1.0,0,0,not_amenable,3,,,,,,,,,,,,,
Didelez_2010,Age,Thist,A_TRUE,0.5,0,0,not_amenable,3,,,,,,,,,,,,,
Didelez_2010,Age,Thist,D_RAND,0.5,0,0,not_amenable,3,,,,,,,,,,,,,
Didelez_2010,Age,Thist,D_RAND,0.5,1,0,not_amenable,3,,,,,,,,,,,,,
Didelez_2010,Occ,Age,A_TRUE,1.0,0,1,optimal_empty,0,,,,,,,,,,,,,
Didelez_2010,Occ,Age,D_RAND,1.0,0,1,optimal_empty,0,,,,,,,,,,,,,
Didelez_2010,Occ,Age,D_RAND,1.0,1,1,optimal_empty,0,,,,,,,,,,,,,
Didelez_2010,Occ,Age,D_DEGEN,1.0,0,0,not_amenable,3,,,,,,,,,,,,,
Didelez_2010,Occ,Age,A_TRUE,0.5,0,0,not_amenable,3,,,,,,,,,,,,,
Didelez_2010,Occ,Age,D_RAND,0.5,0,0,not_amenable,3,,,,,,,,,,,,,
Didelez_2010,Occ,Age,D_RAND,0.5,1,0,not_amenable,3,,,,,,,,,,,,,
Didelez_2010,Occ,HRT,A_TRUE,1.0,0,1,ok,0,1,1,measured,3,1,local_up_fast,1,1,exact,1,1.0,0,1
Didelez_2010,Occ,HRT,D_RAND,1.0,0,1,not_amenable,2,,,,,,,,,,,,,
Didelez_2010,Occ,HRT,D_RAND,1.0,1,1,not_amenable,2,,,,,,,,,,,,,
Didelez_2010,Occ,HRT,D_DEGEN,1.0,0,0,not_amenable,3,,,,,,,,,,,,,
Didelez_2010,Occ,HRT,A_TRUE,0.5,0,0,not_amenable,3,,,,,,,,,,,,,
Didelez_2010,Occ,HRT,D_RAND,0.5,0,0,not_amenable,3,,,,,,,,,,,,,
Didelez_2010,Occ,HRT,D_RAND,0.5,1,0,not_amenable,3,,,,,,,,,,,,,
Didelez_2010,Occ,S,A_TRUE,1.0,0,1,ok,0,1,1,measured,3,1,local_up_fast,1,1,exact,1,1.0,0,1
Didelez_2010,Occ,S,D_RAND,1.0,0,1,ok,0,1,1,measured,3,1,local_up_fast,1,1,exact,1,1.0,0,1
Didelez_2010,Occ,S,D_RAND,1.0,1,1,not_amenable,2,,,,,,,,,,,,,
Didelez_2010,Occ,S,D_DEGEN,1.0,0,0,not_amenable,3,,,,,,,,,,,,,
Didelez_2010,Occ,S,A_TRUE,0.5,0,0,not_amenable,3,,,,,,,,,,,,,
Didelez_2010,Occ,S,D_RAND,0.5,0,0,not_amenable,3,,,,,,,,,,,,,
Didelez_2010,Occ,S,D_RAND,0.5,1,0,not_amenable,3,,,,,,,,,,,,,
Didelez_2010,Occ,Smo,A_TRUE,1.0,0,1,optimal_empty,0,,,,,,,,,,,,,
Didelez_2010,Occ,Smo,D_RAND,1.0,0,1,optimal_empty,0,,,,,,,,,,,,,
Didelez_2010,Occ,Smo,D_RAND,1.0,1,1,not_amenable,2,,,,,,,,,,,,,
Didelez_2010,Occ,Smo,D_DEGEN,1.0,0,0,not_amenable,3,,,,,,,,,,,,,
Didelez_2010,Occ,Smo,A_TRUE,0.5,0,0,not_amenable,3,,,,,,,,,,,,,
Didelez_2010,Occ,Smo,D_RAND,0.5,0,0,not_amenable,3,,,,,,,,,,,,,
Didelez_2010,Occ,Smo,D_RAND,0.5,1,0,not_amenable,3,,,,,,,,,,,,,
Didelez_2010,Occ,TCI,A_TRUE,1.0,0,1,ok,0,1,1,measured,3,1,local_up_fast,1,1,exact,1,1.0,0,1
Didelez_2010,Occ,TCI,D_RAND,1.0,0,1,ok,0,1,1,measured,3,1,local_up_fast,1,1,exact,1,1.0,0,1
Didelez_2010,Occ,TCI,D_RAND,1.0,1,1,not_amenable,2,,,,,,,,,,,,,
Didelez_2010,Occ,TCI,D_DEGEN,1.0,0,0,not_amenable,3,,,,,,,,,,,,,
Didelez_2010,Occ,TCI,A_TRUE,0.5,0,0,not_amenable,3,,,,,,,,,,,,,
Didelez_2010,Occ,TCI,D_RAND,0.5,0,0,not_amenable,3,,,,,,,,,,,,,
Didelez_2010,Occ,TCI,D_RAND,0.5,1,0,not_amenable,3,,,,,,,,,,,,,
Didelez_2010,Occ,Thist,A_TRUE,1.0,0,1,optimal_empty,0,,,,,,,,,,,,,
Didelez_2010,Occ,Thist,D_RAND,1.0,0,1,not_amenable,2,,,,,,,,,,,,,
Didelez_2010,Occ,Thist,D_RAND,1.0,1,1,not_amenable,2,,,,,,,,,,,,,
Didelez_2010,Occ,Thist,D_DEGEN,1.0,0,0,not_amenable,3,,,,,,,,,,,,,
Didelez_2010,Occ,Thist,A_TRUE,0.5,0,0,not_amenable,3,,,,,,,,,,,,,
Didelez_2010,Occ,Thist,D_RAND,0.5,0,0,not_amenable,3,,,,,,,,,,,,,
Didelez_2010,Occ,Thist,D_RAND,0.5,1,0,not_amenable,3,,,,,,,,,,,,,
Didelez_2010,Smo,Age,A_TRUE,1.0,0,1,optimal_empty,0,,,,,,,,,,,,,
Didelez_2010,Smo,Age,D_RAND,1.0,0,1,optimal_empty,0,,,,,,,,,,,,,
Didelez_2010,Smo,Age,D_RAND,1.0,1,1,not_amenable,2,,,,,,,,,,,,,
Didelez_2010,Smo,Age,D_DEGEN,1.0,0,0,not_amenable,3,,,,,,,,,,,,,
Didelez_2010,Smo,Age,A_TRUE,0.5,0,0,not_amenable,3,,,,,,,,,,,,,
Didelez_2010,Smo,Age,D_RAND,0.5,0,0,not_amenable,3,,,,,,,,,,,,,
Didelez_2010,Smo,Age,D_RAND,0.5,1,0,not_amenable,3,,,,,,,,,,,,,
Didelez_2010,Smo,HRT,A_TRUE,1.0,0,1,ok,0,1,2,measured,3,2,local_up_fast,1,1,exact,1,1.0,0,1
Didelez_2010,Smo,HRT,D_RAND,1.0,0,1,not_amenable,2,,,,,,,,,,,,,
Didelez_2010,Smo,HRT,D_RAND,1.0,1,1,ok,0,1,2,measured,3,2,local_up_fast,1,1,exact,1,1.0,0,1
Didelez_2010,Smo,HRT,D_DEGEN,1.0,0,0,not_amenable,3,,,,,,,,,,,,,
Didelez_2010,Smo,HRT,A_TRUE,0.5,0,0,not_amenable,3,,,,,,,,,,,,,
Didelez_2010,Smo,HRT,D_RAND,0.5,0,0,not_amenable,3,,,,,,,,,,,,,
Didelez_2010,Smo,HRT,D_RAND,0.5,1,0,not_amenable,3,,,,,,,,,,,,,
Didelez_2010,Smo,Occ,A_TRUE,1.0,0,1,optimal_empty,0,,,,,,,,,,,,,
Didelez_2010,Smo,Occ,D_RAND,1.0,0,1,optimal_empty,0,,,,,,,,,,,,,
Didelez_2010,Smo,Occ,D_RAND,1.0,1,1,optimal_empty,0,,,,,,,,,,,,,
Didelez_2010,Smo,Occ,D_DEGEN,1.0,0,0,not_amenable,3,,,,,,,,,,,,,
Didelez_2010,Smo,Occ,A_TRUE,0.5,0,0,not_amenable,3,,,,,,,,,,,,,
Didelez_2010,Smo,Occ,D_RAND,0.5,0,0,not_amenable,3,,,,,,,,,,,,,
Didelez_2010,Smo,Occ,D_RAND,0.5,1,0,not_amenable,3,,,,,,,,,,,,,
Didelez_2010,Smo,S,A_TRUE,1.0,0,1,ok,0,2,2,measured,3,2,local_up_fast,1,1,exact,1,1.0,0,1
Didelez_2010,Smo,S,D_RAND,1.0,0,1,ok,0,2,2,measured,3,2,local_up_fast,1,1,exact,1,1.0,0,1
Didelez_2010,Smo,S,D_RAND,1.0,1,1,not_amenable,2,,,,,,,,,,,,,
Didelez_2010,Smo,S,D_DEGEN,1.0,0,0,not_amenable,3,,,,,,,,,,,,,
Didelez_2010,Smo,S,A_TRUE,0.5,0,0,not_amenable,3,,,,,,,,,,,,,
Didelez_2010,Smo,S,D_RAND,0.5,0,0,not_amenable,3,,,,,,,,,,,,,
Didelez_2010,Smo,S,D_RAND,0.5,1,0,not_amenable,3,,,,,,,,,,,,,
Didelez_2010,Smo,TCI,A_TRUE,1.0,0,1,ok,0,2,2,measured,3,2,local_up_fast,1,1,exact,1,1.0,0,1
Didelez_2010,Smo,TCI,D_RAND,1.0,0,1,not_amenable,2,,,,,,,,,,,,,
Didelez_2010,Smo,TCI,D_RAND,1.0,1,1,ok,0,2,2,measured,3,2,local_up_fast,1,1,exact,1,1.0,0,1
Didelez_2010,Smo,TCI,D_DEGEN,1.0,0,0,not_amenable,3,,,,,,,,,,,,,
Didelez_2010,Smo,TCI,A_TRUE,0.5,0,0,not_amenable,3,,,,,,,,,,,,,
Didelez_2010,Smo,TCI,D_RAND,0.5,0,0,not_amenable,3,,,,,,,,,,,,,
Didelez_2010,Smo,TCI,D_RAND,0.5,1,0,not_amenable,3,,,,,,,,,,,,,
Didelez_2010,Smo,Thist,A_TRUE,1.0,0,1,optimal_empty,0,,,,,,,,,,,,,
Didelez_2010,Smo,Thist,D_RAND,1.0,0,1,not_amenable,2,,,,,,,,,,,,,
Didelez_2010,Smo,Thist,D_RAND,1.0,1,1,optimal_empty,0,,,,,,,,,,,,,
Didelez_2010,Smo,Thist,D_DEGEN,1.0,0,0,not_amenable,3,,,,,,,,,,,,,
Didelez_2010,Smo,Thist,A_TRUE,0.5,0,0,not_amenable,3,,,,,,,,,,,,,
Didelez_2010,Smo,Thist,D_RAND,0.5,0,0,not_amenable,3,,,,,,,,,,,,,
Didelez_2010,Smo,Thist,D_RAND,0.5,1,0,not_amenable,3,,,,,,,,,,,,,
Didelez_2010,Thist,Age,A_TRUE,1.0,0,1,optimal_empty,0,,,,,,,,,,,,,
Didelez_2010,Thist,Age,D_RAND,1.0,0,1,not_amenable,2,,,,,,,,,,,,,
Didelez_2010,Thist,Age,D_RAND,1.0,1,1,optimal_empty,0,,,,,,,,,,,,,
Didelez_2010,Thist,Age,D_DEGEN,1.0,0,0,not_amenable,3,,,,,,,,,,,,,
Didelez_2010,Thist,Age,A_TRUE,0.5,0,0,not_amenable,3,,,,,,,,,,,,,
Didelez_2010,Thist,Age,D_RAND,0.5,0,0,not_amenable,3,,,,,,,,,,,,,
Didelez_2010,Thist,Age,D_RAND,0.5,1,0,not_amenable,3,,,,,,,,,,,,,
Didelez_2010,Thist,HRT,A_TRUE,1.0,0,1,optimal_empty,0,,,,,,,,,,,,,
Didelez_2010,Thist,HRT,D_RAND,1.0,0,1,not_amenable,2,,,,,,,,,,,,,
Didelez_2010,Thist,HRT,D_RAND,1.0,1,1,not_amenable,2,,,,,,,,,,,,,
Didelez_2010,Thist,HRT,D_DEGEN,1.0,0,0,not_amenable,3,,,,,,,,,,,,,
Didelez_2010,Thist,HRT,A_TRUE,0.5,0,0,not_amenable,3,,,,,,,,,,,,,
Didelez_2010,Thist,HRT,D_RAND,0.5,0,0,not_amenable,3,,,,,,,,,,,,,
Didelez_2010,Thist,HRT,D_RAND,0.5,1,0,not_amenable,3,,,,,,,,,,,,,
Kampen_2014,AFF,AIS,A_TRUE,1.0,0,3,optimal_empty,0,,,,,,,,,,,,,
Kampen_2014,AFF,AIS,D_RAND,1.0,0,3,optimal_empty,0,,,,,,,,,,,,,
Kampen_2014,AFF,AIS,D_RAND,1.0,1,3,optimal_empty,1,,,,,,,,,,,,,
Kampen_2014,AFF,AIS,D_DEGEN,1.0,0,0,not_amenable,11,,,,,,,,,,,,,
Kampen_2014,AFF,AIS,A_TRUE,0.5,0,2,optimal_empty,2,,,,,,,,,,,,,
Kampen_2014,AFF,AIS,D_RAND,0.5,0,2,optimal_empty,2,,,,,,,,,,,,,
Kampen_2014,AFF,AIS,D_RAND,0.5,1,2,optimal_empty,2,,,,,,,,,,,,,
Kampen_2014,AFF,CDR,A_TRUE,1.0,0,3,ok,0,1,1,measured,11,2,local_up_fast,1,1,exact,1,0.6667,0,1
Kampen_2014,AFF,CDR,D_RAND,1.0,0,3,not_amenable,7,,,,,,,,,,,,,
Kampen_2014,AFF,CDR,D_RAND,1.0,1,3,not_amenable,7,,,,,,,,,,,,,
Kampen_2014,AFF,CDR,D_DEGEN,1.0,0,0,not_amenable,11,,,,,,,,,,,,,
Kampen_2014,AFF,CDR,A_TRUE,0.5,0,2,not_amenable,2,,,,,,,,,,,,,
Kampen_2014,AFF,CDR,D_RAND,0.5,0,2,not_amenable,8,,,,,,,,,,,,,
Kampen_2014,AFF,CDR,D_RAND,0.5,1,2,not_amenable,8,,,,,,,,,,,,,
Kampen_2014,AFF,FTW,A_TRUE,1.0,0,3,ok,0,2,1,measured,11,1,local_up_fast,1,1,exact,1,0.6667,0,1
Kampen_2014,AFF,FTW,D_RAND,1.0,0,3,not_amenable,7,,,,,,,,,,,,,
Kampen_2014,AFF,FTW,D_RAND,1.0,1,3,optimal_empty,0,,,,,,,,,,,,,
Kampen_2014,AFF,FTW,D_DEGEN,1.0,0,0,not_amenable,11,,,,,,,,,,,,,
Kampen_2014,AFF,FTW,A_TRUE,0.5,0,2,not_amenable,2,,,,,,,,,,,,,
Kampen_2014,AFF,FTW,D_RAND,0.5,0,2,not_amenable,2,,,,,,,,,,,,,
Kampen_2014,AFF,FTW,D_RAND,0.5,1,2,not_amenable,9,,,,,,,,,,,,,
Kampen_2014,AFF,SAN,A_TRUE,1.0,0,3,optimal_empty,0,,,,,,,,,,,,,
Kampen_2014,AFF,SAN,D_RAND,1.0,0,3,optimal_empty,0,,,,,,,,,,,,,
Kampen_2014,AFF,SAN,D_RAND,1.0,1,3,not_amenable,7,,,,,,,,,,,,,
Kampen_2014,AFF,SAN,D_DEGEN,1.0,0,0,not_amenable,11,,,,,,,,,,,,,
Kampen_2014,AFF,SAN,A_TRUE,0.5,0,2,not_amenable,2,,,,,,,,,,,,,
Kampen_2014,AFF,SAN,D_RAND,0.5,0,2,not_amenable,8,,,,,,,,,,,,,
Kampen_2014,AFF,SAN,D_RAND,0.5,1,2,not_amenable,8,,,,,,,,,,,,,
Kampen_2014,AIS,ALN,A_TRUE,1.0,0,3,ok,0,1,1,measured,11,1,local_up_fast,1,1,exact,1,0.6667,0,1
Kampen_2014,AIS,ALN,D_RAND,1.0,0,3,ok,0,1,1,measured,11,1,local_up_fast,1,1,exact,1,0.6667,3,0
Kampen_2014,AIS,ALN,D_RAND,1.0,1,3,optimal_empty,1,,,,,,,,,,,,,
Kampen_2014,AIS,ALN,D_DEGEN,1.0,0,0,not_amenable,11,,,,,,,,,,,,,
Kampen_2014,AIS,ALN,A_TRUE,0.5,0,2,not_amenable,2,,,,,,,,,,,,,
Kampen_2014,AIS,ALN,D_RAND,0.5,0,2,not_amenable,2,,,,,,,,,,,,,
Kampen_2014,AIS,ALN,D_RAND,0.5,1,2,not_amenable,2,,,,,,,,,,,,,
Kampen_2014,AIS,DET,A_TRUE,1.0,0,3,ok,0,1,1,measured,11,1,local_up_fast,1,1,exact,1,0.6667,0,1
Kampen_2014,AIS,DET,D_RAND,1.0,0,3,ok,0,1,1,measured,11,1,local_up_fast,1,1,exact,1,0.6667,3,0
Kampen_2014,AIS,DET,D_RAND,1.0,1,3,ok,0,1,1,measured,11,1,local_up_fast,1,1,exact,1,0.6667,3,0
Kampen_2014,AIS,DET,D_DEGEN,1.0,0,0,not_amenable,11,,,,,,,,,,,,,
Kampen_2014,AIS,DET,A_TRUE,0.5,0,2,not_amenable,2,,,,,,,,,,,,,
Kampen_2014,AIS,DET,D_RAND,0.5,0,2,not_amenable,9,,,,,,,,,,,,,
Kampen_2014,AIS,DET,D_RAND,0.5,1,2,not_amenable,2,,,,,,,,,,,,,
Kampen_2014,AIS,HOS,A_TRUE,1.0,0,3,ok,0,1,1,measured,11,1,local_up_fast,1,1,exact,1,0.6667,0,1
Kampen_2014,AIS,HOS,D_RAND,1.0,0,3,ok,0,1,1,measured,11,1,local_up_fast,1,1,exact,1,0.6667,3,0
Kampen_2014,AIS,HOS,D_RAND,1.0,1,3,ok,0,1,1,measured,11,1,local_up_fast,1,1,exact,1,0.6667,0,1
Kampen_2014,AIS,HOS,D_DEGEN,1.0,0,0,not_amenable,11,,,,,,,,,,,,,
Kampen_2014,AIS,HOS,A_TRUE,0.5,0,2,not_amenable,2,,,,,,,,,,,,,
Kampen_2014,AIS,HOS,D_RAND,0.5,0,2,not_amenable,2,,,,,,,,,,,,,
Kampen_2014,AIS,HOS,D_RAND,0.5,1,2,not_amenable,2,,,,,,,,,,,,,
Kampen_2014,AIS,SUS,A_TRUE,1.0,0,3,ok,0,1,1,measured,11,1,local_up_fast,1,1,exact,1,0.6667,0,1
Kampen_2014,AIS,SUS,D_RAND,1.0,0,3,ok,0,1,1,measured,11,1,local_up_fast,1,1,exact,1,0.6667,1,1
Kampen_2014,AIS,SUS,D_RAND,1.0,1,3,ok,8,1,2,measured,3,1,local_up_fast,1,1,exact,1,0.6667,1,0
Kampen_2014,AIS,SUS,D_DEGEN,1.0,0,0,not_amenable,11,,,,,,,,,,,,,
Kampen_2014,AIS,SUS,A_TRUE,0.5,0,2,not_amenable,2,,,,,,,,,,,,,
Kampen_2014,AIS,SUS,D_RAND,0.5,0,2,not_amenable,8,,,,,,,,,,,,,
Kampen_2014,AIS,SUS,D_RAND,0.5,1,2,not_amenable,9,,,,,,,,,,,,,
Kampen_2014,ALN,APA,A_TRUE,1.0,0,3,ok,0,2,1,measured,11,1,local_up_fast,1,1,exact,1,0.6667,0,1
Kampen_2014,ALN,APA,D_RAND,1.0,0,3,optimal_empty,0,,,,,,,,,,,,,
Kampen_2014,ALN,APA,D_RAND,1.0,1,3,optimal_empty,0,,,,,,,,,,,,,
Kampen_2014,ALN,APA,D_DEGEN,1.0,0,0,not_amenable,11,,,,,,,,,,,,,
Kampen_2014,ALN,APA,A_TRUE,0.5,0,2,ok,2,2,1,measured,9,1,local_up_fast,1,1,exact,1,1.0,0,1
Kampen_2014,ALN,APA,D_RAND,0.5,0,2,optimal_empty,2,,,,,,,,,,,,,
Kampen_2014,ALN,APA,D_RAND,0.5,1,2,optimal_empty,8,,,,,,,,,,,,,
Kampen_2014,ALN,EGC,A_TRUE,1.0,0,3,ok,0,1,2,measured,11,2,local_up_fast,1,1,exact,1,0.3333,0,1
Kampen_2014,ALN,EGC,D_RAND,1.0,0,3,ok,0,1,2,measured,11,3,local_up_fast,1,1,exact,1,0.3333,1,1
Kampen_2014,ALN,EGC,D_RAND,1.0,1,3,ok,1,1,2,measured,10,4,e1_ladder,1,2,exact,2,0.0,2,1
Kampen_2014,ALN,EGC,D_DEGEN,1.0,0,0,not_amenable,11,,,,,,,,,,,,,
Kampen_2014,ALN,EGC,A_TRUE,0.5,0,2,ok,2,1,2,measured,9,2,local_up_fast,1,1,exact,1,0.5,0,1
Kampen_2014,ALN,EGC,D_RAND,0.5,0,2,ok,2,1,2,measured,9,3,local_up_fast,1,1,exact,1,0.5,1,1
Kampen_2014,ALN,EGC,D_RAND,0.5,1,2,ok,2,1,2,measured,9,2,local_up_fast,1,1,exact,1,0.5,0,1
Kampen_2014,ALN,PER,A_TRUE,1.0,0,3,optimal_empty,0,,,,,,,,,,,,,
Kampen_2014,ALN,PER,D_RAND,1.0,0,3,optimal_empty,1,,,,,,,,,,,,,
Kampen_2014,ALN,PER,D_RAND,1.0,1,3,optimal_empty,1,,,,,,,,,,,,,
Kampen_2014,ALN,PER,D_DEGEN,1.0,0,0,not_amenable,11,,,,,,,,,,,,,
Kampen_2014,ALN,PER,A_TRUE,0.5,0,2,optimal_empty,2,,,,,,,,,,,,,
Kampen_2014,ALN,PER,D_RAND,0.5,0,2,optimal_empty,2,,,,,,,,,,,,,
Kampen_2014,ALN,PER,D_RAND,0.5,1,2,optimal_empty,8,,,,,,,,,,,,,
Kampen_2014,APA,AFF,A_TRUE,1.0,0,3,optimal_empty,0,,,,,,,,,,,,,
Kampen_2014,APA,AFF,D_RAND,1.0,0,3,optimal_empty,0,,,,,,,,,,,,,
Kampen_2014,APA,AFF,D_RAND,1.0,1,3,optimal_empty,1,,,,,,,,,,,,,
Kampen_2014,APA,AFF,D_DEGEN,1.0,0,0,not_amenable,11,,,,,,,,,,,,,
Kampen_2014,APA,AFF,A_TRUE,0.5,0,2,optimal_empty,2,,,,,,,,,,,,,
Kampen_2014,APA,AFF,D_RAND,0.5,0,2,optimal_empty,2,,,,,,,,,,,,,
Kampen_2014,APA,AFF,D_RAND,0.5,1,2,not_amenable,8,,,,,,,,,,,,,
Kampen_2014,APA,CDR,A_TRUE,1.0,0,3,optimal_empty,0,,,,,,,,,,,,,
Kampen_2014,APA,CDR,D_RAND,1.0,0,3,optimal_empty,1,,,,,,,,,,,,,
Kampen_2014,APA,CDR,D_RAND,1.0,1,3,optimal_empty,0,,,,,,,,,,,,,
Kampen_2014,APA,CDR,D_DEGEN,1.0,0,0,not_amenable,11,,,,,,,,,,,,,
Kampen_2014,APA,CDR,A_TRUE,0.5,0,2,optimal_empty,2,,,,,,,,,,,,,
Kampen_2014,APA,CDR,D_RAND,0.5,0,2,optimal_empty,2,,,,,,,,,,,,,
Kampen_2014,APA,CDR,D_RAND,0.5,1,2,optimal_empty,2,,,,,,,,,,,,,
Kampen_2014,APA,FTW,A_TRUE,1.0,0,3,optimal_empty,0,,,,,,,,,,,,,
Kampen_2014,APA,FTW,D_RAND,1.0,0,3,ok,1,3,1,measured,10,1,local_up_fast,1,1,exact,1,0.3333,2,0
Kampen_2014,APA,FTW,D_RAND,1.0,1,3,ok,1,3,1,measured,10,1,local_up_fast,1,1,exact,1,0.3333,2,0
Kampen_2014,APA,FTW,D_DEGEN,1.0,0,0,not_amenable,11,,,,,,,,,,,,,
Kampen_2014,APA,FTW,A_TRUE,0.5,0,2,optimal_empty,2,,,,,,,,,,,,,
Kampen_2014,APA,FTW,D_RAND,0.5,0,2,not_amenable,8,,,,,,,,,,,,,
Kampen_2014,APA,FTW,D_RAND,0.5,1,2,ok,2,3,1,measured,9,1,local_up_fast,1,1,exact,1,1.0,1,0
Kampen_2014,APA,SAN,A_TRUE,1.0,0,3,optimal_empty,0,,,,,,,,,,,,,
Kampen_2014,APA,SAN,D_RAND,1.0,0,3,optimal_empty,1,,,,,,,,,,,,,
Kampen_2014,APA,SAN,D_RAND,1.0,1,3,optimal_empty,0,,,,,,,,,,,,,
Kampen_2014,APA,SAN,D_DEGEN,1.0,0,0,not_amenable,11,,,,,,,,,,,,,
Kampen_2014,APA,SAN,A_TRUE,0.5,0,2,optimal_empty,2,,,,,,,,,,,,,
Kampen_2014,APA,SAN,D_RAND,0.5,0,2,not_amenable,8,,,,,,,,,,,,,
Kampen_2014,APA,SAN,D_RAND,0.5,1,2,not_amenable,8,,,,,,,,,,,,,
Kampen_2014,CDR,AIS,A_TRUE,1.0,0,3,optimal_empty,0,,,,,,,,,,,,,
Kampen_2014,CDR,AIS,D_RAND,1.0,0,3,not_amenable,7,,,,,,,,,,,,,
Kampen_2014,CDR,AIS,D_RAND,1.0,1,3,optimal_empty,0,,,,,,,,,,,,,
Kampen_2014,CDR,AIS,D_DEGEN,1.0,0,0,not_amenable,11,,,,,,,,,,,,,
Kampen_2014,CDR,AIS,A_TRUE,0.5,0,2,optimal_empty,2,,,,,,,,,,,,,
Kampen_2014,CDR,AIS,D_RAND,0.5,0,2,not_amenable,9,,,,,,,,,,,,,
Kampen_2014,CDR,AIS,D_RAND,0.5,1,2,not_amenable,9,,,,,,,,,,,,,
Kampen_2014,CDR,DET,A_TRUE,1.0,0,3,ok,0,3,2,measured,11,2,local_up_fast,1,1,exact,1,0.3333,0,1
Kampen_2014,CDR,DET,D_RAND,1.0,0,3,ok,0,3,2,measured,11,2,local_up_fast,1,1,exact,1,0.3333,3,1
Kampen_2014,CDR,DET,D_RAND,1.0,1,3,ok,0,3,2,measured,11,2,local_up_fast,1,1,exact,1,0.3333,3,1
Kampen_2014,CDR,DET,D_DEGEN,1.0,0,0,not_amenable,11,,,,,,,,,,,,,
Kampen_2014,CDR,DET,A_TRUE,0.5,0,2,ok,2,3,2,measured,9,2,local_up_fast,1,1,exact,1,0.5,0,1
Kampen_2014,CDR,DET,D_RAND,0.5,0,2,ok,2,3,2,measured,9,2,local_up_fast,1,1,exact,1,0.5,1,1
Kampen_2014,CDR,DET,D_RAND,0.5,1,2,not_amenable,8,,,,,,,,,,,,,
Kampen_2014,CDR,HOS,A_TRUE,1.0,0,3,optimal_empty,0,,,,,,,,,,,,,
Kampen_2014,CDR,HOS,D_RAND,1.0,0,3,not_amenable,8,,,,,,,,,,,,,
Kampen_2014,CDR,HOS,D_RAND,1.0,1,3,optimal_empty,0,,,,,,,,,,,,,
Kampen_2014,CDR,HOS,D_DEGEN,1.0,0,0,not_amenable,11,,,,,,,,,,,,,
Kampen_2014,CDR,HOS,A_TRUE,0.5,0,2,optimal_empty,2,,,,,,,,,,,,,
Kampen_2014,CDR,HOS,D_RAND,0.5,0,2,optimal_empty,2,,,,,,,,,,,,,
Kampen_2014,CDR,HOS,D_RAND,0.5,1,2,optimal_empty,2,,,,,,,,,,,,,
Kampen_2014,CDR,SUS,A_TRUE,1.0,0,3,optimal_empty,0,,,,,,,,,,,,,
Kampen_2014,CDR,SUS,D_RAND,1.0,0,3,optimal_empty,0,,,,,,,,,,,,,
Kampen_2014,CDR,SUS,D_RAND,1.0,1,3,optimal_empty,1,,,,,,,,,,,,,
Kampen_2014,CDR,SUS,D_DEGEN,1.0,0,0,not_amenable,11,,,,,,,,,,,,,
Kampen_2014,CDR,SUS,A_TRUE,0.5,0,2,optimal_empty,2,,,,,,,,,,,,,
Kampen_2014,CDR,SUS,D_RAND,0.5,0,2,not_amenable,9,,,,,,,,,,,,,
Kampen_2014,CDR,SUS,D_RAND,0.5,1,2,not_amenable,8,,,,,,,,,,,,,
Kampen_2014,PER,ALN,A_TRUE,1.0,0,3,optimal_empty,0,,,,,,,,,,,,,
Kampen_2014,PER,ALN,D_RAND,1.0,0,3,optimal_empty,0,,,,,,,,,,,,,
Kampen_2014,PER,ALN,D_RAND,1.0,1,3,optimal_empty,0,,,,,,,,,,,,,
Kampen_2014,PER,ALN,D_DEGEN,1.0,0,0,not_amenable,11,,,,,,,,,,,,,
Kampen_2014,PER,ALN,A_TRUE,0.5,0,2,optimal_empty,2,,,,,,,,,,,,,
Kampen_2014,PER,ALN,D_RAND,0.5,0,2,optimal_empty,8,,,,,,,,,,,,,
Kampen_2014,PER,ALN,D_RAND,0.5,1,2,optimal_empty,8,,,,,,,,,,,,,
Polzer_2012,Alcohol,Caries,A_TRUE,1.0,0,5,optimal_empty,0,,,,,,,,,,,,,
Polzer_2012,Alcohol,Caries,D_RAND,1.0,0,5,optimal_empty,3,,,,,,,,,,,,,
Polzer_2012,Alcohol,Caries,D_RAND,1.0,1,5,optimal_empty,1,,,,,,,,,,,,,
Polzer_2012,Alcohol,Caries,D_DEGEN,1.0,0,0,not_amenable,9,,,,,,,,,,,,,
Polzer_2012,Alcohol,Caries,A_TRUE,0.5,0,2,not_amenable,7,,,,,,,,,,,,,
Polzer_2012,Alcohol,Caries,D_RAND,0.5,0,2,optimal_empty,4,,,,,,,,,,,,,
Polzer_2012,Alcohol,Caries,D_RAND,0.5,1,2,not_amenable,7,,,,,,,,,,,,,
Polzer_2012,Alcohol,Lipids,A_TRUE,1.0,0,5,ok,0,3,1,measured,9,1,local_up_fast,1,1,exact,1,0.4,0,1
Polzer_2012,Alcohol,Lipids,D_RAND,1.0,0,5,ok,2,5,1,measured,7,1,local_up_fast,1,1,exact,1,0.2,3,0
Polzer_2012,Alcohol,Lipids,D_RAND,1.0,1,5,ok,3,5,1,measured,6,1,local_up_fast,1,1,exact,1,0.4,1,0
Polzer_2012,Alcohol,Lipids,D_DEGEN,1.0,0,0,not_amenable,9,,,,,,,,,,,,,
Polzer_2012,Alcohol,Lipids,A_TRUE,0.5,0,2,not_amenable,7,,,,,,,,,,,,,
Polzer_2012,Alcohol,Lipids,D_RAND,0.5,0,2,not_amenable,4,,,,,,,,,,,,,
Polzer_2012,Alcohol,Lipids,D_RAND,0.5,1,2,not_amenable,7,,,,,,,,,,,,,
Polzer_2012,Alcohol,Periodontitis,A_TRUE,1.0,0,5,ok,0,3,1,measured,9,1,local_up_fast,1,1,exact,1,0.4,0,1
Polzer_2012,Alcohol,Periodontitis,D_RAND,1.0,0,5,ok,1,2,,no_z_member_in_component,8,1,local_up_fast,1,1,exact,1,0.4,1,0
Polzer_2012,Alcohol,Periodontitis,D_RAND,1.0,1,5,ok,2,2,,no_z_member_in_component,7,1,local_up_fast,1,1,exact,1,0.4,2,0
Polzer_2012,Alcohol,Periodontitis,D_DEGEN,1.0,0,0,not_amenable,9,,,,,,,,,,,,,
Polzer_2012,Alcohol,Periodontitis,A_TRUE,0.5,0,2,not_amenable,7,,,,,,,,,,,,,
Polzer_2012,Alcohol,Periodontitis,D_RAND,0.5,0,2,not_amenable,7,,,,,,,,,,,,,
Polzer_2012,Alcohol,Periodontitis,D_RAND,0.5,1,2,not_amenable,7,,,,,,,,,,,,,
Polzer_2012,Alcohol,Sport,A_TRUE,1.0,0,5,ok,0,3,1,measured,9,1,local_up_fast,1,1,exact,1,0.4,0,1
Polzer_2012,Alcohol,Sport,D_RAND,1.0,0,5,ok,0,3,1,measured,9,1,local_up_fast,1,1,exact,1,0.4,0,1
Polzer_2012,Alcohol,Sport,D_RAND,1.0,1,5,ok,0,3,1,measured,9,1,local_up_fast,1,1,exact,1,0.2,3,1
Polzer_2012,Alcohol,Sport,D_DEGEN,1.0,0,0,not_amenable,9,,,,,,,,,,,,,
Polzer_2012,Alcohol,Sport,A_TRUE,0.5,0,2,not_amenable,7,,,,,,,,,,,,,
Polzer_2012,Alcohol,Sport,D_RAND,0.5,0,2,not_amenable,7,,,,,,,,,,,,,
Polzer_2012,Alcohol,Sport,D_RAND,0.5,1,2,not_amenable,4,,,,,,,,,,,,,
Polzer_2012,Caries,Diabetes,A_TRUE,1.0,0,5,optimal_empty,0,,,,,,,,,,,,,
Polzer_2012,Caries,Diabetes,D_RAND,1.0,0,5,optimal_empty,3,,,,,,,,,,,,,
Polzer_2012,Caries,Diabetes,D_RAND,1.0,1,5,optimal_empty,2,,,,,,,,,,,,,
Polzer_2012,Caries,Diabetes,D_DEGEN,1.0,0,0,not_amenable,9,,,,,,,,,,,,,
Polzer_2012,Caries,Diabetes,A_TRUE,0.5,0,2,optimal_empty,7,,,,,,,,,,,,,
Polzer_2012,Caries,Diabetes,D_RAND,0.5,0,2,ok,4,2,,no_z_member_in_component,5,1,local_up_fast,1,1,exact,1,0.5,1,0
Polzer_2012,Caries,Diabetes,D_RAND,0.5,1,2,ok,4,2,,no_z_member_in_component,5,1,local_up_fast,1,1,exact,1,0.5,2,0
Polzer_2012,Caries,Mortality,A_TRUE,1.0,0,5,ok,0,11,1,measured,9,1,local_up_fast,1,1,exact,1,0.2,0,1
Polzer_2012,Caries,Mortality,D_RAND,1.0,0,5,ok,2,2,,no_z_member_in_component,7,1,local_up_fast,1,1,exact,1,0.2,3,0
Polzer_2012,Caries,Mortality,D_RAND,1.0,1,5,ok,4,11,1,measured,5,1,local_up_fast,1,1,exact,1,0.2,2,1
Polzer_2012,Caries,Mortality,D_DEGEN,1.0,0,0,not_amenable,9,,,,,,,,,,,,,
Polzer_2012,Caries,Mortality,A_TRUE,0.5,0,2,ok,7,11,1,measured,2,1,local_up_fast,1,1,exact,1,0.5,0,1
Polzer_2012,Caries,Mortality,D_RAND,0.5,0,2,ok,4,2,,no_z_member_in_component,5,1,local_up_fast,1,1,exact,1,0.5,1,0
Polzer_2012,Caries,Mortality,D_RAND,0.5,1,2,ok,4,2,,no_z_member_in_component,5,1,local_up_fast,1,1,exact,1,0.5,2,0
Polzer_2012,Caries,Psychosocial,A_TRUE,1.0,0,5,optimal_empty,0,,,,,,,,,,,,,
Polzer_2012,Caries,Psychosocial,D_RAND,1.0,0,5,optimal_empty,1,,,,,,,,,,,,,
Polzer_2012,Caries,Psychosocial,D_RAND,1.0,1,5,ok,0,2,,no_z_member_in_component,9,1,local_up_fast,1,1,exact,1,0.2,1,0
Polzer_2012,Caries,Psychosocial,D_DEGEN,1.0,0,0,not_amenable,9,,,,,,,,,,,,,
Polzer_2012,Caries,Psychosocial,A_TRUE,0.5,0,2,optimal_empty,7,,,,,,,,,,,,,
Polzer_2012,Caries,Psychosocial,D_RAND,0.5,0,2,ok,4,2,,no_z_member_in_component,5,1,local_up_fast,1,1,exact,1,0.5,1,0
Polzer_2012,Caries,Psychosocial,D_RAND,0.5,1,2,ok,4,2,,no_z_member_in_component,5,1,local_up_fast,1,1,exact,1,0.5,2,0
Polzer_2012,Caries,ToothLoss,A_TRUE,1.0,0,5,ok,0,6,1,measured,9,1,local_up_fast,1,1,exact,1,0.2,0,1
Polzer_2012,Caries,ToothLoss,D_RAND,1.0,0,5,ok,1,2,,no_z_member_in_component,8,1,local_up_fast,1,1,exact,1,0.2,2,0
Polzer_2012,Caries,ToothLoss,D_RAND,1.0,1,5,ok,2,2,,no_z_member_in_component,7,1,local_up_fast,1,1,exact,1,0.2,3,0
Polzer_2012,Caries,ToothLoss,D_DEGEN,1.0,0,0,not_amenable,9,,,,,,,,,,,,,
Polzer_2012,Caries,ToothLoss,A_TRUE,0.5,0,2,ok,7,6,1,measured,2,1,local_up_fast,1,1,exact,1,0.5,0,1
Polzer_2012,Caries,ToothLoss,D_RAND,0.5,0,2,ok,7,6,1,measured,2,1,local_up_fast,1,1,exact,1,0.5,1,1
Polzer_2012,Caries,ToothLoss,D_RAND,0.5,1,2,ok,7,6,1,measured,2,1,local_up_fast,1,1,exact,1,0.5,1,1
Polzer_2012,Diabetes,Mortality,A_TRUE,1.0,0,5,ok,0,8,1,measured,9,1,local_up_fast,1,1,exact,1,0.4,0,1
Polzer_2012,Diabetes,Mortality,D_RAND,1.0,0,5,ok,1,8,1,measured,8,1,local_up_fast,1,1,exact,1,0.4,3,0
Polzer_2012,Diabetes,Mortality,D_RAND,1.0,1,5,ok,3,8,1,measured,6,1,local_up_fast,1,1,exact,1,0.4,1,1
Polzer_2012,Diabetes,Mortality,D_DEGEN,1.0,0,0,not_amenable,9,,,,,,,,,,,,,
Polzer_2012,Diabetes,Mortality,A_TRUE,0.5,0,2,not_amenable,7,,,,,,,,,,,,,
Polzer_2012,Diabetes,Mortality,D_RAND,0.5,0,2,not_amenable,7,,,,,,,,,,,,,
Polzer_2012,Diabetes,Mortality,D_RAND,0.5,1,2,not_amenable,4,,,,,,,,,,,,,
Polzer_2012,Diabetes,ToothLoss,A_TRUE,1.0,0,5,ok,0,8,1,measured,9,1,local_up_fast,1,1,exact,1,0.2,0,1
Polzer_2012,Diabetes,ToothLoss,D_RAND,1.0,0,5,ok,1,8,1,measured,8,1,local_up_fast,1,1,exact,1,0.4,4,0
Polzer_2012,Diabetes,ToothLoss,D_RAND,1.0,1,5,ok,1,8,1,measured,8,1,local_up_fast,1,1,exact,1,0.2,2,1
Polzer_2012,Diabetes,ToothLoss,D_DEGEN,1.0,0,0,not_amenable,9,,,,,,,,,,,,,
Polzer_2012,Diabetes,ToothLoss,A_TRUE,0.5,0,2,not_amenable,7,,,,,,,,,,,,,
Polzer_2012,Diabetes,ToothLoss,D_RAND,0.5,0,2,not_amenable,4,,,,,,,,,,,,,
Polzer_2012,Diabetes,ToothLoss,D_RAND,0.5,1,2,not_amenable,7,,,,,,,,,,,,,
Polzer_2012,Hypertension,Mortality,A_TRUE,1.0,0,5,ok,0,10,1,measured,9,1,local_up_fast,1,1,exact,1,0.4,0,1
Polzer_2012,Hypertension,Mortality,D_RAND,1.0,0,5,ok,1,7,,no_z_member_in_component,8,1,local_up_fast,1,1,exact,1,0.4,4,0
Polzer_2012,Hypertension,Mortality,D_RAND,1.0,1,5,ok,1,10,1,measured,8,1,local_up_fast,1,1,exact,1,0.4,1,1
Polzer_2012,Hypertension,Mortality,D_DEGEN,1.0,0,0,not_amenable,9,,,,,,,,,,,,,
Polzer_2012,Hypertension,Mortality,A_TRUE,0.5,0,2,not_amenable,7,,,,,,,,,,,,,
Polzer_2012,Hypertension,Mortality,D_RAND,0.5,0,2,not_amenable,7,,,,,,,,,,,,,
Polzer_2012,Hypertension,Mortality,D_RAND,0.5,1,2,not_amenable,4,,,,,,,,,,,,,
Polzer_2012,Hypertension,ToothLoss,A_TRUE,1.0,0,5,optimal_empty,0,,,,,,,,,,,,,
Polzer_2012,Hypertension,ToothLoss,D_RAND,1.0,0,5,ok,0,7,,no_z_member_in_component,9,1,local_up_fast,1,1,exact,1,0.4,3,0
Polzer_2012,Hypertension,ToothLoss,D_RAND,1.0,1,5,optimal_empty,3,,,,,,,,,,,,,
Polzer_2012,Hypertension,ToothLoss,D_DEGEN,1.0,0,0,not_amenable,9,,,,,,,,,,,,,
Polzer_2012,Hypertension,ToothLoss,A_TRUE,0.5,0,2,not_amenable,7,,,,,,,,,,,,,
Polzer_2012,Hypertension,ToothLoss,D_RAND,0.5,0,2,not_amenable,4,,,,,,,,,,,,,
Polzer_2012,Hypertension,ToothLoss,D_RAND,0.5,1,2,not_amenable,7,,,,,,,,,,,,,
Polzer_2012,Obesity,Lipids,A_TRUE,1.0,0,5,ok,0,6,,no_z_member_in_component,9,1,local_up_fast,1,1,exact,1,0.4,0,1
Polzer_2012,Obesity,Lipids,D_RAND,1.0,0,5,ok,1,6,1,measured,8,1,local_up_fast,1,1,exact,1,0.2,1,0
Polzer_2012,Obesity,Lipids,D_RAND,1.0,1,5,ok,3,6,,no_z_member_in_component,6,1,local_up_fast,1,1,exact,1,0.4,1,1
Polzer_2012,Obesity,Lipids,D_DEGEN,1.0,0,0,not_amenable,9,,,,,,,,,,,,,
Polzer_2012,Obesity,Lipids,A_TRUE,0.5,0,2,not_amenable,7,,,,,,,,,,,,,
Polzer_2012,Obesity,Lipids,D_RAND,0.5,0,2,not_amenable,7,,,,,,,,,,,,,
Polzer_2012,Obesity,Lipids,D_RAND,0.5,1,2,not_amenable,4,,,,,,,,,,,,,
Polzer_2012,Obesity,ToothLoss,A_TRUE,1.0,0,5,ok,0,7,,no_z_member_in_component,9,1,local_up_fast,1,1,exact,1,0.4,0,1
Polzer_2012,Obesity,ToothLoss,D_RAND,1.0,0,5,ok,1,7,,no_z_member_in_component,8,1,local_up_fast,1,1,exact,1,0.4,2,1
Polzer_2012,Obesity,ToothLoss,D_RAND,1.0,1,5,ok,0,8,1,measured,9,1,local_up_fast,1,1,exact,1,0.2,3,0
Polzer_2012,Obesity,ToothLoss,D_DEGEN,1.0,0,0,not_amenable,9,,,,,,,,,,,,,
Polzer_2012,Obesity,ToothLoss,A_TRUE,0.5,0,2,not_amenable,7,,,,,,,,,,,,,
Polzer_2012,Obesity,ToothLoss,D_RAND,0.5,0,2,not_amenable,4,,,,,,,,,,,,,
Polzer_2012,Obesity,ToothLoss,D_RAND,0.5,1,2,not_amenable,7,,,,,,,,,,,,,
Polzer_2012,Psychosocial,Diabetes,A_TRUE,1.0,0,5,ok,0,2,,no_z_member_in_component,9,1,local_up_fast,1,1,exact,1,0.4,0,1
Polzer_2012,Psychosocial,Diabetes,D_RAND,1.0,0,5,ok,1,2,,no_z_member_in_component,8,2,local_up_fast,1,2,exact,2,0.0,2,1
Polzer_2012,Psychosocial,Diabetes,D_RAND,1.0,1,5,ok,0,2,,no_z_member_in_component,9,1,local_up_fast,1,1,exact,1,0.4,2,1
Polzer_2012,Psychosocial,Diabetes,D_DEGEN,1.0,0,0,not_amenable,9,,,,,,,,,,,,,
Polzer_2012,Psychosocial,Diabetes,A_TRUE,0.5,0,2,not_amenable,7,,,,,,,,,,,,,
Polzer_2012,Psychosocial,Diabetes,D_RAND,0.5,0,2,not_amenable,7,,,,,,,,,,,,,
Polzer_2012,Psychosocial,Diabetes,D_RAND,0.5,1,2,ok,4,2,,no_z_member_in_component,5,2,local_up_fast,1,1,exact,1,0.5,1,1
Polzer_2012,Psychosocial,Mortality,A_TRUE,1.0,0,5,ok,0,2,,no_z_member_in_component,9,1,local_up_fast,1,1,exact,1,0.6,0,1
Polzer_2012,Psychosocial,Mortality,D_RAND,1.0,0,5,ok,1,3,1,measured,8,1,local_up_fast,1,1,exact,1,0.2,2,0
Polzer_2012,Psychosocial,Mortality,D_RAND,1.0,1,5,not_amenable,3,,,,,,,,,,,,,
Polzer_2012,Psychosocial,Mortality,D_DEGEN,1.0,0,0,not_amenable,9,,,,,,,,,,,,,
Polzer_2012,Psychosocial,Mortality,A_TRUE,0.5,0,2,not_amenable,7,,,,,,,,,,,,,
Polzer_2012,Psychosocial,Mortality,D_RAND,0.5,0,2,ok,4,3,1,measured,5,1,local_up_fast,1,1,exact,1,0.5,2,0
Polzer_2012,Psychosocial,Mortality,D_RAND,0.5,1,2,not_amenable,7,,,,,,,,,,,,,
Polzer_2012,Psychosocial,Smoking,A_TRUE,1.0,0,5,ok,0,2,,no_z_member_in_component,9,1,local_up_fast,1,1,exact,1,0.4,0,1
Polzer_2012,Psychosocial,Smoking,D_RAND,1.0,0,5,ok,2,2,,no_z_member_in_component,7,2,local_up_fast,1,1,exact,1,0.2,3,1
Polzer_2012,Psychosocial,Smoking,D_RAND,1.0,1,5,not_amenable,1,,,,,,,,,,,,,
Polzer_2012,Psychosocial,Smoking,D_DEGEN,1.0,0,0,not_amenable,9,,,,,,,,,,,,,
Polzer_2012,Psychosocial,Smoking,A_TRUE,0.5,0,2,not_amenable,7,,,,,,,,,,,,,
Polzer_2012,Psychosocial,Smoking,D_RAND,0.5,0,2,not_amenable,7,,,,,,,,,,,,,
Polzer_2012,Psychosocial,Smoking,D_RAND,0.5,1,2,not_amenable,7,,,,,,,,,,,,,
Polzer_2012,Smoking,Alcohol,A_TRUE,1.0,0,5,optimal_empty,0,,,,,,,,,,,,,
Polzer_2012,Smoking,Alcohol,D_RAND,1.0,0,5,not_amenable,3,,,,,,,,,,,,,
Polzer_2012,Smoking,Alcohol,D_RAND,1.0,1,5,optimal_empty,1,,,,,,,,,,,,,
Polzer_2012,Smoking,Alcohol,D_DEGEN,1.0,0,0,not_amenable,9,,,,,,,,,,,,,
Polzer_2012,Smoking,Alcohol,A_TRUE,0.5,0,2,not_amenable,7,,,,,,,,,,,,,
Polzer_2012,Smoking,Alcohol,D_RAND,0.5,0,2,not_amenable,4,,,,,,,,,,,,,
Polzer_2012,Smoking,Alcohol,D_RAND,0.5,1,2,not_amenable,4,,,,,,,,,,,,,
Polzer_2012,Smoking,Hypertension,A_TRUE,1.0,0,5,ok,0,4,1,measured,9,1,local_up_fast,1,1,exact,1,0.4,0,1
Polzer_2012,Smoking,Hypertension,D_RAND,1.0,0,5,ok,0,4,1,measured,9,1,local_up_fast,1,1,exact,1,0.4,2,1
Polzer_2012,Smoking,Hypertension,D_RAND,1.0,1,5,ok,1,4,1,measured,8,1,local_up_fast,1,1,exact,1,0.4,1,1
Polzer_2012,Smoking,Hypertension,D_DEGEN,1.0,0,0,not_amenable,9,,,,,,,,,,,,,
Polzer_2012,Smoking,Hypertension,A_TRUE,0.5,0,2,not_amenable,7,,,,,,,,,,,,,
Polzer_2012,Smoking,Hypertension,D_RAND,0.5,0,2,not_amenable,7,,,,,,,,,,,,,
Polzer_2012,Smoking,Hypertension,D_RAND,0.5,1,2,not_amenable,7,,,,,,,,,,,,,
Polzer_2012,Smoking,Obesity,A_TRUE,1.0,0,5,ok,0,4,1,measured,9,1,local_up_fast,1,1,exact,1,0.4,0,1
Polzer_2012,Smoking,Obesity,D_RAND,1.0,0,5,ok,1,4,1,measured,8,1,local_up_fast,1,1,exact,1,0.4,1,1
Polzer_2012,Smoking,Obesity,D_RAND,1.0,1,5,not_amenable,1,,,,,,,,,,,,,
Polzer_2012,Smoking,Obesity,D_DEGEN,1.0,0,0,not_amenable,9,,,,,,,,,,,,,
Polzer_2012,Smoking,Obesity,A_TRUE,0.5,0,2,not_amenable,7,,,,,,,,,,,,,
Polzer_2012,Smoking,Obesity,D_RAND,0.5,0,2,not_amenable,4,,,,,,,,,,,,,
Polzer_2012,Smoking,Obesity,D_RAND,0.5,1,2,not_amenable,7,,,,,,,,,,,,,
Schipf_2010,A,PA,A_TRUE,1.0,0,3,optimal_empty,0,,,,,,,,,,,,,
Schipf_2010,A,PA,D_RAND,1.0,0,3,not_amenable,3,,,,,,,,,,,,,
Schipf_2010,A,PA,D_RAND,1.0,1,3,optimal_empty,0,,,,,,,,,,,,,
Schipf_2010,A,PA,D_DEGEN,1.0,0,0,not_amenable,6,,,,,,,,,,,,,
Schipf_2010,A,PA,A_TRUE,0.5,0,2,not_amenable,2,,,,,,,,,,,,,
Schipf_2010,A,PA,D_RAND,0.5,0,2,optimal_empty,0,,,,,,,,,,,,,
Schipf_2010,A,PA,D_RAND,0.5,1,2,optimal_empty,1,,,,,,,,,,,,,
Schipf_2010,A,S,A_TRUE,1.0,0,3,optimal_empty,0,,,,,,,,,,,,,
Schipf_2010,A,S,D_RAND,1.0,0,3,optimal_empty,3,,,,,,,,,,,,,
Schipf_2010,A,S,D_RAND,1.0,1,3,optimal_empty,0,,,,,,,,,,,,,
Schipf_2010,A,S,D_DEGEN,1.0,0,0,not_amenable,6,,,,,,,,,,,,,
Schipf_2010,A,S,A_TRUE,0.5,0,2,optimal_empty,2,,,,,,,,,,,,,
Schipf_2010,A,S,D_RAND,0.5,0,2,optimal_empty,2,,,,,,,,,,,,,
Schipf_2010,A,S,D_RAND,0.5,1,2,optimal_empty,1,,,,,,,,,,,,,
Schipf_2010,A,T2DM,A_TRUE,1.0,0,3,optimal_empty,0,,,,,,,,,,,,,
Schipf_2010,A,T2DM,D_RAND,1.0,0,3,ok,0,2,1,measured,6,1,local_up_fast,1,1,exact,1,0.6667,2,0
Schipf_2010,A,T2DM,D_RAND,1.0,1,3,ok,1,1,1,measured,5,1,local_up_fast,1,1,exact,1,0.3333,2,0
Schipf_2010,A,T2DM,D_DEGEN,1.0,0,0,not_amenable,6,,,,,,,,,,,,,
Schipf_2010,A,T2DM,A_TRUE,0.5,0,2,not_amenable,2,,,,,,,,,,,,,
Schipf_2010,A,T2DM,D_RAND,0.5,0,2,not_amenable,4,,,,,,,,,,,,,
Schipf_2010,A,T2DM,D_RAND,0.5,1,2,not_amenable,4,,,,,,,,,,,,,
Schipf_2010,A,TT,A_TRUE,1.0,0,3,optimal_empty,0,,,,,,,,,,,,,
Schipf_2010,A,TT,D_RAND,1.0,0,3,optimal_empty,0,,,,,,,,,,,,,
Schipf_2010,A,TT,D_RAND,1.0,1,3,ok,0,1,1,measured,6,2,local_up_fast,1,1,exact,1,0.6667,2,0
Schipf_2010,A,TT,D_DEGEN,1.0,0,0,not_amenable,6,,,,,,,,,,,,,
Schipf_2010,A,TT,A_TRUE,0.5,0,2,not_amenable,2,,,,,,,,,,,,,
Schipf_2010,A,TT,D_RAND,0.5,0,2,ok,1,1,1,measured,5,1,local_up_fast,1,1,exact,1,0.5,2,0
Schipf_2010,A,TT,D_RAND,0.5,1,2,ok,1,1,1,measured,5,1,local_up_fast,1,1,exact,1,0.5,2,0
Schipf_2010,A,U,A_TRUE,1.0,0,3,optimal_empty,0,,,,,,,,,,,,,
Schipf_2010,A,U,D_RAND,1.0,0,3,not_amenable,3,,,,,,,,,,,,,
Schipf_2010,A,U,D_RAND,1.0,1,3,optimal_empty,1,,,,,,,,,,,,,
Schipf_2010,A,U,D_DEGEN,1.0,0,0,not_amenable,6,,,,,,,,,,,,,
Schipf_2010,A,U,A_TRUE,0.5,0,2,not_amenable,2,,,,,,,,,,,,,
Schipf_2010,A,U,D_RAND,0.5,0,2,not_amenable,2,,,,,,,,,,,,,
Schipf_2010,A,U,D_RAND,0.5,1,2,not_amenable,4,,,,,,,,,,,,,
Schipf_2010,A,WC,A_TRUE,1.0,0,3,optimal_empty,0,,,,,,,,,,,,,
Schipf_2010,A,WC,D_RAND,1.0,0,3,not_amenable,1,,,,,,,,,,,,,
Schipf_2010,A,WC,D_RAND,1.0,1,3,optimal_empty,1,,,,,,,,,,,,,
Schipf_2010,A,WC,D_DEGEN,1.0,0,0,not_amenable,6,,,,,,,,,,,,,
Schipf_2010,A,WC,A_TRUE,0.5,0,2,not_amenable,2,,,,,,,,,,,,,
Schipf_2010,A,WC,D_RAND,0.5,0,2,not_amenable,4,,,,,,,,,,,,,
Schipf_2010,A,WC,D_RAND,0.5,1,2,not_amenable,2,,,,,,,,,,,,,
Schipf_2010,PA,A,A_TRUE,1.0,0,3,optimal_empty,0,,,,,,,,,,,,,
Schipf_2010,PA,A,D_RAND,1.0,0,3,optimal_empty,3,,,,,,,,,,,,,
Schipf_2010,PA,A,D_RAND,1.0,1,3,optimal_empty,0,,,,,,,,,,,,,
Schipf_2010,PA,A,D_DEGEN,1.0,0,0,not_amenable,6,,,,,,,,,,,,,
Schipf_2010,PA,A,A_TRUE,0.5,0,2,not_amenable,2,,,,,,,,,,,,,
Schipf_2010,PA,A,D_RAND,0.5,0,2,optimal_empty,1,,,,,,,,,,,,,
Schipf_2010,PA,A,D_RAND,0.5,1,2,optimal_empty,0,,,,,,,,,,,,,
Schipf_2010,PA,S,A_TRUE,1.0,0,3,optimal_empty,0,,,,,,,,,,,,,
Schipf_2010,PA,S,D_RAND,1.0,0,3,optimal_empty,0,,,,,,,,,,,,,
Schipf_2010,PA,S,D_RAND,1.0,1,3,optimal_empty,0,,,,,,,,,,,,,
Schipf_2010,PA,S,D_DEGEN,1.0,0,0,not_amenable,6,,,,,,,,,,,,,
Schipf_2010,PA,S,A_TRUE,0.5,0,2,not_amenable,2,,,,,,,,,,,,,
Schipf_2010,PA,S,D_RAND,0.5,0,2,not_amenable,2,,,,,,,,,,,,,
Schipf_2010,PA,S,D_RAND,0.5,1,2,not_amenable,2,,,,,,,,,,,,,
Schipf_2010,PA,T2DM,A_TRUE,1.0,0,3,ok,0,2,1,measured,6,1,local_up_fast,1,1,exact,1,0.6667,0,1
Schipf_2010,PA,T2DM,D_RAND,1.0,0,3,ok,0,1,1,measured,6,1,local_up_fast,1,1,exact,1,0.6667,2,0
Schipf_2010,PA,T2DM,D_RAND,1.0,1,3,ok,0,1,1,measured,6,1,local_up_fast,1,1,exact,1,0.6667,2,0
Schipf_2010,PA,T2DM,D_DEGEN,1.0,0,0,not_amenable,6,,,,,,,,,,,,,
Schipf_2010,PA,T2DM,A_TRUE,0.5,0,2,not_amenable,2,,,,,,,,,,,,,
Schipf_2010,PA,T2DM,D_RAND,0.5,0,2,ok,1,3,1,measured,5,1,local_up_fast,1,1,exact,1,1.0,2,0
Schipf_2010,PA,T2DM,D_RAND,0.5,1,2,ok,0,2,1,measured,6,1,local_up_fast,1,1,exact,1,1.0,1,1
Schipf_2010,PA,TT,A_TRUE,1.0,0,3,ok,0,2,1,measured,6,1,local_up_fast,1,1,exact,1,0.6667,0,1
Schipf_2010,PA,TT,D_RAND,1.0,0,3,optimal_empty,3,,,,,,,,,,,,,
Schipf_2010,PA,TT,D_RAND,1.0,1,3,optimal_empty,1,,,,,,,,,,,,,
Schipf_2010,PA,TT,D_DEGEN,1.0,0,0,not_amenable,6,,,,,,,,,,,,,
Schipf_2010,PA,TT,A_TRUE,0.5,0,2,not_amenable,2,,,,,,,,,,,,,
Schipf_2010,PA,TT,D_RAND,0.5,0,2,ok,0,2,1,measured,6,1,local_up_fast,1,1,exact,1,1.0,1,1
Schipf_2010,PA,TT,D_RAND,0.5,1,2,optimal_empty,1,,,,,,,,,,,,,
Schipf_2010,PA,U,A_TRUE,1.0,0,3,ok,0,1,1,measured,6,1,local_up_fast,1,1,exact,1,0.6667,0,1
Schipf_2010,PA,U,D_RAND,1.0,0,3,ok,0,1,1,measured,6,1,local_up_fast,1,1,exact,1,0.6667,0,1
Schipf_2010,PA,U,D_RAND,1.0,1,3,ok,0,1,1,measured,6,1,local_up_fast,1,1,exact,1,0.6667,0,1
Schipf_2010,PA,U,D_DEGEN,1.0,0,0,not_amenable,6,,,,,,,,,,,,,
Schipf_2010,PA,U,A_TRUE,0.5,0,2,not_amenable,2,,,,,,,,,,,,,
Schipf_2010,PA,U,D_RAND,0.5,0,2,not_amenable,4,,,,,,,,,,,,,
Schipf_2010,PA,U,D_RAND,0.5,1,2,not_amenable,4,,,,,,,,,,,,,
Schipf_2010,PA,WC,A_TRUE,1.0,0,3,ok,0,1,1,measured,6,1,local_up_fast,1,1,exact,1,0.6667,0,1
Schipf_2010,PA,WC,D_RAND,1.0,0,3,optimal_empty,3,,,,,,,,,,,,,
Schipf_2010,PA,WC,D_RAND,1.0,1,3,optimal_empty,0,,,,,,,,,,,,,
Schipf_2010,PA,WC,D_DEGEN,1.0,0,0,not_amenable,6,,,,,,,,,,,,,
Schipf_2010,PA,WC,A_TRUE,0.5,0,2,not_amenable,2,,,,,,,,,,,,,
Schipf_2010,PA,WC,D_RAND,0.5,0,2,not_amenable,2,,,,,,,,,,,,,
Schipf_2010,PA,WC,D_RAND,0.5,1,2,optimal_empty,1,,,,,,,,,,,,,
Schipf_2010,S,A,A_TRUE,1.0,0,3,optimal_empty,0,,,,,,,,,,,,,
Schipf_2010,S,A,D_RAND,1.0,0,3,optimal_empty,1,,,,,,,,,,,,,
Schipf_2010,S,A,D_RAND,1.0,1,3,optimal_empty,1,,,,,,,,,,,,,
Schipf_2010,S,A,D_DEGEN,1.0,0,0,not_amenable,6,,,,,,,,,,,,,
Schipf_2010,S,A,A_TRUE,0.5,0,2,optimal_empty,2,,,,,,,,,,,,,
Schipf_2010,S,A,D_RAND,0.5,0,2,optimal_empty,4,,,,,,,,,,,,,
Schipf_2010,S,A,D_RAND,0.5,1,2,optimal_empty,4,,,,,,,,,,,,,
Schipf_2010,S,PA,A_TRUE,1.0,0,3,optimal_empty,0,,,,,,,,,,,,,
Schipf_2010,S,PA,D_RAND,1.0,0,3,optimal_empty,0,,,,,,,,,,,,,
Schipf_2010,S,PA,D_RAND,1.0,1,3,optimal_empty,0,,,,,,,,,,,,,
Schipf_2010,S,PA,D_DEGEN,1.0,0,0,not_amenable,6,,,,,,,,,,,,,
Schipf_2010,S,PA,A_TRUE,0.5,0,2,optimal_empty,2,,,,,,,,,,,,,
Schipf_2010,S,PA,D_RAND,0.5,0,2,optimal_empty,2,,,,,,,,,,,,,
Schipf_2010,S,PA,D_RAND,0.5,1,2,optimal_empty,0,,,,,,,,,,,,,
Schipf_2010,S,T2DM,A_TRUE,1.0,0,3,ok,0,3,2,measured,6,1,local_up_fast,1,1,exact,1,0.3333,0,1
Schipf_2010,S,T2DM,D_RAND,1.0,0,3,optimal_empty,1,,,,,,,,,,,,,
Schipf_2010,S,T2DM,D_RAND,1.0,1,3,ok,0,3,2,measured,6,1,local_up_fast,1,1,exact,1,0.3333,0,1
Schipf_2010,S,T2DM,D_DEGEN,1.0,0,0,not_amenable,6,,,,,,,,,,,,,
Schipf_2010,S,T2DM,A_TRUE,0.5,0,2,ok,2,3,2,measured,4,1,local_up_fast,1,1,exact,1,0.5,0,1
Schipf_2010,S,T2DM,D_RAND,0.5,0,2,optimal_empty,1,,,,,,,,,,,,,
Schipf_2010,S,T2DM,D_RAND,0.5,1,2,optimal_empty,1,,,,,,,,,,,,,
Schipf_2010,S,TT,A_TRUE,1.0,0,3,ok,0,3,1,measured,6,1,local_up_fast,1,1,exact,1,0.3333,0,1
Schipf_2010,S,TT,D_RAND,1.0,0,3,ok,0,3,1,measured,6,3,local_up_fast,1,2,exact,2,0.0,2,1
Schipf_2010,S,TT,D_RAND,1.0,1,3,optimal_empty,0,,,,,,,,,,,,,
Schipf_2010,S,TT,D_DEGEN,1.0,0,0,not_amenable,6,,,,,,,,,,,,,
Schipf_2010,S,TT,A_TRUE,0.5,0,2,ok,2,3,1,measured,4,1,local_up_fast,1,1,exact,1,0.5,0,1
Schipf_2010,S,TT,D_RAND,0.5,0,2,optimal_empty,1,,,,,,,,,,,,,
Schipf_2010,S,TT,D_RAND,0.5,1,2,ok,4,3,1,measured,2,1,local_up_fast,1,1,exact,1,0.5,1,1
Schipf_2010,S,U,A_TRUE,1.0,0,3,optimal_empty,0,,,,,,,,,,,,,
Schipf_2010,S,U,D_RAND,1.0,0,3,optimal_empty,0,,,,,,,,,,,,,
Schipf_2010,S,U,D_RAND,1.0,1,3,optimal_empty,1,,,,,,,,,,,,,
Schipf_2010,S,U,D_DEGEN,1.0,0,0,not_amenable,6,,,,,,,,,,,,,
Schipf_2010,S,U,A_TRUE,0.5,0,2,optimal_empty,2,,,,,,,,,,,,,
Schipf_2010,S,U,D_RAND,0.5,0,2,optimal_empty,4,,,,,,,,,,,,,
Schipf_2010,S,U,D_RAND,0.5,1,2,optimal_empty,1,,,,,,,,,,,,,
Schipf_2010,S,WC,A_TRUE,1.0,0,3,optimal_empty,0,,,,,,,,,,,,,
Schipf_2010,S,WC,D_RAND,1.0,0,3,optimal_empty,1,,,,,,,,,,,,,
Schipf_2010,S,WC,D_RAND,1.0,1,3,optimal_empty,0,,,,,,,,,,,,,
Schipf_2010,S,WC,D_DEGEN,1.0,0,0,not_amenable,6,,,,,,,,,,,,,
Schipf_2010,S,WC,A_TRUE,0.5,0,2,optimal_empty,2,,,,,,,,,,,,,
Schipf_2010,S,WC,D_RAND,0.5,0,2,optimal_empty,0,,,,,,,,,,,,,
Schipf_2010,S,WC,D_RAND,0.5,1,2,optimal_empty,2,,,,,,,,,,,,,
Schipf_2010,U,A,A_TRUE,1.0,0,3,optimal_empty,0,,,,,,,,,,,,,
Schipf_2010,U,A,D_RAND,1.0,0,3,optimal_empty,0,,,,,,,,,,,,,
Schipf_2010,U,A,D_RAND,1.0,1,3,optimal_empty,0,,,,,,,,,,,,,
Schipf_2010,U,A,D_DEGEN,1.0,0,0,not_amenable,6,,,,,,,,,,,,,
Schipf_2010,U,A,A_TRUE,0.5,0,2,optimal_empty,2,,,,,,,,,,,,,
Schipf_2010,U,A,D_RAND,0.5,0,2,optimal_empty,2,,,,,,,,,,,,,
Schipf_2010,U,A,D_RAND,0.5,1,2,not_amenable,4,,,,,,,,,,,,,
Schipf_2010,U,PA,A_TRUE,1.0,0,3,optimal_empty,0,,,,,,,,,,,,,
Schipf_2010,U,PA,D_RAND,1.0,0,3,optimal_empty,0,,,,,,,,,,,,,
Schipf_2010,U,PA,D_RAND,1.0,1,3,optimal_empty,0,,,,,,,,,,,,,
Schipf_2010,U,PA,D_DEGEN,1.0,0,0,not_amenable,6,,,,,,,,,,,,,
Schipf_2010,U,PA,A_TRUE,0.5,0,2,optimal_empty,2,,,,,,,,,,,,,
Schipf_2010,U,PA,D_RAND,0.5,0,2,not_amenable,1,,,,,,,,,,,,,
Schipf_2010,U,PA,D_RAND,0.5,1,2,not_amenable,1,,,,,,,,,,,,,
Sebastiani_2005,ANXA2.5,ANXA2.11,A_TRUE,1.0,0,7,optimal_empty,0,,,,,,,,,,,,,
Sebastiani_2005,ANXA2.5,ANXA2.11,D_RAND,1.0,0,7,optimal_empty,0,,,,,,,,,,,,,
Sebastiani_2005,ANXA2.5,ANXA2.11,D_RAND,1.0,1,7,ok,0,2,,no_z_member_in_component,7,1,local_up_fast,1,1,exact,1,0.1429,2,0
Sebastiani_2005,ANXA2.5,ANXA2.11,D_DEGEN,1.0,0,0,not_amenable,7,,,,,,,,,,,,,
Sebastiani_2005,ANXA2.5,ANXA2.11,A_TRUE,0.5,0,4,optimal_empty,3,,,,,,,,,,,,,
Sebastiani_2005,ANXA2.5,ANXA2.11,D_RAND,0.5,0,4,optimal_empty,3,,,,,,,,,,,,,
Sebastiani_2005,ANXA2.5,ANXA2.11,D_RAND,0.5,1,4,optimal_empty,3,,,,,,,,,,,,,
Sebastiani_2005,ANXA2.8,ANXA2.7,A_TRUE,1.0,0,7,ok,0,1,,no_z_member_in_component,7,-1,e1_ladder,1,,gt_3,,0.0,0,1
Sebastiani_2005,ANXA2.8,ANXA2.7,D_RAND,1.0,0,7,ok,0,1,,no_z_member_in_component,7,-1,e1_ladder,1,,gt_3,,0.0,4,1
Sebastiani_2005,ANXA2.8,ANXA2.7,D_RAND,1.0,1,7,ok,0,1,,no_z_member_in_component,7,-1,e1_ladder,1,,gt_3,,0.0,3,1
Sebastiani_2005,ANXA2.8,ANXA2.7,D_DEGEN,1.0,0,0,ok,7,1,,no_z_member_in_component,0,-1,local_up_fast,1,,gt_0,,,0,1
Sebastiani_2005,ANXA2.8,ANXA2.7,A_TRUE,0.5,0,4,ok,3,1,,no_z_member_in_component,4,-1,e1_ladder,1,,gt_3,,0.0,0,1
Sebastiani_2005,ANXA2.8,ANXA2.7,D_RAND,0.5,0,4,ok,2,1,,no_z_member_in_component,5,-1,e1_ladder,1,,gt_3,,0.0,2,1
Sebastiani_2005,ANXA2.8,ANXA2.7,D_RAND,0.5,1,4,ok,2,1,,no_z_member_in_component,5,-1,e1_ladder,1,,gt_3,,0.0,2,1
Sebastiani_2005,ANXA2.8,CSF2.4,A_TRUE,1.0,0,7,ok,0,1,,no_z_member_in_component,7,1,local_up_fast,1,1,exact,1,0.1429,0,1
Sebastiani_2005,ANXA2.8,CSF2.4,D_RAND,1.0,0,7,ok,0,1,,no_z_member_in_component,7,1,local_up_fast,1,1,exact,1,0.1429,2,1
Sebastiani_2005,ANXA2.8,CSF2.4,D_RAND,1.0,1,7,optimal_empty,0,,,,,,,,,,,,,
Sebastiani_2005,ANXA2.8,CSF2.4,D_DEGEN,1.0,0,0,not_amenable,7,,,,,,,,,,,,,
Sebastiani_2005,ANXA2.8,CSF2.4,A_TRUE,0.5,0,4,ok,3,1,,no_z_member_in_component,4,1,local_up_fast,1,1,exact,1,0.25,0,1
Sebastiani_2005,ANXA2.8,CSF2.4,D_RAND,0.5,0,4,optimal_empty,2,,,,,,,,,,,,,
Sebastiani_2005,ANXA2.8,CSF2.4,D_RAND,0.5,1,4,optimal_empty,2,,,,,,,,,,,,,
Sebastiani_2005,ANXA2.8,SELP.12,A_TRUE,1.0,0,7,ok,0,1,,no_z_member_in_component,7,1,local_up_fast,1,1,exact,1,0.1429,0,1
Sebastiani_2005,ANXA2.8,SELP.12,D_RAND,1.0,0,7,optimal_empty,0,,,,,,,,,,,,,
Sebastiani_2005,ANXA2.8,SELP.12,D_RAND,1.0,1,7,ok,0,1,,no_z_member_in_component,7,2,local_up_fast,1,2,exact,2,0.0,3,1
Sebastiani_2005,ANXA2.8,SELP.12,D_DEGEN,1.0,0,0,not_amenable,7,,,,,,,,,,,,,
Sebastiani_2005,ANXA2.8,SELP.12,A_TRUE,0.5,0,4,ok,3,1,,no_z_member_in_component,4,1,local_up_fast,1,1,exact,1,0.25,0,1
Sebastiani_2005,ANXA2.8,SELP.12,D_RAND,0.5,0,4,optimal_empty,2,,,,,,,,,,,,,
Sebastiani_2005,ANXA2.8,SELP.12,D_RAND,0.5,1,4,ok,3,1,,no_z_member_in_component,4,1,local_up_fast,1,1,exact,1,0.25,0,1
Sebastiani_2005,BMP6,ANXA2.11,A_TRUE,1.0,0,7,optimal_empty,0,,,,,,,,,,,,,
Sebastiani_2005,BMP6,ANXA2.11,D_RAND,1.0,0,7,optimal_empty,0,,,,,,,,,,,,,
Sebastiani_2005,BMP6,ANXA2.11,D_RAND,1.0,1,7,optimal_empty,0,,,,,,,,,,,,,
Sebastiani_2005,BMP6,ANXA2.11,D_DEGEN,1.0,0,0,not_amenable,7,,,,,,,,,,,,,
Sebastiani_2005,BMP6,ANXA2.11,A_TRUE,0.5,0,4,not_amenable,3,,,,,,,,,,,,,
Sebastiani_2005,BMP6,ANXA2.11,D_RAND,0.5,0,4,not_amenable,3,,,,,,,,,,,,,
Sebastiani_2005,BMP6,ANXA2.11,D_RAND,0.5,1,4,optimal_empty,2,,,,,,,,,,,,,
Sebastiani_2005,BMP6,BMP6.13,A_TRUE,1.0,0,7,ok,0,1,,no_z_member_in_component,7,-1,e1_ladder,1,,gt_3,,0.0,0,1
Sebastiani_2005,BMP6,BMP6.13,D_RAND,1.0,0,7,ok,0,1,,no_z_member_in_component,7,-1,e1_ladder,1,,gt_3,,0.0,3,1
Sebastiani_2005,BMP6,BMP6.13,D_RAND,1.0,1,7,ok,0,1,,no_z_member_in_component,7,-1,e1_ladder,1,,gt_3,,0.0,3,1
Sebastiani_2005,BMP6,BMP6.13,D_DEGEN,1.0,0,0,ok,7,1,,no_z_member_in_component,0,-1,local_up_fast,1,,gt_0,,,0,1
Sebastiani_2005,BMP6,BMP6.13,A_TRUE,0.5,0,4,ok,3,1,,no_z_member_in_component,4,-1,e1_ladder,1,,gt_3,,0.0,0,1
Sebastiani_2005,BMP6,BMP6.13,D_RAND,0.5,0,4,ok,3,1,,no_z_member_in_component,4,-1,e1_ladder,1,,gt_3,,0.0,1,1
Sebastiani_2005,BMP6,BMP6.13,D_RAND,0.5,1,4,ok,3,1,,no_z_member_in_component,4,-1,e1_ladder,1,,gt_3,,0.0,1,1
Sebastiani_2005,BMP6,EDNI1.6,A_TRUE,1.0,0,7,optimal_empty,0,,,,,,,,,,,,,
Sebastiani_2005,BMP6,EDNI1.6,D_RAND,1.0,0,7,optimal_empty,0,,,,,,,,,,,,,
Sebastiani_2005,BMP6,EDNI1.6,D_RAND,1.0,1,7,optimal_empty,0,,,,,,,,,,,,,
Sebastiani_2005,BMP6,EDNI1.6,D_DEGEN,1.0,0,0,not_amenable,7,,,,,,,,,,,,,
Sebastiani_2005,BMP6,EDNI1.6,A_TRUE,0.5,0,4,not_amenable,3,,,,,,,,,,,,,
Sebastiani_2005,BMP6,EDNI1.6,D_RAND,0.5,0,4,optimal_empty,2,,,,,,,,,,,,,
Sebastiani_2005,BMP6,EDNI1.6,D_RAND,0.5,1,4,optimal_empty,2,,,,,,,,,,,,,
Sebastiani_2005,BMP6,TGFBR3.2,A_TRUE,1.0,0,7,optimal_empty,0,,,,,,,,,,,,,
Sebastiani_2005,BMP6,TGFBR3.2,D_RAND,1.0,0,7,optimal_empty,0,,,,,,,,,,,,,
Sebastiani_2005,BMP6,TGFBR3.2,D_RAND,1.0,1,7,ok,0,2,,no_z_member_in_component,7,1,local_up_fast,1,1,exact,1,0.1429,1,0
Sebastiani_2005,BMP6,TGFBR3.2,D_DEGEN,1.0,0,0,not_amenable,7,,,,,,,,,,,,,
Sebastiani_2005,BMP6,TGFBR3.2,A_TRUE,0.5,0,4,not_amenable,3,,,,,,,,,,,,,
Sebastiani_2005,BMP6,TGFBR3.2,D_RAND,0.5,0,4,optimal_empty,2,,,,,,,,,,,,,
Sebastiani_2005,BMP6,TGFBR3.2,D_RAND,0.5,1,4,not_amenable,3,,,,,,,,,,,,,
Sebastiani_2005,BMP6.14,EDN1.10,A_TRUE,1.0,0,7,optimal_empty,0,,,,,,,,,,,,,
Sebastiani_2005,BMP6.14,EDN1.10,D_RAND,1.0,0,7,optimal_empty,0,,,,,,,,,,,,,
Sebastiani_2005,BMP6.14,EDN1.10,D_RAND,1.0,1,7,ok,0,1,,no_z_member_in_component,7,1,local_up_fast,1,1,exact,1,0.1429,2,0
Sebastiani_2005,BMP6.14,EDN1.10,D_DEGEN,1.0,0,0,not_amenable,7,,,,,,,,,,,,,
Sebastiani_2005,BMP6.14,EDN1.10,A_TRUE,0.5,0,4,not_amenable,3,,,,,,,,,,,,,
Sebastiani_2005,BMP6.14,EDN1.10,D_RAND,0.5,0,4,not_amenable,3,,,,,,,,,,,,,
Sebastiani_2005,BMP6.14,EDN1.10,D_RAND,0.5,1,4,not_amenable,2,,,,,,,,,,,,,
Sebastiani_2005,CAT,ANXA2.7,A_TRUE,1.0,0,7,optimal_empty,0,,,,,,,,,,,,,
Sebastiani_2005,CAT,ANXA2.7,D_RAND,1.0,0,7,optimal_empty,0,,,,,,,,,,,,,
Sebastiani_2005,CAT,ANXA2.7,D_RAND,1.0,1,7,optimal_empty,0,,,,,,,,,,,,,
Sebastiani_2005,CAT,ANXA2.7,D_DEGEN,1.0,0,0,not_amenable,7,,,,,,,,,,,,,
Sebastiani_2005,CAT,ANXA2.7,A_TRUE,0.5,0,4,optimal_empty,3,,,,,,,,,,,,,
Sebastiani_2005,CAT,ANXA2.7,D_RAND,0.5,0,4,optimal_empty,3,,,,,,,,,,,,,
Sebastiani_2005,CAT,ANXA2.7,D_RAND,0.5,1,4,ok,2,1,,no_z_member_in_component,5,1,local_up_fast,1,1,exact,1,0.25,3,0
Sebastiani_2005,CAT,CSF2.4,A_TRUE,1.0,0,7,ok,0,1,,no_z_member_in_component,7,-1,e1_ladder,1,,gt_3,,0.0,0,1
Sebastiani_2005,CAT,CSF2.4,D_RAND,1.0,0,7,ok,0,1,,no_z_member_in_component,7,-1,e1_ladder,1,,gt_3,,0.0,1,1
Sebastiani_2005,CAT,CSF2.4,D_RAND,1.0,1,7,ok,0,1,,no_z_member_in_component,7,-1,e1_ladder,1,,gt_3,,0.0,5,1
Sebastiani_2005,CAT,CSF2.4,D_DEGEN,1.0,0,0,ok,7,1,,no_z_member_in_component,0,-1,local_up_fast,1,,gt_0,,,0,1
Sebastiani_2005,CAT,CSF2.4,A_TRUE,0.5,0,4,ok,3,1,,no_z_member_in_component,4,-1,e1_ladder,1,,gt_3,,0.0,0,1
Sebastiani_2005,CAT,CSF2.4,D_RAND,0.5,0,4,ok,2,1,,no_z_member_in_component,5,-1,e1_ladder,1,,gt_3,,0.0,2,1
Sebastiani_2005,CAT,CSF2.4,D_RAND,0.5,1,4,ok,3,1,,no_z_member_in_component,4,-1,e1_ladder,1,,gt_3,,0.0,1,1
Sebastiani_2005,CAT,SELP.12,A_TRUE,1.0,0,7,ok,0,1,,no_z_member_in_component,7,-1,e1_ladder,1,,gt_3,,0.0,0,1
Sebastiani_2005,CAT,SELP.12,D_RAND,1.0,0,7,ok,0,1,,no_z_member_in_component,7,-1,e1_ladder,1,,gt_3,,0.0,3,1
Sebastiani_2005,CAT,SELP.12,D_RAND,1.0,1,7,ok,0,1,,no_z_member_in_component,7,-1,e1_ladder,1,,gt_3,,0.0,2,1
Sebastiani_2005,CAT,SELP.12,D_DEGEN,1.0,0,0,ok,7,1,,no_z_member_in_component,0,-1,local_up_fast,1,,gt_0,,,0,1
Sebastiani_2005,CAT,SELP.12,A_TRUE,0.5,0,4,ok,3,1,,no_z_member_in_component,4,-1,e1_ladder,1,,gt_3,,0.0,0,1
Sebastiani_2005,CAT,SELP.12,D_RAND,0.5,0,4,ok,2,1,,no_z_member_in_component,5,-1,e1_ladder,1,,gt_3,,0.0,1,1
Sebastiani_2005,CAT,SELP.12,D_RAND,0.5,1,4,ok,2,1,,no_z_member_in_component,5,-1,e1_ladder,1,,gt_3,,0.0,3,1
Sebastiani_2005,EDN1.9,ANXA2.12,A_TRUE,1.0,0,7,ok,0,1,,no_z_member_in_component,7,-1,e1_ladder,1,,gt_3,,0.0,0,1
Sebastiani_2005,EDN1.9,ANXA2.12,D_RAND,1.0,0,7,ok,0,1,,no_z_member_in_component,7,-1,e1_ladder,1,,gt_3,,0.0,2,1
Sebastiani_2005,EDN1.9,ANXA2.12,D_RAND,1.0,1,7,ok,0,1,,no_z_member_in_component,7,-1,e1_ladder,1,,gt_3,,0.0,2,1
Sebastiani_2005,EDN1.9,ANXA2.12,D_DEGEN,1.0,0,0,ok,7,1,,no_z_member_in_component,0,-1,local_up_fast,1,,gt_0,,,0,1
Sebastiani_2005,EDN1.9,ANXA2.12,A_TRUE,0.5,0,4,ok,3,1,,no_z_member_in_component,4,-1,e1_ladder,1,,gt_3,,0.0,0,1
Sebastiani_2005,EDN1.9,ANXA2.12,D_RAND,0.5,0,4,ok,2,1,,no_z_member_in_component,5,-1,e1_ladder,1,,gt_3,,0.0,3,1
Sebastiani_2005,EDN1.9,ANXA2.12,D_RAND,0.5,1,4,ok,2,1,,no_z_member_in_component,5,-1,e1_ladder,1,,gt_3,,0.0,1,1
Sebastiani_2005,EDNI1.6,ADCY9.8,A_TRUE,1.0,0,7,optimal_empty,0,,,,,,,,,,,,,
Sebastiani_2005,EDNI1.6,ADCY9.8,D_RAND,1.0,0,7,optimal_empty,0,,,,,,,,,,,,,
Sebastiani_2005,EDNI1.6,ADCY9.8,D_RAND,1.0,1,7,ok,0,1,,no_z_member_in_component,7,1,local_up_fast,1,1,exact,1,0.1429,2,0
Sebastiani_2005,EDNI1.6,ADCY9.8,D_DEGEN,1.0,0,0,not_amenable,7,,,,,,,,,,,,,
Sebastiani_2005,EDNI1.6,ADCY9.8,A_TRUE,0.5,0,4,optimal_empty,3,,,,,,,,,,,,,
Sebastiani_2005,EDNI1.6,ADCY9.8,D_RAND,0.5,0,4,optimal_empty,3,,,,,,,,,,,,,
Sebastiani_2005,EDNI1.6,ADCY9.8,D_RAND,0.5,1,4,optimal_empty,2,,,,,,,,,,,,,
Sebastiani_2005,EDNI1.6,BMP6.11,A_TRUE,1.0,0,7,optimal_empty,0,,,,,,,,,,,,,
Sebastiani_2005,EDNI1.6,BMP6.11,D_RAND,1.0,0,7,optimal_empty,0,,,,,,,,,,,,,
Sebastiani_2005,EDNI1.6,BMP6.11,D_RAND,1.0,1,7,optimal_empty,0,,,,,,,,,,,,,
Sebastiani_2005,EDNI1.6,BMP6.11,D_DEGEN,1.0,0,0,not_amenable,7,,,,,,,,,,,,,
Sebastiani_2005,EDNI1.6,BMP6.11,A_TRUE,0.5,0,4,optimal_empty,3,,,,,,,,,,,,,
Sebastiani_2005,EDNI1.6,BMP6.11,D_RAND,0.5,0,4,optimal_empty,2,,,,,,,,,,,,,
Sebastiani_2005,EDNI1.6,BMP6.11,D_RAND,0.5,1,4,optimal_empty,3,,,,,,,,,,,,,
Sebastiani_2005,EDNI1.6,EDN1.10,A_TRUE,1.0,0,7,ok,0,1,,no_z_member_in_component,7,-1,e1_ladder,1,,gt_3,,0.0,0,1
Sebastiani_2005,EDNI1.6,EDN1.10,D_RAND,1.0,0,7,ok,0,1,,no_z_member_in_component,7,-1,e1_ladder,1,,gt_3,,0.0,3,1
Sebastiani_2005,EDNI1.6,EDN1.10,D_RAND,1.0,1,7,ok,0,1,,no_z_member_in_component,7,-1,e1_ladder,1,,gt_3,,0.0,4,1
Sebastiani_2005,EDNI1.6,EDN1.10,D_DEGEN,1.0,0,0,ok,7,1,,no_z_member_in_component,0,-1,local_up_fast,1,,gt_0,,,0,1
Sebastiani_2005,EDNI1.6,EDN1.10,A_TRUE,0.5,0,4,ok,3,1,,no_z_member_in_component,4,-1,e1_ladder,1,,gt_3,,0.0,0,1
Sebastiani_2005,EDNI1.6,EDN1.10,D_RAND,0.5,0,4,ok,3,1,,no_z_member_in_component,4,-1,e1_ladder,1,,gt_3,,0.0,2,1
Sebastiani_2005,EDNI1.6,EDN1.10,D_RAND,0.5,1,4,ok,3,1,,no_z_member_in_component,4,-1,e1_ladder,1,,gt_3,,0.0,1,1
Sebastiani_2005,EDNI1.6,TGFBR3.10,A_TRUE,1.0,0,7,optimal_empty,0,,,,,,,,,,,,,
Sebastiani_2005,EDNI1.6,TGFBR3.10,D_RAND,1.0,0,7,optimal_empty,0,,,,,,,,,,,,,
Sebastiani_2005,EDNI1.6,TGFBR3.10,D_RAND,1.0,1,7,optimal_empty,0,,,,,,,,,,,,,
Sebastiani_2005,EDNI1.6,TGFBR3.10,D_DEGEN,1.0,0,0,not_amenable,7,,,,,,,,,,,,,
Sebastiani_2005,EDNI1.6,TGFBR3.10,A_TRUE,0.5,0,4,optimal_empty,3,,,,,,,,,,,,,
Sebastiani_2005,EDNI1.6,TGFBR3.10,D_RAND,0.5,0,4,optimal_empty,2,,,,,,,,,,,,,
Sebastiani_2005,EDNI1.6,TGFBR3.10,D_RAND,0.5,1,4,optimal_empty,3,,,,,,,,,,,,,
Sebastiani_2005,Stroke,BMP6.9,A_TRUE,1.0,0,7,ok,0,1,,no_z_member_in_component,7,-1,e1_ladder,1,,gt_3,,0.0,0,1
Sebastiani_2005,Stroke,BMP6.9,D_RAND,1.0,0,7,ok,0,1,,no_z_member_in_component,7,-1,e1_ladder,1,,gt_3,,0.0,2,1
Sebastiani_2005,Stroke,BMP6.9,D_RAND,1.0,1,7,ok,0,1,,no_z_member_in_component,7,-1,e1_ladder,1,,gt_3,,0.0,3,1
Sebastiani_2005,Stroke,BMP6.9,D_DEGEN,1.0,0,0,ok,7,1,,no_z_member_in_component,0,-1,local_up_fast,1,,gt_0,,,0,1
Sebastiani_2005,Stroke,BMP6.9,A_TRUE,0.5,0,4,ok,3,1,,no_z_member_in_component,4,-1,e1_ladder,1,,gt_3,,0.0,0,1
Sebastiani_2005,Stroke,BMP6.9,D_RAND,0.5,0,4,ok,3,1,,no_z_member_in_component,4,-1,e1_ladder,1,,gt_3,,0.0,2,1
Sebastiani_2005,Stroke,BMP6.9,D_RAND,0.5,1,4,ok,2,1,,no_z_member_in_component,5,-1,e1_ladder,1,,gt_3,,0.0,2,1
Sebastiani_2005,Stroke,SELP.17,A_TRUE,1.0,0,7,ok,0,1,,no_z_member_in_component,7,-1,e1_ladder,1,,gt_3,,0.0,0,1
Sebastiani_2005,Stroke,SELP.17,D_RAND,1.0,0,7,ok,0,1,,no_z_member_in_component,7,-1,e1_ladder,1,,gt_3,,0.0,3,1
Sebastiani_2005,Stroke,SELP.17,D_RAND,1.0,1,7,ok,0,1,,no_z_member_in_component,7,-1,e1_ladder,1,,gt_3,,0.0,3,1
Sebastiani_2005,Stroke,SELP.17,D_DEGEN,1.0,0,0,ok,7,1,,no_z_member_in_component,0,-1,local_up_fast,1,,gt_0,,,0,1
Sebastiani_2005,Stroke,SELP.17,A_TRUE,0.5,0,4,ok,3,1,,no_z_member_in_component,4,-1,e1_ladder,1,,gt_3,,0.0,0,1
Sebastiani_2005,Stroke,SELP.17,D_RAND,0.5,0,4,ok,3,1,,no_z_member_in_component,4,-1,e1_ladder,1,,gt_3,,0.0,0,1
Sebastiani_2005,Stroke,SELP.17,D_RAND,0.5,1,4,ok,3,1,,no_z_member_in_component,4,-1,e1_ladder,1,,gt_3,,0.0,1,1
Sebastiani_2005,TGFBR3.8,BMP6.10,A_TRUE,1.0,0,7,optimal_empty,0,,,,,,,,,,,,,
Sebastiani_2005,TGFBR3.8,BMP6.10,D_RAND,1.0,0,7,ok,0,1,,no_z_member_in_component,7,1,local_up_fast,1,1,exact,1,0.1429,3,0
Sebastiani_2005,TGFBR3.8,BMP6.10,D_RAND,1.0,1,7,optimal_empty,0,,,,,,,,,,,,,
Sebastiani_2005,TGFBR3.8,BMP6.10,D_DEGEN,1.0,0,0,not_amenable,7,,,,,,,,,,,,,
Sebastiani_2005,TGFBR3.8,BMP6.10,A_TRUE,0.5,0,4,optimal_empty,3,,,,,,,,,,,,,
Sebastiani_2005,TGFBR3.8,BMP6.10,D_RAND,0.5,0,4,optimal_empty,2,,,,,,,,,,,,,
Sebastiani_2005,TGFBR3.8,BMP6.10,D_RAND,0.5,1,4,ok,3,1,,no_z_member_in_component,4,1,local_up_fast,1,1,exact,1,0.25,2,0
Shrier_2008,Coach,FitnessLevel,A_TRUE,1.0,0,2,ok,0,1,,no_z_member_in_component,3,-1,e1_ladder,1,,gt_2,,0.0,0,1
Shrier_2008,Coach,FitnessLevel,D_RAND,1.0,0,2,ok,0,1,,no_z_member_in_component,3,-1,e1_ladder,1,,gt_2,,0.0,0,1
Shrier_2008,Coach,FitnessLevel,D_RAND,1.0,1,2,ok,0,1,,no_z_member_in_component,3,-1,e1_ladder,1,,gt_2,,0.0,1,1
Shrier_2008,Coach,FitnessLevel,D_DEGEN,1.0,0,0,ok,3,1,,no_z_member_in_component,0,-1,local_up_fast,1,,gt_0,,,0,1
Shrier_2008,Coach,FitnessLevel,A_TRUE,0.5,0,1,ok,1,1,,no_z_member_in_component,2,-1,local_up_fast,1,,gt_1,,0.0,0,1
Shrier_2008,Coach,FitnessLevel,D_RAND,0.5,0,1,ok,2,1,,no_z_member_in_component,1,-1,local_up_fast,1,,gt_1,,0.0,1,1
Shrier_2008,Coach,FitnessLevel,D_RAND,0.5,1,1,ok,2,1,,no_z_member_in_component,1,-1,local_up_fast,1,,gt_1,,0.0,1,1
Shrier_2008,Coach,IntraGameProprioception,A_TRUE,1.0,0,2,ok,0,3,,no_z_member_in_component,3,1,local_up_fast,1,1,exact,1,0.5,0,1
Shrier_2008,Coach,IntraGameProprioception,D_RAND,1.0,0,2,ok,0,3,,no_z_member_in_component,3,1,local_up_fast,1,1,exact,1,0.5,0,1
Shrier_2008,Coach,IntraGameProprioception,D_RAND,1.0,1,2,ok,1,3,,no_z_member_in_component,2,1,local_up_fast,1,1,exact,1,0.5,1,1
Shrier_2008,Coach,IntraGameProprioception,D_DEGEN,1.0,0,0,not_amenable,3,,,,,,,,,,,,,
Shrier_2008,Coach,IntraGameProprioception,A_TRUE,0.5,0,1,not_amenable,1,,,,,,,,,,,,,
Shrier_2008,Coach,IntraGameProprioception,D_RAND,0.5,0,1,not_amenable,1,,,,,,,,,,,,,
Shrier_2008,Coach,IntraGameProprioception,D_RAND,0.5,1,1,not_amenable,1,,,,,,,,,,,,,
Shrier_2008,Coach,PreGameProprioception,A_TRUE,1.0,0,2,ok,0,1,,no_z_member_in_component,3,-1,e1_ladder,1,,gt_2,,0.0,0,1
Shrier_2008,Coach,PreGameProprioception,D_RAND,1.0,0,2,ok,1,1,,no_z_member_in_component,2,-1,local_up_fast,1,,gt_2,,0.0,1,1
Shrier_2008,Coach,PreGameProprioception,D_RAND,1.0,1,2,ok,1,1,,no_z_member_in_component,2,-1,local_up_fast,1,,gt_2,,0.0,2,1
Shrier_2008,Coach,PreGameProprioception,D_DEGEN,1.0,0,0,ok,3,1,,no_z_member_in_component,0,-1,local_up_fast,1,,gt_0,,,0,1
Shrier_2008,Coach,PreGameProprioception,A_TRUE,0.5,0,1,ok,1,1,,no_z_member_in_component,2,-1,local_up_fast,1,,gt_1,,0.0,0,1
Shrier_2008,Coach,PreGameProprioception,D_RAND,0.5,0,1,ok,2,1,,no_z_member_in_component,1,-1,local_up_fast,1,,gt_1,,0.0,1,1
Shrier_2008,Coach,PreGameProprioception,D_RAND,0.5,1,1,ok,2,1,,no_z_member_in_component,1,-1,local_up_fast,1,,gt_1,,0.0,1,1
Shrier_2008,Coach,TeamMotivation,A_TRUE,1.0,0,2,optimal_empty,0,,,,,,,,,,,,,
Shrier_2008,Coach,TeamMotivation,D_RAND,1.0,0,2,optimal_empty,1,,,,,,,,,,,,,
Shrier_2008,Coach,TeamMotivation,D_RAND,1.0,1,2,optimal_empty,1,,,,,,,,,,,,,
Shrier_2008,Coach,TeamMotivation,D_DEGEN,1.0,0,0,not_amenable,3,,,,,,,,,,,,,
Shrier_2008,Coach,TeamMotivation,A_TRUE,0.5,0,1,not_amenable,1,,,,,,,,,,,,,
Shrier_2008,Coach,TeamMotivation,D_RAND,0.5,0,1,not_amenable,2,,,,,,,,,,,,,
Shrier_2008,Coach,TeamMotivation,D_RAND,0.5,1,1,not_amenable,2,,,,,,,,,,,,,
Shrier_2008,ConnectiveTissueDisorder,FitnessLevel,A_TRUE,1.0,0,2,optimal_empty,0,,,,,,,,,,,,,
Shrier_2008,ConnectiveTissueDisorder,FitnessLevel,D_RAND,1.0,0,2,ok,1,1,,no_z_member_in_component,2,1,local_up_fast,1,1,exact,1,0.5,1,0
Shrier_2008,ConnectiveTissueDisorder,FitnessLevel,D_RAND,1.0,1,2,optimal_empty,0,,,,,,,,,,,,,
Shrier_2008,ConnectiveTissueDisorder,FitnessLevel,D_DEGEN,1.0,0,0,not_amenable,3,,,,,,,,,,,,,
Shrier_2008,ConnectiveTissueDisorder,FitnessLevel,A_TRUE,0.5,0,1,optimal_empty,1,,,,,,,,,,,,,
Shrier_2008,ConnectiveTissueDisorder,FitnessLevel,D_RAND,0.5,0,1,optimal_empty,1,,,,,,,,,,,,,
Shrier_2008,ConnectiveTissueDisorder,FitnessLevel,D_RAND,0.5,1,1,optimal_empty,1,,,,,,,,,,,,,
Shrier_2008,ConnectiveTissueDisorder,Injury,A_TRUE,1.0,0,2,ok,0,4,1,measured,3,1,local_up_fast,1,1,exact,1,0.5,0,1
Shrier_2008,ConnectiveTissueDisorder,Injury,D_RAND,1.0,0,2,not_amenable,1,,,,,,,,,,,,,
Shrier_2008,ConnectiveTissueDisorder,Injury,D_RAND,1.0,1,2,ok,0,4,1,measured,3,1,local_up_fast,1,1,exact,1,0.5,1,1
Shrier_2008,ConnectiveTissueDisorder,Injury,D_DEGEN,1.0,0,0,not_amenable,3,,,,,,,,,,,,,
Shrier_2008,ConnectiveTissueDisorder,Injury,A_TRUE,0.5,0,1,ok,1,4,1,measured,2,1,local_up_fast,1,1,exact,1,1.0,0,1
Shrier_2008,ConnectiveTissueDisorder,Injury,D_RAND,0.5,0,1,not_amenable,2,,,,,,,,,,,,,
Shrier_2008,ConnectiveTissueDisorder,Injury,D_RAND,0.5,1,1,not_amenable,2,,,,,,,,,,,,,
Shrier_2008,ConnectiveTissueDisorder,NeuromuscularFatigue,A_TRUE,1.0,0,2,ok,0,2,1,measured,3,1,local_up_fast,1,1,exact,1,0.5,0,1
Shrier_2008,ConnectiveTissueDisorder,NeuromuscularFatigue,D_RAND,1.0,0,2,ok,1,1,,no_z_member_in_component,2,1,local_up_fast,1,1,exact,1,0.5,1,0
Shrier_2008,ConnectiveTissueDisorder,NeuromuscularFatigue,D_RAND,1.0,1,2,ok,1,1,,no_z_member_in_component,2,1,local_up_fast,1,1,exact,1,0.5,1,0
Shrier_2008,ConnectiveTissueDisorder,NeuromuscularFatigue,D_DEGEN,1.0,0,0,not_amenable,3,,,,,,,,,,,,,
Shrier_2008,ConnectiveTissueDisorder,NeuromuscularFatigue,A_TRUE,0.5,0,1,ok,1,2,1,measured,2,1,local_up_fast,1,1,exact,1,1.0,0,1
Shrier_2008,ConnectiveTissueDisorder,NeuromuscularFatigue,D_RAND,0.5,0,1,ok,1,2,1,measured,2,1,local_up_fast,1,1,exact,1,1.0,0,1
Shrier_2008,ConnectiveTissueDisorder,NeuromuscularFatigue,D_RAND,0.5,1,1,ok,2,1,,no_z_member_in_component,1,1,local_up_fast,1,1,exact,1,1.0,1,0
Shrier_2008,ConnectiveTissueDisorder,TissueWeakness,A_TRUE,1.0,0,2,optimal_empty,0,,,,,,,,,,,,,
Shrier_2008,ConnectiveTissueDisorder,TissueWeakness,D_RAND,1.0,0,2,not_amenable,1,,,,,,,,,,,,,
Shrier_2008,ConnectiveTissueDisorder,TissueWeakness,D_RAND,1.0,1,2,optimal_empty,0,,,,,,,,,,,,,
Shrier_2008,ConnectiveTissueDisorder,TissueWeakness,D_DEGEN,1.0,0,0,not_amenable,3,,,,,,,,,,,,,
Shrier_2008,ConnectiveTissueDisorder,TissueWeakness,A_TRUE,0.5,0,1,optimal_empty,1,,,,,,,,,,,,,
Shrier_2008,ConnectiveTissueDisorder,TissueWeakness,D_RAND,0.5,0,1,not_amenable,2,,,,,,,,,,,,,
Shrier_2008,ConnectiveTissueDisorder,TissueWeakness,D_RAND,0.5,1,1,optimal_empty,1,,,,,,,,,,,,,
Shrier_2008,Genetics,ConnectiveTissueDisorder,A_TRUE,1.0,0,2,optimal_empty,0,,,,,,,,,,,,,
Shrier_2008,Genetics,ConnectiveTissueDisorder,D_RAND,1.0,0,2,optimal_empty,0,,,,,,,,,,,,,
Shrier_2008,Genetics,ConnectiveTissueDisorder,D_RAND,1.0,1,2,optimal_empty,1,,,,,,,,,,,,,
Shrier_2008,Genetics,ConnectiveTissueDisorder,D_DEGEN,1.0,0,0,not_amenable,3,,,,,,,,,,,,,
Shrier_2008,Genetics,ConnectiveTissueDisorder,A_TRUE,0.5,0,1,optimal_empty,1,,,,,,,,,,,,,
Shrier_2008,Genetics,ConnectiveTissueDisorder,D_RAND,0.5,0,1,optimal_empty,1,,,,,,,,,,,,,
Shrier_2008,Genetics,ConnectiveTissueDisorder,D_RAND,0.5,1,1,optimal_empty,2,,,,,,,,,,,,,
Shrier_2008,Genetics,Injury,A_TRUE,1.0,0,2,ok,0,3,,no_z_member_in_component,3,1,local_up_fast,1,1,exact,1,0.5,0,1
Shrier_2008,Genetics,Injury,D_RAND,1.0,0,2,ok,1,5,1,measured,2,1,local_up_fast,1,1,exact,1,0.5,1,0
Shrier_2008,Genetics,Injury,D_RAND,1.0,1,2,ok,0,3,,no_z_member_in_component,3,1,local_up_fast,1,1,exact,1,0.5,0,1
Shrier_2008,Genetics,Injury,D_DEGEN,1.0,0,0,not_amenable,3,,,,,,,,,,,,,
Shrier_2008,Genetics,Injury,A_TRUE,0.5,0,1,ok,1,3,,no_z_member_in_component,2,1,local_up_fast,1,1,exact,1,1.0,0,1
Shrier_2008,Genetics,Injury,D_RAND,0.5,0,1,ok,2,5,1,measured,1,1,local_up_fast,1,1,exact,1,1.0,1,0
Shrier_2008,Genetics,Injury,D_RAND,0.5,1,1,ok,1,3,,no_z_member_in_component,2,1,local_up_fast,1,1,exact,1,1.0,0,1
Shrier_2008,Genetics,NeuromuscularFatigue,A_TRUE,1.0,0,2,ok,0,1,,no_z_member_in_component,3,1,local_up_fast,1,1,exact,1,0.5,0,1
Shrier_2008,Genetics,NeuromuscularFatigue,D_RAND,1.0,0,2,ok,0,1,,no_z_member_in_component,3,1,local_up_fast,1,1,exact,1,0.5,1,1
Shrier_2008,Genetics,NeuromuscularFatigue,D_RAND,1.0,1,2,ok,1,2,1,measured,2,1,local_up_fast,1,1,exact,1,0.5,2,0
Shrier_2008,Genetics,NeuromuscularFatigue,D_DEGEN,1.0,0,0,not_amenable,3,,,,,,,,,,,,,
Shrier_2008,Genetics,NeuromuscularFatigue,A_TRUE,0.5,0,1,ok,1,1,,no_z_member_in_component,2,1,local_up_fast,1,1,exact,1,1.0,0,1
Shrier_2008,Genetics,NeuromuscularFatigue,D_RAND,0.5,0,1,ok,1,1,,no_z_member_in_component,2,1,local_up_fast,1,1,exact,1,1.0,0,1
Shrier_2008,Genetics,NeuromuscularFatigue,D_RAND,0.5,1,1,ok,1,1,,no_z_member_in_component,2,1,local_up_fast,1,1,exact,1,1.0,0,1
Shrier_2008,Genetics,TissueWeakness,A_TRUE,1.0,0,2,optimal_empty,0,,,,,,,,,,,,,
Shrier_2008,Genetics,TissueWeakness,D_RAND,1.0,0,2,optimal_empty,0,,,,,,,,,,,,,
Shrier_2008,Genetics,TissueWeakness,D_RAND,1.0,1,2,optimal_empty,1,,,,,,,,,,,,,
Shrier_2008,Genetics,TissueWeakness,D_DEGEN,1.0,0,0,not_amenable,3,,,,,,,,,,,,,
Shrier_2008,Genetics,TissueWeakness,A_TRUE,0.5,0,1,optimal_empty,1,,,,,,,,,,,,,
Shrier_2008,Genetics,TissueWeakness,D_RAND,0.5,0,1,optimal_empty,2,,,,,,,,,,,,,
Shrier_2008,Genetics,TissueWeakness,D_RAND,0.5,1,1,optimal_empty,1,,,,,,,,,,,,,
Shrier_2008,TeamMotivation,Coach,A_TRUE,1.0,0,2,optimal_empty,0,,,,,,,,,,,,,
Shrier_2008,TeamMotivation,Coach,D_RAND,1.0,0,2,optimal_empty,1,,,,,,,,,,,,,
Shrier_2008,TeamMotivation,Coach,D_RAND,1.0,1,2,optimal_empty,0,,,,,,,,,,,,,
Shrier_2008,TeamMotivation,Coach,D_DEGEN,1.0,0,0,not_amenable,3,,,,,,,,,,,,,
Shrier_2008,TeamMotivation,Coach,A_TRUE,0.5,0,1,not_amenable,1,,,,,,,,,,,,,
Shrier_2008,TeamMotivation,Coach,D_RAND,0.5,0,1,not_amenable,1,,,,,,,,,,,,,
Shrier_2008,TeamMotivation,Coach,D_RAND,0.5,1,1,not_amenable,1,,,,,,,,,,,,,
Shrier_2008,TeamMotivation,Injury,A_TRUE,1.0,0,2,ok,0,4,,no_z_member_in_component,3,1,local_up_fast,1,1,exact,1,0.5,0,1
Shrier_2008,TeamMotivation,Injury,D_RAND,1.0,0,2,ok,1,4,,no_z_member_in_component,2,1,local_up_fast,1,1,exact,1,0.5,1,1
Shrier_2008,TeamMotivation,Injury,D_RAND,1.0,1,2,ok,0,4,,no_z_member_in_component,3,1,local_up_fast,1,1,exact,1,0.5,0,1
Shrier_2008,TeamMotivation,Injury,D_DEGEN,1.0,0,0,not_amenable,3,,,,,,,,,,,,,
Shrier_2008,TeamMotivation,Injury,A_TRUE,0.5,0,1,not_amenable,1,,,,,,,,,,,,,
Shrier_2008,TeamMotivation,Injury,D_RAND,0.5,0,1,not_amenable,1,,,,,,,,,,,,,
Shrier_2008,TeamMotivation,Injury,D_RAND,0.5,1,1,not_amenable,2,,,,,,,,,,,,,
Shrier_2008,TeamMotivation,NeuromuscularFatigue,A_TRUE,1.0,0,2,optimal_empty,0,,,,,,,,,,,,,
Shrier_2008,TeamMotivation,NeuromuscularFatigue,D_RAND,1.0,0,2,ok,0,2,,no_z_member_in_component,3,1,local_up_fast,1,1,exact,1,0.5,1,0
Shrier_2008,TeamMotivation,NeuromuscularFatigue,D_RAND,1.0,1,2,ok,1,2,,no_z_member_in_component,2,1,local_up_fast,1,1,exact,1,0.5,2,0
Shrier_2008,TeamMotivation,NeuromuscularFatigue,D_DEGEN,1.0,0,0,not_amenable,3,,,,,,,,,,,,,
Shrier_2008,TeamMotivation,NeuromuscularFatigue,A_TRUE,0.5,0,1,not_amenable,1,,,,,,,,,,,,,
Shrier_2008,TeamMotivation,NeuromuscularFatigue,D_RAND,0.5,0,1,not_amenable,1,,,,,,,,,,,,,
Shrier_2008,TeamMotivation,NeuromuscularFatigue,D_RAND,0.5,1,1,not_amenable,2,,,,,,,,,,,,,
Shrier_2008,TeamMotivation,PreviousInjury,A_TRUE,1.0,0,2,ok,0,1,,no_z_member_in_component,3,-1,e1_ladder,1,,gt_2,,0.0,0,1
Shrier_2008,TeamMotivation,PreviousInjury,D_RAND,1.0,0,2,ok,1,1,,no_z_member_in_component,2,-1,local_up_fast,1,,gt_2,,0.0,1,1
Shrier_2008,TeamMotivation,PreviousInjury,D_RAND,1.0,1,2,ok,1,1,,no_z_member_in_component,2,-1,local_up_fast,1,,gt_2,,0.0,2,1
Shrier_2008,TeamMotivation,PreviousInjury,D_DEGEN,1.0,0,0,ok,3,1,,no_z_member_in_component,0,-1,local_up_fast,1,,gt_0,,,0,1
Shrier_2008,TeamMotivation,PreviousInjury,A_TRUE,0.5,0,1,ok,1,1,,no_z_member_in_component,2,-1,local_up_fast,1,,gt_1,,0.0,0,1
Shrier_2008,TeamMotivation,PreviousInjury,D_RAND,0.5,0,1,ok,2,1,,no_z_member_in_component,1,-1,local_up_fast,1,,gt_1,,0.0,1,1
Shrier_2008,TeamMotivation,PreviousInjury,D_RAND,0.5,1,1,ok,1,1,,no_z_member_in_component,2,-1,local_up_fast,1,,gt_1,,0.0,0,1
Shrier_2008,TissueWeakness,ConnectiveTissueDisorder,A_TRUE,1.0,0,2,optimal_empty,0,,,,,,,,,,,,,
Shrier_2008,TissueWeakness,ConnectiveTissueDisorder,D_RAND,1.0,0,2,optimal_empty,0,,,,,,,,,,,,,
Shrier_2008,TissueWeakness,ConnectiveTissueDisorder,D_RAND,1.0,1,2,optimal_empty,0,,,,,,,,,,,,,
Shrier_2008,TissueWeakness,ConnectiveTissueDisorder,D_DEGEN,1.0,0,0,not_amenable,3,,,,,,,,,,,,,
Shrier_2008,TissueWeakness,ConnectiveTissueDisorder,A_TRUE,0.5,0,1,optimal_empty,1,,,,,,,,,,,,,
Shrier_2008,TissueWeakness,ConnectiveTissueDisorder,D_RAND,0.5,0,1,not_amenable,2,,,,,,,,,,,,,
Shrier_2008,TissueWeakness,ConnectiveTissueDisorder,D_RAND,0.5,1,1,optimal_empty,1,,,,,,,,,,,,,
Shrier_2008,TissueWeakness,Genetics,A_TRUE,1.0,0,2,optimal_empty,0,,,,,,,,,,,,,
Shrier_2008,TissueWeakness,Genetics,D_RAND,1.0,0,2,not_amenable,1,,,,,,,,,,,,,
Shrier_2008,TissueWeakness,Genetics,D_RAND,1.0,1,2,not_amenable,1,,,,,,,,,,,,,
Shrier_2008,TissueWeakness,Genetics,D_DEGEN,1.0,0,0,not_amenable,3,,,,,,,,,,,,,
Shrier_2008,TissueWeakness,Genetics,A_TRUE,0.5,0,1,optimal_empty,1,,,,,,,,,,,,,
Shrier_2008,TissueWeakness,Genetics,D_RAND,0.5,0,1,not_amenable,2,,,,,,,,,,,,,
Shrier_2008,TissueWeakness,Genetics,D_RAND,0.5,1,1,not_amenable,2,,,,,,,,,,,,,
Shrier_2008,TissueWeakness,IntraGameProprioception,A_TRUE,1.0,0,2,optimal_empty,0,,,,,,,,,,,,,
Shrier_2008,TissueWeakness,IntraGameProprioception,D_RAND,1.0,0,2,not_amenable,1,,,,,,,,,,,,,
Shrier_2008,TissueWeakness,IntraGameProprioception,D_RAND,1.0,1,2,not_amenable,1,,,,,,,,,,,,,
Shrier_2008,TissueWeakness,IntraGameProprioception,D_DEGEN,1.0,0,0,not_amenable,3,,,,,,,,,,,,,
Shrier_2008,TissueWeakness,IntraGameProprioception,A_TRUE,0.5,0,1,optimal_empty,1,,,,,,,,,,,,,
Shrier_2008,TissueWeakness,IntraGameProprioception,D_RAND,0.5,0,1,optimal_empty,1,,,,,,,,,,,,,
Shrier_2008,TissueWeakness,IntraGameProprioception,D_RAND,0.5,1,1,optimal_empty,1,,,,,,,,,,,,,
Shrier_2008,TissueWeakness,PreGameProprioception,A_TRUE,1.0,0,2,optimal_empty,0,,,,,,,,,,,,,
Shrier_2008,TissueWeakness,PreGameProprioception,D_RAND,1.0,0,2,optimal_empty,0,,,,,,,,,,,,,
Shrier_2008,TissueWeakness,PreGameProprioception,D_RAND,1.0,1,2,not_amenable,1,,,,,,,,,,,,,
Shrier_2008,TissueWeakness,PreGameProprioception,D_DEGEN,1.0,0,0,not_amenable,3,,,,,,,,,,,,,
Shrier_2008,TissueWeakness,PreGameProprioception,A_TRUE,0.5,0,1,optimal_empty,1,,,,,,,,,,,,,
Shrier_2008,TissueWeakness,PreGameProprioception,D_RAND,0.5,0,1,optimal_empty,1,,,,,,,,,,,,,
Shrier_2008,TissueWeakness,PreGameProprioception,D_RAND,0.5,1,1,not_amenable,2,,,,,,,,,,,,,
Thoemmes_2013,e0,s1,A_TRUE,1.0,0,1,ok,0,1,,no_z_member_in_component,1,1,local_up_fast,1,1,exact,1,1.0,0,1
Thoemmes_2013,e0,s1,D_RAND,1.0,0,1,ok,0,1,,no_z_member_in_component,1,1,local_up_fast,1,1,exact,1,1.0,0,1
Thoemmes_2013,e0,s1,D_RAND,1.0,1,1,optimal_empty,0,,,,,,,,,,,,,
Thoemmes_2013,e0,s1,D_DEGEN,1.0,0,0,not_amenable,1,,,,,,,,,,,,,
Thoemmes_2013,e0,s1,A_TRUE,0.5,0,0,not_amenable,1,,,,,,,,,,,,,
Thoemmes_2013,e0,s1,D_RAND,0.5,0,0,not_amenable,1,,,,,,,,,,,,,
Thoemmes_2013,e0,s1,D_RAND,0.5,1,0,not_amenable,1,,,,,,,,,,,,,
Thoemmes_2013,e0,s2,A_TRUE,1.0,0,1,ok,0,2,,no_z_member_in_component,1,1,local_up_fast,1,1,exact,1,1.0,0,1
Thoemmes_2013,e0,s2,D_RAND,1.0,0,1,optimal_empty,0,,,,,,,,,,,,,
Thoemmes_2013,e0,s2,D_RAND,1.0,1,1,ok,0,2,,no_z_member_in_component,1,1,local_up_fast,1,1,exact,1,1.0,0,1
Thoemmes_2013,e0,s2,D_DEGEN,1.0,0,0,not_amenable,1,,,,,,,,,,,,,
Thoemmes_2013,e0,s2,A_TRUE,0.5,0,0,not_amenable,1,,,,,,,,,,,,,
Thoemmes_2013,e0,s2,D_RAND,0.5,0,0,not_amenable,1,,,,,,,,,,,,,
Thoemmes_2013,e0,s2,D_RAND,0.5,1,0,not_amenable,1,,,,,,,,,,,,,
Thoemmes_2013,e0,s3,A_TRUE,1.0,0,1,ok,0,3,,no_z_member_in_component,1,1,local_up_fast,1,1,exact,1,1.0,0,1
Thoemmes_2013,e0,s3,D_RAND,1.0,0,1,ok,0,3,,no_z_member_in_component,1,1,local_up_fast,1,1,exact,1,1.0,0,1
Thoemmes_2013,e0,s3,D_RAND,1.0,1,1,optimal_empty,0,,,,,,,,,,,,,
Thoemmes_2013,e0,s3,D_DEGEN,1.0,0,0,not_amenable,1,,,,,,,,,,,,,
Thoemmes_2013,e0,s3,A_TRUE,0.5,0,0,not_amenable,1,,,,,,,,,,,,,
Thoemmes_2013,e0,s3,D_RAND,0.5,0,0,not_amenable,1,,,,,,,,,,,,,
Thoemmes_2013,e0,s3,D_RAND,0.5,1,0,not_amenable,1,,,,,,,,,,,,,
Thoemmes_2013,e0,x,A_TRUE,1.0,0,1,optimal_empty,0,,,,,,,,,,,,,
Thoemmes_2013,e0,x,D_RAND,1.0,0,1,optimal_empty,0,,,,,,,,,,,,,
Thoemmes_2013,e0,x,D_RAND,1.0,1,1,optimal_empty,0,,,,,,,,,,,,,
Thoemmes_2013,e0,x,D_DEGEN,1.0,0,0,not_amenable,1,,,,,,,,,,,,,
Thoemmes_2013,e0,x,A_TRUE,0.5,0,0,not_amenable,1,,,,,,,,,,,,,
Thoemmes_2013,e0,x,D_RAND,0.5,0,0,not_amenable,1,,,,,,,,,,,,,
Thoemmes_2013,e0,x,D_RAND,0.5,1,0,not_amenable,1,,,,,,,,,,,,,
Thoemmes_2013,e0,y,A_TRUE,1.0,0,1,ok,0,4,,no_z_member_in_component,1,1,local_up_fast,1,1,exact,1,1.0,0,1
Thoemmes_2013,e0,y,D_RAND,1.0,0,1,optimal_empty,0,,,,,,,,,,,,,
Thoemmes_2013,e0,y,D_RAND,1.0,1,1,optimal_empty,0,,,,,,,,,,,,,
Thoemmes_2013,e0,y,D_DEGEN,1.0,0,0,not_amenable,1,,,,,,,,,,,,,
Thoemmes_2013,e0,y,A_TRUE,0.5,0,0,not_amenable,1,,,,,,,,,,,,,
Thoemmes_2013,e0,y,D_RAND,0.5,0,0,not_amenable,1,,,,,,,,,,,,,
Thoemmes_2013,e0,y,D_RAND,0.5,1,0,not_amenable,1,,,,,,,,,,,,,
Thoemmes_2013,e0,z,A_TRUE,1.0,0,1,ok,0,1,,no_z_member_in_component,1,1,local_up_fast,1,1,exact,1,1.0,0,1
Thoemmes_2013,e0,z,D_RAND,1.0,0,1,optimal_empty,0,,,,,,,,,,,,,
Thoemmes_2013,e0,z,D_RAND,1.0,1,1,optimal_empty,0,,,,,,,,,,,,,
Thoemmes_2013,e0,z,D_DEGEN,1.0,0,0,not_amenable,1,,,,,,,,,,,,,
Thoemmes_2013,e0,z,A_TRUE,0.5,0,0,not_amenable,1,,,,,,,,,,,,,
Thoemmes_2013,e0,z,D_RAND,0.5,0,0,not_amenable,1,,,,,,,,,,,,,
Thoemmes_2013,e0,z,D_RAND,0.5,1,0,not_amenable,1,,,,,,,,,,,,,
Thoemmes_2013,e0,z2,A_TRUE,1.0,0,1,ok,0,2,,no_z_member_in_component,1,1,local_up_fast,1,1,exact,1,1.0,0,1
Thoemmes_2013,e0,z2,D_RAND,1.0,0,1,ok,0,2,,no_z_member_in_component,1,1,local_up_fast,1,1,exact,1,1.0,0,1
Thoemmes_2013,e0,z2,D_RAND,1.0,1,1,ok,0,2,,no_z_member_in_component,1,1,local_up_fast,1,1,exact,1,1.0,0,1
Thoemmes_2013,e0,z2,D_DEGEN,1.0,0,0,not_amenable,1,,,,,,,,,,,,,
Thoemmes_2013,e0,z2,A_TRUE,0.5,0,0,not_amenable,1,,,,,,,,,,,,,
Thoemmes_2013,e0,z2,D_RAND,0.5,0,0,not_amenable,1,,,,,,,,,,,,,
Thoemmes_2013,e0,z2,D_RAND,0.5,1,0,not_amenable,1,,,,,,,,,,,,,
Thoemmes_2013,e0,z3,A_TRUE,1.0,0,1,ok,0,4,,no_z_member_in_component,1,1,local_up_fast,1,1,exact,1,1.0,0,1
Thoemmes_2013,e0,z3,D_RAND,1.0,0,1,ok,0,4,,no_z_member_in_component,1,1,local_up_fast,1,1,exact,1,1.0,0,1
Thoemmes_2013,e0,z3,D_RAND,1.0,1,1,ok,0,4,,no_z_member_in_component,1,1,local_up_fast,1,1,exact,1,1.0,0,1
Thoemmes_2013,e0,z3,D_DEGEN,1.0,0,0,not_amenable,1,,,,,,,,,,,,,
Thoemmes_2013,e0,z3,A_TRUE,0.5,0,0,not_amenable,1,,,,,,,,,,,,,
Thoemmes_2013,e0,z3,D_RAND,0.5,0,0,not_amenable,1,,,,,,,,,,,,,
Thoemmes_2013,e0,z3,D_RAND,0.5,1,0,not_amenable,1,,,,,,,,,,,,,
Thoemmes_2013,x,e0,A_TRUE,1.0,0,1,optimal_empty,0,,,,,,,,,,,,,
Thoemmes_2013,x,e0,D_RAND,1.0,0,1,optimal_empty,0,,,,,,,,,,,,,
Thoemmes_2013,x,e0,D_RAND,1.0,1,1,optimal_empty,0,,,,,,,,,,,,,
Thoemmes_2013,x,e0,D_DEGEN,1.0,0,0,not_amenable,1,,,,,,,,,,,,,
Thoemmes_2013,x,e0,A_TRUE,0.5,0,0,not_amenable,1,,,,,,,,,,,,,
Thoemmes_2013,x,e0,D_RAND,0.5,0,0,not_amenable,1,,,,,,,,,,,,,
Thoemmes_2013,x,e0,D_RAND,0.5,1,0,not_amenable,1,,,,,,,,,,,,,
Thoemmes_2013,x,s1,A_TRUE,1.0,0,1,ok,0,1,,no_z_member_in_component,1,-1,local_up_fast,1,,gt_1,,0.0,0,1
Thoemmes_2013,x,s1,D_RAND,1.0,0,1,ok,0,1,,no_z_member_in_component,1,-1,local_up_fast,1,,gt_1,,0.0,1,1
Thoemmes_2013,x,s1,D_RAND,1.0,1,1,ok,0,1,,no_z_member_in_component,1,-1,local_up_fast,1,,gt_1,,0.0,0,1
Thoemmes_2013,x,s1,D_DEGEN,1.0,0,0,ok,1,1,,no_z_member_in_component,0,-1,local_up_fast,1,,gt_0,,,0,1
Thoemmes_2013,x,s1,A_TRUE,0.5,0,0,ok,1,1,,no_z_member_in_component,0,-1,local_up_fast,1,,gt_0,,,0,1
Thoemmes_2013,x,s1,D_RAND,0.5,0,0,ok,1,1,,no_z_member_in_component,0,-1,local_up_fast,1,,gt_0,,,0,1
Thoemmes_2013,x,s1,D_RAND,0.5,1,0,ok,1,1,,no_z_member_in_component,0,-1,local_up_fast,1,,gt_0,,,0,1
Thoemmes_2013,x,s2,A_TRUE,1.0,0,1,ok,0,2,,no_z_member_in_component,1,-1,local_up_fast,1,,gt_1,,0.0,0,1
Thoemmes_2013,x,s2,D_RAND,1.0,0,1,ok,0,2,,no_z_member_in_component,1,-1,local_up_fast,1,,gt_1,,0.0,0,1
Thoemmes_2013,x,s2,D_RAND,1.0,1,1,ok,0,2,,no_z_member_in_component,1,-1,local_up_fast,1,,gt_1,,0.0,1,1
Thoemmes_2013,x,s2,D_DEGEN,1.0,0,0,ok,1,2,,no_z_member_in_component,0,-1,local_up_fast,1,,gt_0,,,0,1
Thoemmes_2013,x,s2,A_TRUE,0.5,0,0,ok,1,2,,no_z_member_in_component,0,-1,local_up_fast,1,,gt_0,,,0,1
Thoemmes_2013,x,s2,D_RAND,0.5,0,0,ok,1,2,,no_z_member_in_component,0,-1,local_up_fast,1,,gt_0,,,0,1
Thoemmes_2013,x,s2,D_RAND,0.5,1,0,ok,1,2,,no_z_member_in_component,0,-1,local_up_fast,1,,gt_0,,,0,1
Thoemmes_2013,x,s3,A_TRUE,1.0,0,1,ok,0,3,,no_z_member_in_component,1,-1,local_up_fast,1,,gt_1,,0.0,0,1
Thoemmes_2013,x,s3,D_RAND,1.0,0,1,ok,0,3,,no_z_member_in_component,1,-1,local_up_fast,1,,gt_1,,0.0,1,1
Thoemmes_2013,x,s3,D_RAND,1.0,1,1,ok,0,3,,no_z_member_in_component,1,-1,local_up_fast,1,,gt_1,,0.0,0,1
Thoemmes_2013,x,s3,D_DEGEN,1.0,0,0,ok,1,3,,no_z_member_in_component,0,-1,local_up_fast,1,,gt_0,,,0,1
Thoemmes_2013,x,s3,A_TRUE,0.5,0,0,ok,1,3,,no_z_member_in_component,0,-1,local_up_fast,1,,gt_0,,,0,1
Thoemmes_2013,x,s3,D_RAND,0.5,0,0,ok,1,3,,no_z_member_in_component,0,-1,local_up_fast,1,,gt_0,,,0,1
Thoemmes_2013,x,s3,D_RAND,0.5,1,0,ok,1,3,,no_z_member_in_component,0,-1,local_up_fast,1,,gt_0,,,0,1
Thoemmes_2013,x,y,A_TRUE,1.0,0,1,ok,0,4,,no_z_member_in_component,1,-1,local_up_fast,1,,gt_1,,0.0,0,1
Thoemmes_2013,x,y,D_RAND,1.0,0,1,ok,0,4,,no_z_member_in_component,1,-1,local_up_fast,1,,gt_1,,0.0,1,1
Thoemmes_2013,x,y,D_RAND,1.0,1,1,ok,0,4,,no_z_member_in_component,1,-1,local_up_fast,1,,gt_1,,0.0,0,1
Thoemmes_2013,x,y,D_DEGEN,1.0,0,0,ok,1,4,,no_z_member_in_component,0,-1,local_up_fast,1,,gt_0,,,0,1
Thoemmes_2013,x,y,A_TRUE,0.5,0,0,ok,1,4,,no_z_member_in_component,0,-1,local_up_fast,1,,gt_0,,,0,1
Thoemmes_2013,x,y,D_RAND,0.5,0,0,ok,1,4,,no_z_member_in_component,0,-1,local_up_fast,1,,gt_0,,,0,1
Thoemmes_2013,x,y,D_RAND,0.5,1,0,ok,1,4,,no_z_member_in_component,0,-1,local_up_fast,1,,gt_0,,,0,1
Thoemmes_2013,x,z,A_TRUE,1.0,0,1,ok,0,1,,no_z_member_in_component,1,-1,local_up_fast,1,,gt_1,,0.0,0,1
Thoemmes_2013,x,z,D_RAND,1.0,0,1,ok,0,1,,no_z_member_in_component,1,-1,local_up_fast,1,,gt_1,,0.0,0,1
Thoemmes_2013,x,z,D_RAND,1.0,1,1,ok,0,1,,no_z_member_in_component,1,-1,local_up_fast,1,,gt_1,,0.0,1,1
Thoemmes_2013,x,z,D_DEGEN,1.0,0,0,ok,1,1,,no_z_member_in_component,0,-1,local_up_fast,1,,gt_0,,,0,1
Thoemmes_2013,x,z,A_TRUE,0.5,0,0,ok,1,1,,no_z_member_in_component,0,-1,local_up_fast,1,,gt_0,,,0,1
Thoemmes_2013,x,z,D_RAND,0.5,0,0,ok,1,1,,no_z_member_in_component,0,-1,local_up_fast,1,,gt_0,,,0,1
Thoemmes_2013,x,z,D_RAND,0.5,1,0,ok,1,1,,no_z_member_in_component,0,-1,local_up_fast,1,,gt_0,,,0,1
Thoemmes_2013,x,z2,A_TRUE,1.0,0,1,ok,0,2,,no_z_member_in_component,1,-1,local_up_fast,1,,gt_1,,0.0,0,1
Thoemmes_2013,x,z2,D_RAND,1.0,0,1,ok,0,2,,no_z_member_in_component,1,-1,local_up_fast,1,,gt_1,,0.0,1,1
Thoemmes_2013,x,z2,D_RAND,1.0,1,1,ok,0,2,,no_z_member_in_component,1,-1,local_up_fast,1,,gt_1,,0.0,1,1
Thoemmes_2013,x,z2,D_DEGEN,1.0,0,0,ok,1,2,,no_z_member_in_component,0,-1,local_up_fast,1,,gt_0,,,0,1
Thoemmes_2013,x,z2,A_TRUE,0.5,0,0,ok,1,2,,no_z_member_in_component,0,-1,local_up_fast,1,,gt_0,,,0,1
Thoemmes_2013,x,z2,D_RAND,0.5,0,0,ok,1,2,,no_z_member_in_component,0,-1,local_up_fast,1,,gt_0,,,0,1
Thoemmes_2013,x,z2,D_RAND,0.5,1,0,ok,1,2,,no_z_member_in_component,0,-1,local_up_fast,1,,gt_0,,,0,1
Thoemmes_2013,x,z3,A_TRUE,1.0,0,1,ok,0,4,,no_z_member_in_component,1,-1,local_up_fast,1,,gt_1,,0.0,0,1
Thoemmes_2013,x,z3,D_RAND,1.0,0,1,ok,0,4,,no_z_member_in_component,1,-1,local_up_fast,1,,gt_1,,0.0,0,1
Thoemmes_2013,x,z3,D_RAND,1.0,1,1,ok,0,4,,no_z_member_in_component,1,-1,local_up_fast,1,,gt_1,,0.0,1,1
Thoemmes_2013,x,z3,D_DEGEN,1.0,0,0,ok,1,4,,no_z_member_in_component,0,-1,local_up_fast,1,,gt_0,,,0,1
Thoemmes_2013,x,z3,A_TRUE,0.5,0,0,ok,1,4,,no_z_member_in_component,0,-1,local_up_fast,1,,gt_0,,,0,1
Thoemmes_2013,x,z3,D_RAND,0.5,0,0,ok,1,4,,no_z_member_in_component,0,-1,local_up_fast,1,,gt_0,,,0,1
Thoemmes_2013,x,z3,D_RAND,0.5,1,0,ok,1,4,,no_z_member_in_component,0,-1,local_up_fast,1,,gt_0,,,0,1
alarm,ANAPHYLAXIS,BP,A_TRUE,1.0,0,4,ok,0,4,,no_z_member_in_component,4,1,local_up_fast,1,1,exact,1,0.25,0,1
alarm,ANAPHYLAXIS,BP,D_RAND,1.0,0,4,ok,0,4,,no_z_member_in_component,4,1,local_up_fast,1,1,exact,1,0.25,1,1
alarm,ANAPHYLAXIS,BP,D_RAND,1.0,1,4,ok,0,4,,no_z_member_in_component,4,1,local_up_fast,1,1,exact,1,0.25,2,1
alarm,ANAPHYLAXIS,BP,D_DEGEN,1.0,0,0,not_amenable,4,,,,,,,,,,,,,
alarm,ANAPHYLAXIS,BP,A_TRUE,0.5,0,2,ok,2,4,,no_z_member_in_component,2,1,local_up_fast,1,1,exact,1,0.5,0,1
alarm,ANAPHYLAXIS,BP,D_RAND,0.5,0,2,ok,2,4,,no_z_member_in_component,2,1,local_up_fast,1,1,exact,1,0.5,0,1
alarm,ANAPHYLAXIS,BP,D_RAND,0.5,1,2,optimal_empty,2,,,,,,,,,,,,,
alarm,ANAPHYLAXIS,HRBP,A_TRUE,1.0,0,4,ok,0,4,,no_z_member_in_component,4,1,local_up_fast,1,1,exact,1,0.25,0,1
alarm,ANAPHYLAXIS,HRBP,D_RAND,1.0,0,4,optimal_empty,0,,,,,,,,,,,,,
alarm,ANAPHYLAXIS,HRBP,D_RAND,1.0,1,4,ok,0,4,,no_z_member_in_component,4,1,local_up_fast,1,1,exact,1,0.25,2,1
alarm,ANAPHYLAXIS,HRBP,D_DEGEN,1.0,0,0,not_amenable,4,,,,,,,,,,,,,
alarm,ANAPHYLAXIS,HRBP,A_TRUE,0.5,0,2,ok,2,4,,no_z_member_in_component,2,1,local_up_fast,1,1,exact,1,0.5,0,1
alarm,ANAPHYLAXIS,HRBP,D_RAND,0.5,0,2,optimal_empty,2,,,,,,,,,,,,,
alarm,ANAPHYLAXIS,HRBP,D_RAND,0.5,1,2,optimal_empty,2,,,,,,,,,,,,,
alarm,HISTORY,BP,A_TRUE,1.0,0,4,optimal_empty,0,,,,,,,,,,,,,
alarm,HISTORY,BP,D_RAND,1.0,0,4,ok,0,3,,no_z_member_in_component,4,1,local_up_fast,1,1,exact,1,0.25,3,0
alarm,HISTORY,BP,D_RAND,1.0,1,4,optimal_empty,0,,,,,,,,,,,,,
alarm,HISTORY,BP,D_DEGEN,1.0,0,0,not_amenable,4,,,,,,,,,,,,,
alarm,HISTORY,BP,A_TRUE,0.5,0,2,not_amenable,2,,,,,,,,,,,,,
alarm,HISTORY,BP,D_RAND,0.5,0,2,not_amenable,2,,,,,,,,,,,,,
alarm,HISTORY,BP,D_RAND,0.5,1,2,not_amenable,2,,,,,,,,,,,,,
alarm,HISTORY,LVFAILURE,A_TRUE,1.0,0,4,optimal_empty,0,,,,,,,,,,,,,
alarm,HISTORY,LVFAILURE,D_RAND,1.0,0,4,optimal_empty,0,,,,,,,,,,,,,
alarm,HISTORY,LVFAILURE,D_RAND,1.0,1,4,optimal_empty,0,,,,,,,,,,,,,
alarm,HISTORY,LVFAILURE,D_DEGEN,1.0,0,0,not_amenable,4,,,,,,,,,,,,,
alarm,HISTORY,LVFAILURE,A_TRUE,0.5,0,2,not_amenable,2,,,,,,,,,,,,,
alarm,HISTORY,LVFAILURE,D_RAND,0.5,0,2,not_amenable,2,,,,,,,,,,,,,
alarm,HISTORY,LVFAILURE,D_RAND,0.5,1,2,not_amenable,2,,,,,,,,,,,,,
alarm,LVFAILURE,CO,A_TRUE,1.0,0,4,ok,0,2,,no_z_member_in_component,4,-1,e1_ladder,1,,gt_3,,0.0,0,1
alarm,LVFAILURE,CO,D_RAND,1.0,0,4,ok,0,2,,no_z_member_in_component,4,-1,e1_ladder,1,,gt_3,,0.0,2,1
alarm,LVFAILURE,CO,D_RAND,1.0,1,4,ok,0,2,,no_z_member_in_component,4,-1,e1_ladder,1,,gt_3,,0.0,2,1
alarm,LVFAILURE,CO,D_DEGEN,1.0,0,0,ok,4,2,,no_z_member_in_component,0,-1,local_up_fast,1,,gt_0,,,0,1
alarm,LVFAILURE,CO,A_TRUE,0.5,0,2,ok,2,2,,no_z_member_in_component,2,-1,local_up_fast,1,,gt_2,,0.0,0,1
alarm,LVFAILURE,CO,D_RAND,0.5,0,2,ok,2,2,,no_z_member_in_component,2,-1,local_up_fast,1,,gt_2,,0.0,0,1
alarm,LVFAILURE,CO,D_RAND,0.5,1,2,ok,2,2,,no_z_member_in_component,2,-1,local_up_fast,1,,gt_2,,0.0,2,1
alarm,LVFAILURE,PCWP,A_TRUE,1.0,0,4,ok,0,1,,no_z_member_in_component,4,-1,e1_ladder,1,,gt_3,,0.0,0,1
alarm,LVFAILURE,PCWP,D_RAND,1.0,0,4,ok,0,1,,no_z_member_in_component,4,-1,e1_ladder,1,,gt_3,,0.0,3,1
alarm,LVFAILURE,PCWP,D_RAND,1.0,1,4,ok,0,1,,no_z_member_in_component,4,-1,e1_ladder,1,,gt_3,,0.0,3,1
alarm,LVFAILURE,PCWP,D_DEGEN,1.0,0,0,ok,4,1,,no_z_member_in_component,0,-1,local_up_fast,1,,gt_0,,,0,1
alarm,LVFAILURE,PCWP,A_TRUE,0.5,0,2,ok,2,1,,no_z_member_in_component,2,-1,local_up_fast,1,,gt_2,,0.0,0,1
alarm,LVFAILURE,PCWP,D_RAND,0.5,0,2,ok,2,1,,no_z_member_in_component,2,-1,local_up_fast,1,,gt_2,,0.0,1,1
alarm,LVFAILURE,PCWP,D_RAND,0.5,1,2,ok,2,1,,no_z_member_in_component,2,-1,local_up_fast,1,,gt_2,,0.0,1,1
alarm,MINVOLSET,CATECHOL,A_TRUE,1.0,0,4,ok,0,7,,no_z_member_in_component,4,1,local_up_fast,1,1,exact,1,0.25,0,1
alarm,MINVOLSET,CATECHOL,D_RAND,1.0,0,4,optimal_empty,0,,,,,,,,,,,,,
alarm,MINVOLSET,CATECHOL,D_RAND,1.0,1,4,ok,0,7,,no_z_member_in_component,4,1,local_up_fast,1,1,exact,1,0.25,1,1
alarm,MINVOLSET,CATECHOL,D_DEGEN,1.0,0,0,not_amenable,4,,,,,,,,,,,,,
alarm,MINVOLSET,CATECHOL,A_TRUE,0.5,0,2,not_amenable,2,,,,,,,,,,,,,
alarm,MINVOLSET,CATECHOL,D_RAND,0.5,0,2,not_amenable,2,,,,,,,,,,,,,
alarm,MINVOLSET,CATECHOL,D_RAND,0.5,1,2,not_amenable,2,,,,,,,,,,,,,
alarm,MINVOLSET,HRBP,A_TRUE,1.0,0,4,ok,0,8,,no_z_member_in_component,4,1,local_up_fast,1,1,exact,1,0.25,0,1
alarm,MINVOLSET,HRBP,D_RAND,1.0,0,4,optimal_empty,0,,,,,,,,,,,,,
alarm,MINVOLSET,HRBP,D_RAND,1.0,1,4,ok,0,8,,no_z_member_in_component,4,1,local_up_fast,1,1,exact,1,0.25,3,1
alarm,MINVOLSET,HRBP,D_DEGEN,1.0,0,0,not_amenable,4,,,,,,,,,,,,,
alarm,MINVOLSET,HRBP,A_TRUE,0.5,0,2,not_amenable,2,,,,,,,,,,,,,
alarm,MINVOLSET,HRBP,D_RAND,0.5,0,2,not_amenable,2,,,,,,,,,,,,,
alarm,MINVOLSET,HRBP,D_RAND,0.5,1,2,not_amenable,2,,,,,,,,,,,,,
alarm,MINVOLSET,PRESS,A_TRUE,1.0,0,4,ok,0,3,,no_z_member_in_component,4,1,local_up_fast,1,1,exact,1,0.25,0,1
alarm,MINVOLSET,PRESS,D_RAND,1.0,0,4,optimal_empty,0,,,,,,,,,,,,,
alarm,MINVOLSET,PRESS,D_RAND,1.0,1,4,optimal_empty,0,,,,,,,,,,,,,
alarm,MINVOLSET,PRESS,D_DEGEN,1.0,0,0,not_amenable,4,,,,,,,,,,,,,
alarm,MINVOLSET,PRESS,A_TRUE,0.5,0,2,not_amenable,2,,,,,,,,,,,,,
alarm,MINVOLSET,PRESS,D_RAND,0.5,0,2,not_amenable,2,,,,,,,,,,,,,
alarm,MINVOLSET,PRESS,D_RAND,0.5,1,2,not_amenable,2,,,,,,,,,,,,,
alarm,MINVOLSET,VENTLUNG,A_TRUE,1.0,0,4,ok,0,3,,no_z_member_in_component,4,1,local_up_fast,1,1,exact,1,0.25,0,1
alarm,MINVOLSET,VENTLUNG,D_RAND,1.0,0,4,ok,0,3,,no_z_member_in_component,4,1,local_up_fast,1,1,exact,1,0.25,1,1
alarm,MINVOLSET,VENTLUNG,D_RAND,1.0,1,4,optimal_empty,0,,,,,,,,,,,,,
alarm,MINVOLSET,VENTLUNG,D_DEGEN,1.0,0,0,not_amenable,4,,,,,,,,,,,,,
alarm,MINVOLSET,VENTLUNG,A_TRUE,0.5,0,2,not_amenable,2,,,,,,,,,,,,,
alarm,MINVOLSET,VENTLUNG,D_RAND,0.5,0,2,not_amenable,2,,,,,,,,,,,,,
alarm,MINVOLSET,VENTLUNG,D_RAND,0.5,1,2,not_amenable,2,,,,,,,,,,,,,
alarm,PAP,CATECHOL,A_TRUE,1.0,0,4,optimal_empty,0,,,,,,,,,,,,,
alarm,PAP,CATECHOL,D_RAND,1.0,0,4,ok,0,5,,no_z_member_in_component,4,1,local_up_fast,1,1,exact,1,0.25,1,0
alarm,PAP,CATECHOL,D_RAND,1.0,1,4,ok,0,5,,no_z_member_in_component,4,1,local_up_fast,1,1,exact,1,0.25,4,0
alarm,PAP,CATECHOL,D_DEGEN,1.0,0,0,not_amenable,4,,,,,,,,,,,,,
alarm,PAP,CATECHOL,A_TRUE,0.5,0,2,optimal_empty,2,,,,,,,,,,,,,
alarm,PAP,CATECHOL,D_RAND,0.5,0,2,optimal_empty,2,,,,,,,,,,,,,
alarm,PAP,CATECHOL,D_RAND,0.5,1,2,optimal_empty,2,,,,,,,,,,,,,
alarm,PAP,HREKG,A_TRUE,1.0,0,4,optimal_empty,0,,,,,,,,,,,,,
alarm,PAP,HREKG,D_RAND,1.0,0,4,optimal_empty,0,,,,,,,,,,,,,
alarm,PAP,HREKG,D_RAND,1.0,1,4,ok,0,6,,no_z_member_in_component,4,1,local_up_fast,1,1,exact,1,0.25,1,0
alarm,PAP,HREKG,D_DEGEN,1.0,0,0,not_amenable,4,,,,,,,,,,,,,
alarm,PAP,HREKG,A_TRUE,0.5,0,2,optimal_empty,2,,,,,,,,,,,,,
alarm,PAP,HREKG,D_RAND,0.5,0,2,ok,2,6,,no_z_member_in_component,2,1,local_up_fast,1,1,exact,1,0.5,2,0
alarm,PAP,HREKG,D_RAND,0.5,1,2,ok,2,6,,no_z_member_in_component,2,1,local_up_fast,1,1,exact,1,0.5,1,0
alarm,PAP,SHUNT,A_TRUE,1.0,0,4,optimal_empty,0,,,,,,,,,,,,,
alarm,PAP,SHUNT,D_RAND,1.0,0,4,ok,0,1,,no_z_member_in_component,4,1,local_up_fast,1,1,exact,1,0.25,2,0
alarm,PAP,SHUNT,D_RAND,1.0,1,4,optimal_empty,0,,,,,,,,,,,,,
alarm,PAP,SHUNT,D_DEGEN,1.0,0,0,not_amenable,4,,,,,,,,,,,,,
alarm,PAP,SHUNT,A_TRUE,0.5,0,2,optimal_empty,2,,,,,,,,,,,,,
alarm,PAP,SHUNT,D_RAND,0.5,0,2,optimal_empty,2,,,,,,,,,,,,,
alarm,PAP,SHUNT,D_RAND,0.5,1,2,optimal_empty,2,,,,,,,,,,,,,
alarm,PULMEMBOLUS,HR,A_TRUE,1.0,0,4,ok,0,5,,no_z_member_in_component,4,-1,e1_ladder,1,,gt_3,,0.0,0,1
alarm,PULMEMBOLUS,HR,D_RAND,1.0,0,4,ok,0,5,,no_z_member_in_component,4,-1,e1_ladder,1,,gt_3,,0.0,2,1
alarm,PULMEMBOLUS,HR,D_RAND,1.0,1,4,ok,0,5,,no_z_member_in_component,4,-1,e1_ladder,1,,gt_3,,0.0,0,1
alarm,PULMEMBOLUS,HR,D_DEGEN,1.0,0,0,ok,4,5,,no_z_member_in_component,0,-1,local_up_fast,1,,gt_0,,,0,1
alarm,PULMEMBOLUS,HR,A_TRUE,0.5,0,2,ok,2,5,,no_z_member_in_component,2,-1,local_up_fast,1,,gt_2,,0.0,0,1
alarm,PULMEMBOLUS,HR,D_RAND,0.5,0,2,ok,2,5,,no_z_member_in_component,2,-1,local_up_fast,1,,gt_2,,0.0,2,1
alarm,PULMEMBOLUS,HR,D_RAND,0.5,1,2,ok,2,5,,no_z_member_in_component,2,-1,local_up_fast,1,,gt_2,,0.0,2,1
alarm,PULMEMBOLUS,PAP,A_TRUE,1.0,0,4,optimal_empty,0,,,,,,,,,,,,,
alarm,PULMEMBOLUS,PAP,D_RAND,1.0,0,4,optimal_empty,0,,,,,,,,,,,,,
alarm,PULMEMBOLUS,PAP,D_RAND,1.0,1,4,optimal_empty,0,,,,,,,,,,,,,
alarm,PULMEMBOLUS,PAP,D_DEGEN,1.0,0,0,not_amenable,4,,,,,,,,,,,,,
alarm,PULMEMBOLUS,PAP,A_TRUE,0.5,0,2,optimal_empty,2,,,,,,,,,,,,,
alarm,PULMEMBOLUS,PAP,D_RAND,0.5,0,2,optimal_empty,2,,,,,,,,,,,,,
alarm,PULMEMBOLUS,PAP,D_RAND,0.5,1,2,optimal_empty,2,,,,,,,,,,,,,
alarm,TPR,BP,A_TRUE,1.0,0,4,ok,0,4,,no_z_member_in_component,4,-1,e1_ladder,1,,gt_3,,0.0,0,1
alarm,TPR,BP,D_RAND,1.0,0,4,ok,0,4,,no_z_member_in_component,4,-1,e1_ladder,1,,gt_3,,0.0,2,1
alarm,TPR,BP,D_RAND,1.0,1,4,ok,0,4,,no_z_member_in_component,4,-1,e1_ladder,1,,gt_3,,0.0,3,1
alarm,TPR,BP,D_DEGEN,1.0,0,0,ok,4,4,,no_z_member_in_component,0,-1,local_up_fast,1,,gt_0,,,0,1
alarm,TPR,BP,A_TRUE,0.5,0,2,ok,2,4,,no_z_member_in_component,2,-1,local_up_fast,1,,gt_2,,0.0,0,1
alarm,TPR,BP,D_RAND,0.5,0,2,ok,2,4,,no_z_member_in_component,2,-1,local_up_fast,1,,gt_2,,0.0,0,1
alarm,TPR,BP,D_RAND,0.5,1,2,ok,2,4,,no_z_member_in_component,2,-1,local_up_fast,1,,gt_2,,0.0,0,1
alarm,TPR,HRBP,A_TRUE,1.0,0,4,ok,0,4,,no_z_member_in_component,4,-1,e1_ladder,1,,gt_3,,0.0,0,1
alarm,TPR,HRBP,D_RAND,1.0,0,4,ok,0,4,,no_z_member_in_component,4,-1,e1_ladder,1,,gt_3,,0.0,3,1
alarm,TPR,HRBP,D_RAND,1.0,1,4,ok,0,4,,no_z_member_in_component,4,-1,e1_ladder,1,,gt_3,,0.0,2,1
alarm,TPR,HRBP,D_DEGEN,1.0,0,0,ok,4,4,,no_z_member_in_component,0,-1,local_up_fast,1,,gt_0,,,0,1
alarm,TPR,HRBP,A_TRUE,0.5,0,2,ok,2,4,,no_z_member_in_component,2,-1,local_up_fast,1,,gt_2,,0.0,0,1
alarm,TPR,HRBP,D_RAND,0.5,0,2,ok,2,4,,no_z_member_in_component,2,-1,local_up_fast,1,,gt_2,,0.0,2,1
alarm,TPR,HRBP,D_RAND,0.5,1,2,ok,2,4,,no_z_member_in_component,2,-1,local_up_fast,1,,gt_2,,0.0,2,1
alarm,VENTMACH,BP,A_TRUE,1.0,0,4,ok,0,8,,no_z_member_in_component,4,-1,e1_ladder,1,,gt_3,,0.0,0,1
alarm,VENTMACH,BP,D_RAND,1.0,0,4,ok,0,8,,no_z_member_in_component,4,-1,e1_ladder,1,,gt_3,,0.0,3,1
alarm,VENTMACH,BP,D_RAND,1.0,1,4,ok,0,8,,no_z_member_in_component,4,-1,e1_ladder,1,,gt_3,,0.0,1,1
alarm,VENTMACH,BP,D_DEGEN,1.0,0,0,ok,4,8,,no_z_member_in_component,0,-1,local_up_fast,1,,gt_0,,,0,1
alarm,VENTMACH,BP,A_TRUE,0.5,0,2,ok,2,8,,no_z_member_in_component,2,-1,local_up_fast,1,,gt_2,,0.0,0,1
alarm,VENTMACH,BP,D_RAND,0.5,0,2,ok,2,8,,no_z_member_in_component,2,-1,local_up_fast,1,,gt_2,,0.0,1,1
alarm,VENTMACH,BP,D_RAND,0.5,1,2,ok,2,8,,no_z_member_in_component,2,-1,local_up_fast,1,,gt_2,,0.0,0,1
alarm,VENTMACH,HR,A_TRUE,1.0,0,4,ok,0,7,,no_z_member_in_component,4,-1,e1_ladder,1,,gt_3,,0.0,0,1
alarm,VENTMACH,HR,D_RAND,1.0,0,4,ok,0,7,,no_z_member_in_component,4,-1,e1_ladder,1,,gt_3,,0.0,3,1
alarm,VENTMACH,HR,D_RAND,1.0,1,4,ok,0,7,,no_z_member_in_component,4,-1,e1_ladder,1,,gt_3,,0.0,3,1
alarm,VENTMACH,HR,D_DEGEN,1.0,0,0,ok,4,7,,no_z_member_in_component,0,-1,local_up_fast,1,,gt_0,,,0,1
alarm,VENTMACH,HR,A_TRUE,0.5,0,2,ok,2,7,,no_z_member_in_component,2,-1,local_up_fast,1,,gt_2,,0.0,0,1
alarm,VENTMACH,HR,D_RAND,0.5,0,2,ok,2,7,,no_z_member_in_component,2,-1,local_up_fast,1,,gt_2,,0.0,0,1
alarm,VENTMACH,HR,D_RAND,0.5,1,2,ok,2,7,,no_z_member_in_component,2,-1,local_up_fast,1,,gt_2,,0.0,1,1
alarm,VENTMACH,MINVOL,A_TRUE,1.0,0,4,ok,0,3,,no_z_member_in_component,4,-1,e1_ladder,1,,gt_3,,0.0,0,1
alarm,VENTMACH,MINVOL,D_RAND,1.0,0,4,ok,0,3,,no_z_member_in_component,4,-1,e1_ladder,1,,gt_3,,0.0,1,1
alarm,VENTMACH,MINVOL,D_RAND,1.0,1,4,ok,0,3,,no_z_member_in_component,4,-1,e1_ladder,1,,gt_3,,0.0,1,1
alarm,VENTMACH,MINVOL,D_DEGEN,1.0,0,0,ok,4,3,,no_z_member_in_component,0,-1,local_up_fast,1,,gt_0,,,0,1
alarm,VENTMACH,MINVOL,A_TRUE,0.5,0,2,ok,2,3,,no_z_member_in_component,2,-1,local_up_fast,1,,gt_2,,0.0,0,1
alarm,VENTMACH,MINVOL,D_RAND,0.5,0,2,ok,2,3,,no_z_member_in_component,2,-1,local_up_fast,1,,gt_2,,0.0,0,1
alarm,VENTMACH,MINVOL,D_RAND,0.5,1,2,ok,2,3,,no_z_member_in_component,2,-1,local_up_fast,1,,gt_2,,0.0,2,1
arth150,100,245,A_TRUE,1.0,0,29,optimal_empty,0,,,,,,,,,,,,,
arth150,100,245,D_DEGEN,1.0,0,0,not_amenable,45,,,,,,,,,,,,,
arth150,100,245,A_TRUE,0.5,0,14,not_amenable,26,,,,,,,,,,,,,
arth150,100,245,D_RAND,0.5,0,14,optimal_empty,1,,,,,,,,,,,,,
arth150,100,245,D_RAND,0.5,1,14,not_amenable,5,,,,,,,,,,,,,
arth150,144,677,A_TRUE,1.0,0,29,optimal_empty,0,,,,,,,,,,,,,
arth150,144,677,D_DEGEN,1.0,0,0,not_amenable,45,,,,,,,,,,,,,
arth150,144,677,A_TRUE,0.5,0,14,not_amenable,26,,,,,,,,,,,,,
arth150,144,677,D_RAND,0.5,0,14,optimal_empty,6,,,,,,,,,,,,,
arth150,144,677,D_RAND,0.5,1,14,optimal_empty,4,,,,,,,,,,,,,
arth150,187,226,A_TRUE,1.0,0,29,optimal_empty,0,,,,,,,,,,,,,
arth150,187,226,D_DEGEN,1.0,0,0,not_amenable,45,,,,,,,,,,,,,
arth150,187,226,A_TRUE,0.5,0,14,not_amenable,26,,,,,,,,,,,,,
arth150,187,226,D_RAND,0.5,0,14,optimal_empty,2,,,,,,,,,,,,,
arth150,187,226,D_RAND,0.5,1,14,not_amenable,27,,,,,,,,,,,,,
arth150,198,93,A_TRUE,1.0,0,29,optimal_empty,0,,,,,,,,,,,,,
arth150,198,93,D_DEGEN,1.0,0,0,not_amenable,45,,,,,,,,,,,,,
arth150,198,93,A_TRUE,0.5,0,14,extensions_intractable,26,,,,,,,,,,,,,
arth150,198,93,D_RAND,0.5,1,14,extensions_intractable,13,,,,,,,,,,,,,
arth150,211,565,A_TRUE,1.0,0,29,optimal_empty,0,,,,,,,,,,,,,
arth150,211,565,D_DEGEN,1.0,0,0,not_amenable,45,,,,,,,,,,,,,
arth150,211,565,A_TRUE,0.5,0,14,not_amenable,26,,,,,,,,,,,,,
arth150,211,565,D_RAND,0.5,0,14,extensions_intractable,17,,,,,,,,,,,,,
arth150,248,779,A_TRUE,1.0,0,29,optimal_empty,0,,,,,,,,,,,,,
arth150,248,779,D_DEGEN,1.0,0,0,not_amenable,45,,,,,,,,,,,,,
arth150,248,779,A_TRUE,0.5,0,14,not_amenable,26,,,,,,,,,,,,,
arth150,248,779,D_RAND,0.5,1,14,extensions_intractable,21,,,,,,,,,,,,,
arth150,342,272,A_TRUE,1.0,0,29,optimal_empty,0,,,,,,,,,,,,,
arth150,342,272,D_DEGEN,1.0,0,0,not_amenable,45,,,,,,,,,,,,,
arth150,342,272,A_TRUE,0.5,0,14,not_amenable,26,,,,,,,,,,,,,
arth150,342,272,D_RAND,0.5,0,14,not_amenable,22,,,,,,,,,,,,,
arth150,342,272,D_RAND,0.5,1,14,not_amenable,21,,,,,,,,,,,,,
arth150,368,560,A_TRUE,1.0,0,29,optimal_empty,0,,,,,,,,,,,,,
arth150,368,560,D_DEGEN,1.0,0,0,not_amenable,45,,,,,,,,,,,,,
arth150,368,560,A_TRUE,0.5,0,14,extensions_intractable,26,,,,,,,,,,,,,
arth150,368,560,D_RAND,0.5,0,14,optimal_empty,2,,,,,,,,,,,,,
arth150,368,560,D_RAND,0.5,1,14,extensions_intractable,25,,,,,,,,,,,,,
arth150,377,793,A_TRUE,1.0,0,29,optimal_empty,0,,,,,,,,,,,,,
arth150,377,793,D_DEGEN,1.0,0,0,not_amenable,45,,,,,,,,,,,,,
arth150,377,793,A_TRUE,0.5,0,14,extensions_intractable,26,,,,,,,,,,,,,
arth150,377,793,D_RAND,0.5,0,14,ok,3,6,,no_z_member_in_component,42,1,local_up_fast,1,1,exact,1,0.0714,3,0
arth150,377,793,D_RAND,0.5,1,14,extensions_intractable,14,,,,,,,,,,,,,
arth150,454,573,A_TRUE,1.0,0,29,optimal_empty,0,,,,,,,,,,,,,
arth150,454,573,D_DEGEN,1.0,0,0,not_amenable,45,,,,,,,,,,,,,
arth150,454,573,A_TRUE,0.5,0,14,not_amenable,26,,,,,,,,,,,,,
arth150,454,573,D_RAND,0.5,0,14,optimal_empty,2,,,,,,,,,,,,,
arth150,454,573,D_RAND,0.5,1,14,not_amenable,14,,,,,,,,,,,,,
arth150,558,560,A_TRUE,1.0,0,29,optimal_empty,0,,,,,,,,,,,,,
arth150,558,560,D_DEGEN,1.0,0,0,not_amenable,45,,,,,,,,,,,,,
arth150,558,560,A_TRUE,0.5,0,14,not_amenable,26,,,,,,,,,,,,,
arth150,558,560,D_RAND,0.5,1,14,optimal_empty,6,,,,,,,,,,,,,
arth150,622,585,A_TRUE,1.0,0,29,optimal_empty,0,,,,,,,,,,,,,
arth150,622,585,D_DEGEN,1.0,0,0,not_amenable,45,,,,,,,,,,,,,
arth150,622,585,A_TRUE,0.5,0,14,extensions_intractable,26,,,,,,,,,,,,,
arth150,622,585,D_RAND,0.5,0,14,extensions_intractable,20,,,,,,,,,,,,,
arth150,622,585,D_RAND,0.5,1,14,extensions_intractable,13,,,,,,,,,,,,,
arth150,640,47,A_TRUE,1.0,0,29,optimal_empty,0,,,,,,,,,,,,,
arth150,640,47,D_DEGEN,1.0,0,0,not_amenable,45,,,,,,,,,,,,,
arth150,640,47,A_TRUE,0.5,0,14,not_amenable,26,,,,,,,,,,,,,
arth150,640,47,D_RAND,0.5,0,14,extensions_intractable,9,,,,,,,,,,,,,
arth150,666,234,A_TRUE,1.0,0,29,optimal_empty,0,,,,,,,,,,,,,
arth150,666,234,D_DEGEN,1.0,0,0,not_amenable,45,,,,,,,,,,,,,
arth150,666,234,A_TRUE,0.5,0,14,not_amenable,26,,,,,,,,,,,,,
arth150,666,234,D_RAND,0.5,0,14,extensions_intractable,17,,,,,,,,,,,,,
arth150,666,234,D_RAND,0.5,1,14,not_amenable,19,,,,,,,,,,,,,
arth150,686,13,A_TRUE,1.0,0,29,optimal_empty,0,,,,,,,,,,,,,
arth150,686,13,D_DEGEN,1.0,0,0,not_amenable,45,,,,,,,,,,,,,
arth150,686,13,A_TRUE,0.5,0,14,extensions_intractable,26,,,,,,,,,,,,,
arth150,712,496,A_TRUE,1.0,0,29,optimal_empty,0,,,,,,,,,,,,,
arth150,712,496,D_DEGEN,1.0,0,0,not_amenable,45,,,,,,,,,,,,,
arth150,712,496,A_TRUE,0.5,0,14,extensions_intractable,26,,,,,,,,,,,,,
arth150,712,496,D_RAND,0.5,0,14,extensions_intractable,12,,,,,,,,,,,,,
arth150,712,496,D_RAND,0.5,1,14,extensions_intractable,14,,,,,,,,,,,,,
arth150,739,558,A_TRUE,1.0,0,29,optimal_empty,0,,,,,,,,,,,,,
arth150,739,558,D_DEGEN,1.0,0,0,not_amenable,45,,,,,,,,,,,,,
arth150,739,558,A_TRUE,0.5,0,14,not_amenable,26,,,,,,,,,,,,,
arth150,739,558,D_RAND,0.5,0,14,extensions_intractable,13,,,,,,,,,,,,,
arth150,739,558,D_RAND,0.5,1,14,optimal_empty,6,,,,,,,,,,,,,
arth150,78,793,A_TRUE,1.0,0,29,optimal_empty,0,,,,,,,,,,,,,
arth150,78,793,D_DEGEN,1.0,0,0,not_amenable,45,,,,,,,,,,,,,
arth150,78,793,A_TRUE,0.5,0,14,extensions_intractable,26,,,,,,,,,,,,,
arth150,78,793,D_RAND,0.5,0,14,extensions_intractable,14,,,,,,,,,,,,,
arth150,78,793,D_RAND,0.5,1,14,extensions_intractable,19,,,,,,,,,,,,,
arth150,798,378,A_TRUE,1.0,0,29,optimal_empty,0,,,,,,,,,,,,,
arth150,798,378,D_DEGEN,1.0,0,0,not_amenable,45,,,,,,,,,,,,,
arth150,798,378,A_TRUE,0.5,0,14,extensions_intractable,26,,,,,,,,,,,,,
arth150,798,378,D_RAND,0.5,0,14,extensions_intractable,25,,,,,,,,,,,,,
arth150,798,378,D_RAND,0.5,1,14,optimal_empty,4,,,,,,,,,,,,,
arth150,81,464,A_TRUE,1.0,0,29,ok,0,1,,no_z_member_in_component,45,-2,e1_ladder,0,,censored_at_depth_2,,0.0,0,1
arth150,81,464,D_DEGEN,1.0,0,0,extensions_intractable,45,,,,,,,,,,,,,
arth150,81,464,A_TRUE,0.5,0,14,extensions_intractable,26,,,,,,,,,,,,,
arth150,81,464,D_RAND,0.5,1,14,ok,7,1,,no_z_member_in_component,38,-2,e1_ladder,0,,censored_at_depth_3,,0.0,6,1
asia,asia,dysp,A_TRUE,1.0,0,3,ok,0,2,,no_z_member_in_component,3,1,local_up_fast,1,1,exact,1,0.3333,0,1
asia,asia,dysp,D_RAND,1.0,0,3,optimal_empty,0,,,,,,,,,,,,,
asia,asia,dysp,D_RAND,1.0,1,3,ok,0,2,,no_z_member_in_component,3,1,local_up_fast,1,1,exact,1,0.3333,1,1
asia,asia,dysp,D_DEGEN,1.0,0,0,not_amenable,3,,,,,,,,,,,,,
asia,asia,dysp,A_TRUE,0.5,0,2,not_amenable,1,,,,,,,,,,,,,
asia,asia,dysp,D_RAND,0.5,0,2,not_amenable,1,,,,,,,,,,,,,
asia,asia,dysp,D_RAND,0.5,1,2,not_amenable,1,,,,,,,,,,,,,
asia,asia,either,A_TRUE,1.0,0,3,ok,0,1,,no_z_member_in_component,3,1,local_up_fast,1,1,exact,1,0.3333,0,1
asia,asia,either,D_RAND,1.0,0,3,ok,0,1,,no_z_member_in_component,3,1,local_up_fast,1,1,exact,1,0.3333,0,1
asia,asia,either,D_RAND,1.0,1,3,ok,0,1,,no_z_member_in_component,3,1,local_up_fast,1,1,exact,1,0.3333,1,1
asia,asia,either,D_DEGEN,1.0,0,0,not_amenable,3,,,,,,,,,,,,,
asia,asia,either,A_TRUE,0.5,0,2,not_amenable,1,,,,,,,,,,,,,
asia,asia,either,D_RAND,0.5,0,2,not_amenable,1,,,,,,,,,,,,,
asia,asia,either,D_RAND,0.5,1,2,not_amenable,1,,,,,,,,,,,,,
asia,asia,tub,A_TRUE,1.0,0,3,optimal_empty,0,,,,,,,,,,,,,
asia,asia,tub,D_RAND,1.0,0,3,optimal_empty,0,,,,,,,,,,,,,
asia,asia,tub,D_RAND,1.0,1,3,optimal_empty,0,,,,,,,,,,,,,
asia,asia,tub,D_DEGEN,1.0,0,0,not_amenable,3,,,,,,,,,,,,,
asia,asia,tub,A_TRUE,0.5,0,2,not_amenable,1,,,,,,,,,,,,,
asia,asia,tub,D_RAND,0.5,0,2,not_amenable,1,,,,,,,,,,,,,
asia,asia,tub,D_RAND,0.5,1,2,not_amenable,1,,,,,,,,,,,,,
asia,asia,xray,A_TRUE,1.0,0,3,ok,0,1,,no_z_member_in_component,3,1,local_up_fast,1,1,exact,1,0.3333,0,1
asia,asia,xray,D_RAND,1.0,0,3,optimal_empty,0,,,,,,,,,,,,,
asia,asia,xray,D_RAND,1.0,1,3,optimal_empty,0,,,,,,,,,,,,,
asia,asia,xray,D_DEGEN,1.0,0,0,not_amenable,3,,,,,,,,,,,,,
asia,asia,xray,A_TRUE,0.5,0,2,not_amenable,1,,,,,,,,,,,,,
asia,asia,xray,D_RAND,0.5,0,2,not_amenable,1,,,,,,,,,,,,,
asia,asia,xray,D_RAND,0.5,1,2,not_amenable,1,,,,,,,,,,,,,
asia,bronc,dysp,A_TRUE,1.0,0,3,ok,0,1,,no_z_member_in_component,3,1,local_up_fast,1,1,exact,1,0.3333,0,1
asia,bronc,dysp,D_RAND,1.0,0,3,ok,0,1,,no_z_member_in_component,3,2,local_up_fast,1,2,exact,2,0.0,1,1
asia,bronc,dysp,D_RAND,1.0,1,3,ok,0,1,,no_z_member_in_component,3,1,local_up_fast,1,1,exact,1,0.3333,1,1
asia,bronc,dysp,D_DEGEN,1.0,0,0,not_amenable,3,,,,,,,,,,,,,
asia,bronc,dysp,A_TRUE,0.5,0,2,ok,1,1,,no_z_member_in_component,2,1,local_up_fast,1,1,exact,1,0.5,0,1
asia,bronc,dysp,D_RAND,0.5,0,2,ok,1,1,,no_z_member_in_component,2,1,local_up_fast,1,1,exact,1,0.5,1,0
asia,bronc,dysp,D_RAND,0.5,1,2,ok,1,1,,no_z_member_in_component,2,1,local_up_fast,1,1,exact,1,0.5,0,1
asia,bronc,either,A_TRUE,1.0,0,3,optimal_empty,0,,,,,,,,,,,,,
asia,bronc,either,D_RAND,1.0,0,3,optimal_empty,0,,,,,,,,,,,,,
asia,bronc,either,D_RAND,1.0,1,3,optimal_empty,0,,,,,,,,,,,,,
asia,bronc,either,D_DEGEN,1.0,0,0,not_amenable,3,,,,,,,,,,,,,
asia,bronc,either,A_TRUE,0.5,0,2,optimal_empty,1,,,,,,,,,,,,,
asia,bronc,either,D_RAND,0.5,0,2,optimal_empty,1,,,,,,,,,,,,,
asia,bronc,either,D_RAND,0.5,1,2,optimal_empty,1,,,,,,,,,,,,,
asia,bronc,lung,A_TRUE,1.0,0,3,optimal_empty,0,,,,,,,,,,,,,
asia,bronc,lung,D_RAND,1.0,0,3,optimal_empty,0,,,,,,,,,,,,,
asia,bronc,lung,D_RAND,1.0,1,3,optimal_empty,0,,,,,,,,,,,,,
asia,bronc,lung,D_DEGEN,1.0,0,0,not_amenable,3,,,,,,,,,,,,,
asia,bronc,lung,A_TRUE,0.5,0,2,optimal_empty,1,,,,,,,,,,,,,
asia,bronc,lung,D_RAND,0.5,0,2,optimal_empty,1,,,,,,,,,,,,,
asia,bronc,lung,D_RAND,0.5,1,2,optimal_empty,1,,,,,,,,,,,,,
asia,bronc,smoke,A_TRUE,1.0,0,3,optimal_empty,0,,,,,,,,,,,,,
asia,bronc,smoke,D_RAND,1.0,0,3,optimal_empty,0,,,,,,,,,,,,,
asia,bronc,smoke,D_RAND,1.0,1,3,optimal_empty,0,,,,,,,,,,,,,
asia,bronc,smoke,D_DEGEN,1.0,0,0,not_amenable,3,,,,,,,,,,,,,
asia,bronc,smoke,A_TRUE,0.5,0,2,optimal_empty,1,,,,,,,,,,,,,
asia,bronc,smoke,D_RAND,0.5,0,2,optimal_empty,1,,,,,,,,,,,,,
asia,bronc,smoke,D_RAND,0.5,1,2,optimal_empty,1,,,,,,,,,,,,,
asia,bronc,xray,A_TRUE,1.0,0,3,optimal_empty,0,,,,,,,,,,,,,
asia,bronc,xray,D_RAND,1.0,0,3,ok,0,1,,no_z_member_in_component,3,1,local_up_fast,1,1,exact,1,0.3333,1,0
asia,bronc,xray,D_RAND,1.0,1,3,optimal_empty,0,,,,,,,,,,,,,
asia,bronc,xray,D_DEGEN,1.0,0,0,not_amenable,3,,,,,,,,,,,,,
asia,bronc,xray,A_TRUE,0.5,0,2,optimal_empty,1,,,,,,,,,,,,,
asia,bronc,xray,D_RAND,0.5,0,2,ok,1,1,,no_z_member_in_component,2,1,local_up_fast,1,1,exact,1,0.5,1,0
asia,bronc,xray,D_RAND,0.5,1,2,optimal_empty,1,,,,,,,,,,,,,
asia,lung,bronc,A_TRUE,1.0,0,3,optimal_empty,0,,,,,,,,,,,,,
asia,lung,bronc,D_RAND,1.0,0,3,optimal_empty,0,,,,,,,,,,,,,
asia,lung,bronc,D_RAND,1.0,1,3,optimal_empty,0,,,,,,,,,,,,,
asia,lung,bronc,D_DEGEN,1.0,0,0,not_amenable,3,,,,,,,,,,,,,
asia,lung,bronc,A_TRUE,0.5,0,2,optimal_empty,1,,,,,,,,,,,,,
asia,lung,bronc,D_RAND,0.5,0,2,optimal_empty,1,,,,,,,,,,,,,
asia,lung,bronc,D_RAND,0.5,1,2,optimal_empty,1,,,,,,,,,,,,,
asia,lung,dysp,A_TRUE,1.0,0,3,ok,0,2,2,measured,3,1,local_up_fast,1,1,exact,1,0.3333,0,1
asia,lung,dysp,D_RAND,1.0,0,3,ok,0,2,2,measured,3,1,local_up_fast,1,1,exact,1,0.3333,1,1
asia,lung,dysp,D_RAND,1.0,1,3,ok,0,2,2,measured,3,1,local_up_fast,1,1,exact,1,0.3333,1,1
asia,lung,dysp,D_DEGEN,1.0,0,0,not_amenable,3,,,,,,,,,,,,,
asia,lung,dysp,A_TRUE,0.5,0,2,ok,1,2,2,measured,2,1,local_up_fast,1,1,exact,1,0.5,0,1
asia,lung,dysp,D_RAND,0.5,0,2,ok,1,2,2,measured,2,1,local_up_fast,1,1,exact,1,0.5,0,1
asia,lung,dysp,D_RAND,0.5,1,2,ok,1,2,2,measured,2,2,local_up_fast,1,2,exact,2,0.0,1,1
asia,lung,either,A_TRUE,1.0,0,3,ok,0,1,,no_z_member_in_component,3,-1,e1_ladder,1,,gt_3,,0.0,0,1
asia,lung,either,D_RAND,1.0,0,3,ok,0,1,,no_z_member_in_component,3,-1,e1_ladder,1,,gt_3,,0.0,2,1
asia,lung,either,D_RAND,1.0,1,3,ok,0,1,,no_z_member_in_component,3,-1,e1_ladder,1,,gt_3,,0.0,2,1
asia,lung,either,D_DEGEN,1.0,0,0,ok,3,1,,no_z_member_in_component,0,-1,local_up_fast,1,,gt_0,,,0,1
asia,lung,either,A_TRUE,0.5,0,2,ok,1,1,,no_z_member_in_component,2,-1,local_up_fast,1,,gt_2,,0.0,0,1
asia,lung,either,D_RAND,0.5,0,2,ok,1,1,,no_z_member_in_component,2,-1,local_up_fast,1,,gt_2,,0.0,1,1
asia,lung,either,D_RAND,0.5,1,2,ok,1,1,,no_z_member_in_component,2,-1,local_up_fast,1,,gt_2,,0.0,1,1
asia,lung,smoke,A_TRUE,1.0,0,3,optimal_empty,0,,,,,,,,,,,,,
asia,lung,smoke,D_RAND,1.0,0,3,optimal_empty,0,,,,,,,,,,,,,
asia,lung,smoke,D_RAND,1.0,1,3,optimal_empty,0,,,,,,,,,,,,,
asia,lung,smoke,D_DEGEN,1.0,0,0,not_amenable,3,,,,,,,,,,,,,
asia,lung,smoke,A_TRUE,0.5,0,2,optimal_empty,1,,,,,,,,,,,,,
asia,lung,smoke,D_RAND,0.5,0,2,optimal_empty,1,,,,,,,,,,,,,
asia,lung,smoke,D_RAND,0.5,1,2,optimal_empty,1,,,,,,,,,,,,,
asia,lung,xray,A_TRUE,1.0,0,3,ok,0,1,,no_z_member_in_component,3,-1,e1_ladder,1,,gt_3,,0.0,0,1
asia,lung,xray,D_RAND,1.0,0,3,ok,0,1,,no_z_member_in_component,3,-1,e1_ladder,1,,gt_3,,0.0,1,1
asia,lung,xray,D_RAND,1.0,1,3,ok,0,1,,no_z_member_in_component,3,-1,e1_ladder,1,,gt_3,,0.0,2,1
asia,lung,xray,D_DEGEN,1.0,0,0,ok,3,1,,no_z_member_in_component,0,-1,local_up_fast,1,,gt_0,,,0,1
asia,lung,xray,A_TRUE,0.5,0,2,ok,1,1,,no_z_member_in_component,2,-1,local_up_fast,1,,gt_2,,0.0,0,1
asia,lung,xray,D_RAND,0.5,0,2,ok,1,1,,no_z_member_in_component,2,-1,local_up_fast,1,,gt_2,,0.0,0,1
asia,lung,xray,D_RAND,0.5,1,2,ok,1,1,,no_z_member_in_component,2,-1,local_up_fast,1,,gt_2,,0.0,1,1
asia,smoke,bronc,A_TRUE,1.0,0,3,optimal_empty,0,,,,,,,,,,,,,
asia,smoke,bronc,D_RAND,1.0,0,3,optimal_empty,0,,,,,,,,,,,,,
asia,smoke,bronc,D_RAND,1.0,1,3,optimal_empty,0,,,,,,,,,,,,,
asia,smoke,bronc,D_DEGEN,1.0,0,0,not_amenable,3,,,,,,,,,,,,,
asia,smoke,bronc,A_TRUE,0.5,0,2,optimal_empty,1,,,,,,,,,,,,,
asia,smoke,bronc,D_RAND,0.5,0,2,optimal_empty,1,,,,,,,,,,,,,
asia,smoke,bronc,D_RAND,0.5,1,2,optimal_empty,1,,,,,,,,,,,,,
asia,smoke,dysp,A_TRUE,1.0,0,3,ok,0,1,,no_z_member_in_component,3,1,local_up_fast,1,1,exact,1,0.6667,0,1
asia,smoke,dysp,D_RAND,1.0,0,3,ok,0,1,,no_z_member_in_component,3,1,local_up_fast,1,1,exact,1,0.6667,1,1
asia,smoke,dysp,D_RAND,1.0,1,3,ok,0,1,,no_z_member_in_component,3,1,local_up_fast,1,1,exact,1,0.3333,2,0
asia,smoke,dysp,D_DEGEN,1.0,0,0,not_amenable,3,,,,,,,,,,,,,
asia,smoke,dysp,A_TRUE,0.5,0,2,ok,1,1,,no_z_member_in_component,2,1,local_up_fast,1,1,exact,1,1.0,0,1
asia,smoke,dysp,D_RAND,0.5,0,2,ok,1,1,,no_z_member_in_component,2,1,local_up_fast,1,1,exact,1,1.0,0,1
asia,smoke,dysp,D_RAND,0.5,1,2,ok,1,1,,no_z_member_in_component,2,1,local_up_fast,1,1,exact,1,1.0,0,1
asia,smoke,either,A_TRUE,1.0,0,3,ok,0,1,,no_z_member_in_component,3,1,local_up_fast,1,1,exact,1,0.3333,0,1
asia,smoke,either,D_RAND,1.0,0,3,ok,0,1,,no_z_member_in_component,3,2,local_up_fast,1,2,exact,2,0.0,1,1
asia,smoke,either,D_RAND,1.0,1,3,optimal_empty,0,,,,,,,,,,,,,
asia,smoke,either,D_DEGEN,1.0,0,0,not_amenable,3,,,,,,,,,,,,,
asia,smoke,either,A_TRUE,0.5,0,2,ok,1,1,,no_z_member_in_component,2,1,local_up_fast,1,1,exact,1,0.5,0,1
asia,smoke,either,D_RAND,0.5,0,2,ok,1,1,,no_z_member_in_component,2,2,local_up_fast,1,2,exact,2,0.0,1,1
asia,smoke,either,D_RAND,0.5,1,2,optimal_empty,1,,,,,,,,,,,,,
asia,smoke,lung,A_TRUE,1.0,0,3,optimal_empty,0,,,,,,,,,,,,,
asia,smoke,lung,D_RAND,1.0,0,3,optimal_empty,0,,,,,,,,,,,,,
asia,smoke,lung,D_RAND,1.0,1,3,optimal_empty,0,,,,,,,,,,,,,
asia,smoke,lung,D_DEGEN,1.0,0,0,not_amenable,3,,,,,,,,,,,,,
asia,smoke,lung,A_TRUE,0.5,0,2,optimal_empty,1,,,,,,,,,,,,,
asia,smoke,lung,D_RAND,0.5,0,2,optimal_empty,1,,,,,,,,,,,,,
asia,smoke,lung,D_RAND,0.5,1,2,optimal_empty,1,,,,,,,,,,,,,
asia,smoke,xray,A_TRUE,1.0,0,3,ok,0,1,,no_z_member_in_component,3,1,local_up_fast,1,1,exact,1,0.3333,0,1
asia,smoke,xray,D_RAND,1.0,0,3,ok,0,1,,no_z_member_in_component,3,1,local_up_fast,1,1,exact,1,0.3333,0,1
asia,smoke,xray,D_RAND,1.0,1,3,ok,0,1,,no_z_member_in_component,3,1,local_up_fast,1,1,exact,1,0.3333,0,1
asia,smoke,xray,D_DEGEN,1.0,0,0,not_amenable,3,,,,,,,,,,,,,
asia,smoke,xray,A_TRUE,0.5,0,2,ok,1,1,,no_z_member_in_component,2,1,local_up_fast,1,1,exact,1,0.5,0,1
asia,smoke,xray,D_RAND,0.5,0,2,optimal_empty,1,,,,,,,,,,,,,
asia,smoke,xray,D_RAND,0.5,1,2,ok,1,1,,no_z_member_in_component,2,1,local_up_fast,1,1,exact,1,0.5,0,1
asia,tub,asia,A_TRUE,1.0,0,3,optimal_empty,0,,,,,,,,,,,,,
asia,tub,asia,D_RAND,1.0,0,3,optimal_empty,0,,,,,,,,,,,,,
asia,tub,asia,D_RAND,1.0,1,3,optimal_empty,0,,,,,,,,,,,,,
asia,tub,asia,D_DEGEN,1.0,0,0,not_amenable,3,,,,,,,,,,,,,
asia,tub,asia,A_TRUE,0.5,0,2,not_amenable,1,,,,,,,,,,,,,
asia,tub,asia,D_RAND,0.5,0,2,not_amenable,1,,,,,,,,,,,,,
asia,tub,asia,D_RAND,0.5,1,2,not_amenable,1,,,,,,,,,,,,,
barley,dg25,aks_m2,A_TRUE,1.0,0,7,ok,0,6,,no_z_member_in_component,9,1,local_up_fast,1,1,exact,1,0.1429,0,1
barley,dg25,aks_m2,D_RAND,1.0,0,7,ok,0,6,,no_z_member_in_component,9,1,local_up_fast,1,1,exact,1,0.1429,0,1
barley,dg25,aks_m2,D_RAND,1.0,1,7,ok,0,6,,no_z_member_in_component,9,1,local_up_fast,1,1,exact,1,0.1429,2,1
barley,dg25,aks_m2,D_DEGEN,1.0,0,0,not_amenable,9,,,,,,,,,,,,,
barley,dg25,aks_m2,A_TRUE,0.5,0,4,not_amenable,4,,,,,,,,,,,,,
barley,dg25,aks_m2,D_RAND,0.5,0,4,ok,3,6,,no_z_member_in_component,6,2,local_up_fast,1,1,exact,1,0.25,3,1
barley,dg25,aks_m2,D_RAND,0.5,1,4,ok,4,6,,no_z_member_in_component,5,2,local_up_fast,1,1,exact,1,0.25,1,1
barley,dg25,s2225,A_TRUE,1.0,0,7,ok,0,8,,no_z_member_in_component,9,1,local_up_fast,1,1,exact,1,0.1429,0,1
barley,dg25,s2225,D_RAND,1.0,0,7,ok,0,8,,no_z_member_in_component,9,1,local_up_fast,1,1,exact,1,0.1429,0,1
barley,dg25,s2225,D_RAND,1.0,1,7,ok,2,8,,no_z_member_in_component,7,2,local_up_fast,1,2,exact,2,0.0,3,1
barley,dg25,s2225,D_DEGEN,1.0,0,0,not_amenable,9,,,,,,,,,,,,,
barley,dg25,s2225,A_TRUE,0.5,0,4,not_amenable,4,,,,,,,,,,,,,
barley,dg25,s2225,D_RAND,0.5,0,4,ok,3,8,,no_z_member_in_component,6,2,local_up_fast,1,1,exact,1,0.25,3,1
barley,dg25,s2225,D_RAND,0.5,1,4,not_amenable,4,,,,,,,,,,,,,
barley,dgv5980,jordn,A_TRUE,1.0,0,7,optimal_empty,0,,,,,,,,,,,,,
barley,dgv5980,jordn,D_RAND,1.0,0,7,not_amenable,1,,,,,,,,,,,,,
barley,dgv5980,jordn,D_RAND,1.0,1,7,optimal_empty,0,,,,,,,,,,,,,
barley,dgv5980,jordn,D_DEGEN,1.0,0,0,not_amenable,9,,,,,,,,,,,,,
barley,dgv5980,jordn,A_TRUE,0.5,0,4,not_amenable,4,,,,,,,,,,,,,
barley,dgv5980,jordn,D_RAND,0.5,0,4,not_amenable,4,,,,,,,,,,,,,
barley,dgv5980,jordn,D_RAND,0.5,1,4,not_amenable,3,,,,,,,,,,,,,
barley,dgv5980,potnmin,A_TRUE,1.0,0,7,optimal_empty,0,,,,,,,,,,,,,
barley,dgv5980,potnmin,D_RAND,1.0,0,7,optimal_empty,0,,,,,,,,,,,,,
barley,dgv5980,potnmin,D_RAND,1.0,1,7,not_amenable,1,,,,,,,,,,,,,
barley,dgv5980,potnmin,D_DEGEN,1.0,0,0,not_amenable,9,,,,,,,,,,,,,
barley,dgv5980,potnmin,A_TRUE,0.5,0,4,not_amenable,4,,,,,,,,,,,,,
barley,dgv5980,potnmin,D_RAND,0.5,0,4,not_amenable,4,,,,,,,,,,,,,
barley,dgv5980,potnmin,D_RAND,0.5,1,4,not_amenable,3,,,,,,,,,,,,,
barley,frspdag,dg25,A_TRUE,1.0,0,7,optimal_empty,0,,,,,,,,,,,,,
barley,frspdag,dg25,D_RAND,1.0,0,7,optimal_empty,0,,,,,,,,,,,,,
barley,frspdag,dg25,D_RAND,1.0,1,7,optimal_empty,1,,,,,,,,,,,,,
barley,frspdag,dg25,D_DEGEN,1.0,0,0,not_amenable,9,,,,,,,,,,,,,
barley,frspdag,dg25,A_TRUE,0.5,0,4,optimal_empty,4,,,,,,,,,,,,,
barley,frspdag,dg25,D_RAND,0.5,0,4,optimal_empty,3,,,,,,,,,,,,,
barley,frspdag,dg25,D_RAND,0.5,1,4,optimal_empty,3,,,,,,,,,,,,,
barley,frspdag,spndx,A_TRUE,1.0,0,7,ok,0,7,,no_z_member_in_component,9,1,local_up_fast,1,1,exact,1,0.1429,0,1
barley,frspdag,spndx,D_RAND,1.0,0,7,ok,0,7,,no_z_member_in_component,9,1,local_up_fast,1,1,exact,1,0.1429,0,1
barley,frspdag,spndx,D_RAND,1.0,1,7,not_amenable,2,,,,,,,,,,,,,
barley,frspdag,spndx,D_DEGEN,1.0,0,0,not_amenable,9,,,,,,,,,,,,,
barley,frspdag,spndx,A_TRUE,0.5,0,4,ok,4,7,,no_z_member_in_component,5,1,local_up_fast,1,1,exact,1,0.25,0,1
barley,frspdag,spndx,D_RAND,0.5,0,4,ok,3,7,,no_z_member_in_component,6,1,local_up_fast,1,1,exact,1,0.25,1,1
barley,frspdag,spndx,D_RAND,0.5,1,4,not_amenable,3,,,,,,,,,,,,,
barley,jordinf,ngtilg,A_TRUE,1.0,0,7,optimal_empty,0,,,,,,,,,,,,,
barley,jordinf,ngtilg,D_RAND,1.0,0,7,optimal_empty,0,,,,,,,,,,,,,
barley,jordinf,ngtilg,D_RAND,1.0,1,7,optimal_empty,0,,,,,,,,,,,,,
barley,jordinf,ngtilg,D_DEGEN,1.0,0,0,not_amenable,9,,,,,,,,,,,,,
barley,jordinf,ngtilg,A_TRUE,0.5,0,4,optimal_empty,4,,,,,,,,,,,,,
barley,jordinf,ngtilg,D_RAND,0.5,0,4,optimal_empty,4,,,,,,,,,,,,,
barley,jordinf,ngtilg,D_RAND,0.5,1,4,optimal_empty,4,,,,,,,,,,,,,
barley,jordtype,bgbyg,A_TRUE,1.0,0,7,ok,0,1,,no_z_member_in_component,9,1,local_up_fast,1,1,exact,1,0.1429,0,1
barley,jordtype,bgbyg,D_RAND,1.0,0,7,optimal_empty,1,,,,,,,,,,,,,
barley,jordtype,bgbyg,D_RAND,1.0,1,7,optimal_empty,2,,,,,,,,,,,,,
barley,jordtype,bgbyg,D_DEGEN,1.0,0,0,not_amenable,9,,,,,,,,,,,,,
barley,jordtype,bgbyg,A_TRUE,0.5,0,4,not_amenable,4,,,,,,,,,,,,,
barley,jordtype,bgbyg,D_RAND,0.5,0,4,not_amenable,3,,,,,,,,,,,,,
barley,jordtype,bgbyg,D_RAND,0.5,1,4,not_amenable,3,,,,,,,,,,,,,
barley,jordtype,nopt,A_TRUE,1.0,0,7,ok,0,2,,no_z_member_in_component,9,-1,e1_ladder,1,,gt_3,,0.0,0,1
barley,jordtype,nopt,D_RAND,1.0,0,7,ok,0,2,,no_z_member_in_component,9,-1,e1_ladder,1,,gt_3,,0.0,2,1
barley,jordtype,nopt,D_RAND,1.0,1,7,ok,1,2,,no_z_member_in_component,8,-1,e1_ladder,1,,gt_3,,0.0,1,1
barley,jordtype,nopt,D_DEGEN,1.0,0,0,extensions_intractable,9,,,,,,,,,,,,,
barley,jordtype,nopt,A_TRUE,0.5,0,4,ok,4,2,,no_z_member_in_component,5,-1,e1_ladder,1,,gt_3,,0.0,0,1
barley,jordtype,nopt,D_RAND,0.5,0,4,ok,3,2,,no_z_member_in_component,6,-1,e1_ladder,1,,gt_3,,0.0,1,1
barley,jordtype,nopt,D_RAND,0.5,1,4,ok,4,2,,no_z_member_in_component,5,-1,e1_ladder,1,,gt_3,,0.0,1,1
barley,komm,aks_m2,A_TRUE,1.0,0,7,ok,0,10,,no_z_member_in_component,9,1,local_up_fast,1,1,exact,1,0.1429,0,1
barley,komm,aks_m2,D_RAND,1.0,0,7,ok,1,11,,no_z_member_in_component,8,1,local_up_fast,1,1,exact,1,0.1429,3,0
barley,komm,aks_m2,D_RAND,1.0,1,7,ok,1,11,,no_z_member_in_component,8,1,local_up_fast,1,1,exact,1,0.1429,3,0
barley,komm,aks_m2,D_DEGEN,1.0,0,0,not_amenable,9,,,,,,,,,,,,,
barley,komm,aks_m2,A_TRUE,0.5,0,4,ok,4,10,,no_z_member_in_component,5,1,local_up_fast,1,1,exact,1,0.25,0,1
barley,komm,aks_m2,D_RAND,0.5,0,4,ok,3,10,,no_z_member_in_component,6,1,local_up_fast,1,1,exact,1,0.25,2,1
barley,komm,aks_m2,D_RAND,0.5,1,4,ok,4,11,,no_z_member_in_component,5,1,local_up_fast,1,1,exact,1,0.25,1,0
barley,komm,ntilg,A_TRUE,1.0,0,7,ok,0,7,,no_z_member_in_component,9,1,local_up_fast,1,1,exact,1,0.1429,0,1
barley,komm,ntilg,D_RAND,1.0,0,7,ok,0,7,,no_z_member_in_component,9,1,local_up_fast,1,1,exact,1,0.1429,2,1
barley,komm,ntilg,D_RAND,1.0,1,7,ok,1,7,,no_z_member_in_component,8,1,local_up_fast,1,1,exact,1,0.1429,1,1
barley,komm,ntilg,D_DEGEN,1.0,0,0,not_amenable,9,,,,,,,,,,,,,
barley,komm,ntilg,A_TRUE,0.5,0,4,ok,4,7,,no_z_member_in_component,5,1,local_up_fast,1,1,exact,1,0.25,0,1
barley,komm,ntilg,D_RAND,0.5,0,4,ok,3,7,,no_z_member_in_component,6,1,local_up_fast,1,1,exact,1,0.25,2,1
barley,komm,ntilg,D_RAND,0.5,1,4,ok,3,7,,no_z_member_in_component,6,1,local_up_fast,1,1,exact,1,0.25,1,1
barley,nedbarea,komm,A_TRUE,1.0,0,7,optimal_empty,0,,,,,,,,,,,,,
barley,nedbarea,komm,D_RAND,1.0,0,7,optimal_empty,0,,,,,,,,,,,,,
barley,nedbarea,komm,D_RAND,1.0,1,7,optimal_empty,0,,,,,,,,,,,,,
barley,nedbarea,komm,D_DEGEN,1.0,0,0,not_amenable,9,,,,,,,,,,,,,
barley,nedbarea,komm,A_TRUE,0.5,0,4,optimal_empty,4,,,,,,,,,,,,,
barley,nedbarea,komm,D_RAND,0.5,0,4,optimal_empty,4,,,,,,,,,,,,,
barley,nedbarea,komm,D_RAND,0.5,1,4,optimal_empty,3,,,,,,,,,,,,,
barley,nedbarea,slt22,A_TRUE,1.0,0,7,ok,0,13,,no_z_member_in_component,9,1,local_up_fast,1,1,exact,1,0.1429,0,1
barley,nedbarea,slt22,D_RAND,1.0,0,7,ok,1,13,,no_z_member_in_component,8,1,local_up_fast,1,1,exact,1,0.1429,3,1
barley,nedbarea,slt22,D_RAND,1.0,1,7,ok,1,12,,no_z_member_in_component,8,1,local_up_fast,1,1,exact,1,0.1429,3,0
barley,nedbarea,slt22,D_DEGEN,1.0,0,0,not_amenable,9,,,,,,,,,,,,,
barley,nedbarea,slt22,A_TRUE,0.5,0,4,ok,4,13,,no_z_member_in_component,5,1,local_up_fast,1,1,exact,1,0.25,0,1
barley,nedbarea,slt22,D_RAND,0.5,0,4,ok,3,12,,no_z_member_in_component,6,1,local_up_fast,1,1,exact,1,0.25,3,0
barley,nedbarea,slt22,D_RAND,0.5,1,4,ok,3,12,,no_z_member_in_component,6,1,local_up_fast,1,1,exact,1,0.25,2,0
barley,rokap,keraks,A_TRUE,1.0,0,7,ok,0,4,,no_z_member_in_component,9,1,local_up_fast,1,1,exact,1,0.1429,0,1
barley,rokap,keraks,D_RAND,1.0,0,7,ok,1,4,,no_z_member_in_component,8,1,local_up_fast,1,1,exact,1,0.1429,3,1
barley,rokap,keraks,D_RAND,1.0,1,7,ok,1,9,,no_z_member_in_component,8,1,local_up_fast,1,1,exact,1,0.1429,4,0
barley,rokap,keraks,D_DEGEN,1.0,0,0,not_amenable,9,,,,,,,,,,,,,
barley,rokap,keraks,A_TRUE,0.5,0,4,not_amenable,4,,,,,,,,,,,,,
barley,rokap,keraks,D_RAND,0.5,0,4,not_amenable,3,,,,,,,,,,,,,
barley,rokap,keraks,D_RAND,0.5,1,4,not_amenable,3,,,,,,,,,,,,,
barley,rokap,s2225,A_TRUE,1.0,0,7,ok,0,5,,no_z_member_in_component,9,1,local_up_fast,1,1,exact,1,0.1429,0,1
barley,rokap,s2225,D_RAND,1.0,0,7,ok,1,5,,no_z_member_in_component,8,1,local_up_fast,1,1,exact,1,0.1429,3,1
barley,rokap,s2225,D_RAND,1.0,1,7,ok,1,5,,no_z_member_in_component,8,1,local_up_fast,1,1,exact,1,0.1429,2,1
barley,rokap,s2225,D_DEGEN,1.0,0,0,not_amenable,9,,,,,,,,,,,,,
barley,rokap,s2225,A_TRUE,0.5,0,4,not_amenable,4,,,,,,,,,,,,,
barley,rokap,s2225,D_RAND,0.5,0,4,not_amenable,3,,,,,,,,,,,,,
barley,rokap,s2225,D_RAND,0.5,1,4,not_amenable,3,,,,,,,,,,,,,
barley,saatid,jordinf,A_TRUE,1.0,0,7,optimal_empty,0,,,,,,,,,,,,,
barley,saatid,jordinf,D_RAND,1.0,0,7,optimal_empty,1,,,,,,,,,,,,,
barley,saatid,jordinf,D_RAND,1.0,1,7,optimal_empty,1,,,,,,,,,,,,,
barley,saatid,jordinf,D_DEGEN,1.0,0,0,not_amenable,9,,,,,,,,,,,,,
barley,saatid,jordinf,A_TRUE,0.5,0,4,optimal_empty,4,,,,,,,,,,,,,
barley,saatid,jordinf,D_RAND,0.5,0,4,optimal_empty,4,,,,,,,,,,,,,
barley,saatid,jordinf,D_RAND,0.5,1,4,optimal_empty,3,,,,,,,,,,,,,
barley,sort,aks_m2,A_TRUE,1.0,0,7,ok,0,3,,no_z_member_in_component,9,1,local_up_fast,1,1,exact,1,0.1429,0,1
barley,sort,aks_m2,D_RAND,1.0,0,7,optimal_empty,2,,,,,,,,,,,,,
barley,sort,aks_m2,D_RAND,1.0,1,7,ok,0,3,,no_z_member_in_component,9,1,local_up_fast,1,1,exact,1,0.1429,2,1
barley,sort,aks_m2,D_DEGEN,1.0,0,0,not_amenable,9,,,,,,,,,,,,,
barley,sort,aks_m2,A_TRUE,0.5,0,4,not_amenable,4,,,,,,,,,,,,,
barley,sort,aks_m2,D_RAND,0.5,0,4,not_amenable,4,,,,,,,,,,,,,
barley,sort,aks_m2,D_RAND,0.5,1,4,not_amenable,4,,,,,,,,,,,,,
barley,sort,udb,A_TRUE,1.0,0,7,ok,0,4,,no_z_member_in_component,9,1,local_up_fast,1,1,exact,1,0.1429,0,1
barley,sort,udb,D_RAND,1.0,0,7,ok,1,4,,no_z_member_in_component,8,1,local_up_fast,1,1,exact,1,0.1429,2,1
barley,sort,udb,D_RAND,1.0,1,7,ok,1,4,,no_z_member_in_component,8,1,local_up_fast,1,1,exact,1,0.1429,2,1
barley,sort,udb,D_DEGEN,1.0,0,0,not_amenable,9,,,,,,,,,,,,,
barley,sort,udb,A_TRUE,0.5,0,4,not_amenable,4,,,,,,,,,,,,,
barley,sort,udb,D_RAND,0.5,0,4,ok,3,4,,no_z_member_in_component,6,2,local_up_fast,1,1,exact,1,0.25,3,1
barley,sort,udb,D_RAND,0.5,1,4,ok,3,4,,no_z_member_in_component,6,2,local_up_fast,1,1,exact,1,0.25,2,1
barley,sorttkv,tkv,A_TRUE,1.0,0,7,ok,0,3,,no_z_member_in_component,9,-1,e1_ladder,1,,gt_3,,0.0,0,1
barley,sorttkv,tkv,D_RAND,1.0,0,7,ok,0,3,,no_z_member_in_component,9,-1,e1_ladder,1,,gt_3,,0.0,2,1
barley,sorttkv,tkv,D_RAND,1.0,1,7,ok,1,3,,no_z_member_in_component,8,-1,e1_ladder,1,,gt_3,,0.0,3,1
barley,sorttkv,tkv,D_DEGEN,1.0,0,0,extensions_intractable,9,,,,,,,,,,,,,
barley,sorttkv,tkv,A_TRUE,0.5,0,4,ok,4,3,,no_z_member_in_component,5,-1,e1_ladder,1,,gt_3,,0.0,0,1
barley,sorttkv,tkv,D_RAND,0.5,0,4,ok,3,3,,no_z_member_in_component,6,-1,e1_ladder,1,,gt_3,,0.0,2,1
barley,sorttkv,tkv,D_RAND,0.5,1,4,ok,4,3,,no_z_member_in_component,5,-1,e1_ladder,1,,gt_3,,0.0,0,1
barley,srtprot,srtsize,A_TRUE,1.0,0,7,optimal_empty,0,,,,,,,,,,,,,
barley,srtprot,srtsize,D_RAND,1.0,0,7,optimal_empty,2,,,,,,,,,,,,,
barley,srtprot,srtsize,D_RAND,1.0,1,7,optimal_empty,0,,,,,,,,,,,,,
barley,srtprot,srtsize,D_DEGEN,1.0,0,0,not_amenable,9,,,,,,,,,,,,,
barley,srtprot,srtsize,A_TRUE,0.5,0,4,optimal_empty,4,,,,,,,,,,,,,
barley,srtprot,srtsize,D_RAND,0.5,0,4,optimal_empty,4,,,,,,,,,,,,,
barley,srtprot,srtsize,D_RAND,0.5,1,4,optimal_empty,3,,,,,,,,,,,,,
child,Age,BirthAsphyxia,A_TRUE,1.0,0,2,optimal_empty,0,,,,,,,,,,,,,
child,Age,BirthAsphyxia,D_RAND,1.0,0,2,not_amenable,10,,,,,,,,,,,,,
child,Age,BirthAsphyxia,D_RAND,1.0,1,2,not_amenable,10,,,,,,,,,,,,,
child,Age,BirthAsphyxia,D_DEGEN,1.0,0,0,not_amenable,12,,,,,,,,,,,,,
child,Age,BirthAsphyxia,A_TRUE,0.5,0,1,not_amenable,11,,,,,,,,,,,,,
child,Age,BirthAsphyxia,D_RAND,0.5,0,1,not_amenable,11,,,,,,,,,,,,,
child,Age,BirthAsphyxia,D_RAND,0.5,1,1,not_amenable,11,,,,,,,,,,,,,
child,Age,LVH,A_TRUE,1.0,0,2,optimal_empty,0,,,,,,,,,,,,,
child,Age,LVH,D_RAND,1.0,0,2,optimal_empty,0,,,,,,,,,,,,,
child,Age,LVH,D_RAND,1.0,1,2,optimal_empty,0,,,,,,,,,,,,,
child,Age,LVH,D_DEGEN,1.0,0,0,not_amenable,12,,,,,,,,,,,,,
child,Age,LVH,A_TRUE,0.5,0,1,not_amenable,11,,,,,,,,,,,,,
child,Age,LVH,D_RAND,0.5,0,1,not_amenable,11,,,,,,,,,,,,,
child,Age,LVH,D_RAND,0.5,1,1,not_amenable,11,,,,,,,,,,,,,
child,BirthAsphyxia,CardiacMixing,A_TRUE,1.0,0,2,optimal_empty,0,,,,,,,,,,,,,
child,BirthAsphyxia,CardiacMixing,D_RAND,1.0,0,2,extensions_intractable,10,,,,,,,,,,,,,
child,BirthAsphyxia,CardiacMixing,D_RAND,1.0,1,2,optimal_empty,0,,,,,,,,,,,,,
child,BirthAsphyxia,CardiacMixing,D_DEGEN,1.0,0,0,not_amenable,12,,,,,,,,,,,,,
child,BirthAsphyxia,CardiacMixing,A_TRUE,0.5,0,1,not_amenable,11,,,,,,,,,,,,,
child,BirthAsphyxia,CardiacMixing,D_RAND,0.5,0,1,not_amenable,11,,,,,,,,,,,,,
child,BirthAsphyxia,CardiacMixing,D_RAND,0.5,1,1,not_amenable,11,,,,,,,,,,,,,
child,BirthAsphyxia,LungFlow,A_TRUE,1.0,0,2,optimal_empty,0,,,,,,,,,,,,,
child,BirthAsphyxia,LungFlow,D_RAND,1.0,0,2,extensions_intractable,10,,,,,,,,,,,,,
child,BirthAsphyxia,LungFlow,D_RAND,1.0,1,2,optimal_empty,0,,,,,,,,,,,,,
child,BirthAsphyxia,LungFlow,D_DEGEN,1.0,0,0,not_amenable,12,,,,,,,,,,,,,
child,BirthAsphyxia,LungFlow,A_TRUE,0.5,0,1,not_amenable,11,,,,,,,,,,,,,
child,BirthAsphyxia,LungFlow,D_RAND,0.5,0,1,not_amenable,11,,,,,,,,,,,,,
child,BirthAsphyxia,LungFlow,D_RAND,0.5,1,1,not_amenable,11,,,,,,,,,,,,,
child,CO2,DuctFlow,A_TRUE,1.0,0,2,optimal_empty,0,,,,,,,,,,,,,
child,CO2,DuctFlow,D_RAND,1.0,0,2,optimal_empty,0,,,,,,,,,,,,,
child,CO2,DuctFlow,D_RAND,1.0,1,2,not_amenable,10,,,,,,,,,,,,,
child,CO2,DuctFlow,D_DEGEN,1.0,0,0,not_amenable,12,,,,,,,,,,,,,
child,CO2,DuctFlow,A_TRUE,0.5,0,1,not_amenable,11,,,,,,,,,,,,,
child,CO2,DuctFlow,D_RAND,0.5,0,1,not_amenable,11,,,,,,,,,,,,,
child,CO2,DuctFlow,D_RAND,0.5,1,1,not_amenable,11,,,,,,,,,,,,,
child,CO2,Sick,A_TRUE,1.0,0,2,optimal_empty,0,,,,,,,,,,,,,
child,CO2,Sick,D_RAND,1.0,0,2,not_amenable,10,,,,,,,,,,,,,
child,CO2,Sick,D_RAND,1.0,1,2,optimal_empty,0,,,,,,,,,,,,,
child,CO2,Sick,D_DEGEN,1.0,0,0,not_amenable,12,,,,,,,,,,,,,
child,CO2,Sick,A_TRUE,0.5,0,1,not_amenable,11,,,,,,,,,,,,,
child,CO2,Sick,D_RAND,0.5,0,1,not_amenable,11,,,,,,,,,,,,,
child,CO2,Sick,D_RAND,0.5,1,1,not_amenable,11,,,,,,,,,,,,,
child,CO2Report,HypDistrib,A_TRUE,1.0,0,2,optimal_empty,0,,,,,,,,,,,,,
child,CO2Report,HypDistrib,D_RAND,1.0,0,2,optimal_empty,0,,,,,,,,,,,,,
child,CO2Report,HypDistrib,D_RAND,1.0,1,2,not_amenable,10,,,,,,,,,,,,,
child,CO2Report,HypDistrib,D_DEGEN,1.0,0,0,not_amenable,12,,,,,,,,,,,,,
child,CO2Report,HypDistrib,A_TRUE,0.5,0,1,not_amenable,11,,,,,,,,,,,,,
child,CO2Report,HypDistrib,D_RAND,0.5,0,1,not_amenable,11,,,,,,,,,,,,,
child,CO2Report,HypDistrib,D_RAND,0.5,1,1,not_amenable,11,,,,,,,,,,,,,
child,CardiacMixing,BirthAsphyxia,A_TRUE,1.0,0,2,optimal_empty,0,,,,,,,,,,,,,
child,CardiacMixing,BirthAsphyxia,D_RAND,1.0,0,2,optimal_empty,0,,,,,,,,,,,,,
child,CardiacMixing,BirthAsphyxia,D_RAND,1.0,1,2,not_amenable,10,,,,,,,,,,,,,
child,CardiacMixing,BirthAsphyxia,D_DEGEN,1.0,0,0,not_amenable,12,,,,,,,,,,,,,
child,CardiacMixing,BirthAsphyxia,A_TRUE,0.5,0,1,not_amenable,11,,,,,,,,,,,,,
child,CardiacMixing,BirthAsphyxia,D_RAND,0.5,0,1,not_amenable,11,,,,,,,,,,,,,
child,CardiacMixing,BirthAsphyxia,D_RAND,0.5,1,1,not_amenable,11,,,,,,,,,,,,,
child,CardiacMixing,LVHreport,A_TRUE,1.0,0,2,optimal_empty,0,,,,,,,,,,,,,
child,CardiacMixing,LVHreport,D_RAND,1.0,0,2,optimal_empty,0,,,,,,,,,,,,,
child,CardiacMixing,LVHreport,D_RAND,1.0,1,2,optimal_empty,0,,,,,,,,,,,,,
child,CardiacMixing,LVHreport,D_DEGEN,1.0,0,0,not_amenable,12,,,,,,,,,,,,,
child,CardiacMixing,LVHreport,A_TRUE,0.5,0,1,not_amenable,11,,,,,,,,,,,,,
child,CardiacMixing,LVHreport,D_RAND,0.5,0,1,not_amenable,11,,,,,,,,,,,,,
child,CardiacMixing,LVHreport,D_RAND,0.5,1,1,not_amenable,11,,,,,,,,,,,,,
child,Disease,CardiacMixing,A_TRUE,1.0,0,2,optimal_empty,0,,,,,,,,,,,,,
child,Disease,CardiacMixing,D_RAND,1.0,0,2,not_amenable,10,,,,,,,,,,,,,
child,Disease,CardiacMixing,D_RAND,1.0,1,2,not_amenable,10,,,,,,,,,,,,,
child,Disease,CardiacMixing,D_DEGEN,1.0,0,0,not_amenable,12,,,,,,,,,,,,,
child,Disease,CardiacMixing,A_TRUE,0.5,0,1,not_amenable,11,,,,,,,,,,,,,
child,Disease,CardiacMixing,D_RAND,0.5,0,1,not_amenable,11,,,,,,,,,,,,,
child,Disease,CardiacMixing,D_RAND,0.5,1,1,not_amenable,11,,,,,,,,,,,,,
child,Disease,LungParench,A_TRUE,1.0,0,2,optimal_empty,0,,,,,,,,,,,,,
child,Disease,LungParench,D_RAND,1.0,0,2,not_amenable,10,,,,,,,,,,,,,
child,Disease,LungParench,D_RAND,1.0,1,2,optimal_empty,0,,,,,,,,,,,,,
child,Disease,LungParench,D_DEGEN,1.0,0,0,not_amenable,12,,,,,,,,,,,,,
child,Disease,LungParench,A_TRUE,0.5,0,1,not_amenable,11,,,,,,,,,,,,,
child,Disease,LungParench,D_RAND,0.5,0,1,not_amenable,11,,,,,,,,,,,,,
child,Disease,LungParench,D_RAND,0.5,1,1,not_amenable,11,,,,,,,,,,,,,
child,DuctFlow,Grunting,A_TRUE,1.0,0,2,optimal_empty,0,,,,,,,,,,,,,
child,DuctFlow,Grunting,D_RAND,1.0,0,2,optimal_empty,0,,,,,,,,,,,,,
child,DuctFlow,Grunting,D_RAND,1.0,1,2,not_amenable,10,,,,,,,,,,,,,
child,DuctFlow,Grunting,D_DEGEN,1.0,0,0,not_amenable,12,,,,,,,,,,,,,
child,DuctFlow,Grunting,A_TRUE,0.5,0,1,not_amenable,11,,,,,,,,,,,,,
child,DuctFlow,Grunting,D_RAND,0.5,0,1,not_amenable,11,,,,,,,,,,,,,
child,DuctFlow,Grunting,D_RAND,0.5,1,1,not_amenable,11,,,,,,,,,,,,,
child,DuctFlow,XrayReport,A_TRUE,1.0,0,2,optimal_empty,0,,,,,,,,,,,,,
child,DuctFlow,XrayReport,D_RAND,1.0,0,2,not_amenable,10,,,,,,,,,,,,,
child,DuctFlow,XrayReport,D_RAND,1.0,1,2,optimal_empty,0,,,,,,,,,,,,,
child,DuctFlow,XrayReport,D_DEGEN,1.0,0,0,not_amenable,12,,,,,,,,,,,,,
child,DuctFlow,XrayReport,A_TRUE,0.5,0,1,not_amenable,11,,,,,,,,,,,,,
child,DuctFlow,XrayReport,D_RAND,0.5,0,1,not_amenable,11,,,,,,,,,,,,,
child,DuctFlow,XrayReport,D_RAND,0.5,1,1,not_amenable,11,,,,,,,,,,,,,
child,LVH,HypDistrib,A_TRUE,1.0,0,2,optimal_empty,0,,,,,,,,,,,,,
child,LVH,HypDistrib,D_RAND,1.0,0,2,not_amenable,10,,,,,,,,,,,,,
child,LVH,HypDistrib,D_RAND,1.0,1,2,optimal_empty,0,,,,,,,,,,,,,
child,LVH,HypDistrib,D_DEGEN,1.0,0,0,not_amenable,12,,,,,,,,,,,,,
child,LVH,HypDistrib,A_TRUE,0.5,0,1,not_amenable,11,,,,,,,,,,,,,
child,LVH,HypDistrib,D_RAND,0.5,0,1,not_amenable,11,,,,,,,,,,,,,
child,LVH,HypDistrib,D_RAND,0.5,1,1,not_amenable,11,,,,,,,,,,,,,
child,LVHreport,CO2,A_TRUE,1.0,0,2,optimal_empty,0,,,,,,,,,,,,,
child,LVHreport,CO2,D_RAND,1.0,0,2,not_amenable,10,,,,,,,,,,,,,
child,LVHreport,CO2,D_RAND,1.0,1,2,optimal_empty,0,,,,,,,,,,,,,
child,LVHreport,CO2,D_DEGEN,1.0,0,0,not_amenable,12,,,,,,,,,,,,,
child,LVHreport,CO2,A_TRUE,0.5,0,1,not_amenable,11,,,,,,,,,,,,,
child,LVHreport,CO2,D_RAND,0.5,0,1,not_amenable,11,,,,,,,,,,,,,
child,LVHreport,CO2,D_RAND,0.5,1,1,not_amenable,11,,,,,,,,,,,,,
child,LVHreport,LowerBodyO2,A_TRUE,1.0,0,2,optimal_empty,0,,,,,,,,,,,,,
child,LVHreport,LowerBodyO2,D_RAND,1.0,0,2,optimal_empty,0,,,,,,,,,,,,,
child,LVHreport,LowerBodyO2,D_RAND,1.0,1,2,not_amenable,10,,,,,,,,,,,,,
child,LVHreport,LowerBodyO2,D_DEGEN,1.0,0,0,not_amenable,12,,,,,,,,,,,,,
child,LVHreport,LowerBodyO2,A_TRUE,0.5,0,1,not_amenable,11,,,,,,,,,,,,,
child,LVHreport,LowerBodyO2,D_RAND,0.5,0,1,not_amenable,11,,,,,,,,,,,,,
child,LVHreport,LowerBodyO2,D_RAND,0.5,1,1,not_amenable,11,,,,,,,,,,,,,
child,LungFlow,ChestXray,A_TRUE,1.0,0,2,ok,0,1,2,measured,12,2,local_up_fast,1,1,exact,1,0.5,0,1
child,LungFlow,ChestXray,D_RAND,1.0,0,2,not_amenable,10,,,,,,,,,,,,,
child,LungFlow,ChestXray,D_RAND,1.0,1,2,not_amenable,10,,,,,,,,,,,,,
child,LungFlow,ChestXray,D_DEGEN,1.0,0,0,not_amenable,12,,,,,,,,,,,,,
child,LungFlow,ChestXray,A_TRUE,0.5,0,1,not_amenable,11,,,,,,,,,,,,,
child,LungFlow,ChestXray,D_RAND,0.5,0,1,not_amenable,11,,,,,,,,,,,,,
child,LungFlow,ChestXray,D_RAND,0.5,1,1,not_amenable,11,,,,,,,,,,,,,
child,LungFlow,RUQO2,A_TRUE,1.0,0,2,optimal_empty,0,,,,,,,,,,,,,
child,LungFlow,RUQO2,D_RAND,1.0,0,2,not_amenable,10,,,,,,,,,,,,,
child,LungFlow,RUQO2,D_RAND,1.0,1,2,not_amenable,10,,,,,,,,,,,,,
child,LungFlow,RUQO2,D_DEGEN,1.0,0,0,not_amenable,12,,,,,,,,,,,,,
child,LungFlow,RUQO2,A_TRUE,0.5,0,1,not_amenable,11,,,,,,,,,,,,,
child,LungFlow,RUQO2,D_RAND,0.5,0,1,not_amenable,11,,,,,,,,,,,,,
child,LungFlow,RUQO2,D_RAND,0.5,1,1,not_amenable,11,,,,,,,,,,,,,
child,LungParench,Grunting,A_TRUE,1.0,0,2,ok,0,1,2,measured,12,2,local_up_fast,1,1,exact,1,0.5,0,1
child,LungParench,Grunting,D_RAND,1.0,0,2,not_amenable,10,,,,,,,,,,,,,
child,LungParench,Grunting,D_RAND,1.0,1,2,ok,0,1,2,measured,12,2,local_up_fast,1,1,exact,1,0.5,0,1
child,LungParench,Grunting,D_DEGEN,1.0,0,0,not_amenable,12,,,,,,,,,,,,,
child,LungParench,Grunting,A_TRUE,0.5,0,1,not_amenable,11,,,,,,,,,,,,,
child,LungParench,Grunting,D_RAND,0.5,0,1,not_amenable,11,,,,,,,,,,,,,
child,LungParench,Grunting,D_RAND,0.5,1,1,not_amenable,11,,,,,,,,,,,,,
child,Sick,Age,A_TRUE,1.0,0,2,ok,0,1,1,measured,12,1,local_up_fast,1,1,exact,1,1.0,0,1
child,Sick,Age,D_RAND,1.0,0,2,ok,0,1,1,measured,12,1,local_up_fast,1,1,exact,1,1.0,0,1
child,Sick,Age,D_RAND,1.0,1,2,not_amenable,10,,,,,,,,,,,,,
child,Sick,Age,D_DEGEN,1.0,0,0,not_amenable,12,,,,,,,,,,,,,
child,Sick,Age,A_TRUE,0.5,0,1,not_amenable,11,,,,,,,,,,,,,
child,Sick,Age,D_RAND,0.5,0,1,extensions_intractable,11,,,,,,,,,,,,,
child,Sick,Age,D_RAND,0.5,1,1,not_amenable,11,,,,,,,,,,,,,
ecoli70,asnA,aceB,A_TRUE,1.0,0,10,ok,0,1,,no_z_member_in_component,25,1,local_up_fast,1,1,exact,1,0.1,0,1
ecoli70,asnA,aceB,D_RAND,1.0,0,10,optimal_empty,6,,,,,,,,,,,,,
ecoli70,asnA,aceB,D_RAND,1.0,1,10,ok,2,1,,no_z_member_in_component,23,1,local_up_fast,1,1,exact,1,0.1,1,1
ecoli70,asnA,aceB,D_DEGEN,1.0,0,0,not_amenable,25,,,,,,,,,,,,,
ecoli70,asnA,aceB,A_TRUE,0.5,0,5,not_amenable,16,,,,,,,,,,,,,
ecoli70,asnA,aceB,D_RAND,0.5,0,5,not_amenable,15,,,,,,,,,,,,,
ecoli70,asnA,aceB,D_RAND,0.5,1,5,not_amenable,15,,,,,,,,,,,,,
ecoli70,atpG,sucD,A_TRUE,1.0,0,10,optimal_empty,0,,,,,,,,,,,,,
ecoli70,atpG,sucD,D_RAND,1.0,0,10,optimal_empty,3,,,,,,,,,,,,,
ecoli70,atpG,sucD,D_RAND,1.0,1,10,not_amenable,8,,,,,,,,,,,,,
ecoli70,atpG,sucD,D_DEGEN,1.0,0,0,not_amenable,25,,,,,,,,,,,,,
ecoli70,atpG,sucD,A_TRUE,0.5,0,5,not_amenable,16,,,,,,,,,,,,,
ecoli70,atpG,sucD,D_RAND,0.5,0,5,not_amenable,15,,,,,,,,,,,,,
ecoli70,atpG,sucD,D_RAND,0.5,1,5,not_amenable,18,,,,,,,,,,,,,
ecoli70,b1191,yfaD,A_TRUE,1.0,0,10,ok,0,2,,no_z_member_in_component,25,1,local_up_fast,1,1,exact,1,0.1,0,1
ecoli70,b1191,yfaD,D_RAND,1.0,0,10,extensions_intractable,10,,,,,,,,,,,,,
ecoli70,b1191,yfaD,D_RAND,1.0,1,10,ok,1,2,,no_z_member_in_component,24,1,local_up_fast,1,1,exact,1,0.1,3,1
ecoli70,b1191,yfaD,D_DEGEN,1.0,0,0,not_amenable,25,,,,,,,,,,,,,
ecoli70,b1191,yfaD,A_TRUE,0.5,0,5,not_amenable,16,,,,,,,,,,,,,
ecoli70,b1191,yfaD,D_RAND,0.5,0,5,not_amenable,14,,,,,,,,,,,,,
ecoli70,b1191,yfaD,D_RAND,0.5,1,5,not_amenable,17,,,,,,,,,,,,,
ecoli70,cchB,yjbO,A_TRUE,1.0,0,10,optimal_empty,0,,,,,,,,,,,,,
ecoli70,cchB,yjbO,D_RAND,1.0,0,10,optimal_empty,7,,,,,,,,,,,,,
ecoli70,cchB,yjbO,D_RAND,1.0,1,10,not_amenable,6,,,,,,,,,,,,,
ecoli70,cchB,yjbO,D_DEGEN,1.0,0,0,not_amenable,25,,,,,,,,,,,,,
ecoli70,cchB,yjbO,A_TRUE,0.5,0,5,not_amenable,16,,,,,,,,,,,,,
ecoli70,cchB,yjbO,D_RAND,0.5,0,5,not_amenable,15,,,,,,,,,,,,,
ecoli70,cchB,yjbO,D_RAND,0.5,1,5,not_amenable,16,,,,,,,,,,,,,
ecoli70,cspG,hupB,A_TRUE,1.0,0,10,optimal_empty,0,,,,,,,,,,,,,
ecoli70,cspG,hupB,D_RAND,1.0,0,10,optimal_empty,1,,,,,,,,,,,,,
ecoli70,cspG,hupB,D_RAND,1.0,1,10,extensions_intractable,9,,,,,,,,,,,,,
ecoli70,cspG,hupB,D_DEGEN,1.0,0,0,not_amenable,25,,,,,,,,,,,,,
ecoli70,cspG,hupB,A_TRUE,0.5,0,5,extensions_intractable,16,,,,,,,,,,,,,
ecoli70,cspG,hupB,D_RAND,0.5,0,5,extensions_intractable,15,,,,,,,,,,,,,
ecoli70,cspG,hupB,D_RAND,0.5,1,5,extensions_intractable,16,,,,,,,,,,,,,
ecoli70,dnaJ,lacA,A_TRUE,1.0,0,10,optimal_empty,0,,,,,,,,,,,,,
ecoli70,dnaJ,lacA,D_RAND,1.0,0,10,not_amenable,11,,,,,,,,,,,,,
ecoli70,dnaJ,lacA,D_RAND,1.0,1,10,not_amenable,9,,,,,,,,,,,,,
ecoli70,dnaJ,lacA,D_DEGEN,1.0,0,0,not_amenable,25,,,,,,,,,,,,,
ecoli70,dnaJ,lacA,A_TRUE,0.5,0,5,not_amenable,16,,,,,,,,,,,,,
ecoli70,dnaJ,lacA,D_RAND,0.5,0,5,not_amenable,14,,,,,,,,,,,,,
ecoli70,dnaJ,lacA,D_RAND,0.5,1,5,not_amenable,14,,,,,,,,,,,,,
ecoli70,eutG,lacY,A_TRUE,1.0,0,10,ok,0,2,,no_z_member_in_component,25,1,local_up_fast,1,1,exact,1,0.1,0,1
ecoli70,eutG,lacY,D_RAND,1.0,0,10,extensions_intractable,9,,,,,,,,,,,,,
ecoli70,eutG,lacY,D_RAND,1.0,1,10,ok,7,3,,no_z_member_in_component,18,1,local_up_fast,1,1,exact,1,0.1,3,0
ecoli70,eutG,lacY,D_DEGEN,1.0,0,0,not_amenable,25,,,,,,,,,,,,,
ecoli70,eutG,lacY,A_TRUE,0.5,0,5,not_amenable,16,,,,,,,,,,,,,
ecoli70,eutG,lacY,D_RAND,0.5,0,5,not_amenable,16,,,,,,,,,,,,,
ecoli70,eutG,lacY,D_RAND,0.5,1,5,not_amenable,15,,,,,,,,,,,,,
ecoli70,fixC,nuoM,A_TRUE,1.0,0,10,optimal_empty,0,,,,,,,,,,,,,
ecoli70,fixC,nuoM,D_RAND,1.0,0,10,extensions_intractable,9,,,,,,,,,,,,,
ecoli70,fixC,nuoM,D_RAND,1.0,1,10,optimal_empty,6,,,,,,,,,,,,,
ecoli70,fixC,nuoM,D_DEGEN,1.0,0,0,not_amenable,25,,,,,,,,,,,,,
ecoli70,fixC,nuoM,A_TRUE,0.5,0,5,not_amenable,16,,,,,,,,,,,,,
ecoli70,fixC,nuoM,D_RAND,0.5,0,5,not_amenable,16,,,,,,,,,,,,,
ecoli70,fixC,nuoM,D_RAND,0.5,1,5,not_amenable,15,,,,,,,,,,,,,
ecoli70,flgD,sucD,A_TRUE,1.0,0,10,optimal_empty,0,,,,,,,,,,,,,
ecoli70,flgD,sucD,D_RAND,1.0,0,10,not_amenable,10,,,,,,,,,,,,,
ecoli70,flgD,sucD,D_RAND,1.0,1,10,not_amenable,6,,,,,,,,,,,,,
ecoli70,flgD,sucD,D_DEGEN,1.0,0,0,not_amenable,25,,,,,,,,,,,,,
ecoli70,flgD,sucD,A_TRUE,0.5,0,5,not_amenable,16,,,,,,,,,,,,,
ecoli70,flgD,sucD,D_RAND,0.5,0,5,not_amenable,16,,,,,,,,,,,,,
ecoli70,flgD,sucD,D_RAND,0.5,1,5,not_amenable,13,,,,,,,,,,,,,
ecoli70,gltA,tnaA,A_TRUE,1.0,0,10,optimal_empty,0,,,,,,,,,,,,,
ecoli70,gltA,tnaA,D_RAND,1.0,0,10,not_amenable,9,,,,,,,,,,,,,
ecoli70,gltA,tnaA,D_RAND,1.0,1,10,optimal_empty,4,,,,,,,,,,,,,
ecoli70,gltA,tnaA,D_DEGEN,1.0,0,0,not_amenable,25,,,,,,,,,,,,,
ecoli70,gltA,tnaA,A_TRUE,0.5,0,5,not_amenable,16,,,,,,,,,,,,,
ecoli70,gltA,tnaA,D_RAND,0.5,0,5,not_amenable,16,,,,,,,,,,,,,
ecoli70,gltA,tnaA,D_RAND,0.5,1,5,not_amenable,14,,,,,,,,,,,,,
ecoli70,icdA,aceB,A_TRUE,1.0,0,10,optimal_empty,0,,,,,,,,,,,,,
ecoli70,icdA,aceB,D_RAND,1.0,0,10,extensions_intractable,11,,,,,,,,,,,,,
ecoli70,icdA,aceB,D_RAND,1.0,1,10,optimal_empty,0,,,,,,,,,,,,,
ecoli70,icdA,aceB,D_DEGEN,1.0,0,0,extensions_intractable,25,,,,,,,,,,,,,
ecoli70,icdA,aceB,A_TRUE,0.5,0,5,extensions_intractable,16,,,,,,,,,,,,,
ecoli70,icdA,aceB,D_RAND,0.5,0,5,extensions_intractable,16,,,,,,,,,,,,,
ecoli70,icdA,aceB,D_RAND,0.5,1,5,extensions_intractable,16,,,,,,,,,,,,,
ecoli70,lpdA,yfiA,A_TRUE,1.0,0,10,optimal_empty,0,,,,,,,,,,,,,
ecoli70,lpdA,yfiA,D_RAND,1.0,0,10,optimal_empty,3,,,,,,,,,,,,,
ecoli70,lpdA,yfiA,D_RAND,1.0,1,10,optimal_empty,7,,,,,,,,,,,,,
ecoli70,lpdA,yfiA,D_DEGEN,1.0,0,0,not_amenable,25,,,,,,,,,,,,,
ecoli70,lpdA,yfiA,A_TRUE,0.5,0,5,extensions_intractable,16,,,,,,,,,,,,,
ecoli70,lpdA,yfiA,D_RAND,0.5,0,5,not_amenable,16,,,,,,,,,,,,,
ecoli70,lpdA,yfiA,D_RAND,0.5,1,5,extensions_intractable,16,,,,,,,,,,,,,
ecoli70,pspA,folK,A_TRUE,1.0,0,10,optimal_empty,0,,,,,,,,,,,,,
ecoli70,pspA,folK,D_RAND,1.0,0,10,optimal_empty,0,,,,,,,,,,,,,
ecoli70,pspA,folK,D_RAND,1.0,1,10,extensions_intractable,10,,,,,,,,,,,,,
ecoli70,pspA,folK,D_DEGEN,1.0,0,0,not_amenable,25,,,,,,,,,,,,,
ecoli70,pspA,folK,A_TRUE,0.5,0,5,not_amenable,16,,,,,,,,,,,,,
ecoli70,pspA,folK,D_RAND,0.5,0,5,not_amenable,17,,,,,,,,,,,,,
ecoli70,pspA,folK,D_RAND,0.5,1,5,extensions_intractable,16,,,,,,,,,,,,,
ecoli70,pspB,nmpC,A_TRUE,1.0,0,10,ok,0,2,1,measured,25,1,local_up_fast,1,1,exact,1,0.3,0,1
ecoli70,pspB,nmpC,D_RAND,1.0,0,10,optimal_empty,4,,,,,,,,,,,,,
ecoli70,pspB,nmpC,D_RAND,1.0,1,10,optimal_empty,4,,,,,,,,,,,,,
ecoli70,pspB,nmpC,D_DEGEN,1.0,0,0,not_amenable,25,,,,,,,,,,,,,
ecoli70,pspB,nmpC,A_TRUE,0.5,0,5,not_amenable,16,,,,,,,,,,,,,
ecoli70,pspB,nmpC,D_RAND,0.5,0,5,not_amenable,17,,,,,,,,,,,,,
ecoli70,pspB,nmpC,D_RAND,0.5,1,5,extensions_intractable,15,,,,,,,,,,,,,
ecoli70,sucA,tnaA,A_TRUE,1.0,0,10,ok,0,2,,no_z_member_in_component,25,-1,e1_ladder,1,,gt_3,,0.0,0,1
ecoli70,sucA,tnaA,D_RAND,1.0,0,10,extensions_intractable,12,,,,,,,,,,,,,
ecoli70,sucA,tnaA,D_RAND,1.0,1,10,ok,6,2,,no_z_member_in_component,19,-1,e1_ladder,1,,gt_3,,0.0,5,1
ecoli70,sucA,tnaA,D_DEGEN,1.0,0,0,extensions_intractable,25,,,,,,,,,,,,,
ecoli70,sucA,tnaA,A_TRUE,0.5,0,5,extensions_intractable,16,,,,,,,,,,,,,
ecoli70,sucA,tnaA,D_RAND,0.5,0,5,extensions_intractable,16,,,,,,,,,,,,,
ecoli70,sucA,tnaA,D_RAND,0.5,1,5,extensions_intractable,16,,,,,,,,,,,,,
ecoli70,sucD,yaeM,A_TRUE,1.0,0,10,optimal_empty,0,,,,,,,,,,,,,
ecoli70,sucD,yaeM,D_RAND,1.0,0,10,not_amenable,12,,,,,,,,,,,,,
ecoli70,sucD,yaeM,D_RAND,1.0,1,10,not_amenable,9,,,,,,,,,,,,,
ecoli70,sucD,yaeM,D_DEGEN,1.0,0,0,not_amenable,25,,,,,,,,,,,,,
ecoli70,sucD,yaeM,A_TRUE,0.5,0,5,not_amenable,16,,,,,,,,,,,,,
ecoli70,sucD,yaeM,D_RAND,0.5,0,5,not_amenable,16,,,,,,,,,,,,,
ecoli70,sucD,yaeM,D_RAND,0.5,1,5,not_amenable,18,,,,,,,,,,,,,
ecoli70,yedE,b1963,A_TRUE,1.0,0,10,ok,0,1,,no_z_member_in_component,25,-1,e1_ladder,1,,gt_3,,0.0,0,1
ecoli70,yedE,b1963,D_RAND,1.0,0,10,extensions_intractable,9,,,,,,,,,,,,,
ecoli70,yedE,b1963,D_RAND,1.0,1,10,extensions_intractable,11,,,,,,,,,,,,,
ecoli70,yedE,b1963,D_DEGEN,1.0,0,0,extensions_intractable,25,,,,,,,,,,,,,
ecoli70,yedE,b1963,A_TRUE,0.5,0,5,extensions_intractable,16,,,,,,,,,,,,,
ecoli70,yedE,b1963,D_RAND,0.5,0,5,extensions_intractable,16,,,,,,,,,,,,,
ecoli70,yedE,b1963,D_RAND,0.5,1,5,extensions_intractable,15,,,,,,,,,,,,,
ecoli70,yfiA,lacA,A_TRUE,1.0,0,10,optimal_empty,0,,,,,,,,,,,,,
ecoli70,yfiA,lacA,D_RAND,1.0,0,10,optimal_empty,3,,,,,,,,,,,,,
ecoli70,yfiA,lacA,D_RAND,1.0,1,10,optimal_empty,2,,,,,,,,,,,,,
ecoli70,yfiA,lacA,D_DEGEN,1.0,0,0,not_amenable,25,,,,,,,,,,,,,
ecoli70,yfiA,lacA,A_TRUE,0.5,0,5,extensions_intractable,16,,,,,,,,,,,,,
ecoli70,yfiA,lacA,D_RAND,0.5,0,5,extensions_intractable,15,,,,,,,,,,,,,
ecoli70,yfiA,lacA,D_RAND,0.5,1,5,not_amenable,17,,,,,,,,,,,,,
ecoli70,ygbD,mopB,A_TRUE,1.0,0,10,optimal_empty,0,,,,,,,,,,,,,
ecoli70,ygbD,mopB,D_RAND,1.0,0,10,optimal_empty,1,,,,,,,,,,,,,
ecoli70,ygbD,mopB,D_RAND,1.0,1,10,not_amenable,4,,,,,,,,,,,,,
ecoli70,ygbD,mopB,D_DEGEN,1.0,0,0,not_amenable,25,,,,,,,,,,,,,
ecoli70,ygbD,mopB,A_TRUE,0.5,0,5,not_amenable,16,,,,,,,,,,,,,
ecoli70,ygbD,mopB,D_RAND,0.5,0,5,not_amenable,16,,,,,,,,,,,,,
ecoli70,ygbD,mopB,D_RAND,0.5,1,5,not_amenable,16,,,,,,,,,,,,,
ecoli70,yhdM,sucA,A_TRUE,1.0,0,10,optimal_empty,0,,,,,,,,,,,,,
ecoli70,yhdM,sucA,D_RAND,1.0,0,10,not_amenable,11,,,,,,,,,,,,,
ecoli70,yhdM,sucA,D_RAND,1.0,1,10,optimal_empty,0,,,,,,,,,,,,,
ecoli70,yhdM,sucA,D_DEGEN,1.0,0,0,not_amenable,25,,,,,,,,,,,,,
ecoli70,yhdM,sucA,A_TRUE,0.5,0,5,not_amenable,16,,,,,,,,,,,,,
ecoli70,yhdM,sucA,D_RAND,0.5,0,5,not_amenable,18,,,,,,,,,,,,,
ecoli70,yhdM,sucA,D_RAND,0.5,1,5,not_amenable,15,,,,,,,,,,,,,
hailfinder,Date,AMCINInScen,A_TRUE,1.0,0,1,ok,0,1,,no_z_member_in_component,17,1,local_up_fast,1,1,exact,1,1.0,0,1
hailfinder,Date,AMCINInScen,D_RAND,1.0,0,1,extensions_intractable,16,,,,,,,,,,,,,
hailfinder,Date,AMCINInScen,D_RAND,1.0,1,1,ok,0,1,,no_z_member_in_component,17,1,local_up_fast,1,1,exact,1,1.0,0,1
hailfinder,Date,AMCINInScen,D_DEGEN,1.0,0,0,not_amenable,17,,,,,,,,,,,,,
hailfinder,Date,AMCINInScen,A_TRUE,0.5,0,0,not_amenable,17,,,,,,,,,,,,,
hailfinder,Date,AMCINInScen,D_RAND,0.5,0,0,not_amenable,17,,,,,,,,,,,,,
hailfinder,Date,AMCINInScen,D_RAND,0.5,1,0,not_amenable,17,,,,,,,,,,,,,
hailfinder,Date,WindAloft,A_TRUE,1.0,0,1,optimal_empty,0,,,,,,,,,,,,,
hailfinder,Date,WindAloft,D_RAND,1.0,0,1,optimal_empty,0,,,,,,,,,,,,,
hailfinder,Date,WindAloft,D_RAND,1.0,1,1,optimal_empty,0,,,,,,,,,,,,,
hailfinder,Date,WindAloft,D_DEGEN,1.0,0,0,not_amenable,17,,,,,,,,,,,,,
hailfinder,Date,WindAloft,A_TRUE,0.5,0,0,not_amenable,17,,,,,,,,,,,,,
hailfinder,Date,WindAloft,D_RAND,0.5,0,0,not_amenable,17,,,,,,,,,,,,,
hailfinder,Date,WindAloft,D_RAND,0.5,1,0,not_amenable,17,,,,,,,,,,,,,
hailfinder,Dewpoints,SfcWndShfDis,A_TRUE,1.0,0,1,optimal_empty,0,,,,,,,,,,,,,
hailfinder,Dewpoints,SfcWndShfDis,D_RAND,1.0,0,1,optimal_empty,0,,,,,,,,,,,,,
hailfinder,Dewpoints,SfcWndShfDis,D_RAND,1.0,1,1,optimal_empty,0,,,,,,,,,,,,,
hailfinder,Dewpoints,SfcWndShfDis,D_DEGEN,1.0,0,0,not_amenable,17,,,,,,,,,,,,,
hailfinder,Dewpoints,SfcWndShfDis,A_TRUE,0.5,0,0,not_amenable,17,,,,,,,,,,,,,
hailfinder,Dewpoints,SfcWndShfDis,D_RAND,0.5,0,0,not_amenable,17,,,,,,,,,,,,,
hailfinder,Dewpoints,SfcWndShfDis,D_RAND,0.5,1,0,not_amenable,17,,,,,,,,,,,,,
hailfinder,LowLLapse,ScenRelAMIns,A_TRUE,1.0,0,1,optimal_empty,0,,,,,,,,,,,,,
hailfinder,LowLLapse,ScenRelAMIns,D_RAND,1.0,0,1,not_amenable,16,,,,,,,,,,,,,
hailfinder,LowLLapse,ScenRelAMIns,D_RAND,1.0,1,1,optimal_empty,0,,,,,,,,,,,,,
hailfinder,LowLLapse,ScenRelAMIns,D_DEGEN,1.0,0,0,not_amenable,17,,,,,,,,,,,,,
hailfinder,LowLLapse,ScenRelAMIns,A_TRUE,0.5,0,0,not_amenable,17,,,,,,,,,,,,,
hailfinder,LowLLapse,ScenRelAMIns,D_RAND,0.5,0,0,not_amenable,17,,,,,,,,,,,,,
hailfinder,LowLLapse,ScenRelAMIns,D_RAND,0.5,1,0,not_amenable,17,,,,,,,,,,,,,
hailfinder,MeanRH,RHRatio,A_TRUE,1.0,0,1,optimal_empty,0,,,,,,,,,,,,,
hailfinder,MeanRH,RHRatio,D_RAND,1.0,0,1,optimal_empty,0,,,,,,,,,,,,,
hailfinder,MeanRH,RHRatio,D_RAND,1.0,1,1,optimal_empty,0,,,,,,,,,,,,,
hailfinder,MeanRH,RHRatio,D_DEGEN,1.0,0,0,not_amenable,17,,,,,,,,,,,,,
hailfinder,MeanRH,RHRatio,A_TRUE,0.5,0,0,not_amenable,17,,,,,,,,,,,,,
hailfinder,MeanRH,RHRatio,D_RAND,0.5,0,0,not_amenable,17,,,,,,,,,,,,,
hailfinder,MeanRH,RHRatio,D_RAND,0.5,1,0,not_amenable,17,,,,,,,,,,,,,
hailfinder,MidLLapse,N34StarFcst,A_TRUE,1.0,0,1,optimal_empty,0,,,,,,,,,,,,,
hailfinder,MidLLapse,N34StarFcst,D_RAND,1.0,0,1,not_amenable,16,,,,,,,,,,,,,
hailfinder,MidLLapse,N34StarFcst,D_RAND,1.0,1,1,not_amenable,16,,,,,,,,,,,,,
hailfinder,MidLLapse,N34StarFcst,D_DEGEN,1.0,0,0,not_amenable,17,,,,,,,,,,,,,
hailfinder,MidLLapse,N34StarFcst,A_TRUE,0.5,0,0,not_amenable,17,,,,,,,,,,,,,
hailfinder,MidLLapse,N34StarFcst,D_RAND,0.5,0,0,not_amenable,17,,,,,,,,,,,,,
hailfinder,MidLLapse,N34StarFcst,D_RAND,0.5,1,0,not_amenable,17,,,,,,,,,,,,,
hailfinder,MvmtFeatures,LowLLapse,A_TRUE,1.0,0,1,optimal_empty,0,,,,,,,,,,,,,
hailfinder,MvmtFeatures,LowLLapse,D_RAND,1.0,0,1,optimal_empty,0,,,,,,,,,,,,,
hailfinder,MvmtFeatures,LowLLapse,D_RAND,1.0,1,1,not_amenable,16,,,,,,,,,,,,,
hailfinder,MvmtFeatures,LowLLapse,D_DEGEN,1.0,0,0,not_amenable,17,,,,,,,,,,,,,
hailfinder,MvmtFeatures,LowLLapse,A_TRUE,0.5,0,0,not_amenable,17,,,,,,,,,,,,,
hailfinder,MvmtFeatures,LowLLapse,D_RAND,0.5,0,0,not_amenable,17,,,,,,,,,,,,,
hailfinder,MvmtFeatures,LowLLapse,D_RAND,0.5,1,0,not_amenable,17,,,,,,,,,,,,,
hailfinder,RHRatio,Date,A_TRUE,1.0,0,1,optimal_empty,0,,,,,,,,,,,,,
hailfinder,RHRatio,Date,D_RAND,1.0,0,1,optimal_empty,0,,,,,,,,,,,,,
hailfinder,RHRatio,Date,D_RAND,1.0,1,1,not_amenable,16,,,,,,,,,,,,,
hailfinder,RHRatio,Date,D_DEGEN,1.0,0,0,not_amenable,17,,,,,,,,,,,,,
hailfinder,RHRatio,Date,A_TRUE,0.5,0,0,not_amenable,17,,,,,,,,,,,,,
hailfinder,RHRatio,Date,D_RAND,0.5,0,0,not_amenable,17,,,,,,,,,,,,,
hailfinder,RHRatio,Date,D_RAND,0.5,1,0,not_amenable,17,,,,,,,,,,,,,
hailfinder,ScenRel3_4,AMCINInScen,A_TRUE,1.0,0,1,optimal_empty,0,,,,,,,,,,,,,
hailfinder,ScenRel3_4,AMCINInScen,D_RAND,1.0,0,1,not_amenable,16,,,,,,,,,,,,,
hailfinder,ScenRel3_4,AMCINInScen,D_RAND,1.0,1,1,optimal_empty,0,,,,,,,,,,,,,
hailfinder,ScenRel3_4,AMCINInScen,D_DEGEN,1.0,0,0,not_amenable,17,,,,,,,,,,,,,
hailfinder,ScenRel3_4,AMCINInScen,A_TRUE,0.5,0,0,not_amenable,17,,,,,,,,,,,,,
hailfinder,ScenRel3_4,AMCINInScen,D_RAND,0.5,0,0,not_amenable,17,,,,,,,,,,,,,
hailfinder,ScenRel3_4,AMCINInScen,D_RAND,0.5,1,0,not_amenable,17,,,,,,,,,,,,,
hailfinder,ScenRel3_4,WindAloft,A_TRUE,1.0,0,1,optimal_empty,0,,,,,,,,,,,,,
hailfinder,ScenRel3_4,WindAloft,D_RAND,1.0,0,1,optimal_empty,0,,,,,,,,,,,,,
hailfinder,ScenRel3_4,WindAloft,D_RAND,1.0,1,1,optimal_empty,0,,,,,,,,,,,,,
hailfinder,ScenRel3_4,WindAloft,D_DEGEN,1.0,0,0,not_amenable,17,,,,,,,,,,,,,
hailfinder,ScenRel3_4,WindAloft,A_TRUE,0.5,0,0,not_amenable,17,,,,,,,,,,,,,
hailfinder,ScenRel3_4,WindAloft,D_RAND,0.5,0,0,not_amenable,17,,,,,,,,,,,,,
hailfinder,ScenRel3_4,WindAloft,D_RAND,0.5,1,0,not_amenable,17,,,,,,,,,,,,,
hailfinder,ScenRelAMCIN,SfcWndShfDis,A_TRUE,1.0,0,1,optimal_empty,0,,,,,,,,,,,,,
hailfinder,ScenRelAMCIN,SfcWndShfDis,D_RAND,1.0,0,1,not_amenable,16,,,,,,,,,,,,,
hailfinder,ScenRelAMCIN,SfcWndShfDis,D_RAND,1.0,1,1,not_amenable,16,,,,,,,,,,,,,
hailfinder,ScenRelAMCIN,SfcWndShfDis,D_DEGEN,1.0,0,0,not_amenable,17,,,,,,,,,,,,,
hailfinder,ScenRelAMCIN,SfcWndShfDis,A_TRUE,0.5,0,0,not_amenable,17,,,,,,,,,,,,,
hailfinder,ScenRelAMCIN,SfcWndShfDis,D_RAND,0.5,0,0,not_amenable,17,,,,,,,,,,,,,
hailfinder,ScenRelAMCIN,SfcWndShfDis,D_RAND,0.5,1,0,not_amenable,17,,,,,,,,,,,,,
hailfinder,ScenRelAMIns,ScenRelAMCIN,A_TRUE,1.0,0,1,optimal_empty,0,,,,,,,,,,,,,
hailfinder,ScenRelAMIns,ScenRelAMCIN,D_RAND,1.0,0,1,not_amenable,16,,,,,,,,,,,,,
hailfinder,ScenRelAMIns,ScenRelAMCIN,D_RAND,1.0,1,1,optimal_empty,0,,,,,,,,,,,,,
hailfinder,ScenRelAMIns,ScenRelAMCIN,D_DEGEN,1.0,0,0,not_amenable,17,,,,,,,,,,,,,
hailfinder,ScenRelAMIns,ScenRelAMCIN,A_TRUE,0.5,0,0,not_amenable,17,,,,,,,,,,,,,
hailfinder,ScenRelAMIns,ScenRelAMCIN,D_RAND,0.5,0,0,not_amenable,17,,,,,,,,,,,,,
hailfinder,ScenRelAMIns,ScenRelAMCIN,D_RAND,0.5,1,0,not_amenable,17,,,,,,,,,,,,,
hailfinder,Scenario,R5Fcst,A_TRUE,1.0,0,1,ok,0,7,,no_z_member_in_component,17,2,local_up_fast,1,1,exact,1,1.0,0,1
hailfinder,Scenario,R5Fcst,D_RAND,1.0,0,1,not_amenable,16,,,,,,,,,,,,,
hailfinder,Scenario,R5Fcst,D_RAND,1.0,1,1,ok,0,7,,no_z_member_in_component,17,2,local_up_fast,1,1,exact,1,1.0,0,1
hailfinder,Scenario,R5Fcst,D_DEGEN,1.0,0,0,not_amenable,17,,,,,,,,,,,,,
hailfinder,Scenario,R5Fcst,A_TRUE,0.5,0,0,not_amenable,17,,,,,,,,,,,,,
hailfinder,Scenario,R5Fcst,D_RAND,0.5,0,0,not_amenable,17,,,,,,,,,,,,,
hailfinder,Scenario,R5Fcst,D_RAND,0.5,1,0,not_amenable,17,,,,,,,,,,,,,
hailfinder,ScnRelPlFcst,MvmtFeatures,A_TRUE,1.0,0,1,optimal_empty,0,,,,,,,,,,,,,
hailfinder,ScnRelPlFcst,MvmtFeatures,D_RAND,1.0,0,1,optimal_empty,0,,,,,,,,,,,,,
hailfinder,ScnRelPlFcst,MvmtFeatures,D_RAND,1.0,1,1,optimal_empty,0,,,,,,,,,,,,,
hailfinder,ScnRelPlFcst,MvmtFeatures,D_DEGEN,1.0,0,0,not_amenable,17,,,,,,,,,,,,,
hailfinder,ScnRelPlFcst,MvmtFeatures,A_TRUE,0.5,0,0,not_amenable,17,,,,,,,,,,,,,
hailfinder,ScnRelPlFcst,MvmtFeatures,D_RAND,0.5,0,0,not_amenable,17,,,,,,,,,,,,,
hailfinder,ScnRelPlFcst,MvmtFeatures,D_RAND,0.5,1,0,not_amenable,17,,,,,,,,,,,,,
hailfinder,SfcWndShfDis,LowLLapse,A_TRUE,1.0,0,1,optimal_empty,0,,,,,,,,,,,,,
hailfinder,SfcWndShfDis,LowLLapse,D_RAND,1.0,0,1,not_amenable,16,,,,,,,,,,,,,
hailfinder,SfcWndShfDis,LowLLapse,D_RAND,1.0,1,1,optimal_empty,0,,,,,,,,,,,,,
hailfinder,SfcWndShfDis,LowLLapse,D_DEGEN,1.0,0,0,not_amenable,17,,,,,,,,,,,,,
hailfinder,SfcWndShfDis,LowLLapse,A_TRUE,0.5,0,0,not_amenable,17,,,,,,,,,,,,,
hailfinder,SfcWndShfDis,LowLLapse,D_RAND,0.5,0,0,not_amenable,17,,,,,,,,,,,,,
hailfinder,SfcWndShfDis,LowLLapse,D_RAND,0.5,1,0,not_amenable,17,,,,,,,,,,,,,
hailfinder,SynForcng,Date,A_TRUE,1.0,0,1,optimal_empty,0,,,,,,,,,,,,,
hailfinder,SynForcng,Date,D_RAND,1.0,0,1,not_amenable,16,,,,,,,,,,,,,
hailfinder,SynForcng,Date,D_RAND,1.0,1,1,not_amenable,16,,,,,,,,,,,,,
hailfinder,SynForcng,Date,D_DEGEN,1.0,0,0,not_amenable,17,,,,,,,,,,,,,
hailfinder,SynForcng,Date,A_TRUE,0.5,0,0,not_amenable,17,,,,,,,,,,,,,
hailfinder,SynForcng,Date,D_RAND,0.5,0,0,not_amenable,17,,,,,,,,,,,,,
hailfinder,SynForcng,Date,D_RAND,0.5,1,0,not_amenable,17,,,,,,,,,,,,,
hailfinder,TempDis,AMCINInScen,A_TRUE,1.0,0,1,optimal_empty,0,,,,,,,,,,,,,
hailfinder,TempDis,AMCINInScen,D_RAND,1.0,0,1,not_amenable,16,,,,,,,,,,,,,
hailfinder,TempDis,AMCINInScen,D_RAND,1.0,1,1,optimal_empty,0,,,,,,,,,,,,,
hailfinder,TempDis,AMCINInScen,D_DEGEN,1.0,0,0,not_amenable,17,,,,,,,,,,,,,
hailfinder,TempDis,AMCINInScen,A_TRUE,0.5,0,0,not_amenable,17,,,,,,,,,,,,,
hailfinder,TempDis,AMCINInScen,D_RAND,0.5,0,0,not_amenable,17,,,,,,,,,,,,,
hailfinder,TempDis,AMCINInScen,D_RAND,0.5,1,0,not_amenable,17,,,,,,,,,,,,,
hailfinder,TempDis,WindAloft,A_TRUE,1.0,0,1,optimal_empty,0,,,,,,,,,,,,,
hailfinder,TempDis,WindAloft,D_RAND,1.0,0,1,not_amenable,16,,,,,,,,,,,,,
hailfinder,TempDis,WindAloft,D_RAND,1.0,1,1,optimal_empty,0,,,,,,,,,,,,,
hailfinder,TempDis,WindAloft,D_DEGEN,1.0,0,0,not_amenable,17,,,,,,,,,,,,,
hailfinder,TempDis,WindAloft,A_TRUE,0.5,0,0,not_amenable,17,,,,,,,,,,,,,
hailfinder,TempDis,WindAloft,D_RAND,0.5,0,0,not_amenable,17,,,,,,,,,,,,,
hailfinder,TempDis,WindAloft,D_RAND,0.5,1,0,not_amenable,17,,,,,,,,,,,,,
hailfinder,WindAloft,ScnRelPlFcst,A_TRUE,1.0,0,1,optimal_empty,0,,,,,,,,,,,,,
hailfinder,WindAloft,ScnRelPlFcst,D_RAND,1.0,0,1,optimal_empty,0,,,,,,,,,,,,,
hailfinder,WindAloft,ScnRelPlFcst,D_RAND,1.0,1,1,not_amenable,16,,,,,,,,,,,,,
hailfinder,WindAloft,ScnRelPlFcst,D_DEGEN,1.0,0,0,not_amenable,17,,,,,,,,,,,,,
hailfinder,WindAloft,ScnRelPlFcst,A_TRUE,0.5,0,0,not_amenable,17,,,,,,,,,,,,,
hailfinder,WindAloft,ScnRelPlFcst,D_RAND,0.5,0,0,not_amenable,17,,,,,,,,,,,,,
hailfinder,WindAloft,ScnRelPlFcst,D_RAND,0.5,1,0,not_amenable,17,,,,,,,,,,,,,
hailfinder,WindFieldMt,ScenRelAMCIN,A_TRUE,1.0,0,1,optimal_empty,0,,,,,,,,,,,,,
hailfinder,WindFieldMt,ScenRelAMCIN,D_RAND,1.0,0,1,not_amenable,16,,,,,,,,,,,,,
hailfinder,WindFieldMt,ScenRelAMCIN,D_RAND,1.0,1,1,not_amenable,16,,,,,,,,,,,,,
hailfinder,WindFieldMt,ScenRelAMCIN,D_DEGEN,1.0,0,0,not_amenable,17,,,,,,,,,,,,,
hailfinder,WindFieldMt,ScenRelAMCIN,A_TRUE,0.5,0,0,not_amenable,17,,,,,,,,,,,,,
hailfinder,WindFieldMt,ScenRelAMCIN,D_RAND,0.5,0,0,not_amenable,17,,,,,,,,,,,,,
hailfinder,WindFieldMt,ScenRelAMCIN,D_RAND,0.5,1,0,not_amenable,17,,,,,,,,,,,,,
hepar2,RHepatitis,THepatitis,A_TRUE,1.0,0,9,optimal_empty,0,,,,,,,,,,,,,
hepar2,RHepatitis,THepatitis,D_RAND,1.0,0,9,optimal_empty,0,,,,,,,,,,,,,
hepar2,RHepatitis,THepatitis,D_RAND,1.0,1,9,ok,0,1,,no_z_member_in_component,9,1,local_up_fast,1,1,exact,1,0.1111,2,0
hepar2,RHepatitis,THepatitis,D_DEGEN,1.0,0,0,not_amenable,9,,,,,,,,,,,,,
hepar2,RHepatitis,THepatitis,A_TRUE,0.5,0,4,not_amenable,5,,,,,,,,,,,,,
hepar2,RHepatitis,THepatitis,D_RAND,0.5,0,4,not_amenable,3,,,,,,,,,,,,,
hepar2,RHepatitis,THepatitis,D_RAND,0.5,1,4,not_amenable,3,,,,,,,,,,,,,
hepar2,amylase,alcohol,A_TRUE,1.0,0,9,optimal_empty,0,,,,,,,,,,,,,
hepar2,amylase,alcohol,D_RAND,1.0,0,9,optimal_empty,0,,,,,,,,,,,,,
hepar2,amylase,alcohol,D_DEGEN,1.0,0,0,not_amenable,9,,,,,,,,,,,,,
hepar2,amylase,alcohol,A_TRUE,0.5,0,4,optimal_empty,5,,,,,,,,,,,,,
hepar2,amylase,alcohol,D_RAND,0.5,0,4,optimal_empty,5,,,,,,,,,,,,,
hepar2,amylase,alcohol,D_RAND,0.5,1,4,optimal_empty,5,,,,,,,,,,,,,
hepar2,amylase,gallstones,A_TRUE,1.0,0,9,optimal_empty,0,,,,,,,,,,,,,
hepar2,amylase,gallstones,D_RAND,1.0,0,9,optimal_empty,0,,,,,,,,,,,,,
hepar2,amylase,gallstones,D_RAND,1.0,1,9,optimal_empty,0,,,,,,,,,,,,,
hepar2,amylase,gallstones,D_DEGEN,1.0,0,0,not_amenable,9,,,,,,,,,,,,,
hepar2,amylase,gallstones,A_TRUE,0.5,0,4,optimal_empty,5,,,,,,,,,,,,,
hepar2,amylase,gallstones,D_RAND,0.5,0,4,optimal_empty,5,,,,,,,,,,,,,
hepar2,amylase,gallstones,D_RAND,0.5,1,4,optimal_empty,3,,,,,,,,,,,,,
hepar2,amylase,spiders,A_TRUE,1.0,0,9,optimal_empty,0,,,,,,,,,,,,,
hepar2,amylase,spiders,D_RAND,1.0,0,9,optimal_empty,0,,,,,,,,,,,,,
hepar2,amylase,spiders,D_RAND,1.0,1,9,ok,0,4,,no_z_member_in_component,9,1,local_up_fast,1,1,exact,1,0.1111,3,0
hepar2,amylase,spiders,D_DEGEN,1.0,0,0,not_amenable,9,,,,,,,,,,,,,
hepar2,amylase,spiders,A_TRUE,0.5,0,4,optimal_empty,5,,,,,,,,,,,,,
hepar2,amylase,spiders,D_RAND,0.5,0,4,ok,3,4,,no_z_member_in_component,6,1,local_up_fast,1,1,exact,1,0.25,1,0
hepar2,amylase,spiders,D_RAND,0.5,1,4,optimal_empty,3,,,,,,,,,,,,,
hepar2,choledocholithotomy,consciousness,A_TRUE,1.0,0,9,ok,0,5,,no_z_member_in_component,9,-1,e1_ladder,1,,gt_3,,0.0,0,1
hepar2,choledocholithotomy,consciousness,D_DEGEN,1.0,0,0,extensions_intractable,9,,,,,,,,,,,,,
hepar2,choledocholithotomy,consciousness,A_TRUE,0.5,0,4,ok,5,5,,no_z_member_in_component,4,-1,e1_ladder,1,,gt_3,,0.0,0,1
hepar2,choledocholithotomy,consciousness,D_RAND,0.5,0,4,ok,3,5,,no_z_member_in_component,6,-1,e1_ladder,1,,gt_3,,0.0,2,1
hepar2,choledocholithotomy,consciousness,D_RAND,0.5,1,4,ok,3,5,,no_z_member_in_component,6,-1,e1_ladder,1,,gt_3,,0.0,2,1
hepar2,choledocholithotomy,irregular_liver,A_TRUE,1.0,0,9,ok,0,4,,no_z_member_in_component,9,-1,e1_ladder,1,,gt_3,,0.0,0,1
hepar2,choledocholithotomy,irregular_liver,D_RAND,1.0,0,9,ok,0,4,,no_z_member_in_component,9,-1,e1_ladder,1,,gt_3,,0.0,4,1
hepar2,choledocholithotomy,irregular_liver,D_RAND,1.0,1,9,ok,0,4,,no_z_member_in_component,9,-1,e1_ladder,1,,gt_3,,0.0,3,1
hepar2,choledocholithotomy,irregular_liver,D_DEGEN,1.0,0,0,extensions_intractable,9,,,,,,,,,,,,,
hepar2,choledocholithotomy,irregular_liver,A_TRUE,0.5,0,4,ok,5,4,,no_z_member_in_component,4,-1,e1_ladder,1,,gt_3,,0.0,0,1
hepar2,choledocholithotomy,irregular_liver,D_RAND,0.5,0,4,ok,3,4,,no_z_member_in_component,6,-1,e1_ladder,1,,gt_3,,0.0,1,1
hepar2,choledocholithotomy,irregular_liver,D_RAND,0.5,1,4,ok,3,4,,no_z_member_in_component,6,-1,e1_ladder,1,,gt_3,,0.0,1,1
hepar2,diabetes,alcohol,A_TRUE,1.0,0,9,ok,0,2,,no_z_member_in_component,9,1,local_up_fast,1,1,exact,1,0.1111,0,1
hepar2,diabetes,alcohol,D_RAND,1.0,0,9,optimal_empty,0,,,,,,,,,,,,,
hepar2,diabetes,alcohol,D_DEGEN,1.0,0,0,not_amenable,9,,,,,,,,,,,,,
hepar2,diabetes,alcohol,A_TRUE,0.5,0,4,ok,5,2,,no_z_member_in_component,4,1,local_up_fast,1,1,exact,1,0.25,0,1
hepar2,diabetes,alcohol,D_RAND,0.5,0,4,optimal_empty,3,,,,,,,,,,,,,
hepar2,diabetes,alcohol,D_RAND,0.5,1,4,optimal_empty,3,,,,,,,,,,,,,
hepar2,diabetes,itching,A_TRUE,1.0,0,9,ok,0,6,,no_z_member_in_component,9,1,local_up_fast,1,1,exact,1,0.1111,0,1
hepar2,diabetes,itching,D_RAND,1.0,0,9,ok,0,6,,no_z_member_in_component,9,1,local_up_fast,1,1,exact,1,0.1111,2,1
hepar2,diabetes,itching,D_RAND,1.0,1,9,optimal_empty,0,,,,,,,,,,,,,
hepar2,diabetes,itching,D_DEGEN,1.0,0,0,not_amenable,9,,,,,,,,,,,,,
hepar2,diabetes,itching,A_TRUE,0.5,0,4,ok,5,6,,no_z_member_in_component,4,1,local_up_fast,1,1,exact,1,0.25,0,1
hepar2,diabetes,itching,D_RAND,0.5,0,4,ok,5,6,,no_z_member_in_component,4,1,local_up_fast,1,1,exact,1,0.25,0,1
hepar2,diabetes,itching,D_RAND,0.5,1,4,optimal_empty,3,,,,,,,,,,,,,
hepar2,fat,alt,A_TRUE,1.0,0,9,optimal_empty,0,,,,,,,,,,,,,
hepar2,fat,alt,D_RAND,1.0,0,9,ok,0,6,,no_z_member_in_component,9,1,local_up_fast,1,1,exact,1,0.1111,2,0
hepar2,fat,alt,D_RAND,1.0,1,9,optimal_empty,0,,,,,,,,,,,,,
hepar2,fat,alt,D_DEGEN,1.0,0,0,not_amenable,9,,,,,,,,,,,,,
hepar2,fat,alt,A_TRUE,0.5,0,4,optimal_empty,5,,,,,,,,,,,,,
hepar2,fat,alt,D_RAND,0.5,0,4,optimal_empty,5,,,,,,,,,,,,,
hepar2,fat,alt,D_RAND,0.5,1,4,ok,3,6,,no_z_member_in_component,6,1,local_up_fast,1,1,exact,1,0.25,1,0
hepar2,fat,ggtp,A_TRUE,1.0,0,9,optimal_empty,0,,,,,,,,,,,,,
hepar2,fat,ggtp,D_RAND,1.0,0,9,optimal_empty,0,,,,,,,,,,,,,
hepar2,fat,ggtp,D_RAND,1.0,1,9,optimal_empty,0,,,,,,,,,,,,,
hepar2,fat,ggtp,D_DEGEN,1.0,0,0,not_amenable,9,,,,,,,,,,,,,
hepar2,fat,ggtp,A_TRUE,0.5,0,4,optimal_empty,5,,,,,,,,,,,,,
hepar2,fat,ggtp,D_RAND,0.5,0,4,ok,3,8,,no_z_member_in_component,6,1,local_up_fast,1,1,exact,1,0.25,1,0
hepar2,fat,ggtp,D_RAND,0.5,1,4,optimal_empty,3,,,,,,,,,,,,,
hepar2,fat,spleen,A_TRUE,1.0,0,9,optimal_empty,0,,,,,,,,,,,,,
hepar2,fat,spleen,D_RAND,1.0,0,9,optimal_empty,0,,,,,,,,,,,,,
hepar2,fat,spleen,D_RAND,1.0,1,9,optimal_empty,0,,,,,,,,,,,,,
hepar2,fat,spleen,D_DEGEN,1.0,0,0,not_amenable,9,,,,,,,,,,,,,
hepar2,fat,spleen,A_TRUE,0.5,0,4,optimal_empty,5,,,,,,,,,,,,,
hepar2,fat,spleen,D_RAND,0.5,0,4,optimal_empty,3,,,,,,,,,,,,,
hepar2,fat,spleen,D_RAND,0.5,1,4,optimal_empty,3,,,,,,,,,,,,,
hepar2,flatulence,consciousness,A_TRUE,1.0,0,9,optimal_empty,0,,,,,,,,,,,,,
hepar2,flatulence,consciousness,D_RAND,1.0,0,9,optimal_empty,0,,,,,,,,,,,,,
hepar2,flatulence,consciousness,D_RAND,1.0,1,9,optimal_empty,0,,,,,,,,,,,,,
hepar2,flatulence,consciousness,D_DEGEN,1.0,0,0,not_amenable,9,,,,,,,,,,,,,
hepar2,flatulence,consciousness,A_TRUE,0.5,0,4,optimal_empty,5,,,,,,,,,,,,,
hepar2,flatulence,consciousness,D_RAND,0.5,0,4,ok,3,5,,no_z_member_in_component,6,1,local_up_fast,1,1,exact,1,0.25,2,0
hepar2,flatulence,consciousness,D_RAND,0.5,1,4,optimal_empty,5,,,,,,,,,,,,,
hepar2,flatulence,itching,A_TRUE,1.0,0,9,optimal_empty,0,,,,,,,,,,,,,
hepar2,flatulence,itching,D_RAND,1.0,0,9,optimal_empty,0,,,,,,,,,,,,,
hepar2,flatulence,itching,D_RAND,1.0,1,9,optimal_empty,0,,,,,,,,,,,,,
hepar2,flatulence,itching,D_DEGEN,1.0,0,0,not_amenable,9,,,,,,,,,,,,,
hepar2,flatulence,itching,A_TRUE,0.5,0,4,optimal_empty,5,,,,,,,,,,,,,
hepar2,flatulence,itching,D_RAND,0.5,0,4,optimal_empty,3,,,,,,,,,,,,,
hepar2,flatulence,itching,D_RAND,0.5,1,4,optimal_empty,5,,,,,,,,,,,,,
hepar2,gallstones,alt,A_TRUE,1.0,0,9,ok,0,6,,no_z_member_in_component,9,1,local_up_fast,1,1,exact,1,0.1111,0,1
hepar2,gallstones,alt,D_RAND,1.0,0,9,optimal_empty,0,,,,,,,,,,,,,
hepar2,gallstones,alt,D_RAND,1.0,1,9,ok,0,6,,no_z_member_in_component,9,2,local_up_fast,1,2,exact,2,0.0,3,1
hepar2,gallstones,alt,D_DEGEN,1.0,0,0,not_amenable,9,,,,,,,,,,,,,
hepar2,gallstones,alt,A_TRUE,0.5,0,4,not_amenable,5,,,,,,,,,,,,,
hepar2,gallstones,alt,D_RAND,0.5,0,4,ok,3,6,,no_z_member_in_component,6,2,local_up_fast,1,1,exact,1,0.25,2,1
hepar2,gallstones,alt,D_RAND,0.5,1,4,not_amenable,5,,,,,,,,,,,,,
hepar2,gallstones,ggtp,A_TRUE,1.0,0,9,ok,0,8,,no_z_member_in_component,9,1,local_up_fast,1,1,exact,1,0.1111,0,1
hepar2,gallstones,ggtp,D_RAND,1.0,0,9,ok,0,8,,no_z_member_in_component,9,2,local_up_fast,1,2,exact,2,0.0,1,1
hepar2,gallstones,ggtp,D_RAND,1.0,1,9,ok,0,8,,no_z_member_in_component,9,1,local_up_fast,1,1,exact,1,0.1111,3,1
hepar2,gallstones,ggtp,D_DEGEN,1.0,0,0,not_amenable,9,,,,,,,,,,,,,
hepar2,gallstones,ggtp,A_TRUE,0.5,0,4,not_amenable,5,,,,,,,,,,,,,
hepar2,gallstones,ggtp,D_RAND,0.5,0,4,ok,3,8,,no_z_member_in_component,6,2,local_up_fast,1,1,exact,1,0.25,1,1
hepar2,gallstones,ggtp,D_RAND,0.5,1,4,ok,3,8,,no_z_member_in_component,6,2,local_up_fast,1,1,exact,1,0.25,1,1
hepar2,gallstones,spleen,A_TRUE,1.0,0,9,ok,0,6,,no_z_member_in_component,9,1,local_up_fast,1,1,exact,1,0.1111,0,1
hepar2,gallstones,spleen,D_RAND,1.0,0,9,optimal_empty,0,,,,,,,,,,,,,
hepar2,gallstones,spleen,D_RAND,1.0,1,9,optimal_empty,0,,,,,,,,,,,,,
hepar2,gallstones,spleen,D_DEGEN,1.0,0,0,not_amenable,9,,,,,,,,,,,,,
hepar2,gallstones,spleen,A_TRUE,0.5,0,4,not_amenable,5,,,,,,,,,,,,,
hepar2,gallstones,spleen,D_RAND,0.5,0,4,ok,3,6,,no_z_member_in_component,6,2,local_up_fast,1,1,exact,1,0.25,2,1
hepar2,gallstones,spleen,D_RAND,0.5,1,4,ok,3,6,,no_z_member_in_component,6,2,local_up_fast,1,1,exact,1,0.25,2,1
hepar2,hepatotoxic,phosphatase,A_TRUE,1.0,0,9,ok,0,3,,no_z_member_in_component,9,1,local_up_fast,1,1,exact,1,0.1111,0,1
hepar2,hepatotoxic,phosphatase,D_RAND,1.0,0,9,ok,0,3,,no_z_member_in_component,9,1,local_up_fast,1,1,exact,1,0.1111,2,1
hepar2,hepatotoxic,phosphatase,D_RAND,1.0,1,9,ok,0,3,,no_z_member_in_component,9,1,local_up_fast,1,1,exact,1,0.1111,3,1
hepar2,hepatotoxic,phosphatase,D_DEGEN,1.0,0,0,not_amenable,9,,,,,,,,,,,,,
hepar2,hepatotoxic,phosphatase,A_TRUE,0.5,0,4,not_amenable,5,,,,,,,,,,,,,
hepar2,hepatotoxic,phosphatase,D_RAND,0.5,0,4,not_amenable,3,,,,,,,,,,,,,
hepar2,hepatotoxic,phosphatase,D_RAND,0.5,1,4,not_amenable,3,,,,,,,,,,,,,
hepar2,obesity,edema,A_TRUE,1.0,0,9,ok,0,2,,no_z_member_in_component,9,-1,e1_ladder,1,,gt_3,,0.0,0,1
hepar2,obesity,edema,D_RAND,1.0,0,9,ok,0,2,,no_z_member_in_component,9,-1,e1_ladder,1,,gt_3,,0.0,3,1
hepar2,obesity,edema,D_RAND,1.0,1,9,ok,0,2,,no_z_member_in_component,9,-1,e1_ladder,1,,gt_3,,0.0,3,1
hepar2,obesity,edema,D_DEGEN,1.0,0,0,extensions_intractable,9,,,,,,,,,,,,,
hepar2,obesity,edema,A_TRUE,0.5,0,4,ok,5,2,,no_z_member_in_component,4,-1,e1_ladder,1,,gt_3,,0.0,0,1
hepar2,obesity,edema,D_RAND,0.5,0,4,ok,3,2,,no_z_member_in_component,6,-1,e1_ladder,1,,gt_3,,0.0,2,1
hepar2,obesity,edema,D_RAND,0.5,1,4,ok,3,2,,no_z_member_in_component,6,-1,e1_ladder,1,,gt_3,,0.0,1,1
hepar2,obesity,triglycerides,A_TRUE,1.0,0,9,ok,0,1,,no_z_member_in_component,9,-1,e1_ladder,1,,gt_3,,0.0,0,1
hepar2,obesity,triglycerides,D_RAND,1.0,0,9,ok,0,1,,no_z_member_in_component,9,-1,e1_ladder,1,,gt_3,,0.0,5,1
hepar2,obesity,triglycerides,D_RAND,1.0,1,9,ok,0,1,,no_z_member_in_component,9,-1,e1_ladder,1,,gt_3,,0.0,2,1
hepar2,obesity,triglycerides,D_DEGEN,1.0,0,0,extensions_intractable,9,,,,,,,,,,,,,
hepar2,obesity,triglycerides,A_TRUE,0.5,0,4,ok,5,1,,no_z_member_in_component,4,-1,e1_ladder,1,,gt_3,,0.0,0,1
hepar2,obesity,triglycerides,D_RAND,0.5,0,4,ok,5,1,,no_z_member_in_component,4,-1,e1_ladder,1,,gt_3,,0.0,1,1
hepar2,obesity,triglycerides,D_RAND,0.5,1,4,ok,5,1,,no_z_member_in_component,4,-1,e1_ladder,1,,gt_3,,0.0,1,1
hepar2,upper_pain,density,A_TRUE,1.0,0,9,optimal_empty,0,,,,,,,,,,,,,
hepar2,upper_pain,density,D_RAND,1.0,0,9,optimal_empty,0,,,,,,,,,,,,,
hepar2,upper_pain,density,D_RAND,1.0,1,9,optimal_empty,0,,,,,,,,,,,,,
hepar2,upper_pain,density,D_DEGEN,1.0,0,0,not_amenable,9,,,,,,,,,,,,,
hepar2,upper_pain,density,A_TRUE,0.5,0,4,not_amenable,5,,,,,,,,,,,,,
hepar2,upper_pain,density,D_RAND,0.5,0,4,optimal_empty,3,,,,,,,,,,,,,
hepar2,upper_pain,density,D_RAND,0.5,1,4,not_amenable,5,,,,,,,,,,,,,
insurance,Age,Accident,A_TRUE,1.0,0,3,ok,0,1,,no_z_member_in_component,18,1,local_up_fast,1,1,exact,1,1.0,0,1
insurance,Age,Accident,D_RAND,1.0,0,3,ok,0,2,1,measured,18,1,local_up_fast,1,1,exact,1,0.6667,2,0
insurance,Age,Accident,D_RAND,1.0,1,3,ok,0,2,1,measured,18,1,local_up_fast,1,1,exact,1,0.6667,2,0
insurance,Age,Accident,D_DEGEN,1.0,0,0,not_amenable,18,,,,,,,,,,,,,
insurance,Age,Accident,A_TRUE,0.5,0,2,not_amenable,6,,,,,,,,,,,,,
insurance,Age,Accident,D_RAND,0.5,0,2,not_amenable,6,,,,,,,,,,,,,
insurance,Age,Accident,D_RAND,0.5,1,2,not_amenable,6,,,,,,,,,,,,,
insurance,Age,MedCost,A_TRUE,1.0,0,3,ok,0,1,,no_z_member_in_component,18,1,local_up_fast,1,1,exact,1,1.0,0,1
insurance,Age,MedCost,D_RAND,1.0,0,3,not_amenable,5,,,,,,,,,,,,,
insurance,Age,MedCost,D_RAND,1.0,1,3,ok,0,2,1,measured,18,1,local_up_fast,1,1,exact,1,0.6667,2,0
insurance,Age,MedCost,D_DEGEN,1.0,0,0,not_amenable,18,,,,,,,,,,,,,
insurance,Age,MedCost,A_TRUE,0.5,0,2,not_amenable,6,,,,,,,,,,,,,
insurance,Age,MedCost,D_RAND,0.5,0,2,ok,0,2,1,measured,18,1,local_up_fast,1,1,exact,1,1.0,2,0
insurance,Age,MedCost,D_RAND,0.5,1,2,not_amenable,1,,,,,,,,,,,,,
insurance,AntiTheft,Age,A_TRUE,1.0,0,3,optimal_empty,0,,,,,,,,,,,,,
insurance,AntiTheft,Age,D_RAND,1.0,0,3,optimal_empty,1,,,,,,,,,,,,,
insurance,AntiTheft,Age,D_RAND,1.0,1,3,not_amenable,11,,,,,,,,,,,,,
insurance,AntiTheft,Age,D_DEGEN,1.0,0,0,not_amenable,18,,,,,,,,,,,,,
insurance,AntiTheft,Age,A_TRUE,0.5,0,2,optimal_empty,6,,,,,,,,,,,,,
insurance,AntiTheft,Age,D_RAND,0.5,0,2,optimal_empty,6,,,,,,,,,,,,,
insurance,AntiTheft,Age,D_RAND,0.5,1,2,optimal_empty,6,,,,,,,,,,,,,
insurance,AntiTheft,OtherCar,A_TRUE,1.0,0,3,optimal_empty,0,,,,,,,,,,,,,
insurance,AntiTheft,OtherCar,D_RAND,1.0,0,3,optimal_empty,0,,,,,,,,,,,,,
insurance,AntiTheft,OtherCar,D_RAND,1.0,1,3,optimal_empty,5,,,,,,,,,,,,,
insurance,AntiTheft,OtherCar,D_DEGEN,1.0,0,0,not_amenable,18,,,,,,,,,,,,,
insurance,AntiTheft,OtherCar,A_TRUE,0.5,0,2,optimal_empty,6,,,,,,,,,,,,,
insurance,AntiTheft,OtherCar,D_RAND,0.5,0,2,optimal_empty,1,,,,,,,,,,,,,
insurance,AntiTheft,OtherCar,D_RAND,0.5,1,2,optimal_empty,1,,,,,,,,,,,,,
insurance,DrivingSkill,Airbag,A_TRUE,1.0,0,3,optimal_empty,0,,,,,,,,,,,,,
insurance,DrivingSkill,Airbag,D_RAND,1.0,0,3,not_amenable,5,,,,,,,,,,,,,
insurance,DrivingSkill,Airbag,D_RAND,1.0,1,3,optimal_empty,1,,,,,,,,,,,,,
insurance,DrivingSkill,Airbag,D_DEGEN,1.0,0,0,not_amenable,18,,,,,,,,,,,,,
insurance,DrivingSkill,Airbag,A_TRUE,0.5,0,2,not_amenable,6,,,,,,,,,,,,,
insurance,DrivingSkill,Airbag,D_RAND,0.5,0,2,extensions_intractable,12,,,,,,,,,,,,,
insurance,DrivingSkill,Airbag,D_RAND,0.5,1,2,not_amenable,6,,,,,,,,,,,,,
insurance,DrivingSkill,OtherCarCost,A_TRUE,1.0,0,3,ok,0,4,2,measured,18,3,local_up_fast,1,1,exact,1,0.3333,0,1
insurance,DrivingSkill,OtherCarCost,D_RAND,1.0,0,3,extensions_intractable,11,,,,,,,,,,,,,
insurance,DrivingSkill,OtherCarCost,D_RAND,1.0,1,3,extensions_intractable,11,,,,,,,,,,,,,
insurance,DrivingSkill,OtherCarCost,D_DEGEN,1.0,0,0,not_amenable,18,,,,,,,,,,,,,
insurance,DrivingSkill,OtherCarCost,A_TRUE,0.5,0,2,not_amenable,6,,,,,,,,,,,,,
insurance,DrivingSkill,OtherCarCost,D_RAND,0.5,0,2,ok,1,4,2,measured,17,4,e1_ladder,1,1,exact,1,0.5,1,1
insurance,DrivingSkill,OtherCarCost,D_RAND,0.5,1,2,ok,0,4,2,measured,18,6,e1_ladder,1,2,exact,2,0.0,2,1
insurance,GoodStudent,AntiTheft,A_TRUE,1.0,0,3,optimal_empty,0,,,,,,,,,,,,,
insurance,GoodStudent,AntiTheft,D_RAND,1.0,0,3,optimal_empty,0,,,,,,,,,,,,,
insurance,GoodStudent,AntiTheft,D_RAND,1.0,1,3,not_amenable,1,,,,,,,,,,,,,
insurance,GoodStudent,AntiTheft,D_DEGEN,1.0,0,0,not_amenable,18,,,,,,,,,,,,,
insurance,GoodStudent,AntiTheft,A_TRUE,0.5,0,2,optimal_empty,6,,,,,,,,,,,,,
insurance,GoodStudent,AntiTheft,D_RAND,0.5,0,2,not_amenable,12,,,,,,,,,,,,,
insurance,GoodStudent,AntiTheft,D_RAND,0.5,1,2,optimal_empty,0,,,,,,,,,,,,,
insurance,GoodStudent,PropCost,A_TRUE,1.0,0,3,optimal_empty,0,,,,,,,,,,,,,
insurance,GoodStudent,PropCost,D_RAND,1.0,0,3,optimal_empty,0,,,,,,,,,,,,,
insurance,GoodStudent,PropCost,D_RAND,1.0,1,3,not_amenable,1,,,,,,,,,,,,,
insurance,GoodStudent,PropCost,D_DEGEN,1.0,0,0,not_amenable,18,,,,,,,,,,,,,
insurance,GoodStudent,PropCost,A_TRUE,0.5,0,2,optimal_empty,6,,,,,,,,,,,,,
insurance,GoodStudent,PropCost,D_RAND,0.5,0,2,not_amenable,1,,,,,,,,,,,,,
insurance,GoodStudent,PropCost,D_RAND,0.5,1,2,not_amenable,1,,,,,,,,,,,,,
insurance,HomeBase,Antilock,A_TRUE,1.0,0,3,optimal_empty,0,,,,,,,,,,,,,
insurance,HomeBase,Antilock,D_RAND,1.0,0,3,optimal_empty,5,,,,,,,,,,,,,
insurance,HomeBase,Antilock,D_RAND,1.0,1,3,not_amenable,8,,,,,,,,,,,,,
insurance,HomeBase,Antilock,D_DEGEN,1.0,0,0,not_amenable,18,,,,,,,,,,,,,
insurance,HomeBase,Antilock,A_TRUE,0.5,0,2,optimal_empty,6,,,,,,,,,,,,,
insurance,HomeBase,Antilock,D_RAND,0.5,0,2,optimal_empty,6,,,,,,,,,,,,,
insurance,HomeBase,Antilock,D_RAND,0.5,1,2,optimal_empty,1,,,,,,,,,,,,,
insurance,HomeBase,RiskAversion,A_TRUE,1.0,0,3,optimal_empty,0,,,,,,,,,,,,,
insurance,HomeBase,RiskAversion,D_RAND,1.0,0,3,not_amenable,11,,,,,,,,,,,,,
insurance,HomeBase,RiskAversion,D_RAND,1.0,1,3,optimal_empty,0,,,,,,,,,,,,,
insurance,HomeBase,RiskAversion,D_DEGEN,1.0,0,0,not_amenable,18,,,,,,,,,,,,,
insurance,HomeBase,RiskAversion,A_TRUE,0.5,0,2,optimal_empty,6,,,,,,,,,,,,,
insurance,HomeBase,RiskAversion,D_RAND,0.5,0,2,optimal_empty,1,,,,,,,,,,,,,
insurance,HomeBase,RiskAversion,D_RAND,0.5,1,2,optimal_empty,0,,,,,,,,,,,,,
insurance,MakeModel,CarValue,A_TRUE,1.0,0,3,ok,0,2,2,measured,18,3,local_up_fast,1,1,exact,1,0.3333,0,1
insurance,MakeModel,CarValue,D_RAND,1.0,0,3,not_amenable,8,,,,,,,,,,,,,
insurance,MakeModel,CarValue,D_RAND,1.0,1,3,ok,5,2,2,measured,13,2,local_up_fast,1,1,exact,1,0.3333,1,1
insurance,MakeModel,CarValue,D_DEGEN,1.0,0,0,not_amenable,18,,,,,,,,,,,,,
insurance,MakeModel,CarValue,A_TRUE,0.5,0,2,ok,6,2,2,measured,12,2,local_up_fast,1,1,exact,1,0.5,0,1
insurance,MakeModel,CarValue,D_RAND,0.5,0,2,not_amenable,12,,,,,,,,,,,,,
insurance,MakeModel,CarValue,D_RAND,0.5,1,2,not_amenable,12,,,,,,,,,,,,,
insurance,MakeModel,RuggedAuto,A_TRUE,1.0,0,3,ok,0,1,2,measured,18,3,local_up_fast,1,1,exact,1,0.3333,0,1
insurance,MakeModel,RuggedAuto,D_RAND,1.0,0,3,ok,0,1,2,measured,18,3,local_up_fast,1,1,exact,1,0.3333,0,1
insurance,MakeModel,RuggedAuto,D_RAND,1.0,1,3,not_amenable,11,,,,,,,,,,,,,
insurance,MakeModel,RuggedAuto,D_DEGEN,1.0,0,0,not_amenable,18,,,,,,,,,,,,,
insurance,MakeModel,RuggedAuto,A_TRUE,0.5,0,2,ok,6,1,2,measured,12,2,local_up_fast,1,1,exact,1,0.5,0,1
insurance,MakeModel,RuggedAuto,D_RAND,0.5,0,2,ok,6,1,2,measured,12,2,local_up_fast,1,1,exact,1,0.5,0,1
insurance,MakeModel,RuggedAuto,D_RAND,0.5,1,2,ok,6,1,2,measured,12,2,local_up_fast,1,1,exact,1,0.5,0,1
insurance,OtherCar,Cushioning,A_TRUE,1.0,0,3,optimal_empty,0,,,,,,,,,,,,,
insurance,OtherCar,Cushioning,D_RAND,1.0,0,3,optimal_empty,5,,,,,,,,,,,,,
insurance,OtherCar,Cushioning,D_RAND,1.0,1,3,optimal_empty,0,,,,,,,,,,,,,
insurance,OtherCar,Cushioning,D_DEGEN,1.0,0,0,not_amenable,18,,,,,,,,,,,,,
insurance,OtherCar,Cushioning,A_TRUE,0.5,0,2,optimal_empty,6,,,,,,,,,,,,,
insurance,OtherCar,Cushioning,D_RAND,0.5,0,2,optimal_empty,0,,,,,,,,,,,,,
insurance,OtherCar,Cushioning,D_RAND,0.5,1,2,optimal_empty,6,,,,,,,,,,,,,
insurance,OtherCar,SeniorTrain,A_TRUE,1.0,0,3,optimal_empty,0,,,,,,,,,,,,,
insurance,OtherCar,SeniorTrain,D_RAND,1.0,0,3,optimal_empty,5,,,,,,,,,,,,,
insurance,OtherCar,SeniorTrain,D_RAND,1.0,1,3,optimal_empty,5,,,,,,,,,,,,,
insurance,OtherCar,SeniorTrain,D_DEGEN,1.0,0,0,not_amenable,18,,,,,,,,,,,,,
insurance,OtherCar,SeniorTrain,A_TRUE,0.5,0,2,optimal_empty,6,,,,,,,,,,,,,
insurance,OtherCar,SeniorTrain,D_RAND,0.5,0,2,optimal_empty,6,,,,,,,,,,,,,
insurance,OtherCar,SeniorTrain,D_RAND,0.5,1,2,optimal_empty,1,,,,,,,,,,,,,
insurance,RiskAversion,DrivHist,A_TRUE,1.0,0,3,ok,0,1,1,measured,18,2,local_up_fast,1,1,exact,1,0.6667,0,1
insurance,RiskAversion,DrivHist,D_RAND,1.0,0,3,ok,1,1,1,measured,17,3,local_up_fast,1,2,exact,2,0.0,1,1
insurance,RiskAversion,DrivHist,D_RAND,1.0,1,3,not_amenable,5,,,,,,,,,,,,,
insurance,RiskAversion,DrivHist,D_DEGEN,1.0,0,0,not_amenable,18,,,,,,,,,,,,,
insurance,RiskAversion,DrivHist,A_TRUE,0.5,0,2,not_amenable,6,,,,,,,,,,,,,
insurance,RiskAversion,DrivHist,D_RAND,0.5,0,2,ok,1,1,1,measured,17,3,local_up_fast,1,1,exact,1,0.5,1,1
insurance,RiskAversion,DrivHist,D_RAND,0.5,1,2,not_amenable,6,,,,,,,,,,,,,
insurance,RiskAversion,SocioEcon,A_TRUE,1.0,0,3,optimal_empty,0,,,,,,,,,,,,,
insurance,RiskAversion,SocioEcon,D_RAND,1.0,0,3,extensions_intractable,11,,,,,,,,,,,,,
insurance,RiskAversion,SocioEcon,D_RAND,1.0,1,3,not_amenable,8,,,,,,,,,,,,,
insurance,RiskAversion,SocioEcon,D_DEGEN,1.0,0,0,not_amenable,18,,,,,,,,,,,,,
insurance,RiskAversion,SocioEcon,A_TRUE,0.5,0,2,not_amenable,6,,,,,,,,,,,,,
insurance,RiskAversion,SocioEcon,D_RAND,0.5,0,2,optimal_empty,1,,,,,,,,,,,,,
insurance,RiskAversion,SocioEcon,D_RAND,0.5,1,2,optimal_empty,1,,,,,,,,,,,,,
insurance,SeniorTrain,DrivQuality,A_TRUE,1.0,0,3,ok,0,2,1,measured,18,2,local_up_fast,1,1,exact,1,0.3333,0,1
insurance,SeniorTrain,DrivQuality,D_RAND,1.0,0,3,not_amenable,5,,,,,,,,,,,,,
insurance,SeniorTrain,DrivQuality,D_RAND,1.0,1,3,not_amenable,5,,,,,,,,,,,,,
insurance,SeniorTrain,DrivQuality,D_DEGEN,1.0,0,0,not_amenable,18,,,,,,,,,,,,,
insurance,SeniorTrain,DrivQuality,A_TRUE,0.5,0,2,not_amenable,6,,,,,,,,,,,,,
insurance,SeniorTrain,DrivQuality,D_RAND,0.5,0,2,not_amenable,6,,,,,,,,,,,,,
insurance,SeniorTrain,DrivQuality,D_RAND,0.5,1,2,not_amenable,6,,,,,,,,,,,,,
insurance,SeniorTrain,Theft,A_TRUE,1.0,0,3,optimal_empty,0,,,,,,,,,,,,,
insurance,SeniorTrain,Theft,D_RAND,1.0,0,3,not_amenable,5,,,,,,,,,,,,,
insurance,SeniorTrain,Theft,D_RAND,1.0,1,3,extensions_intractable,11,,,,,,,,,,,,,
insurance,SeniorTrain,Theft,D_DEGEN,1.0,0,0,not_amenable,18,,,,,,,,,,,,,
insurance,SeniorTrain,Theft,A_TRUE,0.5,0,2,not_amenable,6,,,,,,,,,,,,,
insurance,SeniorTrain,Theft,D_RAND,0.5,0,2,extensions_intractable,12,,,,,,,,,,,,,
insurance,SeniorTrain,Theft,D_RAND,0.5,1,2,optimal_empty,1,,,,,,,,,,,,,
insurance,SocioEcon,DrivingSkill,A_TRUE,1.0,0,3,ok,0,1,1,measured,18,1,local_up_fast,1,1,exact,1,0.6667,0,1
insurance,SocioEcon,DrivingSkill,D_RAND,1.0,0,3,ok,8,1,1,measured,10,1,local_up_fast,1,1,exact,1,0.6667,2,0
insurance,SocioEcon,DrivingSkill,D_RAND,1.0,1,3,ok,0,1,1,measured,18,1,local_up_fast,1,1,exact,1,0.6667,0,1
insurance,SocioEcon,DrivingSkill,D_DEGEN,1.0,0,0,not_amenable,18,,,,,,,,,,,,,
insurance,SocioEcon,DrivingSkill,A_TRUE,0.5,0,2,not_amenable,6,,,,,,,,,,,,,
insurance,SocioEcon,DrivingSkill,D_RAND,0.5,0,2,ok,1,1,1,measured,17,1,local_up_fast,1,1,exact,1,1.0,1,1
insurance,SocioEcon,DrivingSkill,D_RAND,0.5,1,2,not_amenable,6,,,,,,,,,,,,,
insurance,SocioEcon,ThisCarCost,A_TRUE,1.0,0,3,ok,0,2,1,measured,18,1,local_up_fast,1,1,exact,1,0.6667,0,1
insurance,SocioEcon,ThisCarCost,D_RAND,1.0,0,3,not_amenable,11,,,,,,,,,,,,,
insurance,SocioEcon,ThisCarCost,D_RAND,1.0,1,3,ok,1,2,1,measured,17,1,local_up_fast,1,1,exact,1,0.3333,1,1
insurance,SocioEcon,ThisCarCost,D_DEGEN,1.0,0,0,not_amenable,18,,,,,,,,,,,,,
insurance,SocioEcon,ThisCarCost,A_TRUE,0.5,0,2,not_amenable,6,,,,,,,,,,,,,
insurance,SocioEcon,ThisCarCost,D_RAND,0.5,0,2,ok,1,2,1,measured,17,1,local_up_fast,1,1,exact,1,1.0,1,1
insurance,SocioEcon,ThisCarCost,D_RAND,0.5,1,2,ok,0,2,1,measured,18,1,local_up_fast,1,1,exact,1,1.0,2,0
magic-irri,G1311,CHALK,A_TRUE,1.0,0,10,optimal_empty,0,,,,,,,,,,,,,
magic-irri,G1311,CHALK,D_RAND,1.0,0,10,ok,0,15,,no_z_member_in_component,12,1,local_up_fast,1,1,exact,1,0.1,8,0
magic-irri,G1311,CHALK,D_RAND,1.0,1,10,ok,2,15,,no_z_member_in_component,10,1,local_up_fast,1,1,exact,1,0.1,5,0
magic-irri,G1311,CHALK,D_DEGEN,1.0,0,0,not_amenable,12,,,,,,,,,,,,,
magic-irri,G1311,CHALK,A_TRUE,0.5,0,5,optimal_empty,6,,,,,,,,,,,,,
magic-irri,G1311,CHALK,D_RAND,0.5,0,5,optimal_empty,7,,,,,,,,,,,,,
magic-irri,G1311,CHALK,D_RAND,0.5,1,5,optimal_empty,6,,,,,,,,,,,,,
magic-irri,G1378,SUB,A_TRUE,1.0,0,10,ok,0,4,,no_z_member_in_component,12,1,local_up_fast,1,1,exact,1,0.1,0,1
magic-irri,G1378,SUB,D_RAND,1.0,0,10,ok,0,4,,no_z_member_in_component,12,1,local_up_fast,1,1,exact,1,0.1,2,1
magic-irri,G1378,SUB,D_RAND,1.0,1,10,optimal_empty,2,,,,,,,,,,,,,
magic-irri,G1378,SUB,D_DEGEN,1.0,0,0,not_amenable,12,,,,,,,,,,,,,
magic-irri,G1378,SUB,A_TRUE,0.5,0,5,ok,6,4,,no_z_member_in_component,6,1,local_up_fast,1,1,exact,1,0.2,0,1
magic-irri,G1378,SUB,D_RAND,0.5,0,5,ok,6,4,,no_z_member_in_component,6,1,local_up_fast,1,1,exact,1,0.2,0,1
magic-irri,G1378,SUB,D_RAND,0.5,1,5,ok,7,4,,no_z_member_in_component,5,1,local_up_fast,1,1,exact,1,0.2,2,1
magic-irri,G2670,YLD,A_TRUE,1.0,0,10,ok,0,10,,no_z_member_in_component,12,-1,e1_ladder,1,,gt_3,,0.0,0,1
magic-irri,G2670,YLD,D_RAND,1.0,0,10,ok,1,10,,no_z_member_in_component,11,-1,e1_ladder,1,,gt_3,,0.0,5,1
magic-irri,G2670,YLD,D_RAND,1.0,1,10,ok,2,10,,no_z_member_in_component,10,-1,e1_ladder,1,,gt_3,,0.0,6,1
magic-irri,G2670,YLD,D_DEGEN,1.0,0,0,extensions_intractable,12,,,,,,,,,,,,,
magic-irri,G2670,YLD,A_TRUE,0.5,0,5,ok,6,10,,no_z_member_in_component,6,-1,e1_ladder,1,,gt_3,,0.0,0,1
magic-irri,G2670,YLD,D_RAND,0.5,0,5,ok,6,10,,no_z_member_in_component,6,-1,e1_ladder,1,,gt_3,,0.0,1,1
magic-irri,G2670,YLD,D_RAND,0.5,1,5,ok,7,10,,no_z_member_in_component,5,-1,e1_ladder,1,,gt_3,,0.0,3,1
magic-irri,G3209,G3106,A_TRUE,1.0,0,10,optimal_empty,0,,,,,,,,,,,,,
magic-irri,G3209,G3106,D_RAND,1.0,0,10,optimal_empty,0,,,,,,,,,,,,,
magic-irri,G3209,G3106,D_RAND,1.0,1,10,optimal_empty,1,,,,,,,,,,,,,
magic-irri,G3209,G3106,D_DEGEN,1.0,0,0,extensions_intractable,12,,,,,,,,,,,,,
magic-irri,G3209,G3106,A_TRUE,0.5,0,5,optimal_empty,6,,,,,,,,,,,,,
magic-irri,G3209,G3106,D_RAND,0.5,0,5,optimal_empty,7,,,,,,,,,,,,,
magic-irri,G3209,G3106,D_RAND,0.5,1,5,optimal_empty,7,,,,,,,,,,,,,
magic-irri,G3212,FT,A_TRUE,1.0,0,10,ok,0,7,1,measured,12,2,local_up_fast,1,1,exact,1,0.1,0,1
magic-irri,G3212,FT,D_RAND,1.0,0,10,ok,0,7,1,measured,12,2,local_up_fast,1,1,exact,1,0.1,5,1
magic-irri,G3212,FT,D_RAND,1.0,1,10,ok,0,7,1,measured,12,2,local_up_fast,1,1,exact,1,0.1,3,1
magic-irri,G3212,FT,D_DEGEN,1.0,0,0,not_amenable,12,,,,,,,,,,,,,
magic-irri,G3212,FT,A_TRUE,0.5,0,5,ok,6,7,1,measured,6,2,local_up_fast,1,1,exact,1,0.2,0,1
magic-irri,G3212,FT,D_RAND,0.5,0,5,not_amenable,7,,,,,,,,,,,,,
magic-irri,G3212,FT,D_RAND,0.5,1,5,ok,6,7,1,measured,6,2,local_up_fast,1,1,exact,1,0.2,1,1
magic-irri,G3212,G4145,A_TRUE,1.0,0,10,optimal_empty,0,,,,,,,,,,,,,
magic-irri,G3212,G4145,D_RAND,1.0,0,10,optimal_empty,0,,,,,,,,,,,,,
magic-irri,G3212,G4145,D_RAND,1.0,1,10,optimal_empty,0,,,,,,,,,,,,,
magic-irri,G3212,G4145,D_DEGEN,1.0,0,0,not_amenable,12,,,,,,,,,,,,,
magic-irri,G3212,G4145,A_TRUE,0.5,0,5,optimal_empty,6,,,,,,,,,,,,,
magic-irri,G3212,G4145,D_RAND,0.5,0,5,not_amenable,7,,,,,,,,,,,,,
magic-irri,G3212,G4145,D_RAND,0.5,1,5,not_amenable,7,,,,,,,,,,,,,
magic-irri,G3219,G3102,A_TRUE,1.0,0,10,ok,0,1,,no_z_member_in_component,12,-1,e1_ladder,1,,gt_3,,0.0,0,1
magic-irri,G3219,G3102,D_RAND,1.0,0,10,ok,0,1,,no_z_member_in_component,12,-1,e1_ladder,1,,gt_3,,0.0,2,1
magic-irri,G3219,G3102,D_RAND,1.0,1,10,ok,2,1,,no_z_member_in_component,10,-1,e1_ladder,1,,gt_3,,0.0,5,1
magic-irri,G3219,G3102,D_DEGEN,1.0,0,0,extensions_intractable,12,,,,,,,,,,,,,
magic-irri,G3219,G3102,A_TRUE,0.5,0,5,ok,6,1,,no_z_member_in_component,6,-1,e1_ladder,1,,gt_3,,0.0,0,1
magic-irri,G3219,G3102,D_RAND,0.5,0,5,ok,7,1,,no_z_member_in_component,5,-1,e1_ladder,1,,gt_3,,0.0,3,1
magic-irri,G3219,G3102,D_RAND,0.5,1,5,ok,6,1,,no_z_member_in_component,6,-1,e1_ladder,1,,gt_3,,0.0,3,1
magic-irri,G3219,HT,A_TRUE,1.0,0,10,ok,0,10,1,measured,12,1,local_up_fast,1,1,exact,1,0.1,0,1
magic-irri,G3219,HT,D_RAND,1.0,0,10,ok,0,10,1,measured,12,1,local_up_fast,1,1,exact,1,0.1,6,1
magic-irri,G3219,HT,D_RAND,1.0,1,10,ok,2,10,1,measured,10,1,local_up_fast,1,1,exact,1,0.1,2,1
magic-irri,G3219,HT,D_DEGEN,1.0,0,0,not_amenable,12,,,,,,,,,,,,,
magic-irri,G3219,HT,A_TRUE,0.5,0,5,ok,6,10,1,measured,6,1,local_up_fast,1,1,exact,1,0.2,0,1
magic-irri,G3219,HT,D_RAND,0.5,0,5,ok,7,9,,no_z_member_in_component,5,1,local_up_fast,1,1,exact,1,0.2,4,0
magic-irri,G3219,HT,D_RAND,0.5,1,5,ok,6,10,1,measured,6,1,local_up_fast,1,1,exact,1,0.2,2,1
magic-irri,G3222,G3486,A_TRUE,1.0,0,10,optimal_empty,0,,,,,,,,,,,,,
magic-irri,G3222,G3486,D_RAND,1.0,0,10,optimal_empty,2,,,,,,,,,,,,,
magic-irri,G3222,G3486,D_RAND,1.0,1,10,optimal_empty,2,,,,,,,,,,,,,
magic-irri,G3222,G3486,D_DEGEN,1.0,0,0,not_amenable,12,,,,,,,,,,,,,
magic-irri,G3222,G3486,A_TRUE,0.5,0,5,not_amenable,6,,,,,,,,,,,,,
magic-irri,G3222,G3486,D_RAND,0.5,0,5,not_amenable,6,,,,,,,,,,,,,
magic-irri,G3222,G3486,D_RAND,0.5,1,5,not_amenable,7,,,,,,,,,,,,,
magic-irri,G3823,HT,A_TRUE,1.0,0,10,ok,0,10,,no_z_member_in_component,12,-1,e1_ladder,1,,gt_3,,0.0,0,1
magic-irri,G3823,HT,D_RAND,1.0,0,10,ok,1,10,,no_z_member_in_component,11,-1,e1_ladder,1,,gt_3,,0.0,2,1
magic-irri,G3823,HT,D_RAND,1.0,1,10,ok,0,10,,no_z_member_in_component,12,-1,e1_ladder,1,,gt_3,,0.0,3,1
magic-irri,G3823,HT,D_DEGEN,1.0,0,0,extensions_intractable,12,,,,,,,,,,,,,
magic-irri,G3823,HT,A_TRUE,0.5,0,5,ok,6,10,,no_z_member_in_component,6,-1,e1_ladder,1,,gt_3,,0.0,0,1
magic-irri,G3823,HT,D_RAND,0.5,0,5,ok,7,10,,no_z_member_in_component,5,-1,e1_ladder,1,,gt_3,,0.0,3,1
magic-irri,G3823,HT,D_RAND,0.5,1,5,ok,7,10,,no_z_member_in_component,5,-1,e1_ladder,1,,gt_3,,0.0,3,1
magic-irri,G3925,GTEMP,A_TRUE,1.0,0,10,ok,0,11,,no_z_member_in_component,12,1,local_up_fast,1,1,exact,1,0.1,0,1
magic-irri,G3925,GTEMP,D_RAND,1.0,0,10,ok,1,11,,no_z_member_in_component,11,1,local_up_fast,1,1,exact,1,0.1,3,1
magic-irri,G3925,GTEMP,D_RAND,1.0,1,10,ok,2,11,,no_z_member_in_component,10,1,local_up_fast,1,1,exact,1,0.1,6,1
magic-irri,G3925,GTEMP,D_DEGEN,1.0,0,0,not_amenable,12,,,,,,,,,,,,,
magic-irri,G3925,GTEMP,A_TRUE,0.5,0,5,ok,6,11,,no_z_member_in_component,6,1,local_up_fast,1,1,exact,1,0.2,0,1
magic-irri,G3925,GTEMP,D_RAND,0.5,0,5,ok,6,11,,no_z_member_in_component,6,1,local_up_fast,1,1,exact,1,0.2,3,1
magic-irri,G3925,GTEMP,D_RAND,0.5,1,5,optimal_empty,7,,,,,,,,,,,,,
magic-irri,G4109,G3209,A_TRUE,1.0,0,10,optimal_empty,0,,,,,,,,,,,,,
magic-irri,G4109,G3209,D_RAND,1.0,0,10,ok,0,1,,no_z_member_in_component,12,1,local_up_fast,1,1,exact,1,0.2,7,0
magic-irri,G4109,G3209,D_RAND,1.0,1,10,not_amenable,1,,,,,,,,,,,,,
magic-irri,G4109,G3209,D_DEGEN,1.0,0,0,not_amenable,12,,,,,,,,,,,,,
magic-irri,G4109,G3209,A_TRUE,0.5,0,5,not_amenable,6,,,,,,,,,,,,,
magic-irri,G4109,G3209,D_RAND,0.5,0,5,not_amenable,7,,,,,,,,,,,,,
magic-irri,G4109,G3209,D_RAND,0.5,1,5,not_amenable,6,,,,,,,,,,,,,
magic-irri,G4109,YLD,A_TRUE,1.0,0,10,optimal_empty,0,,,,,,,,,,,,,
magic-irri,G4109,YLD,D_RAND,1.0,0,10,ok,0,21,,no_z_member_in_component,12,1,local_up_fast,1,1,exact,1,0.2,6,0
magic-irri,G4109,YLD,D_RAND,1.0,1,10,not_amenable,1,,,,,,,,,,,,,
magic-irri,G4109,YLD,D_DEGEN,1.0,0,0,not_amenable,12,,,,,,,,,,,,,
magic-irri,G4109,YLD,A_TRUE,0.5,0,5,not_amenable,6,,,,,,,,,,,,,
magic-irri,G4109,YLD,D_RAND,0.5,0,5,not_amenable,6,,,,,,,,,,,,,
magic-irri,G4109,YLD,D_RAND,0.5,1,5,not_amenable,7,,,,,,,,,,,,,
magic-irri,G4145,G3222,A_TRUE,1.0,0,10,ok,0,1,,no_z_member_in_component,12,2,local_up_fast,1,1,exact,1,0.1,0,1
magic-irri,G4145,G3222,D_RAND,1.0,0,10,not_amenable,2,,,,,,,,,,,,,
magic-irri,G4145,G3222,D_RAND,1.0,1,10,ok,0,1,,no_z_member_in_component,12,2,local_up_fast,1,1,exact,1,0.1,5,1
magic-irri,G4145,G3222,D_DEGEN,1.0,0,0,not_amenable,12,,,,,,,,,,,,,
magic-irri,G4145,G3222,A_TRUE,0.5,0,5,ok,6,1,,no_z_member_in_component,6,2,local_up_fast,1,1,exact,1,0.2,0,1
magic-irri,G4145,G3222,D_RAND,0.5,0,5,not_amenable,7,,,,,,,,,,,,,
magic-irri,G4145,G3222,D_RAND,0.5,1,5,not_amenable,7,,,,,,,,,,,,,
magic-irri,G4156,CHALK,A_TRUE,1.0,0,10,ok,0,15,,no_z_member_in_component,12,1,local_up_fast,1,1,exact,1,0.2,0,1
magic-irri,G4156,CHALK,D_RAND,1.0,0,10,not_amenable,1,,,,,,,,,,,,,
magic-irri,G4156,CHALK,D_RAND,1.0,1,10,not_amenable,1,,,,,,,,,,,,,
magic-irri,G4156,CHALK,D_DEGEN,1.0,0,0,not_amenable,12,,,,,,,,,,,,,
magic-irri,G4156,CHALK,A_TRUE,0.5,0,5,not_amenable,6,,,,,,,,,,,,,
magic-irri,G4156,CHALK,D_RAND,0.5,0,5,not_amenable,7,,,,,,,,,,,,,
magic-irri,G4156,CHALK,D_RAND,0.5,1,5,not_amenable,7,,,,,,,,,,,,,
magic-irri,G4156,G3862,A_TRUE,1.0,0,10,ok,0,3,,no_z_member_in_component,12,1,local_up_fast,1,1,exact,1,0.2,0,1
magic-irri,G4156,G3862,D_RAND,1.0,0,10,not_amenable,1,,,,,,,,,,,,,
magic-irri,G4156,G3862,D_RAND,1.0,1,10,optimal_empty,2,,,,,,,,,,,,,
magic-irri,G4156,G3862,D_DEGEN,1.0,0,0,not_amenable,12,,,,,,,,,,,,,
magic-irri,G4156,G3862,A_TRUE,0.5,0,5,not_amenable,6,,,,,,,,,,,,,
magic-irri,G4156,G3862,D_RAND,0.5,0,5,optimal_empty,7,,,,,,,,,,,,,
magic-irri,G4156,G3862,D_RAND,0.5,1,5,not_amenable,6,,,,,,,,,,,,,
magic-irri,G4382,G3098,A_TRUE,1.0,0,10,ok,0,1,,no_z_member_in_component,12,1,local_up_fast,1,1,exact,1,0.1,0,1
magic-irri,G4382,G3098,D_RAND,1.0,0,10,ok,1,1,,no_z_member_in_component,11,1,local_up_fast,1,1,exact,1,0.1,3,1
magic-irri,G4382,G3098,D_RAND,1.0,1,10,ok,0,1,,no_z_member_in_component,12,1,local_up_fast,1,1,exact,1,0.1,3,1
magic-irri,G4382,G3098,D_DEGEN,1.0,0,0,not_amenable,12,,,,,,,,,,,,,
magic-irri,G4382,G3098,A_TRUE,0.5,0,5,ok,6,1,,no_z_member_in_component,6,1,local_up_fast,1,1,exact,1,0.2,0,1
magic-irri,G4382,G3098,D_RAND,0.5,0,5,ok,7,1,,no_z_member_in_component,5,1,local_up_fast,1,1,exact,1,0.2,2,1
magic-irri,G4382,G3098,D_RAND,0.5,1,5,optimal_empty,6,,,,,,,,,,,,,
magic-irri,G4382,GW,A_TRUE,1.0,0,10,ok,0,8,,no_z_member_in_component,12,1,local_up_fast,1,1,exact,1,0.1,0,1
magic-irri,G4382,GW,D_RAND,1.0,0,10,ok,0,8,,no_z_member_in_component,12,1,local_up_fast,1,1,exact,1,0.1,4,1
magic-irri,G4382,GW,D_RAND,1.0,1,10,ok,0,8,,no_z_member_in_component,12,1,local_up_fast,1,1,exact,1,0.1,6,1
magic-irri,G4382,GW,D_DEGEN,1.0,0,0,not_amenable,12,,,,,,,,,,,,,
magic-irri,G4382,GW,A_TRUE,0.5,0,5,ok,6,8,,no_z_member_in_component,6,1,local_up_fast,1,1,exact,1,0.2,0,1
magic-irri,G4382,GW,D_RAND,0.5,0,5,optimal_empty,7,,,,,,,,,,,,,
magic-irri,G4382,GW,D_RAND,0.5,1,5,optimal_empty,7,,,,,,,,,,,,,
magic-irri,G4529,G4573,A_TRUE,1.0,0,10,optimal_empty,0,,,,,,,,,,,,,
magic-irri,G4529,G4573,D_RAND,1.0,0,10,optimal_empty,2,,,,,,,,,,,,,
magic-irri,G4529,G4573,D_RAND,1.0,1,10,optimal_empty,0,,,,,,,,,,,,,
magic-irri,G4529,G4573,D_DEGEN,1.0,0,0,not_amenable,12,,,,,,,,,,,,,
magic-irri,G4529,G4573,A_TRUE,0.5,0,5,not_amenable,6,,,,,,,,,,,,,
magic-irri,G4529,G4573,D_RAND,0.5,0,5,not_amenable,6,,,,,,,,,,,,,
magic-irri,G4529,G4573,D_RAND,0.5,1,5,not_amenable,7,,,,,,,,,,,,,
magic-irri,G457,YLD,A_TRUE,1.0,0,10,optimal_empty,0,,,,,,,,,,,,,
magic-irri,G457,YLD,D_RAND,1.0,0,10,optimal_empty,0,,,,,,,,,,,,,
magic-irri,G457,YLD,D_RAND,1.0,1,10,optimal_empty,2,,,,,,,,,,,,,
magic-irri,G457,YLD,D_DEGEN,1.0,0,0,not_amenable,12,,,,,,,,,,,,,
magic-irri,G457,YLD,A_TRUE,0.5,0,5,not_amenable,6,,,,,,,,,,,,,
magic-irri,G457,YLD,D_RAND,0.5,0,5,not_amenable,7,,,,,,,,,,,,,
magic-irri,G457,YLD,D_RAND,0.5,1,5,not_amenable,6,,,,,,,,,,,,,
magic-niab,G1217,FT,A_TRUE,1.0,0,8,ok,0,8,,no_z_member_in_component,10,1,local_up_fast,1,1,exact,1,0.125,0,1
magic-niab,G1217,FT,D_RAND,1.0,0,8,ok,1,8,,no_z_member_in_component,9,1,local_up_fast,1,1,exact,1,0.125,4,1
magic-niab,G1217,FT,D_RAND,1.0,1,8,ok,0,8,,no_z_member_in_component,10,1,local_up_fast,1,1,exact,1,0.125,2,1
magic-niab,G1217,FT,D_DEGEN,1.0,0,0,not_amenable,10,,,,,,,,,,,,,
magic-niab,G1217,FT,A_TRUE,0.5,0,4,ok,4,8,,no_z_member_in_component,6,1,local_up_fast,1,1,exact,1,0.25,0,1
magic-niab,G1217,FT,D_RAND,0.5,0,4,ok,6,9,1,measured,4,1,local_up_fast,1,1,exact,1,0.25,2,0
magic-niab,G1217,FT,D_RAND,0.5,1,4,ok,4,8,,no_z_member_in_component,6,1,local_up_fast,1,1,exact,1,0.25,1,1
magic-niab,G1217,YLD,A_TRUE,1.0,0,8,ok,0,22,,no_z_member_in_component,10,1,local_up_fast,1,1,exact,1,0.125,0,1
magic-niab,G1217,YLD,D_RAND,1.0,0,8,ok,2,24,1,measured,8,1,local_up_fast,1,1,exact,1,0.125,5,0
magic-niab,G1217,YLD,D_RAND,1.0,1,8,ok,0,22,,no_z_member_in_component,10,1,local_up_fast,1,1,exact,1,0.125,4,1
magic-niab,G1217,YLD,D_DEGEN,1.0,0,0,not_amenable,10,,,,,,,,,,,,,
magic-niab,G1217,YLD,A_TRUE,0.5,0,4,ok,4,22,,no_z_member_in_component,6,1,local_up_fast,1,1,exact,1,0.25,0,1
magic-niab,G1217,YLD,D_RAND,0.5,0,4,ok,4,24,1,measured,6,1,local_up_fast,1,1,exact,1,0.25,2,0
magic-niab,G1217,YLD,D_RAND,0.5,1,4,ok,4,24,1,measured,6,1,local_up_fast,1,1,exact,1,0.25,2,0
magic-niab,G1276,G1789,A_TRUE,1.0,0,8,ok,0,1,,no_z_member_in_component,10,-1,e1_ladder,1,,gt_3,,0.0,0,1
magic-niab,G1276,G1789,D_RAND,1.0,0,8,ok,2,1,,no_z_member_in_component,8,-1,e1_ladder,1,,gt_3,,0.0,4,1
magic-niab,G1276,G1789,D_RAND,1.0,1,8,ok,1,1,,no_z_member_in_component,9,-1,e1_ladder,1,,gt_3,,0.0,4,1
magic-niab,G1276,G1789,D_DEGEN,1.0,0,0,extensions_intractable,10,,,,,,,,,,,,,
magic-niab,G1276,G1789,A_TRUE,0.5,0,4,ok,4,1,,no_z_member_in_component,6,-1,e1_ladder,1,,gt_3,,0.0,0,1
magic-niab,G1276,G1789,D_RAND,0.5,0,4,ok,4,1,,no_z_member_in_component,6,-1,e1_ladder,1,,gt_3,,0.0,3,1
magic-niab,G1276,G1789,D_RAND,0.5,1,4,ok,4,1,,no_z_member_in_component,6,-1,e1_ladder,1,,gt_3,,0.0,0,1
magic-niab,G1276,YR.FIELD,A_TRUE,1.0,0,8,ok,0,14,1,measured,10,1,local_up_fast,1,1,exact,1,0.125,0,1
magic-niab,G1276,YR.FIELD,D_RAND,1.0,0,8,ok,2,13,,no_z_member_in_component,8,1,local_up_fast,1,1,exact,1,0.125,4,0
magic-niab,G1276,YR.FIELD,D_RAND,1.0,1,8,ok,0,14,1,measured,10,1,local_up_fast,1,1,exact,1,0.125,2,1
magic-niab,G1276,YR.FIELD,D_DEGEN,1.0,0,0,not_amenable,10,,,,,,,,,,,,,
magic-niab,G1276,YR.FIELD,A_TRUE,0.5,0,4,ok,4,14,1,measured,6,1,local_up_fast,1,1,exact,1,0.25,0,1
magic-niab,G1276,YR.FIELD,D_RAND,0.5,0,4,ok,4,14,1,measured,6,1,local_up_fast,1,1,exact,1,0.25,2,1
magic-niab,G1276,YR.FIELD,D_RAND,0.5,1,4,ok,4,14,1,measured,6,1,local_up_fast,1,1,exact,1,0.25,2,1
magic-niab,G1294,G418,A_TRUE,1.0,0,8,optimal_empty,0,,,,,,,,,,,,,
magic-niab,G1294,G418,D_RAND,1.0,0,8,optimal_empty,2,,,,,,,,,,,,,
magic-niab,G1294,G418,D_RAND,1.0,1,8,optimal_empty,2,,,,,,,,,,,,,
magic-niab,G1294,G418,D_DEGEN,1.0,0,0,not_amenable,10,,,,,,,,,,,,,
magic-niab,G1294,G418,A_TRUE,0.5,0,4,optimal_empty,4,,,,,,,,,,,,,
magic-niab,G1294,G418,D_RAND,0.5,0,4,optimal_empty,3,,,,,,,,,,,,,
magic-niab,G1294,G418,D_RAND,0.5,1,4,optimal_empty,4,,,,,,,,,,,,,
magic-niab,G1373,G1750,A_TRUE,1.0,0,8,optimal_empty,0,,,,,,,,,,,,,
magic-niab,G1373,G1750,D_RAND,1.0,0,8,optimal_empty,0,,,,,,,,,,,,,
magic-niab,G1373,G1750,D_RAND,1.0,1,8,optimal_empty,0,,,,,,,,,,,,,
magic-niab,G1373,G1750,D_DEGEN,1.0,0,0,not_amenable,10,,,,,,,,,,,,,
magic-niab,G1373,G1750,A_TRUE,0.5,0,4,not_amenable,4,,,,,,,,,,,,,
magic-niab,G1373,G1750,D_RAND,0.5,0,4,not_amenable,6,,,,,,,,,,,,,
magic-niab,G1373,G1750,D_RAND,0.5,1,4,not_amenable,4,,,,,,,,,,,,,
magic-niab,G1750,YLD,A_TRUE,1.0,0,8,ok,0,13,,no_z_member_in_component,10,-1,e1_ladder,1,,gt_3,,0.0,0,1
magic-niab,G1750,YLD,D_RAND,1.0,0,8,ok,1,13,,no_z_member_in_component,9,-1,e1_ladder,1,,gt_3,,0.0,4,1
magic-niab,G1750,YLD,D_RAND,1.0,1,8,ok,1,13,,no_z_member_in_component,9,-1,e1_ladder,1,,gt_3,,0.0,3,1
magic-niab,G1750,YLD,D_DEGEN,1.0,0,0,extensions_intractable,10,,,,,,,,,,,,,
magic-niab,G1750,YLD,A_TRUE,0.5,0,4,ok,4,13,,no_z_member_in_component,6,-1,e1_ladder,1,,gt_3,,0.0,0,1
magic-niab,G1750,YLD,D_RAND,0.5,0,4,ok,6,13,,no_z_member_in_component,4,-1,e1_ladder,1,,gt_3,,0.0,3,1
magic-niab,G1750,YLD,D_RAND,0.5,1,4,ok,4,13,,no_z_member_in_component,6,-1,e1_ladder,1,,gt_3,,0.0,2,1
magic-niab,G1853,G43,A_TRUE,1.0,0,8,optimal_empty,0,,,,,,,,,,,,,
magic-niab,G1853,G43,D_RAND,1.0,0,8,optimal_empty,0,,,,,,,,,,,,,
magic-niab,G1853,G43,D_RAND,1.0,1,8,optimal_empty,2,,,,,,,,,,,,,
magic-niab,G1853,G43,D_DEGEN,1.0,0,0,not_amenable,10,,,,,,,,,,,,,
magic-niab,G1853,G43,A_TRUE,0.5,0,4,optimal_empty,4,,,,,,,,,,,,,
magic-niab,G1853,G43,D_RAND,0.5,0,4,optimal_empty,5,,,,,,,,,,,,,
magic-niab,G1853,G43,D_RAND,0.5,1,4,optimal_empty,4,,,,,,,,,,,,,
magic-niab,G1896,FUS,A_TRUE,1.0,0,8,ok,0,9,1,measured,10,1,local_up_fast,1,1,exact,1,0.125,0,1
magic-niab,G1896,FUS,D_RAND,1.0,0,8,ok,1,8,,no_z_member_in_component,9,1,local_up_fast,1,1,exact,1,0.125,3,0
magic-niab,G1896,FUS,D_RAND,1.0,1,8,ok,2,9,1,measured,8,1,local_up_fast,1,1,exact,1,0.125,3,1
magic-niab,G1896,FUS,D_DEGEN,1.0,0,0,not_amenable,10,,,,,,,,,,,,,
magic-niab,G1896,FUS,A_TRUE,0.5,0,4,not_amenable,4,,,,,,,,,,,,,
magic-niab,G1896,FUS,D_RAND,0.5,0,4,not_amenable,4,,,,,,,,,,,,,
magic-niab,G1896,FUS,D_RAND,0.5,1,4,not_amenable,5,,,,,,,,,,,,,
magic-niab,G1896,YR.FIELD,A_TRUE,1.0,0,8,optimal_empty,0,,,,,,,,,,,,,
magic-niab,G1896,YR.FIELD,D_RAND,1.0,0,8,ok,0,16,,no_z_member_in_component,10,1,local_up_fast,1,1,exact,1,0.125,4,0
magic-niab,G1896,YR.FIELD,D_RAND,1.0,1,8,optimal_empty,2,,,,,,,,,,,,,
magic-niab,G1896,YR.FIELD,D_DEGEN,1.0,0,0,not_amenable,10,,,,,,,,,,,,,
magic-niab,G1896,YR.FIELD,A_TRUE,0.5,0,4,not_amenable,4,,,,,,,,,,,,,
magic-niab,G1896,YR.FIELD,D_RAND,0.5,0,4,not_amenable,5,,,,,,,,,,,,,
magic-niab,G1896,YR.FIELD,D_RAND,0.5,1,4,not_amenable,5,,,,,,,,,,,,,
magic-niab,G2208,MIL,A_TRUE,1.0,0,8,ok,0,4,2,measured,10,2,local_up_fast,1,1,exact,1,0.125,0,1
magic-niab,G2208,MIL,D_RAND,1.0,0,8,not_amenable,2,,,,,,,,,,,,,
magic-niab,G2208,MIL,D_RAND,1.0,1,8,ok,0,4,2,measured,10,2,local_up_fast,1,1,exact,1,0.125,1,1
magic-niab,G2208,MIL,D_DEGEN,1.0,0,0,not_amenable,10,,,,,,,,,,,,,
magic-niab,G2208,MIL,A_TRUE,0.5,0,4,ok,4,4,2,measured,6,2,local_up_fast,1,1,exact,1,0.25,0,1
magic-niab,G2208,MIL,D_RAND,0.5,0,4,not_amenable,4,,,,,,,,,,,,,
magic-niab,G2208,MIL,D_RAND,0.5,1,4,not_amenable,6,,,,,,,,,,,,,
magic-niab,G257,G1217,A_TRUE,1.0,0,8,optimal_empty,0,,,,,,,,,,,,,
magic-niab,G257,G1217,D_RAND,1.0,0,8,optimal_empty,1,,,,,,,,,,,,,
magic-niab,G257,G1217,D_RAND,1.0,1,8,optimal_empty,1,,,,,,,,,,,,,
magic-niab,G257,G1217,D_DEGEN,1.0,0,0,not_amenable,10,,,,,,,,,,,,,
magic-niab,G257,G1217,A_TRUE,0.5,0,4,optimal_empty,4,,,,,,,,,,,,,
magic-niab,G257,G1217,D_RAND,0.5,0,4,optimal_empty,4,,,,,,,,,,,,,
magic-niab,G257,G1217,D_RAND,0.5,1,4,optimal_empty,4,,,,,,,,,,,,,
magic-niab,G257,YR.FIELD,A_TRUE,1.0,0,8,ok,0,22,1,measured,10,1,local_up_fast,1,1,exact,1,0.125,0,1
magic-niab,G257,YR.FIELD,D_RAND,1.0,0,8,not_amenable,2,,,,,,,,,,,,,
magic-niab,G257,YR.FIELD,D_RAND,1.0,1,8,ok,0,22,1,measured,10,1,local_up_fast,1,1,exact,1,0.125,4,1
magic-niab,G257,YR.FIELD,D_DEGEN,1.0,0,0,not_amenable,10,,,,,,,,,,,,,
magic-niab,G257,YR.FIELD,A_TRUE,0.5,0,4,ok,4,22,1,measured,6,1,local_up_fast,1,1,exact,1,0.25,0,1
magic-niab,G257,YR.FIELD,D_RAND,0.5,0,4,ok,4,22,1,measured,6,1,local_up_fast,1,1,exact,1,0.25,1,1
magic-niab,G257,YR.FIELD,D_RAND,0.5,1,4,not_amenable,6,,,,,,,,,,,,,
magic-niab,G2835,G1800,A_TRUE,1.0,0,8,ok,0,3,,no_z_member_in_component,10,-1,e1_ladder,1,,gt_3,,0.0,0,1
magic-niab,G2835,G1800,D_RAND,1.0,0,8,ok,1,3,,no_z_member_in_component,9,-1,e1_ladder,1,,gt_3,,0.0,4,1
magic-niab,G2835,G1800,D_RAND,1.0,1,8,ok,2,3,,no_z_member_in_component,8,-1,e1_ladder,1,,gt_3,,0.0,4,1
magic-niab,G2835,G1800,D_DEGEN,1.0,0,0,extensions_intractable,10,,,,,,,,,,,,,
magic-niab,G2835,G1800,A_TRUE,0.5,0,4,ok,4,3,,no_z_member_in_component,6,-1,e1_ladder,1,,gt_3,,0.0,0,1
magic-niab,G2835,G1800,D_RAND,0.5,0,4,ok,4,3,,no_z_member_in_component,6,-1,e1_ladder,1,,gt_3,,0.0,0,1
magic-niab,G2835,G1800,D_RAND,0.5,1,4,ok,4,3,,no_z_member_in_component,6,-1,e1_ladder,1,,gt_3,,0.0,2,1
magic-niab,G2835,YR.GLASS,A_TRUE,1.0,0,8,optimal_empty,0,,,,,,,,,,,,,
magic-niab,G2835,YR.GLASS,D_RAND,1.0,0,8,optimal_empty,1,,,,,,,,,,,,,
magic-niab,G2835,YR.GLASS,D_RAND,1.0,1,8,ok,0,7,,no_z_member_in_component,10,1,local_up_fast,1,1,exact,1,0.125,4,0
magic-niab,G2835,YR.GLASS,D_DEGEN,1.0,0,0,not_amenable,10,,,,,,,,,,,,,
magic-niab,G2835,YR.GLASS,A_TRUE,0.5,0,4,not_amenable,4,,,,,,,,,,,,,
magic-niab,G2835,YR.GLASS,D_RAND,0.5,0,4,not_amenable,6,,,,,,,,,,,,,
magic-niab,G2835,YR.GLASS,D_RAND,0.5,1,4,optimal_empty,4,,,,,,,,,,,,,
magic-niab,G2953,HT,A_TRUE,1.0,0,8,ok,0,5,,no_z_member_in_component,10,1,local_up_fast,1,1,exact,1,0.125,0,1
magic-niab,G2953,HT,D_RAND,1.0,0,8,ok,1,5,,no_z_member_in_component,9,1,local_up_fast,1,1,exact,1,0.125,4,1
magic-niab,G2953,HT,D_RAND,1.0,1,8,ok,2,5,,no_z_member_in_component,8,1,local_up_fast,1,1,exact,1,0.125,6,1
magic-niab,G2953,HT,D_DEGEN,1.0,0,0,not_amenable,10,,,,,,,,,,,,,
magic-niab,G2953,HT,A_TRUE,0.5,0,4,not_amenable,4,,,,,,,,,,,,,
magic-niab,G2953,HT,D_RAND,0.5,0,4,not_amenable,5,,,,,,,,,,,,,
magic-niab,G2953,HT,D_RAND,0.5,1,4,not_amenable,4,,,,,,,,,,,,,
magic-niab,G311,G43,A_TRUE,1.0,0,8,optimal_empty,0,,,,,,,,,,,,,
magic-niab,G311,G43,D_RAND,1.0,0,8,not_amenable,2,,,,,,,,,,,,,
magic-niab,G311,G43,D_RAND,1.0,1,8,not_amenable,2,,,,,,,,,,,,,
magic-niab,G311,G43,D_DEGEN,1.0,0,0,not_amenable,10,,,,,,,,,,,,,
magic-niab,G311,G43,A_TRUE,0.5,0,4,optimal_empty,4,,,,,,,,,,,,,
magic-niab,G311,G43,D_RAND,0.5,0,4,not_amenable,6,,,,,,,,,,,,,
magic-niab,G311,G43,D_RAND,0.5,1,4,not_amenable,6,,,,,,,,,,,,,
magic-niab,G383,G800,A_TRUE,1.0,0,8,optimal_empty,0,,,,,,,,,,,,,
magic-niab,G383,G800,D_RAND,1.0,0,8,optimal_empty,1,,,,,,,,,,,,,
magic-niab,G383,G800,D_RAND,1.0,1,8,optimal_empty,2,,,,,,,,,,,,,
magic-niab,G383,G800,D_DEGEN,1.0,0,0,not_amenable,10,,,,,,,,,,,,,
magic-niab,G383,G800,A_TRUE,0.5,0,4,not_amenable,4,,,,,,,,,,,,,
magic-niab,G383,G800,D_RAND,0.5,0,4,not_amenable,5,,,,,,,,,,,,,
magic-niab,G383,G800,D_RAND,0.5,1,4,not_amenable,4,,,,,,,,,,,,,
magic-niab,G418,FUS,A_TRUE,1.0,0,8,ok,0,9,,no_z_member_in_component,10,1,local_up_fast,1,1,exact,1,0.125,0,1
magic-niab,G418,FUS,D_RAND,1.0,0,8,ok,0,9,,no_z_member_in_component,10,2,local_up_fast,1,2,exact,2,0.0,4,1
magic-niab,G418,FUS,D_RAND,1.0,1,8,ok,1,9,,no_z_member_in_component,9,2,local_up_fast,1,2,exact,2,0.0,4,1
magic-niab,G418,FUS,D_DEGEN,1.0,0,0,not_amenable,10,,,,,,,,,,,,,
magic-niab,G418,FUS,A_TRUE,0.5,0,4,not_amenable,4,,,,,,,,,,,,,
magic-niab,G418,FUS,D_RAND,0.5,0,4,ok,4,9,,no_z_member_in_component,6,2,local_up_fast,1,1,exact,1,0.25,3,1
magic-niab,G418,FUS,D_RAND,0.5,1,4,ok,5,9,,no_z_member_in_component,5,2,local_up_fast,1,1,exact,1,0.25,4,1
magic-niab,G418,YLD,A_TRUE,1.0,0,8,ok,0,21,,no_z_member_in_component,10,1,local_up_fast,1,1,exact,1,0.25,0,1
magic-niab,G418,YLD,D_RAND,1.0,0,8,ok,0,18,,no_z_member_in_component,10,1,local_up_fast,1,1,exact,1,0.125,2,0
magic-niab,G418,YLD,D_RAND,1.0,1,8,ok,1,18,,no_z_member_in_component,9,1,local_up_fast,1,1,exact,1,0.125,4,0
magic-niab,G418,YLD,D_DEGEN,1.0,0,0,not_amenable,10,,,,,,,,,,,,,
magic-niab,G418,YLD,A_TRUE,0.5,0,4,not_amenable,4,,,,,,,,,,,,,
magic-niab,G418,YLD,D_RAND,0.5,0,4,ok,4,22,1,measured,6,1,local_up_fast,1,1,exact,1,0.25,3,0
magic-niab,G418,YLD,D_RAND,0.5,1,4,not_amenable,5,,,,,,,,,,,,,
mediator,I,X,A_TRUE,1.0,0,3,optimal_empty,0,,,,,,,,,,,,,
mediator,I,X,D_RAND,1.0,0,3,not_amenable,2,,,,,,,,,,,,,
mediator,I,X,D_RAND,1.0,1,3,ok,0,1,1,measured,5,1,local_up_fast,1,1,exact,1,0.6667,1,0
mediator,I,X,D_DEGEN,1.0,0,0,not_amenable,5,,,,,,,,,,,,,
mediator,I,X,A_TRUE,0.5,0,2,not_amenable,1,,,,,,,,,,,,,
mediator,I,X,D_RAND,0.5,0,2,optimal_empty,0,,,,,,,,,,,,,
mediator,I,X,D_RAND,0.5,1,2,optimal_empty,0,,,,,,,,,,,,,
mediator,I,Y,A_TRUE,1.0,0,3,ok,0,1,1,measured,5,1,local_up_fast,1,1,exact,1,0.3333,0,1
mediator,I,Y,D_RAND,1.0,0,3,ok,0,1,1,measured,5,1,local_up_fast,1,1,exact,1,0.3333,0,1
mediator,I,Y,D_RAND,1.0,1,3,ok,0,1,1,measured,5,2,local_up_fast,1,1,exact,1,0.3333,1,1
mediator,I,Y,D_DEGEN,1.0,0,0,not_amenable,5,,,,,,,,,,,,,
mediator,I,Y,A_TRUE,0.5,0,2,not_amenable,1,,,,,,,,,,,,,
mediator,I,Y,D_RAND,0.5,0,2,ok,0,1,1,measured,5,2,local_up_fast,1,1,exact,1,1.0,1,1
mediator,I,Y,D_RAND,0.5,1,2,not_amenable,3,,,,,,,,,,,,,
mediator,I,Z,A_TRUE,1.0,0,3,optimal_empty,0,,,,,,,,,,,,,
mediator,I,Z,D_RAND,1.0,0,3,ok,2,1,1,measured,3,1,local_up_fast,1,1,exact,1,0.6667,2,0
mediator,I,Z,D_RAND,1.0,1,3,ok,2,1,1,measured,3,1,local_up_fast,1,1,exact,1,0.6667,2,0
mediator,I,Z,D_DEGEN,1.0,0,0,not_amenable,5,,,,,,,,,,,,,
mediator,I,Z,A_TRUE,0.5,0,2,optimal_empty,1,,,,,,,,,,,,,
mediator,I,Z,D_RAND,0.5,0,2,optimal_empty,0,,,,,,,,,,,,,
mediator,I,Z,D_RAND,0.5,1,2,optimal_empty,0,,,,,,,,,,,,,
mediator,X,I,A_TRUE,1.0,0,3,ok,0,1,1,measured,5,1,local_up_fast,1,1,exact,1,0.6667,0,1
mediator,X,I,D_RAND,1.0,0,3,optimal_empty,0,,,,,,,,,,,,,
mediator,X,I,D_RAND,1.0,1,3,optimal_empty,2,,,,,,,,,,,,,
mediator,X,I,D_DEGEN,1.0,0,0,not_amenable,5,,,,,,,,,,,,,
mediator,X,I,A_TRUE,0.5,0,2,not_amenable,1,,,,,,,,,,,,,
mediator,X,I,D_RAND,0.5,0,2,not_amenable,1,,,,,,,,,,,,,
mediator,X,I,D_RAND,0.5,1,2,not_amenable,3,,,,,,,,,,,,,
mediator,X,Y,A_TRUE,1.0,0,3,ok,0,1,1,measured,5,1,local_up_fast,1,1,exact,1,0.6667,0,1
mediator,X,Y,D_RAND,1.0,0,3,not_amenable,2,,,,,,,,,,,,,
mediator,X,Y,D_RAND,1.0,1,3,ok,0,1,1,measured,5,1,local_up_fast,1,1,exact,1,0.6667,0,1
mediator,X,Y,D_DEGEN,1.0,0,0,not_amenable,5,,,,,,,,,,,,,
mediator,X,Y,A_TRUE,0.5,0,2,not_amenable,1,,,,,,,,,,,,,
mediator,X,Y,D_RAND,0.5,0,2,optimal_empty,0,,,,,,,,,,,,,
mediator,X,Y,D_RAND,0.5,1,2,ok,0,1,1,measured,5,2,local_up_fast,1,1,exact,1,1.0,1,0
mediator,X,Z,A_TRUE,1.0,0,3,optimal_empty,0,,,,,,,,,,,,,
mediator,X,Z,D_RAND,1.0,0,3,optimal_empty,0,,,,,,,,,,,,,
mediator,X,Z,D_RAND,1.0,1,3,optimal_empty,0,,,,,,,,,,,,,
mediator,X,Z,D_DEGEN,1.0,0,0,not_amenable,5,,,,,,,,,,,,,
mediator,X,Z,A_TRUE,0.5,0,2,optimal_empty,1,,,,,,,,,,,,,
mediator,X,Z,D_RAND,0.5,0,2,not_amenable,3,,,,,,,,,,,,,
mediator,X,Z,D_RAND,0.5,1,2,optimal_empty,0,,,,,,,,,,,,,
mediator,Y,I,A_TRUE,1.0,0,3,optimal_empty,0,,,,,,,,,,,,,
mediator,Y,I,D_RAND,1.0,0,3,not_amenable,2,,,,,,,,,,,,,
mediator,Y,I,D_RAND,1.0,1,3,optimal_empty,0,,,,,,,,,,,,,
mediator,Y,I,D_DEGEN,1.0,0,0,not_amenable,5,,,,,,,,,,,,,
mediator,Y,I,A_TRUE,0.5,0,2,optimal_empty,1,,,,,,,,,,,,,
mediator,Y,I,D_RAND,0.5,0,2,not_amenable,3,,,,,,,,,,,,,
mediator,Y,I,D_RAND,0.5,1,2,optimal_empty,0,,,,,,,,,,,,,
mediator,Y,X,A_TRUE,1.0,0,3,optimal_empty,0,,,,,,,,,,,,,
mediator,Y,X,D_RAND,1.0,0,3,optimal_empty,0,,,,,,,,,,,,,
mediator,Y,X,D_RAND,1.0,1,3,optimal_empty,0,,,,,,,,,,,,,
mediator,Y,X,D_DEGEN,1.0,0,0,not_amenable,5,,,,,,,,,,,,,
mediator,Y,X,A_TRUE,0.5,0,2,optimal_empty,1,,,,,,,,,,,,,
mediator,Y,X,D_RAND,0.5,0,2,optimal_empty,1,,,,,,,,,,,,,
mediator,Y,X,D_RAND,0.5,1,2,not_amenable,3,,,,,,,,,,,,,
mediator,Y,Z,A_TRUE,1.0,0,3,optimal_empty,0,,,,,,,,,,,,,
mediator,Y,Z,D_RAND,1.0,0,3,not_amenable,2,,,,,,,,,,,,,
mediator,Y,Z,D_RAND,1.0,1,3,optimal_empty,0,,,,,,,,,,,,,
mediator,Y,Z,D_DEGEN,1.0,0,0,not_amenable,5,,,,,,,,,,,,,
mediator,Y,Z,A_TRUE,0.5,0,2,optimal_empty,1,,,,,,,,,,,,,
mediator,Y,Z,D_RAND,0.5,0,2,optimal_empty,1,,,,,,,,,,,,,
mediator,Y,Z,D_RAND,0.5,1,2,optimal_empty,0,,,,,,,,,,,,,
mediator,Z,I,A_TRUE,1.0,0,3,optimal_empty,0,,,,,,,,,,,,,
mediator,Z,I,D_RAND,1.0,0,3,optimal_empty,0,,,,,,,,,,,,,
mediator,Z,I,D_RAND,1.0,1,3,optimal_empty,0,,,,,,,,,,,,,
mediator,Z,I,D_DEGEN,1.0,0,0,not_amenable,5,,,,,,,,,,,,,
mediator,Z,I,A_TRUE,0.5,0,2,optimal_empty,1,,,,,,,,,,,,,
mediator,Z,I,D_RAND,0.5,0,2,optimal_empty,0,,,,,,,,,,,,,
mediator,Z,I,D_RAND,0.5,1,2,optimal_empty,0,,,,,,,,,,,,,
mediator,Z,X,A_TRUE,1.0,0,3,optimal_empty,0,,,,,,,,,,,,,
mediator,Z,X,D_RAND,1.0,0,3,optimal_empty,0,,,,,,,,,,,,,
mediator,Z,X,D_RAND,1.0,1,3,optimal_empty,0,,,,,,,,,,,,,
mediator,Z,X,D_DEGEN,1.0,0,0,not_amenable,5,,,,,,,,,,,,,
mediator,Z,X,A_TRUE,0.5,0,2,optimal_empty,1,,,,,,,,,,,,,
mediator,Z,X,D_RAND,0.5,0,2,optimal_empty,1,,,,,,,,,,,,,
mediator,Z,X,D_RAND,0.5,1,2,optimal_empty,1,,,,,,,,,,,,,
mediator,Z,Y,A_TRUE,1.0,0,3,optimal_empty,0,,,,,,,,,,,,,
mediator,Z,Y,D_RAND,1.0,0,3,optimal_empty,0,,,,,,,,,,,,,
mediator,Z,Y,D_RAND,1.0,1,3,optimal_empty,2,,,,,,,,,,,,,
mediator,Z,Y,D_DEGEN,1.0,0,0,not_amenable,5,,,,,,,,,,,,,
mediator,Z,Y,A_TRUE,0.5,0,2,optimal_empty,1,,,,,,,,,,,,,
mediator,Z,Y,D_RAND,0.5,0,2,ok,0,1,1,measured,5,1,local_up_fast,1,1,exact,1,1.0,1,0
mediator,Z,Y,D_RAND,0.5,1,2,optimal_empty,3,,,,,,,,,,,,,
pathfinder,F1,F10,A_TRUE,1.0,0,79,optimal_empty,0,,,,,,,,,,,,,
pathfinder,F1,F10,D_DEGEN,1.0,0,0,not_amenable,122,,,,,,,,,,,,,
pathfinder,F1,F10,A_TRUE,0.5,0,40,not_amenable,70,,,,,,,,,,,,,
pathfinder,F102,F29,A_TRUE,1.0,0,79,optimal_empty,0,,,,,,,,,,,,,
pathfinder,F102,F29,D_DEGEN,1.0,0,0,not_amenable,122,,,,,,,,,,,,,
pathfinder,F102,F29,A_TRUE,0.5,0,40,not_amenable,70,,,,,,,,,,,,,
pathfinder,F106,F55,A_TRUE,1.0,0,79,optimal_empty,0,,,,,,,,,,,,,
pathfinder,F106,F55,D_DEGEN,1.0,0,0,not_amenable,122,,,,,,,,,,,,,
pathfinder,F106,F55,A_TRUE,0.5,0,40,extensions_intractable,70,,,,,,,,,,,,,
pathfinder,F14,F81,A_TRUE,1.0,0,79,optimal_empty,0,,,,,,,,,,,,,
pathfinder,F14,F81,D_DEGEN,1.0,0,0,not_amenable,122,,,,,,,,,,,,,
pathfinder,F14,F81,A_TRUE,0.5,0,40,extensions_intractable,70,,,,,,,,,,,,,
pathfinder,F2,F106,A_TRUE,1.0,0,79,optimal_empty,0,,,,,,,,,,,,,
pathfinder,F2,F106,D_DEGEN,1.0,0,0,not_amenable,122,,,,,,,,,,,,,
pathfinder,F2,F106,A_TRUE,0.5,0,40,extensions_intractable,70,,,,,,,,,,,,,
pathfinder,F24,F18,A_TRUE,1.0,0,79,optimal_empty,0,,,,,,,,,,,,,
pathfinder,F24,F18,D_DEGEN,1.0,0,0,not_amenable,122,,,,,,,,,,,,,
pathfinder,F24,F18,A_TRUE,0.5,0,40,not_amenable,70,,,,,,,,,,,,,
pathfinder,F28,F45,A_TRUE,1.0,0,79,optimal_empty,0,,,,,,,,,,,,,
pathfinder,F28,F45,D_DEGEN,1.0,0,0,not_amenable,122,,,,,,,,,,,,,
pathfinder,F28,F45,A_TRUE,0.5,0,40,not_amenable,70,,,,,,,,,,,,,
pathfinder,F32,F54,A_TRUE,1.0,0,79,optimal_empty,0,,,,,,,,,,,,,
pathfinder,F32,F54,D_DEGEN,1.0,0,0,not_amenable,122,,,,,,,,,,,,,
pathfinder,F32,F54,A_TRUE,0.5,0,40,not_amenable,70,,,,,,,,,,,,,
pathfinder,F36,F80,A_TRUE,1.0,0,79,optimal_empty,0,,,,,,,,,,,,,
pathfinder,F36,F80,D_DEGEN,1.0,0,0,not_amenable,122,,,,,,,,,,,,,
pathfinder,F36,F80,A_TRUE,0.5,0,40,extensions_intractable,70,,,,,,,,,,,,,
pathfinder,F43,F101,A_TRUE,1.0,0,79,optimal_empty,0,,,,,,,,,,,,,
pathfinder,F43,F101,D_DEGEN,1.0,0,0,not_amenable,122,,,,,,,,,,,,,
pathfinder,F43,F101,A_TRUE,0.5,0,40,extensions_intractable,70,,,,,,,,,,,,,
pathfinder,F47,F30,A_TRUE,1.0,0,79,optimal_empty,0,,,,,,,,,,,,,
pathfinder,F47,F30,D_DEGEN,1.0,0,0,not_amenable,122,,,,,,,,,,,,,
pathfinder,F47,F30,A_TRUE,0.5,0,40,extensions_intractable,70,,,,,,,,,,,,,
pathfinder,F51,F58,A_TRUE,1.0,0,79,optimal_empty,0,,,,,,,,,,,,,
pathfinder,F51,F58,D_DEGEN,1.0,0,0,not_amenable,122,,,,,,,,,,,,,
pathfinder,F51,F58,A_TRUE,0.5,0,40,extensions_intractable,70,,,,,,,,,,,,,
pathfinder,F56,F84,A_TRUE,1.0,0,79,optimal_empty,0,,,,,,,,,,,,,
pathfinder,F56,F84,D_DEGEN,1.0,0,0,not_amenable,122,,,,,,,,,,,,,
pathfinder,F56,F84,A_TRUE,0.5,0,40,not_amenable,70,,,,,,,,,,,,,
pathfinder,F60,F11,A_TRUE,1.0,0,79,optimal_empty,0,,,,,,,,,,,,,
pathfinder,F60,F11,D_DEGEN,1.0,0,0,not_amenable,122,,,,,,,,,,,,,
pathfinder,F60,F11,A_TRUE,0.5,0,40,not_amenable,70,,,,,,,,,,,,,
pathfinder,F64,F38,A_TRUE,1.0,0,79,optimal_empty,0,,,,,,,,,,,,,
pathfinder,F64,F38,D_DEGEN,1.0,0,0,not_amenable,122,,,,,,,,,,,,,
pathfinder,F64,F38,A_TRUE,0.5,0,40,extensions_intractable,70,,,,,,,,,,,,,
pathfinder,F68,F64,A_TRUE,1.0,0,79,optimal_empty,0,,,,,,,,,,,,,
pathfinder,F68,F64,D_DEGEN,1.0,0,0,not_amenable,122,,,,,,,,,,,,,
pathfinder,F68,F64,A_TRUE,0.5,0,40,extensions_intractable,70,,,,,,,,,,,,,
pathfinder,F72,F91,A_TRUE,1.0,0,79,optimal_empty,0,,,,,,,,,,,,,
pathfinder,F72,F91,D_DEGEN,1.0,0,0,not_amenable,122,,,,,,,,,,,,,
pathfinder,F72,F91,A_TRUE,0.5,0,40,not_amenable,70,,,,,,,,,,,,,
pathfinder,F77,F19,A_TRUE,1.0,0,79,optimal_empty,0,,,,,,,,,,,,,
pathfinder,F77,F19,D_DEGEN,1.0,0,0,not_amenable,122,,,,,,,,,,,,,
pathfinder,F77,F19,A_TRUE,0.5,0,40,not_amenable,70,,,,,,,,,,,,,
pathfinder,F9,F45,A_TRUE,1.0,0,79,optimal_empty,0,,,,,,,,,,,,,
pathfinder,F9,F45,D_DEGEN,1.0,0,0,not_amenable,122,,,,,,,,,,,,,
pathfinder,F9,F45,A_TRUE,0.5,0,40,not_amenable,70,,,,,,,,,,,,,
pathfinder,F95,F71,A_TRUE,1.0,0,79,optimal_empty,0,,,,,,,,,,,,,
pathfinder,F95,F71,D_DEGEN,1.0,0,0,not_amenable,122,,,,,,,,,,,,,
pathfinder,F95,F71,A_TRUE,0.5,0,40,not_amenable,70,,,,,,,,,,,,,
paths,1,10,A_TRUE,1.0,0,1,optimal_empty,0,,,,,,,,,,,,,
paths,1,10,D_RAND,1.0,0,1,optimal_empty,0,,,,,,,,,,,,,
paths,1,10,D_RAND,1.0,1,1,optimal_empty,0,,,,,,,,,,,,,
paths,1,10,D_DEGEN,1.0,0,0,not_amenable,14,,,,,,,,,,,,,
paths,1,10,A_TRUE,0.5,0,0,not_amenable,14,,,,,,,,,,,,,
paths,1,10,D_RAND,0.5,0,0,not_amenable,14,,,,,,,,,,,,,
paths,1,10,D_RAND,0.5,1,0,not_amenable,14,,,,,,,,,,,,,
paths,1,8,A_TRUE,1.0,0,1,optimal_empty,0,,,,,,,,,,,,,
paths,1,8,D_RAND,1.0,0,1,not_amenable,13,,,,,,,,,,,,,
paths,1,8,D_RAND,1.0,1,1,not_amenable,13,,,,,,,,,,,,,
paths,1,8,D_DEGEN,1.0,0,0,not_amenable,14,,,,,,,,,,,,,
paths,1,8,A_TRUE,0.5,0,0,not_amenable,14,,,,,,,,,,,,,
paths,1,8,D_RAND,0.5,0,0,not_amenable,14,,,,,,,,,,,,,
paths,1,8,D_RAND,0.5,1,0,not_amenable,14,,,,,,,,,,,,,
paths,10,4,A_TRUE,1.0,0,1,optimal_empty,0,,,,,,,,,,,,,
paths,10,4,D_RAND,1.0,0,1,not_amenable,13,,,,,,,,,,,,,
paths,10,4,D_RAND,1.0,1,1,not_amenable,13,,,,,,,,,,,,,
paths,10,4,D_DEGEN,1.0,0,0,not_amenable,14,,,,,,,,,,,,,
paths,10,4,A_TRUE,0.5,0,0,not_amenable,14,,,,,,,,,,,,,
paths,10,4,D_RAND,0.5,0,0,not_amenable,14,,,,,,,,,,,,,
paths,10,4,D_RAND,0.5,1,0,not_amenable,14,,,,,,,,,,,,,
paths,11,14,A_TRUE,1.0,0,1,optimal_empty,0,,,,,,,,,,,,,
paths,11,14,D_RAND,1.0,0,1,not_amenable,13,,,,,,,,,,,,,
paths,11,14,D_RAND,1.0,1,1,optimal_empty,0,,,,,,,,,,,,,
paths,11,14,D_DEGEN,1.0,0,0,not_amenable,14,,,,,,,,,,,,,
paths,11,14,A_TRUE,0.5,0,0,not_amenable,14,,,,,,,,,,,,,
paths,11,14,D_RAND,0.5,0,0,not_amenable,14,,,,,,,,,,,,,
paths,11,14,D_RAND,0.5,1,0,not_amenable,14,,,,,,,,,,,,,
paths,12,1,A_TRUE,1.0,0,1,optimal_empty,0,,,,,,,,,,,,,
paths,12,1,D_RAND,1.0,0,1,not_amenable,13,,,,,,,,,,,,,
paths,12,1,D_RAND,1.0,1,1,not_amenable,13,,,,,,,,,,,,,
paths,12,1,D_DEGEN,1.0,0,0,not_amenable,14,,,,,,,,,,,,,
paths,12,1,A_TRUE,0.5,0,0,not_amenable,14,,,,,,,,,,,,,
paths,12,1,D_RAND,0.5,0,0,not_amenable,14,,,,,,,,,,,,,
paths,12,1,D_RAND,0.5,1,0,not_amenable,14,,,,,,,,,,,,,
paths,12,8,A_TRUE,1.0,0,1,optimal_empty,0,,,,,,,,,,,,,
paths,12,8,D_RAND,1.0,0,1,optimal_empty,0,,,,,,,,,,,,,
paths,12,8,D_RAND,1.0,1,1,optimal_empty,0,,,,,,,,,,,,,
paths,12,8,D_DEGEN,1.0,0,0,not_amenable,14,,,,,,,,,,,,,
paths,12,8,A_TRUE,0.5,0,0,not_amenable,14,,,,,,,,,,,,,
paths,12,8,D_RAND,0.5,0,0,not_amenable,14,,,,,,,,,,,,,
paths,12,8,D_RAND,0.5,1,0,not_amenable,14,,,,,,,,,,,,,
paths,13,4,A_TRUE,1.0,0,1,optimal_empty,0,,,,,,,,,,,,,
paths,13,4,D_RAND,1.0,0,1,optimal_empty,0,,,,,,,,,,,,,
paths,13,4,D_RAND,1.0,1,1,optimal_empty,0,,,,,,,,,,,,,
paths,13,4,D_DEGEN,1.0,0,0,not_amenable,14,,,,,,,,,,,,,
paths,13,4,A_TRUE,0.5,0,0,not_amenable,14,,,,,,,,,,,,,
paths,13,4,D_RAND,0.5,0,0,not_amenable,14,,,,,,,,,,,,,
paths,13,4,D_RAND,0.5,1,0,not_amenable,14,,,,,,,,,,,,,
paths,14,13,A_TRUE,1.0,0,1,optimal_empty,0,,,,,,,,,,,,,
paths,14,13,D_RAND,1.0,0,1,optimal_empty,0,,,,,,,,,,,,,
paths,14,13,D_RAND,1.0,1,1,optimal_empty,0,,,,,,,,,,,,,
paths,14,13,D_DEGEN,1.0,0,0,not_amenable,14,,,,,,,,,,,,,
paths,14,13,A_TRUE,0.5,0,0,not_amenable,14,,,,,,,,,,,,,
paths,14,13,D_RAND,0.5,0,0,not_amenable,14,,,,,,,,,,,,,
paths,14,13,D_RAND,0.5,1,0,not_amenable,14,,,,,,,,,,,,,
paths,15,1,A_TRUE,1.0,0,1,optimal_empty,0,,,,,,,,,,,,,
paths,15,1,D_RAND,1.0,0,1,extensions_intractable,13,,,,,,,,,,,,,
paths,15,1,D_RAND,1.0,1,1,extensions_intractable,13,,,,,,,,,,,,,
paths,15,1,D_DEGEN,1.0,0,0,not_amenable,14,,,,,,,,,,,,,
paths,15,1,A_TRUE,0.5,0,0,not_amenable,14,,,,,,,,,,,,,
paths,15,1,D_RAND,0.5,0,0,not_amenable,14,,,,,,,,,,,,,
paths,15,1,D_RAND,0.5,1,0,not_amenable,14,,,,,,,,,,,,,
paths,15,8,A_TRUE,1.0,0,1,optimal_empty,0,,,,,,,,,,,,,
paths,15,8,D_RAND,1.0,0,1,optimal_empty,0,,,,,,,,,,,,,
paths,15,8,D_RAND,1.0,1,1,extensions_intractable,13,,,,,,,,,,,,,
paths,15,8,D_DEGEN,1.0,0,0,not_amenable,14,,,,,,,,,,,,,
paths,15,8,A_TRUE,0.5,0,0,not_amenable,14,,,,,,,,,,,,,
paths,15,8,D_RAND,0.5,0,0,not_amenable,14,,,,,,,,,,,,,
paths,15,8,D_RAND,0.5,1,0,not_amenable,14,,,,,,,,,,,,,
paths,2,4,A_TRUE,1.0,0,1,optimal_empty,0,,,,,,,,,,,,,
paths,2,4,D_RAND,1.0,0,1,optimal_empty,0,,,,,,,,,,,,,
paths,2,4,D_RAND,1.0,1,1,not_amenable,13,,,,,,,,,,,,,
paths,2,4,D_DEGEN,1.0,0,0,not_amenable,14,,,,,,,,,,,,,
paths,2,4,A_TRUE,0.5,0,0,not_amenable,14,,,,,,,,,,,,,
paths,2,4,D_RAND,0.5,0,0,not_amenable,14,,,,,,,,,,,,,
paths,2,4,D_RAND,0.5,1,0,not_amenable,14,,,,,,,,,,,,,
paths,3,13,A_TRUE,1.0,0,1,optimal_empty,0,,,,,,,,,,,,,
paths,3,13,D_RAND,1.0,0,1,optimal_empty,0,,,,,,,,,,,,,
paths,3,13,D_RAND,1.0,1,1,not_amenable,13,,,,,,,,,,,,,
paths,3,13,D_DEGEN,1.0,0,0,not_amenable,14,,,,,,,,,,,,,
paths,3,13,A_TRUE,0.5,0,0,not_amenable,14,,,,,,,,,,,,,
paths,3,13,D_RAND,0.5,0,0,not_amenable,14,,,,,,,,,,,,,
paths,3,13,D_RAND,0.5,1,0,not_amenable,14,,,,,,,,,,,,,
paths,4,1,A_TRUE,1.0,0,1,optimal_empty,0,,,,,,,,,,,,,
paths,4,1,D_RAND,1.0,0,1,not_amenable,13,,,,,,,,,,,,,
paths,4,1,D_RAND,1.0,1,1,not_amenable,13,,,,,,,,,,,,,
paths,4,1,D_DEGEN,1.0,0,0,not_amenable,14,,,,,,,,,,,,,
paths,4,1,A_TRUE,0.5,0,0,not_amenable,14,,,,,,,,,,,,,
paths,4,1,D_RAND,0.5,0,0,not_amenable,14,,,,,,,,,,,,,
paths,4,1,D_RAND,0.5,1,0,not_amenable,14,,,,,,,,,,,,,
paths,4,8,A_TRUE,1.0,0,1,optimal_empty,0,,,,,,,,,,,,,
paths,4,8,D_RAND,1.0,0,1,optimal_empty,0,,,,,,,,,,,,,
paths,4,8,D_RAND,1.0,1,1,not_amenable,13,,,,,,,,,,,,,
paths,4,8,D_DEGEN,1.0,0,0,not_amenable,14,,,,,,,,,,,,,
paths,4,8,A_TRUE,0.5,0,0,not_amenable,14,,,,,,,,,,,,,
paths,4,8,D_RAND,0.5,0,0,not_amenable,14,,,,,,,,,,,,,
paths,4,8,D_RAND,0.5,1,0,not_amenable,14,,,,,,,,,,,,,
paths,5,3,A_TRUE,1.0,0,1,optimal_empty,0,,,,,,,,,,,,,
paths,5,3,D_RAND,1.0,0,1,not_amenable,13,,,,,,,,,,,,,
paths,5,3,D_RAND,1.0,1,1,not_amenable,13,,,,,,,,,,,,,
paths,5,3,D_DEGEN,1.0,0,0,not_amenable,14,,,,,,,,,,,,,
paths,5,3,A_TRUE,0.5,0,0,not_amenable,14,,,,,,,,,,,,,
paths,5,3,D_RAND,0.5,0,0,not_amenable,14,,,,,,,,,,,,,
paths,5,3,D_RAND,0.5,1,0,not_amenable,14,,,,,,,,,,,,,
paths,6,13,A_TRUE,1.0,0,1,optimal_empty,0,,,,,,,,,,,,,
paths,6,13,D_RAND,1.0,0,1,not_amenable,13,,,,,,,,,,,,,
paths,6,13,D_RAND,1.0,1,1,optimal_empty,0,,,,,,,,,,,,,
paths,6,13,D_DEGEN,1.0,0,0,not_amenable,14,,,,,,,,,,,,,
paths,6,13,A_TRUE,0.5,0,0,not_amenable,14,,,,,,,,,,,,,
paths,6,13,D_RAND,0.5,0,0,not_amenable,14,,,,,,,,,,,,,
paths,6,13,D_RAND,0.5,1,0,not_amenable,14,,,,,,,,,,,,,
paths,7,1,A_TRUE,1.0,0,1,optimal_empty,0,,,,,,,,,,,,,
paths,7,1,D_RAND,1.0,0,1,optimal_empty,0,,,,,,,,,,,,,
paths,7,1,D_RAND,1.0,1,1,optimal_empty,0,,,,,,,,,,,,,
paths,7,1,D_DEGEN,1.0,0,0,not_amenable,14,,,,,,,,,,,,,
paths,7,1,A_TRUE,0.5,0,0,not_amenable,14,,,,,,,,,,,,,
paths,7,1,D_RAND,0.5,0,0,not_amenable,14,,,,,,,,,,,,,
paths,7,1,D_RAND,0.5,1,0,not_amenable,14,,,,,,,,,,,,,
paths,7,8,A_TRUE,1.0,0,1,optimal_empty,0,,,,,,,,,,,,,
paths,7,8,D_RAND,1.0,0,1,optimal_empty,0,,,,,,,,,,,,,
paths,7,8,D_RAND,1.0,1,1,not_amenable,13,,,,,,,,,,,,,
paths,7,8,D_DEGEN,1.0,0,0,not_amenable,14,,,,,,,,,,,,,
paths,7,8,A_TRUE,0.5,0,0,not_amenable,14,,,,,,,,,,,,,
paths,7,8,D_RAND,0.5,0,0,not_amenable,14,,,,,,,,,,,,,
paths,7,8,D_RAND,0.5,1,0,not_amenable,14,,,,,,,,,,,,,
paths,8,3,A_TRUE,1.0,0,1,optimal_empty,0,,,,,,,,,,,,,
paths,8,3,D_RAND,1.0,0,1,not_amenable,13,,,,,,,,,,,,,
paths,8,3,D_RAND,1.0,1,1,optimal_empty,0,,,,,,,,,,,,,
paths,8,3,D_DEGEN,1.0,0,0,not_amenable,14,,,,,,,,,,,,,
paths,8,3,A_TRUE,0.5,0,0,not_amenable,14,,,,,,,,,,,,,
paths,8,3,D_RAND,0.5,0,0,not_amenable,14,,,,,,,,,,,,,
paths,8,3,D_RAND,0.5,1,0,not_amenable,14,,,,,,,,,,,,,
paths,9,13,A_TRUE,1.0,0,1,optimal_empty,0,,,,,,,,,,,,,
paths,9,13,D_RAND,1.0,0,1,optimal_empty,0,,,,,,,,,,,,,
paths,9,13,D_RAND,1.0,1,1,optimal_empty,0,,,,,,,,,,,,,
paths,9,13,D_DEGEN,1.0,0,0,not_amenable,14,,,,,,,,,,,,,
paths,9,13,A_TRUE,0.5,0,0,not_amenable,14,,,,,,,,,,,,,
paths,9,13,D_RAND,0.5,0,0,not_amenable,14,,,,,,,,,,,,,
paths,9,13,D_RAND,0.5,1,0,not_amenable,14,,,,,,,,,,,,,
sachs,Akt,Erk,A_TRUE,1.0,0,8,optimal_empty,0,,,,,,,,,,,,,
sachs,Akt,Erk,D_RAND,1.0,0,8,optimal_empty,1,,,,,,,,,,,,,
sachs,Akt,Erk,D_RAND,1.0,1,8,optimal_empty,1,,,,,,,,,,,,,
sachs,Akt,Erk,D_DEGEN,1.0,0,0,not_amenable,17,,,,,,,,,,,,,
sachs,Akt,Erk,A_TRUE,0.5,0,4,optimal_empty,8,,,,,,,,,,,,,
sachs,Akt,Erk,D_RAND,0.5,0,4,optimal_empty,8,,,,,,,,,,,,,
sachs,Akt,Erk,D_RAND,0.5,1,4,optimal_empty,5,,,,,,,,,,,,,
sachs,Akt,P38,A_TRUE,1.0,0,8,optimal_empty,0,,,,,,,,,,,,,
sachs,Akt,P38,D_RAND,1.0,0,8,optimal_empty,1,,,,,,,,,,,,,
sachs,Akt,P38,D_RAND,1.0,1,8,optimal_empty,1,,,,,,,,,,,,,
sachs,Akt,P38,D_DEGEN,1.0,0,0,not_amenable,17,,,,,,,,,,,,,
sachs,Akt,P38,A_TRUE,0.5,0,4,optimal_empty,8,,,,,,,,,,,,,
sachs,Akt,P38,D_RAND,0.5,0,4,optimal_empty,8,,,,,,,,,,,,,
sachs,Akt,P38,D_RAND,0.5,1,4,optimal_empty,4,,,,,,,,,,,,,
sachs,Akt,Raf,A_TRUE,1.0,0,8,optimal_empty,0,,,,,,,,,,,,,
sachs,Akt,Raf,D_RAND,1.0,0,8,optimal_empty,1,,,,,,,,,,,,,
sachs,Akt,Raf,D_RAND,1.0,1,8,optimal_empty,2,,,,,,,,,,,,,
sachs,Akt,Raf,D_DEGEN,1.0,0,0,not_amenable,17,,,,,,,,,,,,,
sachs,Akt,Raf,A_TRUE,0.5,0,4,optimal_empty,8,,,,,,,,,,,,,
sachs,Akt,Raf,D_RAND,0.5,0,4,not_amenable,9,,,,,,,,,,,,,
sachs,Akt,Raf,D_RAND,0.5,1,4,not_amenable,8,,,,,,,,,,,,,
sachs,Erk,Mek,A_TRUE,1.0,0,8,optimal_empty,0,,,,,,,,,,,,,
sachs,Erk,Mek,D_RAND,1.0,0,8,optimal_empty,1,,,,,,,,,,,,,
sachs,Erk,Mek,D_RAND,1.0,1,8,optimal_empty,1,,,,,,,,,,,,,
sachs,Erk,Mek,D_DEGEN,1.0,0,0,not_amenable,17,,,,,,,,,,,,,
sachs,Erk,Mek,A_TRUE,0.5,0,4,optimal_empty,8,,,,,,,,,,,,,
sachs,Erk,Mek,D_RAND,0.5,0,4,optimal_empty,5,,,,,,,,,,,,,
sachs,Erk,Mek,D_RAND,0.5,1,4,not_amenable,8,,,,,,,,,,,,,
sachs,Erk,PKC,A_TRUE,1.0,0,8,optimal_empty,0,,,,,,,,,,,,,
sachs,Erk,PKC,D_RAND,1.0,0,8,optimal_empty,1,,,,,,,,,,,,,
sachs,Erk,PKC,D_DEGEN,1.0,0,0,not_amenable,17,,,,,,,,,,,,,
sachs,Erk,PKC,A_TRUE,0.5,0,4,optimal_empty,8,,,,,,,,,,,,,
sachs,Erk,PKC,D_RAND,0.5,0,4,not_amenable,9,,,,,,,,,,,,,
sachs,Erk,PKC,D_RAND,0.5,1,4,optimal_empty,8,,,,,,,,,,,,,
sachs,Jnk,Erk,A_TRUE,1.0,0,8,optimal_empty,0,,,,,,,,,,,,,
sachs,Jnk,Erk,D_RAND,1.0,0,8,optimal_empty,0,,,,,,,,,,,,,
sachs,Jnk,Erk,D_RAND,1.0,1,8,optimal_empty,0,,,,,,,,,,,,,
sachs,Jnk,Erk,D_DEGEN,1.0,0,0,not_amenable,17,,,,,,,,,,,,,
sachs,Jnk,Erk,A_TRUE,0.5,0,4,not_amenable,8,,,,,,,,,,,,,
sachs,Jnk,Erk,D_RAND,0.5,0,4,optimal_empty,4,,,,,,,,,,,,,
sachs,Jnk,Erk,D_RAND,0.5,1,4,extensions_intractable,9,,,,,,,,,,,,,
sachs,Jnk,PKA,A_TRUE,1.0,0,8,optimal_empty,0,,,,,,,,,,,,,
sachs,Jnk,PKA,D_RAND,1.0,0,8,optimal_empty,3,,,,,,,,,,,,,
sachs,Jnk,PKA,D_RAND,1.0,1,8,optimal_empty,4,,,,,,,,,,,,,
sachs,Jnk,PKA,D_DEGEN,1.0,0,0,not_amenable,17,,,,,,,,,,,,,
sachs,Jnk,PKA,A_TRUE,0.5,0,4,not_amenable,8,,,,,,,,,,,,,
sachs,Jnk,PKA,D_RAND,0.5,0,4,not_amenable,9,,,,,,,,,,,,,
sachs,Jnk,PKA,D_RAND,0.5,1,4,optimal_empty,4,,,,,,,,,,,,,
sachs,Mek,Akt,A_TRUE,1.0,0,8,ok,0,1,1,measured,17,2,local_up_fast,1,1,exact,1,0.25,0,1
sachs,Mek,Akt,D_RAND,1.0,0,8,ok,1,1,1,measured,16,2,local_up_fast,1,1,exact,1,0.25,1,1
sachs,Mek,Akt,D_RAND,1.0,1,8,ok,1,1,1,measured,16,5,e1_ladder,1,3,exact,3,0.0,3,1
sachs,Mek,Akt,D_DEGEN,1.0,0,0,not_amenable,17,,,,,,,,,,,,,
sachs,Mek,Akt,A_TRUE,0.5,0,4,not_amenable,8,,,,,,,,,,,,,
sachs,Mek,Akt,D_RAND,0.5,0,4,not_amenable,8,,,,,,,,,,,,,
sachs,Mek,Akt,D_RAND,0.5,1,4,not_amenable,5,,,,,,,,,,,,,
sachs,Mek,P38,A_TRUE,1.0,0,8,optimal_empty,0,,,,,,,,,,,,,
sachs,Mek,P38,D_RAND,1.0,0,8,optimal_empty,0,,,,,,,,,,,,,
sachs,Mek,P38,D_RAND,1.0,1,8,optimal_empty,0,,,,,,,,,,,,,
sachs,Mek,P38,D_DEGEN,1.0,0,0,not_amenable,17,,,,,,,,,,,,,
sachs,Mek,P38,A_TRUE,0.5,0,4,not_amenable,8,,,,,,,,,,,,,
sachs,Mek,P38,D_RAND,0.5,0,4,not_amenable,9,,,,,,,,,,,,,
sachs,Mek,P38,D_RAND,0.5,1,4,not_amenable,8,,,,,,,,,,,,,
sachs,Mek,Raf,A_TRUE,1.0,0,8,optimal_empty,0,,,,,,,,,,,,,
sachs,Mek,Raf,D_RAND,1.0,0,8,optimal_empty,1,,,,,,,,,,,,,
sachs,Mek,Raf,D_RAND,1.0,1,8,optimal_empty,1,,,,,,,,,,,,,
sachs,Mek,Raf,D_DEGEN,1.0,0,0,not_amenable,17,,,,,,,,,,,,,
sachs,Mek,Raf,A_TRUE,0.5,0,4,not_amenable,8,,,,,,,,,,,,,
sachs,Mek,Raf,D_RAND,0.5,0,4,not_amenable,5,,,,,,,,,,,,,
sachs,Mek,Raf,D_RAND,0.5,1,4,not_amenable,4,,,,,,,,,,,,,
sachs,P38,Jnk,A_TRUE,1.0,0,8,optimal_empty,0,,,,,,,,,,,,,
sachs,P38,Jnk,D_RAND,1.0,0,8,optimal_empty,2,,,,,,,,,,,,,
sachs,P38,Jnk,D_RAND,1.0,1,8,optimal_empty,7,,,,,,,,,,,,,
sachs,P38,Jnk,D_DEGEN,1.0,0,0,not_amenable,17,,,,,,,,,,,,,
sachs,P38,Jnk,A_TRUE,0.5,0,4,not_amenable,8,,,,,,,,,,,,,
sachs,P38,Jnk,D_RAND,0.5,0,4,optimal_empty,5,,,,,,,,,,,,,
sachs,P38,Jnk,D_RAND,0.5,1,4,extensions_intractable,9,,,,,,,,,,,,,
sachs,P38,PKC,A_TRUE,1.0,0,8,optimal_empty,0,,,,,,,,,,,,,
sachs,P38,PKC,D_RAND,1.0,0,8,optimal_empty,0,,,,,,,,,,,,,
sachs,P38,PKC,D_RAND,1.0,1,8,not_amenable,2,,,,,,,,,,,,,
sachs,P38,PKC,D_DEGEN,1.0,0,0,not_amenable,17,,,,,,,,,,,,,
sachs,P38,PKC,A_TRUE,0.5,0,4,not_amenable,8,,,,,,,,,,,,,
sachs,P38,PKC,D_RAND,0.5,0,4,optimal_empty,4,,,,,,,,,,,,,
sachs,P38,PKC,D_RAND,0.5,1,4,optimal_empty,5,,,,,,,,,,,,,
sachs,PIP2,Plcg,A_TRUE,1.0,0,8,optimal_empty,0,,,,,,,,,,,,,
sachs,PIP2,Plcg,D_RAND,1.0,0,8,not_amenable,1,,,,,,,,,,,,,
sachs,PIP2,Plcg,D_RAND,1.0,1,8,not_amenable,1,,,,,,,,,,,,,
sachs,PIP2,Plcg,D_DEGEN,1.0,0,0,not_amenable,17,,,,,,,,,,,,,
sachs,PIP2,Plcg,A_TRUE,0.5,0,4,optimal_empty,8,,,,,,,,,,,,,
sachs,PIP2,Plcg,D_RAND,0.5,0,4,optimal_empty,8,,,,,,,,,,,,,
sachs,PIP2,Plcg,D_RAND,0.5,1,4,not_amenable,9,,,,,,,,,,,,,
sachs,PKA,Akt,A_TRUE,1.0,0,8,ok,0,1,1,measured,17,1,local_up_fast,1,1,exact,1,0.375,0,1
sachs,PKA,Akt,D_RAND,1.0,0,8,not_amenable,2,,,,,,,,,,,,,
sachs,PKA,Akt,D_RAND,1.0,1,8,ok,1,1,1,measured,16,1,local_up_fast,1,1,exact,1,0.25,4,0
sachs,PKA,Akt,D_DEGEN,1.0,0,0,not_amenable,17,,,,,,,,,,,,,
sachs,PKA,Akt,A_TRUE,0.5,0,4,not_amenable,8,,,,,,,,,,,,,
sachs,PKA,Akt,D_RAND,0.5,0,4,not_amenable,4,,,,,,,,,,,,,
sachs,PKA,Akt,D_RAND,0.5,1,4,not_amenable,9,,,,,,,,,,,,,
sachs,PKA,Mek,A_TRUE,1.0,0,8,ok,0,1,1,measured,17,1,local_up_fast,1,1,exact,1,0.375,0,1
sachs,PKA,Mek,D_RAND,1.0,0,8,ok,1,1,1,measured,16,1,local_up_fast,1,1,exact,1,0.125,1,1
sachs,PKA,Mek,D_RAND,1.0,1,8,optimal_empty,1,,,,,,,,,,,,,
sachs,PKA,Mek,D_DEGEN,1.0,0,0,not_amenable,17,,,,,,,,,,,,,
sachs,PKA,Mek,A_TRUE,0.5,0,4,not_amenable,8,,,,,,,,,,,,,
sachs,PKA,Mek,D_RAND,0.5,0,4,not_amenable,9,,,,,,,,,,,,,
sachs,PKA,Mek,D_RAND,0.5,1,4,not_amenable,9,,,,,,,,,,,,,
sachs,PKA,Raf,A_TRUE,1.0,0,8,ok,0,1,1,measured,17,1,local_up_fast,1,1,exact,1,0.375,0,1
sachs,PKA,Raf,D_RAND,1.0,0,8,optimal_empty,3,,,,,,,,,,,,,
sachs,PKA,Raf,D_RAND,1.0,1,8,ok,1,1,1,measured,16,1,local_up_fast,1,1,exact,1,0.25,4,0
sachs,PKA,Raf,D_DEGEN,1.0,0,0,not_amenable,17,,,,,,,,,,,,,
sachs,PKA,Raf,A_TRUE,0.5,0,4,not_amenable,8,,,,,,,,,,,,,
sachs,PKA,Raf,D_RAND,0.5,0,4,not_amenable,9,,,,,,,,,,,,,
sachs,PKA,Raf,D_RAND,0.5,1,4,optimal_empty,5,,,,,,,,,,,,,
sachs,PKC,Jnk,A_TRUE,1.0,0,8,optimal_empty,0,,,,,,,,,,,,,
sachs,PKC,Jnk,D_RAND,1.0,0,8,not_amenable,1,,,,,,,,,,,,,
sachs,PKC,Jnk,D_RAND,1.0,1,8,optimal_empty,0,,,,,,,,,,,,,
sachs,PKC,Jnk,D_DEGEN,1.0,0,0,not_amenable,17,,,,,,,,,,,,,
sachs,PKC,Jnk,A_TRUE,0.5,0,4,not_amenable,8,,,,,,,,,,,,,
sachs,PKC,Jnk,D_RAND,0.5,0,4,not_amenable,8,,,,,,,,,,,,,
sachs,PKC,Jnk,D_RAND,0.5,1,4,not_amenable,8,,,,,,,,,,,,,
sachs,PKC,PKA,A_TRUE,1.0,0,8,optimal_empty,0,,,,,,,,,,,,,
sachs,PKC,PKA,D_RAND,1.0,0,8,optimal_empty,3,,,,,,,,,,,,,
sachs,PKC,PKA,D_RAND,1.0,1,8,not_amenable,2,,,,,,,,,,,,,
sachs,PKC,PKA,D_DEGEN,1.0,0,0,not_amenable,17,,,,,,,,,,,,,
sachs,PKC,PKA,A_TRUE,0.5,0,4,not_amenable,8,,,,,,,,,,,,,
sachs,PKC,PKA,D_RAND,0.5,0,4,not_amenable,5,,,,,,,,,,,,,
sachs,PKC,PKA,D_RAND,0.5,1,4,not_amenable,4,,,,,,,,,,,,,
sachs,Plcg,PIP3,A_TRUE,1.0,0,8,optimal_empty,0,,,,,,,,,,,,,
sachs,Plcg,PIP3,D_RAND,1.0,0,8,not_amenable,2,,,,,,,,,,,,,
sachs,Plcg,PIP3,D_RAND,1.0,1,8,optimal_empty,1,,,,,,,,,,,,,
sachs,Plcg,PIP3,D_DEGEN,1.0,0,0,not_amenable,17,,,,,,,,,,,,,
sachs,Plcg,PIP3,A_TRUE,0.5,0,4,optimal_empty,8,,,,,,,,,,,,,
sachs,Plcg,PIP3,D_RAND,0.5,0,4,extensions_intractable,9,,,,,,,,,,,,,
sachs,Plcg,PIP3,D_RAND,0.5,1,4,not_amenable,5,,,,,,,,,,,,,
sachs,Raf,Jnk,A_TRUE,1.0,0,8,optimal_empty,0,,,,,,,,,,,,,
sachs,Raf,Jnk,D_RAND,1.0,0,8,optimal_empty,1,,,,,,,,,,,,,
sachs,Raf,Jnk,D_RAND,1.0,1,8,optimal_empty,1,,,,,,,,,,,,,
sachs,Raf,Jnk,D_DEGEN,1.0,0,0,not_amenable,17,,,,,,,,,,,,,
sachs,Raf,Jnk,A_TRUE,0.5,0,4,not_amenable,8,,,,,,,,,,,,,
sachs,Raf,Jnk,D_RAND,0.5,0,4,not_amenable,8,,,,,,,,,,,,,
sachs,Raf,Jnk,D_RAND,0.5,1,4,not_amenable,9,,,,,,,,,,,,,
water,CKNI_12_00,CBODD_12_15,A_TRUE,1.0,0,2,ok,0,4,,no_z_member_in_component,6,-1,e1_ladder,1,,gt_2,,0.0,0,1
water,CKNI_12_00,CBODD_12_15,D_RAND,1.0,0,2,ok,4,4,,no_z_member_in_component,2,-1,local_up_fast,1,,gt_2,,0.0,2,1
water,CKNI_12_00,CBODD_12_15,D_RAND,1.0,1,2,ok,0,4,,no_z_member_in_component,6,-1,e1_ladder,1,,gt_2,,0.0,0,1
water,CKNI_12_00,CBODD_12_15,D_DEGEN,1.0,0,0,ok,6,4,,no_z_member_in_component,0,-1,local_up_fast,1,,gt_0,,,0,1
water,CKNI_12_00,CBODD_12_15,A_TRUE,0.5,0,1,ok,3,4,,no_z_member_in_component,3,-1,e1_ladder,1,,gt_1,,0.0,0,1
water,CKNI_12_00,CBODD_12_15,D_RAND,0.5,0,1,ok,5,4,,no_z_member_in_component,1,-1,local_up_fast,1,,gt_1,,0.0,1,1
water,CKNI_12_00,CBODD_12_15,D_RAND,0.5,1,1,ok,3,4,,no_z_member_in_component,3,-1,e1_ladder,1,,gt_1,,0.0,0,1
water,CKNI_12_00,CKND_12_15,A_TRUE,1.0,0,2,ok,0,2,,no_z_member_in_component,6,-1,e1_ladder,1,,gt_2,,0.0,0,1
water,CKNI_12_00,CKND_12_15,D_RAND,1.0,0,2,ok,0,2,,no_z_member_in_component,6,-1,e1_ladder,1,,gt_2,,0.0,0,1
water,CKNI_12_00,CKND_12_15,D_RAND,1.0,1,2,ok,2,2,,no_z_member_in_component,4,-1,e1_ladder,1,,gt_2,,0.0,1,1
water,CKNI_12_00,CKND_12_15,D_DEGEN,1.0,0,0,ok,6,2,,no_z_member_in_component,0,-1,local_up_fast,1,,gt_0,,,0,1
water,CKNI_12_00,CKND_12_15,A_TRUE,0.5,0,1,ok,3,2,,no_z_member_in_component,3,-1,e1_ladder,1,,gt_1,,0.0,0,1
water,CKNI_12_00,CKND_12_15,D_RAND,0.5,0,1,ok,3,2,,no_z_member_in_component,3,-1,e1_ladder,1,,gt_1,,0.0,0,1
water,CKNI_12_00,CKND_12_15,D_RAND,0.5,1,1,ok,5,2,,no_z_member_in_component,1,-1,local_up_fast,1,,gt_1,,0.0,1,1
water,CKNI_12_00,CKNI_12_45,A_TRUE,1.0,0,2,optimal_empty,0,,,,,,,,,,,,,
water,CKNI_12_00,CKNI_12_45,D_RAND,1.0,0,2,optimal_empty,2,,,,,,,,,,,,,
water,CKNI_12_00,CKNI_12_45,D_RAND,1.0,1,2,optimal_empty,2,,,,,,,,,,,,,
water,CKNI_12_00,CKNI_12_45,D_DEGEN,1.0,0,0,not_amenable,6,,,,,,,,,,,,,
water,CKNI_12_00,CKNI_12_45,A_TRUE,0.5,0,1,optimal_empty,3,,,,,,,,,,,,,
water,CKNI_12_00,CKNI_12_45,D_RAND,0.5,0,1,optimal_empty,5,,,,,,,,,,,,,
water,CKNI_12_00,CKNI_12_45,D_RAND,0.5,1,1,optimal_empty,3,,,,,,,,,,,,,
water,CKNI_12_00,CNON_12_45,A_TRUE,1.0,0,2,ok,0,11,,no_z_member_in_component,6,-1,e1_ladder,1,,gt_2,,0.0,0,1
water,CKNI_12_00,CNON_12_45,D_RAND,1.0,0,2,ok,0,11,,no_z_member_in_component,6,-1,e1_ladder,1,,gt_2,,0.0,0,1
water,CKNI_12_00,CNON_12_45,D_RAND,1.0,1,2,ok,2,11,,no_z_member_in_component,4,-1,e1_ladder,1,,gt_2,,0.0,1,1
water,CKNI_12_00,CNON_12_45,D_DEGEN,1.0,0,0,ok,6,11,,no_z_member_in_component,0,-1,local_up_fast,1,,gt_0,,,0,1
water,CKNI_12_00,CNON_12_45,A_TRUE,0.5,0,1,ok,3,11,,no_z_member_in_component,3,-1,e1_ladder,1,,gt_1,,0.0,0,1
water,CKNI_12_00,CNON_12_45,D_RAND,0.5,0,1,ok,3,11,,no_z_member_in_component,3,-1,e1_ladder,1,,gt_1,,0.0,0,1
water,CKNI_12_00,CNON_12_45,D_RAND,0.5,1,1,ok,3,11,,no_z_member_in_component,3,-1,e1_ladder,1,,gt_1,,0.0,0,1
water,CKNI_12_15,CBODN_12_45,A_TRUE,1.0,0,2,ok,0,6,,no_z_member_in_component,6,1,local_up_fast,1,1,exact,1,0.5,0,1
water,CKNI_12_15,CBODN_12_45,D_RAND,1.0,0,2,ok,0,6,,no_z_member_in_component,6,1,local_up_fast,1,1,exact,1,0.5,0,1
water,CKNI_12_15,CBODN_12_45,D_RAND,1.0,1,2,ok,2,9,,no_z_member_in_component,4,1,local_up_fast,1,1,exact,1,0.5,1,0
water,CKNI_12_15,CBODN_12_45,D_DEGEN,1.0,0,0,not_amenable,6,,,,,,,,,,,,,
water,CKNI_12_15,CBODN_12_45,A_TRUE,0.5,0,1,ok,3,6,,no_z_member_in_component,3,1,local_up_fast,1,1,exact,1,1.0,0,1
water,CKNI_12_15,CBODN_12_45,D_RAND,0.5,0,1,ok,3,6,,no_z_member_in_component,3,1,local_up_fast,1,1,exact,1,1.0,0,1
water,CKNI_12_15,CBODN_12_45,D_RAND,0.5,1,1,ok,5,9,,no_z_member_in_component,1,1,local_up_fast,1,1,exact,1,1.0,1,0
water,CKNI_12_15,CKNI_12_30,A_TRUE,1.0,0,2,optimal_empty,0,,,,,,,,,,,,,
water,CKNI_12_15,CKNI_12_30,D_RAND,1.0,0,2,optimal_empty,2,,,,,,,,,,,,,
water,CKNI_12_15,CKNI_12_30,D_RAND,1.0,1,2,optimal_empty,2,,,,,,,,,,,,,
water,CKNI_12_15,CKNI_12_30,D_DEGEN,1.0,0,0,not_amenable,6,,,,,,,,,,,,,
water,CKNI_12_15,CKNI_12_30,A_TRUE,0.5,0,1,optimal_empty,3,,,,,,,,,,,,,
water,CKNI_12_15,CKNI_12_30,D_RAND,0.5,0,1,not_amenable,5,,,,,,,,,,,,,
water,CKNI_12_15,CKNI_12_30,D_RAND,0.5,1,1,optimal_empty,3,,,,,,,,,,,,,
water,CKNI_12_15,CNOD_12_45,A_TRUE,1.0,0,2,ok,0,6,,no_z_member_in_component,6,1,local_up_fast,1,1,exact,1,0.5,0,1
water,CKNI_12_15,CNOD_12_45,D_RAND,1.0,0,2,ok,2,6,,no_z_member_in_component,4,1,local_up_fast,1,1,exact,1,0.5,1,1
water,CKNI_12_15,CNOD_12_45,D_RAND,1.0,1,2,ok,4,9,,no_z_member_in_component,2,1,local_up_fast,1,1,exact,1,0.5,2,0
water,CKNI_12_15,CNOD_12_45,D_DEGEN,1.0,0,0,not_amenable,6,,,,,,,,,,,,,
water,CKNI_12_15,CNOD_12_45,A_TRUE,0.5,0,1,ok,3,6,,no_z_member_in_component,3,1,local_up_fast,1,1,exact,1,1.0,0,1
water,CKNI_12_15,CNOD_12_45,D_RAND,0.5,0,1,ok,3,6,,no_z_member_in_component,3,1,local_up_fast,1,1,exact,1,1.0,0,1
water,CKNI_12_15,CNOD_12_45,D_RAND,0.5,1,1,ok,5,9,,no_z_member_in_component,1,1,local_up_fast,1,1,exact,1,1.0,1,0
water,CKNI_12_30,CBODN_12_30,A_TRUE,1.0,0,2,optimal_empty,0,,,,,,,,,,,,,
water,CKNI_12_30,CBODN_12_30,D_RAND,1.0,0,2,optimal_empty,2,,,,,,,,,,,,,
water,CKNI_12_30,CBODN_12_30,D_RAND,1.0,1,2,not_amenable,4,,,,,,,,,,,,,
water,CKNI_12_30,CBODN_12_30,D_DEGEN,1.0,0,0,not_amenable,6,,,,,,,,,,,,,
water,CKNI_12_30,CBODN_12_30,A_TRUE,0.5,0,1,optimal_empty,3,,,,,,,,,,,,,
water,CKNI_12_30,CBODN_12_30,D_RAND,0.5,0,1,not_amenable,5,,,,,,,,,,,,,
water,CKNI_12_30,CBODN_12_30,D_RAND,0.5,1,1,optimal_empty,3,,,,,,,,,,,,,
water,CKNI_12_30,CKNI_12_00,A_TRUE,1.0,0,2,optimal_empty,0,,,,,,,,,,,,,
water,CKNI_12_30,CKNI_12_00,D_RAND,1.0,0,2,optimal_empty,2,,,,,,,,,,,,,
water,CKNI_12_30,CKNI_12_00,D_RAND,1.0,1,2,not_amenable,2,,,,,,,,,,,,,
water,CKNI_12_30,CKNI_12_00,D_DEGEN,1.0,0,0,not_amenable,6,,,,,,,,,,,,,
water,CKNI_12_30,CKNI_12_00,A_TRUE,0.5,0,1,optimal_empty,3,,,,,,,,,,,,,
water,CKNI_12_30,CKNI_12_00,D_RAND,0.5,0,1,optimal_empty,3,,,,,,,,,,,,,
water,CKNI_12_30,CKNI_12_00,D_RAND,0.5,1,1,not_amenable,5,,,,,,,,,,,,,
water,CKNI_12_30,CNOD_12_30,A_TRUE,1.0,0,2,optimal_empty,0,,,,,,,,,,,,,
water,CKNI_12_30,CNOD_12_30,D_RAND,1.0,0,2,optimal_empty,0,,,,,,,,,,,,,
water,CKNI_12_30,CNOD_12_30,D_RAND,1.0,1,2,not_amenable,2,,,,,,,,,,,,,
water,CKNI_12_30,CNOD_12_30,D_DEGEN,1.0,0,0,not_amenable,6,,,,,,,,,,,,,
water,CKNI_12_30,CNOD_12_30,A_TRUE,0.5,0,1,optimal_empty,3,,,,,,,,,,,,,
water,CKNI_12_30,CNOD_12_30,D_RAND,0.5,0,1,not_amenable,5,,,,,,,,,,,,,
water,CKNI_12_30,CNOD_12_30,D_RAND,0.5,1,1,optimal_empty,3,,,,,,,,,,,,,
water,CKNI_12_45,CBODD_12_45,A_TRUE,1.0,0,2,optimal_empty,0,,,,,,,,,,,,,
water,CKNI_12_45,CBODD_12_45,D_RAND,1.0,0,2,not_amenable,2,,,,,,,,,,,,,
water,CKNI_12_45,CBODD_12_45,D_RAND,1.0,1,2,not_amenable,2,,,,,,,,,,,,,
water,CKNI_12_45,CBODD_12_45,D_DEGEN,1.0,0,0,not_amenable,6,,,,,,,,,,,,,
water,CKNI_12_45,CBODD_12_45,A_TRUE,0.5,0,1,optimal_empty,3,,,,,,,,,,,,,
water,CKNI_12_45,CBODD_12_45,D_RAND,0.5,0,1,not_amenable,5,,,,,,,,,,,,,
water,CKNI_12_45,CBODD_12_45,D_RAND,0.5,1,1,not_amenable,5,,,,,,,,,,,,,
water,CKNI_12_45,CKND_12_45,A_TRUE,1.0,0,2,optimal_empty,0,,,,,,,,,,,,,
water,CKNI_12_45,CKND_12_45,D_RAND,1.0,0,2,not_amenable,4,,,,,,,,,,,,,
water,CKNI_12_45,CKND_12_45,D_RAND,1.0,1,2,optimal_empty,0,,,,,,,,,,,,,
water,CKNI_12_45,CKND_12_45,D_DEGEN,1.0,0,0,not_amenable,6,,,,,,,,,,,,,
water,CKNI_12_45,CKND_12_45,A_TRUE,0.5,0,1,optimal_empty,3,,,,,,,,,,,,,
water,CKNI_12_45,CKND_12_45,D_RAND,0.5,0,1,optimal_empty,3,,,,,,,,,,,,,
water,CKNI_12_45,CKND_12_45,D_RAND,0.5,1,1,not_amenable,5,,,,,,,,,,,,,
water,CKNI_12_45,CKNN_12_45,A_TRUE,1.0,0,2,optimal_empty,0,,,,,,,,,,,,,
water,CKNI_12_45,CKNN_12_45,D_RAND,1.0,0,2,not_amenable,2,,,,,,,,,,,,,
water,CKNI_12_45,CKNN_12_45,D_RAND,1.0,1,2,optimal_empty,0,,,,,,,,,,,,,
water,CKNI_12_45,CKNN_12_45,D_DEGEN,1.0,0,0,not_amenable,6,,,,,,,,,,,,,
water,CKNI_12_45,CKNN_12_45,A_TRUE,0.5,0,1,optimal_empty,3,,,,,,,,,,,,,
water,CKNI_12_45,CKNN_12_45,D_RAND,0.5,0,1,not_amenable,5,,,,,,,,,,,,,
water,CKNI_12_45,CKNN_12_45,D_RAND,0.5,1,1,not_amenable,5,,,,,,,,,,,,,
water,C_NI_12_00,CBODD_12_30,A_TRUE,1.0,0,2,ok,0,7,,no_z_member_in_component,6,1,local_up_fast,1,1,exact,1,0.5,0,1
water,C_NI_12_00,CBODD_12_30,D_RAND,1.0,0,2,ok,2,8,1,measured,4,1,local_up_fast,1,1,exact,1,0.5,1,0
water,C_NI_12_00,CBODD_12_30,D_RAND,1.0,1,2,ok,2,8,1,measured,4,1,local_up_fast,1,1,exact,1,0.5,1,0
water,C_NI_12_00,CBODD_12_30,D_DEGEN,1.0,0,0,not_amenable,6,,,,,,,,,,,,,
water,C_NI_12_00,CBODD_12_30,A_TRUE,0.5,0,1,not_amenable,3,,,,,,,,,,,,,
water,C_NI_12_00,CBODD_12_30,D_RAND,0.5,0,1,not_amenable,5,,,,,,,,,,,,,
water,C_NI_12_00,CBODD_12_30,D_RAND,0.5,1,1,not_amenable,5,,,,,,,,,,,,,
water,C_NI_12_00,CNOD_12_45,A_TRUE,1.0,0,2,ok,0,9,,no_z_member_in_component,6,1,local_up_fast,1,1,exact,1,0.5,0,1
water,C_NI_12_00,CNOD_12_45,D_RAND,1.0,0,2,ok,2,10,1,measured,4,1,local_up_fast,1,1,exact,1,0.5,1,0
water,C_NI_12_00,CNOD_12_45,D_RAND,1.0,1,2,ok,2,10,1,measured,4,1,local_up_fast,1,1,exact,1,0.5,1,0
water,C_NI_12_00,CNOD_12_45,D_DEGEN,1.0,0,0,not_amenable,6,,,,,,,,,,,,,
water,C_NI_12_00,CNOD_12_45,A_TRUE,0.5,0,1,not_amenable,3,,,,,,,,,,,,,
water,C_NI_12_00,CNOD_12_45,D_RAND,0.5,0,1,not_amenable,5,,,,,,,,,,,,,
water,C_NI_12_00,CNOD_12_45,D_RAND,0.5,1,1,not_amenable,3,,,,,,,,,,,,,
water,C_NI_12_15,CBODD_12_15,A_TRUE,1.0,0,2,optimal_empty,0,,,,,,,,,,,,,
water,C_NI_12_15,CBODD_12_15,D_RAND,1.0,0,2,optimal_empty,2,,,,,,,,,,,,,
water,C_NI_12_15,CBODD_12_15,D_RAND,1.0,1,2,optimal_empty,2,,,,,,,,,,,,,
water,C_NI_12_15,CBODD_12_15,D_DEGEN,1.0,0,0,not_amenable,6,,,,,,,,,,,,,
water,C_NI_12_15,CBODD_12_15,A_TRUE,0.5,0,1,not_amenable,3,,,,,,,,,,,,,
water,C_NI_12_15,CBODD_12_15,D_RAND,0.5,0,1,not_amenable,5,,,,,,,,,,,,,
water,C_NI_12_15,CBODD_12_15,D_RAND,0.5,1,1,not_amenable,3,,,,,,,,,,,,,
water,C_NI_12_15,CNOD_12_30,A_TRUE,1.0,0,2,optimal_empty,0,,,,,,,,,,,,,
water,C_NI_12_15,CNOD_12_30,D_RAND,1.0,0,2,ok,2,6,,no_z_member_in_component,4,1,local_up_fast,1,1,exact,1,0.5,1,0
water,C_NI_12_15,CNOD_12_30,D_RAND,1.0,1,2,optimal_empty,2,,,,,,,,,,,,,
water,C_NI_12_15,CNOD_12_30,D_DEGEN,1.0,0,0,not_amenable,6,,,,,,,,,,,,,
water,C_NI_12_15,CNOD_12_30,A_TRUE,0.5,0,1,not_amenable,3,,,,,,,,,,,,,
water,C_NI_12_15,CNOD_12_30,D_RAND,0.5,0,1,not_amenable,5,,,,,,,,,,,,,
water,C_NI_12_15,CNOD_12_30,D_RAND,0.5,1,1,not_amenable,3,,,,,,,,,,,,,
water,C_NI_12_15,C_NI_12_45,A_TRUE,1.0,0,2,optimal_empty,0,,,,,,,,,,,,,
water,C_NI_12_15,C_NI_12_45,D_RAND,1.0,0,2,optimal_empty,2,,,,,,,,,,,,,
water,C_NI_12_15,C_NI_12_45,D_RAND,1.0,1,2,optimal_empty,0,,,,,,,,,,,,,
water,C_NI_12_15,C_NI_12_45,D_DEGEN,1.0,0,0,not_amenable,6,,,,,,,,,,,,,
water,C_NI_12_15,C_NI_12_45,A_TRUE,0.5,0,1,not_amenable,3,,,,,,,,,,,,,
water,C_NI_12_15,C_NI_12_45,D_RAND,0.5,0,1,not_amenable,5,,,,,,,,,,,,,
water,C_NI_12_15,C_NI_12_45,D_RAND,0.5,1,1,not_amenable,3,,,,,,,,,,,,,
water,C_NI_12_30,CBODN_12_45,A_TRUE,1.0,0,2,optimal_empty,0,,,,,,,,,,,,,
water,C_NI_12_30,CBODN_12_45,D_RAND,1.0,0,2,optimal_empty,0,,,,,,,,,,,,,
water,C_NI_12_30,CBODN_12_45,D_RAND,1.0,1,2,optimal_empty,2,,,,,,,,,,,,,
water,C_NI_12_30,CBODN_12_45,D_DEGEN,1.0,0,0,not_amenable,6,,,,,,,,,,,,,
water,C_NI_12_30,CBODN_12_45,A_TRUE,0.5,0,1,not_amenable,3,,,,,,,,,,,,,
water,C_NI_12_30,CBODN_12_45,D_RAND,0.5,0,1,not_amenable,3,,,,,,,,,,,,,
water,C_NI_12_30,CBODN_12_45,D_RAND,0.5,1,1,not_amenable,3,,,,,,,,,,,,,
water,C_NI_12_30,C_NI_12_15,A_TRUE,1.0,0,2,optimal_empty,0,,,,,,,,,,,,,
water,C_NI_12_30,C_NI_12_15,D_RAND,1.0,0,2,not_amenable,2,,,,,,,,,,,,,
water,C_NI_12_30,C_NI_12_15,D_RAND,1.0,1,2,not_amenable,4,,,,,,,,,,,,,
water,C_NI_12_30,C_NI_12_15,D_DEGEN,1.0,0,0,not_amenable,6,,,,,,,,,,,,,
water,C_NI_12_30,C_NI_12_15,A_TRUE,0.5,0,1,not_amenable,3,,,,,,,,,,,,,
water,C_NI_12_30,C_NI_12_15,D_RAND,0.5,0,1,not_amenable,3,,,,,,,,,,,,,
water,C_NI_12_30,C_NI_12_15,D_RAND,0.5,1,1,not_amenable,3,,,,,,,,,,,,,
win95pts,AppDtGnTm,DeskPrntSpd,A_TRUE,1.0,0,9,ok,0,2,2,measured,12,1,local_up_fast,1,1,exact,1,0.1111,0,1
win95pts,AppDtGnTm,DeskPrntSpd,D_RAND,1.0,0,9,ok,0,2,2,measured,12,2,local_up_fast,1,2,exact,2,0.0,4,1
win95pts,AppDtGnTm,DeskPrntSpd,D_RAND,1.0,1,9,ok,1,1,,no_z_member_in_component,11,1,local_up_fast,1,1,exact,1,0.1111,5,0
win95pts,AppDtGnTm,DeskPrntSpd,D_DEGEN,1.0,0,0,not_amenable,12,,,,,,,,,,,,,
win95pts,AppDtGnTm,DeskPrntSpd,A_TRUE,0.5,0,4,not_amenable,8,,,,,,,,,,,,,
win95pts,AppDtGnTm,DeskPrntSpd,D_RAND,0.5,0,4,not_amenable,6,,,,,,,,,,,,,
win95pts,AppDtGnTm,DeskPrntSpd,D_RAND,0.5,1,4,not_amenable,6,,,,,,,,,,,,,
win95pts,AppDtGnTm,Problem1,A_TRUE,1.0,0,9,optimal_empty,0,,,,,,,,,,,,,
win95pts,AppDtGnTm,Problem1,D_RAND,1.0,0,9,ok,3,18,,no_z_member_in_component,9,1,local_up_fast,1,1,exact,1,0.1111,5,0
win95pts,AppDtGnTm,Problem1,D_RAND,1.0,1,9,optimal_empty,0,,,,,,,,,,,,,
win95pts,AppDtGnTm,Problem1,D_DEGEN,1.0,0,0,not_amenable,12,,,,,,,,,,,,,
win95pts,AppDtGnTm,Problem1,A_TRUE,0.5,0,4,not_amenable,8,,,,,,,,,,,,,
win95pts,AppDtGnTm,Problem1,D_RAND,0.5,0,4,not_amenable,8,,,,,,,,,,,,,
win95pts,AppDtGnTm,Problem1,D_RAND,0.5,1,4,not_amenable,8,,,,,,,,,,,,,
win95pts,AvlblVrtlMmry,IncmpltPS,A_TRUE,1.0,0,9,ok,0,1,,no_z_member_in_component,12,-2,e1_ladder,0,,gt_3,,0.0,0,1
win95pts,AvlblVrtlMmry,IncmpltPS,D_RAND,1.0,0,9,ok,2,1,,no_z_member_in_component,10,-2,e1_ladder,0,,gt_3,,0.0,5,1
win95pts,AvlblVrtlMmry,IncmpltPS,D_RAND,1.0,1,9,ok,2,1,,no_z_member_in_component,10,-2,e1_ladder,0,,gt_3,,0.0,4,1
win95pts,AvlblVrtlMmry,IncmpltPS,D_DEGEN,1.0,0,0,extensions_intractable,12,,,,,,,,,,,,,
win95pts,AvlblVrtlMmry,IncmpltPS,A_TRUE,0.5,0,4,ok,8,1,,no_z_member_in_component,4,-2,e1_ladder,0,,gt_3,,0.0,0,1
win95pts,AvlblVrtlMmry,IncmpltPS,D_RAND,0.5,0,4,ok,8,1,,no_z_member_in_component,4,-2,e1_ladder,0,,gt_3,,0.0,2,1
win95pts,AvlblVrtlMmry,IncmpltPS,D_RAND,0.5,1,4,ok,8,1,,no_z_member_in_component,4,-2,e1_ladder,0,,gt_3,,0.0,3,1
win95pts,HrglssDrtnAftrPrnt,AppDtGnTm,A_TRUE,1.0,0,9,optimal_empty,0,,,,,,,,,,,,,
win95pts,HrglssDrtnAftrPrnt,AppDtGnTm,D_RAND,1.0,0,9,optimal_empty,1,,,,,,,,,,,,,
win95pts,HrglssDrtnAftrPrnt,AppDtGnTm,D_RAND,1.0,1,9,optimal_empty,1,,,,,,,,,,,,,
win95pts,HrglssDrtnAftrPrnt,AppDtGnTm,D_DEGEN,1.0,0,0,not_amenable,12,,,,,,,,,,,,,
win95pts,HrglssDrtnAftrPrnt,AppDtGnTm,A_TRUE,0.5,0,4,not_amenable,8,,,,,,,,,,,,,
win95pts,HrglssDrtnAftrPrnt,AppDtGnTm,D_RAND,0.5,0,4,not_amenable,8,,,,,,,,,,,,,
win95pts,HrglssDrtnAftrPrnt,AppDtGnTm,D_RAND,0.5,1,4,not_amenable,6,,,,,,,,,,,,,
win95pts,HrglssDrtnAftrPrnt,Problem1,A_TRUE,1.0,0,9,optimal_empty,0,,,,,,,,,,,,,
win95pts,HrglssDrtnAftrPrnt,Problem1,D_RAND,1.0,0,9,not_amenable,2,,,,,,,,,,,,,
win95pts,HrglssDrtnAftrPrnt,Problem1,D_RAND,1.0,1,9,optimal_empty,1,,,,,,,,,,,,,
win95pts,HrglssDrtnAftrPrnt,Problem1,D_DEGEN,1.0,0,0,not_amenable,12,,,,,,,,,,,,,
win95pts,HrglssDrtnAftrPrnt,Problem1,A_TRUE,0.5,0,4,not_amenable,8,,,,,,,,,,,,,
win95pts,HrglssDrtnAftrPrnt,Problem1,D_RAND,0.5,0,4,not_amenable,6,,,,,,,,,,,,,
win95pts,HrglssDrtnAftrPrnt,Problem1,D_RAND,0.5,1,4,not_amenable,8,,,,,,,,,,,,,
win95pts,PSERRMEM,GrbldPS,A_TRUE,1.0,0,9,optimal_empty,0,,,,,,,,,,,,,
win95pts,PSERRMEM,GrbldPS,D_RAND,1.0,0,9,optimal_empty,1,,,,,,,,,,,,,
win95pts,PSERRMEM,GrbldPS,D_RAND,1.0,1,9,optimal_empty,1,,,,,,,,,,,,,
win95pts,PSERRMEM,GrbldPS,D_DEGEN,1.0,0,0,not_amenable,12,,,,,,,,,,,,,
win95pts,PSERRMEM,GrbldPS,A_TRUE,0.5,0,4,not_amenable,8,,,,,,,,,,,,,
win95pts,PSERRMEM,GrbldPS,D_RAND,0.5,0,4,optimal_empty,6,,,,,,,,,,,,,
win95pts,PSERRMEM,GrbldPS,D_RAND,0.5,1,4,optimal_empty,6,,,,,,,,,,,,,
win95pts,PrntPrcssTm,AppDtGnTm,A_TRUE,1.0,0,9,optimal_empty,0,,,,,,,,,,,,,
win95pts,PrntPrcssTm,AppDtGnTm,D_RAND,1.0,0,9,optimal_empty,1,,,,,,,,,,,,,
win95pts,PrntPrcssTm,AppDtGnTm,D_RAND,1.0,1,9,optimal_empty,2,,,,,,,,,,,,,
win95pts,PrntPrcssTm,AppDtGnTm,D_DEGEN,1.0,0,0,not_amenable,12,,,,,,,,,,,,,
win95pts,PrntPrcssTm,AppDtGnTm,A_TRUE,0.5,0,4,not_amenable,8,,,,,,,,,,,,,
win95pts,PrntPrcssTm,AppDtGnTm,D_RAND,0.5,0,4,not_amenable,6,,,,,,,,,,,,,
win95pts,PrntPrcssTm,AppDtGnTm,D_RAND,0.5,1,4,not_amenable,8,,,,,,,,,,,,,
win95pts,PrntPrcssTm,Problem1,A_TRUE,1.0,0,9,optimal_empty,0,,,,,,,,,,,,,
win95pts,PrntPrcssTm,Problem1,D_RAND,1.0,0,9,optimal_empty,2,,,,,,,,,,,,,
win95pts,PrntPrcssTm,Problem1,D_RAND,1.0,1,9,optimal_empty,1,,,,,,,,,,,,,
win95pts,PrntPrcssTm,Problem1,D_DEGEN,1.0,0,0,not_amenable,12,,,,,,,,,,,,,
win95pts,PrntPrcssTm,Problem1,A_TRUE,0.5,0,4,not_amenable,8,,,,,,,,,,,,,
win95pts,PrntPrcssTm,Problem1,D_RAND,0.5,0,4,not_amenable,8,,,,,,,,,,,,,
win95pts,PrntPrcssTm,Problem1,D_RAND,0.5,1,4,not_amenable,8,,,,,,,,,,,,,
win95pts,PrtMem,DeskPrntSpd,A_TRUE,1.0,0,9,ok,0,2,,no_z_member_in_component,12,-2,e1_ladder,0,,gt_3,,0.0,0,1
win95pts,PrtMem,DeskPrntSpd,D_RAND,1.0,0,9,ok,0,2,,no_z_member_in_component,12,-2,e1_ladder,0,,gt_3,,0.0,4,1
win95pts,PrtMem,DeskPrntSpd,D_RAND,1.0,1,9,ok,3,2,,no_z_member_in_component,9,-2,e1_ladder,0,,gt_3,,0.0,4,1
win95pts,PrtMem,DeskPrntSpd,D_DEGEN,1.0,0,0,extensions_intractable,12,,,,,,,,,,,,,
win95pts,PrtMem,DeskPrntSpd,A_TRUE,0.5,0,4,ok,8,2,,no_z_member_in_component,4,-2,e1_ladder,0,,gt_3,,0.0,0,1
win95pts,PrtMem,DeskPrntSpd,D_RAND,0.5,0,4,ok,8,2,,no_z_member_in_component,4,-2,e1_ladder,0,,gt_3,,0.0,1,1
win95pts,PrtMem,DeskPrntSpd,D_RAND,0.5,1,4,ok,8,2,,no_z_member_in_component,4,-2,e1_ladder,0,,gt_3,,0.0,0,1
win95pts,PrtMem,NtGrbld,A_TRUE,1.0,0,9,ok,0,3,,no_z_member_in_component,12,-1,e1_ladder,1,,gt_3,,0.0,0,1
win95pts,PrtMem,NtGrbld,D_RAND,1.0,0,9,ok,1,3,,no_z_member_in_component,11,-1,e1_ladder,1,,gt_3,,0.0,6,1
win95pts,PrtMem,NtGrbld,D_RAND,1.0,1,9,ok,1,3,,no_z_member_in_component,11,-1,e1_ladder,1,,gt_3,,0.0,5,1
win95pts,PrtMem,NtGrbld,D_DEGEN,1.0,0,0,extensions_intractable,12,,,,,,,,,,,,,
win95pts,PrtMem,NtGrbld,A_TRUE,0.5,0,4,ok,8,3,,no_z_member_in_component,4,-1,e1_ladder,1,,gt_3,,0.0,0,1
win95pts,PrtMem,NtGrbld,D_RAND,0.5,0,4,ok,8,3,,no_z_member_in_component,4,-1,e1_ladder,1,,gt_3,,0.0,2,1
win95pts,PrtMem,NtGrbld,D_RAND,0.5,1,4,ok,6,3,,no_z_member_in_component,6,-1,e1_ladder,1,,gt_3,,0.0,4,1
win95pts,PrtMem,Problem5,A_TRUE,1.0,0,9,ok,0,4,,no_z_member_in_component,12,-1,e1_ladder,1,,gt_3,,0.0,0,1
win95pts,PrtMem,Problem5,D_RAND,1.0,0,9,ok,2,4,,no_z_member_in_component,10,-1,e1_ladder,1,,gt_3,,0.0,4,1
win95pts,PrtMem,Problem5,D_RAND,1.0,1,9,ok,2,4,,no_z_member_in_component,10,-1,e1_ladder,1,,gt_3,,0.0,3,1
win95pts,PrtMem,Problem5,D_DEGEN,1.0,0,0,extensions_intractable,12,,,,,,,,,,,,,
win95pts,PrtMem,Problem5,A_TRUE,0.5,0,4,ok,8,4,,no_z_member_in_component,4,-1,e1_ladder,1,,gt_3,,0.0,0,1
win95pts,PrtMem,Problem5,D_RAND,0.5,0,4,ok,8,4,,no_z_member_in_component,4,-1,e1_ladder,1,,gt_3,,0.0,2,1
win95pts,PrtMem,Problem5,D_RAND,0.5,1,4,ok,8,4,,no_z_member_in_component,4,-1,e1_ladder,1,,gt_3,,0.0,2,1
win95pts,PrtOn,PrtStatOff,A_TRUE,1.0,0,9,optimal_empty,0,,,,,,,,,,,,,
win95pts,PrtOn,PrtStatOff,D_RAND,1.0,0,9,optimal_empty,1,,,,,,,,,,,,,
win95pts,PrtOn,PrtStatOff,D_RAND,1.0,1,9,optimal_empty,0,,,,,,,,,,,,,
win95pts,PrtOn,PrtStatOff,D_DEGEN,1.0,0,0,not_amenable,12,,,,,,,,,,,,,
win95pts,PrtOn,PrtStatOff,A_TRUE,0.5,0,4,optimal_empty,8,,,,,,,,,,,,,
win95pts,PrtOn,PrtStatOff,D_RAND,0.5,0,4,optimal_empty,8,,,,,,,,,,,,,
win95pts,PrtOn,PrtStatOff,D_RAND,0.5,1,4,optimal_empty,8,,,,,,,,,,,,,
win95pts,PrtPScript,Problem6,A_TRUE,1.0,0,9,ok,0,1,,no_z_member_in_component,12,1,local_up_fast,1,1,exact,1,0.3333,0,1
win95pts,PrtPScript,Problem6,D_RAND,1.0,0,9,not_amenable,1,,,,,,,,,,,,,
win95pts,PrtPScript,Problem6,D_RAND,1.0,1,9,ok,0,2,,no_z_member_in_component,12,1,local_up_fast,1,1,exact,1,0.1111,4,0
win95pts,PrtPScript,Problem6,D_DEGEN,1.0,0,0,not_amenable,12,,,,,,,,,,,,,
win95pts,PrtPScript,Problem6,A_TRUE,0.5,0,4,not_amenable,8,,,,,,,,,,,,,
win95pts,PrtPScript,Problem6,D_RAND,0.5,0,4,not_amenable,6,,,,,,,,,,,,,
win95pts,PrtPScript,Problem6,D_RAND,0.5,1,4,not_amenable,8,,,,,,,,,,,,,
win95pts,PrtSpool,GDIIN,A_TRUE,1.0,0,9,ok,0,2,,no_z_member_in_component,12,-2,e1_ladder,0,,gt_3,,0.0,0,1
win95pts,PrtSpool,GDIIN,D_RAND,1.0,0,9,ok,1,2,,no_z_member_in_component,11,-2,e1_ladder,0,,gt_3,,0.0,4,1
win95pts,PrtSpool,GDIIN,D_RAND,1.0,1,9,ok,1,2,,no_z_member_in_component,11,-2,e1_ladder,0,,gt_3,,0.0,3,1
win95pts,PrtSpool,GDIIN,D_DEGEN,1.0,0,0,extensions_intractable,12,,,,,,,,,,,,,
win95pts,PrtSpool,GDIIN,A_TRUE,0.5,0,4,ok,8,2,,no_z_member_in_component,4,-2,e1_ladder,0,,gt_3,,0.0,0,1
win95pts,PrtSpool,GDIIN,D_RAND,0.5,0,4,ok,6,2,,no_z_member_in_component,6,-2,e1_ladder,0,,gt_3,,0.0,2,1
win95pts,PrtSpool,GDIIN,D_RAND,0.5,1,4,ok,8,2,,no_z_member_in_component,4,-2,e1_ladder,0,,gt_3,,0.0,0,1
win95pts,PrtSpool,Problem2,A_TRUE,1.0,0,9,ok,0,4,,no_z_member_in_component,12,1,local_up_fast,1,1,exact,1,0.2222,0,1
win95pts,PrtSpool,Problem2,D_RAND,1.0,0,9,ok,1,5,1,measured,11,1,local_up_fast,1,1,exact,1,0.1111,6,0
win95pts,PrtSpool,Problem2,D_RAND,1.0,1,9,ok,1,4,,no_z_member_in_component,11,1,local_up_fast,1,1,exact,1,0.2222,4,1
win95pts,PrtSpool,Problem2,D_DEGEN,1.0,0,0,not_amenable,12,,,,,,,,,,,,,
win95pts,PrtSpool,Problem2,A_TRUE,0.5,0,4,not_amenable,8,,,,,,,,,,,,,
win95pts,PrtSpool,Problem2,D_RAND,0.5,0,4,not_amenable,6,,,,,,,,,,,,,
win95pts,PrtSpool,Problem2,D_RAND,0.5,1,4,not_amenable,8,,,,,,,,,,,,,
win95pts,PrtStatMem,GrbldPS,A_TRUE,1.0,0,9,optimal_empty,0,,,,,,,,,,,,,
win95pts,PrtStatMem,GrbldPS,D_RAND,1.0,0,9,optimal_empty,0,,,,,,,,,,,,,
win95pts,PrtStatMem,GrbldPS,D_RAND,1.0,1,9,ok,0,6,,no_z_member_in_component,12,1,local_up_fast,1,1,exact,1,0.1111,5,0
win95pts,PrtStatMem,GrbldPS,D_DEGEN,1.0,0,0,not_amenable,12,,,,,,,,,,,,,
win95pts,PrtStatMem,GrbldPS,A_TRUE,0.5,0,4,optimal_empty,8,,,,,,,,,,,,,
win95pts,PrtStatMem,GrbldPS,D_RAND,0.5,0,4,optimal_empty,8,,,,,,,,,,,,,
win95pts,PrtStatMem,GrbldPS,D_RAND,0.5,1,4,optimal_empty,8,,,,,,,,,,,,,
win95pts,PrtStatMem,PSGRAPHIC,A_TRUE,1.0,0,9,optimal_empty,0,,,,,,,,,,,,,
win95pts,PrtStatMem,PSGRAPHIC,D_RAND,1.0,0,9,optimal_empty,0,,,,,,,,,,,,,
win95pts,PrtStatMem,PSGRAPHIC,D_RAND,1.0,1,9,ok,1,2,,no_z_member_in_component,11,1,local_up_fast,1,1,exact,1,0.1111,5,0
win95pts,PrtStatMem,PSGRAPHIC,D_DEGEN,1.0,0,0,not_amenable,12,,,,,,,,,,,,,
win95pts,PrtStatMem,PSGRAPHIC,A_TRUE,0.5,0,4,optimal_empty,8,,,,,,,,,,,,,
win95pts,PrtStatMem,PSGRAPHIC,D_RAND,0.5,0,4,ok,6,2,,no_z_member_in_component,6,1,local_up_fast,1,1,exact,1,0.25,4,0
win95pts,PrtStatMem,PSGRAPHIC,D_RAND,0.5,1,4,ok,6,2,,no_z_member_in_component,6,1,local_up_fast,1,1,exact,1,0.25,4,0
win95pts,PrtStatMem,PrtData,A_TRUE,1.0,0,9,optimal_empty,0,,,,,,,,,,,,,
win95pts,PrtStatMem,PrtData,D_RAND,1.0,0,9,optimal_empty,0,,,,,,,,,,,,,
win95pts,PrtStatMem,PrtData,D_RAND,1.0,1,9,optimal_empty,2,,,,,,,,,,,,,
win95pts,PrtStatMem,PrtData,D_DEGEN,1.0,0,0,not_amenable,12,,,,,,,,,,,,,
win95pts,PrtStatMem,PrtData,A_TRUE,0.5,0,4,optimal_empty,8,,,,,,,,,,,,,
win95pts,PrtStatMem,PrtData,D_RAND,0.5,0,4,ok,6,6,,no_z_member_in_component,6,1,local_up_fast,1,1,exact,1,0.25,4,0
win95pts,PrtStatMem,PrtData,D_RAND,0.5,1,4,optimal_empty,8,,,,,,,,,,,,,
win95pts,PrtStatPaper,PrtData,A_TRUE,1.0,0,9,optimal_empty,0,,,,,,,,,,,,,
win95pts,PrtStatPaper,PrtData,D_RAND,1.0,0,9,ok,1,6,,no_z_member_in_component,11,1,local_up_fast,1,1,exact,1,0.1111,5,0
win95pts,PrtStatPaper,PrtData,D_RAND,1.0,1,9,optimal_empty,0,,,,,,,,,,,,,
win95pts,PrtStatPaper,PrtData,D_DEGEN,1.0,0,0,not_amenable,12,,,,,,,,,,,,,
win95pts,PrtStatPaper,PrtData,A_TRUE,0.5,0,4,not_amenable,8,,,,,,,,,,,,,
win95pts,PrtStatPaper,PrtData,D_RAND,0.5,0,4,not_amenable,6,,,,,,,,,,,,,
win95pts,PrtStatPaper,PrtData,D_RAND,0.5,1,4,not_amenable,8,,,,,,,,,,,,,
win95pts,TnrSpply,PrtStatToner,A_TRUE,1.0,0,9,optimal_empty,0,,,,,,,,,,,,,
win95pts,TnrSpply,PrtStatToner,D_RAND,1.0,0,9,optimal_empty,0,,,,,,,,,,,,,
win95pts,TnrSpply,PrtStatToner,D_RAND,1.0,1,9,optimal_empty,3,,,,,,,,,,,,,
win95pts,TnrSpply,PrtStatToner,D_DEGEN,1.0,0,0,not_amenable,12,,,,,,,,,,,,,
win95pts,TnrSpply,PrtStatToner,A_TRUE,0.5,0,4,optimal_empty,8,,,,,,,,,,,,,
win95pts,TnrSpply,PrtStatToner,D_RAND,0.5,0,4,optimal_empty,8,,,,,,,,,,,,,
win95pts,TnrSpply,PrtStatToner,D_RAND,0.5,1,4,optimal_empty,6,,,,,,,,,,,,,
