instance_id,component_size,separation,coverage,base_wrongness,n_draws,d,n_eval,n_contradictory,contradiction_rate,S,S_contra_as_fail
c06_s01_cov050_seed00000000_bw010,6,1,0.5,0.1,200,1,200,0,0.0,0.75,0.75
c06_s01_cov050_seed00000000_bw010,6,1,0.5,0.1,200,2,72,128,0.64,0.0,0.0
c06_s01_cov050_seed00000000_bw010,6,1,0.5,0.1,200,3,0,200,1.0,,0.0
c06_s01_cov050_seed00000000_bw010,6,1,0.5,0.1,200,4,0,200,1.0,,0.0
c06_s01_cov050_seed00000000_bw010,6,1,0.5,0.1,1000,1,1000,0,0.0,0.759,0.759
c06_s01_cov050_seed00000000_bw010,6,1,0.5,0.1,1000,2,329,671,0.671,0.0,0.0
c06_s01_cov050_seed00000000_bw010,6,1,0.5,0.1,1000,3,0,1000,1.0,,0.0
c06_s01_cov050_seed00000000_bw010,6,1,0.5,0.1,1000,4,0,1000,1.0,,0.0
c06_s01_cov050_seed00000001_bw010,6,1,0.5,0.1,200,1,200,0,0.0,0.685,0.685
c06_s01_cov050_seed00000001_bw010,6,1,0.5,0.1,200,2,73,127,0.635,0.0,0.0
c06_s01_cov050_seed00000001_bw010,6,1,0.5,0.1,200,3,0,200,1.0,,0.0
c06_s01_cov050_seed00000001_bw010,6,1,0.5,0.1,1000,1,1000,0,0.0,0.689,0.689
c06_s01_cov050_seed00000001_bw010,6,1,0.5,0.1,1000,2,330,670,0.67,0.0,0.0
c06_s01_cov050_seed00000001_bw010,6,1,0.5,0.1,1000,3,0,1000,1.0,,0.0
c06_s01_cov050_seed00000002_bw010,6,1,0.5,0.1,200,1,200,0,0.0,0.665,0.665
c06_s01_cov050_seed00000002_bw010,6,1,0.5,0.1,200,2,53,147,0.735,0.0,0.0
c06_s01_cov050_seed00000002_bw010,6,1,0.5,0.1,200,3,0,200,1.0,,0.0
c06_s01_cov050_seed00000002_bw010,6,1,0.5,0.1,1000,1,1000,0,0.0,0.647,0.647
c06_s01_cov050_seed00000002_bw010,6,1,0.5,0.1,1000,2,299,701,0.701,0.0,0.0
c06_s01_cov050_seed00000002_bw010,6,1,0.5,0.1,1000,3,0,1000,1.0,,0.0
c06_s01_cov050_seed00000003_bw010,6,1,0.5,0.1,200,1,200,0,0.0,0.68,0.68
c06_s01_cov050_seed00000003_bw010,6,1,0.5,0.1,200,2,63,137,0.685,0.5873015873015873,0.185
c06_s01_cov050_seed00000003_bw010,6,1,0.5,0.1,200,3,0,200,1.0,,0.0
c06_s01_cov050_seed00000003_bw010,6,1,0.5,0.1,200,4,0,200,1.0,,0.0
c06_s01_cov050_seed00000003_bw010,6,1,0.5,0.1,1000,1,1000,0,0.0,0.77,0.77
c06_s01_cov050_seed00000003_bw010,6,1,0.5,0.1,1000,2,319,681,0.681,0.5611285266457681,0.179
c06_s01_cov050_seed00000003_bw010,6,1,0.5,0.1,1000,3,0,1000,1.0,,0.0
c06_s01_cov050_seed00000003_bw010,6,1,0.5,0.1,1000,4,0,1000,1.0,,0.0
c06_s01_cov050_seed00000004_bw010,6,1,0.5,0.1,200,1,200,0,0.0,0.525,0.525
c06_s01_cov050_seed00000004_bw010,6,1,0.5,0.1,200,2,0,200,1.0,,0.0
c06_s01_cov050_seed00000004_bw010,6,1,0.5,0.1,1000,1,1000,0,0.0,0.5,0.5
c06_s01_cov050_seed00000004_bw010,6,1,0.5,0.1,1000,2,0,1000,1.0,,0.0
c06_s01_cov050_seed00000005_bw010,6,1,0.5,0.1,200,1,144,56,0.28,0.5763888888888888,0.415
c06_s01_cov050_seed00000005_bw010,6,1,0.5,0.1,200,2,130,70,0.35,0.0,0.0
c06_s01_cov050_seed00000005_bw010,6,1,0.5,0.1,200,3,0,200,1.0,,0.0
c06_s01_cov050_seed00000005_bw010,6,1,0.5,0.1,1000,1,684,316,0.316,0.5263157894736842,0.36
c06_s01_cov050_seed00000005_bw010,6,1,0.5,0.1,1000,2,704,296,0.296,0.0,0.0
c06_s01_cov050_seed00000005_bw010,6,1,0.5,0.1,1000,3,0,1000,1.0,,0.0
c06_s01_cov050_seed00000006_bw010,6,1,0.5,0.1,200,1,200,0,0.0,0.555,0.555
c06_s01_cov050_seed00000006_bw010,6,1,0.5,0.1,200,2,0,200,1.0,,0.0
c06_s01_cov050_seed00000006_bw010,6,1,0.5,0.1,1000,1,1000,0,0.0,0.508,0.508
c06_s01_cov050_seed00000006_bw010,6,1,0.5,0.1,1000,2,0,1000,1.0,,0.0
c06_s01_cov050_seed00000007_bw010,6,1,0.5,0.1,200,1,95,105,0.525,0.0,0.0
c06_s01_cov050_seed00000007_bw010,6,1,0.5,0.1,200,2,200,0,0.0,0.0,0.0
c06_s01_cov050_seed00000007_bw010,6,1,0.5,0.1,1000,1,482,518,0.518,0.0,0.0
c06_s01_cov050_seed00000007_bw010,6,1,0.5,0.1,1000,2,1000,0,0.0,0.0,0.0
c06_s01_cov050_seed00000008_bw010,6,1,0.5,0.1,200,1,200,0,0.0,0.54,0.54
c06_s01_cov050_seed00000008_bw010,6,1,0.5,0.1,200,2,0,200,1.0,,0.0
c06_s01_cov050_seed00000008_bw010,6,1,0.5,0.1,1000,1,1000,0,0.0,0.491,0.491
c06_s01_cov050_seed00000008_bw010,6,1,0.5,0.1,1000,2,0,1000,1.0,,0.0
c06_s01_cov050_seed00000009_bw010,6,1,0.5,0.1,200,1,146,54,0.27,0.5821917808219178,0.425
c06_s01_cov050_seed00000009_bw010,6,1,0.5,0.1,200,2,133,67,0.335,0.45864661654135336,0.305
c06_s01_cov050_seed00000009_bw010,6,1,0.5,0.1,200,3,200,0,0.0,0.0,0.0
c06_s01_cov050_seed00000009_bw010,6,1,0.5,0.1,1000,1,683,317,0.317,0.5021961932650073,0.343
c06_s01_cov050_seed00000009_bw010,6,1,0.5,0.1,1000,2,684,316,0.316,0.5116959064327485,0.35
c06_s01_cov050_seed00000009_bw010,6,1,0.5,0.1,1000,3,1000,0,0.0,0.0,0.0
c06_s01_cov050_seed00000010_bw010,6,1,0.5,0.1,200,1,154,46,0.23,0.6168831168831169,0.475
c06_s01_cov050_seed00000010_bw010,6,1,0.5,0.1,200,2,101,99,0.495,0.37623762376237624,0.19
c06_s01_cov050_seed00000010_bw010,6,1,0.5,0.1,200,3,56,144,0.72,0.0,0.0
c06_s01_cov050_seed00000010_bw010,6,1,0.5,0.1,200,4,0,200,1.0,,0.0
c06_s01_cov050_seed00000010_bw010,6,1,0.5,0.1,1000,1,759,241,0.241,0.6719367588932806,0.51
c06_s01_cov050_seed00000010_bw010,6,1,0.5,0.1,1000,2,503,497,0.497,0.3320079522862823,0.167
c06_s01_cov050_seed00000010_bw010,6,1,0.5,0.1,1000,3,259,741,0.741,0.0,0.0
c06_s01_cov050_seed00000010_bw010,6,1,0.5,0.1,1000,4,0,1000,1.0,,0.0
c06_s01_cov050_seed00000011_bw010,6,1,0.5,0.1,200,1,200,0,0.0,0.65,0.65
c06_s01_cov050_seed00000011_bw010,6,1,0.5,0.1,200,2,0,200,1.0,,0.0
c06_s01_cov050_seed00000011_bw010,6,1,0.5,0.1,200,3,0,200,1.0,,0.0
c06_s01_cov050_seed00000011_bw010,6,1,0.5,0.1,1000,1,1000,0,0.0,0.679,0.679
c06_s01_cov050_seed00000011_bw010,6,1,0.5,0.1,1000,2,0,1000,1.0,,0.0
c06_s01_cov050_seed00000011_bw010,6,1,0.5,0.1,1000,3,0,1000,1.0,,0.0
c06_s01_cov050_seed00000012_bw010,6,1,0.5,0.1,200,1,200,0,0.0,0.765,0.765
c06_s01_cov050_seed00000012_bw010,6,1,0.5,0.1,200,2,71,129,0.645,0.5211267605633803,0.185
c06_s01_cov050_seed00000012_bw010,6,1,0.5,0.1,200,3,0,200,1.0,,0.0
c06_s01_cov050_seed00000012_bw010,6,1,0.5,0.1,200,4,0,200,1.0,,0.0
c06_s01_cov050_seed00000012_bw010,6,1,0.5,0.1,1000,1,1000,0,0.0,0.756,0.756
c06_s01_cov050_seed00000012_bw010,6,1,0.5,0.1,1000,2,330,670,0.67,0.5,0.165
c06_s01_cov050_seed00000012_bw010,6,1,0.5,0.1,1000,3,0,1000,1.0,,0.0
c06_s01_cov050_seed00000012_bw010,6,1,0.5,0.1,1000,4,0,1000,1.0,,0.0
c06_s01_cov050_seed00000013_bw010,6,1,0.5,0.1,200,1,59,141,0.705,0.0,0.0
c06_s01_cov050_seed00000013_bw010,6,1,0.5,0.1,200,2,135,65,0.325,0.0,0.0
c06_s01_cov050_seed00000013_bw010,6,1,0.5,0.1,200,3,200,0,0.0,0.0,0.0
c06_s01_cov050_seed00000013_bw010,6,1,0.5,0.1,1000,1,324,676,0.676,0.0,0.0
c06_s01_cov050_seed00000013_bw010,6,1,0.5,0.1,1000,2,656,344,0.344,0.0,0.0
c06_s01_cov050_seed00000013_bw010,6,1,0.5,0.1,1000,3,1000,0,0.0,0.0,0.0
c06_s01_cov050_seed00000014_bw010,6,1,0.5,0.1,200,1,200,0,0.0,0.48,0.48
c06_s01_cov050_seed00000014_bw010,6,1,0.5,0.1,200,2,0,200,1.0,,0.0
c06_s01_cov050_seed00000014_bw010,6,1,0.5,0.1,1000,1,1000,0,0.0,0.535,0.535
c06_s01_cov050_seed00000014_bw010,6,1,0.5,0.1,1000,2,0,1000,1.0,,0.0
c06_s01_cov050_seed00000015_bw010,6,1,0.5,0.1,200,1,200,0,0.0,0.615,0.615
c06_s01_cov050_seed00000015_bw010,6,1,0.5,0.1,200,2,71,129,0.645,1.0,0.355
c06_s01_cov050_seed00000015_bw010,6,1,0.5,0.1,200,3,0,200,1.0,,0.0
c06_s01_cov050_seed00000015_bw010,6,1,0.5,0.1,1000,1,1000,0,0.0,0.654,0.654
c06_s01_cov050_seed00000015_bw010,6,1,0.5,0.1,1000,2,366,634,0.634,1.0,0.366
c06_s01_cov050_seed00000015_bw010,6,1,0.5,0.1,1000,3,0,1000,1.0,,0.0
c06_s01_cov050_seed00000016_bw010,6,1,0.5,0.1,200,1,132,68,0.34,0.45454545454545453,0.3
c06_s01_cov050_seed00000016_bw010,6,1,0.5,0.1,200,2,135,65,0.325,0.0,0.0
c06_s01_cov050_seed00000016_bw010,6,1,0.5,0.1,200,3,0,200,1.0,,0.0
c06_s01_cov050_seed00000016_bw010,6,1,0.5,0.1,1000,1,674,326,0.326,0.4762611275964392,0.321
c06_s01_cov050_seed00000016_bw010,6,1,0.5,0.1,1000,2,670,330,0.33,0.0,0.0
c06_s01_cov050_seed00000016_bw010,6,1,0.5,0.1,1000,3,0,1000,1.0,,0.0
c06_s01_cov050_seed00000017_bw010,6,1,0.5,0.1,200,1,99,101,0.505,0.5252525252525253,0.26
c06_s01_cov050_seed00000017_bw010,6,1,0.5,0.1,200,2,98,102,0.51,0.6428571428571429,0.315
c06_s01_cov050_seed00000017_bw010,6,1,0.5,0.1,200,3,151,49,0.245,0.3576158940397351,0.27
c06_s01_cov050_seed00000017_bw010,6,1,0.5,0.1,200,4,200,0,0.0,0.0,0.0
c06_s01_cov050_seed00000017_bw010,6,1,0.5,0.1,1000,1,511,489,0.489,0.48532289628180036,0.248
c06_s01_cov050_seed00000017_bw010,6,1,0.5,0.1,1000,2,503,497,0.497,0.7077534791252486,0.356
c06_s01_cov050_seed00000017_bw010,6,1,0.5,0.1,1000,3,740,260,0.26,0.34594594594594597,0.256
c06_s01_cov050_seed00000017_bw010,6,1,0.5,0.1,1000,4,1000,0,0.0,0.0,0.0
c06_s01_cov050_seed00000018_bw010,6,1,0.5,0.1,200,1,200,0,0.0,0.69,0.69
c06_s01_cov050_seed00000018_bw010,6,1,0.5,0.1,200,2,50,150,0.75,0.0,0.0
c06_s01_cov050_seed00000018_bw010,6,1,0.5,0.1,200,3,0,200,1.0,,0.0
c06_s01_cov050_seed00000018_bw010,6,1,0.5,0.1,1000,1,1000,0,0.0,0.686,0.686
c06_s01_cov050_seed00000018_bw010,6,1,0.5,0.1,1000,2,309,691,0.691,0.0,0.0
c06_s01_cov050_seed00000018_bw010,6,1,0.5,0.1,1000,3,0,1000,1.0,,0.0
c06_s01_cov050_seed00000019_bw010,6,1,0.5,0.1,200,1,200,0,0.0,0.665,0.665
c06_s01_cov050_seed00000019_bw010,6,1,0.5,0.1,200,2,0,200,1.0,,0.0
c06_s01_cov050_seed00000019_bw010,6,1,0.5,0.1,200,3,0,200,1.0,,0.0
c06_s01_cov050_seed00000019_bw010,6,1,0.5,0.1,1000,1,1000,0,0.0,0.669,0.669
c06_s01_cov050_seed00000019_bw010,6,1,0.5,0.1,1000,2,0,1000,1.0,,0.0
c06_s01_cov050_seed00000019_bw010,6,1,0.5,0.1,1000,3,0,1000,1.0,,0.0
c06_s03_cov050_seed00000000_bw010,6,3,0.5,0.1,200,1,51,149,0.745,1.0,0.255
c06_s03_cov050_seed00000000_bw010,6,3,0.5,0.1,200,2,39,161,0.805,1.0,0.195
c06_s03_cov050_seed00000000_bw010,6,3,0.5,0.1,200,3,106,94,0.47,0.44339622641509435,0.235
c06_s03_cov050_seed00000000_bw010,6,3,0.5,0.1,200,4,200,0,0.0,0.0,0.0
c06_s03_cov050_seed00000000_bw010,6,3,0.5,0.1,1000,1,243,757,0.757,1.0,0.243
c06_s03_cov050_seed00000000_bw010,6,3,0.5,0.1,1000,2,177,823,0.823,1.0,0.177
c06_s03_cov050_seed00000000_bw010,6,3,0.5,0.1,1000,3,506,494,0.494,0.5019762845849802,0.254
c06_s03_cov050_seed00000000_bw010,6,3,0.5,0.1,1000,4,1000,0,0.0,0.0,0.0
c06_s03_cov050_seed00000001_bw010,6,3,0.5,0.1,200,1,63,137,0.685,1.0,0.315
c06_s03_cov050_seed00000001_bw010,6,3,0.5,0.1,200,2,70,130,0.65,1.0,0.35
c06_s03_cov050_seed00000001_bw010,6,3,0.5,0.1,200,3,200,0,0.0,0.0,0.0
c06_s03_cov050_seed00000001_bw010,6,3,0.5,0.1,1000,1,321,679,0.679,1.0,0.321
c06_s03_cov050_seed00000001_bw010,6,3,0.5,0.1,1000,2,350,650,0.65,1.0,0.35
c06_s03_cov050_seed00000001_bw010,6,3,0.5,0.1,1000,3,1000,0,0.0,0.0,0.0
c06_s03_cov050_seed00000002_bw010,6,3,0.5,0.1,200,1,58,142,0.71,1.0,0.29
c06_s03_cov050_seed00000002_bw010,6,3,0.5,0.1,200,2,66,134,0.67,1.0,0.33
c06_s03_cov050_seed00000002_bw010,6,3,0.5,0.1,200,3,200,0,0.0,0.0,0.0
c06_s03_cov050_seed00000002_bw010,6,3,0.5,0.1,1000,1,304,696,0.696,1.0,0.304
c06_s03_cov050_seed00000002_bw010,6,3,0.5,0.1,1000,2,325,675,0.675,1.0,0.325
c06_s03_cov050_seed00000002_bw010,6,3,0.5,0.1,1000,3,1000,0,0.0,0.0,0.0
c06_s03_cov050_seed00000003_bw010,6,3,0.5,0.1,200,1,60,140,0.7,1.0,0.3
c06_s03_cov050_seed00000003_bw010,6,3,0.5,0.1,200,2,72,128,0.64,1.0,0.36
c06_s03_cov050_seed00000003_bw010,6,3,0.5,0.1,200,3,200,0,0.0,0.0,0.0
c06_s03_cov050_seed00000003_bw010,6,3,0.5,0.1,1000,1,334,666,0.666,1.0,0.334
c06_s03_cov050_seed00000003_bw010,6,3,0.5,0.1,1000,2,354,646,0.646,1.0,0.354
c06_s03_cov050_seed00000003_bw010,6,3,0.5,0.1,1000,3,1000,0,0.0,0.0,0.0
c06_s03_cov050_seed00000004_bw010,6,3,0.5,0.1,200,1,103,97,0.485,1.0,0.515
c06_s03_cov050_seed00000004_bw010,6,3,0.5,0.1,200,2,200,0,0.0,0.0,0.0
c06_s03_cov050_seed00000004_bw010,6,3,0.5,0.1,1000,1,501,499,0.499,1.0,0.501
c06_s03_cov050_seed00000004_bw010,6,3,0.5,0.1,1000,2,1000,0,0.0,0.0,0.0
c06_s03_cov050_seed00000005_bw010,6,3,0.5,0.1,200,1,96,104,0.52,1.0,0.48
c06_s03_cov050_seed00000005_bw010,6,3,0.5,0.1,200,2,200,0,0.0,0.0,0.0
c06_s03_cov050_seed00000005_bw010,6,3,0.5,0.1,1000,1,492,508,0.508,1.0,0.492
c06_s03_cov050_seed00000005_bw010,6,3,0.5,0.1,1000,2,1000,0,0.0,0.0,0.0
c06_s03_cov050_seed00000006_bw010,6,3,0.5,0.1,200,1,105,95,0.475,1.0,0.525
c06_s03_cov050_seed00000006_bw010,6,3,0.5,0.1,200,2,200,0,0.0,0.0,0.0
c06_s03_cov050_seed00000006_bw010,6,3,0.5,0.1,1000,1,502,498,0.498,1.0,0.502
c06_s03_cov050_seed00000006_bw010,6,3,0.5,0.1,1000,2,1000,0,0.0,0.0,0.0
c06_s03_cov050_seed00000007_bw010,6,3,0.5,0.1,200,1,93,107,0.535,1.0,0.465
c06_s03_cov050_seed00000007_bw010,6,3,0.5,0.1,200,2,200,0,0.0,0.0,0.0
c06_s03_cov050_seed00000007_bw010,6,3,0.5,0.1,1000,1,476,524,0.524,1.0,0.476
c06_s03_cov050_seed00000007_bw010,6,3,0.5,0.1,1000,2,1000,0,0.0,0.0,0.0
c06_s03_cov050_seed00000008_bw010,6,3,0.5,0.1,200,1,94,106,0.53,1.0,0.47
c06_s03_cov050_seed00000008_bw010,6,3,0.5,0.1,200,2,200,0,0.0,0.0,0.0
c06_s03_cov050_seed00000008_bw010,6,3,0.5,0.1,1000,1,481,519,0.519,1.0,0.481
c06_s03_cov050_seed00000008_bw010,6,3,0.5,0.1,1000,2,1000,0,0.0,0.0,0.0
c06_s03_cov050_seed00000009_bw010,6,3,0.5,0.1,200,1,66,134,0.67,1.0,0.33
c06_s03_cov050_seed00000009_bw010,6,3,0.5,0.1,200,2,63,137,0.685,1.0,0.315
c06_s03_cov050_seed00000009_bw010,6,3,0.5,0.1,200,3,200,0,0.0,0.0,0.0
c06_s03_cov050_seed00000009_bw010,6,3,0.5,0.1,1000,1,325,675,0.675,1.0,0.325
c06_s03_cov050_seed00000009_bw010,6,3,0.5,0.1,1000,2,325,675,0.675,1.0,0.325
c06_s03_cov050_seed00000009_bw010,6,3,0.5,0.1,1000,3,1000,0,0.0,0.0,0.0
c06_s03_cov050_seed00000010_bw010,6,3,0.5,0.1,200,1,76,124,0.62,1.0,0.38
c06_s03_cov050_seed00000010_bw010,6,3,0.5,0.1,200,2,76,124,0.62,1.0,0.38
c06_s03_cov050_seed00000010_bw010,6,3,0.5,0.1,200,3,200,0,0.0,0.0,0.0
c06_s03_cov050_seed00000010_bw010,6,3,0.5,0.1,1000,1,349,651,0.651,1.0,0.349
c06_s03_cov050_seed00000010_bw010,6,3,0.5,0.1,1000,2,349,651,0.651,1.0,0.349
c06_s03_cov050_seed00000010_bw010,6,3,0.5,0.1,1000,3,1000,0,0.0,0.0,0.0
c06_s03_cov050_seed00000011_bw010,6,3,0.5,0.1,200,1,86,114,0.57,1.0,0.43
c06_s03_cov050_seed00000011_bw010,6,3,0.5,0.1,200,2,200,0,0.0,0.0,0.0
c06_s03_cov050_seed00000011_bw010,6,3,0.5,0.1,1000,1,492,508,0.508,1.0,0.492
c06_s03_cov050_seed00000011_bw010,6,3,0.5,0.1,1000,2,1000,0,0.0,0.0,0.0
c06_s03_cov050_seed00000012_bw010,6,3,0.5,0.1,200,1,66,134,0.67,1.0,0.33
c06_s03_cov050_seed00000012_bw010,6,3,0.5,0.1,200,2,70,130,0.65,1.0,0.35
c06_s03_cov050_seed00000012_bw010,6,3,0.5,0.1,200,3,200,0,0.0,0.0,0.0
c06_s03_cov050_seed00000012_bw010,6,3,0.5,0.1,1000,1,345,655,0.655,1.0,0.345
c06_s03_cov050_seed00000012_bw010,6,3,0.5,0.1,1000,2,343,657,0.657,1.0,0.343
c06_s03_cov050_seed00000012_bw010,6,3,0.5,0.1,1000,3,1000,0,0.0,0.0,0.0
c06_s03_cov050_seed00000013_bw010,6,3,0.5,0.1,200,1,96,104,0.52,1.0,0.48
c06_s03_cov050_seed00000013_bw010,6,3,0.5,0.1,200,2,200,0,0.0,0.0,0.0
c06_s03_cov050_seed00000013_bw010,6,3,0.5,0.1,1000,1,488,512,0.512,1.0,0.488
c06_s03_cov050_seed00000013_bw010,6,3,0.5,0.1,1000,2,1000,0,0.0,0.0,0.0
c06_s03_cov050_seed00000014_bw010,6,3,0.5,0.1,200,1,102,98,0.49,1.0,0.51
c06_s03_cov050_seed00000014_bw010,6,3,0.5,0.1,200,2,200,0,0.0,0.0,0.0
c06_s03_cov050_seed00000014_bw010,6,3,0.5,0.1,1000,1,499,501,0.501,1.0,0.499
c06_s03_cov050_seed00000014_bw010,6,3,0.5,0.1,1000,2,1000,0,0.0,0.0,0.0
c06_s03_cov050_seed00000015_bw010,6,3,0.5,0.1,200,1,110,90,0.45,1.0,0.55
c06_s03_cov050_seed00000015_bw010,6,3,0.5,0.1,200,2,200,0,0.0,0.0,0.0
c06_s03_cov050_seed00000015_bw010,6,3,0.5,0.1,1000,1,513,487,0.487,1.0,0.513
c06_s03_cov050_seed00000015_bw010,6,3,0.5,0.1,1000,2,1000,0,0.0,0.0,0.0
c06_s03_cov050_seed00000016_bw010,6,3,0.5,0.1,200,1,67,133,0.665,1.0,0.335
c06_s03_cov050_seed00000016_bw010,6,3,0.5,0.1,200,2,71,129,0.645,1.0,0.355
c06_s03_cov050_seed00000016_bw010,6,3,0.5,0.1,200,3,200,0,0.0,0.0,0.0
c06_s03_cov050_seed00000016_bw010,6,3,0.5,0.1,1000,1,312,688,0.688,1.0,0.312
c06_s03_cov050_seed00000016_bw010,6,3,0.5,0.1,1000,2,317,683,0.683,1.0,0.317
c06_s03_cov050_seed00000016_bw010,6,3,0.5,0.1,1000,3,1000,0,0.0,0.0,0.0
c06_s03_cov050_seed00000017_bw010,6,3,0.5,0.1,200,1,71,129,0.645,1.0,0.355
c06_s03_cov050_seed00000017_bw010,6,3,0.5,0.1,200,2,68,132,0.66,1.0,0.34
c06_s03_cov050_seed00000017_bw010,6,3,0.5,0.1,200,3,200,0,0.0,0.0,0.0
c06_s03_cov050_seed00000017_bw010,6,3,0.5,0.1,1000,1,355,645,0.645,1.0,0.355
c06_s03_cov050_seed00000017_bw010,6,3,0.5,0.1,1000,2,366,634,0.634,1.0,0.366
c06_s03_cov050_seed00000017_bw010,6,3,0.5,0.1,1000,3,1000,0,0.0,0.0,0.0
c06_s03_cov050_seed00000018_bw010,6,3,0.5,0.1,200,1,73,127,0.635,1.0,0.365
c06_s03_cov050_seed00000018_bw010,6,3,0.5,0.1,200,2,65,135,0.675,1.0,0.325
c06_s03_cov050_seed00000018_bw010,6,3,0.5,0.1,200,3,200,0,0.0,0.0,0.0
c06_s03_cov050_seed00000018_bw010,6,3,0.5,0.1,1000,1,322,678,0.678,1.0,0.322
c06_s03_cov050_seed00000018_bw010,6,3,0.5,0.1,1000,2,319,681,0.681,1.0,0.319
c06_s03_cov050_seed00000018_bw010,6,3,0.5,0.1,1000,3,1000,0,0.0,0.0,0.0
c06_s03_cov050_seed00000019_bw010,6,3,0.5,0.1,200,1,74,126,0.63,1.0,0.37
c06_s03_cov050_seed00000019_bw010,6,3,0.5,0.1,200,2,70,130,0.65,1.0,0.35
c06_s03_cov050_seed00000019_bw010,6,3,0.5,0.1,200,3,200,0,0.0,0.0,0.0
c06_s03_cov050_seed00000019_bw010,6,3,0.5,0.1,1000,1,336,664,0.664,1.0,0.336
c06_s03_cov050_seed00000019_bw010,6,3,0.5,0.1,1000,2,331,669,0.669,1.0,0.331
c06_s03_cov050_seed00000019_bw010,6,3,0.5,0.1,1000,3,1000,0,0.0,0.0,0.0
c06_s05_cov050_seed00000000_bw010,6,5,0.5,0.1,200,1,103,97,0.485,1.0,0.515
c06_s05_cov050_seed00000000_bw010,6,5,0.5,0.1,200,2,200,0,0.0,0.0,0.0
c06_s05_cov050_seed00000000_bw010,6,5,0.5,0.1,1000,1,486,514,0.514,1.0,0.486
c06_s05_cov050_seed00000000_bw010,6,5,0.5,0.1,1000,2,1000,0,0.0,0.0,0.0
c06_s05_cov050_seed00000001_bw010,6,5,0.5,0.1,200,1,92,108,0.54,1.0,0.46
c06_s05_cov050_seed00000001_bw010,6,5,0.5,0.1,200,2,200,0,0.0,0.0,0.0
c06_s05_cov050_seed00000001_bw010,6,5,0.5,0.1,1000,1,501,499,0.499,1.0,0.501
c06_s05_cov050_seed00000001_bw010,6,5,0.5,0.1,1000,2,1000,0,0.0,0.0,0.0
c06_s05_cov050_seed00000002_bw010,6,5,0.5,0.1,200,1,101,99,0.495,1.0,0.505
c06_s05_cov050_seed00000002_bw010,6,5,0.5,0.1,200,2,200,0,0.0,0.0,0.0
c06_s05_cov050_seed00000002_bw010,6,5,0.5,0.1,1000,1,497,503,0.503,1.0,0.497
c06_s05_cov050_seed00000002_bw010,6,5,0.5,0.1,1000,2,1000,0,0.0,0.0,0.0
c06_s05_cov050_seed00000003_bw010,6,5,0.5,0.1,200,1,103,97,0.485,1.0,0.515
c06_s05_cov050_seed00000003_bw010,6,5,0.5,0.1,200,2,200,0,0.0,0.0,0.0
c06_s05_cov050_seed00000003_bw010,6,5,0.5,0.1,1000,1,493,507,0.507,1.0,0.493
c06_s05_cov050_seed00000003_bw010,6,5,0.5,0.1,1000,2,1000,0,0.0,0.0,0.0
c06_s05_cov050_seed00000004_bw010,6,5,0.5,0.1,200,1,96,104,0.52,1.0,0.48
c06_s05_cov050_seed00000004_bw010,6,5,0.5,0.1,200,2,200,0,0.0,0.0,0.0
c06_s05_cov050_seed00000004_bw010,6,5,0.5,0.1,1000,1,491,509,0.509,1.0,0.491
c06_s05_cov050_seed00000004_bw010,6,5,0.5,0.1,1000,2,1000,0,0.0,0.0,0.0
c06_s05_cov050_seed00000005_bw010,6,5,0.5,0.1,200,1,94,106,0.53,1.0,0.47
c06_s05_cov050_seed00000005_bw010,6,5,0.5,0.1,200,2,200,0,0.0,0.0,0.0
c06_s05_cov050_seed00000005_bw010,6,5,0.5,0.1,1000,1,489,511,0.511,1.0,0.489
c06_s05_cov050_seed00000005_bw010,6,5,0.5,0.1,1000,2,1000,0,0.0,0.0,0.0
c06_s05_cov050_seed00000006_bw010,6,5,0.5,0.1,200,1,96,104,0.52,1.0,0.48
c06_s05_cov050_seed00000006_bw010,6,5,0.5,0.1,200,2,200,0,0.0,0.0,0.0
c06_s05_cov050_seed00000006_bw010,6,5,0.5,0.1,1000,1,481,519,0.519,1.0,0.481
c06_s05_cov050_seed00000006_bw010,6,5,0.5,0.1,1000,2,1000,0,0.0,0.0,0.0
c06_s05_cov050_seed00000007_bw010,6,5,0.5,0.1,200,1,102,98,0.49,1.0,0.51
c06_s05_cov050_seed00000007_bw010,6,5,0.5,0.1,200,2,200,0,0.0,0.0,0.0
c06_s05_cov050_seed00000007_bw010,6,5,0.5,0.1,1000,1,513,487,0.487,1.0,0.513
c06_s05_cov050_seed00000007_bw010,6,5,0.5,0.1,1000,2,1000,0,0.0,0.0,0.0
c06_s05_cov050_seed00000008_bw010,6,5,0.5,0.1,200,1,98,102,0.51,1.0,0.49
c06_s05_cov050_seed00000008_bw010,6,5,0.5,0.1,200,2,200,0,0.0,0.0,0.0
c06_s05_cov050_seed00000008_bw010,6,5,0.5,0.1,1000,1,487,513,0.513,1.0,0.487
c06_s05_cov050_seed00000008_bw010,6,5,0.5,0.1,1000,2,1000,0,0.0,0.0,0.0
c06_s05_cov050_seed00000009_bw010,6,5,0.5,0.1,200,1,97,103,0.515,1.0,0.485
c06_s05_cov050_seed00000009_bw010,6,5,0.5,0.1,200,2,200,0,0.0,0.0,0.0
c06_s05_cov050_seed00000009_bw010,6,5,0.5,0.1,1000,1,491,509,0.509,1.0,0.491
c06_s05_cov050_seed00000009_bw010,6,5,0.5,0.1,1000,2,1000,0,0.0,0.0,0.0
c06_s05_cov050_seed00000010_bw010,6,5,0.5,0.1,200,1,99,101,0.505,1.0,0.495
c06_s05_cov050_seed00000010_bw010,6,5,0.5,0.1,200,2,200,0,0.0,0.0,0.0
c06_s05_cov050_seed00000010_bw010,6,5,0.5,0.1,1000,1,518,482,0.482,1.0,0.518
c06_s05_cov050_seed00000010_bw010,6,5,0.5,0.1,1000,2,1000,0,0.0,0.0,0.0
c06_s05_cov050_seed00000011_bw010,6,5,0.5,0.1,200,1,107,93,0.465,1.0,0.535
c06_s05_cov050_seed00000011_bw010,6,5,0.5,0.1,200,2,200,0,0.0,0.0,0.0
c06_s05_cov050_seed00000011_bw010,6,5,0.5,0.1,1000,1,506,494,0.494,1.0,0.506
c06_s05_cov050_seed00000011_bw010,6,5,0.5,0.1,1000,2,1000,0,0.0,0.0,0.0
c06_s05_cov050_seed00000012_bw010,6,5,0.5,0.1,200,1,104,96,0.48,1.0,0.52
c06_s05_cov050_seed00000012_bw010,6,5,0.5,0.1,200,2,200,0,0.0,0.0,0.0
c06_s05_cov050_seed00000012_bw010,6,5,0.5,0.1,1000,1,520,480,0.48,1.0,0.52
c06_s05_cov050_seed00000012_bw010,6,5,0.5,0.1,1000,2,1000,0,0.0,0.0,0.0
c06_s05_cov050_seed00000013_bw010,6,5,0.5,0.1,200,1,100,100,0.5,1.0,0.5
c06_s05_cov050_seed00000013_bw010,6,5,0.5,0.1,200,2,200,0,0.0,0.0,0.0
c06_s05_cov050_seed00000013_bw010,6,5,0.5,0.1,1000,1,481,519,0.519,1.0,0.481
c06_s05_cov050_seed00000013_bw010,6,5,0.5,0.1,1000,2,1000,0,0.0,0.0,0.0
c06_s05_cov050_seed00000014_bw010,6,5,0.5,0.1,200,1,92,108,0.54,1.0,0.46
c06_s05_cov050_seed00000014_bw010,6,5,0.5,0.1,200,2,200,0,0.0,0.0,0.0
c06_s05_cov050_seed00000014_bw010,6,5,0.5,0.1,1000,1,511,489,0.489,1.0,0.511
c06_s05_cov050_seed00000014_bw010,6,5,0.5,0.1,1000,2,1000,0,0.0,0.0,0.0
c06_s05_cov050_seed00000015_bw010,6,5,0.5,0.1,200,1,96,104,0.52,1.0,0.48
c06_s05_cov050_seed00000015_bw010,6,5,0.5,0.1,200,2,200,0,0.0,0.0,0.0
c06_s05_cov050_seed00000015_bw010,6,5,0.5,0.1,1000,1,469,531,0.531,1.0,0.469
c06_s05_cov050_seed00000015_bw010,6,5,0.5,0.1,1000,2,1000,0,0.0,0.0,0.0
c06_s05_cov050_seed00000016_bw010,6,5,0.5,0.1,200,1,109,91,0.455,1.0,0.545
c06_s05_cov050_seed00000016_bw010,6,5,0.5,0.1,200,2,200,0,0.0,0.0,0.0
c06_s05_cov050_seed00000016_bw010,6,5,0.5,0.1,1000,1,490,510,0.51,1.0,0.49
c06_s05_cov050_seed00000016_bw010,6,5,0.5,0.1,1000,2,1000,0,0.0,0.0,0.0
c06_s05_cov050_seed00000017_bw010,6,5,0.5,0.1,200,1,96,104,0.52,1.0,0.48
c06_s05_cov050_seed00000017_bw010,6,5,0.5,0.1,200,2,200,0,0.0,0.0,0.0
c06_s05_cov050_seed00000017_bw010,6,5,0.5,0.1,1000,1,496,504,0.504,1.0,0.496
c06_s05_cov050_seed00000017_bw010,6,5,0.5,0.1,1000,2,1000,0,0.0,0.0,0.0
c06_s05_cov050_seed00000018_bw010,6,5,0.5,0.1,200,1,103,97,0.485,1.0,0.515
c06_s05_cov050_seed00000018_bw010,6,5,0.5,0.1,200,2,200,0,0.0,0.0,0.0
c06_s05_cov050_seed00000018_bw010,6,5,0.5,0.1,1000,1,482,518,0.518,1.0,0.482
c06_s05_cov050_seed00000018_bw010,6,5,0.5,0.1,1000,2,1000,0,0.0,0.0,0.0
c06_s05_cov050_seed00000019_bw010,6,5,0.5,0.1,200,1,99,101,0.505,1.0,0.495
c06_s05_cov050_seed00000019_bw010,6,5,0.5,0.1,200,2,200,0,0.0,0.0,0.0
c06_s05_cov050_seed00000019_bw010,6,5,0.5,0.1,1000,1,505,495,0.495,1.0,0.505
c06_s05_cov050_seed00000019_bw010,6,5,0.5,0.1,1000,2,1000,0,0.0,0.0,0.0
c08_s01_cov050_seed00000000_bw010,8,1,0.5,0.1,200,1,200,0,0.0,0.78,0.78
c08_s01_cov050_seed00000000_bw010,8,1,0.5,0.1,200,2,66,134,0.67,0.0,0.0
c08_s01_cov050_seed00000000_bw010,8,1,0.5,0.1,200,3,0,200,1.0,,0.0
c08_s01_cov050_seed00000000_bw010,8,1,0.5,0.1,200,4,0,200,1.0,,0.0
c08_s01_cov050_seed00000000_bw010,8,1,0.5,0.1,1000,1,1000,0,0.0,0.753,0.753
c08_s01_cov050_seed00000000_bw010,8,1,0.5,0.1,1000,2,338,662,0.662,0.0,0.0
c08_s01_cov050_seed00000000_bw010,8,1,0.5,0.1,1000,3,0,1000,1.0,,0.0
c08_s01_cov050_seed00000000_bw010,8,1,0.5,0.1,1000,4,0,1000,1.0,,0.0
c08_s01_cov050_seed00000001_bw010,8,1,0.5,0.1,200,1,154,46,0.23,0.6428571428571429,0.495
c08_s01_cov050_seed00000001_bw010,8,1,0.5,0.1,200,2,59,141,0.705,0.4915254237288136,0.145
c08_s01_cov050_seed00000001_bw010,8,1,0.5,0.1,200,3,49,151,0.755,0.0,0.0
c08_s01_cov050_seed00000001_bw010,8,1,0.5,0.1,200,4,0,200,1.0,,0.0
c08_s01_cov050_seed00000001_bw010,8,1,0.5,0.1,1000,1,762,238,0.238,0.6640419947506562,0.506
c08_s01_cov050_seed00000001_bw010,8,1,0.5,0.1,1000,2,342,658,0.658,0.5467836257309941,0.187
c08_s01_cov050_seed00000001_bw010,8,1,0.5,0.1,1000,3,254,746,0.746,0.0,0.0
c08_s01_cov050_seed00000001_bw010,8,1,0.5,0.1,1000,4,0,1000,1.0,,0.0
c08_s01_cov050_seed00000002_bw010,8,1,0.5,0.1,200,1,200,0,0.0,0.835,0.835
c08_s01_cov050_seed00000002_bw010,8,1,0.5,0.1,200,2,31,169,0.845,0.4838709677419355,0.075
c08_s01_cov050_seed00000002_bw010,8,1,0.5,0.1,200,3,0,200,1.0,,0.0
c08_s01_cov050_seed00000002_bw010,8,1,0.5,0.1,200,4,0,200,1.0,,0.0
c08_s01_cov050_seed00000002_bw010,8,1,0.5,0.1,200,5,0,200,1.0,,0.0
c08_s01_cov050_seed00000002_bw010,8,1,0.5,0.1,1000,1,1000,0,0.0,0.804,0.804
c08_s01_cov050_seed00000002_bw010,8,1,0.5,0.1,1000,2,190,810,0.81,0.5421052631578948,0.103
c08_s01_cov050_seed00000002_bw010,8,1,0.5,0.1,1000,3,0,1000,1.0,,0.0
c08_s01_cov050_seed00000002_bw010,8,1,0.5,0.1,1000,4,0,1000,1.0,,0.0
c08_s01_cov050_seed00000002_bw010,8,1,0.5,0.1,1000,5,0,1000,1.0,,0.0
c08_s01_cov050_seed00000003_bw010,8,1,0.5,0.1,200,1,93,107,0.535,0.6666666666666666,0.31
c08_s01_cov050_seed00000003_bw010,8,1,0.5,0.1,200,2,60,140,0.7,0.5666666666666667,0.17
c08_s01_cov050_seed00000003_bw010,8,1,0.5,0.1,200,3,17,183,0.915,1.0,0.085
c08_s01_cov050_seed00000003_bw010,8,1,0.5,0.1,200,4,0,200,1.0,,0.0
c08_s01_cov050_seed00000003_bw010,8,1,0.5,0.1,200,5,0,200,1.0,,0.0
c08_s01_cov050_seed00000003_bw010,8,1,0.5,0.1,200,6,0,200,1.0,,0.0
c08_s01_cov050_seed00000003_bw010,8,1,0.5,0.1,1000,1,504,496,0.496,0.6468253968253969,0.326
c08_s01_cov050_seed00000003_bw010,8,1,0.5,0.1,1000,2,328,672,0.672,0.551829268292683,0.181
c08_s01_cov050_seed00000003_bw010,8,1,0.5,0.1,1000,3,88,912,0.912,1.0,0.088
c08_s01_cov050_seed00000003_bw010,8,1,0.5,0.1,1000,4,0,1000,1.0,,0.0
c08_s01_cov050_seed00000003_bw010,8,1,0.5,0.1,1000,5,0,1000,1.0,,0.0
c08_s01_cov050_seed00000003_bw010,8,1,0.5,0.1,1000,6,0,1000,1.0,,0.0
c08_s01_cov050_seed00000004_bw010,8,1,0.5,0.1,200,1,110,90,0.45,0.5181818181818182,0.285
c08_s01_cov050_seed00000004_bw010,8,1,0.5,0.1,200,2,33,167,0.835,0.0,0.0
c08_s01_cov050_seed00000004_bw010,8,1,0.5,0.1,200,3,61,139,0.695,0.0,0.0
c08_s01_cov050_seed00000004_bw010,8,1,0.5,0.1,200,4,0,200,1.0,,0.0
c08_s01_cov050_seed00000004_bw010,8,1,0.5,0.1,1000,1,501,499,0.499,0.5249500998003992,0.263
c08_s01_cov050_seed00000004_bw010,8,1,0.5,0.1,1000,2,166,834,0.834,0.0,0.0
c08_s01_cov050_seed00000004_bw010,8,1,0.5,0.1,1000,3,243,757,0.757,0.0,0.0
c08_s01_cov050_seed00000004_bw010,8,1,0.5,0.1,1000,4,0,1000,1.0,,0.0
c08_s01_cov050_seed00000005_bw010,8,1,0.5,0.1,200,1,148,52,0.26,0.7432432432432432,0.55
c08_s01_cov050_seed00000005_bw010,8,1,0.5,0.1,200,2,91,109,0.545,0.2857142857142857,0.13
c08_s01_cov050_seed00000005_bw010,8,1,0.5,0.1,200,3,0,200,1.0,,0.0
c08_s01_cov050_seed00000005_bw010,8,1,0.5,0.1,200,4,0,200,1.0,,0.0
c08_s01_cov050_seed00000005_bw010,8,1,0.5,0.1,1000,1,741,259,0.259,0.7004048582995951,0.519
c08_s01_cov050_seed00000005_bw010,8,1,0.5,0.1,1000,2,478,522,0.522,0.32217573221757323,0.154
c08_s01_cov050_seed00000005_bw010,8,1,0.5,0.1,1000,3,0,1000,1.0,,0.0
c08_s01_cov050_seed00000005_bw010,8,1,0.5,0.1,1000,4,0,1000,1.0,,0.0
c08_s01_cov050_seed00000006_bw010,8,1,0.5,0.1,200,1,98,102,0.51,0.5612244897959183,0.275
c08_s01_cov050_seed00000006_bw010,8,1,0.5,0.1,200,2,60,140,0.7,1.0,0.3
c08_s01_cov050_seed00000006_bw010,8,1,0.5,0.1,200,3,0,200,1.0,,0.0
c08_s01_cov050_seed00000006_bw010,8,1,0.5,0.1,200,4,0,200,1.0,,0.0
c08_s01_cov050_seed00000006_bw010,8,1,0.5,0.1,1000,1,502,498,0.498,0.5,0.251
c08_s01_cov050_seed00000006_bw010,8,1,0.5,0.1,1000,2,316,684,0.684,1.0,0.316
c08_s01_cov050_seed00000006_bw010,8,1,0.5,0.1,1000,3,0,1000,1.0,,0.0
c08_s01_cov050_seed00000006_bw010,8,1,0.5,0.1,1000,4,0,1000,1.0,,0.0
c08_s01_cov050_seed00000007_bw010,8,1,0.5,0.1,200,1,100,100,0.5,0.54,0.27
c08_s01_cov050_seed00000007_bw010,8,1,0.5,0.1,200,2,62,138,0.69,0.0,0.0
c08_s01_cov050_seed00000007_bw010,8,1,0.5,0.1,200,3,0,200,1.0,,0.0
c08_s01_cov050_seed00000007_bw010,8,1,0.5,0.1,200,4,0,200,1.0,,0.0
c08_s01_cov050_seed00000007_bw010,8,1,0.5,0.1,1000,1,506,494,0.494,0.5335968379446641,0.27
c08_s01_cov050_seed00000007_bw010,8,1,0.5,0.1,1000,2,325,675,0.675,0.0,0.0
c08_s01_cov050_seed00000007_bw010,8,1,0.5,0.1,1000,3,0,1000,1.0,,0.0
c08_s01_cov050_seed00000007_bw010,8,1,0.5,0.1,1000,4,0,1000,1.0,,0.0
c08_s01_cov050_seed00000008_bw010,8,1,0.5,0.1,200,1,90,110,0.55,0.4666666666666667,0.21
c08_s01_cov050_seed00000008_bw010,8,1,0.5,0.1,200,2,72,128,0.64,0.4861111111111111,0.175
c08_s01_cov050_seed00000008_bw010,8,1,0.5,0.1,200,3,0,200,1.0,,0.0
c08_s01_cov050_seed00000008_bw010,8,1,0.5,0.1,200,4,0,200,1.0,,0.0
c08_s01_cov050_seed00000008_bw010,8,1,0.5,0.1,1000,1,509,491,0.491,0.48526522593320237,0.247
c08_s01_cov050_seed00000008_bw010,8,1,0.5,0.1,1000,2,335,665,0.665,0.43582089552238806,0.146
c08_s01_cov050_seed00000008_bw010,8,1,0.5,0.1,1000,3,0,1000,1.0,,0.0
c08_s01_cov050_seed00000008_bw010,8,1,0.5,0.1,1000,4,0,1000,1.0,,0.0
c08_s01_cov050_seed00000009_bw010,8,1,0.5,0.1,200,1,106,94,0.47,0.5,0.265
c08_s01_cov050_seed00000009_bw010,8,1,0.5,0.1,200,2,91,109,0.545,0.5274725274725275,0.24
c08_s01_cov050_seed00000009_bw010,8,1,0.5,0.1,200,3,105,95,0.475,0.0,0.0
c08_s01_cov050_seed00000009_bw010,8,1,0.5,0.1,200,4,0,200,1.0,,0.0
c08_s01_cov050_seed00000009_bw010,8,1,0.5,0.1,1000,1,535,465,0.465,0.48598130841121495,0.26
c08_s01_cov050_seed00000009_bw010,8,1,0.5,0.1,1000,2,508,492,0.492,0.6299212598425197,0.32
c08_s01_cov050_seed00000009_bw010,8,1,0.5,0.1,1000,3,516,484,0.484,0.0,0.0
c08_s01_cov050_seed00000009_bw010,8,1,0.5,0.1,1000,4,0,1000,1.0,,0.0
c08_s01_cov050_seed00000010_bw010,8,1,0.5,0.1,200,1,200,0,0.0,0.73,0.73
c08_s01_cov050_seed00000010_bw010,8,1,0.5,0.1,200,2,79,121,0.605,0.0,0.0
c08_s01_cov050_seed00000010_bw010,8,1,0.5,0.1,200,3,0,200,1.0,,0.0
c08_s01_cov050_seed00000010_bw010,8,1,0.5,0.1,200,4,0,200,1.0,,0.0
c08_s01_cov050_seed00000010_bw010,8,1,0.5,0.1,1000,1,1000,0,0.0,0.749,0.749
c08_s01_cov050_seed00000010_bw010,8,1,0.5,0.1,1000,2,371,629,0.629,0.0,0.0
c08_s01_cov050_seed00000010_bw010,8,1,0.5,0.1,1000,3,0,1000,1.0,,0.0
c08_s01_cov050_seed00000010_bw010,8,1,0.5,0.1,1000,4,0,1000,1.0,,0.0
c08_s01_cov050_seed00000011_bw010,8,1,0.5,0.1,200,1,200,0,0.0,0.73,0.73
c08_s01_cov050_seed00000011_bw010,8,1,0.5,0.1,200,2,42,158,0.79,1.0,0.21
c08_s01_cov050_seed00000011_bw010,8,1,0.5,0.1,200,3,0,200,1.0,,0.0
c08_s01_cov050_seed00000011_bw010,8,1,0.5,0.1,200,4,0,200,1.0,,0.0
c08_s01_cov050_seed00000011_bw010,8,1,0.5,0.1,1000,1,1000,0,0.0,0.737,0.737
c08_s01_cov050_seed00000011_bw010,8,1,0.5,0.1,1000,2,192,808,0.808,1.0,0.192
c08_s01_cov050_seed00000011_bw010,8,1,0.5,0.1,1000,3,0,1000,1.0,,0.0
c08_s01_cov050_seed00000011_bw010,8,1,0.5,0.1,1000,4,0,1000,1.0,,0.0
c08_s01_cov050_seed00000012_bw010,8,1,0.5,0.1,200,1,200,0,0.0,0.76,0.76
c08_s01_cov050_seed00000012_bw010,8,1,0.5,0.1,200,2,67,133,0.665,0.6865671641791045,0.23
c08_s01_cov050_seed00000012_bw010,8,1,0.5,0.1,200,3,0,200,1.0,,0.0
c08_s01_cov050_seed00000012_bw010,8,1,0.5,0.1,200,4,0,200,1.0,,0.0
c08_s01_cov050_seed00000012_bw010,8,1,0.5,0.1,200,5,0,200,1.0,,0.0
c08_s01_cov050_seed00000012_bw010,8,1,0.5,0.1,1000,1,1000,0,0.0,0.808,0.808
c08_s01_cov050_seed00000012_bw010,8,1,0.5,0.1,1000,2,287,713,0.713,0.6480836236933798,0.186
c08_s01_cov050_seed00000012_bw010,8,1,0.5,0.1,1000,3,0,1000,1.0,,0.0
c08_s01_cov050_seed00000012_bw010,8,1,0.5,0.1,1000,4,0,1000,1.0,,0.0
c08_s01_cov050_seed00000012_bw010,8,1,0.5,0.1,1000,5,0,1000,1.0,,0.0
c08_s01_cov050_seed00000013_bw010,8,1,0.5,0.1,200,1,93,107,0.535,0.43010752688172044,0.2
c08_s01_cov050_seed00000013_bw010,8,1,0.5,0.1,200,2,65,135,0.675,0.0,0.0
c08_s01_cov050_seed00000013_bw010,8,1,0.5,0.1,200,3,102,98,0.49,0.0,0.0
c08_s01_cov050_seed00000013_bw010,8,1,0.5,0.1,200,4,200,0,0.0,0.0,0.0
c08_s01_cov050_seed00000013_bw010,8,1,0.5,0.1,1000,1,505,495,0.495,0.47326732673267324,0.239
c08_s01_cov050_seed00000013_bw010,8,1,0.5,0.1,1000,2,314,686,0.686,0.0,0.0
c08_s01_cov050_seed00000013_bw010,8,1,0.5,0.1,1000,3,504,496,0.496,0.0,0.0
c08_s01_cov050_seed00000013_bw010,8,1,0.5,0.1,1000,4,1000,0,0.0,0.0,0.0
c08_s01_cov050_seed00000014_bw010,8,1,0.5,0.1,200,1,157,43,0.215,0.643312101910828,0.505
c08_s01_cov050_seed00000014_bw010,8,1,0.5,0.1,200,2,34,166,0.83,1.0,0.17
c08_s01_cov050_seed00000014_bw010,8,1,0.5,0.1,200,3,0,200,1.0,,0.0
c08_s01_cov050_seed00000014_bw010,8,1,0.5,0.1,200,4,0,200,1.0,,0.0
c08_s01_cov050_seed00000014_bw010,8,1,0.5,0.1,1000,1,765,235,0.235,0.6444444444444445,0.493
c08_s01_cov050_seed00000014_bw010,8,1,0.5,0.1,1000,2,174,826,0.826,1.0,0.174
c08_s01_cov050_seed00000014_bw010,8,1,0.5,0.1,1000,3,0,1000,1.0,,0.0
c08_s01_cov050_seed00000014_bw010,8,1,0.5,0.1,1000,4,0,1000,1.0,,0.0
c08_s01_cov050_seed00000015_bw010,8,1,0.5,0.1,200,1,161,39,0.195,0.5714285714285714,0.46
c08_s01_cov050_seed00000015_bw010,8,1,0.5,0.1,200,2,68,132,0.66,0.5294117647058824,0.18
c08_s01_cov050_seed00000015_bw010,8,1,0.5,0.1,200,3,0,200,1.0,,0.0
c08_s01_cov050_seed00000015_bw010,8,1,0.5,0.1,200,4,0,200,1.0,,0.0
c08_s01_cov050_seed00000015_bw010,8,1,0.5,0.1,1000,1,766,234,0.234,0.6331592689295039,0.485
c08_s01_cov050_seed00000015_bw010,8,1,0.5,0.1,1000,2,335,665,0.665,0.5462686567164179,0.183
c08_s01_cov050_seed00000015_bw010,8,1,0.5,0.1,1000,3,0,1000,1.0,,0.0
c08_s01_cov050_seed00000015_bw010,8,1,0.5,0.1,1000,4,0,1000,1.0,,0.0
c08_s01_cov050_seed00000016_bw010,8,1,0.5,0.1,200,1,151,49,0.245,0.6423841059602649,0.485
c08_s01_cov050_seed00000016_bw010,8,1,0.5,0.1,200,2,95,105,0.525,0.30526315789473685,0.145
c08_s01_cov050_seed00000016_bw010,8,1,0.5,0.1,200,3,0,200,1.0,,0.0
c08_s01_cov050_seed00000016_bw010,8,1,0.5,0.1,200,4,0,200,1.0,,0.0
c08_s01_cov050_seed00000016_bw010,8,1,0.5,0.1,1000,1,748,252,0.252,0.6524064171122995,0.488
c08_s01_cov050_seed00000016_bw010,8,1,0.5,0.1,1000,2,492,508,0.508,0.35365853658536583,0.174
c08_s01_cov050_seed00000016_bw010,8,1,0.5,0.1,1000,3,0,1000,1.0,,0.0
c08_s01_cov050_seed00000016_bw010,8,1,0.5,0.1,1000,4,0,1000,1.0,,0.0
c08_s01_cov050_seed00000017_bw010,8,1,0.5,0.1,200,1,94,106,0.53,0.4574468085106383,0.215
c08_s01_cov050_seed00000017_bw010,8,1,0.5,0.1,200,2,104,96,0.48,0.6730769230769231,0.35
c08_s01_cov050_seed00000017_bw010,8,1,0.5,0.1,200,3,154,46,0.23,0.36363636363636365,0.28
c08_s01_cov050_seed00000017_bw010,8,1,0.5,0.1,200,4,200,0,0.0,0.0,0.0
c08_s01_cov050_seed00000017_bw010,8,1,0.5,0.1,1000,1,497,503,0.503,0.4788732394366197,0.238
c08_s01_cov050_seed00000017_bw010,8,1,0.5,0.1,1000,2,501,499,0.499,0.6686626746506986,0.335
c08_s01_cov050_seed00000017_bw010,8,1,0.5,0.1,1000,3,766,234,0.234,0.3733681462140992,0.286
c08_s01_cov050_seed00000017_bw010,8,1,0.5,0.1,1000,4,1000,0,0.0,0.0,0.0
c08_s01_cov050_seed00000018_bw010,8,1,0.5,0.1,200,1,163,37,0.185,0.6809815950920245,0.555
c08_s01_cov050_seed00000018_bw010,8,1,0.5,0.1,200,2,59,141,0.705,0.5423728813559322,0.16
c08_s01_cov050_seed00000018_bw010,8,1,0.5,0.1,200,3,48,152,0.76,0.0,0.0
c08_s01_cov050_seed00000018_bw010,8,1,0.5,0.1,200,4,0,200,1.0,,0.0
c08_s01_cov050_seed00000018_bw010,8,1,0.5,0.1,1000,1,740,260,0.26,0.6554054054054054,0.485
c08_s01_cov050_seed00000018_bw010,8,1,0.5,0.1,1000,2,348,652,0.652,0.5086206896551724,0.177
c08_s01_cov050_seed00000018_bw010,8,1,0.5,0.1,1000,3,233,767,0.767,0.0,0.0
c08_s01_cov050_seed00000018_bw010,8,1,0.5,0.1,1000,4,0,1000,1.0,,0.0
c08_s01_cov050_seed00000019_bw010,8,1,0.5,0.1,200,1,200,0,0.0,0.71,0.71
c08_s01_cov050_seed00000019_bw010,8,1,0.5,0.1,200,2,97,103,0.515,0.6701030927835051,0.325
c08_s01_cov050_seed00000019_bw010,8,1,0.5,0.1,200,3,0,200,1.0,,0.0
c08_s01_cov050_seed00000019_bw010,8,1,0.5,0.1,200,4,0,200,1.0,,0.0
c08_s01_cov050_seed00000019_bw010,8,1,0.5,0.1,1000,1,1000,0,0.0,0.734,0.734
c08_s01_cov050_seed00000019_bw010,8,1,0.5,0.1,1000,2,512,488,0.488,0.677734375,0.347
c08_s01_cov050_seed00000019_bw010,8,1,0.5,0.1,1000,3,0,1000,1.0,,0.0
c08_s01_cov050_seed00000019_bw010,8,1,0.5,0.1,1000,4,0,1000,1.0,,0.0
c08_s04_cov050_seed00000000_bw010,8,4,0.5,0.1,200,1,49,151,0.755,1.0,0.245
c08_s04_cov050_seed00000000_bw010,8,4,0.5,0.1,200,2,34,166,0.83,1.0,0.17
c08_s04_cov050_seed00000000_bw010,8,4,0.5,0.1,200,3,55,145,0.725,1.0,0.275
c08_s04_cov050_seed00000000_bw010,8,4,0.5,0.1,200,4,200,0,0.0,0.0,0.0
c08_s04_cov050_seed00000000_bw010,8,4,0.5,0.1,1000,1,263,737,0.737,1.0,0.263
c08_s04_cov050_seed00000000_bw010,8,4,0.5,0.1,1000,2,171,829,0.829,1.0,0.171
c08_s04_cov050_seed00000000_bw010,8,4,0.5,0.1,1000,3,258,742,0.742,1.0,0.258
c08_s04_cov050_seed00000000_bw010,8,4,0.5,0.1,1000,4,1000,0,0.0,0.0,0.0
c08_s04_cov050_seed00000001_bw010,8,4,0.5,0.1,200,1,41,159,0.795,1.0,0.205
c08_s04_cov050_seed00000001_bw010,8,4,0.5,0.1,200,2,38,162,0.81,1.0,0.19
c08_s04_cov050_seed00000001_bw010,8,4,0.5,0.1,200,3,51,149,0.745,1.0,0.255
c08_s04_cov050_seed00000001_bw010,8,4,0.5,0.1,200,4,200,0,0.0,0.0,0.0
c08_s04_cov050_seed00000001_bw010,8,4,0.5,0.1,1000,1,234,766,0.766,1.0,0.234
c08_s04_cov050_seed00000001_bw010,8,4,0.5,0.1,1000,2,170,830,0.83,1.0,0.17
c08_s04_cov050_seed00000001_bw010,8,4,0.5,0.1,1000,3,249,751,0.751,1.0,0.249
c08_s04_cov050_seed00000001_bw010,8,4,0.5,0.1,1000,4,1000,0,0.0,0.0,0.0
c08_s04_cov050_seed00000002_bw010,8,4,0.5,0.1,200,1,53,147,0.735,1.0,0.265
c08_s04_cov050_seed00000002_bw010,8,4,0.5,0.1,200,2,28,172,0.86,1.0,0.14
c08_s04_cov050_seed00000002_bw010,8,4,0.5,0.1,200,3,55,145,0.725,1.0,0.275
c08_s04_cov050_seed00000002_bw010,8,4,0.5,0.1,200,4,200,0,0.0,0.0,0.0
c08_s04_cov050_seed00000002_bw010,8,4,0.5,0.1,1000,1,274,726,0.726,1.0,0.274
c08_s04_cov050_seed00000002_bw010,8,4,0.5,0.1,1000,2,155,845,0.845,1.0,0.155
c08_s04_cov050_seed00000002_bw010,8,4,0.5,0.1,1000,3,294,706,0.706,1.0,0.294
c08_s04_cov050_seed00000002_bw010,8,4,0.5,0.1,1000,4,1000,0,0.0,0.0,0.0
c08_s04_cov050_seed00000003_bw010,8,4,0.5,0.1,200,1,51,149,0.745,1.0,0.255
c08_s04_cov050_seed00000003_bw010,8,4,0.5,0.1,200,2,42,158,0.79,1.0,0.21
c08_s04_cov050_seed00000003_bw010,8,4,0.5,0.1,200,3,61,139,0.695,1.0,0.305
c08_s04_cov050_seed00000003_bw010,8,4,0.5,0.1,200,4,200,0,0.0,0.0,0.0
c08_s04_cov050_seed00000003_bw010,8,4,0.5,0.1,1000,1,259,741,0.741,1.0,0.259
c08_s04_cov050_seed00000003_bw010,8,4,0.5,0.1,1000,2,203,797,0.797,1.0,0.203
c08_s04_cov050_seed00000003_bw010,8,4,0.5,0.1,1000,3,250,750,0.75,1.0,0.25
c08_s04_cov050_seed00000003_bw010,8,4,0.5,0.1,1000,4,1000,0,0.0,0.0,0.0
c08_s04_cov050_seed00000004_bw010,8,4,0.5,0.1,200,1,61,139,0.695,1.0,0.305
c08_s04_cov050_seed00000004_bw010,8,4,0.5,0.1,200,2,33,167,0.835,1.0,0.165
c08_s04_cov050_seed00000004_bw010,8,4,0.5,0.1,200,3,44,156,0.78,1.0,0.22
c08_s04_cov050_seed00000004_bw010,8,4,0.5,0.1,200,4,200,0,0.0,0.0,0.0
c08_s04_cov050_seed00000004_bw010,8,4,0.5,0.1,1000,1,257,743,0.743,1.0,0.257
c08_s04_cov050_seed00000004_bw010,8,4,0.5,0.1,1000,2,176,824,0.824,1.0,0.176
c08_s04_cov050_seed00000004_bw010,8,4,0.5,0.1,1000,3,238,762,0.762,1.0,0.238
c08_s04_cov050_seed00000004_bw010,8,4,0.5,0.1,1000,4,1000,0,0.0,0.0,0.0
c08_s04_cov050_seed00000005_bw010,8,4,0.5,0.1,200,1,52,148,0.74,1.0,0.26
c08_s04_cov050_seed00000005_bw010,8,4,0.5,0.1,200,2,41,159,0.795,1.0,0.205
c08_s04_cov050_seed00000005_bw010,8,4,0.5,0.1,200,3,43,157,0.785,1.0,0.215
c08_s04_cov050_seed00000005_bw010,8,4,0.5,0.1,200,4,200,0,0.0,0.0,0.0
c08_s04_cov050_seed00000005_bw010,8,4,0.5,0.1,1000,1,243,757,0.757,1.0,0.243
c08_s04_cov050_seed00000005_bw010,8,4,0.5,0.1,1000,2,177,823,0.823,1.0,0.177
c08_s04_cov050_seed00000005_bw010,8,4,0.5,0.1,1000,3,253,747,0.747,1.0,0.253
c08_s04_cov050_seed00000005_bw010,8,4,0.5,0.1,1000,4,1000,0,0.0,0.0,0.0
c08_s04_cov050_seed00000006_bw010,8,4,0.5,0.1,200,1,52,148,0.74,1.0,0.26
c08_s04_cov050_seed00000006_bw010,8,4,0.5,0.1,200,2,29,171,0.855,1.0,0.145
c08_s04_cov050_seed00000006_bw010,8,4,0.5,0.1,200,3,61,139,0.695,1.0,0.305
c08_s04_cov050_seed00000006_bw010,8,4,0.5,0.1,200,4,200,0,0.0,0.0,0.0
c08_s04_cov050_seed00000006_bw010,8,4,0.5,0.1,1000,1,240,760,0.76,1.0,0.24
c08_s04_cov050_seed00000006_bw010,8,4,0.5,0.1,1000,2,153,847,0.847,1.0,0.153
c08_s04_cov050_seed00000006_bw010,8,4,0.5,0.1,1000,3,247,753,0.753,1.0,0.247
c08_s04_cov050_seed00000006_bw010,8,4,0.5,0.1,1000,4,1000,0,0.0,0.0,0.0
c08_s04_cov050_seed00000007_bw010,8,4,0.5,0.1,200,1,46,154,0.77,1.0,0.23
c08_s04_cov050_seed00000007_bw010,8,4,0.5,0.1,200,2,41,159,0.795,1.0,0.205
c08_s04_cov050_seed00000007_bw010,8,4,0.5,0.1,200,3,57,143,0.715,1.0,0.285
c08_s04_cov050_seed00000007_bw010,8,4,0.5,0.1,200,4,200,0,0.0,0.0,0.0
c08_s04_cov050_seed00000007_bw010,8,4,0.5,0.1,1000,1,239,761,0.761,1.0,0.239
c08_s04_cov050_seed00000007_bw010,8,4,0.5,0.1,1000,2,175,825,0.825,1.0,0.175
c08_s04_cov050_seed00000007_bw010,8,4,0.5,0.1,1000,3,275,725,0.725,1.0,0.275
c08_s04_cov050_seed00000007_bw010,8,4,0.5,0.1,1000,4,1000,0,0.0,0.0,0.0
c08_s04_cov050_seed00000008_bw010,8,4,0.5,0.1,200,1,46,154,0.77,1.0,0.23
c08_s04_cov050_seed00000008_bw010,8,4,0.5,0.1,200,2,33,167,0.835,1.0,0.165
c08_s04_cov050_seed00000008_bw010,8,4,0.5,0.1,200,3,57,143,0.715,1.0,0.285
c08_s04_cov050_seed00000008_bw010,8,4,0.5,0.1,200,4,200,0,0.0,0.0,0.0
c08_s04_cov050_seed00000008_bw010,8,4,0.5,0.1,1000,1,248,752,0.752,1.0,0.248
c08_s04_cov050_seed00000008_bw010,8,4,0.5,0.1,1000,2,170,830,0.83,1.0,0.17
c08_s04_cov050_seed00000008_bw010,8,4,0.5,0.1,1000,3,251,749,0.749,1.0,0.251
c08_s04_cov050_seed00000008_bw010,8,4,0.5,0.1,1000,4,1000,0,0.0,0.0,0.0
c08_s04_cov050_seed00000009_bw010,8,4,0.5,0.1,200,1,44,156,0.78,1.0,0.22
c08_s04_cov050_seed00000009_bw010,8,4,0.5,0.1,200,2,46,154,0.77,1.0,0.23
c08_s04_cov050_seed00000009_bw010,8,4,0.5,0.1,200,3,57,143,0.715,1.0,0.285
c08_s04_cov050_seed00000009_bw010,8,4,0.5,0.1,200,4,200,0,0.0,0.0,0.0
c08_s04_cov050_seed00000009_bw010,8,4,0.5,0.1,1000,1,252,748,0.748,1.0,0.252
c08_s04_cov050_seed00000009_bw010,8,4,0.5,0.1,1000,2,189,811,0.811,1.0,0.189
c08_s04_cov050_seed00000009_bw010,8,4,0.5,0.1,1000,3,244,756,0.756,1.0,0.244
c08_s04_cov050_seed00000009_bw010,8,4,0.5,0.1,1000,4,1000,0,0.0,0.0,0.0
c08_s04_cov050_seed00000010_bw010,8,4,0.5,0.1,200,1,42,158,0.79,1.0,0.21
c08_s04_cov050_seed00000010_bw010,8,4,0.5,0.1,200,2,19,181,0.905,1.0,0.095
c08_s04_cov050_seed00000010_bw010,8,4,0.5,0.1,200,3,13,187,0.935,1.0,0.065
c08_s04_cov050_seed00000010_bw010,8,4,0.5,0.1,200,4,85,115,0.575,0.43529411764705883,0.185
c08_s04_cov050_seed00000010_bw010,8,4,0.5,0.1,200,5,200,0,0.0,0.0,0.0
c08_s04_cov050_seed00000010_bw010,8,4,0.5,0.1,1000,1,204,796,0.796,1.0,0.204
c08_s04_cov050_seed00000010_bw010,8,4,0.5,0.1,1000,2,115,885,0.885,1.0,0.115
c08_s04_cov050_seed00000010_bw010,8,4,0.5,0.1,1000,3,84,916,0.916,1.0,0.084
c08_s04_cov050_seed00000010_bw010,8,4,0.5,0.1,1000,4,386,614,0.614,0.5103626943005182,0.197
c08_s04_cov050_seed00000010_bw010,8,4,0.5,0.1,1000,5,1000,0,0.0,0.0,0.0
c08_s04_cov050_seed00000011_bw010,8,4,0.5,0.1,200,1,49,151,0.755,1.0,0.245
c08_s04_cov050_seed00000011_bw010,8,4,0.5,0.1,200,2,31,169,0.845,1.0,0.155
c08_s04_cov050_seed00000011_bw010,8,4,0.5,0.1,200,3,52,148,0.74,1.0,0.26
c08_s04_cov050_seed00000011_bw010,8,4,0.5,0.1,200,4,200,0,0.0,0.0,0.0
c08_s04_cov050_seed00000011_bw010,8,4,0.5,0.1,1000,1,247,753,0.753,1.0,0.247
c08_s04_cov050_seed00000011_bw010,8,4,0.5,0.1,1000,2,170,830,0.83,1.0,0.17
c08_s04_cov050_seed00000011_bw010,8,4,0.5,0.1,1000,3,260,740,0.74,1.0,0.26
c08_s04_cov050_seed00000011_bw010,8,4,0.5,0.1,1000,4,1000,0,0.0,0.0,0.0
c08_s04_cov050_seed00000012_bw010,8,4,0.5,0.1,200,1,38,162,0.81,1.0,0.19
c08_s04_cov050_seed00000012_bw010,8,4,0.5,0.1,200,2,39,161,0.805,1.0,0.195
c08_s04_cov050_seed00000012_bw010,8,4,0.5,0.1,200,3,49,151,0.755,1.0,0.245
c08_s04_cov050_seed00000012_bw010,8,4,0.5,0.1,200,4,200,0,0.0,0.0,0.0
c08_s04_cov050_seed00000012_bw010,8,4,0.5,0.1,1000,1,229,771,0.771,1.0,0.229
c08_s04_cov050_seed00000012_bw010,8,4,0.5,0.1,1000,2,191,809,0.809,1.0,0.191
c08_s04_cov050_seed00000012_bw010,8,4,0.5,0.1,1000,3,253,747,0.747,1.0,0.253
c08_s04_cov050_seed00000012_bw010,8,4,0.5,0.1,1000,4,1000,0,0.0,0.0,0.0
c08_s04_cov050_seed00000013_bw010,8,4,0.5,0.1,200,1,58,142,0.71,1.0,0.29
c08_s04_cov050_seed00000013_bw010,8,4,0.5,0.1,200,2,27,173,0.865,1.0,0.135
c08_s04_cov050_seed00000013_bw010,8,4,0.5,0.1,200,3,51,149,0.745,1.0,0.255
c08_s04_cov050_seed00000013_bw010,8,4,0.5,0.1,200,4,200,0,0.0,0.0,0.0
c08_s04_cov050_seed00000013_bw010,8,4,0.5,0.1,1000,1,269,731,0.731,1.0,0.269
c08_s04_cov050_seed00000013_bw010,8,4,0.5,0.1,1000,2,154,846,0.846,1.0,0.154
c08_s04_cov050_seed00000013_bw010,8,4,0.5,0.1,1000,3,269,731,0.731,1.0,0.269
c08_s04_cov050_seed00000013_bw010,8,4,0.5,0.1,1000,4,1000,0,0.0,0.0,0.0
c08_s04_cov050_seed00000014_bw010,8,4,0.5,0.1,200,1,44,156,0.78,1.0,0.22
c08_s04_cov050_seed00000014_bw010,8,4,0.5,0.1,200,2,32,168,0.84,1.0,0.16
c08_s04_cov050_seed00000014_bw010,8,4,0.5,0.1,200,3,50,150,0.75,1.0,0.25
c08_s04_cov050_seed00000014_bw010,8,4,0.5,0.1,200,4,200,0,0.0,0.0,0.0
c08_s04_cov050_seed00000014_bw010,8,4,0.5,0.1,1000,1,253,747,0.747,1.0,0.253
c08_s04_cov050_seed00000014_bw010,8,4,0.5,0.1,1000,2,170,830,0.83,1.0,0.17
c08_s04_cov050_seed00000014_bw010,8,4,0.5,0.1,1000,3,246,754,0.754,1.0,0.246
c08_s04_cov050_seed00000014_bw010,8,4,0.5,0.1,1000,4,1000,0,0.0,0.0,0.0
c08_s04_cov050_seed00000015_bw010,8,4,0.5,0.1,200,1,55,145,0.725,1.0,0.275
c08_s04_cov050_seed00000015_bw010,8,4,0.5,0.1,200,2,36,164,0.82,1.0,0.18
c08_s04_cov050_seed00000015_bw010,8,4,0.5,0.1,200,3,46,154,0.77,1.0,0.23
c08_s04_cov050_seed00000015_bw010,8,4,0.5,0.1,200,4,200,0,0.0,0.0,0.0
c08_s04_cov050_seed00000015_bw010,8,4,0.5,0.1,1000,1,247,753,0.753,1.0,0.247
c08_s04_cov050_seed00000015_bw010,8,4,0.5,0.1,1000,2,165,835,0.835,1.0,0.165
c08_s04_cov050_seed00000015_bw010,8,4,0.5,0.1,1000,3,239,761,0.761,1.0,0.239
c08_s04_cov050_seed00000015_bw010,8,4,0.5,0.1,1000,4,1000,0,0.0,0.0,0.0
c08_s04_cov050_seed00000016_bw010,8,4,0.5,0.1,200,1,43,157,0.785,1.0,0.215
c08_s04_cov050_seed00000016_bw010,8,4,0.5,0.1,200,2,42,158,0.79,1.0,0.21
c08_s04_cov050_seed00000016_bw010,8,4,0.5,0.1,200,3,36,164,0.82,1.0,0.18
c08_s04_cov050_seed00000016_bw010,8,4,0.5,0.1,200,4,200,0,0.0,0.0,0.0
c08_s04_cov050_seed00000016_bw010,8,4,0.5,0.1,1000,1,209,791,0.791,1.0,0.209
c08_s04_cov050_seed00000016_bw010,8,4,0.5,0.1,1000,2,166,834,0.834,1.0,0.166
c08_s04_cov050_seed00000016_bw010,8,4,0.5,0.1,1000,3,231,769,0.769,1.0,0.231
c08_s04_cov050_seed00000016_bw010,8,4,0.5,0.1,1000,4,1000,0,0.0,0.0,0.0
c08_s04_cov050_seed00000017_bw010,8,4,0.5,0.1,200,1,54,146,0.73,1.0,0.27
c08_s04_cov050_seed00000017_bw010,8,4,0.5,0.1,200,2,29,171,0.855,1.0,0.145
c08_s04_cov050_seed00000017_bw010,8,4,0.5,0.1,200,3,54,146,0.73,1.0,0.27
c08_s04_cov050_seed00000017_bw010,8,4,0.5,0.1,200,4,200,0,0.0,0.0,0.0
c08_s04_cov050_seed00000017_bw010,8,4,0.5,0.1,1000,1,246,754,0.754,1.0,0.246
c08_s04_cov050_seed00000017_bw010,8,4,0.5,0.1,1000,2,162,838,0.838,1.0,0.162
c08_s04_cov050_seed00000017_bw010,8,4,0.5,0.1,1000,3,246,754,0.754,1.0,0.246
c08_s04_cov050_seed00000017_bw010,8,4,0.5,0.1,1000,4,1000,0,0.0,0.0,0.0
c08_s04_cov050_seed00000018_bw010,8,4,0.5,0.1,200,1,53,147,0.735,1.0,0.265
c08_s04_cov050_seed00000018_bw010,8,4,0.5,0.1,200,2,40,160,0.8,1.0,0.2
c08_s04_cov050_seed00000018_bw010,8,4,0.5,0.1,200,3,46,154,0.77,1.0,0.23
c08_s04_cov050_seed00000018_bw010,8,4,0.5,0.1,200,4,200,0,0.0,0.0,0.0
c08_s04_cov050_seed00000018_bw010,8,4,0.5,0.1,1000,1,267,733,0.733,1.0,0.267
c08_s04_cov050_seed00000018_bw010,8,4,0.5,0.1,1000,2,153,847,0.847,1.0,0.153
c08_s04_cov050_seed00000018_bw010,8,4,0.5,0.1,1000,3,234,766,0.766,1.0,0.234
c08_s04_cov050_seed00000018_bw010,8,4,0.5,0.1,1000,4,1000,0,0.0,0.0,0.0
c08_s04_cov050_seed00000019_bw010,8,4,0.5,0.1,200,1,46,154,0.77,1.0,0.23
c08_s04_cov050_seed00000019_bw010,8,4,0.5,0.1,200,2,29,171,0.855,1.0,0.145
c08_s04_cov050_seed00000019_bw010,8,4,0.5,0.1,200,3,49,151,0.755,1.0,0.245
c08_s04_cov050_seed00000019_bw010,8,4,0.5,0.1,200,4,200,0,0.0,0.0,0.0
c08_s04_cov050_seed00000019_bw010,8,4,0.5,0.1,1000,1,257,743,0.743,1.0,0.257
c08_s04_cov050_seed00000019_bw010,8,4,0.5,0.1,1000,2,177,823,0.823,1.0,0.177
c08_s04_cov050_seed00000019_bw010,8,4,0.5,0.1,1000,3,251,749,0.749,1.0,0.251
c08_s04_cov050_seed00000019_bw010,8,4,0.5,0.1,1000,4,1000,0,0.0,0.0,0.0
c08_s07_cov050_seed00000000_bw010,8,7,0.5,0.1,200,1,60,140,0.7,1.0,0.3
c08_s07_cov050_seed00000000_bw010,8,7,0.5,0.1,200,2,36,164,0.82,1.0,0.18
c08_s07_cov050_seed00000000_bw010,8,7,0.5,0.1,200,3,52,148,0.74,1.0,0.26
c08_s07_cov050_seed00000000_bw010,8,7,0.5,0.1,200,4,200,0,0.0,0.0,0.0
c08_s07_cov050_seed00000000_bw010,8,7,0.5,0.1,1000,1,258,742,0.742,1.0,0.258
c08_s07_cov050_seed00000000_bw010,8,7,0.5,0.1,1000,2,171,829,0.829,1.0,0.171
c08_s07_cov050_seed00000000_bw010,8,7,0.5,0.1,1000,3,261,739,0.739,1.0,0.261
c08_s07_cov050_seed00000000_bw010,8,7,0.5,0.1,1000,4,1000,0,0.0,0.0,0.0
c08_s07_cov050_seed00000001_bw010,8,7,0.5,0.1,200,1,50,150,0.75,1.0,0.25
c08_s07_cov050_seed00000001_bw010,8,7,0.5,0.1,200,2,35,165,0.825,1.0,0.175
c08_s07_cov050_seed00000001_bw010,8,7,0.5,0.1,200,3,42,158,0.79,1.0,0.21
c08_s07_cov050_seed00000001_bw010,8,7,0.5,0.1,200,4,200,0,0.0,0.0,0.0
c08_s07_cov050_seed00000001_bw010,8,7,0.5,0.1,1000,1,257,743,0.743,1.0,0.257
c08_s07_cov050_seed00000001_bw010,8,7,0.5,0.1,1000,2,159,841,0.841,1.0,0.159
c08_s07_cov050_seed00000001_bw010,8,7,0.5,0.1,1000,3,227,773,0.773,1.0,0.227
c08_s07_cov050_seed00000001_bw010,8,7,0.5,0.1,1000,4,1000,0,0.0,0.0,0.0
c08_s07_cov050_seed00000002_bw010,8,7,0.5,0.1,200,1,41,159,0.795,1.0,0.205
c08_s07_cov050_seed00000002_bw010,8,7,0.5,0.1,200,2,41,159,0.795,1.0,0.205
c08_s07_cov050_seed00000002_bw010,8,7,0.5,0.1,200,3,60,140,0.7,1.0,0.3
c08_s07_cov050_seed00000002_bw010,8,7,0.5,0.1,200,4,200,0,0.0,0.0,0.0
c08_s07_cov050_seed00000002_bw010,8,7,0.5,0.1,1000,1,268,732,0.732,1.0,0.268
c08_s07_cov050_seed00000002_bw010,8,7,0.5,0.1,1000,2,181,819,0.819,1.0,0.181
c08_s07_cov050_seed00000002_bw010,8,7,0.5,0.1,1000,3,279,721,0.721,1.0,0.279
c08_s07_cov050_seed00000002_bw010,8,7,0.5,0.1,1000,4,1000,0,0.0,0.0,0.0
c08_s07_cov050_seed00000003_bw010,8,7,0.5,0.1,200,1,57,143,0.715,1.0,0.285
c08_s07_cov050_seed00000003_bw010,8,7,0.5,0.1,200,2,36,164,0.82,1.0,0.18
c08_s07_cov050_seed00000003_bw010,8,7,0.5,0.1,200,3,54,146,0.73,1.0,0.27
c08_s07_cov050_seed00000003_bw010,8,7,0.5,0.1,200,4,200,0,0.0,0.0,0.0
c08_s07_cov050_seed00000003_bw010,8,7,0.5,0.1,1000,1,256,744,0.744,1.0,0.256
c08_s07_cov050_seed00000003_bw010,8,7,0.5,0.1,1000,2,167,833,0.833,1.0,0.167
c08_s07_cov050_seed00000003_bw010,8,7,0.5,0.1,1000,3,250,750,0.75,1.0,0.25
c08_s07_cov050_seed00000003_bw010,8,7,0.5,0.1,1000,4,1000,0,0.0,0.0,0.0
c08_s07_cov050_seed00000004_bw010,8,7,0.5,0.1,200,1,55,145,0.725,1.0,0.275
c08_s07_cov050_seed00000004_bw010,8,7,0.5,0.1,200,2,41,159,0.795,1.0,0.205
c08_s07_cov050_seed00000004_bw010,8,7,0.5,0.1,200,3,59,141,0.705,1.0,0.295
c08_s07_cov050_seed00000004_bw010,8,7,0.5,0.1,200,4,200,0,0.0,0.0,0.0
c08_s07_cov050_seed00000004_bw010,8,7,0.5,0.1,1000,1,255,745,0.745,1.0,0.255
c08_s07_cov050_seed00000004_bw010,8,7,0.5,0.1,1000,2,185,815,0.815,1.0,0.185
c08_s07_cov050_seed00000004_bw010,8,7,0.5,0.1,1000,3,245,755,0.755,1.0,0.245
c08_s07_cov050_seed00000004_bw010,8,7,0.5,0.1,1000,4,1000,0,0.0,0.0,0.0
c08_s07_cov050_seed00000005_bw010,8,7,0.5,0.1,200,1,46,154,0.77,1.0,0.23
c08_s07_cov050_seed00000005_bw010,8,7,0.5,0.1,200,2,33,167,0.835,1.0,0.165
c08_s07_cov050_seed00000005_bw010,8,7,0.5,0.1,200,3,41,159,0.795,1.0,0.205
c08_s07_cov050_seed00000005_bw010,8,7,0.5,0.1,200,4,200,0,0.0,0.0,0.0
c08_s07_cov050_seed00000005_bw010,8,7,0.5,0.1,1000,1,232,768,0.768,1.0,0.232
c08_s07_cov050_seed00000005_bw010,8,7,0.5,0.1,1000,2,162,838,0.838,1.0,0.162
c08_s07_cov050_seed00000005_bw010,8,7,0.5,0.1,1000,3,250,750,0.75,1.0,0.25
c08_s07_cov050_seed00000005_bw010,8,7,0.5,0.1,1000,4,1000,0,0.0,0.0,0.0
c08_s07_cov050_seed00000006_bw010,8,7,0.5,0.1,200,1,62,138,0.69,1.0,0.31
c08_s07_cov050_seed00000006_bw010,8,7,0.5,0.1,200,2,34,166,0.83,1.0,0.17
c08_s07_cov050_seed00000006_bw010,8,7,0.5,0.1,200,3,53,147,0.735,1.0,0.265
c08_s07_cov050_seed00000006_bw010,8,7,0.5,0.1,200,4,200,0,0.0,0.0,0.0
c08_s07_cov050_seed00000006_bw010,8,7,0.5,0.1,1000,1,258,742,0.742,1.0,0.258
c08_s07_cov050_seed00000006_bw010,8,7,0.5,0.1,1000,2,157,843,0.843,1.0,0.157
c08_s07_cov050_seed00000006_bw010,8,7,0.5,0.1,1000,3,278,722,0.722,1.0,0.278
c08_s07_cov050_seed00000006_bw010,8,7,0.5,0.1,1000,4,1000,0,0.0,0.0,0.0
c08_s07_cov050_seed00000007_bw010,8,7,0.5,0.1,200,1,51,149,0.745,1.0,0.255
c08_s07_cov050_seed00000007_bw010,8,7,0.5,0.1,200,2,32,168,0.84,1.0,0.16
c08_s07_cov050_seed00000007_bw010,8,7,0.5,0.1,200,3,44,156,0.78,1.0,0.22
c08_s07_cov050_seed00000007_bw010,8,7,0.5,0.1,200,4,200,0,0.0,0.0,0.0
c08_s07_cov050_seed00000007_bw010,8,7,0.5,0.1,1000,1,249,751,0.751,1.0,0.249
c08_s07_cov050_seed00000007_bw010,8,7,0.5,0.1,1000,2,169,831,0.831,1.0,0.169
c08_s07_cov050_seed00000007_bw010,8,7,0.5,0.1,1000,3,239,761,0.761,1.0,0.239
c08_s07_cov050_seed00000007_bw010,8,7,0.5,0.1,1000,4,1000,0,0.0,0.0,0.0
c08_s07_cov050_seed00000008_bw010,8,7,0.5,0.1,200,1,50,150,0.75,1.0,0.25
c08_s07_cov050_seed00000008_bw010,8,7,0.5,0.1,200,2,26,174,0.87,1.0,0.13
c08_s07_cov050_seed00000008_bw010,8,7,0.5,0.1,200,3,63,137,0.685,1.0,0.315
c08_s07_cov050_seed00000008_bw010,8,7,0.5,0.1,200,4,200,0,0.0,0.0,0.0
c08_s07_cov050_seed00000008_bw010,8,7,0.5,0.1,1000,1,257,743,0.743,1.0,0.257
c08_s07_cov050_seed00000008_bw010,8,7,0.5,0.1,1000,2,166,834,0.834,1.0,0.166
c08_s07_cov050_seed00000008_bw010,8,7,0.5,0.1,1000,3,272,728,0.728,1.0,0.272
c08_s07_cov050_seed00000008_bw010,8,7,0.5,0.1,1000,4,1000,0,0.0,0.0,0.0
c08_s07_cov050_seed00000009_bw010,8,7,0.5,0.1,200,1,61,139,0.695,1.0,0.305
c08_s07_cov050_seed00000009_bw010,8,7,0.5,0.1,200,2,28,172,0.86,1.0,0.14
c08_s07_cov050_seed00000009_bw010,8,7,0.5,0.1,200,3,52,148,0.74,1.0,0.26
c08_s07_cov050_seed00000009_bw010,8,7,0.5,0.1,200,4,200,0,0.0,0.0,0.0
c08_s07_cov050_seed00000009_bw010,8,7,0.5,0.1,1000,1,261,739,0.739,1.0,0.261
c08_s07_cov050_seed00000009_bw010,8,7,0.5,0.1,1000,2,144,856,0.856,1.0,0.144
c08_s07_cov050_seed00000009_bw010,8,7,0.5,0.1,1000,3,254,746,0.746,1.0,0.254
c08_s07_cov050_seed00000009_bw010,8,7,0.5,0.1,1000,4,1000,0,0.0,0.0,0.0
c08_s07_cov050_seed00000010_bw010,8,7,0.5,0.1,200,1,44,156,0.78,1.0,0.22
c08_s07_cov050_seed00000010_bw010,8,7,0.5,0.1,200,2,39,161,0.805,1.0,0.195
c08_s07_cov050_seed00000010_bw010,8,7,0.5,0.1,200,3,52,148,0.74,1.0,0.26
c08_s07_cov050_seed00000010_bw010,8,7,0.5,0.1,200,4,200,0,0.0,0.0,0.0
c08_s07_cov050_seed00000010_bw010,8,7,0.5,0.1,1000,1,245,755,0.755,1.0,0.245
c08_s07_cov050_seed00000010_bw010,8,7,0.5,0.1,1000,2,152,848,0.848,1.0,0.152
c08_s07_cov050_seed00000010_bw010,8,7,0.5,0.1,1000,3,265,735,0.735,1.0,0.265
c08_s07_cov050_seed00000010_bw010,8,7,0.5,0.1,1000,4,1000,0,0.0,0.0,0.0
c08_s07_cov050_seed00000011_bw010,8,7,0.5,0.1,200,1,53,147,0.735,1.0,0.265
c08_s07_cov050_seed00000011_bw010,8,7,0.5,0.1,200,2,26,174,0.87,1.0,0.13
c08_s07_cov050_seed00000011_bw010,8,7,0.5,0.1,200,3,50,150,0.75,1.0,0.25
c08_s07_cov050_seed00000011_bw010,8,7,0.5,0.1,200,4,200,0,0.0,0.0,0.0
c08_s07_cov050_seed00000011_bw010,8,7,0.5,0.1,1000,1,277,723,0.723,1.0,0.277
c08_s07_cov050_seed00000011_bw010,8,7,0.5,0.1,1000,2,154,846,0.846,1.0,0.154
c08_s07_cov050_seed00000011_bw010,8,7,0.5,0.1,1000,3,244,756,0.756,1.0,0.244
c08_s07_cov050_seed00000011_bw010,8,7,0.5,0.1,1000,4,1000,0,0.0,0.0,0.0
c08_s07_cov050_seed00000012_bw010,8,7,0.5,0.1,200,1,62,138,0.69,1.0,0.31
c08_s07_cov050_seed00000012_bw010,8,7,0.5,0.1,200,2,34,166,0.83,1.0,0.17
c08_s07_cov050_seed00000012_bw010,8,7,0.5,0.1,200,3,46,154,0.77,1.0,0.23
c08_s07_cov050_seed00000012_bw010,8,7,0.5,0.1,200,4,200,0,0.0,0.0,0.0
c08_s07_cov050_seed00000012_bw010,8,7,0.5,0.1,1000,1,257,743,0.743,1.0,0.257
c08_s07_cov050_seed00000012_bw010,8,7,0.5,0.1,1000,2,170,830,0.83,1.0,0.17
c08_s07_cov050_seed00000012_bw010,8,7,0.5,0.1,1000,3,248,752,0.752,1.0,0.248
c08_s07_cov050_seed00000012_bw010,8,7,0.5,0.1,1000,4,1000,0,0.0,0.0,0.0
c08_s07_cov050_seed00000013_bw010,8,7,0.5,0.1,200,1,45,155,0.775,1.0,0.225
c08_s07_cov050_seed00000013_bw010,8,7,0.5,0.1,200,2,29,171,0.855,1.0,0.145
c08_s07_cov050_seed00000013_bw010,8,7,0.5,0.1,200,3,46,154,0.77,1.0,0.23
c08_s07_cov050_seed00000013_bw010,8,7,0.5,0.1,200,4,200,0,0.0,0.0,0.0
c08_s07_cov050_seed00000013_bw010,8,7,0.5,0.1,1000,1,251,749,0.749,1.0,0.251
c08_s07_cov050_seed00000013_bw010,8,7,0.5,0.1,1000,2,134,866,0.866,1.0,0.134
c08_s07_cov050_seed00000013_bw010,8,7,0.5,0.1,1000,3,256,744,0.744,1.0,0.256
c08_s07_cov050_seed00000013_bw010,8,7,0.5,0.1,1000,4,1000,0,0.0,0.0,0.0
c08_s07_cov050_seed00000014_bw010,8,7,0.5,0.1,200,1,55,145,0.725,1.0,0.275
c08_s07_cov050_seed00000014_bw010,8,7,0.5,0.1,200,2,23,177,0.885,1.0,0.115
c08_s07_cov050_seed00000014_bw010,8,7,0.5,0.1,200,3,47,153,0.765,1.0,0.235
c08_s07_cov050_seed00000014_bw010,8,7,0.5,0.1,200,4,200,0,0.0,0.0,0.0
c08_s07_cov050_seed00000014_bw010,8,7,0.5,0.1,1000,1,264,736,0.736,1.0,0.264
c08_s07_cov050_seed00000014_bw010,8,7,0.5,0.1,1000,2,147,853,0.853,1.0,0.147
c08_s07_cov050_seed00000014_bw010,8,7,0.5,0.1,1000,3,262,738,0.738,1.0,0.262
c08_s07_cov050_seed00000014_bw010,8,7,0.5,0.1,1000,4,1000,0,0.0,0.0,0.0
c08_s07_cov050_seed00000015_bw010,8,7,0.5,0.1,200,1,48,152,0.76,1.0,0.24
c08_s07_cov050_seed00000015_bw010,8,7,0.5,0.1,200,2,26,174,0.87,1.0,0.13
c08_s07_cov050_seed00000015_bw010,8,7,0.5,0.1,200,3,58,142,0.71,1.0,0.29
c08_s07_cov050_seed00000015_bw010,8,7,0.5,0.1,200,4,200,0,0.0,0.0,0.0
c08_s07_cov050_seed00000015_bw010,8,7,0.5,0.1,1000,1,242,758,0.758,1.0,0.242
c08_s07_cov050_seed00000015_bw010,8,7,0.5,0.1,1000,2,172,828,0.828,1.0,0.172
c08_s07_cov050_seed00000015_bw010,8,7,0.5,0.1,1000,3,247,753,0.753,1.0,0.247
c08_s07_cov050_seed00000015_bw010,8,7,0.5,0.1,1000,4,1000,0,0.0,0.0,0.0
c08_s07_cov050_seed00000016_bw010,8,7,0.5,0.1,200,1,49,151,0.755,1.0,0.245
c08_s07_cov050_seed00000016_bw010,8,7,0.5,0.1,200,2,41,159,0.795,1.0,0.205
c08_s07_cov050_seed00000016_bw010,8,7,0.5,0.1,200,3,47,153,0.765,1.0,0.235
c08_s07_cov050_seed00000016_bw010,8,7,0.5,0.1,200,4,200,0,0.0,0.0,0.0
c08_s07_cov050_seed00000016_bw010,8,7,0.5,0.1,1000,1,257,743,0.743,1.0,0.257
c08_s07_cov050_seed00000016_bw010,8,7,0.5,0.1,1000,2,185,815,0.815,1.0,0.185
c08_s07_cov050_seed00000016_bw010,8,7,0.5,0.1,1000,3,242,758,0.758,1.0,0.242
c08_s07_cov050_seed00000016_bw010,8,7,0.5,0.1,1000,4,1000,0,0.0,0.0,0.0
c08_s07_cov050_seed00000017_bw010,8,7,0.5,0.1,200,1,51,149,0.745,1.0,0.255
c08_s07_cov050_seed00000017_bw010,8,7,0.5,0.1,200,2,28,172,0.86,1.0,0.14
c08_s07_cov050_seed00000017_bw010,8,7,0.5,0.1,200,3,54,146,0.73,1.0,0.27
c08_s07_cov050_seed00000017_bw010,8,7,0.5,0.1,200,4,200,0,0.0,0.0,0.0
c08_s07_cov050_seed00000017_bw010,8,7,0.5,0.1,1000,1,239,761,0.761,1.0,0.239
c08_s07_cov050_seed00000017_bw010,8,7,0.5,0.1,1000,2,146,854,0.854,1.0,0.146
c08_s07_cov050_seed00000017_bw010,8,7,0.5,0.1,1000,3,247,753,0.753,1.0,0.247
c08_s07_cov050_seed00000017_bw010,8,7,0.5,0.1,1000,4,1000,0,0.0,0.0,0.0
c08_s07_cov050_seed00000018_bw010,8,7,0.5,0.1,200,1,49,151,0.755,1.0,0.245
c08_s07_cov050_seed00000018_bw010,8,7,0.5,0.1,200,2,38,162,0.81,1.0,0.19
c08_s07_cov050_seed00000018_bw010,8,7,0.5,0.1,200,3,46,154,0.77,1.0,0.23
c08_s07_cov050_seed00000018_bw010,8,7,0.5,0.1,200,4,200,0,0.0,0.0,0.0
c08_s07_cov050_seed00000018_bw010,8,7,0.5,0.1,1000,1,258,742,0.742,1.0,0.258
c08_s07_cov050_seed00000018_bw010,8,7,0.5,0.1,1000,2,173,827,0.827,1.0,0.173
c08_s07_cov050_seed00000018_bw010,8,7,0.5,0.1,1000,3,228,772,0.772,1.0,0.228
c08_s07_cov050_seed00000018_bw010,8,7,0.5,0.1,1000,4,1000,0,0.0,0.0,0.0
c08_s07_cov050_seed00000019_bw010,8,7,0.5,0.1,200,1,51,149,0.745,1.0,0.255
c08_s07_cov050_seed00000019_bw010,8,7,0.5,0.1,200,2,30,170,0.85,1.0,0.15
c08_s07_cov050_seed00000019_bw010,8,7,0.5,0.1,200,3,46,154,0.77,1.0,0.23
c08_s07_cov050_seed00000019_bw010,8,7,0.5,0.1,200,4,200,0,0.0,0.0,0.0
c08_s07_cov050_seed00000019_bw010,8,7,0.5,0.1,1000,1,249,751,0.751,1.0,0.249
c08_s07_cov050_seed00000019_bw010,8,7,0.5,0.1,1000,2,166,834,0.834,1.0,0.166
c08_s07_cov050_seed00000019_bw010,8,7,0.5,0.1,1000,3,241,759,0.759,1.0,0.241
c08_s07_cov050_seed00000019_bw010,8,7,0.5,0.1,1000,4,1000,0,0.0,0.0,0.0
c10_s01_cov050_seed00000000_bw010,10,1,0.5,0.1,200,1,54,146,0.73,1.0,0.27
c10_s01_cov050_seed00000000_bw010,10,1,0.5,0.1,200,2,49,151,0.755,0.7346938775510204,0.18
c10_s01_cov050_seed00000000_bw010,10,1,0.5,0.1,200,3,33,167,0.835,0.2727272727272727,0.045
c10_s01_cov050_seed00000000_bw010,10,1,0.5,0.1,200,4,12,188,0.94,0.0,0.0
c10_s01_cov050_seed00000000_bw010,10,1,0.5,0.1,200,5,0,200,1.0,,0.0
c10_s01_cov050_seed00000000_bw010,10,1,0.5,0.1,200,6,0,200,1.0,,0.0
c10_s01_cov050_seed00000000_bw010,10,1,0.5,0.1,1000,1,329,671,0.671,1.0,0.329
c10_s01_cov050_seed00000000_bw010,10,1,0.5,0.1,1000,2,214,786,0.786,0.719626168224299,0.154
c10_s01_cov050_seed00000000_bw010,10,1,0.5,0.1,1000,3,152,848,0.848,0.3355263157894737,0.051
c10_s01_cov050_seed00000000_bw010,10,1,0.5,0.1,1000,4,61,939,0.939,0.0,0.0
c10_s01_cov050_seed00000000_bw010,10,1,0.5,0.1,1000,5,0,1000,1.0,,0.0
c10_s01_cov050_seed00000000_bw010,10,1,0.5,0.1,1000,6,0,1000,1.0,,0.0
c10_s01_cov050_seed00000001_bw010,10,1,0.5,0.1,200,1,200,0,0.0,0.835,0.835
c10_s01_cov050_seed00000001_bw010,10,1,0.5,0.1,200,2,19,181,0.905,0.0,0.0
c10_s01_cov050_seed00000001_bw010,10,1,0.5,0.1,200,3,0,200,1.0,,0.0
c10_s01_cov050_seed00000001_bw010,10,1,0.5,0.1,200,4,0,200,1.0,,0.0
c10_s01_cov050_seed00000001_bw010,10,1,0.5,0.1,200,5,0,200,1.0,,0.0
c10_s01_cov050_seed00000001_bw010,10,1,0.5,0.1,1000,1,1000,0,0.0,0.801,0.801
c10_s01_cov050_seed00000001_bw010,10,1,0.5,0.1,1000,2,92,908,0.908,0.0,0.0
c10_s01_cov050_seed00000001_bw010,10,1,0.5,0.1,1000,3,0,1000,1.0,,0.0
c10_s01_cov050_seed00000001_bw010,10,1,0.5,0.1,1000,4,0,1000,1.0,,0.0
c10_s01_cov050_seed00000001_bw010,10,1,0.5,0.1,1000,5,0,1000,1.0,,0.0
c10_s01_cov050_seed00000002_bw010,10,1,0.5,0.1,200,1,27,173,0.865,1.0,0.135
c10_s01_cov050_seed00000002_bw010,10,1,0.5,0.1,200,2,73,127,0.635,0.7945205479452054,0.29
c10_s01_cov050_seed00000002_bw010,10,1,0.5,0.1,200,3,35,165,0.825,0.42857142857142855,0.075
c10_s01_cov050_seed00000002_bw010,10,1,0.5,0.1,200,4,0,200,1.0,,0.0
c10_s01_cov050_seed00000002_bw010,10,1,0.5,0.1,200,5,0,200,1.0,,0.0
c10_s01_cov050_seed00000002_bw010,10,1,0.5,0.1,200,6,0,200,1.0,,0.0
c10_s01_cov050_seed00000002_bw010,10,1,0.5,0.1,1000,1,158,842,0.842,1.0,0.158
c10_s01_cov050_seed00000002_bw010,10,1,0.5,0.1,1000,2,328,672,0.672,0.801829268292683,0.263
c10_s01_cov050_seed00000002_bw010,10,1,0.5,0.1,1000,3,144,856,0.856,0.3055555555555556,0.044
c10_s01_cov050_seed00000002_bw010,10,1,0.5,0.1,1000,4,0,1000,1.0,,0.0
c10_s01_cov050_seed00000002_bw010,10,1,0.5,0.1,1000,5,0,1000,1.0,,0.0
c10_s01_cov050_seed00000002_bw010,10,1,0.5,0.1,1000,6,0,1000,1.0,,0.0
c10_s01_cov050_seed00000003_bw010,10,1,0.5,0.1,200,1,91,109,0.545,0.6813186813186813,0.31
c10_s01_cov050_seed00000003_bw010,10,1,0.5,0.1,200,2,74,126,0.63,0.7027027027027027,0.26
c10_s01_cov050_seed00000003_bw010,10,1,0.5,0.1,200,3,23,177,0.885,1.0,0.115
c10_s01_cov050_seed00000003_bw010,10,1,0.5,0.1,200,4,0,200,1.0,,0.0
c10_s01_cov050_seed00000003_bw010,10,1,0.5,0.1,200,5,0,200,1.0,,0.0
c10_s01_cov050_seed00000003_bw010,10,1,0.5,0.1,200,6,0,200,1.0,,0.0
c10_s01_cov050_seed00000003_bw010,10,1,0.5,0.1,1000,1,511,489,0.489,0.6673189823874756,0.341
c10_s01_cov050_seed00000003_bw010,10,1,0.5,0.1,1000,2,340,660,0.66,0.6235294117647059,0.212
c10_s01_cov050_seed00000003_bw010,10,1,0.5,0.1,1000,3,114,886,0.886,1.0,0.114
c10_s01_cov050_seed00000003_bw010,10,1,0.5,0.1,1000,4,0,1000,1.0,,0.0
c10_s01_cov050_seed00000003_bw010,10,1,0.5,0.1,1000,5,0,1000,1.0,,0.0
c10_s01_cov050_seed00000003_bw010,10,1,0.5,0.1,1000,6,0,1000,1.0,,0.0
c10_s01_cov050_seed00000004_bw010,10,1,0.5,0.1,200,1,120,80,0.4,0.65,0.39
c10_s01_cov050_seed00000004_bw010,10,1,0.5,0.1,200,2,25,175,0.875,0.0,0.0
c10_s01_cov050_seed00000004_bw010,10,1,0.5,0.1,200,3,14,186,0.93,0.0,0.0
c10_s01_cov050_seed00000004_bw010,10,1,0.5,0.1,200,4,0,200,1.0,,0.0
c10_s01_cov050_seed00000004_bw010,10,1,0.5,0.1,200,5,0,200,1.0,,0.0
c10_s01_cov050_seed00000004_bw010,10,1,0.5,0.1,1000,1,594,406,0.406,0.6902356902356902,0.41
c10_s01_cov050_seed00000004_bw010,10,1,0.5,0.1,1000,2,103,897,0.897,0.0,0.0
c10_s01_cov050_seed00000004_bw010,10,1,0.5,0.1,1000,3,104,896,0.896,0.0,0.0
c10_s01_cov050_seed00000004_bw010,10,1,0.5,0.1,1000,4,0,1000,1.0,,0.0
c10_s01_cov050_seed00000004_bw010,10,1,0.5,0.1,1000,5,0,1000,1.0,,0.0
c10_s01_cov050_seed00000005_bw010,10,1,0.5,0.1,200,1,96,104,0.52,0.6041666666666666,0.29
c10_s01_cov050_seed00000005_bw010,10,1,0.5,0.1,200,2,28,172,0.86,0.6071428571428571,0.085
c10_s01_cov050_seed00000005_bw010,10,1,0.5,0.1,200,3,37,163,0.815,0.2702702702702703,0.05
c10_s01_cov050_seed00000005_bw010,10,1,0.5,0.1,200,4,0,200,1.0,,0.0
c10_s01_cov050_seed00000005_bw010,10,1,0.5,0.1,200,5,0,200,1.0,,0.0
c10_s01_cov050_seed00000005_bw010,10,1,0.5,0.1,200,6,0,200,1.0,,0.0
c10_s01_cov050_seed00000005_bw010,10,1,0.5,0.1,1000,1,521,479,0.479,0.6679462571976967,0.348
c10_s01_cov050_seed00000005_bw010,10,1,0.5,0.1,1000,2,174,826,0.826,0.7183908045977011,0.125
c10_s01_cov050_seed00000005_bw010,10,1,0.5,0.1,1000,3,197,803,0.803,0.2436548223350254,0.048
c10_s01_cov050_seed00000005_bw010,10,1,0.5,0.1,1000,4,0,1000,1.0,,0.0
c10_s01_cov050_seed00000005_bw010,10,1,0.5,0.1,1000,5,0,1000,1.0,,0.0
c10_s01_cov050_seed00000005_bw010,10,1,0.5,0.1,1000,6,0,1000,1.0,,0.0
c10_s01_cov050_seed00000006_bw010,10,1,0.5,0.1,200,1,122,78,0.39,0.6885245901639344,0.42
c10_s01_cov050_seed00000006_bw010,10,1,0.5,0.1,200,2,78,122,0.61,0.7948717948717948,0.31
c10_s01_cov050_seed00000006_bw010,10,1,0.5,0.1,200,3,39,161,0.805,1.0,0.195
c10_s01_cov050_seed00000006_bw010,10,1,0.5,0.1,200,4,0,200,1.0,,0.0
c10_s01_cov050_seed00000006_bw010,10,1,0.5,0.1,200,5,0,200,1.0,,0.0
c10_s01_cov050_seed00000006_bw010,10,1,0.5,0.1,1000,1,594,406,0.406,0.6447811447811448,0.383
c10_s01_cov050_seed00000006_bw010,10,1,0.5,0.1,1000,2,393,607,0.607,0.7480916030534351,0.294
c10_s01_cov050_seed00000006_bw010,10,1,0.5,0.1,1000,3,204,796,0.796,1.0,0.204
c10_s01_cov050_seed00000006_bw010,10,1,0.5,0.1,1000,4,0,1000,1.0,,0.0
c10_s01_cov050_seed00000006_bw010,10,1,0.5,0.1,1000,5,0,1000,1.0,,0.0
c10_s01_cov050_seed00000007_bw010,10,1,0.5,0.1,200,1,119,81,0.405,0.6470588235294118,0.385
c10_s01_cov050_seed00000007_bw010,10,1,0.5,0.1,200,2,47,153,0.765,0.0,0.0
c10_s01_cov050_seed00000007_bw010,10,1,0.5,0.1,200,3,13,187,0.935,0.0,0.0
c10_s01_cov050_seed00000007_bw010,10,1,0.5,0.1,200,4,0,200,1.0,,0.0
c10_s01_cov050_seed00000007_bw010,10,1,0.5,0.1,200,5,0,200,1.0,,0.0
c10_s01_cov050_seed00000007_bw010,10,1,0.5,0.1,1000,1,586,414,0.414,0.6672354948805461,0.391
c10_s01_cov050_seed00000007_bw010,10,1,0.5,0.1,1000,2,215,785,0.785,0.0,0.0
c10_s01_cov050_seed00000007_bw010,10,1,0.5,0.1,1000,3,83,917,0.917,0.0,0.0
c10_s01_cov050_seed00000007_bw010,10,1,0.5,0.1,1000,4,0,1000,1.0,,0.0
c10_s01_cov050_seed00000007_bw010,10,1,0.5,0.1,1000,5,0,1000,1.0,,0.0
c10_s01_cov050_seed00000008_bw010,10,1,0.5,0.1,200,1,113,87,0.435,0.6814159292035398,0.385
c10_s01_cov050_seed00000008_bw010,10,1,0.5,0.1,200,2,18,182,0.91,0.0,0.0
c10_s01_cov050_seed00000008_bw010,10,1,0.5,0.1,200,3,27,173,0.865,0.0,0.0
c10_s01_cov050_seed00000008_bw010,10,1,0.5,0.1,200,4,27,173,0.865,0.0,0.0
c10_s01_cov050_seed00000008_bw010,10,1,0.5,0.1,200,5,0,200,1.0,,0.0
c10_s01_cov050_seed00000008_bw010,10,1,0.5,0.1,200,6,0,200,1.0,,0.0
c10_s01_cov050_seed00000008_bw010,10,1,0.5,0.1,1000,1,517,483,0.483,0.6808510638297872,0.352
c10_s01_cov050_seed00000008_bw010,10,1,0.5,0.1,1000,2,113,887,0.887,0.0,0.0
c10_s01_cov050_seed00000008_bw010,10,1,0.5,0.1,1000,3,146,854,0.854,0.0,0.0
c10_s01_cov050_seed00000008_bw010,10,1,0.5,0.1,1000,4,123,877,0.877,0.0,0.0
c10_s01_cov050_seed00000008_bw010,10,1,0.5,0.1,1000,5,0,1000,1.0,,0.0
c10_s01_cov050_seed00000008_bw010,10,1,0.5,0.1,1000,6,0,1000,1.0,,0.0
c10_s01_cov050_seed00000010_bw010,10,1,0.5,0.1,200,1,32,168,0.84,1.0,0.16
c10_s01_cov050_seed00000010_bw010,10,1,0.5,0.1,200,2,57,143,0.715,0.7368421052631579,0.21
c10_s01_cov050_seed00000010_bw010,10,1,0.5,0.1,200,3,29,171,0.855,0.3103448275862069,0.045
c10_s01_cov050_seed00000010_bw010,10,1,0.5,0.1,200,4,15,185,0.925,0.0,0.0
c10_s01_cov050_seed00000010_bw010,10,1,0.5,0.1,200,5,0,200,1.0,,0.0
c10_s01_cov050_seed00000010_bw010,10,1,0.5,0.1,200,6,0,200,1.0,,0.0
c10_s01_cov050_seed00000010_bw010,10,1,0.5,0.1,1000,1,150,850,0.85,1.0,0.15
c10_s01_cov050_seed00000010_bw010,10,1,0.5,0.1,1000,2,286,714,0.714,0.7202797202797203,0.206
c10_s01_cov050_seed00000010_bw010,10,1,0.5,0.1,1000,3,132,868,0.868,0.25757575757575757,0.034
c10_s01_cov050_seed00000010_bw010,10,1,0.5,0.1,1000,4,70,930,0.93,0.0,0.0
c10_s01_cov050_seed00000010_bw010,10,1,0.5,0.1,1000,5,0,1000,1.0,,0.0
c10_s01_cov050_seed00000010_bw010,10,1,0.5,0.1,1000,6,0,1000,1.0,,0.0
c10_s01_cov050_seed00000011_bw010,10,1,0.5,0.1,200,1,38,162,0.81,1.0,0.19
c10_s01_cov050_seed00000011_bw010,10,1,0.5,0.1,200,2,70,130,0.65,0.8142857142857143,0.285
c10_s01_cov050_seed00000011_bw010,10,1,0.5,0.1,200,3,14,186,0.93,1.0,0.07
c10_s01_cov050_seed00000011_bw010,10,1,0.5,0.1,200,4,0,200,1.0,,0.0
c10_s01_cov050_seed00000011_bw010,10,1,0.5,0.1,200,5,0,200,1.0,,0.0
c10_s01_cov050_seed00000011_bw010,10,1,0.5,0.1,200,6,0,200,1.0,,0.0
c10_s01_cov050_seed00000011_bw010,10,1,0.5,0.1,1000,1,165,835,0.835,1.0,0.165
c10_s01_cov050_seed00000011_bw010,10,1,0.5,0.1,1000,2,305,695,0.695,0.8163934426229508,0.249
c10_s01_cov050_seed00000011_bw010,10,1,0.5,0.1,1000,3,102,898,0.898,1.0,0.102
c10_s01_cov050_seed00000011_bw010,10,1,0.5,0.1,1000,4,0,1000,1.0,,0.0
c10_s01_cov050_seed00000011_bw010,10,1,0.5,0.1,1000,5,0,1000,1.0,,0.0
c10_s01_cov050_seed00000011_bw010,10,1,0.5,0.1,1000,6,0,1000,1.0,,0.0
c10_s01_cov050_seed00000012_bw010,10,1,0.5,0.1,200,1,105,95,0.475,1.0,0.525
c10_s01_cov050_seed00000012_bw010,10,1,0.5,0.1,200,2,60,140,0.7,0.7833333333333333,0.235
c10_s01_cov050_seed00000012_bw010,10,1,0.5,0.1,200,3,31,169,0.845,0.5806451612903226,0.09
c10_s01_cov050_seed00000012_bw010,10,1,0.5,0.1,200,4,0,200,1.0,,0.0
c10_s01_cov050_seed00000012_bw010,10,1,0.5,0.1,200,5,0,200,1.0,,0.0
c10_s01_cov050_seed00000012_bw010,10,1,0.5,0.1,200,6,0,200,1.0,,0.0
c10_s01_cov050_seed00000012_bw010,10,1,0.5,0.1,1000,1,511,489,0.489,1.0,0.511
c10_s01_cov050_seed00000012_bw010,10,1,0.5,0.1,1000,2,322,678,0.678,0.8043478260869565,0.259
c10_s01_cov050_seed00000012_bw010,10,1,0.5,0.1,1000,3,123,877,0.877,0.5691056910569106,0.07
c10_s01_cov050_seed00000012_bw010,10,1,0.5,0.1,1000,4,0,1000,1.0,,0.0
c10_s01_cov050_seed00000012_bw010,10,1,0.5,0.1,1000,5,0,1000,1.0,,0.0
c10_s01_cov050_seed00000012_bw010,10,1,0.5,0.1,1000,6,0,1000,1.0,,0.0
c10_s01_cov050_seed00000014_bw010,10,1,0.5,0.1,200,1,112,88,0.44,0.6428571428571429,0.36
c10_s01_cov050_seed00000014_bw010,10,1,0.5,0.1,200,2,36,164,0.82,0.3888888888888889,0.07
c10_s01_cov050_seed00000014_bw010,10,1,0.5,0.1,200,3,0,200,1.0,,0.0
c10_s01_cov050_seed00000014_bw010,10,1,0.5,0.1,200,4,0,200,1.0,,0.0
c10_s01_cov050_seed00000014_bw010,10,1,0.5,0.1,200,5,0,200,1.0,,0.0
c10_s01_cov050_seed00000014_bw010,10,1,0.5,0.1,1000,1,584,416,0.416,0.6626712328767124,0.387
c10_s01_cov050_seed00000014_bw010,10,1,0.5,0.1,1000,2,176,824,0.824,0.5568181818181818,0.098
c10_s01_cov050_seed00000014_bw010,10,1,0.5,0.1,1000,3,0,1000,1.0,,0.0
c10_s01_cov050_seed00000014_bw010,10,1,0.5,0.1,1000,4,0,1000,1.0,,0.0
c10_s01_cov050_seed00000014_bw010,10,1,0.5,0.1,1000,5,0,1000,1.0,,0.0
c10_s01_cov050_seed00000015_bw010,10,1,0.5,0.1,200,1,170,30,0.15,0.7647058823529411,0.65
c10_s01_cov050_seed00000015_bw010,10,1,0.5,0.1,200,2,42,158,0.79,0.5476190476190477,0.115
c10_s01_cov050_seed00000015_bw010,10,1,0.5,0.1,200,3,0,200,1.0,,0.0
c10_s01_cov050_seed00000015_bw010,10,1,0.5,0.1,200,4,0,200,1.0,,0.0
c10_s01_cov050_seed00000015_bw010,10,1,0.5,0.1,200,5,0,200,1.0,,0.0
c10_s01_cov050_seed00000015_bw010,10,1,0.5,0.1,1000,1,813,187,0.187,0.7552275522755227,0.614
c10_s01_cov050_seed00000015_bw010,10,1,0.5,0.1,1000,2,197,803,0.803,0.5126903553299492,0.101
c10_s01_cov050_seed00000015_bw010,10,1,0.5,0.1,1000,3,0,1000,1.0,,0.0
c10_s01_cov050_seed00000015_bw010,10,1,0.5,0.1,1000,4,0,1000,1.0,,0.0
c10_s01_cov050_seed00000015_bw010,10,1,0.5,0.1,1000,5,0,1000,1.0,,0.0
c10_s01_cov050_seed00000016_bw010,10,1,0.5,0.1,200,1,94,106,0.53,0.7340425531914894,0.345
c10_s01_cov050_seed00000016_bw010,10,1,0.5,0.1,200,2,56,144,0.72,0.0,0.0
c10_s01_cov050_seed00000016_bw010,10,1,0.5,0.1,200,3,57,143,0.715,0.0,0.0
c10_s01_cov050_seed00000016_bw010,10,1,0.5,0.1,200,4,21,179,0.895,0.0,0.0
c10_s01_cov050_seed00000016_bw010,10,1,0.5,0.1,200,5,0,200,1.0,,0.0
c10_s01_cov050_seed00000016_bw010,10,1,0.5,0.1,200,6,0,200,1.0,,0.0
c10_s01_cov050_seed00000016_bw010,10,1,0.5,0.1,1000,1,488,512,0.512,0.6639344262295082,0.324
c10_s01_cov050_seed00000016_bw010,10,1,0.5,0.1,1000,2,285,715,0.715,0.0,0.0
c10_s01_cov050_seed00000016_bw010,10,1,0.5,0.1,1000,3,233,767,0.767,0.0,0.0
c10_s01_cov050_seed00000016_bw010,10,1,0.5,0.1,1000,4,118,882,0.882,0.0,0.0
c10_s01_cov050_seed00000016_bw010,10,1,0.5,0.1,1000,5,0,1000,1.0,,0.0
c10_s01_cov050_seed00000016_bw010,10,1,0.5,0.1,1000,6,0,1000,1.0,,0.0
c10_s01_cov050_seed00000017_bw010,10,1,0.5,0.1,200,1,95,105,0.525,0.0,0.0
c10_s01_cov050_seed00000017_bw010,10,1,0.5,0.1,200,2,83,117,0.585,0.0,0.0
c10_s01_cov050_seed00000017_bw010,10,1,0.5,0.1,200,3,35,165,0.825,0.0,0.0
c10_s01_cov050_seed00000017_bw010,10,1,0.5,0.1,200,4,19,181,0.905,0.0,0.0
c10_s01_cov050_seed00000017_bw010,10,1,0.5,0.1,200,5,0,200,1.0,,0.0
c10_s01_cov050_seed00000017_bw010,10,1,0.5,0.1,200,6,0,200,1.0,,0.0
c10_s01_cov050_seed00000017_bw010,10,1,0.5,0.1,1000,1,487,513,0.513,0.0,0.0
c10_s01_cov050_seed00000017_bw010,10,1,0.5,0.1,1000,2,345,655,0.655,0.0,0.0
c10_s01_cov050_seed00000017_bw010,10,1,0.5,0.1,1000,3,188,812,0.812,0.0,0.0
c10_s01_cov050_seed00000017_bw010,10,1,0.5,0.1,1000,4,80,920,0.92,0.0,0.0
c10_s01_cov050_seed00000017_bw010,10,1,0.5,0.1,1000,5,0,1000,1.0,,0.0
c10_s01_cov050_seed00000017_bw010,10,1,0.5,0.1,1000,6,0,1000,1.0,,0.0
c10_s01_cov050_seed00000019_bw010,10,1,0.5,0.1,200,1,158,42,0.21,0.8037974683544303,0.635
c10_s01_cov050_seed00000019_bw010,10,1,0.5,0.1,200,2,82,118,0.59,0.45121951219512196,0.185
c10_s01_cov050_seed00000019_bw010,10,1,0.5,0.1,200,3,0,200,1.0,,0.0
c10_s01_cov050_seed00000019_bw010,10,1,0.5,0.1,200,4,0,200,1.0,,0.0
c10_s01_cov050_seed00000019_bw010,10,1,0.5,0.1,200,5,0,200,1.0,,0.0
c10_s01_cov050_seed00000019_bw010,10,1,0.5,0.1,1000,1,787,213,0.213,0.7509529860228716,0.591
c10_s01_cov050_seed00000019_bw010,10,1,0.5,0.1,1000,2,428,572,0.572,0.4649532710280374,0.199
c10_s01_cov050_seed00000019_bw010,10,1,0.5,0.1,1000,3,0,1000,1.0,,0.0
c10_s01_cov050_seed00000019_bw010,10,1,0.5,0.1,1000,4,0,1000,1.0,,0.0
c10_s01_cov050_seed00000019_bw010,10,1,0.5,0.1,1000,5,0,1000,1.0,,0.0
c10_s01_cov050_seed00000020_bw010,10,1,0.5,0.1,200,1,39,161,0.805,1.0,0.195
c10_s01_cov050_seed00000020_bw010,10,1,0.5,0.1,200,2,63,137,0.685,0.746031746031746,0.235
c10_s01_cov050_seed00000020_bw010,10,1,0.5,0.1,200,3,16,184,0.92,0.625,0.05
c10_s01_cov050_seed00000020_bw010,10,1,0.5,0.1,200,4,0,200,1.0,,0.0
c10_s01_cov050_seed00000020_bw010,10,1,0.5,0.1,200,5,0,200,1.0,,0.0
c10_s01_cov050_seed00000020_bw010,10,1,0.5,0.1,200,6,0,200,1.0,,0.0
c10_s01_cov050_seed00000020_bw010,10,1,0.5,0.1,1000,1,185,815,0.815,1.0,0.185
c10_s01_cov050_seed00000020_bw010,10,1,0.5,0.1,1000,2,321,679,0.679,0.7850467289719626,0.252
c10_s01_cov050_seed00000020_bw010,10,1,0.5,0.1,1000,3,93,907,0.907,0.5268817204301075,0.049
c10_s01_cov050_seed00000020_bw010,10,1,0.5,0.1,1000,4,0,1000,1.0,,0.0
c10_s01_cov050_seed00000020_bw010,10,1,0.5,0.1,1000,5,0,1000,1.0,,0.0
c10_s01_cov050_seed00000020_bw010,10,1,0.5,0.1,1000,6,0,1000,1.0,,0.0
c10_s01_cov050_seed00000022_bw010,10,1,0.5,0.1,200,1,34,166,0.83,1.0,0.17
c10_s01_cov050_seed00000022_bw010,10,1,0.5,0.1,200,2,70,130,0.65,0.7571428571428571,0.265
c10_s01_cov050_seed00000022_bw010,10,1,0.5,0.1,200,3,21,179,0.895,0.0,0.0
c10_s01_cov050_seed00000022_bw010,10,1,0.5,0.1,200,4,0,200,1.0,,0.0
c10_s01_cov050_seed00000022_bw010,10,1,0.5,0.1,200,5,0,200,1.0,,0.0
c10_s01_cov050_seed00000022_bw010,10,1,0.5,0.1,200,6,0,200,1.0,,0.0
c10_s01_cov050_seed00000022_bw010,10,1,0.5,0.1,1000,1,169,831,0.831,1.0,0.169
c10_s01_cov050_seed00000022_bw010,10,1,0.5,0.1,1000,2,329,671,0.671,0.790273556231003,0.26
c10_s01_cov050_seed00000022_bw010,10,1,0.5,0.1,1000,3,101,899,0.899,0.0,0.0
c10_s01_cov050_seed00000022_bw010,10,1,0.5,0.1,1000,4,0,1000,1.0,,0.0
c10_s01_cov050_seed00000022_bw010,10,1,0.5,0.1,1000,5,0,1000,1.0,,0.0
c10_s01_cov050_seed00000022_bw010,10,1,0.5,0.1,1000,6,0,1000,1.0,,0.0
c10_s01_cov050_seed00000023_bw010,10,1,0.5,0.1,200,1,33,167,0.835,1.0,0.165
c10_s01_cov050_seed00000023_bw010,10,1,0.5,0.1,200,2,68,132,0.66,0.7941176470588235,0.27
c10_s01_cov050_seed00000023_bw010,10,1,0.5,0.1,200,3,20,180,0.9,1.0,0.1
c10_s01_cov050_seed00000023_bw010,10,1,0.5,0.1,200,4,0,200,1.0,,0.0
c10_s01_cov050_seed00000023_bw010,10,1,0.5,0.1,200,5,0,200,1.0,,0.0
c10_s01_cov050_seed00000023_bw010,10,1,0.5,0.1,200,6,0,200,1.0,,0.0
c10_s01_cov050_seed00000023_bw010,10,1,0.5,0.1,1000,1,182,818,0.818,1.0,0.182
c10_s01_cov050_seed00000023_bw010,10,1,0.5,0.1,1000,2,337,663,0.663,0.7833827893175074,0.264
c10_s01_cov050_seed00000023_bw010,10,1,0.5,0.1,1000,3,99,901,0.901,1.0,0.099
c10_s01_cov050_seed00000023_bw010,10,1,0.5,0.1,1000,4,0,1000,1.0,,0.0
c10_s01_cov050_seed00000023_bw010,10,1,0.5,0.1,1000,5,0,1000,1.0,,0.0
c10_s01_cov050_seed00000023_bw010,10,1,0.5,0.1,1000,6,0,1000,1.0,,0.0
c10_s05_cov050_seed00000000_bw010,10,5,0.5,0.1,200,1,32,168,0.84,1.0,0.16
c10_s05_cov050_seed00000000_bw010,10,5,0.5,0.1,200,2,13,187,0.935,1.0,0.065
c10_s05_cov050_seed00000000_bw010,10,5,0.5,0.1,200,3,16,184,0.92,1.0,0.08
c10_s05_cov050_seed00000000_bw010,10,5,0.5,0.1,200,4,10,190,0.95,1.0,0.05
c10_s05_cov050_seed00000000_bw010,10,5,0.5,0.1,200,5,40,160,0.8,1.0,0.2
c10_s05_cov050_seed00000000_bw010,10,5,0.5,0.1,200,6,200,0,0.0,0.0,0.0
c10_s05_cov050_seed00000000_bw010,10,5,0.5,0.1,1000,1,183,817,0.817,1.0,0.183
c10_s05_cov050_seed00000000_bw010,10,5,0.5,0.1,1000,2,66,934,0.934,1.0,0.066
c10_s05_cov050_seed00000000_bw010,10,5,0.5,0.1,1000,3,70,930,0.93,1.0,0.07
c10_s05_cov050_seed00000000_bw010,10,5,0.5,0.1,1000,4,65,935,0.935,1.0,0.065
c10_s05_cov050_seed00000000_bw010,10,5,0.5,0.1,1000,5,171,829,0.829,1.0,0.171
c10_s05_cov050_seed00000000_bw010,10,5,0.5,0.1,1000,6,1000,0,0.0,0.0,0.0
c10_s05_cov050_seed00000001_bw010,10,5,0.5,0.1,200,1,39,161,0.805,1.0,0.195
c10_s05_cov050_seed00000001_bw010,10,5,0.5,0.1,200,2,19,181,0.905,1.0,0.095
c10_s05_cov050_seed00000001_bw010,10,5,0.5,0.1,200,3,14,186,0.93,1.0,0.07
c10_s05_cov050_seed00000001_bw010,10,5,0.5,0.1,200,4,43,157,0.785,1.0,0.215
c10_s05_cov050_seed00000001_bw010,10,5,0.5,0.1,200,5,200,0,0.0,0.0,0.0
c10_s05_cov050_seed00000001_bw010,10,5,0.5,0.1,1000,1,201,799,0.799,1.0,0.201
c10_s05_cov050_seed00000001_bw010,10,5,0.5,0.1,1000,2,92,908,0.908,1.0,0.092
c10_s05_cov050_seed00000001_bw010,10,5,0.5,0.1,1000,3,93,907,0.907,1.0,0.093
c10_s05_cov050_seed00000001_bw010,10,5,0.5,0.1,1000,4,202,798,0.798,1.0,0.202
c10_s05_cov050_seed00000001_bw010,10,5,0.5,0.1,1000,5,1000,0,0.0,0.0,0.0
c10_s05_cov050_seed00000002_bw010,10,5,0.5,0.1,200,1,49,151,0.755,1.0,0.245
c10_s05_cov050_seed00000002_bw010,10,5,0.5,0.1,200,2,18,182,0.91,1.0,0.09
c10_s05_cov050_seed00000002_bw010,10,5,0.5,0.1,200,3,13,187,0.935,1.0,0.065
c10_s05_cov050_seed00000002_bw010,10,5,0.5,0.1,200,4,43,157,0.785,1.0,0.215
c10_s05_cov050_seed00000002_bw010,10,5,0.5,0.1,200,5,200,0,0.0,0.0,0.0
c10_s05_cov050_seed00000002_bw010,10,5,0.5,0.1,1000,1,193,807,0.807,1.0,0.193
c10_s05_cov050_seed00000002_bw010,10,5,0.5,0.1,1000,2,88,912,0.912,1.0,0.088
c10_s05_cov050_seed00000002_bw010,10,5,0.5,0.1,1000,3,91,909,0.909,1.0,0.091
c10_s05_cov050_seed00000002_bw010,10,5,0.5,0.1,1000,4,204,796,0.796,1.0,0.204
c10_s05_cov050_seed00000002_bw010,10,5,0.5,0.1,1000,5,1000,0,0.0,0.0,0.0
c10_s05_cov050_seed00000004_bw010,10,5,0.5,0.1,200,1,41,159,0.795,1.0,0.205
c10_s05_cov050_seed00000004_bw010,10,5,0.5,0.1,200,2,34,166,0.83,1.0,0.17
c10_s05_cov050_seed00000004_bw010,10,5,0.5,0.1,200,3,38,162,0.81,1.0,0.19
c10_s05_cov050_seed00000004_bw010,10,5,0.5,0.1,200,4,200,0,0.0,0.0,0.0
c10_s05_cov050_seed00000004_bw010,10,5,0.5,0.1,1000,1,233,767,0.767,1.0,0.233
c10_s05_cov050_seed00000004_bw010,10,5,0.5,0.1,1000,2,163,837,0.837,1.0,0.163
c10_s05_cov050_seed00000004_bw010,10,5,0.5,0.1,1000,3,236,764,0.764,1.0,0.236
c10_s05_cov050_seed00000004_bw010,10,5,0.5,0.1,1000,4,1000,0,0.0,0.0,0.0
c10_s05_cov050_seed00000005_bw010,10,5,0.5,0.1,200,1,38,162,0.81,1.0,0.19
c10_s05_cov050_seed00000005_bw010,10,5,0.5,0.1,200,2,20,180,0.9,1.0,0.1
c10_s05_cov050_seed00000005_bw010,10,5,0.5,0.1,200,3,26,174,0.87,1.0,0.13
c10_s05_cov050_seed00000005_bw010,10,5,0.5,0.1,200,4,34,166,0.83,1.0,0.17
c10_s05_cov050_seed00000005_bw010,10,5,0.5,0.1,200,5,200,0,0.0,0.0,0.0
c10_s05_cov050_seed00000005_bw010,10,5,0.5,0.1,1000,1,189,811,0.811,1.0,0.189
c10_s05_cov050_seed00000005_bw010,10,5,0.5,0.1,1000,2,110,890,0.89,1.0,0.11
c10_s05_cov050_seed00000005_bw010,10,5,0.5,0.1,1000,3,102,898,0.898,1.0,0.102
c10_s05_cov050_seed00000005_bw010,10,5,0.5,0.1,1000,4,190,810,0.81,1.0,0.19
c10_s05_cov050_seed00000005_bw010,10,5,0.5,0.1,1000,5,1000,0,0.0,0.0,0.0
c10_s05_cov050_seed00000006_bw010,10,5,0.5,0.1,200,1,47,153,0.765,1.0,0.235
c10_s05_cov050_seed00000006_bw010,10,5,0.5,0.1,200,2,37,163,0.815,1.0,0.185
c10_s05_cov050_seed00000006_bw010,10,5,0.5,0.1,200,3,46,154,0.77,1.0,0.23
c10_s05_cov050_seed00000006_bw010,10,5,0.5,0.1,200,4,200,0,0.0,0.0,0.0
c10_s05_cov050_seed00000006_bw010,10,5,0.5,0.1,1000,1,257,743,0.743,1.0,0.257
c10_s05_cov050_seed00000006_bw010,10,5,0.5,0.1,1000,2,172,828,0.828,1.0,0.172
c10_s05_cov050_seed00000006_bw010,10,5,0.5,0.1,1000,3,246,754,0.754,1.0,0.246
c10_s05_cov050_seed00000006_bw010,10,5,0.5,0.1,1000,4,1000,0,0.0,0.0,0.0
c10_s05_cov050_seed00000007_bw010,10,5,0.5,0.1,200,1,49,151,0.755,1.0,0.245
c10_s05_cov050_seed00000007_bw010,10,5,0.5,0.1,200,2,33,167,0.835,1.0,0.165
c10_s05_cov050_seed00000007_bw010,10,5,0.5,0.1,200,3,66,134,0.67,1.0,0.33
c10_s05_cov050_seed00000007_bw010,10,5,0.5,0.1,200,4,200,0,0.0,0.0,0.0
c10_s05_cov050_seed00000007_bw010,10,5,0.5,0.1,1000,1,250,750,0.75,1.0,0.25
c10_s05_cov050_seed00000007_bw010,10,5,0.5,0.1,1000,2,163,837,0.837,1.0,0.163
c10_s05_cov050_seed00000007_bw010,10,5,0.5,0.1,1000,3,256,744,0.744,1.0,0.256
c10_s05_cov050_seed00000007_bw010,10,5,0.5,0.1,1000,4,1000,0,0.0,0.0,0.0
c10_s05_cov050_seed00000008_bw010,10,5,0.5,0.1,200,1,46,154,0.77,1.0,0.23
c10_s05_cov050_seed00000008_bw010,10,5,0.5,0.1,200,2,22,178,0.89,1.0,0.11
c10_s05_cov050_seed00000008_bw010,10,5,0.5,0.1,200,3,46,154,0.77,1.0,0.23
c10_s05_cov050_seed00000008_bw010,10,5,0.5,0.1,200,4,200,0,0.0,0.0,0.0
c10_s05_cov050_seed00000008_bw010,10,5,0.5,0.1,1000,1,234,766,0.766,1.0,0.234
c10_s05_cov050_seed00000008_bw010,10,5,0.5,0.1,1000,2,154,846,0.846,1.0,0.154
c10_s05_cov050_seed00000008_bw010,10,5,0.5,0.1,1000,3,228,772,0.772,1.0,0.228
c10_s05_cov050_seed00000008_bw010,10,5,0.5,0.1,1000,4,1000,0,0.0,0.0,0.0
c10_s05_cov050_seed00000009_bw010,10,5,0.5,0.1,200,1,39,161,0.805,1.0,0.195
c10_s05_cov050_seed00000009_bw010,10,5,0.5,0.1,200,2,13,187,0.935,1.0,0.065
c10_s05_cov050_seed00000009_bw010,10,5,0.5,0.1,200,3,15,185,0.925,1.0,0.075
c10_s05_cov050_seed00000009_bw010,10,5,0.5,0.1,200,4,40,160,0.8,1.0,0.2
c10_s05_cov050_seed00000009_bw010,10,5,0.5,0.1,200,5,200,0,0.0,0.0,0.0
c10_s05_cov050_seed00000009_bw010,10,5,0.5,0.1,1000,1,187,813,0.813,1.0,0.187
c10_s05_cov050_seed00000009_bw010,10,5,0.5,0.1,1000,2,91,909,0.909,1.0,0.091
c10_s05_cov050_seed00000009_bw010,10,5,0.5,0.1,1000,3,80,920,0.92,1.0,0.08
c10_s05_cov050_seed00000009_bw010,10,5,0.5,0.1,1000,4,199,801,0.801,1.0,0.199
c10_s05_cov050_seed00000009_bw010,10,5,0.5,0.1,1000,5,1000,0,0.0,0.0,0.0
c10_s05_cov050_seed00000010_bw010,10,5,0.5,0.1,200,1,85,115,0.575,1.0,0.425
c10_s05_cov050_seed00000010_bw010,10,5,0.5,0.1,200,2,17,183,0.915,1.0,0.085
c10_s05_cov050_seed00000010_bw010,10,5,0.5,0.1,200,3,23,177,0.885,1.0,0.115
c10_s05_cov050_seed00000010_bw010,10,5,0.5,0.1,200,4,24,176,0.88,0.0,0.0
c10_s05_cov050_seed00000010_bw010,10,5,0.5,0.1,200,5,0,200,1.0,,0.0
c10_s05_cov050_seed00000010_bw010,10,5,0.5,0.1,200,6,0,200,1.0,,0.0
c10_s05_cov050_seed00000010_bw010,10,5,0.5,0.1,1000,1,350,650,0.65,1.0,0.35
c10_s05_cov050_seed00000010_bw010,10,5,0.5,0.1,1000,2,59,941,0.941,1.0,0.059
c10_s05_cov050_seed00000010_bw010,10,5,0.5,0.1,1000,3,107,893,0.893,1.0,0.107
c10_s05_cov050_seed00000010_bw010,10,5,0.5,0.1,1000,4,79,921,0.921,0.0,0.0
c10_s05_cov050_seed00000010_bw010,10,5,0.5,0.1,1000,5,0,1000,1.0,,0.0
c10_s05_cov050_seed00000010_bw010,10,5,0.5,0.1,1000,6,0,1000,1.0,,0.0
c10_s05_cov050_seed00000011_bw010,10,5,0.5,0.1,200,1,44,156,0.78,1.0,0.22
c10_s05_cov050_seed00000011_bw010,10,5,0.5,0.1,200,2,16,184,0.92,1.0,0.08
c10_s05_cov050_seed00000011_bw010,10,5,0.5,0.1,200,3,21,179,0.895,1.0,0.105
c10_s05_cov050_seed00000011_bw010,10,5,0.5,0.1,200,4,40,160,0.8,1.0,0.2
c10_s05_cov050_seed00000011_bw010,10,5,0.5,0.1,200,5,200,0,0.0,0.0,0.0
c10_s05_cov050_seed00000011_bw010,10,5,0.5,0.1,1000,1,197,803,0.803,1.0,0.197
c10_s05_cov050_seed00000011_bw010,10,5,0.5,0.1,1000,2,113,887,0.887,1.0,0.113
c10_s05_cov050_seed00000011_bw010,10,5,0.5,0.1,1000,3,123,877,0.877,1.0,0.123
c10_s05_cov050_seed00000011_bw010,10,5,0.5,0.1,1000,4,200,800,0.8,1.0,0.2
c10_s05_cov050_seed00000011_bw010,10,5,0.5,0.1,1000,5,1000,0,0.0,0.0,0.0
c10_s05_cov050_seed00000012_bw010,10,5,0.5,0.1,200,1,34,166,0.83,1.0,0.17
c10_s05_cov050_seed00000012_bw010,10,5,0.5,0.1,200,2,12,188,0.94,1.0,0.06
c10_s05_cov050_seed00000012_bw010,10,5,0.5,0.1,200,3,27,173,0.865,1.0,0.135
c10_s05_cov050_seed00000012_bw010,10,5,0.5,0.1,200,4,34,166,0.83,1.0,0.17
c10_s05_cov050_seed00000012_bw010,10,5,0.5,0.1,200,5,200,0,0.0,0.0,0.0
c10_s05_cov050_seed00000012_bw010,10,5,0.5,0.1,1000,1,197,803,0.803,1.0,0.197
c10_s05_cov050_seed00000012_bw010,10,5,0.5,0.1,1000,2,89,911,0.911,1.0,0.089
c10_s05_cov050_seed00000012_bw010,10,5,0.5,0.1,1000,3,94,906,0.906,1.0,0.094
c10_s05_cov050_seed00000012_bw010,10,5,0.5,0.1,1000,4,187,813,0.813,1.0,0.187
c10_s05_cov050_seed00000012_bw010,10,5,0.5,0.1,1000,5,1000,0,0.0,0.0,0.0
c10_s05_cov050_seed00000013_bw010,10,5,0.5,0.1,200,1,34,166,0.83,1.0,0.17
c10_s05_cov050_seed00000013_bw010,10,5,0.5,0.1,200,2,24,176,0.88,1.0,0.12
c10_s05_cov050_seed00000013_bw010,10,5,0.5,0.1,200,3,25,175,0.875,1.0,0.125
c10_s05_cov050_seed00000013_bw010,10,5,0.5,0.1,200,4,38,162,0.81,1.0,0.19
c10_s05_cov050_seed00000013_bw010,10,5,0.5,0.1,200,5,200,0,0.0,0.0,0.0
c10_s05_cov050_seed00000013_bw010,10,5,0.5,0.1,1000,1,186,814,0.814,1.0,0.186
c10_s05_cov050_seed00000013_bw010,10,5,0.5,0.1,1000,2,95,905,0.905,1.0,0.095
c10_s05_cov050_seed00000013_bw010,10,5,0.5,0.1,1000,3,109,891,0.891,1.0,0.109
c10_s05_cov050_seed00000013_bw010,10,5,0.5,0.1,1000,4,204,796,0.796,1.0,0.204
c10_s05_cov050_seed00000013_bw010,10,5,0.5,0.1,1000,5,1000,0,0.0,0.0,0.0
c10_s05_cov050_seed00000014_bw010,10,5,0.5,0.1,200,1,51,149,0.745,1.0,0.255
c10_s05_cov050_seed00000014_bw010,10,5,0.5,0.1,200,2,31,169,0.845,1.0,0.155
c10_s05_cov050_seed00000014_bw010,10,5,0.5,0.1,200,3,52,148,0.74,1.0,0.26
c10_s05_cov050_seed00000014_bw010,10,5,0.5,0.1,200,4,200,0,0.0,0.0,0.0
c10_s05_cov050_seed00000014_bw010,10,5,0.5,0.1,1000,1,257,743,0.743,1.0,0.257
c10_s05_cov050_seed00000014_bw010,10,5,0.5,0.1,1000,2,172,828,0.828,1.0,0.172
c10_s05_cov050_seed00000014_bw010,10,5,0.5,0.1,1000,3,258,742,0.742,1.0,0.258
c10_s05_cov050_seed00000014_bw010,10,5,0.5,0.1,1000,4,1000,0,0.0,0.0,0.0
c10_s05_cov050_seed00000015_bw010,10,5,0.5,0.1,200,1,36,164,0.82,1.0,0.18
c10_s05_cov050_seed00000015_bw010,10,5,0.5,0.1,200,2,22,178,0.89,1.0,0.11
c10_s05_cov050_seed00000015_bw010,10,5,0.5,0.1,200,3,24,176,0.88,1.0,0.12
c10_s05_cov050_seed00000015_bw010,10,5,0.5,0.1,200,4,44,156,0.78,1.0,0.22
c10_s05_cov050_seed00000015_bw010,10,5,0.5,0.1,200,5,200,0,0.0,0.0,0.0
c10_s05_cov050_seed00000015_bw010,10,5,0.5,0.1,1000,1,203,797,0.797,1.0,0.203
c10_s05_cov050_seed00000015_bw010,10,5,0.5,0.1,1000,2,112,888,0.888,1.0,0.112
c10_s05_cov050_seed00000015_bw010,10,5,0.5,0.1,1000,3,130,870,0.87,1.0,0.13
c10_s05_cov050_seed00000015_bw010,10,5,0.5,0.1,1000,4,208,792,0.792,1.0,0.208
c10_s05_cov050_seed00000015_bw010,10,5,0.5,0.1,1000,5,1000,0,0.0,0.0,0.0
c10_s05_cov050_seed00000016_bw010,10,5,0.5,0.1,200,1,42,158,0.79,1.0,0.21
c10_s05_cov050_seed00000016_bw010,10,5,0.5,0.1,200,2,18,182,0.91,1.0,0.09
c10_s05_cov050_seed00000016_bw010,10,5,0.5,0.1,200,3,25,175,0.875,1.0,0.125
c10_s05_cov050_seed00000016_bw010,10,5,0.5,0.1,200,4,47,153,0.765,1.0,0.235
c10_s05_cov050_seed00000016_bw010,10,5,0.5,0.1,200,5,200,0,0.0,0.0,0.0
c10_s05_cov050_seed00000016_bw010,10,5,0.5,0.1,1000,1,219,781,0.781,1.0,0.219
c10_s05_cov050_seed00000016_bw010,10,5,0.5,0.1,1000,2,109,891,0.891,1.0,0.109
c10_s05_cov050_seed00000016_bw010,10,5,0.5,0.1,1000,3,99,901,0.901,1.0,0.099
c10_s05_cov050_seed00000016_bw010,10,5,0.5,0.1,1000,4,191,809,0.809,1.0,0.191
c10_s05_cov050_seed00000016_bw010,10,5,0.5,0.1,1000,5,1000,0,0.0,0.0,0.0
c10_s05_cov050_seed00000018_bw010,10,5,0.5,0.1,200,1,39,161,0.805,1.0,0.195
c10_s05_cov050_seed00000018_bw010,10,5,0.5,0.1,200,2,21,179,0.895,1.0,0.105
c10_s05_cov050_seed00000018_bw010,10,5,0.5,0.1,200,3,24,176,0.88,1.0,0.12
c10_s05_cov050_seed00000018_bw010,10,5,0.5,0.1,200,4,45,155,0.775,1.0,0.225
c10_s05_cov050_seed00000018_bw010,10,5,0.5,0.1,200,5,200,0,0.0,0.0,0.0
c10_s05_cov050_seed00000018_bw010,10,5,0.5,0.1,1000,1,203,797,0.797,1.0,0.203
c10_s05_cov050_seed00000018_bw010,10,5,0.5,0.1,1000,2,115,885,0.885,1.0,0.115
c10_s05_cov050_seed00000018_bw010,10,5,0.5,0.1,1000,3,120,880,0.88,1.0,0.12
c10_s05_cov050_seed00000018_bw010,10,5,0.5,0.1,1000,4,196,804,0.804,1.0,0.196
c10_s05_cov050_seed00000018_bw010,10,5,0.5,0.1,1000,5,1000,0,0.0,0.0,0.0
c10_s05_cov050_seed00000019_bw010,10,5,0.5,0.1,200,1,31,169,0.845,1.0,0.155
c10_s05_cov050_seed00000019_bw010,10,5,0.5,0.1,200,2,21,179,0.895,1.0,0.105
c10_s05_cov050_seed00000019_bw010,10,5,0.5,0.1,200,3,19,181,0.905,1.0,0.095
c10_s05_cov050_seed00000019_bw010,10,5,0.5,0.1,200,4,29,171,0.855,1.0,0.145
c10_s05_cov050_seed00000019_bw010,10,5,0.5,0.1,200,5,200,0,0.0,0.0,0.0
c10_s05_cov050_seed00000019_bw010,10,5,0.5,0.1,1000,1,176,824,0.824,1.0,0.176
c10_s05_cov050_seed00000019_bw010,10,5,0.5,0.1,1000,2,97,903,0.903,1.0,0.097
c10_s05_cov050_seed00000019_bw010,10,5,0.5,0.1,1000,3,92,908,0.908,1.0,0.092
c10_s05_cov050_seed00000019_bw010,10,5,0.5,0.1,1000,4,205,795,0.795,1.0,0.205
c10_s05_cov050_seed00000019_bw010,10,5,0.5,0.1,1000,5,1000,0,0.0,0.0,0.0
c10_s05_cov050_seed00000020_bw010,10,5,0.5,0.1,200,1,105,95,0.475,1.0,0.525
c10_s05_cov050_seed00000020_bw010,10,5,0.5,0.1,200,2,47,153,0.765,1.0,0.235
c10_s05_cov050_seed00000020_bw010,10,5,0.5,0.1,200,3,21,179,0.895,1.0,0.105
c10_s05_cov050_seed00000020_bw010,10,5,0.5,0.1,200,4,28,172,0.86,0.7142857142857143,0.1
c10_s05_cov050_seed00000020_bw010,10,5,0.5,0.1,200,5,27,173,0.865,0.0,0.0
c10_s05_cov050_seed00000020_bw010,10,5,0.5,0.1,200,6,0,200,1.0,,0.0
c10_s05_cov050_seed00000020_bw010,10,5,0.5,0.1,1000,1,521,479,0.479,1.0,0.521
c10_s05_cov050_seed00000020_bw010,10,5,0.5,0.1,1000,2,224,776,0.776,1.0,0.224
c10_s05_cov050_seed00000020_bw010,10,5,0.5,0.1,1000,3,102,898,0.898,1.0,0.102
c10_s05_cov050_seed00000020_bw010,10,5,0.5,0.1,1000,4,138,862,0.862,0.5217391304347826,0.072
c10_s05_cov050_seed00000020_bw010,10,5,0.5,0.1,1000,5,172,828,0.828,0.0,0.0
c10_s05_cov050_seed00000020_bw010,10,5,0.5,0.1,1000,6,0,1000,1.0,,0.0
c10_s05_cov050_seed00000021_bw010,10,5,0.5,0.1,200,1,46,154,0.77,1.0,0.23
c10_s05_cov050_seed00000021_bw010,10,5,0.5,0.1,200,2,29,171,0.855,1.0,0.145
c10_s05_cov050_seed00000021_bw010,10,5,0.5,0.1,200,3,51,149,0.745,1.0,0.255
c10_s05_cov050_seed00000021_bw010,10,5,0.5,0.1,200,4,200,0,0.0,0.0,0.0
c10_s05_cov050_seed00000021_bw010,10,5,0.5,0.1,1000,1,234,766,0.766,1.0,0.234
c10_s05_cov050_seed00000021_bw010,10,5,0.5,0.1,1000,2,163,837,0.837,1.0,0.163
c10_s05_cov050_seed00000021_bw010,10,5,0.5,0.1,1000,3,247,753,0.753,1.0,0.247
c10_s05_cov050_seed00000021_bw010,10,5,0.5,0.1,1000,4,1000,0,0.0,0.0,0.0
c10_s09_cov050_seed00000000_bw010,10,9,0.5,0.1,200,1,49,151,0.755,1.0,0.245
c10_s09_cov050_seed00000000_bw010,10,9,0.5,0.1,200,2,34,166,0.83,1.0,0.17
c10_s09_cov050_seed00000000_bw010,10,9,0.5,0.1,200,3,53,147,0.735,1.0,0.265
c10_s09_cov050_seed00000000_bw010,10,9,0.5,0.1,200,4,200,0,0.0,0.0,0.0
c10_s09_cov050_seed00000000_bw010,10,9,0.5,0.1,1000,1,252,748,0.748,1.0,0.252
c10_s09_cov050_seed00000000_bw010,10,9,0.5,0.1,1000,2,147,853,0.853,1.0,0.147
c10_s09_cov050_seed00000000_bw010,10,9,0.5,0.1,1000,3,268,732,0.732,1.0,0.268
c10_s09_cov050_seed00000000_bw010,10,9,0.5,0.1,1000,4,1000,0,0.0,0.0,0.0
c10_s09_cov050_seed00000001_bw010,10,9,0.5,0.1,200,1,58,142,0.71,1.0,0.29
c10_s09_cov050_seed00000001_bw010,10,9,0.5,0.1,200,2,44,156,0.78,1.0,0.22
c10_s09_cov050_seed00000001_bw010,10,9,0.5,0.1,200,3,51,149,0.745,1.0,0.255
c10_s09_cov050_seed00000001_bw010,10,9,0.5,0.1,200,4,200,0,0.0,0.0,0.0
c10_s09_cov050_seed00000001_bw010,10,9,0.5,0.1,1000,1,238,762,0.762,1.0,0.238
c10_s09_cov050_seed00000001_bw010,10,9,0.5,0.1,1000,2,163,837,0.837,1.0,0.163
c10_s09_cov050_seed00000001_bw010,10,9,0.5,0.1,1000,3,228,772,0.772,1.0,0.228
c10_s09_cov050_seed00000001_bw010,10,9,0.5,0.1,1000,4,1000,0,0.0,0.0,0.0
c10_s09_cov050_seed00000002_bw010,10,9,0.5,0.1,200,1,43,157,0.785,1.0,0.215
c10_s09_cov050_seed00000002_bw010,10,9,0.5,0.1,200,2,30,170,0.85,1.0,0.15
c10_s09_cov050_seed00000002_bw010,10,9,0.5,0.1,200,3,54,146,0.73,1.0,0.27
c10_s09_cov050_seed00000002_bw010,10,9,0.5,0.1,200,4,200,0,0.0,0.0,0.0
c10_s09_cov050_seed00000002_bw010,10,9,0.5,0.1,1000,1,232,768,0.768,1.0,0.232
c10_s09_cov050_seed00000002_bw010,10,9,0.5,0.1,1000,2,162,838,0.838,1.0,0.162
c10_s09_cov050_seed00000002_bw010,10,9,0.5,0.1,1000,3,259,741,0.741,1.0,0.259
c10_s09_cov050_seed00000002_bw010,10,9,0.5,0.1,1000,4,1000,0,0.0,0.0,0.0
c10_s09_cov050_seed00000003_bw010,10,9,0.5,0.1,200,1,50,150,0.75,1.0,0.25
c10_s09_cov050_seed00000003_bw010,10,9,0.5,0.1,200,2,28,172,0.86,1.0,0.14
c10_s09_cov050_seed00000003_bw010,10,9,0.5,0.1,200,3,49,151,0.755,1.0,0.245
c10_s09_cov050_seed00000003_bw010,10,9,0.5,0.1,200,4,200,0,0.0,0.0,0.0
c10_s09_cov050_seed00000003_bw010,10,9,0.5,0.1,1000,1,264,736,0.736,1.0,0.264
c10_s09_cov050_seed00000003_bw010,10,9,0.5,0.1,1000,2,155,845,0.845,1.0,0.155
c10_s09_cov050_seed00000003_bw010,10,9,0.5,0.1,1000,3,258,742,0.742,1.0,0.258
c10_s09_cov050_seed00000003_bw010,10,9,0.5,0.1,1000,4,1000,0,0.0,0.0,0.0
c10_s09_cov050_seed00000004_bw010,10,9,0.5,0.1,200,1,44,156,0.78,1.0,0.22
c10_s09_cov050_seed00000004_bw010,10,9,0.5,0.1,200,2,40,160,0.8,1.0,0.2
c10_s09_cov050_seed00000004_bw010,10,9,0.5,0.1,200,3,56,144,0.72,1.0,0.28
c10_s09_cov050_seed00000004_bw010,10,9,0.5,0.1,200,4,200,0,0.0,0.0,0.0
c10_s09_cov050_seed00000004_bw010,10,9,0.5,0.1,1000,1,236,764,0.764,1.0,0.236
c10_s09_cov050_seed00000004_bw010,10,9,0.5,0.1,1000,2,180,820,0.82,1.0,0.18
c10_s09_cov050_seed00000004_bw010,10,9,0.5,0.1,1000,3,259,741,0.741,1.0,0.259
c10_s09_cov050_seed00000004_bw010,10,9,0.5,0.1,1000,4,1000,0,0.0,0.0,0.0
c10_s09_cov050_seed00000005_bw010,10,9,0.5,0.1,200,1,46,154,0.77,1.0,0.23
c10_s09_cov050_seed00000005_bw010,10,9,0.5,0.1,200,2,25,175,0.875,1.0,0.125
c10_s09_cov050_seed00000005_bw010,10,9,0.5,0.1,200,3,55,145,0.725,1.0,0.275
c10_s09_cov050_seed00000005_bw010,10,9,0.5,0.1,200,4,200,0,0.0,0.0,0.0
c10_s09_cov050_seed00000005_bw010,10,9,0.5,0.1,1000,1,245,755,0.755,1.0,0.245
c10_s09_cov050_seed00000005_bw010,10,9,0.5,0.1,1000,2,156,844,0.844,1.0,0.156
c10_s09_cov050_seed00000005_bw010,10,9,0.5,0.1,1000,3,261,739,0.739,1.0,0.261
c10_s09_cov050_seed00000005_bw010,10,9,0.5,0.1,1000,4,1000,0,0.0,0.0,0.0
c10_s09_cov050_seed00000006_bw010,10,9,0.5,0.1,200,1,56,144,0.72,1.0,0.28
c10_s09_cov050_seed00000006_bw010,10,9,0.5,0.1,200,2,29,171,0.855,1.0,0.145
c10_s09_cov050_seed00000006_bw010,10,9,0.5,0.1,200,3,34,166,0.83,1.0,0.17
c10_s09_cov050_seed00000006_bw010,10,9,0.5,0.1,200,4,200,0,0.0,0.0,0.0
c10_s09_cov050_seed00000006_bw010,10,9,0.5,0.1,1000,1,250,750,0.75,1.0,0.25
c10_s09_cov050_seed00000006_bw010,10,9,0.5,0.1,1000,2,147,853,0.853,1.0,0.147
c10_s09_cov050_seed00000006_bw010,10,9,0.5,0.1,1000,3,238,762,0.762,1.0,0.238
c10_s09_cov050_seed00000006_bw010,10,9,0.5,0.1,1000,4,1000,0,0.0,0.0,0.0
c10_s09_cov050_seed00000007_bw010,10,9,0.5,0.1,200,1,56,144,0.72,1.0,0.28
c10_s09_cov050_seed00000007_bw010,10,9,0.5,0.1,200,2,31,169,0.845,1.0,0.155
c10_s09_cov050_seed00000007_bw010,10,9,0.5,0.1,200,3,40,160,0.8,1.0,0.2
c10_s09_cov050_seed00000007_bw010,10,9,0.5,0.1,200,4,200,0,0.0,0.0,0.0
c10_s09_cov050_seed00000007_bw010,10,9,0.5,0.1,1000,1,287,713,0.713,1.0,0.287
c10_s09_cov050_seed00000007_bw010,10,9,0.5,0.1,1000,2,135,865,0.865,1.0,0.135
c10_s09_cov050_seed00000007_bw010,10,9,0.5,0.1,1000,3,261,739,0.739,1.0,0.261
c10_s09_cov050_seed00000007_bw010,10,9,0.5,0.1,1000,4,1000,0,0.0,0.0,0.0
c10_s09_cov050_seed00000008_bw010,10,9,0.5,0.1,200,1,49,151,0.755,1.0,0.245
c10_s09_cov050_seed00000008_bw010,10,9,0.5,0.1,200,2,26,174,0.87,1.0,0.13
c10_s09_cov050_seed00000008_bw010,10,9,0.5,0.1,200,3,39,161,0.805,1.0,0.195
c10_s09_cov050_seed00000008_bw010,10,9,0.5,0.1,200,4,200,0,0.0,0.0,0.0
c10_s09_cov050_seed00000008_bw010,10,9,0.5,0.1,1000,1,228,772,0.772,1.0,0.228
c10_s09_cov050_seed00000008_bw010,10,9,0.5,0.1,1000,2,143,857,0.857,1.0,0.143
c10_s09_cov050_seed00000008_bw010,10,9,0.5,0.1,1000,3,216,784,0.784,1.0,0.216
c10_s09_cov050_seed00000008_bw010,10,9,0.5,0.1,1000,4,1000,0,0.0,0.0,0.0
c10_s09_cov050_seed00000009_bw010,10,9,0.5,0.1,200,1,40,160,0.8,1.0,0.2
c10_s09_cov050_seed00000009_bw010,10,9,0.5,0.1,200,2,28,172,0.86,1.0,0.14
c10_s09_cov050_seed00000009_bw010,10,9,0.5,0.1,200,3,53,147,0.735,1.0,0.265
c10_s09_cov050_seed00000009_bw010,10,9,0.5,0.1,200,4,200,0,0.0,0.0,0.0
c10_s09_cov050_seed00000009_bw010,10,9,0.5,0.1,1000,1,225,775,0.775,1.0,0.225
c10_s09_cov050_seed00000009_bw010,10,9,0.5,0.1,1000,2,156,844,0.844,1.0,0.156
c10_s09_cov050_seed00000009_bw010,10,9,0.5,0.1,1000,3,262,738,0.738,1.0,0.262
c10_s09_cov050_seed00000009_bw010,10,9,0.5,0.1,1000,4,1000,0,0.0,0.0,0.0
c10_s09_cov050_seed00000010_bw010,10,9,0.5,0.1,200,1,46,154,0.77,1.0,0.23
c10_s09_cov050_seed00000010_bw010,10,9,0.5,0.1,200,2,32,168,0.84,1.0,0.16
c10_s09_cov050_seed00000010_bw010,10,9,0.5,0.1,200,3,42,158,0.79,1.0,0.21
c10_s09_cov050_seed00000010_bw010,10,9,0.5,0.1,200,4,200,0,0.0,0.0,0.0
c10_s09_cov050_seed00000010_bw010,10,9,0.5,0.1,1000,1,256,744,0.744,1.0,0.256
c10_s09_cov050_seed00000010_bw010,10,9,0.5,0.1,1000,2,168,832,0.832,1.0,0.168
c10_s09_cov050_seed00000010_bw010,10,9,0.5,0.1,1000,3,239,761,0.761,1.0,0.239
c10_s09_cov050_seed00000010_bw010,10,9,0.5,0.1,1000,4,1000,0,0.0,0.0,0.0
c10_s09_cov050_seed00000011_bw010,10,9,0.5,0.1,200,1,54,146,0.73,1.0,0.27
c10_s09_cov050_seed00000011_bw010,10,9,0.5,0.1,200,2,33,167,0.835,1.0,0.165
c10_s09_cov050_seed00000011_bw010,10,9,0.5,0.1,200,3,51,149,0.745,1.0,0.255
c10_s09_cov050_seed00000011_bw010,10,9,0.5,0.1,200,4,200,0,0.0,0.0,0.0
c10_s09_cov050_seed00000011_bw010,10,9,0.5,0.1,1000,1,262,738,0.738,1.0,0.262
c10_s09_cov050_seed00000011_bw010,10,9,0.5,0.1,1000,2,183,817,0.817,1.0,0.183
c10_s09_cov050_seed00000011_bw010,10,9,0.5,0.1,1000,3,237,763,0.763,1.0,0.237
c10_s09_cov050_seed00000011_bw010,10,9,0.5,0.1,1000,4,1000,0,0.0,0.0,0.0
c10_s09_cov050_seed00000012_bw010,10,9,0.5,0.1,200,1,42,158,0.79,1.0,0.21
c10_s09_cov050_seed00000012_bw010,10,9,0.5,0.1,200,2,41,159,0.795,1.0,0.205
c10_s09_cov050_seed00000012_bw010,10,9,0.5,0.1,200,3,45,155,0.775,1.0,0.225
c10_s09_cov050_seed00000012_bw010,10,9,0.5,0.1,200,4,200,0,0.0,0.0,0.0
c10_s09_cov050_seed00000012_bw010,10,9,0.5,0.1,1000,1,246,754,0.754,1.0,0.246
c10_s09_cov050_seed00000012_bw010,10,9,0.5,0.1,1000,2,197,803,0.803,1.0,0.197
c10_s09_cov050_seed00000012_bw010,10,9,0.5,0.1,1000,3,246,754,0.754,1.0,0.246
c10_s09_cov050_seed00000012_bw010,10,9,0.5,0.1,1000,4,1000,0,0.0,0.0,0.0
c10_s09_cov050_seed00000013_bw010,10,9,0.5,0.1,200,1,56,144,0.72,1.0,0.28
c10_s09_cov050_seed00000013_bw010,10,9,0.5,0.1,200,2,34,166,0.83,1.0,0.17
c10_s09_cov050_seed00000013_bw010,10,9,0.5,0.1,200,3,60,140,0.7,1.0,0.3
c10_s09_cov050_seed00000013_bw010,10,9,0.5,0.1,200,4,200,0,0.0,0.0,0.0
c10_s09_cov050_seed00000013_bw010,10,9,0.5,0.1,1000,1,246,754,0.754,1.0,0.246
c10_s09_cov050_seed00000013_bw010,10,9,0.5,0.1,1000,2,150,850,0.85,1.0,0.15
c10_s09_cov050_seed00000013_bw010,10,9,0.5,0.1,1000,3,276,724,0.724,1.0,0.276
c10_s09_cov050_seed00000013_bw010,10,9,0.5,0.1,1000,4,1000,0,0.0,0.0,0.0
c10_s09_cov050_seed00000014_bw010,10,9,0.5,0.1,200,1,56,144,0.72,1.0,0.28
c10_s09_cov050_seed00000014_bw010,10,9,0.5,0.1,200,2,42,158,0.79,1.0,0.21
c10_s09_cov050_seed00000014_bw010,10,9,0.5,0.1,200,3,45,155,0.775,1.0,0.225
c10_s09_cov050_seed00000014_bw010,10,9,0.5,0.1,200,4,200,0,0.0,0.0,0.0
c10_s09_cov050_seed00000014_bw010,10,9,0.5,0.1,1000,1,266,734,0.734,1.0,0.266
c10_s09_cov050_seed00000014_bw010,10,9,0.5,0.1,1000,2,174,826,0.826,1.0,0.174
c10_s09_cov050_seed00000014_bw010,10,9,0.5,0.1,1000,3,263,737,0.737,1.0,0.263
c10_s09_cov050_seed00000014_bw010,10,9,0.5,0.1,1000,4,1000,0,0.0,0.0,0.0
c10_s09_cov050_seed00000015_bw010,10,9,0.5,0.1,200,1,47,153,0.765,1.0,0.235
c10_s09_cov050_seed00000015_bw010,10,9,0.5,0.1,200,2,33,167,0.835,1.0,0.165
c10_s09_cov050_seed00000015_bw010,10,9,0.5,0.1,200,3,47,153,0.765,1.0,0.235
c10_s09_cov050_seed00000015_bw010,10,9,0.5,0.1,200,4,200,0,0.0,0.0,0.0
c10_s09_cov050_seed00000015_bw010,10,9,0.5,0.1,1000,1,253,747,0.747,1.0,0.253
c10_s09_cov050_seed00000015_bw010,10,9,0.5,0.1,1000,2,160,840,0.84,1.0,0.16
c10_s09_cov050_seed00000015_bw010,10,9,0.5,0.1,1000,3,244,756,0.756,1.0,0.244
c10_s09_cov050_seed00000015_bw010,10,9,0.5,0.1,1000,4,1000,0,0.0,0.0,0.0
c10_s09_cov050_seed00000016_bw010,10,9,0.5,0.1,200,1,41,159,0.795,1.0,0.205
c10_s09_cov050_seed00000016_bw010,10,9,0.5,0.1,200,2,26,174,0.87,1.0,0.13
c10_s09_cov050_seed00000016_bw010,10,9,0.5,0.1,200,3,44,156,0.78,1.0,0.22
c10_s09_cov050_seed00000016_bw010,10,9,0.5,0.1,200,4,200,0,0.0,0.0,0.0
c10_s09_cov050_seed00000016_bw010,10,9,0.5,0.1,1000,1,222,778,0.778,1.0,0.222
c10_s09_cov050_seed00000016_bw010,10,9,0.5,0.1,1000,2,165,835,0.835,1.0,0.165
c10_s09_cov050_seed00000016_bw010,10,9,0.5,0.1,1000,3,261,739,0.739,1.0,0.261
c10_s09_cov050_seed00000016_bw010,10,9,0.5,0.1,1000,4,1000,0,0.0,0.0,0.0
c10_s09_cov050_seed00000017_bw010,10,9,0.5,0.1,200,1,47,153,0.765,1.0,0.235
c10_s09_cov050_seed00000017_bw010,10,9,0.5,0.1,200,2,32,168,0.84,1.0,0.16
c10_s09_cov050_seed00000017_bw010,10,9,0.5,0.1,200,3,40,160,0.8,1.0,0.2
c10_s09_cov050_seed00000017_bw010,10,9,0.5,0.1,200,4,200,0,0.0,0.0,0.0
c10_s09_cov050_seed00000017_bw010,10,9,0.5,0.1,1000,1,255,745,0.745,1.0,0.255
c10_s09_cov050_seed00000017_bw010,10,9,0.5,0.1,1000,2,166,834,0.834,1.0,0.166
c10_s09_cov050_seed00000017_bw010,10,9,0.5,0.1,1000,3,234,766,0.766,1.0,0.234
c10_s09_cov050_seed00000017_bw010,10,9,0.5,0.1,1000,4,1000,0,0.0,0.0,0.0
c10_s09_cov050_seed00000018_bw010,10,9,0.5,0.1,200,1,52,148,0.74,1.0,0.26
c10_s09_cov050_seed00000018_bw010,10,9,0.5,0.1,200,2,33,167,0.835,1.0,0.165
c10_s09_cov050_seed00000018_bw010,10,9,0.5,0.1,200,3,45,155,0.775,1.0,0.225
c10_s09_cov050_seed00000018_bw010,10,9,0.5,0.1,200,4,200,0,0.0,0.0,0.0
c10_s09_cov050_seed00000018_bw010,10,9,0.5,0.1,1000,1,276,724,0.724,1.0,0.276
c10_s09_cov050_seed00000018_bw010,10,9,0.5,0.1,1000,2,170,830,0.83,1.0,0.17
c10_s09_cov050_seed00000018_bw010,10,9,0.5,0.1,1000,3,260,740,0.74,1.0,0.26
c10_s09_cov050_seed00000018_bw010,10,9,0.5,0.1,1000,4,1000,0,0.0,0.0,0.0
c10_s09_cov050_seed00000019_bw010,10,9,0.5,0.1,200,1,49,151,0.755,1.0,0.245
c10_s09_cov050_seed00000019_bw010,10,9,0.5,0.1,200,2,26,174,0.87,1.0,0.13
c10_s09_cov050_seed00000019_bw010,10,9,0.5,0.1,200,3,48,152,0.76,1.0,0.24
c10_s09_cov050_seed00000019_bw010,10,9,0.5,0.1,200,4,200,0,0.0,0.0,0.0
c10_s09_cov050_seed00000019_bw010,10,9,0.5,0.1,1000,1,252,748,0.748,1.0,0.252
c10_s09_cov050_seed00000019_bw010,10,9,0.5,0.1,1000,2,179,821,0.821,1.0,0.179
c10_s09_cov050_seed00000019_bw010,10,9,0.5,0.1,1000,3,244,756,0.756,1.0,0.244
c10_s09_cov050_seed00000019_bw010,10,9,0.5,0.1,1000,4,1000,0,0.0,0.0,0.0
c12_s01_cov050_seed00000001_bw010,12,1,0.5,0.1,200,1,103,97,0.485,0.6796116504854369,0.35
c12_s01_cov050_seed00000001_bw010,12,1,0.5,0.1,200,2,70,130,0.65,0.6571428571428571,0.23
c12_s01_cov050_seed00000001_bw010,12,1,0.5,0.1,200,3,0,200,1.0,,0.0
c12_s01_cov050_seed00000001_bw010,12,1,0.5,0.1,200,4,0,200,1.0,,0.0
c12_s01_cov050_seed00000001_bw010,12,1,0.5,0.1,200,5,0,200,1.0,,0.0
c12_s01_cov050_seed00000001_bw010,12,1,0.5,0.1,200,6,0,200,1.0,,0.0
c12_s01_cov050_seed00000001_bw010,12,1,0.5,0.1,1000,1,508,492,0.492,0.6496062992125984,0.33
c12_s01_cov050_seed00000001_bw010,12,1,0.5,0.1,1000,2,356,644,0.644,0.6039325842696629,0.215
c12_s01_cov050_seed00000001_bw010,12,1,0.5,0.1,1000,3,0,1000,1.0,,0.0
c12_s01_cov050_seed00000001_bw010,12,1,0.5,0.1,1000,4,0,1000,1.0,,0.0
c12_s01_cov050_seed00000001_bw010,12,1,0.5,0.1,1000,5,0,1000,1.0,,0.0
c12_s01_cov050_seed00000001_bw010,12,1,0.5,0.1,1000,6,0,1000,1.0,,0.0
c12_s01_cov050_seed00000002_bw010,12,1,0.5,0.1,200,1,88,112,0.56,0.625,0.275
c12_s01_cov050_seed00000002_bw010,12,1,0.5,0.1,200,2,51,149,0.745,0.49019607843137253,0.125
c12_s01_cov050_seed00000002_bw010,12,1,0.5,0.1,200,3,10,190,0.95,0.8,0.04
c12_s01_cov050_seed00000002_bw010,12,1,0.5,0.1,200,4,0,200,1.0,,0.0
c12_s01_cov050_seed00000002_bw010,12,1,0.5,0.1,200,5,0,200,1.0,,0.0
c12_s01_cov050_seed00000002_bw010,12,1,0.5,0.1,200,6,0,200,1.0,,0.0
c12_s01_cov050_seed00000002_bw010,12,1,0.5,0.1,200,7,0,200,1.0,,0.0
c12_s01_cov050_seed00000002_bw010,12,1,0.5,0.1,1000,1,428,572,0.572,0.6728971962616822,0.288
c12_s01_cov050_seed00000002_bw010,12,1,0.5,0.1,1000,2,265,735,0.735,0.6415094339622641,0.17
c12_s01_cov050_seed00000002_bw010,12,1,0.5,0.1,1000,3,55,945,0.945,0.5454545454545454,0.03
c12_s01_cov050_seed00000002_bw010,12,1,0.5,0.1,1000,4,0,1000,1.0,,0.0
c12_s01_cov050_seed00000002_bw010,12,1,0.5,0.1,1000,5,0,1000,1.0,,0.0
c12_s01_cov050_seed00000002_bw010,12,1,0.5,0.1,1000,6,0,1000,1.0,,0.0
c12_s01_cov050_seed00000002_bw010,12,1,0.5,0.1,1000,7,0,1000,1.0,,0.0
c12_s01_cov050_seed00000006_bw010,12,1,0.5,0.1,200,1,145,55,0.275,0.7655172413793103,0.555
c12_s01_cov050_seed00000006_bw010,12,1,0.5,0.1,200,2,59,141,0.705,0.8305084745762712,0.245
c12_s01_cov050_seed00000006_bw010,12,1,0.5,0.1,200,3,12,188,0.94,1.0,0.06
c12_s01_cov050_seed00000006_bw010,12,1,0.5,0.1,200,4,0,200,1.0,,0.0
c12_s01_cov050_seed00000006_bw010,12,1,0.5,0.1,200,5,0,200,1.0,,0.0
c12_s01_cov050_seed00000006_bw010,12,1,0.5,0.1,200,6,0,200,1.0,,0.0
c12_s01_cov050_seed00000006_bw010,12,1,0.5,0.1,1000,1,686,314,0.314,0.7623906705539358,0.523
c12_s01_cov050_seed00000006_bw010,12,1,0.5,0.1,1000,2,319,681,0.681,0.8338557993730408,0.266
c12_s01_cov050_seed00000006_bw010,12,1,0.5,0.1,1000,3,102,898,0.898,1.0,0.102
c12_s01_cov050_seed00000006_bw010,12,1,0.5,0.1,1000,4,0,1000,1.0,,0.0
c12_s01_cov050_seed00000006_bw010,12,1,0.5,0.1,1000,5,0,1000,1.0,,0.0
c12_s01_cov050_seed00000006_bw010,12,1,0.5,0.1,1000,6,0,1000,1.0,,0.0
c12_s01_cov050_seed00000010_bw010,12,1,0.5,0.1,200,1,96,104,0.52,0.0,0.0
c12_s01_cov050_seed00000010_bw010,12,1,0.5,0.1,200,2,70,130,0.65,0.0,0.0
c12_s01_cov050_seed00000010_bw010,12,1,0.5,0.1,200,3,12,188,0.94,0.0,0.0
c12_s01_cov050_seed00000010_bw010,12,1,0.5,0.1,200,4,0,200,1.0,,0.0
c12_s01_cov050_seed00000010_bw010,12,1,0.5,0.1,200,5,0,200,1.0,,0.0
c12_s01_cov050_seed00000010_bw010,12,1,0.5,0.1,200,6,0,200,1.0,,0.0
c12_s01_cov050_seed00000010_bw010,12,1,0.5,0.1,1000,1,532,468,0.468,0.0,0.0
c12_s01_cov050_seed00000010_bw010,12,1,0.5,0.1,1000,2,339,661,0.661,0.0,0.0
c12_s01_cov050_seed00000010_bw010,12,1,0.5,0.1,1000,3,47,953,0.953,0.0,0.0
c12_s01_cov050_seed00000010_bw010,12,1,0.5,0.1,1000,4,0,1000,1.0,,0.0
c12_s01_cov050_seed00000010_bw010,12,1,0.5,0.1,1000,5,0,1000,1.0,,0.0
c12_s01_cov050_seed00000010_bw010,12,1,0.5,0.1,1000,6,0,1000,1.0,,0.0
c12_s01_cov050_seed00000011_bw010,12,1,0.5,0.1,200,1,22,178,0.89,0.0,0.0
c12_s01_cov050_seed00000011_bw010,12,1,0.5,0.1,200,2,61,139,0.695,0.0,0.0
c12_s01_cov050_seed00000011_bw010,12,1,0.5,0.1,200,3,16,184,0.92,0.0,0.0
c12_s01_cov050_seed00000011_bw010,12,1,0.5,0.1,200,4,0,200,1.0,,0.0
c12_s01_cov050_seed00000011_bw010,12,1,0.5,0.1,200,5,0,200,1.0,,0.0
c12_s01_cov050_seed00000011_bw010,12,1,0.5,0.1,200,6,0,200,1.0,,0.0
c12_s01_cov050_seed00000011_bw010,12,1,0.5,0.1,200,7,0,200,1.0,,0.0
c12_s01_cov050_seed00000011_bw010,12,1,0.5,0.1,1000,1,134,866,0.866,0.0,0.0
c12_s01_cov050_seed00000011_bw010,12,1,0.5,0.1,1000,2,289,711,0.711,0.0,0.0
c12_s01_cov050_seed00000011_bw010,12,1,0.5,0.1,1000,3,66,934,0.934,0.0,0.0
c12_s01_cov050_seed00000011_bw010,12,1,0.5,0.1,1000,4,0,1000,1.0,,0.0
c12_s01_cov050_seed00000011_bw010,12,1,0.5,0.1,1000,5,0,1000,1.0,,0.0
c12_s01_cov050_seed00000011_bw010,12,1,0.5,0.1,1000,6,0,1000,1.0,,0.0
c12_s01_cov050_seed00000011_bw010,12,1,0.5,0.1,1000,7,0,1000,1.0,,0.0
c12_s01_cov050_seed00000012_bw010,12,1,0.5,0.1,200,1,71,129,0.645,1.0,0.355
c12_s01_cov050_seed00000012_bw010,12,1,0.5,0.1,200,2,36,164,0.82,0.8333333333333334,0.15
c12_s01_cov050_seed00000012_bw010,12,1,0.5,0.1,200,3,13,187,0.935,0.3076923076923077,0.02
c12_s01_cov050_seed00000012_bw010,12,1,0.5,0.1,200,4,3,197,0.985,0.0,0.0
c12_s01_cov050_seed00000012_bw010,12,1,0.5,0.1,200,5,0,200,1.0,,0.0
c12_s01_cov050_seed00000012_bw010,12,1,0.5,0.1,200,6,0,200,1.0,,0.0
c12_s01_cov050_seed00000012_bw010,12,1,0.5,0.1,200,7,0,200,1.0,,0.0
c12_s01_cov050_seed00000012_bw010,12,1,0.5,0.1,200,8,0,200,1.0,,0.0
c12_s01_cov050_seed00000012_bw010,12,1,0.5,0.1,1000,1,357,643,0.643,1.0,0.357
c12_s01_cov050_seed00000012_bw010,12,1,0.5,0.1,1000,2,169,831,0.831,0.8047337278106509,0.136
c12_s01_cov050_seed00000012_bw010,12,1,0.5,0.1,1000,3,66,934,0.934,0.5303030303030303,0.035
c12_s01_cov050_seed00000012_bw010,12,1,0.5,0.1,1000,4,32,968,0.968,0.0,0.0
c12_s01_cov050_seed00000012_bw010,12,1,0.5,0.1,1000,5,0,1000,1.0,,0.0
c12_s01_cov050_seed00000012_bw010,12,1,0.5,0.1,1000,6,0,1000,1.0,,0.0
c12_s01_cov050_seed00000012_bw010,12,1,0.5,0.1,1000,7,0,1000,1.0,,0.0
c12_s01_cov050_seed00000012_bw010,12,1,0.5,0.1,1000,8,0,1000,1.0,,0.0
c12_s01_cov050_seed00000014_bw010,12,1,0.5,0.1,200,1,30,170,0.85,1.0,0.15
c12_s01_cov050_seed00000014_bw010,12,1,0.5,0.1,200,2,29,171,0.855,0.3793103448275862,0.055
c12_s01_cov050_seed00000014_bw010,12,1,0.5,0.1,200,3,28,172,0.86,0.32142857142857145,0.045
c12_s01_cov050_seed00000014_bw010,12,1,0.5,0.1,200,4,11,189,0.945,0.0,0.0
c12_s01_cov050_seed00000014_bw010,12,1,0.5,0.1,200,5,0,200,1.0,,0.0
c12_s01_cov050_seed00000014_bw010,12,1,0.5,0.1,200,6,0,200,1.0,,0.0
c12_s01_cov050_seed00000014_bw010,12,1,0.5,0.1,1000,1,151,849,0.849,1.0,0.151
c12_s01_cov050_seed00000014_bw010,12,1,0.5,0.1,1000,2,138,862,0.862,0.4927536231884058,0.068
c12_s01_cov050_seed00000014_bw010,12,1,0.5,0.1,1000,3,143,857,0.857,0.3076923076923077,0.044
c12_s01_cov050_seed00000014_bw010,12,1,0.5,0.1,1000,4,50,950,0.95,0.0,0.0
c12_s01_cov050_seed00000014_bw010,12,1,0.5,0.1,1000,5,0,1000,1.0,,0.0
c12_s01_cov050_seed00000014_bw010,12,1,0.5,0.1,1000,6,0,1000,1.0,,0.0
c12_s01_cov050_seed00000015_bw010,12,1,0.5,0.1,200,1,63,137,0.685,1.0,0.315
c12_s01_cov050_seed00000015_bw010,12,1,0.5,0.1,200,2,39,161,0.805,0.5384615384615384,0.105
c12_s01_cov050_seed00000015_bw010,12,1,0.5,0.1,200,3,8,192,0.96,0.0,0.0
c12_s01_cov050_seed00000015_bw010,12,1,0.5,0.1,200,4,17,183,0.915,0.0,0.0
c12_s01_cov050_seed00000015_bw010,12,1,0.5,0.1,200,5,0,200,1.0,,0.0
c12_s01_cov050_seed00000015_bw010,12,1,0.5,0.1,200,6,0,200,1.0,,0.0
c12_s01_cov050_seed00000015_bw010,12,1,0.5,0.1,1000,1,296,704,0.704,1.0,0.296
c12_s01_cov050_seed00000015_bw010,12,1,0.5,0.1,1000,2,219,781,0.781,0.634703196347032,0.139
c12_s01_cov050_seed00000015_bw010,12,1,0.5,0.1,1000,3,41,959,0.959,0.0,0.0
c12_s01_cov050_seed00000015_bw010,12,1,0.5,0.1,1000,4,72,928,0.928,0.0,0.0
c12_s01_cov050_seed00000015_bw010,12,1,0.5,0.1,1000,5,0,1000,1.0,,0.0
c12_s01_cov050_seed00000015_bw010,12,1,0.5,0.1,1000,6,0,1000,1.0,,0.0
c12_s01_cov050_seed00000019_bw010,12,1,0.5,0.1,200,1,81,119,0.595,0.5679012345679012,0.23
c12_s01_cov050_seed00000019_bw010,12,1,0.5,0.1,200,2,31,169,0.845,0.0,0.0
c12_s01_cov050_seed00000019_bw010,12,1,0.5,0.1,200,3,24,176,0.88,0.0,0.0
c12_s01_cov050_seed00000019_bw010,12,1,0.5,0.1,200,4,17,183,0.915,0.0,0.0
c12_s01_cov050_seed00000019_bw010,12,1,0.5,0.1,200,5,0,200,1.0,,0.0
c12_s01_cov050_seed00000019_bw010,12,1,0.5,0.1,200,6,0,200,1.0,,0.0
c12_s01_cov050_seed00000019_bw010,12,1,0.5,0.1,1000,1,469,531,0.531,0.6716417910447762,0.315
c12_s01_cov050_seed00000019_bw010,12,1,0.5,0.1,1000,2,185,815,0.815,0.0,0.0
c12_s01_cov050_seed00000019_bw010,12,1,0.5,0.1,1000,3,143,857,0.857,0.0,0.0
c12_s01_cov050_seed00000019_bw010,12,1,0.5,0.1,1000,4,57,943,0.943,0.0,0.0
c12_s01_cov050_seed00000019_bw010,12,1,0.5,0.1,1000,5,0,1000,1.0,,0.0
c12_s01_cov050_seed00000019_bw010,12,1,0.5,0.1,1000,6,0,1000,1.0,,0.0
c12_s01_cov050_seed00000020_bw010,12,1,0.5,0.1,200,1,67,133,0.665,0.6567164179104478,0.22
c12_s01_cov050_seed00000020_bw010,12,1,0.5,0.1,200,2,68,132,0.66,0.7941176470588235,0.27
c12_s01_cov050_seed00000020_bw010,12,1,0.5,0.1,200,3,32,168,0.84,0.90625,0.145
c12_s01_cov050_seed00000020_bw010,12,1,0.5,0.1,200,4,6,194,0.97,1.0,0.03
c12_s01_cov050_seed00000020_bw010,12,1,0.5,0.1,200,5,0,200,1.0,,0.0
c12_s01_cov050_seed00000020_bw010,12,1,0.5,0.1,200,6,0,200,1.0,,0.0
c12_s01_cov050_seed00000020_bw010,12,1,0.5,0.1,200,7,0,200,1.0,,0.0
c12_s01_cov050_seed00000020_bw010,12,1,0.5,0.1,200,8,0,200,1.0,,0.0
c12_s01_cov050_seed00000020_bw010,12,1,0.5,0.1,1000,1,355,645,0.645,0.7014084507042253,0.249
c12_s01_cov050_seed00000020_bw010,12,1,0.5,0.1,1000,2,277,723,0.723,0.7870036101083032,0.218
c12_s01_cov050_seed00000020_bw010,12,1,0.5,0.1,1000,3,158,842,0.842,0.9113924050632911,0.144
c12_s01_cov050_seed00000020_bw010,12,1,0.5,0.1,1000,4,25,975,0.975,1.0,0.025
c12_s01_cov050_seed00000020_bw010,12,1,0.5,0.1,1000,5,0,1000,1.0,,0.0
c12_s01_cov050_seed00000020_bw010,12,1,0.5,0.1,1000,6,0,1000,1.0,,0.0
c12_s01_cov050_seed00000020_bw010,12,1,0.5,0.1,1000,7,0,1000,1.0,,0.0
c12_s01_cov050_seed00000020_bw010,12,1,0.5,0.1,1000,8,0,1000,1.0,,0.0
c12_s01_cov050_seed00000022_bw010,12,1,0.5,0.1,200,1,32,168,0.84,1.0,0.16
c12_s01_cov050_seed00000022_bw010,12,1,0.5,0.1,200,2,79,121,0.605,0.7974683544303798,0.315
c12_s01_cov050_seed00000022_bw010,12,1,0.5,0.1,200,3,19,181,0.905,0.0,0.0
c12_s01_cov050_seed00000022_bw010,12,1,0.5,0.1,200,4,0,200,1.0,,0.0
c12_s01_cov050_seed00000022_bw010,12,1,0.5,0.1,200,5,0,200,1.0,,0.0
c12_s01_cov050_seed00000022_bw010,12,1,0.5,0.1,200,6,0,200,1.0,,0.0
c12_s01_cov050_seed00000022_bw010,12,1,0.5,0.1,1000,1,154,846,0.846,1.0,0.154
c12_s01_cov050_seed00000022_bw010,12,1,0.5,0.1,1000,2,335,665,0.665,0.7880597014925373,0.264
c12_s01_cov050_seed00000022_bw010,12,1,0.5,0.1,1000,3,106,894,0.894,0.0,0.0
c12_s01_cov050_seed00000022_bw010,12,1,0.5,0.1,1000,4,0,1000,1.0,,0.0
c12_s01_cov050_seed00000022_bw010,12,1,0.5,0.1,1000,5,0,1000,1.0,,0.0
c12_s01_cov050_seed00000022_bw010,12,1,0.5,0.1,1000,6,0,1000,1.0,,0.0
c12_s01_cov050_seed00000023_bw010,12,1,0.5,0.1,200,1,34,166,0.83,0.0,0.0
c12_s01_cov050_seed00000023_bw010,12,1,0.5,0.1,200,2,58,142,0.71,0.0,0.0
c12_s01_cov050_seed00000023_bw010,12,1,0.5,0.1,200,3,22,178,0.89,0.0,0.0
c12_s01_cov050_seed00000023_bw010,12,1,0.5,0.1,200,4,0,200,1.0,,0.0
c12_s01_cov050_seed00000023_bw010,12,1,0.5,0.1,200,5,0,200,1.0,,0.0
c12_s01_cov050_seed00000023_bw010,12,1,0.5,0.1,200,6,0,200,1.0,,0.0
c12_s01_cov050_seed00000023_bw010,12,1,0.5,0.1,200,7,0,200,1.0,,0.0
c12_s01_cov050_seed00000023_bw010,12,1,0.5,0.1,1000,1,161,839,0.839,0.0,0.0
c12_s01_cov050_seed00000023_bw010,12,1,0.5,0.1,1000,2,286,714,0.714,0.0,0.0
c12_s01_cov050_seed00000023_bw010,12,1,0.5,0.1,1000,3,86,914,0.914,0.0,0.0
c12_s01_cov050_seed00000023_bw010,12,1,0.5,0.1,1000,4,0,1000,1.0,,0.0
c12_s01_cov050_seed00000023_bw010,12,1,0.5,0.1,1000,5,0,1000,1.0,,0.0
c12_s01_cov050_seed00000023_bw010,12,1,0.5,0.1,1000,6,0,1000,1.0,,0.0
c12_s01_cov050_seed00000023_bw010,12,1,0.5,0.1,1000,7,0,1000,1.0,,0.0
c12_s01_cov050_seed00000024_bw010,12,1,0.5,0.1,200,1,63,137,0.685,1.0,0.315
c12_s01_cov050_seed00000024_bw010,12,1,0.5,0.1,200,2,54,146,0.73,0.8333333333333334,0.225
c12_s01_cov050_seed00000024_bw010,12,1,0.5,0.1,200,3,8,192,0.96,1.0,0.04
c12_s01_cov050_seed00000024_bw010,12,1,0.5,0.1,200,4,0,200,1.0,,0.0
c12_s01_cov050_seed00000024_bw010,12,1,0.5,0.1,200,5,0,200,1.0,,0.0
c12_s01_cov050_seed00000024_bw010,12,1,0.5,0.1,200,6,0,200,1.0,,0.0
c12_s01_cov050_seed00000024_bw010,12,1,0.5,0.1,1000,1,324,676,0.676,1.0,0.324
c12_s01_cov050_seed00000024_bw010,12,1,0.5,0.1,1000,2,263,737,0.737,0.8098859315589354,0.213
c12_s01_cov050_seed00000024_bw010,12,1,0.5,0.1,1000,3,41,959,0.959,1.0,0.041
c12_s01_cov050_seed00000024_bw010,12,1,0.5,0.1,1000,4,0,1000,1.0,,0.0
c12_s01_cov050_seed00000024_bw010,12,1,0.5,0.1,1000,5,0,1000,1.0,,0.0
c12_s01_cov050_seed00000024_bw010,12,1,0.5,0.1,1000,6,0,1000,1.0,,0.0
c12_s01_cov050_seed00000030_bw010,12,1,0.5,0.1,200,1,50,150,0.75,0.38,0.095
c12_s01_cov050_seed00000030_bw010,12,1,0.5,0.1,200,2,37,163,0.815,0.0,0.0
c12_s01_cov050_seed00000030_bw010,12,1,0.5,0.1,200,3,43,157,0.785,0.0,0.0
c12_s01_cov050_seed00000030_bw010,12,1,0.5,0.1,200,4,21,179,0.895,0.0,0.0
c12_s01_cov050_seed00000030_bw010,12,1,0.5,0.1,200,5,0,200,1.0,,0.0
c12_s01_cov050_seed00000030_bw010,12,1,0.5,0.1,200,6,0,200,1.0,,0.0
c12_s01_cov050_seed00000030_bw010,12,1,0.5,0.1,200,7,0,200,1.0,,0.0
c12_s01_cov050_seed00000030_bw010,12,1,0.5,0.1,1000,1,284,716,0.716,0.5035211267605634,0.143
c12_s01_cov050_seed00000030_bw010,12,1,0.5,0.1,1000,2,205,795,0.795,0.0,0.0
c12_s01_cov050_seed00000030_bw010,12,1,0.5,0.1,1000,3,187,813,0.813,0.0,0.0
c12_s01_cov050_seed00000030_bw010,12,1,0.5,0.1,1000,4,83,917,0.917,0.0,0.0
c12_s01_cov050_seed00000030_bw010,12,1,0.5,0.1,1000,5,0,1000,1.0,,0.0
c12_s01_cov050_seed00000030_bw010,12,1,0.5,0.1,1000,6,0,1000,1.0,,0.0
c12_s01_cov050_seed00000030_bw010,12,1,0.5,0.1,1000,7,0,1000,1.0,,0.0
c12_s01_cov050_seed00000031_bw010,12,1,0.5,0.1,200,1,125,75,0.375,0.76,0.475
c12_s01_cov050_seed00000031_bw010,12,1,0.5,0.1,200,2,71,129,0.645,0.647887323943662,0.23
c12_s01_cov050_seed00000031_bw010,12,1,0.5,0.1,200,3,8,192,0.96,1.0,0.04
c12_s01_cov050_seed00000031_bw010,12,1,0.5,0.1,200,4,0,200,1.0,,0.0
c12_s01_cov050_seed00000031_bw010,12,1,0.5,0.1,200,5,0,200,1.0,,0.0
c12_s01_cov050_seed00000031_bw010,12,1,0.5,0.1,200,6,0,200,1.0,,0.0
c12_s01_cov050_seed00000031_bw010,12,1,0.5,0.1,200,7,0,200,1.0,,0.0
c12_s01_cov050_seed00000031_bw010,12,1,0.5,0.1,200,8,0,200,1.0,,0.0
c12_s01_cov050_seed00000031_bw010,12,1,0.5,0.1,1000,1,618,382,0.382,0.8058252427184466,0.498
c12_s01_cov050_seed00000031_bw010,12,1,0.5,0.1,1000,2,305,695,0.695,0.6131147540983607,0.187
c12_s01_cov050_seed00000031_bw010,12,1,0.5,0.1,1000,3,40,960,0.96,1.0,0.04
c12_s01_cov050_seed00000031_bw010,12,1,0.5,0.1,1000,4,9,991,0.991,1.0,0.009
c12_s01_cov050_seed00000031_bw010,12,1,0.5,0.1,1000,5,0,1000,1.0,,0.0
c12_s01_cov050_seed00000031_bw010,12,1,0.5,0.1,1000,6,0,1000,1.0,,0.0
c12_s01_cov050_seed00000031_bw010,12,1,0.5,0.1,1000,7,0,1000,1.0,,0.0
c12_s01_cov050_seed00000031_bw010,12,1,0.5,0.1,1000,8,0,1000,1.0,,0.0
c12_s01_cov050_seed00000032_bw010,12,1,0.5,0.1,200,1,140,60,0.3,0.7357142857142858,0.515
c12_s01_cov050_seed00000032_bw010,12,1,0.5,0.1,200,2,30,170,0.85,0.5333333333333333,0.08
c12_s01_cov050_seed00000032_bw010,12,1,0.5,0.1,200,3,0,200,1.0,,0.0
c12_s01_cov050_seed00000032_bw010,12,1,0.5,0.1,200,4,0,200,1.0,,0.0
c12_s01_cov050_seed00000032_bw010,12,1,0.5,0.1,200,5,0,200,1.0,,0.0
c12_s01_cov050_seed00000032_bw010,12,1,0.5,0.1,200,6,0,200,1.0,,0.0
c12_s01_cov050_seed00000032_bw010,12,1,0.5,0.1,1000,1,682,318,0.318,0.7272727272727273,0.496
c12_s01_cov050_seed00000032_bw010,12,1,0.5,0.1,1000,2,144,856,0.856,0.4930555555555556,0.071
c12_s01_cov050_seed00000032_bw010,12,1,0.5,0.1,1000,3,0,1000,1.0,,0.0
c12_s01_cov050_seed00000032_bw010,12,1,0.5,0.1,1000,4,0,1000,1.0,,0.0
c12_s01_cov050_seed00000032_bw010,12,1,0.5,0.1,1000,5,0,1000,1.0,,0.0
c12_s01_cov050_seed00000032_bw010,12,1,0.5,0.1,1000,6,0,1000,1.0,,0.0
c12_s01_cov050_seed00000033_bw010,12,1,0.5,0.1,200,1,111,89,0.445,0.7297297297297297,0.405
c12_s01_cov050_seed00000033_bw010,12,1,0.5,0.1,200,2,55,145,0.725,0.36363636363636365,0.1
c12_s01_cov050_seed00000033_bw010,12,1,0.5,0.1,200,3,29,171,0.855,0.27586206896551724,0.04
c12_s01_cov050_seed00000033_bw010,12,1,0.5,0.1,200,4,29,171,0.855,0.0,0.0
c12_s01_cov050_seed00000033_bw010,12,1,0.5,0.1,200,5,21,179,0.895,0.0,0.0
c12_s01_cov050_seed00000033_bw010,12,1,0.5,0.1,200,6,7,193,0.965,0.0,0.0
c12_s01_cov050_seed00000033_bw010,12,1,0.5,0.1,200,7,0,200,1.0,,0.0
c12_s01_cov050_seed00000033_bw010,12,1,0.5,0.1,200,8,0,200,1.0,,0.0
c12_s01_cov050_seed00000033_bw010,12,1,0.5,0.1,1000,1,518,482,0.482,0.749034749034749,0.388
c12_s01_cov050_seed00000033_bw010,12,1,0.5,0.1,1000,2,252,748,0.748,0.4166666666666667,0.105
c12_s01_cov050_seed00000033_bw010,12,1,0.5,0.1,1000,3,155,845,0.845,0.14193548387096774,0.022
c12_s01_cov050_seed00000033_bw010,12,1,0.5,0.1,1000,4,113,887,0.887,0.0,0.0
c12_s01_cov050_seed00000033_bw010,12,1,0.5,0.1,1000,5,85,915,0.915,0.0,0.0
c12_s01_cov050_seed00000033_bw010,12,1,0.5,0.1,1000,6,36,964,0.964,0.0,0.0
c12_s01_cov050_seed00000033_bw010,12,1,0.5,0.1,1000,7,0,1000,1.0,,0.0
c12_s01_cov050_seed00000033_bw010,12,1,0.5,0.1,1000,8,0,1000,1.0,,0.0
c12_s01_cov050_seed00000034_bw010,12,1,0.5,0.1,200,1,67,133,0.665,1.0,0.335
c12_s01_cov050_seed00000034_bw010,12,1,0.5,0.1,200,2,37,163,0.815,0.5675675675675675,0.105
c12_s01_cov050_seed00000034_bw010,12,1,0.5,0.1,200,3,12,188,0.94,0.4166666666666667,0.025
c12_s01_cov050_seed00000034_bw010,12,1,0.5,0.1,200,4,14,186,0.93,0.0,0.0
c12_s01_cov050_seed00000034_bw010,12,1,0.5,0.1,200,5,0,200,1.0,,0.0
c12_s01_cov050_seed00000034_bw010,12,1,0.5,0.1,200,6,0,200,1.0,,0.0
c12_s01_cov050_seed00000034_bw010,12,1,0.5,0.1,1000,1,330,670,0.67,1.0,0.33
c12_s01_cov050_seed00000034_bw010,12,1,0.5,0.1,1000,2,205,795,0.795,0.6585365853658537,0.135
c12_s01_cov050_seed00000034_bw010,12,1,0.5,0.1,1000,3,90,910,0.91,0.3888888888888889,0.035
c12_s01_cov050_seed00000034_bw010,12,1,0.5,0.1,1000,4,72,928,0.928,0.0,0.0
c12_s01_cov050_seed00000034_bw010,12,1,0.5,0.1,1000,5,0,1000,1.0,,0.0
c12_s01_cov050_seed00000034_bw010,12,1,0.5,0.1,1000,6,0,1000,1.0,,0.0
c12_s01_cov050_seed00000035_bw010,12,1,0.5,0.1,200,1,78,122,0.61,1.0,0.39
c12_s01_cov050_seed00000035_bw010,12,1,0.5,0.1,200,2,40,160,0.8,0.625,0.125
c12_s01_cov050_seed00000035_bw010,12,1,0.5,0.1,200,3,38,162,0.81,0.7105263157894737,0.135
c12_s01_cov050_seed00000035_bw010,12,1,0.5,0.1,200,4,32,168,0.84,1.0,0.16
c12_s01_cov050_seed00000035_bw010,12,1,0.5,0.1,200,5,0,200,1.0,,0.0
c12_s01_cov050_seed00000035_bw010,12,1,0.5,0.1,200,6,0,200,1.0,,0.0
c12_s01_cov050_seed00000035_bw010,12,1,0.5,0.1,1000,1,350,650,0.65,1.0,0.35
c12_s01_cov050_seed00000035_bw010,12,1,0.5,0.1,1000,2,198,802,0.802,0.6060606060606061,0.12
c12_s01_cov050_seed00000035_bw010,12,1,0.5,0.1,1000,3,205,795,0.795,0.7707317073170732,0.158
c12_s01_cov050_seed00000035_bw010,12,1,0.5,0.1,1000,4,133,867,0.867,1.0,0.133
c12_s01_cov050_seed00000035_bw010,12,1,0.5,0.1,1000,5,0,1000,1.0,,0.0
c12_s01_cov050_seed00000035_bw010,12,1,0.5,0.1,1000,6,0,1000,1.0,,0.0
c12_s01_cov050_seed00000039_bw010,12,1,0.5,0.1,200,1,97,103,0.515,0.7628865979381443,0.37
c12_s01_cov050_seed00000039_bw010,12,1,0.5,0.1,200,2,58,142,0.71,0.29310344827586204,0.085
c12_s01_cov050_seed00000039_bw010,12,1,0.5,0.1,200,3,48,152,0.76,0.10416666666666667,0.025
c12_s01_cov050_seed00000039_bw010,12,1,0.5,0.1,200,4,20,180,0.9,0.0,0.0
c12_s01_cov050_seed00000039_bw010,12,1,0.5,0.1,200,5,6,194,0.97,0.0,0.0
c12_s01_cov050_seed00000039_bw010,12,1,0.5,0.1,200,6,0,200,1.0,,0.0
c12_s01_cov050_seed00000039_bw010,12,1,0.5,0.1,200,7,0,200,1.0,,0.0
c12_s01_cov050_seed00000039_bw010,12,1,0.5,0.1,200,8,0,200,1.0,,0.0
c12_s01_cov050_seed00000039_bw010,12,1,0.5,0.1,1000,1,496,504,0.504,0.7560483870967742,0.375
c12_s01_cov050_seed00000039_bw010,12,1,0.5,0.1,1000,2,301,699,0.699,0.34219269102990035,0.103
c12_s01_cov050_seed00000039_bw010,12,1,0.5,0.1,1000,3,212,788,0.788,0.08018867924528301,0.017
c12_s01_cov050_seed00000039_bw010,12,1,0.5,0.1,1000,4,109,891,0.891,0.0,0.0
c12_s01_cov050_seed00000039_bw010,12,1,0.5,0.1,1000,5,28,972,0.972,0.0,0.0
c12_s01_cov050_seed00000039_bw010,12,1,0.5,0.1,1000,6,0,1000,1.0,,0.0
c12_s01_cov050_seed00000039_bw010,12,1,0.5,0.1,1000,7,0,1000,1.0,,0.0
c12_s01_cov050_seed00000039_bw010,12,1,0.5,0.1,1000,8,0,1000,1.0,,0.0
c12_s06_cov050_seed00000008_bw010,12,6,0.5,0.1,200,1,67,133,0.665,1.0,0.335
c12_s06_cov050_seed00000008_bw010,12,6,0.5,0.1,200,2,14,186,0.93,1.0,0.07
c12_s06_cov050_seed00000008_bw010,12,6,0.5,0.1,200,3,9,191,0.955,1.0,0.045
c12_s06_cov050_seed00000008_bw010,12,6,0.5,0.1,200,4,14,186,0.93,1.0,0.07
c12_s06_cov050_seed00000008_bw010,12,6,0.5,0.1,200,5,37,163,0.815,0.0,0.0
c12_s06_cov050_seed00000008_bw010,12,6,0.5,0.1,200,6,0,200,1.0,,0.0
c12_s06_cov050_seed00000008_bw010,12,6,0.5,0.1,1000,1,333,667,0.667,1.0,0.333
c12_s06_cov050_seed00000008_bw010,12,6,0.5,0.1,1000,2,65,935,0.935,1.0,0.065
c12_s06_cov050_seed00000008_bw010,12,6,0.5,0.1,1000,3,46,954,0.954,1.0,0.046
c12_s06_cov050_seed00000008_bw010,12,6,0.5,0.1,1000,4,84,916,0.916,1.0,0.084
c12_s06_cov050_seed00000008_bw010,12,6,0.5,0.1,1000,5,174,826,0.826,0.0,0.0
c12_s06_cov050_seed00000008_bw010,12,6,0.5,0.1,1000,6,0,1000,1.0,,0.0
c12_s06_cov050_seed00000015_bw010,12,6,0.5,0.1,200,1,69,131,0.655,1.0,0.345
c12_s06_cov050_seed00000015_bw010,12,6,0.5,0.1,200,2,15,185,0.925,1.0,0.075
c12_s06_cov050_seed00000015_bw010,12,6,0.5,0.1,200,3,11,189,0.945,1.0,0.055
c12_s06_cov050_seed00000015_bw010,12,6,0.5,0.1,200,4,10,190,0.95,1.0,0.05
c12_s06_cov050_seed00000015_bw010,12,6,0.5,0.1,200,5,34,166,0.83,0.0,0.0
c12_s06_cov050_seed00000015_bw010,12,6,0.5,0.1,200,6,0,200,1.0,,0.0
c12_s06_cov050_seed00000015_bw010,12,6,0.5,0.1,1000,1,342,658,0.658,1.0,0.342
c12_s06_cov050_seed00000015_bw010,12,6,0.5,0.1,1000,2,66,934,0.934,1.0,0.066
c12_s06_cov050_seed00000015_bw010,12,6,0.5,0.1,1000,3,51,949,0.949,1.0,0.051
c12_s06_cov050_seed00000015_bw010,12,6,0.5,0.1,1000,4,58,942,0.942,1.0,0.058
c12_s06_cov050_seed00000015_bw010,12,6,0.5,0.1,1000,5,159,841,0.841,0.0,0.0
c12_s06_cov050_seed00000015_bw010,12,6,0.5,0.1,1000,6,0,1000,1.0,,0.0
c12_s06_cov050_seed00000021_bw010,12,6,0.5,0.1,200,1,61,139,0.695,1.0,0.305
c12_s06_cov050_seed00000021_bw010,12,6,0.5,0.1,200,2,13,187,0.935,1.0,0.065
c12_s06_cov050_seed00000021_bw010,12,6,0.5,0.1,200,3,16,184,0.92,1.0,0.08
c12_s06_cov050_seed00000021_bw010,12,6,0.5,0.1,200,4,17,183,0.915,1.0,0.085
c12_s06_cov050_seed00000021_bw010,12,6,0.5,0.1,200,5,24,176,0.88,0.0,0.0
c12_s06_cov050_seed00000021_bw010,12,6,0.5,0.1,200,6,0,200,1.0,,0.0
c12_s06_cov050_seed00000021_bw010,12,6,0.5,0.1,1000,1,331,669,0.669,1.0,0.331
c12_s06_cov050_seed00000021_bw010,12,6,0.5,0.1,1000,2,69,931,0.931,1.0,0.069
c12_s06_cov050_seed00000021_bw010,12,6,0.5,0.1,1000,3,51,949,0.949,1.0,0.051
c12_s06_cov050_seed00000021_bw010,12,6,0.5,0.1,1000,4,89,911,0.911,1.0,0.089
c12_s06_cov050_seed00000021_bw010,12,6,0.5,0.1,1000,5,153,847,0.847,0.0,0.0
c12_s06_cov050_seed00000021_bw010,12,6,0.5,0.1,1000,6,0,1000,1.0,,0.0
c12_s06_cov050_seed00000023_bw010,12,6,0.5,0.1,200,1,70,130,0.65,1.0,0.35
c12_s06_cov050_seed00000023_bw010,12,6,0.5,0.1,200,2,25,175,0.875,1.0,0.125
c12_s06_cov050_seed00000023_bw010,12,6,0.5,0.1,200,3,8,192,0.96,1.0,0.04
c12_s06_cov050_seed00000023_bw010,12,6,0.5,0.1,200,4,16,184,0.92,1.0,0.08
c12_s06_cov050_seed00000023_bw010,12,6,0.5,0.1,200,5,27,173,0.865,0.0,0.0
c12_s06_cov050_seed00000023_bw010,12,6,0.5,0.1,200,6,0,200,1.0,,0.0
c12_s06_cov050_seed00000023_bw010,12,6,0.5,0.1,1000,1,327,673,0.673,1.0,0.327
c12_s06_cov050_seed00000023_bw010,12,6,0.5,0.1,1000,2,77,923,0.923,1.0,0.077
c12_s06_cov050_seed00000023_bw010,12,6,0.5,0.1,1000,3,47,953,0.953,1.0,0.047
c12_s06_cov050_seed00000023_bw010,12,6,0.5,0.1,1000,4,73,927,0.927,1.0,0.073
c12_s06_cov050_seed00000023_bw010,12,6,0.5,0.1,1000,5,156,844,0.844,0.0,0.0
c12_s06_cov050_seed00000023_bw010,12,6,0.5,0.1,1000,6,0,1000,1.0,,0.0
c12_s06_cov050_seed00000024_bw010,12,6,0.5,0.1,200,1,69,131,0.655,1.0,0.345
c12_s06_cov050_seed00000024_bw010,12,6,0.5,0.1,200,2,13,187,0.935,1.0,0.065
c12_s06_cov050_seed00000024_bw010,12,6,0.5,0.1,200,3,6,194,0.97,1.0,0.03
c12_s06_cov050_seed00000024_bw010,12,6,0.5,0.1,200,4,15,185,0.925,1.0,0.075
c12_s06_cov050_seed00000024_bw010,12,6,0.5,0.1,200,5,35,165,0.825,0.0,0.0
c12_s06_cov050_seed00000024_bw010,12,6,0.5,0.1,200,6,0,200,1.0,,0.0
c12_s06_cov050_seed00000024_bw010,12,6,0.5,0.1,1000,1,327,673,0.673,1.0,0.327
c12_s06_cov050_seed00000024_bw010,12,6,0.5,0.1,1000,2,67,933,0.933,1.0,0.067
c12_s06_cov050_seed00000024_bw010,12,6,0.5,0.1,1000,3,46,954,0.954,1.0,0.046
c12_s06_cov050_seed00000024_bw010,12,6,0.5,0.1,1000,4,74,926,0.926,1.0,0.074
c12_s06_cov050_seed00000024_bw010,12,6,0.5,0.1,1000,5,176,824,0.824,0.0,0.0
c12_s06_cov050_seed00000024_bw010,12,6,0.5,0.1,1000,6,0,1000,1.0,,0.0
c12_s06_cov050_seed00000034_bw010,12,6,0.5,0.1,200,1,62,138,0.69,1.0,0.31
c12_s06_cov050_seed00000034_bw010,12,6,0.5,0.1,200,2,12,188,0.94,1.0,0.06
c12_s06_cov050_seed00000034_bw010,12,6,0.5,0.1,200,3,11,189,0.945,1.0,0.055
c12_s06_cov050_seed00000034_bw010,12,6,0.5,0.1,200,4,15,185,0.925,1.0,0.075
c12_s06_cov050_seed00000034_bw010,12,6,0.5,0.1,200,5,27,173,0.865,0.0,0.0
c12_s06_cov050_seed00000034_bw010,12,6,0.5,0.1,200,6,0,200,1.0,,0.0
c12_s06_cov050_seed00000034_bw010,12,6,0.5,0.1,1000,1,314,686,0.686,1.0,0.314
c12_s06_cov050_seed00000034_bw010,12,6,0.5,0.1,1000,2,56,944,0.944,1.0,0.056
c12_s06_cov050_seed00000034_bw010,12,6,0.5,0.1,1000,3,50,950,0.95,1.0,0.05
c12_s06_cov050_seed00000034_bw010,12,6,0.5,0.1,1000,4,69,931,0.931,1.0,0.069
c12_s06_cov050_seed00000034_bw010,12,6,0.5,0.1,1000,5,163,837,0.837,0.0,0.0
c12_s06_cov050_seed00000034_bw010,12,6,0.5,0.1,1000,6,0,1000,1.0,,0.0
c12_s06_cov050_seed00000035_bw010,12,6,0.5,0.1,200,1,59,141,0.705,1.0,0.295
c12_s06_cov050_seed00000035_bw010,12,6,0.5,0.1,200,2,14,186,0.93,1.0,0.07
c12_s06_cov050_seed00000035_bw010,12,6,0.5,0.1,200,3,9,191,0.955,1.0,0.045
c12_s06_cov050_seed00000035_bw010,12,6,0.5,0.1,200,4,15,185,0.925,1.0,0.075
c12_s06_cov050_seed00000035_bw010,12,6,0.5,0.1,200,5,35,165,0.825,0.0,0.0
c12_s06_cov050_seed00000035_bw010,12,6,0.5,0.1,200,6,0,200,1.0,,0.0
c12_s06_cov050_seed00000035_bw010,12,6,0.5,0.1,1000,1,325,675,0.675,1.0,0.325
c12_s06_cov050_seed00000035_bw010,12,6,0.5,0.1,1000,2,76,924,0.924,1.0,0.076
c12_s06_cov050_seed00000035_bw010,12,6,0.5,0.1,1000,3,55,945,0.945,1.0,0.055
c12_s06_cov050_seed00000035_bw010,12,6,0.5,0.1,1000,4,77,923,0.923,1.0,0.077
c12_s06_cov050_seed00000035_bw010,12,6,0.5,0.1,1000,5,170,830,0.83,0.0,0.0
c12_s06_cov050_seed00000035_bw010,12,6,0.5,0.1,1000,6,0,1000,1.0,,0.0
c12_s06_cov050_seed00000037_bw010,12,6,0.5,0.1,200,1,71,129,0.645,1.0,0.355
c12_s06_cov050_seed00000037_bw010,12,6,0.5,0.1,200,2,14,186,0.93,1.0,0.07
c12_s06_cov050_seed00000037_bw010,12,6,0.5,0.1,200,3,11,189,0.945,1.0,0.055
c12_s06_cov050_seed00000037_bw010,12,6,0.5,0.1,200,4,8,192,0.96,1.0,0.04
c12_s06_cov050_seed00000037_bw010,12,6,0.5,0.1,200,5,39,161,0.805,0.0,0.0
c12_s06_cov050_seed00000037_bw010,12,6,0.5,0.1,200,6,0,200,1.0,,0.0
c12_s06_cov050_seed00000037_bw010,12,6,0.5,0.1,1000,1,322,678,0.678,1.0,0.322
c12_s06_cov050_seed00000037_bw010,12,6,0.5,0.1,1000,2,63,937,0.937,1.0,0.063
c12_s06_cov050_seed00000037_bw010,12,6,0.5,0.1,1000,3,48,952,0.952,1.0,0.048
c12_s06_cov050_seed00000037_bw010,12,6,0.5,0.1,1000,4,61,939,0.939,1.0,0.061
c12_s06_cov050_seed00000037_bw010,12,6,0.5,0.1,1000,5,170,830,0.83,0.0,0.0
c12_s06_cov050_seed00000037_bw010,12,6,0.5,0.1,1000,6,0,1000,1.0,,0.0
c12_s06_cov050_seed00000043_bw010,12,6,0.5,0.1,200,1,63,137,0.685,1.0,0.315
c12_s06_cov050_seed00000043_bw010,12,6,0.5,0.1,200,2,8,192,0.96,1.0,0.04
c12_s06_cov050_seed00000043_bw010,12,6,0.5,0.1,200,3,10,190,0.95,1.0,0.05
c12_s06_cov050_seed00000043_bw010,12,6,0.5,0.1,200,4,8,192,0.96,1.0,0.04
c12_s06_cov050_seed00000043_bw010,12,6,0.5,0.1,200,5,35,165,0.825,0.0,0.0
c12_s06_cov050_seed00000043_bw010,12,6,0.5,0.1,200,6,0,200,1.0,,0.0
c12_s06_cov050_seed00000043_bw010,12,6,0.5,0.1,1000,1,336,664,0.664,1.0,0.336
c12_s06_cov050_seed00000043_bw010,12,6,0.5,0.1,1000,2,66,934,0.934,1.0,0.066
c12_s06_cov050_seed00000043_bw010,12,6,0.5,0.1,1000,3,44,956,0.956,1.0,0.044
c12_s06_cov050_seed00000043_bw010,12,6,0.5,0.1,1000,4,49,951,0.951,1.0,0.049
c12_s06_cov050_seed00000043_bw010,12,6,0.5,0.1,1000,5,156,844,0.844,0.0,0.0
c12_s06_cov050_seed00000043_bw010,12,6,0.5,0.1,1000,6,0,1000,1.0,,0.0
c12_s06_cov050_seed00000046_bw010,12,6,0.5,0.1,200,1,59,141,0.705,1.0,0.295
c12_s06_cov050_seed00000046_bw010,12,6,0.5,0.1,200,2,7,193,0.965,1.0,0.035
c12_s06_cov050_seed00000046_bw010,12,6,0.5,0.1,200,3,6,194,0.97,1.0,0.03
c12_s06_cov050_seed00000046_bw010,12,6,0.5,0.1,200,4,12,188,0.94,1.0,0.06
c12_s06_cov050_seed00000046_bw010,12,6,0.5,0.1,200,5,34,166,0.83,0.0,0.0
c12_s06_cov050_seed00000046_bw010,12,6,0.5,0.1,200,6,0,200,1.0,,0.0
c12_s06_cov050_seed00000046_bw010,12,6,0.5,0.1,1000,1,324,676,0.676,1.0,0.324
c12_s06_cov050_seed00000046_bw010,12,6,0.5,0.1,1000,2,55,945,0.945,1.0,0.055
c12_s06_cov050_seed00000046_bw010,12,6,0.5,0.1,1000,3,45,955,0.955,1.0,0.045
c12_s06_cov050_seed00000046_bw010,12,6,0.5,0.1,1000,4,70,930,0.93,1.0,0.07
c12_s06_cov050_seed00000046_bw010,12,6,0.5,0.1,1000,5,181,819,0.819,0.0,0.0
c12_s06_cov050_seed00000046_bw010,12,6,0.5,0.1,1000,6,0,1000,1.0,,0.0
c12_s06_cov050_seed00000047_bw010,12,6,0.5,0.1,200,1,70,130,0.65,1.0,0.35
c12_s06_cov050_seed00000047_bw010,12,6,0.5,0.1,200,2,15,185,0.925,1.0,0.075
c12_s06_cov050_seed00000047_bw010,12,6,0.5,0.1,200,3,10,190,0.95,1.0,0.05
c12_s06_cov050_seed00000047_bw010,12,6,0.5,0.1,200,4,12,188,0.94,1.0,0.06
c12_s06_cov050_seed00000047_bw010,12,6,0.5,0.1,200,5,48,152,0.76,0.0,0.0
c12_s06_cov050_seed00000047_bw010,12,6,0.5,0.1,200,6,0,200,1.0,,0.0
c12_s06_cov050_seed00000047_bw010,12,6,0.5,0.1,1000,1,360,640,0.64,1.0,0.36
c12_s06_cov050_seed00000047_bw010,12,6,0.5,0.1,1000,2,76,924,0.924,1.0,0.076
c12_s06_cov050_seed00000047_bw010,12,6,0.5,0.1,1000,3,44,956,0.956,1.0,0.044
c12_s06_cov050_seed00000047_bw010,12,6,0.5,0.1,1000,4,62,938,0.938,1.0,0.062
c12_s06_cov050_seed00000047_bw010,12,6,0.5,0.1,1000,5,200,800,0.8,0.0,0.0
c12_s06_cov050_seed00000047_bw010,12,6,0.5,0.1,1000,6,0,1000,1.0,,0.0
c12_s06_cov050_seed00000061_bw010,12,6,0.5,0.1,200,1,69,131,0.655,1.0,0.345
c12_s06_cov050_seed00000061_bw010,12,6,0.5,0.1,200,2,16,184,0.92,1.0,0.08
c12_s06_cov050_seed00000061_bw010,12,6,0.5,0.1,200,3,4,196,0.98,1.0,0.02
c12_s06_cov050_seed00000061_bw010,12,6,0.5,0.1,200,4,13,187,0.935,1.0,0.065
c12_s06_cov050_seed00000061_bw010,12,6,0.5,0.1,200,5,36,164,0.82,0.0,0.0
c12_s06_cov050_seed00000061_bw010,12,6,0.5,0.1,200,6,0,200,1.0,,0.0
c12_s06_cov050_seed00000061_bw010,12,6,0.5,0.1,1000,1,334,666,0.666,1.0,0.334
c12_s06_cov050_seed00000061_bw010,12,6,0.5,0.1,1000,2,68,932,0.932,1.0,0.068
c12_s06_cov050_seed00000061_bw010,12,6,0.5,0.1,1000,3,48,952,0.952,1.0,0.048
c12_s06_cov050_seed00000061_bw010,12,6,0.5,0.1,1000,4,71,929,0.929,1.0,0.071
c12_s06_cov050_seed00000061_bw010,12,6,0.5,0.1,1000,5,143,857,0.857,0.0,0.0
c12_s06_cov050_seed00000061_bw010,12,6,0.5,0.1,1000,6,0,1000,1.0,,0.0
c12_s06_cov050_seed00000064_bw010,12,6,0.5,0.1,200,1,58,142,0.71,1.0,0.29
c12_s06_cov050_seed00000064_bw010,12,6,0.5,0.1,200,2,15,185,0.925,1.0,0.075
c12_s06_cov050_seed00000064_bw010,12,6,0.5,0.1,200,3,8,192,0.96,1.0,0.04
c12_s06_cov050_seed00000064_bw010,12,6,0.5,0.1,200,4,9,191,0.955,1.0,0.045
c12_s06_cov050_seed00000064_bw010,12,6,0.5,0.1,200,5,35,165,0.825,0.0,0.0
c12_s06_cov050_seed00000064_bw010,12,6,0.5,0.1,200,6,0,200,1.0,,0.0
c12_s06_cov050_seed00000064_bw010,12,6,0.5,0.1,1000,1,317,683,0.683,1.0,0.317
c12_s06_cov050_seed00000064_bw010,12,6,0.5,0.1,1000,2,64,936,0.936,1.0,0.064
c12_s06_cov050_seed00000064_bw010,12,6,0.5,0.1,1000,3,51,949,0.949,1.0,0.051
c12_s06_cov050_seed00000064_bw010,12,6,0.5,0.1,1000,4,72,928,0.928,1.0,0.072
c12_s06_cov050_seed00000064_bw010,12,6,0.5,0.1,1000,5,182,818,0.818,0.0,0.0
c12_s06_cov050_seed00000064_bw010,12,6,0.5,0.1,1000,6,0,1000,1.0,,0.0
c12_s06_cov050_seed00000068_bw010,12,6,0.5,0.1,200,1,68,132,0.66,1.0,0.34
c12_s06_cov050_seed00000068_bw010,12,6,0.5,0.1,200,2,17,183,0.915,1.0,0.085
c12_s06_cov050_seed00000068_bw010,12,6,0.5,0.1,200,3,8,192,0.96,1.0,0.04
c12_s06_cov050_seed00000068_bw010,12,6,0.5,0.1,200,4,14,186,0.93,1.0,0.07
c12_s06_cov050_seed00000068_bw010,12,6,0.5,0.1,200,5,27,173,0.865,0.0,0.0
c12_s06_cov050_seed00000068_bw010,12,6,0.5,0.1,200,6,0,200,1.0,,0.0
c12_s06_cov050_seed00000068_bw010,12,6,0.5,0.1,1000,1,334,666,0.666,1.0,0.334
c12_s06_cov050_seed00000068_bw010,12,6,0.5,0.1,1000,2,73,927,0.927,1.0,0.073
c12_s06_cov050_seed00000068_bw010,12,6,0.5,0.1,1000,3,49,951,0.951,1.0,0.049
c12_s06_cov050_seed00000068_bw010,12,6,0.5,0.1,1000,4,82,918,0.918,1.0,0.082
c12_s06_cov050_seed00000068_bw010,12,6,0.5,0.1,1000,5,166,834,0.834,0.0,0.0
c12_s06_cov050_seed00000068_bw010,12,6,0.5,0.1,1000,6,0,1000,1.0,,0.0
c12_s06_cov050_seed00000071_bw010,12,6,0.5,0.1,200,1,89,111,0.555,1.0,0.445
c12_s06_cov050_seed00000071_bw010,12,6,0.5,0.1,200,2,12,188,0.94,1.0,0.06
c12_s06_cov050_seed00000071_bw010,12,6,0.5,0.1,200,3,14,186,0.93,1.0,0.07
c12_s06_cov050_seed00000071_bw010,12,6,0.5,0.1,200,4,10,190,0.95,1.0,0.05
c12_s06_cov050_seed00000071_bw010,12,6,0.5,0.1,200,5,21,179,0.895,0.0,0.0
c12_s06_cov050_seed00000071_bw010,12,6,0.5,0.1,200,6,0,200,1.0,,0.0
c12_s06_cov050_seed00000071_bw010,12,6,0.5,0.1,1000,1,371,629,0.629,1.0,0.371
c12_s06_cov050_seed00000071_bw010,12,6,0.5,0.1,1000,2,75,925,0.925,1.0,0.075
c12_s06_cov050_seed00000071_bw010,12,6,0.5,0.1,1000,3,50,950,0.95,1.0,0.05
c12_s06_cov050_seed00000071_bw010,12,6,0.5,0.1,1000,4,67,933,0.933,1.0,0.067
c12_s06_cov050_seed00000071_bw010,12,6,0.5,0.1,1000,5,160,840,0.84,0.0,0.0
c12_s06_cov050_seed00000071_bw010,12,6,0.5,0.1,1000,6,0,1000,1.0,,0.0
c12_s06_cov050_seed00000073_bw010,12,6,0.5,0.1,200,1,67,133,0.665,1.0,0.335
c12_s06_cov050_seed00000073_bw010,12,6,0.5,0.1,200,2,14,186,0.93,1.0,0.07
c12_s06_cov050_seed00000073_bw010,12,6,0.5,0.1,200,3,10,190,0.95,1.0,0.05
c12_s06_cov050_seed00000073_bw010,12,6,0.5,0.1,200,4,13,187,0.935,1.0,0.065
c12_s06_cov050_seed00000073_bw010,12,6,0.5,0.1,200,5,40,160,0.8,0.0,0.0
c12_s06_cov050_seed00000073_bw010,12,6,0.5,0.1,200,6,0,200,1.0,,0.0
c12_s06_cov050_seed00000073_bw010,12,6,0.5,0.1,1000,1,321,679,0.679,1.0,0.321
c12_s06_cov050_seed00000073_bw010,12,6,0.5,0.1,1000,2,65,935,0.935,1.0,0.065
c12_s06_cov050_seed00000073_bw010,12,6,0.5,0.1,1000,3,58,942,0.942,1.0,0.058
c12_s06_cov050_seed00000073_bw010,12,6,0.5,0.1,1000,4,56,944,0.944,1.0,0.056
c12_s06_cov050_seed00000073_bw010,12,6,0.5,0.1,1000,5,153,847,0.847,0.0,0.0
c12_s06_cov050_seed00000073_bw010,12,6,0.5,0.1,1000,6,0,1000,1.0,,0.0
c12_s06_cov050_seed00000075_bw010,12,6,0.5,0.1,200,1,66,134,0.67,1.0,0.33
c12_s06_cov050_seed00000075_bw010,12,6,0.5,0.1,200,2,16,184,0.92,1.0,0.08
c12_s06_cov050_seed00000075_bw010,12,6,0.5,0.1,200,3,9,191,0.955,1.0,0.045
c12_s06_cov050_seed00000075_bw010,12,6,0.5,0.1,200,4,11,189,0.945,1.0,0.055
c12_s06_cov050_seed00000075_bw010,12,6,0.5,0.1,200,5,49,151,0.755,0.0,0.0
c12_s06_cov050_seed00000075_bw010,12,6,0.5,0.1,200,6,0,200,1.0,,0.0
c12_s06_cov050_seed00000075_bw010,12,6,0.5,0.1,1000,1,324,676,0.676,1.0,0.324
c12_s06_cov050_seed00000075_bw010,12,6,0.5,0.1,1000,2,67,933,0.933,1.0,0.067
c12_s06_cov050_seed00000075_bw010,12,6,0.5,0.1,1000,3,57,943,0.943,1.0,0.057
c12_s06_cov050_seed00000075_bw010,12,6,0.5,0.1,1000,4,68,932,0.932,1.0,0.068
c12_s06_cov050_seed00000075_bw010,12,6,0.5,0.1,1000,5,175,825,0.825,0.0,0.0
c12_s06_cov050_seed00000075_bw010,12,6,0.5,0.1,1000,6,0,1000,1.0,,0.0
c12_s06_cov050_seed00000079_bw010,12,6,0.5,0.1,200,1,64,136,0.68,1.0,0.32
c12_s06_cov050_seed00000079_bw010,12,6,0.5,0.1,200,2,5,195,0.975,1.0,0.025
c12_s06_cov050_seed00000079_bw010,12,6,0.5,0.1,200,3,12,188,0.94,1.0,0.06
c12_s06_cov050_seed00000079_bw010,12,6,0.5,0.1,200,4,18,182,0.91,1.0,0.09
c12_s06_cov050_seed00000079_bw010,12,6,0.5,0.1,200,5,39,161,0.805,0.0,0.0
c12_s06_cov050_seed00000079_bw010,12,6,0.5,0.1,200,6,0,200,1.0,,0.0
c12_s06_cov050_seed00000079_bw010,12,6,0.5,0.1,1000,1,306,694,0.694,1.0,0.306
c12_s06_cov050_seed00000079_bw010,12,6,0.5,0.1,1000,2,56,944,0.944,1.0,0.056
c12_s06_cov050_seed00000079_bw010,12,6,0.5,0.1,1000,3,47,953,0.953,1.0,0.047
c12_s06_cov050_seed00000079_bw010,12,6,0.5,0.1,1000,4,72,928,0.928,1.0,0.072
c12_s06_cov050_seed00000079_bw010,12,6,0.5,0.1,1000,5,179,821,0.821,0.0,0.0
c12_s06_cov050_seed00000079_bw010,12,6,0.5,0.1,1000,6,0,1000,1.0,,0.0
c12_s06_cov050_seed00000081_bw010,12,6,0.5,0.1,200,1,69,131,0.655,1.0,0.345
c12_s06_cov050_seed00000081_bw010,12,6,0.5,0.1,200,2,10,190,0.95,1.0,0.05
c12_s06_cov050_seed00000081_bw010,12,6,0.5,0.1,200,3,10,190,0.95,1.0,0.05
c12_s06_cov050_seed00000081_bw010,12,6,0.5,0.1,200,4,9,191,0.955,1.0,0.045
c12_s06_cov050_seed00000081_bw010,12,6,0.5,0.1,200,5,37,163,0.815,0.0,0.0
c12_s06_cov050_seed00000081_bw010,12,6,0.5,0.1,200,6,0,200,1.0,,0.0
c12_s06_cov050_seed00000081_bw010,12,6,0.5,0.1,1000,1,312,688,0.688,1.0,0.312
c12_s06_cov050_seed00000081_bw010,12,6,0.5,0.1,1000,2,68,932,0.932,1.0,0.068
c12_s06_cov050_seed00000081_bw010,12,6,0.5,0.1,1000,3,51,949,0.949,1.0,0.051
c12_s06_cov050_seed00000081_bw010,12,6,0.5,0.1,1000,4,56,944,0.944,1.0,0.056
c12_s06_cov050_seed00000081_bw010,12,6,0.5,0.1,1000,5,169,831,0.831,0.0,0.0
c12_s06_cov050_seed00000081_bw010,12,6,0.5,0.1,1000,6,0,1000,1.0,,0.0
c12_s06_cov050_seed00000089_bw010,12,6,0.5,0.1,200,1,69,131,0.655,1.0,0.345
c12_s06_cov050_seed00000089_bw010,12,6,0.5,0.1,200,2,10,190,0.95,1.0,0.05
c12_s06_cov050_seed00000089_bw010,12,6,0.5,0.1,200,3,9,191,0.955,1.0,0.045
c12_s06_cov050_seed00000089_bw010,12,6,0.5,0.1,200,4,12,188,0.94,1.0,0.06
c12_s06_cov050_seed00000089_bw010,12,6,0.5,0.1,200,5,37,163,0.815,0.0,0.0
c12_s06_cov050_seed00000089_bw010,12,6,0.5,0.1,200,6,0,200,1.0,,0.0
c12_s06_cov050_seed00000089_bw010,12,6,0.5,0.1,1000,1,349,651,0.651,1.0,0.349
c12_s06_cov050_seed00000089_bw010,12,6,0.5,0.1,1000,2,69,931,0.931,1.0,0.069
c12_s06_cov050_seed00000089_bw010,12,6,0.5,0.1,1000,3,61,939,0.939,1.0,0.061
c12_s06_cov050_seed00000089_bw010,12,6,0.5,0.1,1000,4,66,934,0.934,1.0,0.066
c12_s06_cov050_seed00000089_bw010,12,6,0.5,0.1,1000,5,158,842,0.842,0.0,0.0
c12_s06_cov050_seed00000089_bw010,12,6,0.5,0.1,1000,6,0,1000,1.0,,0.0
c12_s11_cov050_seed00000000_bw010,12,11,0.5,0.1,200,1,73,127,0.635,1.0,0.365
c12_s11_cov050_seed00000000_bw010,12,11,0.5,0.1,200,2,14,186,0.93,1.0,0.07
c12_s11_cov050_seed00000000_bw010,12,11,0.5,0.1,200,3,9,191,0.955,1.0,0.045
c12_s11_cov050_seed00000000_bw010,12,11,0.5,0.1,200,4,18,182,0.91,1.0,0.09
c12_s11_cov050_seed00000000_bw010,12,11,0.5,0.1,200,5,37,163,0.815,0.0,0.0
c12_s11_cov050_seed00000000_bw010,12,11,0.5,0.1,200,6,0,200,1.0,,0.0
c12_s11_cov050_seed00000000_bw010,12,11,0.5,0.1,1000,1,377,623,0.623,1.0,0.377
c12_s11_cov050_seed00000000_bw010,12,11,0.5,0.1,1000,2,70,930,0.93,1.0,0.07
c12_s11_cov050_seed00000000_bw010,12,11,0.5,0.1,1000,3,52,948,0.948,1.0,0.052
c12_s11_cov050_seed00000000_bw010,12,11,0.5,0.1,1000,4,80,920,0.92,1.0,0.08
c12_s11_cov050_seed00000000_bw010,12,11,0.5,0.1,1000,5,179,821,0.821,0.0,0.0
c12_s11_cov050_seed00000000_bw010,12,11,0.5,0.1,1000,6,0,1000,1.0,,0.0
c12_s11_cov050_seed00000003_bw010,12,11,0.5,0.1,200,1,60,140,0.7,1.0,0.3
c12_s11_cov050_seed00000003_bw010,12,11,0.5,0.1,200,2,12,188,0.94,1.0,0.06
c12_s11_cov050_seed00000003_bw010,12,11,0.5,0.1,200,3,14,186,0.93,1.0,0.07
c12_s11_cov050_seed00000003_bw010,12,11,0.5,0.1,200,4,19,181,0.905,1.0,0.095
c12_s11_cov050_seed00000003_bw010,12,11,0.5,0.1,200,5,45,155,0.775,0.0,0.0
c12_s11_cov050_seed00000003_bw010,12,11,0.5,0.1,200,6,0,200,1.0,,0.0
c12_s11_cov050_seed00000003_bw010,12,11,0.5,0.1,1000,1,309,691,0.691,1.0,0.309
c12_s11_cov050_seed00000003_bw010,12,11,0.5,0.1,1000,2,65,935,0.935,1.0,0.065
c12_s11_cov050_seed00000003_bw010,12,11,0.5,0.1,1000,3,53,947,0.947,1.0,0.053
c12_s11_cov050_seed00000003_bw010,12,11,0.5,0.1,1000,4,69,931,0.931,1.0,0.069
c12_s11_cov050_seed00000003_bw010,12,11,0.5,0.1,1000,5,192,808,0.808,0.0,0.0
c12_s11_cov050_seed00000003_bw010,12,11,0.5,0.1,1000,6,0,1000,1.0,,0.0
c12_s11_cov050_seed00000004_bw010,12,11,0.5,0.1,200,1,70,130,0.65,1.0,0.35
c12_s11_cov050_seed00000004_bw010,12,11,0.5,0.1,200,2,11,189,0.945,1.0,0.055
c12_s11_cov050_seed00000004_bw010,12,11,0.5,0.1,200,3,9,191,0.955,1.0,0.045
c12_s11_cov050_seed00000004_bw010,12,11,0.5,0.1,200,4,12,188,0.94,1.0,0.06
c12_s11_cov050_seed00000004_bw010,12,11,0.5,0.1,200,5,30,170,0.85,0.0,0.0
c12_s11_cov050_seed00000004_bw010,12,11,0.5,0.1,200,6,0,200,1.0,,0.0
c12_s11_cov050_seed00000004_bw010,12,11,0.5,0.1,1000,1,342,658,0.658,1.0,0.342
c12_s11_cov050_seed00000004_bw010,12,11,0.5,0.1,1000,2,67,933,0.933,1.0,0.067
c12_s11_cov050_seed00000004_bw010,12,11,0.5,0.1,1000,3,47,953,0.953,1.0,0.047
c12_s11_cov050_seed00000004_bw010,12,11,0.5,0.1,1000,4,85,915,0.915,1.0,0.085
c12_s11_cov050_seed00000004_bw010,12,11,0.5,0.1,1000,5,150,850,0.85,0.0,0.0
c12_s11_cov050_seed00000004_bw010,12,11,0.5,0.1,1000,6,0,1000,1.0,,0.0
c12_s11_cov050_seed00000010_bw010,12,11,0.5,0.1,200,1,66,134,0.67,1.0,0.33
c12_s11_cov050_seed00000010_bw010,12,11,0.5,0.1,200,2,15,185,0.925,1.0,0.075
c12_s11_cov050_seed00000010_bw010,12,11,0.5,0.1,200,3,9,191,0.955,1.0,0.045
c12_s11_cov050_seed00000010_bw010,12,11,0.5,0.1,200,4,13,187,0.935,1.0,0.065
c12_s11_cov050_seed00000010_bw010,12,11,0.5,0.1,200,5,36,164,0.82,0.0,0.0
c12_s11_cov050_seed00000010_bw010,12,11,0.5,0.1,200,6,0,200,1.0,,0.0
c12_s11_cov050_seed00000010_bw010,12,11,0.5,0.1,1000,1,312,688,0.688,1.0,0.312
c12_s11_cov050_seed00000010_bw010,12,11,0.5,0.1,1000,2,67,933,0.933,1.0,0.067
c12_s11_cov050_seed00000010_bw010,12,11,0.5,0.1,1000,3,48,952,0.952,1.0,0.048
c12_s11_cov050_seed00000010_bw010,12,11,0.5,0.1,1000,4,74,926,0.926,1.0,0.074
c12_s11_cov050_seed00000010_bw010,12,11,0.5,0.1,1000,5,165,835,0.835,0.0,0.0
c12_s11_cov050_seed00000010_bw010,12,11,0.5,0.1,1000,6,0,1000,1.0,,0.0
c12_s11_cov050_seed00000011_bw010,12,11,0.5,0.1,200,1,74,126,0.63,1.0,0.37
c12_s11_cov050_seed00000011_bw010,12,11,0.5,0.1,200,2,13,187,0.935,1.0,0.065
c12_s11_cov050_seed00000011_bw010,12,11,0.5,0.1,200,3,12,188,0.94,1.0,0.06
c12_s11_cov050_seed00000011_bw010,12,11,0.5,0.1,200,4,11,189,0.945,1.0,0.055
c12_s11_cov050_seed00000011_bw010,12,11,0.5,0.1,200,5,38,162,0.81,0.0,0.0
c12_s11_cov050_seed00000011_bw010,12,11,0.5,0.1,200,6,0,200,1.0,,0.0
c12_s11_cov050_seed00000011_bw010,12,11,0.5,0.1,1000,1,334,666,0.666,1.0,0.334
c12_s11_cov050_seed00000011_bw010,12,11,0.5,0.1,1000,2,71,929,0.929,1.0,0.071
c12_s11_cov050_seed00000011_bw010,12,11,0.5,0.1,1000,3,50,950,0.95,1.0,0.05
c12_s11_cov050_seed00000011_bw010,12,11,0.5,0.1,1000,4,61,939,0.939,1.0,0.061
c12_s11_cov050_seed00000011_bw010,12,11,0.5,0.1,1000,5,168,832,0.832,0.0,0.0
c12_s11_cov050_seed00000011_bw010,12,11,0.5,0.1,1000,6,0,1000,1.0,,0.0
c12_s11_cov050_seed00000016_bw010,12,11,0.5,0.1,200,1,72,128,0.64,1.0,0.36
c12_s11_cov050_seed00000016_bw010,12,11,0.5,0.1,200,2,12,188,0.94,1.0,0.06
c12_s11_cov050_seed00000016_bw010,12,11,0.5,0.1,200,3,9,191,0.955,1.0,0.045
c12_s11_cov050_seed00000016_bw010,12,11,0.5,0.1,200,4,13,187,0.935,1.0,0.065
c12_s11_cov050_seed00000016_bw010,12,11,0.5,0.1,200,5,32,168,0.84,0.0,0.0
c12_s11_cov050_seed00000016_bw010,12,11,0.5,0.1,200,6,0,200,1.0,,0.0
c12_s11_cov050_seed00000016_bw010,12,11,0.5,0.1,1000,1,328,672,0.672,1.0,0.328
c12_s11_cov050_seed00000016_bw010,12,11,0.5,0.1,1000,2,64,936,0.936,1.0,0.064
c12_s11_cov050_seed00000016_bw010,12,11,0.5,0.1,1000,3,48,952,0.952,1.0,0.048
c12_s11_cov050_seed00000016_bw010,12,11,0.5,0.1,1000,4,64,936,0.936,1.0,0.064
c12_s11_cov050_seed00000016_bw010,12,11,0.5,0.1,1000,5,161,839,0.839,0.0,0.0
c12_s11_cov050_seed00000016_bw010,12,11,0.5,0.1,1000,6,0,1000,1.0,,0.0
c12_s11_cov050_seed00000020_bw010,12,11,0.5,0.1,200,1,62,138,0.69,1.0,0.31
c12_s11_cov050_seed00000020_bw010,12,11,0.5,0.1,200,2,14,186,0.93,1.0,0.07
c12_s11_cov050_seed00000020_bw010,12,11,0.5,0.1,200,3,11,189,0.945,1.0,0.055
c12_s11_cov050_seed00000020_bw010,12,11,0.5,0.1,200,4,6,194,0.97,1.0,0.03
c12_s11_cov050_seed00000020_bw010,12,11,0.5,0.1,200,5,41,159,0.795,0.0,0.0
c12_s11_cov050_seed00000020_bw010,12,11,0.5,0.1,200,6,0,200,1.0,,0.0
c12_s11_cov050_seed00000020_bw010,12,11,0.5,0.1,1000,1,337,663,0.663,1.0,0.337
c12_s11_cov050_seed00000020_bw010,12,11,0.5,0.1,1000,2,59,941,0.941,1.0,0.059
c12_s11_cov050_seed00000020_bw010,12,11,0.5,0.1,1000,3,56,944,0.944,1.0,0.056
c12_s11_cov050_seed00000020_bw010,12,11,0.5,0.1,1000,4,72,928,0.928,1.0,0.072
c12_s11_cov050_seed00000020_bw010,12,11,0.5,0.1,1000,5,166,834,0.834,0.0,0.0
c12_s11_cov050_seed00000020_bw010,12,11,0.5,0.1,1000,6,0,1000,1.0,,0.0
c12_s11_cov050_seed00000034_bw010,12,11,0.5,0.1,200,1,68,132,0.66,1.0,0.34
c12_s11_cov050_seed00000034_bw010,12,11,0.5,0.1,200,2,16,184,0.92,1.0,0.08
c12_s11_cov050_seed00000034_bw010,12,11,0.5,0.1,200,3,15,185,0.925,1.0,0.075
c12_s11_cov050_seed00000034_bw010,12,11,0.5,0.1,200,4,7,193,0.965,1.0,0.035
c12_s11_cov050_seed00000034_bw010,12,11,0.5,0.1,200,5,42,158,0.79,0.0,0.0
c12_s11_cov050_seed00000034_bw010,12,11,0.5,0.1,200,6,0,200,1.0,,0.0
c12_s11_cov050_seed00000034_bw010,12,11,0.5,0.1,1000,1,349,651,0.651,1.0,0.349
c12_s11_cov050_seed00000034_bw010,12,11,0.5,0.1,1000,2,73,927,0.927,1.0,0.073
c12_s11_cov050_seed00000034_bw010,12,11,0.5,0.1,1000,3,54,946,0.946,1.0,0.054
c12_s11_cov050_seed00000034_bw010,12,11,0.5,0.1,1000,4,56,944,0.944,1.0,0.056
c12_s11_cov050_seed00000034_bw010,12,11,0.5,0.1,1000,5,157,843,0.843,0.0,0.0
c12_s11_cov050_seed00000034_bw010,12,11,0.5,0.1,1000,6,0,1000,1.0,,0.0
c12_s11_cov050_seed00000035_bw010,12,11,0.5,0.1,200,1,71,129,0.645,1.0,0.355
c12_s11_cov050_seed00000035_bw010,12,11,0.5,0.1,200,2,19,181,0.905,1.0,0.095
c12_s11_cov050_seed00000035_bw010,12,11,0.5,0.1,200,3,15,185,0.925,1.0,0.075
c12_s11_cov050_seed00000035_bw010,12,11,0.5,0.1,200,4,9,191,0.955,1.0,0.045
c12_s11_cov050_seed00000035_bw010,12,11,0.5,0.1,200,5,33,167,0.835,0.0,0.0
c12_s11_cov050_seed00000035_bw010,12,11,0.5,0.1,200,6,0,200,1.0,,0.0
c12_s11_cov050_seed00000035_bw010,12,11,0.5,0.1,1000,1,342,658,0.658,1.0,0.342
c12_s11_cov050_seed00000035_bw010,12,11,0.5,0.1,1000,2,80,920,0.92,1.0,0.08
c12_s11_cov050_seed00000035_bw010,12,11,0.5,0.1,1000,3,57,943,0.943,1.0,0.057
c12_s11_cov050_seed00000035_bw010,12,11,0.5,0.1,1000,4,63,937,0.937,1.0,0.063
c12_s11_cov050_seed00000035_bw010,12,11,0.5,0.1,1000,5,168,832,0.832,0.0,0.0
c12_s11_cov050_seed00000035_bw010,12,11,0.5,0.1,1000,6,0,1000,1.0,,0.0
c12_s11_cov050_seed00000041_bw010,12,11,0.5,0.1,200,1,63,137,0.685,1.0,0.315
c12_s11_cov050_seed00000041_bw010,12,11,0.5,0.1,200,2,10,190,0.95,1.0,0.05
c12_s11_cov050_seed00000041_bw010,12,11,0.5,0.1,200,3,8,192,0.96,1.0,0.04
c12_s11_cov050_seed00000041_bw010,12,11,0.5,0.1,200,4,12,188,0.94,1.0,0.06
c12_s11_cov050_seed00000041_bw010,12,11,0.5,0.1,200,5,37,163,0.815,0.0,0.0
c12_s11_cov050_seed00000041_bw010,12,11,0.5,0.1,200,6,0,200,1.0,,0.0
c12_s11_cov050_seed00000041_bw010,12,11,0.5,0.1,1000,1,335,665,0.665,1.0,0.335
c12_s11_cov050_seed00000041_bw010,12,11,0.5,0.1,1000,2,71,929,0.929,1.0,0.071
c12_s11_cov050_seed00000041_bw010,12,11,0.5,0.1,1000,3,53,947,0.947,1.0,0.053
c12_s11_cov050_seed00000041_bw010,12,11,0.5,0.1,1000,4,73,927,0.927,1.0,0.073
c12_s11_cov050_seed00000041_bw010,12,11,0.5,0.1,1000,5,157,843,0.843,0.0,0.0
c12_s11_cov050_seed00000041_bw010,12,11,0.5,0.1,1000,6,0,1000,1.0,,0.0
c12_s11_cov050_seed00000042_bw010,12,11,0.5,0.1,200,1,63,137,0.685,1.0,0.315
c12_s11_cov050_seed00000042_bw010,12,11,0.5,0.1,200,2,10,190,0.95,1.0,0.05
c12_s11_cov050_seed00000042_bw010,12,11,0.5,0.1,200,3,12,188,0.94,1.0,0.06
c12_s11_cov050_seed00000042_bw010,12,11,0.5,0.1,200,4,10,190,0.95,1.0,0.05
c12_s11_cov050_seed00000042_bw010,12,11,0.5,0.1,200,5,23,177,0.885,0.0,0.0
c12_s11_cov050_seed00000042_bw010,12,11,0.5,0.1,200,6,0,200,1.0,,0.0
c12_s11_cov050_seed00000042_bw010,12,11,0.5,0.1,1000,1,320,680,0.68,1.0,0.32
c12_s11_cov050_seed00000042_bw010,12,11,0.5,0.1,1000,2,55,945,0.945,1.0,0.055
c12_s11_cov050_seed00000042_bw010,12,11,0.5,0.1,1000,3,62,938,0.938,1.0,0.062
c12_s11_cov050_seed00000042_bw010,12,11,0.5,0.1,1000,4,73,927,0.927,1.0,0.073
c12_s11_cov050_seed00000042_bw010,12,11,0.5,0.1,1000,5,171,829,0.829,0.0,0.0
c12_s11_cov050_seed00000042_bw010,12,11,0.5,0.1,1000,6,0,1000,1.0,,0.0
c12_s11_cov050_seed00000046_bw010,12,11,0.5,0.1,200,1,66,134,0.67,1.0,0.33
c12_s11_cov050_seed00000046_bw010,12,11,0.5,0.1,200,2,11,189,0.945,1.0,0.055
c12_s11_cov050_seed00000046_bw010,12,11,0.5,0.1,200,3,10,190,0.95,1.0,0.05
c12_s11_cov050_seed00000046_bw010,12,11,0.5,0.1,200,4,15,185,0.925,1.0,0.075
c12_s11_cov050_seed00000046_bw010,12,11,0.5,0.1,200,5,26,174,0.87,0.0,0.0
c12_s11_cov050_seed00000046_bw010,12,11,0.5,0.1,200,6,0,200,1.0,,0.0
c12_s11_cov050_seed00000046_bw010,12,11,0.5,0.1,1000,1,349,651,0.651,1.0,0.349
c12_s11_cov050_seed00000046_bw010,12,11,0.5,0.1,1000,2,66,934,0.934,1.0,0.066
c12_s11_cov050_seed00000046_bw010,12,11,0.5,0.1,1000,3,49,951,0.951,1.0,0.049
c12_s11_cov050_seed00000046_bw010,12,11,0.5,0.1,1000,4,79,921,0.921,1.0,0.079
c12_s11_cov050_seed00000046_bw010,12,11,0.5,0.1,1000,5,166,834,0.834,0.0,0.0
c12_s11_cov050_seed00000046_bw010,12,11,0.5,0.1,1000,6,0,1000,1.0,,0.0
c12_s11_cov050_seed00000049_bw010,12,11,0.5,0.1,200,1,70,130,0.65,1.0,0.35
c12_s11_cov050_seed00000049_bw010,12,11,0.5,0.1,200,2,16,184,0.92,1.0,0.08
c12_s11_cov050_seed00000049_bw010,12,11,0.5,0.1,200,3,14,186,0.93,1.0,0.07
c12_s11_cov050_seed00000049_bw010,12,11,0.5,0.1,200,4,7,193,0.965,1.0,0.035
c12_s11_cov050_seed00000049_bw010,12,11,0.5,0.1,200,5,35,165,0.825,0.0,0.0
c12_s11_cov050_seed00000049_bw010,12,11,0.5,0.1,200,6,0,200,1.0,,0.0
c12_s11_cov050_seed00000049_bw010,12,11,0.5,0.1,1000,1,335,665,0.665,1.0,0.335
c12_s11_cov050_seed00000049_bw010,12,11,0.5,0.1,1000,2,62,938,0.938,1.0,0.062
c12_s11_cov050_seed00000049_bw010,12,11,0.5,0.1,1000,3,52,948,0.948,1.0,0.052
c12_s11_cov050_seed00000049_bw010,12,11,0.5,0.1,1000,4,49,951,0.951,1.0,0.049
c12_s11_cov050_seed00000049_bw010,12,11,0.5,0.1,1000,5,177,823,0.823,0.0,0.0
c12_s11_cov050_seed00000049_bw010,12,11,0.5,0.1,1000,6,0,1000,1.0,,0.0
c12_s11_cov050_seed00000054_bw010,12,11,0.5,0.1,200,1,73,127,0.635,1.0,0.365
c12_s11_cov050_seed00000054_bw010,12,11,0.5,0.1,200,2,15,185,0.925,1.0,0.075
c12_s11_cov050_seed00000054_bw010,12,11,0.5,0.1,200,3,7,193,0.965,1.0,0.035
c12_s11_cov050_seed00000054_bw010,12,11,0.5,0.1,200,4,11,189,0.945,1.0,0.055
c12_s11_cov050_seed00000054_bw010,12,11,0.5,0.1,200,5,46,154,0.77,0.0,0.0
c12_s11_cov050_seed00000054_bw010,12,11,0.5,0.1,200,6,0,200,1.0,,0.0
c12_s11_cov050_seed00000054_bw010,12,11,0.5,0.1,1000,1,332,668,0.668,1.0,0.332
c12_s11_cov050_seed00000054_bw010,12,11,0.5,0.1,1000,2,82,918,0.918,1.0,0.082
c12_s11_cov050_seed00000054_bw010,12,11,0.5,0.1,1000,3,38,962,0.962,1.0,0.038
c12_s11_cov050_seed00000054_bw010,12,11,0.5,0.1,1000,4,65,935,0.935,1.0,0.065
c12_s11_cov050_seed00000054_bw010,12,11,0.5,0.1,1000,5,178,822,0.822,0.0,0.0
c12_s11_cov050_seed00000054_bw010,12,11,0.5,0.1,1000,6,0,1000,1.0,,0.0
c12_s11_cov050_seed00000060_bw010,12,11,0.5,0.1,200,1,65,135,0.675,1.0,0.325
c12_s11_cov050_seed00000060_bw010,12,11,0.5,0.1,200,2,12,188,0.94,1.0,0.06
c12_s11_cov050_seed00000060_bw010,12,11,0.5,0.1,200,3,10,190,0.95,1.0,0.05
c12_s11_cov050_seed00000060_bw010,12,11,0.5,0.1,200,4,17,183,0.915,1.0,0.085
c12_s11_cov050_seed00000060_bw010,12,11,0.5,0.1,200,5,29,171,0.855,0.0,0.0
c12_s11_cov050_seed00000060_bw010,12,11,0.5,0.1,200,6,0,200,1.0,,0.0
c12_s11_cov050_seed00000060_bw010,12,11,0.5,0.1,1000,1,324,676,0.676,1.0,0.324
c12_s11_cov050_seed00000060_bw010,12,11,0.5,0.1,1000,2,68,932,0.932,1.0,0.068
c12_s11_cov050_seed00000060_bw010,12,11,0.5,0.1,1000,3,52,948,0.948,1.0,0.052
c12_s11_cov050_seed00000060_bw010,12,11,0.5,0.1,1000,4,70,930,0.93,1.0,0.07
c12_s11_cov050_seed00000060_bw010,12,11,0.5,0.1,1000,5,158,842,0.842,0.0,0.0
c12_s11_cov050_seed00000060_bw010,12,11,0.5,0.1,1000,6,0,1000,1.0,,0.0
c12_s11_cov050_seed00000078_bw010,12,11,0.5,0.1,200,1,68,132,0.66,1.0,0.34
c12_s11_cov050_seed00000078_bw010,12,11,0.5,0.1,200,2,19,181,0.905,1.0,0.095
c12_s11_cov050_seed00000078_bw010,12,11,0.5,0.1,200,3,8,192,0.96,1.0,0.04
c12_s11_cov050_seed00000078_bw010,12,11,0.5,0.1,200,4,12,188,0.94,1.0,0.06
c12_s11_cov050_seed00000078_bw010,12,11,0.5,0.1,200,5,33,167,0.835,0.0,0.0
c12_s11_cov050_seed00000078_bw010,12,11,0.5,0.1,200,6,0,200,1.0,,0.0
c12_s11_cov050_seed00000078_bw010,12,11,0.5,0.1,1000,1,315,685,0.685,1.0,0.315
c12_s11_cov050_seed00000078_bw010,12,11,0.5,0.1,1000,2,79,921,0.921,1.0,0.079
c12_s11_cov050_seed00000078_bw010,12,11,0.5,0.1,1000,3,41,959,0.959,1.0,0.041
c12_s11_cov050_seed00000078_bw010,12,11,0.5,0.1,1000,4,86,914,0.914,1.0,0.086
c12_s11_cov050_seed00000078_bw010,12,11,0.5,0.1,1000,5,152,848,0.848,0.0,0.0
c12_s11_cov050_seed00000078_bw010,12,11,0.5,0.1,1000,6,0,1000,1.0,,0.0
c12_s11_cov050_seed00000082_bw010,12,11,0.5,0.1,200,1,66,134,0.67,1.0,0.33
c12_s11_cov050_seed00000082_bw010,12,11,0.5,0.1,200,2,15,185,0.925,1.0,0.075
c12_s11_cov050_seed00000082_bw010,12,11,0.5,0.1,200,3,7,193,0.965,1.0,0.035
c12_s11_cov050_seed00000082_bw010,12,11,0.5,0.1,200,4,18,182,0.91,1.0,0.09
c12_s11_cov050_seed00000082_bw010,12,11,0.5,0.1,200,5,37,163,0.815,0.0,0.0
c12_s11_cov050_seed00000082_bw010,12,11,0.5,0.1,200,6,0,200,1.0,,0.0
c12_s11_cov050_seed00000082_bw010,12,11,0.5,0.1,1000,1,325,675,0.675,1.0,0.325
c12_s11_cov050_seed00000082_bw010,12,11,0.5,0.1,1000,2,68,932,0.932,1.0,0.068
c12_s11_cov050_seed00000082_bw010,12,11,0.5,0.1,1000,3,45,955,0.955,1.0,0.045
c12_s11_cov050_seed00000082_bw010,12,11,0.5,0.1,1000,4,66,934,0.934,1.0,0.066
c12_s11_cov050_seed00000082_bw010,12,11,0.5,0.1,1000,5,155,845,0.845,0.0,0.0
c12_s11_cov050_seed00000082_bw010,12,11,0.5,0.1,1000,6,0,1000,1.0,,0.0
c12_s11_cov050_seed00000086_bw010,12,11,0.5,0.1,200,1,71,129,0.645,1.0,0.355
c12_s11_cov050_seed00000086_bw010,12,11,0.5,0.1,200,2,12,188,0.94,1.0,0.06
c12_s11_cov050_seed00000086_bw010,12,11,0.5,0.1,200,3,9,191,0.955,1.0,0.045
c12_s11_cov050_seed00000086_bw010,12,11,0.5,0.1,200,4,11,189,0.945,1.0,0.055
c12_s11_cov050_seed00000086_bw010,12,11,0.5,0.1,200,5,35,165,0.825,0.0,0.0
c12_s11_cov050_seed00000086_bw010,12,11,0.5,0.1,200,6,0,200,1.0,,0.0
c12_s11_cov050_seed00000086_bw010,12,11,0.5,0.1,1000,1,310,690,0.69,1.0,0.31
c12_s11_cov050_seed00000086_bw010,12,11,0.5,0.1,1000,2,63,937,0.937,1.0,0.063
c12_s11_cov050_seed00000086_bw010,12,11,0.5,0.1,1000,3,57,943,0.943,1.0,0.057
c12_s11_cov050_seed00000086_bw010,12,11,0.5,0.1,1000,4,73,927,0.927,1.0,0.073
c12_s11_cov050_seed00000086_bw010,12,11,0.5,0.1,1000,5,153,847,0.847,0.0,0.0
c12_s11_cov050_seed00000086_bw010,12,11,0.5,0.1,1000,6,0,1000,1.0,,0.0
c12_s11_cov050_seed00000088_bw010,12,11,0.5,0.1,200,1,72,128,0.64,1.0,0.36
c12_s11_cov050_seed00000088_bw010,12,11,0.5,0.1,200,2,14,186,0.93,1.0,0.07
c12_s11_cov050_seed00000088_bw010,12,11,0.5,0.1,200,3,15,185,0.925,1.0,0.075
c12_s11_cov050_seed00000088_bw010,12,11,0.5,0.1,200,4,8,192,0.96,1.0,0.04
c12_s11_cov050_seed00000088_bw010,12,11,0.5,0.1,200,5,31,169,0.845,0.0,0.0
c12_s11_cov050_seed00000088_bw010,12,11,0.5,0.1,200,6,0,200,1.0,,0.0
c12_s11_cov050_seed00000088_bw010,12,11,0.5,0.1,1000,1,341,659,0.659,1.0,0.341
c12_s11_cov050_seed00000088_bw010,12,11,0.5,0.1,1000,2,64,936,0.936,1.0,0.064
c12_s11_cov050_seed00000088_bw010,12,11,0.5,0.1,1000,3,57,943,0.943,1.0,0.057
c12_s11_cov050_seed00000088_bw010,12,11,0.5,0.1,1000,4,59,941,0.941,1.0,0.059
c12_s11_cov050_seed00000088_bw010,12,11,0.5,0.1,1000,5,183,817,0.817,0.0,0.0
c12_s11_cov050_seed00000088_bw010,12,11,0.5,0.1,1000,6,0,1000,1.0,,0.0
c12_s11_cov050_seed00000092_bw010,12,11,0.5,0.1,200,1,66,134,0.67,1.0,0.33
c12_s11_cov050_seed00000092_bw010,12,11,0.5,0.1,200,2,9,191,0.955,1.0,0.045
c12_s11_cov050_seed00000092_bw010,12,11,0.5,0.1,200,3,8,192,0.96,1.0,0.04
c12_s11_cov050_seed00000092_bw010,12,11,0.5,0.1,200,4,14,186,0.93,1.0,0.07
c12_s11_cov050_seed00000092_bw010,12,11,0.5,0.1,200,5,32,168,0.84,0.0,0.0
c12_s11_cov050_seed00000092_bw010,12,11,0.5,0.1,200,6,0,200,1.0,,0.0
c12_s11_cov050_seed00000092_bw010,12,11,0.5,0.1,1000,1,343,657,0.657,1.0,0.343
c12_s11_cov050_seed00000092_bw010,12,11,0.5,0.1,1000,2,58,942,0.942,1.0,0.058
c12_s11_cov050_seed00000092_bw010,12,11,0.5,0.1,1000,3,41,959,0.959,1.0,0.041
c12_s11_cov050_seed00000092_bw010,12,11,0.5,0.1,1000,4,85,915,0.915,1.0,0.085
c12_s11_cov050_seed00000092_bw010,12,11,0.5,0.1,1000,5,154,846,0.846,0.0,0.0
c12_s11_cov050_seed00000092_bw010,12,11,0.5,0.1,1000,6,0,1000,1.0,,0.0
